step,train_step_loss,train_acc,train_loss,val_acc,val_loss,avg_intra_expert_coherence,expert_diversity_e0,expert_diversity_e1,expert_diversity_e2,expert_diversity_e3,expert_diversity_mean,expert_purity_e0,expert_purity_e1,expert_purity_e2,expert_purity_e3,expert_purity_mean,inter_expert_similarity,inter_expert_similarity_e0_e0,inter_expert_similarity_e0_e1,inter_expert_similarity_e0_e2,inter_expert_similarity_e0_e3,inter_expert_similarity_e1_e0,inter_expert_similarity_e1_e1,inter_expert_similarity_e1_e2,inter_expert_similarity_e1_e3,inter_expert_similarity_e2_e0,inter_expert_similarity_e2_e1,inter_expert_similarity_e2_e2,inter_expert_similarity_e2_e3,inter_expert_similarity_e3_e0,inter_expert_similarity_e3_e1,inter_expert_similarity_e3_e2,inter_expert_similarity_e3_e3,intra_expert_coherence_e0,intra_expert_coherence_e1,intra_expert_coherence_e2,intra_expert_coherence_e3,load_cv,load_max_min_ratio,overall_task_conflict_cos,router_entropy,router_load_e0,router_load_e1,router_load_e2,router_load_e3,task_acc__glue_rte,task_conflict_t0_t0,task_grad_norm_cv,task_loss__glue_rte,utilization_ratio
50.0,0.6196423470973969,0.5016064257028112,0.6946645218210343,0.5270758122743683,0.6846135821607378,1.0,0.0,0.0,0.0,0.0,0.0,1.0,1.0,1.0,1.0,1.0,-0.06541846258360143,1.0,0.0,0.0,-0.39251077550160857,0.0,1.0,0.0,0.0,0.0,0.0,1.0,0.0,-0.39251077550160857,0.0,0.0,1.0,1.0,1.0,1.0,1.0,1.0010387897491455,516119360923.7671,1.0,0.6923260740424751,0.5161193609237671,0.0,0.0,0.4838806092739105,0.5270758122743683,1.0,0.0,0.6846135821607378,0.5
100.0,0.6626209020614624,0.6497991967871486,0.646013200474091,0.6101083032490975,0.6639765600363413,1.0,0.0,0.0,0.0,0.0,0.0,1.0,1.0,1.0,1.0,1.0,-0.08254475441573851,1.0,0.0,0.0,-0.4952685264944311,0.0,1.0,0.0,0.0,0.0,0.0,1.0,0.0,-0.4952685264944311,0.0,0.0,1.0,1.0,1.0,1.0,1.0,1.0015336275100708,519588530063.62915,1.0,0.6918174196236401,0.5195885300636292,0.0,0.0,0.48041146993637085,0.6101083032490975,1.0,0.0,0.6639765600363413,0.5
150.0,0.6100964546203613,0.7004016064257028,0.6098984089226295,0.6534296028880866,0.6324077811506059,1.0,0.0,0.0,0.0,0.0,0.0,1.0,1.0,1.0,1.0,1.0,-0.0733167547832877,1.0,0.0,0.0,-0.4399005286997262,0.0,1.0,0.0,0.0,0.0,0.0,1.0,0.0,-0.4399005286997262,0.0,0.0,1.0,1.0,1.0,1.0,1.0,1.0023605823516846,524307191371.9177,1.0,0.6914659923594781,0.5243071913719177,0.0,0.0,0.4756928086280823,0.6534296028880866,1.0,0.0,0.6324077811506059,0.5
