step,train_step_loss,train_acc,train_loss,val_acc,val_loss,alignment_reward,l_conflict,l_conflict_e0,l_conflict_e1,l_conflict_e2,l_conflict_e3,router_conflict_grad_l2,router_entropy,router_load_e0,router_load_e1,router_load_e2,router_load_e3
30.0,0.6660139262676239,0.625745881252294,0.6672132220719961,0.6160076283075439,0.670433815262513,0.03641383722424507,-0.03641383722424507,-0.0,-0.005404730327427387,-0.0038229406345635653,-0.027186164632439613,0.0,0.6693320264694868,0.0,0.6086853742599487,0.39131471514701843,0.0
50.0,0.6423368056615195,0.625745881252294,0.6604101242752324,0.6160076283075439,0.6657136183182389,0.05977339670062065,-0.05977339670062065,-0.0,-0.034003909677267075,-0.025769487023353577,-0.0,0.0,0.6824730282856358,0.0,0.5728917121887207,0.4271083176136017,0.0
