step,train_step_loss,train_acc,train_loss,val_acc,val_loss,alignment_reward,l_conflict,l_conflict_e0,l_conflict_e1,l_conflict_e2,l_conflict_e3,router_conflict_grad_l2,router_entropy,router_load_e0,router_load_e1,router_load_e2,router_load_e3
30.0,0.6820773482322693,0.625745881252294,0.6641604983213383,0.6160076283075439,0.6680942068658139,0.03337281197309494,-0.03337281197309494,-0.012352466583251953,-0.021020347252488136,-0.0,-0.0,0.0,0.6696413541557612,0.3920157253742218,0.6079850196838379,0.0,0.0
50.0,0.6356679946184158,0.625745881252294,0.6611731834948642,0.6160076283075439,0.666991786460377,0.017591429874300957,-0.017591429874300957,-0.008903184905648232,-0.008688244968652725,-0.0,-0.0,0.0,0.6930450377640901,0.5071461200714111,0.4928538501262665,0.0,0.0
