step,train_step_loss,train_acc,train_loss,val_acc,val_loss,router_entropy,router_load_e0,router_load_e1,router_load_e2,router_load_e3
10.0,0.7777635455131531,0.624959986407505,0.6508812999746914,0.6186393499565407,0.6597411022427591,1.2315421839141183,0.15094490349292755,0.43786680698394775,0.242613285779953,0.1685750037431717
20.0,0.5793542961279552,0.6475252015665558,0.6257064027341527,0.6315846459082103,0.6346414409856193,1.231066806172883,0.16189387440681458,0.42095181345939636,0.24509750306606293,0.17205677926540375
30.0,0.6248961711923282,0.6440701488524999,0.6300358719454126,0.6280855641750316,0.6450049694302039,1.2255036353513047,0.17598937451839447,0.39268186688423157,0.25717881321907043,0.17414996027946472
40.0,0.6798345719774564,0.6623195686754751,0.6004608866899134,0.6552070827927355,0.6079869338763988,1.2271070381695475,0.17552778124809265,0.41090965270996094,0.23613236844539642,0.17742978036403656
50.0,0.9502572119235992,0.6610773071271049,0.6147179900054901,0.6600645362369663,0.6279321406269984,1.2197074078161407,0.1895596832036972,0.38020917773246765,0.24380378425121307,0.18642723560333252
