step,train_step_loss,train_acc,train_loss,val_acc,val_loss,router_entropy,router_load_e0,router_load_e1,router_load_e2,router_load_e3
10.0,0.37947939833005273,0.6260955934284238,0.6553973588691971,0.6160076283075439,0.6597929901810136,1.2369435329542116,0.17478367686271667,0.09857963025569916,0.4244984984397888,0.30213814973831177
20.0,0.5189506858587266,0.6246206154111625,0.6439400513741315,0.6366646841260996,0.6432716445422894,1.2510824571191161,0.1861867755651474,0.10568903386592865,0.406818151473999,0.30130594968795776
30.0,0.7259517262379329,0.6342752285065867,0.6239120984405077,0.6466080350682661,0.6244539466569753,1.2491323184911851,0.18710756301879883,0.10893725603818893,0.40333572030067444,0.30061963200569153
40.0,0.6440475781758628,0.6552353169548096,0.6068987669541134,0.6664393565759436,0.6067346058334372,1.232094515459957,0.1790159046649933,0.1059279814362526,0.41249942779541016,0.3025566041469574
50.0,0.5967789813876153,0.6721193312759598,0.5861587772802462,0.6639719577571698,0.5911994491920374,1.2140793856233358,0.17579521238803864,0.09547238796949387,0.43461400270462036,0.2941185235977173
