{
  "best_val_acc": 0.659150270806196,
  "final_val_acc": 0.6463412087712834,
  "method": "ours",
  "num_eval_points": 5
}