{
  "best_val_acc": 0.6600645362369663,
  "final_val_acc": 0.6600645362369663,
  "method": "ours",
  "num_eval_points": 5
}