{
  "best_val_acc": 0.6664393565759436,
  "final_val_acc": 0.6639719577571698,
  "method": "ours",
  "num_eval_points": 5
}