step,train_step_loss,train_acc,train_loss,val_acc,val_loss,avg_intra_expert_coherence,expert_diversity_e0,expert_diversity_e1,expert_diversity_e2,expert_diversity_e3,expert_diversity_mean,expert_purity_e0,expert_purity_e1,expert_purity_e2,expert_purity_e3,expert_purity_mean,inter_expert_similarity,inter_expert_similarity_e0_e0,inter_expert_similarity_e0_e1,inter_expert_similarity_e0_e2,inter_expert_similarity_e0_e3,inter_expert_similarity_e1_e0,inter_expert_similarity_e1_e1,inter_expert_similarity_e1_e2,inter_expert_similarity_e1_e3,inter_expert_similarity_e2_e0,inter_expert_similarity_e2_e1,inter_expert_similarity_e2_e2,inter_expert_similarity_e2_e3,inter_expert_similarity_e3_e0,inter_expert_similarity_e3_e1,inter_expert_similarity_e3_e2,inter_expert_similarity_e3_e3,intra_expert_coherence_e0,intra_expert_coherence_e1,intra_expert_coherence_e2,intra_expert_coherence_e3,load_cv,load_max_min_ratio,overall_task_conflict_cos,router_entropy,router_load_e0,router_load_e1,router_load_e2,router_load_e3,task_acc__glue_rte,task_conflict_t0_t0,task_grad_norm_cv,task_loss__glue_rte,utilization_ratio
50.0,0.6702359914779663,0.5100401606425703,0.6904193485394503,0.5342960288808665,0.6868697487645679,1.0,0.0,0.0,0.0,0.0,0.0,1.0,1.0,1.0,1.0,1.0,0.08764003477735466,1.0,0.0,0.0,0.525840208664128,0.0,1.0,0.0,0.0,0.0,0.0,1.0,0.0,0.525840208664128,0.0,0.0,1.0,1.0,1.0,1.0,1.0,1.0281827449798584,584527969360.3516,1.0,0.6781651001114277,0.5845279693603516,0.0,0.0,0.41547203063964844,0.5342960288808665,1.0,0.0,0.6868697487645679,0.5
100.0,0.6923628449440002,0.6100401606425703,0.6769447050797633,0.5812274368231047,0.6803484641843371,1.0,0.0,0.0,0.0,0.0,0.0,1.0,1.0,1.0,1.0,1.0,0.08553225156355536,1.0,0.0,0.0,0.5131935093813321,0.0,1.0,0.0,0.0,0.0,0.0,1.0,0.0,0.5131935093813321,0.0,0.0,1.0,1.0,1.0,1.0,1.0,1.026820182800293,582431495189.6667,1.0,0.6786219204375891,0.5824314951896667,0.0,0.0,0.417568564414978,0.5812274368231047,1.0,0.0,0.6803484641843371,0.5
150.0,0.6788199543952942,0.6389558232931727,0.6610371398620116,0.5848375451263538,0.6743158648411433,1.0,0.0,0.0,0.0,0.0,0.0,1.0,1.0,1.0,1.0,1.0,0.08170264322231532,1.0,0.0,0.0,0.49021585933389195,0.0,1.0,0.0,0.0,0.0,0.0,1.0,0.0,0.49021585933389195,0.0,0.0,1.0,1.0,1.0,1.0,1.0,1.027889609336853,584081113338.4705,1.0,0.6780955214793071,0.5840811133384705,0.0,0.0,0.41591885685920715,0.5848375451263538,1.0,0.0,0.6743158648411433,0.5
