step,train_step_loss,train_acc,train_loss,val_acc,val_loss,avg_intra_expert_coherence,expert_diversity_e0,expert_diversity_e1,expert_diversity_e2,expert_diversity_e3,expert_diversity_mean,expert_purity_e0,expert_purity_e1,expert_purity_e2,expert_purity_e3,expert_purity_mean,inter_expert_similarity,inter_expert_similarity_e0_e0,inter_expert_similarity_e0_e1,inter_expert_similarity_e0_e2,inter_expert_similarity_e0_e3,inter_expert_similarity_e1_e0,inter_expert_similarity_e1_e1,inter_expert_similarity_e1_e2,inter_expert_similarity_e1_e3,inter_expert_similarity_e2_e0,inter_expert_similarity_e2_e1,inter_expert_similarity_e2_e2,inter_expert_similarity_e2_e3,inter_expert_similarity_e3_e0,inter_expert_similarity_e3_e1,inter_expert_similarity_e3_e2,inter_expert_similarity_e3_e3,intra_expert_coherence_e0,intra_expert_coherence_e1,intra_expert_coherence_e2,intra_expert_coherence_e3,load_cv,load_max_min_ratio,overall_task_conflict_cos,router_entropy,router_load_e0,router_load_e1,router_load_e2,router_load_e3,task_acc__glue_sst2,task_conflict_t0_t0,task_grad_norm_cv,task_loss__glue_sst2,utilization_ratio
50.0,0.5070759654045105,0.8743559666810198,0.34331957204333746,0.8830275229357798,0.32339269722049885,1.0,0.0,0.0,0.0,0.0,0.0,1.0,1.0,1.0,1.0,1.0,-0.00822142779441099,1.0,0.0,-0.04932856676646594,0.0,0.0,1.0,0.0,0.0,-0.04932856676646594,0.0,1.0,0.0,0.0,0.0,0.0,1.0,1.0,1.0,1.0,1.0,1.000374674797058,509678840637.20703,1.0,0.6879400780441565,0.4903211295604706,0.0,0.509678840637207,0.0,0.8830275229357798,1.0,0.0,0.32339269722049885,0.5
100.0,0.362191841006279,0.89168361816805,0.28685917182097703,0.9002293577981652,0.27343621089715847,1.0,0.0,0.0,0.0,0.0,0.0,1.0,1.0,1.0,1.0,1.0,0.006872901559730677,1.0,0.0,0.04123740935838406,0.0,0.0,1.0,0.0,0.0,0.04123740935838406,0.0,1.0,0.0,0.0,0.0,0.0,1.0,1.0,1.0,1.0,1.0,1.0047067403793335,534343183040.6189,1.0,0.6868783968304275,0.5343431830406189,0.0,0.4656568467617035,0.0,0.9002293577981652,1.0,0.0,0.27343621089715847,0.5
150.0,0.1310606226325035,0.8947423124322559,0.2781054214277966,0.9185779816513762,0.2455517503263598,1.0,0.0,0.0,0.0,0.0,0.0,1.0,1.0,1.0,1.0,1.0,-0.03873975648283298,1.0,0.0,-0.2324385388969979,0.0,0.0,1.0,0.0,0.0,-0.2324385388969979,0.0,1.0,0.0,0.0,0.0,0.0,1.0,1.0,1.0,1.0,1.0,1.001522719950838,532255232334.13696,1.0,0.6869786255950228,0.532255232334137,0.0014140898128971457,0.4663306474685669,0.0,0.9185779816513762,1.0,0.0,0.2455517503263598,0.5
