step,train_step_loss,train_acc,train_loss,val_acc,val_loss,avg_intra_expert_coherence,expert_diversity_e0,expert_diversity_e1,expert_diversity_e2,expert_diversity_e3,expert_diversity_mean,expert_purity_e0,expert_purity_e1,expert_purity_e2,expert_purity_e3,expert_purity_mean,inter_expert_similarity,inter_expert_similarity_e0_e0,inter_expert_similarity_e0_e1,inter_expert_similarity_e0_e2,inter_expert_similarity_e0_e3,inter_expert_similarity_e1_e0,inter_expert_similarity_e1_e1,inter_expert_similarity_e1_e2,inter_expert_similarity_e1_e3,inter_expert_similarity_e2_e0,inter_expert_similarity_e2_e1,inter_expert_similarity_e2_e2,inter_expert_similarity_e2_e3,inter_expert_similarity_e3_e0,inter_expert_similarity_e3_e1,inter_expert_similarity_e3_e2,inter_expert_similarity_e3_e3,intra_expert_coherence_e0,intra_expert_coherence_e1,intra_expert_coherence_e2,intra_expert_coherence_e3,load_cv,load_max_min_ratio,overall_task_conflict_cos,router_entropy,router_load_e0,router_load_e1,router_load_e2,router_load_e3,task_acc__glue_rte,task_conflict_t0_t0,task_grad_norm_cv,task_loss__glue_rte,utilization_ratio
50.0,0.6136745810508728,0.5028112449799197,0.6894131716627341,0.5270758122743683,0.6795426805814108,1.0,0.0,0.0,0.0,0.0,0.0,1.0,1.0,1.0,1.0,1.0,-0.0646964206969274,1.0,0.0,0.0,0.0,0.0,1.0,-0.38817852418156434,0.0,0.0,-0.38817852418156434,1.0,0.0,0.0,0.0,0.0,1.0,1.0,1.0,1.0,1.0,1.0259263515472412,581028461456.2988,1.0,0.6796265784583797,0.0,0.5810284614562988,0.41897156834602356,0.0,0.5270758122743683,1.0,0.0,0.6795426805814108,0.5
100.0,0.668035089969635,0.6088353413654618,0.6506499790992493,0.5631768953068592,0.670199626021915,1.0,0.0,0.0,0.0,0.0,0.0,1.0,1.0,1.0,1.0,1.0,-0.07037168986854964,1.0,0.0,0.0,0.0,0.0,1.0,-0.4222301392112978,0.0,0.0,-0.4222301392112978,1.0,0.0,0.0,0.0,0.0,1.0,1.0,1.0,1.0,1.0,1.0253713130950928,583858668804.1687,1.0,0.6781653832872853,0.001468599308282137,0.5838586688041687,0.41467276215553284,0.0,0.5631768953068592,1.0,0.0,0.670199626021915,0.5
150.0,0.641237884759903,0.6931726907630522,0.6173876542311448,0.6787003610108303,0.6296269728077782,1.0,0.0,0.0,0.0,0.0,0.0,1.0,1.0,1.0,1.0,1.0,-0.04731572292131408,1.0,0.0,0.0,0.0,0.0,1.0,-0.28389433752788445,0.0,0.0,-0.28389433752788445,1.0,0.0,0.0,0.0,0.0,1.0,1.0,1.0,1.0,1.0,1.0032037492747605,564238429069.519,1.0,0.6837266378023995,0.0,0.564238429069519,0.42799434065818787,0.007767265196889639,0.6787003610108303,1.0,0.0,0.6296269728077782,0.5
