step,train_step_loss,train_acc,train_loss,val_acc,val_loss,avg_intra_expert_coherence,expert_diversity_e0,expert_diversity_e1,expert_diversity_e2,expert_diversity_e3,expert_diversity_mean,expert_purity_e0,expert_purity_e1,expert_purity_e2,expert_purity_e3,expert_purity_mean,inter_expert_similarity,inter_expert_similarity_e0_e0,inter_expert_similarity_e0_e1,inter_expert_similarity_e0_e2,inter_expert_similarity_e0_e3,inter_expert_similarity_e1_e0,inter_expert_similarity_e1_e1,inter_expert_similarity_e1_e2,inter_expert_similarity_e1_e3,inter_expert_similarity_e2_e0,inter_expert_similarity_e2_e1,inter_expert_similarity_e2_e2,inter_expert_similarity_e2_e3,inter_expert_similarity_e3_e0,inter_expert_similarity_e3_e1,inter_expert_similarity_e3_e2,inter_expert_similarity_e3_e3,intra_expert_coherence_e0,intra_expert_coherence_e1,intra_expert_coherence_e2,intra_expert_coherence_e3,load_cv,load_max_min_ratio,overall_task_conflict_cos,router_entropy,router_load_e0,router_load_e1,router_load_e2,router_load_e3,task_acc__glue_mrpc,task_conflict_t0_t0,task_grad_norm_cv,task_loss__glue_mrpc,utilization_ratio
50.0,0.5379521399736404,0.7101962922573609,0.5267103553466175,0.7156862745098039,0.5181599600383868,1.0,0.0,0.0,0.0,0.0,0.0,1.0,1.0,1.0,1.0,1.0,0.010552182067769688,1.0,0.06331309240661813,0.0,0.0,0.06331309240661813,1.0,0.0,0.0,0.0,0.0,1.0,0.0,0.0,0.0,0.0,1.0,1.0,1.0,1.0,1.0,1.0022735001011789,523854076862.3352,1.0,0.6880973589186575,0.47614586353302,0.5238540768623352,0.0,0.0,0.7156862745098039,1.0,0.0,0.5181599600383868,0.5
100.0,0.5009005665779114,0.8432388222464559,0.389593314881558,0.8455882352941176,0.39671668152396494,1.0,0.0,0.0,0.0,0.0,0.0,1.0,1.0,1.0,1.0,1.0,0.010346405935555532,1.0,0.06207843561333319,0.0,0.0,0.06207843561333319,1.0,0.0,0.0,0.0,0.0,1.0,0.0,0.0,0.0,0.0,1.0,1.0,1.0,1.0,1.0,1.0125272288950955,556137442588.8062,1.0,0.6837428364099241,0.4438624680042267,0.5561374425888062,0.0,0.0,0.8455882352941176,1.0,0.0,0.39671668152396494,0.5
150.0,0.6340506672859192,0.861504907306434,0.35671996170168985,0.8480392156862745,0.3782456058722276,1.0,0.0,0.0,0.0,0.0,0.0,1.0,1.0,1.0,1.0,1.0,0.016271453730523702,1.0,0.09762872238314221,0.0,0.0,0.09762872238314221,1.0,0.0,0.0,0.0,0.0,1.0,0.0,0.0,0.0,0.0,1.0,1.0,1.0,1.0,1.0,1.01581084539761,563118636608.1238,1.0,0.6795678793215284,0.4368814527988434,0.5631186366081238,0.0,0.0,0.8480392156862745,1.0,0.0,0.3782456058722276,0.5
