step,train_step_loss,train_acc,train_loss,val_acc,val_loss,router_entropy,router_load_e0,router_load_e1,router_load_e2,router_load_e3
10.0,0.8081116229295731,0.6347048905470601,0.6367338214391166,0.6157987981372376,0.6408979428100171,1.3435780882007546,0.3310900032520294,0.1933017522096634,0.23356539011001587,0.2420428991317749
20.0,0.5536798983812333,0.6400957031889143,0.6185484912806847,0.623408586170882,0.6220819777699865,1.3417649796163593,0.3377422094345093,0.19041669368743896,0.23219510912895203,0.2396460920572281
30.0,0.694356456398964,0.6365760939578808,0.6171041526888663,0.6268379532172911,0.6237950643820166,1.3478834469009329,0.3248075544834137,0.19291503727436066,0.23737195134162903,0.244905486702919
40.0,0.6390349939465523,0.6497123062722729,0.6004123732530383,0.6507624512585383,0.602881519240276,1.3455297533008788,0.33064892888069153,0.1959381103515625,0.22547569870948792,0.2479373812675476
50.0,0.9504210750261943,0.6548771631959419,0.615642538943117,0.656631973733775,0.6207081023175043,1.3452016141403604,0.32895559072494507,0.19618576765060425,0.22215679287910461,0.25270187854766846
