{
  "best_val_acc": 0.6718392996074533,
  "final_val_acc": 0.6506853728819806,
  "method": "ours",
  "num_eval_points": 5
}