step,train_step_loss,train_acc,train_loss,val_acc,val_loss,router_entropy,router_load_e0,router_load_e1,router_load_e2,router_load_e3
10.0,0.46067910889784497,0.6262813564865644,0.6508809718926836,0.6160076283075439,0.6528054133841698,1.3544528745114803,0.19554586708545685,0.2693852186203003,0.23132741451263428,0.3037414252758026
20.0,0.5496860841910045,0.6423877267280732,0.6400168689869156,0.6317850010484493,0.6392372851389254,1.353134005985878,0.19041527807712555,0.2844026982784271,0.240436851978302,0.2847452759742737
30.0,0.55535293618838,0.6457428842227704,0.6133329605302987,0.6581689545119206,0.6111570385380786,1.354376405822458,0.18753087520599365,0.294685959815979,0.23645612597465515,0.28132694959640503
40.0,0.657691257695357,0.6546601594809031,0.613014847338447,0.6478835171959576,0.6169011686085885,1.3537360474605251,0.18842756748199463,0.30299755930900574,0.22322753071784973,0.28534722328186035
50.0,0.4938300947348277,0.6616251482272774,0.5820012940617275,0.6572547371543939,0.5875942525348187,1.3469037881328,0.18774250149726868,0.2998184561729431,0.2141311764717102,0.29830798506736755
