{
  "best_val_acc": 0.656631973733775,
  "final_val_acc": 0.656631973733775,
  "method": "ours",
  "num_eval_points": 5
}