method,seed,step,router_entropy,router_load_e0,router_load_e1,router_load_e2,router_load_e3
baseline,2,5.0,1.3422918904061412,0.3234212398529053,0.1648406982421875,0.22168417274951935,0.2900539040565491
ablation,2,5.0,1.3403985944448733,0.14237140119075775,0.2731945812702179,0.30238646268844604,0.2820475697517395
ours,2,5.0,1.2396760547862333,0.23823906481266022,0.13663716614246368,0.4758720099925995,0.14925174415111542
