step,train_step_loss,train_acc,train_loss,val_acc,val_loss,avg_intra_expert_coherence,expert_diversity_e0,expert_diversity_e1,expert_diversity_e2,expert_diversity_e3,expert_diversity_mean,expert_purity_e0,expert_purity_e1,expert_purity_e2,expert_purity_e3,expert_purity_mean,inter_expert_similarity,inter_expert_similarity_e0_e0,inter_expert_similarity_e0_e1,inter_expert_similarity_e0_e2,inter_expert_similarity_e0_e3,inter_expert_similarity_e1_e0,inter_expert_similarity_e1_e1,inter_expert_similarity_e1_e2,inter_expert_similarity_e1_e3,inter_expert_similarity_e2_e0,inter_expert_similarity_e2_e1,inter_expert_similarity_e2_e2,inter_expert_similarity_e2_e3,inter_expert_similarity_e3_e0,inter_expert_similarity_e3_e1,inter_expert_similarity_e3_e2,inter_expert_similarity_e3_e3,intra_expert_coherence_e0,intra_expert_coherence_e1,intra_expert_coherence_e2,intra_expert_coherence_e3,load_cv,load_max_min_ratio,overall_task_conflict_cos,router_entropy,router_load_e0,router_load_e1,router_load_e2,router_load_e3,task_acc__glue_mrpc,task_conflict_t0_t0,task_grad_norm_cv,task_loss__glue_mrpc,utilization_ratio
50.0,0.38243357837200165,0.8037077426390403,0.42089968522929627,0.7990196078431373,0.4220871211817631,1.0,0.0,0.0,0.0,0.0,0.0,1.0,1.0,1.0,1.0,1.0,-0.10577039220222291,1.0,0.12891784090656244,-0.060385209488292735,-0.06474640924132126,0.12891784090656244,1.0,0.034826661731965795,-0.26567350052962896,-0.060385209488292735,0.034826661731965795,1.0,-0.4075617365926228,-0.06474640924132126,-0.26567350052962896,-0.4075617365926228,1.0,1.0,1.0,1.0,1.0,0.30078887939453125,2.3446947049934153,1.0,1.3162222773421044,0.2920685112476349,0.1472964584827423,0.21526983380317688,0.3453652262687683,0.7990196078431373,1.0,0.0,0.4220871211817631,1.0
100.0,0.3125933036208153,0.8612322791712105,0.33275055934108144,0.8406862745098039,0.36360523050937515,1.0,0.0,0.0,0.0,0.0,0.0,1.0,1.0,1.0,1.0,1.0,-0.07119664414860431,1.0,-0.32926799632589504,0.0012834756042743646,0.20928670251266118,-0.32926799632589504,1.0,-0.39925201358664186,0.057857715089299114,0.0012834756042743646,-0.39925201358664186,1.0,0.032912251814676316,0.20928670251266118,0.057857715089299114,0.032912251814676316,1.0,1.0,1.0,1.0,1.0,0.3201139485700192,2.5860019545838733,1.0,1.281698049283495,0.264072448015213,0.1410232037305832,0.23021815717220306,0.3646862804889679,0.8406862745098039,1.0,0.0,0.36360523050937515,1.0
