[appendix/rank] start
[group:appendix][1] appendix/rank/multi_glue3/roberta/r16/e4/k2

[method] baseline -> baseline_avg
[baseline:coord:train.lr] launch jobs=24 gpus=[0]
[progress] [------------------------]   0.00% phase=- jobs=0/24 failed=0 eta=n/a event=plan_add
[progress] [------------------------]   0.00% phase=baseline:coord:train.lr jobs=0/24 failed=0 eta=n/a event=phase_start
[baseline:coord:train.lr] group launch jobs=24 slots={0: 4}
[progress] [#-----------------------]   4.17% phase=baseline:coord:train.lr jobs=1/24 failed=0 eta=01:19:56 event=job_done
[progress] [##----------------------]   8.33% phase=baseline:coord:train.lr jobs=2/24 failed=0 eta=00:38:13 event=job_done
[progress] [###---------------------]  12.50% phase=baseline:coord:train.lr jobs=3/24 failed=0 eta=00:24:19 event=job_done
[progress] [####--------------------]  16.67% phase=baseline:coord:train.lr jobs=4/24 failed=0 eta=00:17:22 event=job_done
[progress] [#####-------------------]  20.83% phase=baseline:coord:train.lr jobs=5/24 failed=0 eta=00:23:22 event=job_done
[progress] [######------------------]  25.00% phase=baseline:coord:train.lr jobs=6/24 failed=0 eta=00:18:28 event=job_done
[progress] [#######-----------------]  29.17% phase=baseline:coord:train.lr jobs=7/24 failed=0 eta=00:15:01 event=job_done
[progress] [########----------------]  33.33% phase=baseline:coord:train.lr jobs=8/24 failed=0 eta=00:12:22 event=job_done
[progress] [#########---------------]  37.50% phase=baseline:coord:train.lr jobs=9/24 failed=0 eta=00:14:26 event=job_done
[progress] [##########--------------]  41.67% phase=baseline:coord:train.lr jobs=10/24 failed=0 eta=00:12:10 event=job_done
[progress] [###########-------------]  45.83% phase=baseline:coord:train.lr jobs=11/24 failed=0 eta=00:10:18 event=job_done
[progress] [############------------]  50.00% phase=baseline:coord:train.lr jobs=12/24 failed=0 eta=00:08:43 event=job_done
[progress] [#############-----------]  54.17% phase=baseline:coord:train.lr jobs=13/24 failed=0 eta=00:09:27 event=job_done
[progress] [##############----------]  58.33% phase=baseline:coord:train.lr jobs=14/24 failed=0 eta=00:07:59 event=job_done
[progress] [###############---------]  62.50% phase=baseline:coord:train.lr jobs=15/24 failed=0 eta=00:06:43 event=job_done
[progress] [################--------]  66.67% phase=baseline:coord:train.lr jobs=16/24 failed=0 eta=00:05:36 event=job_done
[progress] [#################-------]  70.83% phase=baseline:coord:train.lr jobs=17/24 failed=0 eta=00:05:41 event=job_done
[progress] [##################------]  75.00% phase=baseline:coord:train.lr jobs=18/24 failed=0 eta=00:04:41 event=job_done
[progress] [###################-----]  79.17% phase=baseline:coord:train.lr jobs=19/24 failed=0 eta=00:03:42 event=job_done
[progress] [####################----]  83.33% phase=baseline:coord:train.lr jobs=20/24 failed=0 eta=00:02:48 event=job_done
[progress] [#####################---]  87.50% phase=baseline:coord:train.lr jobs=21/24 failed=0 eta=00:02:18 event=job_done
[progress] [######################--]  91.67% phase=baseline:coord:train.lr jobs=22/24 failed=0 eta=00:01:30 event=job_done
[progress] [#######################-]  95.83% phase=baseline:coord:train.lr jobs=23/24 failed=0 eta=00:00:43 event=job_done
[progress] [########################] 100.00% phase=baseline:coord:train.lr jobs=24/24 failed=0 eta=n/a event=job_done
[progress] [########################] 100.00% phase=- jobs=24/24 failed=0 eta=n/a event=phase_end
[baseline:coord:train.weight_decay] launch jobs=24 gpus=[0]
[progress] [############------------]  50.00% phase=- jobs=24/48 failed=0 eta=00:16:38 event=plan_add
[progress] [############------------]  50.00% phase=baseline:coord:train.weight_decay jobs=24/48 failed=0 eta=00:16:38 event=phase_start
[baseline:coord:train.weight_decay] group launch jobs=24 slots={0: 4}
[progress] [############------------]  52.08% phase=baseline:coord:train.weight_decay jobs=25/48 failed=0 eta=00:18:28 event=job_done
[progress] [#############-----------]  54.17% phase=baseline:coord:train.weight_decay jobs=26/48 failed=0 eta=00:17:00 event=job_done
[progress] [##############----------]  56.25% phase=baseline:coord:train.weight_decay jobs=27/48 failed=0 eta=00:15:38 event=job_done
[progress] [##############----------]  58.33% phase=baseline:coord:train.weight_decay jobs=28/48 failed=0 eta=00:14:22 event=job_done
[progress] [##############----------]  60.42% phase=baseline:coord:train.weight_decay jobs=29/48 failed=0 eta=00:14:46 event=job_done
[progress] [###############---------]  62.50% phase=baseline:coord:train.weight_decay jobs=30/48 failed=0 eta=00:13:32 event=job_done
[progress] [###############---------]  64.58% phase=baseline:coord:train.weight_decay jobs=31/48 failed=0 eta=00:12:22 event=job_done
[progress] [################--------]  66.67% phase=baseline:coord:train.weight_decay jobs=32/48 failed=0 eta=00:11:17 event=job_done
[progress] [################--------]  68.75% phase=baseline:coord:train.weight_decay jobs=33/48 failed=0 eta=00:11:18 event=job_done
[progress] [#################-------]  70.83% phase=baseline:coord:train.weight_decay jobs=34/48 failed=0 eta=00:10:17 event=job_done
[progress] [##################------]  72.92% phase=baseline:coord:train.weight_decay jobs=35/48 failed=0 eta=00:09:16 event=job_done
[progress] [##################------]  75.00% phase=baseline:coord:train.weight_decay jobs=36/48 failed=0 eta=00:08:19 event=job_done
[progress] [##################------]  77.08% phase=baseline:coord:train.weight_decay jobs=37/48 failed=0 eta=00:08:05 event=job_done
[progress] [###################-----]  79.17% phase=baseline:coord:train.weight_decay jobs=38/48 failed=0 eta=00:07:11 event=job_done
[progress] [####################----]  81.25% phase=baseline:coord:train.weight_decay jobs=39/48 failed=0 eta=00:06:18 event=job_done
[progress] [####################----]  83.33% phase=baseline:coord:train.weight_decay jobs=40/48 failed=0 eta=00:05:28 event=job_done
[progress] [####################----]  85.42% phase=baseline:coord:train.weight_decay jobs=41/48 failed=0 eta=00:05:02 event=job_done
[progress] [#####################---]  87.50% phase=baseline:coord:train.weight_decay jobs=42/48 failed=0 eta=00:04:14 event=job_done
[progress] [######################--]  89.58% phase=baseline:coord:train.weight_decay jobs=43/48 failed=0 eta=00:03:27 event=job_done
[progress] [######################--]  91.67% phase=baseline:coord:train.weight_decay jobs=44/48 failed=0 eta=00:02:41 event=job_done
[progress] [######################--]  93.75% phase=baseline:coord:train.weight_decay jobs=45/48 failed=0 eta=00:02:06 event=job_done
[progress] [#######################-]  95.83% phase=baseline:coord:train.weight_decay jobs=46/48 failed=0 eta=00:01:23 event=job_done
[progress] [########################]  97.92% phase=baseline:coord:train.weight_decay jobs=47/48 failed=0 eta=00:00:40 event=job_done
[progress] [########################] 100.00% phase=baseline:coord:train.weight_decay jobs=48/48 failed=0 eta=n/a event=job_done
[progress] [########################] 100.00% phase=- jobs=48/48 failed=0 eta=n/a event=phase_end
[baseline:coord:train.grad_clip] launch jobs=24 gpus=[0]
[progress] [################--------]  66.67% phase=- jobs=48/72 failed=0 eta=00:15:59 event=plan_add
[progress] [################--------]  66.67% phase=baseline:coord:train.grad_clip jobs=48/72 failed=0 eta=00:15:59 event=phase_start
[baseline:coord:train.grad_clip] group launch jobs=24 slots={0: 4}
[progress] [################--------]  68.06% phase=baseline:coord:train.grad_clip jobs=49/72 failed=0 eta=00:16:26 event=job_done
[progress] [#################-------]  69.44% phase=baseline:coord:train.grad_clip jobs=50/72 failed=0 eta=00:15:25 event=job_done
[progress] [#################-------]  70.83% phase=baseline:coord:train.grad_clip jobs=51/72 failed=0 eta=00:14:26 event=job_done
[progress] [#################-------]  72.22% phase=baseline:coord:train.grad_clip jobs=52/72 failed=0 eta=00:13:29 event=job_done
[progress] [##################------]  73.61% phase=baseline:coord:train.grad_clip jobs=53/72 failed=0 eta=00:13:26 event=job_done
[progress] [##################------]  75.00% phase=baseline:coord:train.grad_clip jobs=54/72 failed=0 eta=00:12:30 event=job_done
[progress] [##################------]  76.39% phase=baseline:coord:train.grad_clip jobs=55/72 failed=0 eta=00:11:35 event=job_done
[progress] [###################-----]  77.78% phase=baseline:coord:train.grad_clip jobs=56/72 failed=0 eta=00:10:43 event=job_done
[progress] [###################-----]  79.17% phase=baseline:coord:train.grad_clip jobs=57/72 failed=0 eta=00:10:30 event=job_done
[progress] [###################-----]  80.56% phase=baseline:coord:train.grad_clip jobs=58/72 failed=0 eta=00:09:38 event=job_done
[progress] [####################----]  81.94% phase=baseline:coord:train.grad_clip jobs=59/72 failed=0 eta=00:08:48 event=job_done
[progress] [####################----]  83.33% phase=baseline:coord:train.grad_clip jobs=60/72 failed=0 eta=00:07:59 event=job_done
[progress] [####################----]  84.72% phase=baseline:coord:train.grad_clip jobs=61/72 failed=0 eta=00:07:38 event=job_done
[progress] [#####################---]  86.11% phase=baseline:coord:train.grad_clip jobs=62/72 failed=0 eta=00:06:49 event=job_done
[progress] [#####################---]  87.50% phase=baseline:coord:train.grad_clip jobs=63/72 failed=0 eta=00:06:03 event=job_done
[progress] [#####################---]  88.89% phase=baseline:coord:train.grad_clip jobs=64/72 failed=0 eta=00:05:17 event=job_done
[progress] [######################--]  90.28% phase=baseline:coord:train.grad_clip jobs=65/72 failed=0 eta=00:04:48 event=job_done
[progress] [######################--]  91.67% phase=baseline:coord:train.grad_clip jobs=66/72 failed=0 eta=00:04:03 event=job_done
[progress] [######################--]  93.06% phase=baseline:coord:train.grad_clip jobs=67/72 failed=0 eta=00:03:20 event=job_done
[progress] [#######################-]  94.44% phase=baseline:coord:train.grad_clip jobs=68/72 failed=0 eta=00:02:37 event=job_done
[progress] [#######################-]  95.83% phase=baseline:coord:train.grad_clip jobs=69/72 failed=0 eta=00:02:02 event=job_done
[progress] [#######################-]  97.22% phase=baseline:coord:train.grad_clip jobs=70/72 failed=0 eta=00:01:20 event=job_done
[progress] [########################]  98.61% phase=baseline:coord:train.grad_clip jobs=71/72 failed=0 eta=00:00:39 event=job_done
[progress] [########################] 100.00% phase=baseline:coord:train.grad_clip jobs=72/72 failed=0 eta=n/a event=job_done
[progress] [########################] 100.00% phase=- jobs=72/72 failed=0 eta=n/a event=phase_end
[baseline:local_var_topk] launch jobs=54 gpus=[0]
[progress] [##############----------]  57.14% phase=- jobs=72/126 failed=0 eta=00:35:19 event=plan_add
[progress] [##############----------]  57.14% phase=baseline:local_var_topk jobs=72/126 failed=0 eta=00:35:19 event=phase_start
[baseline:local_var_topk] group launch jobs=54 slots={0: 4}
[progress] [##############----------]  57.94% phase=baseline:local_var_topk jobs=73/126 failed=0 eta=00:36:24 event=job_done
[progress] [##############----------]  58.73% phase=baseline:local_var_topk jobs=74/126 failed=0 eta=00:35:14 event=job_done
[progress] [##############----------]  59.52% phase=baseline:local_var_topk jobs=75/126 failed=0 eta=00:34:06 event=job_done
[progress] [##############----------]  60.32% phase=baseline:local_var_topk jobs=76/126 failed=0 eta=00:33:00 event=job_done
[progress] [###############---------]  61.11% phase=baseline:local_var_topk jobs=77/126 failed=0 eta=00:33:28 event=job_done
[progress] [###############---------]  61.90% phase=baseline:local_var_topk jobs=78/126 failed=0 eta=00:32:22 event=job_done
[progress] [###############---------]  62.70% phase=baseline:local_var_topk jobs=79/126 failed=0 eta=00:31:18 event=job_done
[progress] [###############---------]  63.49% phase=baseline:local_var_topk jobs=80/126 failed=0 eta=00:30:15 event=job_done
[progress] [###############---------]  64.29% phase=baseline:local_var_topk jobs=81/126 failed=0 eta=00:30:37 event=job_done
[progress] [################--------]  65.08% phase=baseline:local_var_topk jobs=82/126 failed=0 eta=00:29:34 event=job_done
[progress] [################--------]  65.87% phase=baseline:local_var_topk jobs=83/126 failed=0 eta=00:28:33 event=job_done
[progress] [################--------]  66.67% phase=baseline:local_var_topk jobs=84/126 failed=0 eta=00:27:33 event=job_done
[progress] [################--------]  67.46% phase=baseline:local_var_topk jobs=85/126 failed=0 eta=00:27:46 event=job_done
[progress] [################--------]  68.25% phase=baseline:local_var_topk jobs=86/126 failed=0 eta=00:26:46 event=job_done
[progress] [#################-------]  69.05% phase=baseline:local_var_topk jobs=87/126 failed=0 eta=00:25:48 event=job_done
[progress] [#################-------]  69.84% phase=baseline:local_var_topk jobs=88/126 failed=0 eta=00:24:51 event=job_done
[progress] [#################-------]  70.63% phase=baseline:local_var_topk jobs=89/126 failed=0 eta=00:24:57 event=job_done
[progress] [#################-------]  71.43% phase=baseline:local_var_topk jobs=90/126 failed=0 eta=00:24:00 event=job_done
[progress] [#################-------]  72.22% phase=baseline:local_var_topk jobs=91/126 failed=0 eta=00:23:05 event=job_done
[progress] [##################------]  73.02% phase=baseline:local_var_topk jobs=92/126 failed=0 eta=00:22:11 event=job_done
[progress] [##################------]  73.81% phase=baseline:local_var_topk jobs=93/126 failed=0 eta=00:22:10 event=job_done
[progress] [##################------]  74.60% phase=baseline:local_var_topk jobs=94/126 failed=0 eta=00:21:16 event=job_done
[progress] [##################------]  75.40% phase=baseline:local_var_topk jobs=95/126 failed=0 eta=00:20:23 event=job_done
[progress] [##################------]  76.19% phase=baseline:local_var_topk jobs=96/126 failed=0 eta=00:19:31 event=job_done
[progress] [##################------]  76.98% phase=baseline:local_var_topk jobs=97/126 failed=0 eta=00:19:24 event=job_done
[progress] [###################-----]  77.78% phase=baseline:local_var_topk jobs=98/126 failed=0 eta=00:18:33 event=job_done
[progress] [###################-----]  78.57% phase=baseline:local_var_topk jobs=99/126 failed=0 eta=00:17:42 event=job_done
[progress] [###################-----]  79.37% phase=baseline:local_var_topk jobs=100/126 failed=0 eta=00:16:53 event=job_done
[progress] [###################-----]  80.16% phase=baseline:local_var_topk jobs=101/126 failed=0 eta=00:16:40 event=job_done
[progress] [###################-----]  80.95% phase=baseline:local_var_topk jobs=102/126 failed=0 eta=00:15:50 event=job_done
[progress] [####################----]  81.75% phase=baseline:local_var_topk jobs=103/126 failed=0 eta=00:15:02 event=job_done
[progress] [####################----]  82.54% phase=baseline:local_var_topk jobs=104/126 failed=0 eta=00:14:15 event=job_done
[progress] [####################----]  83.33% phase=baseline:local_var_topk jobs=105/126 failed=0 eta=00:13:56 event=job_done
[progress] [####################----]  84.13% phase=baseline:local_var_topk jobs=106/126 failed=0 eta=00:13:09 event=job_done
[progress] [####################----]  84.92% phase=baseline:local_var_topk jobs=107/126 failed=0 eta=00:12:23 event=job_done
[progress] [#####################---]  85.71% phase=baseline:local_var_topk jobs=108/126 failed=0 eta=00:11:37 event=job_done
[progress] [#####################---]  86.51% phase=baseline:local_var_topk jobs=109/126 failed=0 eta=00:11:14 event=job_done
[progress] [#####################---]  87.30% phase=baseline:local_var_topk jobs=110/126 failed=0 eta=00:10:29 event=job_done
[progress] [#####################---]  88.10% phase=baseline:local_var_topk jobs=111/126 failed=0 eta=00:09:45 event=job_done
[progress] [#####################---]  88.89% phase=baseline:local_var_topk jobs=112/126 failed=0 eta=00:09:01 event=job_done
[progress] [######################--]  89.68% phase=baseline:local_var_topk jobs=113/126 failed=0 eta=00:08:33 event=job_done
[progress] [######################--]  90.48% phase=baseline:local_var_topk jobs=114/126 failed=0 eta=00:07:50 event=job_done
[progress] [######################--]  91.27% phase=baseline:local_var_topk jobs=115/126 failed=0 eta=00:07:07 event=job_done
[progress] [######################--]  92.06% phase=baseline:local_var_topk jobs=116/126 failed=0 eta=00:06:25 event=job_done
[progress] [######################--]  92.86% phase=baseline:local_var_topk jobs=117/126 failed=0 eta=00:05:53 event=job_done
[progress] [######################--]  93.65% phase=baseline:local_var_topk jobs=118/126 failed=0 eta=00:05:12 event=job_done
[progress] [#######################-]  94.44% phase=baseline:local_var_topk jobs=119/126 failed=0 eta=00:04:31 event=job_done
[progress] [#######################-]  95.24% phase=baseline:local_var_topk jobs=120/126 failed=0 eta=00:03:50 event=job_done
[progress] [#######################-]  96.03% phase=baseline:local_var_topk jobs=121/126 failed=0 eta=00:03:15 event=job_done
[progress] [#######################-]  96.83% phase=baseline:local_var_topk jobs=122/126 failed=0 eta=00:02:35 event=job_done
[progress] [#######################-]  97.62% phase=baseline:local_var_topk jobs=123/126 failed=0 eta=00:01:55 event=job_done
[progress] [########################]  98.41% phase=baseline:local_var_topk jobs=124/126 failed=0 eta=00:01:16 event=job_done
[progress] [########################]  99.21% phase=baseline:local_var_topk jobs=125/126 failed=0 eta=00:00:38 event=job_done
[progress] [########################] 100.00% phase=baseline:local_var_topk jobs=126/126 failed=0 eta=n/a event=job_done
[progress] [########################] 100.00% phase=- jobs=126/126 failed=0 eta=n/a event=phase_end

[method] ours -> ours
[ours:coord:train.lr] launch jobs=24 gpus=[0]
[progress] [####################----]  84.00% phase=- jobs=126/150 failed=0 eta=00:15:18 event=plan_add
[progress] [####################----]  84.00% phase=ours:coord:train.lr jobs=126/150 failed=0 eta=00:15:18 event=phase_start
[ours:coord:train.lr] group launch jobs=24 slots={0: 4}
[progress] [####################----]  84.67% phase=ours:coord:train.lr jobs=127/150 failed=0 eta=00:15:05 event=job_done
[progress] [####################----]  85.33% phase=ours:coord:train.lr jobs=128/150 failed=0 eta=00:14:19 event=job_done
[progress] [#####################---]  86.00% phase=ours:coord:train.lr jobs=129/150 failed=0 eta=00:13:34 event=job_done
[progress] [#####################---]  86.67% phase=ours:coord:train.lr jobs=130/150 failed=0 eta=00:12:49 event=job_done
[progress] [#####################---]  87.33% phase=ours:coord:train.lr jobs=131/150 failed=0 eta=00:12:26 event=job_done
[progress] [#####################---]  88.00% phase=ours:coord:train.lr jobs=132/150 failed=0 eta=00:11:42 event=job_done
[progress] [#####################---]  88.67% phase=ours:coord:train.lr jobs=133/150 failed=0 eta=00:10:58 event=job_done
[progress] [#####################---]  89.33% phase=ours:coord:train.lr jobs=134/150 failed=0 eta=00:10:14 event=job_done
[progress] [######################--]  90.00% phase=ours:coord:train.lr jobs=135/150 failed=0 eta=00:09:48 event=job_done
[progress] [######################--]  90.67% phase=ours:coord:train.lr jobs=136/150 failed=0 eta=00:09:04 event=job_done
[progress] [######################--]  91.33% phase=ours:coord:train.lr jobs=137/150 failed=0 eta=00:08:22 event=job_done
[progress] [######################--]  92.00% phase=ours:coord:train.lr jobs=138/150 failed=0 eta=00:07:40 event=job_done
[progress] [######################--]  92.67% phase=ours:coord:train.lr jobs=139/150 failed=0 eta=00:07:10 event=job_done
[progress] [######################--]  93.33% phase=ours:coord:train.lr jobs=140/150 failed=0 eta=00:06:28 event=job_done
[progress] [#######################-]  94.00% phase=ours:coord:train.lr jobs=141/150 failed=0 eta=00:05:47 event=job_done
[progress] [#######################-]  94.67% phase=ours:coord:train.lr jobs=142/150 failed=0 eta=00:05:06 event=job_done
[progress] [#######################-]  95.33% phase=ours:coord:train.lr jobs=143/150 failed=0 eta=00:04:33 event=job_done
[progress] [#######################-]  96.00% phase=ours:coord:train.lr jobs=144/150 failed=0 eta=00:03:52 event=job_done
[progress] [#######################-]  96.67% phase=ours:coord:train.lr jobs=145/150 failed=0 eta=00:03:12 event=job_done
[progress] [#######################-]  97.33% phase=ours:coord:train.lr jobs=146/150 failed=0 eta=00:02:33 event=job_done
[progress] [########################]  98.00% phase=ours:coord:train.lr jobs=147/150 failed=0 eta=00:01:56 event=job_done
[progress] [########################]  98.67% phase=ours:coord:train.lr jobs=148/150 failed=0 eta=00:01:17 event=job_done
[progress] [########################]  99.33% phase=ours:coord:train.lr jobs=149/150 failed=0 eta=00:00:38 event=job_done
[progress] [########################] 100.00% phase=ours:coord:train.lr jobs=150/150 failed=0 eta=n/a event=job_done
[progress] [########################] 100.00% phase=- jobs=150/150 failed=0 eta=n/a event=phase_end
[ours:coord:train.weight_decay] launch jobs=24 gpus=[0]
[progress] [#####################---]  86.21% phase=- jobs=150/174 failed=0 eta=00:15:16 event=plan_add
[progress] [#####################---]  86.21% phase=ours:coord:train.weight_decay jobs=150/174 failed=0 eta=00:15:16 event=phase_start
[ours:coord:train.weight_decay] group launch jobs=24 slots={0: 4}
[progress] [#####################---]  86.78% phase=ours:coord:train.weight_decay jobs=151/174 failed=0 eta=00:15:00 event=job_done
[progress] [#####################---]  87.36% phase=ours:coord:train.weight_decay jobs=152/174 failed=0 eta=00:14:15 event=job_done
[progress] [#####################---]  87.93% phase=ours:coord:train.weight_decay jobs=153/174 failed=0 eta=00:13:31 event=job_done
[progress] [#####################---]  88.51% phase=ours:coord:train.weight_decay jobs=154/174 failed=0 eta=00:12:47 event=job_done
[progress] [#####################---]  89.08% phase=ours:coord:train.weight_decay jobs=155/174 failed=0 eta=00:12:22 event=job_done
[progress] [######################--]  89.66% phase=ours:coord:train.weight_decay jobs=156/174 failed=0 eta=00:11:39 event=job_done
[progress] [######################--]  90.23% phase=ours:coord:train.weight_decay jobs=157/174 failed=0 eta=00:10:56 event=job_done
[progress] [######################--]  90.80% phase=ours:coord:train.weight_decay jobs=158/174 failed=0 eta=00:10:13 event=job_done
[progress] [######################--]  91.38% phase=ours:coord:train.weight_decay jobs=159/174 failed=0 eta=00:09:44 event=job_done
[progress] [######################--]  91.95% phase=ours:coord:train.weight_decay jobs=160/174 failed=0 eta=00:09:02 event=job_done
[progress] [######################--]  92.53% phase=ours:coord:train.weight_decay jobs=161/174 failed=0 eta=00:08:20 event=job_done
[progress] [######################--]  93.10% phase=ours:coord:train.weight_decay jobs=162/174 failed=0 eta=00:07:39 event=job_done
[progress] [######################--]  93.68% phase=ours:coord:train.weight_decay jobs=163/174 failed=0 eta=00:07:07 event=job_done
[progress] [#######################-]  94.25% phase=ours:coord:train.weight_decay jobs=164/174 failed=0 eta=00:06:26 event=job_done
[progress] [#######################-]  94.83% phase=ours:coord:train.weight_decay jobs=165/174 failed=0 eta=00:05:46 event=job_done
[progress] [#######################-]  95.40% phase=ours:coord:train.weight_decay jobs=166/174 failed=0 eta=00:05:05 event=job_done
[progress] [#######################-]  95.98% phase=ours:coord:train.weight_decay jobs=167/174 failed=0 eta=00:04:31 event=job_done
[progress] [#######################-]  96.55% phase=ours:coord:train.weight_decay jobs=168/174 failed=0 eta=00:03:51 event=job_done
[progress] [#######################-]  97.13% phase=ours:coord:train.weight_decay jobs=169/174 failed=0 eta=00:03:11 event=job_done
[progress] [#######################-]  97.70% phase=ours:coord:train.weight_decay jobs=170/174 failed=0 eta=00:02:32 event=job_done
[progress] [########################]  98.28% phase=ours:coord:train.weight_decay jobs=171/174 failed=0 eta=00:01:55 event=job_done
[progress] [########################]  98.85% phase=ours:coord:train.weight_decay jobs=172/174 failed=0 eta=00:01:16 event=job_done
[progress] [########################]  99.43% phase=ours:coord:train.weight_decay jobs=173/174 failed=0 eta=00:00:38 event=job_done
[progress] [########################] 100.00% phase=ours:coord:train.weight_decay jobs=174/174 failed=0 eta=n/a event=job_done
[progress] [########################] 100.00% phase=- jobs=174/174 failed=0 eta=n/a event=phase_end
[ours:coord:train.grad_clip] launch jobs=24 gpus=[0]
[progress] [#####################---]  87.88% phase=- jobs=174/198 failed=0 eta=00:15:12 event=plan_add
[progress] [#####################---]  87.88% phase=ours:coord:train.grad_clip jobs=174/198 failed=0 eta=00:15:12 event=phase_start
[ours:coord:train.grad_clip] group launch jobs=24 slots={0: 4}
[progress] [#####################---]  88.38% phase=ours:coord:train.grad_clip jobs=175/198 failed=0 eta=00:14:53 event=job_done
[progress] [#####################---]  88.89% phase=ours:coord:train.grad_clip jobs=176/198 failed=0 eta=00:14:09 event=job_done
[progress] [#####################---]  89.39% phase=ours:coord:train.grad_clip jobs=177/198 failed=0 eta=00:13:26 event=job_done
[progress] [######################--]  89.90% phase=ours:coord:train.grad_clip jobs=178/198 failed=0 eta=00:12:43 event=job_done
[progress] [######################--]  90.40% phase=ours:coord:train.grad_clip jobs=179/198 failed=0 eta=00:12:16 event=job_done
[progress] [######################--]  90.91% phase=ours:coord:train.grad_clip jobs=180/198 failed=0 eta=00:11:34 event=job_done
[progress] [######################--]  91.41% phase=ours:coord:train.grad_clip jobs=181/198 failed=0 eta=00:10:52 event=job_done
[progress] [######################--]  91.92% phase=ours:coord:train.grad_clip jobs=182/198 failed=0 eta=00:10:10 event=job_done
[progress] [######################--]  92.42% phase=ours:coord:train.grad_clip jobs=183/198 failed=0 eta=00:09:40 event=job_done
[progress] [######################--]  92.93% phase=ours:coord:train.grad_clip jobs=184/198 failed=0 eta=00:08:59 event=job_done
[progress] [######################--]  93.43% phase=ours:coord:train.grad_clip jobs=185/198 failed=0 eta=00:08:17 event=job_done
[progress] [#######################-]  93.94% phase=ours:coord:train.grad_clip jobs=186/198 failed=0 eta=00:07:37 event=job_done
[progress] [#######################-]  94.44% phase=ours:coord:train.grad_clip jobs=187/198 failed=0 eta=00:07:04 event=job_done
[progress] [#######################-]  94.95% phase=ours:coord:train.grad_clip jobs=188/198 failed=0 eta=00:06:24 event=job_done
[progress] [#######################-]  95.45% phase=ours:coord:train.grad_clip jobs=189/198 failed=0 eta=00:05:44 event=job_done
[progress] [#######################-]  95.96% phase=ours:coord:train.grad_clip jobs=190/198 failed=0 eta=00:05:04 event=job_done
[progress] [#######################-]  96.46% phase=ours:coord:train.grad_clip jobs=191/198 failed=0 eta=00:04:29 event=job_done
[progress] [#######################-]  96.97% phase=ours:coord:train.grad_clip jobs=192/198 failed=0 eta=00:03:49 event=job_done
[progress] [#######################-]  97.47% phase=ours:coord:train.grad_clip jobs=193/198 failed=0 eta=00:03:10 event=job_done
[progress] [########################]  97.98% phase=ours:coord:train.grad_clip jobs=194/198 failed=0 eta=00:02:31 event=job_done
[progress] [########################]  98.48% phase=ours:coord:train.grad_clip jobs=195/198 failed=0 eta=00:01:54 event=job_done
[progress] [########################]  98.99% phase=ours:coord:train.grad_clip jobs=196/198 failed=0 eta=00:01:16 event=job_done
[progress] [########################]  99.49% phase=ours:coord:train.grad_clip jobs=197/198 failed=0 eta=00:00:38 event=job_done
[progress] [########################] 100.00% phase=ours:coord:train.grad_clip jobs=198/198 failed=0 eta=n/a event=job_done
[progress] [########################] 100.00% phase=- jobs=198/198 failed=0 eta=n/a event=phase_end
[ours:coord:method.ours.lambda_align] launch jobs=24 gpus=[0]
[progress] [#####################---]  89.19% phase=- jobs=198/222 failed=0 eta=00:15:08 event=plan_add
[progress] [#####################---]  89.19% phase=ours:coord:method.ours.lambda_align jobs=198/222 failed=0 eta=00:15:08 event=phase_start
[ours:coord:method.ours.lambda_align] group launch jobs=24 slots={0: 4}
[progress] [######################--]  89.64% phase=ours:coord:method.ours.lambda_align jobs=199/222 failed=0 eta=00:14:46 event=job_done
[progress] [######################--]  90.09% phase=ours:coord:method.ours.lambda_align jobs=200/222 failed=0 eta=00:14:04 event=job_done
[progress] [######################--]  90.54% phase=ours:coord:method.ours.lambda_align jobs=201/222 failed=0 eta=00:13:21 event=job_done
[progress] [######################--]  90.99% phase=ours:coord:method.ours.lambda_align jobs=202/222 failed=0 eta=00:12:39 event=job_done
[progress] [######################--]  91.44% phase=ours:coord:method.ours.lambda_align jobs=203/222 failed=0 eta=00:12:12 event=job_done
[progress] [######################--]  91.89% phase=ours:coord:method.ours.lambda_align jobs=204/222 failed=0 eta=00:11:30 event=job_done
[progress] [######################--]  92.34% phase=ours:coord:method.ours.lambda_align jobs=205/222 failed=0 eta=00:10:48 event=job_done
[progress] [######################--]  92.79% phase=ours:coord:method.ours.lambda_align jobs=206/222 failed=0 eta=00:10:07 event=job_done
[progress] [######################--]  93.24% phase=ours:coord:method.ours.lambda_align jobs=207/222 failed=0 eta=00:09:37 event=job_done
[progress] [######################--]  93.69% phase=ours:coord:method.ours.lambda_align jobs=208/222 failed=0 eta=00:08:56 event=job_done
[progress] [#######################-]  94.14% phase=ours:coord:method.ours.lambda_align jobs=209/222 failed=0 eta=00:08:15 event=job_done
[progress] [#######################-]  94.59% phase=ours:coord:method.ours.lambda_align jobs=210/222 failed=0 eta=00:07:35 event=job_done
[progress] [#######################-]  95.05% phase=ours:coord:method.ours.lambda_align jobs=211/222 failed=0 eta=00:07:02 event=job_done
[progress] [#######################-]  95.50% phase=ours:coord:method.ours.lambda_align jobs=212/222 failed=0 eta=00:06:22 event=job_done
[progress] [#######################-]  95.95% phase=ours:coord:method.ours.lambda_align jobs=213/222 failed=0 eta=00:05:42 event=job_done
[progress] [#######################-]  96.40% phase=ours:coord:method.ours.lambda_align jobs=214/222 failed=0 eta=00:05:03 event=job_done
[progress] [#######################-]  96.85% phase=ours:coord:method.ours.lambda_align jobs=215/222 failed=0 eta=00:04:28 event=job_done
[progress] [#######################-]  97.30% phase=ours:coord:method.ours.lambda_align jobs=216/222 failed=0 eta=00:03:49 event=job_done
[progress] [#######################-]  97.75% phase=ours:coord:method.ours.lambda_align jobs=217/222 failed=0 eta=00:03:10 event=job_done
[progress] [########################]  98.20% phase=ours:coord:method.ours.lambda_align jobs=218/222 failed=0 eta=00:02:31 event=job_done
[progress] [########################]  98.65% phase=ours:coord:method.ours.lambda_align jobs=219/222 failed=0 eta=00:01:54 event=job_done
[progress] [########################]  99.10% phase=ours:coord:method.ours.lambda_align jobs=220/222 failed=0 eta=00:01:16 event=job_done
[progress] [########################]  99.55% phase=ours:coord:method.ours.lambda_align jobs=221/222 failed=0 eta=00:00:38 event=job_done
[progress] [########################] 100.00% phase=ours:coord:method.ours.lambda_align jobs=222/222 failed=0 eta=n/a event=job_done
[progress] [########################] 100.00% phase=- jobs=222/222 failed=0 eta=n/a event=phase_end
[ours:local_var_topk] launch jobs=54 gpus=[0]
[progress] [###################-----]  80.43% phase=- jobs=222/276 failed=0 eta=00:34:03 event=plan_add
[progress] [###################-----]  80.43% phase=ours:local_var_topk jobs=222/276 failed=0 eta=00:34:03 event=phase_start
[ours:local_var_topk] group launch jobs=54 slots={0: 4}
[progress] [###################-----]  80.80% phase=ours:local_var_topk jobs=223/276 failed=0 eta=00:33:58 event=job_done
[progress] [###################-----]  81.16% phase=ours:local_var_topk jobs=224/276 failed=0 eta=00:33:11 event=job_done
[progress] [####################----]  81.52% phase=ours:local_var_topk jobs=225/276 failed=0 eta=00:32:24 event=job_done
[progress] [####################----]  81.88% phase=ours:local_var_topk jobs=226/276 failed=0 eta=00:31:37 event=job_done
[progress] [####################----]  82.25% phase=ours:local_var_topk jobs=227/276 failed=0 eta=00:31:23 event=job_done
[progress] [####################----]  82.61% phase=ours:local_var_topk jobs=228/276 failed=0 eta=00:30:36 event=job_done
[progress] [####################----]  82.97% phase=ours:local_var_topk jobs=229/276 failed=0 eta=00:29:50 event=job_done
[progress] [####################----]  83.33% phase=ours:local_var_topk jobs=230/276 failed=0 eta=00:29:05 event=job_done
[progress] [####################----]  83.70% phase=ours:local_var_topk jobs=231/276 failed=0 eta=00:28:46 event=job_done
[progress] [####################----]  84.06% phase=ours:local_var_topk jobs=232/276 failed=0 eta=00:28:02 event=job_done
[progress] [####################----]  84.42% phase=ours:local_var_topk jobs=233/276 failed=0 eta=00:27:16 event=job_done
[progress] [####################----]  84.78% phase=ours:local_var_topk jobs=234/276 failed=0 eta=00:26:32 event=job_done
[progress] [####################----]  85.14% phase=ours:local_var_topk jobs=235/276 failed=0 eta=00:26:10 event=job_done
[progress] [#####################---]  85.51% phase=ours:local_var_topk jobs=236/276 failed=0 eta=00:25:27 event=job_done
[progress] [#####################---]  85.87% phase=ours:local_var_topk jobs=237/276 failed=0 eta=00:24:42 event=job_done
[progress] [#####################---]  86.23% phase=ours:local_var_topk jobs=238/276 failed=0 eta=00:23:58 event=job_done
[progress] [#####################---]  86.59% phase=ours:local_var_topk jobs=239/276 failed=0 eta=00:23:33 event=job_done
[progress] [#####################---]  86.96% phase=ours:local_var_topk jobs=240/276 failed=0 eta=00:22:52 event=job_done
[progress] [#####################---]  87.32% phase=ours:local_var_topk jobs=241/276 failed=0 eta=00:22:08 event=job_done
[progress] [#####################---]  87.68% phase=ours:local_var_topk jobs=242/276 failed=0 eta=00:21:25 event=job_done
[progress] [#####################---]  88.04% phase=ours:local_var_topk jobs=243/276 failed=0 eta=00:20:56 event=job_done
[progress] [#####################---]  88.41% phase=ours:local_var_topk jobs=244/276 failed=0 eta=00:20:17 event=job_done
[progress] [#####################---]  88.77% phase=ours:local_var_topk jobs=245/276 failed=0 eta=00:19:35 event=job_done
[progress] [#####################---]  89.13% phase=ours:local_var_topk jobs=246/276 failed=0 eta=00:18:52 event=job_done
[progress] [#####################---]  89.49% phase=ours:local_var_topk jobs=247/276 failed=0 eta=00:18:19 event=job_done
[progress] [######################--]  89.86% phase=ours:local_var_topk jobs=248/276 failed=0 eta=00:17:43 event=job_done
[progress] [######################--]  90.22% phase=ours:local_var_topk jobs=249/276 failed=0 eta=00:17:01 event=job_done
[progress] [######################--]  90.58% phase=ours:local_var_topk jobs=250/276 failed=0 eta=00:16:20 event=job_done
[progress] [######################--]  90.94% phase=ours:local_var_topk jobs=251/276 failed=0 eta=00:15:45 event=job_done
[progress] [######################--]  91.30% phase=ours:local_var_topk jobs=252/276 failed=0 eta=00:15:09 event=job_done
[progress] [######################--]  91.67% phase=ours:local_var_topk jobs=253/276 failed=0 eta=00:14:29 event=job_done
[progress] [######################--]  92.03% phase=ours:local_var_topk jobs=254/276 failed=0 eta=00:13:48 event=job_done
[progress] [######################--]  92.39% phase=ours:local_var_topk jobs=255/276 failed=0 eta=00:13:12 event=job_done
[progress] [######################--]  92.75% phase=ours:local_var_topk jobs=256/276 failed=0 eta=00:12:36 event=job_done
[progress] [######################--]  93.12% phase=ours:local_var_topk jobs=257/276 failed=0 eta=00:11:56 event=job_done
[progress] [######################--]  93.48% phase=ours:local_var_topk jobs=258/276 failed=0 eta=00:11:16 event=job_done
[progress] [#######################-]  93.84% phase=ours:local_var_topk jobs=259/276 failed=0 eta=00:10:40 event=job_done
[progress] [#######################-]  94.20% phase=ours:local_var_topk jobs=260/276 failed=0 eta=00:10:03 event=job_done
[progress] [#######################-]  94.57% phase=ours:local_var_topk jobs=261/276 failed=0 eta=00:09:24 event=job_done
[progress] [#######################-]  94.93% phase=ours:local_var_topk jobs=262/276 failed=0 eta=00:08:45 event=job_done
[progress] [#######################-]  95.29% phase=ours:local_var_topk jobs=263/276 failed=0 eta=00:08:08 event=job_done
[progress] [#######################-]  95.65% phase=ours:local_var_topk jobs=264/276 failed=0 eta=00:07:31 event=job_done
[progress] [#######################-]  96.01% phase=ours:local_var_topk jobs=265/276 failed=0 eta=00:06:53 event=job_done
[progress] [#######################-]  96.38% phase=ours:local_var_topk jobs=266/276 failed=0 eta=00:06:14 event=job_done
[progress] [#######################-]  96.74% phase=ours:local_var_topk jobs=267/276 failed=0 eta=00:05:37 event=job_done
[progress] [#######################-]  97.10% phase=ours:local_var_topk jobs=268/276 failed=0 eta=00:05:00 event=job_done
[progress] [#######################-]  97.46% phase=ours:local_var_topk jobs=269/276 failed=0 eta=00:04:22 event=job_done
[progress] [#######################-]  97.83% phase=ours:local_var_topk jobs=270/276 failed=0 eta=00:03:44 event=job_done
[progress] [########################]  98.19% phase=ours:local_var_topk jobs=271/276 failed=0 eta=00:03:07 event=job_done
[progress] [########################]  98.55% phase=ours:local_var_topk jobs=272/276 failed=0 eta=00:02:29 event=job_done
[progress] [########################]  98.91% phase=ours:local_var_topk jobs=273/276 failed=0 eta=00:01:52 event=job_done
[progress] [########################]  99.28% phase=ours:local_var_topk jobs=274/276 failed=0 eta=00:01:14 event=job_done
[progress] [########################]  99.64% phase=ours:local_var_topk jobs=275/276 failed=0 eta=00:00:37 event=job_done
[progress] [########################] 100.00% phase=ours:local_var_topk jobs=276/276 failed=0 eta=n/a event=job_done
[progress] [########################] 100.00% phase=- jobs=276/276 failed=0 eta=n/a event=phase_end
saved csv -> /root/Optimization/MOE-grad-conflict-routing/runs/paper_suite_supplement/appendix/rank/multi_glue3_roberta_r16_lora_e4_k2/hpo/hpo_best_params.csv
saved plot -> /root/Optimization/MOE-grad-conflict-routing/runs/paper_suite_supplement/appendix/rank/multi_glue3_roberta_r16_lora_e4_k2/hpo/hpo_best_scores.png
[final:baseline] launch jobs=5 gpus=[0]
[progress] [########################]  98.22% phase=- jobs=276/281 failed=0 eta=00:03:06 event=plan_add
[progress] [########################]  98.22% phase=final:baseline jobs=276/281 failed=0 eta=00:03:06 event=phase_start
[final:baseline] group launch jobs=5 slots={0: 4}
[progress] [########################]  98.58% phase=final:baseline jobs=277/281 failed=0 eta=00:02:38 event=job_done
[progress] [########################]  98.93% phase=final:baseline jobs=278/281 failed=0 eta=00:01:58 event=job_done
[progress] [########################]  99.29% phase=final:baseline jobs=279/281 failed=0 eta=00:01:18 event=job_done
[progress] [########################]  99.64% phase=final:baseline jobs=280/281 failed=0 eta=00:00:39 event=job_done
[progress] [########################] 100.00% phase=final:baseline jobs=281/281 failed=0 eta=n/a event=job_done
[progress] [########################] 100.00% phase=- jobs=281/281 failed=0 eta=n/a event=phase_end
[final:ours] launch jobs=5 gpus=[0]
[progress] [########################]  98.25% phase=- jobs=281/286 failed=0 eta=00:03:20 event=plan_add
[progress] [########################]  98.25% phase=final:ours jobs=281/286 failed=0 eta=00:03:20 event=phase_start
[final:ours] group launch jobs=5 slots={0: 4}
[progress] [########################]  98.60% phase=final:ours jobs=282/286 failed=0 eta=00:02:49 event=job_done
[progress] [########################]  98.95% phase=final:ours jobs=283/286 failed=0 eta=00:02:06 event=job_done
[progress] [########################]  99.30% phase=final:ours jobs=284/286 failed=0 eta=00:01:24 event=job_done
[progress] [########################]  99.65% phase=final:ours jobs=285/286 failed=0 eta=00:00:42 event=job_done
[progress] [########################] 100.00% phase=final:ours jobs=286/286 failed=0 eta=n/a event=job_done
[progress] [########################] 100.00% phase=- jobs=286/286 failed=0 eta=n/a event=phase_end
saved plot -> /root/Optimization/MOE-grad-conflict-routing/runs/paper_suite_supplement/appendix/rank/multi_glue3_roberta_r16_lora_e4_k2/final/seed_mean_band_std.png
saved val-only plot -> /root/Optimization/MOE-grad-conflict-routing/runs/paper_suite_supplement/appendix/rank/multi_glue3_roberta_r16_lora_e4_k2/final/seed_mean_band_std_val_only.png
saved summary -> /root/Optimization/MOE-grad-conflict-routing/runs/paper_suite_supplement/appendix/rank/multi_glue3_roberta_r16_lora_e4_k2/final/seed_mean_band_std_summary.json
saved val table -> /root/Optimization/MOE-grad-conflict-routing/runs/paper_suite_supplement/appendix/rank/multi_glue3_roberta_r16_lora_e4_k2/final/seed_mean_band_val_last.csv
saved -> /root/Optimization/MOE-grad-conflict-routing/runs/paper_suite_supplement/appendix/rank/multi_glue3_roberta_r16_lora_e4_k2/final/router_load_summary.csv
saved manifest -> /root/Optimization/MOE-grad-conflict-routing/runs/paper_suite_supplement/appendix/rank/multi_glue3_roberta_r16_lora_e4_k2/final/paper_metrics_manifest.json
saved manifest -> /root/Optimization/MOE-grad-conflict-routing/runs/paper_suite_supplement/appendix/rank/multi_glue3_roberta_r16_lora_e4_k2/final/mvp_plot_manifest.json
generated charts -> 12
[progress] [########################] 100.00% phase=- jobs=286/286 failed=0 eta=n/a event=pipeline_done

[pipeline done] out_dir=/root/Optimization/MOE-grad-conflict-routing/runs/paper_suite_supplement/appendix/rank/multi_glue3_roberta_r16_lora_e4_k2
[hpo best] /root/Optimization/MOE-grad-conflict-routing/runs/paper_suite_supplement/appendix/rank/multi_glue3_roberta_r16_lora_e4_k2/hpo/best_configs.json
[final agg] /root/Optimization/MOE-grad-conflict-routing/runs/paper_suite_supplement/appendix/rank/multi_glue3_roberta_r16_lora_e4_k2/final/final_agg.csv
[progress] /root/Optimization/MOE-grad-conflict-routing/runs/paper_suite_supplement/appendix/rank/multi_glue3_roberta_r16_lora_e4_k2/status/progress.json
[gpu logs] /root/Optimization/MOE-grad-conflict-routing/runs/paper_suite_supplement/appendix/rank/multi_glue3_roberta_r16_lora_e4_k2/logs/gpu
[worker failures] /root/Optimization/MOE-grad-conflict-routing/runs/paper_suite_supplement/appendix/rank/multi_glue3_roberta_r16_lora_e4_k2/status/worker_failures.jsonl
[group:appendix][2] appendix/rank/multi_glue3/roberta/r32/e4/k2

[method] baseline -> baseline_avg
[baseline:coord:train.lr] launch jobs=24 gpus=[0]
[progress] [------------------------]   0.00% phase=- jobs=0/24 failed=0 eta=n/a event=plan_add
[progress] [------------------------]   0.00% phase=baseline:coord:train.lr jobs=0/24 failed=0 eta=n/a event=phase_start
[baseline:coord:train.lr] group launch jobs=24 slots={0: 4}
[progress] [#-----------------------]   4.17% phase=baseline:coord:train.lr jobs=1/24 failed=0 eta=01:11:21 event=job_done
[progress] [##----------------------]   8.33% phase=baseline:coord:train.lr jobs=2/24 failed=0 eta=00:34:08 event=job_done
[progress] [###---------------------]  12.50% phase=baseline:coord:train.lr jobs=3/24 failed=0 eta=00:21:43 event=job_done
[progress] [####--------------------]  16.67% phase=baseline:coord:train.lr jobs=4/24 failed=0 eta=00:15:32 event=job_done
[progress] [#####-------------------]  20.83% phase=baseline:coord:train.lr jobs=5/24 failed=0 eta=00:21:13 event=job_done
[progress] [######------------------]  25.00% phase=baseline:coord:train.lr jobs=6/24 failed=0 eta=00:16:47 event=job_done
[progress] [#######-----------------]  29.17% phase=baseline:coord:train.lr jobs=7/24 failed=0 eta=00:13:37 event=job_done
[progress] [########----------------]  33.33% phase=baseline:coord:train.lr jobs=8/24 failed=0 eta=00:11:14 event=job_done
[progress] [#########---------------]  37.50% phase=baseline:coord:train.lr jobs=9/24 failed=0 eta=00:13:25 event=job_done
[progress] [##########--------------]  41.67% phase=baseline:coord:train.lr jobs=10/24 failed=0 eta=00:11:16 event=job_done
[progress] [###########-------------]  45.83% phase=baseline:coord:train.lr jobs=11/24 failed=0 eta=00:09:31 event=job_done
[progress] [############------------]  50.00% phase=baseline:coord:train.lr jobs=12/24 failed=0 eta=00:08:03 event=job_done
[progress] [#############-----------]  54.17% phase=baseline:coord:train.lr jobs=13/24 failed=0 eta=00:09:00 event=job_done
[progress] [##############----------]  58.33% phase=baseline:coord:train.lr jobs=14/24 failed=0 eta=00:07:36 event=job_done
[progress] [###############---------]  62.50% phase=baseline:coord:train.lr jobs=15/24 failed=0 eta=00:06:23 event=job_done
[progress] [################--------]  66.67% phase=baseline:coord:train.lr jobs=16/24 failed=0 eta=00:05:19 event=job_done
[progress] [#################-------]  70.83% phase=baseline:coord:train.lr jobs=17/24 failed=0 eta=00:05:23 event=job_done
[progress] [##################------]  75.00% phase=baseline:coord:train.lr jobs=18/24 failed=0 eta=00:04:22 event=job_done
[progress] [###################-----]  79.17% phase=baseline:coord:train.lr jobs=19/24 failed=0 eta=00:03:27 event=job_done
[progress] [####################----]  83.33% phase=baseline:coord:train.lr jobs=20/24 failed=0 eta=00:02:37 event=job_done
[progress] [#####################---]  87.50% phase=baseline:coord:train.lr jobs=21/24 failed=0 eta=00:02:12 event=job_done
[progress] [######################--]  91.67% phase=baseline:coord:train.lr jobs=22/24 failed=0 eta=00:01:24 event=job_done
[progress] [#######################-]  95.83% phase=baseline:coord:train.lr jobs=23/24 failed=0 eta=00:00:40 event=job_done
[progress] [########################] 100.00% phase=baseline:coord:train.lr jobs=24/24 failed=0 eta=n/a event=job_done
[progress] [########################] 100.00% phase=- jobs=24/24 failed=0 eta=n/a event=phase_end
[baseline:coord:train.weight_decay] launch jobs=24 gpus=[0]
[progress] [############------------]  50.00% phase=- jobs=24/48 failed=0 eta=00:15:32 event=plan_add
[progress] [############------------]  50.00% phase=baseline:coord:train.weight_decay jobs=24/48 failed=0 eta=00:15:32 event=phase_start
[baseline:coord:train.weight_decay] group launch jobs=24 slots={0: 4}
[progress] [############------------]  52.08% phase=baseline:coord:train.weight_decay jobs=25/48 failed=0 eta=00:17:04 event=job_done
[progress] [#############-----------]  54.17% phase=baseline:coord:train.weight_decay jobs=26/48 failed=0 eta=00:15:42 event=job_done
[progress] [##############----------]  56.25% phase=baseline:coord:train.weight_decay jobs=27/48 failed=0 eta=00:14:26 event=job_done
[progress] [##############----------]  58.33% phase=baseline:coord:train.weight_decay jobs=28/48 failed=0 eta=00:13:15 event=job_done
[progress] [##############----------]  60.42% phase=baseline:coord:train.weight_decay jobs=29/48 failed=0 eta=00:13:46 event=job_done
[progress] [###############---------]  62.50% phase=baseline:coord:train.weight_decay jobs=30/48 failed=0 eta=00:12:36 event=job_done
[progress] [###############---------]  64.58% phase=baseline:coord:train.weight_decay jobs=31/48 failed=0 eta=00:11:31 event=job_done
[progress] [################--------]  66.67% phase=baseline:coord:train.weight_decay jobs=32/48 failed=0 eta=00:10:30 event=job_done
[progress] [################--------]  68.75% phase=baseline:coord:train.weight_decay jobs=33/48 failed=0 eta=00:10:39 event=job_done
[progress] [#################-------]  70.83% phase=baseline:coord:train.weight_decay jobs=34/48 failed=0 eta=00:09:39 event=job_done
[progress] [##################------]  72.92% phase=baseline:coord:train.weight_decay jobs=35/48 failed=0 eta=00:08:42 event=job_done
[progress] [##################------]  75.00% phase=baseline:coord:train.weight_decay jobs=36/48 failed=0 eta=00:07:49 event=job_done
[progress] [##################------]  77.08% phase=baseline:coord:train.weight_decay jobs=37/48 failed=0 eta=00:07:43 event=job_done
[progress] [###################-----]  79.17% phase=baseline:coord:train.weight_decay jobs=38/48 failed=0 eta=00:06:50 event=job_done
[progress] [####################----]  81.25% phase=baseline:coord:train.weight_decay jobs=39/48 failed=0 eta=00:05:59 event=job_done
[progress] [####################----]  83.33% phase=baseline:coord:train.weight_decay jobs=40/48 failed=0 eta=00:05:11 event=job_done
[progress] [####################----]  85.42% phase=baseline:coord:train.weight_decay jobs=41/48 failed=0 eta=00:04:51 event=job_done
[progress] [#####################---]  87.50% phase=baseline:coord:train.weight_decay jobs=42/48 failed=0 eta=00:04:03 event=job_done
[progress] [######################--]  89.58% phase=baseline:coord:train.weight_decay jobs=43/48 failed=0 eta=00:03:18 event=job_done
[progress] [######################--]  91.67% phase=baseline:coord:train.weight_decay jobs=44/48 failed=0 eta=00:02:35 event=job_done
[progress] [######################--]  93.75% phase=baseline:coord:train.weight_decay jobs=45/48 failed=0 eta=00:02:03 event=job_done
[progress] [#######################-]  95.83% phase=baseline:coord:train.weight_decay jobs=46/48 failed=0 eta=00:01:20 event=job_done
[progress] [########################]  97.92% phase=baseline:coord:train.weight_decay jobs=47/48 failed=0 eta=00:00:39 event=job_done
[progress] [########################] 100.00% phase=baseline:coord:train.weight_decay jobs=48/48 failed=0 eta=n/a event=job_done
[progress] [########################] 100.00% phase=- jobs=48/48 failed=0 eta=n/a event=phase_end
[baseline:coord:train.grad_clip] launch jobs=24 gpus=[0]
[progress] [################--------]  66.67% phase=- jobs=48/72 failed=0 eta=00:15:27 event=plan_add
[progress] [################--------]  66.67% phase=baseline:coord:train.grad_clip jobs=48/72 failed=0 eta=00:15:27 event=phase_start
[baseline:coord:train.grad_clip] group launch jobs=24 slots={0: 4}
[progress] [################--------]  68.06% phase=baseline:coord:train.grad_clip jobs=49/72 failed=0 eta=00:15:58 event=job_done
[progress] [#################-------]  69.44% phase=baseline:coord:train.grad_clip jobs=50/72 failed=0 eta=00:14:58 event=job_done
[progress] [#################-------]  70.83% phase=baseline:coord:train.grad_clip jobs=51/72 failed=0 eta=00:14:01 event=job_done
[progress] [#################-------]  72.22% phase=baseline:coord:train.grad_clip jobs=52/72 failed=0 eta=00:13:05 event=job_done
[progress] [##################------]  73.61% phase=baseline:coord:train.grad_clip jobs=53/72 failed=0 eta=00:13:05 event=job_done
[progress] [##################------]  75.00% phase=baseline:coord:train.grad_clip jobs=54/72 failed=0 eta=00:12:10 event=job_done
[progress] [##################------]  76.39% phase=baseline:coord:train.grad_clip jobs=55/72 failed=0 eta=00:11:17 event=job_done
[progress] [###################-----]  77.78% phase=baseline:coord:train.grad_clip jobs=56/72 failed=0 eta=00:10:26 event=job_done
[progress] [###################-----]  79.17% phase=baseline:coord:train.grad_clip jobs=57/72 failed=0 eta=00:10:14 event=job_done
[progress] [###################-----]  80.56% phase=baseline:coord:train.grad_clip jobs=58/72 failed=0 eta=00:09:24 event=job_done
[progress] [####################----]  81.94% phase=baseline:coord:train.grad_clip jobs=59/72 failed=0 eta=00:08:34 event=job_done
[progress] [####################----]  83.33% phase=baseline:coord:train.grad_clip jobs=60/72 failed=0 eta=00:07:47 event=job_done
[progress] [####################----]  84.72% phase=baseline:coord:train.grad_clip jobs=61/72 failed=0 eta=00:07:26 event=job_done
[progress] [#####################---]  86.11% phase=baseline:coord:train.grad_clip jobs=62/72 failed=0 eta=00:06:39 event=job_done
[progress] [#####################---]  87.50% phase=baseline:coord:train.grad_clip jobs=63/72 failed=0 eta=00:05:54 event=job_done
[progress] [#####################---]  88.89% phase=baseline:coord:train.grad_clip jobs=64/72 failed=0 eta=00:05:10 event=job_done
[progress] [######################--]  90.28% phase=baseline:coord:train.grad_clip jobs=65/72 failed=0 eta=00:04:41 event=job_done
[progress] [######################--]  91.67% phase=baseline:coord:train.grad_clip jobs=66/72 failed=0 eta=00:03:58 event=job_done
[progress] [######################--]  93.06% phase=baseline:coord:train.grad_clip jobs=67/72 failed=0 eta=00:03:15 event=job_done
[progress] [#######################-]  94.44% phase=baseline:coord:train.grad_clip jobs=68/72 failed=0 eta=00:02:34 event=job_done
[progress] [#######################-]  95.83% phase=baseline:coord:train.grad_clip jobs=69/72 failed=0 eta=00:01:59 event=job_done
[progress] [#######################-]  97.22% phase=baseline:coord:train.grad_clip jobs=70/72 failed=0 eta=00:01:18 event=job_done
[progress] [########################]  98.61% phase=baseline:coord:train.grad_clip jobs=71/72 failed=0 eta=00:00:38 event=job_done
[progress] [########################] 100.00% phase=baseline:coord:train.grad_clip jobs=72/72 failed=0 eta=n/a event=job_done
[progress] [########################] 100.00% phase=- jobs=72/72 failed=0 eta=n/a event=phase_end
[baseline:local_var_topk] launch jobs=54 gpus=[0]
[progress] [##############----------]  57.14% phase=- jobs=72/126 failed=0 eta=00:34:29 event=plan_add
[progress] [##############----------]  57.14% phase=baseline:local_var_topk jobs=72/126 failed=0 eta=00:34:29 event=phase_start
[baseline:local_var_topk] group launch jobs=54 slots={0: 4}
[progress] [##############----------]  57.94% phase=baseline:local_var_topk jobs=73/126 failed=0 eta=00:35:36 event=job_done
[progress] [##############----------]  58.73% phase=baseline:local_var_topk jobs=74/126 failed=0 eta=00:34:27 event=job_done
[progress] [##############----------]  59.52% phase=baseline:local_var_topk jobs=75/126 failed=0 eta=00:33:21 event=job_done
[progress] [##############----------]  60.32% phase=baseline:local_var_topk jobs=76/126 failed=0 eta=00:32:16 event=job_done
[progress] [###############---------]  61.11% phase=baseline:local_var_topk jobs=77/126 failed=0 eta=00:32:48 event=job_done
[progress] [###############---------]  61.90% phase=baseline:local_var_topk jobs=78/126 failed=0 eta=00:31:43 event=job_done
[progress] [###############---------]  62.70% phase=baseline:local_var_topk jobs=79/126 failed=0 eta=00:30:40 event=job_done
[progress] [###############---------]  63.49% phase=baseline:local_var_topk jobs=80/126 failed=0 eta=00:29:38 event=job_done
[progress] [###############---------]  64.29% phase=baseline:local_var_topk jobs=81/126 failed=0 eta=00:30:01 event=job_done
[progress] [################--------]  65.08% phase=baseline:local_var_topk jobs=82/126 failed=0 eta=00:29:00 event=job_done
[progress] [################--------]  65.87% phase=baseline:local_var_topk jobs=83/126 failed=0 eta=00:28:00 event=job_done
[progress] [################--------]  66.67% phase=baseline:local_var_topk jobs=84/126 failed=0 eta=00:27:02 event=job_done
[progress] [################--------]  67.46% phase=baseline:local_var_topk jobs=85/126 failed=0 eta=00:27:16 event=job_done
[progress] [################--------]  68.25% phase=baseline:local_var_topk jobs=86/126 failed=0 eta=00:26:18 event=job_done
[progress] [#################-------]  69.05% phase=baseline:local_var_topk jobs=87/126 failed=0 eta=00:25:21 event=job_done
[progress] [#################-------]  69.84% phase=baseline:local_var_topk jobs=88/126 failed=0 eta=00:24:25 event=job_done
[progress] [#################-------]  70.63% phase=baseline:local_var_topk jobs=89/126 failed=0 eta=00:24:34 event=job_done
[progress] [#################-------]  71.43% phase=baseline:local_var_topk jobs=90/126 failed=0 eta=00:23:38 event=job_done
[progress] [#################-------]  72.22% phase=baseline:local_var_topk jobs=91/126 failed=0 eta=00:22:44 event=job_done
[progress] [##################------]  73.02% phase=baseline:local_var_topk jobs=92/126 failed=0 eta=00:21:51 event=job_done
[progress] [##################------]  73.81% phase=baseline:local_var_topk jobs=93/126 failed=0 eta=00:21:50 event=job_done
[progress] [##################------]  74.60% phase=baseline:local_var_topk jobs=94/126 failed=0 eta=00:20:57 event=job_done
[progress] [##################------]  75.40% phase=baseline:local_var_topk jobs=95/126 failed=0 eta=00:20:05 event=job_done
[progress] [##################------]  76.19% phase=baseline:local_var_topk jobs=96/126 failed=0 eta=00:19:14 event=job_done
[progress] [##################------]  76.98% phase=baseline:local_var_topk jobs=97/126 failed=0 eta=00:19:07 event=job_done
[progress] [###################-----]  77.78% phase=baseline:local_var_topk jobs=98/126 failed=0 eta=00:18:17 event=job_done
[progress] [###################-----]  78.57% phase=baseline:local_var_topk jobs=99/126 failed=0 eta=00:17:27 event=job_done
[progress] [###################-----]  79.37% phase=baseline:local_var_topk jobs=100/126 failed=0 eta=00:16:38 event=job_done
[progress] [###################-----]  80.16% phase=baseline:local_var_topk jobs=101/126 failed=0 eta=00:16:25 event=job_done
[progress] [###################-----]  80.95% phase=baseline:local_var_topk jobs=102/126 failed=0 eta=00:15:37 event=job_done
[progress] [####################----]  81.75% phase=baseline:local_var_topk jobs=103/126 failed=0 eta=00:14:49 event=job_done
[progress] [####################----]  82.54% phase=baseline:local_var_topk jobs=104/126 failed=0 eta=00:14:02 event=job_done
[progress] [####################----]  83.33% phase=baseline:local_var_topk jobs=105/126 failed=0 eta=00:13:43 event=job_done
[progress] [####################----]  84.13% phase=baseline:local_var_topk jobs=106/126 failed=0 eta=00:12:58 event=job_done
[progress] [####################----]  84.92% phase=baseline:local_var_topk jobs=107/126 failed=0 eta=00:12:12 event=job_done
[progress] [#####################---]  85.71% phase=baseline:local_var_topk jobs=108/126 failed=0 eta=00:11:27 event=job_done
[progress] [#####################---]  86.51% phase=baseline:local_var_topk jobs=109/126 failed=0 eta=00:11:03 event=job_done
[progress] [#####################---]  87.30% phase=baseline:local_var_topk jobs=110/126 failed=0 eta=00:10:20 event=job_done
[progress] [#####################---]  88.10% phase=baseline:local_var_topk jobs=111/126 failed=0 eta=00:09:36 event=job_done
[progress] [#####################---]  88.89% phase=baseline:local_var_topk jobs=112/126 failed=0 eta=00:08:53 event=job_done
[progress] [######################--]  89.68% phase=baseline:local_var_topk jobs=113/126 failed=0 eta=00:08:24 event=job_done
[progress] [######################--]  90.48% phase=baseline:local_var_topk jobs=114/126 failed=0 eta=00:07:43 event=job_done
[progress] [######################--]  91.27% phase=baseline:local_var_topk jobs=115/126 failed=0 eta=00:07:01 event=job_done
[progress] [######################--]  92.06% phase=baseline:local_var_topk jobs=116/126 failed=0 eta=00:06:19 event=job_done
[progress] [######################--]  92.86% phase=baseline:local_var_topk jobs=117/126 failed=0 eta=00:05:47 event=job_done
[progress] [######################--]  93.65% phase=baseline:local_var_topk jobs=118/126 failed=0 eta=00:05:08 event=job_done
[progress] [#######################-]  94.44% phase=baseline:local_var_topk jobs=119/126 failed=0 eta=00:04:27 event=job_done
[progress] [#######################-]  95.24% phase=baseline:local_var_topk jobs=120/126 failed=0 eta=00:03:47 event=job_done
[progress] [#######################-]  96.03% phase=baseline:local_var_topk jobs=121/126 failed=0 eta=00:03:11 event=job_done
[progress] [#######################-]  96.83% phase=baseline:local_var_topk jobs=122/126 failed=0 eta=00:02:33 event=job_done
[progress] [#######################-]  97.62% phase=baseline:local_var_topk jobs=123/126 failed=0 eta=00:01:54 event=job_done
[progress] [########################]  98.41% phase=baseline:local_var_topk jobs=124/126 failed=0 eta=00:01:15 event=job_done
[progress] [########################]  99.21% phase=baseline:local_var_topk jobs=125/126 failed=0 eta=00:00:37 event=job_done
[progress] [########################] 100.00% phase=baseline:local_var_topk jobs=126/126 failed=0 eta=n/a event=job_done
[progress] [########################] 100.00% phase=- jobs=126/126 failed=0 eta=n/a event=phase_end

[method] ours -> ours
[ours:coord:train.lr] launch jobs=24 gpus=[0]
[progress] [####################----]  84.00% phase=- jobs=126/150 failed=0 eta=00:15:05 event=plan_add
[progress] [####################----]  84.00% phase=ours:coord:train.lr jobs=126/150 failed=0 eta=00:15:05 event=phase_start
[ours:coord:train.lr] group launch jobs=24 slots={0: 4}
[progress] [####################----]  84.67% phase=ours:coord:train.lr jobs=127/150 failed=0 eta=00:14:53 event=job_done
[progress] [####################----]  85.33% phase=ours:coord:train.lr jobs=128/150 failed=0 eta=00:14:08 event=job_done
[progress] [#####################---]  86.00% phase=ours:coord:train.lr jobs=129/150 failed=0 eta=00:13:23 event=job_done
[progress] [#####################---]  86.67% phase=ours:coord:train.lr jobs=130/150 failed=0 eta=00:12:39 event=job_done
[progress] [#####################---]  87.33% phase=ours:coord:train.lr jobs=131/150 failed=0 eta=00:12:16 event=job_done
[progress] [#####################---]  88.00% phase=ours:coord:train.lr jobs=132/150 failed=0 eta=00:11:32 event=job_done
[progress] [#####################---]  88.67% phase=ours:coord:train.lr jobs=133/150 failed=0 eta=00:10:49 event=job_done
[progress] [#####################---]  89.33% phase=ours:coord:train.lr jobs=134/150 failed=0 eta=00:10:06 event=job_done
[progress] [######################--]  90.00% phase=ours:coord:train.lr jobs=135/150 failed=0 eta=00:09:40 event=job_done
[progress] [######################--]  90.67% phase=ours:coord:train.lr jobs=136/150 failed=0 eta=00:08:57 event=job_done
[progress] [######################--]  91.33% phase=ours:coord:train.lr jobs=137/150 failed=0 eta=00:08:15 event=job_done
[progress] [######################--]  92.00% phase=ours:coord:train.lr jobs=138/150 failed=0 eta=00:07:34 event=job_done
[progress] [######################--]  92.67% phase=ours:coord:train.lr jobs=139/150 failed=0 eta=00:07:05 event=job_done
[progress] [######################--]  93.33% phase=ours:coord:train.lr jobs=140/150 failed=0 eta=00:06:23 event=job_done
[progress] [#######################-]  94.00% phase=ours:coord:train.lr jobs=141/150 failed=0 eta=00:05:42 event=job_done
[progress] [#######################-]  94.67% phase=ours:coord:train.lr jobs=142/150 failed=0 eta=00:05:02 event=job_done
[progress] [#######################-]  95.33% phase=ours:coord:train.lr jobs=143/150 failed=0 eta=00:04:30 event=job_done
[progress] [#######################-]  96.00% phase=ours:coord:train.lr jobs=144/150 failed=0 eta=00:03:49 event=job_done
[progress] [#######################-]  96.67% phase=ours:coord:train.lr jobs=145/150 failed=0 eta=00:03:10 event=job_done
[progress] [#######################-]  97.33% phase=ours:coord:train.lr jobs=146/150 failed=0 eta=00:02:31 event=job_done
[progress] [########################]  98.00% phase=ours:coord:train.lr jobs=147/150 failed=0 eta=00:01:55 event=job_done
[progress] [########################]  98.67% phase=ours:coord:train.lr jobs=148/150 failed=0 eta=00:01:16 event=job_done
[progress] [########################]  99.33% phase=ours:coord:train.lr jobs=149/150 failed=0 eta=00:00:38 event=job_done
[progress] [########################] 100.00% phase=ours:coord:train.lr jobs=150/150 failed=0 eta=n/a event=job_done
[progress] [########################] 100.00% phase=- jobs=150/150 failed=0 eta=n/a event=phase_end
[ours:coord:train.weight_decay] launch jobs=24 gpus=[0]
[progress] [#####################---]  86.21% phase=- jobs=150/174 failed=0 eta=00:15:06 event=plan_add
[progress] [#####################---]  86.21% phase=ours:coord:train.weight_decay jobs=150/174 failed=0 eta=00:15:06 event=phase_start
[ours:coord:train.weight_decay] group launch jobs=24 slots={0: 4}
[progress] [#####################---]  86.78% phase=ours:coord:train.weight_decay jobs=151/174 failed=0 eta=00:14:50 event=job_done
[progress] [#####################---]  87.36% phase=ours:coord:train.weight_decay jobs=152/174 failed=0 eta=00:14:05 event=job_done
[progress] [#####################---]  87.93% phase=ours:coord:train.weight_decay jobs=153/174 failed=0 eta=00:13:22 event=job_done
[progress] [#####################---]  88.51% phase=ours:coord:train.weight_decay jobs=154/174 failed=0 eta=00:12:39 event=job_done
[progress] [#####################---]  89.08% phase=ours:coord:train.weight_decay jobs=155/174 failed=0 eta=00:12:14 event=job_done
[progress] [######################--]  89.66% phase=ours:coord:train.weight_decay jobs=156/174 failed=0 eta=00:11:31 event=job_done
[progress] [######################--]  90.23% phase=ours:coord:train.weight_decay jobs=157/174 failed=0 eta=00:10:48 event=job_done
[progress] [######################--]  90.80% phase=ours:coord:train.weight_decay jobs=158/174 failed=0 eta=00:10:06 event=job_done
[progress] [######################--]  91.38% phase=ours:coord:train.weight_decay jobs=159/174 failed=0 eta=00:09:38 event=job_done
[progress] [######################--]  91.95% phase=ours:coord:train.weight_decay jobs=160/174 failed=0 eta=00:08:56 event=job_done
[progress] [######################--]  92.53% phase=ours:coord:train.weight_decay jobs=161/174 failed=0 eta=00:08:15 event=job_done
[progress] [######################--]  93.10% phase=ours:coord:train.weight_decay jobs=162/174 failed=0 eta=00:07:34 event=job_done
[progress] [######################--]  93.68% phase=ours:coord:train.weight_decay jobs=163/174 failed=0 eta=00:07:02 event=job_done
[progress] [#######################-]  94.25% phase=ours:coord:train.weight_decay jobs=164/174 failed=0 eta=00:06:22 event=job_done
[progress] [#######################-]  94.83% phase=ours:coord:train.weight_decay jobs=165/174 failed=0 eta=00:05:42 event=job_done
[progress] [#######################-]  95.40% phase=ours:coord:train.weight_decay jobs=166/174 failed=0 eta=00:05:02 event=job_done
[progress] [#######################-]  95.98% phase=ours:coord:train.weight_decay jobs=167/174 failed=0 eta=00:04:27 event=job_done
[progress] [#######################-]  96.55% phase=ours:coord:train.weight_decay jobs=168/174 failed=0 eta=00:03:48 event=job_done
[progress] [#######################-]  97.13% phase=ours:coord:train.weight_decay jobs=169/174 failed=0 eta=00:03:09 event=job_done
[progress] [#######################-]  97.70% phase=ours:coord:train.weight_decay jobs=170/174 failed=0 eta=00:02:30 event=job_done
[progress] [########################]  98.28% phase=ours:coord:train.weight_decay jobs=171/174 failed=0 eta=00:01:54 event=job_done
[progress] [########################]  98.85% phase=ours:coord:train.weight_decay jobs=172/174 failed=0 eta=00:01:16 event=job_done
[progress] [########################]  99.43% phase=ours:coord:train.weight_decay jobs=173/174 failed=0 eta=00:00:37 event=job_done
[progress] [########################] 100.00% phase=ours:coord:train.weight_decay jobs=174/174 failed=0 eta=n/a event=job_done
[progress] [########################] 100.00% phase=- jobs=174/174 failed=0 eta=n/a event=phase_end
[ours:coord:train.grad_clip] launch jobs=24 gpus=[0]
[progress] [#####################---]  87.88% phase=- jobs=174/198 failed=0 eta=00:15:02 event=plan_add
[progress] [#####################---]  87.88% phase=ours:coord:train.grad_clip jobs=174/198 failed=0 eta=00:15:02 event=phase_start
[ours:coord:train.grad_clip] group launch jobs=24 slots={0: 4}
[progress] [#####################---]  88.38% phase=ours:coord:train.grad_clip jobs=175/198 failed=0 eta=00:14:43 event=job_done
[progress] [#####################---]  88.89% phase=ours:coord:train.grad_clip jobs=176/198 failed=0 eta=00:14:00 event=job_done
[progress] [#####################---]  89.39% phase=ours:coord:train.grad_clip jobs=177/198 failed=0 eta=00:13:17 event=job_done
[progress] [######################--]  89.90% phase=ours:coord:train.grad_clip jobs=178/198 failed=0 eta=00:12:35 event=job_done
[progress] [######################--]  90.40% phase=ours:coord:train.grad_clip jobs=179/198 failed=0 eta=00:12:08 event=job_done
[progress] [######################--]  90.91% phase=ours:coord:train.grad_clip jobs=180/198 failed=0 eta=00:11:26 event=job_done
[progress] [######################--]  91.41% phase=ours:coord:train.grad_clip jobs=181/198 failed=0 eta=00:10:44 event=job_done
[progress] [######################--]  91.92% phase=ours:coord:train.grad_clip jobs=182/198 failed=0 eta=00:10:03 event=job_done
[progress] [######################--]  92.42% phase=ours:coord:train.grad_clip jobs=183/198 failed=0 eta=00:09:34 event=job_done
[progress] [######################--]  92.93% phase=ours:coord:train.grad_clip jobs=184/198 failed=0 eta=00:08:53 event=job_done
[progress] [######################--]  93.43% phase=ours:coord:train.grad_clip jobs=185/198 failed=0 eta=00:08:12 event=job_done
[progress] [#######################-]  93.94% phase=ours:coord:train.grad_clip jobs=186/198 failed=0 eta=00:07:32 event=job_done
[progress] [#######################-]  94.44% phase=ours:coord:train.grad_clip jobs=187/198 failed=0 eta=00:07:00 event=job_done
[progress] [#######################-]  94.95% phase=ours:coord:train.grad_clip jobs=188/198 failed=0 eta=00:06:20 event=job_done
[progress] [#######################-]  95.45% phase=ours:coord:train.grad_clip jobs=189/198 failed=0 eta=00:05:40 event=job_done
[progress] [#######################-]  95.96% phase=ours:coord:train.grad_clip jobs=190/198 failed=0 eta=00:05:01 event=job_done
[progress] [#######################-]  96.46% phase=ours:coord:train.grad_clip jobs=191/198 failed=0 eta=00:04:26 event=job_done
[progress] [#######################-]  96.97% phase=ours:coord:train.grad_clip jobs=192/198 failed=0 eta=00:03:47 event=job_done
[progress] [#######################-]  97.47% phase=ours:coord:train.grad_clip jobs=193/198 failed=0 eta=00:03:08 event=job_done
[progress] [########################]  97.98% phase=ours:coord:train.grad_clip jobs=194/198 failed=0 eta=00:02:30 event=job_done
[progress] [########################]  98.48% phase=ours:coord:train.grad_clip jobs=195/198 failed=0 eta=00:01:53 event=job_done
[progress] [########################]  98.99% phase=ours:coord:train.grad_clip jobs=196/198 failed=0 eta=00:01:15 event=job_done
[progress] [########################]  99.49% phase=ours:coord:train.grad_clip jobs=197/198 failed=0 eta=00:00:37 event=job_done
[progress] [########################] 100.00% phase=ours:coord:train.grad_clip jobs=198/198 failed=0 eta=n/a event=job_done
[progress] [########################] 100.00% phase=- jobs=198/198 failed=0 eta=n/a event=phase_end
[ours:coord:method.ours.lambda_align] launch jobs=24 gpus=[0]
[progress] [#####################---]  89.19% phase=- jobs=198/222 failed=0 eta=00:14:59 event=plan_add
[progress] [#####################---]  89.19% phase=ours:coord:method.ours.lambda_align jobs=198/222 failed=0 eta=00:14:59 event=phase_start
[ours:coord:method.ours.lambda_align] group launch jobs=24 slots={0: 4}
[progress] [######################--]  89.64% phase=ours:coord:method.ours.lambda_align jobs=199/222 failed=0 eta=00:14:38 event=job_done
[progress] [######################--]  90.09% phase=ours:coord:method.ours.lambda_align jobs=200/222 failed=0 eta=00:13:56 event=job_done
[progress] [######################--]  90.54% phase=ours:coord:method.ours.lambda_align jobs=201/222 failed=0 eta=00:13:14 event=job_done
[progress] [######################--]  90.99% phase=ours:coord:method.ours.lambda_align jobs=202/222 failed=0 eta=00:12:32 event=job_done
[progress] [######################--]  91.44% phase=ours:coord:method.ours.lambda_align jobs=203/222 failed=0 eta=00:12:05 event=job_done
[progress] [######################--]  91.89% phase=ours:coord:method.ours.lambda_align jobs=204/222 failed=0 eta=00:11:23 event=job_done
[progress] [######################--]  92.34% phase=ours:coord:method.ours.lambda_align jobs=205/222 failed=0 eta=00:10:42 event=job_done
[progress] [######################--]  92.79% phase=ours:coord:method.ours.lambda_align jobs=206/222 failed=0 eta=00:10:01 event=job_done
[progress] [######################--]  93.24% phase=ours:coord:method.ours.lambda_align jobs=207/222 failed=0 eta=00:09:32 event=job_done
[progress] [######################--]  93.69% phase=ours:coord:method.ours.lambda_align jobs=208/222 failed=0 eta=00:08:51 event=job_done
[progress] [#######################-]  94.14% phase=ours:coord:method.ours.lambda_align jobs=209/222 failed=0 eta=00:08:11 event=job_done
[progress] [#######################-]  94.59% phase=ours:coord:method.ours.lambda_align jobs=210/222 failed=0 eta=00:07:31 event=job_done
[progress] [#######################-]  95.05% phase=ours:coord:method.ours.lambda_align jobs=211/222 failed=0 eta=00:06:59 event=job_done
[progress] [#######################-]  95.50% phase=ours:coord:method.ours.lambda_align jobs=212/222 failed=0 eta=00:06:19 event=job_done
[progress] [#######################-]  95.95% phase=ours:coord:method.ours.lambda_align jobs=213/222 failed=0 eta=00:05:39 event=job_done
[progress] [#######################-]  96.40% phase=ours:coord:method.ours.lambda_align jobs=214/222 failed=0 eta=00:05:00 event=job_done
[progress] [#######################-]  96.85% phase=ours:coord:method.ours.lambda_align jobs=215/222 failed=0 eta=00:04:26 event=job_done
[progress] [#######################-]  97.30% phase=ours:coord:method.ours.lambda_align jobs=216/222 failed=0 eta=00:03:47 event=job_done
[progress] [#######################-]  97.75% phase=ours:coord:method.ours.lambda_align jobs=217/222 failed=0 eta=00:03:08 event=job_done
[progress] [########################]  98.20% phase=ours:coord:method.ours.lambda_align jobs=218/222 failed=0 eta=00:02:30 event=job_done
[progress] [########################]  98.65% phase=ours:coord:method.ours.lambda_align jobs=219/222 failed=0 eta=00:01:53 event=job_done
[progress] [########################]  99.10% phase=ours:coord:method.ours.lambda_align jobs=220/222 failed=0 eta=00:01:15 event=job_done
[progress] [########################]  99.55% phase=ours:coord:method.ours.lambda_align jobs=221/222 failed=0 eta=00:00:37 event=job_done
[progress] [########################] 100.00% phase=ours:coord:method.ours.lambda_align jobs=222/222 failed=0 eta=n/a event=job_done
[progress] [########################] 100.00% phase=- jobs=222/222 failed=0 eta=n/a event=phase_end
[ours:local_var_topk] launch jobs=54 gpus=[0]
[progress] [###################-----]  80.43% phase=- jobs=222/276 failed=0 eta=00:33:45 event=plan_add
[progress] [###################-----]  80.43% phase=ours:local_var_topk jobs=222/276 failed=0 eta=00:33:45 event=phase_start
[ours:local_var_topk] group launch jobs=54 slots={0: 4}
[progress] [###################-----]  80.80% phase=ours:local_var_topk jobs=223/276 failed=0 eta=00:33:41 event=job_done
[progress] [###################-----]  81.16% phase=ours:local_var_topk jobs=224/276 failed=0 eta=00:32:54 event=job_done
[progress] [####################----]  81.52% phase=ours:local_var_topk jobs=225/276 failed=0 eta=00:32:08 event=job_done
[progress] [####################----]  81.88% phase=ours:local_var_topk jobs=226/276 failed=0 eta=00:31:21 event=job_done
[progress] [####################----]  82.25% phase=ours:local_var_topk jobs=227/276 failed=0 eta=00:31:07 event=job_done
[progress] [####################----]  82.61% phase=ours:local_var_topk jobs=228/276 failed=0 eta=00:30:21 event=job_done
[progress] [####################----]  82.97% phase=ours:local_var_topk jobs=229/276 failed=0 eta=00:29:36 event=job_done
[progress] [####################----]  83.33% phase=ours:local_var_topk jobs=230/276 failed=0 eta=00:28:50 event=job_done
[progress] [####################----]  83.70% phase=ours:local_var_topk jobs=231/276 failed=0 eta=00:28:32 event=job_done
[progress] [####################----]  84.06% phase=ours:local_var_topk jobs=232/276 failed=0 eta=00:27:48 event=job_done
[progress] [####################----]  84.42% phase=ours:local_var_topk jobs=233/276 failed=0 eta=00:27:03 event=job_done
[progress] [####################----]  84.78% phase=ours:local_var_topk jobs=234/276 failed=0 eta=00:26:18 event=job_done
[progress] [####################----]  85.14% phase=ours:local_var_topk jobs=235/276 failed=0 eta=00:25:57 event=job_done
[progress] [#####################---]  85.51% phase=ours:local_var_topk jobs=236/276 failed=0 eta=00:25:14 event=job_done
[progress] [#####################---]  85.87% phase=ours:local_var_topk jobs=237/276 failed=0 eta=00:24:30 event=job_done
[progress] [#####################---]  86.23% phase=ours:local_var_topk jobs=238/276 failed=0 eta=00:23:46 event=job_done
[progress] [#####################---]  86.59% phase=ours:local_var_topk jobs=239/276 failed=0 eta=00:23:22 event=job_done
[progress] [#####################---]  86.96% phase=ours:local_var_topk jobs=240/276 failed=0 eta=00:22:40 event=job_done
[progress] [#####################---]  87.32% phase=ours:local_var_topk jobs=241/276 failed=0 eta=00:21:57 event=job_done
[progress] [#####################---]  87.68% phase=ours:local_var_topk jobs=242/276 failed=0 eta=00:21:14 event=job_done
[progress] [#####################---]  88.04% phase=ours:local_var_topk jobs=243/276 failed=0 eta=00:20:47 event=job_done
[progress] [#####################---]  88.41% phase=ours:local_var_topk jobs=244/276 failed=0 eta=00:20:07 event=job_done
[progress] [#####################---]  88.77% phase=ours:local_var_topk jobs=245/276 failed=0 eta=00:19:25 event=job_done
[progress] [#####################---]  89.13% phase=ours:local_var_topk jobs=246/276 failed=0 eta=00:18:43 event=job_done
[progress] [#####################---]  89.49% phase=ours:local_var_topk jobs=247/276 failed=0 eta=00:18:13 event=job_done
[progress] [######################--]  89.86% phase=ours:local_var_topk jobs=248/276 failed=0 eta=00:17:34 event=job_done
[progress] [######################--]  90.22% phase=ours:local_var_topk jobs=249/276 failed=0 eta=00:16:53 event=job_done
[progress] [######################--]  90.58% phase=ours:local_var_topk jobs=250/276 failed=0 eta=00:16:12 event=job_done
[progress] [######################--]  90.94% phase=ours:local_var_topk jobs=251/276 failed=0 eta=00:15:39 event=job_done
[progress] [######################--]  91.30% phase=ours:local_var_topk jobs=252/276 failed=0 eta=00:15:02 event=job_done
[progress] [######################--]  91.67% phase=ours:local_var_topk jobs=253/276 failed=0 eta=00:14:22 event=job_done
[progress] [######################--]  92.03% phase=ours:local_var_topk jobs=254/276 failed=0 eta=00:13:41 event=job_done
[progress] [######################--]  92.39% phase=ours:local_var_topk jobs=255/276 failed=0 eta=00:13:07 event=job_done
[progress] [######################--]  92.75% phase=ours:local_var_topk jobs=256/276 failed=0 eta=00:12:30 event=job_done
[progress] [######################--]  93.12% phase=ours:local_var_topk jobs=257/276 failed=0 eta=00:11:51 event=job_done
[progress] [######################--]  93.48% phase=ours:local_var_topk jobs=258/276 failed=0 eta=00:11:11 event=job_done
[progress] [#######################-]  93.84% phase=ours:local_var_topk jobs=259/276 failed=0 eta=00:10:35 event=job_done
[progress] [#######################-]  94.20% phase=ours:local_var_topk jobs=260/276 failed=0 eta=00:09:58 event=job_done
[progress] [#######################-]  94.57% phase=ours:local_var_topk jobs=261/276 failed=0 eta=00:09:20 event=job_done
[progress] [#######################-]  94.93% phase=ours:local_var_topk jobs=262/276 failed=0 eta=00:08:41 event=job_done
[progress] [#######################-]  95.29% phase=ours:local_var_topk jobs=263/276 failed=0 eta=00:08:05 event=job_done
[progress] [#######################-]  95.65% phase=ours:local_var_topk jobs=264/276 failed=0 eta=00:07:27 event=job_done
[progress] [#######################-]  96.01% phase=ours:local_var_topk jobs=265/276 failed=0 eta=00:06:50 event=job_done
[progress] [#######################-]  96.38% phase=ours:local_var_topk jobs=266/276 failed=0 eta=00:06:11 event=job_done
[progress] [#######################-]  96.74% phase=ours:local_var_topk jobs=267/276 failed=0 eta=00:05:35 event=job_done
[progress] [#######################-]  97.10% phase=ours:local_var_topk jobs=268/276 failed=0 eta=00:04:57 event=job_done
[progress] [#######################-]  97.46% phase=ours:local_var_topk jobs=269/276 failed=0 eta=00:04:20 event=job_done
[progress] [#######################-]  97.83% phase=ours:local_var_topk jobs=270/276 failed=0 eta=00:03:42 event=job_done
[progress] [########################]  98.19% phase=ours:local_var_topk jobs=271/276 failed=0 eta=00:03:05 event=job_done
[progress] [########################]  98.55% phase=ours:local_var_topk jobs=272/276 failed=0 eta=00:02:28 event=job_done
[progress] [########################]  98.91% phase=ours:local_var_topk jobs=273/276 failed=0 eta=00:01:51 event=job_done
[progress] [########################]  99.28% phase=ours:local_var_topk jobs=274/276 failed=0 eta=00:01:14 event=job_done
[progress] [########################]  99.64% phase=ours:local_var_topk jobs=275/276 failed=0 eta=00:00:37 event=job_done
[progress] [########################] 100.00% phase=ours:local_var_topk jobs=276/276 failed=0 eta=n/a event=job_done
[progress] [########################] 100.00% phase=- jobs=276/276 failed=0 eta=n/a event=phase_end
saved csv -> /root/Optimization/MOE-grad-conflict-routing/runs/paper_suite_supplement/appendix/rank/multi_glue3_roberta_r32_lora_e4_k2/hpo/hpo_best_params.csv
saved plot -> /root/Optimization/MOE-grad-conflict-routing/runs/paper_suite_supplement/appendix/rank/multi_glue3_roberta_r32_lora_e4_k2/hpo/hpo_best_scores.png
[final:baseline] launch jobs=5 gpus=[0]
[progress] [########################]  98.22% phase=- jobs=276/281 failed=0 eta=00:03:04 event=plan_add
[progress] [########################]  98.22% phase=final:baseline jobs=276/281 failed=0 eta=00:03:04 event=phase_start
[final:baseline] group launch jobs=5 slots={0: 4}
[progress] [########################]  98.58% phase=final:baseline jobs=277/281 failed=0 eta=00:02:37 event=job_done
[progress] [########################]  98.93% phase=final:baseline jobs=278/281 failed=0 eta=00:01:57 event=job_done
[progress] [########################]  99.29% phase=final:baseline jobs=279/281 failed=0 eta=00:01:18 event=job_done
[progress] [########################]  99.64% phase=final:baseline jobs=280/281 failed=0 eta=00:00:39 event=job_done
[progress] [########################] 100.00% phase=final:baseline jobs=281/281 failed=0 eta=n/a event=job_done
[progress] [########################] 100.00% phase=- jobs=281/281 failed=0 eta=n/a event=phase_end
[final:ours] launch jobs=5 gpus=[0]
[progress] [########################]  98.25% phase=- jobs=281/286 failed=0 eta=00:03:18 event=plan_add
[progress] [########################]  98.25% phase=final:ours jobs=281/286 failed=0 eta=00:03:18 event=phase_start
[final:ours] group launch jobs=5 slots={0: 4}
[progress] [########################]  98.60% phase=final:ours jobs=282/286 failed=0 eta=00:02:48 event=job_done
[progress] [########################]  98.95% phase=final:ours jobs=283/286 failed=0 eta=00:02:06 event=job_done
[progress] [########################]  99.30% phase=final:ours jobs=284/286 failed=0 eta=00:01:23 event=job_done
[progress] [########################]  99.65% phase=final:ours jobs=285/286 failed=0 eta=00:00:41 event=job_done
[progress] [########################] 100.00% phase=final:ours jobs=286/286 failed=0 eta=n/a event=job_done
[progress] [########################] 100.00% phase=- jobs=286/286 failed=0 eta=n/a event=phase_end
saved plot -> /root/Optimization/MOE-grad-conflict-routing/runs/paper_suite_supplement/appendix/rank/multi_glue3_roberta_r32_lora_e4_k2/final/seed_mean_band_std.png
saved val-only plot -> /root/Optimization/MOE-grad-conflict-routing/runs/paper_suite_supplement/appendix/rank/multi_glue3_roberta_r32_lora_e4_k2/final/seed_mean_band_std_val_only.png
saved summary -> /root/Optimization/MOE-grad-conflict-routing/runs/paper_suite_supplement/appendix/rank/multi_glue3_roberta_r32_lora_e4_k2/final/seed_mean_band_std_summary.json
saved val table -> /root/Optimization/MOE-grad-conflict-routing/runs/paper_suite_supplement/appendix/rank/multi_glue3_roberta_r32_lora_e4_k2/final/seed_mean_band_val_last.csv
saved -> /root/Optimization/MOE-grad-conflict-routing/runs/paper_suite_supplement/appendix/rank/multi_glue3_roberta_r32_lora_e4_k2/final/router_load_summary.csv
saved manifest -> /root/Optimization/MOE-grad-conflict-routing/runs/paper_suite_supplement/appendix/rank/multi_glue3_roberta_r32_lora_e4_k2/final/paper_metrics_manifest.json
saved manifest -> /root/Optimization/MOE-grad-conflict-routing/runs/paper_suite_supplement/appendix/rank/multi_glue3_roberta_r32_lora_e4_k2/final/mvp_plot_manifest.json
generated charts -> 12
[progress] [########################] 100.00% phase=- jobs=286/286 failed=0 eta=n/a event=pipeline_done

[pipeline done] out_dir=/root/Optimization/MOE-grad-conflict-routing/runs/paper_suite_supplement/appendix/rank/multi_glue3_roberta_r32_lora_e4_k2
[hpo best] /root/Optimization/MOE-grad-conflict-routing/runs/paper_suite_supplement/appendix/rank/multi_glue3_roberta_r32_lora_e4_k2/hpo/best_configs.json
[final agg] /root/Optimization/MOE-grad-conflict-routing/runs/paper_suite_supplement/appendix/rank/multi_glue3_roberta_r32_lora_e4_k2/final/final_agg.csv
[progress] /root/Optimization/MOE-grad-conflict-routing/runs/paper_suite_supplement/appendix/rank/multi_glue3_roberta_r32_lora_e4_k2/status/progress.json
[gpu logs] /root/Optimization/MOE-grad-conflict-routing/runs/paper_suite_supplement/appendix/rank/multi_glue3_roberta_r32_lora_e4_k2/logs/gpu
[worker failures] /root/Optimization/MOE-grad-conflict-routing/runs/paper_suite_supplement/appendix/rank/multi_glue3_roberta_r32_lora_e4_k2/status/worker_failures.jsonl
[appendix/more-expert] start
[group:appendix][3] appendix/more_expert/glue3/roberta/lora/e6/k3

[method] baseline -> baseline_avg
[baseline:coord:train.lr] launch jobs=24 gpus=[0]
[progress] [------------------------]   0.00% phase=- jobs=0/24 failed=0 eta=n/a event=plan_add
[progress] [------------------------]   0.00% phase=baseline:coord:train.lr jobs=0/24 failed=0 eta=n/a event=phase_start
[baseline:coord:train.lr] group launch jobs=24 slots={0: 4}
[progress] [#-----------------------]   4.17% phase=baseline:coord:train.lr jobs=1/24 failed=0 eta=01:10:27 event=job_done
[progress] [##----------------------]   8.33% phase=baseline:coord:train.lr jobs=2/24 failed=0 eta=00:33:42 event=job_done
[progress] [###---------------------]  12.50% phase=baseline:coord:train.lr jobs=3/24 failed=0 eta=00:21:27 event=job_done
[progress] [####--------------------]  16.67% phase=baseline:coord:train.lr jobs=4/24 failed=0 eta=00:15:20 event=job_done
[progress] [#####-------------------]  20.83% phase=baseline:coord:train.lr jobs=5/24 failed=0 eta=00:21:00 event=job_done
[progress] [######------------------]  25.00% phase=baseline:coord:train.lr jobs=6/24 failed=0 eta=00:16:36 event=job_done
[progress] [#######-----------------]  29.17% phase=baseline:coord:train.lr jobs=7/24 failed=0 eta=00:13:28 event=job_done
[progress] [########----------------]  33.33% phase=baseline:coord:train.lr jobs=8/24 failed=0 eta=00:11:08 event=job_done
[progress] [#########---------------]  37.50% phase=baseline:coord:train.lr jobs=9/24 failed=0 eta=00:13:20 event=job_done
[progress] [##########--------------]  41.67% phase=baseline:coord:train.lr jobs=10/24 failed=0 eta=00:11:15 event=job_done
[progress] [###########-------------]  45.83% phase=baseline:coord:train.lr jobs=11/24 failed=0 eta=00:09:30 event=job_done
[progress] [############------------]  50.00% phase=baseline:coord:train.lr jobs=12/24 failed=0 eta=00:08:02 event=job_done
[progress] [#############-----------]  54.17% phase=baseline:coord:train.lr jobs=13/24 failed=0 eta=00:08:47 event=job_done
[progress] [##############----------]  58.33% phase=baseline:coord:train.lr jobs=14/24 failed=0 eta=00:07:27 event=job_done
[progress] [###############---------]  62.50% phase=baseline:coord:train.lr jobs=15/24 failed=0 eta=00:06:16 event=job_done
[progress] [################--------]  66.67% phase=baseline:coord:train.lr jobs=16/24 failed=0 eta=00:05:13 event=job_done
[progress] [#################-------]  70.83% phase=baseline:coord:train.lr jobs=17/24 failed=0 eta=00:05:14 event=job_done
[progress] [##################------]  75.00% phase=baseline:coord:train.lr jobs=18/24 failed=0 eta=00:04:17 event=job_done
[progress] [###################-----]  79.17% phase=baseline:coord:train.lr jobs=19/24 failed=0 eta=00:03:22 event=job_done
[progress] [####################----]  83.33% phase=baseline:coord:train.lr jobs=20/24 failed=0 eta=00:02:34 event=job_done
[progress] [#####################---]  87.50% phase=baseline:coord:train.lr jobs=21/24 failed=0 eta=00:02:09 event=job_done
[progress] [######################--]  91.67% phase=baseline:coord:train.lr jobs=22/24 failed=0 eta=00:01:23 event=job_done
[progress] [#######################-]  95.83% phase=baseline:coord:train.lr jobs=23/24 failed=0 eta=00:00:39 event=job_done
[progress] [########################] 100.00% phase=baseline:coord:train.lr jobs=24/24 failed=0 eta=n/a event=job_done
[progress] [########################] 100.00% phase=- jobs=24/24 failed=0 eta=n/a event=phase_end
[baseline:coord:train.weight_decay] launch jobs=24 gpus=[0]
[progress] [############------------]  50.00% phase=- jobs=24/48 failed=0 eta=00:15:13 event=plan_add
[progress] [############------------]  50.00% phase=baseline:coord:train.weight_decay jobs=24/48 failed=0 eta=00:15:13 event=phase_start
[baseline:coord:train.weight_decay] group launch jobs=24 slots={0: 4}
[progress] [############------------]  52.08% phase=baseline:coord:train.weight_decay jobs=25/48 failed=0 eta=00:16:52 event=job_done
[progress] [#############-----------]  54.17% phase=baseline:coord:train.weight_decay jobs=26/48 failed=0 eta=00:15:31 event=job_done
[progress] [##############----------]  56.25% phase=baseline:coord:train.weight_decay jobs=27/48 failed=0 eta=00:14:16 event=job_done
[progress] [##############----------]  58.33% phase=baseline:coord:train.weight_decay jobs=28/48 failed=0 eta=00:13:06 event=job_done
[progress] [##############----------]  60.42% phase=baseline:coord:train.weight_decay jobs=29/48 failed=0 eta=00:13:42 event=job_done
[progress] [###############---------]  62.50% phase=baseline:coord:train.weight_decay jobs=30/48 failed=0 eta=00:12:33 event=job_done
[progress] [###############---------]  64.58% phase=baseline:coord:train.weight_decay jobs=31/48 failed=0 eta=00:11:28 event=job_done
[progress] [################--------]  66.67% phase=baseline:coord:train.weight_decay jobs=32/48 failed=0 eta=00:10:27 event=job_done
[progress] [################--------]  68.75% phase=baseline:coord:train.weight_decay jobs=33/48 failed=0 eta=00:10:38 event=job_done
[progress] [#################-------]  70.83% phase=baseline:coord:train.weight_decay jobs=34/48 failed=0 eta=00:09:38 event=job_done
[progress] [##################------]  72.92% phase=baseline:coord:train.weight_decay jobs=35/48 failed=0 eta=00:08:41 event=job_done
[progress] [##################------]  75.00% phase=baseline:coord:train.weight_decay jobs=36/48 failed=0 eta=00:07:48 event=job_done
[progress] [##################------]  77.08% phase=baseline:coord:train.weight_decay jobs=37/48 failed=0 eta=00:07:41 event=job_done
[progress] [###################-----]  79.17% phase=baseline:coord:train.weight_decay jobs=38/48 failed=0 eta=00:06:48 event=job_done
[progress] [####################----]  81.25% phase=baseline:coord:train.weight_decay jobs=39/48 failed=0 eta=00:05:58 event=job_done
[progress] [####################----]  83.33% phase=baseline:coord:train.weight_decay jobs=40/48 failed=0 eta=00:05:10 event=job_done
[progress] [####################----]  85.42% phase=baseline:coord:train.weight_decay jobs=41/48 failed=0 eta=00:04:50 event=job_done
[progress] [#####################---]  87.50% phase=baseline:coord:train.weight_decay jobs=42/48 failed=0 eta=00:04:02 event=job_done
[progress] [######################--]  89.58% phase=baseline:coord:train.weight_decay jobs=43/48 failed=0 eta=00:03:17 event=job_done
[progress] [######################--]  91.67% phase=baseline:coord:train.weight_decay jobs=44/48 failed=0 eta=00:02:34 event=job_done
[progress] [######################--]  93.75% phase=baseline:coord:train.weight_decay jobs=45/48 failed=0 eta=00:02:02 event=job_done
[progress] [#######################-]  95.83% phase=baseline:coord:train.weight_decay jobs=46/48 failed=0 eta=00:01:20 event=job_done
[progress] [########################]  97.92% phase=baseline:coord:train.weight_decay jobs=47/48 failed=0 eta=00:00:39 event=job_done
[progress] [########################] 100.00% phase=baseline:coord:train.weight_decay jobs=48/48 failed=0 eta=n/a event=job_done
[progress] [########################] 100.00% phase=- jobs=48/48 failed=0 eta=n/a event=phase_end
[baseline:coord:train.grad_clip] launch jobs=24 gpus=[0]
[progress] [################--------]  66.67% phase=- jobs=48/72 failed=0 eta=00:15:23 event=plan_add
[progress] [################--------]  66.67% phase=baseline:coord:train.grad_clip jobs=48/72 failed=0 eta=00:15:23 event=phase_start
[baseline:coord:train.grad_clip] group launch jobs=24 slots={0: 4}
[progress] [################--------]  68.06% phase=baseline:coord:train.grad_clip jobs=49/72 failed=0 eta=00:15:53 event=job_done
[progress] [#################-------]  69.44% phase=baseline:coord:train.grad_clip jobs=50/72 failed=0 eta=00:14:53 event=job_done
[progress] [#################-------]  70.83% phase=baseline:coord:train.grad_clip jobs=51/72 failed=0 eta=00:13:56 event=job_done
[progress] [#################-------]  72.22% phase=baseline:coord:train.grad_clip jobs=52/72 failed=0 eta=00:13:01 event=job_done
[progress] [##################------]  73.61% phase=baseline:coord:train.grad_clip jobs=53/72 failed=0 eta=00:13:02 event=job_done
[progress] [##################------]  75.00% phase=baseline:coord:train.grad_clip jobs=54/72 failed=0 eta=00:12:07 event=job_done
[progress] [##################------]  76.39% phase=baseline:coord:train.grad_clip jobs=55/72 failed=0 eta=00:11:15 event=job_done
[progress] [###################-----]  77.78% phase=baseline:coord:train.grad_clip jobs=56/72 failed=0 eta=00:10:24 event=job_done
[progress] [###################-----]  79.17% phase=baseline:coord:train.grad_clip jobs=57/72 failed=0 eta=00:10:14 event=job_done
[progress] [###################-----]  80.56% phase=baseline:coord:train.grad_clip jobs=58/72 failed=0 eta=00:09:23 event=job_done
[progress] [####################----]  81.94% phase=baseline:coord:train.grad_clip jobs=59/72 failed=0 eta=00:08:34 event=job_done
[progress] [####################----]  83.33% phase=baseline:coord:train.grad_clip jobs=60/72 failed=0 eta=00:07:47 event=job_done
[progress] [####################----]  84.72% phase=baseline:coord:train.grad_clip jobs=61/72 failed=0 eta=00:07:28 event=job_done
[progress] [#####################---]  86.11% phase=baseline:coord:train.grad_clip jobs=62/72 failed=0 eta=00:06:40 event=job_done
[progress] [#####################---]  87.50% phase=baseline:coord:train.grad_clip jobs=63/72 failed=0 eta=00:05:55 event=job_done
[progress] [#####################---]  88.89% phase=baseline:coord:train.grad_clip jobs=64/72 failed=0 eta=00:05:10 event=job_done
[progress] [######################--]  90.28% phase=baseline:coord:train.grad_clip jobs=65/72 failed=0 eta=00:04:43 event=job_done
[progress] [######################--]  91.67% phase=baseline:coord:train.grad_clip jobs=66/72 failed=0 eta=00:03:59 event=job_done
[progress] [######################--]  93.06% phase=baseline:coord:train.grad_clip jobs=67/72 failed=0 eta=00:03:16 event=job_done
[progress] [#######################-]  94.44% phase=baseline:coord:train.grad_clip jobs=68/72 failed=0 eta=00:02:34 event=job_done
[progress] [#######################-]  95.83% phase=baseline:coord:train.grad_clip jobs=69/72 failed=0 eta=00:02:01 event=job_done
[progress] [#######################-]  97.22% phase=baseline:coord:train.grad_clip jobs=70/72 failed=0 eta=00:01:19 event=job_done
[progress] [########################]  98.61% phase=baseline:coord:train.grad_clip jobs=71/72 failed=0 eta=00:00:39 event=job_done
[progress] [########################] 100.00% phase=baseline:coord:train.grad_clip jobs=72/72 failed=0 eta=n/a event=job_done
[progress] [########################] 100.00% phase=- jobs=72/72 failed=0 eta=n/a event=phase_end
[baseline:local_var_topk] launch jobs=54 gpus=[0]
[progress] [##############----------]  57.14% phase=- jobs=72/126 failed=0 eta=00:34:48 event=plan_add
[progress] [##############----------]  57.14% phase=baseline:local_var_topk jobs=72/126 failed=0 eta=00:34:48 event=phase_start
[baseline:local_var_topk] group launch jobs=54 slots={0: 4}
[progress] [##############----------]  57.94% phase=baseline:local_var_topk jobs=73/126 failed=0 eta=00:35:59 event=job_done
[progress] [##############----------]  58.73% phase=baseline:local_var_topk jobs=74/126 failed=0 eta=00:34:50 event=job_done
[progress] [##############----------]  59.52% phase=baseline:local_var_topk jobs=75/126 failed=0 eta=00:33:43 event=job_done
[progress] [##############----------]  60.32% phase=baseline:local_var_topk jobs=76/126 failed=0 eta=00:32:37 event=job_done
[progress] [###############---------]  61.11% phase=baseline:local_var_topk jobs=77/126 failed=0 eta=00:33:09 event=job_done
[progress] [###############---------]  61.90% phase=baseline:local_var_topk jobs=78/126 failed=0 eta=00:32:03 event=job_done
[progress] [###############---------]  62.70% phase=baseline:local_var_topk jobs=79/126 failed=0 eta=00:31:00 event=job_done
[progress] [###############---------]  63.49% phase=baseline:local_var_topk jobs=80/126 failed=0 eta=00:29:57 event=job_done
[progress] [###############---------]  64.29% phase=baseline:local_var_topk jobs=81/126 failed=0 eta=00:30:21 event=job_done
[progress] [################--------]  65.08% phase=baseline:local_var_topk jobs=82/126 failed=0 eta=00:29:19 event=job_done
[progress] [################--------]  65.87% phase=baseline:local_var_topk jobs=83/126 failed=0 eta=00:28:19 event=job_done
[progress] [################--------]  66.67% phase=baseline:local_var_topk jobs=84/126 failed=0 eta=00:27:19 event=job_done
[progress] [################--------]  67.46% phase=baseline:local_var_topk jobs=85/126 failed=0 eta=00:27:35 event=job_done
[progress] [################--------]  68.25% phase=baseline:local_var_topk jobs=86/126 failed=0 eta=00:26:36 event=job_done
[progress] [#################-------]  69.05% phase=baseline:local_var_topk jobs=87/126 failed=0 eta=00:25:38 event=job_done
[progress] [#################-------]  69.84% phase=baseline:local_var_topk jobs=88/126 failed=0 eta=00:24:42 event=job_done
[progress] [#################-------]  70.63% phase=baseline:local_var_topk jobs=89/126 failed=0 eta=00:24:48 event=job_done
[progress] [#################-------]  71.43% phase=baseline:local_var_topk jobs=90/126 failed=0 eta=00:23:52 event=job_done
[progress] [#################-------]  72.22% phase=baseline:local_var_topk jobs=91/126 failed=0 eta=00:22:57 event=job_done
[progress] [##################------]  73.02% phase=baseline:local_var_topk jobs=92/126 failed=0 eta=00:22:03 event=job_done
[progress] [##################------]  73.81% phase=baseline:local_var_topk jobs=93/126 failed=0 eta=00:22:03 event=job_done
[progress] [##################------]  74.60% phase=baseline:local_var_topk jobs=94/126 failed=0 eta=00:21:10 event=job_done
[progress] [##################------]  75.40% phase=baseline:local_var_topk jobs=95/126 failed=0 eta=00:20:17 event=job_done
[progress] [##################------]  76.19% phase=baseline:local_var_topk jobs=96/126 failed=0 eta=00:19:26 event=job_done
[progress] [##################------]  76.98% phase=baseline:local_var_topk jobs=97/126 failed=0 eta=00:19:19 event=job_done
[progress] [###################-----]  77.78% phase=baseline:local_var_topk jobs=98/126 failed=0 eta=00:18:28 event=job_done
[progress] [###################-----]  78.57% phase=baseline:local_var_topk jobs=99/126 failed=0 eta=00:17:37 event=job_done
[progress] [###################-----]  79.37% phase=baseline:local_var_topk jobs=100/126 failed=0 eta=00:16:48 event=job_done
[progress] [###################-----]  80.16% phase=baseline:local_var_topk jobs=101/126 failed=0 eta=00:16:34 event=job_done
[progress] [###################-----]  80.95% phase=baseline:local_var_topk jobs=102/126 failed=0 eta=00:15:47 event=job_done
[progress] [####################----]  81.75% phase=baseline:local_var_topk jobs=103/126 failed=0 eta=00:14:58 event=job_done
[progress] [####################----]  82.54% phase=baseline:local_var_topk jobs=104/126 failed=0 eta=00:14:11 event=job_done
[progress] [####################----]  83.33% phase=baseline:local_var_topk jobs=105/126 failed=0 eta=00:13:52 event=job_done
[progress] [####################----]  84.13% phase=baseline:local_var_topk jobs=106/126 failed=0 eta=00:13:06 event=job_done
[progress] [####################----]  84.92% phase=baseline:local_var_topk jobs=107/126 failed=0 eta=00:12:20 event=job_done
[progress] [#####################---]  85.71% phase=baseline:local_var_topk jobs=108/126 failed=0 eta=00:11:34 event=job_done
[progress] [#####################---]  86.51% phase=baseline:local_var_topk jobs=109/126 failed=0 eta=00:11:10 event=job_done
[progress] [#####################---]  87.30% phase=baseline:local_var_topk jobs=110/126 failed=0 eta=00:10:26 event=job_done
[progress] [#####################---]  88.10% phase=baseline:local_var_topk jobs=111/126 failed=0 eta=00:09:42 event=job_done
[progress] [#####################---]  88.89% phase=baseline:local_var_topk jobs=112/126 failed=0 eta=00:08:58 event=job_done
[progress] [######################--]  89.68% phase=baseline:local_var_topk jobs=113/126 failed=0 eta=00:08:30 event=job_done
[progress] [######################--]  90.48% phase=baseline:local_var_topk jobs=114/126 failed=0 eta=00:07:48 event=job_done
[progress] [######################--]  91.27% phase=baseline:local_var_topk jobs=115/126 failed=0 eta=00:07:05 event=job_done
[progress] [######################--]  92.06% phase=baseline:local_var_topk jobs=116/126 failed=0 eta=00:06:23 event=job_done
[progress] [######################--]  92.86% phase=baseline:local_var_topk jobs=117/126 failed=0 eta=00:05:51 event=job_done
[progress] [######################--]  93.65% phase=baseline:local_var_topk jobs=118/126 failed=0 eta=00:05:11 event=job_done
[progress] [#######################-]  94.44% phase=baseline:local_var_topk jobs=119/126 failed=0 eta=00:04:29 event=job_done
[progress] [#######################-]  95.24% phase=baseline:local_var_topk jobs=120/126 failed=0 eta=00:03:49 event=job_done
[progress] [#######################-]  96.03% phase=baseline:local_var_topk jobs=121/126 failed=0 eta=00:03:14 event=job_done
[progress] [#######################-]  96.83% phase=baseline:local_var_topk jobs=122/126 failed=0 eta=00:02:34 event=job_done
[progress] [#######################-]  97.62% phase=baseline:local_var_topk jobs=123/126 failed=0 eta=00:01:55 event=job_done
[progress] [########################]  98.41% phase=baseline:local_var_topk jobs=124/126 failed=0 eta=00:01:16 event=job_done
[progress] [########################]  99.21% phase=baseline:local_var_topk jobs=125/126 failed=0 eta=00:00:38 event=job_done
[progress] [########################] 100.00% phase=baseline:local_var_topk jobs=126/126 failed=0 eta=n/a event=job_done
[progress] [########################] 100.00% phase=- jobs=126/126 failed=0 eta=n/a event=phase_end

[method] ours -> ours
[ours:coord:train.lr] launch jobs=24 gpus=[0]
[progress] [####################----]  84.00% phase=- jobs=126/150 failed=0 eta=00:15:13 event=plan_add
[progress] [####################----]  84.00% phase=ours:coord:train.lr jobs=126/150 failed=0 eta=00:15:13 event=phase_start
[ours:coord:train.lr] group launch jobs=24 slots={0: 4}
[progress] [####################----]  84.67% phase=ours:coord:train.lr jobs=127/150 failed=0 eta=00:15:01 event=job_done
[progress] [####################----]  85.33% phase=ours:coord:train.lr jobs=128/150 failed=0 eta=00:14:15 event=job_done
[progress] [#####################---]  86.00% phase=ours:coord:train.lr jobs=129/150 failed=0 eta=00:13:30 event=job_done
[progress] [#####################---]  86.67% phase=ours:coord:train.lr jobs=130/150 failed=0 eta=00:12:46 event=job_done
[progress] [#####################---]  87.33% phase=ours:coord:train.lr jobs=131/150 failed=0 eta=00:12:23 event=job_done
[progress] [#####################---]  88.00% phase=ours:coord:train.lr jobs=132/150 failed=0 eta=00:11:39 event=job_done
[progress] [#####################---]  88.67% phase=ours:coord:train.lr jobs=133/150 failed=0 eta=00:10:55 event=job_done
[progress] [#####################---]  89.33% phase=ours:coord:train.lr jobs=134/150 failed=0 eta=00:10:12 event=job_done
[progress] [######################--]  90.00% phase=ours:coord:train.lr jobs=135/150 failed=0 eta=00:09:45 event=job_done
[progress] [######################--]  90.67% phase=ours:coord:train.lr jobs=136/150 failed=0 eta=00:09:02 event=job_done
[progress] [######################--]  91.33% phase=ours:coord:train.lr jobs=137/150 failed=0 eta=00:08:20 event=job_done
[progress] [######################--]  92.00% phase=ours:coord:train.lr jobs=138/150 failed=0 eta=00:07:38 event=job_done
[progress] [######################--]  92.67% phase=ours:coord:train.lr jobs=139/150 failed=0 eta=00:07:07 event=job_done
[progress] [######################--]  93.33% phase=ours:coord:train.lr jobs=140/150 failed=0 eta=00:06:26 event=job_done
[progress] [#######################-]  94.00% phase=ours:coord:train.lr jobs=141/150 failed=0 eta=00:05:45 event=job_done
[progress] [#######################-]  94.67% phase=ours:coord:train.lr jobs=142/150 failed=0 eta=00:05:05 event=job_done
[progress] [#######################-]  95.33% phase=ours:coord:train.lr jobs=143/150 failed=0 eta=00:04:31 event=job_done
[progress] [#######################-]  96.00% phase=ours:coord:train.lr jobs=144/150 failed=0 eta=00:03:51 event=job_done
[progress] [#######################-]  96.67% phase=ours:coord:train.lr jobs=145/150 failed=0 eta=00:03:11 event=job_done
[progress] [#######################-]  97.33% phase=ours:coord:train.lr jobs=146/150 failed=0 eta=00:02:32 event=job_done
[progress] [########################]  98.00% phase=ours:coord:train.lr jobs=147/150 failed=0 eta=00:01:55 event=job_done
[progress] [########################]  98.67% phase=ours:coord:train.lr jobs=148/150 failed=0 eta=00:01:16 event=job_done
[progress] [########################]  99.33% phase=ours:coord:train.lr jobs=149/150 failed=0 eta=00:00:38 event=job_done
[progress] [########################] 100.00% phase=ours:coord:train.lr jobs=150/150 failed=0 eta=n/a event=job_done
[progress] [########################] 100.00% phase=- jobs=150/150 failed=0 eta=n/a event=phase_end
[ours:coord:train.weight_decay] launch jobs=24 gpus=[0]
[progress] [#####################---]  86.21% phase=- jobs=150/174 failed=0 eta=00:15:10 event=plan_add
[progress] [#####################---]  86.21% phase=ours:coord:train.weight_decay jobs=150/174 failed=0 eta=00:15:10 event=phase_start
[ours:coord:train.weight_decay] group launch jobs=24 slots={0: 4}
[progress] [#####################---]  86.78% phase=ours:coord:train.weight_decay jobs=151/174 failed=0 eta=00:14:54 event=job_done
[progress] [#####################---]  87.36% phase=ours:coord:train.weight_decay jobs=152/174 failed=0 eta=00:14:10 event=job_done
[progress] [#####################---]  87.93% phase=ours:coord:train.weight_decay jobs=153/174 failed=0 eta=00:13:26 event=job_done
[progress] [#####################---]  88.51% phase=ours:coord:train.weight_decay jobs=154/174 failed=0 eta=00:12:43 event=job_done
[progress] [#####################---]  89.08% phase=ours:coord:train.weight_decay jobs=155/174 failed=0 eta=00:12:17 event=job_done
[progress] [######################--]  89.66% phase=ours:coord:train.weight_decay jobs=156/174 failed=0 eta=00:11:34 event=job_done
[progress] [######################--]  90.23% phase=ours:coord:train.weight_decay jobs=157/174 failed=0 eta=00:10:52 event=job_done
[progress] [######################--]  90.80% phase=ours:coord:train.weight_decay jobs=158/174 failed=0 eta=00:10:09 event=job_done
[progress] [######################--]  91.38% phase=ours:coord:train.weight_decay jobs=159/174 failed=0 eta=00:09:40 event=job_done
[progress] [######################--]  91.95% phase=ours:coord:train.weight_decay jobs=160/174 failed=0 eta=00:08:59 event=job_done
[progress] [######################--]  92.53% phase=ours:coord:train.weight_decay jobs=161/174 failed=0 eta=00:08:17 event=job_done
[progress] [######################--]  93.10% phase=ours:coord:train.weight_decay jobs=162/174 failed=0 eta=00:07:36 event=job_done
[progress] [######################--]  93.68% phase=ours:coord:train.weight_decay jobs=163/174 failed=0 eta=00:07:03 event=job_done
[progress] [#######################-]  94.25% phase=ours:coord:train.weight_decay jobs=164/174 failed=0 eta=00:06:24 event=job_done
[progress] [#######################-]  94.83% phase=ours:coord:train.weight_decay jobs=165/174 failed=0 eta=00:05:43 event=job_done
[progress] [#######################-]  95.40% phase=ours:coord:train.weight_decay jobs=166/174 failed=0 eta=00:05:03 event=job_done
[progress] [#######################-]  95.98% phase=ours:coord:train.weight_decay jobs=167/174 failed=0 eta=00:04:28 event=job_done
[progress] [#######################-]  96.55% phase=ours:coord:train.weight_decay jobs=168/174 failed=0 eta=00:03:50 event=job_done
[progress] [#######################-]  97.13% phase=ours:coord:train.weight_decay jobs=169/174 failed=0 eta=00:03:10 event=job_done
[progress] [#######################-]  97.70% phase=ours:coord:train.weight_decay jobs=170/174 failed=0 eta=00:02:31 event=job_done
[progress] [########################]  98.28% phase=ours:coord:train.weight_decay jobs=171/174 failed=0 eta=00:01:54 event=job_done
[progress] [########################]  98.85% phase=ours:coord:train.weight_decay jobs=172/174 failed=0 eta=00:01:16 event=job_done
[progress] [########################]  99.43% phase=ours:coord:train.weight_decay jobs=173/174 failed=0 eta=00:00:38 event=job_done
[progress] [########################] 100.00% phase=ours:coord:train.weight_decay jobs=174/174 failed=0 eta=n/a event=job_done
[progress] [########################] 100.00% phase=- jobs=174/174 failed=0 eta=n/a event=phase_end
[ours:coord:train.grad_clip] launch jobs=24 gpus=[0]
[progress] [#####################---]  87.88% phase=- jobs=174/198 failed=0 eta=00:15:06 event=plan_add
[progress] [#####################---]  87.88% phase=ours:coord:train.grad_clip jobs=174/198 failed=0 eta=00:15:06 event=phase_start
[ours:coord:train.grad_clip] group launch jobs=24 slots={0: 4}
[progress] [#####################---]  88.38% phase=ours:coord:train.grad_clip jobs=175/198 failed=0 eta=00:14:47 event=job_done
[progress] [#####################---]  88.89% phase=ours:coord:train.grad_clip jobs=176/198 failed=0 eta=00:14:04 event=job_done
[progress] [#####################---]  89.39% phase=ours:coord:train.grad_clip jobs=177/198 failed=0 eta=00:13:21 event=job_done
[progress] [######################--]  89.90% phase=ours:coord:train.grad_clip jobs=178/198 failed=0 eta=00:12:39 event=job_done
[progress] [######################--]  90.40% phase=ours:coord:train.grad_clip jobs=179/198 failed=0 eta=00:12:12 event=job_done
[progress] [######################--]  90.91% phase=ours:coord:train.grad_clip jobs=180/198 failed=0 eta=00:11:30 event=job_done
[progress] [######################--]  91.41% phase=ours:coord:train.grad_clip jobs=181/198 failed=0 eta=00:10:48 event=job_done
[progress] [######################--]  91.92% phase=ours:coord:train.grad_clip jobs=182/198 failed=0 eta=00:10:06 event=job_done
[progress] [######################--]  92.42% phase=ours:coord:train.grad_clip jobs=183/198 failed=0 eta=00:09:37 event=job_done
[progress] [######################--]  92.93% phase=ours:coord:train.grad_clip jobs=184/198 failed=0 eta=00:08:55 event=job_done
[progress] [######################--]  93.43% phase=ours:coord:train.grad_clip jobs=185/198 failed=0 eta=00:08:15 event=job_done
[progress] [#######################-]  93.94% phase=ours:coord:train.grad_clip jobs=186/198 failed=0 eta=00:07:34 event=job_done
[progress] [#######################-]  94.44% phase=ours:coord:train.grad_clip jobs=187/198 failed=0 eta=00:07:02 event=job_done
[progress] [#######################-]  94.95% phase=ours:coord:train.grad_clip jobs=188/198 failed=0 eta=00:06:22 event=job_done
[progress] [#######################-]  95.45% phase=ours:coord:train.grad_clip jobs=189/198 failed=0 eta=00:05:42 event=job_done
[progress] [#######################-]  95.96% phase=ours:coord:train.grad_clip jobs=190/198 failed=0 eta=00:05:02 event=job_done
[progress] [#######################-]  96.46% phase=ours:coord:train.grad_clip jobs=191/198 failed=0 eta=00:04:27 event=job_done
[progress] [#######################-]  96.97% phase=ours:coord:train.grad_clip jobs=192/198 failed=0 eta=00:03:48 event=job_done
[progress] [#######################-]  97.47% phase=ours:coord:train.grad_clip jobs=193/198 failed=0 eta=00:03:09 event=job_done
[progress] [########################]  97.98% phase=ours:coord:train.grad_clip jobs=194/198 failed=0 eta=00:02:31 event=job_done
[progress] [########################]  98.48% phase=ours:coord:train.grad_clip jobs=195/198 failed=0 eta=00:01:54 event=job_done
[progress] [########################]  98.99% phase=ours:coord:train.grad_clip jobs=196/198 failed=0 eta=00:01:16 event=job_done
[progress] [########################]  99.49% phase=ours:coord:train.grad_clip jobs=197/198 failed=0 eta=00:00:37 event=job_done
[progress] [########################] 100.00% phase=ours:coord:train.grad_clip jobs=198/198 failed=0 eta=n/a event=job_done
[progress] [########################] 100.00% phase=- jobs=198/198 failed=0 eta=n/a event=phase_end
[ours:coord:method.ours.lambda_align] launch jobs=24 gpus=[0]
[progress] [#####################---]  89.19% phase=- jobs=198/222 failed=0 eta=00:15:04 event=plan_add
[progress] [#####################---]  89.19% phase=ours:coord:method.ours.lambda_align jobs=198/222 failed=0 eta=00:15:04 event=phase_start
[ours:coord:method.ours.lambda_align] group launch jobs=24 slots={0: 4}
[progress] [######################--]  89.64% phase=ours:coord:method.ours.lambda_align jobs=199/222 failed=0 eta=00:14:43 event=job_done
[progress] [######################--]  90.09% phase=ours:coord:method.ours.lambda_align jobs=200/222 failed=0 eta=00:14:00 event=job_done
[progress] [######################--]  90.54% phase=ours:coord:method.ours.lambda_align jobs=201/222 failed=0 eta=00:13:18 event=job_done
[progress] [######################--]  90.99% phase=ours:coord:method.ours.lambda_align jobs=202/222 failed=0 eta=00:12:36 event=job_done
[progress] [######################--]  91.44% phase=ours:coord:method.ours.lambda_align jobs=203/222 failed=0 eta=00:12:09 event=job_done
[progress] [######################--]  91.89% phase=ours:coord:method.ours.lambda_align jobs=204/222 failed=0 eta=00:11:27 event=job_done
[progress] [######################--]  92.34% phase=ours:coord:method.ours.lambda_align jobs=205/222 failed=0 eta=00:10:46 event=job_done
[progress] [######################--]  92.79% phase=ours:coord:method.ours.lambda_align jobs=206/222 failed=0 eta=00:10:05 event=job_done
[progress] [######################--]  93.24% phase=ours:coord:method.ours.lambda_align jobs=207/222 failed=0 eta=00:09:34 event=job_done
[progress] [######################--]  93.69% phase=ours:coord:method.ours.lambda_align jobs=208/222 failed=0 eta=00:08:54 event=job_done
[progress] [#######################-]  94.14% phase=ours:coord:method.ours.lambda_align jobs=209/222 failed=0 eta=00:08:13 event=job_done
[progress] [#######################-]  94.59% phase=ours:coord:method.ours.lambda_align jobs=210/222 failed=0 eta=00:07:33 event=job_done
[progress] [#######################-]  95.05% phase=ours:coord:method.ours.lambda_align jobs=211/222 failed=0 eta=00:07:00 event=job_done
[progress] [#######################-]  95.50% phase=ours:coord:method.ours.lambda_align jobs=212/222 failed=0 eta=00:06:20 event=job_done
[progress] [#######################-]  95.95% phase=ours:coord:method.ours.lambda_align jobs=213/222 failed=0 eta=00:05:41 event=job_done
[progress] [#######################-]  96.40% phase=ours:coord:method.ours.lambda_align jobs=214/222 failed=0 eta=00:05:01 event=job_done
[progress] [#######################-]  96.85% phase=ours:coord:method.ours.lambda_align jobs=215/222 failed=0 eta=00:04:26 event=job_done
[progress] [#######################-]  97.30% phase=ours:coord:method.ours.lambda_align jobs=216/222 failed=0 eta=00:03:48 event=job_done
[progress] [#######################-]  97.75% phase=ours:coord:method.ours.lambda_align jobs=217/222 failed=0 eta=00:03:09 event=job_done
[progress] [########################]  98.20% phase=ours:coord:method.ours.lambda_align jobs=218/222 failed=0 eta=00:02:30 event=job_done
[progress] [########################]  98.65% phase=ours:coord:method.ours.lambda_align jobs=219/222 failed=0 eta=00:01:53 event=job_done
[progress] [########################]  99.10% phase=ours:coord:method.ours.lambda_align jobs=220/222 failed=0 eta=00:01:15 event=job_done
[progress] [########################]  99.55% phase=ours:coord:method.ours.lambda_align jobs=221/222 failed=0 eta=00:00:37 event=job_done
[progress] [########################] 100.00% phase=ours:coord:method.ours.lambda_align jobs=222/222 failed=0 eta=n/a event=job_done
[progress] [########################] 100.00% phase=- jobs=222/222 failed=0 eta=n/a event=phase_end
[ours:local_var_topk] launch jobs=54 gpus=[0]
[progress] [###################-----]  80.43% phase=- jobs=222/276 failed=0 eta=00:33:52 event=plan_add
[progress] [###################-----]  80.43% phase=ours:local_var_topk jobs=222/276 failed=0 eta=00:33:52 event=phase_start
[ours:local_var_topk] group launch jobs=54 slots={0: 4}
[progress] [###################-----]  80.80% phase=ours:local_var_topk jobs=223/276 failed=0 eta=00:33:48 event=job_done
[progress] [###################-----]  81.16% phase=ours:local_var_topk jobs=224/276 failed=0 eta=00:33:01 event=job_done
[progress] [####################----]  81.52% phase=ours:local_var_topk jobs=225/276 failed=0 eta=00:32:14 event=job_done
[progress] [####################----]  81.88% phase=ours:local_var_topk jobs=226/276 failed=0 eta=00:31:28 event=job_done
[progress] [####################----]  82.25% phase=ours:local_var_topk jobs=227/276 failed=0 eta=00:31:13 event=job_done
[progress] [####################----]  82.61% phase=ours:local_var_topk jobs=228/276 failed=0 eta=00:30:27 event=job_done
[progress] [####################----]  82.97% phase=ours:local_var_topk jobs=229/276 failed=0 eta=00:29:41 event=job_done
[progress] [####################----]  83.33% phase=ours:local_var_topk jobs=230/276 failed=0 eta=00:28:56 event=job_done
[progress] [####################----]  83.70% phase=ours:local_var_topk jobs=231/276 failed=0 eta=00:28:39 event=job_done
[progress] [####################----]  84.06% phase=ours:local_var_topk jobs=232/276 failed=0 eta=00:27:54 event=job_done
[progress] [####################----]  84.42% phase=ours:local_var_topk jobs=233/276 failed=0 eta=00:27:09 event=job_done
[progress] [####################----]  84.78% phase=ours:local_var_topk jobs=234/276 failed=0 eta=00:26:24 event=job_done
[progress] [####################----]  85.14% phase=ours:local_var_topk jobs=235/276 failed=0 eta=00:26:06 event=job_done
[progress] [#####################---]  85.51% phase=ours:local_var_topk jobs=236/276 failed=0 eta=00:25:21 event=job_done
[progress] [#####################---]  85.87% phase=ours:local_var_topk jobs=237/276 failed=0 eta=00:24:37 event=job_done
[progress] [#####################---]  86.23% phase=ours:local_var_topk jobs=238/276 failed=0 eta=00:23:53 event=job_done
[progress] [#####################---]  86.59% phase=ours:local_var_topk jobs=239/276 failed=0 eta=00:23:33 event=job_done
[progress] [#####################---]  86.96% phase=ours:local_var_topk jobs=240/276 failed=0 eta=00:22:49 event=job_done
[progress] [#####################---]  87.32% phase=ours:local_var_topk jobs=241/276 failed=0 eta=00:22:05 event=job_done
[progress] [#####################---]  87.68% phase=ours:local_var_topk jobs=242/276 failed=0 eta=00:21:22 event=job_done
[progress] [#####################---]  88.04% phase=ours:local_var_topk jobs=243/276 failed=0 eta=00:20:59 event=job_done
[progress] [#####################---]  88.41% phase=ours:local_var_topk jobs=244/276 failed=0 eta=00:20:16 event=job_done
[progress] [#####################---]  88.77% phase=ours:local_var_topk jobs=245/276 failed=0 eta=00:19:33 event=job_done
[progress] [#####################---]  89.13% phase=ours:local_var_topk jobs=246/276 failed=0 eta=00:18:51 event=job_done
[progress] [#####################---]  89.49% phase=ours:local_var_topk jobs=247/276 failed=0 eta=00:18:26 event=job_done
[progress] [######################--]  89.86% phase=ours:local_var_topk jobs=248/276 failed=0 eta=00:17:44 event=job_done
[progress] [######################--]  90.22% phase=ours:local_var_topk jobs=249/276 failed=0 eta=00:17:01 event=job_done
[progress] [######################--]  90.58% phase=ours:local_var_topk jobs=250/276 failed=0 eta=00:16:20 event=job_done
[progress] [######################--]  90.94% phase=ours:local_var_topk jobs=251/276 failed=0 eta=00:15:52 event=job_done
[progress] [######################--]  91.30% phase=ours:local_var_topk jobs=252/276 failed=0 eta=00:15:11 event=job_done
[progress] [######################--]  91.67% phase=ours:local_var_topk jobs=253/276 failed=0 eta=00:14:29 event=job_done
[progress] [######################--]  92.03% phase=ours:local_var_topk jobs=254/276 failed=0 eta=00:13:48 event=job_done
[progress] [######################--]  92.39% phase=ours:local_var_topk jobs=255/276 failed=0 eta=00:13:19 event=job_done
[progress] [######################--]  92.75% phase=ours:local_var_topk jobs=256/276 failed=0 eta=00:12:38 event=job_done
[progress] [######################--]  93.12% phase=ours:local_var_topk jobs=257/276 failed=0 eta=00:11:58 event=job_done
[progress] [######################--]  93.48% phase=ours:local_var_topk jobs=258/276 failed=0 eta=00:11:17 event=job_done
[progress] [#######################-]  93.84% phase=ours:local_var_topk jobs=259/276 failed=0 eta=00:10:45 event=job_done
[progress] [#######################-]  94.20% phase=ours:local_var_topk jobs=260/276 failed=0 eta=00:10:06 event=job_done
[progress] [#######################-]  94.57% phase=ours:local_var_topk jobs=261/276 failed=0 eta=00:09:26 event=job_done
[progress] [#######################-]  94.93% phase=ours:local_var_topk jobs=262/276 failed=0 eta=00:08:46 event=job_done
[progress] [#######################-]  95.29% phase=ours:local_var_topk jobs=263/276 failed=0 eta=00:08:12 event=job_done
[progress] [#######################-]  95.65% phase=ours:local_var_topk jobs=264/276 failed=0 eta=00:07:34 event=job_done
[progress] [#######################-]  96.01% phase=ours:local_var_topk jobs=265/276 failed=0 eta=00:06:54 event=job_done
[progress] [#######################-]  96.38% phase=ours:local_var_topk jobs=266/276 failed=0 eta=00:06:15 event=job_done
[progress] [#######################-]  96.74% phase=ours:local_var_topk jobs=267/276 failed=0 eta=00:05:40 event=job_done
[progress] [#######################-]  97.10% phase=ours:local_var_topk jobs=268/276 failed=0 eta=00:05:02 event=job_done
[progress] [#######################-]  97.46% phase=ours:local_var_topk jobs=269/276 failed=0 eta=00:04:23 event=job_done
[progress] [#######################-]  97.83% phase=ours:local_var_topk jobs=270/276 failed=0 eta=00:03:45 event=job_done
[progress] [########################]  98.19% phase=ours:local_var_topk jobs=271/276 failed=0 eta=00:03:08 event=job_done
[progress] [########################]  98.55% phase=ours:local_var_topk jobs=272/276 failed=0 eta=00:02:30 event=job_done
[progress] [########################]  98.91% phase=ours:local_var_topk jobs=273/276 failed=0 eta=00:01:52 event=job_done
[progress] [########################]  99.28% phase=ours:local_var_topk jobs=274/276 failed=0 eta=00:01:14 event=job_done
[progress] [########################]  99.64% phase=ours:local_var_topk jobs=275/276 failed=0 eta=00:00:37 event=job_done
[progress] [########################] 100.00% phase=ours:local_var_topk jobs=276/276 failed=0 eta=n/a event=job_done
[progress] [########################] 100.00% phase=- jobs=276/276 failed=0 eta=n/a event=phase_end
saved csv -> /root/Optimization/MOE-grad-conflict-routing/runs/paper_suite_supplement/appendix/more_expert/glue3_roberta_lora_e6_k3/hpo/hpo_best_params.csv
saved plot -> /root/Optimization/MOE-grad-conflict-routing/runs/paper_suite_supplement/appendix/more_expert/glue3_roberta_lora_e6_k3/hpo/hpo_best_scores.png
[final:baseline] launch jobs=5 gpus=[0]
[progress] [########################]  98.22% phase=- jobs=276/281 failed=0 eta=00:03:07 event=plan_add
[progress] [########################]  98.22% phase=final:baseline jobs=276/281 failed=0 eta=00:03:07 event=phase_start
[final:baseline] group launch jobs=5 slots={0: 4}
[progress] [########################]  98.58% phase=final:baseline jobs=277/281 failed=0 eta=00:02:39 event=job_done
[progress] [########################]  98.93% phase=final:baseline jobs=278/281 failed=0 eta=00:01:59 event=job_done
[progress] [########################]  99.29% phase=final:baseline jobs=279/281 failed=0 eta=00:01:19 event=job_done
[progress] [########################]  99.64% phase=final:baseline jobs=280/281 failed=0 eta=00:00:39 event=job_done
[progress] [########################] 100.00% phase=final:baseline jobs=281/281 failed=0 eta=n/a event=job_done
[progress] [########################] 100.00% phase=- jobs=281/281 failed=0 eta=n/a event=phase_end
[final:ours] launch jobs=5 gpus=[0]
[progress] [########################]  98.25% phase=- jobs=281/286 failed=0 eta=00:03:21 event=plan_add
[progress] [########################]  98.25% phase=final:ours jobs=281/286 failed=0 eta=00:03:21 event=phase_start
[final:ours] group launch jobs=5 slots={0: 4}
[progress] [########################]  98.60% phase=final:ours jobs=282/286 failed=0 eta=00:02:50 event=job_done
[progress] [########################]  98.95% phase=final:ours jobs=283/286 failed=0 eta=00:02:07 event=job_done
[progress] [########################]  99.30% phase=final:ours jobs=284/286 failed=0 eta=00:01:24 event=job_done
[progress] [########################]  99.65% phase=final:ours jobs=285/286 failed=0 eta=00:00:42 event=job_done
[progress] [########################] 100.00% phase=final:ours jobs=286/286 failed=0 eta=n/a event=job_done
[progress] [########################] 100.00% phase=- jobs=286/286 failed=0 eta=n/a event=phase_end
saved plot -> /root/Optimization/MOE-grad-conflict-routing/runs/paper_suite_supplement/appendix/more_expert/glue3_roberta_lora_e6_k3/final/seed_mean_band_std.png
saved val-only plot -> /root/Optimization/MOE-grad-conflict-routing/runs/paper_suite_supplement/appendix/more_expert/glue3_roberta_lora_e6_k3/final/seed_mean_band_std_val_only.png
saved summary -> /root/Optimization/MOE-grad-conflict-routing/runs/paper_suite_supplement/appendix/more_expert/glue3_roberta_lora_e6_k3/final/seed_mean_band_std_summary.json
saved val table -> /root/Optimization/MOE-grad-conflict-routing/runs/paper_suite_supplement/appendix/more_expert/glue3_roberta_lora_e6_k3/final/seed_mean_band_val_last.csv
saved -> /root/Optimization/MOE-grad-conflict-routing/runs/paper_suite_supplement/appendix/more_expert/glue3_roberta_lora_e6_k3/final/router_load_summary.csv
saved manifest -> /root/Optimization/MOE-grad-conflict-routing/runs/paper_suite_supplement/appendix/more_expert/glue3_roberta_lora_e6_k3/final/paper_metrics_manifest.json
saved manifest -> /root/Optimization/MOE-grad-conflict-routing/runs/paper_suite_supplement/appendix/more_expert/glue3_roberta_lora_e6_k3/final/mvp_plot_manifest.json
generated charts -> 12
[progress] [########################] 100.00% phase=- jobs=286/286 failed=0 eta=n/a event=pipeline_done

[pipeline done] out_dir=/root/Optimization/MOE-grad-conflict-routing/runs/paper_suite_supplement/appendix/more_expert/glue3_roberta_lora_e6_k3
[hpo best] /root/Optimization/MOE-grad-conflict-routing/runs/paper_suite_supplement/appendix/more_expert/glue3_roberta_lora_e6_k3/hpo/best_configs.json
[final agg] /root/Optimization/MOE-grad-conflict-routing/runs/paper_suite_supplement/appendix/more_expert/glue3_roberta_lora_e6_k3/final/final_agg.csv
[progress] /root/Optimization/MOE-grad-conflict-routing/runs/paper_suite_supplement/appendix/more_expert/glue3_roberta_lora_e6_k3/status/progress.json
[gpu logs] /root/Optimization/MOE-grad-conflict-routing/runs/paper_suite_supplement/appendix/more_expert/glue3_roberta_lora_e6_k3/logs/gpu
[worker failures] /root/Optimization/MOE-grad-conflict-routing/runs/paper_suite_supplement/appendix/more_expert/glue3_roberta_lora_e6_k3/status/worker_failures.jsonl
[group:appendix][4] appendix/more_expert/glue4/roberta/lora/e6/k3

[method] baseline -> baseline_avg
[baseline:coord:train.lr] launch jobs=24 gpus=[0]
[progress] [------------------------]   0.00% phase=- jobs=0/24 failed=0 eta=n/a event=plan_add
[progress] [------------------------]   0.00% phase=baseline:coord:train.lr jobs=0/24 failed=0 eta=n/a event=phase_start
[baseline:coord:train.lr] group launch jobs=24 slots={0: 4}
[progress] [#-----------------------]   4.17% phase=baseline:coord:train.lr jobs=1/24 failed=0 eta=02:33:44 event=job_done
[progress] [##----------------------]   8.33% phase=baseline:coord:train.lr jobs=2/24 failed=0 eta=01:13:49 event=job_done
[progress] [###---------------------]  12.50% phase=baseline:coord:train.lr jobs=3/24 failed=0 eta=00:47:01 event=job_done
[progress] [####--------------------]  16.67% phase=baseline:coord:train.lr jobs=4/24 failed=0 eta=00:33:42 event=job_done
[progress] [#####-------------------]  20.83% phase=baseline:coord:train.lr jobs=5/24 failed=0 eta=00:45:59 event=job_done
[progress] [######------------------]  25.00% phase=baseline:coord:train.lr jobs=6/24 failed=0 eta=00:36:23 event=job_done
[progress] [#######-----------------]  29.17% phase=baseline:coord:train.lr jobs=7/24 failed=0 eta=00:29:36 event=job_done
[progress] [########----------------]  33.33% phase=baseline:coord:train.lr jobs=8/24 failed=0 eta=00:24:25 event=job_done
