step,train_step_loss,train_acc,train_loss,val_acc,val_loss,avg_intra_expert_coherence,expert_diversity_e0,expert_diversity_e1,expert_diversity_e2,expert_diversity_e3,expert_diversity_mean,expert_purity_e0,expert_purity_e1,expert_purity_e2,expert_purity_e3,expert_purity_mean,inter_expert_similarity,inter_expert_similarity_e0_e0,inter_expert_similarity_e0_e1,inter_expert_similarity_e0_e2,inter_expert_similarity_e0_e3,inter_expert_similarity_e1_e0,inter_expert_similarity_e1_e1,inter_expert_similarity_e1_e2,inter_expert_similarity_e1_e3,inter_expert_similarity_e2_e0,inter_expert_similarity_e2_e1,inter_expert_similarity_e2_e2,inter_expert_similarity_e2_e3,inter_expert_similarity_e3_e0,inter_expert_similarity_e3_e1,inter_expert_similarity_e3_e2,inter_expert_similarity_e3_e3,intra_expert_coherence_e0,intra_expert_coherence_e1,intra_expert_coherence_e2,intra_expert_coherence_e3,load_cv,load_max_min_ratio,overall_task_conflict_cos,router_entropy,router_load_e0,router_load_e1,router_load_e2,router_load_e3,task_acc__amazon_polarity,task_acc__glue_sst2,task_acc__yelp_polarity,task_conflict_t0_t0,task_conflict_t0_t1,task_conflict_t0_t2,task_conflict_t1_t0,task_conflict_t1_t1,task_conflict_t1_t2,task_conflict_t2_t0,task_conflict_t2_t1,task_conflict_t2_t2,task_grad_norm_cv,task_loss__amazon_polarity,task_loss__glue_sst2,task_loss__yelp_polarity,utilization_ratio
1.0,0.6980376044909159,0.5052083333333334,0.6952254648009936,0.53125,0.6858208651343981,0.6988174973581028,0.9989685137352824,0.9838535398013071,0.9848435756396495,0.9638695513848565,0.9828837951402738,0.3509712219238281,0.39456745982170105,0.40964141488075256,0.4313407242298126,0.3966302052140236,0.05375936615722737,1.0,0.04936793854898675,0.04019638109030634,0.04353828796023716,0.04936793854898675,1.0,0.07188133584336,0.06243883124284822,0.04019638109030634,0.07188133584336,1.0,0.05513342225762577,0.04353828796023716,0.06243883124284822,0.05513342225762577,1.0,0.5987947993301798,0.6989483026161802,0.7732629900240147,0.7242638974620369,0.3461485207080841,2.6336832421502563,0.6644806723739677,1.3113608757654827,0.12682773172855377,0.2105954885482788,0.3340240716934204,0.3285527229309082,0.46875,0.5625,0.5625,1.0,0.6229269311960248,0.697240666334627,0.6229269311960248,1.0,0.6732744195912514,0.697240666334627,0.6732744195912514,1.0,0.1945533004961646,0.7022831737995148,0.6765574142336845,0.6786220073699951,1.0
