step,train_step_loss,train_acc,train_loss,val_acc,val_loss,avg_intra_expert_coherence,expert_diversity_e0,expert_diversity_e1,expert_diversity_e2,expert_diversity_e3,expert_diversity_mean,expert_purity_e0,expert_purity_e1,expert_purity_e2,expert_purity_e3,expert_purity_mean,inter_expert_similarity,inter_expert_similarity_e0_e0,inter_expert_similarity_e0_e1,inter_expert_similarity_e0_e2,inter_expert_similarity_e0_e3,inter_expert_similarity_e1_e0,inter_expert_similarity_e1_e1,inter_expert_similarity_e1_e2,inter_expert_similarity_e1_e3,inter_expert_similarity_e2_e0,inter_expert_similarity_e2_e1,inter_expert_similarity_e2_e2,inter_expert_similarity_e2_e3,inter_expert_similarity_e3_e0,inter_expert_similarity_e3_e1,inter_expert_similarity_e3_e2,inter_expert_similarity_e3_e3,intra_expert_coherence_e0,intra_expert_coherence_e1,intra_expert_coherence_e2,intra_expert_coherence_e3,load_cv,load_max_min_ratio,overall_task_conflict_cos,router_entropy,router_load_e0,router_load_e1,router_load_e2,router_load_e3,task_acc__glue_rte,task_conflict_t0_t0,task_grad_norm_cv,task_loss__glue_rte,utilization_ratio
50.0,0.5927615165710449,0.6281124497991968,0.6630305724075207,0.6101083032490975,0.667668970922629,1.0,0.0,0.0,0.0,0.0,0.0,1.0,1.0,1.0,1.0,1.0,0.005848411661983487,1.0,0.0,0.0,0.03509046997190092,0.0,1.0,0.0,0.0,0.0,0.0,1.0,0.0,0.03509046997190092,0.0,0.0,1.0,1.0,1.0,1.0,1.0,0.9987522959709167,522512376308.44116,1.0,0.6908145708297564,0.4757671654224396,0.0017204440664499998,0.0,0.5225123763084412,0.6101083032490975,1.0,0.0,0.667668970922629,0.5
100.0,0.6691838800907135,0.6642570281124498,0.63076589317658,0.6028880866425993,0.6517944186925888,1.0,0.0,0.0,0.0,0.0,0.0,1.0,1.0,1.0,1.0,1.0,0.005163782434379689,1.0,0.0,0.0,0.030982694606278133,0.0,1.0,0.0,0.0,0.0,0.0,1.0,0.0,0.030982694606278133,0.0,0.0,1.0,1.0,1.0,1.0,1.0,1.0624898672103882,626927495002.7466,1.0,0.6588155112972328,0.6269274950027466,0.0,0.0,0.3730725646018982,0.6028880866425993,1.0,0.0,0.6517944186925888,0.5
150.0,0.7294451296329498,0.7429718875502008,0.6026057561429647,0.6462093862815884,0.650386195215914,1.0,0.0,0.0,0.0,0.0,0.0,1.0,1.0,1.0,1.0,1.0,0.0012723994101286828,1.0,0.0,0.0,0.007634396460772097,0.0,1.0,0.0,0.0,0.0,0.0,1.0,0.0,0.007634396460772097,0.0,0.0,1.0,1.0,1.0,1.0,1.0,1.0512548685073853,663634002208.7097,1.0,0.6259407936881165,0.28922659158706665,0.0471394807100296,0.0,0.6636340022087097,0.6462093862815884,1.0,0.0,0.650386195215914,0.5
