step,train_step_loss,train_acc,train_loss,val_acc,val_loss,avg_intra_expert_coherence,expert_diversity_e0,expert_diversity_e1,expert_diversity_e2,expert_diversity_e3,expert_diversity_mean,expert_purity_e0,expert_purity_e1,expert_purity_e2,expert_purity_e3,expert_purity_mean,inter_expert_similarity,inter_expert_similarity_e0_e0,inter_expert_similarity_e0_e1,inter_expert_similarity_e0_e2,inter_expert_similarity_e0_e3,inter_expert_similarity_e1_e0,inter_expert_similarity_e1_e1,inter_expert_similarity_e1_e2,inter_expert_similarity_e1_e3,inter_expert_similarity_e2_e0,inter_expert_similarity_e2_e1,inter_expert_similarity_e2_e2,inter_expert_similarity_e2_e3,inter_expert_similarity_e3_e0,inter_expert_similarity_e3_e1,inter_expert_similarity_e3_e2,inter_expert_similarity_e3_e3,intra_expert_coherence_e0,intra_expert_coherence_e1,intra_expert_coherence_e2,intra_expert_coherence_e3,load_cv,load_max_min_ratio,overall_task_conflict_cos,router_entropy,router_load_e0,router_load_e1,router_load_e2,router_load_e3,task_acc__glue_rte,task_conflict_t0_t0,task_grad_norm_cv,task_loss__glue_rte,utilization_ratio
50.0,0.712445080280304,0.4983935742971888,0.6946617035911634,0.4729241877256318,0.6982212066650391,1.0,0.0,0.0,0.0,0.0,0.0,1.0,1.0,1.0,1.0,1.0,0.01940083449875088,1.0,0.0,0.0,0.11640500699250528,0.0,1.0,0.0,0.0,0.0,0.0,1.0,0.0,0.11640500699250528,0.0,0.0,1.0,1.0,1.0,1.0,1.0,1.0047583574344685,534531712532.04346,1.0,0.6907604351801132,0.4654683768749237,0.0,0.0,0.5345317125320435,0.4729241877256318,1.0,0.0,0.6982212066650391,0.5
100.0,0.7387999892234802,0.4983935742971888,0.7155541453606044,0.4729241877256318,0.7304428848955367,1.0,0.0,0.0,0.0,0.0,0.0,1.0,1.0,1.0,1.0,1.0,0.02424468795784702,1.0,0.0,0.0,0.14546812774708212,0.0,1.0,0.0,0.0,0.0,0.0,1.0,0.0,0.14546812774708212,0.0,0.0,1.0,1.0,1.0,1.0,1.0,1.0256282121691958,580555140972.1375,1.0,0.6801120090140332,0.419444739818573,0.0,0.0,0.5805551409721375,0.4729241877256318,1.0,0.0,0.7304428848955367,0.5
150.0,0.699833482503891,0.5016064257028112,0.6942454173396795,0.5270758122743683,0.6906418485773934,1.0,0.0,0.0,0.0,0.0,0.0,1.0,1.0,1.0,1.0,1.0,0.03174056595874466,1.0,0.0,0.0,0.19044339575246794,0.0,1.0,0.0,0.0,0.0,0.0,1.0,0.0,0.19044339575246794,0.0,0.0,1.0,1.0,1.0,1.0,1.0,1.0314910449374968,589424312114.7156,1.0,0.6770673030550299,0.41057559847831726,0.0,0.0,0.5894243121147156,0.5270758122743683,1.0,0.0,0.6906418485773934,0.5
