step,train_step_loss,train_acc,train_loss,val_acc,val_loss,avg_intra_expert_coherence,expert_diversity_e0,expert_diversity_e1,expert_diversity_e2,expert_diversity_e3,expert_diversity_mean,expert_purity_e0,expert_purity_e1,expert_purity_e2,expert_purity_e3,expert_purity_mean,inter_expert_similarity,inter_expert_similarity_e0_e0,inter_expert_similarity_e0_e1,inter_expert_similarity_e0_e2,inter_expert_similarity_e0_e3,inter_expert_similarity_e1_e0,inter_expert_similarity_e1_e1,inter_expert_similarity_e1_e2,inter_expert_similarity_e1_e3,inter_expert_similarity_e2_e0,inter_expert_similarity_e2_e1,inter_expert_similarity_e2_e2,inter_expert_similarity_e2_e3,inter_expert_similarity_e3_e0,inter_expert_similarity_e3_e1,inter_expert_similarity_e3_e2,inter_expert_similarity_e3_e3,intra_expert_coherence_e0,intra_expert_coherence_e1,intra_expert_coherence_e2,intra_expert_coherence_e3,load_cv,load_max_min_ratio,overall_task_conflict_cos,router_entropy,router_load_e0,router_load_e1,router_load_e2,router_load_e3,task_acc__glue_rte,task_conflict_t0_t0,task_grad_norm_cv,task_loss__glue_rte,utilization_ratio
50.0,0.6832467019557953,0.4983935742971888,0.7037298048535983,0.4729241877256318,0.7139640301465988,1.0,0.0,0.0,0.0,0.0,0.0,1.0,1.0,1.0,1.0,1.0,-0.049482734577426135,1.0,0.0,0.0,0.0,0.0,1.0,-0.2968964074645568,0.0,0.0,-0.2968964074645568,1.0,0.0,0.0,0.0,0.0,1.0,1.0,1.0,1.0,1.0,1.0084089040756226,545946359634.3994,1.0,0.6889190673828125,0.0,0.4540536403656006,0.5459463596343994,0.0,0.4729241877256318,1.0,0.0,0.7139640301465988,0.5
100.0,0.7092648446559906,0.5016064257028112,0.6932314867774645,0.5270758122743683,0.6920061409473419,1.0,0.0,0.0,0.0,0.0,0.0,1.0,1.0,1.0,1.0,1.0,-0.06993083635179141,1.0,0.0,0.0,0.0,0.0,1.0,-0.41958501811074844,0.0,0.0,-0.41958501811074844,1.0,0.0,0.0,0.0,0.0,1.0,1.0,1.0,1.0,1.0,1.001809000968933,521275818347.9309,1.0,0.6922416084509895,0.0,0.47872424125671387,0.5212758183479309,0.0,0.5270758122743683,1.0,0.0,0.6920061409473419,0.5
150.0,0.7475277483463287,0.4983935742971888,0.6984862664571175,0.4729241877256318,0.7056030250257916,1.0,0.0,0.0,0.0,0.0,0.0,1.0,1.0,1.0,1.0,1.0,-0.047298431200373615,1.0,0.0,0.0,0.0,0.0,1.0,-0.2837905872022417,0.0,0.0,-0.2837905872022417,1.0,0.0,0.0,0.0,0.0,1.0,1.0,1.0,1.0,1.0,1.0000786781311035,504436731338.501,1.0,0.6931078055275046,0.0,0.504436731338501,0.495563268661499,0.0,0.4729241877256318,1.0,0.0,0.7056030250257916,0.5
