step,train_step_loss,train_acc,train_loss,val_acc,val_loss,avg_intra_expert_coherence,expert_diversity_e0,expert_diversity_e1,expert_diversity_e2,expert_diversity_e3,expert_diversity_mean,expert_purity_e0,expert_purity_e1,expert_purity_e2,expert_purity_e3,expert_purity_mean,inter_expert_similarity,inter_expert_similarity_e0_e0,inter_expert_similarity_e0_e1,inter_expert_similarity_e0_e2,inter_expert_similarity_e0_e3,inter_expert_similarity_e1_e0,inter_expert_similarity_e1_e1,inter_expert_similarity_e1_e2,inter_expert_similarity_e1_e3,inter_expert_similarity_e2_e0,inter_expert_similarity_e2_e1,inter_expert_similarity_e2_e2,inter_expert_similarity_e2_e3,inter_expert_similarity_e3_e0,inter_expert_similarity_e3_e1,inter_expert_similarity_e3_e2,inter_expert_similarity_e3_e3,intra_expert_coherence_e0,intra_expert_coherence_e1,intra_expert_coherence_e2,intra_expert_coherence_e3,load_cv,load_max_min_ratio,overall_task_conflict_cos,router_entropy,router_load_e0,router_load_e1,router_load_e2,router_load_e3,task_acc__glue_rte,task_conflict_t0_t0,task_grad_norm_cv,task_loss__glue_rte,utilization_ratio
50.0,0.5894406139850616,0.5020080321285141,0.696402448683213,0.5270758122743683,0.6887507024738524,1.0,0.0,0.0,0.0,0.0,0.0,1.0,1.0,1.0,1.0,1.0,-0.0358503533379869,1.0,0.0,0.0,0.0,0.0,1.0,-0.2151021200279214,0.0,0.0,-0.2151021200279214,1.0,0.0,0.0,0.0,0.0,1.0,1.0,1.0,1.0,1.0,1.001346468925476,518353223800.6592,1.0,0.6920922086557326,0.0,0.5183532238006592,0.4816467761993408,0.0,0.5270758122743683,1.0,0.0,0.6887507024738524,0.5
100.0,0.6819550395011902,0.6012048192771084,0.6467475330791412,0.5523465703971119,0.6849654664595922,1.0,0.0,0.0,0.0,0.0,0.0,1.0,1.0,1.0,1.0,1.0,-0.012053970523626285,1.0,0.0,0.0,0.0,0.0,1.0,-0.07232382314175771,0.0,0.0,-0.07232382314175771,1.0,0.0,0.0,0.0,0.0,1.0,1.0,1.0,1.0,1.0,0.9988813996315002,534790754318.2373,1.0,0.6899499041078754,0.003224986605346203,0.5347907543182373,0.4619842767715454,0.0,0.5523465703971119,1.0,0.0,0.6849654664595922,0.5
150.0,0.6297553181648254,0.6574297188755021,0.6238738130109432,0.628158844765343,0.6459235582086775,1.0,0.0,0.0,0.0,0.0,0.0,1.0,1.0,1.0,1.0,1.0,-0.0397655510109327,1.0,0.0,0.0,0.0,0.0,1.0,-0.2385933060655962,0.0,0.0,-0.2385933060655962,1.0,0.0,0.0,0.0,0.0,1.0,1.0,1.0,1.0,1.0,1.0005685091018677,511924147605.896,1.0,0.6922482153138529,0.0,0.511924147605896,0.4880758225917816,0.0,0.628158844765343,1.0,0.0,0.6459235582086775,0.5
