step,train_step_loss,train_acc,train_loss,val_acc,val_loss,avg_intra_expert_coherence,expert_diversity_e0,expert_diversity_e1,expert_diversity_e2,expert_diversity_e3,expert_diversity_mean,expert_purity_e0,expert_purity_e1,expert_purity_e2,expert_purity_e3,expert_purity_mean,inter_expert_similarity,inter_expert_similarity_e0_e0,inter_expert_similarity_e0_e1,inter_expert_similarity_e0_e2,inter_expert_similarity_e0_e3,inter_expert_similarity_e1_e0,inter_expert_similarity_e1_e1,inter_expert_similarity_e1_e2,inter_expert_similarity_e1_e3,inter_expert_similarity_e2_e0,inter_expert_similarity_e2_e1,inter_expert_similarity_e2_e2,inter_expert_similarity_e2_e3,inter_expert_similarity_e3_e0,inter_expert_similarity_e3_e1,inter_expert_similarity_e3_e2,inter_expert_similarity_e3_e3,intra_expert_coherence_e0,intra_expert_coherence_e1,intra_expert_coherence_e2,intra_expert_coherence_e3,load_cv,load_max_min_ratio,overall_task_conflict_cos,router_entropy,router_load_e0,router_load_e1,router_load_e2,router_load_e3,task_acc__glue_rte,task_conflict_t0_t0,task_grad_norm_cv,task_loss__glue_rte,utilization_ratio
50.0,0.6654162108898163,0.5016064257028112,0.6929905210167934,0.5270758122743683,0.6893842816352844,1.0,0.0,0.0,0.0,0.0,0.0,1.0,1.0,1.0,1.0,1.0,0.010150316274511744,1.0,0.0,0.0,0.0,0.0,1.0,0.0,0.06090189764707047,0.0,0.0,1.0,0.0,0.0,0.06090189764707047,0.0,1.0,1.0,1.0,1.0,1.0,1.0218849791219817,574371457099.9146,1.0,0.6812706406796452,0.0,0.5743714570999146,0.0,0.4256284832954407,0.5270758122743683,1.0,0.0,0.6893842816352844,0.5
100.0,0.6809764504432678,0.5024096385542168,0.691026025169935,0.5234657039711191,0.6891541812154982,1.0,0.0,0.0,0.0,0.0,0.0,1.0,1.0,1.0,1.0,1.0,0.01038527459820203,1.0,0.0,0.0,0.0,0.0,1.0,0.0,0.06231164758921218,0.0,0.0,1.0,0.0,0.0,0.06231164758921218,0.0,1.0,1.0,1.0,1.0,1.0,1.0157097578048706,562915027141.571,1.0,0.6843333184073548,0.0,0.562915027141571,0.0,0.43708497285842896,0.5234657039711191,1.0,0.0,0.6891541812154982,0.5
150.0,0.6895118653774261,0.5550200803212851,0.6896744901171098,0.555956678700361,0.691170848078198,1.0,0.0,0.0,0.0,0.0,0.0,1.0,1.0,1.0,1.0,1.0,0.010647810362077086,1.0,0.0,0.0,0.0,0.0,1.0,0.0,0.06388686217246252,0.0,0.0,1.0,0.0,0.0,0.06388686217246252,0.0,1.0,1.0,1.0,1.0,1.0,1.0064116716384888,540100634098.053,1.0,0.6889246672069123,0.0,0.540100634098053,0.0,0.459899365901947,0.555956678700361,1.0,0.0,0.691170848078198,0.5
