step,train_step_loss,train_acc,train_loss,val_acc,val_loss,avg_intra_expert_coherence,expert_diversity_e0,expert_diversity_e1,expert_diversity_e2,expert_diversity_e3,expert_diversity_mean,expert_purity_e0,expert_purity_e1,expert_purity_e2,expert_purity_e3,expert_purity_mean,inter_expert_similarity,inter_expert_similarity_e0_e0,inter_expert_similarity_e0_e1,inter_expert_similarity_e0_e2,inter_expert_similarity_e0_e3,inter_expert_similarity_e1_e0,inter_expert_similarity_e1_e1,inter_expert_similarity_e1_e2,inter_expert_similarity_e1_e3,inter_expert_similarity_e2_e0,inter_expert_similarity_e2_e1,inter_expert_similarity_e2_e2,inter_expert_similarity_e2_e3,inter_expert_similarity_e3_e0,inter_expert_similarity_e3_e1,inter_expert_similarity_e3_e2,inter_expert_similarity_e3_e3,intra_expert_coherence_e0,intra_expert_coherence_e1,intra_expert_coherence_e2,intra_expert_coherence_e3,load_cv,load_max_min_ratio,overall_task_conflict_cos,router_entropy,router_load_e0,router_load_e1,router_load_e2,router_load_e3,task_acc__glue_sst2,task_conflict_t0_t0,task_grad_norm_cv,task_loss__glue_sst2,utilization_ratio
50.0,0.753846138715744,0.5578256544269403,0.6881019800759834,0.5091743119266054,0.7050657527013259,1.0,0.0,0.0,0.0,0.0,0.0,1.0,1.0,1.0,1.0,1.0,-0.023378783412591767,1.0,0.0,-0.1402727004755506,0.0,0.0,1.0,0.0,0.0,-0.1402727004755506,0.0,1.0,0.0,0.0,0.0,0.0,1.0,1.0,1.0,1.0,1.0,1.0000048279765146,501096308231.35376,1.0,0.6931447982788086,0.49890363216400146,0.0,0.5010963082313538,0.0,0.5091743119266054,1.0,0.0,0.7050657527013259,0.5
100.0,0.6699448227882385,0.5578256544269403,0.6864497554698636,0.5091743119266054,0.6984596051953056,1.0,0.0,0.0,0.0,0.0,0.0,1.0,1.0,1.0,1.0,1.0,-0.01991016951661079,1.0,0.0,0.0,0.0,0.0,1.0,-0.11946101709966474,0.0,0.0,-0.11946101709966474,1.0,0.0,0.0,0.0,0.0,1.0,1.0,1.0,1.0,1.0,1.000144362449646,506007194519.04297,1.0,0.6930750772493695,0.0,0.4939928352832794,0.506007194519043,0.0,0.5091743119266054,1.0,0.0,0.6984596051953056,0.5
150.0,0.7083348035812378,0.5578256544269403,0.6864446812315961,0.5091743119266054,0.6979541464285417,1.0,0.0,0.0,0.0,0.0,0.0,1.0,1.0,1.0,1.0,1.0,-0.032769793363007,1.0,0.0,-0.19661876017804197,0.0,0.0,1.0,0.0,0.0,-0.19661876017804197,0.0,1.0,0.0,0.0,0.0,0.0,1.0,1.0,1.0,1.0,1.0,1.0117529644671637,554364502429.9622,1.0,0.6872243881225586,0.4456354081630707,0.0,0.5543645024299622,0.0,0.5091743119266054,1.0,0.0,0.6979541464285417,0.5
