step,train_step_loss,train_acc,train_loss,val_acc,val_loss,router_entropy,router_load_e0,router_load_e1,router_load_e2,router_load_e3
30.0,0.600463887055715,0.6794111725516266,0.5860416646286235,0.6865531253569438,0.5850801408626908,0.681371292444291,0.044076401740312576,0.3956577181816101,0.013940791599452496,0.546325147151947
50.0,0.5336690197388331,0.6938155138326688,0.5506553067889145,0.6717854717137826,0.5633545267661044,0.674939154750771,0.0719054788351059,0.34372079372406006,0.010918021202087402,0.573455810546875
