step,train_step_loss,train_acc,train_loss,val_acc,val_loss,avg_intra_expert_coherence,expert_diversity_e0,expert_diversity_e1,expert_diversity_e2,expert_diversity_e3,expert_diversity_mean,expert_purity_e0,expert_purity_e1,expert_purity_e2,expert_purity_e3,expert_purity_mean,inter_expert_similarity,inter_expert_similarity_e0_e0,inter_expert_similarity_e0_e1,inter_expert_similarity_e0_e2,inter_expert_similarity_e0_e3,inter_expert_similarity_e1_e0,inter_expert_similarity_e1_e1,inter_expert_similarity_e1_e2,inter_expert_similarity_e1_e3,inter_expert_similarity_e2_e0,inter_expert_similarity_e2_e1,inter_expert_similarity_e2_e2,inter_expert_similarity_e2_e3,inter_expert_similarity_e3_e0,inter_expert_similarity_e3_e1,inter_expert_similarity_e3_e2,inter_expert_similarity_e3_e3,intra_expert_coherence_e0,intra_expert_coherence_e1,intra_expert_coherence_e2,intra_expert_coherence_e3,load_cv,load_max_min_ratio,overall_task_conflict_cos,router_entropy,router_load_e0,router_load_e1,router_load_e2,router_load_e3,task_acc__glue_rte,task_conflict_t0_t0,task_grad_norm_cv,task_loss__glue_rte,utilization_ratio
50.0,0.6140278279781342,0.572289156626506,0.6670055338587516,0.5703971119133574,0.6682795385519663,1.0,0.0,0.0,0.0,0.0,0.0,1.0,1.0,1.0,1.0,1.0,0.007063458917939756,1.0,0.0,0.0,0.042380753507638536,0.0,1.0,0.0,0.0,0.0,0.0,1.0,0.0,0.042380753507638536,0.0,0.0,1.0,1.0,1.0,1.0,1.0,1.0199767351150513,571021556854.248,1.0,0.6827171477169767,0.571021556854248,0.0,0.0,0.42897850275039673,0.5703971119133574,1.0,0.0,0.6682795385519663,0.5
100.0,0.6154265105724335,0.7224899598393574,0.5975976343147266,0.6750902527075813,0.630338771475686,1.0,0.0,0.0,0.0,0.0,0.0,1.0,1.0,1.0,1.0,1.0,0.022985698977946913,1.0,0.0,0.0,0.13791419386768147,0.0,1.0,0.0,0.0,0.0,0.0,1.0,0.0,0.13791419386768147,0.0,0.0,1.0,1.0,1.0,1.0,1.0,1.0132371791146504,557716488838.1958,1.0,0.6856541969285544,0.5577164888381958,0.0,0.0,0.4422834515571594,0.6750902527075813,1.0,0.0,0.630338771475686,0.5
150.0,0.645916610956192,0.757429718875502,0.5891313286354909,0.7111913357400722,0.6223623818821378,1.0,0.0,0.0,0.0,0.0,0.0,1.0,1.0,1.0,1.0,1.0,0.023879893876502318,1.0,0.0,0.0,0.14327936325901391,0.0,1.0,0.0,0.0,0.0,0.0,1.0,0.0,0.14327936325901391,0.0,0.0,1.0,1.0,1.0,1.0,1.0,1.0178513526916504,567101895809.1736,1.0,0.6835699296600122,0.5671018958091736,0.0,0.0,0.4328981041908264,0.7111913357400722,1.0,0.0,0.6223623818821378,0.5
