step,train_step_loss,train_acc,train_loss,val_acc,val_loss,avg_intra_expert_coherence,expert_diversity_e0,expert_diversity_e1,expert_diversity_e2,expert_diversity_e3,expert_diversity_mean,expert_purity_e0,expert_purity_e1,expert_purity_e2,expert_purity_e3,expert_purity_mean,inter_expert_similarity,inter_expert_similarity_e0_e0,inter_expert_similarity_e0_e1,inter_expert_similarity_e0_e2,inter_expert_similarity_e0_e3,inter_expert_similarity_e1_e0,inter_expert_similarity_e1_e1,inter_expert_similarity_e1_e2,inter_expert_similarity_e1_e3,inter_expert_similarity_e2_e0,inter_expert_similarity_e2_e1,inter_expert_similarity_e2_e2,inter_expert_similarity_e2_e3,inter_expert_similarity_e3_e0,inter_expert_similarity_e3_e1,inter_expert_similarity_e3_e2,inter_expert_similarity_e3_e3,intra_expert_coherence_e0,intra_expert_coherence_e1,intra_expert_coherence_e2,intra_expert_coherence_e3,load_cv,load_max_min_ratio,overall_task_conflict_cos,router_entropy,router_load_e0,router_load_e1,router_load_e2,router_load_e3,task_acc__glue_rte,task_conflict_t0_t0,task_grad_norm_cv,task_loss__glue_rte,utilization_ratio
50.0,0.6624780893325806,0.6060240963855422,0.6544753099863346,0.5812274368231047,0.6832457068893645,1.0,0.0,0.0,0.0,0.0,0.0,1.0,1.0,1.0,1.0,1.0,-0.03162106559970376,1.0,0.0,0.0,0.0,0.0,1.0,0.0,0.0,0.0,0.0,1.0,-0.18972639359822258,0.0,0.0,-0.18972639359822258,1.0,1.0,1.0,1.0,1.0,1.0252673625946045,579979062080.3833,1.0,0.6795877239764382,0.0,0.0,0.4200209677219391,0.5799790620803833,0.5812274368231047,1.0,0.0,0.6832457068893645,0.5
100.0,0.5974088311195374,0.6859437751004016,0.603298166145881,0.6714801444043321,0.62806453059117,1.0,0.0,0.0,0.0,0.0,0.0,1.0,1.0,1.0,1.0,1.0,-0.008909426597303175,1.0,0.0,0.0,0.0,0.0,1.0,0.0,0.0,0.0,0.0,1.0,-0.053456559583819056,0.0,0.0,-0.053456559583819056,1.0,1.0,1.0,1.0,1.0,1.030275821685791,587655663490.2954,1.0,0.6769615562383879,0.0,0.0,0.412344366312027,0.5876556634902954,0.6714801444043321,1.0,0.0,0.62806453059117,0.5
150.0,0.6011868119239807,0.761847389558233,0.5407711442273396,0.6787003610108303,0.5989665653970506,1.0,0.0,0.0,0.0,0.0,0.0,1.0,1.0,1.0,1.0,1.0,-0.07115871596840764,1.0,0.0,0.0,0.0,0.0,1.0,0.0,0.0,0.0,0.0,1.0,-0.42695229581044586,0.0,0.0,-0.42695229581044586,1.0,1.0,1.0,1.0,1.0,1.0154178142547607,562323093414.3066,1.0,0.6849111934000834,0.0,0.0,0.43767693638801575,0.5623230934143066,0.6787003610108303,1.0,0.0,0.5989665653970506,0.5
