step,train_step_loss,train_acc,train_loss,val_acc,val_loss,avg_intra_expert_coherence,expert_diversity_e0,expert_diversity_e1,expert_diversity_e2,expert_diversity_e3,expert_diversity_mean,expert_purity_e0,expert_purity_e1,expert_purity_e2,expert_purity_e3,expert_purity_mean,inter_expert_similarity,inter_expert_similarity_e0_e0,inter_expert_similarity_e0_e1,inter_expert_similarity_e0_e2,inter_expert_similarity_e0_e3,inter_expert_similarity_e1_e0,inter_expert_similarity_e1_e1,inter_expert_similarity_e1_e2,inter_expert_similarity_e1_e3,inter_expert_similarity_e2_e0,inter_expert_similarity_e2_e1,inter_expert_similarity_e2_e2,inter_expert_similarity_e2_e3,inter_expert_similarity_e3_e0,inter_expert_similarity_e3_e1,inter_expert_similarity_e3_e2,inter_expert_similarity_e3_e3,intra_expert_coherence_e0,intra_expert_coherence_e1,intra_expert_coherence_e2,intra_expert_coherence_e3,load_cv,load_max_min_ratio,overall_task_conflict_cos,router_entropy,router_load_e0,router_load_e1,router_load_e2,router_load_e3,task_acc__glue_rte,task_conflict_t0_t0,task_grad_norm_cv,task_loss__glue_rte,utilization_ratio
50.0,0.6960007846355438,0.5204819277108433,0.693008653456584,0.48014440433212996,0.7428575058778127,1.0,0.0,0.0,0.0,0.0,0.0,1.0,1.0,1.0,1.0,1.0,-0.03722147642350432,1.0,0.0,-0.2233288585410259,0.0,0.0,1.0,0.0,0.0,-0.2233288585410259,0.0,1.0,0.0,0.0,0.0,0.0,1.0,1.0,1.0,1.0,1.0,1.0015242099761963,519528150558.4717,1.0,0.6916658439360801,0.4804718792438507,0.0,0.5195281505584717,0.0,0.48014440433212996,1.0,0.0,0.7428575058778127,0.5
100.0,0.7177553176879883,0.6040160642570281,0.6426084122214561,0.555956678700361,0.6672959708505206,1.0,0.0,0.0,0.0,0.0,0.0,1.0,1.0,1.0,1.0,1.0,-0.030199813797822425,1.0,0.0,-0.18119888278693455,0.0,0.0,1.0,0.0,0.0,-0.18119888278693455,0.0,1.0,0.0,0.0,0.0,0.0,1.0,1.0,1.0,1.0,1.0,1.0015095474135336,519433498382.56836,1.0,0.6919334623357449,0.4805664122104645,0.0,0.5194334983825684,0.0,0.555956678700361,1.0,0.0,0.6672959708505206,0.5
150.0,0.5524408519268036,0.7526104417670683,0.5315217088048275,0.6967509025270758,0.596304746137725,1.0,0.0,0.0,0.0,0.0,0.0,1.0,1.0,1.0,1.0,1.0,-0.0703327764588268,1.0,0.0,-0.4219966587529608,0.0,0.0,1.0,0.0,0.0,-0.4219966587529608,0.0,1.0,0.0,0.0,0.0,0.0,1.0,1.0,1.0,1.0,1.0,1.002282977104187,523904025554.657,1.0,0.6916764910040349,0.476095974445343,0.0,0.523904025554657,0.0,0.6967509025270758,1.0,0.0,0.596304746137725,0.5
