step,train_step_loss,train_acc,train_loss,val_acc,val_loss,avg_intra_expert_coherence,expert_diversity_e0,expert_diversity_e1,expert_diversity_e2,expert_diversity_e3,expert_diversity_mean,expert_purity_e0,expert_purity_e1,expert_purity_e2,expert_purity_e3,expert_purity_mean,inter_expert_similarity,inter_expert_similarity_e0_e0,inter_expert_similarity_e0_e1,inter_expert_similarity_e0_e2,inter_expert_similarity_e0_e3,inter_expert_similarity_e1_e0,inter_expert_similarity_e1_e1,inter_expert_similarity_e1_e2,inter_expert_similarity_e1_e3,inter_expert_similarity_e2_e0,inter_expert_similarity_e2_e1,inter_expert_similarity_e2_e2,inter_expert_similarity_e2_e3,inter_expert_similarity_e3_e0,inter_expert_similarity_e3_e1,inter_expert_similarity_e3_e2,inter_expert_similarity_e3_e3,intra_expert_coherence_e0,intra_expert_coherence_e1,intra_expert_coherence_e2,intra_expert_coherence_e3,load_cv,load_max_min_ratio,overall_task_conflict_cos,router_entropy,router_load_e0,router_load_e1,router_load_e2,router_load_e3,task_acc__glue_mrpc,task_conflict_t0_t0,task_grad_norm_cv,task_loss__glue_mrpc,utilization_ratio
50.0,0.5467478930950165,0.7407306434023991,0.5249865857155427,0.7475490196078431,0.5228222138606585,1.0,0.0,0.0,0.0,0.0,0.0,1.0,1.0,1.0,1.0,1.0,-0.002334957429635184,1.0,0.0,0.0,0.0,0.0,1.0,0.0,-0.014009744577811106,0.0,0.0,1.0,0.0,0.0,-0.014009744577811106,0.0,1.0,1.0,1.0,1.0,1.0,1.0125324726104736,556149303913.1165,1.0,0.6861068933617835,0.0,0.4438507556915283,0.0,0.5561493039131165,0.7475490196078431,1.0,0.0,0.5228222138606585,0.5
100.0,0.5319449603557587,0.8176117775354417,0.3991670329609643,0.8063725490196079,0.4032699419901921,1.0,0.0,0.0,0.0,0.0,0.0,1.0,1.0,1.0,1.0,1.0,-0.06539494151988294,1.0,0.0,0.0,0.0,0.0,1.0,0.0,-0.3923696491192976,0.0,0.0,1.0,0.0,0.0,-0.3923696491192976,0.0,1.0,1.0,1.0,1.0,1.0,1.000718355178833,513403773307.8003,1.0,0.691173068448609,0.0,0.4865961968898773,0.0,0.5134037733078003,0.8063725490196079,1.0,0.0,0.4032699419901921,0.5
150.0,0.9666216671466827,0.8699563794983642,0.3517974845022368,0.8700980392156863,0.4004975757561624,1.0,0.0,0.0,0.0,0.0,0.0,1.0,1.0,1.0,1.0,1.0,0.028993861255099257,1.0,0.0,0.0,0.0,0.0,1.0,0.0,0.17396316753059554,0.0,0.0,1.0,0.0,0.0,0.17396316753059554,0.0,1.0,1.0,1.0,1.0,1.0,1.0013765096664429,518556952476.50146,1.0,0.6893087672252282,0.0,0.4814430773258209,0.0,0.5185569524765015,0.8700980392156863,1.0,0.0,0.4004975757561624,0.5
