step,train_step_loss,train_acc,train_loss,val_acc,val_loss,router_entropy,router_load_e0,router_load_e1,router_load_e2,router_load_e3
30.0,0.5228745192289352,0.6354037393564548,0.6370867160323014,0.6406190109928916,0.6293698668508383,0.6580305340941306,0.10049823671579361,0.004090804606676102,0.2860316038131714,0.609379231929779
50.0,0.5658781081438065,0.6502453872895401,0.6008694202879011,0.6408076956462813,0.6177713695499845,0.6610216069276686,0.27865660190582275,0.006445128004997969,0.10427527129650116,0.6106230616569519
