step,train_step_loss,train_acc,train_loss,val_acc,val_loss,router_entropy,router_load_e0,router_load_e1,router_load_e2,router_load_e3
30.0,0.6154890805482864,0.6585131541700388,0.6015753450694894,0.6509273537955228,0.6093101344791987,0.6857515648007393,0.005255139898508787,0.4949403405189514,0.0007274042000062764,0.499077171087265
50.0,0.6299839317798615,0.6842263965745957,0.562635555649942,0.6812911072892317,0.5731063009470332,0.6839813184407022,0.03262754902243614,0.5138830542564392,0.0004917395417578518,0.452997624874115
