step,train_step_loss,train_acc,train_loss,val_acc,val_loss,avg_intra_expert_coherence,expert_diversity_e0,expert_diversity_e1,expert_diversity_e2,expert_diversity_e3,expert_diversity_mean,expert_purity_e0,expert_purity_e1,expert_purity_e2,expert_purity_e3,expert_purity_mean,inter_expert_similarity,inter_expert_similarity_e0_e0,inter_expert_similarity_e0_e1,inter_expert_similarity_e0_e2,inter_expert_similarity_e0_e3,inter_expert_similarity_e1_e0,inter_expert_similarity_e1_e1,inter_expert_similarity_e1_e2,inter_expert_similarity_e1_e3,inter_expert_similarity_e2_e0,inter_expert_similarity_e2_e1,inter_expert_similarity_e2_e2,inter_expert_similarity_e2_e3,inter_expert_similarity_e3_e0,inter_expert_similarity_e3_e1,inter_expert_similarity_e3_e2,inter_expert_similarity_e3_e3,intra_expert_coherence_e0,intra_expert_coherence_e1,intra_expert_coherence_e2,intra_expert_coherence_e3,load_cv,load_max_min_ratio,overall_task_conflict_cos,router_entropy,router_load_e0,router_load_e1,router_load_e2,router_load_e3,task_acc__glue_rte,task_conflict_t0_t0,task_grad_norm_cv,task_loss__glue_rte,utilization_ratio
50.0,0.6279199719429016,0.5016064257028112,0.6878184699477293,0.5270758122743683,0.6817883998155594,1.0,0.0,0.0,0.0,0.0,0.0,1.0,1.0,1.0,1.0,1.0,0.0130883560900932,1.0,0.0,0.0785301365405592,0.0,0.0,1.0,0.0,0.0,0.0785301365405592,0.0,1.0,0.0,0.0,0.0,0.0,1.0,1.0,1.0,1.0,1.0,1.014474032583948,560371458530.426,1.0,0.684848463492273,0.560371458530426,0.0,0.43962863087654114,0.0,0.5270758122743683,1.0,0.0,0.6817883998155594,0.5
100.0,0.6511467099189758,0.5943775100401606,0.6625136194320825,0.5992779783393501,0.6654286136229833,1.0,0.0,0.0,0.0,0.0,0.0,1.0,1.0,1.0,1.0,1.0,0.008933169158097203,1.0,0.0,0.05359901494858322,0.0,0.0,1.0,0.0,0.0,0.05359901494858322,0.0,1.0,0.0,0.0,0.0,0.0,1.0,1.0,1.0,1.0,1.0,1.0111711025238037,552994072437.2864,1.0,0.6852502754018626,0.5529940724372864,0.0,0.447005957365036,0.0,0.5992779783393501,1.0,0.0,0.6654286136229833,0.5
150.0,0.696483701467514,0.659437751004016,0.6295192715831291,0.6353790613718412,0.6460437128941218,1.0,0.0,0.0,0.0,0.0,0.0,1.0,1.0,1.0,1.0,1.0,-0.012821086041303442,1.0,0.0,-0.04989095370692211,0.041060681627048595,0.0,1.0,0.0,0.0,-0.04989095370692211,0.0,1.0,-0.06809624416794713,0.041060681627048595,0.0,-0.06809624416794713,1.0,1.0,1.0,1.0,1.0,0.8690086525087746,586931109428.4058,1.0,0.6735627238070492,0.5869311094284058,0.0,0.13947880268096924,0.2735900282859802,0.6353790613718412,1.0,0.0,0.6460437128941218,0.75
