step,train_step_loss,train_acc,train_loss,val_acc,val_loss,avg_intra_expert_coherence,expert_diversity_e0,expert_diversity_e1,expert_diversity_e2,expert_diversity_e3,expert_diversity_mean,expert_purity_e0,expert_purity_e1,expert_purity_e2,expert_purity_e3,expert_purity_mean,inter_expert_similarity,inter_expert_similarity_e0_e0,inter_expert_similarity_e0_e1,inter_expert_similarity_e0_e2,inter_expert_similarity_e0_e3,inter_expert_similarity_e1_e0,inter_expert_similarity_e1_e1,inter_expert_similarity_e1_e2,inter_expert_similarity_e1_e3,inter_expert_similarity_e2_e0,inter_expert_similarity_e2_e1,inter_expert_similarity_e2_e2,inter_expert_similarity_e2_e3,inter_expert_similarity_e3_e0,inter_expert_similarity_e3_e1,inter_expert_similarity_e3_e2,inter_expert_similarity_e3_e3,intra_expert_coherence_e0,intra_expert_coherence_e1,intra_expert_coherence_e2,intra_expert_coherence_e3,load_cv,load_max_min_ratio,overall_task_conflict_cos,router_entropy,router_load_e0,router_load_e1,router_load_e2,router_load_e3,task_acc__glue_cola,task_acc__glue_mrpc,task_acc__glue_rte,task_conflict_t0_t0,task_conflict_t0_t1,task_conflict_t0_t2,task_conflict_t1_t0,task_conflict_t1_t1,task_conflict_t1_t2,task_conflict_t2_t0,task_conflict_t2_t1,task_conflict_t2_t2,task_grad_norm_cv,task_loss__glue_cola,task_loss__glue_mrpc,task_loss__glue_rte,utilization_ratio
1.0,0.6951872507731119,0.6254296252367676,0.6732873201362723,0.6160076283075439,0.6746729880223299,-0.12834619626426935,0.916524592255845,0.9497884509129294,0.9126154481181723,0.9040479054079569,0.9207440991737259,0.4449171721935272,0.44162169098854065,0.4747070372104645,0.5574703812599182,0.47967907041311264,0.0022705514006833567,1.0,-0.0016958742806385389,-0.004058971160266841,0.02496922792198649,-0.0016958742806385389,1.0,-0.018634945931754025,0.012782341205814118,-0.004058971160266841,-0.018634945931754025,1.0,0.00026153064895893574,0.02496922792198649,0.012782341205814118,0.00026153064895893574,1.0,-0.15321211527507037,-0.2238098120039558,-0.12819511388881935,-0.008167743889231931,0.32447947276127986,2.535041058720497,-0.09261834396360392,1.3034872287125499,0.22841058671474457,0.14748471975326538,0.3738798201084137,0.25022509694099426,0.6912751677852349,0.6838235294117647,0.4729241877256318,1.0,0.21404551238608746,-0.5044052750496467,0.21404551238608746,1.0,0.012504730772747418,-0.5044052750496467,0.012504730772747418,1.0,0.3208861741624946,0.6537198533538644,0.674171458272373,0.6961276524407524,1.0
