step,train_step_loss,train_acc,train_loss,val_acc,val_loss,avg_intra_expert_coherence,expert_diversity_e0,expert_diversity_e1,expert_diversity_e2,expert_diversity_e3,expert_diversity_mean,expert_purity_e0,expert_purity_e1,expert_purity_e2,expert_purity_e3,expert_purity_mean,inter_expert_similarity,inter_expert_similarity_e0_e0,inter_expert_similarity_e0_e1,inter_expert_similarity_e0_e2,inter_expert_similarity_e0_e3,inter_expert_similarity_e1_e0,inter_expert_similarity_e1_e1,inter_expert_similarity_e1_e2,inter_expert_similarity_e1_e3,inter_expert_similarity_e2_e0,inter_expert_similarity_e2_e1,inter_expert_similarity_e2_e2,inter_expert_similarity_e2_e3,inter_expert_similarity_e3_e0,inter_expert_similarity_e3_e1,inter_expert_similarity_e3_e2,inter_expert_similarity_e3_e3,intra_expert_coherence_e0,intra_expert_coherence_e1,intra_expert_coherence_e2,intra_expert_coherence_e3,load_cv,load_max_min_ratio,overall_task_conflict_cos,router_entropy,router_load_e0,router_load_e1,router_load_e2,router_load_e3,task_acc__glue_rte,task_conflict_t0_t0,task_grad_norm_cv,task_loss__glue_rte,utilization_ratio
50.0,0.6021115779876709,0.5016064257028112,0.6924977907385581,0.5270758122743683,0.6861439711517758,1.0,0.0,0.0,0.0,0.0,0.0,1.0,1.0,1.0,1.0,1.0,-0.023234327194071425,1.0,-0.13940596316442855,0.0,0.0,-0.13940596316442855,1.0,0.0,0.0,0.0,0.0,1.0,0.0,0.0,0.0,0.0,1.0,1.0,1.0,1.0,1.0,1.0252375602722168,579931259155.2734,1.0,0.6799249494118811,0.5799312591552734,0.42006874084472656,0.0,0.0,0.5270758122743683,1.0,0.0,0.6861439711517758,0.5
100.0,0.6770291328430176,0.5907630522088353,0.6520882798119997,0.5415162454873647,0.6834716763761308,1.0,0.0,0.0,0.0,0.0,0.0,1.0,1.0,1.0,1.0,1.0,-0.0069952974574861255,1.0,-0.27214584666575364,0.0,-0.1598461083282419,-0.27214584666575364,1.0,0.0,0.3900201702490788,0.0,0.0,1.0,0.0,-0.1598461083282419,0.3900201702490788,0.0,1.0,1.0,1.0,1.0,1.0,1.0242378130100853,581802606582.6416,1.0,0.6789980623265897,0.5818026065826416,0.41685688495635986,0.0,0.001340455375611782,0.5415162454873647,1.0,0.0,0.6834716763761308,0.5
150.0,0.6026330590248108,0.6827309236947792,0.6170202133556207,0.6642599277978339,0.6348618848456277,1.0,0.0,0.0,0.0,0.0,0.0,1.0,1.0,1.0,1.0,1.0,-0.0648735904764382,1.0,-0.3892415428586292,0.0,0.0,-0.3892415428586292,1.0,0.0,0.0,0.0,0.0,1.0,0.0,0.0,0.0,0.0,1.0,1.0,1.0,1.0,1.0,1.0091642141342163,547974646091.4612,1.0,0.6873356331987072,0.5479746460914612,0.45202532410621643,0.0,0.0,0.6642599277978339,1.0,0.0,0.6348618848456277,0.5
