step,train_step_loss,train_acc,train_loss,val_acc,val_loss,avg_intra_expert_coherence,expert_diversity_e0,expert_diversity_e1,expert_diversity_e2,expert_diversity_e3,expert_diversity_mean,expert_purity_e0,expert_purity_e1,expert_purity_e2,expert_purity_e3,expert_purity_mean,inter_expert_similarity,inter_expert_similarity_e0_e0,inter_expert_similarity_e0_e1,inter_expert_similarity_e0_e2,inter_expert_similarity_e0_e3,inter_expert_similarity_e1_e0,inter_expert_similarity_e1_e1,inter_expert_similarity_e1_e2,inter_expert_similarity_e1_e3,inter_expert_similarity_e2_e0,inter_expert_similarity_e2_e1,inter_expert_similarity_e2_e2,inter_expert_similarity_e2_e3,inter_expert_similarity_e3_e0,inter_expert_similarity_e3_e1,inter_expert_similarity_e3_e2,inter_expert_similarity_e3_e3,intra_expert_coherence_e0,intra_expert_coherence_e1,intra_expert_coherence_e2,intra_expert_coherence_e3,load_cv,load_max_min_ratio,overall_task_conflict_cos,router_entropy,router_load_e0,router_load_e1,router_load_e2,router_load_e3,task_acc__glue_sst2,task_conflict_t0_t0,task_grad_norm_cv,task_loss__glue_sst2,utilization_ratio
50.0,0.7423931360244751,0.5578256544269403,0.687577955435404,0.5091743119266054,0.7035565110770139,1.0,0.0,0.0,0.0,0.0,0.0,1.0,1.0,1.0,1.0,1.0,-0.013790477792992492,1.0,0.0,0.0,-0.08274286675795495,0.0,1.0,0.0,0.0,0.0,0.0,1.0,0.0,-0.08274286675795495,0.0,0.0,1.0,1.0,1.0,1.0,1.0,1.0058910846710205,538433134555.81665,1.0,0.6901900565952336,0.5384331345558167,0.0,0.0,0.46156686544418335,0.5091743119266054,1.0,0.0,0.7035565110770139,0.5
100.0,0.6545122563838959,0.5578256544269403,0.6890304128092994,0.5091743119266054,0.707497877966274,1.0,0.0,0.0,0.0,0.0,0.0,1.0,1.0,1.0,1.0,1.0,-0.013562312155313191,1.0,0.0,0.0,-0.08137387293187914,0.0,1.0,0.0,0.0,0.0,0.0,1.0,0.0,-0.08137387293187914,0.0,0.0,1.0,1.0,1.0,1.0,1.0,1.005740762441249,537937998771.6675,1.0,0.6902657151222229,0.46206191182136536,0.0,0.0,0.5379379987716675,0.5091743119266054,1.0,0.0,0.707497877966274,0.5
150.0,0.6918101906776428,0.5578256544269403,0.6864792918720042,0.5091743119266054,0.6969692246480421,1.0,0.0,0.0,0.0,0.0,0.0,1.0,1.0,1.0,1.0,1.0,-0.01784625816241292,1.0,0.0,0.0,-0.10707754897447752,0.0,1.0,0.0,0.0,0.0,0.0,1.0,0.0,-0.10707754897447752,0.0,0.0,1.0,1.0,1.0,1.0,1.0,1.0015547277396593,519722819328.3081,1.0,0.6923689842224121,0.5197228193283081,0.0,0.0,0.48027709126472473,0.5091743119266054,1.0,0.0,0.6969692246480421,0.5
