step,train_step_loss,train_acc,train_loss,val_acc,val_loss,avg_intra_expert_coherence,expert_diversity_e0,expert_diversity_e1,expert_diversity_e2,expert_diversity_e3,expert_diversity_mean,expert_purity_e0,expert_purity_e1,expert_purity_e2,expert_purity_e3,expert_purity_mean,inter_expert_similarity,inter_expert_similarity_e0_e0,inter_expert_similarity_e0_e1,inter_expert_similarity_e0_e2,inter_expert_similarity_e0_e3,inter_expert_similarity_e1_e0,inter_expert_similarity_e1_e1,inter_expert_similarity_e1_e2,inter_expert_similarity_e1_e3,inter_expert_similarity_e2_e0,inter_expert_similarity_e2_e1,inter_expert_similarity_e2_e2,inter_expert_similarity_e2_e3,inter_expert_similarity_e3_e0,inter_expert_similarity_e3_e1,inter_expert_similarity_e3_e2,inter_expert_similarity_e3_e3,intra_expert_coherence_e0,intra_expert_coherence_e1,intra_expert_coherence_e2,intra_expert_coherence_e3,load_cv,load_max_min_ratio,overall_task_conflict_cos,router_entropy,router_load_e0,router_load_e1,router_load_e2,router_load_e3,task_acc__glue_sst2,task_conflict_t0_t0,task_grad_norm_cv,task_loss__glue_sst2,utilization_ratio
50.0,0.7683709561824799,0.44217434557305973,0.6960441255229669,0.4908256880733945,0.6938220240853049,1.0,0.0,0.0,0.0,0.0,0.0,1.0,1.0,1.0,1.0,1.0,-0.026079550254080906,1.0,0.0,0.0,-0.15647730152448544,0.0,1.0,0.0,0.0,0.0,0.0,1.0,0.0,-0.15647730152448544,0.0,0.0,1.0,1.0,1.0,1.0,1.0,1.0005303621292114,511516511440.2771,1.0,0.6928820013999939,0.5115165114402771,0.0,0.0,0.4884834885597229,0.4908256880733945,1.0,0.0,0.6938220240853049,0.5
100.0,0.7223634123802185,0.5578256544269403,0.6942867159135551,0.5091743119266054,0.7179243434559215,1.0,0.0,0.0,0.0,0.0,0.0,1.0,1.0,1.0,1.0,1.0,-0.04111004793744213,1.0,0.0,0.0,-0.24666028762465275,0.0,1.0,0.0,0.0,0.0,0.0,1.0,0.0,-0.24666028762465275,0.0,0.0,1.0,1.0,1.0,1.0,1.0,1.0092726945877075,548258781433.10547,1.0,0.6884822249412537,0.4517412483692169,0.0,0.0,0.5482587814331055,0.5091743119266054,1.0,0.0,0.7179243434559215,0.5
150.0,0.6975073218345642,0.44217434557305973,0.6942905083617236,0.4908256880733945,0.6933649924668399,1.0,0.0,0.0,0.0,0.0,0.0,1.0,1.0,1.0,1.0,1.0,-0.01777243544128852,1.0,0.0,0.0,-0.10663461264773112,0.0,1.0,0.0,0.0,0.0,0.0,1.0,0.0,-0.10663461264773112,0.0,0.0,1.0,1.0,1.0,1.0,1.0,1.0311025306934045,588862657546.9971,1.0,0.6772699356079102,0.5888626575469971,0.0,0.0,0.4111376404762268,0.4908256880733945,1.0,0.0,0.6933649924668399,0.5
