step,train_step_loss,train_acc,train_loss,val_acc,val_loss,alignment_reward,l_conflict,l_conflict_e0,l_conflict_e1,l_conflict_e2,l_conflict_e3,router_conflict_grad_l2,router_entropy,router_load_e0,router_load_e1,router_load_e2,router_load_e3
30.0,0.6279968072970709,0.6282871566450975,0.617659395390376,0.6109339018237586,0.6282656748786227,0.06427047401666641,-0.06427047401666641,-0.03279690816998482,-0.0,-0.0,-0.031473565846681595,0.0,0.6778588390184773,0.5647518038749695,0.07556711137294769,0.0,0.3596811592578888
50.0,0.6649121443430583,0.6935872858879154,0.5759920179885385,0.6800569851180848,0.589458524672131,0.11907520890235901,-0.11907520890235901,-0.05923045799136162,-0.024044886231422424,-0.0,-0.03579986095428467,0.0,0.6788346734311845,0.5488004088401794,0.09327404946088791,0.0021264725364744663,0.35579913854599
