step,train_step_loss,train_acc,train_loss,val_acc,val_loss,alignment_reward,l_conflict,l_conflict_e0,l_conflict_e1,l_conflict_e2,l_conflict_e3,router_conflict_grad_l2,router_entropy,router_load_e0,router_load_e1,router_load_e2,router_load_e3
30.0,0.5665982613960902,0.6543776001582363,0.6343283812878159,0.6640525454805122,0.622919738081679,0.22252099215984344,-0.22252099215984344,-0.07230422645807266,-0.07089463621377945,-0.07932212948799133,-0.0,0.0,0.6875389574302567,0.5123830437660217,0.11850803345441818,0.3345881998538971,0.0345207042992115
50.0,0.536640430490176,0.7049581757539539,0.5539574231188437,0.6865762485871274,0.558354508073227,0.13699641823768616,-0.13699641823768616,-0.03206836059689522,-0.047073785215616226,-0.020861022174358368,-0.03699325770139694,0.0,0.6877443918751346,0.4548616111278534,0.21898958086967468,0.269548624753952,0.056600019335746765
