step,train_step_loss,train_acc,train_loss,val_acc,val_loss,avg_intra_expert_coherence,expert_diversity_e0,expert_diversity_e1,expert_diversity_e2,expert_diversity_e3,expert_diversity_mean,expert_purity_e0,expert_purity_e1,expert_purity_e2,expert_purity_e3,expert_purity_mean,inter_expert_similarity,inter_expert_similarity_e0_e0,inter_expert_similarity_e0_e1,inter_expert_similarity_e0_e2,inter_expert_similarity_e0_e3,inter_expert_similarity_e1_e0,inter_expert_similarity_e1_e1,inter_expert_similarity_e1_e2,inter_expert_similarity_e1_e3,inter_expert_similarity_e2_e0,inter_expert_similarity_e2_e1,inter_expert_similarity_e2_e2,inter_expert_similarity_e2_e3,inter_expert_similarity_e3_e0,inter_expert_similarity_e3_e1,inter_expert_similarity_e3_e2,inter_expert_similarity_e3_e3,intra_expert_coherence_e0,intra_expert_coherence_e1,intra_expert_coherence_e2,intra_expert_coherence_e3,load_cv,load_max_min_ratio,overall_task_conflict_cos,router_entropy,router_load_e0,router_load_e1,router_load_e2,router_load_e3,task_acc__glue_rte,task_conflict_t0_t0,task_grad_norm_cv,task_loss__glue_rte,utilization_ratio
50.0,0.6705063581466675,0.5927710843373494,0.6676845416426659,0.5270758122743683,0.6822822855578529,1.0,0.0,0.0,0.0,0.0,0.0,1.0,1.0,1.0,1.0,1.0,-0.03832359057926602,1.0,0.0,0.0,0.0,0.0,1.0,-0.22994154347559614,0.0,0.0,-0.22994154347559614,1.0,0.0,0.0,0.0,0.0,1.0,1.0,1.0,1.0,1.0,0.9999867081657996,537347197532.6538,1.0,0.6896661291914296,0.0,0.5373471975326538,0.4596109092235565,0.003041971940547228,0.5270758122743683,1.0,0.0,0.6822822855578529,0.5
100.0,0.6965868771076202,0.5016064257028112,0.6932913418763723,0.5270758122743683,0.6914826581875483,1.0,0.0,0.0,0.0,0.0,0.0,1.0,1.0,1.0,1.0,1.0,0.05849536803219715,1.0,0.0,0.0,0.0,0.0,1.0,0.0,0.35097220819318287,0.0,0.0,1.0,0.0,0.0,0.35097220819318287,0.0,1.0,1.0,1.0,1.0,1.0,1.020959856624586,572765946388.2446,1.0,0.6825197018440881,0.0,0.5727659463882446,0.0,0.4272339344024658,0.5270758122743683,1.0,0.0,0.6914826581875483,0.5
150.0,0.7584609389305115,0.4983935742971888,0.703194129619843,0.4729241877256318,0.7130733264817132,1.0,0.0,0.0,0.0,0.0,0.0,1.0,1.0,1.0,1.0,1.0,0.045997145602848226,1.0,0.0,0.0,0.0,0.0,1.0,0.0,0.27598287361708934,0.0,0.0,1.0,0.0,0.0,0.27598287361708934,0.0,1.0,1.0,1.0,1.0,1.0,1.016288698690456,564072906970.9778,1.0,0.6849138220294718,0.0,0.5640729069709778,0.0,0.43592703342437744,0.4729241877256318,1.0,0.0,0.7130733264817132,0.5
