step,train_step_loss,train_acc,train_loss,val_acc,val_loss,avg_intra_expert_coherence,expert_diversity_e0,expert_diversity_e1,expert_diversity_e2,expert_diversity_e3,expert_diversity_mean,expert_purity_e0,expert_purity_e1,expert_purity_e2,expert_purity_e3,expert_purity_mean,inter_expert_similarity,inter_expert_similarity_e0_e0,inter_expert_similarity_e0_e1,inter_expert_similarity_e0_e2,inter_expert_similarity_e0_e3,inter_expert_similarity_e1_e0,inter_expert_similarity_e1_e1,inter_expert_similarity_e1_e2,inter_expert_similarity_e1_e3,inter_expert_similarity_e2_e0,inter_expert_similarity_e2_e1,inter_expert_similarity_e2_e2,inter_expert_similarity_e2_e3,inter_expert_similarity_e3_e0,inter_expert_similarity_e3_e1,inter_expert_similarity_e3_e2,inter_expert_similarity_e3_e3,intra_expert_coherence_e0,intra_expert_coherence_e1,intra_expert_coherence_e2,intra_expert_coherence_e3,load_cv,load_max_min_ratio,overall_task_conflict_cos,router_entropy,router_load_e0,router_load_e1,router_load_e2,router_load_e3,task_acc__glue_rte,task_conflict_t0_t0,task_grad_norm_cv,task_loss__glue_rte,utilization_ratio
50.0,0.7575218379497528,0.5016064257028112,0.6989255301081218,0.5270758122743683,0.6909666276640363,1.0,0.0,0.0,0.0,0.0,0.0,1.0,1.0,1.0,1.0,1.0,0.007824533166833266,1.0,0.04694719900099959,0.0,0.0,0.04694719900099959,1.0,0.0,0.0,0.0,0.0,1.0,0.0,0.0,0.0,0.0,1.0,1.0,1.0,1.0,1.0,1.0398201370132052,600763201713.562,1.0,0.6727009714725646,0.600763201713562,0.3992367386817932,0.0,0.0,0.5270758122743683,1.0,0.0,0.6909666276640363,0.5
100.0,0.7259126901626587,0.4983935742971888,0.6944790508120489,0.4729241877256318,0.6979068252775404,1.0,0.0,0.0,0.0,0.0,0.0,1.0,1.0,1.0,1.0,1.0,0.00932688586724595,1.0,0.0559613152034757,0.0,0.0,0.0559613152034757,1.0,0.0,0.0,0.0,0.0,1.0,0.0,0.0,0.0,0.0,1.0,1.0,1.0,1.0,1.0,1.0049406284164633,535188376903.53394,1.0,0.6906686853415699,0.5351883769035339,0.4648117423057556,0.0,0.0,0.4729241877256318,1.0,0.0,0.6979068252775404,0.5
150.0,0.7479266226291656,0.4983935742971888,0.7005494755048017,0.4729241877256318,0.708977179394828,1.0,0.0,0.0,0.0,0.0,0.0,1.0,1.0,1.0,1.0,1.0,0.01031346468830563,1.0,0.06188078812983379,0.0,0.0,0.06188078812983379,1.0,0.0,0.0,0.0,0.0,1.0,0.0,0.0,0.0,0.0,1.0,1.0,1.0,1.0,1.0,1.0000030994415283,500888586044.3115,1.0,0.6931456710457371,0.4991114139556885,0.5008885860443115,0.0,0.0,0.4729241877256318,1.0,0.0,0.708977179394828,0.5
