step,train_step_loss,train_acc,train_loss,val_acc,val_loss,avg_intra_expert_coherence,expert_diversity_e0,expert_diversity_e1,expert_diversity_e2,expert_diversity_e3,expert_diversity_mean,expert_purity_e0,expert_purity_e1,expert_purity_e2,expert_purity_e3,expert_purity_mean,inter_expert_similarity,inter_expert_similarity_e0_e0,inter_expert_similarity_e0_e1,inter_expert_similarity_e0_e2,inter_expert_similarity_e0_e3,inter_expert_similarity_e1_e0,inter_expert_similarity_e1_e1,inter_expert_similarity_e1_e2,inter_expert_similarity_e1_e3,inter_expert_similarity_e2_e0,inter_expert_similarity_e2_e1,inter_expert_similarity_e2_e2,inter_expert_similarity_e2_e3,inter_expert_similarity_e3_e0,inter_expert_similarity_e3_e1,inter_expert_similarity_e3_e2,inter_expert_similarity_e3_e3,intra_expert_coherence_e0,intra_expert_coherence_e1,intra_expert_coherence_e2,intra_expert_coherence_e3,load_cv,load_max_min_ratio,overall_task_conflict_cos,router_entropy,router_load_e0,router_load_e1,router_load_e2,router_load_e3,task_acc__glue_rte,task_conflict_t0_t0,task_grad_norm_cv,task_loss__glue_rte,utilization_ratio
50.0,0.6429519653320312,0.5016064257028112,0.6971458232937715,0.5270758122743683,0.6905140827099482,1.0,0.0,0.0,0.0,0.0,0.0,1.0,1.0,1.0,1.0,1.0,0.009503307766603152,1.0,0.05701984659961891,0.0,0.0,0.05701984659961891,1.0,0.0,0.0,0.0,0.0,1.0,0.0,0.0,0.0,0.0,1.0,1.0,1.0,1.0,1.0,1.0000368356704712,503032624721.5271,1.0,0.6931287407444703,0.4969674050807953,0.5030326247215271,0.0,0.0,0.5270758122743683,1.0,0.0,0.6905140827099482,0.5
100.0,0.688662201166153,0.5016064257028112,0.6965640851702446,0.5270758122743683,0.6903964314195845,1.0,0.0,0.0,0.0,0.0,0.0,1.0,1.0,1.0,1.0,1.0,0.011208440889666944,1.0,0.06725064533800167,0.0,0.0,0.06725064533800167,1.0,0.0,0.0,0.0,0.0,1.0,0.0,0.0,0.0,0.0,1.0,1.0,1.0,1.0,1.0,1.047568678855896,610340416431.427,1.0,0.6685955731016634,0.610340416431427,0.3896596431732178,0.0,0.0,0.5270758122743683,1.0,0.0,0.6903964314195845,0.5
150.0,0.718113362789154,0.5016064257028112,0.6992969706654549,0.5270758122743683,0.6910922974348068,1.0,0.0,0.0,0.0,0.0,0.0,1.0,1.0,1.0,1.0,1.0,0.010593904923087412,1.0,0.06356342953852447,0.0,0.0,0.06356342953852447,1.0,0.0,0.0,0.0,0.0,1.0,0.0,0.0,0.0,0.0,1.0,1.0,1.0,1.0,1.0,1.124049372914396,681482374668.1213,1.0,0.6257470118870374,0.3185175657272339,0.6814823746681213,0.0,0.0,0.5270758122743683,1.0,0.0,0.6910922974348068,0.5
