step,train_step_loss,train_acc,train_loss,val_acc,val_loss,router_entropy,router_load_e0,router_load_e1,router_load_e2,router_load_e3
30.0,0.638965000708898,0.6280870408501821,0.6419063285476668,0.6205097243348998,0.645516450773486,0.6834618694804333,0.5234122276306152,0.4447786808013916,0.008410271257162094,0.023398859426379204
50.0,0.6621072888374329,0.6268660834190869,0.6318300057770295,0.6139204803623288,0.6363097669596499,0.6816781070773248,0.5365641117095947,0.4330213963985443,0.006234312430024147,0.024180278182029724
