step,train_step_loss,train_acc,train_loss,val_acc,val_loss,avg_intra_expert_coherence,expert_diversity_e0,expert_diversity_e1,expert_diversity_e2,expert_diversity_e3,expert_diversity_mean,expert_purity_e0,expert_purity_e1,expert_purity_e2,expert_purity_e3,expert_purity_mean,inter_expert_similarity,inter_expert_similarity_e0_e0,inter_expert_similarity_e0_e1,inter_expert_similarity_e0_e2,inter_expert_similarity_e0_e3,inter_expert_similarity_e1_e0,inter_expert_similarity_e1_e1,inter_expert_similarity_e1_e2,inter_expert_similarity_e1_e3,inter_expert_similarity_e2_e0,inter_expert_similarity_e2_e1,inter_expert_similarity_e2_e2,inter_expert_similarity_e2_e3,inter_expert_similarity_e3_e0,inter_expert_similarity_e3_e1,inter_expert_similarity_e3_e2,inter_expert_similarity_e3_e3,intra_expert_coherence_e0,intra_expert_coherence_e1,intra_expert_coherence_e2,intra_expert_coherence_e3,load_cv,load_max_min_ratio,overall_task_conflict_cos,router_entropy,router_load_e0,router_load_e1,router_load_e2,router_load_e3,task_acc__glue_mrpc,task_conflict_t0_t0,task_grad_norm_cv,task_loss__glue_mrpc,utilization_ratio
50.0,0.4491525739431381,0.8007088331515813,0.44289670320956603,0.8088235294117647,0.4449219359801366,1.0,0.0,0.0,0.0,0.0,0.0,1.0,1.0,1.0,1.0,1.0,0.2125568417928896,1.0,0.6377304602672658,0.03057786583975553,0.11227813352255075,0.6377304602672658,1.0,0.3189234428131237,0.38376192391512637,0.03057786583975553,0.3189234428131237,1.0,-0.20793077560048448,0.11227813352255075,0.38376192391512637,-0.20793077560048448,1.0,1.0,1.0,1.0,1.0,0.211543008685112,1.814262982684241,1.0,1.3300055732914047,0.23787780106067657,0.16936925053596497,0.2854726016521454,0.30728036165237427,0.8088235294117647,1.0,0.0,0.4449219359801366,1.0
100.0,0.16534848883748055,0.8751363140676118,0.2871030366493632,0.8529411764705882,0.3432686974724325,1.0,0.0,0.0,0.0,0.0,0.0,1.0,1.0,1.0,1.0,1.0,0.07840096860648621,1.0,0.2103601293971767,0.04641503367920243,0.16559620574703932,0.2103601293971767,1.0,-0.0671382989687826,-0.10908388405896273,0.04641503367920243,-0.0671382989687826,1.0,0.22425662584324418,0.16559620574703932,-0.10908388405896273,0.22425662584324418,1.0,1.0,1.0,1.0,1.0,0.26909139752388,2.243472866281304,1.0,1.315102593571532,0.24777568876743317,0.15276402235031128,0.2567383944988251,0.34272193908691406,0.8529411764705882,1.0,0.0,0.3432686974724325,1.0
