step,train_step_loss,train_acc,train_loss,val_acc,val_loss,avg_intra_expert_coherence,expert_diversity_e0,expert_diversity_e1,expert_diversity_e2,expert_diversity_e3,expert_diversity_mean,expert_purity_e0,expert_purity_e1,expert_purity_e2,expert_purity_e3,expert_purity_mean,inter_expert_similarity,inter_expert_similarity_e0_e0,inter_expert_similarity_e0_e1,inter_expert_similarity_e0_e2,inter_expert_similarity_e0_e3,inter_expert_similarity_e1_e0,inter_expert_similarity_e1_e1,inter_expert_similarity_e1_e2,inter_expert_similarity_e1_e3,inter_expert_similarity_e2_e0,inter_expert_similarity_e2_e1,inter_expert_similarity_e2_e2,inter_expert_similarity_e2_e3,inter_expert_similarity_e3_e0,inter_expert_similarity_e3_e1,inter_expert_similarity_e3_e2,inter_expert_similarity_e3_e3,intra_expert_coherence_e0,intra_expert_coherence_e1,intra_expert_coherence_e2,intra_expert_coherence_e3,load_cv,load_max_min_ratio,overall_task_conflict_cos,router_entropy,router_load_e0,router_load_e1,router_load_e2,router_load_e3,task_acc__glue_mrpc,task_conflict_t0_t0,task_grad_norm_cv,task_loss__glue_mrpc,utilization_ratio
50.0,0.27744103968143463,0.8334242093784079,0.372186315982886,0.8112745098039216,0.39550860913900227,1.0,0.0,0.0,0.0,0.0,0.0,1.0,1.0,1.0,1.0,1.0,0.05985674100913881,1.0,-0.031081116345593674,-0.04548079706090184,-0.10306758882309698,-0.031081116345593674,1.0,-0.04743960479801808,0.3693571934118592,-0.04548079706090184,-0.04743960479801808,1.0,0.21685235967058422,-0.10306758882309698,0.3693571934118592,0.21685235967058422,1.0,1.0,1.0,1.0,1.0,0.2783700789964105,2.3707724181684364,1.0,1.328152857574762,0.1335042417049408,0.26697835326194763,0.2830093204975128,0.3165081739425659,0.8112745098039216,1.0,0.0,0.39550860913900227,1.0
100.0,0.5029921531677246,0.8664122137404581,0.2980022920457565,0.8529411764705882,0.32663484204273957,1.0,0.0,0.0,0.0,0.0,0.0,1.0,1.0,1.0,1.0,1.0,-0.14431089962972657,1.0,-0.24310774515939346,-0.2101134791071345,-0.41325579068073687,-0.24310774515939346,1.0,-0.07166800942309931,0.2803877046374577,-0.2101134791071345,-0.07166800942309931,1.0,-0.20810807804545287,-0.41325579068073687,0.2803877046374577,-0.20810807804545287,1.0,1.0,1.0,1.0,1.0,0.23003222048282623,1.935177654144044,1.0,1.3406500816345215,0.15273942053318024,0.26249611377716064,0.2891865670681,0.29557791352272034,0.8529411764705882,1.0,0.0,0.32663484204273957,1.0
