step,train_step_loss,train_acc,train_loss,val_acc,val_loss,avg_intra_expert_coherence,expert_diversity_e0,expert_diversity_e1,expert_diversity_e2,expert_diversity_e3,expert_diversity_mean,expert_purity_e0,expert_purity_e1,expert_purity_e2,expert_purity_e3,expert_purity_mean,inter_expert_similarity,inter_expert_similarity_e0_e0,inter_expert_similarity_e0_e1,inter_expert_similarity_e0_e2,inter_expert_similarity_e0_e3,inter_expert_similarity_e1_e0,inter_expert_similarity_e1_e1,inter_expert_similarity_e1_e2,inter_expert_similarity_e1_e3,inter_expert_similarity_e2_e0,inter_expert_similarity_e2_e1,inter_expert_similarity_e2_e2,inter_expert_similarity_e2_e3,inter_expert_similarity_e3_e0,inter_expert_similarity_e3_e1,inter_expert_similarity_e3_e2,inter_expert_similarity_e3_e3,intra_expert_coherence_e0,intra_expert_coherence_e1,intra_expert_coherence_e2,intra_expert_coherence_e3,load_cv,load_max_min_ratio,overall_task_conflict_cos,router_entropy,router_load_e0,router_load_e1,router_load_e2,router_load_e3,task_acc__glue_rte,task_conflict_t0_t0,task_grad_norm_cv,task_loss__glue_rte,utilization_ratio
50.0,0.6231358349323273,0.5016064257028112,0.6878846301482273,0.5270758122743683,0.6814245151148902,1.0,0.0,0.0,0.0,0.0,0.0,1.0,1.0,1.0,1.0,1.0,0.005521603286093414,1.0,0.033129619716560484,0.0,0.0,0.033129619716560484,1.0,0.0,0.0,0.0,0.0,1.0,0.0,0.0,0.0,0.0,1.0,1.0,1.0,1.0,1.0,1.0022798776626587,523887395858.76465,1.0,0.6916038000196326,0.5238873958587646,0.47611260414123535,0.0,0.0,0.5270758122743683,1.0,0.0,0.6814245151148902,0.5
100.0,0.6797167360782623,0.6285140562248996,0.6388791195284097,0.5415162454873647,0.6789115816354752,1.0,0.0,0.0,0.0,0.0,0.0,1.0,1.0,1.0,1.0,1.0,0.006578766646190289,1.0,0.03947259987714174,0.0,0.0,0.03947259987714174,1.0,0.0,0.0,0.0,0.0,1.0,0.0,0.0,0.0,0.0,1.0,1.0,1.0,1.0,1.0,1.0118299736773937,554543435573.5779,1.0,0.685591124455421,0.44545644521713257,0.5545434355735779,0.0,0.0,0.5415162454873647,1.0,0.0,0.6789115816354752,0.5
150.0,0.6201021373271942,0.6775100401606425,0.6101309837248081,0.6678700361010831,0.6364397903283437,1.0,0.0,0.0,0.0,0.0,0.0,1.0,1.0,1.0,1.0,1.0,0.014620505904800721,1.0,0.08772303542880433,0.0,0.0,0.08772303542880433,1.0,0.0,0.0,0.0,0.0,1.0,0.0,0.0,0.0,0.0,1.0,1.0,1.0,1.0,1.0,1.0002669692198616,508170604705.81055,1.0,0.6906732755447553,0.5081706047058105,0.4918293356895447,0.0,0.0,0.6678700361010831,1.0,0.0,0.6364397903283437,0.5
