step,train_step_loss,train_acc,train_loss,val_acc,val_loss,avg_intra_expert_coherence,expert_diversity_e0,expert_diversity_e1,expert_diversity_e2,expert_diversity_e3,expert_diversity_mean,expert_purity_e0,expert_purity_e1,expert_purity_e2,expert_purity_e3,expert_purity_mean,inter_expert_similarity,inter_expert_similarity_e0_e0,inter_expert_similarity_e0_e1,inter_expert_similarity_e0_e2,inter_expert_similarity_e0_e3,inter_expert_similarity_e1_e0,inter_expert_similarity_e1_e1,inter_expert_similarity_e1_e2,inter_expert_similarity_e1_e3,inter_expert_similarity_e2_e0,inter_expert_similarity_e2_e1,inter_expert_similarity_e2_e2,inter_expert_similarity_e2_e3,inter_expert_similarity_e3_e0,inter_expert_similarity_e3_e1,inter_expert_similarity_e3_e2,inter_expert_similarity_e3_e3,intra_expert_coherence_e0,intra_expert_coherence_e1,intra_expert_coherence_e2,intra_expert_coherence_e3,load_cv,load_max_min_ratio,overall_task_conflict_cos,router_entropy,router_load_e0,router_load_e1,router_load_e2,router_load_e3,task_acc__glue_mrpc,task_conflict_t0_t0,task_grad_norm_cv,task_loss__glue_mrpc,utilization_ratio
50.0,0.34890876710414886,0.7851690294438386,0.4915782825940329,0.7549019607843137,0.49776972049417406,1.0,0.0,0.0,0.0,0.0,0.0,1.0,1.0,1.0,1.0,1.0,0.008393605565095403,1.0,0.05036163339057242,0.0,0.0,0.05036163339057242,1.0,0.0,0.0,0.0,0.0,1.0,0.0,0.0,0.0,0.0,1.0,1.0,1.0,1.0,1.0,1.4480693998254062,870288014411.9263,1.0,0.3275984943497415,0.1297120600938797,0.8702880144119263,0.0,0.0,0.7549019607843137,1.0,0.0,0.49776972049417406,0.5
100.0,0.33555247634649277,0.8454198473282443,0.36300856968306977,0.8259803921568627,0.3914670909826572,1.0,0.0,0.0,0.0,0.0,0.0,1.0,1.0,1.0,1.0,1.0,0.003847994490155453,1.0,0.02308796694093272,0.0,0.0,0.02308796694093272,1.0,0.0,0.0,0.0,0.0,1.0,0.0,0.0,0.0,0.0,1.0,1.0,1.0,1.0,1.0,1.2968600988388062,791943073272.7051,1.0,0.4343299556012247,0.2080569714307785,0.7919430732727051,0.0,0.0,0.8259803921568627,1.0,0.0,0.3914670909826572,0.5
150.0,0.49653054028749466,0.8677753544165758,0.3190515490491753,0.8504901960784313,0.35730639658868313,1.0,0.0,0.0,0.0,0.0,0.0,1.0,1.0,1.0,1.0,1.0,0.00881035074408341,1.0,0.05286210446450046,0.0,0.0,0.05286210446450046,1.0,0.0,0.0,0.0,0.0,1.0,0.0,0.0,0.0,0.0,1.0,1.0,1.0,1.0,1.0,1.3662306884664708,829124987125.3967,1.0,0.378534940235755,0.1708749532699585,0.8291249871253967,0.0,0.0,0.8504901960784313,1.0,0.0,0.35730639658868313,0.5
