step,train_step_loss,train_acc,train_loss,val_acc,val_loss,avg_intra_expert_coherence,expert_diversity_e0,expert_diversity_e1,expert_diversity_e2,expert_diversity_e3,expert_diversity_mean,expert_purity_e0,expert_purity_e1,expert_purity_e2,expert_purity_e3,expert_purity_mean,inter_expert_similarity,inter_expert_similarity_e0_e0,inter_expert_similarity_e0_e1,inter_expert_similarity_e0_e2,inter_expert_similarity_e0_e3,inter_expert_similarity_e1_e0,inter_expert_similarity_e1_e1,inter_expert_similarity_e1_e2,inter_expert_similarity_e1_e3,inter_expert_similarity_e2_e0,inter_expert_similarity_e2_e1,inter_expert_similarity_e2_e2,inter_expert_similarity_e2_e3,inter_expert_similarity_e3_e0,inter_expert_similarity_e3_e1,inter_expert_similarity_e3_e2,inter_expert_similarity_e3_e3,intra_expert_coherence_e0,intra_expert_coherence_e1,intra_expert_coherence_e2,intra_expert_coherence_e3,load_cv,load_max_min_ratio,overall_task_conflict_cos,router_entropy,router_load_e0,router_load_e1,router_load_e2,router_load_e3,task_acc__glue_cola,task_acc__glue_mrpc,task_acc__glue_rte,task_conflict_t0_t0,task_conflict_t0_t1,task_conflict_t0_t2,task_conflict_t1_t0,task_conflict_t1_t1,task_conflict_t1_t2,task_conflict_t2_t0,task_conflict_t2_t1,task_conflict_t2_t2,task_grad_norm_cv,task_loss__glue_cola,task_loss__glue_mrpc,task_loss__glue_rte,utilization_ratio
1.0,0.6548983951409658,0.6256550052072195,0.6683308962418169,0.6160076283075439,0.6707682438148349,0.0892597685707473,0.9530991680834321,0.9470905924025492,0.9165408686012804,0.890136947000313,0.9267168940218937,0.4883178472518921,0.49329155683517456,0.5421254634857178,0.5437284708023071,0.5168658345937729,0.049137914819293194,1.0,0.037358761800754155,0.027670285677479346,0.05099971420296405,0.037358761800754155,1.0,0.059788057547638135,0.052177441714753525,0.027670285677479346,0.059788057547638135,1.0,0.06683322797216994,0.05099971420296405,0.052177441714753525,0.06683322797216994,1.0,0.37298480636861536,-0.056310294596171005,0.09826652235686324,-0.05790195984631843,0.45574526923782094,2.917385298297577,-0.01682889772393656,1.2808814773818962,0.15206526219844818,0.21359364688396454,0.19070789217948914,0.44363296031951904,0.6912751677852349,0.6838235294117647,0.4729241877256318,1.0,0.6343822662279763,-0.47374633010602946,0.6343822662279763,1.0,-0.21112262929375655,-0.47374633010602946,-0.21112262929375655,1.0,0.42289086109229496,0.6458416321805416,0.6574355761210123,0.7090275231429508,1.0
