step,train_step_loss,train_acc,train_loss,val_acc,val_loss,avg_intra_expert_coherence,expert_diversity_e0,expert_diversity_e1,expert_diversity_e2,expert_diversity_e3,expert_diversity_mean,expert_purity_e0,expert_purity_e1,expert_purity_e2,expert_purity_e3,expert_purity_mean,inter_expert_similarity,inter_expert_similarity_e0_e0,inter_expert_similarity_e0_e1,inter_expert_similarity_e0_e2,inter_expert_similarity_e0_e3,inter_expert_similarity_e1_e0,inter_expert_similarity_e1_e1,inter_expert_similarity_e1_e2,inter_expert_similarity_e1_e3,inter_expert_similarity_e2_e0,inter_expert_similarity_e2_e1,inter_expert_similarity_e2_e2,inter_expert_similarity_e2_e3,inter_expert_similarity_e3_e0,inter_expert_similarity_e3_e1,inter_expert_similarity_e3_e2,inter_expert_similarity_e3_e3,intra_expert_coherence_e0,intra_expert_coherence_e1,intra_expert_coherence_e2,intra_expert_coherence_e3,load_cv,load_max_min_ratio,overall_task_conflict_cos,router_entropy,router_load_e0,router_load_e1,router_load_e2,router_load_e3,task_acc__glue_rte,task_conflict_t0_t0,task_grad_norm_cv,task_loss__glue_rte,utilization_ratio
50.0,0.6666194200515747,0.557429718875502,0.6825367245536584,0.51985559566787,0.6912965658638213,1.0,0.0,0.0,0.0,0.0,0.0,1.0,1.0,1.0,1.0,1.0,0.023799809120520363,1.0,0.0,0.05259179798938401,0.02817250309917799,0.0,1.0,0.0,0.0,0.05259179798938401,0.0,1.0,0.06203455363456018,0.02817250309917799,0.0,0.06203455363456018,1.0,1.0,1.0,1.0,1.0,0.8987112641334534,558290719985.9619,1.0,0.685242528949834,0.07477518916130066,0.0,0.5582907199859619,0.3669341206550598,0.51985559566787,1.0,0.0,0.6912965658638213,0.5
100.0,0.807262659072876,0.6582329317269077,0.6227329552173614,0.631768953068592,0.6582770720124245,1.0,0.0,0.0,0.0,0.0,0.0,1.0,1.0,1.0,1.0,1.0,0.01135487374414569,1.0,0.0,0.0,0.0,0.0,1.0,0.0,0.0,0.0,0.0,1.0,0.06812924246487413,0.0,0.0,0.06812924246487413,1.0,1.0,1.0,1.0,1.0,1.0725777062681072,637123584747.3145,1.0,0.6445123632892374,0.0,0.0,0.6371235847473145,0.3628765344619751,0.631768953068592,1.0,0.0,0.6582770720124245,0.5
150.0,0.6467387676239014,0.7522088353413655,0.5855883913353467,0.628158844765343,0.6273680958482954,1.0,0.0,0.0,0.0,0.0,0.0,1.0,1.0,1.0,1.0,1.0,0.004336795474964933,1.0,0.0,0.0,0.0,0.0,1.0,0.0,0.0,0.0,0.0,1.0,0.026020772849789597,0.0,0.0,0.026020772849789597,1.0,1.0,1.0,1.0,1.0,0.9805880188941956,539066791534.4238,1.0,0.6639548931741542,0.0,0.014173416420817375,0.44675979018211365,0.5390667915344238,0.628158844765343,1.0,0.0,0.6273680958482954,0.5
