method,candidate_id,seed,best_val_acc,final_val_acc,score_05_05,reused,summary_json,curve_csv
ours,coord_01_anchor,2,0.8158844765342961,0.8158844765342961,0.8158844765342961,False,/home/zhujjing/MOE-grad-conflict-routing/runs/paper_suite/single_gpu/single_task/deberta_rte_lora_e4_k2/hpo/ours/trial_runs/coord_01_anchor/ours_s2.json,/home/zhujjing/MOE-grad-conflict-routing/runs/paper_suite/single_gpu/single_task/deberta_rte_lora_e4_k2/hpo/ours/trial_runs/coord_01_anchor/ours_s2_curve.csv
ours,coord_01_anchor,3,0.7689530685920578,0.7689530685920578,0.7689530685920578,False,/home/zhujjing/MOE-grad-conflict-routing/runs/paper_suite/single_gpu/single_task/deberta_rte_lora_e4_k2/hpo/ours/trial_runs/coord_01_anchor/ours_s3.json,/home/zhujjing/MOE-grad-conflict-routing/runs/paper_suite/single_gpu/single_task/deberta_rte_lora_e4_k2/hpo/ours/trial_runs/coord_01_anchor/ours_s3_curve.csv
ours,coord_01_train_lr_000,2,0.8158844765342961,0.8158844765342961,0.8158844765342961,False,/home/zhujjing/MOE-grad-conflict-routing/runs/paper_suite/single_gpu/single_task/deberta_rte_lora_e4_k2/hpo/ours/trial_runs/coord_01_train_lr_000/ours_s2.json,/home/zhujjing/MOE-grad-conflict-routing/runs/paper_suite/single_gpu/single_task/deberta_rte_lora_e4_k2/hpo/ours/trial_runs/coord_01_train_lr_000/ours_s2_curve.csv
ours,coord_01_train_lr_000,3,0.7617328519855595,0.7472924187725631,0.7545126353790613,False,/home/zhujjing/MOE-grad-conflict-routing/runs/paper_suite/single_gpu/single_task/deberta_rte_lora_e4_k2/hpo/ours/trial_runs/coord_01_train_lr_000/ours_s3.json,/home/zhujjing/MOE-grad-conflict-routing/runs/paper_suite/single_gpu/single_task/deberta_rte_lora_e4_k2/hpo/ours/trial_runs/coord_01_train_lr_000/ours_s3_curve.csv
ours,coord_01_train_lr_001,2,0.7472924187725631,0.7472924187725631,0.7472924187725631,False,/home/zhujjing/MOE-grad-conflict-routing/runs/paper_suite/single_gpu/single_task/deberta_rte_lora_e4_k2/hpo/ours/trial_runs/coord_01_train_lr_001/ours_s2.json,/home/zhujjing/MOE-grad-conflict-routing/runs/paper_suite/single_gpu/single_task/deberta_rte_lora_e4_k2/hpo/ours/trial_runs/coord_01_train_lr_001/ours_s2_curve.csv
ours,coord_01_train_lr_001,3,0.7509025270758123,0.7509025270758123,0.7509025270758123,False,/home/zhujjing/MOE-grad-conflict-routing/runs/paper_suite/single_gpu/single_task/deberta_rte_lora_e4_k2/hpo/ours/trial_runs/coord_01_train_lr_001/ours_s3.json,/home/zhujjing/MOE-grad-conflict-routing/runs/paper_suite/single_gpu/single_task/deberta_rte_lora_e4_k2/hpo/ours/trial_runs/coord_01_train_lr_001/ours_s3_curve.csv
ours,coord_01_train_lr_002,2,0.5270758122743683,0.5270758122743683,0.5270758122743683,False,/home/zhujjing/MOE-grad-conflict-routing/runs/paper_suite/single_gpu/single_task/deberta_rte_lora_e4_k2/hpo/ours/trial_runs/coord_01_train_lr_002/ours_s2.json,/home/zhujjing/MOE-grad-conflict-routing/runs/paper_suite/single_gpu/single_task/deberta_rte_lora_e4_k2/hpo/ours/trial_runs/coord_01_train_lr_002/ours_s2_curve.csv
ours,coord_01_train_lr_002,3,0.5270758122743683,0.5270758122743683,0.5270758122743683,False,/home/zhujjing/MOE-grad-conflict-routing/runs/paper_suite/single_gpu/single_task/deberta_rte_lora_e4_k2/hpo/ours/trial_runs/coord_01_train_lr_002/ours_s3.json,/home/zhujjing/MOE-grad-conflict-routing/runs/paper_suite/single_gpu/single_task/deberta_rte_lora_e4_k2/hpo/ours/trial_runs/coord_01_train_lr_002/ours_s3_curve.csv
ours,coord_01_train_lr_003,2,0.8158844765342961,0.8158844765342961,0.8158844765342961,False,/home/zhujjing/MOE-grad-conflict-routing/runs/paper_suite/single_gpu/single_task/deberta_rte_lora_e4_k2/hpo/ours/trial_runs/coord_01_train_lr_003/ours_s2.json,/home/zhujjing/MOE-grad-conflict-routing/runs/paper_suite/single_gpu/single_task/deberta_rte_lora_e4_k2/hpo/ours/trial_runs/coord_01_train_lr_003/ours_s2_curve.csv
ours,coord_01_train_lr_003,3,0.8303249097472925,0.7978339350180506,0.8140794223826715,False,/home/zhujjing/MOE-grad-conflict-routing/runs/paper_suite/single_gpu/single_task/deberta_rte_lora_e4_k2/hpo/ours/trial_runs/coord_01_train_lr_003/ours_s3.json,/home/zhujjing/MOE-grad-conflict-routing/runs/paper_suite/single_gpu/single_task/deberta_rte_lora_e4_k2/hpo/ours/trial_runs/coord_01_train_lr_003/ours_s3_curve.csv
ours,coord_01_train_lr_004,2,0.5270758122743683,0.5270758122743683,0.5270758122743683,False,/home/zhujjing/MOE-grad-conflict-routing/runs/paper_suite/single_gpu/single_task/deberta_rte_lora_e4_k2/hpo/ours/trial_runs/coord_01_train_lr_004/ours_s2.json,/home/zhujjing/MOE-grad-conflict-routing/runs/paper_suite/single_gpu/single_task/deberta_rte_lora_e4_k2/hpo/ours/trial_runs/coord_01_train_lr_004/ours_s2_curve.csv
ours,coord_01_train_lr_004,3,0.4729241877256318,0.4729241877256318,0.4729241877256318,False,/home/zhujjing/MOE-grad-conflict-routing/runs/paper_suite/single_gpu/single_task/deberta_rte_lora_e4_k2/hpo/ours/trial_runs/coord_01_train_lr_004/ours_s3.json,/home/zhujjing/MOE-grad-conflict-routing/runs/paper_suite/single_gpu/single_task/deberta_rte_lora_e4_k2/hpo/ours/trial_runs/coord_01_train_lr_004/ours_s3_curve.csv
ours,coord_01_train_lr_005,2,0.8339350180505415,0.8339350180505415,0.8339350180505415,False,/home/zhujjing/MOE-grad-conflict-routing/runs/paper_suite/single_gpu/single_task/deberta_rte_lora_e4_k2/hpo/ours/trial_runs/coord_01_train_lr_005/ours_s2.json,/home/zhujjing/MOE-grad-conflict-routing/runs/paper_suite/single_gpu/single_task/deberta_rte_lora_e4_k2/hpo/ours/trial_runs/coord_01_train_lr_005/ours_s2_curve.csv
ours,coord_01_train_lr_005,3,0.7581227436823105,0.740072202166065,0.7490974729241877,False,/home/zhujjing/MOE-grad-conflict-routing/runs/paper_suite/single_gpu/single_task/deberta_rte_lora_e4_k2/hpo/ours/trial_runs/coord_01_train_lr_005/ours_s3.json,/home/zhujjing/MOE-grad-conflict-routing/runs/paper_suite/single_gpu/single_task/deberta_rte_lora_e4_k2/hpo/ours/trial_runs/coord_01_train_lr_005/ours_s3_curve.csv
ours,coord_01_train_lr_006,2,0.8158844765342961,0.8158844765342961,0.8158844765342961,False,/home/zhujjing/MOE-grad-conflict-routing/runs/paper_suite/single_gpu/single_task/deberta_rte_lora_e4_k2/hpo/ours/trial_runs/coord_01_train_lr_006/ours_s2.json,/home/zhujjing/MOE-grad-conflict-routing/runs/paper_suite/single_gpu/single_task/deberta_rte_lora_e4_k2/hpo/ours/trial_runs/coord_01_train_lr_006/ours_s2_curve.csv
ours,coord_01_train_lr_006,3,0.8411552346570397,0.8411552346570397,0.8411552346570397,False,/home/zhujjing/MOE-grad-conflict-routing/runs/paper_suite/single_gpu/single_task/deberta_rte_lora_e4_k2/hpo/ours/trial_runs/coord_01_train_lr_006/ours_s3.json,/home/zhujjing/MOE-grad-conflict-routing/runs/paper_suite/single_gpu/single_task/deberta_rte_lora_e4_k2/hpo/ours/trial_runs/coord_01_train_lr_006/ours_s3_curve.csv
ours,coord_01_train_lr_007,2,0.7364620938628159,0.7364620938628159,0.7364620938628159,False,/home/zhujjing/MOE-grad-conflict-routing/runs/paper_suite/single_gpu/single_task/deberta_rte_lora_e4_k2/hpo/ours/trial_runs/coord_01_train_lr_007/ours_s2.json,/home/zhujjing/MOE-grad-conflict-routing/runs/paper_suite/single_gpu/single_task/deberta_rte_lora_e4_k2/hpo/ours/trial_runs/coord_01_train_lr_007/ours_s2_curve.csv
ours,coord_01_train_lr_007,3,0.6895306859205776,0.6895306859205776,0.6895306859205776,False,/home/zhujjing/MOE-grad-conflict-routing/runs/paper_suite/single_gpu/single_task/deberta_rte_lora_e4_k2/hpo/ours/trial_runs/coord_01_train_lr_007/ours_s3.json,/home/zhujjing/MOE-grad-conflict-routing/runs/paper_suite/single_gpu/single_task/deberta_rte_lora_e4_k2/hpo/ours/trial_runs/coord_01_train_lr_007/ours_s3_curve.csv
ours,coord_01_train_lr_008,2,0.7906137184115524,0.7906137184115524,0.7906137184115524,False,/home/zhujjing/MOE-grad-conflict-routing/runs/paper_suite/single_gpu/single_task/deberta_rte_lora_e4_k2/hpo/ours/trial_runs/coord_01_train_lr_008/ours_s2.json,/home/zhujjing/MOE-grad-conflict-routing/runs/paper_suite/single_gpu/single_task/deberta_rte_lora_e4_k2/hpo/ours/trial_runs/coord_01_train_lr_008/ours_s2_curve.csv
ours,coord_01_train_lr_008,3,0.7581227436823105,0.7545126353790613,0.7563176895306859,False,/home/zhujjing/MOE-grad-conflict-routing/runs/paper_suite/single_gpu/single_task/deberta_rte_lora_e4_k2/hpo/ours/trial_runs/coord_01_train_lr_008/ours_s3.json,/home/zhujjing/MOE-grad-conflict-routing/runs/paper_suite/single_gpu/single_task/deberta_rte_lora_e4_k2/hpo/ours/trial_runs/coord_01_train_lr_008/ours_s3_curve.csv
ours,coord_01_train_lr_009,2,0.5270758122743683,0.4729241877256318,0.5,False,/home/zhujjing/MOE-grad-conflict-routing/runs/paper_suite/single_gpu/single_task/deberta_rte_lora_e4_k2/hpo/ours/trial_runs/coord_01_train_lr_009/ours_s2.json,/home/zhujjing/MOE-grad-conflict-routing/runs/paper_suite/single_gpu/single_task/deberta_rte_lora_e4_k2/hpo/ours/trial_runs/coord_01_train_lr_009/ours_s2_curve.csv
ours,coord_01_train_lr_009,3,0.4729241877256318,0.4729241877256318,0.4729241877256318,False,/home/zhujjing/MOE-grad-conflict-routing/runs/paper_suite/single_gpu/single_task/deberta_rte_lora_e4_k2/hpo/ours/trial_runs/coord_01_train_lr_009/ours_s3.json,/home/zhujjing/MOE-grad-conflict-routing/runs/paper_suite/single_gpu/single_task/deberta_rte_lora_e4_k2/hpo/ours/trial_runs/coord_01_train_lr_009/ours_s3_curve.csv
ours,coord_01_train_lr_010,2,0.779783393501805,0.779783393501805,0.779783393501805,False,/home/zhujjing/MOE-grad-conflict-routing/runs/paper_suite/single_gpu/single_task/deberta_rte_lora_e4_k2/hpo/ours/trial_runs/coord_01_train_lr_010/ours_s2.json,/home/zhujjing/MOE-grad-conflict-routing/runs/paper_suite/single_gpu/single_task/deberta_rte_lora_e4_k2/hpo/ours/trial_runs/coord_01_train_lr_010/ours_s2_curve.csv
ours,coord_01_train_lr_010,3,0.7689530685920578,0.7689530685920578,0.7689530685920578,False,/home/zhujjing/MOE-grad-conflict-routing/runs/paper_suite/single_gpu/single_task/deberta_rte_lora_e4_k2/hpo/ours/trial_runs/coord_01_train_lr_010/ours_s3.json,/home/zhujjing/MOE-grad-conflict-routing/runs/paper_suite/single_gpu/single_task/deberta_rte_lora_e4_k2/hpo/ours/trial_runs/coord_01_train_lr_010/ours_s3_curve.csv
ours,coord_01_train_lr_011,2,0.5270758122743683,0.5270758122743683,0.5270758122743683,False,/home/zhujjing/MOE-grad-conflict-routing/runs/paper_suite/single_gpu/single_task/deberta_rte_lora_e4_k2/hpo/ours/trial_runs/coord_01_train_lr_011/ours_s2.json,/home/zhujjing/MOE-grad-conflict-routing/runs/paper_suite/single_gpu/single_task/deberta_rte_lora_e4_k2/hpo/ours/trial_runs/coord_01_train_lr_011/ours_s2_curve.csv
ours,coord_01_train_lr_011,3,0.4729241877256318,0.4729241877256318,0.4729241877256318,False,/home/zhujjing/MOE-grad-conflict-routing/runs/paper_suite/single_gpu/single_task/deberta_rte_lora_e4_k2/hpo/ours/trial_runs/coord_01_train_lr_011/ours_s3.json,/home/zhujjing/MOE-grad-conflict-routing/runs/paper_suite/single_gpu/single_task/deberta_rte_lora_e4_k2/hpo/ours/trial_runs/coord_01_train_lr_011/ours_s3_curve.csv
ours,coord_01_train_lr_012,2,0.5270758122743683,0.5270758122743683,0.5270758122743683,False,/home/zhujjing/MOE-grad-conflict-routing/runs/paper_suite/single_gpu/single_task/deberta_rte_lora_e4_k2/hpo/ours/trial_runs/coord_01_train_lr_012/ours_s2.json,/home/zhujjing/MOE-grad-conflict-routing/runs/paper_suite/single_gpu/single_task/deberta_rte_lora_e4_k2/hpo/ours/trial_runs/coord_01_train_lr_012/ours_s2_curve.csv
ours,coord_01_train_lr_012,3,0.5270758122743683,0.4729241877256318,0.5,False,/home/zhujjing/MOE-grad-conflict-routing/runs/paper_suite/single_gpu/single_task/deberta_rte_lora_e4_k2/hpo/ours/trial_runs/coord_01_train_lr_012/ours_s3.json,/home/zhujjing/MOE-grad-conflict-routing/runs/paper_suite/single_gpu/single_task/deberta_rte_lora_e4_k2/hpo/ours/trial_runs/coord_01_train_lr_012/ours_s3_curve.csv
ours,coord_01_train_lr_013,2,0.7942238267148014,0.7942238267148014,0.7942238267148014,False,/home/zhujjing/MOE-grad-conflict-routing/runs/paper_suite/single_gpu/single_task/deberta_rte_lora_e4_k2/hpo/ours/trial_runs/coord_01_train_lr_013/ours_s2.json,/home/zhujjing/MOE-grad-conflict-routing/runs/paper_suite/single_gpu/single_task/deberta_rte_lora_e4_k2/hpo/ours/trial_runs/coord_01_train_lr_013/ours_s2_curve.csv
ours,coord_01_train_lr_013,3,0.8267148014440433,0.8267148014440433,0.8267148014440433,False,/home/zhujjing/MOE-grad-conflict-routing/runs/paper_suite/single_gpu/single_task/deberta_rte_lora_e4_k2/hpo/ours/trial_runs/coord_01_train_lr_013/ours_s3.json,/home/zhujjing/MOE-grad-conflict-routing/runs/paper_suite/single_gpu/single_task/deberta_rte_lora_e4_k2/hpo/ours/trial_runs/coord_01_train_lr_013/ours_s3_curve.csv
ours,coord_01_train_lr_014,2,0.779783393501805,0.779783393501805,0.779783393501805,False,/home/zhujjing/MOE-grad-conflict-routing/runs/paper_suite/single_gpu/single_task/deberta_rte_lora_e4_k2/hpo/ours/trial_runs/coord_01_train_lr_014/ours_s2.json,/home/zhujjing/MOE-grad-conflict-routing/runs/paper_suite/single_gpu/single_task/deberta_rte_lora_e4_k2/hpo/ours/trial_runs/coord_01_train_lr_014/ours_s2_curve.csv
ours,coord_01_train_lr_014,3,0.8267148014440433,0.8267148014440433,0.8267148014440433,False,/home/zhujjing/MOE-grad-conflict-routing/runs/paper_suite/single_gpu/single_task/deberta_rte_lora_e4_k2/hpo/ours/trial_runs/coord_01_train_lr_014/ours_s3.json,/home/zhujjing/MOE-grad-conflict-routing/runs/paper_suite/single_gpu/single_task/deberta_rte_lora_e4_k2/hpo/ours/trial_runs/coord_01_train_lr_014/ours_s3_curve.csv
ours,coord_01_train_lr_015,2,0.5270758122743683,0.5270758122743683,0.5270758122743683,False,/home/zhujjing/MOE-grad-conflict-routing/runs/paper_suite/single_gpu/single_task/deberta_rte_lora_e4_k2/hpo/ours/trial_runs/coord_01_train_lr_015/ours_s2.json,/home/zhujjing/MOE-grad-conflict-routing/runs/paper_suite/single_gpu/single_task/deberta_rte_lora_e4_k2/hpo/ours/trial_runs/coord_01_train_lr_015/ours_s2_curve.csv
ours,coord_01_train_lr_015,3,0.4729241877256318,0.4729241877256318,0.4729241877256318,False,/home/zhujjing/MOE-grad-conflict-routing/runs/paper_suite/single_gpu/single_task/deberta_rte_lora_e4_k2/hpo/ours/trial_runs/coord_01_train_lr_015/ours_s3.json,/home/zhujjing/MOE-grad-conflict-routing/runs/paper_suite/single_gpu/single_task/deberta_rte_lora_e4_k2/hpo/ours/trial_runs/coord_01_train_lr_015/ours_s3_curve.csv
ours,coord_01_train_lr_016,2,0.8122743682310469,0.8122743682310469,0.8122743682310469,False,/home/zhujjing/MOE-grad-conflict-routing/runs/paper_suite/single_gpu/single_task/deberta_rte_lora_e4_k2/hpo/ours/trial_runs/coord_01_train_lr_016/ours_s2.json,/home/zhujjing/MOE-grad-conflict-routing/runs/paper_suite/single_gpu/single_task/deberta_rte_lora_e4_k2/hpo/ours/trial_runs/coord_01_train_lr_016/ours_s2_curve.csv
ours,coord_01_train_lr_016,3,0.7906137184115524,0.7906137184115524,0.7906137184115524,False,/home/zhujjing/MOE-grad-conflict-routing/runs/paper_suite/single_gpu/single_task/deberta_rte_lora_e4_k2/hpo/ours/trial_runs/coord_01_train_lr_016/ours_s3.json,/home/zhujjing/MOE-grad-conflict-routing/runs/paper_suite/single_gpu/single_task/deberta_rte_lora_e4_k2/hpo/ours/trial_runs/coord_01_train_lr_016/ours_s3_curve.csv
ours,coord_01_train_lr_017,2,0.5270758122743683,0.5270758122743683,0.5270758122743683,False,/home/zhujjing/MOE-grad-conflict-routing/runs/paper_suite/single_gpu/single_task/deberta_rte_lora_e4_k2/hpo/ours/trial_runs/coord_01_train_lr_017/ours_s2.json,/home/zhujjing/MOE-grad-conflict-routing/runs/paper_suite/single_gpu/single_task/deberta_rte_lora_e4_k2/hpo/ours/trial_runs/coord_01_train_lr_017/ours_s2_curve.csv
ours,coord_01_train_lr_017,3,0.4729241877256318,0.4729241877256318,0.4729241877256318,False,/home/zhujjing/MOE-grad-conflict-routing/runs/paper_suite/single_gpu/single_task/deberta_rte_lora_e4_k2/hpo/ours/trial_runs/coord_01_train_lr_017/ours_s3.json,/home/zhujjing/MOE-grad-conflict-routing/runs/paper_suite/single_gpu/single_task/deberta_rte_lora_e4_k2/hpo/ours/trial_runs/coord_01_train_lr_017/ours_s3_curve.csv
ours,coord_01_train_lr_018,2,0.5270758122743683,0.5270758122743683,0.5270758122743683,False,/home/zhujjing/MOE-grad-conflict-routing/runs/paper_suite/single_gpu/single_task/deberta_rte_lora_e4_k2/hpo/ours/trial_runs/coord_01_train_lr_018/ours_s2.json,/home/zhujjing/MOE-grad-conflict-routing/runs/paper_suite/single_gpu/single_task/deberta_rte_lora_e4_k2/hpo/ours/trial_runs/coord_01_train_lr_018/ours_s2_curve.csv
ours,coord_01_train_lr_018,3,0.5270758122743683,0.4729241877256318,0.5,False,/home/zhujjing/MOE-grad-conflict-routing/runs/paper_suite/single_gpu/single_task/deberta_rte_lora_e4_k2/hpo/ours/trial_runs/coord_01_train_lr_018/ours_s3.json,/home/zhujjing/MOE-grad-conflict-routing/runs/paper_suite/single_gpu/single_task/deberta_rte_lora_e4_k2/hpo/ours/trial_runs/coord_01_train_lr_018/ours_s3_curve.csv
ours,coord_01_train_lr_019,2,0.7833935018050542,0.7833935018050542,0.7833935018050542,False,/home/zhujjing/MOE-grad-conflict-routing/runs/paper_suite/single_gpu/single_task/deberta_rte_lora_e4_k2/hpo/ours/trial_runs/coord_01_train_lr_019/ours_s2.json,/home/zhujjing/MOE-grad-conflict-routing/runs/paper_suite/single_gpu/single_task/deberta_rte_lora_e4_k2/hpo/ours/trial_runs/coord_01_train_lr_019/ours_s2_curve.csv
ours,coord_01_train_lr_019,3,0.779783393501805,0.776173285198556,0.7779783393501805,False,/home/zhujjing/MOE-grad-conflict-routing/runs/paper_suite/single_gpu/single_task/deberta_rte_lora_e4_k2/hpo/ours/trial_runs/coord_01_train_lr_019/ours_s3.json,/home/zhujjing/MOE-grad-conflict-routing/runs/paper_suite/single_gpu/single_task/deberta_rte_lora_e4_k2/hpo/ours/trial_runs/coord_01_train_lr_019/ours_s3_curve.csv
ours,coord_01_train_lr_020,2,0.5270758122743683,0.5270758122743683,0.5270758122743683,False,/home/zhujjing/MOE-grad-conflict-routing/runs/paper_suite/single_gpu/single_task/deberta_rte_lora_e4_k2/hpo/ours/trial_runs/coord_01_train_lr_020/ours_s2.json,/home/zhujjing/MOE-grad-conflict-routing/runs/paper_suite/single_gpu/single_task/deberta_rte_lora_e4_k2/hpo/ours/trial_runs/coord_01_train_lr_020/ours_s2_curve.csv
ours,coord_01_train_lr_020,3,0.5270758122743683,0.4729241877256318,0.5,False,/home/zhujjing/MOE-grad-conflict-routing/runs/paper_suite/single_gpu/single_task/deberta_rte_lora_e4_k2/hpo/ours/trial_runs/coord_01_train_lr_020/ours_s3.json,/home/zhujjing/MOE-grad-conflict-routing/runs/paper_suite/single_gpu/single_task/deberta_rte_lora_e4_k2/hpo/ours/trial_runs/coord_01_train_lr_020/ours_s3_curve.csv
ours,coord_01_train_lr_021,2,0.6931407942238267,0.6931407942238267,0.6931407942238267,False,/home/zhujjing/MOE-grad-conflict-routing/runs/paper_suite/single_gpu/single_task/deberta_rte_lora_e4_k2/hpo/ours/trial_runs/coord_01_train_lr_021/ours_s2.json,/home/zhujjing/MOE-grad-conflict-routing/runs/paper_suite/single_gpu/single_task/deberta_rte_lora_e4_k2/hpo/ours/trial_runs/coord_01_train_lr_021/ours_s2_curve.csv
ours,coord_01_train_lr_021,3,0.7148014440433214,0.7148014440433214,0.7148014440433214,False,/home/zhujjing/MOE-grad-conflict-routing/runs/paper_suite/single_gpu/single_task/deberta_rte_lora_e4_k2/hpo/ours/trial_runs/coord_01_train_lr_021/ours_s3.json,/home/zhujjing/MOE-grad-conflict-routing/runs/paper_suite/single_gpu/single_task/deberta_rte_lora_e4_k2/hpo/ours/trial_runs/coord_01_train_lr_021/ours_s3_curve.csv
ours,coord_01_train_lr_022,2,0.7184115523465704,0.7184115523465704,0.7184115523465704,False,/home/zhujjing/MOE-grad-conflict-routing/runs/paper_suite/single_gpu/single_task/deberta_rte_lora_e4_k2/hpo/ours/trial_runs/coord_01_train_lr_022/ours_s2.json,/home/zhujjing/MOE-grad-conflict-routing/runs/paper_suite/single_gpu/single_task/deberta_rte_lora_e4_k2/hpo/ours/trial_runs/coord_01_train_lr_022/ours_s2_curve.csv
ours,coord_01_train_lr_022,3,0.6967509025270758,0.6967509025270758,0.6967509025270758,False,/home/zhujjing/MOE-grad-conflict-routing/runs/paper_suite/single_gpu/single_task/deberta_rte_lora_e4_k2/hpo/ours/trial_runs/coord_01_train_lr_022/ours_s3.json,/home/zhujjing/MOE-grad-conflict-routing/runs/paper_suite/single_gpu/single_task/deberta_rte_lora_e4_k2/hpo/ours/trial_runs/coord_01_train_lr_022/ours_s3_curve.csv
ours,coord_02_anchor,2,0.8122743682310469,0.8122743682310469,0.8122743682310469,False,/home/zhujjing/MOE-grad-conflict-routing/runs/paper_suite/single_gpu/single_task/deberta_rte_lora_e4_k2/hpo/ours/trial_runs/coord_02_anchor/ours_s2.json,/home/zhujjing/MOE-grad-conflict-routing/runs/paper_suite/single_gpu/single_task/deberta_rte_lora_e4_k2/hpo/ours/trial_runs/coord_02_anchor/ours_s2_curve.csv
ours,coord_02_anchor,3,0.8014440433212996,0.8014440433212996,0.8014440433212996,False,/home/zhujjing/MOE-grad-conflict-routing/runs/paper_suite/single_gpu/single_task/deberta_rte_lora_e4_k2/hpo/ours/trial_runs/coord_02_anchor/ours_s3.json,/home/zhujjing/MOE-grad-conflict-routing/runs/paper_suite/single_gpu/single_task/deberta_rte_lora_e4_k2/hpo/ours/trial_runs/coord_02_anchor/ours_s3_curve.csv
ours,coord_02_train_weight_decay_000,2,0.8122743682310469,0.8122743682310469,0.8122743682310469,False,/home/zhujjing/MOE-grad-conflict-routing/runs/paper_suite/single_gpu/single_task/deberta_rte_lora_e4_k2/hpo/ours/trial_runs/coord_02_train_weight_decay_000/ours_s2.json,/home/zhujjing/MOE-grad-conflict-routing/runs/paper_suite/single_gpu/single_task/deberta_rte_lora_e4_k2/hpo/ours/trial_runs/coord_02_train_weight_decay_000/ours_s2_curve.csv
ours,coord_02_train_weight_decay_000,3,0.8014440433212996,0.8014440433212996,0.8014440433212996,False,/home/zhujjing/MOE-grad-conflict-routing/runs/paper_suite/single_gpu/single_task/deberta_rte_lora_e4_k2/hpo/ours/trial_runs/coord_02_train_weight_decay_000/ours_s3.json,/home/zhujjing/MOE-grad-conflict-routing/runs/paper_suite/single_gpu/single_task/deberta_rte_lora_e4_k2/hpo/ours/trial_runs/coord_02_train_weight_decay_000/ours_s3_curve.csv
ours,coord_02_train_weight_decay_001,2,0.8014440433212996,0.7942238267148014,0.7978339350180506,False,/home/zhujjing/MOE-grad-conflict-routing/runs/paper_suite/single_gpu/single_task/deberta_rte_lora_e4_k2/hpo/ours/trial_runs/coord_02_train_weight_decay_001/ours_s2.json,/home/zhujjing/MOE-grad-conflict-routing/runs/paper_suite/single_gpu/single_task/deberta_rte_lora_e4_k2/hpo/ours/trial_runs/coord_02_train_weight_decay_001/ours_s2_curve.csv
ours,coord_02_train_weight_decay_001,3,0.8014440433212996,0.8014440433212996,0.8014440433212996,False,/home/zhujjing/MOE-grad-conflict-routing/runs/paper_suite/single_gpu/single_task/deberta_rte_lora_e4_k2/hpo/ours/trial_runs/coord_02_train_weight_decay_001/ours_s3.json,/home/zhujjing/MOE-grad-conflict-routing/runs/paper_suite/single_gpu/single_task/deberta_rte_lora_e4_k2/hpo/ours/trial_runs/coord_02_train_weight_decay_001/ours_s3_curve.csv
ours,coord_02_train_weight_decay_002,2,0.7833935018050542,0.7833935018050542,0.7833935018050542,False,/home/zhujjing/MOE-grad-conflict-routing/runs/paper_suite/single_gpu/single_task/deberta_rte_lora_e4_k2/hpo/ours/trial_runs/coord_02_train_weight_decay_002/ours_s2.json,/home/zhujjing/MOE-grad-conflict-routing/runs/paper_suite/single_gpu/single_task/deberta_rte_lora_e4_k2/hpo/ours/trial_runs/coord_02_train_weight_decay_002/ours_s2_curve.csv
ours,coord_02_train_weight_decay_002,3,0.7617328519855595,0.7617328519855595,0.7617328519855595,False,/home/zhujjing/MOE-grad-conflict-routing/runs/paper_suite/single_gpu/single_task/deberta_rte_lora_e4_k2/hpo/ours/trial_runs/coord_02_train_weight_decay_002/ours_s3.json,/home/zhujjing/MOE-grad-conflict-routing/runs/paper_suite/single_gpu/single_task/deberta_rte_lora_e4_k2/hpo/ours/trial_runs/coord_02_train_weight_decay_002/ours_s3_curve.csv
ours,coord_02_train_weight_decay_003,2,0.8014440433212996,0.8014440433212996,0.8014440433212996,False,/home/zhujjing/MOE-grad-conflict-routing/runs/paper_suite/single_gpu/single_task/deberta_rte_lora_e4_k2/hpo/ours/trial_runs/coord_02_train_weight_decay_003/ours_s2.json,/home/zhujjing/MOE-grad-conflict-routing/runs/paper_suite/single_gpu/single_task/deberta_rte_lora_e4_k2/hpo/ours/trial_runs/coord_02_train_weight_decay_003/ours_s2_curve.csv
ours,coord_02_train_weight_decay_003,3,0.7689530685920578,0.7689530685920578,0.7689530685920578,False,/home/zhujjing/MOE-grad-conflict-routing/runs/paper_suite/single_gpu/single_task/deberta_rte_lora_e4_k2/hpo/ours/trial_runs/coord_02_train_weight_decay_003/ours_s3.json,/home/zhujjing/MOE-grad-conflict-routing/runs/paper_suite/single_gpu/single_task/deberta_rte_lora_e4_k2/hpo/ours/trial_runs/coord_02_train_weight_decay_003/ours_s3_curve.csv
ours,coord_02_train_weight_decay_004,2,0.7906137184115524,0.7833935018050542,0.7870036101083033,False,/home/zhujjing/MOE-grad-conflict-routing/runs/paper_suite/single_gpu/single_task/deberta_rte_lora_e4_k2/hpo/ours/trial_runs/coord_02_train_weight_decay_004/ours_s2.json,/home/zhujjing/MOE-grad-conflict-routing/runs/paper_suite/single_gpu/single_task/deberta_rte_lora_e4_k2/hpo/ours/trial_runs/coord_02_train_weight_decay_004/ours_s2_curve.csv
ours,coord_02_train_weight_decay_004,3,0.7545126353790613,0.7545126353790613,0.7545126353790613,False,/home/zhujjing/MOE-grad-conflict-routing/runs/paper_suite/single_gpu/single_task/deberta_rte_lora_e4_k2/hpo/ours/trial_runs/coord_02_train_weight_decay_004/ours_s3.json,/home/zhujjing/MOE-grad-conflict-routing/runs/paper_suite/single_gpu/single_task/deberta_rte_lora_e4_k2/hpo/ours/trial_runs/coord_02_train_weight_decay_004/ours_s3_curve.csv
ours,coord_02_train_weight_decay_005,2,0.8483754512635379,0.8483754512635379,0.8483754512635379,False,/home/zhujjing/MOE-grad-conflict-routing/runs/paper_suite/single_gpu/single_task/deberta_rte_lora_e4_k2/hpo/ours/trial_runs/coord_02_train_weight_decay_005/ours_s2.json,/home/zhujjing/MOE-grad-conflict-routing/runs/paper_suite/single_gpu/single_task/deberta_rte_lora_e4_k2/hpo/ours/trial_runs/coord_02_train_weight_decay_005/ours_s2_curve.csv
ours,coord_02_train_weight_decay_005,3,0.7545126353790613,0.7545126353790613,0.7545126353790613,False,/home/zhujjing/MOE-grad-conflict-routing/runs/paper_suite/single_gpu/single_task/deberta_rte_lora_e4_k2/hpo/ours/trial_runs/coord_02_train_weight_decay_005/ours_s3.json,/home/zhujjing/MOE-grad-conflict-routing/runs/paper_suite/single_gpu/single_task/deberta_rte_lora_e4_k2/hpo/ours/trial_runs/coord_02_train_weight_decay_005/ours_s3_curve.csv
ours,coord_02_train_weight_decay_006,2,0.8194945848375451,0.8194945848375451,0.8194945848375451,False,/home/zhujjing/MOE-grad-conflict-routing/runs/paper_suite/single_gpu/single_task/deberta_rte_lora_e4_k2/hpo/ours/trial_runs/coord_02_train_weight_decay_006/ours_s2.json,/home/zhujjing/MOE-grad-conflict-routing/runs/paper_suite/single_gpu/single_task/deberta_rte_lora_e4_k2/hpo/ours/trial_runs/coord_02_train_weight_decay_006/ours_s2_curve.csv
ours,coord_02_train_weight_decay_006,3,0.8122743682310469,0.8122743682310469,0.8122743682310469,False,/home/zhujjing/MOE-grad-conflict-routing/runs/paper_suite/single_gpu/single_task/deberta_rte_lora_e4_k2/hpo/ours/trial_runs/coord_02_train_weight_decay_006/ours_s3.json,/home/zhujjing/MOE-grad-conflict-routing/runs/paper_suite/single_gpu/single_task/deberta_rte_lora_e4_k2/hpo/ours/trial_runs/coord_02_train_weight_decay_006/ours_s3_curve.csv
ours,coord_02_train_weight_decay_007,2,0.8447653429602888,0.8447653429602888,0.8447653429602888,False,/home/zhujjing/MOE-grad-conflict-routing/runs/paper_suite/single_gpu/single_task/deberta_rte_lora_e4_k2/hpo/ours/trial_runs/coord_02_train_weight_decay_007/ours_s2.json,/home/zhujjing/MOE-grad-conflict-routing/runs/paper_suite/single_gpu/single_task/deberta_rte_lora_e4_k2/hpo/ours/trial_runs/coord_02_train_weight_decay_007/ours_s2_curve.csv
ours,coord_02_train_weight_decay_007,3,0.779783393501805,0.779783393501805,0.779783393501805,False,/home/zhujjing/MOE-grad-conflict-routing/runs/paper_suite/single_gpu/single_task/deberta_rte_lora_e4_k2/hpo/ours/trial_runs/coord_02_train_weight_decay_007/ours_s3.json,/home/zhujjing/MOE-grad-conflict-routing/runs/paper_suite/single_gpu/single_task/deberta_rte_lora_e4_k2/hpo/ours/trial_runs/coord_02_train_weight_decay_007/ours_s3_curve.csv
ours,coord_02_train_weight_decay_008,2,0.8014440433212996,0.7870036101083032,0.7942238267148014,False,/home/zhujjing/MOE-grad-conflict-routing/runs/paper_suite/single_gpu/single_task/deberta_rte_lora_e4_k2/hpo/ours/trial_runs/coord_02_train_weight_decay_008/ours_s2.json,/home/zhujjing/MOE-grad-conflict-routing/runs/paper_suite/single_gpu/single_task/deberta_rte_lora_e4_k2/hpo/ours/trial_runs/coord_02_train_weight_decay_008/ours_s2_curve.csv
ours,coord_02_train_weight_decay_008,3,0.7833935018050542,0.7833935018050542,0.7833935018050542,False,/home/zhujjing/MOE-grad-conflict-routing/runs/paper_suite/single_gpu/single_task/deberta_rte_lora_e4_k2/hpo/ours/trial_runs/coord_02_train_weight_decay_008/ours_s3.json,/home/zhujjing/MOE-grad-conflict-routing/runs/paper_suite/single_gpu/single_task/deberta_rte_lora_e4_k2/hpo/ours/trial_runs/coord_02_train_weight_decay_008/ours_s3_curve.csv
ours,coord_02_train_weight_decay_009,2,0.8303249097472925,0.8303249097472925,0.8303249097472925,False,/home/zhujjing/MOE-grad-conflict-routing/runs/paper_suite/single_gpu/single_task/deberta_rte_lora_e4_k2/hpo/ours/trial_runs/coord_02_train_weight_decay_009/ours_s2.json,/home/zhujjing/MOE-grad-conflict-routing/runs/paper_suite/single_gpu/single_task/deberta_rte_lora_e4_k2/hpo/ours/trial_runs/coord_02_train_weight_decay_009/ours_s2_curve.csv
ours,coord_02_train_weight_decay_009,3,0.7581227436823105,0.7581227436823105,0.7581227436823105,False,/home/zhujjing/MOE-grad-conflict-routing/runs/paper_suite/single_gpu/single_task/deberta_rte_lora_e4_k2/hpo/ours/trial_runs/coord_02_train_weight_decay_009/ours_s3.json,/home/zhujjing/MOE-grad-conflict-routing/runs/paper_suite/single_gpu/single_task/deberta_rte_lora_e4_k2/hpo/ours/trial_runs/coord_02_train_weight_decay_009/ours_s3_curve.csv
ours,coord_02_train_weight_decay_010,2,0.8231046931407943,0.8231046931407943,0.8231046931407943,False,/home/zhujjing/MOE-grad-conflict-routing/runs/paper_suite/single_gpu/single_task/deberta_rte_lora_e4_k2/hpo/ours/trial_runs/coord_02_train_weight_decay_010/ours_s2.json,/home/zhujjing/MOE-grad-conflict-routing/runs/paper_suite/single_gpu/single_task/deberta_rte_lora_e4_k2/hpo/ours/trial_runs/coord_02_train_weight_decay_010/ours_s2_curve.csv
ours,coord_02_train_weight_decay_010,3,0.7617328519855595,0.7292418772563177,0.7454873646209386,False,/home/zhujjing/MOE-grad-conflict-routing/runs/paper_suite/single_gpu/single_task/deberta_rte_lora_e4_k2/hpo/ours/trial_runs/coord_02_train_weight_decay_010/ours_s3.json,/home/zhujjing/MOE-grad-conflict-routing/runs/paper_suite/single_gpu/single_task/deberta_rte_lora_e4_k2/hpo/ours/trial_runs/coord_02_train_weight_decay_010/ours_s3_curve.csv
ours,coord_02_train_weight_decay_011,2,0.8664259927797834,0.8664259927797834,0.8664259927797834,False,/home/zhujjing/MOE-grad-conflict-routing/runs/paper_suite/single_gpu/single_task/deberta_rte_lora_e4_k2/hpo/ours/trial_runs/coord_02_train_weight_decay_011/ours_s2.json,/home/zhujjing/MOE-grad-conflict-routing/runs/paper_suite/single_gpu/single_task/deberta_rte_lora_e4_k2/hpo/ours/trial_runs/coord_02_train_weight_decay_011/ours_s2_curve.csv
ours,coord_02_train_weight_decay_011,3,0.776173285198556,0.776173285198556,0.776173285198556,False,/home/zhujjing/MOE-grad-conflict-routing/runs/paper_suite/single_gpu/single_task/deberta_rte_lora_e4_k2/hpo/ours/trial_runs/coord_02_train_weight_decay_011/ours_s3.json,/home/zhujjing/MOE-grad-conflict-routing/runs/paper_suite/single_gpu/single_task/deberta_rte_lora_e4_k2/hpo/ours/trial_runs/coord_02_train_weight_decay_011/ours_s3_curve.csv
ours,coord_02_train_weight_decay_012,2,0.7906137184115524,0.7833935018050542,0.7870036101083033,False,/home/zhujjing/MOE-grad-conflict-routing/runs/paper_suite/single_gpu/single_task/deberta_rte_lora_e4_k2/hpo/ours/trial_runs/coord_02_train_weight_decay_012/ours_s2.json,/home/zhujjing/MOE-grad-conflict-routing/runs/paper_suite/single_gpu/single_task/deberta_rte_lora_e4_k2/hpo/ours/trial_runs/coord_02_train_weight_decay_012/ours_s2_curve.csv
ours,coord_02_train_weight_decay_012,3,0.7725631768953068,0.7725631768953068,0.7725631768953068,False,/home/zhujjing/MOE-grad-conflict-routing/runs/paper_suite/single_gpu/single_task/deberta_rte_lora_e4_k2/hpo/ours/trial_runs/coord_02_train_weight_decay_012/ours_s3.json,/home/zhujjing/MOE-grad-conflict-routing/runs/paper_suite/single_gpu/single_task/deberta_rte_lora_e4_k2/hpo/ours/trial_runs/coord_02_train_weight_decay_012/ours_s3_curve.csv
ours,coord_02_train_weight_decay_013,2,0.8122743682310469,0.8122743682310469,0.8122743682310469,False,/home/zhujjing/MOE-grad-conflict-routing/runs/paper_suite/single_gpu/single_task/deberta_rte_lora_e4_k2/hpo/ours/trial_runs/coord_02_train_weight_decay_013/ours_s2.json,/home/zhujjing/MOE-grad-conflict-routing/runs/paper_suite/single_gpu/single_task/deberta_rte_lora_e4_k2/hpo/ours/trial_runs/coord_02_train_weight_decay_013/ours_s2_curve.csv
ours,coord_02_train_weight_decay_013,3,0.7870036101083032,0.7111913357400722,0.7490974729241877,False,/home/zhujjing/MOE-grad-conflict-routing/runs/paper_suite/single_gpu/single_task/deberta_rte_lora_e4_k2/hpo/ours/trial_runs/coord_02_train_weight_decay_013/ours_s3.json,/home/zhujjing/MOE-grad-conflict-routing/runs/paper_suite/single_gpu/single_task/deberta_rte_lora_e4_k2/hpo/ours/trial_runs/coord_02_train_weight_decay_013/ours_s3_curve.csv
ours,coord_02_train_weight_decay_014,2,0.8086642599277978,0.8086642599277978,0.8086642599277978,False,/home/zhujjing/MOE-grad-conflict-routing/runs/paper_suite/single_gpu/single_task/deberta_rte_lora_e4_k2/hpo/ours/trial_runs/coord_02_train_weight_decay_014/ours_s2.json,/home/zhujjing/MOE-grad-conflict-routing/runs/paper_suite/single_gpu/single_task/deberta_rte_lora_e4_k2/hpo/ours/trial_runs/coord_02_train_weight_decay_014/ours_s2_curve.csv
ours,coord_02_train_weight_decay_014,3,0.7833935018050542,0.7833935018050542,0.7833935018050542,False,/home/zhujjing/MOE-grad-conflict-routing/runs/paper_suite/single_gpu/single_task/deberta_rte_lora_e4_k2/hpo/ours/trial_runs/coord_02_train_weight_decay_014/ours_s3.json,/home/zhujjing/MOE-grad-conflict-routing/runs/paper_suite/single_gpu/single_task/deberta_rte_lora_e4_k2/hpo/ours/trial_runs/coord_02_train_weight_decay_014/ours_s3_curve.csv
ours,coord_02_train_weight_decay_015,2,0.8267148014440433,0.8267148014440433,0.8267148014440433,False,/home/zhujjing/MOE-grad-conflict-routing/runs/paper_suite/single_gpu/single_task/deberta_rte_lora_e4_k2/hpo/ours/trial_runs/coord_02_train_weight_decay_015/ours_s2.json,/home/zhujjing/MOE-grad-conflict-routing/runs/paper_suite/single_gpu/single_task/deberta_rte_lora_e4_k2/hpo/ours/trial_runs/coord_02_train_weight_decay_015/ours_s2_curve.csv
ours,coord_02_train_weight_decay_015,3,0.776173285198556,0.776173285198556,0.776173285198556,False,/home/zhujjing/MOE-grad-conflict-routing/runs/paper_suite/single_gpu/single_task/deberta_rte_lora_e4_k2/hpo/ours/trial_runs/coord_02_train_weight_decay_015/ours_s3.json,/home/zhujjing/MOE-grad-conflict-routing/runs/paper_suite/single_gpu/single_task/deberta_rte_lora_e4_k2/hpo/ours/trial_runs/coord_02_train_weight_decay_015/ours_s3_curve.csv
ours,coord_02_train_weight_decay_016,2,0.8194945848375451,0.8194945848375451,0.8194945848375451,False,/home/zhujjing/MOE-grad-conflict-routing/runs/paper_suite/single_gpu/single_task/deberta_rte_lora_e4_k2/hpo/ours/trial_runs/coord_02_train_weight_decay_016/ours_s2.json,/home/zhujjing/MOE-grad-conflict-routing/runs/paper_suite/single_gpu/single_task/deberta_rte_lora_e4_k2/hpo/ours/trial_runs/coord_02_train_weight_decay_016/ours_s2_curve.csv
ours,coord_02_train_weight_decay_016,3,0.7617328519855595,0.7509025270758123,0.7563176895306859,False,/home/zhujjing/MOE-grad-conflict-routing/runs/paper_suite/single_gpu/single_task/deberta_rte_lora_e4_k2/hpo/ours/trial_runs/coord_02_train_weight_decay_016/ours_s3.json,/home/zhujjing/MOE-grad-conflict-routing/runs/paper_suite/single_gpu/single_task/deberta_rte_lora_e4_k2/hpo/ours/trial_runs/coord_02_train_weight_decay_016/ours_s3_curve.csv
ours,coord_02_train_weight_decay_017,2,0.8194945848375451,0.8194945848375451,0.8194945848375451,False,/home/zhujjing/MOE-grad-conflict-routing/runs/paper_suite/single_gpu/single_task/deberta_rte_lora_e4_k2/hpo/ours/trial_runs/coord_02_train_weight_decay_017/ours_s2.json,/home/zhujjing/MOE-grad-conflict-routing/runs/paper_suite/single_gpu/single_task/deberta_rte_lora_e4_k2/hpo/ours/trial_runs/coord_02_train_weight_decay_017/ours_s2_curve.csv
ours,coord_02_train_weight_decay_017,3,0.8086642599277978,0.8086642599277978,0.8086642599277978,False,/home/zhujjing/MOE-grad-conflict-routing/runs/paper_suite/single_gpu/single_task/deberta_rte_lora_e4_k2/hpo/ours/trial_runs/coord_02_train_weight_decay_017/ours_s3.json,/home/zhujjing/MOE-grad-conflict-routing/runs/paper_suite/single_gpu/single_task/deberta_rte_lora_e4_k2/hpo/ours/trial_runs/coord_02_train_weight_decay_017/ours_s3_curve.csv
ours,coord_02_train_weight_decay_018,2,0.8122743682310469,0.8122743682310469,0.8122743682310469,False,/home/zhujjing/MOE-grad-conflict-routing/runs/paper_suite/single_gpu/single_task/deberta_rte_lora_e4_k2/hpo/ours/trial_runs/coord_02_train_weight_decay_018/ours_s2.json,/home/zhujjing/MOE-grad-conflict-routing/runs/paper_suite/single_gpu/single_task/deberta_rte_lora_e4_k2/hpo/ours/trial_runs/coord_02_train_weight_decay_018/ours_s2_curve.csv
ours,coord_02_train_weight_decay_018,3,0.7472924187725631,0.7472924187725631,0.7472924187725631,False,/home/zhujjing/MOE-grad-conflict-routing/runs/paper_suite/single_gpu/single_task/deberta_rte_lora_e4_k2/hpo/ours/trial_runs/coord_02_train_weight_decay_018/ours_s3.json,/home/zhujjing/MOE-grad-conflict-routing/runs/paper_suite/single_gpu/single_task/deberta_rte_lora_e4_k2/hpo/ours/trial_runs/coord_02_train_weight_decay_018/ours_s3_curve.csv
ours,coord_02_train_weight_decay_019,2,0.8122743682310469,0.8122743682310469,0.8122743682310469,False,/home/zhujjing/MOE-grad-conflict-routing/runs/paper_suite/single_gpu/single_task/deberta_rte_lora_e4_k2/hpo/ours/trial_runs/coord_02_train_weight_decay_019/ours_s2.json,/home/zhujjing/MOE-grad-conflict-routing/runs/paper_suite/single_gpu/single_task/deberta_rte_lora_e4_k2/hpo/ours/trial_runs/coord_02_train_weight_decay_019/ours_s2_curve.csv
ours,coord_02_train_weight_decay_019,3,0.8303249097472925,0.8303249097472925,0.8303249097472925,False,/home/zhujjing/MOE-grad-conflict-routing/runs/paper_suite/single_gpu/single_task/deberta_rte_lora_e4_k2/hpo/ours/trial_runs/coord_02_train_weight_decay_019/ours_s3.json,/home/zhujjing/MOE-grad-conflict-routing/runs/paper_suite/single_gpu/single_task/deberta_rte_lora_e4_k2/hpo/ours/trial_runs/coord_02_train_weight_decay_019/ours_s3_curve.csv
ours,coord_02_train_weight_decay_020,2,0.8122743682310469,0.8122743682310469,0.8122743682310469,False,/home/zhujjing/MOE-grad-conflict-routing/runs/paper_suite/single_gpu/single_task/deberta_rte_lora_e4_k2/hpo/ours/trial_runs/coord_02_train_weight_decay_020/ours_s2.json,/home/zhujjing/MOE-grad-conflict-routing/runs/paper_suite/single_gpu/single_task/deberta_rte_lora_e4_k2/hpo/ours/trial_runs/coord_02_train_weight_decay_020/ours_s2_curve.csv
ours,coord_02_train_weight_decay_020,3,0.7725631768953068,0.7725631768953068,0.7725631768953068,False,/home/zhujjing/MOE-grad-conflict-routing/runs/paper_suite/single_gpu/single_task/deberta_rte_lora_e4_k2/hpo/ours/trial_runs/coord_02_train_weight_decay_020/ours_s3.json,/home/zhujjing/MOE-grad-conflict-routing/runs/paper_suite/single_gpu/single_task/deberta_rte_lora_e4_k2/hpo/ours/trial_runs/coord_02_train_weight_decay_020/ours_s3_curve.csv
ours,coord_02_train_weight_decay_021,2,0.8231046931407943,0.8231046931407943,0.8231046931407943,False,/home/zhujjing/MOE-grad-conflict-routing/runs/paper_suite/single_gpu/single_task/deberta_rte_lora_e4_k2/hpo/ours/trial_runs/coord_02_train_weight_decay_021/ours_s2.json,/home/zhujjing/MOE-grad-conflict-routing/runs/paper_suite/single_gpu/single_task/deberta_rte_lora_e4_k2/hpo/ours/trial_runs/coord_02_train_weight_decay_021/ours_s2_curve.csv
ours,coord_02_train_weight_decay_021,3,0.7870036101083032,0.7617328519855595,0.7743682310469313,False,/home/zhujjing/MOE-grad-conflict-routing/runs/paper_suite/single_gpu/single_task/deberta_rte_lora_e4_k2/hpo/ours/trial_runs/coord_02_train_weight_decay_021/ours_s3.json,/home/zhujjing/MOE-grad-conflict-routing/runs/paper_suite/single_gpu/single_task/deberta_rte_lora_e4_k2/hpo/ours/trial_runs/coord_02_train_weight_decay_021/ours_s3_curve.csv
ours,coord_02_train_weight_decay_022,2,0.8014440433212996,0.8014440433212996,0.8014440433212996,False,/home/zhujjing/MOE-grad-conflict-routing/runs/paper_suite/single_gpu/single_task/deberta_rte_lora_e4_k2/hpo/ours/trial_runs/coord_02_train_weight_decay_022/ours_s2.json,/home/zhujjing/MOE-grad-conflict-routing/runs/paper_suite/single_gpu/single_task/deberta_rte_lora_e4_k2/hpo/ours/trial_runs/coord_02_train_weight_decay_022/ours_s2_curve.csv
ours,coord_02_train_weight_decay_022,3,0.8014440433212996,0.8014440433212996,0.8014440433212996,False,/home/zhujjing/MOE-grad-conflict-routing/runs/paper_suite/single_gpu/single_task/deberta_rte_lora_e4_k2/hpo/ours/trial_runs/coord_02_train_weight_decay_022/ours_s3.json,/home/zhujjing/MOE-grad-conflict-routing/runs/paper_suite/single_gpu/single_task/deberta_rte_lora_e4_k2/hpo/ours/trial_runs/coord_02_train_weight_decay_022/ours_s3_curve.csv
ours,coord_03_anchor,2,0.8158844765342961,0.8158844765342961,0.8158844765342961,False,/home/zhujjing/MOE-grad-conflict-routing/runs/paper_suite/single_gpu/single_task/deberta_rte_lora_e4_k2/hpo/ours/trial_runs/coord_03_anchor/ours_s2.json,/home/zhujjing/MOE-grad-conflict-routing/runs/paper_suite/single_gpu/single_task/deberta_rte_lora_e4_k2/hpo/ours/trial_runs/coord_03_anchor/ours_s2_curve.csv
ours,coord_03_anchor,3,0.7689530685920578,0.7689530685920578,0.7689530685920578,False,/home/zhujjing/MOE-grad-conflict-routing/runs/paper_suite/single_gpu/single_task/deberta_rte_lora_e4_k2/hpo/ours/trial_runs/coord_03_anchor/ours_s3.json,/home/zhujjing/MOE-grad-conflict-routing/runs/paper_suite/single_gpu/single_task/deberta_rte_lora_e4_k2/hpo/ours/trial_runs/coord_03_anchor/ours_s3_curve.csv
ours,coord_03_train_grad_clip_000,2,0.8231046931407943,0.8231046931407943,0.8231046931407943,False,/home/zhujjing/MOE-grad-conflict-routing/runs/paper_suite/single_gpu/single_task/deberta_rte_lora_e4_k2/hpo/ours/trial_runs/coord_03_train_grad_clip_000/ours_s2.json,/home/zhujjing/MOE-grad-conflict-routing/runs/paper_suite/single_gpu/single_task/deberta_rte_lora_e4_k2/hpo/ours/trial_runs/coord_03_train_grad_clip_000/ours_s2_curve.csv
ours,coord_03_train_grad_clip_000,3,0.8050541516245487,0.7833935018050542,0.7942238267148014,False,/home/zhujjing/MOE-grad-conflict-routing/runs/paper_suite/single_gpu/single_task/deberta_rte_lora_e4_k2/hpo/ours/trial_runs/coord_03_train_grad_clip_000/ours_s3.json,/home/zhujjing/MOE-grad-conflict-routing/runs/paper_suite/single_gpu/single_task/deberta_rte_lora_e4_k2/hpo/ours/trial_runs/coord_03_train_grad_clip_000/ours_s3_curve.csv
ours,coord_03_train_grad_clip_001,2,0.8231046931407943,0.8231046931407943,0.8231046931407943,False,/home/zhujjing/MOE-grad-conflict-routing/runs/paper_suite/single_gpu/single_task/deberta_rte_lora_e4_k2/hpo/ours/trial_runs/coord_03_train_grad_clip_001/ours_s2.json,/home/zhujjing/MOE-grad-conflict-routing/runs/paper_suite/single_gpu/single_task/deberta_rte_lora_e4_k2/hpo/ours/trial_runs/coord_03_train_grad_clip_001/ours_s2_curve.csv
ours,coord_03_train_grad_clip_001,3,0.8086642599277978,0.8086642599277978,0.8086642599277978,False,/home/zhujjing/MOE-grad-conflict-routing/runs/paper_suite/single_gpu/single_task/deberta_rte_lora_e4_k2/hpo/ours/trial_runs/coord_03_train_grad_clip_001/ours_s3.json,/home/zhujjing/MOE-grad-conflict-routing/runs/paper_suite/single_gpu/single_task/deberta_rte_lora_e4_k2/hpo/ours/trial_runs/coord_03_train_grad_clip_001/ours_s3_curve.csv
ours,coord_03_train_grad_clip_002,2,0.7689530685920578,0.7689530685920578,0.7689530685920578,False,/home/zhujjing/MOE-grad-conflict-routing/runs/paper_suite/single_gpu/single_task/deberta_rte_lora_e4_k2/hpo/ours/trial_runs/coord_03_train_grad_clip_002/ours_s2.json,/home/zhujjing/MOE-grad-conflict-routing/runs/paper_suite/single_gpu/single_task/deberta_rte_lora_e4_k2/hpo/ours/trial_runs/coord_03_train_grad_clip_002/ours_s2_curve.csv
ours,coord_03_train_grad_clip_002,3,0.7617328519855595,0.7617328519855595,0.7617328519855595,False,/home/zhujjing/MOE-grad-conflict-routing/runs/paper_suite/single_gpu/single_task/deberta_rte_lora_e4_k2/hpo/ours/trial_runs/coord_03_train_grad_clip_002/ours_s3.json,/home/zhujjing/MOE-grad-conflict-routing/runs/paper_suite/single_gpu/single_task/deberta_rte_lora_e4_k2/hpo/ours/trial_runs/coord_03_train_grad_clip_002/ours_s3_curve.csv
ours,coord_03_train_grad_clip_003,2,0.776173285198556,0.7653429602888087,0.7707581227436824,False,/home/zhujjing/MOE-grad-conflict-routing/runs/paper_suite/single_gpu/single_task/deberta_rte_lora_e4_k2/hpo/ours/trial_runs/coord_03_train_grad_clip_003/ours_s2.json,/home/zhujjing/MOE-grad-conflict-routing/runs/paper_suite/single_gpu/single_task/deberta_rte_lora_e4_k2/hpo/ours/trial_runs/coord_03_train_grad_clip_003/ours_s2_curve.csv
ours,coord_03_train_grad_clip_003,3,0.7906137184115524,0.7906137184115524,0.7906137184115524,False,/home/zhujjing/MOE-grad-conflict-routing/runs/paper_suite/single_gpu/single_task/deberta_rte_lora_e4_k2/hpo/ours/trial_runs/coord_03_train_grad_clip_003/ours_s3.json,/home/zhujjing/MOE-grad-conflict-routing/runs/paper_suite/single_gpu/single_task/deberta_rte_lora_e4_k2/hpo/ours/trial_runs/coord_03_train_grad_clip_003/ours_s3_curve.csv
ours,coord_03_train_grad_clip_004,2,0.8303249097472925,0.8303249097472925,0.8303249097472925,False,/home/zhujjing/MOE-grad-conflict-routing/runs/paper_suite/single_gpu/single_task/deberta_rte_lora_e4_k2/hpo/ours/trial_runs/coord_03_train_grad_clip_004/ours_s2.json,/home/zhujjing/MOE-grad-conflict-routing/runs/paper_suite/single_gpu/single_task/deberta_rte_lora_e4_k2/hpo/ours/trial_runs/coord_03_train_grad_clip_004/ours_s2_curve.csv
ours,coord_03_train_grad_clip_004,3,0.7870036101083032,0.7256317689530686,0.7563176895306859,False,/home/zhujjing/MOE-grad-conflict-routing/runs/paper_suite/single_gpu/single_task/deberta_rte_lora_e4_k2/hpo/ours/trial_runs/coord_03_train_grad_clip_004/ours_s3.json,/home/zhujjing/MOE-grad-conflict-routing/runs/paper_suite/single_gpu/single_task/deberta_rte_lora_e4_k2/hpo/ours/trial_runs/coord_03_train_grad_clip_004/ours_s3_curve.csv
ours,coord_03_train_grad_clip_005,2,0.8158844765342961,0.8158844765342961,0.8158844765342961,False,/home/zhujjing/MOE-grad-conflict-routing/runs/paper_suite/single_gpu/single_task/deberta_rte_lora_e4_k2/hpo/ours/trial_runs/coord_03_train_grad_clip_005/ours_s2.json,/home/zhujjing/MOE-grad-conflict-routing/runs/paper_suite/single_gpu/single_task/deberta_rte_lora_e4_k2/hpo/ours/trial_runs/coord_03_train_grad_clip_005/ours_s2_curve.csv
ours,coord_03_train_grad_clip_005,3,0.7906137184115524,0.7689530685920578,0.779783393501805,False,/home/zhujjing/MOE-grad-conflict-routing/runs/paper_suite/single_gpu/single_task/deberta_rte_lora_e4_k2/hpo/ours/trial_runs/coord_03_train_grad_clip_005/ours_s3.json,/home/zhujjing/MOE-grad-conflict-routing/runs/paper_suite/single_gpu/single_task/deberta_rte_lora_e4_k2/hpo/ours/trial_runs/coord_03_train_grad_clip_005/ours_s3_curve.csv
ours,coord_03_train_grad_clip_006,2,0.8158844765342961,0.8158844765342961,0.8158844765342961,False,/home/zhujjing/MOE-grad-conflict-routing/runs/paper_suite/single_gpu/single_task/deberta_rte_lora_e4_k2/hpo/ours/trial_runs/coord_03_train_grad_clip_006/ours_s2.json,/home/zhujjing/MOE-grad-conflict-routing/runs/paper_suite/single_gpu/single_task/deberta_rte_lora_e4_k2/hpo/ours/trial_runs/coord_03_train_grad_clip_006/ours_s2_curve.csv
ours,coord_03_train_grad_clip_006,3,0.740072202166065,0.7220216606498195,0.7310469314079422,False,/home/zhujjing/MOE-grad-conflict-routing/runs/paper_suite/single_gpu/single_task/deberta_rte_lora_e4_k2/hpo/ours/trial_runs/coord_03_train_grad_clip_006/ours_s3.json,/home/zhujjing/MOE-grad-conflict-routing/runs/paper_suite/single_gpu/single_task/deberta_rte_lora_e4_k2/hpo/ours/trial_runs/coord_03_train_grad_clip_006/ours_s3_curve.csv
ours,coord_03_train_grad_clip_007,2,0.8194945848375451,0.8194945848375451,0.8194945848375451,False,/home/zhujjing/MOE-grad-conflict-routing/runs/paper_suite/single_gpu/single_task/deberta_rte_lora_e4_k2/hpo/ours/trial_runs/coord_03_train_grad_clip_007/ours_s2.json,/home/zhujjing/MOE-grad-conflict-routing/runs/paper_suite/single_gpu/single_task/deberta_rte_lora_e4_k2/hpo/ours/trial_runs/coord_03_train_grad_clip_007/ours_s2_curve.csv
ours,coord_03_train_grad_clip_007,3,0.8014440433212996,0.8014440433212996,0.8014440433212996,False,/home/zhujjing/MOE-grad-conflict-routing/runs/paper_suite/single_gpu/single_task/deberta_rte_lora_e4_k2/hpo/ours/trial_runs/coord_03_train_grad_clip_007/ours_s3.json,/home/zhujjing/MOE-grad-conflict-routing/runs/paper_suite/single_gpu/single_task/deberta_rte_lora_e4_k2/hpo/ours/trial_runs/coord_03_train_grad_clip_007/ours_s3_curve.csv
ours,coord_03_train_grad_clip_008,2,0.8158844765342961,0.8050541516245487,0.8104693140794224,False,/home/zhujjing/MOE-grad-conflict-routing/runs/paper_suite/single_gpu/single_task/deberta_rte_lora_e4_k2/hpo/ours/trial_runs/coord_03_train_grad_clip_008/ours_s2.json,/home/zhujjing/MOE-grad-conflict-routing/runs/paper_suite/single_gpu/single_task/deberta_rte_lora_e4_k2/hpo/ours/trial_runs/coord_03_train_grad_clip_008/ours_s2_curve.csv
ours,coord_03_train_grad_clip_008,3,0.8086642599277978,0.8086642599277978,0.8086642599277978,False,/home/zhujjing/MOE-grad-conflict-routing/runs/paper_suite/single_gpu/single_task/deberta_rte_lora_e4_k2/hpo/ours/trial_runs/coord_03_train_grad_clip_008/ours_s3.json,/home/zhujjing/MOE-grad-conflict-routing/runs/paper_suite/single_gpu/single_task/deberta_rte_lora_e4_k2/hpo/ours/trial_runs/coord_03_train_grad_clip_008/ours_s3_curve.csv
ours,coord_03_train_grad_clip_009,2,0.8158844765342961,0.8158844765342961,0.8158844765342961,False,/home/zhujjing/MOE-grad-conflict-routing/runs/paper_suite/single_gpu/single_task/deberta_rte_lora_e4_k2/hpo/ours/trial_runs/coord_03_train_grad_clip_009/ours_s2.json,/home/zhujjing/MOE-grad-conflict-routing/runs/paper_suite/single_gpu/single_task/deberta_rte_lora_e4_k2/hpo/ours/trial_runs/coord_03_train_grad_clip_009/ours_s2_curve.csv
ours,coord_03_train_grad_clip_009,3,0.8303249097472925,0.8303249097472925,0.8303249097472925,False,/home/zhujjing/MOE-grad-conflict-routing/runs/paper_suite/single_gpu/single_task/deberta_rte_lora_e4_k2/hpo/ours/trial_runs/coord_03_train_grad_clip_009/ours_s3.json,/home/zhujjing/MOE-grad-conflict-routing/runs/paper_suite/single_gpu/single_task/deberta_rte_lora_e4_k2/hpo/ours/trial_runs/coord_03_train_grad_clip_009/ours_s3_curve.csv
ours,coord_03_train_grad_clip_010,2,0.8158844765342961,0.8158844765342961,0.8158844765342961,False,/home/zhujjing/MOE-grad-conflict-routing/runs/paper_suite/single_gpu/single_task/deberta_rte_lora_e4_k2/hpo/ours/trial_runs/coord_03_train_grad_clip_010/ours_s2.json,/home/zhujjing/MOE-grad-conflict-routing/runs/paper_suite/single_gpu/single_task/deberta_rte_lora_e4_k2/hpo/ours/trial_runs/coord_03_train_grad_clip_010/ours_s2_curve.csv
ours,coord_03_train_grad_clip_010,3,0.8231046931407943,0.8231046931407943,0.8231046931407943,False,/home/zhujjing/MOE-grad-conflict-routing/runs/paper_suite/single_gpu/single_task/deberta_rte_lora_e4_k2/hpo/ours/trial_runs/coord_03_train_grad_clip_010/ours_s3.json,/home/zhujjing/MOE-grad-conflict-routing/runs/paper_suite/single_gpu/single_task/deberta_rte_lora_e4_k2/hpo/ours/trial_runs/coord_03_train_grad_clip_010/ours_s3_curve.csv
ours,coord_03_train_grad_clip_011,2,0.7617328519855595,0.7545126353790613,0.7581227436823104,False,/home/zhujjing/MOE-grad-conflict-routing/runs/paper_suite/single_gpu/single_task/deberta_rte_lora_e4_k2/hpo/ours/trial_runs/coord_03_train_grad_clip_011/ours_s2.json,/home/zhujjing/MOE-grad-conflict-routing/runs/paper_suite/single_gpu/single_task/deberta_rte_lora_e4_k2/hpo/ours/trial_runs/coord_03_train_grad_clip_011/ours_s2_curve.csv
ours,coord_03_train_grad_clip_011,3,0.776173285198556,0.776173285198556,0.776173285198556,False,/home/zhujjing/MOE-grad-conflict-routing/runs/paper_suite/single_gpu/single_task/deberta_rte_lora_e4_k2/hpo/ours/trial_runs/coord_03_train_grad_clip_011/ours_s3.json,/home/zhujjing/MOE-grad-conflict-routing/runs/paper_suite/single_gpu/single_task/deberta_rte_lora_e4_k2/hpo/ours/trial_runs/coord_03_train_grad_clip_011/ours_s3_curve.csv
ours,coord_03_train_grad_clip_012,2,0.8267148014440433,0.8267148014440433,0.8267148014440433,False,/home/zhujjing/MOE-grad-conflict-routing/runs/paper_suite/single_gpu/single_task/deberta_rte_lora_e4_k2/hpo/ours/trial_runs/coord_03_train_grad_clip_012/ours_s2.json,/home/zhujjing/MOE-grad-conflict-routing/runs/paper_suite/single_gpu/single_task/deberta_rte_lora_e4_k2/hpo/ours/trial_runs/coord_03_train_grad_clip_012/ours_s2_curve.csv
ours,coord_03_train_grad_clip_012,3,0.8303249097472925,0.8303249097472925,0.8303249097472925,False,/home/zhujjing/MOE-grad-conflict-routing/runs/paper_suite/single_gpu/single_task/deberta_rte_lora_e4_k2/hpo/ours/trial_runs/coord_03_train_grad_clip_012/ours_s3.json,/home/zhujjing/MOE-grad-conflict-routing/runs/paper_suite/single_gpu/single_task/deberta_rte_lora_e4_k2/hpo/ours/trial_runs/coord_03_train_grad_clip_012/ours_s3_curve.csv
ours,coord_03_train_grad_clip_013,2,0.8086642599277978,0.8086642599277978,0.8086642599277978,False,/home/zhujjing/MOE-grad-conflict-routing/runs/paper_suite/single_gpu/single_task/deberta_rte_lora_e4_k2/hpo/ours/trial_runs/coord_03_train_grad_clip_013/ours_s2.json,/home/zhujjing/MOE-grad-conflict-routing/runs/paper_suite/single_gpu/single_task/deberta_rte_lora_e4_k2/hpo/ours/trial_runs/coord_03_train_grad_clip_013/ours_s2_curve.csv
ours,coord_03_train_grad_clip_013,3,0.7833935018050542,0.7833935018050542,0.7833935018050542,False,/home/zhujjing/MOE-grad-conflict-routing/runs/paper_suite/single_gpu/single_task/deberta_rte_lora_e4_k2/hpo/ours/trial_runs/coord_03_train_grad_clip_013/ours_s3.json,/home/zhujjing/MOE-grad-conflict-routing/runs/paper_suite/single_gpu/single_task/deberta_rte_lora_e4_k2/hpo/ours/trial_runs/coord_03_train_grad_clip_013/ours_s3_curve.csv
ours,coord_03_train_grad_clip_014,2,0.8086642599277978,0.8086642599277978,0.8086642599277978,False,/home/zhujjing/MOE-grad-conflict-routing/runs/paper_suite/single_gpu/single_task/deberta_rte_lora_e4_k2/hpo/ours/trial_runs/coord_03_train_grad_clip_014/ours_s2.json,/home/zhujjing/MOE-grad-conflict-routing/runs/paper_suite/single_gpu/single_task/deberta_rte_lora_e4_k2/hpo/ours/trial_runs/coord_03_train_grad_clip_014/ours_s2_curve.csv
ours,coord_03_train_grad_clip_014,3,0.7581227436823105,0.7581227436823105,0.7581227436823105,False,/home/zhujjing/MOE-grad-conflict-routing/runs/paper_suite/single_gpu/single_task/deberta_rte_lora_e4_k2/hpo/ours/trial_runs/coord_03_train_grad_clip_014/ours_s3.json,/home/zhujjing/MOE-grad-conflict-routing/runs/paper_suite/single_gpu/single_task/deberta_rte_lora_e4_k2/hpo/ours/trial_runs/coord_03_train_grad_clip_014/ours_s3_curve.csv
ours,coord_03_train_grad_clip_015,2,0.7725631768953068,0.7653429602888087,0.7689530685920578,False,/home/zhujjing/MOE-grad-conflict-routing/runs/paper_suite/single_gpu/single_task/deberta_rte_lora_e4_k2/hpo/ours/trial_runs/coord_03_train_grad_clip_015/ours_s2.json,/home/zhujjing/MOE-grad-conflict-routing/runs/paper_suite/single_gpu/single_task/deberta_rte_lora_e4_k2/hpo/ours/trial_runs/coord_03_train_grad_clip_015/ours_s2_curve.csv
ours,coord_03_train_grad_clip_015,3,0.8158844765342961,0.8158844765342961,0.8158844765342961,False,/home/zhujjing/MOE-grad-conflict-routing/runs/paper_suite/single_gpu/single_task/deberta_rte_lora_e4_k2/hpo/ours/trial_runs/coord_03_train_grad_clip_015/ours_s3.json,/home/zhujjing/MOE-grad-conflict-routing/runs/paper_suite/single_gpu/single_task/deberta_rte_lora_e4_k2/hpo/ours/trial_runs/coord_03_train_grad_clip_015/ours_s3_curve.csv
ours,coord_03_train_grad_clip_016,2,0.8194945848375451,0.8194945848375451,0.8194945848375451,False,/home/zhujjing/MOE-grad-conflict-routing/runs/paper_suite/single_gpu/single_task/deberta_rte_lora_e4_k2/hpo/ours/trial_runs/coord_03_train_grad_clip_016/ours_s2.json,/home/zhujjing/MOE-grad-conflict-routing/runs/paper_suite/single_gpu/single_task/deberta_rte_lora_e4_k2/hpo/ours/trial_runs/coord_03_train_grad_clip_016/ours_s2_curve.csv
ours,coord_03_train_grad_clip_016,3,0.7364620938628159,0.7292418772563177,0.7328519855595668,False,/home/zhujjing/MOE-grad-conflict-routing/runs/paper_suite/single_gpu/single_task/deberta_rte_lora_e4_k2/hpo/ours/trial_runs/coord_03_train_grad_clip_016/ours_s3.json,/home/zhujjing/MOE-grad-conflict-routing/runs/paper_suite/single_gpu/single_task/deberta_rte_lora_e4_k2/hpo/ours/trial_runs/coord_03_train_grad_clip_016/ours_s3_curve.csv
ours,coord_03_train_grad_clip_017,2,0.779783393501805,0.7653429602888087,0.7725631768953068,False,/home/zhujjing/MOE-grad-conflict-routing/runs/paper_suite/single_gpu/single_task/deberta_rte_lora_e4_k2/hpo/ours/trial_runs/coord_03_train_grad_clip_017/ours_s2.json,/home/zhujjing/MOE-grad-conflict-routing/runs/paper_suite/single_gpu/single_task/deberta_rte_lora_e4_k2/hpo/ours/trial_runs/coord_03_train_grad_clip_017/ours_s2_curve.csv
ours,coord_03_train_grad_clip_017,3,0.7725631768953068,0.7725631768953068,0.7725631768953068,False,/home/zhujjing/MOE-grad-conflict-routing/runs/paper_suite/single_gpu/single_task/deberta_rte_lora_e4_k2/hpo/ours/trial_runs/coord_03_train_grad_clip_017/ours_s3.json,/home/zhujjing/MOE-grad-conflict-routing/runs/paper_suite/single_gpu/single_task/deberta_rte_lora_e4_k2/hpo/ours/trial_runs/coord_03_train_grad_clip_017/ours_s3_curve.csv
ours,coord_03_train_grad_clip_018,2,0.7581227436823105,0.7075812274368231,0.7328519855595668,False,/home/zhujjing/MOE-grad-conflict-routing/runs/paper_suite/single_gpu/single_task/deberta_rte_lora_e4_k2/hpo/ours/trial_runs/coord_03_train_grad_clip_018/ours_s2.json,/home/zhujjing/MOE-grad-conflict-routing/runs/paper_suite/single_gpu/single_task/deberta_rte_lora_e4_k2/hpo/ours/trial_runs/coord_03_train_grad_clip_018/ours_s2_curve.csv
ours,coord_03_train_grad_clip_018,3,0.8050541516245487,0.8050541516245487,0.8050541516245487,False,/home/zhujjing/MOE-grad-conflict-routing/runs/paper_suite/single_gpu/single_task/deberta_rte_lora_e4_k2/hpo/ours/trial_runs/coord_03_train_grad_clip_018/ours_s3.json,/home/zhujjing/MOE-grad-conflict-routing/runs/paper_suite/single_gpu/single_task/deberta_rte_lora_e4_k2/hpo/ours/trial_runs/coord_03_train_grad_clip_018/ours_s3_curve.csv
ours,coord_03_train_grad_clip_019,2,0.8194945848375451,0.8194945848375451,0.8194945848375451,False,/home/zhujjing/MOE-grad-conflict-routing/runs/paper_suite/single_gpu/single_task/deberta_rte_lora_e4_k2/hpo/ours/trial_runs/coord_03_train_grad_clip_019/ours_s2.json,/home/zhujjing/MOE-grad-conflict-routing/runs/paper_suite/single_gpu/single_task/deberta_rte_lora_e4_k2/hpo/ours/trial_runs/coord_03_train_grad_clip_019/ours_s2_curve.csv
ours,coord_03_train_grad_clip_019,3,0.7184115523465704,0.7184115523465704,0.7184115523465704,False,/home/zhujjing/MOE-grad-conflict-routing/runs/paper_suite/single_gpu/single_task/deberta_rte_lora_e4_k2/hpo/ours/trial_runs/coord_03_train_grad_clip_019/ours_s3.json,/home/zhujjing/MOE-grad-conflict-routing/runs/paper_suite/single_gpu/single_task/deberta_rte_lora_e4_k2/hpo/ours/trial_runs/coord_03_train_grad_clip_019/ours_s3_curve.csv
ours,coord_03_train_grad_clip_020,2,0.8014440433212996,0.8014440433212996,0.8014440433212996,False,/home/zhujjing/MOE-grad-conflict-routing/runs/paper_suite/single_gpu/single_task/deberta_rte_lora_e4_k2/hpo/ours/trial_runs/coord_03_train_grad_clip_020/ours_s2.json,/home/zhujjing/MOE-grad-conflict-routing/runs/paper_suite/single_gpu/single_task/deberta_rte_lora_e4_k2/hpo/ours/trial_runs/coord_03_train_grad_clip_020/ours_s2_curve.csv
ours,coord_03_train_grad_clip_020,3,0.779783393501805,0.779783393501805,0.779783393501805,False,/home/zhujjing/MOE-grad-conflict-routing/runs/paper_suite/single_gpu/single_task/deberta_rte_lora_e4_k2/hpo/ours/trial_runs/coord_03_train_grad_clip_020/ours_s3.json,/home/zhujjing/MOE-grad-conflict-routing/runs/paper_suite/single_gpu/single_task/deberta_rte_lora_e4_k2/hpo/ours/trial_runs/coord_03_train_grad_clip_020/ours_s3_curve.csv
ours,coord_03_train_grad_clip_021,2,0.8086642599277978,0.8086642599277978,0.8086642599277978,False,/home/zhujjing/MOE-grad-conflict-routing/runs/paper_suite/single_gpu/single_task/deberta_rte_lora_e4_k2/hpo/ours/trial_runs/coord_03_train_grad_clip_021/ours_s2.json,/home/zhujjing/MOE-grad-conflict-routing/runs/paper_suite/single_gpu/single_task/deberta_rte_lora_e4_k2/hpo/ours/trial_runs/coord_03_train_grad_clip_021/ours_s2_curve.csv
ours,coord_03_train_grad_clip_021,3,0.7509025270758123,0.6678700361010831,0.7093862815884477,False,/home/zhujjing/MOE-grad-conflict-routing/runs/paper_suite/single_gpu/single_task/deberta_rte_lora_e4_k2/hpo/ours/trial_runs/coord_03_train_grad_clip_021/ours_s3.json,/home/zhujjing/MOE-grad-conflict-routing/runs/paper_suite/single_gpu/single_task/deberta_rte_lora_e4_k2/hpo/ours/trial_runs/coord_03_train_grad_clip_021/ours_s3_curve.csv
ours,coord_03_train_grad_clip_022,2,0.7833935018050542,0.7833935018050542,0.7833935018050542,False,/home/zhujjing/MOE-grad-conflict-routing/runs/paper_suite/single_gpu/single_task/deberta_rte_lora_e4_k2/hpo/ours/trial_runs/coord_03_train_grad_clip_022/ours_s2.json,/home/zhujjing/MOE-grad-conflict-routing/runs/paper_suite/single_gpu/single_task/deberta_rte_lora_e4_k2/hpo/ours/trial_runs/coord_03_train_grad_clip_022/ours_s2_curve.csv
ours,coord_03_train_grad_clip_022,3,0.8267148014440433,0.8267148014440433,0.8267148014440433,False,/home/zhujjing/MOE-grad-conflict-routing/runs/paper_suite/single_gpu/single_task/deberta_rte_lora_e4_k2/hpo/ours/trial_runs/coord_03_train_grad_clip_022/ours_s3.json,/home/zhujjing/MOE-grad-conflict-routing/runs/paper_suite/single_gpu/single_task/deberta_rte_lora_e4_k2/hpo/ours/trial_runs/coord_03_train_grad_clip_022/ours_s3_curve.csv
ours,coord_04_anchor,2,0.7833935018050542,0.7833935018050542,0.7833935018050542,False,/home/zhujjing/MOE-grad-conflict-routing/runs/paper_suite/single_gpu/single_task/deberta_rte_lora_e4_k2/hpo/ours/trial_runs/coord_04_anchor/ours_s2.json,/home/zhujjing/MOE-grad-conflict-routing/runs/paper_suite/single_gpu/single_task/deberta_rte_lora_e4_k2/hpo/ours/trial_runs/coord_04_anchor/ours_s2_curve.csv
ours,coord_04_anchor,3,0.7942238267148014,0.7942238267148014,0.7942238267148014,False,/home/zhujjing/MOE-grad-conflict-routing/runs/paper_suite/single_gpu/single_task/deberta_rte_lora_e4_k2/hpo/ours/trial_runs/coord_04_anchor/ours_s3.json,/home/zhujjing/MOE-grad-conflict-routing/runs/paper_suite/single_gpu/single_task/deberta_rte_lora_e4_k2/hpo/ours/trial_runs/coord_04_anchor/ours_s3_curve.csv
ours,coord_04_method_ours_lambda_align_000,2,0.8375451263537906,0.8375451263537906,0.8375451263537906,False,/home/zhujjing/MOE-grad-conflict-routing/runs/paper_suite/single_gpu/single_task/deberta_rte_lora_e4_k2/hpo/ours/trial_runs/coord_04_method_ours_lambda_align_000/ours_s2.json,/home/zhujjing/MOE-grad-conflict-routing/runs/paper_suite/single_gpu/single_task/deberta_rte_lora_e4_k2/hpo/ours/trial_runs/coord_04_method_ours_lambda_align_000/ours_s2_curve.csv
ours,coord_04_method_ours_lambda_align_000,3,0.7689530685920578,0.7689530685920578,0.7689530685920578,False,/home/zhujjing/MOE-grad-conflict-routing/runs/paper_suite/single_gpu/single_task/deberta_rte_lora_e4_k2/hpo/ours/trial_runs/coord_04_method_ours_lambda_align_000/ours_s3.json,/home/zhujjing/MOE-grad-conflict-routing/runs/paper_suite/single_gpu/single_task/deberta_rte_lora_e4_k2/hpo/ours/trial_runs/coord_04_method_ours_lambda_align_000/ours_s3_curve.csv
ours,coord_04_method_ours_lambda_align_001,2,0.8411552346570397,0.8411552346570397,0.8411552346570397,False,/home/zhujjing/MOE-grad-conflict-routing/runs/paper_suite/single_gpu/single_task/deberta_rte_lora_e4_k2/hpo/ours/trial_runs/coord_04_method_ours_lambda_align_001/ours_s2.json,/home/zhujjing/MOE-grad-conflict-routing/runs/paper_suite/single_gpu/single_task/deberta_rte_lora_e4_k2/hpo/ours/trial_runs/coord_04_method_ours_lambda_align_001/ours_s2_curve.csv
ours,coord_04_method_ours_lambda_align_001,3,0.7942238267148014,0.7942238267148014,0.7942238267148014,False,/home/zhujjing/MOE-grad-conflict-routing/runs/paper_suite/single_gpu/single_task/deberta_rte_lora_e4_k2/hpo/ours/trial_runs/coord_04_method_ours_lambda_align_001/ours_s3.json,/home/zhujjing/MOE-grad-conflict-routing/runs/paper_suite/single_gpu/single_task/deberta_rte_lora_e4_k2/hpo/ours/trial_runs/coord_04_method_ours_lambda_align_001/ours_s3_curve.csv
ours,coord_04_method_ours_lambda_align_002,2,0.8122743682310469,0.8122743682310469,0.8122743682310469,False,/home/zhujjing/MOE-grad-conflict-routing/runs/paper_suite/single_gpu/single_task/deberta_rte_lora_e4_k2/hpo/ours/trial_runs/coord_04_method_ours_lambda_align_002/ours_s2.json,/home/zhujjing/MOE-grad-conflict-routing/runs/paper_suite/single_gpu/single_task/deberta_rte_lora_e4_k2/hpo/ours/trial_runs/coord_04_method_ours_lambda_align_002/ours_s2_curve.csv
ours,coord_04_method_ours_lambda_align_002,3,0.7328519855595668,0.7148014440433214,0.7238267148014441,False,/home/zhujjing/MOE-grad-conflict-routing/runs/paper_suite/single_gpu/single_task/deberta_rte_lora_e4_k2/hpo/ours/trial_runs/coord_04_method_ours_lambda_align_002/ours_s3.json,/home/zhujjing/MOE-grad-conflict-routing/runs/paper_suite/single_gpu/single_task/deberta_rte_lora_e4_k2/hpo/ours/trial_runs/coord_04_method_ours_lambda_align_002/ours_s3_curve.csv
ours,coord_04_method_ours_lambda_align_003,2,0.8014440433212996,0.8014440433212996,0.8014440433212996,False,/home/zhujjing/MOE-grad-conflict-routing/runs/paper_suite/single_gpu/single_task/deberta_rte_lora_e4_k2/hpo/ours/trial_runs/coord_04_method_ours_lambda_align_003/ours_s2.json,/home/zhujjing/MOE-grad-conflict-routing/runs/paper_suite/single_gpu/single_task/deberta_rte_lora_e4_k2/hpo/ours/trial_runs/coord_04_method_ours_lambda_align_003/ours_s2_curve.csv
ours,coord_04_method_ours_lambda_align_003,3,0.7906137184115524,0.7906137184115524,0.7906137184115524,False,/home/zhujjing/MOE-grad-conflict-routing/runs/paper_suite/single_gpu/single_task/deberta_rte_lora_e4_k2/hpo/ours/trial_runs/coord_04_method_ours_lambda_align_003/ours_s3.json,/home/zhujjing/MOE-grad-conflict-routing/runs/paper_suite/single_gpu/single_task/deberta_rte_lora_e4_k2/hpo/ours/trial_runs/coord_04_method_ours_lambda_align_003/ours_s3_curve.csv
ours,coord_04_method_ours_lambda_align_004,2,0.7833935018050542,0.7833935018050542,0.7833935018050542,False,/home/zhujjing/MOE-grad-conflict-routing/runs/paper_suite/single_gpu/single_task/deberta_rte_lora_e4_k2/hpo/ours/trial_runs/coord_04_method_ours_lambda_align_004/ours_s2.json,/home/zhujjing/MOE-grad-conflict-routing/runs/paper_suite/single_gpu/single_task/deberta_rte_lora_e4_k2/hpo/ours/trial_runs/coord_04_method_ours_lambda_align_004/ours_s2_curve.csv
ours,coord_04_method_ours_lambda_align_004,3,0.8158844765342961,0.8158844765342961,0.8158844765342961,False,/home/zhujjing/MOE-grad-conflict-routing/runs/paper_suite/single_gpu/single_task/deberta_rte_lora_e4_k2/hpo/ours/trial_runs/coord_04_method_ours_lambda_align_004/ours_s3.json,/home/zhujjing/MOE-grad-conflict-routing/runs/paper_suite/single_gpu/single_task/deberta_rte_lora_e4_k2/hpo/ours/trial_runs/coord_04_method_ours_lambda_align_004/ours_s3_curve.csv
ours,coord_04_method_ours_lambda_align_005,2,0.779783393501805,0.779783393501805,0.779783393501805,False,/home/zhujjing/MOE-grad-conflict-routing/runs/paper_suite/single_gpu/single_task/deberta_rte_lora_e4_k2/hpo/ours/trial_runs/coord_04_method_ours_lambda_align_005/ours_s2.json,/home/zhujjing/MOE-grad-conflict-routing/runs/paper_suite/single_gpu/single_task/deberta_rte_lora_e4_k2/hpo/ours/trial_runs/coord_04_method_ours_lambda_align_005/ours_s2_curve.csv
ours,coord_04_method_ours_lambda_align_005,3,0.7942238267148014,0.7942238267148014,0.7942238267148014,False,/home/zhujjing/MOE-grad-conflict-routing/runs/paper_suite/single_gpu/single_task/deberta_rte_lora_e4_k2/hpo/ours/trial_runs/coord_04_method_ours_lambda_align_005/ours_s3.json,/home/zhujjing/MOE-grad-conflict-routing/runs/paper_suite/single_gpu/single_task/deberta_rte_lora_e4_k2/hpo/ours/trial_runs/coord_04_method_ours_lambda_align_005/ours_s3_curve.csv
ours,coord_04_method_ours_lambda_align_006,2,0.7870036101083032,0.7870036101083032,0.7870036101083032,False,/home/zhujjing/MOE-grad-conflict-routing/runs/paper_suite/single_gpu/single_task/deberta_rte_lora_e4_k2/hpo/ours/trial_runs/coord_04_method_ours_lambda_align_006/ours_s2.json,/home/zhujjing/MOE-grad-conflict-routing/runs/paper_suite/single_gpu/single_task/deberta_rte_lora_e4_k2/hpo/ours/trial_runs/coord_04_method_ours_lambda_align_006/ours_s2_curve.csv
ours,coord_04_method_ours_lambda_align_006,3,0.8158844765342961,0.8158844765342961,0.8158844765342961,False,/home/zhujjing/MOE-grad-conflict-routing/runs/paper_suite/single_gpu/single_task/deberta_rte_lora_e4_k2/hpo/ours/trial_runs/coord_04_method_ours_lambda_align_006/ours_s3.json,/home/zhujjing/MOE-grad-conflict-routing/runs/paper_suite/single_gpu/single_task/deberta_rte_lora_e4_k2/hpo/ours/trial_runs/coord_04_method_ours_lambda_align_006/ours_s3_curve.csv
ours,coord_04_method_ours_lambda_align_007,2,0.7906137184115524,0.7833935018050542,0.7870036101083033,False,/home/zhujjing/MOE-grad-conflict-routing/runs/paper_suite/single_gpu/single_task/deberta_rte_lora_e4_k2/hpo/ours/trial_runs/coord_04_method_ours_lambda_align_007/ours_s2.json,/home/zhujjing/MOE-grad-conflict-routing/runs/paper_suite/single_gpu/single_task/deberta_rte_lora_e4_k2/hpo/ours/trial_runs/coord_04_method_ours_lambda_align_007/ours_s2_curve.csv
ours,coord_04_method_ours_lambda_align_007,3,0.8194945848375451,0.8194945848375451,0.8194945848375451,False,/home/zhujjing/MOE-grad-conflict-routing/runs/paper_suite/single_gpu/single_task/deberta_rte_lora_e4_k2/hpo/ours/trial_runs/coord_04_method_ours_lambda_align_007/ours_s3.json,/home/zhujjing/MOE-grad-conflict-routing/runs/paper_suite/single_gpu/single_task/deberta_rte_lora_e4_k2/hpo/ours/trial_runs/coord_04_method_ours_lambda_align_007/ours_s3_curve.csv
ours,coord_04_method_ours_lambda_align_008,2,0.8411552346570397,0.8411552346570397,0.8411552346570397,False,/home/zhujjing/MOE-grad-conflict-routing/runs/paper_suite/single_gpu/single_task/deberta_rte_lora_e4_k2/hpo/ours/trial_runs/coord_04_method_ours_lambda_align_008/ours_s2.json,/home/zhujjing/MOE-grad-conflict-routing/runs/paper_suite/single_gpu/single_task/deberta_rte_lora_e4_k2/hpo/ours/trial_runs/coord_04_method_ours_lambda_align_008/ours_s2_curve.csv
ours,coord_04_method_ours_lambda_align_008,3,0.8411552346570397,0.8411552346570397,0.8411552346570397,False,/home/zhujjing/MOE-grad-conflict-routing/runs/paper_suite/single_gpu/single_task/deberta_rte_lora_e4_k2/hpo/ours/trial_runs/coord_04_method_ours_lambda_align_008/ours_s3.json,/home/zhujjing/MOE-grad-conflict-routing/runs/paper_suite/single_gpu/single_task/deberta_rte_lora_e4_k2/hpo/ours/trial_runs/coord_04_method_ours_lambda_align_008/ours_s3_curve.csv
ours,coord_04_method_ours_lambda_align_009,2,0.8086642599277978,0.8086642599277978,0.8086642599277978,False,/home/zhujjing/MOE-grad-conflict-routing/runs/paper_suite/single_gpu/single_task/deberta_rte_lora_e4_k2/hpo/ours/trial_runs/coord_04_method_ours_lambda_align_009/ours_s2.json,/home/zhujjing/MOE-grad-conflict-routing/runs/paper_suite/single_gpu/single_task/deberta_rte_lora_e4_k2/hpo/ours/trial_runs/coord_04_method_ours_lambda_align_009/ours_s2_curve.csv
ours,coord_04_method_ours_lambda_align_009,3,0.7978339350180506,0.7978339350180506,0.7978339350180506,False,/home/zhujjing/MOE-grad-conflict-routing/runs/paper_suite/single_gpu/single_task/deberta_rte_lora_e4_k2/hpo/ours/trial_runs/coord_04_method_ours_lambda_align_009/ours_s3.json,/home/zhujjing/MOE-grad-conflict-routing/runs/paper_suite/single_gpu/single_task/deberta_rte_lora_e4_k2/hpo/ours/trial_runs/coord_04_method_ours_lambda_align_009/ours_s3_curve.csv
ours,coord_04_method_ours_lambda_align_010,2,0.8194945848375451,0.8194945848375451,0.8194945848375451,False,/home/zhujjing/MOE-grad-conflict-routing/runs/paper_suite/single_gpu/single_task/deberta_rte_lora_e4_k2/hpo/ours/trial_runs/coord_04_method_ours_lambda_align_010/ours_s2.json,/home/zhujjing/MOE-grad-conflict-routing/runs/paper_suite/single_gpu/single_task/deberta_rte_lora_e4_k2/hpo/ours/trial_runs/coord_04_method_ours_lambda_align_010/ours_s2_curve.csv
ours,coord_04_method_ours_lambda_align_010,3,0.7364620938628159,0.7364620938628159,0.7364620938628159,False,/home/zhujjing/MOE-grad-conflict-routing/runs/paper_suite/single_gpu/single_task/deberta_rte_lora_e4_k2/hpo/ours/trial_runs/coord_04_method_ours_lambda_align_010/ours_s3.json,/home/zhujjing/MOE-grad-conflict-routing/runs/paper_suite/single_gpu/single_task/deberta_rte_lora_e4_k2/hpo/ours/trial_runs/coord_04_method_ours_lambda_align_010/ours_s3_curve.csv
ours,coord_04_method_ours_lambda_align_011,2,0.7978339350180506,0.7978339350180506,0.7978339350180506,False,/home/zhujjing/MOE-grad-conflict-routing/runs/paper_suite/single_gpu/single_task/deberta_rte_lora_e4_k2/hpo/ours/trial_runs/coord_04_method_ours_lambda_align_011/ours_s2.json,/home/zhujjing/MOE-grad-conflict-routing/runs/paper_suite/single_gpu/single_task/deberta_rte_lora_e4_k2/hpo/ours/trial_runs/coord_04_method_ours_lambda_align_011/ours_s2_curve.csv
ours,coord_04_method_ours_lambda_align_011,3,0.7870036101083032,0.7870036101083032,0.7870036101083032,False,/home/zhujjing/MOE-grad-conflict-routing/runs/paper_suite/single_gpu/single_task/deberta_rte_lora_e4_k2/hpo/ours/trial_runs/coord_04_method_ours_lambda_align_011/ours_s3.json,/home/zhujjing/MOE-grad-conflict-routing/runs/paper_suite/single_gpu/single_task/deberta_rte_lora_e4_k2/hpo/ours/trial_runs/coord_04_method_ours_lambda_align_011/ours_s3_curve.csv
ours,coord_04_method_ours_lambda_align_012,2,0.8375451263537906,0.8375451263537906,0.8375451263537906,False,/home/zhujjing/MOE-grad-conflict-routing/runs/paper_suite/single_gpu/single_task/deberta_rte_lora_e4_k2/hpo/ours/trial_runs/coord_04_method_ours_lambda_align_012/ours_s2.json,/home/zhujjing/MOE-grad-conflict-routing/runs/paper_suite/single_gpu/single_task/deberta_rte_lora_e4_k2/hpo/ours/trial_runs/coord_04_method_ours_lambda_align_012/ours_s2_curve.csv
ours,coord_04_method_ours_lambda_align_012,3,0.8122743682310469,0.8122743682310469,0.8122743682310469,False,/home/zhujjing/MOE-grad-conflict-routing/runs/paper_suite/single_gpu/single_task/deberta_rte_lora_e4_k2/hpo/ours/trial_runs/coord_04_method_ours_lambda_align_012/ours_s3.json,/home/zhujjing/MOE-grad-conflict-routing/runs/paper_suite/single_gpu/single_task/deberta_rte_lora_e4_k2/hpo/ours/trial_runs/coord_04_method_ours_lambda_align_012/ours_s3_curve.csv
ours,coord_04_method_ours_lambda_align_013,2,0.776173285198556,0.7472924187725631,0.7617328519855595,False,/home/zhujjing/MOE-grad-conflict-routing/runs/paper_suite/single_gpu/single_task/deberta_rte_lora_e4_k2/hpo/ours/trial_runs/coord_04_method_ours_lambda_align_013/ours_s2.json,/home/zhujjing/MOE-grad-conflict-routing/runs/paper_suite/single_gpu/single_task/deberta_rte_lora_e4_k2/hpo/ours/trial_runs/coord_04_method_ours_lambda_align_013/ours_s2_curve.csv
ours,coord_04_method_ours_lambda_align_013,3,0.8194945848375451,0.8194945848375451,0.8194945848375451,False,/home/zhujjing/MOE-grad-conflict-routing/runs/paper_suite/single_gpu/single_task/deberta_rte_lora_e4_k2/hpo/ours/trial_runs/coord_04_method_ours_lambda_align_013/ours_s3.json,/home/zhujjing/MOE-grad-conflict-routing/runs/paper_suite/single_gpu/single_task/deberta_rte_lora_e4_k2/hpo/ours/trial_runs/coord_04_method_ours_lambda_align_013/ours_s3_curve.csv
ours,coord_04_method_ours_lambda_align_014,2,0.8086642599277978,0.8050541516245487,0.8068592057761732,False,/home/zhujjing/MOE-grad-conflict-routing/runs/paper_suite/single_gpu/single_task/deberta_rte_lora_e4_k2/hpo/ours/trial_runs/coord_04_method_ours_lambda_align_014/ours_s2.json,/home/zhujjing/MOE-grad-conflict-routing/runs/paper_suite/single_gpu/single_task/deberta_rte_lora_e4_k2/hpo/ours/trial_runs/coord_04_method_ours_lambda_align_014/ours_s2_curve.csv
ours,coord_04_method_ours_lambda_align_014,3,0.8122743682310469,0.8122743682310469,0.8122743682310469,False,/home/zhujjing/MOE-grad-conflict-routing/runs/paper_suite/single_gpu/single_task/deberta_rte_lora_e4_k2/hpo/ours/trial_runs/coord_04_method_ours_lambda_align_014/ours_s3.json,/home/zhujjing/MOE-grad-conflict-routing/runs/paper_suite/single_gpu/single_task/deberta_rte_lora_e4_k2/hpo/ours/trial_runs/coord_04_method_ours_lambda_align_014/ours_s3_curve.csv
ours,coord_04_method_ours_lambda_align_015,2,0.8050541516245487,0.8050541516245487,0.8050541516245487,False,/home/zhujjing/MOE-grad-conflict-routing/runs/paper_suite/single_gpu/single_task/deberta_rte_lora_e4_k2/hpo/ours/trial_runs/coord_04_method_ours_lambda_align_015/ours_s2.json,/home/zhujjing/MOE-grad-conflict-routing/runs/paper_suite/single_gpu/single_task/deberta_rte_lora_e4_k2/hpo/ours/trial_runs/coord_04_method_ours_lambda_align_015/ours_s2_curve.csv
ours,coord_04_method_ours_lambda_align_015,3,0.7833935018050542,0.7833935018050542,0.7833935018050542,False,/home/zhujjing/MOE-grad-conflict-routing/runs/paper_suite/single_gpu/single_task/deberta_rte_lora_e4_k2/hpo/ours/trial_runs/coord_04_method_ours_lambda_align_015/ours_s3.json,/home/zhujjing/MOE-grad-conflict-routing/runs/paper_suite/single_gpu/single_task/deberta_rte_lora_e4_k2/hpo/ours/trial_runs/coord_04_method_ours_lambda_align_015/ours_s3_curve.csv
ours,coord_04_method_ours_lambda_align_016,2,0.8411552346570397,0.8411552346570397,0.8411552346570397,False,/home/zhujjing/MOE-grad-conflict-routing/runs/paper_suite/single_gpu/single_task/deberta_rte_lora_e4_k2/hpo/ours/trial_runs/coord_04_method_ours_lambda_align_016/ours_s2.json,/home/zhujjing/MOE-grad-conflict-routing/runs/paper_suite/single_gpu/single_task/deberta_rte_lora_e4_k2/hpo/ours/trial_runs/coord_04_method_ours_lambda_align_016/ours_s2_curve.csv
ours,coord_04_method_ours_lambda_align_016,3,0.7978339350180506,0.7978339350180506,0.7978339350180506,False,/home/zhujjing/MOE-grad-conflict-routing/runs/paper_suite/single_gpu/single_task/deberta_rte_lora_e4_k2/hpo/ours/trial_runs/coord_04_method_ours_lambda_align_016/ours_s3.json,/home/zhujjing/MOE-grad-conflict-routing/runs/paper_suite/single_gpu/single_task/deberta_rte_lora_e4_k2/hpo/ours/trial_runs/coord_04_method_ours_lambda_align_016/ours_s3_curve.csv
ours,coord_04_method_ours_lambda_align_017,2,0.8122743682310469,0.8122743682310469,0.8122743682310469,False,/home/zhujjing/MOE-grad-conflict-routing/runs/paper_suite/single_gpu/single_task/deberta_rte_lora_e4_k2/hpo/ours/trial_runs/coord_04_method_ours_lambda_align_017/ours_s2.json,/home/zhujjing/MOE-grad-conflict-routing/runs/paper_suite/single_gpu/single_task/deberta_rte_lora_e4_k2/hpo/ours/trial_runs/coord_04_method_ours_lambda_align_017/ours_s2_curve.csv
ours,coord_04_method_ours_lambda_align_017,3,0.7906137184115524,0.7581227436823105,0.7743682310469314,False,/home/zhujjing/MOE-grad-conflict-routing/runs/paper_suite/single_gpu/single_task/deberta_rte_lora_e4_k2/hpo/ours/trial_runs/coord_04_method_ours_lambda_align_017/ours_s3.json,/home/zhujjing/MOE-grad-conflict-routing/runs/paper_suite/single_gpu/single_task/deberta_rte_lora_e4_k2/hpo/ours/trial_runs/coord_04_method_ours_lambda_align_017/ours_s3_curve.csv
ours,coord_04_method_ours_lambda_align_018,2,0.8303249097472925,0.8303249097472925,0.8303249097472925,False,/home/zhujjing/MOE-grad-conflict-routing/runs/paper_suite/single_gpu/single_task/deberta_rte_lora_e4_k2/hpo/ours/trial_runs/coord_04_method_ours_lambda_align_018/ours_s2.json,/home/zhujjing/MOE-grad-conflict-routing/runs/paper_suite/single_gpu/single_task/deberta_rte_lora_e4_k2/hpo/ours/trial_runs/coord_04_method_ours_lambda_align_018/ours_s2_curve.csv
ours,coord_04_method_ours_lambda_align_018,3,0.7545126353790613,0.7436823104693141,0.7490974729241877,False,/home/zhujjing/MOE-grad-conflict-routing/runs/paper_suite/single_gpu/single_task/deberta_rte_lora_e4_k2/hpo/ours/trial_runs/coord_04_method_ours_lambda_align_018/ours_s3.json,/home/zhujjing/MOE-grad-conflict-routing/runs/paper_suite/single_gpu/single_task/deberta_rte_lora_e4_k2/hpo/ours/trial_runs/coord_04_method_ours_lambda_align_018/ours_s3_curve.csv
ours,coord_04_method_ours_lambda_align_019,2,0.7833935018050542,0.7581227436823105,0.7707581227436824,False,/home/zhujjing/MOE-grad-conflict-routing/runs/paper_suite/single_gpu/single_task/deberta_rte_lora_e4_k2/hpo/ours/trial_runs/coord_04_method_ours_lambda_align_019/ours_s2.json,/home/zhujjing/MOE-grad-conflict-routing/runs/paper_suite/single_gpu/single_task/deberta_rte_lora_e4_k2/hpo/ours/trial_runs/coord_04_method_ours_lambda_align_019/ours_s2_curve.csv
ours,coord_04_method_ours_lambda_align_019,3,0.7545126353790613,0.7545126353790613,0.7545126353790613,False,/home/zhujjing/MOE-grad-conflict-routing/runs/paper_suite/single_gpu/single_task/deberta_rte_lora_e4_k2/hpo/ours/trial_runs/coord_04_method_ours_lambda_align_019/ours_s3.json,/home/zhujjing/MOE-grad-conflict-routing/runs/paper_suite/single_gpu/single_task/deberta_rte_lora_e4_k2/hpo/ours/trial_runs/coord_04_method_ours_lambda_align_019/ours_s3_curve.csv
ours,coord_04_method_ours_lambda_align_020,2,0.7978339350180506,0.7978339350180506,0.7978339350180506,False,/home/zhujjing/MOE-grad-conflict-routing/runs/paper_suite/single_gpu/single_task/deberta_rte_lora_e4_k2/hpo/ours/trial_runs/coord_04_method_ours_lambda_align_020/ours_s2.json,/home/zhujjing/MOE-grad-conflict-routing/runs/paper_suite/single_gpu/single_task/deberta_rte_lora_e4_k2/hpo/ours/trial_runs/coord_04_method_ours_lambda_align_020/ours_s2_curve.csv
ours,coord_04_method_ours_lambda_align_020,3,0.8303249097472925,0.8303249097472925,0.8303249097472925,False,/home/zhujjing/MOE-grad-conflict-routing/runs/paper_suite/single_gpu/single_task/deberta_rte_lora_e4_k2/hpo/ours/trial_runs/coord_04_method_ours_lambda_align_020/ours_s3.json,/home/zhujjing/MOE-grad-conflict-routing/runs/paper_suite/single_gpu/single_task/deberta_rte_lora_e4_k2/hpo/ours/trial_runs/coord_04_method_ours_lambda_align_020/ours_s3_curve.csv
ours,coord_04_method_ours_lambda_align_021,2,0.8014440433212996,0.7833935018050542,0.7924187725631768,False,/home/zhujjing/MOE-grad-conflict-routing/runs/paper_suite/single_gpu/single_task/deberta_rte_lora_e4_k2/hpo/ours/trial_runs/coord_04_method_ours_lambda_align_021/ours_s2.json,/home/zhujjing/MOE-grad-conflict-routing/runs/paper_suite/single_gpu/single_task/deberta_rte_lora_e4_k2/hpo/ours/trial_runs/coord_04_method_ours_lambda_align_021/ours_s2_curve.csv
ours,coord_04_method_ours_lambda_align_021,3,0.7725631768953068,0.7725631768953068,0.7725631768953068,False,/home/zhujjing/MOE-grad-conflict-routing/runs/paper_suite/single_gpu/single_task/deberta_rte_lora_e4_k2/hpo/ours/trial_runs/coord_04_method_ours_lambda_align_021/ours_s3.json,/home/zhujjing/MOE-grad-conflict-routing/runs/paper_suite/single_gpu/single_task/deberta_rte_lora_e4_k2/hpo/ours/trial_runs/coord_04_method_ours_lambda_align_021/ours_s3_curve.csv
ours,coord_04_method_ours_lambda_align_022,2,0.7978339350180506,0.7978339350180506,0.7978339350180506,False,/home/zhujjing/MOE-grad-conflict-routing/runs/paper_suite/single_gpu/single_task/deberta_rte_lora_e4_k2/hpo/ours/trial_runs/coord_04_method_ours_lambda_align_022/ours_s2.json,/home/zhujjing/MOE-grad-conflict-routing/runs/paper_suite/single_gpu/single_task/deberta_rte_lora_e4_k2/hpo/ours/trial_runs/coord_04_method_ours_lambda_align_022/ours_s2_curve.csv
ours,coord_04_method_ours_lambda_align_022,3,0.7833935018050542,0.7833935018050542,0.7833935018050542,False,/home/zhujjing/MOE-grad-conflict-routing/runs/paper_suite/single_gpu/single_task/deberta_rte_lora_e4_k2/hpo/ours/trial_runs/coord_04_method_ours_lambda_align_022/ours_s3.json,/home/zhujjing/MOE-grad-conflict-routing/runs/paper_suite/single_gpu/single_task/deberta_rte_lora_e4_k2/hpo/ours/trial_runs/coord_04_method_ours_lambda_align_022/ours_s3_curve.csv
ours,local_var_topk_000,2,0.8194945848375451,0.8194945848375451,0.8194945848375451,False,/home/zhujjing/MOE-grad-conflict-routing/runs/paper_suite/single_gpu/single_task/deberta_rte_lora_e4_k2/hpo/ours/trial_runs/local_var_topk_000/ours_s2.json,/home/zhujjing/MOE-grad-conflict-routing/runs/paper_suite/single_gpu/single_task/deberta_rte_lora_e4_k2/hpo/ours/trial_runs/local_var_topk_000/ours_s2_curve.csv
ours,local_var_topk_000,3,0.7581227436823105,0.7364620938628159,0.7472924187725631,False,/home/zhujjing/MOE-grad-conflict-routing/runs/paper_suite/single_gpu/single_task/deberta_rte_lora_e4_k2/hpo/ours/trial_runs/local_var_topk_000/ours_s3.json,/home/zhujjing/MOE-grad-conflict-routing/runs/paper_suite/single_gpu/single_task/deberta_rte_lora_e4_k2/hpo/ours/trial_runs/local_var_topk_000/ours_s3_curve.csv
ours,local_var_topk_001,2,0.8014440433212996,0.8014440433212996,0.8014440433212996,False,/home/zhujjing/MOE-grad-conflict-routing/runs/paper_suite/single_gpu/single_task/deberta_rte_lora_e4_k2/hpo/ours/trial_runs/local_var_topk_001/ours_s2.json,/home/zhujjing/MOE-grad-conflict-routing/runs/paper_suite/single_gpu/single_task/deberta_rte_lora_e4_k2/hpo/ours/trial_runs/local_var_topk_001/ours_s2_curve.csv
ours,local_var_topk_001,3,0.7364620938628159,0.7292418772563177,0.7328519855595668,False,/home/zhujjing/MOE-grad-conflict-routing/runs/paper_suite/single_gpu/single_task/deberta_rte_lora_e4_k2/hpo/ours/trial_runs/local_var_topk_001/ours_s3.json,/home/zhujjing/MOE-grad-conflict-routing/runs/paper_suite/single_gpu/single_task/deberta_rte_lora_e4_k2/hpo/ours/trial_runs/local_var_topk_001/ours_s3_curve.csv
ours,local_var_topk_002,2,0.8014440433212996,0.8014440433212996,0.8014440433212996,False,/home/zhujjing/MOE-grad-conflict-routing/runs/paper_suite/single_gpu/single_task/deberta_rte_lora_e4_k2/hpo/ours/trial_runs/local_var_topk_002/ours_s2.json,/home/zhujjing/MOE-grad-conflict-routing/runs/paper_suite/single_gpu/single_task/deberta_rte_lora_e4_k2/hpo/ours/trial_runs/local_var_topk_002/ours_s2_curve.csv
ours,local_var_topk_002,3,0.7689530685920578,0.7689530685920578,0.7689530685920578,False,/home/zhujjing/MOE-grad-conflict-routing/runs/paper_suite/single_gpu/single_task/deberta_rte_lora_e4_k2/hpo/ours/trial_runs/local_var_topk_002/ours_s3.json,/home/zhujjing/MOE-grad-conflict-routing/runs/paper_suite/single_gpu/single_task/deberta_rte_lora_e4_k2/hpo/ours/trial_runs/local_var_topk_002/ours_s3_curve.csv
ours,local_var_topk_003,2,0.779783393501805,0.779783393501805,0.779783393501805,False,/home/zhujjing/MOE-grad-conflict-routing/runs/paper_suite/single_gpu/single_task/deberta_rte_lora_e4_k2/hpo/ours/trial_runs/local_var_topk_003/ours_s2.json,/home/zhujjing/MOE-grad-conflict-routing/runs/paper_suite/single_gpu/single_task/deberta_rte_lora_e4_k2/hpo/ours/trial_runs/local_var_topk_003/ours_s2_curve.csv
ours,local_var_topk_003,3,0.776173285198556,0.776173285198556,0.776173285198556,False,/home/zhujjing/MOE-grad-conflict-routing/runs/paper_suite/single_gpu/single_task/deberta_rte_lora_e4_k2/hpo/ours/trial_runs/local_var_topk_003/ours_s3.json,/home/zhujjing/MOE-grad-conflict-routing/runs/paper_suite/single_gpu/single_task/deberta_rte_lora_e4_k2/hpo/ours/trial_runs/local_var_topk_003/ours_s3_curve.csv
ours,local_var_topk_004,2,0.8050541516245487,0.8050541516245487,0.8050541516245487,False,/home/zhujjing/MOE-grad-conflict-routing/runs/paper_suite/single_gpu/single_task/deberta_rte_lora_e4_k2/hpo/ours/trial_runs/local_var_topk_004/ours_s2.json,/home/zhujjing/MOE-grad-conflict-routing/runs/paper_suite/single_gpu/single_task/deberta_rte_lora_e4_k2/hpo/ours/trial_runs/local_var_topk_004/ours_s2_curve.csv
ours,local_var_topk_004,3,0.7617328519855595,0.7617328519855595,0.7617328519855595,False,/home/zhujjing/MOE-grad-conflict-routing/runs/paper_suite/single_gpu/single_task/deberta_rte_lora_e4_k2/hpo/ours/trial_runs/local_var_topk_004/ours_s3.json,/home/zhujjing/MOE-grad-conflict-routing/runs/paper_suite/single_gpu/single_task/deberta_rte_lora_e4_k2/hpo/ours/trial_runs/local_var_topk_004/ours_s3_curve.csv
ours,local_var_topk_005,2,0.7870036101083032,0.7870036101083032,0.7870036101083032,False,/home/zhujjing/MOE-grad-conflict-routing/runs/paper_suite/single_gpu/single_task/deberta_rte_lora_e4_k2/hpo/ours/trial_runs/local_var_topk_005/ours_s2.json,/home/zhujjing/MOE-grad-conflict-routing/runs/paper_suite/single_gpu/single_task/deberta_rte_lora_e4_k2/hpo/ours/trial_runs/local_var_topk_005/ours_s2_curve.csv
ours,local_var_topk_005,3,0.776173285198556,0.776173285198556,0.776173285198556,False,/home/zhujjing/MOE-grad-conflict-routing/runs/paper_suite/single_gpu/single_task/deberta_rte_lora_e4_k2/hpo/ours/trial_runs/local_var_topk_005/ours_s3.json,/home/zhujjing/MOE-grad-conflict-routing/runs/paper_suite/single_gpu/single_task/deberta_rte_lora_e4_k2/hpo/ours/trial_runs/local_var_topk_005/ours_s3_curve.csv
ours,local_var_topk_006,2,0.8158844765342961,0.8158844765342961,0.8158844765342961,False,/home/zhujjing/MOE-grad-conflict-routing/runs/paper_suite/single_gpu/single_task/deberta_rte_lora_e4_k2/hpo/ours/trial_runs/local_var_topk_006/ours_s2.json,/home/zhujjing/MOE-grad-conflict-routing/runs/paper_suite/single_gpu/single_task/deberta_rte_lora_e4_k2/hpo/ours/trial_runs/local_var_topk_006/ours_s2_curve.csv
ours,local_var_topk_006,3,0.7653429602888087,0.7653429602888087,0.7653429602888087,False,/home/zhujjing/MOE-grad-conflict-routing/runs/paper_suite/single_gpu/single_task/deberta_rte_lora_e4_k2/hpo/ours/trial_runs/local_var_topk_006/ours_s3.json,/home/zhujjing/MOE-grad-conflict-routing/runs/paper_suite/single_gpu/single_task/deberta_rte_lora_e4_k2/hpo/ours/trial_runs/local_var_topk_006/ours_s3_curve.csv
ours,local_var_topk_007,2,0.8194945848375451,0.8194945848375451,0.8194945848375451,False,/home/zhujjing/MOE-grad-conflict-routing/runs/paper_suite/single_gpu/single_task/deberta_rte_lora_e4_k2/hpo/ours/trial_runs/local_var_topk_007/ours_s2.json,/home/zhujjing/MOE-grad-conflict-routing/runs/paper_suite/single_gpu/single_task/deberta_rte_lora_e4_k2/hpo/ours/trial_runs/local_var_topk_007/ours_s2_curve.csv
ours,local_var_topk_007,3,0.7689530685920578,0.7689530685920578,0.7689530685920578,False,/home/zhujjing/MOE-grad-conflict-routing/runs/paper_suite/single_gpu/single_task/deberta_rte_lora_e4_k2/hpo/ours/trial_runs/local_var_topk_007/ours_s3.json,/home/zhujjing/MOE-grad-conflict-routing/runs/paper_suite/single_gpu/single_task/deberta_rte_lora_e4_k2/hpo/ours/trial_runs/local_var_topk_007/ours_s3_curve.csv
ours,local_var_topk_008,2,0.8122743682310469,0.8122743682310469,0.8122743682310469,False,/home/zhujjing/MOE-grad-conflict-routing/runs/paper_suite/single_gpu/single_task/deberta_rte_lora_e4_k2/hpo/ours/trial_runs/local_var_topk_008/ours_s2.json,/home/zhujjing/MOE-grad-conflict-routing/runs/paper_suite/single_gpu/single_task/deberta_rte_lora_e4_k2/hpo/ours/trial_runs/local_var_topk_008/ours_s2_curve.csv
ours,local_var_topk_008,3,0.779783393501805,0.776173285198556,0.7779783393501805,False,/home/zhujjing/MOE-grad-conflict-routing/runs/paper_suite/single_gpu/single_task/deberta_rte_lora_e4_k2/hpo/ours/trial_runs/local_var_topk_008/ours_s3.json,/home/zhujjing/MOE-grad-conflict-routing/runs/paper_suite/single_gpu/single_task/deberta_rte_lora_e4_k2/hpo/ours/trial_runs/local_var_topk_008/ours_s3_curve.csv
ours,local_var_topk_009,2,0.7978339350180506,0.7978339350180506,0.7978339350180506,False,/home/zhujjing/MOE-grad-conflict-routing/runs/paper_suite/single_gpu/single_task/deberta_rte_lora_e4_k2/hpo/ours/trial_runs/local_var_topk_009/ours_s2.json,/home/zhujjing/MOE-grad-conflict-routing/runs/paper_suite/single_gpu/single_task/deberta_rte_lora_e4_k2/hpo/ours/trial_runs/local_var_topk_009/ours_s2_curve.csv
ours,local_var_topk_009,3,0.7617328519855595,0.7617328519855595,0.7617328519855595,False,/home/zhujjing/MOE-grad-conflict-routing/runs/paper_suite/single_gpu/single_task/deberta_rte_lora_e4_k2/hpo/ours/trial_runs/local_var_topk_009/ours_s3.json,/home/zhujjing/MOE-grad-conflict-routing/runs/paper_suite/single_gpu/single_task/deberta_rte_lora_e4_k2/hpo/ours/trial_runs/local_var_topk_009/ours_s3_curve.csv
ours,local_var_topk_010,2,0.7870036101083032,0.7870036101083032,0.7870036101083032,False,/home/zhujjing/MOE-grad-conflict-routing/runs/paper_suite/single_gpu/single_task/deberta_rte_lora_e4_k2/hpo/ours/trial_runs/local_var_topk_010/ours_s2.json,/home/zhujjing/MOE-grad-conflict-routing/runs/paper_suite/single_gpu/single_task/deberta_rte_lora_e4_k2/hpo/ours/trial_runs/local_var_topk_010/ours_s2_curve.csv
ours,local_var_topk_010,3,0.8086642599277978,0.779783393501805,0.7942238267148014,False,/home/zhujjing/MOE-grad-conflict-routing/runs/paper_suite/single_gpu/single_task/deberta_rte_lora_e4_k2/hpo/ours/trial_runs/local_var_topk_010/ours_s3.json,/home/zhujjing/MOE-grad-conflict-routing/runs/paper_suite/single_gpu/single_task/deberta_rte_lora_e4_k2/hpo/ours/trial_runs/local_var_topk_010/ours_s3_curve.csv
ours,local_var_topk_011,2,0.8050541516245487,0.8050541516245487,0.8050541516245487,False,/home/zhujjing/MOE-grad-conflict-routing/runs/paper_suite/single_gpu/single_task/deberta_rte_lora_e4_k2/hpo/ours/trial_runs/local_var_topk_011/ours_s2.json,/home/zhujjing/MOE-grad-conflict-routing/runs/paper_suite/single_gpu/single_task/deberta_rte_lora_e4_k2/hpo/ours/trial_runs/local_var_topk_011/ours_s2_curve.csv
ours,local_var_topk_011,3,0.7509025270758123,0.7256317689530686,0.7382671480144405,False,/home/zhujjing/MOE-grad-conflict-routing/runs/paper_suite/single_gpu/single_task/deberta_rte_lora_e4_k2/hpo/ours/trial_runs/local_var_topk_011/ours_s3.json,/home/zhujjing/MOE-grad-conflict-routing/runs/paper_suite/single_gpu/single_task/deberta_rte_lora_e4_k2/hpo/ours/trial_runs/local_var_topk_011/ours_s3_curve.csv
ours,local_var_topk_012,2,0.8086642599277978,0.8086642599277978,0.8086642599277978,False,/home/zhujjing/MOE-grad-conflict-routing/runs/paper_suite/single_gpu/single_task/deberta_rte_lora_e4_k2/hpo/ours/trial_runs/local_var_topk_012/ours_s2.json,/home/zhujjing/MOE-grad-conflict-routing/runs/paper_suite/single_gpu/single_task/deberta_rte_lora_e4_k2/hpo/ours/trial_runs/local_var_topk_012/ours_s2_curve.csv
ours,local_var_topk_012,3,0.7617328519855595,0.7617328519855595,0.7617328519855595,False,/home/zhujjing/MOE-grad-conflict-routing/runs/paper_suite/single_gpu/single_task/deberta_rte_lora_e4_k2/hpo/ours/trial_runs/local_var_topk_012/ours_s3.json,/home/zhujjing/MOE-grad-conflict-routing/runs/paper_suite/single_gpu/single_task/deberta_rte_lora_e4_k2/hpo/ours/trial_runs/local_var_topk_012/ours_s3_curve.csv
ours,local_var_topk_013,2,0.8050541516245487,0.7617328519855595,0.7833935018050542,False,/home/zhujjing/MOE-grad-conflict-routing/runs/paper_suite/single_gpu/single_task/deberta_rte_lora_e4_k2/hpo/ours/trial_runs/local_var_topk_013/ours_s2.json,/home/zhujjing/MOE-grad-conflict-routing/runs/paper_suite/single_gpu/single_task/deberta_rte_lora_e4_k2/hpo/ours/trial_runs/local_var_topk_013/ours_s2_curve.csv
ours,local_var_topk_013,3,0.8014440433212996,0.7364620938628159,0.7689530685920578,False,/home/zhujjing/MOE-grad-conflict-routing/runs/paper_suite/single_gpu/single_task/deberta_rte_lora_e4_k2/hpo/ours/trial_runs/local_var_topk_013/ours_s3.json,/home/zhujjing/MOE-grad-conflict-routing/runs/paper_suite/single_gpu/single_task/deberta_rte_lora_e4_k2/hpo/ours/trial_runs/local_var_topk_013/ours_s3_curve.csv
ours,local_var_topk_014,2,0.8122743682310469,0.8122743682310469,0.8122743682310469,False,/home/zhujjing/MOE-grad-conflict-routing/runs/paper_suite/single_gpu/single_task/deberta_rte_lora_e4_k2/hpo/ours/trial_runs/local_var_topk_014/ours_s2.json,/home/zhujjing/MOE-grad-conflict-routing/runs/paper_suite/single_gpu/single_task/deberta_rte_lora_e4_k2/hpo/ours/trial_runs/local_var_topk_014/ours_s2_curve.csv
ours,local_var_topk_014,3,0.8050541516245487,0.8050541516245487,0.8050541516245487,False,/home/zhujjing/MOE-grad-conflict-routing/runs/paper_suite/single_gpu/single_task/deberta_rte_lora_e4_k2/hpo/ours/trial_runs/local_var_topk_014/ours_s3.json,/home/zhujjing/MOE-grad-conflict-routing/runs/paper_suite/single_gpu/single_task/deberta_rte_lora_e4_k2/hpo/ours/trial_runs/local_var_topk_014/ours_s3_curve.csv
ours,local_var_topk_015,2,0.7942238267148014,0.7942238267148014,0.7942238267148014,False,/home/zhujjing/MOE-grad-conflict-routing/runs/paper_suite/single_gpu/single_task/deberta_rte_lora_e4_k2/hpo/ours/trial_runs/local_var_topk_015/ours_s2.json,/home/zhujjing/MOE-grad-conflict-routing/runs/paper_suite/single_gpu/single_task/deberta_rte_lora_e4_k2/hpo/ours/trial_runs/local_var_topk_015/ours_s2_curve.csv
ours,local_var_topk_015,3,0.7364620938628159,0.7328519855595668,0.7346570397111913,False,/home/zhujjing/MOE-grad-conflict-routing/runs/paper_suite/single_gpu/single_task/deberta_rte_lora_e4_k2/hpo/ours/trial_runs/local_var_topk_015/ours_s3.json,/home/zhujjing/MOE-grad-conflict-routing/runs/paper_suite/single_gpu/single_task/deberta_rte_lora_e4_k2/hpo/ours/trial_runs/local_var_topk_015/ours_s3_curve.csv
ours,local_var_topk_016,2,0.8303249097472925,0.8303249097472925,0.8303249097472925,False,/home/zhujjing/MOE-grad-conflict-routing/runs/paper_suite/single_gpu/single_task/deberta_rte_lora_e4_k2/hpo/ours/trial_runs/local_var_topk_016/ours_s2.json,/home/zhujjing/MOE-grad-conflict-routing/runs/paper_suite/single_gpu/single_task/deberta_rte_lora_e4_k2/hpo/ours/trial_runs/local_var_topk_016/ours_s2_curve.csv
ours,local_var_topk_016,3,0.7509025270758123,0.7509025270758123,0.7509025270758123,False,/home/zhujjing/MOE-grad-conflict-routing/runs/paper_suite/single_gpu/single_task/deberta_rte_lora_e4_k2/hpo/ours/trial_runs/local_var_topk_016/ours_s3.json,/home/zhujjing/MOE-grad-conflict-routing/runs/paper_suite/single_gpu/single_task/deberta_rte_lora_e4_k2/hpo/ours/trial_runs/local_var_topk_016/ours_s3_curve.csv
ours,local_var_topk_017,2,0.8267148014440433,0.8267148014440433,0.8267148014440433,False,/home/zhujjing/MOE-grad-conflict-routing/runs/paper_suite/single_gpu/single_task/deberta_rte_lora_e4_k2/hpo/ours/trial_runs/local_var_topk_017/ours_s2.json,/home/zhujjing/MOE-grad-conflict-routing/runs/paper_suite/single_gpu/single_task/deberta_rte_lora_e4_k2/hpo/ours/trial_runs/local_var_topk_017/ours_s2_curve.csv
ours,local_var_topk_017,3,0.776173285198556,0.7328519855595668,0.7545126353790614,False,/home/zhujjing/MOE-grad-conflict-routing/runs/paper_suite/single_gpu/single_task/deberta_rte_lora_e4_k2/hpo/ours/trial_runs/local_var_topk_017/ours_s3.json,/home/zhujjing/MOE-grad-conflict-routing/runs/paper_suite/single_gpu/single_task/deberta_rte_lora_e4_k2/hpo/ours/trial_runs/local_var_topk_017/ours_s3_curve.csv
ours,local_var_topk_018,2,0.7364620938628159,0.7364620938628159,0.7364620938628159,False,/home/zhujjing/MOE-grad-conflict-routing/runs/paper_suite/single_gpu/single_task/deberta_rte_lora_e4_k2/hpo/ours/trial_runs/local_var_topk_018/ours_s2.json,/home/zhujjing/MOE-grad-conflict-routing/runs/paper_suite/single_gpu/single_task/deberta_rte_lora_e4_k2/hpo/ours/trial_runs/local_var_topk_018/ours_s2_curve.csv
ours,local_var_topk_018,3,0.7003610108303249,0.6714801444043321,0.6859205776173285,False,/home/zhujjing/MOE-grad-conflict-routing/runs/paper_suite/single_gpu/single_task/deberta_rte_lora_e4_k2/hpo/ours/trial_runs/local_var_topk_018/ours_s3.json,/home/zhujjing/MOE-grad-conflict-routing/runs/paper_suite/single_gpu/single_task/deberta_rte_lora_e4_k2/hpo/ours/trial_runs/local_var_topk_018/ours_s3_curve.csv
ours,local_var_topk_019,2,0.7472924187725631,0.7256317689530686,0.7364620938628159,False,/home/zhujjing/MOE-grad-conflict-routing/runs/paper_suite/single_gpu/single_task/deberta_rte_lora_e4_k2/hpo/ours/trial_runs/local_var_topk_019/ours_s2.json,/home/zhujjing/MOE-grad-conflict-routing/runs/paper_suite/single_gpu/single_task/deberta_rte_lora_e4_k2/hpo/ours/trial_runs/local_var_topk_019/ours_s2_curve.csv
ours,local_var_topk_019,3,0.5270758122743683,0.4729241877256318,0.5,False,/home/zhujjing/MOE-grad-conflict-routing/runs/paper_suite/single_gpu/single_task/deberta_rte_lora_e4_k2/hpo/ours/trial_runs/local_var_topk_019/ours_s3.json,/home/zhujjing/MOE-grad-conflict-routing/runs/paper_suite/single_gpu/single_task/deberta_rte_lora_e4_k2/hpo/ours/trial_runs/local_var_topk_019/ours_s3_curve.csv
ours,local_var_topk_020,2,0.776173285198556,0.776173285198556,0.776173285198556,False,/home/zhujjing/MOE-grad-conflict-routing/runs/paper_suite/single_gpu/single_task/deberta_rte_lora_e4_k2/hpo/ours/trial_runs/local_var_topk_020/ours_s2.json,/home/zhujjing/MOE-grad-conflict-routing/runs/paper_suite/single_gpu/single_task/deberta_rte_lora_e4_k2/hpo/ours/trial_runs/local_var_topk_020/ours_s2_curve.csv
ours,local_var_topk_020,3,0.7364620938628159,0.6967509025270758,0.7166064981949458,False,/home/zhujjing/MOE-grad-conflict-routing/runs/paper_suite/single_gpu/single_task/deberta_rte_lora_e4_k2/hpo/ours/trial_runs/local_var_topk_020/ours_s3.json,/home/zhujjing/MOE-grad-conflict-routing/runs/paper_suite/single_gpu/single_task/deberta_rte_lora_e4_k2/hpo/ours/trial_runs/local_var_topk_020/ours_s3_curve.csv
ours,local_var_topk_021,2,0.740072202166065,0.740072202166065,0.740072202166065,False,/home/zhujjing/MOE-grad-conflict-routing/runs/paper_suite/single_gpu/single_task/deberta_rte_lora_e4_k2/hpo/ours/trial_runs/local_var_topk_021/ours_s2.json,/home/zhujjing/MOE-grad-conflict-routing/runs/paper_suite/single_gpu/single_task/deberta_rte_lora_e4_k2/hpo/ours/trial_runs/local_var_topk_021/ours_s2_curve.csv
ours,local_var_topk_021,3,0.7111913357400722,0.7111913357400722,0.7111913357400722,False,/home/zhujjing/MOE-grad-conflict-routing/runs/paper_suite/single_gpu/single_task/deberta_rte_lora_e4_k2/hpo/ours/trial_runs/local_var_topk_021/ours_s3.json,/home/zhujjing/MOE-grad-conflict-routing/runs/paper_suite/single_gpu/single_task/deberta_rte_lora_e4_k2/hpo/ours/trial_runs/local_var_topk_021/ours_s3_curve.csv
ours,local_var_topk_022,2,0.6389891696750902,0.555956678700361,0.5974729241877257,False,/home/zhujjing/MOE-grad-conflict-routing/runs/paper_suite/single_gpu/single_task/deberta_rte_lora_e4_k2/hpo/ours/trial_runs/local_var_topk_022/ours_s2.json,/home/zhujjing/MOE-grad-conflict-routing/runs/paper_suite/single_gpu/single_task/deberta_rte_lora_e4_k2/hpo/ours/trial_runs/local_var_topk_022/ours_s2_curve.csv
ours,local_var_topk_022,3,0.7978339350180506,0.7978339350180506,0.7978339350180506,False,/home/zhujjing/MOE-grad-conflict-routing/runs/paper_suite/single_gpu/single_task/deberta_rte_lora_e4_k2/hpo/ours/trial_runs/local_var_topk_022/ours_s3.json,/home/zhujjing/MOE-grad-conflict-routing/runs/paper_suite/single_gpu/single_task/deberta_rte_lora_e4_k2/hpo/ours/trial_runs/local_var_topk_022/ours_s3_curve.csv
ours,local_var_topk_023,2,0.7328519855595668,0.7328519855595668,0.7328519855595668,False,/home/zhujjing/MOE-grad-conflict-routing/runs/paper_suite/single_gpu/single_task/deberta_rte_lora_e4_k2/hpo/ours/trial_runs/local_var_topk_023/ours_s2.json,/home/zhujjing/MOE-grad-conflict-routing/runs/paper_suite/single_gpu/single_task/deberta_rte_lora_e4_k2/hpo/ours/trial_runs/local_var_topk_023/ours_s2_curve.csv
ours,local_var_topk_023,3,0.7509025270758123,0.7436823104693141,0.7472924187725631,False,/home/zhujjing/MOE-grad-conflict-routing/runs/paper_suite/single_gpu/single_task/deberta_rte_lora_e4_k2/hpo/ours/trial_runs/local_var_topk_023/ours_s3.json,/home/zhujjing/MOE-grad-conflict-routing/runs/paper_suite/single_gpu/single_task/deberta_rte_lora_e4_k2/hpo/ours/trial_runs/local_var_topk_023/ours_s3_curve.csv
ours,local_var_topk_024,2,0.6714801444043321,0.6714801444043321,0.6714801444043321,False,/home/zhujjing/MOE-grad-conflict-routing/runs/paper_suite/single_gpu/single_task/deberta_rte_lora_e4_k2/hpo/ours/trial_runs/local_var_topk_024/ours_s2.json,/home/zhujjing/MOE-grad-conflict-routing/runs/paper_suite/single_gpu/single_task/deberta_rte_lora_e4_k2/hpo/ours/trial_runs/local_var_topk_024/ours_s2_curve.csv
ours,local_var_topk_024,3,0.7509025270758123,0.7509025270758123,0.7509025270758123,False,/home/zhujjing/MOE-grad-conflict-routing/runs/paper_suite/single_gpu/single_task/deberta_rte_lora_e4_k2/hpo/ours/trial_runs/local_var_topk_024/ours_s3.json,/home/zhujjing/MOE-grad-conflict-routing/runs/paper_suite/single_gpu/single_task/deberta_rte_lora_e4_k2/hpo/ours/trial_runs/local_var_topk_024/ours_s3_curve.csv
ours,local_var_topk_025,2,0.8158844765342961,0.8158844765342961,0.8158844765342961,False,/home/zhujjing/MOE-grad-conflict-routing/runs/paper_suite/single_gpu/single_task/deberta_rte_lora_e4_k2/hpo/ours/trial_runs/local_var_topk_025/ours_s2.json,/home/zhujjing/MOE-grad-conflict-routing/runs/paper_suite/single_gpu/single_task/deberta_rte_lora_e4_k2/hpo/ours/trial_runs/local_var_topk_025/ours_s2_curve.csv
ours,local_var_topk_025,3,0.7942238267148014,0.7942238267148014,0.7942238267148014,False,/home/zhujjing/MOE-grad-conflict-routing/runs/paper_suite/single_gpu/single_task/deberta_rte_lora_e4_k2/hpo/ours/trial_runs/local_var_topk_025/ours_s3.json,/home/zhujjing/MOE-grad-conflict-routing/runs/paper_suite/single_gpu/single_task/deberta_rte_lora_e4_k2/hpo/ours/trial_runs/local_var_topk_025/ours_s3_curve.csv
ours,local_var_topk_026,2,0.7725631768953068,0.7725631768953068,0.7725631768953068,False,/home/zhujjing/MOE-grad-conflict-routing/runs/paper_suite/single_gpu/single_task/deberta_rte_lora_e4_k2/hpo/ours/trial_runs/local_var_topk_026/ours_s2.json,/home/zhujjing/MOE-grad-conflict-routing/runs/paper_suite/single_gpu/single_task/deberta_rte_lora_e4_k2/hpo/ours/trial_runs/local_var_topk_026/ours_s2_curve.csv
ours,local_var_topk_026,3,0.740072202166065,0.6967509025270758,0.7184115523465704,False,/home/zhujjing/MOE-grad-conflict-routing/runs/paper_suite/single_gpu/single_task/deberta_rte_lora_e4_k2/hpo/ours/trial_runs/local_var_topk_026/ours_s3.json,/home/zhujjing/MOE-grad-conflict-routing/runs/paper_suite/single_gpu/single_task/deberta_rte_lora_e4_k2/hpo/ours/trial_runs/local_var_topk_026/ours_s3_curve.csv
