step,train_step_loss,train_acc,train_loss,val_acc,val_loss,avg_intra_expert_coherence,expert_diversity_e0,expert_diversity_e1,expert_diversity_e2,expert_diversity_e3,expert_diversity_mean,expert_purity_e0,expert_purity_e1,expert_purity_e2,expert_purity_e3,expert_purity_mean,inter_expert_similarity,inter_expert_similarity_e0_e0,inter_expert_similarity_e0_e1,inter_expert_similarity_e0_e2,inter_expert_similarity_e0_e3,inter_expert_similarity_e1_e0,inter_expert_similarity_e1_e1,inter_expert_similarity_e1_e2,inter_expert_similarity_e1_e3,inter_expert_similarity_e2_e0,inter_expert_similarity_e2_e1,inter_expert_similarity_e2_e2,inter_expert_similarity_e2_e3,inter_expert_similarity_e3_e0,inter_expert_similarity_e3_e1,inter_expert_similarity_e3_e2,inter_expert_similarity_e3_e3,intra_expert_coherence_e0,intra_expert_coherence_e1,intra_expert_coherence_e2,intra_expert_coherence_e3,load_cv,load_max_min_ratio,overall_task_conflict_cos,router_entropy,router_load_e0,router_load_e1,router_load_e2,router_load_e3,task_acc__glue_rte,task_conflict_t0_t0,task_grad_norm_cv,task_loss__glue_rte,utilization_ratio
50.0,0.65497225522995,0.6132530120481928,0.6580646773370413,0.5776173285198556,0.6954145828882853,1.0,0.0,0.0,0.0,0.0,0.0,1.0,1.0,1.0,1.0,1.0,0.007869814783325048,1.0,0.0,0.0,0.0,0.0,1.0,0.0,0.0,0.0,0.0,1.0,0.04721888869995029,0.0,0.0,0.04721888869995029,1.0,1.0,1.0,1.0,1.0,1.0140267610549927,559424519538.8794,1.0,0.6846419224239859,0.0,0.0,0.440575510263443,0.5594245195388794,0.5776173285198556,1.0,0.0,0.6954145828882853,0.5
100.0,0.7297558784484863,0.6759036144578313,0.6121009876521735,0.592057761732852,0.6465458886490928,1.0,0.0,0.0,0.0,0.0,0.0,1.0,1.0,1.0,1.0,1.0,0.006012884966090928,1.0,0.0,0.0,0.0,0.0,1.0,0.0,0.0,0.0,0.0,1.0,0.03607730979654557,0.0,0.0,0.03607730979654557,1.0,1.0,1.0,1.0,1.0,1.0040442943572998,531829595565.7959,1.0,0.6885173553163825,0.0,0.0,0.4681703746318817,0.5318295955657959,0.592057761732852,1.0,0.0,0.6465458886490928,0.5
150.0,0.5449850410223007,0.7389558232931727,0.5554427535105975,0.6678700361010831,0.6038578483793471,1.0,0.0,0.0,0.0,0.0,0.0,1.0,1.0,1.0,1.0,1.0,0.003144958883543724,1.0,0.0,0.0,0.0,0.0,1.0,0.0,0.0,0.0,0.0,1.0,0.018869753301262344,0.0,0.0,0.018869753301262344,1.0,1.0,1.0,1.0,1.0,1.0984467502705455,660695731639.862,1.0,0.6388864456961731,0.0,0.0,0.3393040597438812,0.6606957316398621,0.6678700361010831,1.0,0.0,0.6038578483793471,0.5
