step,train_step_loss,train_acc,train_loss,val_acc,val_loss,avg_intra_expert_coherence,expert_diversity_e0,expert_diversity_e1,expert_diversity_e2,expert_diversity_e3,expert_diversity_mean,expert_purity_e0,expert_purity_e1,expert_purity_e2,expert_purity_e3,expert_purity_mean,inter_expert_similarity,inter_expert_similarity_e0_e0,inter_expert_similarity_e0_e1,inter_expert_similarity_e0_e2,inter_expert_similarity_e0_e3,inter_expert_similarity_e1_e0,inter_expert_similarity_e1_e1,inter_expert_similarity_e1_e2,inter_expert_similarity_e1_e3,inter_expert_similarity_e2_e0,inter_expert_similarity_e2_e1,inter_expert_similarity_e2_e2,inter_expert_similarity_e2_e3,inter_expert_similarity_e3_e0,inter_expert_similarity_e3_e1,inter_expert_similarity_e3_e2,inter_expert_similarity_e3_e3,intra_expert_coherence_e0,intra_expert_coherence_e1,intra_expert_coherence_e2,intra_expert_coherence_e3,load_cv,load_max_min_ratio,overall_task_conflict_cos,router_entropy,router_load_e0,router_load_e1,router_load_e2,router_load_e3,task_acc__glue_rte,task_conflict_t0_t0,task_grad_norm_cv,task_loss__glue_rte,utilization_ratio
50.0,0.6572232842445374,0.5016064257028112,0.6879141812905287,0.5270758122743683,0.6849565621879365,1.0,0.0,0.0,0.0,0.0,0.0,1.0,1.0,1.0,1.0,1.0,0.007066718588224736,1.0,0.0,0.0,0.0,0.0,1.0,0.0,0.0,0.0,0.0,1.0,0.042400311529348415,0.0,0.0,0.042400311529348415,1.0,1.0,1.0,1.0,1.0,0.9806039333343506,529004275798.7976,1.0,0.6911162383289544,0.012302895076572895,0.0,0.5290042757987976,0.45869290828704834,0.5270758122743683,1.0,0.0,0.6849565621879365,0.5
100.0,0.6835517287254333,0.6381526104417671,0.6825725178305919,0.5812274368231047,0.6850078437063429,1.0,0.0,0.0,0.0,0.0,0.0,1.0,1.0,1.0,1.0,1.0,0.005345443577743999,1.0,0.0,0.0,0.0,0.0,1.0,0.0,0.0,0.0,0.0,1.0,0.032072661466463995,0.0,0.0,0.032072661466463995,1.0,1.0,1.0,1.0,1.0,1.0073015689849854,542802572250.3662,1.0,0.6891068783908114,0.0,0.0,0.5428025722503662,0.4571974277496338,0.5812274368231047,1.0,0.0,0.6850078437063429,0.5
150.0,0.6878351271152496,0.6710843373493975,0.6754455287104998,0.6245487364620939,0.6816651274760565,1.0,0.0,0.0,0.0,0.0,0.0,1.0,1.0,1.0,1.0,1.0,0.0064833326210264886,1.0,0.0,0.0,0.0,0.0,1.0,0.0,0.0,0.0,0.0,1.0,0.03889999572615893,0.0,0.0,0.03889999572615893,1.0,1.0,1.0,1.0,1.0,1.0001484155654907,506090819835.66284,1.0,0.6926868418063498,0.0,0.0,0.5060908198356628,0.49390920996665955,0.6245487364620939,1.0,0.0,0.6816651274760565,0.5
