step,train_step_loss,train_acc,train_loss,val_acc,val_loss,avg_intra_expert_coherence,expert_diversity_e0,expert_diversity_e1,expert_diversity_e2,expert_diversity_e3,expert_diversity_mean,expert_purity_e0,expert_purity_e1,expert_purity_e2,expert_purity_e3,expert_purity_mean,inter_expert_similarity,inter_expert_similarity_e0_e0,inter_expert_similarity_e0_e1,inter_expert_similarity_e0_e2,inter_expert_similarity_e0_e3,inter_expert_similarity_e1_e0,inter_expert_similarity_e1_e1,inter_expert_similarity_e1_e2,inter_expert_similarity_e1_e3,inter_expert_similarity_e2_e0,inter_expert_similarity_e2_e1,inter_expert_similarity_e2_e2,inter_expert_similarity_e2_e3,inter_expert_similarity_e3_e0,inter_expert_similarity_e3_e1,inter_expert_similarity_e3_e2,inter_expert_similarity_e3_e3,intra_expert_coherence_e0,intra_expert_coherence_e1,intra_expert_coherence_e2,intra_expert_coherence_e3,load_cv,load_max_min_ratio,overall_task_conflict_cos,router_entropy,router_load_e0,router_load_e1,router_load_e2,router_load_e3,task_acc__glue_cola,task_acc__glue_mrpc,task_acc__glue_rte,task_conflict_t0_t0,task_conflict_t0_t1,task_conflict_t0_t2,task_conflict_t1_t0,task_conflict_t1_t1,task_conflict_t1_t2,task_conflict_t2_t0,task_conflict_t2_t1,task_conflict_t2_t2,task_grad_norm_cv,task_loss__glue_cola,task_loss__glue_mrpc,task_loss__glue_rte,utilization_ratio
1.0,0.650038997332255,0.625745881252294,0.6625510308489434,0.6160076283075439,0.6656611426797692,0.05286256661012104,0.9571843137697449,0.8870804120910243,0.9712071449250138,0.9199908027797393,0.9338656683913806,0.45084482431411743,0.5740183591842651,0.45447254180908203,0.5131563544273376,0.49812301993370056,0.04381724805713868,1.0,0.02242535049621727,0.04357497548589228,0.04695074614358968,0.02242535049621727,1.0,0.055918431428498755,0.05622110954723638,0.04357497548589228,0.055918431428498755,1.0,0.037812875241397655,0.04695074614358968,0.05622110954723638,0.037812875241397655,1.0,-0.03139786607138708,0.08302298668102126,0.27829467070577624,-0.11846952487492628,0.06293877219423916,1.1707298897108558,0.030587067426295095,1.356974935779969,0.27248722314834595,0.2566917836666107,0.23274986445903778,0.23807105422019958,0.6912751677852349,0.6838235294117647,0.4729241877256318,1.0,0.7254901649887768,-0.4196863582076114,0.7254901649887768,1.0,-0.21404260450228013,-0.4196863582076114,-0.21404260450228013,1.0,0.35422104933053244,0.6377184081623573,0.6462393496550766,0.7130256702218737,1.0
