step,train_step_loss,train_acc,train_loss,val_acc,val_loss,router_entropy,router_load_e0,router_load_e1,router_load_e2,router_load_e3
30.0,0.6384644011656443,0.6497316530709031,0.6165473090972592,0.6313842907679712,0.6234765576658726,0.661418668028933,0.1885501891374588,0.2139921486377716,0.02889300510287285,0.5685648322105408
50.0,0.6436763256788254,0.6572509959399065,0.5969990920782086,0.6415168579970452,0.6054557218075507,0.6662541431961236,0.21016091108322144,0.20985831320285797,0.03920808061957359,0.5407727956771851
