step,train_step_loss,train_acc,train_loss,val_acc,val_loss,router_entropy,router_load_e0,router_load_e1,router_load_e2,router_load_e3
30.0,0.6604586144288381,0.6331634508587237,0.6505129942152259,0.6226112065902286,0.6545806189981155,0.6835903696439884,0.31799042224884033,0.17066709697246552,0.5110860466957092,0.0002563712769187987
50.0,0.6069856534401575,0.6460299628851558,0.6355647753453387,0.6336996169501324,0.638243649012237,0.6827029497535141,0.2948596477508545,0.19084633886814117,0.5140366554260254,0.00025758022093214095
