step,train_step_loss,train_acc,train_loss,val_acc,val_loss,router_entropy,router_load_e0,router_load_e1,router_load_e2,router_load_e3
30.0,0.6751744945844015,0.6276092299336699,0.6399676784514868,0.6164022134912163,0.6479831533100092,0.6843059856306624,0.006725206971168518,0.325183242559433,0.24933336675167084,0.4187580347061157
50.0,0.6301628351211548,0.6278847450535011,0.6287080508707973,0.6169664010783972,0.6365935027103978,0.6835765295006611,0.00738200219348073,0.3258002698421478,0.24976295232772827,0.4170547425746918
