step,train_step_loss,train_acc,train_loss,val_acc,val_loss,avg_intra_expert_coherence,expert_diversity_e0,expert_diversity_e1,expert_diversity_e2,expert_diversity_e3,expert_diversity_mean,expert_purity_e0,expert_purity_e1,expert_purity_e2,expert_purity_e3,expert_purity_mean,inter_expert_similarity,inter_expert_similarity_e0_e0,inter_expert_similarity_e0_e1,inter_expert_similarity_e0_e2,inter_expert_similarity_e0_e3,inter_expert_similarity_e1_e0,inter_expert_similarity_e1_e1,inter_expert_similarity_e1_e2,inter_expert_similarity_e1_e3,inter_expert_similarity_e2_e0,inter_expert_similarity_e2_e1,inter_expert_similarity_e2_e2,inter_expert_similarity_e2_e3,inter_expert_similarity_e3_e0,inter_expert_similarity_e3_e1,inter_expert_similarity_e3_e2,inter_expert_similarity_e3_e3,intra_expert_coherence_e0,intra_expert_coherence_e1,intra_expert_coherence_e2,intra_expert_coherence_e3,load_cv,load_max_min_ratio,overall_task_conflict_cos,router_entropy,router_load_e0,router_load_e1,router_load_e2,router_load_e3,task_acc__glue_mrpc,task_conflict_t0_t0,task_grad_norm_cv,task_loss__glue_mrpc,utilization_ratio
50.0,0.47809699177742004,0.809432933478735,0.4456614734362001,0.8406862745098039,0.44086571897451693,1.0,0.0,0.0,0.0,0.0,0.0,1.0,1.0,1.0,1.0,1.0,-0.04330269393773332,1.0,0.1723862982005181,-0.09130045489129054,0.1161510724581586,0.1723862982005181,1.0,0.07003421042939824,-0.20161569461295617,-0.09130045489129054,0.07003421042939824,1.0,-0.3254715952102281,0.1161510724581586,-0.20161569461295617,-0.3254715952102281,1.0,1.0,1.0,1.0,1.0,0.28134617583110044,2.3339809855391,1.0,1.3333243786119948,0.2541789710521698,0.2489057183265686,0.14904561638832092,0.3478696346282959,0.8406862745098039,1.0,0.0,0.44086571897451693,1.0
100.0,0.28185131400823593,0.8773173391494002,0.2889861559414345,0.8553921568627451,0.31775713862421423,1.0,0.0,0.0,0.0,0.0,0.0,1.0,1.0,1.0,1.0,1.0,-0.06255945905533333,1.0,-0.11643061578659121,-0.07647753411872944,0.005992140785508182,-0.11643061578659121,1.0,-0.3195270364057792,0.010095137895838843,-0.07647753411872944,-0.3195270364057792,1.0,0.1209911532977528,0.005992140785508182,0.010095137895838843,0.1209911532977528,1.0,1.0,1.0,1.0,1.0,0.21210353528219042,1.8520677555750011,1.0,1.3434297524246515,0.2973784804344177,0.26330113410949707,0.16056565940380096,0.2787548005580902,0.8553921568627451,1.0,0.0,0.31775713862421423,1.0
