step,train_step_loss,train_acc,train_loss,val_acc,val_loss,avg_intra_expert_coherence,expert_diversity_e0,expert_diversity_e1,expert_diversity_e2,expert_diversity_e3,expert_diversity_mean,expert_purity_e0,expert_purity_e1,expert_purity_e2,expert_purity_e3,expert_purity_mean,inter_expert_similarity,inter_expert_similarity_e0_e0,inter_expert_similarity_e0_e1,inter_expert_similarity_e0_e2,inter_expert_similarity_e0_e3,inter_expert_similarity_e1_e0,inter_expert_similarity_e1_e1,inter_expert_similarity_e1_e2,inter_expert_similarity_e1_e3,inter_expert_similarity_e2_e0,inter_expert_similarity_e2_e1,inter_expert_similarity_e2_e2,inter_expert_similarity_e2_e3,inter_expert_similarity_e3_e0,inter_expert_similarity_e3_e1,inter_expert_similarity_e3_e2,inter_expert_similarity_e3_e3,intra_expert_coherence_e0,intra_expert_coherence_e1,intra_expert_coherence_e2,intra_expert_coherence_e3,load_cv,load_max_min_ratio,overall_task_conflict_cos,router_entropy,router_load_e0,router_load_e1,router_load_e2,router_load_e3,task_acc__glue_mrpc,task_conflict_t0_t0,task_grad_norm_cv,task_loss__glue_mrpc,utilization_ratio
50.0,0.3742542862892151,0.7958015267175572,0.42818682430231053,0.7941176470588235,0.4242928351920385,1.0,0.0,0.0,0.0,0.0,0.0,1.0,1.0,1.0,1.0,1.0,-0.0237529173335269,1.0,-0.4091452818030528,0.3747734733512117,-0.3824879458115484,-0.4091452818030528,1.0,-0.16119104334203688,0.4471387796774952,0.3747734733512117,-0.16119104334203688,1.0,-0.011605486073230283,-0.3824879458115484,0.4471387796774952,-0.011605486073230283,1.0,1.0,1.0,1.0,1.0,0.3908072942976531,2.6382051843144545,1.0,1.2643539812050613,0.1737557351589203,0.2784765660762787,0.3972077965736389,0.15055985748767853,0.7941176470588235,1.0,0.0,0.4242928351920385,1.0
100.0,0.30786749720573425,0.8838604143947656,0.2905964634421727,0.8700980392156863,0.3124739291289678,1.0,0.0,0.0,0.0,0.0,0.0,1.0,1.0,1.0,1.0,1.0,-0.1145342972886317,1.0,-0.14083814164924172,-0.0325537213065458,0.3226246985896463,-0.14083814164924172,1.0,-0.5312969400827362,-0.1971730631044092,-0.0325537213065458,-0.5312969400827362,1.0,-0.10796861617850356,0.3226246985896463,-0.1971730631044092,-0.10796861617850356,1.0,1.0,1.0,1.0,1.0,0.40438841063769054,3.2004829807023585,1.0,1.2306902642343558,0.2519669234752655,0.2145145982503891,0.40650475025177,0.12701356410980225,0.8700980392156863,1.0,0.0,0.3124739291289678,1.0
