step,train_step_loss,train_acc,train_loss,val_acc,val_loss,avg_intra_expert_coherence,expert_diversity_e0,expert_diversity_e1,expert_diversity_e2,expert_diversity_e3,expert_diversity_mean,expert_purity_e0,expert_purity_e1,expert_purity_e2,expert_purity_e3,expert_purity_mean,inter_expert_similarity,inter_expert_similarity_e0_e0,inter_expert_similarity_e0_e1,inter_expert_similarity_e0_e2,inter_expert_similarity_e0_e3,inter_expert_similarity_e1_e0,inter_expert_similarity_e1_e1,inter_expert_similarity_e1_e2,inter_expert_similarity_e1_e3,inter_expert_similarity_e2_e0,inter_expert_similarity_e2_e1,inter_expert_similarity_e2_e2,inter_expert_similarity_e2_e3,inter_expert_similarity_e3_e0,inter_expert_similarity_e3_e1,inter_expert_similarity_e3_e2,inter_expert_similarity_e3_e3,intra_expert_coherence_e0,intra_expert_coherence_e1,intra_expert_coherence_e2,intra_expert_coherence_e3,load_cv,load_max_min_ratio,overall_task_conflict_cos,router_entropy,router_load_e0,router_load_e1,router_load_e2,router_load_e3,task_acc__glue_mrpc,task_conflict_t0_t0,task_grad_norm_cv,task_loss__glue_mrpc,utilization_ratio
50.0,0.5433236658573151,0.6744820065430752,0.6342166756806167,0.6838235294117647,0.629807592011415,1.0,0.0,0.0,0.0,0.0,0.0,1.0,1.0,1.0,1.0,1.0,0.006855760286205587,1.0,0.04113456171723352,0.0,0.0,0.04113456171723352,1.0,0.0,0.0,0.0,0.0,1.0,0.0,0.0,0.0,0.0,1.0,1.0,1.0,1.0,1.0,1.0029548406600952,527199327945.7092,1.0,0.6916667819023132,0.4728006422519684,0.5271993279457092,0.0,0.0,0.6838235294117647,1.0,0.0,0.629807592011415,0.5
100.0,0.6689867079257965,0.6744820065430752,0.6383770951758261,0.6838235294117647,0.6350612416863441,1.0,0.0,0.0,0.0,0.0,0.0,1.0,1.0,1.0,1.0,1.0,0.00589282096250034,1.0,0.03535692577500204,0.0,0.0,0.03535692577500204,1.0,0.0,0.0,0.0,0.0,1.0,0.0,0.0,0.0,0.0,1.0,1.0,1.0,1.0,1.0,1.027088584130322,582848370075.2258,1.0,0.6793559462416405,0.4171515703201294,0.5828483700752258,0.0,0.0,0.6838235294117647,1.0,0.0,0.6350612416863441,0.5
150.0,0.6564675271511078,0.6744820065430752,0.6346308129637138,0.6838235294117647,0.6291826699788754,1.0,0.0,0.0,0.0,0.0,0.0,1.0,1.0,1.0,1.0,1.0,0.007112348557229812,1.0,0.04267409134337887,0.0,0.0,0.04267409134337887,1.0,0.0,0.0,0.0,0.0,1.0,0.0,0.0,0.0,0.0,1.0,1.0,1.0,1.0,1.0,1.0370109125388756,597076892852.7832,1.0,0.6741790397494447,0.40292301774024963,0.5970768928527832,0.0,0.0,0.6838235294117647,1.0,0.0,0.6291826699788754,0.5
