step,train_step_loss,train_acc,train_loss,val_acc,val_loss,avg_intra_expert_coherence,expert_diversity_e0,expert_diversity_e1,expert_diversity_e2,expert_diversity_e3,expert_diversity_mean,expert_purity_e0,expert_purity_e1,expert_purity_e2,expert_purity_e3,expert_purity_mean,inter_expert_similarity,inter_expert_similarity_e0_e0,inter_expert_similarity_e0_e1,inter_expert_similarity_e0_e2,inter_expert_similarity_e0_e3,inter_expert_similarity_e1_e0,inter_expert_similarity_e1_e1,inter_expert_similarity_e1_e2,inter_expert_similarity_e1_e3,inter_expert_similarity_e2_e0,inter_expert_similarity_e2_e1,inter_expert_similarity_e2_e2,inter_expert_similarity_e2_e3,inter_expert_similarity_e3_e0,inter_expert_similarity_e3_e1,inter_expert_similarity_e3_e2,inter_expert_similarity_e3_e3,intra_expert_coherence_e0,intra_expert_coherence_e1,intra_expert_coherence_e2,intra_expert_coherence_e3,load_cv,load_max_min_ratio,overall_task_conflict_cos,router_entropy,router_load_e0,router_load_e1,router_load_e2,router_load_e3,task_acc__glue_mrpc,task_conflict_t0_t0,task_grad_norm_cv,task_loss__glue_mrpc,utilization_ratio
50.0,0.5691089630126953,0.6744820065430752,0.6313648678038432,0.6838235294117647,0.6268601457660015,1.0,0.0,0.0,0.0,0.0,0.0,1.0,1.0,1.0,1.0,1.0,0.005099842352082286,1.0,0.0,0.0,0.030599054112493716,0.0,1.0,0.0,0.0,0.0,0.0,1.0,0.0,0.030599054112493716,0.0,0.0,1.0,1.0,1.0,1.0,1.0,1.0091758966445923,548004984855.65186,1.0,0.6885311334740882,0.5480049848556519,0.0,0.0,0.4519950747489929,0.6838235294117647,1.0,0.0,0.6268601457660015,0.5
100.0,0.6597528159618378,0.6744820065430752,0.6484322238227596,0.6838235294117647,0.6451437679620889,1.0,0.0,0.0,0.0,0.0,0.0,1.0,1.0,1.0,1.0,1.0,0.005344722520484908,1.0,0.0,0.0,0.03206833512290945,0.0,1.0,0.0,0.0,0.0,0.0,1.0,0.0,0.03206833512290945,0.0,0.0,1.0,1.0,1.0,1.0,1.0,1.0464194444667962,608968794345.8557,1.0,0.669207094931135,0.6089687943458557,0.0,0.0,0.3910311460494995,0.6838235294117647,1.0,0.0,0.6451437679620889,0.5
150.0,0.6224280595779419,0.6744820065430752,0.6328747214182563,0.6838235294117647,0.6281559490240537,1.0,0.0,0.0,0.0,0.0,0.0,1.0,1.0,1.0,1.0,1.0,0.0067345896995826444,1.0,0.0,0.0,0.04040753819749587,0.0,1.0,0.0,0.0,0.0,0.0,1.0,0.0,0.04040753819749587,0.0,0.0,1.0,1.0,1.0,1.0,1.0,1.0046420097351074,534105658531.18896,1.0,0.6908189829658059,0.534105658531189,0.0,0.0,0.4658944010734558,0.6838235294117647,1.0,0.0,0.6281559490240537,0.5
