step,train_step_loss,train_acc,train_loss,val_acc,val_loss,avg_intra_expert_coherence,expert_diversity_e0,expert_diversity_e1,expert_diversity_e2,expert_diversity_e3,expert_diversity_mean,expert_purity_e0,expert_purity_e1,expert_purity_e2,expert_purity_e3,expert_purity_mean,inter_expert_similarity,inter_expert_similarity_e0_e0,inter_expert_similarity_e0_e1,inter_expert_similarity_e0_e2,inter_expert_similarity_e0_e3,inter_expert_similarity_e1_e0,inter_expert_similarity_e1_e1,inter_expert_similarity_e1_e2,inter_expert_similarity_e1_e3,inter_expert_similarity_e2_e0,inter_expert_similarity_e2_e1,inter_expert_similarity_e2_e2,inter_expert_similarity_e2_e3,inter_expert_similarity_e3_e0,inter_expert_similarity_e3_e1,inter_expert_similarity_e3_e2,inter_expert_similarity_e3_e3,intra_expert_coherence_e0,intra_expert_coherence_e1,intra_expert_coherence_e2,intra_expert_coherence_e3,load_cv,load_max_min_ratio,overall_task_conflict_cos,router_entropy,router_load_e0,router_load_e1,router_load_e2,router_load_e3,task_acc__glue_rte,task_conflict_t0_t0,task_grad_norm_cv,task_loss__glue_rte,utilization_ratio
50.0,0.6116827726364136,0.5016064257028112,0.6954172947467901,0.5270758122743683,0.6863177170356115,1.0,0.0,0.0,0.0,0.0,0.0,1.0,1.0,1.0,1.0,1.0,-0.002622072617178136,1.0,0.0,0.0,0.0,0.0,1.0,0.0,-0.015732435703068814,0.0,0.0,1.0,0.0,0.0,-0.015732435703068814,0.0,1.0,1.0,1.0,1.0,1.0,1.031130313873291,588902890682.2205,1.0,0.6769830689963882,0.0,0.5889028906822205,0.0,0.41109710931777954,0.5270758122743683,1.0,0.0,0.6863177170356115,0.5
100.0,0.6568505167961121,0.6409638554216868,0.6467361635122544,0.5992779783393501,0.66663182940748,1.0,0.0,0.0,0.0,0.0,0.0,1.0,1.0,1.0,1.0,1.0,-0.001741268920130225,1.0,0.0,0.0,0.0,0.0,1.0,0.0,-0.01044761352078135,0.0,0.0,1.0,0.0,0.0,-0.01044761352078135,0.0,1.0,1.0,1.0,1.0,1.0,1.0252282619476318,579916477203.3691,1.0,0.6798944060122494,0.0,0.5799164772033691,0.0,0.42008349299430847,0.5992779783393501,1.0,0.0,0.66663182940748,0.5
150.0,0.6360140144824982,0.6811244979919678,0.6267619694272677,0.6462093862815884,0.6443692677550845,1.0,0.0,0.0,0.0,0.0,0.0,1.0,1.0,1.0,1.0,1.0,0.02198375710900953,1.0,0.0,0.0,0.0,0.0,1.0,0.0,0.13190254265405718,0.0,0.0,1.0,0.0,0.0,0.13190254265405718,0.0,1.0,1.0,1.0,1.0,1.0,1.0244712800417806,578693568706.5125,1.0,0.6803137412570444,0.0,0.5786935687065125,0.0,0.4213065207004547,0.6462093862815884,1.0,0.0,0.6443692677550845,0.5
