step,train_step_loss,train_acc,train_loss,val_acc,val_loss,avg_intra_expert_coherence,expert_diversity_e0,expert_diversity_e1,expert_diversity_e2,expert_diversity_e3,expert_diversity_mean,expert_purity_e0,expert_purity_e1,expert_purity_e2,expert_purity_e3,expert_purity_mean,inter_expert_similarity,inter_expert_similarity_e0_e0,inter_expert_similarity_e0_e1,inter_expert_similarity_e0_e2,inter_expert_similarity_e0_e3,inter_expert_similarity_e1_e0,inter_expert_similarity_e1_e1,inter_expert_similarity_e1_e2,inter_expert_similarity_e1_e3,inter_expert_similarity_e2_e0,inter_expert_similarity_e2_e1,inter_expert_similarity_e2_e2,inter_expert_similarity_e2_e3,inter_expert_similarity_e3_e0,inter_expert_similarity_e3_e1,inter_expert_similarity_e3_e2,inter_expert_similarity_e3_e3,intra_expert_coherence_e0,intra_expert_coherence_e1,intra_expert_coherence_e2,intra_expert_coherence_e3,load_cv,load_max_min_ratio,overall_task_conflict_cos,router_entropy,router_load_e0,router_load_e1,router_load_e2,router_load_e3,task_acc__glue_rte,task_conflict_t0_t0,task_grad_norm_cv,task_loss__glue_rte,utilization_ratio
50.0,0.677686482667923,0.6132530120481928,0.6693412757836855,0.5992779783393501,0.6791786634259753,1.0,0.0,0.0,0.0,0.0,0.0,1.0,1.0,1.0,1.0,1.0,0.020152626368190336,1.0,0.0,0.0,0.0,0.0,1.0,0.12091575820914201,0.0,0.0,0.12091575820914201,1.0,0.0,0.0,0.0,0.0,1.0,1.0,1.0,1.0,1.0,1.0000051259994507,501125693321.228,1.0,0.6922963758668315,0.0,0.498874306678772,0.501125693321228,0.0,0.5992779783393501,1.0,0.0,0.6791786634259753,0.5
100.0,0.7720052897930145,0.6895582329317269,0.5917664067103312,0.6606498194945848,0.6297521947158707,1.0,0.0,0.0,0.0,0.0,0.0,1.0,1.0,1.0,1.0,1.0,0.02494015985551848,1.0,0.0,0.0,0.0,0.0,1.0,0.14964095913311087,0.0,0.0,0.14964095913311087,1.0,0.0,0.0,0.0,0.0,1.0,1.0,1.0,1.0,1.0,0.9722514152526855,496580600738.5254,1.0,0.6917738225916232,0.014001483097672462,0.4965806007385254,0.4894178807735443,0.0,0.6606498194945848,1.0,0.0,0.6297521947158707,0.5
150.0,0.6092861890792847,0.7477911646586345,0.560431914165234,0.6498194945848376,0.6091550944579972,1.0,0.0,0.0,0.0,0.0,0.0,1.0,1.0,1.0,1.0,1.0,0.015630206549482578,1.0,0.0,0.0,0.0,0.0,1.0,0.09378123929689547,0.0,0.0,0.09378123929689547,1.0,0.0,0.0,0.0,0.0,1.0,1.0,1.0,1.0,1.0,1.0010267496109009,516025304794.3115,1.0,0.6915037829953411,0.0,0.48397475481033325,0.5160253047943115,0.0,0.6498194945848376,1.0,0.0,0.6091550944579972,0.5
