step,train_step_loss,train_acc,train_loss,val_acc,val_loss,avg_intra_expert_coherence,expert_diversity_e0,expert_diversity_e1,expert_diversity_e2,expert_diversity_e3,expert_diversity_mean,expert_purity_e0,expert_purity_e1,expert_purity_e2,expert_purity_e3,expert_purity_mean,inter_expert_similarity,inter_expert_similarity_e0_e0,inter_expert_similarity_e0_e1,inter_expert_similarity_e0_e2,inter_expert_similarity_e0_e3,inter_expert_similarity_e1_e0,inter_expert_similarity_e1_e1,inter_expert_similarity_e1_e2,inter_expert_similarity_e1_e3,inter_expert_similarity_e2_e0,inter_expert_similarity_e2_e1,inter_expert_similarity_e2_e2,inter_expert_similarity_e2_e3,inter_expert_similarity_e3_e0,inter_expert_similarity_e3_e1,inter_expert_similarity_e3_e2,inter_expert_similarity_e3_e3,intra_expert_coherence_e0,intra_expert_coherence_e1,intra_expert_coherence_e2,intra_expert_coherence_e3,load_cv,load_max_min_ratio,overall_task_conflict_cos,router_entropy,router_load_e0,router_load_e1,router_load_e2,router_load_e3,task_acc__glue_rte,task_conflict_t0_t0,task_grad_norm_cv,task_loss__glue_rte,utilization_ratio
50.0,0.5546507239341736,0.5409638554216868,0.6807793041452384,0.5270758122743683,0.6759235916866196,1.0,0.0,0.0,0.0,0.0,0.0,1.0,1.0,1.0,1.0,1.0,0.004976835867263858,1.0,0.0,0.0,0.0,0.0,1.0,0.029861015203583148,0.0,0.0,0.029861015203583148,1.0,0.0,0.0,0.0,0.0,1.0,1.0,1.0,1.0,1.0,0.9985104203224182,98.90462738338482,1.0,0.6698695391093781,0.006054695229977369,0.5988373756408691,0.3744123578071594,0.020695626735687256,0.5270758122743683,1.0,0.0,0.6759235916866196,0.5
100.0,0.6818053424358368,0.6152610441767068,0.6404902132848899,0.5523465703971119,0.683561427725686,1.0,0.0,0.0,0.0,0.0,0.0,1.0,1.0,1.0,1.0,1.0,0.009081708527678657,1.0,0.0,0.0,0.0,0.0,1.0,0.05449025116607194,0.0,0.0,0.05449025116607194,1.0,0.0,0.0,0.0,0.0,1.0,1.0,1.0,1.0,1.0,1.056968990383684,624820172786.7126,1.0,0.6601967863227486,0.0,0.6248201727867126,0.3726785480976105,0.0025012153200805187,0.5523465703971119,1.0,0.0,0.683561427725686,0.5
150.0,0.6154276728630066,0.7248995983935743,0.5571687374550562,0.6678700361010831,0.597943107287089,1.0,0.0,0.0,0.0,0.0,0.0,1.0,1.0,1.0,1.0,1.0,0.0103563589646222,1.0,0.0,0.0,0.0,0.0,1.0,0.0621381537877332,0.0,0.0,0.0621381537877332,1.0,0.0,0.0,0.0,0.0,1.0,1.0,1.0,1.0,1.0,1.0003210306167603,508960247039.7949,1.0,0.6725584556910105,0.0,0.4910397231578827,0.5089602470397949,0.0,0.6678700361010831,1.0,0.0,0.597943107287089,0.5
