step,train_step_loss,train_acc,train_loss,val_acc,val_loss,avg_intra_expert_coherence,expert_diversity_e0,expert_diversity_e1,expert_diversity_e2,expert_diversity_e3,expert_diversity_mean,expert_purity_e0,expert_purity_e1,expert_purity_e2,expert_purity_e3,expert_purity_mean,inter_expert_similarity,inter_expert_similarity_e0_e0,inter_expert_similarity_e0_e1,inter_expert_similarity_e0_e2,inter_expert_similarity_e0_e3,inter_expert_similarity_e1_e0,inter_expert_similarity_e1_e1,inter_expert_similarity_e1_e2,inter_expert_similarity_e1_e3,inter_expert_similarity_e2_e0,inter_expert_similarity_e2_e1,inter_expert_similarity_e2_e2,inter_expert_similarity_e2_e3,inter_expert_similarity_e3_e0,inter_expert_similarity_e3_e1,inter_expert_similarity_e3_e2,inter_expert_similarity_e3_e3,intra_expert_coherence_e0,intra_expert_coherence_e1,intra_expert_coherence_e2,intra_expert_coherence_e3,load_cv,load_max_min_ratio,overall_task_conflict_cos,router_entropy,router_load_e0,router_load_e1,router_load_e2,router_load_e3,task_acc__glue_mrpc,task_conflict_t0_t0,task_grad_norm_cv,task_loss__glue_mrpc,utilization_ratio
50.0,0.43937617540359497,0.8257906215921483,0.41303784837541374,0.8308823529411765,0.42588476120279384,1.0,0.0,0.0,0.0,0.0,0.0,1.0,1.0,1.0,1.0,1.0,0.03112848479195388,1.0,-0.0461420135906027,0.2902032854759672,-0.24711714024311127,-0.0461420135906027,1.0,0.010538464419531594,0.2633648323207173,0.2902032854759672,0.010538464419531594,1.0,-0.0840765196307788,-0.24711714024311127,0.2633648323207173,-0.0840765196307788,1.0,1.0,1.0,1.0,1.0,0.2854381799697876,2.0877653429686576,1.0,1.3257181644439697,0.1542719602584839,0.31534460186958313,0.32208365201950073,0.20829972624778748,0.8308823529411765,1.0,0.0,0.42588476120279384,1.0
100.0,0.17915569245815277,0.8972191930207197,0.2612058446418656,0.8627450980392157,0.30412471491413623,1.0,0.0,0.0,0.0,0.0,0.0,1.0,1.0,1.0,1.0,1.0,0.14442969288174887,1.0,0.2769972237141301,-0.0958535213235484,0.11204869552016133,0.2769972237141301,1.0,0.2583932944292861,0.5310641271904757,-0.0958535213235484,0.2583932944292861,1.0,-0.21607166224001156,0.11204869552016133,0.5310641271904757,-0.21607166224001156,1.0,1.0,1.0,1.0,1.0,0.29526056619051494,1.8830885464407914,1.0,1.3269354011498244,0.17812825739383698,0.32843929529190063,0.3190171718597412,0.1744152158498764,0.8627450980392157,1.0,0.0,0.30412471491413623,1.0
