step,train_step_loss,train_acc,train_loss,val_acc,val_loss,avg_intra_expert_coherence,expert_diversity_e0,expert_diversity_e1,expert_diversity_e2,expert_diversity_e3,expert_diversity_mean,expert_purity_e0,expert_purity_e1,expert_purity_e2,expert_purity_e3,expert_purity_mean,inter_expert_similarity,inter_expert_similarity_e0_e0,inter_expert_similarity_e0_e1,inter_expert_similarity_e0_e2,inter_expert_similarity_e0_e3,inter_expert_similarity_e1_e0,inter_expert_similarity_e1_e1,inter_expert_similarity_e1_e2,inter_expert_similarity_e1_e3,inter_expert_similarity_e2_e0,inter_expert_similarity_e2_e1,inter_expert_similarity_e2_e2,inter_expert_similarity_e2_e3,inter_expert_similarity_e3_e0,inter_expert_similarity_e3_e1,inter_expert_similarity_e3_e2,inter_expert_similarity_e3_e3,intra_expert_coherence_e0,intra_expert_coherence_e1,intra_expert_coherence_e2,intra_expert_coherence_e3,load_cv,load_max_min_ratio,overall_task_conflict_cos,router_entropy,router_load_e0,router_load_e1,router_load_e2,router_load_e3,task_acc__glue_mrpc,task_conflict_t0_t0,task_grad_norm_cv,task_loss__glue_mrpc,utilization_ratio
50.0,0.597446084022522,0.7041984732824428,0.5437728248212649,0.7058823529411765,0.5341567454429773,1.0,0.0,0.0,0.0,0.0,0.0,1.0,1.0,1.0,1.0,1.0,0.03799855260580122,1.0,0.0,0.0,0.0,0.0,1.0,0.22799131563480732,0.0,0.0,0.22799131563480732,1.0,0.0,0.0,0.0,0.0,1.0,1.0,1.0,1.0,1.0,1.0000022649765015,500743150711.0596,1.0,0.6928005066572451,0.0,0.5007431507110596,0.4992568790912628,0.0,0.7058823529411765,1.0,0.0,0.5341567454429773,0.5
100.0,0.524684339761734,0.789258451472192,0.4824959729676661,0.7965686274509803,0.4713513914209146,1.0,0.0,0.0,0.0,0.0,0.0,1.0,1.0,1.0,1.0,1.0,0.020502401737326155,1.0,0.0,0.0,0.0,0.0,1.0,0.12301441042395693,0.0,0.0,0.12301441042395693,1.0,0.0,0.0,0.0,0.0,1.0,1.0,1.0,1.0,1.0,1.006993055343628,541885197162.6282,1.0,0.6883000661345089,0.0,0.5418851971626282,0.4581148028373718,0.0,0.7965686274509803,1.0,0.0,0.4713513914209146,0.5
150.0,0.5457676202058792,0.829062159214831,0.39082747773955695,0.8308823529411765,0.41411352114608657,1.0,0.0,0.0,0.0,0.0,0.0,1.0,1.0,1.0,1.0,1.0,-0.07297286913118206,1.0,0.0,0.0,0.0,0.0,1.0,-0.43783721478709237,0.0,0.0,-0.43783721478709237,1.0,0.0,0.0,0.0,0.0,1.0,1.0,1.0,1.0,1.0,0.9826561212539673,519601523876.1902,1.0,0.6913542151451111,0.0,0.5196015238761902,0.470444917678833,0.009953530505299568,0.8308823529411765,1.0,0.0,0.41411352114608657,0.5
