step,train_step_loss,train_acc,train_loss,val_acc,val_loss,avg_intra_expert_coherence,expert_diversity_e0,expert_diversity_e1,expert_diversity_e2,expert_diversity_e3,expert_diversity_mean,expert_purity_e0,expert_purity_e1,expert_purity_e2,expert_purity_e3,expert_purity_mean,inter_expert_similarity,inter_expert_similarity_e0_e0,inter_expert_similarity_e0_e1,inter_expert_similarity_e0_e2,inter_expert_similarity_e0_e3,inter_expert_similarity_e1_e0,inter_expert_similarity_e1_e1,inter_expert_similarity_e1_e2,inter_expert_similarity_e1_e3,inter_expert_similarity_e2_e0,inter_expert_similarity_e2_e1,inter_expert_similarity_e2_e2,inter_expert_similarity_e2_e3,inter_expert_similarity_e3_e0,inter_expert_similarity_e3_e1,inter_expert_similarity_e3_e2,inter_expert_similarity_e3_e3,intra_expert_coherence_e0,intra_expert_coherence_e1,intra_expert_coherence_e2,intra_expert_coherence_e3,load_cv,load_max_min_ratio,overall_task_conflict_cos,router_entropy,router_load_e0,router_load_e1,router_load_e2,router_load_e3,task_acc__glue_sst2,task_conflict_t0_t0,task_grad_norm_cv,task_loss__glue_sst2,utilization_ratio
50.0,0.5612976849079132,0.8747717115324652,0.3748097256949778,0.8692660550458715,0.371722236411138,1.0,0.0,0.0,0.0,0.0,0.0,1.0,1.0,1.0,1.0,1.0,0.0161650380065228,1.0,0.0,0.0,0.0,0.0,1.0,0.0,0.0,0.0,0.0,1.0,0.09699022803913679,0.0,0.0,0.09699022803913679,1.0,1.0,1.0,1.0,1.0,0.909340061984077,516746997833.25195,1.0,0.6719006737437817,0.05066756531596184,0.0,0.4325852394104004,0.516746997833252,0.8692660550458715,1.0,0.0,0.371722236411138,0.5
100.0,0.3866777718067169,0.881898766128673,0.29667518014451066,0.9059633027522935,0.2621764229779894,1.0,0.0,0.0,0.0,0.0,0.0,1.0,1.0,1.0,1.0,1.0,0.04378118608895879,1.0,0.0,0.0,0.0,0.0,1.0,0.0,0.0,0.0,0.0,1.0,0.26268711653375276,0.0,0.0,0.26268711653375276,1.0,1.0,1.0,1.0,1.0,1.0041056277814882,532070219516.75415,1.0,0.6752416032169937,0.0,0.0,0.4679297208786011,0.5320702195167542,0.9059633027522935,1.0,0.0,0.2621764229779894,0.5
150.0,0.10736502707004547,0.8966874044158042,0.31264545984683456,0.9139908256880734,0.2535482588901439,1.0,0.0,0.0,0.0,0.0,0.0,1.0,1.0,1.0,1.0,1.0,0.01568970894998158,1.0,0.0,0.0,0.0,0.0,1.0,0.0,0.0,0.0,0.0,1.0,0.09413825369988948,0.0,0.0,0.09413825369988948,1.0,1.0,1.0,1.0,1.0,0.997103214263916,526932477951.0498,1.0,0.6782063754326707,0.003082018345594406,0.0,0.4699854850769043,0.5269324779510498,0.9139908256880734,1.0,0.0,0.2535482588901439,0.5
