step,train_step_loss,train_acc,train_loss,val_acc,val_loss,router_entropy,router_load_e0,router_load_e1,router_load_e2,router_load_e3
30.0,0.6107029815514883,0.6447042776345411,0.6241979309251255,0.6270517971441235,0.6296343934567759,0.678799984631715,0.43154028058052063,0.0015833714278414845,0.5668764710426331,0.0
50.0,0.6673950751622518,0.6540118385616284,0.6006585529233264,0.650718475551973,0.6062261900088933,0.679110995873257,0.4321199655532837,0.002392048016190529,0.5652873516082764,0.00020062098337803036
