step,train_step_loss,train_acc,train_loss,val_acc,val_loss,avg_intra_expert_coherence,expert_diversity_e0,expert_diversity_e1,expert_diversity_e2,expert_diversity_e3,expert_diversity_mean,expert_purity_e0,expert_purity_e1,expert_purity_e2,expert_purity_e3,expert_purity_mean,inter_expert_similarity,inter_expert_similarity_e0_e0,inter_expert_similarity_e0_e1,inter_expert_similarity_e0_e2,inter_expert_similarity_e0_e3,inter_expert_similarity_e1_e0,inter_expert_similarity_e1_e1,inter_expert_similarity_e1_e2,inter_expert_similarity_e1_e3,inter_expert_similarity_e2_e0,inter_expert_similarity_e2_e1,inter_expert_similarity_e2_e2,inter_expert_similarity_e2_e3,inter_expert_similarity_e3_e0,inter_expert_similarity_e3_e1,inter_expert_similarity_e3_e2,inter_expert_similarity_e3_e3,intra_expert_coherence_e0,intra_expert_coherence_e1,intra_expert_coherence_e2,intra_expert_coherence_e3,load_cv,load_max_min_ratio,overall_task_conflict_cos,router_entropy,router_load_e0,router_load_e1,router_load_e2,router_load_e3,task_acc__glue_mrpc,task_conflict_t0_t0,task_grad_norm_cv,task_loss__glue_mrpc,utilization_ratio
50.0,0.5165779739618301,0.7399127589967285,0.4989658320079679,0.7254901960784313,0.510395561846403,1.0,0.0,0.0,0.0,0.0,0.0,1.0,1.0,1.0,1.0,1.0,0.16127203688369576,1.0,0.10638431228863718,0.01339761807158802,0.20212334763474923,0.10638431228863718,1.0,0.1747665291428522,0.3613314376890242,0.01339761807158802,0.1747665291428522,1.0,0.10962897647532363,0.20212334763474923,0.3613314376890242,0.10962897647532363,1.0,1.0,1.0,1.0,1.0,0.47386765480041504,3.0526265449129144,1.0,1.2795442038891363,0.21613405644893646,0.18532314896583557,0.14769257605075836,0.4508502781391144,0.7254901960784313,1.0,0.0,0.510395561846403,1.0
100.0,0.3534563183784485,0.8484187568157033,0.3727601767720088,0.8504901960784313,0.38323253135268504,1.0,0.0,0.0,0.0,0.0,0.0,1.0,1.0,1.0,1.0,1.0,0.045695607003326116,1.0,0.29231954762446943,-0.14236632517776193,0.2162285243175192,0.29231954762446943,1.0,-0.06703750088395947,0.03236880252046443,-0.14236632517776193,-0.06703750088395947,1.0,-0.057339406380774935,0.2162285243175192,0.03236880252046443,-0.057339406380774935,1.0,1.0,1.0,1.0,1.0,0.5865840911865234,3.800629450821763,1.0,1.227046012878418,0.20273664593696594,0.16541090607643127,0.1316186636686325,0.5002337694168091,0.8504901960784313,1.0,0.0,0.38323253135268504,1.0
