step,train_step_loss,train_acc,train_loss,val_acc,val_loss,avg_intra_expert_coherence,expert_diversity_e0,expert_diversity_e1,expert_diversity_e2,expert_diversity_e3,expert_diversity_mean,expert_purity_e0,expert_purity_e1,expert_purity_e2,expert_purity_e3,expert_purity_mean,inter_expert_similarity,inter_expert_similarity_e0_e0,inter_expert_similarity_e0_e1,inter_expert_similarity_e0_e2,inter_expert_similarity_e0_e3,inter_expert_similarity_e1_e0,inter_expert_similarity_e1_e1,inter_expert_similarity_e1_e2,inter_expert_similarity_e1_e3,inter_expert_similarity_e2_e0,inter_expert_similarity_e2_e1,inter_expert_similarity_e2_e2,inter_expert_similarity_e2_e3,inter_expert_similarity_e3_e0,inter_expert_similarity_e3_e1,inter_expert_similarity_e3_e2,inter_expert_similarity_e3_e3,intra_expert_coherence_e0,intra_expert_coherence_e1,intra_expert_coherence_e2,intra_expert_coherence_e3,load_cv,load_max_min_ratio,overall_task_conflict_cos,router_entropy,router_load_e0,router_load_e1,router_load_e2,router_load_e3,task_acc__glue_mrpc,task_conflict_t0_t0,task_grad_norm_cv,task_loss__glue_mrpc,utilization_ratio
50.0,0.32484671473503113,0.8097055616139586,0.4018171501386425,0.7965686274509803,0.40148277523425907,1.0,0.0,0.0,0.0,0.0,0.0,1.0,1.0,1.0,1.0,1.0,-0.02941520730362525,1.0,-0.04725291375583055,-0.13566602835633987,0.05766534236875329,-0.04725291375583055,1.0,0.03191316847804219,0.1196764681395261,-0.13566602835633987,0.03191316847804219,1.0,-0.20282728069590264,0.05766534236875329,0.1196764681395261,-0.20282728069590264,1.0,1.0,1.0,1.0,1.0,0.6094534993171692,4.028032257911219,1.0,1.2043462944965737,0.14184366166591644,0.12542545795440674,0.2275131493806839,0.5052177906036377,0.7965686274509803,1.0,0.0,0.40148277523425907,1.0
100.0,0.2943990081548691,0.8699563794983642,0.30763059217968713,0.8455882352941176,0.36672948838139957,1.0,0.0,0.0,0.0,0.0,0.0,1.0,1.0,1.0,1.0,1.0,-0.06824623028986944,1.0,0.025761872547688046,-0.08282590140472995,0.11484994224917358,0.025761872547688046,1.0,-0.01603182136495292,-0.08815069863302187,-0.08282590140472995,-0.01603182136495292,1.0,-0.36308077513337356,0.11484994224917358,-0.08815069863302187,-0.36308077513337356,1.0,1.0,1.0,1.0,1.0,0.7845214348460954,8.513374320014405,1.0,1.06403077583687,0.10411247611045837,0.0662444606423378,0.26567909121513367,0.5639638900756836,0.8455882352941176,1.0,0.0,0.36672948838139957,0.5
