step,train_step_loss,train_acc,train_loss,val_acc,val_loss,avg_intra_expert_coherence,expert_diversity_e0,expert_diversity_e1,expert_diversity_e2,expert_diversity_e3,expert_diversity_mean,expert_purity_e0,expert_purity_e1,expert_purity_e2,expert_purity_e3,expert_purity_mean,inter_expert_similarity,inter_expert_similarity_e0_e0,inter_expert_similarity_e0_e1,inter_expert_similarity_e0_e2,inter_expert_similarity_e0_e3,inter_expert_similarity_e1_e0,inter_expert_similarity_e1_e1,inter_expert_similarity_e1_e2,inter_expert_similarity_e1_e3,inter_expert_similarity_e2_e0,inter_expert_similarity_e2_e1,inter_expert_similarity_e2_e2,inter_expert_similarity_e2_e3,inter_expert_similarity_e3_e0,inter_expert_similarity_e3_e1,inter_expert_similarity_e3_e2,inter_expert_similarity_e3_e3,intra_expert_coherence_e0,intra_expert_coherence_e1,intra_expert_coherence_e2,intra_expert_coherence_e3,load_cv,load_max_min_ratio,overall_task_conflict_cos,router_entropy,router_load_e0,router_load_e1,router_load_e2,router_load_e3,task_acc__glue_rte,task_conflict_t0_t0,task_grad_norm_cv,task_loss__glue_rte,utilization_ratio
50.0,0.5941817164421082,0.5682730923694779,0.6656099238456824,0.5812274368231047,0.6678683145178689,1.0,0.0,0.0,0.0,0.0,0.0,1.0,1.0,1.0,1.0,1.0,0.0447296454724432,1.0,0.0,0.0,0.0,0.0,1.0,0.2683778728346592,0.0,0.0,0.2683778728346592,1.0,0.0,0.0,0.0,0.0,1.0,1.0,1.0,1.0,1.0,1.0091816186904907,548020303249.35913,1.0,0.687730336447485,0.0,0.45197969675064087,0.5480203032493591,0.0,0.5812274368231047,1.0,0.0,0.6678683145178689,0.5
100.0,0.674993485212326,0.6654618473895583,0.633242581727413,0.592057761732852,0.6710138436820772,1.0,0.0,0.0,0.0,0.0,0.0,1.0,1.0,1.0,1.0,1.0,0.049910598328003875,1.0,0.0,0.0,0.0,0.0,1.0,0.29946358996802325,0.0,0.0,0.29946358996802325,1.0,0.0,0.0,0.0,0.0,1.0,1.0,1.0,1.0,1.0,1.0105348825454712,557476282119.751,1.0,0.6859993297700847,0.0,0.44103649258613586,0.557476282119751,0.0014872695319354534,0.592057761732852,1.0,0.0,0.6710138436820772,0.5
150.0,0.6318206191062927,0.7008032128514057,0.6061260285094762,0.6678700361010831,0.6360585358407762,1.0,0.0,0.0,0.0,0.0,0.0,1.0,1.0,1.0,1.0,1.0,0.05298524154950781,1.0,0.0,0.0,0.0,0.0,1.0,0.31791144929704684,0.0,0.0,0.31791144929704684,1.0,0.0,0.0,0.0,0.0,1.0,1.0,1.0,1.0,1.0,1.013489068358485,563803672790.5273,1.0,0.6846399763430929,0.0,0.4346412122249603,0.5638036727905273,0.001555042457766831,0.6678700361010831,1.0,0.0,0.6360585358407762,0.5
