step,train_step_loss,train_acc,train_loss,val_acc,val_loss,avg_intra_expert_coherence,expert_diversity_e0,expert_diversity_e1,expert_diversity_e2,expert_diversity_e3,expert_diversity_mean,expert_purity_e0,expert_purity_e1,expert_purity_e2,expert_purity_e3,expert_purity_mean,inter_expert_similarity,inter_expert_similarity_e0_e0,inter_expert_similarity_e0_e1,inter_expert_similarity_e0_e2,inter_expert_similarity_e0_e3,inter_expert_similarity_e1_e0,inter_expert_similarity_e1_e1,inter_expert_similarity_e1_e2,inter_expert_similarity_e1_e3,inter_expert_similarity_e2_e0,inter_expert_similarity_e2_e1,inter_expert_similarity_e2_e2,inter_expert_similarity_e2_e3,inter_expert_similarity_e3_e0,inter_expert_similarity_e3_e1,inter_expert_similarity_e3_e2,inter_expert_similarity_e3_e3,intra_expert_coherence_e0,intra_expert_coherence_e1,intra_expert_coherence_e2,intra_expert_coherence_e3,load_cv,load_max_min_ratio,overall_task_conflict_cos,router_entropy,router_load_e0,router_load_e1,router_load_e2,router_load_e3,task_acc__glue_rte,task_conflict_t0_t0,task_grad_norm_cv,task_loss__glue_rte,utilization_ratio
50.0,0.5872431993484497,0.5839357429718876,0.6694155865945877,0.592057761732852,0.6716556466288037,1.0,0.0,0.0,0.0,0.0,0.0,1.0,1.0,1.0,1.0,1.0,0.010647672022736284,1.0,0.0,0.0638860321364177,0.0,0.0,1.0,0.0,0.0,0.0638860321364177,0.0,1.0,0.0,0.0,0.0,0.0,1.0,1.0,1.0,1.0,1.0,1.0041083695953112,532081305980.6824,1.0,0.690483537391635,0.5320813059806824,0.0,0.46791863441467285,0.0,0.592057761732852,1.0,0.0,0.6716556466288037,0.5
100.0,0.6609246730804443,0.6357429718875502,0.6391549807137403,0.5956678700361011,0.6631662779384189,1.0,0.0,0.0,0.0,0.0,0.0,1.0,1.0,1.0,1.0,1.0,-0.009755654096366681,1.0,0.0,-0.058533924578200086,0.0,0.0,1.0,0.0,0.0,-0.058533924578200086,0.0,1.0,0.0,0.0,0.0,0.0,1.0,1.0,1.0,1.0,1.0,1.0042089223861694,532472074031.82983,1.0,0.6903717586710134,0.5324720740318298,0.0,0.46752792596817017,0.0,0.5956678700361011,1.0,0.0,0.6631662779384189,0.5
150.0,0.6007094383239746,0.702008032128514,0.6036506362068348,0.6823104693140795,0.6216221046116617,1.0,0.0,0.0,0.0,0.0,0.0,1.0,1.0,1.0,1.0,1.0,0.0015338741117613558,1.0,0.0,0.009203244670568135,0.0,0.0,1.0,0.0,0.0,0.009203244670568135,0.0,1.0,0.0,0.0,0.0,0.0,1.0,1.0,1.0,1.0,1.0,1.006413459777832,540106058120.72754,1.0,0.6890645087410827,0.5401060581207275,0.0,0.45989397168159485,0.0,0.6823104693140795,1.0,0.0,0.6216221046116617,0.5
