step,train_step_loss,train_acc,train_loss,val_acc,val_loss,avg_intra_expert_coherence,expert_diversity_e0,expert_diversity_e1,expert_diversity_e2,expert_diversity_e3,expert_diversity_mean,expert_purity_e0,expert_purity_e1,expert_purity_e2,expert_purity_e3,expert_purity_mean,inter_expert_similarity,inter_expert_similarity_e0_e0,inter_expert_similarity_e0_e1,inter_expert_similarity_e0_e2,inter_expert_similarity_e0_e3,inter_expert_similarity_e1_e0,inter_expert_similarity_e1_e1,inter_expert_similarity_e1_e2,inter_expert_similarity_e1_e3,inter_expert_similarity_e2_e0,inter_expert_similarity_e2_e1,inter_expert_similarity_e2_e2,inter_expert_similarity_e2_e3,inter_expert_similarity_e3_e0,inter_expert_similarity_e3_e1,inter_expert_similarity_e3_e2,inter_expert_similarity_e3_e3,intra_expert_coherence_e0,intra_expert_coherence_e1,intra_expert_coherence_e2,intra_expert_coherence_e3,load_cv,load_max_min_ratio,overall_task_conflict_cos,router_entropy,router_load_e0,router_load_e1,router_load_e2,router_load_e3,task_acc__glue_rte,task_conflict_t0_t0,task_grad_norm_cv,task_loss__glue_rte,utilization_ratio
50.0,0.6577900648117065,0.6208835341365462,0.6474597918681609,0.5848375451263538,0.6757527656025357,1.0,0.0,0.0,0.0,0.0,0.0,1.0,1.0,1.0,1.0,1.0,0.005309137244415836,1.0,0.0,0.0,0.0,0.0,1.0,0.031854823466495014,0.0,0.0,0.031854823466495014,1.0,0.0,0.0,0.0,0.0,1.0,1.0,1.0,1.0,1.0,1.0273774282561199,586960196495.0562,1.0,0.6763335892439749,0.0,0.5869601964950562,0.41152334213256836,0.0015164237702265382,0.5848375451263538,1.0,0.0,0.6757527656025357,0.5
100.0,0.61620032787323,0.6887550200803213,0.5916453720094302,0.6714801444043321,0.6088973739080958,1.0,0.0,0.0,0.0,0.0,0.0,1.0,1.0,1.0,1.0,1.0,-0.0017350597528070395,1.0,0.0,0.0,0.0,0.0,1.0,-0.010410358516842237,0.0,0.0,-0.010410358516842237,1.0,0.0,0.0,0.0,0.0,1.0,1.0,1.0,1.0,1.0,1.030862808227539,588514149188.9954,1.0,0.6764095673061881,0.0,0.4114859104156494,0.5885141491889954,0.0,0.6714801444043321,1.0,0.0,0.6088973739080958,0.5
150.0,0.7030238807201385,0.6975903614457831,0.6209448871131127,0.6173285198555957,0.6576035569111506,1.0,0.0,0.0,0.0,0.0,0.0,1.0,1.0,1.0,1.0,1.0,0.005539962547165489,1.0,0.0,0.0,0.0,0.0,1.0,0.033239775282992934,0.0,0.0,0.033239775282992934,1.0,0.0,0.0,0.0,0.0,1.0,1.0,1.0,1.0,1.0,1.0037749411925638,530749261379.24194,1.0,0.6889906764460815,0.0,0.5307492613792419,0.4692506790161133,0.0,0.6173285198555957,1.0,0.0,0.6576035569111506,0.5
