step,train_step_loss,train_acc,train_loss,val_acc,val_loss,avg_intra_expert_coherence,expert_diversity_e0,expert_diversity_e1,expert_diversity_e2,expert_diversity_e3,expert_diversity_mean,expert_purity_e0,expert_purity_e1,expert_purity_e2,expert_purity_e3,expert_purity_mean,inter_expert_similarity,inter_expert_similarity_e0_e0,inter_expert_similarity_e0_e1,inter_expert_similarity_e0_e2,inter_expert_similarity_e0_e3,inter_expert_similarity_e1_e0,inter_expert_similarity_e1_e1,inter_expert_similarity_e1_e2,inter_expert_similarity_e1_e3,inter_expert_similarity_e2_e0,inter_expert_similarity_e2_e1,inter_expert_similarity_e2_e2,inter_expert_similarity_e2_e3,inter_expert_similarity_e3_e0,inter_expert_similarity_e3_e1,inter_expert_similarity_e3_e2,inter_expert_similarity_e3_e3,intra_expert_coherence_e0,intra_expert_coherence_e1,intra_expert_coherence_e2,intra_expert_coherence_e3,load_cv,load_max_min_ratio,overall_task_conflict_cos,router_entropy,router_load_e0,router_load_e1,router_load_e2,router_load_e3,task_acc__glue_rte,task_conflict_t0_t0,task_grad_norm_cv,task_loss__glue_rte,utilization_ratio
50.0,0.6515136957168579,0.5016064257028112,0.6985697428767498,0.5270758122743683,0.6893793178929223,1.0,0.0,0.0,0.0,0.0,0.0,1.0,1.0,1.0,1.0,1.0,0.023292053904932008,1.0,0.0,0.0,0.0,0.0,1.0,0.04407725728266103,0.052551092693599456,0.0,0.04407725728266103,1.0,0.043123973453331556,0.0,0.052551092693599456,0.043123973453331556,1.0,1.0,1.0,1.0,1.0,0.9412591387342379,608228206634.5215,1.0,0.6694424006052396,0.0,0.30725911259651184,0.6082282066345215,0.08451256901025772,0.5270758122743683,1.0,0.0,0.6893793178929223,0.5
100.0,0.6916734278202057,0.5016064257028112,0.6932070076083525,0.5270758122743683,0.6921138813098272,1.0,0.0,0.0,0.0,0.0,0.0,1.0,1.0,1.0,1.0,1.0,0.00751284169821679,1.0,0.0,0.0,0.0,0.0,1.0,0.0,0.0,0.0,0.0,1.0,0.04507705018930074,0.0,0.0,0.04507705018930074,1.0,1.0,1.0,1.0,1.0,1.0012902022946122,517965078353.88184,1.0,0.6925015526988446,0.0,0.0,0.5179650783538818,0.482034832239151,0.5270758122743683,1.0,0.0,0.6921138813098272,0.5
150.0,0.6901118159294128,0.5016064257028112,0.6931419666761007,0.5270758122743683,0.6929572025934855,1.0,0.0,0.0,0.0,0.0,0.0,1.0,1.0,1.0,1.0,1.0,0.007722852246249645,1.0,0.0,0.0,0.0,0.0,1.0,0.0,0.0,0.0,0.0,1.0,0.046337113477497874,0.0,0.0,0.046337113477497874,1.0,1.0,1.0,1.0,1.0,1.0001540184020996,506203293800.354,1.0,0.6930702128565268,0.0,0.0,0.506203293800354,0.49379676580429077,0.5270758122743683,1.0,0.0,0.6929572025934855,0.5
