step,train_step_loss,train_acc,train_loss,val_acc,val_loss,avg_intra_expert_coherence,expert_diversity_e0,expert_diversity_e1,expert_diversity_e2,expert_diversity_e3,expert_diversity_mean,expert_purity_e0,expert_purity_e1,expert_purity_e2,expert_purity_e3,expert_purity_mean,inter_expert_similarity,inter_expert_similarity_e0_e0,inter_expert_similarity_e0_e1,inter_expert_similarity_e0_e2,inter_expert_similarity_e0_e3,inter_expert_similarity_e1_e0,inter_expert_similarity_e1_e1,inter_expert_similarity_e1_e2,inter_expert_similarity_e1_e3,inter_expert_similarity_e2_e0,inter_expert_similarity_e2_e1,inter_expert_similarity_e2_e2,inter_expert_similarity_e2_e3,inter_expert_similarity_e3_e0,inter_expert_similarity_e3_e1,inter_expert_similarity_e3_e2,inter_expert_similarity_e3_e3,intra_expert_coherence_e0,intra_expert_coherence_e1,intra_expert_coherence_e2,intra_expert_coherence_e3,load_cv,load_max_min_ratio,overall_task_conflict_cos,router_entropy,router_load_e0,router_load_e1,router_load_e2,router_load_e3,task_acc__glue_rte,task_conflict_t0_t0,task_grad_norm_cv,task_loss__glue_rte,utilization_ratio
50.0,0.5752934217453003,0.5092369477911647,0.6841762812473835,0.51985559566787,0.6833520664109124,1.0,0.0,0.0,0.0,0.0,0.0,1.0,1.0,1.0,1.0,1.0,0.03572693705878225,1.0,0.0,0.0,0.0,0.0,1.0,0.0,0.0,0.0,0.0,1.0,0.21436162235269351,0.0,0.0,0.21436162235269351,1.0,1.0,1.0,1.0,1.0,1.0013600587844849,518445253372.1924,1.0,0.6919217574467298,0.0,0.0,0.48155477643013,0.5184452533721924,0.51985559566787,1.0,0.0,0.6833520664109124,0.5
100.0,0.6371551752090454,0.7052208835341366,0.6143610098423101,0.6209386281588448,0.6492034296194712,1.0,0.0,0.0,0.0,0.0,0.0,1.0,1.0,1.0,1.0,1.0,0.020313775570903966,1.0,0.0,0.0,0.0,0.0,1.0,0.0,0.0,0.0,0.0,1.0,0.1218826534254238,0.0,0.0,0.1218826534254238,1.0,1.0,1.0,1.0,1.0,1.0023139717953171,524066030979.1565,1.0,0.6913067278879214,0.0,0.0,0.47593384981155396,0.5240660309791565,0.6209386281588448,1.0,0.0,0.6492034296194712,0.5
150.0,0.6000642776489258,0.7481927710843373,0.5603547861560797,0.6931407942238267,0.6057948652240965,1.0,0.0,0.0,0.0,0.0,0.0,1.0,1.0,1.0,1.0,1.0,0.06501477442645368,1.0,0.0,0.0,0.0,0.0,1.0,0.0,0.0,0.0,0.0,1.0,0.39008864655872205,0.0,0.0,0.39008864655872205,1.0,1.0,1.0,1.0,1.0,1.0122196674346924,555439710617.0654,1.0,0.6861094300927668,0.0,0.0,0.44456031918525696,0.5554397106170654,0.6931407942238267,1.0,0.0,0.6057948652240965,0.5
