ts_epoch,event,phase,completed_jobs,total_jobs,failed_jobs,percent,eta_sec,elapsed_sec
1775031717.1037452,init,,0,0,0,0.0,,1.7404556274414062e-05
1775031717.1040661,pipeline_start,,0,0,0,0.0,,0.0003559589385986328
1775031717.104283,lock_wait,,0,0,0,0.0,,0.0005888938903808594
1775031717.1045,lock_acquired,,0,0,0,0.0,,0.0008113384246826172
1775031717.1046786,method_start,,0,0,0,0.0,,0.0009951591491699219
1775031717.1049213,lock_wait,,0,0,0,0.0,,0.0012302398681640625
1775031717.1051235,lock_acquired,,0,0,0,0.0,,0.0014362335205078125
1775031717.1053216,lock_released,,0,0,0,0.0,,0.0016345977783203125
1775031717.106571,lock_wait,,0,0,0,0.0,,0.002874135971069336
1775031717.1067815,lock_acquired,,0,0,0,0.0,,0.0030870437622070312
1775031717.1069655,plan_add,,0,64,0,0.0,,0.0032792091369628906
1775031717.107153,phase_start,baseline:coord:train.lr,0,64,0,0.0,,0.0034689903259277344
1775031723.9677448,group_slots,baseline:coord:train.lr,0,64,0,0.0,,6.863893270492554
1775031723.9820533,group_start,baseline:coord:train.lr,0,64,0,0.0,,6.8642823696136475
1775031769.5662475,job_done,baseline:coord:train.lr,1,64,0,1.5625,3305.1226208209996,52.46226382255554
1775031772.829885,job_done,baseline:coord:train.lr,2,64,0,3.125,1727.5077612400055,55.726056814193726
1775031772.8971765,job_done,baseline:coord:train.lr,3,64,0,4.6875,1134.4626305103302,55.79324412345886
1775031772.95972,job_done,baseline:coord:train.lr,4,64,0,6.25,837.8365802764894,55.85577201843262
1775031804.776468,job_done,baseline:coord:train.lr,5,64,0,7.8125,1034.5327416896819,87.6722662448883
1775031815.0545793,job_done,baseline:coord:train.lr,6,64,0,9.375,946.8476819197338,97.94976019859314
1775031815.8976908,job_done,baseline:coord:train.lr,7,64,0,10.9375,804.4634592533112,98.7937581539154
1775031815.9614522,job_done,baseline:coord:train.lr,8,64,0,12.5,692.0030813217163,98.85758304595947
1775031838.1763432,job_done,baseline:coord:train.lr,9,64,0,14.0625,739.8877403471205,121.07253932952881
1775031857.206302,job_done,baseline:coord:train.lr,10,64,0,15.625,756.5530324459075,140.1024134159088
1775031857.6468766,job_done,baseline:coord:train.lr,11,64,0,17.1875,677.1619649800388,140.54304933547974
1775031857.8894355,job_done,baseline:coord:train.lr,12,64,0,18.75,610.0709124406178,140.78559517860413
1775031875.3340302,job_done,baseline:coord:train.lr,13,64,0,20.3125,620.7481492115901,158.22992038726807
1775031899.3115938,job_done,baseline:coord:train.lr,14,64,0,21.875,650.7420267377581,182.20776748657227
1775031899.7467282,job_done,baseline:coord:train.lr,15,64,0,23.4375,596.6334242343903,182.6428849697113
1775031899.9788203,job_done,baseline:coord:train.lr,16,64,0,25.0,548.6250779628754,182.87502598762512
1775031908.80511,job_done,baseline:coord:train.lr,17,64,0,26.5625,529.9960425180548,191.7006962299347
1775031942.0087008,job_done,baseline:coord:train.lr,18,64,0,28.125,574.7567913797167,224.90483140945435
1775031942.1422062,job_done,baseline:coord:train.lr,19,64,0,29.6875,532.985005880657,225.03811359405518
1775031942.26481,job_done,baseline:coord:train.lr,20,64,0,31.25,495.3543080806732,225.16104912757874
1775031945.0013545,job_done,baseline:coord:train.lr,21,64,0,32.8125,466.6473396051498,227.89753794670105
1775031985.246282,job_done,baseline:coord:train.lr,22,64,0,34.375,511.9083406708457,268.1424641609192
1775031986.281848,job_done,baseline:coord:train.lr,23,64,0,35.9375,479.8391067567079,269.1780354976654
1775031986.5288334,job_done,baseline:coord:train.lr,24,64,0,37.5,449.0416371822357,269.42498230934143
1775031986.5821805,job_done,baseline:coord:train.lr,25,64,0,39.0625,420.38614517211914,269.47829818725586
1775032025.9796033,job_done,baseline:coord:train.lr,26,64,0,40.625,451.4337746180021,308.8757405281067
1775032029.7401254,job_done,baseline:coord:train.lr,27,64,0,42.1875,428.42709727640505,312.6359899044037
1775032030.5534391,job_done,baseline:coord:train.lr,28,64,0,43.75,403.0065598828452,313.44954657554626
1775032030.6876833,job_done,baseline:coord:train.lr,29,64,0,45.3125,378.4632636760843,313.58384704589844
1775032061.8159432,job_done,baseline:coord:train.lr,30,64,0,46.875,390.67371822992965,344.7121043205261
1775032069.135222,job_done,baseline:coord:train.lr,31,64,0,48.4375,374.74313669050895,352.0314314365387
1775032072.045774,job_done,baseline:coord:train.lr,32,64,0,50.0,354.9417836666107,354.9417836666107
1775032072.1174448,job_done,baseline:coord:train.lr,33,64,0,51.5625,333.49764584772515,355.0136229991913
1775032096.8272657,job_done,baseline:coord:train.lr,34,64,0,53.125,335.0501125700333,379.72346091270447
1775032107.4787288,job_done,baseline:coord:train.lr,35,64,0,54.6875,323.45348352023535,390.3748939037323
1775032113.7336323,job_done,baseline:coord:train.lr,36,64,0,56.25,308.4897820154826,396.6297197341919
1775032113.8547819,job_done,baseline:coord:train.lr,37,64,0,57.8125,289.52091400043383,396.7508821487427
1775032133.75084,job_done,baseline:coord:train.lr,38,64,0,59.375,285.0739201495522,416.64649868011475
1775032143.9097366,job_done,baseline:coord:train.lr,39,64,0,60.9375,273.59353991655206,426.80592226982117
1775032152.547808,job_done,baseline:coord:train.lr,40,64,0,62.5,261.2664097309112,435.4440162181854
1775032153.0650501,job_done,baseline:coord:train.lr,41,64,0,64.0625,244.5635640214129,435.9611358642578
1775032172.1280186,job_done,baseline:coord:train.lr,42,64,0,65.625,238.34600338481724,455.0241882801056
1775032183.228642,job_done,baseline:coord:train.lr,43,64,0,67.1875,227.64236221757045,466.1248369216919
1775032193.0669284,job_done,baseline:coord:train.lr,44,64,0,68.75,216.3468716361306,475.9631175994873
1775032193.856708,job_done,baseline:coord:train.lr,45,64,0,70.3125,201.29566592110527,476.7528929710388
1775032211.9258513,job_done,baseline:coord:train.lr,46,64,0,71.875,193.62598816208217,494.82196974754333
1775032223.4775443,job_done,baseline:coord:train.lr,47,64,0,73.4375,183.15645577045197,506.37373065948486
1775032234.1371577,job_done,baseline:coord:train.lr,48,64,0,75.0,172.34442647298178,517.0332794189453
1775032234.5618765,job_done,baseline:coord:train.lr,49,64,0,76.5625,158.40552784958663,517.458057641983
1775032248.5252552,job_done,baseline:coord:train.lr,50,64,0,78.125,148.79800510406494,531.4214468002319
1775032261.0763445,job_done,baseline:coord:train.lr,51,64,0,79.6875,138.65965901169122,543.972508430481
1775032274.4639497,job_done,baseline:coord:train.lr,52,64,0,81.25,128.62156611222485,557.3601198196411
1775032275.179136,job_done,baseline:coord:train.lr,53,64,0,82.8125,115.82695642507302,558.0753355026245
1775032285.853958,job_done,baseline:coord:train.lr,54,64,0,84.375,105.32150378933659,568.7361204624176
1775032296.9065206,job_done,baseline:coord:train.lr,55,64,0,85.9375,94.87680429111828,579.8026928901672
1775032315.769952,job_done,baseline:coord:train.lr,56,64,0,87.5,85.52373078891209,598.6661155223846
1775032316.7789896,job_done,baseline:coord:train.lr,57,64,0,89.0625,73.64418033131382,599.6740398406982
1775032325.836449,job_done,baseline:coord:train.lr,58,64,0,90.625,62.972325966275974,608.7324843406677
1775032336.5425987,job_done,baseline:coord:train.lr,59,64,0,92.1875,52.494811708644285,619.4387781620026
1775032355.6558712,job_done,baseline:coord:train.lr,60,64,0,93.75,42.57012720108032,638.5519080162048
1775032356.531076,job_done,baseline:coord:train.lr,61,64,0,95.3125,31.447184601768118,639.4260869026184
1775032363.2928078,job_done,baseline:coord:train.lr,62,64,0,96.875,20.844805740541027,646.1889779567719
1775032369.6713295,job_done,baseline:coord:train.lr,63,64,0,98.4375,10.358211021574716,652.5672943592072
1775032379.1133444,job_done,baseline:coord:train.lr,64,64,0,100.0,,662.009507894516
1775032379.1307347,group_end,baseline:coord:train.lr,64,64,0,100.0,,662.0267724990845
1775032379.1311128,phase_end,,64,64,0,100.0,,662.0273056030273
1775032379.1315584,lock_released,,64,64,0,100.0,,662.0277369022369
1775032379.135983,lock_wait,,64,64,0,100.0,,662.0321457386017
1775032379.1364548,lock_acquired,,64,64,0,100.0,,662.0326240062714
1775032379.136834,plan_add,,64,128,0,50.0,662.0330243110657,662.0330243110657
1775032379.1372044,phase_start,baseline:coord:train.weight_decay,64,128,0,50.0,662.0333981513977,662.0333981513977
1775032386.1508753,group_slots,baseline:coord:train.weight_decay,64,128,0,50.0,669.0470135211945,669.0470135211945
1775032386.1511178,group_start,baseline:coord:train.weight_decay,64,128,0,50.0,669.0474100112915,669.0474100112915
1775032426.9088387,job_done,baseline:coord:train.weight_decay,65,128,0,50.78125,687.9646997121664,709.804848909378
1775032430.8581357,job_done,baseline:coord:train.weight_decay,66,128,0,51.5625,670.4964592673562,713.7542953491211
1775032431.097933,job_done,baseline:coord:train.weight_decay,67,128,0,52.34375,650.0543410066349,713.9941122531891
1775032431.1529841,job_done,baseline:coord:train.weight_decay,68,128,0,53.125,630.0433232503779,714.0490996837616
1775032463.658396,job_done,baseline:coord:train.weight_decay,69,128,0,53.90625,638.3581724996152,746.5544729232788
1775032474.3091733,job_done,baseline:coord:train.weight_decay,70,128,0,54.6875,627.3986679349626,757.2052888870239
1775032476.3530486,job_done,baseline:coord:train.weight_decay,71,128,0,55.46875,609.5380892686441,759.2491989135742
1775032476.635272,job_done,baseline:coord:train.weight_decay,72,128,0,56.25,590.7466355164846,759.5313885211945
1775032504.9158428,job_done,baseline:coord:train.weight_decay,73,128,0,57.03125,593.5569888434998,787.8120033740997
1775032516.0441375,job_done,baseline:coord:train.weight_decay,74,128,0,57.8125,583.0094948781503,798.9389374256134
1775032518.2579358,job_done,baseline:coord:train.weight_decay,75,128,0,58.59375,566.1088498528798,801.0974290370941
1775032518.2845137,job_done,baseline:coord:train.weight_decay,76,128,0,59.375,548.1763324110132,801.1807935237885
1775032539.9275239,job_done,baseline:coord:train.weight_decay,77,128,0,60.15625,544.9870338780539,822.8235609531403
1775032554.9489448,job_done,baseline:coord:train.weight_decay,78,128,0,60.9375,537.0801349480947,837.8450105190277
1775032558.6975608,job_done,baseline:coord:train.weight_decay,79,128,0,61.71875,522.0008541270147,841.5932137966156
1775032558.772842,job_done,baseline:coord:train.weight_decay,80,128,0,62.5,505.0010993957519,841.6684989929199
1775032577.6483507,job_done,baseline:coord:train.weight_decay,81,128,0,63.28125,499.32832546587343,860.5445609092712
1775032590.3302882,job_done,baseline:coord:train.weight_decay,82,128,0,64.0625,489.8587050496078,873.2263872623444
1775032598.8033981,job_done,baseline:coord:train.weight_decay,83,128,0,64.84375,478.029884473387,881.6995646953583
1775032599.0632699,job_done,baseline:coord:train.weight_decay,84,128,0,65.625,461.97881597564333,881.9595577716827
1775032616.3650992,job_done,baseline:coord:train.weight_decay,85,128,0,66.40625,454.9203493062188,899.2611556053162
1775032628.3689704,job_done,baseline:coord:train.weight_decay,86,128,0,67.1875,445.0364139135493,911.2650380134583
1775032639.0736864,job_done,baseline:coord:train.weight_decay,87,128,0,67.96875,434.49092191389235,921.9685416221619
1775032639.7853246,job_done,baseline:coord:train.weight_decay,88,128,0,68.75,419.40063975074077,922.6814074516296
1775032652.2525547,job_done,baseline:coord:train.weight_decay,89,128,0,69.53125,409.7842204249307,935.1486055850983
1775032663.6030962,job_done,baseline:coord:train.weight_decay,90,128,0,70.3125,399.6329950968424,946.4991989135742
1775032681.2735322,job_done,baseline:coord:train.weight_decay,91,128,0,71.09375,392.02500695186654,964.1696116924286
1775032681.5419133,job_done,baseline:coord:train.weight_decay,92,128,0,71.875,377.3888295215109,964.4381198883057
1775032689.737521,job_done,baseline:coord:train.weight_decay,93,128,0,72.65625,366.04487926729263,972.6335363388062
1775032701.0017526,job_done,baseline:coord:train.weight_decay,94,128,0,73.4375,355.8779905146741,983.8979737758636
1775032720.3024948,job_done,baseline:coord:train.weight_decay,95,128,0,74.21875,348.47954128165,1003.1986794471741
1775032720.5360756,job_done,baseline:coord:train.weight_decay,96,128,0,75.0,334.47743074099225,1003.4322922229767
1775032726.2800977,job_done,baseline:coord:train.weight_decay,97,128,0,75.78125,322.5202540589362,1009.1762788295746
1775032737.9843261,job_done,baseline:coord:train.weight_decay,98,128,0,76.5625,312.51441829058587,1020.8804330825806
1775032759.4396088,job_done,baseline:coord:train.weight_decay,99,128,0,77.34375,305.3306852374414,1042.3357875347137
1775032760.2160609,job_done,baseline:coord:train.weight_decay,100,128,0,78.125,292.071425485611,1043.112233877182
1775032764.152288,job_done,baseline:coord:train.weight_decay,101,128,0,78.90625,279.9040153380668,1047.0483536720276
1775032775.706655,job_done,baseline:coord:train.weight_decay,102,128,0,79.6875,269.83994117437624,1058.6028461456299
1775032797.9134955,job_done,baseline:coord:train.weight_decay,103,128,0,80.46875,262.32910219905443,1080.7959010601044
1775032798.7478883,job_done,baseline:coord:train.weight_decay,104,128,0,81.25,249.6101744358356,1081.6440892219543
1775032802.8477657,job_done,baseline:coord:train.weight_decay,105,128,0,82.03125,237.82958027294706,1085.7437360286713
1775032813.83581,job_done,baseline:coord:train.weight_decay,106,128,0,82.8125,227.6235941625991,1096.731862783432
1775032837.0197082,job_done,baseline:coord:train.weight_decay,107,128,0,83.59375,219.79650283973908,1119.9155144691467
1775032837.7876015,job_done,baseline:coord:train.weight_decay,108,128,0,84.375,207.5340324419516,1120.6837751865387
1775032841.0360763,job_done,baseline:coord:train.weight_decay,109,128,0,85.15625,195.91480144448238,1123.9322819709778
1775032850.3935957,job_done,baseline:coord:train.weight_decay,110,128,0,85.9375,185.447418607365,1133.2897803783417
1775032876.4876814,job_done,baseline:coord:train.weight_decay,111,128,0,86.71875,177.56329505937595,1159.383867740631
1775032877.8204963,job_done,baseline:coord:train.weight_decay,112,128,0,87.5,165.8166618347168,1160.7166328430176
1775032879.5166576,job_done,baseline:coord:train.weight_decay,113,128,0,88.28125,154.30259161290869,1162.4128568172455
1775032886.1971653,job_done,baseline:coord:train.weight_decay,114,128,0,89.0625,143.57286970238937,1169.0933675765991
1775032916.528252,job_done,baseline:coord:train.weight_decay,115,128,0,89.84375,135.58711062514263,1199.4244401454926
1775032917.4082868,job_done,baseline:coord:train.weight_decay,116,128,0,90.625,124.16942278270064,1200.3044202327728
1775032919.181159,job_done,baseline:coord:train.weight_decay,117,128,0,91.40625,113.01568818092346,1202.075956106186
1775032922.3271382,job_done,baseline:coord:train.weight_decay,118,128,0,92.1875,102.1375681384135,1205.2233040332794
1775032956.2553804,job_done,baseline:coord:train.weight_decay,119,128,0,92.96875,93.71734183175224,1239.1515197753906
1775032956.6892204,job_done,baseline:coord:train.weight_decay,120,128,0,93.75,82.63902819951376,1239.5854229927063
1775032959.1190927,job_done,baseline:coord:train.weight_decay,121,128,0,94.53125,71.85208983066653,1242.0146956443787
1775032960.1428177,job_done,baseline:coord:train.weight_decay,122,128,0,95.3125,61.13306671283284,1243.0390231609344
1775032994.785671,job_done,baseline:coord:train.weight_decay,123,128,0,96.09375,51.93828288132582,1277.6817588806152
1775032995.9000258,job_done,baseline:coord:train.weight_decay,124,128,0,96.875,41.25149030070151,1278.7961993217468
1775032999.4509022,job_done,baseline:coord:train.weight_decay,125,128,0,97.65625,30.77632678413391,1282.346949338913
1775033000.054274,job_done,baseline:coord:train.weight_decay,126,128,0,98.4375,20.364293314161753,1282.9504787921906
1775033021.4582648,job_done,baseline:coord:train.weight_decay,127,128,0,99.21875,10.270507005255991,1304.354389667511
1775033021.8944483,job_done,baseline:coord:train.weight_decay,128,128,0,100.0,,1304.7907016277313
1775033021.9157538,group_end,baseline:coord:train.weight_decay,128,128,0,100.0,,1304.8117864131927
1775033021.9161398,phase_end,,128,128,0,100.0,,1304.8123235702515
1775033021.9165921,lock_released,,128,128,0,100.0,,1304.812760591507
1775033021.9209948,lock_wait,,128,128,0,100.0,,1304.8171570301056
1775033021.921464,lock_acquired,,128,128,0,100.0,,1304.8176350593567
1775033021.9218493,plan_add,,128,192,0,66.66666666666667,652.4090156555176,1304.8180313110352
1775033021.9222357,phase_start,baseline:coord:train.grad_clip,128,192,0,66.66666666666667,652.409214258194,1304.818428516388
1775033028.7319326,group_slots,baseline:coord:train.grad_clip,128,192,0,66.66666666666667,655.8139737844467,1311.6279475688934
1775033028.7323418,group_start,baseline:coord:train.grad_clip,128,192,0,66.66666666666667,655.8142570257187,1311.6285140514374
1775033072.4971678,job_done,baseline:coord:train.grad_clip,129,192,0,67.1875,661.9360825738241,1355.392930984497
1775033074.5939739,job_done,baseline:coord:train.grad_clip,130,192,0,67.70833333333333,647.4183339632474,1357.4900550842285
1775033074.9648776,job_done,baseline:coord:train.grad_clip,131,192,0,68.22916666666667,632.2863701390856,1357.8608932495117
1775033075.0277367,job_done,baseline:coord:train.grad_clip,132,192,0,68.75,617.2381686080586,1357.9239709377289
1775033110.2711954,job_done,baseline:coord:train.grad_clip,133,192,0,69.27083333333333,618.0213999622747,1393.1668846607208
1775033116.0910842,job_done,baseline:coord:train.grad_clip,134,192,0,69.79166666666667,605.5317797482903,1398.9872152805328
1775033116.6376498,job_done,baseline:coord:train.grad_clip,135,192,0,70.3125,590.9142597887251,1399.5337731838226
1775033116.706844,job_done,baseline:coord:train.grad_clip,136,192,0,70.83333333333333,576.3070979819579,1399.6029522418976
1775033145.7247987,job_done,baseline:coord:train.grad_clip,137,192,0,71.35416666666667,573.5336766190773,1428.6202490329742
1775033158.5326247,job_done,baseline:coord:train.grad_clip,138,192,0,71.875,564.0373519918194,1441.4287884235382
1775033158.849124,job_done,baseline:coord:train.grad_clip,139,192,0,72.39583333333333,549.7302345955114,1441.7453322410583
1775033158.996939,job_done,baseline:coord:train.grad_clip,140,192,0,72.91666666666667,535.5603273255484,1441.8931889533997
1775033178.9369528,job_done,baseline:coord:train.grad_clip,141,192,0,73.4375,528.74813801177,1461.8330874443054
1775033197.7972157,job_done,baseline:coord:train.grad_clip,142,192,0,73.95833333333333,521.3709206648276,1480.6934146881104
1775033200.9031765,job_done,baseline:coord:train.grad_clip,143,192,0,74.47916666666667,508.43457647303603,1483.798866033554
1775033200.984194,job_done,baseline:coord:train.grad_clip,144,192,0,75.0,494.6267948150635,1483.8803844451904
1775033213.3130589,job_done,baseline:coord:train.grad_clip,145,192,0,75.52083333333333,484.9781736949394,1496.2092592716217
1775033235.8416104,job_done,baseline:coord:train.grad_clip,146,192,0,76.04166666666667,478.50640643786073,1518.7377247810364
1775033241.887695,job_done,baseline:coord:train.grad_clip,147,192,0,76.5625,466.77056857517783,1524.783857345581
1775033241.9514198,job_done,baseline:coord:train.grad_clip,148,192,0,77.08333333333333,453.3330822442029,1524.8476402759552
1775033249.9131377,job_done,baseline:coord:train.grad_clip,149,192,0,77.60416666666667,442.3543663392931,1532.809315919876
1775033272.3644934,job_done,baseline:coord:train.grad_clip,150,192,0,78.125,435.47298825263977,1555.2606723308563
1775033280.3112197,job_done,baseline:coord:train.grad_clip,151,192,0,78.64583333333333,424.4469265937805,1563.2069735527039
1775033281.3125603,job_done,baseline:coord:train.grad_clip,152,192,0,79.16666666666667,411.633881832424,1564.208750963211
1775033286.5066416,job_done,baseline:coord:train.grad_clip,153,192,0,79.6875,400.04384893529556,1569.4027919769287
1775033310.155905,job_done,baseline:coord:train.grad_clip,154,192,0,80.20833333333333,393.0907819085307,1593.0521161556244
1775033319.716427,job_done,baseline:coord:train.grad_clip,155,192,0,80.72916666666667,382.5591354293208,1602.6125943660736
1775033321.0146852,job_done,baseline:coord:train.grad_clip,156,192,0,81.25,370.13328194618225,1603.9108884334564
1775033324.2494617,job_done,baseline:coord:train.grad_clip,157,192,0,81.77083333333333,358.2808759333981,1607.1456434726715
1775033346.9186218,job_done,baseline:coord:train.grad_clip,158,192,0,82.29166666666667,350.71963645838485,1629.8147811889648
1775033358.4976022,job_done,baseline:coord:train.grad_clip,159,192,0,82.8125,340.66663031758003,1641.393764257431
1775033360.2082863,job_done,baseline:coord:train.grad_clip,160,192,0,83.33333333333333,328.62089600563047,1643.1044800281525
1775033363.3979466,job_done,baseline:coord:train.grad_clip,161,192,0,83.85416666666667,316.98565542771945,1646.2803394794464
1775033383.7347825,job_done,baseline:coord:train.grad_clip,162,192,0,84.375,308.6353616802781,1666.6309530735016
1775033397.3346865,job_done,baseline:coord:train.grad_clip,163,192,0,84.89583333333333,298.936743140952,1680.2306597232819
1775033401.6232831,job_done,baseline:coord:train.grad_clip,164,192,0,85.41666666666667,287.60087205142514,1684.5193934440613
1775033403.1632555,job_done,baseline:coord:train.grad_clip,165,192,0,85.9375,275.90062149654733,1686.0593535900116
1775033428.8647141,job_done,baseline:coord:train.grad_clip,166,192,0,86.45833333333333,268.10713134616253,1711.760915517807
1775033439.8746326,job_done,baseline:coord:train.grad_clip,167,192,0,86.97916666666667,257.8998001035816,1722.770664691925
1775033444.2364075,job_done,baseline:coord:train.grad_clip,168,192,0,87.5,246.73316499165128,1727.1321549415588
1775033445.9985337,job_done,baseline:coord:train.grad_clip,169,192,0,88.02083333333333,235.2933079744937,1728.89430642128
1775033467.0517292,job_done,baseline:coord:train.grad_clip,170,192,0,88.54166666666667,226.4638436682084,1749.9478828907013
1775033476.805311,job_done,baseline:coord:train.grad_clip,171,192,0,89.0625,216.1036937655064,1759.7015063762665
1775033483.6351385,job_done,baseline:coord:train.grad_clip,172,192,0,89.58333333333333,205.41061858798182,1766.5313198566437
1775033484.5696955,job_done,baseline:coord:train.grad_clip,173,192,0,90.10416666666667,194.11475141475654,1767.465894460678
1775033503.3179615,job_done,baseline:coord:train.grad_clip,174,192,0,90.625,184.78077400963883,1786.214148759842
1775033514.1324234,job_done,baseline:coord:train.grad_clip,175,192,0,91.14583333333333,174.56838677133834,1797.027510881424
1775033522.3995094,job_done,baseline:coord:train.grad_clip,176,192,0,91.66666666666667,164.11778075044805,1805.2955882549286
1775033524.4775636,job_done,baseline:coord:train.grad_clip,177,192,0,92.1875,153.16726405741804,1807.373715877533
1775033542.1406763,job_done,baseline:coord:train.grad_clip,178,192,0,92.70833333333333,143.54222381784675,1825.0368456840515
1775033551.6297803,job_done,baseline:coord:train.grad_clip,179,192,0,93.22916666666667,133.23372888431868,1834.5259592533112
1775033559.9634922,job_done,baseline:coord:train.grad_clip,180,192,0,93.75,122.85730199813842,1842.8595299720764
1775033564.168299,job_done,baseline:coord:train.grad_clip,181,192,0,94.27083333333333,112.25250432504475,1847.063934803009
1775033578.970752,job_done,baseline:coord:train.grad_clip,182,192,0,94.79166666666667,102.2996271442581,1861.8532140254974
1775033588.1324437,job_done,baseline:coord:train.grad_clip,183,192,0,95.3125,92.01780186324822,1871.0286378860474
1775033598.855362,job_done,baseline:coord:train.grad_clip,184,192,0,95.83333333333333,81.81528528876926,1881.7515616416931
1775033603.692157,job_done,baseline:coord:train.grad_clip,185,192,0,96.35416666666667,71.38441600928435,1886.5881373882294
1775033616.663947,job_done,baseline:coord:train.grad_clip,186,192,0,96.875,61.27613308352809,1899.5601255893707
1775033627.5718615,job_done,baseline:coord:train.grad_clip,187,192,0,97.39583333333333,51.08203158659093,1910.467981338501
1775033636.1473322,job_done,baseline:coord:train.grad_clip,188,192,0,97.91666666666667,40.83071221189296,1919.0434739589691
1775033641.971869,job_done,baseline:coord:train.grad_clip,189,192,0,98.4375,30.553461226205975,1924.8680572509766
1775033654.0895472,job_done,baseline:coord:train.grad_clip,190,192,0,98.95833333333333,20.389322188026025,1936.9856078624725
1775033660.8406951,job_done,baseline:coord:train.grad_clip,191,192,0,99.47916666666667,10.176632844964871,1943.7368733882904
1775033664.0207808,job_done,baseline:coord:train.grad_clip,192,192,0,100.0,,1946.9165132045746
1775033664.0447044,group_end,baseline:coord:train.grad_clip,192,192,0,100.0,,1946.9407501220703
1775033664.0449667,phase_end,,192,192,0,100.0,,1946.9412469863892
1775033664.0452764,lock_released,,192,192,0,100.0,,1946.9415574073792
1775033664.0488138,lock_wait,,192,192,0,100.0,,1946.9450430870056
1775033664.049144,lock_acquired,,192,192,0,100.0,,1946.945422410965
1775033664.0494072,plan_add,,192,246,0,78.04878048780488,547.5784704610705,1946.945672750473
1775033664.0496528,phase_start,baseline:local_var_topk,192,246,0,78.04878048780488,547.5785448253155,1946.9459371566772
1775033671.0058823,group_slots,baseline:local_var_topk,192,246,0,78.04878048780488,549.53493822366,1953.9020025730133
1775033671.0061452,group_start,baseline:local_var_topk,192,246,0,78.04878048780488,549.5350562408566,1953.9024221897125
1775033712.5897408,job_done,baseline:local_var_topk,193,246,0,78.45528455284553,547.983119201166,1995.485698223114
1775033716.4380379,job_done,baseline:local_var_topk,194,246,0,78.86178861788618,535.9040039101826,1999.334168434143
1775033717.1598423,job_done,baseline:local_var_topk,195,246,0,79.26829268292683,523.0915616842417,2000.0559711456299
1775033717.214151,job_done,baseline:local_var_topk,196,246,0,79.67479674796748,510.23225218665846,2000.110428571701
1775033749.544965,job_done,baseline:local_var_topk,197,246,0,80.08130081300813,505.5310353518742,2032.4411013126373
1775033757.0708325,job_done,baseline:local_var_topk,198,246,0,80.48780487804878,494.53743865273213,2039.9669344425201
1775033758.1799932,job_done,baseline:local_var_topk,199,246,0,80.89430894308943,482.0632109546182,2041.0761485099792
1775033758.4156196,job_done,baseline:local_var_topk,200,246,0,81.30081300813008,469.5016949176789,2041.3117170333862
1775033784.3783476,job_done,baseline:local_var_topk,201,246,0,81.70731707317073,462.82263967528274,2067.274457216263
1775033796.7258675,job_done,baseline:local_var_topk,202,246,0,82.11382113821138,452.9869634373353,2079.6219685077667
1775033799.437968,job_done,baseline:local_var_topk,203,246,0,82.52032520325203,441.0855363084765,2082.3340435028076
1775033799.71607,job_done,baseline:local_var_topk,204,246,0,82.92682926829268,428.77310991988463,2082.6122481822968
1775033819.493014,job_done,baseline:local_var_topk,205,246,0,83.33333333333333,420.47780990600586,2102.3890495300293
1775033836.4620976,job_done,baseline:local_var_topk,206,246,0,83.73983739837398,411.52586145308413,2119.358186483383
1775033840.1468534,job_done,baseline:local_var_topk,207,246,0,84.14634146341463,399.9935934198075,2123.042918920517
1775033840.437556,job_done,baseline:local_var_topk,208,246,0,84.55284552845528,387.9167379117929,2123.333723306656
1775033853.5629857,job_done,baseline:local_var_topk,209,246,0,84.95934959349593,378.2248207153886,2136.4591224193573
1775033874.098736,job_done,baseline:local_var_topk,210,246,0,85.36585365853658,369.7705327442714,2156.9947743415833
1775033881.8471599,job_done,baseline:local_var_topk,211,246,0,85.77235772357723,359.0806511906086,2164.743354320526
1775033881.9246995,job_done,baseline:local_var_topk,212,246,0,86.17886178861788,347.188251385149,2164.8208615779877
1775033888.827776,job_done,baseline:local_var_topk,213,246,0,86.58536585365853,336.4642726737009,2171.7239418029785
1775033910.934512,job_done,baseline:local_var_topk,214,246,0,86.99186991869918,328.04942860113124,2193.8305537700653
1775033923.5046618,job_done,baseline:local_var_topk,215,246,0,87.39837398373983,318.13219018536944,2206.400673866272
1775033923.5872393,job_done,baseline:local_var_topk,216,246,0,87.8048780487805,306.45602689849005,2206.4833936691284
1775033926.1393352,job_done,baseline:local_var_topk,217,246,0,88.21138211382114,295.21667132839076,2209.035092353821
1775033946.4184644,job_done,baseline:local_var_topk,218,246,0,88.6178861788618,286.3339552179389,2229.3143656253815
1775033965.6129434,job_done,baseline:local_var_topk,219,246,0,89.02439024390245,277.21327216984474,2248.5076520442963
1775033966.0873377,job_done,baseline:local_var_topk,220,246,0,89.4308943089431,265.7889583305879,2248.983493566513
1775033966.3870127,job_done,baseline:local_var_topk,221,246,0,89.83739837398375,254.44380309247322,2249.2832193374634
1775033982.8554626,job_done,baseline:local_var_topk,222,246,0,90.2439024390244,244.94611502982474,2265.751564025879
1775034007.968526,job_done,baseline:local_var_topk,223,246,0,90.65040650406505,236.2775173005502,2290.864624261856
1775034008.902879,job_done,baseline:local_var_topk,224,246,0,91.0569105691057,225.08738792581218,2291.7988588809967
1775034008.9610374,job_done,baseline:local_var_topk,225,246,0,91.46341463414635,213.90668138186138,2291.8573005199432
1775034017.1522818,job_done,baseline:local_var_topk,226,246,0,91.869918699187,203.54290187886332,2300.0347912311554
1775034049.7600796,job_done,baseline:local_var_topk,227,246,0,92.27642276422765,195.24375723427087,2332.649099588394
1775034050.5825963,job_done,baseline:local_var_topk,228,246,0,92.6829268292683,184.2220048653452,2333.4787282943726
1775034050.6504056,job_done,baseline:local_var_topk,229,246,0,93.08943089430895,173.23271776390908,2333.54660987854
1775034053.950909,job_done,baseline:local_var_topk,230,246,0,93.4959349593496,162.5623805170474,2336.834219932556
1775034090.6757472,job_done,baseline:local_var_topk,231,246,0,93.90243902439025,154.12716007851935,2373.558265209198
1775034093.141644,job_done,baseline:local_var_topk,232,246,0,94.3089430894309,143.3815906931614,2376.037788629532
1775034093.261733,job_done,baseline:local_var_topk,233,246,0,94.71544715447155,132.57533261704341,2376.1578845977783
1775034093.9731438,job_done,baseline:local_var_topk,234,246,0,95.1219512195122,121.89073580961961,2376.8693482875824
1775034130.15515,job_done,baseline:local_var_topk,235,246,0,95.52845528455285,112.95133583089138,2413.051265478134
1775034136.5652199,job_done,baseline:local_var_topk,236,246,0,95.9349593495935,102.5195452419378,2419.461267709732
1775034138.2522452,job_done,baseline:local_var_topk,237,246,0,96.34146341463415,91.94234586365614,2421.1484410762787
1775034138.3309016,job_done,baseline:local_var_topk,238,246,0,96.7479674796748,81.38578804400788,2421.2271943092346
1775034170.6238217,job_done,baseline:local_var_topk,239,246,0,97.15447154471545,71.86041519731657,2453.51989030838
1775034175.8189907,job_done,baseline:local_var_topk,240,246,0,97.5609756097561,61.467872774600984,2458.7149109840393
1775034180.6177487,job_done,baseline:local_var_topk,241,246,0,97.96747967479675,51.110247615956666,2463.5139350891113
1775034180.7042327,job_done,baseline:local_var_topk,242,246,0,98.3739837398374,40.720669482365125,2463.60050368309
1775034206.0784047,job_done,baseline:local_var_topk,243,246,0,98.78048780487805,30.728080929061512,2488.9745552539825
1775034211.0578046,job_done,baseline:local_var_topk,244,246,0,99.1869918699187,20.44224489126049,2493.95387673378
1775034217.6237323,job_done,baseline:local_var_topk,245,246,0,99.59349593495935,10.20620371468213,2500.519910097122
1775034217.6747296,job_done,baseline:local_var_topk,246,246,0,100.0,,2500.5709989070892
1775034217.6927142,group_end,baseline:local_var_topk,246,246,0,100.0,,2500.5887503623962
1775034217.6930935,phase_end,,246,246,0,100.0,,2500.5892860889435
1775034217.6935756,lock_released,,246,246,0,100.0,,2500.589712381363
1775034217.7099898,method_done,,246,246,0,100.0,,2500.606199979782
1775034217.7103727,method_start,,246,246,0,100.0,,2500.6065657138824
1775034217.710871,lock_wait,,246,246,0,100.0,,2500.6070551872253
1775034217.7112863,lock_acquired,,246,246,0,100.0,,2500.6074838638306
1775034217.7117715,lock_released,,246,246,0,100.0,,2500.6079561710358
1775034217.7138283,lock_wait,,246,246,0,100.0,,2500.609999895096
1775034217.714226,lock_acquired,,246,246,0,100.0,,2500.610424757004
1775034217.7146192,plan_add,,246,286,0,86.01398601398601,406.60338072272816,2500.6107914447784
1775034217.7149987,phase_start,cagrad:coord:train.lr,246,286,0,86.01398601398601,406.6034456966369,2500.611191034317
1775034225.3746789,group_slots,cagrad:coord:train.lr,246,286,0,86.01398601398601,407.84889062245685,2508.2706773281097
1775034225.375062,group_start,cagrad:coord:train.lr,246,286,0,86.01398601398601,407.84898389645707,2508.271250963211
1775034332.836972,job_done,cagrad:coord:train.lr,247,286,0,86.36363636363636,413.0104354431755,2615.732757806778
1775034333.986252,job_done,cagrad:coord:train.lr,248,286,0,86.7132867132867,400.9739198973102,2616.882424592972
1775034334.1305583,job_done,cagrad:coord:train.lr,249,286,0,87.06293706293707,388.875473256092,2617.0268335342407
1775034334.704141,job_done,cagrad:coord:train.lr,250,286,0,87.41258741258741,376.93444190597535,2617.6002910137177
1775034446.9856298,job_done,cagrad:coord:train.lr,251,286,0,87.76223776223776,380.66076414043687,2729.8814799785614
1775034447.7588713,job_done,cagrad:coord:train.lr,252,286,0,88.1118881118881,368.42171036629446,2730.655029773712
1775034448.1162918,job_done,cagrad:coord:train.lr,253,286,0,88.46153846153847,356.2190094616102,2731.012405872345
1775034448.6442862,job_done,cagrad:coord:train.lr,254,286,0,88.81118881118881,344.1310735987866,2731.5403966903687
1775034556.522084,job_done,cagrad:coord:train.lr,255,286,0,89.16083916083916,345.1841785524405,2839.418242931366
1775034556.7457743,job_done,cagrad:coord:train.lr,256,286,0,89.5104895104895,332.7705198805779,2839.6417696475983
1775034559.1275244,job_done,cagrad:coord:train.lr,257,286,0,89.86013986013987,320.69526908184304,2842.023591518402
1775034559.1827219,job_done,cagrad:coord:train.lr,258,286,0,90.20979020979021,308.4426531643831,2842.078732728958
1775034669.2895784,job_done,cagrad:coord:train.lr,259,286,0,90.55944055944056,307.75681347552415,2952.185729265213
1775034669.5877879,job_done,cagrad:coord:train.lr,260,286,0,90.9090909090909,295.2483961820603,2952.4839618206024
1775034671.1457353,job_done,cagrad:coord:train.lr,261,286,0,91.25874125874125,282.95420595512536,2954.041910171509
1775034671.369081,job_done,cagrad:coord:train.lr,262,286,0,91.60839160839161,270.6197217475367,2954.2652957439423
1775034778.1612825,job_done,cagrad:coord:train.lr,263,286,0,91.95804195804196,267.6970402759291,3061.0574605464935
1775034778.5604725,job_done,cagrad:coord:train.lr,264,286,0,92.3076923076923,255.1213859319687,3061.4566311836243
1775034779.2484741,job_done,cagrad:coord:train.lr,265,286,0,92.65734265734265,242.66051982933618,3062.1446549892426
1775034779.5152094,job_done,cagrad:coord:train.lr,266,286,0,93.00699300699301,230.25645863740962,3062.410899877548
1775034889.9606245,job_done,cagrad:coord:train.lr,267,286,0,93.35664335664336,225.7838112959701,3172.856716632843
1775034892.4082355,job_done,cagrad:coord:train.lr,268,286,0,93.7062937062937,213.26671357475112,3175.304402112961
1775034892.9315205,job_done,cagrad:coord:train.lr,269,286,0,94.05594405594405,200.7028567977111,3175.8275575637817
1775034893.4718263,job_done,cagrad:coord:train.lr,270,286,0,94.4055944055944,188.22921153880932,3176.367944717407
1775034998.237204,job_done,cagrad:coord:train.lr,271,286,0,94.75524475524476,181.6125471741511,3281.133352279663
1775035002.0926077,job_done,cagrad:coord:train.lr,272,286,0,95.1048951048951,169.08025598876617,3284.9878306388855
1775035002.357181,job_done,cagrad:coord:train.lr,273,286,0,95.45454545454545,156.4406386330014,3285.25341129303
1775035002.6982927,job_done,cagrad:coord:train.lr,274,286,0,95.8041958041958,143.89464730937985,3285.5944468975067
1775035112.5275614,job_done,cagrad:coord:train.lr,275,286,0,96.15384615384616,135.81694896698,3395.4237241744995
1775035117.7170627,job_done,cagrad:coord:train.lr,276,286,0,96.5034965034965,123.21062552756158,3400.6132645606995
1775035117.9202578,job_done,cagrad:coord:train.lr,277,286,0,96.85314685314685,110.49583844243405,3400.81636095047
1775035118.3276258,job_done,cagrad:coord:train.lr,278,286,0,97.2027972027972,97.87694563968577,3401.22386097908
1775035227.862612,job_done,cagrad:coord:train.lr,279,286,0,97.55244755244755,88.08354744689012,3510.7585339546204
1775035230.6757598,job_done,cagrad:coord:train.lr,280,286,0,97.9020979020979,75.29082676342556,3513.571915626526
1775035231.8325083,job_done,cagrad:coord:train.lr,281,286,0,98.25174825174825,62.539656539828755,3514.728697538376
1775035232.1548088,job_done,cagrad:coord:train.lr,282,286,0,98.6013986013986,49.85887845019077,3515.050930738449
1775035343.8538115,job_done,cagrad:coord:train.lr,283,286,0,98.95104895104895,38.446112940252455,3626.7499873638153
1775035344.7565267,job_done,cagrad:coord:train.lr,284,286,0,99.3006993006993,25.546849934148117,3627.6526906490326
1775035347.5867994,job_done,cagrad:coord:train.lr,285,286,0,99.65034965034965,12.738536375447323,3630.482867002487
1775035347.6387088,job_done,cagrad:coord:train.lr,286,286,0,100.0,,3630.534777879715
1775035347.6570158,group_end,cagrad:coord:train.lr,286,286,0,100.0,,3630.5530519485474
1775035347.6574051,phase_end,,286,286,0,100.0,,3630.5535883903503
1775035347.6578875,lock_released,,286,286,0,100.0,,3630.5540776252747
1775035347.6611423,lock_wait,,286,286,0,100.0,,3630.557317018509
1775035347.6616044,lock_acquired,,286,286,0,100.0,,3630.5577800273895
1775035347.6619747,plan_add,,286,324,0,88.27160493827161,482.3818550193227,3630.5581719875336
1775035347.6623528,phase_start,cagrad:coord:train.weight_decay,286,324,0,88.27160493827161,482.38190522894155,3630.5585498809814
1775035355.9994874,group_slots,cagrad:coord:train.weight_decay,286,324,0,88.27160493827161,483.4896313310503,3638.8956463336945
1775035355.999716,group_start,cagrad:coord:train.weight_decay,286,324,0,88.27160493827161,483.4896806220075,3638.8960173130035
1775035473.741701,job_done,cagrad:coord:train.weight_decay,287,324,0,88.58024691358025,484.3051937830988,3756.637584209442
1775035475.2981138,job_done,cagrad:coord:train.weight_decay,288,324,0,88.88888888888889,469.7742802798748,3758.1942422389984
1775035475.6281848,job_done,cagrad:coord:train.weight_decay,289,324,0,89.19753086419753,455.184608149281,3758.524335861206
1775035475.6946495,job_done,cagrad:coord:train.weight_decay,290,324,0,89.50617283950618,440.66237664880424,3758.5908596515656
1775035582.9546134,job_done,cagrad:coord:train.weight_decay,291,324,0,89.81481481481481,438.39524842045967,3865.8490087985992
1775035584.143766,job_done,cagrad:coord:train.weight_decay,292,324,0,90.12345679012346,423.78519201931886,3867.039877176285
1775035585.0297308,job_done,cagrad:coord:train.weight_decay,293,324,0,90.4320987654321,409.23448484586777,3867.9259374141693
1775035585.452265,job_done,cagrad:coord:train.weight_decay,294,324,0,90.74074074074075,394.72943215954064,3868.348435163498
1775035691.2344236,job_done,cagrad:coord:train.weight_decay,295,324,0,91.04938271604938,390.67722922583755,3974.130435228348
1775035692.0681484,job_done,cagrad:coord:train.weight_decay,296,324,0,91.35802469135803,376.01012662294744,3974.964195728302
1775035692.6168604,job_done,cagrad:coord:train.weight_decay,297,324,0,91.66666666666667,361.4102783636613,3975.5130620002747
1775035692.9568763,job_done,cagrad:coord:train.weight_decay,298,324,0,91.9753086419753,346.88651354200886,3975.853116750717
1775035797.0640554,job_done,cagrad:coord:train.weight_decay,299,324,0,92.28395061728395,341.1337963115411,4079.960203886032
1775035797.4565904,job_done,cagrad:coord:train.weight_decay,300,324,0,92.5925925925926,326.42819858551024,4080.352482318878
1775035799.3675046,job_done,cagrad:coord:train.weight_decay,301,324,0,92.90123456790124,311.9337704957918,4082.263692140579
1775035799.8981497,job_done,cagrad:coord:train.weight_decay,302,324,0,93.20987654320987,297.42210527287415,4082.794354200363
1775035904.773386,job_done,cagrad:coord:train.weight_decay,303,324,0,93.51851851851852,290.23452111518026,4187.669518947601
1775035905.491065,job_done,cagrad:coord:train.weight_decay,304,324,0,93.82716049382717,275.5517914891243,4188.387230634689
1775035906.397695,job_done,cagrad:coord:train.weight_decay,305,324,0,94.1358024691358,260.97240268285157,4189.293832540512
1775035906.6233137,job_done,cagrad:coord:train.weight_decay,306,324,0,94.44444444444444,246.44229240978464,4189.518970966339
1775036015.6622958,job_done,cagrad:coord:train.weight_decay,307,324,0,94.75308641975309,238.03092314831983,4298.558435678482
1775036016.0000682,job_done,cagrad:coord:train.weight_decay,308,324,0,95.06172839506173,223.31928591294724,4298.896253824234
1775036016.6906662,job_done,cagrad:coord:train.weight_decay,309,324,0,95.37037037037037,208.71780839938563,4299.586853027344
1775036016.8121972,job_done,cagrad:coord:train.weight_decay,310,324,0,95.67901234567901,194.18038318849378,4299.708484888077
1775036122.4462729,job_done,cagrad:coord:train.weight_decay,311,324,0,95.98765432098766,184.14614502180044,4405.342392444611
1775036124.293801,job_done,cagrad:coord:train.weight_decay,312,324,0,96.29629629629629,169.50730123886697,4407.189832210541
1775036125.2026684,job_done,cagrad:coord:train.weight_decay,313,324,0,96.60493827160494,154.91721224099302,4408.0988574028015
1775036125.7365365,job_done,cagrad:coord:train.weight_decay,314,324,0,96.91358024691358,140.40231416179876,4408.632664680481
1775036230.9836168,job_done,cagrad:coord:train.weight_decay,315,324,0,97.22222222222223,128.96799329348974,4513.8797652721405
1775036232.8824458,job_done,cagrad:coord:train.weight_decay,316,324,0,97.53086419753086,114.32350871532779,4515.778594255447
1775036233.8444185,job_done,cagrad:coord:train.weight_decay,317,324,0,97.8395061728395,99.73875026371952,4516.740547657013
1775036234.0799704,job_done,cagrad:coord:train.weight_decay,318,324,0,98.14814814814815,85.22596561683798,4516.976177692413
1775036340.9252305,job_done,cagrad:coord:train.weight_decay,319,324,0,98.45679012345678,72.47368994177695,4623.82141828537
1775036342.9177482,job_done,cagrad:coord:train.weight_decay,320,324,0,98.76543209876543,57.82265591621399,4625.812473297119
1775036343.746865,job_done,cagrad:coord:train.weight_decay,321,324,0,99.07407407407408,43.23965468139292,4626.643050909042
1775036344.4788582,job_done,cagrad:coord:train.weight_decay,322,324,0,99.38271604938272,28.741459828726253,4627.375032424927
1775036434.2226517,job_done,cagrad:coord:train.weight_decay,323,324,0,99.69135802469135,14.604082808036921,4717.118746995926
1775036435.9031358,job_done,cagrad:coord:train.weight_decay,324,324,0,100.0,,4718.799317359924
1775036435.914629,group_end,cagrad:coord:train.weight_decay,324,324,0,100.0,,4718.8107941150665
1775036435.914857,phase_end,,324,324,0,100.0,,4718.811154127121
1775036435.9150944,lock_released,,324,324,0,100.0,,4718.81139421463
1775036435.9167902,lock_wait,,324,324,0,100.0,,4718.8130741119385
1775036435.9170432,lock_acquired,,324,324,0,100.0,,4718.813338756561
1775036435.9172482,plan_add,,324,362,0,89.50276243093923,553.4410949224307,4718.813546180725
1775036435.917472,phase_start,cagrad:coord:train.grad_clip,324,362,0,89.50276243093923,553.4411191381054,4718.813752651215
1775036443.734703,group_slots,cagrad:coord:train.grad_clip,324,362,0,89.50276243093923,554.3579116912535,4726.630615472794
1775036443.7349665,group_start,cagrad:coord:train.grad_clip,324,362,0,89.50276243093923,554.3579838908748,4726.631231069565
1775036558.8490665,job_done,cagrad:coord:train.grad_clip,325,362,0,89.77900552486187,551.2140541751568,4841.7450704574585
1775036559.485533,job_done,cagrad:coord:train.grad_clip,326,362,0,90.05524861878453,534.7415072552266,4842.381426811218
1775036560.382633,job_done,cagrad:coord:train.grad_clip,327,362,0,90.33149171270718,518.3937533368393,4843.278781175613
1775036560.6456537,job_done,cagrad:coord:train.grad_clip,328,362,0,90.60773480662984,502.0744466505399,4843.541720628738
1775036677.100445,job_done,cagrad:coord:train.grad_clip,329,362,0,90.88397790055248,497.5072574789401,4959.996597290039
1775036678.4287126,job_done,cagrad:coord:train.grad_clip,330,362,0,91.16022099447514,481.09815844911515,4961.3247590065
1775036678.8496957,job_done,cagrad:coord:train.grad_clip,331,362,0,91.43646408839778,464.69523317360085,4961.745876789093
1775036680.224561,job_done,cagrad:coord:train.grad_clip,332,362,0,91.71270718232044,448.4747662386262,4963.12074637413
1775036791.6673295,job_done,cagrad:coord:train.grad_clip,333,362,0,91.98895027624309,441.92894358463116,5074.563386678696
1775036792.074005,job_done,cagrad:coord:train.grad_clip,334,362,0,92.26519337016575,425.4465973220186,5074.970125198364
1775036792.373867,job_done,cagrad:coord:train.grad_clip,335,362,0,92.54143646408839,409.05158054010195,5075.269610404968
1775036795.4865644,job_done,cagrad:coord:train.grad_clip,336,362,0,92.81767955801105,392.9700894355774,5078.382694244385
1775036910.5106258,job_done,cagrad:coord:train.grad_clip,337,362,0,93.0939226519337,385.26756218703633,5193.40673828125
1775036910.5863175,job_done,cagrad:coord:train.grad_clip,338,362,0,93.37016574585635,368.76798493763397,5193.482454538345
1775036910.7269595,job_done,cagrad:coord:train.grad_clip,339,362,0,93.646408839779,352.3697095156419,5193.623109817505
1775036910.857706,job_done,cagrad:coord:train.grad_clip,340,362,0,93.92265193370166,336.0664253094617,5193.753845691681
1775037017.5044823,job_done,cagrad:coord:train.grad_clip,341,362,0,94.1988950276243,326.4176343403254,5300.400633811951
1775037017.5652125,job_done,cagrad:coord:train.grad_clip,342,362,0,94.47513812154696,309.9684981435363,5300.461318254471
1775037018.9372041,job_done,cagrad:coord:train.grad_clip,343,362,0,94.7513812154696,293.6875652245113,5301.833414316177
1775037019.0326104,job_done,cagrad:coord:train.grad_clip,344,362,0,95.02762430939227,277.42649887328923,5301.928645133972
1775037147.9690526,job_done,cagrad:coord:train.grad_clip,345,362,0,95.30386740331491,267.6078456671342,5430.8651032447815
1775037148.218236,job_done,cagrad:coord:train.grad_clip,346,362,0,95.58011049723757,251.1497988618178,5431.11440038681
1775037150.3513331,job_done,cagrad:coord:train.grad_clip,347,362,0,95.85635359116021,234.8666073884332,5433.247517585754
1775037150.6100073,job_done,cagrad:coord:train.grad_clip,348,362,0,96.13259668508287,218.58932678041785,5433.50612282753
1775037288.4441535,job_done,cagrad:coord:train.grad_clip,349,362,0,96.40883977900552,207.5284364633369,5571.340332746506
1775037289.6165557,job_done,cagrad:coord:train.grad_clip,350,362,0,96.68508287292818,191.05757796151298,5572.512690544128
1775037290.7166495,job_done,cagrad:coord:train.grad_clip,351,362,0,96.96132596685082,174.67162587839653,5573.612789392471
1775037290.846984,job_done,cagrad:coord:train.grad_clip,352,362,0,97.23756906077348,158.3449785275893,5573.743244171143
1775037428.6056857,job_done,cagrad:coord:train.grad_clip,353,362,0,97.51381215469613,145.61901777864514,5711.501475095749
1775037430.8679373,job_done,cagrad:coord:train.grad_clip,354,362,0,97.79005524861878,129.12461230175643,5713.764094352722
1775037432.2240021,job_done,cagrad:coord:train.grad_clip,355,362,0,98.06629834254143,112.69251021331465,5715.1201608181
1775037432.7197433,job_done,cagrad:coord:train.grad_clip,356,362,0,98.34254143646409,96.3306057520127,5715.615941286087
1775037559.1841044,job_done,cagrad:coord:train.grad_clip,357,362,0,98.61878453038673,81.82185104915074,5842.080164909363
1775037560.9747748,job_done,cagrad:coord:train.grad_clip,358,362,0,98.89502762430939,65.29464575165477,5843.870794773102
1775037562.7059798,job_done,cagrad:coord:train.grad_clip,359,362,0,99.17127071823204,48.849040384080084,5845.60183262825
1775037563.051763,job_done,cagrad:coord:train.grad_clip,360,362,0,99.4475138121547,32.477488015757665,5845.94784283638
1775037675.6462786,job_done,cagrad:coord:train.grad_clip,361,362,0,99.72375690607734,16.505657426538228,5958.542330980301
1775037677.0473497,job_done,cagrad:coord:train.grad_clip,362,362,0,100.0,,5959.943443059921
1775037677.0661309,group_end,cagrad:coord:train.grad_clip,362,362,0,100.0,,5959.962162971497
1775037677.0665286,phase_end,,362,362,0,100.0,,5959.9627022743225
1775037677.0669749,lock_released,,362,362,0,100.0,,5959.963161230087
1775037677.0701065,lock_wait,,362,362,0,100.0,,5959.966279745102
1775037677.0705562,lock_acquired,,362,362,0,100.0,,5959.966737031937
1775037677.0709214,plan_add,,362,400,0,90.5,625.6319075170802,5959.9671189785
1775037677.0713015,phase_start,cagrad:coord:method.baseline_cagrad.c,362,400,0,90.5,625.6319463094953,5959.967488527298
1775037688.4820173,group_slots,cagrad:coord:method.baseline_cagrad.c,362,400,0,90.5,626.8297513018656,5971.3781571388245
1775037688.4822507,group_start,cagrad:coord:method.baseline_cagrad.c,362,400,0,90.5,626.8297924969078,5971.378549575806
1775037829.5551057,job_done,cagrad:coord:method.baseline_cagrad.c,363,400,0,90.75,623.0321699758535,6112.450748682022
1775037829.9154513,job_done,cagrad:coord:method.baseline_cagrad.c,364,400,0,91.0,604.5637826788557,6112.81158041954
1775037830.183445,job_done,cagrad:coord:method.baseline_cagrad.c,365,400,0,91.25,586.1857143689508,6113.079592704773
1775037830.4461432,job_done,cagrad:coord:method.baseline_cagrad.c,366,400,0,91.5,567.9061156491765,6113.342303752899
1775037966.3766193,job_done,cagrad:coord:method.baseline_cagrad.c,367,400,0,91.75,561.9237099648822,6249.2727744579315
1775037967.1554434,job_done,cagrad:coord:method.baseline_cagrad.c,368,400,0,92.0,543.4827501877495,6250.051627159119
1775037967.2737224,job_done,cagrad:coord:method.baseline_cagrad.c,369,400,0,92.25,525.0820263575732,6250.169926643372
1775037967.4106975,job_done,cagrad:coord:method.baseline_cagrad.c,370,400,0,92.5,506.7816298716777,6250.306768417358
1775038102.5691826,job_done,cagrad:coord:method.baseline_cagrad.c,371,400,0,92.75,499.13336091928403,6385.464720726013
1775038102.8671076,job_done,cagrad:coord:method.baseline_cagrad.c,372,400,0,93.0,480.6488415964188,6385.763181209564
1775038103.4679186,job_done,cagrad:coord:method.baseline_cagrad.c,373,400,0,93.25,462.2837297456194,6386.364118337631
1775038103.7145162,job_done,cagrad:coord:method.baseline_cagrad.c,374,400,0,93.5,443.9889763855042,6386.61066031456
1775038246.2466056,job_done,cagrad:coord:method.baseline_cagrad.c,375,400,0,93.75,435.27617460886637,6529.142619132996
1775038248.3834407,job_done,cagrad:coord:method.baseline_cagrad.c,376,400,0,94.0,416.8901784470741,6531.279462337494
1775038248.6576853,job_done,cagrad:coord:method.baseline_cagrad.c,377,400,0,94.25,398.4767556101953,6531.553776741028
1775038249.0744898,job_done,cagrad:coord:method.baseline_cagrad.c,378,400,0,94.5,380.1676037576463,6531.970646381378
1775038382.8654766,job_done,cagrad:coord:method.baseline_cagrad.c,379,400,0,94.75,369.3429924699436,6665.761626005173
1775038386.0740986,job_done,cagrad:coord:method.baseline_cagrad.c,380,400,0,95.0,350.99843720385905,6668.9703068733215
1775038386.2490969,job_done,cagrad:coord:method.baseline_cagrad.c,381,400,0,95.25,332.5820478523184,6669.145275354385
1775038387.0815082,job_done,cagrad:coord:method.baseline_cagrad.c,382,400,0,95.5,314.29214098815515,6669.977658748627
1775038517.354244,job_done,cagrad:coord:method.baseline_cagrad.c,383,400,0,95.75,301.83879116434343,6800.25041270256
1775038523.470891,job_done,cagrad:coord:method.baseline_cagrad.c,384,400,0,96.0,283.59862857063615,6806.367085695267
1775038523.929669,job_done,cagrad:coord:method.baseline_cagrad.c,385,400,0,96.25,265.20100666950276,6806.825837850571
1775038524.898799,job_done,cagrad:coord:method.baseline_cagrad.c,386,400,0,96.5,246.9148426340034,6807.794946908951
1775038655.2893984,job_done,cagrad:coord:method.baseline_cagrad.c,387,400,0,96.75,233.0656567648708,6938.185320615768
1775038661.349593,job_done,cagrad:coord:method.baseline_cagrad.c,388,400,0,97.0,214.77048273922242,6944.2456085681915
1775038663.3200486,job_done,cagrad:coord:method.baseline_cagrad.c,389,400,0,97.25,196.42256638691174,6946.21621131897
1775038664.1433144,job_done,cagrad:coord:method.baseline_cagrad.c,390,400,0,97.5,178.12921855999875,6947.039523839951
1775038791.1124575,job_done,cagrad:coord:method.baseline_cagrad.c,391,400,0,97.75,162.82884336066672,7074.008639335632
1775038799.2433505,job_done,cagrad:coord:method.baseline_cagrad.c,392,400,0,98.0,144.53345651529273,7082.139369249344
1775038801.195174,job_done,cagrad:coord:method.baseline_cagrad.c,393,400,0,98.25,126.17974430186148,7084.091358661652
1775038801.4348097,job_done,cagrad:coord:method.baseline_cagrad.c,394,400,0,98.5,107.88321353699351,7084.331022262573
1775038926.973625,job_done,cagrad:coord:method.baseline_cagrad.c,395,400,0,98.75,91.26417338999012,7209.869697809219
1775038934.8709536,job_done,cagrad:coord:method.baseline_cagrad.c,396,400,0,99.0,72.90673769122422,7217.767031431198
1775038938.9196303,job_done,cagrad:coord:method.baseline_cagrad.c,397,400,0,99.25,54.57291444603082,7221.815678358078
1775038938.987363,job_done,cagrad:coord:method.baseline_cagrad.c,398,400,0,99.5,36.290871962830046,7221.88352060318
1775039045.7489927,job_done,cagrad:coord:method.baseline_cagrad.c,399,400,0,99.75,18.367531554740772,7328.645090341568
1775039052.1228306,job_done,cagrad:coord:method.baseline_cagrad.c,400,400,0,100.0,,7335.018961906433
1775039052.1412053,group_end,cagrad:coord:method.baseline_cagrad.c,400,400,0,100.0,,7335.037252902985
1775039052.141601,phase_end,,400,400,0,100.0,,7335.03777384758
1775039052.1420476,lock_released,,400,400,0,100.0,,7335.038232088089
1775039052.145497,lock_wait,,400,400,0,100.0,,7335.0416514873505
1775039052.1459513,lock_acquired,,400,400,0,100.0,,7335.042137622833
1775039052.1463404,plan_add,,400,438,0,91.32420091324201,696.8290398800373,7335.042525053024
1775039052.146739,phase_start,cagrad:coord:method.baseline_cagrad.inner_lr,400,438,0,91.32420091324201,696.8290783166885,7335.042929649353
1775039062.4593494,group_slots,cagrad:coord:method.baseline_cagrad.inner_lr,400,438,0,91.32420091324201,697.8087713432312,7345.355487823486
1775039062.459637,group_start,cagrad:coord:method.baseline_cagrad.inner_lr,400,438,0,91.32420091324201,697.8088106179238,7345.3559012413025
1775039176.0543826,job_done,cagrad:coord:method.baseline_cagrad.inner_lr,401,438,0,91.55251141552512,688.2323304126387,7458.950391769409
1775039176.482718,job_done,cagrad:coord:method.baseline_cagrad.inner_lr,402,438,0,91.78082191780823,668.0040792564847,7459.3788850307465
1775039177.817277,job_done,cagrad:coord:method.baseline_cagrad.inner_lr,403,438,0,92.00913242009132,647.9527767272504,7460.713400602341
1775039178.0634797,job_done,cagrad:coord:method.baseline_cagrad.inner_lr,404,438,0,92.23744292237443,627.9025400098008,7460.959593057632
1775039306.8530645,job_done,cagrad:coord:method.baseline_cagrad.inner_lr,405,438,0,92.46575342465754,618.4240107624619,7589.749222993851
1775039307.6138391,job_done,cagrad:coord:method.baseline_cagrad.inner_lr,406,438,0,92.69406392694064,598.2668000770907,7590.510025978088
1775039308.785228,job_done,cagrad:coord:method.baseline_cagrad.inner_lr,407,438,0,92.92237442922375,578.2361753074777,7591.681398391724
1775039309.7608316,job_done,cagrad:coord:method.baseline_cagrad.inner_lr,408,438,0,93.15068493150685,558.283604436061,7592.657020330429
1775039447.0344012,job_done,cagrad:coord:method.baseline_cagrad.inner_lr,409,438,0,93.37899543378995,548.0879849950376,7729.930546998978
1775039449.923556,job_done,cagrad:coord:method.baseline_cagrad.inner_lr,410,438,0,93.60730593607306,528.095005335459,7732.819720983505
1775039450.3021631,job_done,cagrad:coord:method.baseline_cagrad.inner_lr,411,438,0,93.83561643835617,508.0203309372394,7733.198370933533
1775039450.6045928,job_done,cagrad:coord:method.baseline_cagrad.inner_lr,412,438,0,94.06392694063926,488.0364554020965,7733.500754833221
1775039586.9390466,job_done,cagrad:coord:method.baseline_cagrad.inner_lr,413,438,0,94.29223744292237,476.38227109758964,7869.835118532181
1775039590.4143472,job_done,cagrad:coord:method.baseline_cagrad.inner_lr,414,438,0,94.52054794520548,456.4237968196039,7873.310495138168
1775039591.67345,job_done,cagrad:coord:method.baseline_cagrad.inner_lr,415,438,0,94.74885844748859,436.4219293669045,7874.5695950984955
1775039592.776101,job_done,cagrad:coord:method.baseline_cagrad.inner_lr,416,438,0,94.9771689497717,416.50189482478,7875.6721930503845
1775039719.5844214,job_done,cagrad:coord:method.baseline_cagrad.inner_lr,417,438,0,95.20547945205479,403.00261405046035,8002.480479001999
1775039722.7682624,job_done,cagrad:coord:method.baseline_cagrad.inner_lr,418,438,0,95.4337899543379,383.04614053388536,8005.664337158203
1775039724.4526856,job_done,cagrad:coord:method.baseline_cagrad.inner_lr,419,438,0,95.662100456621,363.1017386395493,8007.348867893219
1775039725.3737912,job_done,cagrad:coord:method.baseline_cagrad.inner_lr,420,438,0,95.89041095890411,343.21157149927956,8008.270001649857
1775039857.2187982,job_done,cagrad:coord:method.baseline_cagrad.inner_lr,421,438,0,96.11872146118722,328.69822916225695,8140.11496925354
1775039861.2346866,job_done,cagrad:coord:method.baseline_cagrad.inner_lr,422,438,0,96.34703196347031,308.7822119364806,8144.1308398246765
1775039863.6473477,job_done,cagrad:coord:method.baseline_cagrad.inner_lr,423,438,0,96.57534246575342,288.8845224076129,8146.543531894684
1775039864.2907155,job_done,cagrad:coord:method.baseline_cagrad.inner_lr,424,438,0,96.80365296803653,269.0108888812785,8147.186920404434
1775039989.4614582,job_done,cagrad:coord:method.baseline_cagrad.inner_lr,425,438,0,97.03196347031964,253.03682037690106,8272.357589244843
1775039992.898147,job_done,cagrad:coord:method.baseline_cagrad.inner_lr,426,438,0,97.26027397260275,233.12096741501713,8275.794343233109
1775039997.9597569,job_done,cagrad:coord:method.baseline_cagrad.inner_lr,427,438,0,97.48858447488584,213.32415696441151,8280.855911254883
1775039998.848512,job_done,cagrad:coord:method.baseline_cagrad.inner_lr,428,438,0,97.71689497716895,193.49870720756388,8281.744668483734
1775040122.6020064,job_done,cagrad:coord:method.baseline_cagrad.inner_lr,429,438,0,97.94520547945206,176.33912177519366,8405.498137950897
1775040126.6836095,job_done,cagrad:coord:method.baseline_cagrad.inner_lr,430,438,0,98.17351598173516,156.45729718319205,8409.579723596573
1775040133.457046,job_done,cagrad:coord:method.baseline_cagrad.inner_lr,431,438,0,98.40182648401826,136.6925119877968,8416.353238105774
1775040135.6671214,job_done,cagrad:coord:method.baseline_cagrad.inner_lr,432,438,0,98.63013698630137,116.92449039220809,8418.563308238983
1775040256.1661937,job_done,cagrad:coord:method.baseline_cagrad.inner_lr,433,438,0,98.85844748858447,98.60349083332211,8539.062306165695
1775040259.8707576,job_done,cagrad:coord:method.baseline_cagrad.inner_lr,434,438,0,99.08675799086758,78.73517650613037,8542.766650915146
1775040265.8870041,job_done,cagrad:coord:method.baseline_cagrad.inner_lr,435,438,0,99.31506849315069,58.95712555030297,8548.78320479393
1775040268.620154,job_done,cagrad:coord:method.baseline_cagrad.inner_lr,436,438,0,99.54337899543378,39.227139233449186,8551.516352891922
1775040371.014304,job_done,cagrad:coord:method.baseline_cagrad.inner_lr,437,438,0,99.77168949771689,19.802998538966584,8653.910361528397
1775040374.5397725,job_done,cagrad:coord:method.baseline_cagrad.inner_lr,438,438,0,100.0,,8657.435963869095
1775040374.558259,group_end,cagrad:coord:method.baseline_cagrad.inner_lr,438,438,0,100.0,,8657.4543197155
1775040374.5586903,phase_end,,438,438,0,100.0,,8657.454881429672
1775040374.559616,lock_released,,438,438,0,100.0,,8657.45531654358
1775040374.5644329,lock_wait,,438,438,0,100.0,,8657.460549592972
1775040374.5648935,lock_acquired,,438,438,0,100.0,,8657.461079120636
1775040374.5652838,plan_add,,438,492,0,89.02439024390245,1067.3582634109341,8657.461469888687
1775040374.5656953,phase_start,cagrad:local_var_topk,438,492,0,89.02439024390245,1067.3583137629785,8657.461878299713
1775040385.1295393,group_slots,cagrad:local_var_topk,438,492,0,89.02439024390245,1068.6606989886661,8668.025669574738
1775040385.129814,group_start,cagrad:local_var_topk,438,492,0,89.02439024390245,1068.6607498110156,8668.02608180046
1775040528.713491,job_done,cagrad:local_var_topk,439,492,0,89.22764227642277,1063.8161467745526,8811.60921573639
1775040529.160892,job_done,cagrad:local_var_topk,440,492,0,89.4308943089431,1041.4249244559894,8812.057053089142
1775040529.2571468,job_done,cagrad:local_var_topk,441,492,0,89.63414634146342,1019.0925620932156,8812.153331041336
1775040529.3231282,job_done,cagrad:local_var_topk,442,492,0,89.83739837398375,996.8573917900276,8812.219343423843
1775040668.1512783,job_done,cagrad:local_var_topk,443,492,0,90.04065040650407,990.0707115766426,8951.047453641891
1775040668.6211765,job_done,cagrad:local_var_topk,444,492,0,90.2439024390244,967.7316049369606,8951.517345666885
1775040668.8645253,job_done,cagrad:local_var_topk,445,492,0,90.44715447154472,945.4668590379565,8951.760686635971
1775040669.1112597,job_done,cagrad:local_var_topk,446,492,0,90.65040650406505,923.3012080727136,8952.007365226746
1775040805.9789202,job_done,cagrad:local_var_topk,447,492,0,90.85365853658537,914.9874162273919,9088.875001192093
1775040806.4451003,job_done,cagrad:local_var_topk,448,492,0,91.0569105691057,892.7031580784492,9089.341245889664
1775040806.6475532,job_done,cagrad:local_var_topk,449,492,0,91.26016260162602,870.4908196267678,9089.543674707413
1775040806.7577956,job_done,cagrad:local_var_topk,450,492,0,91.46341463414635,848.3676941204071,9089.65386557579
1775040943.120749,job_done,cagrad:local_var_topk,451,492,0,91.66666666666667,838.7288062572479,9226.016868829727
1775040943.517776,job_done,cagrad:local_var_topk,452,492,0,91.869918699187,816.4968039715185,9226.413884878159
1775040943.787099,job_done,cagrad:local_var_topk,453,492,0,92.07317073170732,794.3502153371344,9226.683270454407
1775040944.0636642,job_done,cagrad:local_var_topk,454,492,0,92.27642276422765,772.3005881666612,9226.959658622742
1775041078.997111,job_done,cagrad:local_var_topk,455,492,0,92.47967479674797,761.296807046513,9361.893167734146
1775041079.4983394,job_done,cagrad:local_var_topk,456,492,0,92.6829268292683,739.1364093266035,9362.394518136978
1775041079.7442083,job_done,cagrad:local_var_topk,457,492,0,92.88617886178862,717.0512271370877,9362.640308618546
1775041079.8566642,job_done,cagrad:local_var_topk,458,492,0,93.08943089430895,695.0515134074282,9362.752739429474
1775041217.7045672,job_done,cagrad:local_var_topk,459,492,0,93.29268292682927,683.0497238308776,9500.600704193115
1775041218.0052297,job_done,cagrad:local_var_topk,460,492,0,93.4959349593496,660.9322676617167,9500.901347637177
1775041218.6269088,job_done,cagrad:local_var_topk,461,492,0,93.69918699186992,638.9310525482492,9501.5230717659
1775041218.9379175,job_done,cagrad:local_var_topk,462,492,0,93.90243902439025,617.0022131715502,9501.834082841873
1775041336.731266,job_done,cagrad:local_var_topk,463,492,0,94.10569105691057,602.5252578922791,9619.627393245697
1775041337.034681,job_done,cagrad:local_var_topk,464,492,0,94.3089430894309,580.5130728380433,9619.930921316147
1775041337.102551,job_done,cagrad:local_var_topk,465,492,0,94.51219512195122,558.5805772858281,9619.998831033707
1775041337.2294018,job_done,cagrad:local_var_topk,466,492,0,94.71544715447155,536.7452082286065,9620.125655174255
1775041460.077564,job_done,cagrad:local_var_topk,467,492,0,94.91869918699187,521.5724701289191,9742.97374200821
1775041460.5086858,job_done,cagrad:local_var_topk,468,492,0,95.1219512195122,499.6617883168734,9743.404872179031
1775041460.7462833,job_done,cagrad:local_var_topk,469,492,0,95.32520325203252,477.8332125983004,9743.64246559143
1775041461.0337389,job_done,cagrad:local_var_topk,470,492,0,95.52845528455285,456.098848946551,9743.929954767227
1775041600.4815128,job_done,cagrad:local_var_topk,471,492,0,95.73170731707317,440.6601488104292,9883.377623319626
1775041600.8649588,job_done,cagrad:local_var_topk,472,492,0,95.9349593495935,418.80343753402514,9883.761125802994
1775041601.1860425,job_done,cagrad:local_var_topk,473,492,0,96.13821138211382,397.0350123671598,9884.082149982452
1775041601.9014955,job_done,cagrad:local_var_topk,474,492,0,96.34146341463415,375.3720629335959,9884.797657251358
1775041734.6041121,job_done,cagrad:local_var_topk,475,492,0,96.54471544715447,358.52105917629444,10017.50018286705
1775041735.5371447,job_done,cagrad:local_var_topk,476,492,0,96.7479674796748,336.7540339061192,10018.432508707047
1775041735.8552344,job_done,cagrad:local_var_topk,477,492,0,96.95121951219512,315.0550728548998,10018.751316785812
1775041736.3049164,job_done,cagrad:local_var_topk,478,492,0,97.15447154471545,293.44940467559144,10019.201102495193
1775041874.2846587,job_done,cagrad:local_var_topk,479,492,0,97.35772357723577,275.6646151303747,10157.180819034576
1775041875.172306,job_done,cagrad:local_var_topk,480,492,0,97.5609756097561,253.9517112791538,10158.068451166153
1775041875.5216913,job_done,cagrad:local_var_topk,481,492,0,97.76422764227642,232.31308772608546,10158.417745113373
1775041875.630979,job_done,cagrad:local_var_topk,482,492,0,97.96747967479675,210.757826754661,10158.527249574661
1775042017.1723142,job_done,cagrad:local_var_topk,483,492,0,98.17073170731707,191.92673910478626,10300.068331956863
1775042019.5050066,job_done,cagrad:local_var_topk,484,492,0,98.3739837398374,170.28762233355815,10302.401151180267
1775042019.829306,job_done,cagrad:local_var_topk,485,492,0,98.57723577235772,148.6991310979902,10302.725511789322
1775042019.9098153,job_done,cagrad:local_var_topk,486,492,0,98.78048780487805,127.19513552277178,10302.805977344513
1775042153.9733372,job_done,cagrad:local_var_topk,487,492,0,98.98373983739837,107.15471691419457,10436.86942744255
1775042156.9876595,job_done,cagrad:local_var_topk,488,492,0,99.1869918699187,85.57281834766513,10439.883838415146
1775042158.8967197,job_done,cagrad:local_var_topk,489,492,0,99.39024390243902,64.06007921330037,10441.79291176796
1775042159.1671562,job_done,cagrad:local_var_topk,490,492,0,99.59349593495935,42.62066672772777,10442.063348293304
1775042270.6065176,job_done,cagrad:local_var_topk,491,492,0,99.79674796747967,21.49389536706105,10553.502625226974
1775042273.3380935,job_done,cagrad:local_var_topk,492,492,0,100.0,,10556.234295129776
1775042273.3562145,group_end,cagrad:local_var_topk,492,492,0,100.0,,10556.252284049988
1775042273.3566158,phase_end,,492,492,0,100.0,,10556.252786397934
1775042273.3575318,lock_released,,492,492,0,100.0,,10556.25324678421
1775042273.3770995,method_done,,492,492,0,100.0,,10556.273283720016
1775042273.3774881,method_start,,492,492,0,100.0,,10556.273669242859
1775042273.378001,lock_wait,,492,492,0,100.0,,10556.274182081223
1775042273.3784409,lock_acquired,,492,492,0,100.0,,10556.274624347687
1775042273.3788407,lock_released,,492,492,0,100.0,,10556.275030612946
1775042273.3812296,lock_wait,,492,492,0,100.0,,10556.277399301529
1775042273.381677,lock_acquired,,492,492,0,100.0,,10556.277863264084
1775042273.3820598,plan_add,,492,540,0,91.11111111111111,1029.880804945783,10556.278250694275
1775042273.3824604,phase_start,ours:coord:train.lr,492,540,0,91.11111111111111,1029.8808426973296,10556.278637647629
1775042283.8995526,group_slots,ours:coord:train.lr,492,540,0,91.11111111111111,1030.9068846818877,10566.79556798935
1775042283.899963,group_start,ours:coord:train.lr,492,540,0,91.11111111111111,1030.9069407393292,10566.796142578125
1775042448.0552628,job_done,ours:coord:train.lr,493,540,0,91.29629629629629,1023.0318520963797,10730.951129436493
1775042449.3509164,job_done,ours:coord:train.lr,494,540,0,91.48148148148148,999.3590427989419,10732.247111797333
1775042449.4903092,job_done,ours:coord:train.lr,495,540,0,91.66666666666667,975.6715018315748,10732.386520147324
1775042450.255661,job_done,ours:coord:train.lr,496,540,0,91.85185185185185,952.1344322773718,10733.151782035828
1775042601.8261173,job_done,ours:coord:train.lr,497,540,0,92.03703703703704,941.7365272284994,10884.722186803818
1775042605.4287996,job_done,ours:coord:train.lr,498,540,0,92.22222222222223,918.292470205261,10888.325003862381
1775042605.5431778,job_done,ours:coord:train.lr,499,540,0,92.4074074074074,894.6413163813895,10888.439435958862
1775042605.7958972,job_done,ours:coord:train.lr,500,540,0,92.5925925925926,871.0953668022156,10888.692085027695
1775042762.9241347,job_done,ours:coord:train.lr,501,540,0,92.77777777777777,859.854276268782,11045.820318222046
1775042766.647426,job_done,ours:coord:train.lr,502,540,0,92.96296296296296,836.4196289298069,11049.54351902008
1775042767.9794655,job_done,ours:coord:train.lr,503,540,0,93.14814814814815,812.8874646967969,11050.87553358078
1775042768.3985481,job_done,ours:coord:train.lr,504,540,0,93.33333333333333,789.3781921693256,11051.29469037056
1775042929.6702356,job_done,ours:coord:train.lr,505,540,0,93.51851851851852,777.1085528453978,11212.566262483597
1775042933.6788657,job_done,ours:coord:train.lr,506,540,0,93.70370370370371,753.6829017933178,11216.5749502182
1775042935.1490388,job_done,ours:coord:train.lr,507,540,0,93.88888888888889,730.1686240907252,11218.045224666595
1775042935.4912932,job_done,ours:coord:train.lr,508,540,0,94.07407407407408,706.6700692965289,11218.387350082397
1775043085.4872525,job_done,ours:coord:train.lr,509,540,0,94.25925925925925,692.3769793889846,11368.383306741714
1775043089.658916,job_done,ours:coord:train.lr,510,540,0,94.44444444444444,668.9738219345318,11372.55497288704
1775043093.5007281,job_done,ours:coord:train.lr,511,540,0,94.62962962962963,645.6272206913002,11376.39688873291
1775043093.5982137,job_done,ours:coord:train.lr,512,540,0,94.81481481481481,622.1520398352295,11376.49444270134
1775043244.4136033,job_done,ours:coord:train.lr,513,540,0,95.0,606.7005078918056,11527.309649944305
1775043249.619878,job_done,ours:coord:train.lr,514,540,0,95.18518518518519,583.3568440504112,11532.516070842743
1775043255.1436262,job_done,ours:coord:train.lr,515,540,0,95.37037037037037,560.0990130368946,11538.039668560028
1775043255.94536,job_done,ours:coord:train.lr,516,540,0,95.55555555555556,536.6903052108232,11538.8415620327
1775043408.5773373,job_done,ours:coord:train.lr,517,540,0,95.74074074074075,520.1235746585654,11691.473395586014
1775043413.64974,job_done,ours:coord:train.lr,518,540,0,95.92592592592592,496.7644962500421,11696.545866250992
1775043419.7254968,job_done,ours:coord:train.lr,519,540,0,96.11111111111111,473.5164782105154,11702.621532917023
1775043420.509758,job_done,ours:coord:train.lr,520,540,0,96.29629629629629,450.1309832426218,11703.405564308167
1775043564.1256099,job_done,ours:coord:train.lr,521,540,0,96.48148148148148,432.0410966786222,11847.021651029587
1775043568.9308136,job_done,ours:coord:train.lr,522,540,0,96.66666666666667,408.68368847616784,11851.826965808868
1775043576.193928,job_done,ours:coord:train.lr,523,540,0,96.85185185185185,385.4771159775627,11859.090097427368
1775043577.8049448,job_done,ours:coord:train.lr,524,540,0,97.03703703703704,362.1588098147443,11860.701021432877
1775043724.094722,job_done,ours:coord:train.lr,525,540,0,97.22222222222223,343.0568786961692,12006.990754365921
1775043730.020211,job_done,ours:coord:train.lr,526,540,0,97.4074074074074,319.73541352957375,12012.916251182556
1775043738.7168849,job_done,ours:coord:train.lr,527,540,0,97.5925925925926,296.54832882401615,12021.613022327423
1775043739.8866825,job_done,ours:coord:train.lr,528,540,0,97.77777777777777,273.2450654885986,12022.782881498337
1775043872.7813313,job_done,ours:coord:train.lr,529,540,0,97.96296296296296,252.7645567238669,12155.677318811417
1775043874.695458,job_done,ours:coord:train.lr,530,540,0,98.14814814814815,229.38851957950953,12157.591537714005
1775043879.0258105,job_done,ours:coord:train.lr,531,540,0,98.33333333333333,206.13426837678682,12161.921834230423
1775043879.2542522,job_done,ours:coord:train.lr,532,540,0,98.51851851851852,182.88947865837497,12162.150330781937
1775043971.598666,job_done,ours:coord:train.lr,533,540,0,98.70370370370371,160.94083095312567,12254.494699716568
1775043974.8812277,job_done,ours:coord:train.lr,534,540,0,98.88888888888889,137.72783547840763,12257.777357578278
1775043980.3984149,job_done,ours:coord:train.lr,535,540,0,99.07407407407408,114.61022941642833,12263.29454755783
1775043980.7516165,job_done,ours:coord:train.lr,536,540,0,99.25925925925925,91.51975950198387,12263.647773265839
1775044098.9206965,job_done,ours:coord:train.lr,537,540,0,99.44444444444444,69.17216034042103,12381.816700935364
1775044107.8854034,job_done,ours:coord:train.lr,538,540,0,99.62962962962963,46.06238473037805,12390.781492471695
1775044118.102349,job_done,ours:coord:train.lr,539,540,0,99.81481481481481,23.007418228655446,12400.998425245285
1775044118.9020393,job_done,ours:coord:train.lr,540,540,0,100.0,,12401.798106908798
1775044118.9208968,group_end,ours:coord:train.lr,540,540,0,100.0,,12401.816922426224
1775044118.9212623,phase_end,,540,540,0,100.0,,12401.817460775375
1775044118.9217498,lock_released,,540,540,0,100.0,,12401.817934036255
1775044118.925278,lock_wait,,540,540,0,100.0,,12401.821454286575
1775044118.9257371,lock_acquired,,540,540,0,100.0,,12401.82193350792
1775044118.9261117,plan_add,,540,588,0,91.83673469387755,1102.3842053731282,12401.822310447693
1775044118.9265132,phase_start,ours:coord:train.weight_decay,540,588,0,91.83673469387755,1102.384237967597,12401.822677135468
1775044130.6417537,group_slots,ours:coord:train.weight_decay,540,588,0,91.83673469387755,1103.4255788591174,12413.53776216507
1775044130.6421702,group_start,ours:coord:train.weight_decay,540,588,0,91.83673469387755,1103.4256305058798,12413.538343191147
1775044290.3416765,job_done,ours:coord:train.weight_decay,541,588,0,92.00680272108843,1092.3145370373222,12573.237543344498
1775044290.5193474,job_done,ours:coord:train.weight_decay,542,588,0,92.17687074829932,1067.1164490947863,12573.4155523777
1775044291.074837,job_done,ours:coord:train.weight_decay,543,588,0,92.34693877551021,1042.0417972361845,12573.971019983292
1775044291.3628561,job_done,ours:coord:train.weight_decay,544,588,0,92.51700680272108,1017.0356483231573,12574.258924722672
1775044452.5891469,job_done,ours:coord:train.weight_decay,545,588,0,92.68707482993197,1004.8181072781938,12735.485313177109
1775044452.6449692,job_done,ours:coord:train.weight_decay,546,588,0,92.85714285714286,979.6570102985088,12735.541133880615
1775044452.7386181,job_done,ours:coord:train.weight_decay,547,588,0,93.02721088435374,954.5905388757122,12735.634750366211
1775044452.913007,job_done,ours:coord:train.weight_decay,548,588,0,93.19727891156462,929.6211039236862,12735.809123754501
1775044619.7705,job_done,ours:coord:train.weight_decay,549,588,0,93.36734693877551,916.5828687180588,12902.666536569595
1775044620.1858933,job_done,ours:coord:train.weight_decay,550,588,0,93.5374149659864,891.4856694915079,12903.082058429718
1775044620.2758393,job_done,ours:coord:train.weight_decay,551,588,0,93.70748299319727,866.4561973795052,12903.172020435333
1775044620.8505108,job_done,ours:coord:train.weight_decay,552,588,0,93.87755102040816,841.5486936310062,12903.74663567543
1775044786.835319,job_done,ours:coord:train.weight_decay,553,588,0,94.04761904761905,827.1981874447835,13069.731361627579
1775044787.4525685,job_done,ours:coord:train.weight_decay,554,588,0,94.21768707482993,802.151365901589,13070.34872674942
1775044788.7267237,job_done,ours:coord:train.weight_decay,555,588,0,94.38775510204081,777.2316312403292,13071.6228890419
1775044789.1865175,job_done,ours:coord:train.weight_decay,556,588,0,94.5578231292517,752.350082370017,13072.082681179047
1775044929.6966696,job_done,ours:coord:train.weight_decay,557,588,0,94.72789115646259,735.3507613459439,13212.592711925507
1775044936.269412,job_done,ours:coord:train.weight_decay,558,588,0,94.89795918367346,710.7078258324696,13219.165560483932
1775044938.1129582,job_done,ours:coord:train.weight_decay,559,588,0,95.06802721088435,685.8841963731326,13221.009164571762
1775044938.3573055,job_done,ours:coord:train.weight_decay,560,588,0,95.23809523809524,661.0626758098601,13221.253516197205
1775045097.475493,job_done,ours:coord:train.weight_decay,561,588,0,95.40816326530613,643.9751054144161,13380.371634721756
1775045104.8532274,job_done,ours:coord:train.weight_decay,562,588,0,95.578231292517,619.3620704696696,13387.749369382858
1775045106.8255305,job_done,ours:coord:train.weight_decay,563,588,0,95.74829931972789,594.570229680246,13389.72157239914
1775045106.9600227,job_done,ours:coord:train.weight_decay,564,588,0,95.91836734693878,569.7811111084958,13389.856111049652
1775045257.749129,job_done,ours:coord:train.weight_decay,565,588,0,96.08843537414965,551.2121079719172,13540.64526104927
1775045266.7293527,job_done,ours:coord:train.weight_decay,566,588,0,96.25850340136054,526.6638863187796,13549.625438928604
1775045268.5282469,job_done,ours:coord:train.weight_decay,567,588,0,96.42857142857143,501.9046091945083,13551.424448251724
1775045269.345134,job_done,ours:coord:train.weight_decay,568,588,0,96.59863945578232,477.1915917665186,13552.241206169128
1775045409.1270397,job_done,ours:coord:train.weight_decay,569,588,0,96.7687074829932,457.2028802731753,13692.0230987072
1775045417.9184663,job_done,ours:coord:train.weight_decay,570,588,0,96.93877551020408,432.65730076338116,13700.814524173737
1775045420.8201504,job_done,ours:coord:train.weight_decay,571,588,0,97.10884353741497,407.9915496509672,13703.71616768837
1775045422.4019067,job_done,ours:coord:train.weight_decay,572,588,0,97.27891156462584,383.36498040419355,13705.29804944992
1775045574.542847,job_done,ours:coord:train.weight_decay,573,588,0,97.44897959183673,362.76018106500516,13857.438916683197
1775045582.9051454,job_done,ours:coord:train.weight_decay,574,588,0,97.61904761904762,338.19027645413473,13865.801334619522
1775045586.6851826,job_done,ours:coord:train.weight_decay,575,588,0,97.78911564625851,313.5731392872852,13869.581160783768
1775045588.3823419,job_done,ours:coord:train.weight_decay,576,588,0,97.95918367346938,288.98496922353905,13871.278522729874
1775045745.052386,job_done,ours:coord:train.weight_decay,577,588,0,98.12925170068027,267.43056066610575,14027.948500394821
1775045752.0360744,job_done,ours:coord:train.weight_decay,578,588,0,98.29931972789116,242.8188971870911,14034.932257413864
1775045756.3973331,job_done,ours:coord:train.weight_decay,579,588,0,98.46938775510205,218.2271468491134,14039.279780626297
1775045889.9748876,job_done,ours:coord:train.weight_decay,580,588,0,98.63945578231292,195.4878742875724,14172.870885848999
1775045898.053171,job_done,ours:coord:train.weight_decay,581,588,0,98.80952380952381,170.85481133518448,14180.949340820312
1775045904.909275,job_done,ours:coord:train.weight_decay,582,588,0,98.9795918367347,146.2660353675331,14187.805430650711
1775045910.8385942,job_done,ours:coord:train.weight_decay,583,588,0,99.14965986394557,121.73014280113102,14193.734650611877
1775046051.722657,job_done,ours:coord:train.weight_decay,584,588,0,99.31972789115646,98.18231995791605,14334.618713855743
1775046064.1926985,job_done,ours:coord:train.weight_decay,585,588,0,99.48979591836735,73.57481407752404,14347.088745117188
1775046069.7068064,job_done,ours:coord:train.weight_decay,586,588,0,99.65986394557824,48.984993125798354,14352.602985858917
1775046188.0840397,job_done,ours:coord:train.weight_decay,587,588,0,99.82993197278911,24.652436403846416,14470.980169057846
1775046195.1979766,job_done,ours:coord:train.weight_decay,588,588,0,100.0,,14478.09412264824
1775046195.2189784,group_end,ours:coord:train.weight_decay,588,588,0,100.0,,14478.115042448044
1775046195.219338,phase_end,,588,588,0,100.0,,14478.115537881851
1775046195.2197866,lock_released,,588,588,0,100.0,,14478.115973472595
1775046195.223461,lock_wait,,588,588,0,100.0,,14478.119631290436
1775046195.2238953,lock_acquired,,588,588,0,100.0,,14478.120097637177
1775046195.224256,plan_add,,588,636,0,92.45283018867924,1181.887384628763,14478.120461702347
1775046195.2246327,phase_start,ours:coord:train.grad_clip,588,636,0,92.45283018867924,1181.887415379894,14478.120838403702
1775046206.5949063,group_slots,ours:coord:train.grad_clip,588,636,0,92.45283018867924,1182.8155954516665,14489.491044282913
1775046206.5951724,group_start,ours:coord:train.grad_clip,588,636,0,92.45283018867924,1182.8156283826245,14489.491447687149
1775046362.8910456,job_done,ours:coord:train.grad_clip,589,636,0,92.61006289308176,1168.6791052591618,14645.787085056305
1775046365.209245,job_done,ours:coord:train.grad_clip,590,636,0,92.76729559748428,1142.0556748333624,14648.105394601822
1775046365.4989452,job_done,ours:coord:train.grad_clip,591,636,0,92.9245283018868,1115.3600305530624,14648.395067930222
1775046366.0773852,job_done,ours:coord:train.grad_clip,592,636,0,93.08176100628931,1088.775061650856,14648.973556756973
1775046524.138658,job_done,ours:coord:train.grad_clip,593,636,0,93.23899371069183,1073.6972880427793,14807.03469324112
1775046528.2424397,job_done,ours:coord:train.grad_clip,594,636,0,93.39622641509433,1047.252214236693,14811.138458490372
1775046528.3257415,job_done,ours:coord:train.grad_clip,595,636,0,93.55345911949685,1020.6052012800169,14811.221823453903
1775046528.8789692,job_done,ours:coord:train.grad_clip,596,636,0,93.71069182389937,994.0788706677072,14811.775172948837
1775046679.8116689,job_done,ours:coord:train.grad_clip,597,636,0,93.86792452830188,977.4633145943359,14962.707661867142
1775046683.7793086,job_done,ours:coord:train.grad_clip,598,636,0,94.0251572327044,951.0596440157364,14966.67545056343
1775046684.1021123,job_done,ours:coord:train.grad_clip,599,636,0,94.18238993710692,924.505731028587,14966.99818611145
1775046684.2026982,job_done,ours:coord:train.grad_clip,600,636,0,94.33962264150944,898.0259363794328,14967.098939657211
1775046777.3379612,job_done,ours:coord:train.grad_clip,601,636,0,94.49685534591195,877.0519023211348,15060.234094142914
1775046784.4888635,job_done,ours:coord:train.grad_clip,602,636,0,94.65408805031447,850.9818807115586,15067.38506436348
1775046785.9584532,job_done,ours:coord:train.grad_clip,603,636,0,94.81132075471699,824.663679211887,15068.854501962662
1775046786.3072293,job_done,ours:coord:train.grad_clip,604,636,0,94.96855345911949,798.3683825612858,15069.203220844269
1775046871.069914,job_done,ours:coord:train.grad_clip,605,636,0,95.12578616352201,776.4842142302143,15153.966116428375
1775046882.2215047,job_done,ours:coord:train.grad_clip,606,636,0,95.28301886792453,750.7483935120082,15165.117548942566
1775046884.384184,job_done,ours:coord:train.grad_clip,607,636,0,95.44025157232704,724.6311815660906,15167.280248641968
1775046885.8110623,job_done,ours:coord:train.grad_clip,608,636,0,95.59748427672956,698.5588805236314,15168.707119941711
1775046970.7314625,job_done,ours:coord:train.grad_clip,609,636,0,95.75471698113208,676.2691998587453,15253.627507925034
1775046981.6315494,job_done,ours:coord:train.grad_clip,610,636,0,95.9119496855346,650.6192138163769,15264.527708768845
1775046983.3618877,job_done,ours:coord:train.grad_clip,611,636,0,96.06918238993711,624.6423061955385,15266.25796341896
1775046984.5995286,job_done,ours:coord:train.grad_clip,612,636,0,96.22641509433963,598.7253193761788,15267.49564409256
1775047111.0072505,job_done,ours:coord:train.grad_clip,613,636,0,96.38364779874213,577.5852787588004,15393.903299093246
1775047140.6417468,job_done,ours:coord:train.grad_clip,614,636,0,96.54088050314465,552.6349046238082,15423.537792682648
1775047145.9758024,job_done,ours:coord:train.grad_clip,615,636,0,96.69811320754717,526.8395306971015,15428.871970415115
1775047150.4268935,job_done,ours:coord:train.grad_clip,616,636,0,96.85534591194968,501.08147260430576,15433.309356212616
1775047265.207593,job_done,ours:coord:train.grad_clip,617,636,0,97.0125786163522,478.7908756203551,15548.103697776794
1775047293.6939013,job_done,ours:coord:train.grad_clip,618,636,0,97.16981132075472,453.68708685532357,15576.589982032776
1775047299.1447275,job_done,ours:coord:train.grad_clip,619,636,0,97.32704402515724,427.9397304813003,15582.040774583817
1775047307.1291525,job_done,ours:coord:train.grad_clip,620,636,0,97.48427672955975,402.32323386899884,15590.025312423706
1775047431.047739,job_done,ours:coord:train.grad_clip,621,636,0,97.64150943396227,379.56386055923315,15713.943827152252
1775047447.3711703,job_done,ours:coord:train.grad_clip,622,636,0,97.79874213836477,354.0574619141422,15730.267236471176
1775047449.6353981,job_done,ours:coord:train.grad_clip,623,636,0,97.95597484276729,328.287173816136,15732.531483650208
1775047452.911363,job_done,ours:coord:train.grad_clip,624,636,0,98.11320754716981,302.6116829193556,15735.807511806488
1775047580.060009,job_done,ours:coord:train.grad_clip,625,636,0,98.27044025157232,279.18802940750123,15862.956216335297
1775047614.9787648,job_done,ours:coord:train.grad_clip,626,636,0,98.42767295597484,253.95966205353173,15897.874844551086
1775047618.1622488,job_done,ours:coord:train.grad_clip,627,636,0,98.58490566037736,228.2448562206834,15901.058316707611
1775047621.2876847,job_done,ours:coord:train.grad_clip,628,636,0,98.74213836477988,202.60106461518887,15904.183572292328
1775047737.7442183,job_done,ours:coord:train.grad_clip,629,636,0,98.8993710691824,178.29011435084198,16020.640275239944
1775047775.6790326,job_done,ours:coord:train.grad_clip,630,636,0,99.05660377358491,152.93881168138412,16058.575226545334
1775047777.6156533,job_done,ours:coord:train.grad_clip,631,636,0,99.21383647798743,127.262374973146,16060.511721611023
1775047782.0605857,job_done,ours:coord:train.grad_clip,632,636,0,99.37106918238993,101.67694155475762,16064.956765651703
1775047897.0818095,job_done,ours:coord:train.grad_clip,633,636,0,99.52830188679245,76.68236018244124,16179.977998495102
1775047923.5995443,job_done,ours:coord:train.grad_clip,634,636,0,99.68553459119497,51.124592024445164,16206.495671749115
1775047926.6535583,job_done,ours:coord:train.grad_clip,635,636,0,99.84276729559748,25.52684992354686,16209.549701452255
1775047930.7592874,job_done,ours:coord:train.grad_clip,636,636,0,100.0,,16213.655465602875
1775047930.7791586,group_end,ours:coord:train.grad_clip,636,636,0,100.0,,16213.675185203552
1775047930.7795656,phase_end,,636,636,0,100.0,,16213.675729513168
1775047930.7800226,lock_released,,636,636,0,100.0,,16213.67620587349
1775047930.7841313,lock_wait,,636,636,0,100.0,,16213.68029141426
1775047930.784608,lock_acquired,,636,636,0,100.0,,16213.68076968193
1775047930.7849944,plan_add,,636,684,0,92.98245614035088,1223.6740513927532,16213.68118095398
1775047930.7853835,phase_start,ours:coord:method.ours.lambda_align,636,684,0,92.98245614035088,1223.674080740731,16213.681569814682
1775047942.3959522,group_slots,ours:coord:method.ours.lambda_align,636,684,0,92.98245614035088,1224.5503461225976,16225.29208612442
1775047942.3962119,group_start,ours:coord:method.ours.lambda_align,636,684,0,92.98245614035088,1224.5503760823665,16225.292483091354
1775048111.9455945,job_done,ours:coord:method.ours.lambda_align,637,684,0,93.12865497076024,1209.6664741896386,16394.841362953186
1775048112.0559726,job_done,ours:coord:method.ours.lambda_align,638,684,0,93.27485380116958,1182.08118443504,16394.95207977295
1775048112.386709,job_done,ours:coord:method.ours.lambda_align,639,684,0,93.42105263157895,1154.5973854333583,16395.282873153687
1775048112.4608402,job_done,ours:coord:method.ours.lambda_align,640,684,0,93.5672514619883,1127.1807930037378,16395.35698914528
1775048281.1522279,job_done,ours:coord:method.ours.lambda_align,641,684,0,93.71345029239767,1111.1608091810378,16564.04834151268
1775048283.0045152,job_done,ours:coord:method.ours.lambda_align,642,684,0,93.85964912280701,1083.7505050262557,16565.90057682991
1775048283.066178,job_done,ours:coord:method.ours.lambda_align,643,684,0,94.00584795321637,1056.3055337220662,16565.962394714355
1775048283.3570073,job_done,ours:coord:method.ours.lambda_align,644,684,0,94.15204678362574,1028.9598171014964,16566.25305533409
1775048438.1121135,job_done,ours:coord:method.ours.lambda_align,645,684,0,94.29824561403508,1011.0377117578373,16721.008309841156
1775048442.2460518,job_done,ours:coord:method.ours.lambda_align,646,684,0,94.44444444444444,983.8318955758039,16725.142224788666
1775048442.9762335,job_done,ours:coord:method.ours.lambda_align,647,684,0,94.5906432748538,956.502751556762,16725.87243938446
1775048443.1332006,job_done,ours:coord:method.ours.lambda_align,648,684,0,94.73684210526316,929.2238490184149,16726.029282331467
1775048599.4126334,job_done,ours:coord:method.ours.lambda_align,649,684,0,94.88304093567251,910.4480843698299,16882.308764457703
1775048604.890118,job_done,ours:coord:method.ours.lambda_align,650,684,0,95.02923976608187,883.3611115396941,16887.785955905914
1775048605.9890416,job_done,ours:coord:method.ours.lambda_align,651,684,0,95.17543859649123,856.1186070749836,16888.88524866104
1775048606.0525277,job_done,ours:coord:method.ours.lambda_align,652,684,0,95.32163742690058,828.9054612703851,16888.948773384094
1775048761.1743534,job_done,ours:coord:method.ours.lambda_align,653,684,0,95.46783625730994,809.1365783904631,17044.070506095886
1775048764.8462813,job_done,ours:coord:method.ours.lambda_align,654,684,0,95.6140350877193,782.0065329052985,17047.74241733551
1775048768.3145022,job_done,ours:coord:method.ours.lambda_align,655,684,0,95.76023391812865,754.9390864273975,17051.21040034294
1775048768.8995583,job_done,ours:coord:method.ours.lambda_align,656,684,0,95.90643274853801,727.820548255269,17051.79570198059
1775048923.0925393,job_done,ours:coord:method.ours.lambda_align,657,684,0,96.05263157894737,707.0954269448372,17205.98872232437
1775048927.340277,job_done,ours:coord:method.ours.lambda_align,658,684,0,96.19883040935673,680.0397393217927,17210.236479759216
1775048931.0867395,job_done,ours:coord:method.ours.lambda_align,659,684,0,96.34502923976608,653.0342521906261,17213.982887744904
1775048932.3993628,job_done,ours:coord:method.ours.lambda_align,660,684,0,96.49122807017544,626.0107478835366,17215.295566797256
1775049085.8305721,job_done,ours:coord:method.ours.lambda_align,661,684,0,96.6374269005848,604.3581155540363,17368.726712226868
1775049090.3634827,job_done,ours:coord:method.ours.lambda_align,662,684,0,96.78362573099415,577.3586291373676,17373.246022224426
1775049093.6129203,job_done,ours:coord:method.ours.lambda_align,663,684,0,96.9298245614035,550.3871650275062,17376.50906729698
1775049095.155658,job_done,ours:coord:method.ours.lambda_align,664,684,0,97.07602339181287,523.4352912673031,17378.051670074463
1775049240.7194538,job_done,ours:coord:method.ours.lambda_align,665,684,0,97.22222222222223,500.6747265407018,17523.61542892456
1775049246.3765383,job_done,ours:coord:method.ours.lambda_align,666,684,0,97.36842105263158,473.76412624926184,17529.272671222687
1775049249.6237113,job_done,ours:coord:method.ours.lambda_align,667,684,0,97.51461988304094,446.85582342426636,17532.51966023445
1775049251.2066083,job_done,ours:coord:method.ours.lambda_align,668,684,0,97.6608187134503,419.9785065393962,17534.10264801979
1775049406.2683122,job_done,ours:coord:method.ours.lambda_align,669,684,0,97.80701754385964,396.6180375819784,17689.164476156235
1775049412.1276016,job_done,ours:coord:method.ours.lambda_align,670,684,0,97.953216374269,369.7467646029458,17695.02373456955
1775049414.8953419,job_done,ours:coord:method.ours.lambda_align,671,684,0,98.09941520467837,342.8782236640037,17697.791390657425
1775049416.4573545,job_done,ours:coord:method.ours.lambda_align,672,684,0,98.24561403508773,316.05988278133526,17699.353435754776
1775049567.4020462,job_done,ours:coord:method.ours.lambda_align,673,684,0,98.39181286549707,291.7582152431823,17850.29807806015
1775049577.1704023,job_done,ours:coord:method.ours.lambda_align,674,684,0,98.53801169590643,264.9861509439146,17860.066573619843
1775049580.768108,job_done,ours:coord:method.ours.lambda_align,675,684,0,98.6842105263158,238.18218923250834,17863.664192438126
1775049582.408364,job_done,ours:coord:method.ours.lambda_align,676,684,0,98.83040935672514,211.4237207463507,17865.304403066635
1775049722.7768593,job_done,ours:coord:method.ours.lambda_align,677,684,0,98.9766081871345,186.17386801697126,18005.67266392708
1775049732.7062514,job_done,ours:coord:method.ours.lambda_align,678,684,0,99.12280701754386,159.42997823774286,18015.587540864944
1775049737.1995003,job_done,ours:coord:method.ours.lambda_align,679,684,0,99.26900584795321,132.69584342376473,18020.09553694725
1775049739.7767084,job_done,ours:coord:method.ours.lambda_align,680,684,0,99.41520467836257,106.01572201672721,18022.672742843628
1775049886.1872427,job_done,ours:coord:method.ours.lambda_align,681,684,0,99.56140350877193,80.04001496436838,18169.08339691162
1775049895.4361963,job_done,ours:coord:method.ours.lambda_align,682,684,0,99.70760233918129,53.30889006444087,18178.331511974335
1775049899.2858522,job_done,ours:coord:method.ours.lambda_align,683,684,0,99.85380116959064,26.62105712045862,18182.18201327324
1775049900.4847405,job_done,ours:coord:method.ours.lambda_align,684,684,0,100.0,,18183.38083434105
1775049900.5064504,group_end,ours:coord:method.ours.lambda_align,684,684,0,100.0,,18183.402544498444
1775049900.5067484,phase_end,,684,684,0,100.0,,18183.402989387512
1775049900.5070813,lock_released,,684,684,0,100.0,,18183.40333199501
1775049900.5115225,lock_wait,,684,684,0,100.0,,18183.407676696777
1775049900.511977,lock_acquired,,684,684,0,100.0,,18183.408170700073
1775049900.5123458,plan_add,,684,738,0,92.6829268292683,1435.5322536104604,18183.408545732498
1775049900.5127387,phase_start,ours:local_var_topk,684,738,0,92.6829268292683,1435.5322845546823,18183.408937692642
1775049912.2247298,group_slots,ours:local_var_topk,684,738,0,92.6829268292683,1436.4569131324167,18195.120899677277
1775049912.224942,group_start,ours:local_var_topk,684,738,0,92.6829268292683,1436.456940368602,18195.12124466896
1775050078.017703,job_done,ours:local_var_topk,685,738,0,92.81842818428184,1420.6254462294335,18360.913786172867
1775050080.2480402,job_done,ours:local_var_topk,686,738,0,92.95392953929539,1391.9584473340226,18363.1441321373
1775050080.5858514,job_done,ours:local_var_topk,687,738,0,93.08943089430895,1363.2279199897982,18363.481981039047
1775050080.657701,job_done,ours:local_var_topk,688,738,0,93.22493224932249,1334.5606045840786,18363.55391907692
1775050240.9979513,job_done,ours:local_var_topk,689,738,0,93.36043360433604,1317.3741825793063,18523.89411830902
1775050244.1191156,job_done,ours:local_var_topk,690,738,0,93.4959349593496,1288.8358473238738,18527.015305280685
1775050245.0796747,job_done,ours:local_var_topk,691,738,0,93.63143631436314,1260.2241124209722,18527.97578048706
1775050245.2263644,job_done,ours:local_var_topk,692,738,0,93.76693766937669,1231.6382033673326,18528.122537612915
1775050403.0205946,job_done,ours:local_var_topk,693,738,0,93.90243902439025,1213.371218489362,18685.916764736176
1775050407.6426668,job_done,ours:local_var_topk,694,738,0,94.03794037940379,1184.990070884441,18690.525208950043
1775050409.4585855,job_done,ours:local_var_topk,695,738,0,94.17344173441734,1156.5053958340513,18692.354653596878
1775050409.5494804,job_done,ours:local_var_topk,696,738,0,94.3089430894309,1127.9924102220043,18692.445655107498
1775050559.249357,job_done,ours:local_var_topk,697,738,0,94.44444444444444,1108.3614966308369,18842.145442724228
1775050561.1014252,job_done,ours:local_var_topk,698,738,0,94.57994579945799,1079.8852466375574,18843.99755382538
1775050565.6912572,job_done,ours:local_var_topk,699,738,0,94.71544715447155,1051.6371562982322,18848.573647499084
1775050565.939365,job_done,ours:local_var_topk,700,738,0,94.8509485094851,1023.2224995940071,18848.835518836975
1775050724.5234826,job_done,ours:local_var_topk,701,738,0,94.98644986449864,1003.2446872160881,19007.41961455345
1775050726.5158803,job_done,ours:local_var_topk,702,738,0,95.1219512195122,974.8416384550242,19009.41194987297
1775050732.1305506,job_done,ours:local_var_topk,703,738,0,95.25745257452574,946.694077031202,19015.026747226715
1775050732.1961427,job_done,ours:local_var_topk,704,738,0,95.39295392953929,918.3425301442093,19015.092388868332
1775050889.1707063,job_done,ours:local_var_topk,705,738,0,95.52845528455285,897.4158972912645,19172.066896677017
1775050891.93467,job_done,ours:local_var_topk,706,738,0,95.6639566395664,869.1141424530289,19174.83076786995
1775050897.4630773,job_done,ours:local_var_topk,707,738,0,95.79945799457994,841.0058523158541,19180.359277009964
1775050898.248752,job_done,ours:local_var_topk,708,738,0,95.9349593495935,812.7603749804578,19181.144849538803
1775051045.0397987,job_done,ours:local_var_topk,709,738,0,96.07046070460704,790.5643732134143,19327.935883045197
1775051048.5535052,job_done,ours:local_var_topk,710,738,0,96.2059620596206,762.367028452645,19331.44965004921
1775051055.2445452,job_done,ours:local_var_topk,711,738,0,96.34146341463415,734.3592544718634,19338.127034425735
1775051056.1086385,job_done,ours:local_var_topk,712,738,0,96.4769647696477,706.199609045902,19339.004678487778
1775051209.662046,job_done,ours:local_var_topk,713,738,0,96.61246612466125,683.469780088307,19492.558128118515
1775051213.3859882,job_done,ours:local_var_topk,714,738,0,96.7479674796748,655.337211761154,19496.282049894333
1775051219.514739,job_done,ours:local_var_topk,715,738,0,96.88346883468834,627.3502818534424,19502.410935878754
1775051220.4436805,job_done,ours:local_var_topk,716,738,0,97.0189701897019,599.2646301731717,19503.339781999588
1775051369.2055712,job_done,ours:local_var_topk,717,738,0,97.15447154471545,575.5845659537296,19652.101608991623
1775051374.0539792,job_done,ours:local_var_topk,718,738,0,97.289972899729,547.5473542864277,19656.95001888275
1775051381.5037522,job_done,ours:local_var_topk,719,738,0,97.42547425474255,519.6433871846868,19664.399757146835
1775051383.3955736,job_done,ours:local_var_topk,720,738,0,97.5609756097561,491.65729370117185,19666.291748046875
1775051528.8406534,job_done,ours:local_var_topk,721,738,0,97.69647696476964,467.12832731512816,19811.73670554161
1775051535.5540779,job_done,ours:local_var_topk,722,738,0,97.8319783197832,439.1900303436449,19818.450119256973
1775051544.646286,job_done,ours:local_var_topk,723,738,0,97.96747967479675,411.3597968851382,19827.542209863663
1775051545.4781063,job_done,ours:local_var_topk,724,738,0,98.1029810298103,383.42160032401426,19828.374188184738
1775051690.9419737,job_done,ours:local_var_topk,725,738,0,98.23848238482385,358.1515810101607,19973.838171720505
1775051698.0679305,job_done,ours:local_var_topk,726,738,0,98.3739837398374,330.2638679181249,19980.964009046555
1775051707.8755283,job_done,ours:local_var_topk,727,738,0,98.50948509485094,302.47382214079204,19990.769881486893
1775051708.9509552,job_done,ours:local_var_topk,728,738,0,98.6449864498645,274.61328426232706,19991.84709429741
1775051852.353921,job_done,ours:local_var_topk,729,738,0,98.78048780487805,248.5833344400665,20135.250089645386
1775051859.3476408,job_done,ours:local_var_topk,730,738,0,98.9159891598916,220.7369169888431,20142.243675231934
1775051870.1701043,job_done,ours:local_var_topk,731,738,0,99.05149051490515,192.98421865122754,20153.06626200676
1775051871.040095,job_done,ours:local_var_topk,732,738,0,99.1869918699187,165.19619783026272,20153.936135292053
1775052012.92277,job_done,ours:local_var_topk,733,738,0,99.32249322493224,138.4435127083959,20295.818963050842
1775052019.986594,job_done,ours:local_var_topk,734,738,0,99.4579945799458,110.6424127508574,20302.882739782333
1775052030.6315064,job_done,ours:local_var_topk,735,738,0,99.59349593495935,82.91235715029191,20313.527501821518
1775052031.217345,job_done,ours:local_var_topk,736,738,0,99.7289972899729,55.20139518898466,20314.113429546356
1775052146.8965511,job_done,ours:local_var_topk,737,738,0,99.86449864498645,27.720207236029886,20429.792732954025
1775052153.495882,job_done,ours:local_var_topk,738,738,0,100.0,,20436.392089128494
1775052153.511607,group_end,ours:local_var_topk,738,738,0,100.0,,20436.40761232376
1775052153.5119987,phase_end,,738,738,0,100.0,,20436.408176898956
1775052153.5129201,lock_released,,738,738,0,100.0,,20436.40863108635
1775052153.532414,method_done,,738,738,0,100.0,,20436.428562879562
1775052154.0264587,method_start,,738,738,0,100.0,,20436.922718048096
1775052154.0270433,lock_wait,,738,738,0,100.0,,20436.923067092896
1775052154.0272753,lock_acquired,,738,738,0,100.0,,20436.9235830307
1775052154.027513,plan_add,,738,743,0,99.32705248990578,138.46154322953728,20436.923780679703
1775052154.0277176,phase_start,final:baseline,738,743,0,99.32705248990578,138.46154488683715,20436.924025297165
1775052164.4934628,group_slots,final:baseline,738,743,0,99.32705248990578,138.53244983729954,20447.389595985413
1775052164.493743,group_start,final:baseline,738,743,0,99.32705248990578,138.53245261561904,20447.39000606537
1775052625.702874,job_done,final:baseline,739,743,0,99.46164199192464,113.1723885800745,20908.598790168762
1775052630.2782345,job_done,final:baseline,740,743,0,99.59623149394348,84.78308609111889,20913.161235809326
1775052632.713669,job_done,final:baseline,741,743,0,99.73082099596232,56.452387863807836,20915.609703540802
1775052633.0075202,job_done,final:baseline,742,743,0,99.86541049798116,28.188549270527062,20915.90355873108
1775052854.1828249,job_done,final:baseline,743,743,0,100.0,,21137.079031467438
1775052854.2019072,group_end,final:baseline,743,743,0,100.0,,21137.098117113113
1775052854.2021139,phase_end,,743,743,0,100.0,,21137.09841823578
1775052854.2023418,lock_released,,743,743,0,100.0,,21137.0986495018
1775052854.2032,method_done,,743,743,0,100.0,,21137.09887599945
1775052854.2034009,method_start,,743,743,0,100.0,,21137.099699497223
1775052854.2037385,lock_wait,,743,743,0,100.0,,21137.10003733635
1775052854.203975,lock_acquired,,743,743,0,100.0,,21137.10028243065
1775052854.2041795,plan_add,,743,748,0,99.33155080213903,142.24159140926992,21137.10048341751
1775052854.2043893,phase_start,final:cagrad,743,748,0,99.33155080213903,142.24159275538827,21137.1006834507
1775052863.3105254,group_slots,final:cagrad,743,748,0,99.33155080213903,142.30287119004157,21146.20665884018
1775052863.310784,group_start,final:cagrad,743,748,0,99.33155080213903,142.30287387104727,21146.207057237625
1775053707.1682937,job_done,final:cagrad,744,748,0,99.46524064171123,118.226151741961,21990.064224004745
1775053713.3146544,job_done,final:cagrad,745,748,0,99.59893048128342,88.5753452861069,21996.21074604988
1775053715.3482974,job_done,final:cagrad,746,748,0,99.73262032085562,58.97652663941678,21998.244436502457
1775053715.61208,job_done,final:cagrad,747,748,0,99.8663101604278,29.449140846170735,21998.50821208954
1775054441.6437297,job_done,final:cagrad,748,748,0,100.0,,22724.53984260559
1775054441.6607568,group_end,final:cagrad,748,748,0,100.0,,22724.556882858276
1775054441.6611342,phase_end,,748,748,0,100.0,,22724.557329177856
1775054441.66208,lock_released,,748,748,0,100.0,,22724.557764053345
1775054441.6625001,method_done,,748,748,0,100.0,,22724.55867099762
1775054441.662855,method_start,,748,748,0,100.0,,22724.559052228928
1775054441.6634898,lock_wait,,748,748,0,100.0,,22724.559657096863
1775054441.6639304,lock_acquired,,748,748,0,100.0,,22724.560122966766
1775054441.664309,plan_add,,748,753,0,99.33598937583001,151.90214239021037,22724.56050157547
1775054441.6647153,phase_start,final:ours,748,753,0,99.33598937583001,151.9021450325767,22724.560896873474
1775054451.2769427,group_slots,final:ours,748,753,0,99.33598937583001,151.96639689372824,22734.172975301743
1775054451.277324,group_start,final:ours,748,753,0,99.33598937583001,151.96640049869362,22734.17351460457
1775055195.888998,job_done,final:ours,749,753,0,99.46879150066401,125.38736980142835,23478.78499531746
1775055196.2525425,job_done,final:ours,750,753,0,99.60159362549801,93.91659399986267,23479.148499965668
1775055197.651168,job_done,final:ours,751,753,0,99.734395750332,62.53141752095737,23480.54727911949
1775055198.16929,job_done,final:ours,752,753,0,99.867197875166,31.224821245733725,23481.065576791763
1775055526.5335844,job_done,final:ours,753,753,0,100.0,,23809.429741859436
1775055526.552187,group_end,final:ours,753,753,0,100.0,,23809.448257923126
1775055526.5525692,phase_end,,753,753,0,100.0,,23809.448751211166
1775055526.5529857,lock_released,,753,753,0,100.0,,23809.449182510376
1775055526.553357,method_done,,753,753,0,100.0,,23809.44956803322
1775055530.6031487,pipeline_done,,753,753,0,100.0,,23813.499279260635
1775055530.6037512,lock_released,,753,753,0,100.0,,23813.499745607376
