step,train_step_loss,train_acc,train_loss,val_acc,val_loss,avg_intra_expert_coherence,expert_diversity_e0,expert_diversity_e1,expert_diversity_e2,expert_diversity_e3,expert_diversity_mean,expert_purity_e0,expert_purity_e1,expert_purity_e2,expert_purity_e3,expert_purity_mean,inter_expert_similarity,inter_expert_similarity_e0_e0,inter_expert_similarity_e0_e1,inter_expert_similarity_e0_e2,inter_expert_similarity_e0_e3,inter_expert_similarity_e1_e0,inter_expert_similarity_e1_e1,inter_expert_similarity_e1_e2,inter_expert_similarity_e1_e3,inter_expert_similarity_e2_e0,inter_expert_similarity_e2_e1,inter_expert_similarity_e2_e2,inter_expert_similarity_e2_e3,inter_expert_similarity_e3_e0,inter_expert_similarity_e3_e1,inter_expert_similarity_e3_e2,inter_expert_similarity_e3_e3,intra_expert_coherence_e0,intra_expert_coherence_e1,intra_expert_coherence_e2,intra_expert_coherence_e3,load_cv,load_max_min_ratio,overall_task_conflict_cos,router_entropy,router_load_e0,router_load_e1,router_load_e2,router_load_e3,task_acc__glue_mrpc,task_conflict_t0_t0,task_grad_norm_cv,task_loss__glue_mrpc,utilization_ratio
50.0,0.5197674930095673,0.718102508178844,0.5275575461594955,0.7156862745098039,0.5253462075040891,1.0,0.0,0.0,0.0,0.0,0.0,1.0,1.0,1.0,1.0,1.0,-0.03751150457589366,1.0,0.0,0.0,0.0,0.0,1.0,0.0,-0.22506902745536198,0.0,0.0,1.0,0.0,0.0,-0.22506902745536198,0.0,1.0,1.0,1.0,1.0,1.0,1.0039178133010864,531326711177.8259,1.0,0.6898109807687647,0.0,0.46867331862449646,0.0,0.5313267111778259,0.7156862745098039,1.0,0.0,0.5253462075040891,0.5
100.0,0.5525190979242325,0.8282442748091603,0.41612867625511213,0.8088235294117647,0.4149477123641051,1.0,0.0,0.0,0.0,0.0,0.0,1.0,1.0,1.0,1.0,1.0,0.004206722797608952,1.0,0.0,0.0,0.0,0.0,1.0,0.0,0.025240336785653714,0.0,0.0,1.0,0.0,0.0,0.025240336785653714,0.0,1.0,1.0,1.0,1.0,1.0,1.0019457340240479,522065579891.20483,1.0,0.6889067654516182,0.0,0.47793444991111755,0.0,0.5220655798912048,0.8088235294117647,1.0,0.0,0.4149477123641051,0.5
150.0,0.618682861328125,0.8595965103598692,0.34522754958142404,0.8480392156862745,0.33798061590641737,1.0,0.0,0.0,0.0,0.0,0.0,1.0,1.0,1.0,1.0,1.0,-0.06227984760711818,1.0,0.0,0.0,0.0,0.0,1.0,0.0,-0.3736790856427091,0.0,0.0,1.0,0.0,0.0,-0.3736790856427091,0.0,1.0,1.0,1.0,1.0,1.0,0.9950310587882996,554139673709.8694,1.0,0.681731779201358,0.009558177553117275,0.43630218505859375,0.0,0.5541396737098694,0.8480392156862745,1.0,0.0,0.33798061590641737,0.5
