step,train_step_loss,train_acc,train_loss,val_acc,val_loss,avg_intra_expert_coherence,expert_diversity_e0,expert_diversity_e1,expert_diversity_e2,expert_diversity_e3,expert_diversity_mean,expert_purity_e0,expert_purity_e1,expert_purity_e2,expert_purity_e3,expert_purity_mean,inter_expert_similarity,inter_expert_similarity_e0_e0,inter_expert_similarity_e0_e1,inter_expert_similarity_e0_e2,inter_expert_similarity_e0_e3,inter_expert_similarity_e1_e0,inter_expert_similarity_e1_e1,inter_expert_similarity_e1_e2,inter_expert_similarity_e1_e3,inter_expert_similarity_e2_e0,inter_expert_similarity_e2_e1,inter_expert_similarity_e2_e2,inter_expert_similarity_e2_e3,inter_expert_similarity_e3_e0,inter_expert_similarity_e3_e1,inter_expert_similarity_e3_e2,inter_expert_similarity_e3_e3,intra_expert_coherence_e0,intra_expert_coherence_e1,intra_expert_coherence_e2,intra_expert_coherence_e3,load_cv,load_max_min_ratio,overall_task_conflict_cos,router_entropy,router_load_e0,router_load_e1,router_load_e2,router_load_e3,task_acc__glue_mrpc,task_conflict_t0_t0,task_grad_norm_cv,task_loss__glue_mrpc,utilization_ratio
50.0,0.4729915261268616,0.7186477644492911,0.5419907636616541,0.7107843137254902,0.5407410693856386,1.0,0.0,0.0,0.0,0.0,0.0,1.0,1.0,1.0,1.0,1.0,-0.0450300467902659,1.0,0.0,0.0,0.0,0.0,1.0,0.0,0.0,0.0,0.0,1.0,-0.2701802807415954,0.0,0.0,-0.2701802807415954,1.0,1.0,1.0,1.0,1.0,1.0083043575286865,545658469200.1343,1.0,0.6879356690481597,0.0,0.0,0.4543415904045105,0.5456584692001343,0.7107843137254902,1.0,0.0,0.5407410693856386,0.5
100.0,0.4917299449443817,0.8249727371864777,0.4128835652509461,0.8014705882352942,0.4138137807066624,1.0,0.0,0.0,0.0,0.0,0.0,1.0,1.0,1.0,1.0,1.0,-0.052224291669995086,1.0,0.0,0.0,0.0,0.0,1.0,0.0,0.0,0.0,0.0,1.0,-0.3133457500199705,0.0,0.0,-0.3133457500199705,1.0,1.0,1.0,1.0,1.0,1.0111165046691895,552863538265.2283,1.0,0.686298316600276,0.0,0.0,0.4471364915370941,0.5528635382652283,0.8014705882352942,1.0,0.0,0.4138137807066624,0.5
150.0,0.577682226896286,0.8538713195201745,0.35760764704774256,0.8602941176470589,0.3685352413270336,1.0,0.0,0.0,0.0,0.0,0.0,1.0,1.0,1.0,1.0,1.0,-0.03609003994826558,1.0,0.0,0.0,0.0,0.0,1.0,0.0,0.0,0.0,0.0,1.0,-0.2165402396895935,0.0,0.0,-0.2165402396895935,1.0,1.0,1.0,1.0,1.0,1.0178974866867065,567189395427.7039,1.0,0.6810673498639873,0.0,0.0,0.43281060457229614,0.5671893954277039,0.8602941176470589,1.0,0.0,0.3685352413270336,0.5
