step,train_step_loss,train_acc,train_loss,val_acc,val_loss,avg_intra_expert_coherence,expert_diversity_e0,expert_diversity_e1,expert_diversity_e2,expert_diversity_e3,expert_diversity_mean,expert_purity_e0,expert_purity_e1,expert_purity_e2,expert_purity_e3,expert_purity_mean,inter_expert_similarity,inter_expert_similarity_e0_e0,inter_expert_similarity_e0_e1,inter_expert_similarity_e0_e2,inter_expert_similarity_e0_e3,inter_expert_similarity_e1_e0,inter_expert_similarity_e1_e1,inter_expert_similarity_e1_e2,inter_expert_similarity_e1_e3,inter_expert_similarity_e2_e0,inter_expert_similarity_e2_e1,inter_expert_similarity_e2_e2,inter_expert_similarity_e2_e3,inter_expert_similarity_e3_e0,inter_expert_similarity_e3_e1,inter_expert_similarity_e3_e2,inter_expert_similarity_e3_e3,intra_expert_coherence_e0,intra_expert_coherence_e1,intra_expert_coherence_e2,intra_expert_coherence_e3,load_cv,load_max_min_ratio,overall_task_conflict_cos,router_entropy,router_load_e0,router_load_e1,router_load_e2,router_load_e3,task_acc__glue_mrpc,task_conflict_t0_t0,task_grad_norm_cv,task_loss__glue_mrpc,utilization_ratio
50.0,0.5475738644599915,0.7543620501635769,0.5135496847493493,0.7573529411764706,0.5028714001751863,1.0,0.0,0.0,0.0,0.0,0.0,1.0,1.0,1.0,1.0,1.0,-0.01064632134346778,1.0,0.0,-0.06387792806080668,0.0,0.0,1.0,0.0,0.0,-0.06387792806080668,0.0,1.0,0.0,0.0,0.0,0.0,1.0,1.0,1.0,1.0,1.0,1.0123915083641712,559398591518.4021,1.0,0.6840374586628932,0.4396662712097168,0.0,0.5593985915184021,0.0009350920445285738,0.7573529411764706,1.0,0.0,0.5028714001751863,0.5
100.0,0.5110936015844345,0.8326063249727372,0.3814809681928676,0.8259803921568627,0.38190154272776383,1.0,0.0,0.0,0.0,0.0,0.0,1.0,1.0,1.0,1.0,1.0,0.010685346085174135,1.0,0.0,0.06411207651104481,0.0,0.0,1.0,0.0,0.0,0.06411207651104481,0.0,1.0,0.0,0.0,0.0,0.0,1.0,1.0,1.0,1.0,1.0,1.0043815973032473,556071758270.2637,1.0,0.6842803300595751,0.43926987051963806,0.0,0.5560717582702637,0.0046583074145019054,0.8259803921568627,1.0,0.0,0.38190154272776383,0.5
150.0,0.45160265266895294,0.8549618320610687,0.3555715400725603,0.8431372549019608,0.3690380762116267,1.0,0.0,0.0,0.0,0.0,0.0,1.0,1.0,1.0,1.0,1.0,-0.031815849385938365,1.0,0.0,-0.19089509631563017,0.0,0.0,1.0,0.0,0.0,-0.19089509631563017,0.0,1.0,0.0,0.0,0.0,0.0,1.0,1.0,1.0,1.0,1.0,1.0007929801940918,514082372188.5681,1.0,0.6904891156682781,0.4859176278114319,0.0,0.5140823721885681,0.0,0.8431372549019608,1.0,0.0,0.3690380762116267,0.5
