step,train_step_loss,train_acc,train_loss,val_acc,val_loss,avg_intra_expert_coherence,expert_diversity_e0,expert_diversity_e1,expert_diversity_e2,expert_diversity_e3,expert_diversity_mean,expert_purity_e0,expert_purity_e1,expert_purity_e2,expert_purity_e3,expert_purity_mean,inter_expert_similarity,inter_expert_similarity_e0_e0,inter_expert_similarity_e0_e1,inter_expert_similarity_e0_e2,inter_expert_similarity_e0_e3,inter_expert_similarity_e1_e0,inter_expert_similarity_e1_e1,inter_expert_similarity_e1_e2,inter_expert_similarity_e1_e3,inter_expert_similarity_e2_e0,inter_expert_similarity_e2_e1,inter_expert_similarity_e2_e2,inter_expert_similarity_e2_e3,inter_expert_similarity_e3_e0,inter_expert_similarity_e3_e1,inter_expert_similarity_e3_e2,inter_expert_similarity_e3_e3,intra_expert_coherence_e0,intra_expert_coherence_e1,intra_expert_coherence_e2,intra_expert_coherence_e3,load_cv,load_max_min_ratio,overall_task_conflict_cos,router_entropy,router_load_e0,router_load_e1,router_load_e2,router_load_e3,task_acc__glue_cola,task_acc__glue_mrpc,task_acc__glue_rte,task_conflict_t0_t0,task_conflict_t0_t1,task_conflict_t0_t2,task_conflict_t1_t0,task_conflict_t1_t1,task_conflict_t1_t2,task_conflict_t2_t0,task_conflict_t2_t1,task_conflict_t2_t2,task_grad_norm_cv,task_loss__glue_cola,task_loss__glue_mrpc,task_loss__glue_rte,utilization_ratio
1.0,3.8167677919069924,0.3759807636041219,2.042034067331548,0.3913453128689268,2.0453660918772507,0.8781671936861771,0.8935933917169461,0.7035346145783102,0.93975853281984,0.4759164342042842,0.7532007433298452,0.5671722292900085,0.6761870980262756,0.4812001883983612,0.8490208983421326,0.6433951035141945,0.18628757519689898,1.0,0.19142559435625242,0.17191890497957046,0.13505331520819525,0.19142559435625242,1.0,0.22881987056151218,0.20388302542861625,0.17191890497957046,0.22881987056151218,1.0,0.18662474064724727,0.13505331520819525,0.20388302542861625,0.18662474064724727,1.0,0.730463996367436,0.9832567712204693,0.8984792660060122,0.9004687411507909,1.4563763893688717,24.374223265612844,0.8052482061130458,0.28922134221540075,0.03612896800041199,0.8806155323982239,0.04300404340028763,0.04025181755423546,0.3087248322147651,0.3382352941176471,0.5270758122743683,1.0,0.7270425490089879,0.9493414581872699,0.7270425490089879,1.0,0.7393606111428792,0.9493414581872699,0.7393606111428792,1.0,0.7315649228790491,3.038071004033999,1.4784471310821234,1.6195801405156296,0.25
