step,train_step_loss,train_acc,train_loss,val_acc,val_loss,avg_intra_expert_coherence,expert_diversity_e0,expert_diversity_e1,expert_diversity_e2,expert_diversity_e3,expert_diversity_mean,expert_purity_e0,expert_purity_e1,expert_purity_e2,expert_purity_e3,expert_purity_mean,inter_expert_similarity,inter_expert_similarity_e0_e0,inter_expert_similarity_e0_e1,inter_expert_similarity_e0_e2,inter_expert_similarity_e0_e3,inter_expert_similarity_e1_e0,inter_expert_similarity_e1_e1,inter_expert_similarity_e1_e2,inter_expert_similarity_e1_e3,inter_expert_similarity_e2_e0,inter_expert_similarity_e2_e1,inter_expert_similarity_e2_e2,inter_expert_similarity_e2_e3,inter_expert_similarity_e3_e0,inter_expert_similarity_e3_e1,inter_expert_similarity_e3_e2,inter_expert_similarity_e3_e3,intra_expert_coherence_e0,intra_expert_coherence_e1,intra_expert_coherence_e2,intra_expert_coherence_e3,load_cv,load_max_min_ratio,overall_task_conflict_cos,router_entropy,router_load_e0,router_load_e1,router_load_e2,router_load_e3,task_acc__glue_rte,task_conflict_t0_t0,task_grad_norm_cv,task_loss__glue_rte,utilization_ratio
50.0,0.588829517364502,0.5875502008032129,0.6664260682005149,0.5992779783393501,0.6644615299171872,1.0,0.0,0.0,0.0,0.0,0.0,1.0,1.0,1.0,1.0,1.0,0.002655077842730048,1.0,0.01593046705638029,0.0,0.0,0.01593046705638029,1.0,0.0,0.0,0.0,0.0,1.0,0.0,0.0,0.0,0.0,1.0,1.0,1.0,1.0,1.0,1.049701803958201,241.68853367840273,1.0,0.6585100910723855,0.6239500641822815,0.3689550757408142,0.004513319116085768,0.0025816287379711866,0.5992779783393501,1.0,0.0,0.6644615299171872,0.5
100.0,0.6608529984951019,0.6871485943775101,0.6117010742234879,0.6245487364620939,0.6454250845644209,1.0,0.0,0.0,0.0,0.0,0.0,1.0,1.0,1.0,1.0,1.0,0.004118421780659171,1.0,0.024710530683955022,0.0,0.0,0.024710530683955022,1.0,0.0,0.0,0.0,0.0,1.0,0.0,0.0,0.0,0.0,1.0,1.0,1.0,1.0,1.0,1.0077019929885864,543964743614.1968,1.0,0.6853821406725942,0.5439647436141968,0.456035315990448,0.0,0.0,0.6245487364620939,1.0,0.0,0.6454250845644209,0.5
150.0,0.6790787577629089,0.7156626506024096,0.5965050219343259,0.6931407942238267,0.6190666539801492,1.0,0.0,0.0,0.0,0.0,0.0,1.0,1.0,1.0,1.0,1.0,0.004338587131660786,1.0,0.026031522789964717,0.0,0.0,0.026031522789964717,1.0,0.0,0.0,0.0,0.0,1.0,0.0,0.0,0.0,0.0,1.0,1.0,1.0,1.0,1.0,1.0022507908643234,523734211921.6919,1.0,0.6908046338532375,0.47626569867134094,0.5237342119216919,0.0,0.0,0.6931407942238267,1.0,0.0,0.6190666539801492,0.5
