step,train_step_loss,train_acc,train_loss,val_acc,val_loss,avg_intra_expert_coherence,expert_diversity_e0,expert_diversity_e1,expert_diversity_e2,expert_diversity_e3,expert_diversity_mean,expert_purity_e0,expert_purity_e1,expert_purity_e2,expert_purity_e3,expert_purity_mean,inter_expert_similarity,inter_expert_similarity_e0_e0,inter_expert_similarity_e0_e1,inter_expert_similarity_e0_e2,inter_expert_similarity_e0_e3,inter_expert_similarity_e1_e0,inter_expert_similarity_e1_e1,inter_expert_similarity_e1_e2,inter_expert_similarity_e1_e3,inter_expert_similarity_e2_e0,inter_expert_similarity_e2_e1,inter_expert_similarity_e2_e2,inter_expert_similarity_e2_e3,inter_expert_similarity_e3_e0,inter_expert_similarity_e3_e1,inter_expert_similarity_e3_e2,inter_expert_similarity_e3_e3,intra_expert_coherence_e0,intra_expert_coherence_e1,intra_expert_coherence_e2,intra_expert_coherence_e3,load_cv,load_max_min_ratio,overall_task_conflict_cos,router_entropy,router_load_e0,router_load_e1,router_load_e2,router_load_e3,task_acc__glue_sst2,task_conflict_t0_t0,task_grad_norm_cv,task_loss__glue_sst2,utilization_ratio
50.0,0.42343340814113617,0.8506585101486288,0.3927750842862557,0.8589449541284404,0.3514735658737746,1.0,0.0,0.0,0.0,0.0,0.0,1.0,1.0,1.0,1.0,1.0,0.02274868494129525,1.0,0.0,0.0,0.1364921096477715,0.0,1.0,0.0,0.0,0.0,0.0,1.0,0.0,0.1364921096477715,0.0,0.0,1.0,1.0,1.0,1.0,1.0,1.0001417398452759,505953788757.3242,1.0,0.6912450331066726,0.4940462112426758,0.0,0.0,0.5059537887573242,0.8589449541284404,1.0,0.0,0.3514735658737746,0.5
100.0,0.701389268040657,0.8024469554113647,0.5082367404644995,0.7626146788990825,0.5941810574721206,1.0,0.0,0.0,0.0,0.0,0.0,1.0,1.0,1.0,1.0,1.0,-0.01137795506508464,1.0,0.0,0.0,-0.06826773039050783,0.0,1.0,0.0,0.0,0.0,0.0,1.0,0.0,-0.06826773039050783,0.0,0.0,1.0,1.0,1.0,1.0,1.0,1.0045748949050903,533857703208.92334,1.0,0.6890906757171001,0.46614232659339905,0.0,0.0,0.5338577032089233,0.7626146788990825,1.0,0.0,0.5941810574721206,0.5
150.0,0.50139981508255,0.8823590550713448,0.3130928228593779,0.8864678899082569,0.3147306900810112,1.0,0.0,0.0,0.0,0.0,0.0,1.0,1.0,1.0,1.0,1.0,0.004364437473086179,1.0,0.0,0.0,0.026186624838517077,0.0,1.0,0.0,0.0,0.0,0.0,1.0,0.0,0.026186624838517077,0.0,0.0,1.0,1.0,1.0,1.0,1.0,0.9993299245834351,510156273841.8579,1.0,0.6915676325833032,0.48929068446159363,0.0,0.0005531054921448231,0.5101562738418579,0.8864678899082569,1.0,0.0,0.3147306900810112,0.5
