step,train_step_loss,train_acc,train_loss,val_acc,val_loss,router_entropy,router_load_e0,router_load_e1,router_load_e2,router_load_e3
30.0,0.6298771475752195,0.6751458627833297,0.5881560530921314,0.6694847456584941,0.5892330921275265,0.6739523553599914,0.4955112934112549,0.04893326014280319,0.40224769711494446,0.053307898342609406
50.0,0.5392129321893057,0.6591717776599947,0.6147246397204564,0.6554338838726439,0.6224035318915839,0.6388865331946699,0.6434702277183533,0.08646475523710251,0.2347114533185959,0.035354096442461014
