method,n_seeds,best_mean,best_std,final_mean,final_std,score_mean,score_std
cagrad,1,0.6246148852453216,0.0,0.6246148852453216,0.0,0.6246148852453216,0.0
baseline,1,0.6160076283075439,0.0,0.6160076283075439,0.0,0.6160076283075439,0.0
ours,1,0.5166511180829757,0.0,0.5166511180829757,0.0,0.5166511180829757,0.0
