step,train_step_loss,train_acc,train_loss,val_acc,val_loss,alignment_reward,l_conflict,l_conflict_e0,l_conflict_e1,l_conflict_e2,l_conflict_e3,router_conflict_grad_l2,router_entropy,router_load_e0,router_load_e1,router_load_e2,router_load_e3
5.0,0.695744276046753,0.5171861520800123,0.6924391144005733,0.5166511180829757,0.6911621841028031,1.0475316047668457,-1.0475316047668457,-0.32359030842781067,-0.34684059023857117,-0.1824967861175537,-0.19460387527942657,0.0,1.2995794042944908,0.32974064350128174,0.3499404788017273,0.15669485926628113,0.16362422704696655
