step,train_step_loss,train_acc,train_loss,val_acc,val_loss,avg_intra_expert_coherence,expert_diversity_e0,expert_diversity_e1,expert_diversity_e2,expert_diversity_e3,expert_diversity_mean,expert_purity_e0,expert_purity_e1,expert_purity_e2,expert_purity_e3,expert_purity_mean,inter_expert_similarity,inter_expert_similarity_e0_e0,inter_expert_similarity_e0_e1,inter_expert_similarity_e0_e2,inter_expert_similarity_e0_e3,inter_expert_similarity_e1_e0,inter_expert_similarity_e1_e1,inter_expert_similarity_e1_e2,inter_expert_similarity_e1_e3,inter_expert_similarity_e2_e0,inter_expert_similarity_e2_e1,inter_expert_similarity_e2_e2,inter_expert_similarity_e2_e3,inter_expert_similarity_e3_e0,inter_expert_similarity_e3_e1,inter_expert_similarity_e3_e2,inter_expert_similarity_e3_e3,intra_expert_coherence_e0,intra_expert_coherence_e1,intra_expert_coherence_e2,intra_expert_coherence_e3,load_cv,load_max_min_ratio,overall_task_conflict_cos,router_entropy,router_load_e0,router_load_e1,router_load_e2,router_load_e3,task_acc__glue_mrpc,task_conflict_t0_t0,task_grad_norm_cv,task_loss__glue_mrpc,utilization_ratio
50.0,0.35945338010787964,0.8042529989094874,0.41627029319820197,0.7941176470588235,0.42676623452168244,1.0,0.0,0.0,0.0,0.0,0.0,1.0,1.0,1.0,1.0,1.0,-0.08078441284500583,1.0,-0.47778113869471545,0.20176095085955728,0.062498773405270526,-0.47778113869471545,1.0,-0.1458987878266488,0.13154681713731178,0.20176095085955728,-0.1458987878266488,1.0,-0.2568330919508104,0.062498773405270526,0.13154681713731178,-0.2568330919508104,1.0,1.0,1.0,1.0,1.0,0.4553006887435913,2.7563145834345946,1.0,1.2805957466948266,0.444478303194046,0.180735781788826,0.21352767944335938,0.16125819087028503,0.7941176470588235,1.0,0.0,0.42676623452168244,1.0
100.0,0.27754126489162445,0.8702290076335878,0.30995568458557776,0.8578431372549019,0.3713558128175254,1.0,0.0,0.0,0.0,0.0,0.0,1.0,1.0,1.0,1.0,1.0,-0.09468353449033286,1.0,-0.17715557692750028,0.1800021835914266,0.0391476631658435,-0.17715557692750028,1.0,0.009706245580580902,-0.21648839788361973,0.1800021835914266,0.009706245580580902,1.0,-0.40331332446872814,0.0391476631658435,-0.21648839788361973,-0.40331332446872814,1.0,1.0,1.0,1.0,1.0,0.3968586027622223,2.4462916087916033,1.0,1.2787133128035302,0.420293390750885,0.2070358693599701,0.20086243748664856,0.1718083769083023,0.8578431372549019,1.0,0.0,0.3713558128175254,1.0
