step,train_step_loss,train_acc,train_loss,val_acc,val_loss,avg_intra_expert_coherence,expert_diversity_e0,expert_diversity_e1,expert_diversity_e2,expert_diversity_e3,expert_diversity_mean,expert_purity_e0,expert_purity_e1,expert_purity_e2,expert_purity_e3,expert_purity_mean,inter_expert_similarity,inter_expert_similarity_e0_e0,inter_expert_similarity_e0_e1,inter_expert_similarity_e0_e2,inter_expert_similarity_e0_e3,inter_expert_similarity_e1_e0,inter_expert_similarity_e1_e1,inter_expert_similarity_e1_e2,inter_expert_similarity_e1_e3,inter_expert_similarity_e2_e0,inter_expert_similarity_e2_e1,inter_expert_similarity_e2_e2,inter_expert_similarity_e2_e3,inter_expert_similarity_e3_e0,inter_expert_similarity_e3_e1,inter_expert_similarity_e3_e2,inter_expert_similarity_e3_e3,intra_expert_coherence_e0,intra_expert_coherence_e1,intra_expert_coherence_e2,intra_expert_coherence_e3,load_cv,load_max_min_ratio,overall_task_conflict_cos,router_entropy,router_load_e0,router_load_e1,router_load_e2,router_load_e3,task_acc__glue_rte,task_conflict_t0_t0,task_grad_norm_cv,task_loss__glue_rte,utilization_ratio
50.0,0.5791434049606323,0.5542168674698795,0.6748149264126252,0.5523465703971119,0.6793532114889886,1.0,0.0,0.0,0.0,0.0,0.0,1.0,1.0,1.0,1.0,1.0,-0.005512601862608302,1.0,-0.03307561117564981,0.0,0.0,-0.03307561117564981,1.0,0.0,0.0,0.0,0.0,1.0,0.0,0.0,0.0,0.0,1.0,1.0,1.0,1.0,1.0,0.9979903697967529,337.2713589159444,1.0,0.6878775121502928,0.5488734245300293,0.44464361667633057,0.0016273941146209836,0.004855618346482515,0.5523465703971119,1.0,0.0,0.6793532114889886,0.5
100.0,0.6661036908626556,0.6971887550200804,0.6137530142871233,0.6353790613718412,0.6507743580473794,1.0,0.0,0.0,0.0,0.0,0.0,1.0,1.0,1.0,1.0,1.0,0.032139131024056945,1.0,0.19283478614434166,0.0,0.0,0.19283478614434166,1.0,0.0,0.0,0.0,0.0,1.0,0.0,0.0,0.0,0.0,1.0,1.0,1.0,1.0,1.0,0.9991757869720459,536974012851.7151,1.0,0.6898507650148137,0.5369740128517151,0.4596033990383148,0.003422647248953581,0.0,0.6353790613718412,1.0,0.0,0.6507743580473794,0.5
150.0,0.6657778322696686,0.665863453815261,0.6136739525657433,0.6173285198555957,0.6460924620429674,1.0,0.0,0.0,0.0,0.0,0.0,1.0,1.0,1.0,1.0,1.0,0.023102128345831367,1.0,0.1386127700749882,0.0,0.0,0.1386127700749882,1.0,0.0,0.0,0.0,0.0,1.0,0.0,0.0,0.0,0.0,1.0,1.0,1.0,1.0,1.0,1.012959361076355,557103753089.9048,1.0,0.6862339534484092,0.5571037530899048,0.4428962767124176,0.0,0.0,0.6173285198555957,1.0,0.0,0.6460924620429674,0.5
