step,train_step_loss,train_acc,train_loss,val_acc,val_loss,avg_intra_expert_coherence,expert_diversity_e0,expert_diversity_e1,expert_diversity_e2,expert_diversity_e3,expert_diversity_mean,expert_purity_e0,expert_purity_e1,expert_purity_e2,expert_purity_e3,expert_purity_mean,inter_expert_similarity,inter_expert_similarity_e0_e0,inter_expert_similarity_e0_e1,inter_expert_similarity_e0_e2,inter_expert_similarity_e0_e3,inter_expert_similarity_e1_e0,inter_expert_similarity_e1_e1,inter_expert_similarity_e1_e2,inter_expert_similarity_e1_e3,inter_expert_similarity_e2_e0,inter_expert_similarity_e2_e1,inter_expert_similarity_e2_e2,inter_expert_similarity_e2_e3,inter_expert_similarity_e3_e0,inter_expert_similarity_e3_e1,inter_expert_similarity_e3_e2,inter_expert_similarity_e3_e3,intra_expert_coherence_e0,intra_expert_coherence_e1,intra_expert_coherence_e2,intra_expert_coherence_e3,load_cv,load_max_min_ratio,overall_task_conflict_cos,router_entropy,router_load_e0,router_load_e1,router_load_e2,router_load_e3,task_acc__glue_cola,task_acc__glue_mrpc,task_acc__glue_rte,task_conflict_t0_t0,task_conflict_t0_t1,task_conflict_t0_t2,task_conflict_t1_t0,task_conflict_t1_t1,task_conflict_t1_t2,task_conflict_t2_t0,task_conflict_t2_t1,task_conflict_t2_t2,task_grad_norm_cv,task_loss__glue_cola,task_loss__glue_mrpc,task_loss__glue_rte,utilization_ratio
1.0,0.8403326769669851,0.5742522764539796,0.6739514754353633,0.567776956121209,0.6773784892110349,0.010030203676823553,0.9458004207543804,0.9388954524758926,0.9627207669240355,0.9519478879163109,0.9498411320176549,0.5006601214408875,0.4564396142959595,0.44757601618766785,0.4896892011165619,0.47359123826026917,0.14923998459293172,1.0,0.6322516118380076,0.14827374459238465,0.21827439768942022,0.6322516118380076,1.0,-0.24919088259463654,0.3160264506327138,0.14827374459238465,-0.24919088259463654,1.0,-0.1701954146002994,0.21827439768942022,0.3160264506327138,-0.1701954146002994,1.0,0.11149784656719797,0.02366831405453194,-0.010760812614539409,-0.08428453329989627,0.13882246613502502,1.4731060405507534,-0.05527729691587089,1.3590499079889722,0.26061713695526123,0.23893536627292633,0.2980916202068329,0.20235584676265717,0.5743048897411314,0.6813725490196079,0.44765342960288806,1.0,0.713003947162947,-0.5204900089826849,0.713003947162947,1.0,-0.35834582892787475,-0.5204900089826849,-0.35834582892787475,1.0,0.17731466326900786,0.6575061005490427,0.6326302351320491,0.7419991319520133,1.0
