step,train_step_loss,train_acc,train_loss,val_acc,val_loss,avg_intra_expert_coherence,expert_diversity_e0,expert_diversity_e1,expert_diversity_e2,expert_diversity_e3,expert_diversity_mean,expert_purity_e0,expert_purity_e1,expert_purity_e2,expert_purity_e3,expert_purity_mean,inter_expert_similarity,inter_expert_similarity_e0_e0,inter_expert_similarity_e0_e1,inter_expert_similarity_e0_e2,inter_expert_similarity_e0_e3,inter_expert_similarity_e1_e0,inter_expert_similarity_e1_e1,inter_expert_similarity_e1_e2,inter_expert_similarity_e1_e3,inter_expert_similarity_e2_e0,inter_expert_similarity_e2_e1,inter_expert_similarity_e2_e2,inter_expert_similarity_e2_e3,inter_expert_similarity_e3_e0,inter_expert_similarity_e3_e1,inter_expert_similarity_e3_e2,inter_expert_similarity_e3_e3,intra_expert_coherence_e0,intra_expert_coherence_e1,intra_expert_coherence_e2,intra_expert_coherence_e3,load_cv,load_max_min_ratio,overall_task_conflict_cos,router_entropy,router_load_e0,router_load_e1,router_load_e2,router_load_e3,task_acc__glue_mrpc,task_conflict_t0_t0,task_grad_norm_cv,task_loss__glue_mrpc,utilization_ratio
50.0,0.49701637029647827,0.7660850599781898,0.4874308152853147,0.7745098039215687,0.47923180059744763,1.0,0.0,0.0,0.0,0.0,0.0,1.0,1.0,1.0,1.0,1.0,0.014916392934186904,1.0,0.0,0.0,0.08949835760512143,0.0,1.0,0.0,0.0,0.0,0.0,1.0,0.0,0.08949835760512143,0.0,0.0,1.0,1.0,1.0,1.0,1.0,0.9957767128944397,504061102867.12646,1.0,0.6912050469248903,0.4937717318534851,0.0,0.00216717179864645,0.5040611028671265,0.7745098039215687,1.0,0.0,0.47923180059744763,0.5
100.0,0.5182941257953644,0.8257906215921483,0.39146701877369827,0.8112745098039216,0.4057260330479879,1.0,0.0,0.0,0.0,0.0,0.0,1.0,1.0,1.0,1.0,1.0,-0.017532084105153833,1.0,0.0,0.0,-0.105192504630923,0.0,1.0,0.0,0.0,0.0,0.0,1.0,0.0,-0.105192504630923,0.0,0.0,1.0,1.0,1.0,1.0,1.0,1.0046600103378296,534171879291.5344,1.0,0.6881639115950641,0.4658281207084656,0.0,0.0,0.5341718792915344,0.8112745098039216,1.0,0.0,0.4057260330479879,0.5
150.0,0.5427698343992233,0.8328789531079608,0.37234666976753783,0.8186274509803921,0.40815413958178115,1.0,0.0,0.0,0.0,0.0,0.0,1.0,1.0,1.0,1.0,1.0,0.018092820456413805,1.0,0.0,0.0,0.10855692273848283,0.0,1.0,0.0,0.0,0.0,0.0,1.0,0.0,0.10855692273848283,0.0,0.0,1.0,1.0,1.0,1.0,1.0,0.9976974129676819,501138150691.9861,1.0,0.6921920250443852,0.4977039694786072,0.0,0.0011578559642657638,0.5011381506919861,0.8186274509803921,1.0,0.0,0.40815413958178115,0.5
