step,train_step_loss,train_acc,train_loss,val_acc,val_loss,avg_intra_expert_coherence,expert_diversity_e0,expert_diversity_e1,expert_diversity_e2,expert_diversity_e3,expert_diversity_mean,expert_purity_e0,expert_purity_e1,expert_purity_e2,expert_purity_e3,expert_purity_mean,inter_expert_similarity,inter_expert_similarity_e0_e0,inter_expert_similarity_e0_e1,inter_expert_similarity_e0_e2,inter_expert_similarity_e0_e3,inter_expert_similarity_e1_e0,inter_expert_similarity_e1_e1,inter_expert_similarity_e1_e2,inter_expert_similarity_e1_e3,inter_expert_similarity_e2_e0,inter_expert_similarity_e2_e1,inter_expert_similarity_e2_e2,inter_expert_similarity_e2_e3,inter_expert_similarity_e3_e0,inter_expert_similarity_e3_e1,inter_expert_similarity_e3_e2,inter_expert_similarity_e3_e3,intra_expert_coherence_e0,intra_expert_coherence_e1,intra_expert_coherence_e2,intra_expert_coherence_e3,load_cv,load_max_min_ratio,overall_task_conflict_cos,router_entropy,router_load_e0,router_load_e1,router_load_e2,router_load_e3,task_acc__glue_rte,task_conflict_t0_t0,task_grad_norm_cv,task_loss__glue_rte,utilization_ratio
50.0,0.6946961879730225,0.5204819277108433,0.6907782470186552,0.44765342960288806,0.6991871446371078,1.0,0.0,0.0,0.0,0.0,0.0,1.0,1.0,1.0,1.0,1.0,-0.016584939579176897,1.0,0.0,0.0,0.0,0.0,1.0,-0.09950963747506139,0.0,0.0,-0.09950963747506139,1.0,0.0,0.0,0.0,0.0,1.0,1.0,1.0,1.0,1.0,0.9934538006782532,506259739398.9563,1.0,0.6923455228013683,0.003406611504033208,0.5062597393989563,0.4903336465358734,0.0,0.44765342960288806,1.0,0.0,0.6991871446371078,0.5
100.0,0.7149895429611206,0.553012048192771,0.6833165013637298,0.49097472924187724,0.693116749326388,1.0,0.0,0.0,0.0,0.0,0.0,1.0,1.0,1.0,1.0,1.0,-0.014888622328780453,1.0,0.0,0.0,0.0,0.0,1.0,-0.08933173397268272,0.0,0.0,-0.08933173397268272,1.0,0.0,0.0,0.0,0.0,1.0,1.0,1.0,1.0,1.0,0.9899785530592736,502969384193.4204,1.0,0.692288572607488,0.005085159093141556,0.5029693841934204,0.4919455647468567,0.0,0.49097472924187724,1.0,0.0,0.693116749326388,0.5
150.0,0.667679488658905,0.6377510040160642,0.6697507045589961,0.5812274368231047,0.6773578491475847,1.0,0.0,0.0,0.0,0.0,0.0,1.0,1.0,1.0,1.0,1.0,-0.00913914539484496,1.0,0.0,0.0,0.0,0.0,1.0,-0.05483487236906976,0.0,0.0,-0.05483487236906976,1.0,0.0,0.0,0.0,0.0,1.0,1.0,1.0,1.0,1.0,0.9730085134506226,497078239917.7551,1.0,0.6921942939827158,0.013622204773128033,0.4970782399177551,0.48929956555366516,0.0,0.5812274368231047,1.0,0.0,0.6773578491475847,0.5
