step,train_step_loss,train_acc,train_loss,val_acc,val_loss,alignment_reward,l_conflict,l_conflict_e0,l_conflict_e1,l_conflict_e2,l_conflict_e3,router_conflict_grad_l2,router_entropy,router_load_e0,router_load_e1,router_load_e2,router_load_e3
30.0,0.6818614006042482,0.374254118747706,0.710813901240558,0.3839923716924562,0.7094307275153393,0.10239524394273758,-0.10239524394273758,-0.02325582690536976,-0.0,-0.0,-0.07913941890001297,0.0,0.5498775102336098,0.23899707198143005,0.0,0.0,0.7610034346580505
50.0,0.686209668715795,0.625745881252294,0.6611364986526898,0.6160076283075439,0.6668618004714735,1.7863476276397705,-1.7863476276397705,-0.566787838935852,-0.0,-0.0,-1.2195597887039185,0.0,0.6333708042899767,0.3288642168045044,0.0,0.0,0.671136200428009
