step,train_step_loss,train_acc,train_loss,val_acc,val_loss,alignment_reward,l_conflict,l_conflict_e0,l_conflict_e1,l_conflict_e2,l_conflict_e3,router_conflict_grad_l2,router_entropy,router_load_e0,router_load_e1,router_load_e2,router_load_e3
30.0,0.6827480196952821,0.625745881252294,0.6638612952930901,0.6160076283075439,0.6677004875515231,0.030840523540973663,-0.030840523540973663,-0.0,-0.009807773865759373,-0.012069083750247955,-0.008963667787611485,0.0,0.6674138620771743,0.0,0.612943708896637,0.0,0.3870573341846466
50.0,0.6497631470362347,0.625745881252294,0.6619295616456388,0.6160076283075439,0.6665078606387828,0.06452665477991104,-0.06452665477991104,-0.0,-0.04928652197122574,-0.0,-0.015240135602653027,0.0,0.5430596957880037,0.0,0.766845703125,0.0,0.233154296875
