step,train_step_loss,train_acc,train_loss,val_acc,val_loss,avg_intra_expert_coherence,expert_diversity_e0,expert_diversity_e1,expert_diversity_e2,expert_diversity_e3,expert_diversity_mean,expert_purity_e0,expert_purity_e1,expert_purity_e2,expert_purity_e3,expert_purity_mean,inter_expert_similarity,inter_expert_similarity_e0_e0,inter_expert_similarity_e0_e1,inter_expert_similarity_e0_e2,inter_expert_similarity_e0_e3,inter_expert_similarity_e1_e0,inter_expert_similarity_e1_e1,inter_expert_similarity_e1_e2,inter_expert_similarity_e1_e3,inter_expert_similarity_e2_e0,inter_expert_similarity_e2_e1,inter_expert_similarity_e2_e2,inter_expert_similarity_e2_e3,inter_expert_similarity_e3_e0,inter_expert_similarity_e3_e1,inter_expert_similarity_e3_e2,inter_expert_similarity_e3_e3,intra_expert_coherence_e0,intra_expert_coherence_e1,intra_expert_coherence_e2,intra_expert_coherence_e3,load_cv,load_max_min_ratio,overall_task_conflict_cos,router_entropy,router_load_e0,router_load_e1,router_load_e2,router_load_e3,task_acc__glue_rte,task_conflict_t0_t0,task_grad_norm_cv,task_loss__glue_rte,utilization_ratio
50.0,0.641441285610199,0.5016064257028112,0.6875890142642535,0.5270758122743683,0.6835083448224597,1.0,0.0,0.0,0.0,0.0,0.0,1.0,1.0,1.0,1.0,1.0,0.008371590088770739,1.0,0.050229540532624434,0.0,0.0,0.050229540532624434,1.0,0.0,0.0,0.0,0.0,1.0,0.0,0.0,0.0,0.0,1.0,1.0,1.0,1.0,1.0,0.982588529586792,139.13714090250014,1.0,0.6928201005777297,0.4856471121311188,0.5054462552070618,0.005273914430290461,0.003632719861343503,0.5270758122743683,1.0,0.0,0.6835083448224597,0.5
100.0,0.6912058293819427,0.6068273092369478,0.6730147449251933,0.555956678700361,0.6867113394869698,1.0,0.0,0.0,0.0,0.0,0.0,1.0,1.0,1.0,1.0,1.0,0.007371948211231536,1.0,0.04423168926738922,0.0,0.0,0.04423168926738922,1.0,0.0,0.0,0.0,0.0,1.0,0.0,0.0,0.0,0.0,1.0,1.0,1.0,1.0,1.0,0.9972499012947083,510588526725.76904,1.0,0.6919463808355779,0.4877740740776062,0.510588526725769,0.0016374357510358095,0.0,0.555956678700361,1.0,0.0,0.6867113394869698,0.5
150.0,0.6846601366996765,0.5907630522088353,0.6681844338010519,0.592057761732852,0.6702612886826197,1.0,0.0,0.0,0.0,0.0,0.0,1.0,1.0,1.0,1.0,1.0,0.008054561202776787,1.0,0.04832736721666072,0.0,0.0,0.04832736721666072,1.0,0.0,0.0,0.0,0.0,1.0,0.0,0.0,0.0,0.0,1.0,1.0,1.0,1.0,1.0,1.0031147003173828,527926385402.67944,1.0,0.6903563664708326,0.5279263854026794,0.47207367420196533,0.0,0.0,0.592057761732852,1.0,0.0,0.6702612886826197,0.5
