step,train_step_loss,train_acc,train_loss,val_acc,val_loss,avg_intra_expert_coherence,expert_diversity_e0,expert_diversity_e1,expert_diversity_e2,expert_diversity_e3,expert_diversity_mean,expert_purity_e0,expert_purity_e1,expert_purity_e2,expert_purity_e3,expert_purity_mean,inter_expert_similarity,inter_expert_similarity_e0_e0,inter_expert_similarity_e0_e1,inter_expert_similarity_e0_e2,inter_expert_similarity_e0_e3,inter_expert_similarity_e1_e0,inter_expert_similarity_e1_e1,inter_expert_similarity_e1_e2,inter_expert_similarity_e1_e3,inter_expert_similarity_e2_e0,inter_expert_similarity_e2_e1,inter_expert_similarity_e2_e2,inter_expert_similarity_e2_e3,inter_expert_similarity_e3_e0,inter_expert_similarity_e3_e1,inter_expert_similarity_e3_e2,inter_expert_similarity_e3_e3,intra_expert_coherence_e0,intra_expert_coherence_e1,intra_expert_coherence_e2,intra_expert_coherence_e3,load_cv,load_max_min_ratio,overall_task_conflict_cos,router_entropy,router_load_e0,router_load_e1,router_load_e2,router_load_e3,task_acc__glue_rte,task_conflict_t0_t0,task_grad_norm_cv,task_loss__glue_rte,utilization_ratio
50.0,0.6400731205940247,0.5016064257028112,0.6938833225231905,0.5270758122743683,0.6881923278172811,1.0,0.0,0.0,0.0,0.0,0.0,1.0,1.0,1.0,1.0,1.0,0.03196414977819855,1.0,0.0,0.0,0.0,0.0,1.0,0.0,0.1917848986691913,0.0,0.0,1.0,0.0,0.0,0.1917848986691913,0.0,1.0,1.0,1.0,1.0,1.0,1.0159579515457153,563413977622.9858,1.0,0.6850188269081529,0.0,0.5634139776229858,0.0,0.43658602237701416,0.5270758122743683,1.0,0.0,0.6881923278172811,0.5
100.0,0.7002457976341248,0.5405622489959839,0.6806926114436908,0.49458483754512633,0.6950912839836545,1.0,0.0,0.0,0.0,0.0,0.0,1.0,1.0,1.0,1.0,1.0,0.03912315506066077,1.0,0.0,0.0,0.0,0.0,1.0,0.0,0.23473893036396462,0.0,0.0,1.0,0.0,0.0,0.23473893036396462,0.0,1.0,1.0,1.0,1.0,1.0,1.010549545288086,551490664482.1167,1.0,0.6876709641962706,0.0,0.5514906644821167,0.0,0.4485093653202057,0.49458483754512633,1.0,0.0,0.6950912839836545,0.5
150.0,0.6784259974956512,0.6056224899598394,0.6745406486285039,0.592057761732852,0.6802353511253992,1.0,0.0,0.0,0.0,0.0,0.0,1.0,1.0,1.0,1.0,1.0,0.033989321730043154,1.0,0.0,0.0,0.0,0.0,1.0,0.0,0.20393593038025892,0.0,0.0,1.0,0.0,0.0,0.20393593038025892,0.0,1.0,1.0,1.0,1.0,1.0,1.0132108926773071,557658731937.4084,1.0,0.686384263021421,0.0,0.5576587319374084,0.0,0.44234132766723633,0.592057761732852,1.0,0.0,0.6802353511253992,0.5
