step,train_step_loss,train_acc,train_loss,val_acc,val_loss,avg_intra_expert_coherence,expert_diversity_e0,expert_diversity_e1,expert_diversity_e2,expert_diversity_e3,expert_diversity_mean,expert_purity_e0,expert_purity_e1,expert_purity_e2,expert_purity_e3,expert_purity_mean,inter_expert_similarity,inter_expert_similarity_e0_e0,inter_expert_similarity_e0_e1,inter_expert_similarity_e0_e2,inter_expert_similarity_e0_e3,inter_expert_similarity_e1_e0,inter_expert_similarity_e1_e1,inter_expert_similarity_e1_e2,inter_expert_similarity_e1_e3,inter_expert_similarity_e2_e0,inter_expert_similarity_e2_e1,inter_expert_similarity_e2_e2,inter_expert_similarity_e2_e3,inter_expert_similarity_e3_e0,inter_expert_similarity_e3_e1,inter_expert_similarity_e3_e2,inter_expert_similarity_e3_e3,intra_expert_coherence_e0,intra_expert_coherence_e1,intra_expert_coherence_e2,intra_expert_coherence_e3,load_cv,load_max_min_ratio,overall_task_conflict_cos,router_entropy,router_load_e0,router_load_e1,router_load_e2,router_load_e3,task_acc__glue_rte,task_conflict_t0_t0,task_grad_norm_cv,task_loss__glue_rte,utilization_ratio
50.0,0.6174336373806,0.6285140562248996,0.6462544954931124,0.5848375451263538,0.6695475280284882,1.0,0.0,0.0,0.0,0.0,0.0,1.0,1.0,1.0,1.0,1.0,-0.11128298680131843,1.0,0.0,-0.6676979208079106,0.0,0.0,1.0,0.0,0.0,-0.6676979208079106,0.0,1.0,0.0,0.0,0.0,0.0,1.0,1.0,1.0,1.0,1.0,1.0108414888381958,552202284336.0901,1.0,0.6868370448639246,0.5522022843360901,0.0,0.4477976858615875,0.0,0.5848375451263538,1.0,0.0,0.6695475280284882,0.5
100.0,0.6693122982978821,0.7240963855421687,0.6014960426168564,0.6642599277978339,0.6434308853414323,1.0,0.0,0.0,0.0,0.0,0.0,1.0,1.0,1.0,1.0,1.0,-0.0824826759397148,1.0,0.0,-0.49489605563828876,0.0,0.0,1.0,0.0,0.0,-0.49489605563828876,0.0,1.0,0.0,0.0,0.0,0.0,1.0,1.0,1.0,1.0,1.0,1.0165909508954345,564669549465.1794,1.0,0.6842341698464074,0.5646695494651794,0.0,0.4353305399417877,0.0,0.6642599277978339,1.0,0.0,0.6434308853414323,0.5
150.0,0.6327858567237854,0.5100401606425703,0.6621015601051159,0.5234657039711191,0.6796008000771204,1.0,0.0,0.0,0.0,0.0,0.0,1.0,1.0,1.0,1.0,1.0,-0.061198011620726155,1.0,0.0,-0.3671880697243569,0.0,0.0,1.0,0.0,0.0,-0.3671880697243569,0.0,1.0,0.0,0.0,0.0,0.0,1.0,1.0,1.0,1.0,1.0,1.0109368562698364,552432596683.5022,1.0,0.6874389390222433,0.5524325966835022,0.0,0.4475673735141754,0.0,0.5234657039711191,1.0,0.0,0.6796008000771204,0.5
