step,train_step_loss,train_acc,train_loss,val_acc,val_loss,router_entropy,router_load_e0,router_load_e1,router_load_e2,router_load_e3
5.0,0.6661398410797119,0.6919302071973827,0.5984371881122175,0.7058823529411765,0.5860983603275739,1.2799447167153453,0.437097430229187,0.15257926285266876,0.2452266663312912,0.16509652137756348
