step,train_step_loss,train_acc,train_loss,val_acc,val_loss,alignment_reward,l_conflict,l_conflict_e0,l_conflict_e1,l_conflict_e2,l_conflict_e3,router_conflict_grad_l2,router_entropy,router_load_e0,router_load_e1,router_load_e2,router_load_e3
5.0,0.46165022253990173,0.7423664122137404,0.5299231355604919,0.75,0.5202587705392104,0.04548294097185135,-0.04548294097185135,-0.02112887240946293,-0.006432115565985441,-0.006624326575547457,-0.011297624558210373,0.0,1.2855952861262303,0.4173645079135895,0.15940667688846588,0.16154338419437408,0.26168549060821533
