method,seed,step,router_entropy,router_load_e0,router_load_e1,router_load_e2,router_load_e3
baseline,2,5.0,1.2799447167153453,0.437097430229187,0.15257926285266876,0.2452266663312912,0.16509652137756348
ours,2,5.0,1.2855952861262303,0.4173645079135895,0.15940667688846588,0.16154338419437408,0.26168549060821533
