step,train_step_loss,train_acc,train_loss,val_acc,val_loss,avg_intra_expert_coherence,expert_diversity_e0,expert_diversity_e1,expert_diversity_e2,expert_diversity_e3,expert_diversity_mean,expert_purity_e0,expert_purity_e1,expert_purity_e2,expert_purity_e3,expert_purity_mean,inter_expert_similarity,inter_expert_similarity_e0_e0,inter_expert_similarity_e0_e1,inter_expert_similarity_e0_e2,inter_expert_similarity_e0_e3,inter_expert_similarity_e1_e0,inter_expert_similarity_e1_e1,inter_expert_similarity_e1_e2,inter_expert_similarity_e1_e3,inter_expert_similarity_e2_e0,inter_expert_similarity_e2_e1,inter_expert_similarity_e2_e2,inter_expert_similarity_e2_e3,inter_expert_similarity_e3_e0,inter_expert_similarity_e3_e1,inter_expert_similarity_e3_e2,inter_expert_similarity_e3_e3,intra_expert_coherence_e0,intra_expert_coherence_e1,intra_expert_coherence_e2,intra_expert_coherence_e3,load_cv,load_max_min_ratio,overall_task_conflict_cos,router_entropy,router_load_e0,router_load_e1,router_load_e2,router_load_e3,task_acc__glue_cola,task_acc__glue_mrpc,task_acc__glue_rte,task_conflict_t0_t0,task_conflict_t0_t1,task_conflict_t0_t2,task_conflict_t1_t0,task_conflict_t1_t1,task_conflict_t1_t2,task_conflict_t2_t0,task_conflict_t2_t1,task_conflict_t2_t2,task_grad_norm_cv,task_loss__glue_cola,task_loss__glue_mrpc,task_loss__glue_rte,utilization_ratio
1.0,0.6906397938728333,0.5976789884912134,0.676416395425696,0.5968321728904776,0.6775576885213223,-0.09043806342501509,0.8020913042213895,0.9341161749112505,0.9322035958136371,0.8929236743567697,0.8903336873257617,0.5761303901672363,0.5172628164291382,0.48834025859832764,0.49266910552978516,0.5186006426811218,-0.007101139458594928,1.0,-0.04675856199275202,0.00690892782311853,-0.009190216129881591,-0.04675856199275202,1.0,-0.01888764508422709,0.04019997540755577,0.00690892782311853,-0.01888764508422709,1.0,-0.014879316775383167,-0.009190216129881591,0.04019997540755577,-0.014879316775383167,1.0,-0.17342262763244318,0.08944325569542304,-0.11039908044700313,-0.16737380131603707,0.5393157373635299,3.2493515775374826,0.04133816605003462,1.229803269384084,0.1781885325908661,0.48195284605026245,0.19153569638729095,0.14832277595996857,0.6337488015340365,0.6838235294117647,0.4729241877256318,1.0,0.675773433097875,-0.4072593886900396,0.675773433097875,1.0,-0.14449954625773154,-0.4072593886900396,-0.14449954625773154,1.0,0.2861413728907997,0.676750881753805,0.6452768620322732,0.7106453217778886,1.0
