step,train_step_loss,train_acc,train_loss,val_acc,val_loss,alignment_reward,l_conflict,l_conflict_e0,l_conflict_e1,l_conflict_e2,l_conflict_e3,router_conflict_grad_l2,router_entropy,router_load_e0,router_load_e1,router_load_e2,router_load_e3
5.0,0.5730720460414886,0.6982006543075245,0.590099329015483,0.7083333333333334,0.5837046171610172,0.046064384281635284,-0.046064384281635284,-0.011169021017849445,-0.015335766598582268,-0.007249210029840469,-0.012310383841395378,0.0,1.3421768955155915,0.26384010910987854,0.319810152053833,0.15178312361240387,0.26456671953201294
