step,train_step_loss,train_acc,train_loss,val_acc,val_loss,avg_intra_expert_coherence,expert_diversity_e0,expert_diversity_e1,expert_diversity_e2,expert_diversity_e3,expert_diversity_mean,expert_purity_e0,expert_purity_e1,expert_purity_e2,expert_purity_e3,expert_purity_mean,inter_expert_similarity,inter_expert_similarity_e0_e0,inter_expert_similarity_e0_e1,inter_expert_similarity_e0_e2,inter_expert_similarity_e0_e3,inter_expert_similarity_e1_e0,inter_expert_similarity_e1_e1,inter_expert_similarity_e1_e2,inter_expert_similarity_e1_e3,inter_expert_similarity_e2_e0,inter_expert_similarity_e2_e1,inter_expert_similarity_e2_e2,inter_expert_similarity_e2_e3,inter_expert_similarity_e3_e0,inter_expert_similarity_e3_e1,inter_expert_similarity_e3_e2,inter_expert_similarity_e3_e3,intra_expert_coherence_e0,intra_expert_coherence_e1,intra_expert_coherence_e2,intra_expert_coherence_e3,load_cv,load_max_min_ratio,overall_task_conflict_cos,router_entropy,router_load_e0,router_load_e1,router_load_e2,router_load_e3,task_acc__glue_cola,task_acc__glue_mrpc,task_acc__glue_rte,task_conflict_t0_t0,task_conflict_t0_t1,task_conflict_t0_t2,task_conflict_t1_t0,task_conflict_t1_t1,task_conflict_t1_t2,task_conflict_t2_t0,task_conflict_t2_t1,task_conflict_t2_t2,task_grad_norm_cv,task_loss__glue_cola,task_loss__glue_mrpc,task_loss__glue_rte,utilization_ratio
1.0,0.7606601814428965,0.5004302428501565,0.6931554201622777,0.5197746488091195,0.6926339419389516,-0.1983299506520212,0.974972840204917,0.9166703198019754,0.9420045599809371,0.7720182060689501,0.9014164815141948,0.39330169558525085,0.4996451735496521,0.4439648389816284,0.6747488975524902,0.5029151514172554,0.010375572362190963,1.0,0.006495848803967513,-0.0010955562386301702,-0.0075319999166582885,0.006495848803967513,1.0,0.027681156731069124,0.048544230480646884,-0.0010955562386301702,0.027681156731069124,1.0,-0.011840245687249285,-0.0075319999166582885,0.048544230480646884,-0.011840245687249285,1.0,-0.1339935534253114,-0.19223935628275698,-0.21230644648073627,-0.25478044641928016,0.4817486725153121,3.360763704058234,-0.13215458434669064,1.2297928238080607,0.12487797439098358,0.14841242134571075,0.41968536376953125,0.30702435970306396,0.46116970278044106,0.571078431372549,0.5270758122743683,1.0,-0.17045011122810277,-0.4966567825931239,-0.17045011122810277,1.0,0.27064314078115476,-0.4966567825931239,0.27064314078115476,1.0,0.399320975041265,0.6960961234023553,0.690039713008731,0.6917659894057682,0.75
