step,train_step_loss,train_acc,train_loss,val_acc,val_loss,avg_intra_expert_coherence,expert_diversity_e0,expert_diversity_e1,expert_diversity_e2,expert_diversity_e3,expert_diversity_mean,expert_purity_e0,expert_purity_e1,expert_purity_e2,expert_purity_e3,expert_purity_mean,inter_expert_similarity,inter_expert_similarity_e0_e0,inter_expert_similarity_e0_e1,inter_expert_similarity_e0_e2,inter_expert_similarity_e0_e3,inter_expert_similarity_e1_e0,inter_expert_similarity_e1_e1,inter_expert_similarity_e1_e2,inter_expert_similarity_e1_e3,inter_expert_similarity_e2_e0,inter_expert_similarity_e2_e1,inter_expert_similarity_e2_e2,inter_expert_similarity_e2_e3,inter_expert_similarity_e3_e0,inter_expert_similarity_e3_e1,inter_expert_similarity_e3_e2,inter_expert_similarity_e3_e3,intra_expert_coherence_e0,intra_expert_coherence_e1,intra_expert_coherence_e2,intra_expert_coherence_e3,load_cv,load_max_min_ratio,overall_task_conflict_cos,router_entropy,router_load_e0,router_load_e1,router_load_e2,router_load_e3,task_acc__glue_mrpc,task_conflict_t0_t0,task_grad_norm_cv,task_loss__glue_mrpc,utilization_ratio
50.0,0.43198971450328827,0.7704471101417666,0.4747683036910451,0.7867647058823529,0.4725715540922605,1.0,0.0,0.0,0.0,0.0,0.0,1.0,1.0,1.0,1.0,1.0,0.006129501907705437,1.0,0.0,0.0,0.0,0.0,1.0,0.0,0.03677701144623262,0.0,0.0,1.0,0.0,0.0,0.03677701144623262,0.0,1.0,1.0,1.0,1.0,1.0,1.021381976769206,573502480983.7341,1.0,0.6757651193469179,0.0,0.5735024809837341,0.0,0.4264974296092987,0.7867647058823529,1.0,0.0,0.4725715540922605,0.5
100.0,0.5587762892246246,0.8165212649945475,0.4103623390359723,0.7965686274509803,0.4283726610816442,1.0,0.0,0.0,0.0,0.0,0.0,1.0,1.0,1.0,1.0,1.0,-0.03352598437750714,1.0,0.0,0.0,0.0,0.0,1.0,0.0,-0.20115590626504284,0.0,0.0,1.0,0.0,0.0,-0.20115590626504284,0.0,1.0,1.0,1.0,1.0,1.0,0.9991515874862671,570232748985.2905,1.0,0.6725514028586593,0.012324200011789799,0.5702327489852905,0.0,0.41744300723075867,0.7965686274509803,1.0,0.0,0.4283726610816442,0.5
150.0,0.39831385016441345,0.8563249727371864,0.3404154988572649,0.8333333333333334,0.3711201273477994,1.0,0.0,0.0,0.0,0.0,0.0,1.0,1.0,1.0,1.0,1.0,0.004685231113509909,1.0,0.0,0.0,0.0,0.0,1.0,0.0,0.02811138668105945,0.0,0.0,1.0,0.0,0.0,0.02811138668105945,0.0,1.0,1.0,1.0,1.0,1.0,1.042188048362732,605131685733.7952,1.0,0.6583171299859589,0.0007184577989391983,0.6051316857337952,0.0,0.39414989948272705,0.8333333333333334,1.0,0.0,0.3711201273477994,0.5
