step,train_step_loss,train_acc,train_loss,val_acc,val_loss,avg_intra_expert_coherence,expert_diversity_e0,expert_diversity_e1,expert_diversity_e2,expert_diversity_e3,expert_diversity_mean,expert_purity_e0,expert_purity_e1,expert_purity_e2,expert_purity_e3,expert_purity_mean,inter_expert_similarity,inter_expert_similarity_e0_e0,inter_expert_similarity_e0_e1,inter_expert_similarity_e0_e2,inter_expert_similarity_e0_e3,inter_expert_similarity_e1_e0,inter_expert_similarity_e1_e1,inter_expert_similarity_e1_e2,inter_expert_similarity_e1_e3,inter_expert_similarity_e2_e0,inter_expert_similarity_e2_e1,inter_expert_similarity_e2_e2,inter_expert_similarity_e2_e3,inter_expert_similarity_e3_e0,inter_expert_similarity_e3_e1,inter_expert_similarity_e3_e2,inter_expert_similarity_e3_e3,intra_expert_coherence_e0,intra_expert_coherence_e1,intra_expert_coherence_e2,intra_expert_coherence_e3,load_cv,load_max_min_ratio,overall_task_conflict_cos,router_entropy,router_load_e0,router_load_e1,router_load_e2,router_load_e3,task_acc__glue_mrpc,task_conflict_t0_t0,task_grad_norm_cv,task_loss__glue_mrpc,utilization_ratio
50.0,0.47900955379009247,0.7870774263904035,0.45977798713290174,0.7647058823529411,0.4684867047919677,1.0,0.0,0.0,0.0,0.0,0.0,1.0,1.0,1.0,1.0,1.0,-0.04888255942532358,1.0,0.1660528948161849,-0.062008585109651265,-0.3028101061300725,0.1660528948161849,1.0,-0.40273413255215174,0.19475200197287829,-0.062008585109651265,-0.40273413255215174,1.0,0.11345257045087079,-0.3028101061300725,0.19475200197287829,0.11345257045087079,1.0,1.0,1.0,1.0,1.0,0.34899282455444336,2.343806759683841,1.0,1.3075316302916582,0.329157292842865,0.343330055475235,0.14648394286632538,0.18102863430976868,0.7647058823529411,1.0,0.0,0.4684867047919677,1.0
100.0,0.211346834897995,0.8868593238822247,0.26992001606394417,0.8651960784313726,0.32216297817201567,1.0,0.0,0.0,0.0,0.0,0.0,1.0,1.0,1.0,1.0,1.0,-0.08671584066838633,1.0,-0.17059681054676162,-0.09187201254690656,0.3828385888808675,-0.17059681054676162,1.0,-0.07867850190695914,-0.17594100066966692,-0.09187201254690656,-0.07867850190695914,1.0,-0.38604530722089125,0.3828385888808675,-0.17594100066966692,-0.38604530722089125,1.0,1.0,1.0,1.0,1.0,0.4348281103577482,2.858709874169278,1.0,1.2515740301094802,0.3397715091705322,0.3756079077720642,0.15322993695735931,0.13139070570468903,0.8651960784313726,1.0,0.0,0.32216297817201567,1.0
