step,train_step_loss,train_acc,train_loss,val_acc,val_loss,avg_intra_expert_coherence,expert_diversity_e0,expert_diversity_e1,expert_diversity_e2,expert_diversity_e3,expert_diversity_mean,expert_purity_e0,expert_purity_e1,expert_purity_e2,expert_purity_e3,expert_purity_mean,inter_expert_similarity,inter_expert_similarity_e0_e0,inter_expert_similarity_e0_e1,inter_expert_similarity_e0_e2,inter_expert_similarity_e0_e3,inter_expert_similarity_e1_e0,inter_expert_similarity_e1_e1,inter_expert_similarity_e1_e2,inter_expert_similarity_e1_e3,inter_expert_similarity_e2_e0,inter_expert_similarity_e2_e1,inter_expert_similarity_e2_e2,inter_expert_similarity_e2_e3,inter_expert_similarity_e3_e0,inter_expert_similarity_e3_e1,inter_expert_similarity_e3_e2,inter_expert_similarity_e3_e3,intra_expert_coherence_e0,intra_expert_coherence_e1,intra_expert_coherence_e2,intra_expert_coherence_e3,load_cv,load_max_min_ratio,overall_task_conflict_cos,router_entropy,router_load_e0,router_load_e1,router_load_e2,router_load_e3,task_acc__glue_mrpc,task_conflict_t0_t0,task_grad_norm_cv,task_loss__glue_mrpc,utilization_ratio
50.0,0.3803449422121048,0.8015267175572519,0.41639967447389725,0.8014705882352942,0.4156863938730497,1.0,0.0,0.0,0.0,0.0,0.0,1.0,1.0,1.0,1.0,1.0,-0.09468794567911766,1.0,-0.39062777516376307,-0.21389576541103456,-0.10929819019785623,-0.39062777516376307,1.0,0.159729382273787,-0.17361576332704678,-0.21389576541103456,0.159729382273787,1.0,0.15958043775120767,-0.10929819019785623,-0.17361576332704678,0.15958043775120767,1.0,1.0,1.0,1.0,1.0,0.47435736350504915,5.7442657003637265,1.0,1.23027363244225,0.2779160141944885,0.0699569582939148,0.4018513560295105,0.25027555227279663,0.8014705882352942,1.0,0.0,0.4156863938730497,0.75
100.0,0.5067741572856903,0.8865866957470011,0.2780749636904701,0.8700980392156863,0.3037900121595997,1.0,0.0,0.0,0.0,0.0,0.0,1.0,1.0,1.0,1.0,1.0,-0.037259628871198,1.0,0.10372892971961827,0.5196815594011255,-0.4718444309842046,0.10372892971961827,1.0,0.2130210787964741,-0.2036260843537821,0.5196815594011255,0.2130210787964741,1.0,-0.38451882580641916,-0.4718444309842046,-0.2036260843537821,-0.38451882580641916,1.0,1.0,1.0,1.0,1.0,0.5586185525201026,6.707489385038824,1.0,1.1470565258287917,0.1775452345609665,0.06368988752365112,0.3315655291080475,0.42719924449920654,0.8700980392156863,1.0,0.0,0.3037900121595997,0.75
