step,train_step_loss,train_acc,train_loss,val_acc,val_loss,avg_intra_expert_coherence,expert_diversity_e0,expert_diversity_e1,expert_diversity_e2,expert_diversity_e3,expert_diversity_mean,expert_purity_e0,expert_purity_e1,expert_purity_e2,expert_purity_e3,expert_purity_mean,inter_expert_similarity,inter_expert_similarity_e0_e0,inter_expert_similarity_e0_e1,inter_expert_similarity_e0_e2,inter_expert_similarity_e0_e3,inter_expert_similarity_e1_e0,inter_expert_similarity_e1_e1,inter_expert_similarity_e1_e2,inter_expert_similarity_e1_e3,inter_expert_similarity_e2_e0,inter_expert_similarity_e2_e1,inter_expert_similarity_e2_e2,inter_expert_similarity_e2_e3,inter_expert_similarity_e3_e0,inter_expert_similarity_e3_e1,inter_expert_similarity_e3_e2,inter_expert_similarity_e3_e3,intra_expert_coherence_e0,intra_expert_coherence_e1,intra_expert_coherence_e2,intra_expert_coherence_e3,load_cv,load_max_min_ratio,overall_task_conflict_cos,router_entropy,router_load_e0,router_load_e1,router_load_e2,router_load_e3,task_acc__glue_mrpc,task_conflict_t0_t0,task_grad_norm_cv,task_loss__glue_mrpc,utilization_ratio
50.0,0.45747271180152893,0.8129770992366412,0.4176865463995415,0.7941176470588235,0.42884077017123884,1.0,0.0,0.0,0.0,0.0,0.0,1.0,1.0,1.0,1.0,1.0,-0.08650924134745767,1.0,0.16583434645236017,-0.20286791864144085,-0.20722592318969144,0.16583434645236017,1.0,-0.04468949421896165,0.15980611926602808,-0.20286791864144085,-0.04468949421896165,1.0,-0.38991257775304033,-0.20722592318969144,0.15980611926602808,-0.38991257775304033,1.0,1.0,1.0,1.0,1.0,0.5902006030082703,4.1886438446743695,1.0,1.199463444597581,0.11107774078845978,0.46526509523391724,0.30808764696121216,0.11556951701641083,0.7941176470588235,1.0,0.0,0.42884077017123884,0.5
100.0,0.26112575083971024,0.888495092693566,0.2604597212422801,0.8725490196078431,0.3159479767513963,1.0,0.0,0.0,0.0,0.0,0.0,1.0,1.0,1.0,1.0,1.0,-0.059776306170231296,1.0,-0.1596818058182336,0.07006268062816029,0.03518178448615361,-0.1596818058182336,1.0,-0.09261326183504817,0.1368857044681184,0.07006268062816029,-0.09261326183504817,1.0,-0.3484929389505383,0.03518178448615361,0.1368857044681184,-0.3484929389505383,1.0,1.0,1.0,1.0,1.0,0.5271722078323364,4.14198240265297,1.0,1.2195001934088914,0.10149305313825607,0.42038244009017944,0.33433520793914795,0.14378927648067474,0.8725490196078431,1.0,0.0,0.3159479767513963,0.75
