step,train_step_loss,train_acc,train_loss,val_acc,val_loss,avg_intra_expert_coherence,expert_diversity_e0,expert_diversity_e1,expert_diversity_e2,expert_diversity_e3,expert_diversity_mean,expert_purity_e0,expert_purity_e1,expert_purity_e2,expert_purity_e3,expert_purity_mean,inter_expert_similarity,inter_expert_similarity_e0_e0,inter_expert_similarity_e0_e1,inter_expert_similarity_e0_e2,inter_expert_similarity_e0_e3,inter_expert_similarity_e1_e0,inter_expert_similarity_e1_e1,inter_expert_similarity_e1_e2,inter_expert_similarity_e1_e3,inter_expert_similarity_e2_e0,inter_expert_similarity_e2_e1,inter_expert_similarity_e2_e2,inter_expert_similarity_e2_e3,inter_expert_similarity_e3_e0,inter_expert_similarity_e3_e1,inter_expert_similarity_e3_e2,inter_expert_similarity_e3_e3,intra_expert_coherence_e0,intra_expert_coherence_e1,intra_expert_coherence_e2,intra_expert_coherence_e3,load_cv,load_max_min_ratio,overall_task_conflict_cos,router_entropy,router_load_e0,router_load_e1,router_load_e2,router_load_e3,task_acc__glue_sst2,task_conflict_t0_t0,task_grad_norm_cv,task_loss__glue_sst2,utilization_ratio
50.0,0.9736297130584717,0.44217434557305973,0.7352639199860589,0.4908256880733945,0.7160527722402052,1.0,0.0,0.0,0.0,0.0,0.0,1.0,1.0,1.0,1.0,1.0,-0.049790415352842204,1.0,-0.2987424921170532,0.0,0.0,-0.2987424921170532,1.0,0.0,0.0,0.0,0.0,1.0,0.0,0.0,0.0,0.0,1.0,1.0,1.0,1.0,1.0,1.1135739873979136,673222243785.8582,1.0,0.6318732718808935,0.6732222437858582,0.3267781436443329,0.0,0.0,0.4908256880733945,1.0,0.0,0.7160527722402052,0.5
100.0,0.7183336317539215,0.5578256544269403,0.6892116614234702,0.5091743119266054,0.7078072206540541,1.0,0.0,0.0,0.0,0.0,0.0,1.0,1.0,1.0,1.0,1.0,-0.010486183946812893,1.0,0.0,0.0,-0.06291710368087736,0.0,1.0,0.0,0.0,0.0,0.0,1.0,0.0,-0.06291710368087736,0.0,0.0,1.0,1.0,1.0,1.0,1.0,1.2250113561783302,750162959098.8159,1.0,0.5621558783251211,0.7501629590988159,0.0,0.0,0.2498367428779602,0.5091743119266054,1.0,0.0,0.7078072206540541,0.5
150.0,0.6940981447696686,0.5578256544269403,0.6922138296793305,0.5091743119266054,0.6930299553004178,1.0,0.0,0.0,0.0,0.0,0.0,1.0,1.0,1.0,1.0,1.0,0.006734831670233133,1.0,0.0,0.0,0.0404089900213988,0.0,1.0,0.0,0.0,0.0,0.0,1.0,0.0,0.0404089900213988,0.0,0.0,1.0,1.0,1.0,1.0,1.0,1.4203198457145507,856599867343.9026,1.0,0.4110875444127879,0.8565998673439026,0.0,0.0,0.14339998364448547,0.5091743119266054,1.0,0.0,0.6930299553004178,0.5
