step,train_step_loss,train_acc,train_loss,val_acc,val_loss,avg_intra_expert_coherence,expert_diversity_e0,expert_diversity_e1,expert_diversity_e2,expert_diversity_e3,expert_diversity_mean,expert_purity_e0,expert_purity_e1,expert_purity_e2,expert_purity_e3,expert_purity_mean,inter_expert_similarity,inter_expert_similarity_e0_e0,inter_expert_similarity_e0_e1,inter_expert_similarity_e0_e2,inter_expert_similarity_e0_e3,inter_expert_similarity_e1_e0,inter_expert_similarity_e1_e1,inter_expert_similarity_e1_e2,inter_expert_similarity_e1_e3,inter_expert_similarity_e2_e0,inter_expert_similarity_e2_e1,inter_expert_similarity_e2_e2,inter_expert_similarity_e2_e3,inter_expert_similarity_e3_e0,inter_expert_similarity_e3_e1,inter_expert_similarity_e3_e2,inter_expert_similarity_e3_e3,intra_expert_coherence_e0,intra_expert_coherence_e1,intra_expert_coherence_e2,intra_expert_coherence_e3,load_cv,load_max_min_ratio,overall_task_conflict_cos,router_entropy,router_load_e0,router_load_e1,router_load_e2,router_load_e3,task_acc__glue_sst2,task_conflict_t0_t0,task_grad_norm_cv,task_loss__glue_sst2,utilization_ratio
50.0,0.7001597881317139,0.5578256544269403,0.6882838234057619,0.5091743119266054,0.6936693836342205,1.0,0.0,0.0,0.0,0.0,0.0,1.0,1.0,1.0,1.0,1.0,-0.03486727580561523,1.0,-0.20920365483369138,0.0,0.0,-0.20920365483369138,1.0,0.0,0.0,0.0,0.0,1.0,0.0,0.0,0.0,0.0,1.0,1.0,1.0,1.0,1.0,1.0468965880624266,609540045261.383,1.0,0.6689531928902372,0.39045971632003784,0.6095400452613831,0.0,0.0,0.5091743119266054,1.0,0.0,0.6936693836342205,0.5
100.0,0.7943287193775177,0.44217434557305973,0.7241212544347781,0.4908256880733945,0.708609652519226,1.0,0.0,0.0,0.0,0.0,0.0,1.0,1.0,1.0,1.0,1.0,-0.05234728278271617,1.0,0.0,0.0,0.0,0.0,1.0,-0.31408369669629704,0.0,0.0,-0.31408369669629704,1.0,0.0,0.0,0.0,0.0,1.0,1.0,1.0,1.0,1.0,1.0120954484712008,555155932903.2898,1.0,0.6870504163820809,0.0,0.5551559329032898,0.44484424591064453,0.0,0.4908256880733945,1.0,0.0,0.708609652519226,0.5
150.0,0.6902616620063782,0.5578256544269403,0.6864675494101156,0.5091743119266054,0.6984824798323891,1.0,0.0,0.0,0.0,0.0,0.0,1.0,1.0,1.0,1.0,1.0,0.00633860337985102,1.0,0.03803162027910612,0.0,0.0,0.03803162027910612,1.0,0.0,0.0,0.0,0.0,1.0,0.0,0.0,0.0,0.0,1.0,1.0,1.0,1.0,1.0,1.0083887577056885,545891046524.04785,1.0,0.6889291405677795,0.45410895347595215,0.5458910465240479,0.0,0.0,0.5091743119266054,1.0,0.0,0.6984824798323891,0.5
