step,train_step_loss,train_acc,train_loss,val_acc,val_loss,avg_intra_expert_coherence,expert_diversity_e0,expert_diversity_e1,expert_diversity_e2,expert_diversity_e3,expert_diversity_mean,expert_purity_e0,expert_purity_e1,expert_purity_e2,expert_purity_e3,expert_purity_mean,inter_expert_similarity,inter_expert_similarity_e0_e0,inter_expert_similarity_e0_e1,inter_expert_similarity_e0_e2,inter_expert_similarity_e0_e3,inter_expert_similarity_e1_e0,inter_expert_similarity_e1_e1,inter_expert_similarity_e1_e2,inter_expert_similarity_e1_e3,inter_expert_similarity_e2_e0,inter_expert_similarity_e2_e1,inter_expert_similarity_e2_e2,inter_expert_similarity_e2_e3,inter_expert_similarity_e3_e0,inter_expert_similarity_e3_e1,inter_expert_similarity_e3_e2,inter_expert_similarity_e3_e3,intra_expert_coherence_e0,intra_expert_coherence_e1,intra_expert_coherence_e2,intra_expert_coherence_e3,load_cv,load_max_min_ratio,overall_task_conflict_cos,router_entropy,router_load_e0,router_load_e1,router_load_e2,router_load_e3,task_acc__glue_mrpc,task_conflict_t0_t0,task_grad_norm_cv,task_loss__glue_mrpc,utilization_ratio
50.0,0.547821506857872,0.7123773173391494,0.5842644676566124,0.7058823529411765,0.5812029592119731,1.0,0.0,0.0,0.0,0.0,0.0,1.0,1.0,1.0,1.0,1.0,-0.00939414721126531,1.0,0.08493080463727155,-0.08410661296117576,0.06415805065964846,0.08493080463727155,1.0,-0.04050247930241287,-0.05359676300918867,-0.08410661296117576,-0.04050247930241287,1.0,-0.027247883291734568,0.06415805065964846,-0.05359676300918867,-0.027247883291734568,1.0,1.0,1.0,1.0,1.0,0.10737260431051254,1.2961651988095202,1.0,1.3633517050275616,0.2836996912956238,0.2188761830329895,0.22903288900852203,0.2683912515640259,0.7058823529411765,1.0,0.0,0.5812029592119731,1.0
100.0,1.3048810958862305,0.6766630316248636,1.0240484114979271,0.6838235294117647,1.0170886159802859,1.0,0.0,0.0,0.0,0.0,0.0,1.0,1.0,1.0,1.0,1.0,-0.08549556842922064,1.0,-0.448268103501588,-0.14740536885088418,0.14640567560344303,-0.448268103501588,1.0,-0.014238290282775531,-0.08698792944033175,-0.14740536885088418,-0.014238290282775531,1.0,0.03752060589681245,0.14640567560344303,-0.08698792944033175,0.03752060589681245,1.0,1.0,1.0,1.0,1.0,0.3277198579645326,2.2958118920520043,1.0,1.3353305797950894,0.3843638002872467,0.24194329977035522,0.16741955280303955,0.20627345144748688,0.6838235294117647,1.0,0.0,1.0170886159802859,1.0
