step,train_step_loss,train_acc,train_loss,val_acc,val_loss,avg_intra_expert_coherence,expert_diversity_e0,expert_diversity_e1,expert_diversity_e2,expert_diversity_e3,expert_diversity_mean,expert_purity_e0,expert_purity_e1,expert_purity_e2,expert_purity_e3,expert_purity_mean,inter_expert_similarity,inter_expert_similarity_e0_e0,inter_expert_similarity_e0_e1,inter_expert_similarity_e0_e2,inter_expert_similarity_e0_e3,inter_expert_similarity_e1_e0,inter_expert_similarity_e1_e1,inter_expert_similarity_e1_e2,inter_expert_similarity_e1_e3,inter_expert_similarity_e2_e0,inter_expert_similarity_e2_e1,inter_expert_similarity_e2_e2,inter_expert_similarity_e2_e3,inter_expert_similarity_e3_e0,inter_expert_similarity_e3_e1,inter_expert_similarity_e3_e2,inter_expert_similarity_e3_e3,intra_expert_coherence_e0,intra_expert_coherence_e1,intra_expert_coherence_e2,intra_expert_coherence_e3,load_cv,load_max_min_ratio,overall_task_conflict_cos,router_entropy,router_load_e0,router_load_e1,router_load_e2,router_load_e3,task_acc__glue_mrpc,task_conflict_t0_t0,task_grad_norm_cv,task_loss__glue_mrpc,utilization_ratio
50.0,0.31716708838939667,0.8105234460196292,0.3874426462404106,0.8112745098039216,0.394364271671153,1.0,0.0,0.0,0.0,0.0,0.0,1.0,1.0,1.0,1.0,1.0,-0.023976743463476547,1.0,0.11538667763859446,0.12055682742342562,0.08182018696424871,0.11538667763859446,1.0,0.0868865001761473,-0.4567127447263725,0.12055682742342562,0.0868865001761473,1.0,-0.09179790825690289,0.08182018696424871,-0.4567127447263725,-0.09179790825690289,1.0,1.0,1.0,1.0,1.0,0.3546190559864044,3.1772148275846943,1.0,1.3042130610522102,0.3399355709552765,0.3038358688354492,0.24923691153526306,0.10699168592691422,0.8112745098039216,1.0,0.0,0.394364271671153,0.75
100.0,0.3681029677391052,0.86886586695747,0.3070318912844295,0.8333333333333334,0.34590133379858273,1.0,0.0,0.0,0.0,0.0,0.0,1.0,1.0,1.0,1.0,1.0,-0.13420027779509194,1.0,0.27447618050699724,-0.30509344335363137,-0.36771054544714893,0.27447618050699724,1.0,0.11880238707841473,-0.3453037684939766,-0.30509344335363137,0.11880238707841473,1.0,-0.1803724770612068,-0.36771054544714893,-0.3453037684939766,-0.1803724770612068,1.0,1.0,1.0,1.0,1.0,0.4116157293319702,2.766313926395826,1.0,1.2849282844393861,0.3864254355430603,0.31189441680908203,0.1619904339313507,0.13968965411186218,0.8333333333333334,1.0,0.0,0.34590133379858273,1.0
