step,train_step_loss,train_acc,train_loss,val_acc,val_loss,router_entropy,router_load_e0,router_load_e1,router_load_e2,router_load_e3
5.0,0.5023043155670166,0.6840239912758996,0.5703050549911416,0.6936274509803921,0.5670297168768369,1.3623458778156954,0.1812482476234436,0.2576339840888977,0.2857508659362793,0.27536696195602417
