step,train_step_loss,train_acc,train_loss,val_acc,val_loss,avg_intra_expert_coherence,expert_diversity_e0,expert_diversity_e1,expert_diversity_e2,expert_diversity_e3,expert_diversity_mean,expert_purity_e0,expert_purity_e1,expert_purity_e2,expert_purity_e3,expert_purity_mean,inter_expert_similarity,inter_expert_similarity_e0_e0,inter_expert_similarity_e0_e1,inter_expert_similarity_e0_e2,inter_expert_similarity_e0_e3,inter_expert_similarity_e1_e0,inter_expert_similarity_e1_e1,inter_expert_similarity_e1_e2,inter_expert_similarity_e1_e3,inter_expert_similarity_e2_e0,inter_expert_similarity_e2_e1,inter_expert_similarity_e2_e2,inter_expert_similarity_e2_e3,inter_expert_similarity_e3_e0,inter_expert_similarity_e3_e1,inter_expert_similarity_e3_e2,inter_expert_similarity_e3_e3,intra_expert_coherence_e0,intra_expert_coherence_e1,intra_expert_coherence_e2,intra_expert_coherence_e3,load_cv,load_max_min_ratio,overall_task_conflict_cos,router_entropy,router_load_e0,router_load_e1,router_load_e2,router_load_e3,task_acc__glue_rte,task_conflict_t0_t0,task_grad_norm_cv,task_loss__glue_rte,utilization_ratio
50.0,0.6310657858848572,0.6522088353413654,0.6352159706063759,0.5956678700361011,0.6684263779057397,1.0,0.0,0.0,0.0,0.0,0.0,1.0,1.0,1.0,1.0,1.0,0.02914219632198796,1.0,0.0,0.0,0.0,0.0,1.0,0.0,0.0,0.0,0.0,1.0,0.17485317793192776,0.0,0.0,0.17485317793192776,1.0,1.0,1.0,1.0,1.0,1.0093495255320981,548459410667.41943,1.0,0.6875541012209675,0.0,0.0,0.5484594106674194,0.4515405297279358,0.5956678700361011,1.0,0.0,0.6684263779057397,0.5
100.0,0.8423680365085602,0.6823293172690763,0.5896642404297987,0.6064981949458483,0.6556879364781909,1.0,0.0,0.0,0.0,0.0,0.0,1.0,1.0,1.0,1.0,1.0,0.020165969426181197,1.0,0.0,0.0,0.0,0.0,1.0,0.0,0.0,0.0,0.0,1.0,0.12099581655708719,0.0,0.0,0.12099581655708719,1.0,1.0,1.0,1.0,1.0,1.0035560131072998,529842674732.20825,1.0,0.6906128566618001,0.0,0.0,0.5298426747322083,0.4701573848724365,0.6064981949458483,1.0,0.0,0.6556879364781909,0.5
150.0,0.6172201037406921,0.7421686746987952,0.5401356116701396,0.6534296028880866,0.6105531636211607,1.0,0.0,0.0,0.0,0.0,0.0,1.0,1.0,1.0,1.0,1.0,-0.021309395192447702,1.0,0.0,0.0,0.0,0.0,1.0,0.0,0.0,0.0,0.0,1.0,-0.1278563711546862,0.0,0.0,-0.1278563711546862,1.0,1.0,1.0,1.0,1.0,1.0057070262082846,537826180458.06885,1.0,0.6898859700571329,0.0,0.0,0.5378261804580688,0.462173730134964,0.6534296028880866,1.0,0.0,0.6105531636211607,0.5
