step,train_step_loss,train_acc,train_loss,val_acc,val_loss,avg_intra_expert_coherence,expert_diversity_e0,expert_diversity_e1,expert_diversity_e2,expert_diversity_e3,expert_diversity_mean,expert_purity_e0,expert_purity_e1,expert_purity_e2,expert_purity_e3,expert_purity_mean,inter_expert_similarity,inter_expert_similarity_e0_e0,inter_expert_similarity_e0_e1,inter_expert_similarity_e0_e2,inter_expert_similarity_e0_e3,inter_expert_similarity_e1_e0,inter_expert_similarity_e1_e1,inter_expert_similarity_e1_e2,inter_expert_similarity_e1_e3,inter_expert_similarity_e2_e0,inter_expert_similarity_e2_e1,inter_expert_similarity_e2_e2,inter_expert_similarity_e2_e3,inter_expert_similarity_e3_e0,inter_expert_similarity_e3_e1,inter_expert_similarity_e3_e2,inter_expert_similarity_e3_e3,intra_expert_coherence_e0,intra_expert_coherence_e1,intra_expert_coherence_e2,intra_expert_coherence_e3,load_cv,load_max_min_ratio,overall_task_conflict_cos,router_entropy,router_load_e0,router_load_e1,router_load_e2,router_load_e3,task_acc__glue_rte,task_conflict_t0_t0,task_grad_norm_cv,task_loss__glue_rte,utilization_ratio
50.0,0.6481636166572571,0.5016064257028112,0.6968258969294718,0.5270758122743683,0.6898529612355762,1.0,0.0,0.0,0.0,0.0,0.0,1.0,1.0,1.0,1.0,1.0,0.0115158372430907,1.0,0.0,0.0690950234585442,0.0,0.0,1.0,0.0,0.0,0.0690950234585442,0.0,1.0,0.0,0.0,0.0,0.0,1.0,1.0,1.0,1.0,1.0,1.0011166334152222,516712486743.927,1.0,0.6924869497760539,0.4832875430583954,0.0,0.516712486743927,0.0,0.5270758122743683,1.0,0.0,0.6898529612355762,0.5
100.0,0.6946407854557037,0.5096385542168674,0.6912452691640609,0.5379061371841155,0.6908782886134254,1.0,0.0,0.0,0.0,0.0,0.0,1.0,1.0,1.0,1.0,1.0,0.012414477667694936,1.0,0.0,0.07448686600616962,0.0,0.0,1.0,0.0,0.0,0.07448686600616962,0.0,1.0,0.0,0.0,0.0,0.0,1.0,1.0,1.0,1.0,1.0,0.9968727827072144,546211898326.8738,1.0,0.6888171447313219,0.4472682476043701,0.0,0.5462118983268738,0.006519834976643324,0.5379061371841155,1.0,0.0,0.6908782886134254,0.5
150.0,0.6954536437988281,0.6152610441767068,0.6901216699526861,0.5812274368231047,0.6907894313335419,1.0,0.0,0.0,0.0,0.0,0.0,1.0,1.0,1.0,1.0,1.0,0.011574200944548604,1.0,0.0,0.06944520566729162,0.0,0.0,1.0,0.0,0.0,0.06944520566729162,0.0,1.0,0.0,0.0,0.0,0.0,1.0,1.0,1.0,1.0,1.0,1.0027953386306763,526453912258.1482,1.0,0.6916967187117153,0.4735461175441742,0.0,0.5264539122581482,0.0,0.5812274368231047,1.0,0.0,0.6907894313335419,0.5
