step,train_step_loss,train_acc,train_loss,val_acc,val_loss,avg_intra_expert_coherence,expert_diversity_e0,expert_diversity_e1,expert_diversity_e2,expert_diversity_e3,expert_diversity_mean,expert_purity_e0,expert_purity_e1,expert_purity_e2,expert_purity_e3,expert_purity_mean,inter_expert_similarity,inter_expert_similarity_e0_e0,inter_expert_similarity_e0_e1,inter_expert_similarity_e0_e2,inter_expert_similarity_e0_e3,inter_expert_similarity_e1_e0,inter_expert_similarity_e1_e1,inter_expert_similarity_e1_e2,inter_expert_similarity_e1_e3,inter_expert_similarity_e2_e0,inter_expert_similarity_e2_e1,inter_expert_similarity_e2_e2,inter_expert_similarity_e2_e3,inter_expert_similarity_e3_e0,inter_expert_similarity_e3_e1,inter_expert_similarity_e3_e2,inter_expert_similarity_e3_e3,intra_expert_coherence_e0,intra_expert_coherence_e1,intra_expert_coherence_e2,intra_expert_coherence_e3,load_cv,load_max_min_ratio,overall_task_conflict_cos,router_entropy,router_load_e0,router_load_e1,router_load_e2,router_load_e3,task_acc__glue_mrpc,task_conflict_t0_t0,task_grad_norm_cv,task_loss__glue_mrpc,utilization_ratio
50.0,0.5322699695825577,0.7344601962922573,0.5241513880050701,0.7426470588235294,0.5243935550634677,1.0,0.0,0.0,0.0,0.0,0.0,1.0,1.0,1.0,1.0,1.0,0.005399434362832322,1.0,0.0,0.0,0.0,0.0,1.0,0.0,0.032396606176993935,0.0,0.0,1.0,0.0,0.0,0.032396606176993935,0.0,1.0,1.0,1.0,1.0,1.0,1.0666723251342773,634395301342.0105,1.0,0.6540904477530834,0.0,0.36329707503318787,0.002307641552761197,0.6343953013420105,0.7426470588235294,1.0,0.0,0.5243935550634677,0.5
100.0,0.4975038021802902,0.822246455834242,0.40081184968028377,0.7965686274509803,0.40216063134945357,1.0,0.0,0.0,0.0,0.0,0.0,1.0,1.0,1.0,1.0,1.0,-0.028862847286867485,1.0,0.0,0.0,0.0,0.0,1.0,0.0,-0.1731770837212049,0.0,0.0,1.0,0.0,0.0,-0.1731770837212049,0.0,1.0,1.0,1.0,1.0,1.0,1.0297126770019531,586824774742.1265,1.0,0.6762583279142192,0.0,0.41317519545555115,0.0,0.5868247747421265,0.7965686274509803,1.0,0.0,0.40216063134945357,0.5
150.0,0.597243145108223,0.8675027262813523,0.33036988941223727,0.8725490196078431,0.34344375402165145,1.0,0.0,0.0,0.0,0.0,0.0,1.0,1.0,1.0,1.0,1.0,0.00793793902208193,1.0,0.0,0.0,0.0,0.0,1.0,0.0,0.04762763413249158,0.0,0.0,1.0,0.0,0.0,0.04762763413249158,0.0,1.0,1.0,1.0,1.0,1.0,1.0653815269470215,629922032356.2622,1.0,0.6551145291795918,0.0,0.3700779974460602,0.0,0.6299220323562622,0.8725490196078431,1.0,0.0,0.34344375402165145,0.5
