step,train_step_loss,train_acc,train_loss,val_acc,val_loss,avg_intra_expert_coherence,expert_diversity_e0,expert_diversity_e1,expert_diversity_e2,expert_diversity_e3,expert_diversity_mean,expert_purity_e0,expert_purity_e1,expert_purity_e2,expert_purity_e3,expert_purity_mean,inter_expert_similarity,inter_expert_similarity_e0_e0,inter_expert_similarity_e0_e1,inter_expert_similarity_e0_e2,inter_expert_similarity_e0_e3,inter_expert_similarity_e1_e0,inter_expert_similarity_e1_e1,inter_expert_similarity_e1_e2,inter_expert_similarity_e1_e3,inter_expert_similarity_e2_e0,inter_expert_similarity_e2_e1,inter_expert_similarity_e2_e2,inter_expert_similarity_e2_e3,inter_expert_similarity_e3_e0,inter_expert_similarity_e3_e1,inter_expert_similarity_e3_e2,inter_expert_similarity_e3_e3,intra_expert_coherence_e0,intra_expert_coherence_e1,intra_expert_coherence_e2,intra_expert_coherence_e3,load_cv,load_max_min_ratio,overall_task_conflict_cos,router_entropy,router_load_e0,router_load_e1,router_load_e2,router_load_e3,task_acc__glue_mrpc,task_conflict_t0_t0,task_grad_norm_cv,task_loss__glue_mrpc,utilization_ratio
50.0,0.536966934800148,0.7208287895310797,0.5329989801444437,0.7156862745098039,0.5472713161546451,1.0,0.0,0.0,0.0,0.0,0.0,1.0,1.0,1.0,1.0,1.0,-0.11336461710286255,1.0,-0.011344121812786656,-0.0586339381468365,-0.09414116431626464,-0.011344121812786656,1.0,-0.3889346043742959,-0.14280926715132133,-0.0586339381468365,-0.3889346043742959,1.0,0.015675393184329756,-0.09414116431626464,-0.14280926715132133,0.015675393184329756,1.0,1.0,1.0,1.0,1.0,0.6553329414526154,7.758566044431307,1.0,1.1503324041179581,0.32803332805633545,0.1324223130941391,0.4779423773288727,0.061601895838975906,0.7156862745098039,1.0,0.0,0.5472713161546451,0.75
100.0,0.2558165341615677,0.8715921483097055,0.29826067228518105,0.8602941176470589,0.3201747535226437,1.0,0.0,0.0,0.0,0.0,0.0,1.0,1.0,1.0,1.0,1.0,-0.10944629214655105,1.0,-0.28841296908895786,-0.567284983655957,0.10563254657227607,-0.28841296908895786,1.0,0.38422125278620506,-0.09227049867551795,-0.567284983655957,0.38422125278620506,1.0,-0.1985631008173546,0.10563254657227607,-0.09227049867551795,-0.1985631008173546,1.0,1.0,1.0,1.0,1.0,0.6450537020032051,6.238835011971306,1.0,1.1574460010902554,0.29356908798217773,0.13361291587352753,0.49368664622306824,0.07913122326135635,0.8602941176470589,1.0,0.0,0.3201747535226437,0.75
