step,train_step_loss,train_acc,train_loss,val_acc,val_loss,avg_intra_expert_coherence,expert_diversity_e0,expert_diversity_e1,expert_diversity_e2,expert_diversity_e3,expert_diversity_mean,expert_purity_e0,expert_purity_e1,expert_purity_e2,expert_purity_e3,expert_purity_mean,inter_expert_similarity,inter_expert_similarity_e0_e0,inter_expert_similarity_e0_e1,inter_expert_similarity_e0_e2,inter_expert_similarity_e0_e3,inter_expert_similarity_e1_e0,inter_expert_similarity_e1_e1,inter_expert_similarity_e1_e2,inter_expert_similarity_e1_e3,inter_expert_similarity_e2_e0,inter_expert_similarity_e2_e1,inter_expert_similarity_e2_e2,inter_expert_similarity_e2_e3,inter_expert_similarity_e3_e0,inter_expert_similarity_e3_e1,inter_expert_similarity_e3_e2,inter_expert_similarity_e3_e3,intra_expert_coherence_e0,intra_expert_coherence_e1,intra_expert_coherence_e2,intra_expert_coherence_e3,load_cv,load_max_min_ratio,overall_task_conflict_cos,router_entropy,router_load_e0,router_load_e1,router_load_e2,router_load_e3,task_acc__glue_rte,task_conflict_t0_t0,task_grad_norm_cv,task_loss__glue_rte,utilization_ratio
50.0,0.656091034412384,0.5016064257028112,0.6948382666859871,0.5270758122743683,0.6904050575362312,1.0,0.0,0.0,0.0,0.0,0.0,1.0,1.0,1.0,1.0,1.0,0.05370093818215677,1.0,0.0,0.0,0.0,0.0,1.0,0.0,0.0,0.0,0.0,1.0,0.32220562909294065,0.0,0.0,0.32220562909294065,1.0,1.0,1.0,1.0,1.0,1.001406192779541,518755853176.11694,1.0,0.6924434207406716,0.0,0.0,0.48124414682388306,0.5187558531761169,0.5270758122743683,1.0,0.0,0.6904050575362312,0.5
100.0,0.7365744113922119,0.4983935742971888,0.7157160268762173,0.4729241877256318,0.730659748117129,1.0,0.0,0.0,0.0,0.0,0.0,1.0,1.0,1.0,1.0,1.0,0.013881664701033478,1.0,0.0,0.0,0.0,0.0,1.0,0.0,0.0,0.0,0.0,1.0,0.08328998820620087,0.0,0.0,0.08328998820620087,1.0,1.0,1.0,1.0,1.0,1.0048819780349731,534978091716.76636,1.0,0.6906982173988535,0.0,0.0,0.46502190828323364,0.5349780917167664,0.4729241877256318,1.0,0.0,0.730659748117129,0.5
150.0,0.7016627788543701,0.5016064257028112,0.6940972658304068,0.5270758122743683,0.690728430946668,1.0,0.0,0.0,0.0,0.0,0.0,1.0,1.0,1.0,1.0,1.0,0.028225304407940997,1.0,0.0,0.0,0.0,0.0,1.0,0.0,0.0,0.0,0.0,1.0,0.169351826447646,0.0,0.0,0.169351826447646,1.0,1.0,1.0,1.0,1.0,1.0000077486038208,501394748687.74414,1.0,0.6931433075171516,0.0,0.0,0.49860522150993347,0.5013947486877441,0.5270758122743683,1.0,0.0,0.690728430946668,0.5
