step,train_step_loss,train_acc,train_loss,val_acc,val_loss,avg_intra_expert_coherence,expert_diversity_e0,expert_diversity_e1,expert_diversity_e2,expert_diversity_e3,expert_diversity_mean,expert_purity_e0,expert_purity_e1,expert_purity_e2,expert_purity_e3,expert_purity_mean,inter_expert_similarity,inter_expert_similarity_e0_e0,inter_expert_similarity_e0_e1,inter_expert_similarity_e0_e2,inter_expert_similarity_e0_e3,inter_expert_similarity_e1_e0,inter_expert_similarity_e1_e1,inter_expert_similarity_e1_e2,inter_expert_similarity_e1_e3,inter_expert_similarity_e2_e0,inter_expert_similarity_e2_e1,inter_expert_similarity_e2_e2,inter_expert_similarity_e2_e3,inter_expert_similarity_e3_e0,inter_expert_similarity_e3_e1,inter_expert_similarity_e3_e2,inter_expert_similarity_e3_e3,intra_expert_coherence_e0,intra_expert_coherence_e1,intra_expert_coherence_e2,intra_expert_coherence_e3,load_cv,load_max_min_ratio,overall_task_conflict_cos,router_entropy,router_load_e0,router_load_e1,router_load_e2,router_load_e3,task_acc__glue_rte,task_conflict_t0_t0,task_grad_norm_cv,task_loss__glue_rte,utilization_ratio
50.0,0.6957276463508606,0.4983935742971888,0.6951247901870654,0.4729241877256318,0.6994169503450394,1.0,0.0,0.0,0.0,0.0,0.0,1.0,1.0,1.0,1.0,1.0,-0.005981942289889474,1.0,0.0,0.0,-0.035891653739336844,0.0,1.0,0.0,0.0,0.0,0.0,1.0,0.0,-0.035891653739336844,0.0,0.0,1.0,1.0,1.0,1.0,1.0,1.0701516950311296,634733319282.5317,1.0,0.6563882793330114,0.3652665317058563,0.0,0.0,0.6347333192825317,0.4729241877256318,1.0,0.0,0.6994169503450394,0.5
100.0,0.70759516954422,0.5016064257028112,0.6931474033074502,0.5270758122743683,0.6926178650723563,1.0,0.0,0.0,0.0,0.0,0.0,1.0,1.0,1.0,1.0,1.0,-0.0012063234693571727,1.0,0.0,0.0,0.0,0.0,1.0,0.0,-0.007237940816143037,0.0,0.0,1.0,0.0,0.0,-0.007237940816143037,0.0,1.0,1.0,1.0,1.0,1.0,1.2549857789294983,768092751502.9907,1.0,0.5415707985847005,0.0,0.23190736770629883,0.0,0.7680927515029907,0.5270758122743683,1.0,0.0,0.6926178650723563,0.5
150.0,0.7326702177524567,0.4983935742971888,0.695691656989929,0.4729241877256318,0.7005246347851224,1.0,0.0,0.0,0.0,0.0,0.0,1.0,1.0,1.0,1.0,1.0,0.019389198702785604,1.0,0.0,0.0,0.0,0.0,1.0,0.0,0.11633519221671362,0.0,0.0,1.0,0.0,0.0,0.11633519221671362,0.0,1.0,1.0,1.0,1.0,1.0,1.1598873138427734,707767486572.2656,1.0,0.6041385963935715,0.0,0.29223254323005676,0.0,0.7077674865722656,0.4729241877256318,1.0,0.0,0.7005246347851224,0.5
