step,train_step_loss,train_acc,train_loss,val_acc,val_loss,avg_intra_expert_coherence,expert_diversity_e0,expert_diversity_e1,expert_diversity_e2,expert_diversity_e3,expert_diversity_mean,expert_purity_e0,expert_purity_e1,expert_purity_e2,expert_purity_e3,expert_purity_mean,inter_expert_similarity,inter_expert_similarity_e0_e0,inter_expert_similarity_e0_e1,inter_expert_similarity_e0_e2,inter_expert_similarity_e0_e3,inter_expert_similarity_e1_e0,inter_expert_similarity_e1_e1,inter_expert_similarity_e1_e2,inter_expert_similarity_e1_e3,inter_expert_similarity_e2_e0,inter_expert_similarity_e2_e1,inter_expert_similarity_e2_e2,inter_expert_similarity_e2_e3,inter_expert_similarity_e3_e0,inter_expert_similarity_e3_e1,inter_expert_similarity_e3_e2,inter_expert_similarity_e3_e3,intra_expert_coherence_e0,intra_expert_coherence_e1,intra_expert_coherence_e2,intra_expert_coherence_e3,load_cv,load_max_min_ratio,overall_task_conflict_cos,router_entropy,router_load_e0,router_load_e1,router_load_e2,router_load_e3,task_acc__glue_rte,task_conflict_t0_t0,task_grad_norm_cv,task_loss__glue_rte,utilization_ratio
50.0,0.6171448826789856,0.5016064257028112,0.7097528521449138,0.5270758122743683,0.696561359696918,1.0,0.0,0.0,0.0,0.0,0.0,1.0,1.0,1.0,1.0,1.0,-0.04945661427746121,1.0,0.0,0.0,0.0,0.0,1.0,-0.29673968566476727,0.0,0.0,-0.29673968566476727,1.0,0.0,0.0,0.0,0.0,1.0,1.0,1.0,1.0,1.0,1.6475182703202738,962913870811.4624,1.0,0.1585694508432051,0.0,0.9629138708114624,0.037085797637701035,0.0,0.5270758122743683,1.0,0.0,0.696561359696918,0.25
100.0,0.7291467189788818,0.4983935742971888,0.7092610128414937,0.4729241877256318,0.7218348913722568,1.0,0.0,0.0,0.0,0.0,0.0,1.0,1.0,1.0,1.0,1.0,-0.018745171124194427,1.0,-0.11247102674516656,0.0,0.0,-0.11247102674516656,1.0,0.0,0.0,0.0,0.0,1.0,0.0,0.0,0.0,0.0,1.0,1.0,1.0,1.0,1.0,1.4275302550088447,860181272029.8767,1.0,0.4046348991807187,0.13981910049915314,0.8601812720298767,0.0,0.0,0.4729241877256318,1.0,0.0,0.7218348913722568,0.5
150.0,0.7136364877223969,0.5016064257028112,0.6937154735128085,0.5270758122743683,0.6910537431637446,1.0,0.0,0.0,0.0,0.0,0.0,1.0,1.0,1.0,1.0,1.0,0.032705944084719676,1.0,0.0,0.0,0.0,0.0,1.0,0.0,0.19623566450831806,0.0,0.0,1.0,0.0,0.0,0.19623566450831806,0.0,1.0,1.0,1.0,1.0,1.0,1.0442763619752362,606367826461.792,1.0,0.6703451265066539,0.0,0.39363205432891846,0.0,0.606367826461792,0.5270758122743683,1.0,0.0,0.6910537431637446,0.5
