step,train_step_loss,train_acc,train_loss,val_acc,val_loss,avg_intra_expert_coherence,expert_diversity_e0,expert_diversity_e1,expert_diversity_e2,expert_diversity_e3,expert_diversity_mean,expert_purity_e0,expert_purity_e1,expert_purity_e2,expert_purity_e3,expert_purity_mean,inter_expert_similarity,inter_expert_similarity_e0_e0,inter_expert_similarity_e0_e1,inter_expert_similarity_e0_e2,inter_expert_similarity_e0_e3,inter_expert_similarity_e1_e0,inter_expert_similarity_e1_e1,inter_expert_similarity_e1_e2,inter_expert_similarity_e1_e3,inter_expert_similarity_e2_e0,inter_expert_similarity_e2_e1,inter_expert_similarity_e2_e2,inter_expert_similarity_e2_e3,inter_expert_similarity_e3_e0,inter_expert_similarity_e3_e1,inter_expert_similarity_e3_e2,inter_expert_similarity_e3_e3,intra_expert_coherence_e0,intra_expert_coherence_e1,intra_expert_coherence_e2,intra_expert_coherence_e3,load_cv,load_max_min_ratio,overall_task_conflict_cos,router_entropy,router_load_e0,router_load_e1,router_load_e2,router_load_e3,task_acc__glue_sst2,task_conflict_t0_t0,task_grad_norm_cv,task_loss__glue_sst2,utilization_ratio
50.0,0.7689099311828613,0.5578256544269403,0.6906250453901405,0.5091743119266054,0.7112021505832672,1.0,0.0,0.0,0.0,0.0,0.0,1.0,1.0,1.0,1.0,1.0,0.0054944499538535085,1.0,0.0,0.0,0.0,0.0,1.0,0.0,0.0,0.0,0.0,1.0,0.03296669972312105,0.0,0.0,0.03296669972312105,1.0,1.0,1.0,1.0,1.0,1.0003221035003662,508973896503.4485,1.0,0.6929860579858133,0.0,0.0,0.4910261631011963,0.5089738965034485,0.5091743119266054,1.0,0.0,0.7112021505832672,0.5
100.0,0.6380353569984436,0.4076229788118606,0.7374110437557986,0.48853211009174313,0.7063870684667067,1.0,0.0,0.0,0.0,0.0,0.0,1.0,1.0,1.0,1.0,1.0,-0.0036590316903539165,1.0,0.0,0.0,0.0,0.0,1.0,0.0,0.0,0.0,0.0,1.0,-0.0219541901421235,0.0,0.0,-0.0219541901421235,1.0,1.0,1.0,1.0,1.0,0.9882043600082397,505174160003.6621,1.0,0.6914114607583492,0.0,0.006052483804523945,0.488773375749588,0.5051741600036621,0.48853211009174313,1.0,0.0,0.7063870684667067,0.5
150.0,0.692168116569519,0.5578256544269403,0.6863948995455427,0.5091743119266054,0.6969822693954815,1.0,0.0,0.0,0.0,0.0,0.0,1.0,1.0,1.0,1.0,1.0,0.019778766709608448,1.0,0.0,0.0,0.0,0.0,1.0,0.0,0.0,0.0,0.0,1.0,0.11867260025765068,0.0,0.0,0.11867260025765068,1.0,1.0,1.0,1.0,1.0,1.0001195669174194,505466341972.3511,1.0,0.6930874088488588,0.0,0.0,0.4945336580276489,0.5054663419723511,0.5091743119266054,1.0,0.0,0.6969822693954815,0.5
