step,train_step_loss,train_acc,train_loss,val_acc,val_loss,avg_intra_expert_coherence,expert_diversity_e0,expert_diversity_e1,expert_diversity_e2,expert_diversity_e3,expert_diversity_mean,expert_purity_e0,expert_purity_e1,expert_purity_e2,expert_purity_e3,expert_purity_mean,inter_expert_similarity,inter_expert_similarity_e0_e0,inter_expert_similarity_e0_e1,inter_expert_similarity_e0_e2,inter_expert_similarity_e0_e3,inter_expert_similarity_e1_e0,inter_expert_similarity_e1_e1,inter_expert_similarity_e1_e2,inter_expert_similarity_e1_e3,inter_expert_similarity_e2_e0,inter_expert_similarity_e2_e1,inter_expert_similarity_e2_e2,inter_expert_similarity_e2_e3,inter_expert_similarity_e3_e0,inter_expert_similarity_e3_e1,inter_expert_similarity_e3_e2,inter_expert_similarity_e3_e3,intra_expert_coherence_e0,intra_expert_coherence_e1,intra_expert_coherence_e2,intra_expert_coherence_e3,load_cv,load_max_min_ratio,overall_task_conflict_cos,router_entropy,router_load_e0,router_load_e1,router_load_e2,router_load_e3,task_acc__glue_rte,task_conflict_t0_t0,task_grad_norm_cv,task_loss__glue_rte,utilization_ratio
50.0,0.6569281220436096,0.5016064257028112,0.6943505962689718,0.5270758122743683,0.690555731455485,1.0,0.0,0.0,0.0,0.0,0.0,1.0,1.0,1.0,1.0,1.0,0.01901017760327428,1.0,0.0,0.0,0.0,0.0,1.0,0.0,0.11406106561964569,0.0,0.0,1.0,0.0,0.0,0.11406106561964569,0.0,1.0,1.0,1.0,1.0,1.0,1.2361541986465454,756923437118.5303,1.0,0.5546003945898063,0.0,0.24307659268379211,0.0,0.7569234371185303,0.5270758122743683,1.0,0.0,0.690555731455485,0.5
100.0,0.72195103764534,0.4983935742971888,0.7025862453839717,0.4729241877256318,0.7121390981806649,1.0,0.0,0.0,0.0,0.0,0.0,1.0,1.0,1.0,1.0,1.0,0.022161155032052637,1.0,0.0,0.0,0.0,0.0,1.0,0.0,0.0,0.0,0.0,1.0,0.1329669301923158,0.0,0.0,0.1329669301923158,1.0,1.0,1.0,1.0,1.0,1.0555439061574825,619463801383.9722,1.0,0.6643259447834552,0.0,0.0,0.3805360496044159,0.6194638013839722,0.4729241877256318,1.0,0.0,0.7121390981806649,0.5
150.0,0.7135936617851257,0.5016064257028112,0.6970495245395563,0.5270758122743683,0.6904678030146493,1.0,0.0,0.0,0.0,0.0,0.0,1.0,1.0,1.0,1.0,1.0,0.011783132737368343,1.0,0.0,0.0,0.0,0.0,1.0,0.0,0.0,0.0,0.0,1.0,0.07069879642421006,0.0,0.0,0.07069879642421006,1.0,1.0,1.0,1.0,1.0,1.3948468440588526,843801736831.665,1.0,0.43331136428061806,0.0,0.0,0.15619811415672302,0.843801736831665,0.5270758122743683,1.0,0.0,0.6904678030146493,0.5
