step,train_step_loss,train_acc,train_loss,val_acc,val_loss,avg_intra_expert_coherence,expert_diversity_e0,expert_diversity_e1,expert_diversity_e2,expert_diversity_e3,expert_diversity_mean,expert_purity_e0,expert_purity_e1,expert_purity_e2,expert_purity_e3,expert_purity_mean,inter_expert_similarity,inter_expert_similarity_e0_e0,inter_expert_similarity_e0_e1,inter_expert_similarity_e0_e2,inter_expert_similarity_e0_e3,inter_expert_similarity_e1_e0,inter_expert_similarity_e1_e1,inter_expert_similarity_e1_e2,inter_expert_similarity_e1_e3,inter_expert_similarity_e2_e0,inter_expert_similarity_e2_e1,inter_expert_similarity_e2_e2,inter_expert_similarity_e2_e3,inter_expert_similarity_e3_e0,inter_expert_similarity_e3_e1,inter_expert_similarity_e3_e2,inter_expert_similarity_e3_e3,intra_expert_coherence_e0,intra_expert_coherence_e1,intra_expert_coherence_e2,intra_expert_coherence_e3,load_cv,load_max_min_ratio,overall_task_conflict_cos,router_entropy,router_load_e0,router_load_e1,router_load_e2,router_load_e3,task_acc__glue_rte,task_conflict_t0_t0,task_grad_norm_cv,task_loss__glue_rte,utilization_ratio
50.0,0.6876430809497833,0.4983935742971888,0.6973236703719848,0.4729241877256318,0.7036632216638989,1.0,0.0,0.0,0.0,0.0,0.0,1.0,1.0,1.0,1.0,1.0,0.015633772899045585,1.0,0.0,0.0,0.0,0.0,1.0,0.0,0.0,0.0,0.0,1.0,0.09380263739427351,0.0,0.0,0.09380263739427351,1.0,1.0,1.0,1.0,1.0,1.2300271713701283,753221035003.6621,1.0,0.5587688998625167,0.0,0.0,0.7532210350036621,0.24677906930446625,0.4729241877256318,1.0,0.0,0.7036632216638989,0.5
100.0,0.7573213279247284,0.4983935742971888,0.6958106040572509,0.4729241877256318,0.7007611526383294,1.0,0.0,0.0,0.0,0.0,0.0,1.0,1.0,1.0,1.0,1.0,0.019620143192821102,1.0,0.0,0.0,0.0,0.0,1.0,0.0,0.0,0.0,0.0,1.0,0.11772085915692662,0.0,0.0,0.11772085915692662,1.0,1.0,1.0,1.0,1.0,1.074936032295227,639412820339.2029,1.0,0.6537553351708698,0.0,0.0,0.6394128203392029,0.3605872094631195,0.4729241877256318,1.0,0.0,0.7007611526383294,0.5
150.0,0.7362675666809082,0.4983935742971888,0.6931535708598602,0.4729241877256318,0.693256644739045,1.0,0.0,0.0,0.0,0.0,0.0,1.0,1.0,1.0,1.0,1.0,0.025560839324393736,1.0,0.0,0.0,0.0,0.0,1.0,0.0,0.0,0.0,0.0,1.0,0.15336503594636242,0.0,0.0,0.15336503594636242,1.0,1.0,1.0,1.0,1.0,1.0221643447875977,574849724769.5923,1.0,0.6819000020354233,0.0,0.0,0.5748497247695923,0.4251503348350525,0.4729241877256318,1.0,0.0,0.693256644739045,0.5
