step,train_step_loss,train_acc,train_loss,val_acc,val_loss,avg_intra_expert_coherence,expert_diversity_e0,expert_diversity_e1,expert_diversity_e2,expert_diversity_e3,expert_diversity_mean,expert_purity_e0,expert_purity_e1,expert_purity_e2,expert_purity_e3,expert_purity_mean,inter_expert_similarity,inter_expert_similarity_e0_e0,inter_expert_similarity_e0_e1,inter_expert_similarity_e0_e2,inter_expert_similarity_e0_e3,inter_expert_similarity_e1_e0,inter_expert_similarity_e1_e1,inter_expert_similarity_e1_e2,inter_expert_similarity_e1_e3,inter_expert_similarity_e2_e0,inter_expert_similarity_e2_e1,inter_expert_similarity_e2_e2,inter_expert_similarity_e2_e3,inter_expert_similarity_e3_e0,inter_expert_similarity_e3_e1,inter_expert_similarity_e3_e2,inter_expert_similarity_e3_e3,intra_expert_coherence_e0,intra_expert_coherence_e1,intra_expert_coherence_e2,intra_expert_coherence_e3,load_cv,load_max_min_ratio,overall_task_conflict_cos,router_entropy,router_load_e0,router_load_e1,router_load_e2,router_load_e3,task_acc__glue_mrpc,task_conflict_t0_t0,task_grad_norm_cv,task_loss__glue_mrpc,utilization_ratio
50.0,0.2745846286416054,0.8238822246455835,0.38739466956290214,0.8161764705882353,0.3961205224578197,1.0,0.0,0.0,0.0,0.0,0.0,1.0,1.0,1.0,1.0,1.0,0.008127276017417346,1.0,-0.08214745992998948,0.09089432609700486,-0.005902554289758719,-0.08214745992998948,1.0,0.16449329861589557,-0.19655514143516167,0.09089432609700486,0.16449329861589557,1.0,0.07798118704651351,-0.005902554289758719,-0.19655514143516167,0.07798118704651351,1.0,1.0,1.0,1.0,1.0,0.4948471486568451,3.5033610130925577,1.0,1.2552496545455034,0.16181786358356476,0.4451158940792084,0.2660122811794281,0.12705396115779877,0.8161764705882353,1.0,0.0,0.3961205224578197,1.0
100.0,0.33656443655490875,0.8953107960741549,0.26168154505607877,0.8774509803921569,0.2952518735367518,1.0,0.0,0.0,0.0,0.0,0.0,1.0,1.0,1.0,1.0,1.0,0.10749052810303321,1.0,-0.06701330634410069,0.12106115033305374,-0.23645046815784318,-0.06701330634410069,1.0,0.195546313441892,0.4838587858033069,0.12106115033305374,0.195546313441892,1.0,0.1479406935418905,-0.23645046815784318,0.4838587858033069,0.1479406935418905,1.0,1.0,1.0,1.0,1.0,0.470088038434024,3.130984544600128,1.0,1.2537092975541657,0.14643821120262146,0.4181239604949951,0.3018939197063446,0.1335439234972,0.8774509803921569,1.0,0.0,0.2952518735367518,1.0
