step,train_step_loss,train_acc,train_loss,val_acc,val_loss,avg_intra_expert_coherence,expert_diversity_e0,expert_diversity_e1,expert_diversity_e2,expert_diversity_e3,expert_diversity_mean,expert_purity_e0,expert_purity_e1,expert_purity_e2,expert_purity_e3,expert_purity_mean,inter_expert_similarity,inter_expert_similarity_e0_e0,inter_expert_similarity_e0_e1,inter_expert_similarity_e0_e2,inter_expert_similarity_e0_e3,inter_expert_similarity_e1_e0,inter_expert_similarity_e1_e1,inter_expert_similarity_e1_e2,inter_expert_similarity_e1_e3,inter_expert_similarity_e2_e0,inter_expert_similarity_e2_e1,inter_expert_similarity_e2_e2,inter_expert_similarity_e2_e3,inter_expert_similarity_e3_e0,inter_expert_similarity_e3_e1,inter_expert_similarity_e3_e2,inter_expert_similarity_e3_e3,intra_expert_coherence_e0,intra_expert_coherence_e1,intra_expert_coherence_e2,intra_expert_coherence_e3,load_cv,load_max_min_ratio,overall_task_conflict_cos,router_entropy,router_load_e0,router_load_e1,router_load_e2,router_load_e3,task_acc__glue_mrpc,task_conflict_t0_t0,task_grad_norm_cv,task_loss__glue_mrpc,utilization_ratio
50.0,0.4337463676929474,0.8195201744820065,0.3992664962683035,0.8137254901960784,0.40790399737082994,1.0,0.0,0.0,0.0,0.0,0.0,1.0,1.0,1.0,1.0,1.0,0.07605653150020729,1.0,0.5264072958844803,0.15857884603692599,-0.33771295242307603,0.5264072958844803,1.0,0.3243467745636405,-0.1373915873830606,0.15857884603692599,0.3243467745636405,1.0,-0.07788918767766646,-0.33771295242307603,-0.1373915873830606,-0.07788918767766646,1.0,1.0,1.0,1.0,1.0,0.3625892102718353,3.297750016310087,1.0,1.2953250338049496,0.10323864221572876,0.34045523405075073,0.3060949444770813,0.250211238861084,0.8137254901960784,1.0,0.0,0.40790399737082994,0.75
100.0,0.2519560009241104,0.8966739367502726,0.24214867785896943,0.8774509803921569,0.292466284134067,1.0,0.0,0.0,0.0,0.0,0.0,1.0,1.0,1.0,1.0,1.0,0.15561346004833876,1.0,0.5404608927599119,-0.27713521493282856,-0.18520731209810384,0.5404608927599119,1.0,0.2116910675163213,0.27412688001308,-0.27713521493282856,0.2116910675163213,1.0,0.3697444470316517,-0.18520731209810384,0.27412688001308,0.3697444470316517,1.0,1.0,1.0,1.0,1.0,0.44121989607810974,3.5699597572527697,1.0,1.270545987521901,0.11325257271528244,0.2960107922554016,0.40430712699890137,0.18642953038215637,0.8774509803921569,1.0,0.0,0.292466284134067,0.75
