step,train_step_loss,train_acc,train_loss,val_acc,val_loss,router_entropy,router_load_e0,router_load_e1,router_load_e2,router_load_e3
30.0,0.5997163007656733,0.6403640816762394,0.6333236279002049,0.6197062196574411,0.6384589578930159,0.6698870612653317,0.5328506231307983,0.00020019432122353464,0.011888564564287663,0.4550604224205017
50.0,0.6448379258314768,0.6514819847548375,0.6157517780752474,0.6480228984962532,0.6191271905304246,0.6707583180870171,0.5294041037559509,0.0,0.008654364384710789,0.46194157004356384
