step,train_step_loss,train_acc,train_loss,val_acc,val_loss,avg_intra_expert_coherence,expert_diversity_e0,expert_diversity_e1,expert_diversity_e2,expert_diversity_e3,expert_diversity_mean,expert_purity_e0,expert_purity_e1,expert_purity_e2,expert_purity_e3,expert_purity_mean,inter_expert_similarity,inter_expert_similarity_e0_e0,inter_expert_similarity_e0_e1,inter_expert_similarity_e0_e2,inter_expert_similarity_e0_e3,inter_expert_similarity_e1_e0,inter_expert_similarity_e1_e1,inter_expert_similarity_e1_e2,inter_expert_similarity_e1_e3,inter_expert_similarity_e2_e0,inter_expert_similarity_e2_e1,inter_expert_similarity_e2_e2,inter_expert_similarity_e2_e3,inter_expert_similarity_e3_e0,inter_expert_similarity_e3_e1,inter_expert_similarity_e3_e2,inter_expert_similarity_e3_e3,intra_expert_coherence_e0,intra_expert_coherence_e1,intra_expert_coherence_e2,intra_expert_coherence_e3,load_cv,load_max_min_ratio,overall_task_conflict_cos,router_entropy,router_load_e0,router_load_e1,router_load_e2,router_load_e3,task_acc__glue_rte,task_conflict_t0_t0,task_grad_norm_cv,task_loss__glue_rte,utilization_ratio
50.0,0.6356385052204132,0.5634538152610442,0.6720372949273159,0.5451263537906137,0.6657767395178477,1.0,0.0,0.0,0.0,0.0,0.0,1.0,1.0,1.0,1.0,1.0,0.005559798752796931,1.0,0.0,0.0,0.0,0.0,1.0,0.0,0.0,0.0,0.0,1.0,0.03335879251678159,0.0,0.0,0.03335879251678159,1.0,1.0,1.0,1.0,1.0,0.9625777006149292,504095673561.0962,1.0,0.6916611865969772,0.01929745450615883,0.0,0.5040956735610962,0.47660690546035767,0.5451263537906137,1.0,0.0,0.6657767395178477,0.5
100.0,0.7113807797431946,0.5879518072289157,0.6493572791990562,0.5342960288808665,0.701671359439691,1.0,0.0,0.0,0.0,0.0,0.0,1.0,1.0,1.0,1.0,1.0,0.006905450362861242,1.0,0.0,0.0,0.0,0.0,1.0,0.0,0.0,0.0,0.0,1.0,0.041432702177167456,0.0,0.0,0.041432702177167456,1.0,1.0,1.0,1.0,1.0,1.0192973613739014,569791793823.2422,1.0,0.6725550937308301,0.0,0.0,0.4302081763744354,0.5697917938232422,0.5342960288808665,1.0,0.0,0.701671359439691,0.5
150.0,0.645758718252182,0.6417670682730924,0.6174012611118647,0.6245487364620939,0.641552542646726,1.0,0.0,0.0,0.0,0.0,0.0,1.0,1.0,1.0,1.0,1.0,0.00319482943148458,1.0,0.0,0.0,0.0,0.0,1.0,0.0,0.0,0.0,0.0,1.0,0.01916897658890748,0.0,0.0,0.01916897658890748,1.0,1.0,1.0,1.0,1.0,1.0008916259343401,514933824539.1846,1.0,0.6867031637942318,0.0,0.0,0.5149338245391846,0.48506611585617065,0.6245487364620939,1.0,0.0,0.641552542646726,0.5
