step,train_step_loss,train_acc,train_loss,val_acc,val_loss,avg_intra_expert_coherence,expert_diversity_e0,expert_diversity_e1,expert_diversity_e2,expert_diversity_e3,expert_diversity_mean,expert_purity_e0,expert_purity_e1,expert_purity_e2,expert_purity_e3,expert_purity_mean,inter_expert_similarity,inter_expert_similarity_e0_e0,inter_expert_similarity_e0_e1,inter_expert_similarity_e0_e2,inter_expert_similarity_e0_e3,inter_expert_similarity_e1_e0,inter_expert_similarity_e1_e1,inter_expert_similarity_e1_e2,inter_expert_similarity_e1_e3,inter_expert_similarity_e2_e0,inter_expert_similarity_e2_e1,inter_expert_similarity_e2_e2,inter_expert_similarity_e2_e3,inter_expert_similarity_e3_e0,inter_expert_similarity_e3_e1,inter_expert_similarity_e3_e2,inter_expert_similarity_e3_e3,intra_expert_coherence_e0,intra_expert_coherence_e1,intra_expert_coherence_e2,intra_expert_coherence_e3,load_cv,load_max_min_ratio,overall_task_conflict_cos,router_entropy,router_load_e0,router_load_e1,router_load_e2,router_load_e3,task_acc__glue_rte,task_conflict_t0_t0,task_grad_norm_cv,task_loss__glue_rte,utilization_ratio
50.0,0.6626428961753845,0.5016064257028112,0.695155300008945,0.5270758122743683,0.6903558936383989,1.0,0.0,0.0,0.0,0.0,0.0,1.0,1.0,1.0,1.0,1.0,0.08842032086315689,1.0,0.5305219251789414,0.0,0.0,0.5305219251789414,1.0,0.0,0.0,0.0,0.0,1.0,0.0,0.0,0.0,0.0,1.0,1.0,1.0,1.0,1.0,1.3753772676890534,833852827548.9807,1.0,0.44972378080071956,0.16614693403244019,0.8338528275489807,0.0,0.0,0.5270758122743683,1.0,0.0,0.6903558936383989,0.5
100.0,0.7324647903442383,0.4983935742971888,0.7115325925059808,0.4729241877256318,0.7249860647651885,1.0,0.0,0.0,0.0,0.0,0.0,1.0,1.0,1.0,1.0,1.0,0.0407171063157536,1.0,0.2443026378945216,0.0,0.0,0.2443026378945216,1.0,0.0,0.0,0.0,0.0,1.0,0.0,0.0,0.0,0.0,1.0,1.0,1.0,1.0,1.0,1.3089925137785028,798634946346.283,1.0,0.5022892951965332,0.2013653665781021,0.798634946346283,0.0,0.0,0.4729241877256318,1.0,0.0,0.7249860647651885,0.5
150.0,0.7129877507686615,0.5016064257028112,0.6942474394272535,0.5270758122743683,0.6906408005290561,1.0,0.0,0.0,0.0,0.0,0.0,1.0,1.0,1.0,1.0,1.0,0.08910272923871786,1.0,0.5346163754323071,0.0,0.0,0.5346163754323071,1.0,0.0,0.0,0.0,0.0,1.0,0.0,0.0,0.0,0.0,1.0,1.0,1.0,1.0,1.0,1.4339092452634281,863334596157.074,1.0,0.39886403428088024,0.13666556775569916,0.863334596157074,0.0,0.0,0.5270758122743683,1.0,0.0,0.6906408005290561,0.5
