step,train_step_loss,train_acc,train_loss,val_acc,val_loss,avg_intra_expert_coherence,expert_diversity_e0,expert_diversity_e1,expert_diversity_e2,expert_diversity_e3,expert_diversity_mean,expert_purity_e0,expert_purity_e1,expert_purity_e2,expert_purity_e3,expert_purity_mean,inter_expert_similarity,inter_expert_similarity_e0_e0,inter_expert_similarity_e0_e1,inter_expert_similarity_e0_e2,inter_expert_similarity_e0_e3,inter_expert_similarity_e1_e0,inter_expert_similarity_e1_e1,inter_expert_similarity_e1_e2,inter_expert_similarity_e1_e3,inter_expert_similarity_e2_e0,inter_expert_similarity_e2_e1,inter_expert_similarity_e2_e2,inter_expert_similarity_e2_e3,inter_expert_similarity_e3_e0,inter_expert_similarity_e3_e1,inter_expert_similarity_e3_e2,inter_expert_similarity_e3_e3,intra_expert_coherence_e0,intra_expert_coherence_e1,intra_expert_coherence_e2,intra_expert_coherence_e3,load_cv,load_max_min_ratio,overall_task_conflict_cos,router_entropy,router_load_e0,router_load_e1,router_load_e2,router_load_e3,task_acc__glue_rte,task_conflict_t0_t0,task_grad_norm_cv,task_loss__glue_rte,utilization_ratio
50.0,0.6916119754314423,0.4983935742971888,0.6952162862970278,0.4729241877256318,0.6996117416355345,1.0,0.0,0.0,0.0,0.0,0.0,1.0,1.0,1.0,1.0,1.0,-0.006535674485510069,1.0,0.0,0.0,-0.039214046913060414,0.0,1.0,0.0,0.0,0.0,0.0,1.0,0.0,-0.039214046913060414,0.0,0.0,1.0,1.0,1.0,1.0,1.0,1.008990646480399,547515928745.2698,1.0,0.6886248493883154,0.5475159287452698,0.0,0.0,0.4524839520454407,0.4729241877256318,1.0,0.0,0.6996117416355345,0.5
100.0,0.7225629687309265,0.4983935742971888,0.6939930698046317,0.4729241877256318,0.696675482723448,1.0,0.0,0.0,0.0,0.0,0.0,1.0,1.0,1.0,1.0,1.0,-0.002522177360429367,1.0,0.0,0.0,-0.0151330641625762,0.0,1.0,0.0,0.0,0.0,0.0,1.0,0.0,-0.0151330641625762,0.0,0.0,1.0,1.0,1.0,1.0,1.0,1.021953821182251,574489653110.5042,1.0,0.682008326699157,0.42551037669181824,0.0,0.0,0.5744896531105042,0.4729241877256318,1.0,0.0,0.696675482723448,0.5
150.0,0.7296588718891144,0.4983935742971888,0.6937837917835284,0.4729241877256318,0.6960793170664046,1.0,0.0,0.0,0.0,0.0,0.0,1.0,1.0,1.0,1.0,1.0,-0.056897350103931356,1.0,0.0,0.0,0.0,0.0,1.0,0.0,0.0,0.0,0.0,1.0,-0.34138410062358815,0.0,0.0,-0.34138410062358815,1.0,1.0,1.0,1.0,1.0,1.0578122001142025,621946156024.9329,1.0,0.6631035202246711,0.0,0.0,0.6219461560249329,0.37805402278900146,0.4729241877256318,1.0,0.0,0.6960793170664046,0.5
