step,train_step_loss,train_acc,train_loss,val_acc,val_loss,avg_intra_expert_coherence,expert_diversity_e0,expert_diversity_e1,expert_diversity_e2,expert_diversity_e3,expert_diversity_mean,expert_purity_e0,expert_purity_e1,expert_purity_e2,expert_purity_e3,expert_purity_mean,inter_expert_similarity,inter_expert_similarity_e0_e0,inter_expert_similarity_e0_e1,inter_expert_similarity_e0_e2,inter_expert_similarity_e0_e3,inter_expert_similarity_e1_e0,inter_expert_similarity_e1_e1,inter_expert_similarity_e1_e2,inter_expert_similarity_e1_e3,inter_expert_similarity_e2_e0,inter_expert_similarity_e2_e1,inter_expert_similarity_e2_e2,inter_expert_similarity_e2_e3,inter_expert_similarity_e3_e0,inter_expert_similarity_e3_e1,inter_expert_similarity_e3_e2,inter_expert_similarity_e3_e3,intra_expert_coherence_e0,intra_expert_coherence_e1,intra_expert_coherence_e2,intra_expert_coherence_e3,load_cv,load_max_min_ratio,overall_task_conflict_cos,router_entropy,router_load_e0,router_load_e1,router_load_e2,router_load_e3,task_acc__glue_cola,task_acc__glue_mrpc,task_acc__glue_rte,task_conflict_t0_t0,task_conflict_t0_t1,task_conflict_t0_t2,task_conflict_t1_t0,task_conflict_t1_t1,task_conflict_t1_t2,task_conflict_t2_t0,task_conflict_t2_t1,task_conflict_t2_t2,task_grad_norm_cv,task_loss__glue_cola,task_loss__glue_mrpc,task_loss__glue_rte,utilization_ratio
1.0,1.0989857465028763,0.5442496685287871,0.7189600863152688,0.5349847176855219,0.7229713243836002,-0.3099033879176839,0.7511805775889047,0.9239094957067341,0.5945510810314603,0.9727117302970498,0.8105882211560372,0.6529789566993713,0.5113850831985474,0.735546886920929,0.3969523012638092,0.5742158070206642,0.00023174305786417826,1.0,-0.23995373547739965,-0.24663126816519707,-0.2244952278090617,-0.23995373547739965,1.0,0.23915415935431475,0.2455656271152245,-0.24663126816519707,0.23915415935431475,1.0,0.22775090332930428,-0.2244952278090617,0.2455656271152245,0.22775090332930428,1.0,-0.3046597790077479,-0.3131810079264217,-0.3140693531445709,-0.3077034115919952,1.0789194844221146,30.651582576246906,-0.21972651850852098,0.6771014692882696,0.7102192044258118,0.11705735325813293,0.023170718923211098,0.14955250918865204,0.4314477468839885,0.678921568627451,0.49458483754512633,1.0,0.8706238506461281,-0.861717099755647,0.8706238506461281,1.0,-0.668086306416044,-0.861717099755647,-0.668086306416044,1.0,0.4701744343555597,0.7738837897777557,0.6466852210316003,0.7483449623414448,0.5
