step,train_step_loss,train_acc,train_loss,val_acc,val_loss,avg_intra_expert_coherence,expert_diversity_e0,expert_diversity_e1,expert_diversity_e2,expert_diversity_e3,expert_diversity_mean,expert_purity_e0,expert_purity_e1,expert_purity_e2,expert_purity_e3,expert_purity_mean,inter_expert_similarity,inter_expert_similarity_e0_e0,inter_expert_similarity_e0_e1,inter_expert_similarity_e0_e2,inter_expert_similarity_e0_e3,inter_expert_similarity_e1_e0,inter_expert_similarity_e1_e1,inter_expert_similarity_e1_e2,inter_expert_similarity_e1_e3,inter_expert_similarity_e2_e0,inter_expert_similarity_e2_e1,inter_expert_similarity_e2_e2,inter_expert_similarity_e2_e3,inter_expert_similarity_e3_e0,inter_expert_similarity_e3_e1,inter_expert_similarity_e3_e2,inter_expert_similarity_e3_e3,intra_expert_coherence_e0,intra_expert_coherence_e1,intra_expert_coherence_e2,intra_expert_coherence_e3,load_cv,load_max_min_ratio,overall_task_conflict_cos,router_entropy,router_load_e0,router_load_e1,router_load_e2,router_load_e3,task_acc__glue_cola,task_acc__glue_mrpc,task_acc__glue_rte,task_conflict_t0_t0,task_conflict_t0_t1,task_conflict_t0_t2,task_conflict_t1_t0,task_conflict_t1_t1,task_conflict_t1_t2,task_conflict_t2_t0,task_conflict_t2_t1,task_conflict_t2_t2,task_grad_norm_cv,task_loss__glue_cola,task_loss__glue_mrpc,task_loss__glue_rte,utilization_ratio
1.0,3.2925259470939636,0.378477409584627,1.9154397314966058,0.39493287764875373,1.9021848029401154,0.8592366749420153,0.0931207700490938,0.41866531146197605,0.7315242862605509,0.11737841135923978,0.34017219478271515,0.9820184707641602,0.8759827017784119,0.6659665703773499,0.9760931730270386,0.8750152289867401,0.1764206357113862,1.0,0.1762445818603298,0.21163280653664676,0.13378646952281933,0.1762445818603298,1.0,0.202338393854061,0.1548642768000422,0.21163280653664676,0.202338393854061,1.0,0.179657285694418,0.13378646952281933,0.1548642768000422,0.179657285694418,1.0,0.6955075074318041,0.9215000120013986,0.9832119394217894,0.8367272409130688,1.6023568159000434,133.09711351463264,0.8562406281328402,0.11925951515799911,0.03657285496592522,0.007089380174875259,0.9435760378837585,0.012761487625539303,0.3096836049856184,0.3480392156862745,0.5270758122743683,1.0,0.7953919336718414,0.9603249808734764,0.7953919336718414,1.0,0.8130049698532029,0.9603249808734764,0.8130049698532029,1.0,0.7146857726442054,2.9104618345963136,1.2111178531366236,1.584974721087409,0.25
