method,val_acc_last_mean,val_acc_last_std,val_loss_last_mean,val_loss_last_std
baseline,0.5349847176855219,0.0,0.7229713243836002,0.0
cagrad,0.39493287764875373,0.0,1.9021848029401154,0.0
ours,0.44177157492674257,0.0,0.7674256983568029,0.0
