{
  "baseline": {
    "num_common_steps": 1,
    "seeds": [
      1
    ],
    "steps": [
      1
    ],
    "train_acc_last_mean": 0.5442496685287871,
    "train_acc_last_std": 0.0,
    "train_loss_last_mean": 0.7189600863152688,
    "train_loss_last_std": 0.0,
    "val_acc_last_mean": 0.5349847176855219,
    "val_acc_last_std": 0.0,
    "val_loss_last_mean": 0.7229713243836002,
    "val_loss_last_std": 0.0
  },
  "cagrad": {
    "num_common_steps": 1,
    "seeds": [
      1
    ],
    "steps": [
      1
    ],
    "train_acc_last_mean": 0.378477409584627,
    "train_acc_last_std": 0.0,
    "train_loss_last_mean": 1.9154397314966058,
    "train_loss_last_std": 0.0,
    "val_acc_last_mean": 0.39493287764875373,
    "val_acc_last_std": 0.0,
    "val_loss_last_mean": 1.9021848029401154,
    "val_loss_last_std": 0.0
  },
  "ours": {
    "num_common_steps": 1,
    "seeds": [
      1
    ],
    "steps": [
      1
    ],
    "train_acc_last_mean": 0.43834148711134757,
    "train_acc_last_std": 0.0,
    "train_loss_last_mean": 0.7543879550384744,
    "train_loss_last_std": 0.0,
    "val_acc_last_mean": 0.44177157492674257,
    "val_acc_last_std": 0.0,
    "val_loss_last_mean": 0.7674256983568029,
    "val_loss_last_std": 0.0
  }
}