step,train_step_loss,train_acc,train_loss,val_acc,val_loss,router_entropy,router_load_e0,router_load_e1,router_load_e2,router_load_e3
5.0,0.7866085171699524,0.37786259541984735,0.8512617761674135,0.37745098039215685,0.8521613066013043,1.242453843939538,0.21439842879772186,0.23740901052951813,0.09650043398141861,0.451692134141922
