step,train_step_loss,train_acc,train_loss,val_acc,val_loss,avg_intra_expert_coherence,expert_diversity_e0,expert_diversity_e1,expert_diversity_e2,expert_diversity_e3,expert_diversity_mean,expert_purity_e0,expert_purity_e1,expert_purity_e2,expert_purity_e3,expert_purity_mean,inter_expert_similarity,inter_expert_similarity_e0_e0,inter_expert_similarity_e0_e1,inter_expert_similarity_e0_e2,inter_expert_similarity_e0_e3,inter_expert_similarity_e1_e0,inter_expert_similarity_e1_e1,inter_expert_similarity_e1_e2,inter_expert_similarity_e1_e3,inter_expert_similarity_e2_e0,inter_expert_similarity_e2_e1,inter_expert_similarity_e2_e2,inter_expert_similarity_e2_e3,inter_expert_similarity_e3_e0,inter_expert_similarity_e3_e1,inter_expert_similarity_e3_e2,inter_expert_similarity_e3_e3,intra_expert_coherence_e0,intra_expert_coherence_e1,intra_expert_coherence_e2,intra_expert_coherence_e3,load_cv,load_max_min_ratio,overall_task_conflict_cos,router_entropy,router_load_e0,router_load_e1,router_load_e2,router_load_e3,task_acc__glue_cola,task_acc__glue_mrpc,task_acc__glue_rte,task_conflict_t0_t0,task_conflict_t0_t1,task_conflict_t0_t2,task_conflict_t1_t0,task_conflict_t1_t1,task_conflict_t1_t2,task_conflict_t2_t0,task_conflict_t2_t1,task_conflict_t2_t2,task_grad_norm_cv,task_loss__glue_cola,task_loss__glue_mrpc,task_loss__glue_rte,utilization_ratio
1.0,0.6751242180665334,0.625745881252294,0.6689982437036757,0.6160076283075439,0.6715822281603193,-0.041041211730930366,0.9125593489809054,0.9806201895261066,0.9130391756443371,0.8474506034617834,0.9134173294032831,0.48247137665748596,0.4124867916107178,0.5246555805206299,0.6128886938095093,0.5081256106495857,0.03254939509276428,1.0,0.014100780425048151,0.012747157397928475,0.02359757161549024,0.014100780425048151,1.0,0.03974974418944636,0.05124666642710172,0.012747157397928475,0.03974974418944636,1.0,0.05385445050157074,0.02359757161549024,0.05124666642710172,0.05385445050157074,1.0,-0.10345461739795586,-0.0631253322486474,-0.11587981546785003,0.11829491819073183,0.47535089833693583,3.1966727023616994,-0.05853558698506059,1.2489032141036458,0.3567163050174713,0.3796875476837158,0.1187758594751358,0.14482077956199646,0.6912751677852349,0.6838235294117647,0.4729241877256318,1.0,0.5677963771418724,-0.5045196310998392,0.5677963771418724,1.0,-0.23888350699721492,-0.5045196310998392,-0.23888350699721492,1.0,0.29487289524760535,0.6477960122905615,0.663019248083526,0.7039314241068704,0.75
