method,val_acc_last_mean,val_acc_last_std,val_loss_last_mean,val_loss_last_std
baseline,0.6160076283075439,0.0,0.6715822281603193,0.0
ours,0.6160076283075439,0.0,0.6721341935145347,0.0
