{
  "best_val_acc": 0.50830078125,
  "final_val_acc": 0.504638671875,
  "method": "baseline_avg",
  "num_eval_points": 17
}