step,train_step_loss,train_acc,train_loss,val_acc,val_loss,alignment_reward,l_conflict,l_conflict_e0,l_conflict_e1,l_conflict_e2,l_conflict_e3,router_conflict_grad_l2,router_entropy,router_load_e0,router_load_e1,router_load_e2,router_load_e3
30.0,0.6618461708227794,0.6312995977066514,0.6775575926098366,0.6129400095915736,0.6770616590356032,0.3990720510482788,-0.3990720510482788,-0.14647716283798218,-0.05930057540535927,-0.19329431653022766,-0.0,0.0,0.6849276216493713,0.4786006808280945,0.0948016569018364,0.4259931445121765,0.0006045983172953129
50.0,0.6307715475559235,0.6329408056729319,0.6627507012751814,0.6319238507152269,0.6588248727675529,0.14588621258735657,-0.14588621258735657,-0.04157166928052902,-0.06317860633134842,-0.04113592952489853,-0.0,0.0,0.6841102859212292,0.45868393778800964,0.10926879942417145,0.4314489960670471,0.0005982409347780049
