step,train_step_loss,train_acc,train_loss,val_acc,val_loss,alignment_reward,l_conflict,l_conflict_e0,l_conflict_e1,l_conflict_e2,l_conflict_e3,router_conflict_grad_l2,router_entropy,router_load_e0,router_load_e1,router_load_e2,router_load_e3
30.0,0.6401500999927522,0.6241431278021669,0.6502550333320252,0.608065026380447,0.6526610058027472,0.17350947856903076,-0.17350947856903076,-0.0,-0.07560832798480988,-0.022758549079298973,-0.07514260709285736,0.0,0.6824045664182415,0.003395699430257082,0.3057294487953186,0.14515511691570282,0.5457198619842529
50.0,0.6438723305861156,0.6284957395459051,0.6385374185638902,0.6135258951786563,0.6410033114012054,0.05889124423265457,-0.05889124423265457,-0.0,-0.020257633179426193,-0.014274089597165585,-0.02435952052474022,0.0,0.6830682446835218,0.0027209401596337557,0.3034904897212982,0.15776163339614868,0.5360270738601685
