step,train_step_loss,train_acc,train_loss,val_acc,val_loss,avg_intra_expert_coherence,expert_diversity_e0,expert_diversity_e1,expert_diversity_e2,expert_diversity_e3,expert_diversity_mean,expert_purity_e0,expert_purity_e1,expert_purity_e2,expert_purity_e3,expert_purity_mean,inter_expert_similarity,inter_expert_similarity_e0_e0,inter_expert_similarity_e0_e1,inter_expert_similarity_e0_e2,inter_expert_similarity_e0_e3,inter_expert_similarity_e1_e0,inter_expert_similarity_e1_e1,inter_expert_similarity_e1_e2,inter_expert_similarity_e1_e3,inter_expert_similarity_e2_e0,inter_expert_similarity_e2_e1,inter_expert_similarity_e2_e2,inter_expert_similarity_e2_e3,inter_expert_similarity_e3_e0,inter_expert_similarity_e3_e1,inter_expert_similarity_e3_e2,inter_expert_similarity_e3_e3,intra_expert_coherence_e0,intra_expert_coherence_e1,intra_expert_coherence_e2,intra_expert_coherence_e3,load_cv,load_max_min_ratio,overall_task_conflict_cos,router_entropy,router_load_e0,router_load_e1,router_load_e2,router_load_e3,task_acc__glue_mrpc,task_conflict_t0_t0,task_grad_norm_cv,task_loss__glue_mrpc,utilization_ratio
50.0,0.49843186140060425,0.7082878953107961,0.5603662199624206,0.7107843137254902,0.5545714669502698,1.0,0.0,0.0,0.0,0.0,0.0,1.0,1.0,1.0,1.0,1.0,0.008056282812913002,1.0,0.0,0.04833769687747801,0.0,0.0,1.0,0.0,0.0,0.04833769687747801,0.0,1.0,0.0,0.0,0.0,0.0,1.0,1.0,1.0,1.0,1.0,1.317020058631897,803014397621.1548,1.0,0.4768722752730052,0.8030143976211548,0.0,0.19698566198349,0.0,0.7107843137254902,1.0,0.0,0.5545714669502698,0.5
100.0,0.5538852512836456,0.7633587786259542,0.5553920774356179,0.7524509803921569,0.5570794836832926,1.0,0.0,0.0,0.0,0.0,0.0,1.0,1.0,1.0,1.0,1.0,0.004192084537814903,1.0,0.0,0.02515250722688942,0.0,0.0,1.0,0.0,0.0,0.02515250722688942,0.0,1.0,0.0,0.0,0.0,0.0,1.0,1.0,1.0,1.0,1.0,1.0692520778925465,633837521076.2024,1.0,0.6556323264159408,0.6338375210762024,0.0,0.36616241931915283,0.0,0.7524509803921569,1.0,0.0,0.5570794836832926,0.5
150.0,0.5693121254444122,0.8375136314067612,0.38077968410823654,0.8676470588235294,0.33118596114218235,1.0,0.0,0.0,0.0,0.0,0.0,1.0,1.0,1.0,1.0,1.0,0.01522636545583324,1.0,0.0,0.09135819273499944,0.0,0.0,1.0,0.0,0.0,0.09135819273499944,0.0,1.0,0.0,0.0,0.0,0.0,1.0,1.0,1.0,1.0,1.0,1.103181588270475,664700388908.3862,1.0,0.6251483676480312,0.6647003889083862,0.0,0.33529970049858093,0.0,0.8676470588235294,1.0,0.0,0.33118596114218235,0.5
