step,train_step_loss,train_acc,train_loss,val_acc,val_loss,avg_intra_expert_coherence,expert_diversity_e0,expert_diversity_e1,expert_diversity_e2,expert_diversity_e3,expert_diversity_mean,expert_purity_e0,expert_purity_e1,expert_purity_e2,expert_purity_e3,expert_purity_mean,inter_expert_similarity,inter_expert_similarity_e0_e0,inter_expert_similarity_e0_e1,inter_expert_similarity_e0_e2,inter_expert_similarity_e0_e3,inter_expert_similarity_e1_e0,inter_expert_similarity_e1_e1,inter_expert_similarity_e1_e2,inter_expert_similarity_e1_e3,inter_expert_similarity_e2_e0,inter_expert_similarity_e2_e1,inter_expert_similarity_e2_e2,inter_expert_similarity_e2_e3,inter_expert_similarity_e3_e0,inter_expert_similarity_e3_e1,inter_expert_similarity_e3_e2,inter_expert_similarity_e3_e3,intra_expert_coherence_e0,intra_expert_coherence_e1,intra_expert_coherence_e2,intra_expert_coherence_e3,load_cv,load_max_min_ratio,overall_task_conflict_cos,router_entropy,router_load_e0,router_load_e1,router_load_e2,router_load_e3,task_acc__glue_rte,task_conflict_t0_t0,task_grad_norm_cv,task_loss__glue_rte,utilization_ratio
50.0,0.6518560647964478,0.5016064257028112,0.6869730902405886,0.5270758122743683,0.6842533581786685,1.0,0.0,0.0,0.0,0.0,0.0,1.0,1.0,1.0,1.0,1.0,0.009442333599138191,1.0,0.0,0.0,0.05665400159482915,0.0,1.0,0.0,0.0,0.0,0.0,1.0,0.0,0.05665400159482915,0.0,0.0,1.0,1.0,1.0,1.0,1.0,1.0194880962371826,570139229297.638,1.0,0.6828011485213407,0.4298607409000397,0.0,0.0,0.5701392292976379,0.5270758122743683,1.0,0.0,0.6842533581786685,0.5
100.0,0.6709682941436768,0.6566265060240963,0.6404243481464875,0.6028880866425993,0.6611538910203509,1.0,0.0,0.0,0.0,0.0,0.0,1.0,1.0,1.0,1.0,1.0,0.008887060995653635,1.0,0.0,0.0,0.05332236597392181,0.0,1.0,0.0,0.0,0.0,0.0,1.0,0.0,0.05332236597392181,0.0,0.0,1.0,1.0,1.0,1.0,1.0,1.001447081565857,519027531147.0032,1.0,0.6902359977956283,0.4809724688529968,0.0,0.0,0.5190275311470032,0.6028880866425993,1.0,0.0,0.6611538910203509,0.5
150.0,0.6579896211624146,0.7220883534136546,0.6181643452399816,0.6389891696750902,0.6391285243961546,1.0,0.0,0.0,0.0,0.0,0.0,1.0,1.0,1.0,1.0,1.0,0.007544990454825556,1.0,0.0,0.0,0.045269942728953336,0.0,1.0,0.0,0.0,0.0,0.0,1.0,0.0,0.045269942728953336,0.0,0.0,1.0,1.0,1.0,1.0,1.0,1.0165887484901397,564665257930.7556,1.0,0.6818879563025189,0.4353346824645996,0.0,0.0,0.5646652579307556,0.6389891696750902,1.0,0.0,0.6391285243961546,0.5
