step,train_step_loss,train_acc,train_loss,val_acc,val_loss,avg_intra_expert_coherence,expert_diversity_e0,expert_diversity_e1,expert_diversity_e2,expert_diversity_e3,expert_diversity_mean,expert_purity_e0,expert_purity_e1,expert_purity_e2,expert_purity_e3,expert_purity_mean,inter_expert_similarity,inter_expert_similarity_e0_e0,inter_expert_similarity_e0_e1,inter_expert_similarity_e0_e2,inter_expert_similarity_e0_e3,inter_expert_similarity_e1_e0,inter_expert_similarity_e1_e1,inter_expert_similarity_e1_e2,inter_expert_similarity_e1_e3,inter_expert_similarity_e2_e0,inter_expert_similarity_e2_e1,inter_expert_similarity_e2_e2,inter_expert_similarity_e2_e3,inter_expert_similarity_e3_e0,inter_expert_similarity_e3_e1,inter_expert_similarity_e3_e2,inter_expert_similarity_e3_e3,intra_expert_coherence_e0,intra_expert_coherence_e1,intra_expert_coherence_e2,intra_expert_coherence_e3,load_cv,load_max_min_ratio,overall_task_conflict_cos,router_entropy,router_load_e0,router_load_e1,router_load_e2,router_load_e3,task_acc__glue_rte,task_conflict_t0_t0,task_grad_norm_cv,task_loss__glue_rte,utilization_ratio
50.0,0.6509091258049011,0.5016064257028112,0.6962340041230887,0.5270758122743683,0.6903660297393799,1.0,0.0,0.0,0.0,0.0,0.0,1.0,1.0,1.0,1.0,1.0,0.013296299165312027,1.0,0.0,0.07977779499187217,0.0,0.0,1.0,0.0,0.0,0.07977779499187217,0.0,1.0,0.0,0.0,0.0,0.0,1.0,1.0,1.0,1.0,1.0,1.0360170602798462,595741510391.2354,1.0,0.6747005820704711,0.40425845980644226,0.0,0.5957415103912354,0.0,0.5270758122743683,1.0,0.0,0.6903660297393799,0.5
100.0,0.7253594398498535,0.4983935742971888,0.6980340514045495,0.4729241877256318,0.7048312988546159,1.0,0.0,0.0,0.0,0.0,0.0,1.0,1.0,1.0,1.0,1.0,0.01987640261666856,1.0,0.0,0.11925841570001136,0.0,0.0,1.0,0.0,0.0,0.11925841570001136,0.0,1.0,0.0,0.0,0.0,0.0,1.0,1.0,1.0,1.0,1.0,1.0062215328216553,539499402046.2036,1.0,0.6900234687199231,0.4605006277561188,0.0,0.5394994020462036,0.0,0.4729241877256318,1.0,0.0,0.7048312988546159,0.5
150.0,0.7275579869747162,0.5016064257028112,0.7017520168652901,0.5270758122743683,0.6920857429504395,1.0,0.0,0.0,0.0,0.0,0.0,1.0,1.0,1.0,1.0,1.0,0.01492283867756506,1.0,0.0,0.08953703206539036,0.0,0.0,1.0,0.0,0.0,0.08953703206539036,0.0,1.0,0.0,0.0,0.0,0.0,1.0,1.0,1.0,1.0,1.0,1.000562071800232,511855006217.95654,1.0,0.6928660869598389,0.5118550062179565,0.0,0.48814502358436584,0.0,0.5270758122743683,1.0,0.0,0.6920857429504395,0.5
