step,train_step_loss,train_acc,train_loss,val_acc,val_loss,avg_intra_expert_coherence,expert_diversity_e0,expert_diversity_e1,expert_diversity_e2,expert_diversity_e3,expert_diversity_mean,expert_purity_e0,expert_purity_e1,expert_purity_e2,expert_purity_e3,expert_purity_mean,inter_expert_similarity,inter_expert_similarity_e0_e0,inter_expert_similarity_e0_e1,inter_expert_similarity_e0_e2,inter_expert_similarity_e0_e3,inter_expert_similarity_e1_e0,inter_expert_similarity_e1_e1,inter_expert_similarity_e1_e2,inter_expert_similarity_e1_e3,inter_expert_similarity_e2_e0,inter_expert_similarity_e2_e1,inter_expert_similarity_e2_e2,inter_expert_similarity_e2_e3,inter_expert_similarity_e3_e0,inter_expert_similarity_e3_e1,inter_expert_similarity_e3_e2,inter_expert_similarity_e3_e3,intra_expert_coherence_e0,intra_expert_coherence_e1,intra_expert_coherence_e2,intra_expert_coherence_e3,load_cv,load_max_min_ratio,overall_task_conflict_cos,router_entropy,router_load_e0,router_load_e1,router_load_e2,router_load_e3,task_acc__glue_rte,task_conflict_t0_t0,task_grad_norm_cv,task_loss__glue_rte,utilization_ratio
50.0,0.6871911883354187,0.4983935742971888,0.695690158697275,0.4729241877256318,0.7005871103869544,1.0,0.0,0.0,0.0,0.0,0.0,1.0,1.0,1.0,1.0,1.0,0.009258386344613137,1.0,0.0,0.0,0.05555031806767882,0.0,1.0,0.0,0.0,0.0,0.0,1.0,0.0,0.05555031806767882,0.0,0.0,1.0,1.0,1.0,1.0,1.0,1.1592805005835294,707343876361.8469,1.0,0.6045131080847785,0.7073438763618469,0.0,0.0,0.2926563024520874,0.4729241877256318,1.0,0.0,0.7005871103869544,0.5
100.0,0.7235864996910095,0.5016064257028112,0.6931415988084597,0.5270758122743683,0.6927706831031375,1.0,0.0,0.0,0.0,0.0,0.0,1.0,1.0,1.0,1.0,1.0,0.010812672706622431,1.0,0.0,0.0,0.06487603623973459,0.0,1.0,0.0,0.0,0.0,0.0,1.0,0.0,0.06487603623973459,0.0,0.0,1.0,1.0,1.0,1.0,1.0,1.1332075754651518,688467204570.7703,1.0,0.6203213521289481,0.6884672045707703,0.0,0.0,0.3115326464176178,0.5270758122743683,1.0,0.0,0.6927706831031375,0.5
150.0,0.6861122250556946,0.5016064257028112,0.6958089974446174,0.5270758122743683,0.6903334259986877,1.0,0.0,0.0,0.0,0.0,0.0,1.0,1.0,1.0,1.0,1.0,0.010409220789881456,1.0,0.0,0.062455324739288734,0.0,0.0,1.0,0.0,0.0,0.062455324739288734,0.0,1.0,0.0,0.0,0.0,0.0,1.0,1.0,1.0,1.0,1.0,1.1863377538532625,725664734840.3931,1.0,0.5875231445050842,0.7256647348403931,0.0,0.27433502674102783,0.0,0.5270758122743683,1.0,0.0,0.6903334259986877,0.5
