step,train_step_loss,train_acc,train_loss,val_acc,val_loss,alignment_reward,l_conflict,l_conflict_e0,l_conflict_e1,l_conflict_e2,l_conflict_e3,router_conflict_grad_l2,router_entropy,router_load_e0,router_load_e1,router_load_e2,router_load_e3
30.0,1.105932990709941,0.34228515625,1.098817500596245,0.3385416666666667,1.1044476106762886,0.002824243623763323,-0.002824243623763323,-0.0006688246503472328,-0.0006735007627867162,-0.0008327583782374859,-0.000649159774184227,0.0,1.3755885511636734,0.22576870024204254,0.2518663704395294,0.2998793125152588,0.22248560190200806
60.0,1.1220916534463572,0.36865234375,1.0985838814328115,0.3193359375,1.1098713253935177,0.0033593587577342987,-0.0033593587577342987,-0.000694719550665468,-0.0008912853663787246,-0.0010225563310086727,-0.0007507976260967553,0.0,1.3720752100149791,0.21436703205108643,0.2574326992034912,0.30850908160209656,0.219691202044487
90.0,1.0888227472702667,0.340576171875,1.1029143743216991,0.3391927083333333,1.1155510147412617,0.0012618131004273891,-0.0012618131004273891,-0.00027139033772982657,-0.000318708858685568,-0.00038952677277848125,-0.0002821872185450047,0.0,1.3683408324917157,0.21553866565227509,0.26030683517456055,0.31646573543548584,0.20768879354000092
100.0,1.0880921433369324,0.3284505208333333,1.0977635284264882,0.3395182291666667,1.1044836218158405,0.0009724824922159314,-0.0009724824922159314,-0.00022492361313197762,-0.0002351646253373474,-0.0002744440862443298,-0.00023795015295036137,0.0,1.379859949151675,0.22656898200511932,0.2408386468887329,0.28109514713287354,0.2514972388744354
