step,train_step_loss,train_acc,train_loss,val_acc,val_loss,alignment_reward,l_conflict,l_conflict_e0,l_conflict_e1,l_conflict_e2,l_conflict_e3,router_conflict_grad_l2,router_entropy,router_load_e0,router_load_e1,router_load_e2,router_load_e3
30.0,1.1000762383143112,0.3470865885416667,1.1018075874696176,0.328125,1.1071932390332222,0.0012620801571756601,-0.0012620801571756601,-0.00029327505035325885,-0.0002595199039205909,-0.00030167694785632193,-0.0004076082550454885,0.0,1.3710171307126682,0.23882286250591278,0.2131115049123764,0.22952596843242645,0.3185395896434784
60.0,1.1109689126412075,0.3270670572916667,1.099754021813472,0.3313802083333333,1.1032399833202362,0.0037764401640743017,-0.0037764401640743017,-0.0009227225091308355,-0.000996196293272078,-0.0008542696014046669,-0.0010032517602667212,0.0,1.380900502204895,0.24392853677272797,0.26214057207107544,0.22223632037639618,0.2716945707798004
90.0,1.0851123581329984,0.3719075520833333,1.0903292528043191,0.3470052083333333,1.0993546172976494,0.0011427327990531921,-0.0011427327990531921,-0.00026157996035180986,-0.00026028536376543343,-0.0002757679030764848,-0.00034509963006712496,0.0,1.376580702761809,0.22806371748447418,0.2275509387254715,0.24187009036540985,0.30251532793045044
100.0,1.101457590858142,0.3855794270833333,1.0920705161988735,0.34375,1.1066474616527557,0.0030787792056798935,-0.0030787792056798935,-0.0007039448828436434,-0.0006886361516080797,-0.0007145142881199718,-0.0009716839995235205,0.0,1.3731753006577492,0.23085367679595947,0.22328634560108185,0.23094934225082397,0.3149107098579407
