step,train_step_loss,train_acc,train_loss,val_acc,val_loss,avg_intra_expert_coherence,expert_diversity_e0,expert_diversity_e1,expert_diversity_e2,expert_diversity_e3,expert_diversity_mean,expert_purity_e0,expert_purity_e1,expert_purity_e2,expert_purity_e3,expert_purity_mean,inter_expert_similarity,inter_expert_similarity_e0_e0,inter_expert_similarity_e0_e1,inter_expert_similarity_e0_e2,inter_expert_similarity_e0_e3,inter_expert_similarity_e1_e0,inter_expert_similarity_e1_e1,inter_expert_similarity_e1_e2,inter_expert_similarity_e1_e3,inter_expert_similarity_e2_e0,inter_expert_similarity_e2_e1,inter_expert_similarity_e2_e2,inter_expert_similarity_e2_e3,inter_expert_similarity_e3_e0,inter_expert_similarity_e3_e1,inter_expert_similarity_e3_e2,inter_expert_similarity_e3_e3,intra_expert_coherence_e0,intra_expert_coherence_e1,intra_expert_coherence_e2,intra_expert_coherence_e3,load_cv,load_max_min_ratio,overall_task_conflict_cos,router_entropy,router_load_e0,router_load_e1,router_load_e2,router_load_e3,task_acc__glue_cola,task_acc__glue_mrpc,task_acc__glue_rte,task_conflict_t0_t0,task_conflict_t0_t1,task_conflict_t0_t2,task_conflict_t1_t0,task_conflict_t1_t1,task_conflict_t1_t2,task_conflict_t2_t0,task_conflict_t2_t1,task_conflict_t2_t2,task_grad_norm_cv,task_loss__glue_cola,task_loss__glue_mrpc,task_loss__glue_rte,utilization_ratio
1.0,1.0275904834270477,0.44847541896978926,0.7308249490492726,0.44962801263423663,0.7305187944498658,-0.10628447418728913,0.7953231114990428,0.9458587985800082,0.9655524169938936,0.9418437496880367,0.9121445191902453,0.6194413304328918,0.42404669523239136,0.398763507604599,0.4306086003780365,0.4682150334119797,-0.06625903408995035,1.0,0.04759735460047957,0.2966358639644445,-0.23552942779856997,0.04759735460047957,1.0,-0.14853238543953629,0.11777607656296145,0.2966358639644445,-0.14853238543953629,1.0,-0.4755016864294814,-0.23552942779856997,0.11777607656296145,-0.4755016864294814,1.0,0.09912585428748459,-0.2575432296840729,-0.21202754728702033,-0.054692974065547885,0.8548272502010466,7.196132463798365,-0.049760883577958305,1.0501585151586268,0.6118873357772827,0.10096192359924316,0.20212049782276154,0.08503002673387527,0.47171620325982744,0.3284313725490196,0.5487364620938628,1.0,-0.47548600839007255,-0.2866603335649948,-0.47548600839007255,1.0,0.6128636912211924,-0.2866603335649948,0.6128636912211924,1.0,0.49397276479776114,0.7145078532568371,0.788624272626989,0.6884242574657713,0.5
