step,train_step_loss,train_acc,train_loss,val_acc,val_loss,avg_intra_expert_coherence,expert_diversity_e0,expert_diversity_e1,expert_diversity_e2,expert_diversity_e3,expert_diversity_mean,expert_purity_e0,expert_purity_e1,expert_purity_e2,expert_purity_e3,expert_purity_mean,inter_expert_similarity,inter_expert_similarity_e0_e0,inter_expert_similarity_e0_e1,inter_expert_similarity_e0_e2,inter_expert_similarity_e0_e3,inter_expert_similarity_e1_e0,inter_expert_similarity_e1_e1,inter_expert_similarity_e1_e2,inter_expert_similarity_e1_e3,inter_expert_similarity_e2_e0,inter_expert_similarity_e2_e1,inter_expert_similarity_e2_e2,inter_expert_similarity_e2_e3,inter_expert_similarity_e3_e0,inter_expert_similarity_e3_e1,inter_expert_similarity_e3_e2,inter_expert_similarity_e3_e3,intra_expert_coherence_e0,intra_expert_coherence_e1,intra_expert_coherence_e2,intra_expert_coherence_e3,load_cv,load_max_min_ratio,overall_task_conflict_cos,router_entropy,router_load_e0,router_load_e1,router_load_e2,router_load_e3,task_acc__glue_mrpc,task_conflict_t0_t0,task_grad_norm_cv,task_loss__glue_mrpc,utilization_ratio
50.0,0.5227328836917877,0.7516357688113413,0.47696593326071035,0.7279411764705882,0.4950382508910619,1.0,0.0,0.0,0.0,0.0,0.0,1.0,1.0,1.0,1.0,1.0,-0.02238265264926058,1.0,0.06603792484996196,-0.16708275484087923,0.3073855346400491,0.06603792484996196,1.0,-0.03158721620192693,-0.2528848773642058,-0.16708275484087923,-0.03158721620192693,1.0,-0.05616452697856259,0.3073855346400491,-0.2528848773642058,-0.05616452697856259,1.0,1.0,1.0,1.0,1.0,0.12040717872423999,1.3652711626840257,1.0,1.367949221648422,0.2935265302658081,0.23043793439865112,0.26104044914245605,0.21499504148960114,0.7279411764705882,1.0,0.0,0.4950382508910619,1.0
100.0,0.33533021807670593,0.8369683751363141,0.35605803974296735,0.7916666666666666,0.3935417835242473,1.0,0.0,0.0,0.0,0.0,0.0,1.0,1.0,1.0,1.0,1.0,0.05747082228430292,1.0,0.01683332516010995,0.009329501485697167,0.11398415787111657,0.01683332516010995,1.0,0.14558293858691682,0.0024188471742609538,0.009329501485697167,0.14558293858691682,1.0,0.0566761634277161,0.11398415787111657,0.0024188471742609538,0.0566761634277161,1.0,1.0,1.0,1.0,1.0,0.10768669740478382,1.3594817967542525,1.0,1.3587953787223965,0.251522958278656,0.28279823064804077,0.2576596140861511,0.20801913738250732,0.7916666666666666,1.0,0.0,0.3935417835242473,1.0
