step,train_step_loss,train_acc,train_loss,val_acc,val_loss,avg_intra_expert_coherence,expert_diversity_e0,expert_diversity_e1,expert_diversity_e2,expert_diversity_e3,expert_diversity_mean,expert_purity_e0,expert_purity_e1,expert_purity_e2,expert_purity_e3,expert_purity_mean,inter_expert_similarity,inter_expert_similarity_e0_e0,inter_expert_similarity_e0_e1,inter_expert_similarity_e0_e2,inter_expert_similarity_e0_e3,inter_expert_similarity_e1_e0,inter_expert_similarity_e1_e1,inter_expert_similarity_e1_e2,inter_expert_similarity_e1_e3,inter_expert_similarity_e2_e0,inter_expert_similarity_e2_e1,inter_expert_similarity_e2_e2,inter_expert_similarity_e2_e3,inter_expert_similarity_e3_e0,inter_expert_similarity_e3_e1,inter_expert_similarity_e3_e2,inter_expert_similarity_e3_e3,intra_expert_coherence_e0,intra_expert_coherence_e1,intra_expert_coherence_e2,intra_expert_coherence_e3,load_cv,load_max_min_ratio,overall_task_conflict_cos,router_entropy,router_load_e0,router_load_e1,router_load_e2,router_load_e3,task_acc__glue_rte,task_conflict_t0_t0,task_grad_norm_cv,task_loss__glue_rte,utilization_ratio
50.0,0.6153705418109894,0.5016064257028112,0.6940550592274237,0.5270758122743683,0.6894623438517252,1.0,0.0,0.0,0.0,0.0,0.0,1.0,1.0,1.0,1.0,1.0,-0.021995542314433042,1.0,0.0,-0.13197325388659825,0.0,0.0,1.0,0.0,0.0,-0.13197325388659825,0.0,1.0,0.0,0.0,0.0,0.0,1.0,1.0,1.0,1.0,1.0,1.0147560817294023,560961127281.189,1.0,0.6853006385293678,0.560961127281189,0.0,0.4390389621257782,0.0,0.5270758122743683,1.0,0.0,0.6894623438517252,0.5
100.0,0.662580132484436,0.6349397590361445,0.6372109547066384,0.5812274368231047,0.6689725601010852,1.0,0.0,0.0,0.0,0.0,0.0,1.0,1.0,1.0,1.0,1.0,-0.04178648168516345,1.0,0.0,-0.2507188901109807,0.0,0.0,1.0,0.0,0.0,-0.2507188901109807,0.0,1.0,0.0,0.0,0.0,0.0,1.0,1.0,1.0,1.0,1.0,1.0136847496032715,572403967380.5237,1.0,0.6815762209978344,0.5724039673805237,0.0,0.4233495891094208,0.004246521275490522,0.5812274368231047,1.0,0.0,0.6689725601010852,0.5
150.0,0.6002779901027679,0.7032128514056225,0.6037478432059288,0.6534296028880866,0.6297929212450981,1.0,0.0,0.0,0.0,0.0,0.0,1.0,1.0,1.0,1.0,1.0,-0.07833455087885319,1.0,0.0,-0.4700073052731191,0.0,0.0,1.0,0.0,0.0,-0.4700073052731191,0.0,1.0,0.0,0.0,0.0,0.0,1.0,1.0,1.0,1.0,1.0,1.0058190822601318,546272933483.1238,1.0,0.6882919800410632,0.5462729334831238,0.0,0.45221856236457825,0.001508518005721271,0.6534296028880866,1.0,0.0,0.6297929212450981,0.5
