step,train_step_loss,train_acc,train_loss,val_acc,val_loss,avg_intra_expert_coherence,expert_diversity_e0,expert_diversity_e1,expert_diversity_e2,expert_diversity_e3,expert_diversity_mean,expert_purity_e0,expert_purity_e1,expert_purity_e2,expert_purity_e3,expert_purity_mean,inter_expert_similarity,inter_expert_similarity_e0_e0,inter_expert_similarity_e0_e1,inter_expert_similarity_e0_e2,inter_expert_similarity_e0_e3,inter_expert_similarity_e1_e0,inter_expert_similarity_e1_e1,inter_expert_similarity_e1_e2,inter_expert_similarity_e1_e3,inter_expert_similarity_e2_e0,inter_expert_similarity_e2_e1,inter_expert_similarity_e2_e2,inter_expert_similarity_e2_e3,inter_expert_similarity_e3_e0,inter_expert_similarity_e3_e1,inter_expert_similarity_e3_e2,inter_expert_similarity_e3_e3,intra_expert_coherence_e0,intra_expert_coherence_e1,intra_expert_coherence_e2,intra_expert_coherence_e3,load_cv,load_max_min_ratio,overall_task_conflict_cos,router_entropy,router_load_e0,router_load_e1,router_load_e2,router_load_e3,task_acc__glue_rte,task_conflict_t0_t0,task_grad_norm_cv,task_loss__glue_rte,utilization_ratio
50.0,0.5360825955867767,0.5136546184738956,0.6923918980627488,0.5270758122743683,0.6788807701733377,1.0,0.0,0.0,0.0,0.0,0.0,1.0,1.0,1.0,1.0,1.0,0.0033806316575273987,1.0,0.0,0.02028378994516439,0.0,0.0,1.0,0.0,0.0,0.02028378994516439,0.0,1.0,0.0,0.0,0.0,0.0,1.0,1.0,1.0,1.0,1.0,1.039236788658713,600008130073.5474,1.0,0.6624333471167388,0.3999917805194855,0.0,0.6000081300735474,0.0,0.5270758122743683,1.0,0.0,0.6788807701733377,0.5
100.0,0.660649836063385,0.6710843373493975,0.6188263613635149,0.6209386281588448,0.6488719764682982,1.0,0.0,0.0,0.0,0.0,0.0,1.0,1.0,1.0,1.0,1.0,0.005751284386537364,1.0,0.0,0.03450770631922419,0.0,0.0,1.0,0.0,0.0,0.03450770631922419,0.0,1.0,0.0,0.0,0.0,0.0,1.0,1.0,1.0,1.0,1.0,1.0026673075357309,547493577003.479,1.0,0.6823171192127875,0.547493577003479,0.0035367924720048904,0.44896969199180603,0.0,0.6209386281588448,1.0,0.0,0.6488719764682982,0.5
150.0,0.6214005947113037,0.7433734939759036,0.5917944111503087,0.7184115523465704,0.616750611199273,1.0,0.0,0.0,0.0,0.0,0.0,1.0,1.0,1.0,1.0,1.0,9.4218667876962e-05,1.0,0.0,0.000565312007261772,0.0,0.0,1.0,0.0,0.0,0.000565312007261772,0.0,1.0,0.0,0.0,0.0,0.0,1.0,1.0,1.0,1.0,1.0,1.0271430015563965,631391763687.1338,1.0,0.6558234665798366,0.6313917636871338,0.030739590525627136,0.3378686308860779,0.0,0.7184115523465704,1.0,0.0,0.616750611199273,0.5
