step,train_step_loss,train_acc,train_loss,val_acc,val_loss,alignment_reward,l_conflict,l_conflict_e0,l_conflict_e1,l_conflict_e2,l_conflict_e3,router_conflict_grad_l2,router_entropy,router_load_e0,router_load_e1,router_load_e2,router_load_e3
30.0,1.1072095284859342,0.3270670572916667,1.1119685769081116,0.33203125,1.117817223072052,0.002697200048714876,-0.002697200048714876,-0.000623307132627815,-0.0006360786501318216,-0.0007661898271180689,-0.0006716244970448315,0.0,1.3800002858042717,0.23601962625980377,0.23621435463428497,0.28061771392822266,0.24714821577072144
60.0,1.1204080233971283,0.3273111979166667,1.1007704039414723,0.33203125,1.106146531800429,0.002391569782048464,-0.002391569782048464,-0.0005433721235021949,-0.0005678320885635912,-0.0006314041092991829,-0.0006489614024758339,0.0,1.3790808469057083,0.2249690443277359,0.23417367041110992,0.2678714692592621,0.2729857563972473
90.0,1.0888184358676278,0.3746744791666667,1.0900017966826756,0.3444010416666667,1.100861889620622,0.0015418061520904303,-0.0015418061520904303,-0.000341078412020579,-0.0003721520188264549,-0.0004345009510871023,-0.0003940747701562941,0.0,1.3790847435593605,0.22379539906978607,0.237702414393425,0.27734389901161194,0.2611583173274994
100.0,1.095650027195613,0.3924153645833333,1.0899624203642209,0.3414713541666667,1.1053177267313004,0.0017194545362144709,-0.0017194545362144709,-0.0003882331366185099,-0.0004112296155653894,-0.0004937100457027555,-0.00042628173832781613,0.0,1.3783841008941333,0.21923552453517914,0.24244241416454315,0.2816982567310333,0.2566238343715668
