step,train_step_loss,train_acc,train_loss,val_acc,val_loss,alignment_reward,l_conflict,l_conflict_e0,l_conflict_e1,l_conflict_e2,l_conflict_e3,router_conflict_grad_l2,router_entropy,router_load_e0,router_load_e1,router_load_e2,router_load_e3
30.0,1.120039915045103,0.3424479166666667,1.1008506150295336,0.32421875,1.1045601988832157,0.00353818666189909,-0.00353818666189909,-0.0008284177747555077,-0.0007397361914627254,-0.0009454727405682206,-0.001024559955112636,0.0,1.3726828868190448,0.2344709187746048,0.20482295751571655,0.2621348202228546,0.29857125878334045
60.0,1.1163659840822227,0.344970703125,1.1011653846750658,0.3304036458333333,1.1121719901760418,0.0028597544878721237,-0.0028597544878721237,-0.0007409182726405561,-0.0005754081066697836,-0.0007528327987529337,-0.0007905951933935285,0.0,1.3735185811916988,0.2507460415363312,0.19705669581890106,0.2710398733615875,0.28115734457969666
90.0,1.1052428881327319,0.37255859375,1.096367680778106,0.341796875,1.1099896704157193,0.0013538164785131812,-0.0013538164785131812,-0.00034720308030955493,-0.00028042393387295306,-0.0003616528701968491,-0.00036453656502999365,0.0,1.3758216500282288,0.25358185172080994,0.20385386049747467,0.26576992869377136,0.2767944037914276
100.0,1.095334683855375,0.3645833333333333,1.0942059153070052,0.3427734375,1.1027587999900181,0.0014659573789685965,-0.0014659573789685965,-0.0003511129762046039,-0.0003431270888540894,-0.0003824404557235539,-0.0003892768290825188,0.0,1.3797996491193771,0.24606437981128693,0.2229255884885788,0.26468992233276367,0.2663200795650482
