step,train_step_loss,train_acc,train_loss,val_acc,val_loss,alignment_reward,l_conflict,l_conflict_e0,l_conflict_e1,l_conflict_e2,l_conflict_e3,router_conflict_grad_l2,router_entropy,router_load_e0,router_load_e1,router_load_e2,router_load_e3
30.0,1.1131466627120976,0.35546875,1.1023427012066047,0.3388671875,1.1059394876162212,0.0036683999933302402,-0.0036683999933302402,-0.0009015022660605609,-0.001052832929417491,-0.000919751706533134,-0.0007943130913190544,0.0,1.3789047971367836,0.24881939589977264,0.2844076454639435,0.2426251620054245,0.2241477370262146
60.0,1.1031525135040288,0.3672688802083333,1.0949958314498265,0.3369140625,1.100386309127013,0.0023664087057113647,-0.0023664087057113647,-0.0005263897473923862,-0.0006498845759779215,-0.0006792635540477931,-0.0005108707118779421,0.0,1.3760586952169735,0.23215991258621216,0.2779749929904938,0.2773546278476715,0.21251046657562256
90.0,1.0980850333968806,0.337646484375,1.0987771432846785,0.333984375,1.1086342930793762,0.0020680034067481756,-0.0020680034067481756,-0.0005194201366975904,-0.0005561228608712554,-0.0005534538649953902,-0.0004390064859762788,0.0,1.3774405966202419,0.241323783993721,0.27657467126846313,0.2688113749027252,0.21329019963741302
100.0,1.0969990541537606,0.379150390625,1.0912890148659546,0.3264973958333333,1.101702595750491,0.0021820494439452887,-0.0021820494439452887,-0.0004746926133520901,-0.0006366493180394173,-0.000576680526137352,-0.0004940271028317511,0.0,1.3740275998910267,0.21265466511249542,0.29900112748146057,0.2593178451061249,0.22902631759643555
