step,train_step_loss,train_acc,train_loss,val_acc,val_loss,alignment_reward,l_conflict,l_conflict_e0,l_conflict_e1,l_conflict_e2,l_conflict_e3,router_conflict_grad_l2,router_entropy,router_load_e0,router_load_e1,router_load_e2,router_load_e3
30.0,0.6783338387807212,0.625745881252294,0.690548570308601,0.6160076283075439,0.6907702272748448,0.04365743324160576,-0.04365743324160576,-0.0,-0.02242756076157093,-0.021229872480034828,-0.0,0.0,0.6886001229286194,0.0,0.5476455092430115,0.45235446095466614,0.0
50.0,0.6268870433171592,0.625745881252294,0.6633479386165028,0.6160076283075439,0.669871383003573,0.01453448086977005,-0.01453448086977005,-0.0,-0.010211793705821037,-0.0043226866982877254,-0.0,0.0,0.605973654323154,0.0,0.705682098865509,0.29431912302970886,0.0
