step,train_step_loss,train_acc,train_loss,val_acc,val_loss,alignment_reward,l_conflict,l_conflict_e0,l_conflict_e1,l_conflict_e2,l_conflict_e3,router_conflict_grad_l2,router_entropy,router_load_e0,router_load_e1,router_load_e2,router_load_e3
30.0,0.6854101220766704,0.625745881252294,0.6817242252517371,0.6160076283075439,0.6828548993382286,0.07532255351543427,-0.07532255351543427,-0.034848958253860474,-0.0,-0.0,-0.04047359898686409,0.0,0.6904950315753619,0.46360066533088684,0.0,0.0,0.5363994836807251
50.0,0.6321331957976024,0.625745881252294,0.6677978614105372,0.6160076283075439,0.6760197148487147,0.013856460340321064,-0.013856460340321064,-0.005115884356200695,-0.0,-0.0,-0.008740575984120369,0.0,0.6458790702400384,0.3474901616573334,0.0,0.0,0.6525099873542786
