step,train_step_loss,train_acc,train_loss,val_acc,val_loss,avg_intra_expert_coherence,expert_diversity_e0,expert_diversity_e1,expert_diversity_e2,expert_diversity_e3,expert_diversity_mean,expert_purity_e0,expert_purity_e1,expert_purity_e2,expert_purity_e3,expert_purity_mean,inter_expert_similarity,inter_expert_similarity_e0_e0,inter_expert_similarity_e0_e1,inter_expert_similarity_e0_e2,inter_expert_similarity_e0_e3,inter_expert_similarity_e1_e0,inter_expert_similarity_e1_e1,inter_expert_similarity_e1_e2,inter_expert_similarity_e1_e3,inter_expert_similarity_e2_e0,inter_expert_similarity_e2_e1,inter_expert_similarity_e2_e2,inter_expert_similarity_e2_e3,inter_expert_similarity_e3_e0,inter_expert_similarity_e3_e1,inter_expert_similarity_e3_e2,inter_expert_similarity_e3_e3,intra_expert_coherence_e0,intra_expert_coherence_e1,intra_expert_coherence_e2,intra_expert_coherence_e3,load_cv,load_max_min_ratio,overall_task_conflict_cos,router_entropy,router_load_e0,router_load_e1,router_load_e2,router_load_e3,task_acc__glue_rte,task_conflict_t0_t0,task_grad_norm_cv,task_loss__glue_rte,utilization_ratio
50.0,0.6450420618057251,0.5016064257028112,0.6967955995064515,0.5270758122743683,0.6904456267754236,1.0,0.0,0.0,0.0,0.0,0.0,1.0,1.0,1.0,1.0,1.0,-0.02033854933789948,1.0,0.0,-0.12203129602739689,0.0,0.0,1.0,0.0,0.0,-0.12203129602739689,0.0,1.0,0.0,0.0,0.0,0.0,1.0,1.0,1.0,1.0,1.0,1.0377624034881592,598075687885.2844,1.0,0.6737842559814453,0.5980756878852844,0.0,0.4019243121147156,0.0,0.5270758122743683,1.0,0.0,0.6904456267754236,0.5
100.0,0.7444961071014404,0.4983935742971888,0.7156569120975641,0.4729241877256318,0.730580617984136,1.0,0.0,0.0,0.0,0.0,0.0,1.0,1.0,1.0,1.0,1.0,0.0035887311246710625,1.0,0.0,0.021532386748026374,0.0,0.0,1.0,0.0,0.0,0.021532386748026374,0.0,1.0,0.0,0.0,0.0,0.0,1.0,1.0,1.0,1.0,1.0,1.0010200143468388,515972971916.1987,1.0,0.6926368995694047,0.5159729719161987,0.0,0.4840269684791565,0.0,0.4729241877256318,1.0,0.0,0.730580617984136,0.5
150.0,0.7020780146121979,0.5016064257028112,0.694119120370119,0.5270758122743683,0.6907146092918184,1.0,0.0,0.0,0.0,0.0,0.0,1.0,1.0,1.0,1.0,1.0,-0.013823124252422466,1.0,0.0,-0.0829387455145348,0.0,0.0,1.0,0.0,0.0,-0.0829387455145348,0.0,1.0,0.0,0.0,0.0,0.0,1.0,1.0,1.0,1.0,1.0,1.0183126948252552,567971050739.2883,1.0,0.6838783907976391,0.4320288598537445,0.0,0.5679710507392883,0.0,0.5270758122743683,1.0,0.0,0.6907146092918184,0.5
