step,train_step_loss,train_acc,train_loss,val_acc,val_loss,avg_intra_expert_coherence,expert_diversity_e0,expert_diversity_e1,expert_diversity_e2,expert_diversity_e3,expert_diversity_mean,expert_purity_e0,expert_purity_e1,expert_purity_e2,expert_purity_e3,expert_purity_mean,inter_expert_similarity,inter_expert_similarity_e0_e0,inter_expert_similarity_e0_e1,inter_expert_similarity_e0_e2,inter_expert_similarity_e0_e3,inter_expert_similarity_e1_e0,inter_expert_similarity_e1_e1,inter_expert_similarity_e1_e2,inter_expert_similarity_e1_e3,inter_expert_similarity_e2_e0,inter_expert_similarity_e2_e1,inter_expert_similarity_e2_e2,inter_expert_similarity_e2_e3,inter_expert_similarity_e3_e0,inter_expert_similarity_e3_e1,inter_expert_similarity_e3_e2,inter_expert_similarity_e3_e3,intra_expert_coherence_e0,intra_expert_coherence_e1,intra_expert_coherence_e2,intra_expert_coherence_e3,load_cv,load_max_min_ratio,overall_task_conflict_cos,router_entropy,router_load_e0,router_load_e1,router_load_e2,router_load_e3,task_acc__glue_rte,task_conflict_t0_t0,task_grad_norm_cv,task_loss__glue_rte,utilization_ratio
50.0,0.688001811504364,0.4983935742971888,0.6972444779597796,0.4729241877256318,0.7035214503606161,1.0,0.0,0.0,0.0,0.0,0.0,1.0,1.0,1.0,1.0,1.0,-0.03040713637604762,1.0,0.0,0.0,0.0,0.0,1.0,0.0,0.0,0.0,0.0,1.0,-0.18244281825628572,0.0,0.0,-0.18244281825628572,1.0,1.0,1.0,1.0,1.0,1.005235195159912,536224603652.9541,1.0,0.6905203588602775,0.0,0.0,0.4637754261493683,0.5362246036529541,0.4729241877256318,1.0,0.0,0.7035214503606161,0.5
100.0,0.7195053696632385,0.4983935742971888,0.6933510054762547,0.4729241877256318,0.6945517708857855,1.0,0.0,0.0,0.0,0.0,0.0,1.0,1.0,1.0,1.0,1.0,-0.023337763608774,1.0,0.0,0.0,0.0,0.0,1.0,0.0,0.0,0.0,0.0,1.0,-0.140026581652644,0.0,0.0,-0.140026581652644,1.0,1.0,1.0,1.0,1.0,1.0071943998336792,542485952377.31934,1.0,0.6895327568054199,0.0,0.0,0.45751410722732544,0.5424859523773193,0.4729241877256318,1.0,0.0,0.6945517708857855,0.5
150.0,0.7472123503684998,0.4983935742971888,0.7015409901356086,0.4729241877256318,0.7105333589845233,1.0,0.0,0.0,0.0,0.0,0.0,1.0,1.0,1.0,1.0,1.0,0.016732443043559028,1.0,0.0,0.0,0.10039465826135417,0.0,1.0,0.0,0.0,0.0,0.0,1.0,0.0,0.10039465826135417,0.0,0.0,1.0,1.0,1.0,1.0,1.0,1.0078637599945068,544425904750.824,1.0,0.6891946792602539,0.455574095249176,0.0,0.0,0.544425904750824,0.4729241877256318,1.0,0.0,0.7105333589845233,0.5
