step,train_step_loss,train_acc,train_loss,val_acc,val_loss,avg_intra_expert_coherence,expert_diversity_e0,expert_diversity_e1,expert_diversity_e2,expert_diversity_e3,expert_diversity_mean,expert_purity_e0,expert_purity_e1,expert_purity_e2,expert_purity_e3,expert_purity_mean,inter_expert_similarity,inter_expert_similarity_e0_e0,inter_expert_similarity_e0_e1,inter_expert_similarity_e0_e2,inter_expert_similarity_e0_e3,inter_expert_similarity_e1_e0,inter_expert_similarity_e1_e1,inter_expert_similarity_e1_e2,inter_expert_similarity_e1_e3,inter_expert_similarity_e2_e0,inter_expert_similarity_e2_e1,inter_expert_similarity_e2_e2,inter_expert_similarity_e2_e3,inter_expert_similarity_e3_e0,inter_expert_similarity_e3_e1,inter_expert_similarity_e3_e2,inter_expert_similarity_e3_e3,intra_expert_coherence_e0,intra_expert_coherence_e1,intra_expert_coherence_e2,intra_expert_coherence_e3,load_cv,load_max_min_ratio,overall_task_conflict_cos,router_entropy,router_load_e0,router_load_e1,router_load_e2,router_load_e3,task_acc__glue_rte,task_conflict_t0_t0,task_grad_norm_cv,task_loss__glue_rte,utilization_ratio
50.0,0.579790323972702,0.5542168674698795,0.6723617426095865,0.5523465703971119,0.6739180237054825,1.0,0.0,0.0,0.0,0.0,0.0,1.0,1.0,1.0,1.0,1.0,0.003313709157674009,1.0,0.0,0.0,0.0,0.0,1.0,0.0,0.019882254946044054,0.0,0.0,1.0,0.0,0.0,0.019882254946044054,0.0,1.0,1.0,1.0,1.0,1.0,1.0056906938552856,553178846836.0901,1.0,0.6869705368895823,0.0,0.5531788468360901,0.003158389590680599,0.44366276264190674,0.5523465703971119,1.0,0.0,0.6739180237054825,0.5
100.0,0.670586109161377,0.6473895582329318,0.6458314585762146,0.5812274368231047,0.6771540194749832,1.0,0.0,0.0,0.0,0.0,0.0,1.0,1.0,1.0,1.0,1.0,0.00976443733564856,1.0,0.0,0.0,0.0,0.0,1.0,0.0,0.058586624013891364,0.0,0.0,1.0,0.0,0.0,0.058586624013891364,0.0,1.0,1.0,1.0,1.0,1.0,1.0066174868713311,555163502693.1763,1.0,0.6866437726072456,0.0,0.5551635026931763,0.0031314303632825613,0.44170498847961426,0.5812274368231047,1.0,0.0,0.6771540194749832,0.5
150.0,0.6848944425582886,0.6614457831325301,0.6251122598846753,0.5956678700361011,0.6535405740141869,1.0,0.0,0.0,0.0,0.0,0.0,1.0,1.0,1.0,1.0,1.0,0.04148355498300154,1.0,0.0,0.0,0.0,0.0,1.0,0.0,0.24890132989800925,0.0,0.0,1.0,0.0,0.0,0.24890132989800925,0.0,1.0,1.0,1.0,1.0,1.0,1.009627283193307,555701613426.2085,1.0,0.6865724157340259,0.0,0.5557016134262085,0.001545460894703865,0.4427528381347656,0.5956678700361011,1.0,0.0,0.6535405740141869,0.5
