step,train_step_loss,train_acc,train_loss,val_acc,val_loss,avg_intra_expert_coherence,expert_diversity_e0,expert_diversity_e1,expert_diversity_e2,expert_diversity_e3,expert_diversity_mean,expert_purity_e0,expert_purity_e1,expert_purity_e2,expert_purity_e3,expert_purity_mean,inter_expert_similarity,inter_expert_similarity_e0_e0,inter_expert_similarity_e0_e1,inter_expert_similarity_e0_e2,inter_expert_similarity_e0_e3,inter_expert_similarity_e1_e0,inter_expert_similarity_e1_e1,inter_expert_similarity_e1_e2,inter_expert_similarity_e1_e3,inter_expert_similarity_e2_e0,inter_expert_similarity_e2_e1,inter_expert_similarity_e2_e2,inter_expert_similarity_e2_e3,inter_expert_similarity_e3_e0,inter_expert_similarity_e3_e1,inter_expert_similarity_e3_e2,inter_expert_similarity_e3_e3,intra_expert_coherence_e0,intra_expert_coherence_e1,intra_expert_coherence_e2,intra_expert_coherence_e3,load_cv,load_max_min_ratio,overall_task_conflict_cos,router_entropy,router_load_e0,router_load_e1,router_load_e2,router_load_e3,task_acc__glue_mrpc,task_conflict_t0_t0,task_grad_norm_cv,task_loss__glue_mrpc,utilization_ratio
50.0,0.5732285380363464,0.7322791712104689,0.5575276436527138,0.7328431372549019,0.5568806368571061,1.0,0.0,0.0,0.0,0.0,0.0,1.0,1.0,1.0,1.0,1.0,0.04214605753721612,1.0,0.0,0.0,0.0,0.0,1.0,0.0,0.2528763452232967,0.0,0.0,1.0,0.0,0.0,0.2528763452232967,0.0,1.0,1.0,1.0,1.0,1.0,1.0008134841918945,330.16873502909004,1.0,0.6720198801919526,0.01870209537446499,0.5905881524085999,0.0017887464491650462,0.38892099261283875,0.7328431372549019,1.0,0.0,0.5568806368571061,0.5
100.0,0.5935267060995102,0.8301526717557252,0.386047699286238,0.8333333333333334,0.39131902588101536,1.0,0.0,0.0,0.0,0.0,0.0,1.0,1.0,1.0,1.0,1.0,0.030630896251320816,1.0,0.0,0.0,0.0,0.0,1.0,0.0,0.1837853775079249,0.0,0.0,1.0,0.0,0.0,0.1837853775079249,0.0,1.0,1.0,1.0,1.0,1.0,0.9908329248428345,497927993535.9955,1.0,0.6904332813094644,0.004594303667545319,0.4974777102470398,0.0,0.4979279935359955,0.8333333333333334,1.0,0.0,0.39131902588101536,0.5
150.0,0.8194903135299683,0.8617775354416576,0.34955303611071864,0.875,0.36233975736495966,1.0,0.0,0.0,0.0,0.0,0.0,1.0,1.0,1.0,1.0,1.0,-0.014937796589776772,1.0,0.0,0.0,0.0,0.0,1.0,0.0,-0.08962677953866063,0.0,0.0,1.0,0.0,0.0,-0.08962677953866063,0.0,1.0,1.0,1.0,1.0,1.0,0.9736234545707703,148.04252224057294,1.0,0.6894981171570572,0.009995236992835999,0.483945369720459,0.0033954030368477106,0.5026640295982361,0.875,1.0,0.0,0.36233975736495966,0.5
