step,train_step_loss,train_acc,train_loss,val_acc,val_loss,avg_intra_expert_coherence,expert_diversity_e0,expert_diversity_e1,expert_diversity_e2,expert_diversity_e3,expert_diversity_mean,expert_purity_e0,expert_purity_e1,expert_purity_e2,expert_purity_e3,expert_purity_mean,inter_expert_similarity,inter_expert_similarity_e0_e0,inter_expert_similarity_e0_e1,inter_expert_similarity_e0_e2,inter_expert_similarity_e0_e3,inter_expert_similarity_e1_e0,inter_expert_similarity_e1_e1,inter_expert_similarity_e1_e2,inter_expert_similarity_e1_e3,inter_expert_similarity_e2_e0,inter_expert_similarity_e2_e1,inter_expert_similarity_e2_e2,inter_expert_similarity_e2_e3,inter_expert_similarity_e3_e0,inter_expert_similarity_e3_e1,inter_expert_similarity_e3_e2,inter_expert_similarity_e3_e3,intra_expert_coherence_e0,intra_expert_coherence_e1,intra_expert_coherence_e2,intra_expert_coherence_e3,load_cv,load_max_min_ratio,overall_task_conflict_cos,router_entropy,router_load_e0,router_load_e1,router_load_e2,router_load_e3,task_acc__glue_mrpc,task_conflict_t0_t0,task_grad_norm_cv,task_loss__glue_mrpc,utilization_ratio
50.0,0.4732852131128311,0.7456379498364231,0.5081378137287886,0.7647058823529411,0.5019049766258552,1.0,0.0,0.0,0.0,0.0,0.0,1.0,1.0,1.0,1.0,1.0,0.07253096565923974,1.0,0.0,0.4351857939554384,0.0,0.0,1.0,0.0,0.0,0.4351857939554384,0.0,1.0,0.0,0.0,0.0,0.0,1.0,1.0,1.0,1.0,1.0,1.0012426377824113,517631471157.074,1.0,0.689130514275794,0.4823683798313141,0.0,0.517631471157074,0.0,0.7647058823529411,1.0,0.0,0.5019049766258552,0.5
100.0,0.5687803626060486,0.816793893129771,0.3912298557065103,0.8088235294117647,0.39920591935515404,1.0,0.0,0.0,0.0,0.0,0.0,1.0,1.0,1.0,1.0,1.0,0.03936586306448286,1.0,0.0,0.23619517838689716,0.0,0.0,1.0,0.0,0.0,0.23619517838689716,0.0,1.0,0.0,0.0,0.0,0.0,1.0,1.0,1.0,1.0,1.0,1.001096487045288,516561031341.55273,1.0,0.6829190207462684,0.5165610313415527,0.0,0.48343896865844727,0.0,0.8088235294117647,1.0,0.0,0.39920591935515404,0.5
150.0,0.46710583567619324,0.819247546346783,0.38708005302950094,0.8063725490196079,0.39686389969518554,1.0,0.0,0.0,0.0,0.0,0.0,1.0,1.0,1.0,1.0,1.0,0.036841637620672975,1.0,0.0,0.22104982572403784,0.0,0.0,1.0,0.0,0.0,0.22104982572403784,0.0,1.0,0.0,0.0,0.0,0.0,1.0,1.0,1.0,1.0,1.0,1.003167986869812,528164863586.4258,1.0,0.6871024685747483,0.5281648635864258,0.0,0.47183510661125183,0.0,0.8063725490196079,1.0,0.0,0.39686389969518554,0.5
