step,train_step_loss,train_acc,train_loss,val_acc,val_loss,avg_intra_expert_coherence,expert_diversity_e0,expert_diversity_e1,expert_diversity_e2,expert_diversity_e3,expert_diversity_mean,expert_purity_e0,expert_purity_e1,expert_purity_e2,expert_purity_e3,expert_purity_mean,inter_expert_similarity,inter_expert_similarity_e0_e0,inter_expert_similarity_e0_e1,inter_expert_similarity_e0_e2,inter_expert_similarity_e0_e3,inter_expert_similarity_e1_e0,inter_expert_similarity_e1_e1,inter_expert_similarity_e1_e2,inter_expert_similarity_e1_e3,inter_expert_similarity_e2_e0,inter_expert_similarity_e2_e1,inter_expert_similarity_e2_e2,inter_expert_similarity_e2_e3,inter_expert_similarity_e3_e0,inter_expert_similarity_e3_e1,inter_expert_similarity_e3_e2,inter_expert_similarity_e3_e3,intra_expert_coherence_e0,intra_expert_coherence_e1,intra_expert_coherence_e2,intra_expert_coherence_e3,load_cv,load_max_min_ratio,overall_task_conflict_cos,router_entropy,router_load_e0,router_load_e1,router_load_e2,router_load_e3,task_acc__glue_mrpc,task_conflict_t0_t0,task_grad_norm_cv,task_loss__glue_mrpc,utilization_ratio
50.0,0.48661984503269196,0.7709923664122137,0.477045203777759,0.7794117647058824,0.46243864785020167,1.0,0.0,0.0,0.0,0.0,0.0,1.0,1.0,1.0,1.0,1.0,0.01328792047455587,1.0,0.0,0.0,0.0,0.0,1.0,0.0,0.0,0.0,0.0,1.0,0.07972752284733522,0.0,0.0,0.07972752284733522,1.0,1.0,1.0,1.0,1.0,1.0338970382336332,592832624912.262,1.0,0.6735720622773264,0.0,0.0,0.4071674644947052,0.592832624912262,0.7794117647058824,1.0,0.0,0.46243864785020167,0.5
100.0,0.334218293428421,0.8129770992366412,0.39468112383847653,0.8235294117647058,0.3857310139215909,1.0,0.0,0.0,0.0,0.0,0.0,1.0,1.0,1.0,1.0,1.0,0.006860543112234553,1.0,0.0,0.0,0.0,0.0,1.0,0.0,0.0,0.0,0.0,1.0,0.04116325867340732,0.0,0.0,0.04116325867340732,1.0,1.0,1.0,1.0,1.0,1.0467071477523866,609313726425.1709,1.0,0.6647546396535986,0.0,0.0,0.39068636298179626,0.6093137264251709,0.8235294117647058,1.0,0.0,0.3857310139215909,0.5
150.0,0.5824260413646698,0.8410577971646674,0.3945180805804937,0.8357843137254902,0.4011428232949514,1.0,0.0,0.0,0.0,0.0,0.0,1.0,1.0,1.0,1.0,1.0,0.002877569960405217,1.0,0.0,0.0,0.0,0.0,1.0,0.0,0.0,0.0,0.0,1.0,0.017265419762431303,0.0,0.0,0.017265419762431303,1.0,1.0,1.0,1.0,1.0,1.0730993660569947,637632846832.2754,1.0,0.6517929528273788,0.0,0.0,0.3623672425746918,0.6376328468322754,0.8357843137254902,1.0,0.0,0.4011428232949514,0.5
