step,train_step_loss,train_acc,train_loss,val_acc,val_loss,avg_intra_expert_coherence,expert_diversity_e0,expert_diversity_e1,expert_diversity_e2,expert_diversity_e3,expert_diversity_mean,expert_purity_e0,expert_purity_e1,expert_purity_e2,expert_purity_e3,expert_purity_mean,inter_expert_similarity,inter_expert_similarity_e0_e0,inter_expert_similarity_e0_e1,inter_expert_similarity_e0_e2,inter_expert_similarity_e0_e3,inter_expert_similarity_e1_e0,inter_expert_similarity_e1_e1,inter_expert_similarity_e1_e2,inter_expert_similarity_e1_e3,inter_expert_similarity_e2_e0,inter_expert_similarity_e2_e1,inter_expert_similarity_e2_e2,inter_expert_similarity_e2_e3,inter_expert_similarity_e3_e0,inter_expert_similarity_e3_e1,inter_expert_similarity_e3_e2,inter_expert_similarity_e3_e3,intra_expert_coherence_e0,intra_expert_coherence_e1,intra_expert_coherence_e2,intra_expert_coherence_e3,load_cv,load_max_min_ratio,overall_task_conflict_cos,router_entropy,router_load_e0,router_load_e1,router_load_e2,router_load_e3,task_acc__glue_rte,task_conflict_t0_t0,task_grad_norm_cv,task_loss__glue_rte,utilization_ratio
50.0,0.6791425943374634,0.6044176706827309,0.6709127974433776,0.592057761732852,0.6798843228154712,1.0,0.0,0.0,0.0,0.0,0.0,1.0,1.0,1.0,1.0,1.0,0.012337291844166301,1.0,0.0,0.0,0.07402375106499781,0.0,1.0,0.0,0.0,0.0,0.0,1.0,0.0,0.07402375106499781,0.0,0.0,1.0,1.0,1.0,1.0,1.0,1.0025823119380846,525424182415.00854,1.0,0.6910306193768333,0.4745757281780243,0.0,0.0,0.5254241824150085,0.592057761732852,1.0,0.0,0.6798843228154712,0.5
100.0,0.7105783820152283,0.7004016064257028,0.5909996257760586,0.6534296028880866,0.6287368767791324,1.0,0.0,0.0,0.0,0.0,0.0,1.0,1.0,1.0,1.0,1.0,3.3699040477277716e-05,1.0,0.0,0.0,0.0002021942428636663,0.0,1.0,0.0,0.0,0.0,0.0,1.0,0.0,0.0002021942428636663,0.0,0.0,1.0,1.0,1.0,1.0,1.0,1.0065770149230957,540616035461.4258,1.0,0.6878341974334166,0.45938393473625183,0.0,0.0,0.5406160354614258,0.6534296028880866,1.0,0.0,0.6287368767791324,0.5
150.0,0.6201818585395813,0.7293172690763052,0.5550173680751751,0.6967509025270758,0.6025746299160851,1.0,0.0,0.0,0.0,0.0,0.0,1.0,1.0,1.0,1.0,1.0,-0.027059253770866154,1.0,0.0,0.0,-0.16235552262519692,0.0,1.0,0.0,0.0,0.0,0.0,1.0,0.0,-0.16235552262519692,0.0,0.0,1.0,1.0,1.0,1.0,1.0,1.0129573329737982,557099282741.5466,1.0,0.6837840157725751,0.4429008364677429,0.0,0.0,0.5570992827415466,0.6967509025270758,1.0,0.0,0.6025746299160851,0.5
