step,train_step_loss,train_acc,train_loss,val_acc,val_loss,router_entropy,router_load_e0,router_load_e1,router_load_e2,router_load_e3
30.0,0.6190297404925028,0.6746536728130241,0.6142807298080895,0.685500589966157,0.60232600048819,0.6707287283821238,0.5929750800132751,0.392089307308197,0.0011783050140365958,0.013757351785898209
50.0,0.5857795725266138,0.6856879730748796,0.565063630418892,0.688352014822033,0.5705622638851243,0.6541005867636867,0.6284043788909912,0.34925445914268494,0.0070967101491987705,0.015244501642882824
