step,train_step_loss,train_acc,train_loss,val_acc,val_loss,router_entropy,router_load_e0,router_load_e1,router_load_e2,router_load_e3
30.0,0.6742949436108271,0.6282415155769034,0.6234717632679248,0.602096962239293,0.6397742201994833,0.6784161356864152,0.1670498549938202,0.4700572192668915,0.3073372542858124,0.05555546283721924
50.0,0.7030130624771118,0.6858325141728127,0.5759584400194293,0.6716055759804629,0.5889236384758121,0.6649218895645054,0.19838744401931763,0.4011462926864624,0.35166698694229126,0.048799555748701096
