step,train_step_loss,train_acc,train_loss,val_acc,val_loss,avg_intra_expert_coherence,expert_diversity_e0,expert_diversity_e1,expert_diversity_e2,expert_diversity_e3,expert_diversity_mean,expert_purity_e0,expert_purity_e1,expert_purity_e2,expert_purity_e3,expert_purity_mean,inter_expert_similarity,inter_expert_similarity_e0_e0,inter_expert_similarity_e0_e1,inter_expert_similarity_e0_e2,inter_expert_similarity_e0_e3,inter_expert_similarity_e1_e0,inter_expert_similarity_e1_e1,inter_expert_similarity_e1_e2,inter_expert_similarity_e1_e3,inter_expert_similarity_e2_e0,inter_expert_similarity_e2_e1,inter_expert_similarity_e2_e2,inter_expert_similarity_e2_e3,inter_expert_similarity_e3_e0,inter_expert_similarity_e3_e1,inter_expert_similarity_e3_e2,inter_expert_similarity_e3_e3,intra_expert_coherence_e0,intra_expert_coherence_e1,intra_expert_coherence_e2,intra_expert_coherence_e3,load_cv,load_max_min_ratio,overall_task_conflict_cos,router_entropy,router_load_e0,router_load_e1,router_load_e2,router_load_e3,task_acc__glue_mrpc,task_conflict_t0_t0,task_grad_norm_cv,task_loss__glue_mrpc,utilization_ratio
50.0,0.4856506288051605,0.7486368593238822,0.5125654541603897,0.7745098039215687,0.503447850736288,1.0,0.0,0.0,0.0,0.0,0.0,1.0,1.0,1.0,1.0,1.0,0.002190956403169825,1.0,0.01314573841901895,0.0,0.0,0.01314573841901895,1.0,0.0,0.0,0.0,0.0,1.0,0.0,0.0,0.0,0.0,1.0,1.0,1.0,1.0,1.0,1.0756243467330933,640074908733.3679,1.0,0.645889116268532,0.3599250614643097,0.6400749087333679,0.0,0.0,0.7745098039215687,1.0,0.0,0.503447850736288,0.5
100.0,0.4763268232345581,0.8268811341330425,0.43547434891047687,0.7965686274509803,0.4524495338018124,1.0,0.0,0.0,0.0,0.0,0.0,1.0,1.0,1.0,1.0,1.0,0.0023849016119458825,1.0,0.014309409671675294,0.0,0.0,0.014309409671675294,1.0,0.0,0.0,0.0,0.0,1.0,0.0,0.0,0.0,0.0,1.0,1.0,1.0,1.0,1.0,1.1217339940705313,679682910442.3523,1.0,0.6079027828048257,0.3203173279762268,0.6796829104423523,0.0,0.0,0.7965686274509803,1.0,0.0,0.4524495338018124,0.5
150.0,0.7256655097007751,0.8407851690294439,0.3996410843308853,0.8406862745098039,0.433550246561376,1.0,0.0,0.0,0.0,0.0,0.0,1.0,1.0,1.0,1.0,1.0,0.014945295675005356,1.0,0.08967177405003214,0.0,0.0,0.08967177405003214,1.0,0.0,0.0,0.0,0.0,1.0,0.0,0.0,0.0,0.0,1.0,1.0,1.0,1.0,1.0,1.2074570655822754,739687085151.6724,1.0,0.5276687986710492,0.2595197856426239,0.7396870851516724,0.0,0.0007931222207844257,0.8406862745098039,1.0,0.0,0.433550246561376,0.5
