step,train_step_loss,train_acc,train_loss,val_acc,val_loss,avg_intra_expert_coherence,expert_diversity_e0,expert_diversity_e1,expert_diversity_e2,expert_diversity_e3,expert_diversity_mean,expert_purity_e0,expert_purity_e1,expert_purity_e2,expert_purity_e3,expert_purity_mean,inter_expert_similarity,inter_expert_similarity_e0_e0,inter_expert_similarity_e0_e1,inter_expert_similarity_e0_e2,inter_expert_similarity_e0_e3,inter_expert_similarity_e1_e0,inter_expert_similarity_e1_e1,inter_expert_similarity_e1_e2,inter_expert_similarity_e1_e3,inter_expert_similarity_e2_e0,inter_expert_similarity_e2_e1,inter_expert_similarity_e2_e2,inter_expert_similarity_e2_e3,inter_expert_similarity_e3_e0,inter_expert_similarity_e3_e1,inter_expert_similarity_e3_e2,inter_expert_similarity_e3_e3,intra_expert_coherence_e0,intra_expert_coherence_e1,intra_expert_coherence_e2,intra_expert_coherence_e3,load_cv,load_max_min_ratio,overall_task_conflict_cos,router_entropy,router_load_e0,router_load_e1,router_load_e2,router_load_e3,task_acc__glue_cola,task_acc__glue_mrpc,task_acc__glue_rte,task_conflict_t0_t0,task_conflict_t0_t1,task_conflict_t0_t2,task_conflict_t1_t0,task_conflict_t1_t1,task_conflict_t1_t2,task_conflict_t2_t0,task_conflict_t2_t1,task_conflict_t2_t2,task_grad_norm_cv,task_loss__glue_cola,task_loss__glue_mrpc,task_loss__glue_rte,utilization_ratio
1.0,0.7350959877173106,0.5590049207462101,0.685552896803637,0.5463057884053807,0.6861540970448012,-0.13412219793128038,0.8965691416983911,0.9202046739587588,0.9604146257937973,0.7687228429176413,0.8864778210921471,0.45603883266448975,0.4760131239891052,0.46892496943473816,0.6701403856277466,0.5177793279290199,-0.015568836362998837,1.0,-0.016279646902128457,0.008445556182842526,-0.00037880186825548927,-0.016279646902128457,1.0,-0.027680244608820365,0.00974455747565958,0.008445556182842526,-0.027680244608820365,1.0,-0.06726443845729083,-0.00037880186825548927,0.00974455747565958,-0.06726443845729083,1.0,-0.17490411776324397,-0.18056530900943665,1.4292938259330423e-06,-0.18102079424626685,0.5595442056655884,4.354930875013728,-0.14351122122960364,1.202934661742162,0.42545753717422485,0.3480190634727478,0.1288277804851532,0.09769558906555176,0.5158197507190796,0.6862745098039216,0.4368231046931408,1.0,0.13189887546602774,-0.5912061083156517,0.13189887546602774,1.0,0.028773569160813008,-0.5912061083156517,0.028773569160813008,1.0,0.38105964576504986,0.6957106098873924,0.6631350242624096,0.6996166569846017,0.75
