step,train_step_loss,train_acc,train_loss,val_acc,val_loss,avg_intra_expert_coherence,expert_diversity_e0,expert_diversity_e1,expert_diversity_e2,expert_diversity_e3,expert_diversity_mean,expert_purity_e0,expert_purity_e1,expert_purity_e2,expert_purity_e3,expert_purity_mean,inter_expert_similarity,inter_expert_similarity_e0_e0,inter_expert_similarity_e0_e1,inter_expert_similarity_e0_e2,inter_expert_similarity_e0_e3,inter_expert_similarity_e1_e0,inter_expert_similarity_e1_e1,inter_expert_similarity_e1_e2,inter_expert_similarity_e1_e3,inter_expert_similarity_e2_e0,inter_expert_similarity_e2_e1,inter_expert_similarity_e2_e2,inter_expert_similarity_e2_e3,inter_expert_similarity_e3_e0,inter_expert_similarity_e3_e1,inter_expert_similarity_e3_e2,inter_expert_similarity_e3_e3,intra_expert_coherence_e0,intra_expert_coherence_e1,intra_expert_coherence_e2,intra_expert_coherence_e3,load_cv,load_max_min_ratio,overall_task_conflict_cos,router_entropy,router_load_e0,router_load_e1,router_load_e2,router_load_e3,task_acc__glue_rte,task_conflict_t0_t0,task_grad_norm_cv,task_loss__glue_rte,utilization_ratio
50.0,0.6851968169212341,0.6096385542168675,0.6595725786991609,0.555956678700361,0.6800490766763687,1.0,0.0,0.0,0.0,0.0,0.0,1.0,1.0,1.0,1.0,1.0,-0.0426163439613374,1.0,0.0,0.0,-0.2556980637680244,0.0,1.0,0.0,0.0,0.0,0.0,1.0,0.0,-0.2556980637680244,0.0,0.0,1.0,1.0,1.0,1.0,1.0,1.0228476551589554,576007604598.999,1.0,0.681313407980578,0.4239922761917114,0.0,0.0,0.576007604598999,0.555956678700361,1.0,0.0,0.6800490766763687,0.5
100.0,0.6752930283546448,0.5811244979919679,0.8025239548908595,0.5776173285198556,0.811540289885468,1.0,0.0,0.0,0.0,0.0,0.0,1.0,1.0,1.0,1.0,1.0,-0.037457850613684035,1.0,0.0,0.0,-0.2247471036821042,0.0,1.0,0.0,0.0,0.0,0.0,1.0,0.0,-0.2247471036821042,0.0,0.0,1.0,1.0,1.0,1.0,1.0,0.9684129338510593,513812541961.6699,1.0,0.6911775205109524,0.469216912984848,0.016970491036772728,0.0,0.5138125419616699,0.5776173285198556,1.0,0.0,0.811540289885468,0.5
150.0,0.7561734318733215,0.4983935742971888,0.6965975432823865,0.4729241877256318,0.7021778209341897,1.0,0.0,0.0,0.0,0.0,0.0,1.0,1.0,1.0,1.0,1.0,0.03810365304034229,1.0,0.0,0.0,0.0,0.0,1.0,0.0,0.0,0.0,0.0,1.0,0.22862191824205375,0.0,0.0,0.22862191824205375,1.0,1.0,1.0,1.0,1.0,1.0177087783813477,566830992698.6694,1.0,0.6841875568624007,0.0,0.0,0.43316900730133057,0.5668309926986694,0.4729241877256318,1.0,0.0,0.7021778209341897,0.5
