step,train_step_loss,train_acc,train_loss,val_acc,val_loss,avg_intra_expert_coherence,expert_diversity_e0,expert_diversity_e1,expert_diversity_e2,expert_diversity_e3,expert_diversity_mean,expert_purity_e0,expert_purity_e1,expert_purity_e2,expert_purity_e3,expert_purity_mean,inter_expert_similarity,inter_expert_similarity_e0_e0,inter_expert_similarity_e0_e1,inter_expert_similarity_e0_e2,inter_expert_similarity_e0_e3,inter_expert_similarity_e1_e0,inter_expert_similarity_e1_e1,inter_expert_similarity_e1_e2,inter_expert_similarity_e1_e3,inter_expert_similarity_e2_e0,inter_expert_similarity_e2_e1,inter_expert_similarity_e2_e2,inter_expert_similarity_e2_e3,inter_expert_similarity_e3_e0,inter_expert_similarity_e3_e1,inter_expert_similarity_e3_e2,inter_expert_similarity_e3_e3,intra_expert_coherence_e0,intra_expert_coherence_e1,intra_expert_coherence_e2,intra_expert_coherence_e3,load_cv,load_max_min_ratio,overall_task_conflict_cos,router_entropy,router_load_e0,router_load_e1,router_load_e2,router_load_e3,task_acc__glue_rte,task_conflict_t0_t0,task_grad_norm_cv,task_loss__glue_rte,utilization_ratio
50.0,0.6105640530586243,0.6265060240963856,0.6566896578440299,0.5884476534296029,0.6723235249519348,1.0,0.0,0.0,0.0,0.0,0.0,1.0,1.0,1.0,1.0,1.0,-0.02008093793087632,1.0,-0.12048562758525792,0.0,0.0,-0.12048562758525792,1.0,0.0,0.0,0.0,0.0,1.0,0.0,0.0,0.0,0.0,1.0,1.0,1.0,1.0,1.0,1.0009441375732422,515366315841.6748,1.0,0.690851773595982,0.5153663158416748,0.48463374376296997,0.0,0.0,0.5884476534296029,1.0,0.0,0.6723235249519348,0.5
100.0,0.57550048828125,0.7337349397590361,0.5610376450686883,0.6714801444043321,0.596533810098966,1.0,0.0,0.0,0.0,0.0,0.0,1.0,1.0,1.0,1.0,1.0,-0.030321627438736124,1.0,-0.18192976463241675,0.0,0.0,-0.18192976463241675,1.0,0.0,0.0,0.0,0.0,1.0,0.0,0.0,0.0,0.0,1.0,1.0,1.0,1.0,1.0,1.0000081062316895,501429617404.93774,1.0,0.6915874593094368,0.49857035279273987,0.5014296174049377,0.0,0.0,0.6714801444043321,1.0,0.0,0.596533810098966,0.5
150.0,0.730901837348938,0.5578313253012048,0.617315446661833,0.5342960288808665,0.6401504112614526,1.0,0.0,0.0,0.0,0.0,0.0,1.0,1.0,1.0,1.0,1.0,-0.02260340602567995,1.0,-0.1356204361540797,0.0,0.0,-0.1356204361540797,1.0,0.0,0.0,0.0,0.0,1.0,0.0,0.0,0.0,0.0,1.0,1.0,1.0,1.0,1.0,1.0010583400726318,516269743442.5354,1.0,0.691943134211461,0.483730286359787,0.5162697434425354,0.0,0.0,0.5342960288808665,1.0,0.0,0.6401504112614526,0.5
