step,train_step_loss,train_acc,train_loss,val_acc,val_loss,avg_intra_expert_coherence,expert_diversity_e0,expert_diversity_e1,expert_diversity_e2,expert_diversity_e3,expert_diversity_mean,expert_purity_e0,expert_purity_e1,expert_purity_e2,expert_purity_e3,expert_purity_mean,inter_expert_similarity,inter_expert_similarity_e0_e0,inter_expert_similarity_e0_e1,inter_expert_similarity_e0_e2,inter_expert_similarity_e0_e3,inter_expert_similarity_e1_e0,inter_expert_similarity_e1_e1,inter_expert_similarity_e1_e2,inter_expert_similarity_e1_e3,inter_expert_similarity_e2_e0,inter_expert_similarity_e2_e1,inter_expert_similarity_e2_e2,inter_expert_similarity_e2_e3,inter_expert_similarity_e3_e0,inter_expert_similarity_e3_e1,inter_expert_similarity_e3_e2,inter_expert_similarity_e3_e3,intra_expert_coherence_e0,intra_expert_coherence_e1,intra_expert_coherence_e2,intra_expert_coherence_e3,load_cv,load_max_min_ratio,overall_task_conflict_cos,router_entropy,router_load_e0,router_load_e1,router_load_e2,router_load_e3,task_acc__glue_cola,task_acc__glue_mrpc,task_acc__glue_rte,task_conflict_t0_t0,task_conflict_t0_t1,task_conflict_t0_t2,task_conflict_t1_t0,task_conflict_t1_t1,task_conflict_t1_t2,task_conflict_t2_t0,task_conflict_t2_t1,task_conflict_t2_t2,task_grad_norm_cv,task_loss__glue_cola,task_loss__glue_mrpc,task_loss__glue_rte,utilization_ratio
1.0,0.574528810257713,0.6211152139214852,1.0411454718514361,0.6094716805951255,1.0766887707975987,0.9767475254277058,0.5797572393929227,0.729388287194596,0.8973351607690595,0.3452814820328678,0.6379405423473615,0.7469531893730164,0.5814447402954102,0.4612342417240143,0.8745353817939758,0.6660418882966042,0.07711064396411939,1.0,-0.279621398380989,0.05413950058413795,0.03427786263428868,-0.279621398380989,1.0,-0.1809676636953989,0.42971231277404587,0.05413950058413795,-0.1809676636953989,1.0,0.4051232498686317,0.03427786263428868,0.42971231277404587,0.4051232498686317,1.0,0.9810531920984764,0.9710995190926773,0.9860475896758545,0.9687898008438148,1.6509479076235238,152.13447295840405,0.9831200712705518,0.11291652067006065,0.01902381144464016,0.00979787576943636,0.9648362398147583,0.006341996137052774,0.6912751677852349,0.6642156862745098,0.4729241877256318,1.0,0.9824900969492527,0.9961588207692937,0.9824900969492527,1.0,0.9707112960931091,0.9961588207692937,0.9707112960931091,1.0,0.4200721868067817,1.1148169180449412,0.6854264427926026,1.429822951555252,0.25
