step,train_step_loss,train_acc,train_loss,val_acc,val_loss,avg_intra_expert_coherence,expert_diversity_e0,expert_diversity_e1,expert_diversity_e2,expert_diversity_e3,expert_diversity_mean,expert_purity_e0,expert_purity_e1,expert_purity_e2,expert_purity_e3,expert_purity_mean,inter_expert_similarity,inter_expert_similarity_e0_e0,inter_expert_similarity_e0_e1,inter_expert_similarity_e0_e2,inter_expert_similarity_e0_e3,inter_expert_similarity_e1_e0,inter_expert_similarity_e1_e1,inter_expert_similarity_e1_e2,inter_expert_similarity_e1_e3,inter_expert_similarity_e2_e0,inter_expert_similarity_e2_e1,inter_expert_similarity_e2_e2,inter_expert_similarity_e2_e3,inter_expert_similarity_e3_e0,inter_expert_similarity_e3_e1,inter_expert_similarity_e3_e2,inter_expert_similarity_e3_e3,intra_expert_coherence_e0,intra_expert_coherence_e1,intra_expert_coherence_e2,intra_expert_coherence_e3,load_cv,load_max_min_ratio,overall_task_conflict_cos,router_entropy,router_load_e0,router_load_e1,router_load_e2,router_load_e3,task_acc__glue_rte,task_conflict_t0_t0,task_grad_norm_cv,task_loss__glue_rte,utilization_ratio
50.0,0.6375675201416016,0.5016064257028112,0.6866765230512007,0.5270758122743683,0.6830208798249563,1.0,0.0,0.0,0.0,0.0,0.0,1.0,1.0,1.0,1.0,1.0,0.007961249225103476,1.0,0.0,0.0,0.0,0.0,1.0,0.04776749535062085,0.0,0.0,0.04776749535062085,1.0,0.0,0.0,0.0,0.0,1.0,1.0,1.0,1.0,1.0,1.0000088214874268,501480340957.6416,1.0,0.692065380970924,0.0,0.4985196888446808,0.5014803409576416,0.0,0.5270758122743683,1.0,0.0,0.6830208798249563,0.5
100.0,0.6789494454860687,0.6465863453815262,0.6141590029765398,0.6101083032490975,0.6677411446968714,1.0,0.0,0.0,0.0,0.0,0.0,1.0,1.0,1.0,1.0,1.0,0.0058628239418919885,1.0,0.0,0.0,0.0,0.0,1.0,0.03517694365135193,0.0,0.0,0.03517694365135193,1.0,0.0,0.0,0.0,0.0,1.0,1.0,1.0,1.0,1.0,0.9427077736084326,527269482612.60986,1.0,0.6563491072465366,0.0,0.4393729567527771,0.5272694826126099,0.033357519656419754,0.6101083032490975,1.0,0.0,0.6677411446968714,0.5
150.0,0.7644362151622772,0.7461847389558233,0.5459724923070425,0.6859205776173285,0.6278697691029973,1.0,0.0,0.0,0.0,0.0,0.0,1.0,1.0,1.0,1.0,1.0,-0.0024307023394061203,1.0,0.0,0.0,0.0,0.0,1.0,-0.014584214036436722,0.0,0.0,-0.014584214036436722,1.0,0.0,0.0,0.0,0.0,1.0,1.0,1.0,1.0,1.0,0.9374461844627637,500838756561.2793,1.0,0.6194841853117684,0.0,0.4666992723941803,0.5008387565612793,0.03246207907795906,0.6859205776173285,1.0,0.0,0.6278697691029973,0.5
