{
  "completed_jobs": 12,
  "current_phase": "",
  "elapsed_sec": 623.3021805286407,
  "eta_sec": null,
  "failed_jobs": 0,
  "percent": 100.0,
  "started_at_epoch": 1773652603.6575193,
  "total_jobs": 12,
  "updated_at_epoch": 1773653226.9597063
}