step,train_step_loss,train_acc,train_loss,val_acc,val_loss,alignment_reward,l_conflict,l_conflict_e0,l_conflict_e1,l_conflict_e2,l_conflict_e3,router_conflict_grad_l2,router_entropy,router_load_e0,router_load_e1,router_load_e2,router_load_e3
30.0,0.6484721551338832,0.6168265500912652,0.6277496578797074,0.6132452662050776,0.6387441899476763,0.31611984968185425,-0.31611984968185425,-0.09743517637252808,-0.1677238941192627,-0.026172472164034843,-0.02478831633925438,0.0,0.6406931005832222,0.6179512143135071,0.30078092217445374,0.022520484402775764,0.05874726176261902
50.0,0.6384859581788381,0.6314708120545792,0.6101227824089953,0.6125917500477281,0.6219183694076564,0.2920873761177063,-0.2920873761177063,-0.1365365982055664,-0.04953639209270477,-0.015214582905173302,-0.09079980850219727,0.0,0.6479080856812222,0.5997198820114136,0.2953127324581146,0.023175513371825218,0.08179189264774323
