step,train_step_loss,train_acc,train_loss,val_acc,val_loss,alignment_reward,l_conflict,l_conflict_e0,l_conflict_e1,l_conflict_e2,l_conflict_e3,router_conflict_grad_l2,router_entropy,router_load_e0,router_load_e1,router_load_e2,router_load_e3
30.0,0.5994006494681041,0.6407694468345855,0.6126732397909177,0.641880690443987,0.6142638505022181,0.3895184397697449,-0.3895184397697449,-0.13357575237751007,-0.1479196846485138,-0.049353089183568954,-0.05866990610957146,0.0,0.6859376772686288,0.46535688638687134,0.412971556186676,0.027947958558797836,0.09372354298830032
50.0,0.57067675391833,0.6531186117587731,0.5968889330884444,0.6585746785489247,0.6012643117569758,0.13529019057750702,-0.13529019057750702,-0.05443563684821129,-0.04531650245189667,-0.007377494592219591,-0.02816055342555046,0.0,0.6870730879406134,0.4397183954715729,0.39991649985313416,0.0320432074368,0.12832193076610565
