step,train_step_loss,train_acc,train_loss,val_acc,val_loss,avg_intra_expert_coherence,expert_diversity_e0,expert_diversity_e1,expert_diversity_e2,expert_diversity_e3,expert_diversity_mean,expert_purity_e0,expert_purity_e1,expert_purity_e2,expert_purity_e3,expert_purity_mean,inter_expert_similarity,inter_expert_similarity_e0_e0,inter_expert_similarity_e0_e1,inter_expert_similarity_e0_e2,inter_expert_similarity_e0_e3,inter_expert_similarity_e1_e0,inter_expert_similarity_e1_e1,inter_expert_similarity_e1_e2,inter_expert_similarity_e1_e3,inter_expert_similarity_e2_e0,inter_expert_similarity_e2_e1,inter_expert_similarity_e2_e2,inter_expert_similarity_e2_e3,inter_expert_similarity_e3_e0,inter_expert_similarity_e3_e1,inter_expert_similarity_e3_e2,inter_expert_similarity_e3_e3,intra_expert_coherence_e0,intra_expert_coherence_e1,intra_expert_coherence_e2,intra_expert_coherence_e3,load_cv,load_max_min_ratio,overall_task_conflict_cos,router_entropy,router_load_e0,router_load_e1,router_load_e2,router_load_e3,task_acc__glue_mrpc,task_conflict_t0_t0,task_grad_norm_cv,task_loss__glue_mrpc,utilization_ratio
50.0,0.4919060170650482,0.6744820065430752,0.6308252087753752,0.6838235294117647,0.6248514904425695,1.0,0.0,0.0,0.0,0.0,0.0,1.0,1.0,1.0,1.0,1.0,-0.006579046363351419,1.0,0.0,0.0,0.0,0.0,1.0,-0.03947427818010851,0.0,0.0,-0.03947427818010851,1.0,0.0,0.0,0.0,0.0,1.0,1.0,1.0,1.0,1.0,1.6903436084035193,981827020645.1416,1.0,0.0908392071723938,0.0,0.9818270206451416,0.01817256398499012,0.0,0.6838235294117647,1.0,0.0,0.6248514904425695,0.25
100.0,0.6619369685649872,0.6744820065430752,0.6442503679057826,0.6838235294117647,0.6415221633819433,1.0,0.0,0.0,0.0,0.0,0.0,1.0,1.0,1.0,1.0,1.0,-0.007245302955326351,1.0,-0.04347181773195811,0.0,0.0,-0.04347181773195811,1.0,0.0,0.0,0.0,0.0,1.0,0.0,0.0,0.0,0.0,1.0,1.0,1.0,1.0,1.0,1.7242200580430238,996604979038.2385,1.0,0.022689489647746086,0.003394663566723466,0.9966049790382385,0.0,0.0,0.6838235294117647,1.0,0.0,0.6415221633819433,0.25
150.0,0.7322152853012085,0.6744820065430752,0.6695212460406449,0.6838235294117647,0.6567538652855617,1.0,0.0,0.0,0.0,0.0,0.0,1.0,1.0,1.0,1.0,1.0,0.004044739277602888,1.0,0.02426843566561733,0.0,0.0,0.02426843566561733,1.0,0.0,0.0,0.0,0.0,1.0,0.0,0.0,0.0,0.0,1.0,1.0,1.0,1.0,1.0,1.7164405415320718,993225038051.6052,1.0,0.04058942585891368,0.006774902809411287,0.9932250380516052,0.0,0.0,0.6838235294117647,1.0,0.0,0.6567538652855617,0.25
