step,train_step_loss,train_acc,train_loss,val_acc,val_loss,avg_intra_expert_coherence,expert_diversity_e0,expert_diversity_e1,expert_diversity_e2,expert_diversity_e3,expert_diversity_mean,expert_purity_e0,expert_purity_e1,expert_purity_e2,expert_purity_e3,expert_purity_mean,inter_expert_similarity,inter_expert_similarity_e0_e0,inter_expert_similarity_e0_e1,inter_expert_similarity_e0_e2,inter_expert_similarity_e0_e3,inter_expert_similarity_e1_e0,inter_expert_similarity_e1_e1,inter_expert_similarity_e1_e2,inter_expert_similarity_e1_e3,inter_expert_similarity_e2_e0,inter_expert_similarity_e2_e1,inter_expert_similarity_e2_e2,inter_expert_similarity_e2_e3,inter_expert_similarity_e3_e0,inter_expert_similarity_e3_e1,inter_expert_similarity_e3_e2,inter_expert_similarity_e3_e3,intra_expert_coherence_e0,intra_expert_coherence_e1,intra_expert_coherence_e2,intra_expert_coherence_e3,load_cv,load_max_min_ratio,overall_task_conflict_cos,router_entropy,router_load_e0,router_load_e1,router_load_e2,router_load_e3,task_acc__glue_mrpc,task_conflict_t0_t0,task_grad_norm_cv,task_loss__glue_mrpc,utilization_ratio
50.0,0.6473460793495178,0.6744820065430752,0.6905543798985688,0.6838235294117647,0.6904476583003998,1.0,0.0,0.0,0.0,0.0,0.0,1.0,1.0,1.0,1.0,1.0,-0.02883265657483906,1.0,-0.17299593944903435,0.0,0.0,-0.17299593944903435,1.0,0.0,0.0,0.0,0.0,1.0,0.0,0.0,0.0,0.0,1.0,1.0,1.0,1.0,1.0,1.6960446004814387,984325349330.9021,1.0,0.0806909129023552,0.01567476987838745,0.9843253493309021,0.0,0.0,0.6838235294117647,1.0,0.0,0.6904476583003998,0.25
100.0,0.6611942648887634,0.6744820065430752,0.6354992911219597,0.6838235294117647,0.6302733902747815,1.0,0.0,0.0,0.0,0.0,0.0,1.0,1.0,1.0,1.0,1.0,0.031996132091628944,1.0,0.0,0.0,0.0,0.0,1.0,0.19197679254977365,0.0,0.0,0.19197679254977365,1.0,0.0,0.0,0.0,0.0,1.0,1.0,1.0,1.0,1.0,1.6366613451665186,958075284957.8857,1.0,0.17401493735173168,0.0,0.9580752849578857,0.04192518815398216,0.0,0.6838235294117647,1.0,0.0,0.6302733902747815,0.25
150.0,0.6192116439342499,0.6744820065430752,0.6321747669707174,0.6838235294117647,0.6254596137083493,1.0,0.0,0.0,0.0,0.0,0.0,1.0,1.0,1.0,1.0,1.0,0.04371776865274221,1.0,0.0,0.0,0.0,0.0,1.0,0.0,0.26230661191645327,0.0,0.0,1.0,0.0,0.0,0.26230661191645327,0.0,1.0,1.0,1.0,1.0,1.0,1.687751054763794,980690062046.051,1.0,0.09534117754767923,0.0,0.980690062046051,0.0,0.01930992677807808,0.6838235294117647,1.0,0.0,0.6254596137083493,0.25
