step,train_step_loss,train_acc,train_loss,val_acc,val_loss,avg_intra_expert_coherence,expert_diversity_e0,expert_diversity_e1,expert_diversity_e2,expert_diversity_e3,expert_diversity_mean,expert_purity_e0,expert_purity_e1,expert_purity_e2,expert_purity_e3,expert_purity_mean,inter_expert_similarity,inter_expert_similarity_e0_e0,inter_expert_similarity_e0_e1,inter_expert_similarity_e0_e2,inter_expert_similarity_e0_e3,inter_expert_similarity_e1_e0,inter_expert_similarity_e1_e1,inter_expert_similarity_e1_e2,inter_expert_similarity_e1_e3,inter_expert_similarity_e2_e0,inter_expert_similarity_e2_e1,inter_expert_similarity_e2_e2,inter_expert_similarity_e2_e3,inter_expert_similarity_e3_e0,inter_expert_similarity_e3_e1,inter_expert_similarity_e3_e2,inter_expert_similarity_e3_e3,intra_expert_coherence_e0,intra_expert_coherence_e1,intra_expert_coherence_e2,intra_expert_coherence_e3,load_cv,load_max_min_ratio,overall_task_conflict_cos,router_entropy,router_load_e0,router_load_e1,router_load_e2,router_load_e3,task_acc__glue_rte,task_conflict_t0_t0,task_grad_norm_cv,task_loss__glue_rte,utilization_ratio
50.0,0.6643425822257996,0.5016064257028112,0.6932494542537592,0.5270758122743683,0.6918646328979068,1.0,0.0,0.0,0.0,0.0,0.0,1.0,1.0,1.0,1.0,1.0,-0.023721768082750977,1.0,-0.14233060849650586,0.0,0.0,-0.14233060849650586,1.0,0.0,0.0,0.0,0.0,1.0,0.0,0.0,0.0,0.0,1.0,1.0,1.0,1.0,1.0,1.001927375793457,521960973739.624,1.0,0.6921823024749756,0.47803908586502075,0.521960973739624,0.0,0.0,0.5270758122743683,1.0,0.0,0.6918646328979068,0.5
100.0,0.7097339630126953,0.4983935742971888,0.6947020021386635,0.4729241877256318,0.6984246141380734,1.0,0.0,0.0,0.0,0.0,0.0,1.0,1.0,1.0,1.0,1.0,-0.010714330124998839,1.0,-0.06428598074999303,0.0,0.0,-0.06428598074999303,1.0,0.0,0.0,0.0,0.0,1.0,0.0,0.0,0.0,0.0,1.0,1.0,1.0,1.0,1.0,1.0046216848267129,534030616283.41675,1.0,0.6908292322812958,0.4659693241119385,0.5340306162834167,0.0,0.0,0.4729241877256318,1.0,0.0,0.6984246141380734,0.5
150.0,0.6993743479251862,0.5016064257028112,0.6938049202164014,0.5270758122743683,0.6909601820839776,1.0,0.0,0.0,0.0,0.0,0.0,1.0,1.0,1.0,1.0,1.0,-0.03206089881547836,1.0,-0.1923653928928702,0.0,0.0,-0.1923653928928702,1.0,0.0,0.0,0.0,0.0,1.0,0.0,0.0,0.0,0.0,1.0,1.0,1.0,1.0,1.0,1.0063316822052002,539849042892.45605,1.0,0.6899679473160837,0.46015095710754395,0.539849042892456,0.0,0.0,0.5270758122743683,1.0,0.0,0.6909601820839776,0.5
