step,train_step_loss,train_acc,train_loss,val_acc,val_loss,avg_intra_expert_coherence,expert_diversity_e0,expert_diversity_e1,expert_diversity_e2,expert_diversity_e3,expert_diversity_mean,expert_purity_e0,expert_purity_e1,expert_purity_e2,expert_purity_e3,expert_purity_mean,inter_expert_similarity,inter_expert_similarity_e0_e0,inter_expert_similarity_e0_e1,inter_expert_similarity_e0_e2,inter_expert_similarity_e0_e3,inter_expert_similarity_e1_e0,inter_expert_similarity_e1_e1,inter_expert_similarity_e1_e2,inter_expert_similarity_e1_e3,inter_expert_similarity_e2_e0,inter_expert_similarity_e2_e1,inter_expert_similarity_e2_e2,inter_expert_similarity_e2_e3,inter_expert_similarity_e3_e0,inter_expert_similarity_e3_e1,inter_expert_similarity_e3_e2,inter_expert_similarity_e3_e3,intra_expert_coherence_e0,intra_expert_coherence_e1,intra_expert_coherence_e2,intra_expert_coherence_e3,load_cv,load_max_min_ratio,overall_task_conflict_cos,router_entropy,router_load_e0,router_load_e1,router_load_e2,router_load_e3,task_acc__glue_rte,task_conflict_t0_t0,task_grad_norm_cv,task_loss__glue_rte,utilization_ratio
50.0,0.6843934953212738,0.4983935742971888,0.7027697305266674,0.4729241877256318,0.7125170197751787,1.0,0.0,0.0,0.0,0.0,0.0,1.0,1.0,1.0,1.0,1.0,-0.027373846898183035,1.0,0.0,0.0,0.0,0.0,1.0,0.0,0.0,0.0,0.0,1.0,-0.1642430813890982,0.0,0.0,-0.1642430813890982,1.0,1.0,1.0,1.0,1.0,1.01237583012869,555795252323.1506,1.0,0.6869079851501685,0.0,0.0,0.5557952523231506,0.44420483708381653,0.4729241877256318,1.0,0.0,0.7125170197751787,0.5
100.0,0.7042021155357361,0.5016064257028112,0.6931404908498129,0.5270758122743683,0.6928482701381048,1.0,0.0,0.0,0.0,0.0,0.0,1.0,1.0,1.0,1.0,1.0,-0.011763954698425644,1.0,0.0,0.0,0.0,0.0,1.0,-0.07058372819055386,0.0,0.0,-0.07058372819055386,1.0,0.0,0.0,0.0,0.0,1.0,1.0,1.0,1.0,1.0,1.0013482570648193,518365144729.61426,1.0,0.6924724578857422,0.0,0.48163485527038574,0.5183651447296143,0.0,0.5270758122743683,1.0,0.0,0.6928482701381048,0.5
150.0,0.7625901699066162,0.4983935742971888,0.7038033285202124,0.4729241877256318,0.7139714525805579,1.0,0.0,0.0,0.0,0.0,0.0,1.0,1.0,1.0,1.0,1.0,-0.04580917982298426,1.0,0.0,0.0,0.0,0.0,1.0,0.0,0.0,0.0,0.0,1.0,-0.27485507893790556,0.0,0.0,-0.27485507893790556,1.0,1.0,1.0,1.0,1.0,1.0043835639953613,533140242099.76196,1.0,0.6909489855439224,0.0,0.0,0.533140242099762,0.4668597877025604,0.4729241877256318,1.0,0.0,0.7139714525805579,0.5
