{
  "best_val_acc": 0.7002709074325827,
  "final_val_acc": 0.6868343340372839,
  "method": "ours",
  "num_eval_points": 5
}