{
  "best_val_acc": 0.6951919805549723,
  "final_val_acc": 0.673981296295806,
  "method": "ours",
  "num_eval_points": 5
}