{
  "best_val_acc": 0.69514924344139,
  "final_val_acc": 0.69514924344139,
  "method": "ours",
  "num_eval_points": 5
}