step,train_step_loss,train_acc,train_loss,val_acc,val_loss,avg_intra_expert_coherence,expert_diversity_e0,expert_diversity_e1,expert_diversity_e2,expert_diversity_e3,expert_diversity_mean,expert_purity_e0,expert_purity_e1,expert_purity_e2,expert_purity_e3,expert_purity_mean,inter_expert_similarity,inter_expert_similarity_e0_e0,inter_expert_similarity_e0_e1,inter_expert_similarity_e0_e2,inter_expert_similarity_e0_e3,inter_expert_similarity_e1_e0,inter_expert_similarity_e1_e1,inter_expert_similarity_e1_e2,inter_expert_similarity_e1_e3,inter_expert_similarity_e2_e0,inter_expert_similarity_e2_e1,inter_expert_similarity_e2_e2,inter_expert_similarity_e2_e3,inter_expert_similarity_e3_e0,inter_expert_similarity_e3_e1,inter_expert_similarity_e3_e2,inter_expert_similarity_e3_e3,intra_expert_coherence_e0,intra_expert_coherence_e1,intra_expert_coherence_e2,intra_expert_coherence_e3,load_cv,load_max_min_ratio,overall_task_conflict_cos,router_entropy,router_load_e0,router_load_e1,router_load_e2,router_load_e3,task_acc__glue_sst2,task_conflict_t0_t0,task_grad_norm_cv,task_loss__glue_sst2,utilization_ratio
50.0,0.7199764847755432,0.5578256544269403,0.6865353357834374,0.5091743119266054,0.6965711875395342,1.0,0.0,0.0,0.0,0.0,0.0,1.0,1.0,1.0,1.0,1.0,0.002186597285871924,1.0,0.0,0.0,0.013119583715231543,0.0,1.0,0.0,0.0,0.0,0.0,1.0,0.0,0.013119583715231543,0.0,0.0,1.0,1.0,1.0,1.0,1.0,1.0157750295922248,563046455383.3008,1.0,0.6851760149002075,0.43695324659347534,0.0,0.0,0.5630464553833008,0.5091743119266054,1.0,0.0,0.6965711875395342,0.5
100.0,0.6621946394443512,0.5578256544269403,0.6865863085076248,0.5091743119266054,0.6996916646307165,1.0,0.0,0.0,0.0,0.0,0.0,1.0,1.0,1.0,1.0,1.0,-0.026867445194196496,1.0,0.0,0.0,-0.16120467116517898,0.0,1.0,0.0,0.0,0.0,0.0,1.0,0.0,-0.16120467116517898,0.0,0.0,1.0,1.0,1.0,1.0,1.0,1.0016909244699939,520568907260.8948,1.0,0.6923007965087891,0.4794309139251709,0.0,0.0,0.5205689072608948,0.5091743119266054,1.0,0.0,0.6996916646307165,0.5
150.0,0.6977669298648834,0.5578256544269403,0.6868619459825004,0.5091743119266054,0.6953501078215513,1.0,0.0,0.0,0.0,0.0,0.0,1.0,1.0,1.0,1.0,1.0,-0.0407860977333793,1.0,0.0,0.0,-0.2447165864002758,0.0,1.0,0.0,0.0,0.0,0.0,1.0,0.0,-0.2447165864002758,0.0,0.0,1.0,1.0,1.0,1.0,1.0,1.0200209546014234,571101188659.668,1.0,0.6830023554486966,0.4288991391658783,0.0,0.0,0.571101188659668,0.5091743119266054,1.0,0.0,0.6953501078215513,0.5
