step,train_step_loss,train_acc,train_loss,val_acc,val_loss,avg_intra_expert_coherence,expert_diversity_e0,expert_diversity_e1,expert_diversity_e2,expert_diversity_e3,expert_diversity_mean,expert_purity_e0,expert_purity_e1,expert_purity_e2,expert_purity_e3,expert_purity_mean,inter_expert_similarity,inter_expert_similarity_e0_e0,inter_expert_similarity_e0_e1,inter_expert_similarity_e0_e2,inter_expert_similarity_e0_e3,inter_expert_similarity_e1_e0,inter_expert_similarity_e1_e1,inter_expert_similarity_e1_e2,inter_expert_similarity_e1_e3,inter_expert_similarity_e2_e0,inter_expert_similarity_e2_e1,inter_expert_similarity_e2_e2,inter_expert_similarity_e2_e3,inter_expert_similarity_e3_e0,inter_expert_similarity_e3_e1,inter_expert_similarity_e3_e2,inter_expert_similarity_e3_e3,intra_expert_coherence_e0,intra_expert_coherence_e1,intra_expert_coherence_e2,intra_expert_coherence_e3,load_cv,load_max_min_ratio,overall_task_conflict_cos,router_entropy,router_load_e0,router_load_e1,router_load_e2,router_load_e3,task_acc__glue_sst2,task_conflict_t0_t0,task_grad_norm_cv,task_loss__glue_sst2,utilization_ratio
50.0,0.6850142180919647,0.5578256544269403,0.6882272955286814,0.5091743119266054,0.705400996316563,1.0,0.0,0.0,0.0,0.0,0.0,1.0,1.0,1.0,1.0,1.0,-0.015216327095995673,1.0,-0.09129796257597404,0.0,0.0,-0.09129796257597404,1.0,0.0,0.0,0.0,0.0,1.0,0.0,0.0,0.0,0.0,1.0,1.0,1.0,1.0,1.0,1.026147594637539,581378042697.9065,1.0,0.6798434853553772,0.41862231492996216,0.5813780426979065,0.0,0.0,0.5091743119266054,1.0,0.0,0.705400996316563,0.5
100.0,0.7015564143657684,0.5578256544269403,0.6873934370604943,0.5091743119266054,0.7029381361874667,1.0,0.0,0.0,0.0,0.0,0.0,1.0,1.0,1.0,1.0,1.0,0.02182778472046691,1.0,0.13096670832280147,0.0,0.0,0.13096670832280147,1.0,0.0,0.0,0.0,0.0,1.0,0.0,0.0,0.0,0.0,1.0,1.0,1.0,1.0,1.0,1.109860697934877,670216858386.9934,1.0,0.6340246796607971,0.32978278398513794,0.6702168583869934,0.0,0.0,0.5091743119266054,1.0,0.0,0.7029381361874667,0.5
150.0,0.6982867419719696,0.5578256544269403,0.6890517262126941,0.5091743119266054,0.6933066097172824,1.0,0.0,0.0,0.0,0.0,0.0,1.0,1.0,1.0,1.0,1.0,-0.007474636953449819,1.0,0.0,0.0,0.0,0.0,1.0,0.0,-0.04484782172069891,0.0,0.0,1.0,0.0,0.0,-0.04484782172069891,0.0,1.0,1.0,1.0,1.0,1.0,1.133466553640406,688662111759.1858,1.0,0.6201672554016113,0.0,0.6886621117591858,0.0,0.31133827567100525,0.5091743119266054,1.0,0.0,0.6933066097172824,0.5
