{
  "completed_jobs": 7,
  "current_phase": "",
  "elapsed_sec": 384.65254068374634,
  "eta_sec": null,
  "failed_jobs": 0,
  "percent": 100.0,
  "started_at_epoch": 1773806300.9848151,
  "total_jobs": 7,
  "updated_at_epoch": 1773806685.6373575
}