step,train_step_loss,train_acc,train_loss,val_acc,val_loss,avg_intra_expert_coherence,expert_diversity_e0,expert_diversity_e1,expert_diversity_e2,expert_diversity_e3,expert_diversity_mean,expert_purity_e0,expert_purity_e1,expert_purity_e2,expert_purity_e3,expert_purity_mean,inter_expert_similarity,inter_expert_similarity_e0_e0,inter_expert_similarity_e0_e1,inter_expert_similarity_e0_e2,inter_expert_similarity_e0_e3,inter_expert_similarity_e1_e0,inter_expert_similarity_e1_e1,inter_expert_similarity_e1_e2,inter_expert_similarity_e1_e3,inter_expert_similarity_e2_e0,inter_expert_similarity_e2_e1,inter_expert_similarity_e2_e2,inter_expert_similarity_e2_e3,inter_expert_similarity_e3_e0,inter_expert_similarity_e3_e1,inter_expert_similarity_e3_e2,inter_expert_similarity_e3_e3,intra_expert_coherence_e0,intra_expert_coherence_e1,intra_expert_coherence_e2,intra_expert_coherence_e3,load_cv,load_max_min_ratio,overall_task_conflict_cos,router_entropy,router_load_e0,router_load_e1,router_load_e2,router_load_e3,task_acc__glue_mrpc,task_conflict_t0_t0,task_grad_norm_cv,task_loss__glue_mrpc,utilization_ratio
50.0,0.2870945483446121,0.8135223555070883,0.4041845731923114,0.7941176470588235,0.40222496969195515,1.0,0.0,0.0,0.0,0.0,0.0,1.0,1.0,1.0,1.0,1.0,-0.05792734136946315,1.0,-0.09791724650563689,-0.026467924650555964,-0.026649560896171966,-0.09791724650563689,1.0,0.19682408138758603,-0.011816318761778301,-0.026467924650555964,0.19682408138758603,1.0,-0.3815370787902218,-0.026649560896171966,-0.011816318761778301,-0.3815370787902218,1.0,1.0,1.0,1.0,1.0,0.44781055735412584,2.629370824898371,1.0,1.2793250294292675,0.16840802133083344,0.442807137966156,0.20205101370811462,0.18673376739025116,0.7941176470588235,1.0,0.0,0.40222496969195515,1.0
100.0,0.365344800055027,0.8917666303162486,0.2701668389910913,0.8725490196078431,0.3127278107433365,1.0,0.0,0.0,0.0,0.0,0.0,1.0,1.0,1.0,1.0,1.0,-0.04234295091569789,1.0,0.2041626222613066,-0.15724337259796042,0.11025112637617294,0.2041626222613066,1.0,0.113346481295302,-0.20501098304338355,-0.15724337259796042,0.113346481295302,1.0,-0.3195635797856249,0.11025112637617294,-0.20501098304338355,-0.3195635797856249,1.0,1.0,1.0,1.0,1.0,0.49473661184310913,3.8890514635861444,1.0,1.2497047396267162,0.1161145493388176,0.45157545804977417,0.20307576656341553,0.2292342334985733,0.8725490196078431,1.0,0.0,0.3127278107433365,0.75
