step,train_step_loss,train_acc,train_loss,val_acc,val_loss,avg_intra_expert_coherence,expert_diversity_e0,expert_diversity_e1,expert_diversity_e2,expert_diversity_e3,expert_diversity_mean,expert_purity_e0,expert_purity_e1,expert_purity_e2,expert_purity_e3,expert_purity_mean,inter_expert_similarity,inter_expert_similarity_e0_e0,inter_expert_similarity_e0_e1,inter_expert_similarity_e0_e2,inter_expert_similarity_e0_e3,inter_expert_similarity_e1_e0,inter_expert_similarity_e1_e1,inter_expert_similarity_e1_e2,inter_expert_similarity_e1_e3,inter_expert_similarity_e2_e0,inter_expert_similarity_e2_e1,inter_expert_similarity_e2_e2,inter_expert_similarity_e2_e3,inter_expert_similarity_e3_e0,inter_expert_similarity_e3_e1,inter_expert_similarity_e3_e2,inter_expert_similarity_e3_e3,intra_expert_coherence_e0,intra_expert_coherence_e1,intra_expert_coherence_e2,intra_expert_coherence_e3,load_cv,load_max_min_ratio,overall_task_conflict_cos,router_entropy,router_load_e0,router_load_e1,router_load_e2,router_load_e3,task_acc__glue_mrpc,task_conflict_t0_t0,task_grad_norm_cv,task_loss__glue_mrpc,utilization_ratio
50.0,0.3642641752958298,0.8047982551799345,0.41169445006095845,0.7941176470588235,0.41038488482053465,1.0,0.0,0.0,0.0,0.0,0.0,1.0,1.0,1.0,1.0,1.0,0.01081217721230389,1.0,-0.2234041601371774,-0.07423540256114018,-0.032514395740481934,-0.2234041601371774,1.0,0.48232155524055215,-0.13305205194871703,-0.07423540256114018,0.48232155524055215,1.0,0.04575751842078775,-0.032514395740481934,-0.13305205194871703,0.04575751842078775,1.0,1.0,1.0,1.0,1.0,0.3375450074672699,2.86448474969196,1.0,1.2986617906420839,0.36470839381217957,0.26503488421440125,0.1273207664489746,0.24293598532676697,0.7941176470588235,1.0,0.0,0.41038488482053465,1.0
100.0,0.27718309313058853,0.8773173391494002,0.28786384635402457,0.8676470588235294,0.3287227481173781,1.0,0.0,0.0,0.0,0.0,0.0,1.0,1.0,1.0,1.0,1.0,-0.22190565280841743,1.0,-0.2752058881274821,-0.018091954705767695,-0.4380571581624529,-0.2752058881274821,1.0,-0.10624112886100415,0.0648592997443101,-0.018091954705767695,-0.10624112886100415,1.0,-0.5586970867381077,-0.4380571581624529,0.0648592997443101,-0.5586970867381077,1.0,1.0,1.0,1.0,1.0,0.3232609244273991,2.5939433264176963,1.0,1.2868438678629257,0.3006340563297272,0.34515073895454407,0.1330602467060089,0.22115500271320343,0.8676470588235294,1.0,0.0,0.3287227481173781,1.0
