step,train_step_loss,train_acc,train_loss,val_acc,val_loss,avg_intra_expert_coherence,expert_diversity_e0,expert_diversity_e1,expert_diversity_e2,expert_diversity_e3,expert_diversity_mean,expert_purity_e0,expert_purity_e1,expert_purity_e2,expert_purity_e3,expert_purity_mean,inter_expert_similarity,inter_expert_similarity_e0_e0,inter_expert_similarity_e0_e1,inter_expert_similarity_e0_e2,inter_expert_similarity_e0_e3,inter_expert_similarity_e1_e0,inter_expert_similarity_e1_e1,inter_expert_similarity_e1_e2,inter_expert_similarity_e1_e3,inter_expert_similarity_e2_e0,inter_expert_similarity_e2_e1,inter_expert_similarity_e2_e2,inter_expert_similarity_e2_e3,inter_expert_similarity_e3_e0,inter_expert_similarity_e3_e1,inter_expert_similarity_e3_e2,inter_expert_similarity_e3_e3,intra_expert_coherence_e0,intra_expert_coherence_e1,intra_expert_coherence_e2,intra_expert_coherence_e3,load_cv,load_max_min_ratio,overall_task_conflict_cos,router_entropy,router_load_e0,router_load_e1,router_load_e2,router_load_e3,task_acc__glue_mrpc,task_conflict_t0_t0,task_grad_norm_cv,task_loss__glue_mrpc,utilization_ratio
50.0,0.45592236518859863,0.7979825517993457,0.4709019716991031,0.8112745098039216,0.47070307857715166,1.0,0.0,0.0,0.0,0.0,0.0,1.0,1.0,1.0,1.0,1.0,-0.06691530252900026,1.0,0.14388173288733105,-0.1045109013934432,-0.09772169585510035,0.14388173288733105,1.0,-0.19112948987141865,0.28420879599249166,-0.1045109013934432,-0.19112948987141865,1.0,-0.43622025693386207,-0.09772169585510035,0.28420879599249166,-0.43622025693386207,1.0,1.0,1.0,1.0,1.0,0.4560066759586334,4.000998850441322,1.0,1.2701176358204262,0.10490556061267853,0.2678705155849457,0.20749694108963013,0.41972702741622925,0.8112745098039216,1.0,0.0,0.47070307857715166,0.75
100.0,0.22592081129550934,0.8893129770992366,0.2736244043416303,0.8578431372549019,0.3265669132009722,1.0,0.0,0.0,0.0,0.0,0.0,1.0,1.0,1.0,1.0,1.0,-0.140975411341039,1.0,-0.16317299464658197,-0.1151856994347884,-0.06939808189504983,-0.16317299464658197,1.0,-0.2693974781287173,-0.15911778319166012,-0.1151856994347884,-0.2693974781287173,1.0,-0.06958043074943634,-0.06939808189504983,-0.15911778319166012,-0.06958043074943634,1.0,1.0,1.0,1.0,1.0,0.3831751207322026,3.7518823777696797,1.0,1.2435354905969955,0.08928314596414566,0.3076959550380707,0.2680409252643585,0.3349798619747162,0.8578431372549019,1.0,0.0,0.3265669132009722,0.75
