step,train_step_loss,train_acc,train_loss,val_acc,val_loss,router_entropy,router_load_e0,router_load_e1,router_load_e2,router_load_e3
30.0,0.5652513653039932,0.640217280908447,0.6146095553714336,0.6552955658393839,0.6101746731487202,0.6827884531683392,0.34215661883354187,0.1910923570394516,0.42354169487953186,0.04320922866463661
50.0,0.5551708290974299,0.6672007864592481,0.5856392671238103,0.6572931193976714,0.5901302838346147,0.6848274112023689,0.4384382367134094,0.19729001820087433,0.34751373529434204,0.016758037731051445
