{
  "completed_jobs": 753,
  "current_phase": "",
  "elapsed_sec": 20759.690582990646,
  "eta_sec": null,
  "failed_jobs": 0,
  "percent": 100.0,
  "started_at_epoch": 1773974405.3135376,
  "total_jobs": 753,
  "updated_at_epoch": 1773995165.004123
}