step,train_step_loss,train_acc,train_loss,val_acc,val_loss,alignment_reward,l_conflict,l_conflict_e0,l_conflict_e1,l_conflict_e2,l_conflict_e3,router_conflict_grad_l2,router_entropy,router_load_e0,router_load_e1,router_load_e2,router_load_e3
30.0,0.6137165029843649,0.6522626230590164,0.6177006606510453,0.6515375531325284,0.6142601429416472,0.11453120410442352,-0.11453120410442352,-0.0,-0.032049234956502914,-0.021611256524920464,-0.06087071821093559,0.0,0.6610176971665135,0.0,0.3497593104839325,0.08355717360973358,0.5666835308074951
50.0,0.5689386775096259,0.6621082902649351,0.5895974175684221,0.6636849378700268,0.5925165770014796,0.060197487473487854,-0.060197487473487854,-0.0,-0.016353866085410118,-0.017540432512760162,-0.026303187012672424,0.0,0.6547706467961824,0.0,0.2893752455711365,0.1524830162525177,0.5581415891647339
