step,train_step_loss,train_acc,train_loss,val_acc,val_loss,alignment_reward,l_conflict,l_conflict_e0,l_conflict_e1,l_conflict_e2,l_conflict_e3,router_conflict_grad_l2,router_entropy,router_load_e0,router_load_e1,router_load_e2,router_load_e3
30.0,0.5842065761486689,0.6579735410263621,0.6042310176886473,0.6529037409874262,0.6155888191659594,0.05098794400691986,-0.05098794400691986,-0.0,-0.019801005721092224,-0.0,-0.031186938285827637,0.0,0.662624089392247,0.0,0.40124809741973877,0.012160041369497776,0.5865918397903442
50.0,0.6343700289726258,0.6806921735108927,0.5689246234262627,0.6684767176077903,0.5809682197508935,0.09148016571998596,-0.09148016571998596,-0.0,-0.03598117083311081,-0.0,-0.05549899488687515,0.0,0.6538548659257315,0.0,0.3740014433860779,0.00924509484320879,0.6167536973953247
