step,train_step_loss,train_acc,train_loss,val_acc,val_loss,avg_intra_expert_coherence,expert_diversity_e0,expert_diversity_e1,expert_diversity_e2,expert_diversity_e3,expert_diversity_mean,expert_purity_e0,expert_purity_e1,expert_purity_e2,expert_purity_e3,expert_purity_mean,inter_expert_similarity,inter_expert_similarity_e0_e0,inter_expert_similarity_e0_e1,inter_expert_similarity_e0_e2,inter_expert_similarity_e0_e3,inter_expert_similarity_e1_e0,inter_expert_similarity_e1_e1,inter_expert_similarity_e1_e2,inter_expert_similarity_e1_e3,inter_expert_similarity_e2_e0,inter_expert_similarity_e2_e1,inter_expert_similarity_e2_e2,inter_expert_similarity_e2_e3,inter_expert_similarity_e3_e0,inter_expert_similarity_e3_e1,inter_expert_similarity_e3_e2,inter_expert_similarity_e3_e3,intra_expert_coherence_e0,intra_expert_coherence_e1,intra_expert_coherence_e2,intra_expert_coherence_e3,load_cv,load_max_min_ratio,overall_task_conflict_cos,router_entropy,router_load_e0,router_load_e1,router_load_e2,router_load_e3,task_acc__glue_cola,task_acc__glue_mrpc,task_acc__glue_rte,task_conflict_t0_t0,task_conflict_t0_t1,task_conflict_t0_t2,task_conflict_t1_t0,task_conflict_t1_t1,task_conflict_t1_t2,task_conflict_t2_t0,task_conflict_t2_t1,task_conflict_t2_t2,task_grad_norm_cv,task_loss__glue_cola,task_loss__glue_mrpc,task_loss__glue_rte,utilization_ratio
1.0,0.9606517205635706,0.6261604001320683,0.7209616336819197,0.6160076283075439,0.7322740156964359,0.3409838564577776,0.6232117179270272,0.6134184578965667,0.8663422320815883,0.8390421349009551,0.7355036357015343,0.6923386454582214,0.7010343670845032,0.556541383266449,0.4673220217227936,0.6043091043829918,0.2506951947759697,1.0,0.2496088012599456,0.2577456077252276,0.2580386580238404,0.2496088012599456,1.0,0.22542813201031578,0.2611119996807604,0.2577456077252276,0.22542813201031578,1.0,0.25223796995572856,0.2580386580238404,0.2611119996807604,0.25223796995572856,1.0,-0.2800460142271403,-0.3078393220498871,0.9720409608422506,0.9797798012658875,1.3240752253263384,63.312602277103444,0.7951628331087602,0.4401568983060618,0.015134493820369244,0.012860910966992378,0.8142577409744263,0.15774717926979065,0.6912751677852349,0.6838235294117647,0.4729241877256318,1.0,0.8054262298735686,0.949192243859839,0.8054262298735686,1.0,0.6308700255928733,0.949192243859839,0.6308700255928733,1.0,0.4179604946823424,0.6472146472403111,0.6649359029297736,0.8846714969192232,0.5
