step,train_step_loss,train_acc,train_loss,val_acc,val_loss,avg_intra_expert_coherence,expert_diversity_e0,expert_diversity_e1,expert_diversity_e2,expert_diversity_e3,expert_diversity_mean,expert_purity_e0,expert_purity_e1,expert_purity_e2,expert_purity_e3,expert_purity_mean,inter_expert_similarity,inter_expert_similarity_e0_e0,inter_expert_similarity_e0_e1,inter_expert_similarity_e0_e2,inter_expert_similarity_e0_e3,inter_expert_similarity_e1_e0,inter_expert_similarity_e1_e1,inter_expert_similarity_e1_e2,inter_expert_similarity_e1_e3,inter_expert_similarity_e2_e0,inter_expert_similarity_e2_e1,inter_expert_similarity_e2_e2,inter_expert_similarity_e2_e3,inter_expert_similarity_e3_e0,inter_expert_similarity_e3_e1,inter_expert_similarity_e3_e2,inter_expert_similarity_e3_e3,intra_expert_coherence_e0,intra_expert_coherence_e1,intra_expert_coherence_e2,intra_expert_coherence_e3,load_cv,load_max_min_ratio,overall_task_conflict_cos,router_entropy,router_load_e0,router_load_e1,router_load_e2,router_load_e3,task_acc__glue_mrpc,task_conflict_t0_t0,task_grad_norm_cv,task_loss__glue_mrpc,utilization_ratio
50.0,0.46824245154857635,0.7134678298800436,0.573827275633812,0.7009803921568627,0.5693424825484936,1.0,0.0,0.0,0.0,0.0,0.0,1.0,1.0,1.0,1.0,1.0,0.01270190628248439,1.0,0.07621143769490635,0.0,0.0,0.07621143769490635,1.0,0.0,0.0,0.0,0.0,1.0,0.0,0.0,0.0,0.0,1.0,1.0,1.0,1.0,1.0,1.4244338274002075,858645319938.6597,1.0,0.3712146007547192,0.8586453199386597,0.14135466516017914,0.0,0.0,0.7009803921568627,1.0,0.0,0.5693424825484936,0.5
100.0,0.561972513794899,0.824154852780807,0.4580567058013833,0.7941176470588235,0.46091210612883937,1.0,0.0,0.0,0.0,0.0,0.0,1.0,1.0,1.0,1.0,1.0,-0.0035199522364421313,1.0,-0.021119713418652788,0.0,0.0,-0.021119713418652788,1.0,0.0,0.0,0.0,0.0,1.0,0.0,0.0,0.0,0.0,1.0,1.0,1.0,1.0,1.0,1.1443431377410889,696698129177.0935,1.0,0.5792459214434904,0.6966981291770935,0.3033019006252289,0.0,0.0,0.7941176470588235,1.0,0.0,0.46091210612883937,0.5
150.0,0.7114041447639465,0.8587786259541985,0.36371551742372304,0.8455882352941176,0.39420979384046334,1.0,0.0,0.0,0.0,0.0,0.0,1.0,1.0,1.0,1.0,1.0,0.03812373254898462,1.0,0.08284376565889608,0.0,0.089078125480942,0.08284376565889608,1.0,0.0,0.05682050415406967,0.0,0.0,1.0,0.0,0.089078125480942,0.05682050415406967,0.0,1.0,1.0,1.0,1.0,1.0,1.440934605487036,870351910591.1255,1.0,0.3090777566619948,0.8703519105911255,0.10455182194709778,0.0,0.025096436962485313,0.8455882352941176,1.0,0.0,0.39420979384046334,0.25
