step,train_step_loss,train_acc,train_loss,val_acc,val_loss,avg_intra_expert_coherence,expert_diversity_e0,expert_diversity_e1,expert_diversity_e2,expert_diversity_e3,expert_diversity_mean,expert_purity_e0,expert_purity_e1,expert_purity_e2,expert_purity_e3,expert_purity_mean,inter_expert_similarity,inter_expert_similarity_e0_e0,inter_expert_similarity_e0_e1,inter_expert_similarity_e0_e2,inter_expert_similarity_e0_e3,inter_expert_similarity_e1_e0,inter_expert_similarity_e1_e1,inter_expert_similarity_e1_e2,inter_expert_similarity_e1_e3,inter_expert_similarity_e2_e0,inter_expert_similarity_e2_e1,inter_expert_similarity_e2_e2,inter_expert_similarity_e2_e3,inter_expert_similarity_e3_e0,inter_expert_similarity_e3_e1,inter_expert_similarity_e3_e2,inter_expert_similarity_e3_e3,intra_expert_coherence_e0,intra_expert_coherence_e1,intra_expert_coherence_e2,intra_expert_coherence_e3,load_cv,load_max_min_ratio,overall_task_conflict_cos,router_entropy,router_load_e0,router_load_e1,router_load_e2,router_load_e3,task_acc__glue_rte,task_conflict_t0_t0,task_grad_norm_cv,task_loss__glue_rte,utilization_ratio
50.0,0.6707228720188141,0.5815261044176707,0.6723305644897314,0.5595667870036101,0.6849142163991928,1.0,0.0,0.0,0.0,0.0,0.0,1.0,1.0,1.0,1.0,1.0,0.007654044438667331,1.0,0.0,0.0,0.0,0.0,1.0,0.0,0.0,0.0,0.0,1.0,0.04592426663200399,0.0,0.0,0.04592426663200399,1.0,1.0,1.0,1.0,1.0,1.0004224777725312,510278344154.3579,1.0,0.6905009591622473,0.0,0.0,0.5102783441543579,0.4897215664386749,0.5595667870036101,1.0,0.0,0.6849142163991928,0.5
100.0,0.6647430658340454,0.7128514056224899,0.5694124643046122,0.6570397111913358,0.6223145400484403,1.0,0.0,0.0,0.0,0.0,0.0,1.0,1.0,1.0,1.0,1.0,0.005698664120521374,1.0,0.0,0.0,0.0,0.0,1.0,0.0,0.0,0.0,0.0,1.0,0.034191984723128246,0.0,0.0,0.034191984723128246,1.0,1.0,1.0,1.0,1.0,1.002001226067616,532110691070.55664,1.0,0.6601220855644033,0.0,0.0011361114447936416,0.5321106910705566,0.46675312519073486,0.6570397111913358,1.0,0.0,0.6223145400484403,0.5
150.0,0.6804624795913696,0.7610441767068273,0.5799487782403444,0.6787003610108303,0.6270152529080709,1.0,0.0,0.0,0.0,0.0,0.0,1.0,1.0,1.0,1.0,1.0,0.0028582032531526747,1.0,0.0,0.0,0.0,0.0,1.0,0.0,0.0,0.0,0.0,1.0,0.01714921951891605,0.0,0.0,0.01714921951891605,1.0,1.0,1.0,1.0,1.0,1.0021470785140991,523180425167.08374,1.0,0.6866945325252382,0.0,0.0,0.5231804251670837,0.47681957483291626,0.6787003610108303,1.0,0.0,0.6270152529080709,0.5
