step,train_step_loss,train_acc,train_loss,val_acc,val_loss,avg_intra_expert_coherence,expert_diversity_e0,expert_diversity_e1,expert_diversity_e2,expert_diversity_e3,expert_diversity_mean,expert_purity_e0,expert_purity_e1,expert_purity_e2,expert_purity_e3,expert_purity_mean,inter_expert_similarity,inter_expert_similarity_e0_e0,inter_expert_similarity_e0_e1,inter_expert_similarity_e0_e2,inter_expert_similarity_e0_e3,inter_expert_similarity_e1_e0,inter_expert_similarity_e1_e1,inter_expert_similarity_e1_e2,inter_expert_similarity_e1_e3,inter_expert_similarity_e2_e0,inter_expert_similarity_e2_e1,inter_expert_similarity_e2_e2,inter_expert_similarity_e2_e3,inter_expert_similarity_e3_e0,inter_expert_similarity_e3_e1,inter_expert_similarity_e3_e2,inter_expert_similarity_e3_e3,intra_expert_coherence_e0,intra_expert_coherence_e1,intra_expert_coherence_e2,intra_expert_coherence_e3,load_cv,load_max_min_ratio,overall_task_conflict_cos,router_entropy,router_load_e0,router_load_e1,router_load_e2,router_load_e3,task_acc__glue_mrpc,task_conflict_t0_t0,task_grad_norm_cv,task_loss__glue_mrpc,utilization_ratio
50.0,0.5193957090377808,0.6744820065430752,0.6309971403816472,0.6838235294117647,0.624830543421782,1.0,0.0,0.0,0.0,0.0,0.0,1.0,1.0,1.0,1.0,1.0,-0.02794263623359076,1.0,0.0,-0.16765581740154456,0.0,0.0,1.0,0.0,0.0,-0.16765581740154456,0.0,1.0,0.0,0.0,0.0,0.0,1.0,1.0,1.0,1.0,1.0,1.4645872200519514,878321468830.1086,1.0,0.3702564642709844,0.12167879194021225,0.0,0.8783214688301086,0.0,0.6838235294117647,1.0,0.0,0.624830543421782,0.25
100.0,0.6640190482139587,0.6744820065430752,0.6422415570072506,0.6838235294117647,0.6393296787372003,1.0,0.0,0.0,0.0,0.0,0.0,1.0,1.0,1.0,1.0,1.0,-0.010704203520229855,1.0,0.0,0.0,0.0,0.0,1.0,0.0,0.0,0.0,0.0,1.0,-0.06422522112137913,0.0,0.0,-0.06422522112137913,1.0,1.0,1.0,1.0,1.0,1.673303005706189,974334478378.2959,1.0,0.11933745794436511,0.0,0.0,0.9743344783782959,0.02566591463983059,0.6838235294117647,1.0,0.0,0.6393296787372003,0.25
150.0,0.6620346903800964,0.6744820065430752,0.6324574002753134,0.6838235294117647,0.6261686510764636,1.0,0.0,0.0,0.0,0.0,0.0,1.0,1.0,1.0,1.0,1.0,0.003809830387683512,1.0,0.0,0.0,0.0,0.0,1.0,0.022858982326101073,0.0,0.0,0.022858982326101073,1.0,0.0,0.0,0.0,0.0,1.0,1.0,1.0,1.0,1.0,1.5906012330289245,937323451042.1753,1.0,0.23427033424377441,0.0,0.06267688423395157,0.9373234510421753,0.0,0.6838235294117647,1.0,0.0,0.6261686510764636,0.25
