step,train_step_loss,train_acc,train_loss,val_acc,val_loss,avg_intra_expert_coherence,expert_diversity_e0,expert_diversity_e1,expert_diversity_e2,expert_diversity_e3,expert_diversity_mean,expert_purity_e0,expert_purity_e1,expert_purity_e2,expert_purity_e3,expert_purity_mean,inter_expert_similarity,inter_expert_similarity_e0_e0,inter_expert_similarity_e0_e1,inter_expert_similarity_e0_e2,inter_expert_similarity_e0_e3,inter_expert_similarity_e1_e0,inter_expert_similarity_e1_e1,inter_expert_similarity_e1_e2,inter_expert_similarity_e1_e3,inter_expert_similarity_e2_e0,inter_expert_similarity_e2_e1,inter_expert_similarity_e2_e2,inter_expert_similarity_e2_e3,inter_expert_similarity_e3_e0,inter_expert_similarity_e3_e1,inter_expert_similarity_e3_e2,inter_expert_similarity_e3_e3,intra_expert_coherence_e0,intra_expert_coherence_e1,intra_expert_coherence_e2,intra_expert_coherence_e3,load_cv,load_max_min_ratio,overall_task_conflict_cos,router_entropy,router_load_e0,router_load_e1,router_load_e2,router_load_e3,task_acc__glue_rte,task_conflict_t0_t0,task_grad_norm_cv,task_loss__glue_rte,utilization_ratio
50.0,0.5876215100288391,0.6040160642570281,0.6618125230647051,0.5884476534296029,0.6628337237570021,1.0,0.0,0.0,0.0,0.0,0.0,1.0,1.0,1.0,1.0,1.0,-0.032924902436205786,1.0,0.0,0.0,0.0,0.0,1.0,0.0,0.0,0.0,0.0,1.0,-0.19754941461723471,0.0,0.0,-0.19754941461723471,1.0,1.0,1.0,1.0,1.0,0.9950402975082397,521502494812.0117,1.0,0.6911966619939149,0.0,0.003577911527827382,0.4749196171760559,0.5215024948120117,0.5884476534296029,1.0,0.0,0.6628337237570021,0.5
100.0,0.6968264281749725,0.5967871485943775,0.6587349733863122,0.5487364620938628,0.6841819037993749,1.0,0.0,0.0,0.0,0.0,0.0,1.0,1.0,1.0,1.0,1.0,-0.02120275590124016,1.0,0.0,0.0,0.0,0.0,1.0,0.0,0.0,0.0,0.0,1.0,-0.12721653540744096,0.0,0.0,-0.12721653540744096,1.0,1.0,1.0,1.0,1.0,0.9989379048347473,542946815490.72266,1.0,0.688953496058495,0.004663708154112101,0.0,0.4523894786834717,0.5429468154907227,0.5487364620938628,1.0,0.0,0.6841819037993749,0.5
150.0,0.6383475363254547,0.6951807228915663,0.6134128546867615,0.6570397111913358,0.638791124853823,1.0,0.0,0.0,0.0,0.0,0.0,1.0,1.0,1.0,1.0,1.0,-0.05579999634998442,1.0,0.0,0.0,0.0,0.0,1.0,0.0,0.0,0.0,0.0,1.0,-0.3347999780999065,0.0,0.0,-0.3347999780999065,1.0,1.0,1.0,1.0,1.0,0.9868825674057007,152.02365408923353,1.0,0.6916190682765809,0.0032746964134275913,0.0032865330576896667,0.4978313148021698,0.4956074655056,0.6570397111913358,1.0,0.0,0.638791124853823,0.5
