{
  "completed_jobs": 10,
  "current_phase": "",
  "elapsed_sec": 594.104944229126,
  "eta_sec": null,
  "failed_jobs": 0,
  "percent": 100.0,
  "started_at_epoch": 1773798044.9459107,
  "total_jobs": 10,
  "updated_at_epoch": 1773798639.0508578
}