step,train_step_loss,train_acc,train_loss,val_acc,val_loss,avg_intra_expert_coherence,expert_diversity_e0,expert_diversity_e1,expert_diversity_e2,expert_diversity_e3,expert_diversity_mean,expert_purity_e0,expert_purity_e1,expert_purity_e2,expert_purity_e3,expert_purity_mean,inter_expert_similarity,inter_expert_similarity_e0_e0,inter_expert_similarity_e0_e1,inter_expert_similarity_e0_e2,inter_expert_similarity_e0_e3,inter_expert_similarity_e1_e0,inter_expert_similarity_e1_e1,inter_expert_similarity_e1_e2,inter_expert_similarity_e1_e3,inter_expert_similarity_e2_e0,inter_expert_similarity_e2_e1,inter_expert_similarity_e2_e2,inter_expert_similarity_e2_e3,inter_expert_similarity_e3_e0,inter_expert_similarity_e3_e1,inter_expert_similarity_e3_e2,inter_expert_similarity_e3_e3,intra_expert_coherence_e0,intra_expert_coherence_e1,intra_expert_coherence_e2,intra_expert_coherence_e3,load_cv,load_max_min_ratio,overall_task_conflict_cos,router_entropy,router_load_e0,router_load_e1,router_load_e2,router_load_e3,task_acc__glue_cola,task_acc__glue_mrpc,task_acc__glue_rte,task_conflict_t0_t0,task_conflict_t0_t1,task_conflict_t0_t2,task_conflict_t1_t0,task_conflict_t1_t1,task_conflict_t1_t2,task_conflict_t2_t0,task_conflict_t2_t1,task_conflict_t2_t2,task_grad_norm_cv,task_loss__glue_cola,task_loss__glue_mrpc,task_loss__glue_rte,utilization_ratio
1.0,0.667395810286204,0.625745881252294,0.664903331086651,0.6160076283075439,0.665906223771143,-0.05860881224341039,0.9539294787185698,0.9546685333103005,0.9633953671878425,0.9833483220389964,0.9638354253139273,0.44215747714042664,0.4841013550758362,0.46857285499572754,0.4249333441257477,0.4549412578344345,0.0333720121289123,1.0,0.021562612052137463,0.0387771856721219,0.02634885434574065,0.021562612052137463,1.0,0.024951734484175765,0.05680869923775888,0.0387771856721219,0.024951734484175765,1.0,0.03178298698153915,0.02634885434574065,0.05680869923775888,0.03178298698153915,1.0,-0.13245660979856597,-0.02183874834940495,0.022987335687354764,-0.10312722651302542,0.5745528758638201,3.7862470994009847,-0.0015806276934599388,1.2202324527833197,0.17253907024860382,0.4949057400226593,0.20184394717216492,0.1307114213705063,0.6912751677852349,0.6838235294117647,0.4729241877256318,1.0,0.7407525668142899,-0.46624625368360856,0.7407525668142899,1.0,-0.2792481962110612,-0.46624625368360856,-0.2792481962110612,1.0,0.26023393600304684,0.6612897192248861,0.6224876557495079,0.713941296339035,1.0
