step,train_step_loss,train_acc,train_loss,val_acc,val_loss,alignment_reward,l_conflict,l_conflict_e0,l_conflict_e1,l_conflict_e2,l_conflict_e3,router_conflict_grad_l2,router_entropy,router_load_e0,router_load_e1,router_load_e2,router_load_e3
30.0,0.5927872608105342,0.6498977811236363,0.5990002264604145,0.6356856866588695,0.6111060694355942,0.12880638241767883,-0.12880638241767883,-0.03792760148644447,-0.008441241458058357,-0.04830855503678322,-0.034128978848457336,0.0,0.6868018220972132,0.2820695638656616,0.09914714843034744,0.4280061721801758,0.19077709317207336
50.0,0.596118579308192,0.6890620100554677,0.5714665047886903,0.6789646422537388,0.5900857562303519,0.21758849918842316,-0.21758849918842316,-0.0853482186794281,-0.04876559227705002,-0.05580201372504234,-0.027672670781612396,0.0,0.6856650181666568,0.24943381547927856,0.1836247742176056,0.4019052982330322,0.16503600776195526
