step,train_step_loss,train_acc,train_loss,val_acc,val_loss,alignment_reward,l_conflict,l_conflict_e0,l_conflict_e1,l_conflict_e2,l_conflict_e3,router_conflict_grad_l2,router_entropy,router_load_e0,router_load_e1,router_load_e2,router_load_e3
30.0,0.5578539644678434,0.6701630329938096,0.6015644417746066,0.6880432488617444,0.593347891900746,0.3862645626068115,-0.3862645626068115,-0.09140381962060928,-0.17658275365829468,-0.11827798187732697,-0.0,0.0,0.624013385562985,0.32277315855026245,0.40188366174697876,0.27465930581092834,0.000683929305523634
50.0,0.5515886197487514,0.6969626327697145,0.5487378983333041,0.6922284177887471,0.5566745695853498,0.1526719629764557,-0.1526719629764557,-0.025358203798532486,-0.08370514214038849,-0.04360862076282501,-0.0,0.0,0.626947146874887,0.2402048110961914,0.38326242566108704,0.3749188184738159,0.0016141548985615373
