step,train_step_loss,train_acc,train_loss,val_acc,val_loss,avg_intra_expert_coherence,expert_diversity_e0,expert_diversity_e1,expert_diversity_e2,expert_diversity_e3,expert_diversity_mean,expert_purity_e0,expert_purity_e1,expert_purity_e2,expert_purity_e3,expert_purity_mean,inter_expert_similarity,inter_expert_similarity_e0_e0,inter_expert_similarity_e0_e1,inter_expert_similarity_e0_e2,inter_expert_similarity_e0_e3,inter_expert_similarity_e1_e0,inter_expert_similarity_e1_e1,inter_expert_similarity_e1_e2,inter_expert_similarity_e1_e3,inter_expert_similarity_e2_e0,inter_expert_similarity_e2_e1,inter_expert_similarity_e2_e2,inter_expert_similarity_e2_e3,inter_expert_similarity_e3_e0,inter_expert_similarity_e3_e1,inter_expert_similarity_e3_e2,inter_expert_similarity_e3_e3,intra_expert_coherence_e0,intra_expert_coherence_e1,intra_expert_coherence_e2,intra_expert_coherence_e3,load_cv,load_max_min_ratio,overall_task_conflict_cos,router_entropy,router_load_e0,router_load_e1,router_load_e2,router_load_e3,task_acc__glue_rte,task_conflict_t0_t0,task_grad_norm_cv,task_loss__glue_rte,utilization_ratio
50.0,0.6523590981960297,0.6116465863453815,0.6580644462735226,0.5740072202166066,0.6751963032616509,1.0,0.0,0.0,0.0,0.0,0.0,1.0,1.0,1.0,1.0,1.0,0.004463033770217041,1.0,0.026778202621302247,0.0,0.0,0.026778202621302247,1.0,0.0,0.0,0.0,0.0,1.0,0.0,0.0,0.0,0.0,1.0,1.0,1.0,1.0,1.0,1.033646583557129,41.63208463489522,1.0,0.6090083182503601,0.31237122416496277,0.6470407247543335,0.015541876666247845,0.025046171620488167,0.5740072202166066,1.0,0.0,0.6751963032616509,0.5
100.0,0.5873914062976837,0.697991967871486,0.5937744778891405,0.6678700361010831,0.6084428065352969,1.0,0.0,0.0,0.0,0.0,0.0,1.0,1.0,1.0,1.0,1.0,-0.00399079318710237,1.0,-0.023944759122614224,0.0,0.0,-0.023944759122614224,1.0,0.0,0.0,0.0,0.0,1.0,0.0,0.0,0.0,0.0,1.0,1.0,1.0,1.0,1.0,1.2438283257279785,764526247978.2104,1.0,0.4905151288001546,0.22853578627109528,0.7645262479782104,0.0,0.006937884259968996,0.6678700361010831,1.0,0.0,0.6084428065352969,0.5
150.0,0.56754370033741,0.7481927710843373,0.5407736320335131,0.7111913357400722,0.5885680814584097,1.0,0.0,0.0,0.0,0.0,0.0,1.0,1.0,1.0,1.0,1.0,0.002178347215031681,1.0,0.013070083290190087,0.0,0.0,0.013070083290190087,1.0,0.0,0.0,0.0,0.0,1.0,0.0,0.0,0.0,0.0,1.0,1.0,1.0,1.0,1.0,0.9421712160110474,80.22644060036268,1.0,0.6225285487054487,0.5150172114372253,0.4539048969745636,0.024658327922225,0.0064195445738732815,0.7111913357400722,1.0,0.0,0.5885680814584097,0.5
