step,train_step_loss,train_acc,train_loss,val_acc,val_loss,avg_intra_expert_coherence,expert_diversity_e0,expert_diversity_e1,expert_diversity_e2,expert_diversity_e3,expert_diversity_mean,expert_purity_e0,expert_purity_e1,expert_purity_e2,expert_purity_e3,expert_purity_mean,inter_expert_similarity,inter_expert_similarity_e0_e0,inter_expert_similarity_e0_e1,inter_expert_similarity_e0_e2,inter_expert_similarity_e0_e3,inter_expert_similarity_e1_e0,inter_expert_similarity_e1_e1,inter_expert_similarity_e1_e2,inter_expert_similarity_e1_e3,inter_expert_similarity_e2_e0,inter_expert_similarity_e2_e1,inter_expert_similarity_e2_e2,inter_expert_similarity_e2_e3,inter_expert_similarity_e3_e0,inter_expert_similarity_e3_e1,inter_expert_similarity_e3_e2,inter_expert_similarity_e3_e3,intra_expert_coherence_e0,intra_expert_coherence_e1,intra_expert_coherence_e2,intra_expert_coherence_e3,load_cv,load_max_min_ratio,overall_task_conflict_cos,router_entropy,router_load_e0,router_load_e1,router_load_e2,router_load_e3,task_acc__glue_rte,task_conflict_t0_t0,task_grad_norm_cv,task_loss__glue_rte,utilization_ratio
50.0,0.7415342926979065,0.4983935742971888,0.6943459774439151,0.4729241877256318,0.6974710391627418,1.0,0.0,0.0,0.0,0.0,0.0,1.0,1.0,1.0,1.0,1.0,-0.040321830599318986,1.0,0.0,0.0,-0.24193098359591392,0.0,1.0,0.0,0.0,0.0,0.0,1.0,0.0,-0.24193098359591392,0.0,0.0,1.0,1.0,1.0,1.0,1.0,1.0123780965805054,555800318717.9565,1.0,0.6869067181749035,0.5558003187179565,0.0,0.0,0.44419971108436584,0.4729241877256318,1.0,0.0,0.6974710391627418,0.5
100.0,0.7306698262691498,0.4983935742971888,0.7128790075580279,0.4729241877256318,0.7268057647678587,1.0,0.0,0.0,0.0,0.0,0.0,1.0,1.0,1.0,1.0,1.0,-0.03693014814210329,1.0,0.0,0.0,-0.22158088885261973,0.0,1.0,0.0,0.0,0.0,0.0,1.0,0.0,-0.22158088885261973,0.0,0.0,1.0,1.0,1.0,1.0,1.0,1.0046732425689697,534220516681.67114,1.0,0.6908032498204751,0.5342205166816711,0.0,0.0,0.46577948331832886,0.4729241877256318,1.0,0.0,0.7268057647678587,0.5
150.0,0.694959431886673,0.5016064257028112,0.6936337433946438,0.5270758122743683,0.691201056043307,1.0,0.0,0.0,0.0,0.0,0.0,1.0,1.0,1.0,1.0,1.0,-0.04072228437397093,1.0,0.0,0.0,-0.24433370624382558,0.0,1.0,0.0,0.0,0.0,0.0,1.0,0.0,-0.24433370624382558,0.0,0.0,1.0,1.0,1.0,1.0,1.0,1.0051713588935947,536002516746.521,1.0,0.6905525427863055,0.536002516746521,0.0,0.0,0.46399742364883423,0.5270758122743683,1.0,0.0,0.691201056043307,0.5
