step,train_step_loss,train_acc,train_loss,val_acc,val_loss,avg_intra_expert_coherence,expert_diversity_e0,expert_diversity_e1,expert_diversity_e2,expert_diversity_e3,expert_diversity_mean,expert_purity_e0,expert_purity_e1,expert_purity_e2,expert_purity_e3,expert_purity_mean,inter_expert_similarity,inter_expert_similarity_e0_e0,inter_expert_similarity_e0_e1,inter_expert_similarity_e0_e2,inter_expert_similarity_e0_e3,inter_expert_similarity_e1_e0,inter_expert_similarity_e1_e1,inter_expert_similarity_e1_e2,inter_expert_similarity_e1_e3,inter_expert_similarity_e2_e0,inter_expert_similarity_e2_e1,inter_expert_similarity_e2_e2,inter_expert_similarity_e2_e3,inter_expert_similarity_e3_e0,inter_expert_similarity_e3_e1,inter_expert_similarity_e3_e2,inter_expert_similarity_e3_e3,intra_expert_coherence_e0,intra_expert_coherence_e1,intra_expert_coherence_e2,intra_expert_coherence_e3,load_cv,load_max_min_ratio,overall_task_conflict_cos,router_entropy,router_load_e0,router_load_e1,router_load_e2,router_load_e3,task_acc__glue_cola,task_acc__glue_mrpc,task_acc__glue_rte,task_conflict_t0_t0,task_conflict_t0_t1,task_conflict_t0_t2,task_conflict_t1_t0,task_conflict_t1_t1,task_conflict_t1_t2,task_conflict_t2_t0,task_conflict_t2_t1,task_conflict_t2_t2,task_grad_norm_cv,task_loss__glue_cola,task_loss__glue_mrpc,task_loss__glue_rte,utilization_ratio
1.0,0.733278493086497,0.628829698498191,0.6536400604201441,0.6200123217944653,0.6545735631743853,0.28626575493771794,0.9843755764539008,0.8907080297071517,0.9362701864661537,0.9249156993815423,0.9340673730021871,0.4142400622367859,0.5728598833084106,0.4707711935043335,0.48454394936561584,0.48560377210378647,0.09612761789672146,1.0,0.17977062901232865,0.16639928151457017,0.09592287141235345,0.17977062901232865,1.0,-0.003810025522529269,0.08534656025000144,0.16639928151457017,-0.003810025522529269,1.0,0.05313639071360428,0.09592287141235345,0.08534656025000144,0.05313639071360428,1.0,-0.11473221983270605,0.8242734450952166,-0.00021580756359083444,0.4357376020519521,0.19921582052519077,1.5635763227763162,0.27169310099569577,1.345019446754897,0.19684123992919922,0.290975958108902,0.20440664887428284,0.3077763020992279,0.6960690316395014,0.6838235294117647,0.48014440433212996,1.0,0.763922638960473,-0.025912237764578645,0.763922638960473,1.0,0.07706890179119302,-0.025912237764578645,0.07706890179119302,1.0,0.2913318440433004,0.6127237372725974,0.6299034643406961,0.721093487909862,1.0
