step,train_step_loss,train_acc,train_loss,val_acc,val_loss,avg_intra_expert_coherence,expert_diversity_e0,expert_diversity_e1,expert_diversity_e2,expert_diversity_e3,expert_diversity_mean,expert_purity_e0,expert_purity_e1,expert_purity_e2,expert_purity_e3,expert_purity_mean,inter_expert_similarity,inter_expert_similarity_e0_e0,inter_expert_similarity_e0_e1,inter_expert_similarity_e0_e2,inter_expert_similarity_e0_e3,inter_expert_similarity_e1_e0,inter_expert_similarity_e1_e1,inter_expert_similarity_e1_e2,inter_expert_similarity_e1_e3,inter_expert_similarity_e2_e0,inter_expert_similarity_e2_e1,inter_expert_similarity_e2_e2,inter_expert_similarity_e2_e3,inter_expert_similarity_e3_e0,inter_expert_similarity_e3_e1,inter_expert_similarity_e3_e2,inter_expert_similarity_e3_e3,intra_expert_coherence_e0,intra_expert_coherence_e1,intra_expert_coherence_e2,intra_expert_coherence_e3,load_cv,load_max_min_ratio,overall_task_conflict_cos,router_entropy,router_load_e0,router_load_e1,router_load_e2,router_load_e3,task_acc__glue_mrpc,task_conflict_t0_t0,task_grad_norm_cv,task_loss__glue_mrpc,utilization_ratio
50.0,0.5029686689376831,0.6744820065430752,0.6310431299650151,0.6838235294117647,0.6248409879895357,1.0,0.0,0.0,0.0,0.0,0.0,1.0,1.0,1.0,1.0,1.0,-0.027513151495243113,1.0,-0.1650789089714587,0.0,0.0,-0.1650789089714587,1.0,0.0,0.0,0.0,0.0,1.0,0.0,0.0,0.0,0.0,1.0,1.0,1.0,1.0,1.0,1.0034043788909912,529198408126.83105,1.0,0.6914410824869194,0.529198408126831,0.47080156207084656,0.0,0.0,0.6838235294117647,1.0,0.0,0.6248409879895357,0.5
100.0,0.7358965575695038,0.6744820065430752,0.6381427086565805,0.6838235294117647,0.6309399518829125,1.0,0.0,0.0,0.0,0.0,0.0,1.0,1.0,1.0,1.0,1.0,0.013568360298358525,1.0,0.08141016179015115,0.0,0.0,0.08141016179015115,1.0,0.0,0.0,0.0,0.0,1.0,0.0,0.0,0.0,0.0,1.0,1.0,1.0,1.0,1.0,1.0000135898590088,501840829849.24316,1.0,0.69314044713974,0.5018408298492432,0.4981592297554016,0.0,0.0,0.6838235294117647,1.0,0.0,0.6309399518829125,0.5
150.0,0.6578427255153656,0.6744820065430752,0.6357919547868811,0.6838235294117647,0.6306345416949346,1.0,0.0,0.0,0.0,0.0,0.0,1.0,1.0,1.0,1.0,1.0,0.019626850044441844,1.0,0.11776110026665106,0.0,0.0,0.11776110026665106,1.0,0.0,0.0,0.0,0.0,1.0,0.0,0.0,0.0,0.0,1.0,1.0,1.0,1.0,1.0,1.010814905166626,552137792110.4431,1.0,0.6877006222220028,0.5521377921104431,0.4478622078895569,0.0,0.0,0.6838235294117647,1.0,0.0,0.6306345416949346,0.5
