step,train_step_loss,train_acc,train_loss,val_acc,val_loss,avg_intra_expert_coherence,expert_diversity_e0,expert_diversity_e1,expert_diversity_e2,expert_diversity_e3,expert_diversity_mean,expert_purity_e0,expert_purity_e1,expert_purity_e2,expert_purity_e3,expert_purity_mean,inter_expert_similarity,inter_expert_similarity_e0_e0,inter_expert_similarity_e0_e1,inter_expert_similarity_e0_e2,inter_expert_similarity_e0_e3,inter_expert_similarity_e1_e0,inter_expert_similarity_e1_e1,inter_expert_similarity_e1_e2,inter_expert_similarity_e1_e3,inter_expert_similarity_e2_e0,inter_expert_similarity_e2_e1,inter_expert_similarity_e2_e2,inter_expert_similarity_e2_e3,inter_expert_similarity_e3_e0,inter_expert_similarity_e3_e1,inter_expert_similarity_e3_e2,inter_expert_similarity_e3_e3,intra_expert_coherence_e0,intra_expert_coherence_e1,intra_expert_coherence_e2,intra_expert_coherence_e3,load_cv,load_max_min_ratio,overall_task_conflict_cos,router_entropy,router_load_e0,router_load_e1,router_load_e2,router_load_e3,task_acc__glue_mrpc,task_conflict_t0_t0,task_grad_norm_cv,task_loss__glue_mrpc,utilization_ratio
50.0,0.5878616273403168,0.6744820065430752,0.6411858132352,0.6838235294117647,0.6381712555885315,1.0,0.0,0.0,0.0,0.0,0.0,1.0,1.0,1.0,1.0,1.0,-0.03136475056392478,1.0,0.0,0.0,0.0,0.0,1.0,0.0,-0.18818850338354867,0.0,0.0,1.0,0.0,0.0,-0.18818850338354867,0.0,1.0,1.0,1.0,1.0,1.0,1.011057734489441,552722930908.2031,1.0,0.687577392540726,0.0,0.44727709889411926,0.0,0.5527229309082031,0.6838235294117647,1.0,0.0,0.6381712555885315,0.5
100.0,0.6583693325519562,0.6744820065430752,0.6516474449116251,0.6838235294117647,0.6486926330969884,1.0,0.0,0.0,0.0,0.0,0.0,1.0,1.0,1.0,1.0,1.0,-0.023721871961572726,1.0,0.0,0.0,0.0,0.0,1.0,0.0,-0.14233123176943635,0.0,0.0,1.0,0.0,0.0,-0.14233123176943635,0.0,1.0,1.0,1.0,1.0,1.0,1.0544668436050415,618268847465.5151,1.0,0.6649054335612877,0.0,0.38173121213912964,0.0,0.6182688474655151,0.6838235294117647,1.0,0.0,0.6486926330969884,0.5
150.0,0.6217964291572571,0.6744820065430752,0.6310074103267297,0.6838235294117647,0.6255584651461015,1.0,0.0,0.0,0.0,0.0,0.0,1.0,1.0,1.0,1.0,1.0,0.012838017675594338,1.0,0.0,0.0,0.0,0.0,1.0,0.0,0.07702810605356603,0.0,0.0,1.0,0.0,0.0,0.07702810605356603,0.0,1.0,1.0,1.0,1.0,1.0,1.2873061374985353,786609292030.3345,1.0,0.5184153774205376,0.0,0.21339130401611328,0.0,0.7866092920303345,0.6838235294117647,1.0,0.0,0.6255584651461015,0.5
