step,train_step_loss,train_acc,train_loss,val_acc,val_loss,avg_intra_expert_coherence,expert_diversity_e0,expert_diversity_e1,expert_diversity_e2,expert_diversity_e3,expert_diversity_mean,expert_purity_e0,expert_purity_e1,expert_purity_e2,expert_purity_e3,expert_purity_mean,inter_expert_similarity,inter_expert_similarity_e0_e0,inter_expert_similarity_e0_e1,inter_expert_similarity_e0_e2,inter_expert_similarity_e0_e3,inter_expert_similarity_e1_e0,inter_expert_similarity_e1_e1,inter_expert_similarity_e1_e2,inter_expert_similarity_e1_e3,inter_expert_similarity_e2_e0,inter_expert_similarity_e2_e1,inter_expert_similarity_e2_e2,inter_expert_similarity_e2_e3,inter_expert_similarity_e3_e0,inter_expert_similarity_e3_e1,inter_expert_similarity_e3_e2,inter_expert_similarity_e3_e3,intra_expert_coherence_e0,intra_expert_coherence_e1,intra_expert_coherence_e2,intra_expert_coherence_e3,load_cv,load_max_min_ratio,overall_task_conflict_cos,router_entropy,router_load_e0,router_load_e1,router_load_e2,router_load_e3,task_acc__glue_rte,task_conflict_t0_t0,task_grad_norm_cv,task_loss__glue_rte,utilization_ratio
50.0,0.5907032489776611,0.5120481927710844,0.6805968499527528,0.5379061371841155,0.6768248130877813,1.0,0.0,0.0,0.0,0.0,0.0,1.0,1.0,1.0,1.0,1.0,0.005627123961286235,1.0,0.0,0.03376274376771741,0.0,0.0,1.0,0.0,0.0,0.03376274376771741,0.0,1.0,0.0,0.0,0.0,0.0,1.0,1.0,1.0,1.0,1.0,1.0000027418136597,500822842121.12427,1.0,0.6926261896691167,0.4991771876811981,0.0,0.5008228421211243,0.0,0.5379061371841155,1.0,0.0,0.6768248130877813,0.5
100.0,0.6454521119594574,0.7108433734939759,0.6162515132282025,0.6425992779783394,0.6461713860432307,1.0,0.0,0.0,0.0,0.0,0.0,1.0,1.0,1.0,1.0,1.0,0.00547074291253822,1.0,0.0,0.03282445747522932,0.0,0.0,1.0,0.0,0.0,0.03282445747522932,0.0,1.0,0.0,0.0,0.0,0.0,1.0,1.0,1.0,1.0,1.0,1.000585913658142,512104094028.4729,1.0,0.6920721350163759,0.5121040940284729,0.0,0.4878959357738495,0.0,0.6425992779783394,1.0,0.0,0.6461713860432307,0.5
150.0,0.6145932376384735,0.6983935742971887,0.6073399100739223,0.6498194945848376,0.6294730736149682,1.0,0.0,0.0,0.0,0.0,0.0,1.0,1.0,1.0,1.0,1.0,0.009993832423440943,1.0,0.0,0.05996299454064566,0.0,0.0,1.0,0.0,0.0,0.05996299454064566,0.0,1.0,0.0,0.0,0.0,0.0,1.0,1.0,1.0,1.0,1.0,1.0011270642952361,516790449619.2932,1.0,0.6920965260116633,0.483209490776062,0.0,0.5167904496192932,0.0,0.6498194945848376,1.0,0.0,0.6294730736149682,0.5
