step,train_step_loss,train_acc,train_loss,val_acc,val_loss,avg_intra_expert_coherence,expert_diversity_e0,expert_diversity_e1,expert_diversity_e2,expert_diversity_e3,expert_diversity_mean,expert_purity_e0,expert_purity_e1,expert_purity_e2,expert_purity_e3,expert_purity_mean,inter_expert_similarity,inter_expert_similarity_e0_e0,inter_expert_similarity_e0_e1,inter_expert_similarity_e0_e2,inter_expert_similarity_e0_e3,inter_expert_similarity_e1_e0,inter_expert_similarity_e1_e1,inter_expert_similarity_e1_e2,inter_expert_similarity_e1_e3,inter_expert_similarity_e2_e0,inter_expert_similarity_e2_e1,inter_expert_similarity_e2_e2,inter_expert_similarity_e2_e3,inter_expert_similarity_e3_e0,inter_expert_similarity_e3_e1,inter_expert_similarity_e3_e2,inter_expert_similarity_e3_e3,intra_expert_coherence_e0,intra_expert_coherence_e1,intra_expert_coherence_e2,intra_expert_coherence_e3,load_cv,load_max_min_ratio,overall_task_conflict_cos,router_entropy,router_load_e0,router_load_e1,router_load_e2,router_load_e3,task_acc__glue_mrpc,task_conflict_t0_t0,task_grad_norm_cv,task_loss__glue_mrpc,utilization_ratio
50.0,0.5811005383729935,0.7183751363140676,0.5219685235101243,0.7230392156862745,0.5108020345752056,1.0,0.0,0.0,0.0,0.0,0.0,1.0,1.0,1.0,1.0,1.0,0.01980659712748162,1.0,0.0,0.0,0.0,0.0,1.0,0.0,0.0,0.0,0.0,1.0,0.11883958276488972,0.0,0.0,0.11883958276488972,1.0,1.0,1.0,1.0,1.0,0.9981095790863037,510860145092.0105,1.0,0.691975006870195,0.0,0.001209408394061029,0.5108601450920105,0.48793044686317444,0.7230392156862745,1.0,0.0,0.5108020345752056,0.5
100.0,0.5649283826351166,0.8137949836423118,0.4184783332616739,0.8014705882352942,0.41626997750539046,1.0,0.0,0.0,0.0,0.0,0.0,1.0,1.0,1.0,1.0,1.0,0.015782280888673582,1.0,0.0,0.0,0.0,0.0,1.0,0.0,0.0,0.0,0.0,1.0,0.09469368533204149,0.0,0.0,0.09469368533204149,1.0,1.0,1.0,1.0,1.0,0.992233992548705,527500331401.82495,1.0,0.6897953479897743,0.0,0.00576389255002141,0.527500331401825,0.4667358696460724,0.8014705882352942,1.0,0.0,0.41626997750539046,0.5
150.0,0.4625702351331711,0.8326063249727372,0.3714076944100468,0.8112745098039216,0.3886710780744369,1.0,0.0,0.0,0.0,0.0,0.0,1.0,1.0,1.0,1.0,1.0,-0.01733514767043237,1.0,0.0,0.0,0.0,0.0,1.0,0.0,0.0,0.0,0.0,1.0,-0.10401088602259423,0.0,0.0,-0.10401088602259423,1.0,1.0,1.0,1.0,1.0,0.9781696174346944,524528145790.1001,1.0,0.6901172200838724,0.0,0.012972258031368256,0.5245281457901001,0.4624994993209839,0.8112745098039216,1.0,0.0,0.3886710780744369,0.5
