step,train_step_loss,train_acc,train_loss,val_acc,val_loss,alignment_reward,l_conflict,l_conflict_e0,l_conflict_e1,l_conflict_e2,l_conflict_e3,router_conflict_grad_l2,router_entropy,router_load_e0,router_load_e1,router_load_e2,router_load_e3
30.0,0.6379642809430758,0.6701916832639343,0.5907602014394935,0.6639456871434478,0.5920058781592398,0.12680397927761078,-0.12680397927761078,-0.051970224827528,-0.0,-0.031572937965393066,-0.043260809034109116,0.0,0.6865675962633557,0.36130234599113464,0.008736363612115383,0.500347912311554,0.12961333990097046
50.0,0.5725580404202144,0.6860057476583433,0.5581196761190421,0.6694680614151184,0.5716623822188872,0.12865182757377625,-0.12865182757377625,-0.056208301335573196,-0.0,-0.0348750539124012,-0.037568479776382446,0.0,0.6836304772231314,0.35462096333503723,0.004529139958322048,0.47607967257499695,0.16477026045322418
