step,train_step_loss,train_acc,train_loss,val_acc,val_loss,alignment_reward,l_conflict,l_conflict_e0,l_conflict_e1,l_conflict_e2,l_conflict_e3,router_conflict_grad_l2,router_entropy,router_load_e0,router_load_e1,router_load_e2,router_load_e3
30.0,0.6048805415630342,0.6688643415947398,0.592227051592258,0.6540957057517521,0.6055592023986924,0.14154097437858582,-0.14154097437858582,-0.06068394333124161,-0.030671855434775352,-0.05018516629934311,-0.0,0.0,0.6781257760745508,0.17239950597286224,0.3148519992828369,0.4972161650657654,0.01553238183259964
50.0,0.6489221205314002,0.651446930947199,0.6376115572631839,0.6469414286684799,0.6618365019991386,0.15978793799877167,-0.15978793799877167,-0.04598492756485939,-0.027882114052772522,-0.04841192066669464,-0.037508975714445114,0.0,0.6860353673497835,0.4044792354106903,0.09788576513528824,0.2521607279777527,0.24547433853149414
