step,train_step_loss,train_acc,train_loss,val_acc,val_loss,avg_intra_expert_coherence,expert_diversity_e0,expert_diversity_e1,expert_diversity_e2,expert_diversity_e3,expert_diversity_mean,expert_purity_e0,expert_purity_e1,expert_purity_e2,expert_purity_e3,expert_purity_mean,inter_expert_similarity,inter_expert_similarity_e0_e0,inter_expert_similarity_e0_e1,inter_expert_similarity_e0_e2,inter_expert_similarity_e0_e3,inter_expert_similarity_e1_e0,inter_expert_similarity_e1_e1,inter_expert_similarity_e1_e2,inter_expert_similarity_e1_e3,inter_expert_similarity_e2_e0,inter_expert_similarity_e2_e1,inter_expert_similarity_e2_e2,inter_expert_similarity_e2_e3,inter_expert_similarity_e3_e0,inter_expert_similarity_e3_e1,inter_expert_similarity_e3_e2,inter_expert_similarity_e3_e3,intra_expert_coherence_e0,intra_expert_coherence_e1,intra_expert_coherence_e2,intra_expert_coherence_e3,load_cv,load_max_min_ratio,overall_task_conflict_cos,router_entropy,router_load_e0,router_load_e1,router_load_e2,router_load_e3,task_acc__glue_mrpc,task_conflict_t0_t0,task_grad_norm_cv,task_loss__glue_mrpc,utilization_ratio
50.0,0.39191651344299316,0.7960741548527808,0.41715089635032676,0.7965686274509803,0.41736913099884987,1.0,0.0,0.0,0.0,0.0,0.0,1.0,1.0,1.0,1.0,1.0,0.21713958430297084,1.0,0.17589615813875778,0.03219311278923248,0.29847073933492546,0.17589615813875778,1.0,-0.014016884355041314,0.5750985274076906,0.03219311278923248,-0.014016884355041314,1.0,0.2351958525022599,0.29847073933492546,0.5750985274076906,0.2351958525022599,1.0,1.0,1.0,1.0,1.0,0.30204218005631206,2.4368664378722302,1.0,1.3092455022475298,0.2688252925872803,0.22922146320343018,0.35590359568595886,0.14604969322681427,0.7965686274509803,1.0,0.0,0.41736913099884987,1.0
100.0,0.48980557918548584,0.8983097055616139,0.2589181397474654,0.8774509803921569,0.30345596688298077,1.0,0.0,0.0,0.0,0.0,0.0,1.0,1.0,1.0,1.0,1.0,0.274689469992957,1.0,0.22509088115609238,0.03423839492456966,0.2737601995005776,0.22509088115609238,1.0,0.26268299748696605,0.6252260685151206,0.03423839492456966,0.26268299748696605,1.0,0.2271382783744159,0.2737601995005776,0.6252260685151206,0.2271382783744159,1.0,1.0,1.0,1.0,1.0,0.41693689924102423,2.8277318255755057,1.0,1.2778146220188515,0.3266378939151764,0.1621096134185791,0.3776870369911194,0.13356536626815796,0.8774509803921569,1.0,0.0,0.30345596688298077,1.0
