step,train_step_loss,train_acc,train_loss,val_acc,val_loss,avg_intra_expert_coherence,expert_diversity_e0,expert_diversity_e1,expert_diversity_e2,expert_diversity_e3,expert_diversity_mean,expert_purity_e0,expert_purity_e1,expert_purity_e2,expert_purity_e3,expert_purity_mean,inter_expert_similarity,inter_expert_similarity_e0_e0,inter_expert_similarity_e0_e1,inter_expert_similarity_e0_e2,inter_expert_similarity_e0_e3,inter_expert_similarity_e1_e0,inter_expert_similarity_e1_e1,inter_expert_similarity_e1_e2,inter_expert_similarity_e1_e3,inter_expert_similarity_e2_e0,inter_expert_similarity_e2_e1,inter_expert_similarity_e2_e2,inter_expert_similarity_e2_e3,inter_expert_similarity_e3_e0,inter_expert_similarity_e3_e1,inter_expert_similarity_e3_e2,inter_expert_similarity_e3_e3,intra_expert_coherence_e0,intra_expert_coherence_e1,intra_expert_coherence_e2,intra_expert_coherence_e3,load_cv,load_max_min_ratio,overall_task_conflict_cos,router_entropy,router_load_e0,router_load_e1,router_load_e2,router_load_e3,task_acc__glue_rte,task_conflict_t0_t0,task_grad_norm_cv,task_loss__glue_rte,utilization_ratio
50.0,0.6856178641319275,0.6377510040160642,0.6354166588722131,0.5956678700361011,0.6748953354027536,1.0,0.0,0.0,0.0,0.0,0.0,1.0,1.0,1.0,1.0,1.0,0.0006763623453703375,1.0,0.0,0.0,0.0,0.0,1.0,0.0,0.004058174072222025,0.0,0.0,1.0,0.0,0.0,0.004058174072222025,0.0,1.0,1.0,1.0,1.0,1.0,1.0094859009674728,410.6117296725951,1.0,0.682907467714716,0.0013772823149338365,0.43003711104393005,0.0030572779942303896,0.5655282735824585,0.5956678700361011,1.0,0.0,0.6748953354027536,0.5
100.0,0.7156203389167786,0.7453815261044177,0.532769111591654,0.6859205776173285,0.603419705397553,1.0,0.0,0.0,0.0,0.0,0.0,1.0,1.0,1.0,1.0,1.0,0.01726387023698678,1.0,0.0,0.0,0.0,0.0,1.0,0.0,0.10358322142192068,0.0,0.0,1.0,0.0,0.0,0.10358322142192068,0.0,1.0,1.0,1.0,1.0,1.0,0.999893367284141,536284565925.59814,1.0,0.6878541789760658,0.0,0.4608003795146942,0.002915002405643463,0.5362845659255981,0.6859205776173285,1.0,0.0,0.603419705397553,0.5
150.0,0.5371903777122498,0.7610441767068273,0.49466107789522556,0.6750902527075813,0.5967455059289932,1.0,0.0,0.0,0.0,0.0,0.0,1.0,1.0,1.0,1.0,1.0,-0.062323154175203066,1.0,0.0,0.0,0.0,0.0,1.0,0.0,-0.3739389250512184,0.0,0.0,1.0,0.0,0.0,-0.3739389250512184,0.0,1.0,1.0,1.0,1.0,1.0,1.0050898790359497,535716772079.4678,1.0,0.6891797647579482,0.0,0.4642832577228546,0.0,0.5357167720794678,0.6750902527075813,1.0,0.0,0.5967455059289932,0.5
