step,train_step_loss,train_acc,train_loss,val_acc,val_loss,avg_intra_expert_coherence,expert_diversity_e0,expert_diversity_e1,expert_diversity_e2,expert_diversity_e3,expert_diversity_mean,expert_purity_e0,expert_purity_e1,expert_purity_e2,expert_purity_e3,expert_purity_mean,inter_expert_similarity,inter_expert_similarity_e0_e0,inter_expert_similarity_e0_e1,inter_expert_similarity_e0_e2,inter_expert_similarity_e0_e3,inter_expert_similarity_e1_e0,inter_expert_similarity_e1_e1,inter_expert_similarity_e1_e2,inter_expert_similarity_e1_e3,inter_expert_similarity_e2_e0,inter_expert_similarity_e2_e1,inter_expert_similarity_e2_e2,inter_expert_similarity_e2_e3,inter_expert_similarity_e3_e0,inter_expert_similarity_e3_e1,inter_expert_similarity_e3_e2,inter_expert_similarity_e3_e3,intra_expert_coherence_e0,intra_expert_coherence_e1,intra_expert_coherence_e2,intra_expert_coherence_e3,load_cv,load_max_min_ratio,overall_task_conflict_cos,router_entropy,router_load_e0,router_load_e1,router_load_e2,router_load_e3,task_acc__glue_rte,task_conflict_t0_t0,task_grad_norm_cv,task_loss__glue_rte,utilization_ratio
50.0,0.6858263611793518,0.4983935742971888,0.6971360336511563,0.4729241877256318,0.7034947524468104,1.0,0.0,0.0,0.0,0.0,0.0,1.0,1.0,1.0,1.0,1.0,0.005011349652623909,1.0,0.0,0.0,0.0,0.0,1.0,0.030068097915743455,0.0,0.0,0.030068097915743455,1.0,0.0,0.0,0.0,0.0,1.0,1.0,1.0,1.0,1.0,1.0104451179504395,551234066486.3586,1.0,0.6878825895192391,0.0,0.44876590371131897,0.5512340664863586,0.0,0.4729241877256318,1.0,0.0,0.7034947524468104,0.5
100.0,0.726813942193985,0.4983935742971888,0.6942009848279831,0.4729241877256318,0.6973309102985594,1.0,0.0,0.0,0.0,0.0,0.0,1.0,1.0,1.0,1.0,1.0,0.0055066542751472,1.0,0.0,0.0,0.0,0.0,1.0,0.0330399256508832,0.0,0.0,0.0330399256508832,1.0,0.0,0.0,0.0,0.0,1.0,1.0,1.0,1.0,1.0,1.000153124341555,506187200546.26465,1.0,0.6930697764730626,0.0,0.4938127398490906,0.5061872005462646,0.0,0.4729241877256318,1.0,0.0,0.6973309102985594,0.5
150.0,0.7474334239959717,0.4983935742971888,0.7019853133039597,0.4729241877256318,0.7112070669730505,1.0,0.0,0.0,0.0,0.0,0.0,1.0,1.0,1.0,1.0,1.0,0.006553693732127801,1.0,0.0,0.0,0.0,0.0,1.0,0.039322162392766806,0.0,0.0,0.039322162392766806,1.0,0.0,0.0,0.0,0.0,1.0,1.0,1.0,1.0,1.0,1.0008183717727661,514307260513.30566,1.0,0.692736679896551,0.0,0.5143072605133057,0.48569270968437195,0.0,0.4729241877256318,1.0,0.0,0.7112070669730505,0.5
