step,train_step_loss,train_acc,train_loss,val_acc,val_loss,avg_intra_expert_coherence,expert_diversity_e0,expert_diversity_e1,expert_diversity_e2,expert_diversity_e3,expert_diversity_mean,expert_purity_e0,expert_purity_e1,expert_purity_e2,expert_purity_e3,expert_purity_mean,inter_expert_similarity,inter_expert_similarity_e0_e0,inter_expert_similarity_e0_e1,inter_expert_similarity_e0_e2,inter_expert_similarity_e0_e3,inter_expert_similarity_e1_e0,inter_expert_similarity_e1_e1,inter_expert_similarity_e1_e2,inter_expert_similarity_e1_e3,inter_expert_similarity_e2_e0,inter_expert_similarity_e2_e1,inter_expert_similarity_e2_e2,inter_expert_similarity_e2_e3,inter_expert_similarity_e3_e0,inter_expert_similarity_e3_e1,inter_expert_similarity_e3_e2,inter_expert_similarity_e3_e3,intra_expert_coherence_e0,intra_expert_coherence_e1,intra_expert_coherence_e2,intra_expert_coherence_e3,load_cv,load_max_min_ratio,overall_task_conflict_cos,router_entropy,router_load_e0,router_load_e1,router_load_e2,router_load_e3,task_acc__glue_rte,task_conflict_t0_t0,task_grad_norm_cv,task_loss__glue_rte,utilization_ratio
50.0,0.6673795878887177,0.6265060240963856,0.6453530907630921,0.6173285198555957,0.6662496096558042,1.0,0.0,0.0,0.0,0.0,0.0,1.0,1.0,1.0,1.0,1.0,0.02214323536439596,1.0,0.0,0.0,0.0,0.0,1.0,0.019842257346871388,0.054065314163309515,0.0,0.019842257346871388,1.0,0.05895184067619487,0.0,0.054065314163309515,0.05895184067619487,1.0,1.0,1.0,1.0,1.0,0.9644383170865963,646147072315.2161,1.0,0.6466279623740847,0.0,0.21173520386219025,0.6461470723152161,0.1421176791191101,0.6173285198555957,1.0,0.0,0.6662496096558042,0.75
100.0,0.6161276996135712,0.6959839357429719,0.590265064782057,0.6498194945848376,0.6213602349162102,1.0,0.0,0.0,0.0,0.0,0.0,1.0,1.0,1.0,1.0,1.0,0.0041794730751318065,1.0,0.0,0.0,0.0,0.0,1.0,0.0,0.0,0.0,0.0,1.0,0.02507683845079084,0.0,0.0,0.02507683845079084,1.0,1.0,1.0,1.0,1.0,1.247367024421692,763610601425.1709,1.0,0.5292905736916332,0.0,0.0,0.7636106014251709,0.2363894134759903,0.6498194945848376,1.0,0.0,0.6213602349162102,0.5
150.0,0.5480006337165833,0.6987951807228916,0.5787596940994263,0.6570397111913358,0.6297278735372756,1.0,0.0,0.0,0.0,0.0,0.0,1.0,1.0,1.0,1.0,1.0,0.005936350332667605,1.0,0.0,0.0,0.0,0.0,1.0,0.0,0.0,0.0,0.0,1.0,0.03561810199600563,0.0,0.0,0.03561810199600563,1.0,1.0,1.0,1.0,1.0,1.1193535327911377,677817404270.1721,1.0,0.6232082137992666,0.0,0.0,0.6778174042701721,0.3221825957298279,0.6570397111913358,1.0,0.0,0.6297278735372756,0.5
