step,train_step_loss,train_acc,train_loss,val_acc,val_loss,alignment_reward,l_conflict,l_conflict_e0,l_conflict_e1,l_conflict_e2,l_conflict_e3,router_conflict_grad_l2,router_entropy,router_load_e0,router_load_e1,router_load_e2,router_load_e3
30.0,0.6166135023037593,0.6764093838816209,0.6067318956083135,0.6720918396675657,0.6093922133763762,0.15756960213184357,-0.15756960213184357,-0.04767492786049843,-0.10989467054605484,-0.0,-0.0,0.0,0.5785202405380981,0.30536243319511414,0.6931975483894348,0.0,0.001439973246306181
50.0,0.5316477417945863,0.6545517247006237,0.6310919207657576,0.6512762722255897,0.6337824824945717,0.2793888747692108,-0.2793888747692108,-0.07551800459623337,-0.18213298916816711,-0.0,-0.021737877279520035,0.0,0.5640767645780687,0.3226543962955475,0.6379166841506958,0.0009744976996444166,0.03845427185297012
