step,train_step_loss,train_acc,train_loss,val_acc,val_loss,router_entropy,router_load_e0,router_load_e1,router_load_e2,router_load_e3
30.0,0.6029609392086664,0.6474223947015881,0.6148598279550359,0.6351947542114594,0.6269013006818303,0.6795930213950299,0.3929206430912018,0.04053715243935585,0.010405588895082474,0.5561366081237793
50.0,0.6446193357308706,0.6608580650997091,0.585259463539794,0.6471555384120714,0.5963722016487035,0.6819660997501126,0.3889433443546295,0.03800663352012634,0.021558793261647224,0.5514910221099854
