{
  "completed_jobs": 753,
  "current_phase": "",
  "elapsed_sec": 18270.623152971268,
  "eta_sec": null,
  "failed_jobs": 0,
  "percent": 100.0,
  "started_at_epoch": 1773956133.3426867,
  "total_jobs": 753,
  "updated_at_epoch": 1773974403.9658425
}