step,train_step_loss,train_acc,train_loss,val_acc,val_loss,avg_intra_expert_coherence,expert_diversity_e0,expert_diversity_e1,expert_diversity_e2,expert_diversity_e3,expert_diversity_mean,expert_purity_e0,expert_purity_e1,expert_purity_e2,expert_purity_e3,expert_purity_mean,inter_expert_similarity,inter_expert_similarity_e0_e0,inter_expert_similarity_e0_e1,inter_expert_similarity_e0_e2,inter_expert_similarity_e0_e3,inter_expert_similarity_e1_e0,inter_expert_similarity_e1_e1,inter_expert_similarity_e1_e2,inter_expert_similarity_e1_e3,inter_expert_similarity_e2_e0,inter_expert_similarity_e2_e1,inter_expert_similarity_e2_e2,inter_expert_similarity_e2_e3,inter_expert_similarity_e3_e0,inter_expert_similarity_e3_e1,inter_expert_similarity_e3_e2,inter_expert_similarity_e3_e3,intra_expert_coherence_e0,intra_expert_coherence_e1,intra_expert_coherence_e2,intra_expert_coherence_e3,load_cv,load_max_min_ratio,overall_task_conflict_cos,router_entropy,router_load_e0,router_load_e1,router_load_e2,router_load_e3,task_acc__glue_rte,task_conflict_t0_t0,task_grad_norm_cv,task_loss__glue_rte,utilization_ratio
50.0,0.6794025301933289,0.6052208835341365,0.6645054885210134,0.5740072202166066,0.6789665553304884,1.0,0.0,0.0,0.0,0.0,0.0,1.0,1.0,1.0,1.0,1.0,-0.005945206651207638,1.0,-0.04648168606763868,0.0,0.04459186950808113,-0.04648168606763868,1.0,0.0,-0.03378142334768828,0.0,0.0,1.0,0.0,0.04459186950808113,-0.03378142334768828,0.0,1.0,1.0,1.0,1.0,1.0,0.9140604734420776,593897879123.6877,1.0,0.6738093441574152,0.3119145333766937,0.0941876471042633,0.0,0.5938978791236877,0.5740072202166066,1.0,0.0,0.6789665553304884,0.5
100.0,0.7563098669052124,0.6542168674698795,0.633533206792214,0.6353790613718412,0.6454519348012077,1.0,0.0,0.0,0.0,0.0,0.0,1.0,1.0,1.0,1.0,1.0,0.004176493902824747,1.0,0.0,0.0,0.025058963416948483,0.0,1.0,0.0,0.0,0.0,0.0,1.0,0.0,0.025058963416948483,0.0,0.0,1.0,1.0,1.0,1.0,1.0,1.1914572715759277,729011595249.176,1.0,0.5828029343367483,0.270988404750824,0.0,0.0,0.729011595249176,0.6353790613718412,1.0,0.0,0.6454519348012077,0.5
150.0,0.7149015367031097,0.4983935742971888,0.6956244866053263,0.4729241877256318,0.70051242907842,1.0,0.0,0.0,0.0,0.0,0.0,1.0,1.0,1.0,1.0,1.0,0.006972155385648257,1.0,0.0,0.0,0.04183293231388954,0.0,1.0,0.0,0.0,0.0,0.0,1.0,0.0,0.04183293231388954,0.0,0.0,1.0,1.0,1.0,1.0,1.0,1.013873815536499,559097528457.6416,1.0,0.6861442856840279,0.4409025311470032,0.0,0.0,0.5590975284576416,0.4729241877256318,1.0,0.0,0.70051242907842,0.5
