step,train_step_loss,train_acc,train_loss,val_acc,val_loss,avg_intra_expert_coherence,expert_diversity_e0,expert_diversity_e1,expert_diversity_e2,expert_diversity_e3,expert_diversity_mean,expert_purity_e0,expert_purity_e1,expert_purity_e2,expert_purity_e3,expert_purity_mean,inter_expert_similarity,inter_expert_similarity_e0_e0,inter_expert_similarity_e0_e1,inter_expert_similarity_e0_e2,inter_expert_similarity_e0_e3,inter_expert_similarity_e1_e0,inter_expert_similarity_e1_e1,inter_expert_similarity_e1_e2,inter_expert_similarity_e1_e3,inter_expert_similarity_e2_e0,inter_expert_similarity_e2_e1,inter_expert_similarity_e2_e2,inter_expert_similarity_e2_e3,inter_expert_similarity_e3_e0,inter_expert_similarity_e3_e1,inter_expert_similarity_e3_e2,inter_expert_similarity_e3_e3,intra_expert_coherence_e0,intra_expert_coherence_e1,intra_expert_coherence_e2,intra_expert_coherence_e3,load_cv,load_max_min_ratio,overall_task_conflict_cos,router_entropy,router_load_e0,router_load_e1,router_load_e2,router_load_e3,task_acc__glue_rte,task_conflict_t0_t0,task_grad_norm_cv,task_loss__glue_rte,utilization_ratio
50.0,0.6857487559318542,0.4983935742971888,0.7082065590681174,0.4729241877256318,0.7204674333333969,1.0,0.0,0.0,0.0,0.0,0.0,1.0,1.0,1.0,1.0,1.0,-0.06521873658908744,1.0,0.0,0.0,-0.39131241953452467,0.0,1.0,0.0,0.0,0.0,0.0,1.0,0.0,-0.39131241953452467,0.0,0.0,1.0,1.0,1.0,1.0,1.0,1.0010957717895508,516555607318.8782,1.0,0.6925988817042823,0.5165556073188782,0.0,0.0,0.4834444224834442,0.4729241877256318,1.0,0.0,0.7204674333333969,0.5
100.0,0.6984872817993164,0.5016064257028112,0.693925887842973,0.5270758122743683,0.6908358352051841,1.0,0.0,0.0,0.0,0.0,0.0,1.0,1.0,1.0,1.0,1.0,0.028734821058711623,1.0,0.0,0.0,0.0,0.0,1.0,0.0,0.17240892635226973,0.0,0.0,1.0,0.0,0.0,0.17240892635226973,0.0,1.0,1.0,1.0,1.0,1.0,1.0282022919413696,584557652473.4497,1.0,0.6787782068286992,0.0,0.41544243693351746,0.0,0.5845576524734497,0.5270758122743683,1.0,0.0,0.6908358352051841,0.5
150.0,0.7401742041110992,0.4983935742971888,0.6981690427431694,0.4729241877256318,0.7050631559557385,1.0,0.0,0.0,0.0,0.0,0.0,1.0,1.0,1.0,1.0,1.0,0.0018909311053103923,1.0,0.0,0.0,0.011345586631862354,0.0,1.0,0.0,0.0,0.0,0.0,1.0,0.0,0.011345586631862354,0.0,0.0,1.0,1.0,1.0,1.0,1.0,1.0507436990737915,614051699638.3667,1.0,0.6669012062816413,0.3859483301639557,0.0,0.0,0.6140516996383667,0.4729241877256318,1.0,0.0,0.7050631559557385,0.5
