step,train_step_loss,train_acc,train_loss,val_acc,val_loss,alignment_reward,l_conflict,l_conflict_e0,l_conflict_e1,l_conflict_e2,l_conflict_e3,router_conflict_grad_l2,router_entropy,router_load_e0,router_load_e1,router_load_e2,router_load_e3
5.0,1.6571515500545502,0.5035464496022047,1.6808602321256079,0.5141559272737112,1.6466774622516243,115.05741882324219,-115.05741882324219,-20.952333450317383,-16.40243148803711,-4.732280254364014,-72.97037506103516,0.0,1.0626168295189187,0.44838687777519226,0.15667060017585754,0.11337397992610931,0.28156837821006775
