{
  "baseline": {
    "num_common_steps": 16,
    "seeds": [
      2,
      3,
      5,
      7,
      11
    ],
    "steps": [
      50,
      100,
      150,
      200,
      250,
      300,
      350,
      400,
      450,
      500,
      550,
      600,
      650,
      700,
      750,
      800
    ],
    "train_acc_last_mean": 0.842433078220288,
    "train_acc_last_std": 0.017423534003844644,
    "train_loss_last_mean": 0.36227405995933715,
    "train_loss_last_std": 0.02569411102060663,
    "val_acc_last_mean": 0.7586038476964535,
    "val_acc_last_std": 0.02074718379146351,
    "val_loss_last_mean": 0.49242076641559135,
    "val_loss_last_std": 0.0170526645708718
  },
  "cagrad": {
    "num_common_steps": 16,
    "seeds": [
      2,
      3,
      5,
      7,
      11
    ],
    "steps": [
      50,
      100,
      150,
      200,
      250,
      300,
      350,
      400,
      450,
      500,
      550,
      600,
      650,
      700,
      750,
      800
    ],
    "train_acc_last_mean": 0.8531184064587134,
    "train_acc_last_std": 0.008097538325099522,
    "train_loss_last_mean": 0.37467835497739643,
    "train_loss_last_std": 0.010378922230167372,
    "val_acc_last_mean": 0.7595982359540219,
    "val_acc_last_std": 0.005714160960457741,
    "val_loss_last_mean": 0.5598685186193549,
    "val_loss_last_std": 0.032336772542346626
  },
  "ours": {
    "num_common_steps": 16,
    "seeds": [
      2,
      3,
      5,
      7,
      11
    ],
    "steps": [
      50,
      100,
      150,
      200,
      250,
      300,
      350,
      400,
      450,
      500,
      550,
      600,
      650,
      700,
      750,
      800
    ],
    "train_acc_last_mean": 0.829869889008998,
    "train_acc_last_std": 0.029300810609492182,
    "train_loss_last_mean": 0.3889518038337325,
    "train_loss_last_std": 0.0326204703583596,
    "val_acc_last_mean": 0.7457170648002214,
    "val_acc_last_std": 0.03587027424775101,
    "val_loss_last_mean": 0.5125034585974215,
    "val_loss_last_std": 0.03160944546454915
  }
}