method,val_acc_last_mean,val_acc_last_std,val_loss_last_mean,val_loss_last_std
baseline,0.7586038476964535,0.02074718379146351,0.49242076641559135,0.0170526645708718
cagrad,0.7595982359540219,0.005714160960457741,0.5598685186193549,0.032336772542346626
ours,0.7457170648002214,0.03587027424775101,0.5125034585974215,0.03160944546454915
