step,train_step_loss,train_acc,train_loss,val_acc,val_loss,avg_intra_expert_coherence,expert_diversity_e0,expert_diversity_e1,expert_diversity_e2,expert_diversity_e3,expert_diversity_mean,expert_purity_e0,expert_purity_e1,expert_purity_e2,expert_purity_e3,expert_purity_mean,inter_expert_similarity,inter_expert_similarity_e0_e0,inter_expert_similarity_e0_e1,inter_expert_similarity_e0_e2,inter_expert_similarity_e0_e3,inter_expert_similarity_e1_e0,inter_expert_similarity_e1_e1,inter_expert_similarity_e1_e2,inter_expert_similarity_e1_e3,inter_expert_similarity_e2_e0,inter_expert_similarity_e2_e1,inter_expert_similarity_e2_e2,inter_expert_similarity_e2_e3,inter_expert_similarity_e3_e0,inter_expert_similarity_e3_e1,inter_expert_similarity_e3_e2,inter_expert_similarity_e3_e3,intra_expert_coherence_e0,intra_expert_coherence_e1,intra_expert_coherence_e2,intra_expert_coherence_e3,load_cv,load_max_min_ratio,overall_task_conflict_cos,router_entropy,router_load_e0,router_load_e1,router_load_e2,router_load_e3,task_acc__glue_mrpc,task_conflict_t0_t0,task_grad_norm_cv,task_loss__glue_mrpc,utilization_ratio
50.0,0.4915176033973694,0.7071973827699018,0.5364145799823429,0.7132352941176471,0.5332156239220729,1.0,0.0,0.0,0.0,0.0,0.0,1.0,1.0,1.0,1.0,1.0,-0.03238491757511709,1.0,0.0,0.0,0.0,0.0,1.0,0.0,0.0,0.0,0.0,1.0,-0.19430950545070255,0.0,0.0,-0.19430950545070255,1.0,1.0,1.0,1.0,1.0,1.001539945602417,519628822803.4973,1.0,0.6910261955915713,0.0,0.0,0.4803711473941803,0.5196288228034973,0.7132352941176471,1.0,0.0,0.5332156239220729,0.5
100.0,0.47663235664367676,0.8124318429661941,0.4230210848476576,0.8088235294117647,0.4197283344200024,1.0,0.0,0.0,0.0,0.0,0.0,1.0,1.0,1.0,1.0,1.0,-0.07747567234001808,1.0,0.0,0.0,0.0,0.0,1.0,0.0,0.0,0.0,0.0,1.0,-0.4648540340401085,0.0,0.0,-0.4648540340401085,1.0,1.0,1.0,1.0,1.0,0.997771143913269,499802261590.95764,1.0,0.6906592986162972,0.0,0.001115303603000939,0.49980226159095764,0.49908241629600525,0.8088235294117647,1.0,0.0,0.4197283344200024,0.5
150.0,0.5356147140264511,0.846782988004362,0.369556137919426,0.8529411764705882,0.36291906466850865,1.0,0.0,0.0,0.0,0.0,0.0,1.0,1.0,1.0,1.0,1.0,-0.0614525492367941,1.0,0.0,0.0,0.0,0.0,1.0,0.0,0.0,0.0,0.0,1.0,-0.3687152954207646,0.0,0.0,-0.3687152954207646,1.0,1.0,1.0,1.0,1.0,1.0052180296442543,550730407238.0066,1.0,0.6834532712020126,0.0,0.0028350960928946733,0.5507304072380066,0.4464344084262848,0.8529411764705882,1.0,0.0,0.36291906466850865,0.5
