step,train_step_loss,train_acc,train_loss,val_acc,val_loss,avg_intra_expert_coherence,expert_diversity_e0,expert_diversity_e1,expert_diversity_e2,expert_diversity_e3,expert_diversity_mean,expert_purity_e0,expert_purity_e1,expert_purity_e2,expert_purity_e3,expert_purity_mean,inter_expert_similarity,inter_expert_similarity_e0_e0,inter_expert_similarity_e0_e1,inter_expert_similarity_e0_e2,inter_expert_similarity_e0_e3,inter_expert_similarity_e1_e0,inter_expert_similarity_e1_e1,inter_expert_similarity_e1_e2,inter_expert_similarity_e1_e3,inter_expert_similarity_e2_e0,inter_expert_similarity_e2_e1,inter_expert_similarity_e2_e2,inter_expert_similarity_e2_e3,inter_expert_similarity_e3_e0,inter_expert_similarity_e3_e1,inter_expert_similarity_e3_e2,inter_expert_similarity_e3_e3,intra_expert_coherence_e0,intra_expert_coherence_e1,intra_expert_coherence_e2,intra_expert_coherence_e3,load_cv,load_max_min_ratio,overall_task_conflict_cos,router_entropy,router_load_e0,router_load_e1,router_load_e2,router_load_e3,task_acc__glue_rte,task_conflict_t0_t0,task_grad_norm_cv,task_loss__glue_rte,utilization_ratio
50.0,0.6898492872714996,0.5080321285140562,0.6915375837148764,0.4620938628158845,0.6946775929795371,1.0,0.0,0.0,0.0,0.0,0.0,1.0,1.0,1.0,1.0,1.0,0.005095459684069774,1.0,0.0,0.0,0.030572758104418646,0.0,1.0,0.0,0.0,0.0,0.0,1.0,0.0,0.030572758104418646,0.0,0.0,1.0,1.0,1.0,1.0,1.0,1.0030080080032349,527443110942.8406,1.0,0.6911517437614689,0.4725569188594818,0.0,0.0,0.5274431109428406,0.4620938628158845,1.0,0.0,0.6946775929795371,0.5
100.0,0.7099184393882751,0.5514056224899598,0.6861762072031314,0.516245487364621,0.6910323169496324,1.0,0.0,0.0,0.0,0.0,0.0,1.0,1.0,1.0,1.0,1.0,0.006263411377259535,1.0,0.0,0.0,0.03758046826355721,0.0,1.0,0.0,0.0,0.0,0.0,1.0,0.0,0.03758046826355721,0.0,0.0,1.0,1.0,1.0,1.0,1.0,1.0035606626940563,529862225055.6946,1.0,0.6898939402955534,0.47013765573501587,0.0,0.0,0.5298622250556946,0.516245487364621,1.0,0.0,0.6910323169496324,0.5
150.0,0.6686153709888458,0.6313253012048192,0.6727643554409345,0.5992779783393501,0.675537508394983,1.0,0.0,0.0,0.0,0.0,0.0,1.0,1.0,1.0,1.0,1.0,0.006437515625205948,1.0,0.0,0.0,0.03862509375123569,0.0,1.0,0.0,0.0,0.0,0.0,1.0,0.0,0.03862509375123569,0.0,0.0,1.0,1.0,1.0,1.0,1.0,0.9858027688147288,507640838623.0469,1.0,0.6878062422094793,0.4849720895290375,0.007387004792690277,0.0,0.5076408386230469,0.5992779783393501,1.0,0.0,0.675537508394983,0.5
