step,train_step_loss,train_acc,train_loss,val_acc,val_loss,avg_intra_expert_coherence,expert_diversity_e0,expert_diversity_e1,expert_diversity_e2,expert_diversity_e3,expert_diversity_mean,expert_purity_e0,expert_purity_e1,expert_purity_e2,expert_purity_e3,expert_purity_mean,inter_expert_similarity,inter_expert_similarity_e0_e0,inter_expert_similarity_e0_e1,inter_expert_similarity_e0_e2,inter_expert_similarity_e0_e3,inter_expert_similarity_e1_e0,inter_expert_similarity_e1_e1,inter_expert_similarity_e1_e2,inter_expert_similarity_e1_e3,inter_expert_similarity_e2_e0,inter_expert_similarity_e2_e1,inter_expert_similarity_e2_e2,inter_expert_similarity_e2_e3,inter_expert_similarity_e3_e0,inter_expert_similarity_e3_e1,inter_expert_similarity_e3_e2,inter_expert_similarity_e3_e3,intra_expert_coherence_e0,intra_expert_coherence_e1,intra_expert_coherence_e2,intra_expert_coherence_e3,load_cv,load_max_min_ratio,overall_task_conflict_cos,router_entropy,router_load_e0,router_load_e1,router_load_e2,router_load_e3,task_acc__glue_rte,task_conflict_t0_t0,task_grad_norm_cv,task_loss__glue_rte,utilization_ratio
50.0,0.6996868848800659,0.5164658634538153,0.6930343797573676,0.5090252707581228,0.6930253174569871,1.0,0.0,0.0,0.0,0.0,0.0,1.0,1.0,1.0,1.0,1.0,0.005694725600787059,1.0,0.0,0.0,0.0,0.0,1.0,0.0,0.0,0.0,0.0,1.0,0.034168353604722354,0.0,0.0,0.034168353604722354,1.0,1.0,1.0,1.0,1.0,1.0001540184020996,506204903125.76294,1.0,0.6930646767254771,0.0,0.0,0.5062049031257629,0.4937950670719147,0.5090252707581228,1.0,0.0,0.6930253174569871,0.5
100.0,0.6882137358188629,0.4983935742971888,0.6931835107696361,0.4729241877256318,0.693626292877727,1.0,0.0,0.0,0.0,0.0,0.0,1.0,1.0,1.0,1.0,1.0,0.007475467804019974,1.0,0.0,0.0,0.0,0.0,1.0,0.0,0.0,0.0,0.0,1.0,0.044852806824119844,0.0,0.0,0.044852806824119844,1.0,1.0,1.0,1.0,1.0,1.0006260871887207,512512981891.6321,1.0,0.6928339684482946,0.0,0.0,0.5125129818916321,0.4874870181083679,0.4729241877256318,1.0,0.0,0.693626292877727,0.5
150.0,0.6883697807788849,0.4983935742971888,0.693923973884338,0.4729241877256318,0.6965395907560984,1.0,0.0,0.0,0.0,0.0,0.0,1.0,1.0,1.0,1.0,1.0,0.007783167663449633,1.0,0.0,0.0,0.0,0.0,1.0,0.0,0.0,0.0,0.0,1.0,0.046699005980697796,0.0,0.0,0.046699005980697796,1.0,1.0,1.0,1.0,1.0,1.0020114183425903,522435426712.03613,1.0,0.6921401092722097,0.0,0.0,0.47756457328796387,0.5224354267120361,0.4729241877256318,1.0,0.0,0.6965395907560984,0.5
