step,train_step_loss,train_acc,train_loss,val_acc,val_loss,avg_intra_expert_coherence,expert_diversity_e0,expert_diversity_e1,expert_diversity_e2,expert_diversity_e3,expert_diversity_mean,expert_purity_e0,expert_purity_e1,expert_purity_e2,expert_purity_e3,expert_purity_mean,inter_expert_similarity,inter_expert_similarity_e0_e0,inter_expert_similarity_e0_e1,inter_expert_similarity_e0_e2,inter_expert_similarity_e0_e3,inter_expert_similarity_e1_e0,inter_expert_similarity_e1_e1,inter_expert_similarity_e1_e2,inter_expert_similarity_e1_e3,inter_expert_similarity_e2_e0,inter_expert_similarity_e2_e1,inter_expert_similarity_e2_e2,inter_expert_similarity_e2_e3,inter_expert_similarity_e3_e0,inter_expert_similarity_e3_e1,inter_expert_similarity_e3_e2,inter_expert_similarity_e3_e3,intra_expert_coherence_e0,intra_expert_coherence_e1,intra_expert_coherence_e2,intra_expert_coherence_e3,load_cv,load_max_min_ratio,overall_task_conflict_cos,router_entropy,router_load_e0,router_load_e1,router_load_e2,router_load_e3,task_acc__glue_mrpc,task_conflict_t0_t0,task_grad_norm_cv,task_loss__glue_mrpc,utilization_ratio
50.0,0.750193327665329,0.6744820065430752,0.6312038093805313,0.6838235294117647,0.6258863531626188,1.0,0.0,0.0,0.0,0.0,0.0,1.0,1.0,1.0,1.0,1.0,0.007279210160202839,1.0,0.04367526096121704,0.0,0.0,0.04367526096121704,1.0,0.0,0.0,0.0,0.0,1.0,0.0,0.0,0.0,0.0,1.0,1.0,1.0,1.0,1.0,1.0138853788375854,559122145175.9338,1.0,0.6861400008201599,0.5591221451759338,0.44087788462638855,0.0,0.0,0.6838235294117647,1.0,0.0,0.6258863531626188,0.5
100.0,0.6757290959358215,0.6744820065430752,0.6353389077212499,0.6838235294117647,0.6316286508853619,1.0,0.0,0.0,0.0,0.0,0.0,1.0,1.0,1.0,1.0,1.0,0.014436855238164579,1.0,0.0,0.0,0.08662113142898747,0.0,1.0,0.0,0.0,0.0,0.0,1.0,0.0,0.08662113142898747,0.0,0.0,1.0,1.0,1.0,1.0,1.0,1.0627808570861816,627231657505.0354,1.0,0.6604125499725342,0.3727683126926422,0.0,0.0,0.6272316575050354,0.6838235294117647,1.0,0.0,0.6316286508853619,0.5
150.0,0.7550449967384338,0.6744820065430752,0.6533386985892835,0.6838235294117647,0.6420542769707166,1.0,0.0,0.0,0.0,0.0,0.0,1.0,1.0,1.0,1.0,1.0,0.006014712201086413,1.0,0.0,0.0,0.0,0.0,1.0,0.0,0.03608827320651848,0.0,0.0,1.0,0.0,0.0,0.03608827320651848,0.0,1.0,1.0,1.0,1.0,1.0,1.0564903155542171,620504915714.2639,1.0,0.6638162136077881,0.0,0.6205049157142639,0.0,0.379494845867157,0.6838235294117647,1.0,0.0,0.6420542769707166,0.5
