step,train_step_loss,train_acc,train_loss,val_acc,val_loss,avg_intra_expert_coherence,expert_diversity_e0,expert_diversity_e1,expert_diversity_e2,expert_diversity_e3,expert_diversity_mean,expert_purity_e0,expert_purity_e1,expert_purity_e2,expert_purity_e3,expert_purity_mean,inter_expert_similarity,inter_expert_similarity_e0_e0,inter_expert_similarity_e0_e1,inter_expert_similarity_e0_e2,inter_expert_similarity_e0_e3,inter_expert_similarity_e1_e0,inter_expert_similarity_e1_e1,inter_expert_similarity_e1_e2,inter_expert_similarity_e1_e3,inter_expert_similarity_e2_e0,inter_expert_similarity_e2_e1,inter_expert_similarity_e2_e2,inter_expert_similarity_e2_e3,inter_expert_similarity_e3_e0,inter_expert_similarity_e3_e1,inter_expert_similarity_e3_e2,inter_expert_similarity_e3_e3,intra_expert_coherence_e0,intra_expert_coherence_e1,intra_expert_coherence_e2,intra_expert_coherence_e3,load_cv,load_max_min_ratio,overall_task_conflict_cos,router_entropy,router_load_e0,router_load_e1,router_load_e2,router_load_e3,task_acc__glue_rte,task_conflict_t0_t0,task_grad_norm_cv,task_loss__glue_rte,utilization_ratio
50.0,0.6548908948898315,0.5016064257028112,0.6947519557216228,0.5270758122743683,0.6904244621594747,1.0,0.0,0.0,0.0,0.0,0.0,1.0,1.0,1.0,1.0,1.0,0.005259178778140244,1.0,0.0,0.0,0.0,0.0,1.0,0.031555072668841465,0.0,0.0,0.031555072668841465,1.0,0.0,0.0,0.0,0.0,1.0,1.0,1.0,1.0,1.0,1.0005497933089487,511725664138.79395,1.0,0.6928721713675489,0.0,0.511725664138794,0.4882742464542389,0.0,0.5270758122743683,1.0,0.0,0.6904244621594747,0.5
100.0,0.7130982279777527,0.4983935742971888,0.7003205212645042,0.4729241877256318,0.7086124072472254,1.0,0.0,0.0,0.0,0.0,0.0,1.0,1.0,1.0,1.0,1.0,0.007747185839806965,1.0,0.0,0.0,0.0,0.0,1.0,0.04648311503884179,0.0,0.0,0.04648311503884179,1.0,0.0,0.0,0.0,0.0,1.0,1.0,1.0,1.0,1.0,1.001462459564209,519127905368.80493,1.0,0.6924152580839632,0.0,0.48087215423583984,0.5191279053688049,0.0,0.4729241877256318,1.0,0.0,0.7086124072472254,0.5
150.0,0.723168134689331,0.5016064257028112,0.7002985080465292,0.5270758122743683,0.691467704044448,1.0,0.0,0.0,0.0,0.0,0.0,1.0,1.0,1.0,1.0,1.0,0.007033153978449488,1.0,0.0,0.0,0.0,0.0,1.0,0.04219892387069693,0.0,0.0,0.04219892387069693,1.0,0.0,0.0,0.0,0.0,1.0,1.0,1.0,1.0,1.0,1.001389741897583,518646478652.9541,1.0,0.692451607019032,0.0,0.4813534915447235,0.5186464786529541,0.0,0.5270758122743683,1.0,0.0,0.691467704044448,0.5
