step,train_step_loss,train_acc,train_loss,val_acc,val_loss,avg_intra_expert_coherence,expert_diversity_e0,expert_diversity_e1,expert_diversity_e2,expert_diversity_e3,expert_diversity_mean,expert_purity_e0,expert_purity_e1,expert_purity_e2,expert_purity_e3,expert_purity_mean,inter_expert_similarity,inter_expert_similarity_e0_e0,inter_expert_similarity_e0_e1,inter_expert_similarity_e0_e2,inter_expert_similarity_e0_e3,inter_expert_similarity_e1_e0,inter_expert_similarity_e1_e1,inter_expert_similarity_e1_e2,inter_expert_similarity_e1_e3,inter_expert_similarity_e2_e0,inter_expert_similarity_e2_e1,inter_expert_similarity_e2_e2,inter_expert_similarity_e2_e3,inter_expert_similarity_e3_e0,inter_expert_similarity_e3_e1,inter_expert_similarity_e3_e2,inter_expert_similarity_e3_e3,intra_expert_coherence_e0,intra_expert_coherence_e1,intra_expert_coherence_e2,intra_expert_coherence_e3,load_cv,load_max_min_ratio,overall_task_conflict_cos,router_entropy,router_load_e0,router_load_e1,router_load_e2,router_load_e3,task_acc__glue_rte,task_conflict_t0_t0,task_grad_norm_cv,task_loss__glue_rte,utilization_ratio
50.0,0.6851620972156525,0.4983935742971888,0.6980027969066913,0.4729241877256318,0.7048565182420943,1.0,0.0,0.0,0.0,0.0,0.0,1.0,1.0,1.0,1.0,1.0,0.006122059562230082,1.0,0.0,0.0,0.0,0.0,1.0,0.0,0.0,0.0,0.0,1.0,0.03673235737338049,0.0,0.0,0.03673235737338049,1.0,1.0,1.0,1.0,1.0,1.1176718473434448,676490187644.9585,1.0,0.6294867914936603,0.0,0.0,0.3235097825527191,0.6764901876449585,0.4729241877256318,1.0,0.0,0.7048565182420943,0.5
100.0,0.7316668331623077,0.4983935742971888,0.6936232351339781,0.4729241877256318,0.6955766081809998,1.0,0.0,0.0,0.0,0.0,0.0,1.0,1.0,1.0,1.0,1.0,0.009546865031810736,1.0,0.0,0.0,0.05728119019086442,0.0,1.0,0.0,0.0,0.0,0.0,1.0,0.0,0.05728119019086442,0.0,0.0,1.0,1.0,1.0,1.0,1.0,1.122746959060068,680471777915.9546,1.0,0.6265132573537447,0.31952813267707825,0.0,0.0,0.6804717779159546,0.4729241877256318,1.0,0.0,0.6955766081809998,0.5
150.0,0.6960146129131317,0.5016064257028112,0.6945418038429357,0.5270758122743683,0.6905023207267126,1.0,0.0,0.0,0.0,0.0,0.0,1.0,1.0,1.0,1.0,1.0,0.007308536569817625,1.0,0.0,0.0,0.043851219418905754,0.0,1.0,0.0,0.0,0.0,0.0,1.0,0.0,0.043851219418905754,0.0,0.0,1.0,1.0,1.0,1.0,1.0,1.0480921893174762,610960125923.1567,1.0,0.6683166259462653,0.3890398144721985,0.0,0.0,0.6109601259231567,0.5270758122743683,1.0,0.0,0.6905023207267126,0.5
