step,train_step_loss,train_acc,train_loss,val_acc,val_loss,avg_intra_expert_coherence,expert_diversity_e0,expert_diversity_e1,expert_diversity_e2,expert_diversity_e3,expert_diversity_mean,expert_purity_e0,expert_purity_e1,expert_purity_e2,expert_purity_e3,expert_purity_mean,inter_expert_similarity,inter_expert_similarity_e0_e0,inter_expert_similarity_e0_e1,inter_expert_similarity_e0_e2,inter_expert_similarity_e0_e3,inter_expert_similarity_e1_e0,inter_expert_similarity_e1_e1,inter_expert_similarity_e1_e2,inter_expert_similarity_e1_e3,inter_expert_similarity_e2_e0,inter_expert_similarity_e2_e1,inter_expert_similarity_e2_e2,inter_expert_similarity_e2_e3,inter_expert_similarity_e3_e0,inter_expert_similarity_e3_e1,inter_expert_similarity_e3_e2,inter_expert_similarity_e3_e3,intra_expert_coherence_e0,intra_expert_coherence_e1,intra_expert_coherence_e2,intra_expert_coherence_e3,load_cv,load_max_min_ratio,overall_task_conflict_cos,router_entropy,router_load_e0,router_load_e1,router_load_e2,router_load_e3,task_acc__glue_rte,task_conflict_t0_t0,task_grad_norm_cv,task_loss__glue_rte,utilization_ratio
50.0,0.6582208871841431,0.5016064257028112,0.6960688723967626,0.5270758122743683,0.69035076101621,1.0,0.0,0.0,0.0,0.0,0.0,1.0,1.0,1.0,1.0,1.0,0.004347088983842278,1.0,0.0,0.0,0.0,0.0,1.0,0.0,0.02608253390305367,0.0,0.0,1.0,0.0,0.0,0.02608253390305367,0.0,1.0,1.0,1.0,1.0,1.0,1.5854304491289344,934969365596.7712,1.0,0.24058962083465354,0.0,0.9349693655967712,0.0,0.06503019481897354,0.5270758122743683,1.0,0.0,0.69035076101621,0.25
100.0,0.7148202657699585,0.5016064257028112,0.6932929555957134,0.5270758122743683,0.6917843057049645,1.0,0.0,0.0,0.0,0.0,0.0,1.0,1.0,1.0,1.0,1.0,0.0061081469481410995,1.0,0.0,0.0,0.0,0.0,1.0,0.0366488816888466,0.0,0.0,0.0366488816888466,1.0,0.0,0.0,0.0,0.0,1.0,1.0,1.0,1.0,1.0,1.3714115926238077,831807672977.4475,1.0,0.45300865173339844,0.0,0.8318076729774475,0.16819250583648682,0.0,0.5270758122743683,1.0,0.0,0.6917843057049645,0.5
150.0,0.7015407979488373,0.4983935742971888,0.6933005029192337,0.4729241877256318,0.6943483601013819,1.0,0.0,0.0,0.0,0.0,0.0,1.0,1.0,1.0,1.0,1.0,0.010864880003053476,1.0,0.0,0.0,0.0,0.0,1.0,0.0,0.06518928001832086,0.0,0.0,1.0,0.0,0.0,0.06518928001832086,0.0,1.0,1.0,1.0,1.0,1.0,1.3307067151141254,810398876667.0227,1.0,0.4856438223635677,0.0,0.8103988766670227,0.0,0.18960094451904297,0.4729241877256318,1.0,0.0,0.6943483601013819,0.5
