{
  "best_val_acc": 0.6628650147659513,
  "final_val_acc": 0.660831428897648,
  "method": "ours",
  "num_eval_points": 5
}