{
  "best_val_acc": 0.6549280063021421,
  "final_val_acc": 0.6549280063021421,
  "method": "ours",
  "num_eval_points": 5
}