{
  "best_val_acc": 0.6683068493875232,
  "final_val_acc": 0.6683068493875232,
  "method": "ours",
  "num_eval_points": 5
}