step,train_step_loss,train_acc,train_loss,val_acc,val_loss,avg_intra_expert_coherence,expert_diversity_e0,expert_diversity_e1,expert_diversity_e2,expert_diversity_e3,expert_diversity_mean,expert_purity_e0,expert_purity_e1,expert_purity_e2,expert_purity_e3,expert_purity_mean,inter_expert_similarity,inter_expert_similarity_e0_e0,inter_expert_similarity_e0_e1,inter_expert_similarity_e0_e2,inter_expert_similarity_e0_e3,inter_expert_similarity_e1_e0,inter_expert_similarity_e1_e1,inter_expert_similarity_e1_e2,inter_expert_similarity_e1_e3,inter_expert_similarity_e2_e0,inter_expert_similarity_e2_e1,inter_expert_similarity_e2_e2,inter_expert_similarity_e2_e3,inter_expert_similarity_e3_e0,inter_expert_similarity_e3_e1,inter_expert_similarity_e3_e2,inter_expert_similarity_e3_e3,intra_expert_coherence_e0,intra_expert_coherence_e1,intra_expert_coherence_e2,intra_expert_coherence_e3,load_cv,load_max_min_ratio,overall_task_conflict_cos,router_entropy,router_load_e0,router_load_e1,router_load_e2,router_load_e3,task_acc__glue_rte,task_conflict_t0_t0,task_grad_norm_cv,task_loss__glue_rte,utilization_ratio
50.0,0.6266470849514008,0.6465863453815262,0.6320190134338843,0.628158844765343,0.6527771287494235,1.0,0.0,0.0,0.0,0.0,0.0,1.0,1.0,1.0,1.0,1.0,0.04892258925835242,1.0,0.0,0.0,0.0,0.0,1.0,0.2935355355501145,0.0,0.0,0.2935355355501145,1.0,0.0,0.0,0.0,0.0,1.0,1.0,1.0,1.0,1.0,1.0011461973190308,516933143138.8855,1.0,0.6910056078046668,0.0,0.5169331431388855,0.4830668270587921,0.0,0.628158844765343,1.0,0.0,0.6527771287494235,0.5
100.0,0.624477744102478,0.7096385542168675,0.5780697957636455,0.6498194945848376,0.6192479348844953,1.0,0.0,0.0,0.0,0.0,0.0,1.0,1.0,1.0,1.0,1.0,0.03310924009008021,1.0,0.0,0.0,0.0,0.0,1.0,0.19865544054048126,0.0,0.0,0.19865544054048126,1.0,0.0,0.0,0.0,0.0,1.0,1.0,1.0,1.0,1.0,1.0000063180930994,501259624958.0383,1.0,0.6913492791489143,0.0,0.4987402856349945,0.5012596249580383,0.0,0.6498194945848376,1.0,0.0,0.6192479348844953,0.5
150.0,0.5081823468208313,0.7562248995983936,0.535639423953417,0.6967509025270758,0.6001465204689238,1.0,0.0,0.0,0.0,0.0,0.0,1.0,1.0,1.0,1.0,1.0,0.009165309546263422,1.0,0.0,0.0,0.0,0.0,1.0,0.054991857277580526,0.0,0.0,0.054991857277580526,1.0,0.0,0.0,0.0,0.0,1.0,1.0,1.0,1.0,1.0,1.0004833936691284,510994672775.26855,1.0,0.6913816438254897,0.0,0.5109946727752686,0.48900535702705383,0.0,0.6967509025270758,1.0,0.0,0.6001465204689238,0.5
