{
  "best_val_acc": 0.6882301152153897,
  "final_val_acc": 0.6882301152153897,
  "method": "ours",
  "num_eval_points": 5
}