{
  "best_val_acc": 0.6785041175468401,
  "final_val_acc": 0.6779613621428026,
  "method": "ours",
  "num_eval_points": 5
}