step,train_step_loss,train_acc,train_loss,val_acc,val_loss,router_entropy,router_load_e0,router_load_e1,router_load_e2,router_load_e3
30.0,0.6640454431374868,0.6383991885614542,0.6218254236580699,0.6392489687949902,0.6294038233607062,1.3335529071865257,0.1722411960363388,0.29827672243118286,0.2025148719549179,0.32696735858917236
60.0,0.5522794673840206,0.6447524957303993,0.6051388355460893,0.6263930014134891,0.6207980264131728,1.3359480756852362,0.18048104643821716,0.2927511930465698,0.21059703826904297,0.3161708116531372
90.0,0.468610259393851,0.6707099852906748,0.583882441095774,0.6614817495982152,0.5956127671558167,1.3372232798073027,0.2040707916021347,0.29045069217681885,0.20574477314949036,0.2997339069843292
120.0,0.7831072819729645,0.691875993721078,0.5660374035951087,0.6779001224861002,0.5862501593072593,1.3398099502341614,0.18848951160907745,0.28608039021492004,0.23806999623775482,0.28735992312431335
150.0,0.4989681194225947,0.698525455850756,0.5522828917977449,0.6882301152153897,0.5749633854217678,1.3322351749434516,0.18084189295768738,0.30190208554267883,0.24015845358371735,0.2770974934101105
