step,train_step_loss,train_acc,train_loss,val_acc,val_loss,router_entropy,router_load_e0,router_load_e1,router_load_e2,router_load_e3
30.0,0.6549243728319805,0.6503390890977964,0.6317946459913432,0.648587086083434,0.6320311291861054,1.339077681372011,0.20387303829193115,0.36231014132499695,0.21792830526828766,0.21588875353336334
60.0,0.5010314087073009,0.6678186137817946,0.5985322145682024,0.6591593255430247,0.6036425153151335,1.3282681717364877,0.19093650579452515,0.37188515067100525,0.20357349514961243,0.2336045205593109
90.0,0.5956663315494857,0.6748267994598254,0.6016888593329884,0.6627829226328673,0.6078476940504333,1.317032925715601,0.19018514454364777,0.3872746229171753,0.19422362744808197,0.2283163070678711
120.0,0.6470669806003571,0.7106435941778909,0.5564584061618371,0.7020334506976535,0.5663050407679373,1.325127164936728,0.19312331080436707,0.36998215317726135,0.20818541944026947,0.22870922088623047
150.0,0.6004221290349961,0.7485311030065996,0.5091844840465874,0.7360515540179356,0.5231505686889535,1.3054488751071471,0.19241686165332794,0.3945288062095642,0.20107325911521912,0.21198108792304993
