{
  "best_val_acc": 0.7360515540179356,
  "final_val_acc": 0.7360515540179356,
  "method": "ours",
  "num_eval_points": 5
}