step,train_step_loss,train_acc,train_loss,val_acc,val_loss,avg_intra_expert_coherence,expert_diversity_e0,expert_diversity_e1,expert_diversity_e2,expert_diversity_e3,expert_diversity_mean,expert_purity_e0,expert_purity_e1,expert_purity_e2,expert_purity_e3,expert_purity_mean,inter_expert_similarity,inter_expert_similarity_e0_e0,inter_expert_similarity_e0_e1,inter_expert_similarity_e0_e2,inter_expert_similarity_e0_e3,inter_expert_similarity_e1_e0,inter_expert_similarity_e1_e1,inter_expert_similarity_e1_e2,inter_expert_similarity_e1_e3,inter_expert_similarity_e2_e0,inter_expert_similarity_e2_e1,inter_expert_similarity_e2_e2,inter_expert_similarity_e2_e3,inter_expert_similarity_e3_e0,inter_expert_similarity_e3_e1,inter_expert_similarity_e3_e2,inter_expert_similarity_e3_e3,intra_expert_coherence_e0,intra_expert_coherence_e1,intra_expert_coherence_e2,intra_expert_coherence_e3,load_cv,load_max_min_ratio,overall_task_conflict_cos,router_entropy,router_load_e0,router_load_e1,router_load_e2,router_load_e3,task_acc__glue_rte,task_conflict_t0_t0,task_grad_norm_cv,task_loss__glue_rte,utilization_ratio
50.0,0.56589075922966,0.5080321285140562,0.679644025900425,0.51985559566787,0.6762717175814841,1.0,0.0,0.0,0.0,0.0,0.0,1.0,1.0,1.0,1.0,1.0,0.004677849455314752,1.0,0.0,0.0,0.0,0.0,1.0,0.02806709673188851,0.0,0.0,0.02806709673188851,1.0,0.0,0.0,0.0,0.0,1.0,1.0,1.0,1.0,1.0,1.0036792755126953,547680020332.3364,1.0,0.6876802840387778,0.0030087672639638186,0.5476800203323364,0.44931119680404663,0.0,0.51985559566787,1.0,0.0,0.6762717175814841,0.5
100.0,0.6311538517475128,0.7052208835341366,0.5841479174028604,0.6642599277978339,0.6218625704447428,1.0,0.0,0.0,0.0,0.0,0.0,1.0,1.0,1.0,1.0,1.0,-0.018308224076289847,1.0,0.0,0.0,0.0,0.0,1.0,-0.10984934445773908,0.0,0.0,-0.10984934445773908,1.0,0.0,0.0,0.0,0.0,1.0,1.0,1.0,1.0,1.0,0.9667435328074059,541970670223.2361,1.0,0.6887195773073052,0.02283439040184021,0.5419706702232361,0.43519511818885803,0.0,0.6642599277978339,1.0,0.0,0.6218625704447428,0.5
150.0,0.6088678240776062,0.7172690763052209,0.6050251637895903,0.6787003610108303,0.6252377066347334,1.0,0.0,0.0,0.0,0.0,0.0,1.0,1.0,1.0,1.0,1.0,-0.005269528302742132,1.0,0.0,0.0,0.0,0.0,1.0,-0.03161716981645279,0.0,0.0,-0.03161716981645279,1.0,0.0,0.0,0.0,0.0,1.0,1.0,1.0,1.0,1.0,0.9736157059669495,531440436840.0574,1.0,0.6907863720229387,0.016588600352406502,0.5314404368400574,0.4519709646701813,0.0,0.6787003610108303,1.0,0.0,0.6252377066347334,0.5
