step,train_step_loss,train_acc,train_loss,val_acc,val_loss,avg_intra_expert_coherence,expert_diversity_e0,expert_diversity_e1,expert_diversity_e2,expert_diversity_e3,expert_diversity_mean,expert_purity_e0,expert_purity_e1,expert_purity_e2,expert_purity_e3,expert_purity_mean,inter_expert_similarity,inter_expert_similarity_e0_e0,inter_expert_similarity_e0_e1,inter_expert_similarity_e0_e2,inter_expert_similarity_e0_e3,inter_expert_similarity_e1_e0,inter_expert_similarity_e1_e1,inter_expert_similarity_e1_e2,inter_expert_similarity_e1_e3,inter_expert_similarity_e2_e0,inter_expert_similarity_e2_e1,inter_expert_similarity_e2_e2,inter_expert_similarity_e2_e3,inter_expert_similarity_e3_e0,inter_expert_similarity_e3_e1,inter_expert_similarity_e3_e2,inter_expert_similarity_e3_e3,intra_expert_coherence_e0,intra_expert_coherence_e1,intra_expert_coherence_e2,intra_expert_coherence_e3,load_cv,load_max_min_ratio,overall_task_conflict_cos,router_entropy,router_load_e0,router_load_e1,router_load_e2,router_load_e3,task_acc__glue_rte,task_conflict_t0_t0,task_grad_norm_cv,task_loss__glue_rte,utilization_ratio
50.0,0.6085161566734314,0.6333333333333333,0.6350362732624396,0.6245487364620939,0.6630073595378134,1.0,0.0,0.0,0.0,0.0,0.0,1.0,1.0,1.0,1.0,1.0,0.013948797679382818,1.0,0.0,0.0,0.0,0.0,1.0,0.0,0.0836927860762969,0.0,0.0,1.0,0.0,0.0,0.0836927860762969,0.0,1.0,1.0,1.0,1.0,1.0,0.9893807172775269,316.31017580928955,1.0,0.6910398488440669,0.0016475936863571405,0.5211506485939026,0.004873380996286869,0.4723283648490906,0.6245487364620939,1.0,0.0,0.6630073595378134,0.5
100.0,0.9487802982330322,0.7281124497991968,0.5637234239433057,0.6895306859205776,0.6282460515697798,1.0,0.0,0.0,0.0,0.0,0.0,1.0,1.0,1.0,1.0,1.0,0.009705962278102581,1.0,0.0,0.0,0.0,0.0,1.0,0.0,0.05823577366861549,0.0,0.0,1.0,0.0,0.0,0.05823577366861549,0.0,1.0,1.0,1.0,1.0,1.0,1.0000003576278687,500289499759.6741,1.0,0.692212896656904,0.0,0.5002894997596741,0.0,0.4997105300426483,0.6895306859205776,1.0,0.0,0.6282460515697798,0.5
150.0,0.59245765209198,0.7622489959839357,0.539501583442474,0.6678700361010831,0.602701496746805,1.0,0.0,0.0,0.0,0.0,0.0,1.0,1.0,1.0,1.0,1.0,-0.04532860885553969,1.0,0.0,0.0,0.0,0.0,1.0,0.0,-0.2719716531332381,0.0,0.0,1.0,0.0,0.0,-0.2719716531332381,0.0,1.0,1.0,1.0,1.0,1.0,1.0009334087371826,515279173851.0132,1.0,0.6923820361333634,0.0,0.4847208857536316,0.0,0.5152791738510132,0.6678700361010831,1.0,0.0,0.602701496746805,0.5
