step,train_step_loss,train_acc,train_loss,val_acc,val_loss,avg_intra_expert_coherence,expert_diversity_e0,expert_diversity_e1,expert_diversity_e2,expert_diversity_e3,expert_diversity_mean,expert_purity_e0,expert_purity_e1,expert_purity_e2,expert_purity_e3,expert_purity_mean,inter_expert_similarity,inter_expert_similarity_e0_e0,inter_expert_similarity_e0_e1,inter_expert_similarity_e0_e2,inter_expert_similarity_e0_e3,inter_expert_similarity_e1_e0,inter_expert_similarity_e1_e1,inter_expert_similarity_e1_e2,inter_expert_similarity_e1_e3,inter_expert_similarity_e2_e0,inter_expert_similarity_e2_e1,inter_expert_similarity_e2_e2,inter_expert_similarity_e2_e3,inter_expert_similarity_e3_e0,inter_expert_similarity_e3_e1,inter_expert_similarity_e3_e2,inter_expert_similarity_e3_e3,intra_expert_coherence_e0,intra_expert_coherence_e1,intra_expert_coherence_e2,intra_expert_coherence_e3,load_cv,load_max_min_ratio,overall_task_conflict_cos,router_entropy,router_load_e0,router_load_e1,router_load_e2,router_load_e3,task_acc__glue_mrpc,task_conflict_t0_t0,task_grad_norm_cv,task_loss__glue_mrpc,utilization_ratio
50.0,0.4945714473724365,0.7148309705561614,0.5225002661023451,0.7181372549019608,0.5194950923323631,1.0,0.0,0.0,0.0,0.0,0.0,1.0,1.0,1.0,1.0,1.0,0.037282491294646385,1.0,0.0,0.0,0.0,0.0,1.0,0.0,0.0,0.0,0.0,1.0,0.2236949477678783,0.0,0.0,0.2236949477678783,1.0,1.0,1.0,1.0,1.0,1.0001806616890825,506720840930.9387,1.0,0.6896514869203755,0.0,0.0,0.5067208409309387,0.4932790994644165,0.7181372549019608,1.0,0.0,0.5194950923323631,0.5
100.0,0.5609659850597382,0.8086150490730644,0.42062520616404386,0.8063725490196079,0.4073138768569781,1.0,0.0,0.0,0.0,0.0,0.0,1.0,1.0,1.0,1.0,1.0,0.0010706024001392288,1.0,0.0,0.0,0.0,0.0,1.0,0.0,0.0,0.0,0.0,1.0,0.006423614400835373,0.0,0.0,0.006423614400835373,1.0,1.0,1.0,1.0,1.0,1.0066181421279907,540743231773.37646,1.0,0.6708834767341614,0.0,0.0,0.4592567980289459,0.5407432317733765,0.8063725490196079,1.0,0.0,0.4073138768569781,0.5
150.0,0.5722609460353851,0.843784078516903,0.38130563550183305,0.8504901960784313,0.3721974749977772,1.0,0.0,0.0,0.0,0.0,0.0,1.0,1.0,1.0,1.0,1.0,-0.0032736813643523765,1.0,0.0,0.0,0.0,0.0,1.0,0.0,0.0,0.0,0.0,1.0,-0.019642088186114258,0.0,0.0,-0.019642088186114258,1.0,1.0,1.0,1.0,1.0,1.0178585052490234,567115604877.4719,1.0,0.659296755697213,0.0,0.0,0.4328843653202057,0.5671156048774719,0.8504901960784313,1.0,0.0,0.3721974749977772,0.5
