{
  "completed_jobs": 753,
  "current_phase": "",
  "elapsed_sec": 17756.65478014946,
  "eta_sec": null,
  "failed_jobs": 0,
  "percent": 100.0,
  "started_at_epoch": 1773938375.3562574,
  "total_jobs": 753,
  "updated_at_epoch": 1773956132.0110428
}