step,train_step_loss,train_acc,train_loss,val_acc,val_loss,avg_intra_expert_coherence,expert_diversity_e0,expert_diversity_e1,expert_diversity_e2,expert_diversity_e3,expert_diversity_mean,expert_purity_e0,expert_purity_e1,expert_purity_e2,expert_purity_e3,expert_purity_mean,inter_expert_similarity,inter_expert_similarity_e0_e0,inter_expert_similarity_e0_e1,inter_expert_similarity_e0_e2,inter_expert_similarity_e0_e3,inter_expert_similarity_e1_e0,inter_expert_similarity_e1_e1,inter_expert_similarity_e1_e2,inter_expert_similarity_e1_e3,inter_expert_similarity_e2_e0,inter_expert_similarity_e2_e1,inter_expert_similarity_e2_e2,inter_expert_similarity_e2_e3,inter_expert_similarity_e3_e0,inter_expert_similarity_e3_e1,inter_expert_similarity_e3_e2,inter_expert_similarity_e3_e3,intra_expert_coherence_e0,intra_expert_coherence_e1,intra_expert_coherence_e2,intra_expert_coherence_e3,load_cv,load_max_min_ratio,overall_task_conflict_cos,router_entropy,router_load_e0,router_load_e1,router_load_e2,router_load_e3,task_acc__glue_mrpc,task_conflict_t0_t0,task_grad_norm_cv,task_loss__glue_mrpc,utilization_ratio
50.0,0.4545874446630478,0.7415485278080698,0.5200261651173882,0.7352941176470589,0.51161644837031,1.0,0.0,0.0,0.0,0.0,0.0,1.0,1.0,1.0,1.0,1.0,-0.07770046898229298,1.0,0.0,0.0,-0.46620281389375784,0.0,1.0,0.0,0.0,0.0,0.0,1.0,0.0,-0.46620281389375784,0.0,0.0,1.0,1.0,1.0,1.0,1.0,1.0132218011153817,557682812213.8977,1.0,0.6857110285291484,0.5576828122138977,0.0,0.0,0.4423171281814575,0.7352941176470589,1.0,0.0,0.51161644837031,0.5
100.0,0.5444971024990082,0.7734460196292258,0.47142748729042383,0.7622549019607843,0.46868367665089095,1.0,0.0,0.0,0.0,0.0,0.0,1.0,1.0,1.0,1.0,1.0,-0.05020097799021736,1.0,0.0,0.0,-0.30120586794130416,0.0,1.0,0.0,0.0,0.0,0.0,1.0,0.0,-0.30120586794130416,0.0,0.0,1.0,1.0,1.0,1.0,1.0,1.0130866781576489,557385146617.8894,1.0,0.6856338557075051,0.5573851466178894,0.0,0.0,0.44261476397514343,0.7622549019607843,1.0,0.0,0.46868367665089095,0.5
150.0,0.5401348024606705,0.8495092693565977,0.35279498609673715,0.8455882352941176,0.3809965436991591,1.0,0.0,0.0,0.0,0.0,0.0,1.0,1.0,1.0,1.0,1.0,-0.0810202523120093,1.0,0.0,0.0,-0.48612151387205577,0.0,1.0,0.0,0.0,0.0,0.0,1.0,0.0,-0.48612151387205577,0.0,0.0,1.0,1.0,1.0,1.0,1.0,1.0233973264694214,576926827430.7251,1.0,0.6786366292074615,0.5769268274307251,0.0,0.0,0.4230732321739197,0.8455882352941176,1.0,0.0,0.3809965436991591,0.5
