step,train_step_loss,train_acc,train_loss,val_acc,val_loss,alignment_reward,l_conflict,l_conflict_e0,l_conflict_e1,l_conflict_e2,l_conflict_e3,router_conflict_grad_l2,router_entropy,router_load_e0,router_load_e1,router_load_e2,router_load_e3
5.0,0.7000119686126709,0.6161193812969038,0.6642972036477902,0.6055361220882122,0.6766632624587952,0.1744689643383026,-0.1744689643383026,-0.06715225428342819,-0.059720318764448166,-0.02401723526418209,-0.023579154163599014,0.0,1.2553015113980681,0.3761056959629059,0.3518880307674408,0.1188533678650856,0.15315312147140503
