step,train_step_loss,train_acc,train_loss,val_acc,val_loss,avg_intra_expert_coherence,expert_diversity_e0,expert_diversity_e1,expert_diversity_e2,expert_diversity_e3,expert_diversity_mean,expert_purity_e0,expert_purity_e1,expert_purity_e2,expert_purity_e3,expert_purity_mean,inter_expert_similarity,inter_expert_similarity_e0_e0,inter_expert_similarity_e0_e1,inter_expert_similarity_e0_e2,inter_expert_similarity_e0_e3,inter_expert_similarity_e1_e0,inter_expert_similarity_e1_e1,inter_expert_similarity_e1_e2,inter_expert_similarity_e1_e3,inter_expert_similarity_e2_e0,inter_expert_similarity_e2_e1,inter_expert_similarity_e2_e2,inter_expert_similarity_e2_e3,inter_expert_similarity_e3_e0,inter_expert_similarity_e3_e1,inter_expert_similarity_e3_e2,inter_expert_similarity_e3_e3,intra_expert_coherence_e0,intra_expert_coherence_e1,intra_expert_coherence_e2,intra_expert_coherence_e3,load_cv,load_max_min_ratio,overall_task_conflict_cos,router_entropy,router_load_e0,router_load_e1,router_load_e2,router_load_e3,task_acc__glue_mrpc,task_conflict_t0_t0,task_grad_norm_cv,task_loss__glue_mrpc,utilization_ratio
50.0,0.46387459337711334,0.79907306434024,0.4858029349990513,0.7916666666666666,0.48251070311436284,1.0,0.0,0.0,0.0,0.0,0.0,1.0,1.0,1.0,1.0,1.0,0.003353537135281672,1.0,0.0,0.0,0.0,0.0,1.0,0.020121222811690032,0.0,0.0,0.020121222811690032,1.0,0.0,0.0,0.0,0.0,1.0,1.0,1.0,1.0,1.0,1.1197014904378069,679181694984.436,1.0,0.5994700064846114,0.001219084020704031,0.679181694984436,0.31959930062294006,0.0,0.7916666666666666,1.0,0.0,0.48251070311436284,0.5
100.0,0.5123635828495026,0.8077971646673937,0.48182587626835577,0.7818627450980392,0.4935661617379922,1.0,0.0,0.0,0.0,0.0,0.0,1.0,1.0,1.0,1.0,1.0,-0.003086424837526272,1.0,0.0,0.0,0.0,0.0,1.0,-0.01851854902515763,0.0,0.0,-0.01851854902515763,1.0,0.0,0.0,0.0,0.0,1.0,1.0,1.0,1.0,1.0,1.0965157747268677,659038841724.3958,1.0,0.6399921669679529,0.0,0.34096115827560425,0.6590388417243958,0.0,0.7818627450980392,1.0,0.0,0.4935661617379922,0.5
150.0,0.7456354051828384,0.8489640130861504,0.44407691732453913,0.8406862745098039,0.46877289882216316,1.0,0.0,0.0,0.0,0.0,0.0,1.0,1.0,1.0,1.0,1.0,0.01531078776886676,1.0,0.0,0.0,0.0,0.0,1.0,0.09186472661320055,0.0,0.0,0.09186472661320055,1.0,0.0,0.0,0.0,0.0,1.0,1.0,1.0,1.0,1.0,0.9873406887054443,545419156551.3611,1.0,0.6847905166008893,0.011760272085666656,0.44282057881355286,0.5454191565513611,0.0,0.8406862745098039,1.0,0.0,0.46877289882216316,0.5
