step,train_step_loss,train_acc,train_loss,val_acc,val_loss,avg_intra_expert_coherence,expert_diversity_e0,expert_diversity_e1,expert_diversity_e2,expert_diversity_e3,expert_diversity_mean,expert_purity_e0,expert_purity_e1,expert_purity_e2,expert_purity_e3,expert_purity_mean,inter_expert_similarity,inter_expert_similarity_e0_e0,inter_expert_similarity_e0_e1,inter_expert_similarity_e0_e2,inter_expert_similarity_e0_e3,inter_expert_similarity_e1_e0,inter_expert_similarity_e1_e1,inter_expert_similarity_e1_e2,inter_expert_similarity_e1_e3,inter_expert_similarity_e2_e0,inter_expert_similarity_e2_e1,inter_expert_similarity_e2_e2,inter_expert_similarity_e2_e3,inter_expert_similarity_e3_e0,inter_expert_similarity_e3_e1,inter_expert_similarity_e3_e2,inter_expert_similarity_e3_e3,intra_expert_coherence_e0,intra_expert_coherence_e1,intra_expert_coherence_e2,intra_expert_coherence_e3,load_cv,load_max_min_ratio,overall_task_conflict_cos,router_entropy,router_load_e0,router_load_e1,router_load_e2,router_load_e3,task_acc__glue_rte,task_conflict_t0_t0,task_grad_norm_cv,task_loss__glue_rte,utilization_ratio
50.0,0.6455525755882263,0.5016064257028112,0.6967141148753655,0.5270758122743683,0.6901618159479566,1.0,0.0,0.0,0.0,0.0,0.0,1.0,1.0,1.0,1.0,1.0,0.0068733566214236735,1.0,0.0,0.0,0.0,0.0,1.0,0.0,0.0,0.0,0.0,1.0,0.04124013972854204,0.0,0.0,0.04124013972854204,1.0,1.0,1.0,1.0,1.0,1.0035051107406616,529628098011.01685,1.0,0.6912949575844224,0.0,0.0,0.47037190198898315,0.5296280980110168,0.5270758122743683,1.0,0.0,0.6901618159479566,0.5
100.0,0.6959355473518372,0.4983935742971888,0.6922923741050255,0.4729241877256318,0.6957300520605512,1.0,0.0,0.0,0.0,0.0,0.0,1.0,1.0,1.0,1.0,1.0,0.005879652183123387,1.0,0.0,0.0,0.0,0.0,1.0,0.0,0.0,0.0,0.0,1.0,0.03527791309874032,0.0,0.0,0.03527791309874032,1.0,1.0,1.0,1.0,1.0,1.0029810667037964,527319908142.08984,1.0,0.6916190226585857,0.0,0.0,0.47268009185791016,0.5273199081420898,0.4729241877256318,1.0,0.0,0.6957300520605512,0.5
150.0,0.6906335949897766,0.6080321285140562,0.691266257258562,0.5776173285198556,0.6918235123157501,1.0,0.0,0.0,0.0,0.0,0.0,1.0,1.0,1.0,1.0,1.0,0.005899679112126774,1.0,0.0,0.0,0.0,0.0,1.0,0.0,0.0,0.0,0.0,1.0,0.03539807467276064,0.0,0.0,0.03539807467276064,1.0,1.0,1.0,1.0,1.0,1.000002384185791,500779509544.37256,1.0,0.6931213841971938,0.0,0.0,0.49922049045562744,0.5007795095443726,0.5776173285198556,1.0,0.0,0.6918235123157501,0.5
