step,train_step_loss,train_acc,train_loss,val_acc,val_loss,avg_intra_expert_coherence,expert_diversity_e0,expert_diversity_e1,expert_diversity_e2,expert_diversity_e3,expert_diversity_mean,expert_purity_e0,expert_purity_e1,expert_purity_e2,expert_purity_e3,expert_purity_mean,inter_expert_similarity,inter_expert_similarity_e0_e0,inter_expert_similarity_e0_e1,inter_expert_similarity_e0_e2,inter_expert_similarity_e0_e3,inter_expert_similarity_e1_e0,inter_expert_similarity_e1_e1,inter_expert_similarity_e1_e2,inter_expert_similarity_e1_e3,inter_expert_similarity_e2_e0,inter_expert_similarity_e2_e1,inter_expert_similarity_e2_e2,inter_expert_similarity_e2_e3,inter_expert_similarity_e3_e0,inter_expert_similarity_e3_e1,inter_expert_similarity_e3_e2,inter_expert_similarity_e3_e3,intra_expert_coherence_e0,intra_expert_coherence_e1,intra_expert_coherence_e2,intra_expert_coherence_e3,load_cv,load_max_min_ratio,overall_task_conflict_cos,router_entropy,router_load_e0,router_load_e1,router_load_e2,router_load_e3,task_acc__glue_rte,task_conflict_t0_t0,task_grad_norm_cv,task_loss__glue_rte,utilization_ratio
50.0,0.59504035115242,0.5016064257028112,0.6972097188425369,0.5270758122743683,0.6896544612116284,1.0,0.0,0.0,0.0,0.0,0.0,1.0,1.0,1.0,1.0,1.0,-0.0036464475085410428,1.0,-0.021878685051246256,0.0,0.0,-0.021878685051246256,1.0,0.0,0.0,0.0,0.0,1.0,0.0,0.0,0.0,0.0,1.0,1.0,1.0,1.0,1.0,1.0005130767822266,511326730251.31226,1.0,0.6924851336634116,0.5113267302513123,0.48867323994636536,0.0,0.0,0.5270758122743683,1.0,0.0,0.6896544612116284,0.5
100.0,0.6705496311187744,0.5951807228915663,0.6451941913901231,0.5631768953068592,0.6791444172461828,1.0,0.0,0.0,0.0,0.0,0.0,1.0,1.0,1.0,1.0,1.0,0.00797589029734773,1.0,0.047855341784086375,0.0,0.0,0.047855341784086375,1.0,0.0,0.0,0.0,0.0,1.0,0.0,0.0,0.0,0.0,1.0,1.0,1.0,1.0,1.0,1.0002858638763428,508454263210.29663,1.0,0.692202872747979,0.49154573678970337,0.5084542632102966,0.0,0.0,0.5631768953068592,1.0,0.0,0.6791444172461828,0.5
150.0,0.6158274114131927,0.6991967871485943,0.6005877975469981,0.6678700361010831,0.6227366642819511,1.0,0.0,0.0,0.0,0.0,0.0,1.0,1.0,1.0,1.0,1.0,-0.0490218179889822,1.0,-0.2941309079338932,0.0,0.0,-0.2941309079338932,1.0,0.0,0.0,0.0,0.0,1.0,0.0,0.0,0.0,0.0,1.0,1.0,1.0,1.0,1.0,1.000528991253912,511500775814.0564,1.0,0.6921300001523124,0.48849916458129883,0.5115007758140564,0.0,0.0,0.6678700361010831,1.0,0.0,0.6227366642819511,0.5
