ts_epoch,event,phase,completed_jobs,total_jobs,failed_jobs,percent,eta_sec,elapsed_sec
1774947016.1692102,init,,0,0,0,0.0,,1.5497207641601562e-05
1774947016.1694794,pipeline_start,,0,0,0,0.0,,0.0002810955047607422
1774947016.1700692,lock_wait,,0,0,0,0.0,,0.0005178451538085938
1774947016.1702735,lock_acquired,,0,0,0,0.0,,0.0011203289031982422
1774947016.170448,method_start,,0,0,0,0.0,,0.0012929439544677734
1774947016.1706812,lock_wait,,0,0,0,0.0,,0.001523733139038086
1774947016.1708732,lock_acquired,,0,0,0,0.0,,0.0017189979553222656
1774947016.1710606,lock_released,,0,0,0,0.0,,0.0019063949584960938
1774947016.1722407,lock_wait,,0,0,0,0.0,,0.0030705928802490234
1774947016.1724436,lock_acquired,,0,0,0,0.0,,0.0032820701599121094
1774947016.1726165,plan_add,,0,64,0,0.0,,0.003465890884399414
1774947016.1727931,phase_start,baseline:coord:train.lr,0,64,0,0.0,,0.0036432743072509766
1774947041.3490326,group_slots,baseline:coord:train.lr,0,64,0,0.0,,25.17970633506775
1774947041.3496673,group_start,baseline:coord:train.lr,0,64,0,0.0,,25.180092096328735
1774947214.010961,job_done,baseline:coord:train.lr,1,64,0,1.5625,12463.965971946716,197.84072971343994
1774947215.3365934,job_done,baseline:coord:train.lr,2,64,0,3.125,6174.180963277817,199.1671278476715
1774947215.429043,job_done,baseline:coord:train.lr,3,64,0,4.6875,4051.611918449402,199.2596025466919
1774947215.5977342,job_done,baseline:coord:train.lr,4,64,0,6.25,2991.4281284809113,199.42854189872742
1774947385.341919,job_done,baseline:coord:train.lr,5,64,0,7.8125,4356.234359359742,369.1724033355713
1774947388.8546357,job_done,baseline:coord:train.lr,6,64,0,9.375,3602.6246691544848,372.6853106021881
1774947388.9072807,job_done,baseline:coord:train.lr,7,64,0,10.9375,3035.152077300208,372.7379744052887
1774947388.9610112,job_done,baseline:coord:train.lr,8,64,0,12.5,2609.5418791770935,372.7916970252991
1774947554.0411582,job_done,baseline:coord:train.lr,9,64,0,14.0625,3286.9945224126177,537.8718309402466
1774947560.4119067,job_done,baseline:coord:train.lr,10,64,0,15.625,2938.909894323349,544.2425730228424
1774947560.5453477,job_done,baseline:coord:train.lr,11,64,0,17.1875,2622.903174617074,544.3761305809021
1774947560.5997288,job_done,baseline:coord:train.lr,12,64,0,18.75,2359.199014266332,544.4305417537689
1774947716.7061465,job_done,baseline:coord:train.lr,13,64,0,20.3125,2748.259800250714,700.5368118286133
1774947729.5933068,job_done,baseline:coord:train.lr,14,64,0,21.875,2547.942383800234,713.4238674640656
1774947729.9907336,job_done,baseline:coord:train.lr,15,64,0,23.4375,2331.816958618164,713.8215179443359
1774947730.1022263,job_done,baseline:coord:train.lr,16,64,0,25.0,2141.7988715171814,713.9329571723938
1774947867.531803,job_done,baseline:coord:train.lr,17,64,0,26.5625,2353.7665312991426,851.3623623847961
1774947898.085006,job_done,baseline:coord:train.lr,18,64,0,28.125,2253.7747502591874,881.9118587970734
1774947899.203926,job_done,baseline:coord:train.lr,19,64,0,29.6875,2091.397754957801,883.0346076488495
1774947899.3475251,job_done,baseline:coord:train.lr,20,64,0,31.25,1942.9921543598175,883.1782519817352
1774948016.1435106,job_done,baseline:coord:train.lr,21,64,0,32.8125,2047.566252753848,999.9742164611816
1774948066.5048056,job_done,baseline:coord:train.lr,22,64,0,34.375,2005.1859272393315,1050.3354856967926
1774948068.1464589,job_done,baseline:coord:train.lr,23,64,0,35.9375,1875.2635879516602,1051.9771347045898
1774948068.294603,job_done,baseline:coord:train.lr,24,64,0,37.5,1753.542172908783,1052.1253037452698
1774948170.9310753,job_done,baseline:coord:train.lr,25,64,0,39.0625,1801.428349685669,1154.7617626190186
1774948233.1083124,job_done,baseline:coord:train.lr,26,64,0,40.625,1778.6030846925883,1216.9389526844025
1774948236.8837693,job_done,baseline:coord:train.lr,27,64,0,42.1875,1672.830989581567,1220.7145059108734
1774948236.9541557,job_done,baseline:coord:train.lr,28,64,0,43.75,1569.5804933820452,1220.7848281860352
1774948325.8091526,job_done,baseline:coord:train.lr,29,64,0,45.3125,1580.5998237379665,1309.6398539543152
1774948398.2169867,job_done,baseline:coord:train.lr,30,64,0,46.875,1566.3205882390341,1382.0475778579712
1774948404.1255627,job_done,baseline:coord:train.lr,31,64,0,48.4375,1477.5018238559846,1387.9562587738037
1774948404.244312,job_done,baseline:coord:train.lr,32,64,0,50.0,1388.0749444961548,1388.0749444961548
1774948474.504416,job_done,baseline:coord:train.lr,33,64,0,51.5625,1369.9511526931417,1458.335098028183
1774948561.345679,job_done,baseline:coord:train.lr,34,64,0,53.125,1363.3909375527326,1545.176395893097
1774948570.451535,job_done,baseline:coord:train.lr,35,64,0,54.6875,1287.8338490145547,1554.2822315692902
1774948570.545416,job_done,baseline:coord:train.lr,36,64,0,56.25,1208.9591618643867,1554.3760652542114
1774948627.5642729,job_done,baseline:coord:train.lr,37,64,0,57.8125,1175.8828214696935,1611.39497756958
1774948720.566143,job_done,baseline:coord:train.lr,38,64,0,59.375,1166.1662609702662,1704.396842956543
1774948735.8991868,job_done,baseline:coord:train.lr,39,64,0,60.9375,1102.3909723147367,1719.7299168109894
1774948735.9672265,job_done,baseline:coord:train.lr,40,64,0,62.5,1031.8788232326508,1719.7980387210846
1774948785.3880565,job_done,baseline:coord:train.lr,41,64,0,64.0625,992.4885619907844,1769.218740940094
1774948874.4266107,job_done,baseline:coord:train.lr,42,64,0,65.625,973.3728513944716,1858.2572617530823
1774948901.851337,job_done,baseline:coord:train.lr,43,64,0,67.1875,920.9144826600718,1885.6820359230042
1774948902.100503,job_done,baseline:coord:train.lr,44,64,0,68.75,857.2414663704958,1885.931226015091
1774948946.1674542,job_done,baseline:coord:train.lr,45,64,0,70.3125,814.8881031937069,1929.99813914299
1774949026.5836303,job_done,baseline:coord:train.lr,46,64,0,71.875,786.6838327179785,2010.4142391681671
1774949066.044139,job_done,baseline:coord:train.lr,47,64,0,73.4375,741.4440900366357,2049.8748371601105
1774949066.3599305,job_done,baseline:coord:train.lr,48,64,0,75.0,683.396902402242,2050.190707206726
1774949102.7295425,job_done,baseline:coord:train.lr,49,64,0,76.5625,638.7429279210617,2086.5602312088013
1774949182.8074083,job_done,baseline:coord:train.lr,50,64,0,78.125,606.658672914505,2166.6381175518036
1774949232.038771,job_done,baseline:coord:train.lr,51,64,0,79.6875,564.8294716208588,2215.8694655895233
1774949232.3783631,job_done,baseline:coord:train.lr,52,64,0,81.25,511.43283891677856,2216.208968639374
1774949255.4991274,job_done,baseline:coord:train.lr,53,64,0,82.8125,464.7665707525218,2239.329840898514
1774949340.371141,job_done,baseline:coord:train.lr,54,64,0,84.375,430.4077289722584,2324.2017364501953
1774949397.5654933,job_done,baseline:coord:train.lr,55,64,0,85.9375,389.68300423622134,2381.3961369991302
1774949397.8084188,job_done,baseline:coord:train.lr,56,64,0,87.5,340.2341577666146,2381.6391043663025
1774949409.2257967,job_done,baseline:coord:train.lr,57,64,0,89.0625,293.88413488237484,2393.0565268993378
1774949498.5194998,job_done,baseline:coord:train.lr,58,64,0,90.625,256.79483687466586,2482.350089788437
1774949563.7990317,job_done,baseline:coord:train.lr,59,64,0,92.1875,215.90082695928672,2547.629758119583
1774949564.0464425,job_done,baseline:coord:train.lr,60,64,0,93.75,169.85848312377928,2547.8772468566895
1774949568.8770742,job_done,baseline:coord:train.lr,61,64,0,95.3125,125.54300555635672,2552.70777964592
1774949634.5148885,job_done,baseline:coord:train.lr,62,64,0,96.875,84.4627574951418,2618.3454823493958
1774949677.9983416,job_done,baseline:coord:train.lr,63,64,0,98.4375,42.251255194346115,2661.829077243805
1774949678.1685617,job_done,baseline:coord:train.lr,64,64,0,100.0,,2661.999229669571
1774949678.1860342,group_end,baseline:coord:train.lr,64,64,0,100.0,,2662.016610145569
1774949678.186407,phase_end,,64,64,0,100.0,,2662.0171258449554
1774949678.1868322,lock_released,,64,64,0,100.0,,2662.0175561904907
1774949678.1912951,lock_wait,,64,64,0,100.0,,2662.021990776062
1774949678.191746,lock_acquired,,64,64,0,100.0,,2662.0224645137787
1774949678.1921105,plan_add,,64,128,0,50.0,2662.0228374004364,2662.0228374004364
1774949678.1924987,phase_start,baseline:coord:train.weight_decay,64,128,0,50.0,2662.023213624954,2662.023213624954
1774949704.485161,group_slots,baseline:coord:train.weight_decay,64,128,0,50.0,2688.3157336711884,2688.3157336711884
1774949704.4855626,group_start,baseline:coord:train.weight_decay,64,128,0,50.0,2688.3162677288055,2688.3162677288055
1774949880.324759,job_done,baseline:coord:train.weight_decay,65,128,0,50.78125,2776.027203270105,2864.1550509929657
1774949880.4280114,job_done,baseline:coord:train.weight_decay,66,128,0,51.5625,2690.6672382282486,2864.258672952652
1774949880.429045,job_done,baseline:coord:train.weight_decay,67,128,0,52.34375,2607.758680101651,2864.259533882141
1774949880.5174458,job_done,baseline:coord:train.weight_decay,68,128,0,53.125,2527.3659970479853,2864.3481299877167
1774950055.176467,job_done,baseline:coord:train.weight_decay,69,128,0,53.90625,2598.5713280456653,3039.00714635849
1774950055.657508,job_done,baseline:coord:train.weight_decay,70,128,0,54.6875,2518.4330282006945,3039.488137483597
1774950055.7572563,job_done,baseline:coord:train.weight_decay,71,128,0,55.46875,2440.232556410239,3039.587921142578
1774950055.8520238,job_done,baseline:coord:train.weight_decay,72,128,0,56.25,2364.1976974010468,3039.682753801346
1774950227.7365613,job_done,baseline:coord:train.weight_decay,73,128,0,57.03125,2419.673820407423,3211.56707072258
1774950229.856358,job_done,baseline:coord:train.weight_decay,74,128,0,57.8125,2345.12294893007,3213.6870040893555
1774950229.9933867,job_done,baseline:coord:train.weight_decay,75,128,0,58.59375,2271.046172920863,3213.7445843219757
1774950229.9939997,job_done,baseline:coord:train.weight_decay,76,128,0,59.375,2198.9326838443153,3213.824691772461
1774950398.304422,job_done,baseline:coord:train.weight_decay,77,128,0,60.15625,2240.1154421893034,3382.13507938385
1774950402.5173008,job_done,baseline:coord:train.weight_decay,78,128,0,60.9375,2170.7359165717394,3386.3480298519135
1774950402.634586,job_done,baseline:coord:train.weight_decay,79,128,0,61.71875,2100.465713896329,3386.4651305675507
1774950402.7485332,job_done,baseline:coord:train.weight_decay,80,128,0,62.5,2031.947525882721,3386.579209804535
1774950565.481546,job_done,baseline:coord:train.weight_decay,81,128,0,63.28125,2059.4774683758064,3549.312232732773
1774950573.7278602,job_done,baseline:coord:train.weight_decay,82,128,0,64.0625,1995.7035143026492,3557.558438539505
1774950574.013714,job_done,baseline:coord:train.weight_decay,83,128,0,64.84375,1928.951782318483,3557.844398498535
1774950574.0690224,job_done,baseline:coord:train.weight_decay,84,128,0,65.625,1863.6617502030872,3557.8997049331665
1774950723.9385853,job_done,baseline:coord:train.weight_decay,85,128,0,66.40625,1875.6950389441322,3707.7692630290985
1774950741.992694,job_done,baseline:coord:train.weight_decay,86,128,0,67.1875,1819.5881842125293,3725.8234248161316
1774950743.0290258,job_done,baseline:coord:train.weight_decay,87,128,0,67.96875,1756.3361844879457,3726.859708547592
1774950743.1034362,job_done,baseline:coord:train.weight_decay,88,128,0,68.75,1694.0609502792358,3726.934090614319
1774950872.1991515,job_done,baseline:coord:train.weight_decay,89,128,0,69.53125,1689.7209462396213,3856.0298516750336
1774950909.7470994,job_done,baseline:coord:train.weight_decay,90,128,0,70.3125,1643.9550851186116,3893.577833175659
1774950912.0647826,job_done,baseline:coord:train.weight_decay,91,128,0,71.09375,1584.0453310589214,3895.8952736854553
1774950912.124259,job_done,baseline:coord:train.weight_decay,92,128,0,71.875,1524.5041123058484,3895.9549536705017
1774951023.2665994,job_done,baseline:coord:train.weight_decay,93,128,0,72.65625,1508.0473560030741,4007.09726023674
1774951076.358311,job_done,baseline:coord:train.weight_decay,94,128,0,73.4375,1468.5790054798126,4060.18901515007
1774951080.4148083,job_done,baseline:coord:train.weight_decay,95,128,0,74.21875,1411.790535675852,4064.245481491089
1774951080.4756203,job_done,baseline:coord:train.weight_decay,96,128,0,75.0,1354.7687471707661,4064.3062415122986
1774951176.8177931,job_done,baseline:coord:train.weight_decay,97,128,0,75.78125,1329.6917872773004,4160.648495674133
1774951241.6082942,job_done,baseline:coord:train.weight_decay,98,128,0,76.5625,1293.501741375242,4225.43902182579
1774951246.7613053,job_done,baseline:coord:train.weight_decay,99,128,0,77.34375,1239.2643221869612,4230.591996431351
1774951246.874012,job_done,baseline:coord:train.weight_decay,100,128,0,78.125,1184.5973143291474,4230.704694032669
1774951328.21123,job_done,baseline:coord:train.weight_decay,101,128,0,78.90625,1152.7240763985285,4312.0419154167175
1774951406.0036836,job_done,baseline:coord:train.weight_decay,102,128,0,79.6875,1118.9773932672015,4389.834388971329
1774951413.437935,job_done,baseline:coord:train.weight_decay,103,128,0,80.46875,1067.2982082204912,4397.2686178684235
1774951413.5595422,job_done,baseline:coord:train.weight_decay,104,128,0,81.25,1014.7823342359983,4397.390115022659
1774951479.0939577,job_done,baseline:coord:train.weight_decay,105,128,0,82.03125,977.5929984024593,4462.924557924271
1774951567.6817188,job_done,baseline:coord:train.weight_decay,106,128,0,82.8125,944.6535111238372,4551.512371778488
1774951579.2862692,job_done,baseline:coord:train.weight_decay,107,128,0,83.59375,895.5650190393501,4563.117001771927
1774951579.4417722,job_done,baseline:coord:train.weight_decay,108,128,0,84.375,845.0504759064428,4563.272569894791
1774951634.7845554,job_done,baseline:coord:train.weight_decay,109,128,0,85.15625,805.079726070439,4618.615270614624
1774951724.647328,job_done,baseline:coord:train.weight_decay,110,128,0,85.9375,770.4782221490688,4708.4780242443085
1774951744.19865,job_done,baseline:coord:train.weight_decay,111,128,0,86.71875,724.1126032326672,4728.02935051918
1774951744.3451538,job_done,baseline:coord:train.weight_decay,112,128,0,87.5,675.4536858286177,4728.1758008003235
1774951792.7248986,job_done,baseline:coord:train.weight_decay,113,128,0,88.28125,634.0560515053504,4776.555588006973
1774951878.1816683,job_done,baseline:coord:train.weight_decay,114,128,0,89.0625,597.0892215109708,4862.012232303619
1774951909.607834,job_done,baseline:coord:train.weight_decay,115,128,0,89.84375,553.1713158296502,4893.438563108444
1774951909.6716106,job_done,baseline:coord:train.weight_decay,116,128,0,90.625,506.224381611265,4893.5023555755615
1774951950.8723302,job_done,baseline:coord:train.weight_decay,117,128,0,91.40625,463.94641310740735,4934.70275759697
1774952031.605208,job_done,baseline:coord:train.weight_decay,118,128,0,92.1875,425.0369416455091,5015.435911417007
1774952074.2724319,job_done,baseline:coord:train.weight_decay,119,128,0,92.96875,382.54561358339646,5058.10311293602
1774952074.407223,job_done,baseline:coord:train.weight_decay,120,128,0,93.75,337.2158583799998,5058.237875699997
1774952107.0238037,job_done,baseline:coord:train.weight_decay,121,128,0,94.53125,294.5122379704941,5090.854399204254
1774952188.1869583,job_done,baseline:coord:train.weight_decay,122,128,0,95.3125,254.36151889894828,5172.017550945282
1774952240.0751672,job_done,baseline:coord:train.weight_decay,123,128,0,96.09375,212.3538927431029,5223.905761480331
1774952240.1739364,job_done,baseline:coord:train.weight_decay,124,128,0,96.875,168.51627792081524,5224.004615545273
1774952259.3224187,job_done,baseline:coord:train.weight_decay,125,128,0,97.65625,125.83567504119874,5243.153126716614
1774952328.0903957,job_done,baseline:coord:train.weight_decay,126,128,0,98.4375,84.31620784032913,5311.921093940735
1774952361.1458957,job_done,baseline:coord:train.weight_decay,127,128,0,99.21875,42.08642909095043,5344.976494550705
1774952361.2930942,job_done,baseline:coord:train.weight_decay,128,128,0,100.0,,5345.1237823963165
1774952361.3139722,group_end,baseline:coord:train.weight_decay,128,128,0,100.0,,5345.1445553302765
1774952361.3143413,phase_end,,128,128,0,100.0,,5345.145063638687
1774952361.3147748,lock_released,,128,128,0,100.0,,5345.145500898361
1774952361.3189259,lock_wait,,128,128,0,100.0,,5345.149629354477
1774952361.3193507,lock_acquired,,128,128,0,100.0,,5345.150079011917
1774952361.3197954,plan_add,,128,192,0,66.66666666666667,2672.575239777565,5345.15047955513
1774952361.320246,phase_start,baseline:coord:train.grad_clip,128,192,0,66.66666666666667,2672.5754812955856,5345.150962591171
1774952387.462623,group_slots,baseline:coord:train.grad_clip,128,192,0,66.66666666666667,2685.646648645401,5371.293297290802
1774952387.4628944,group_start,baseline:coord:train.grad_clip,128,192,0,66.66666666666667,2685.646847963333,5371.293695926666
1774952561.874151,job_done,baseline:coord:train.grad_clip,129,192,0,67.1875,2708.3672675920084,5545.704405069351
1774952562.9186494,job_done,baseline:coord:train.grad_clip,130,192,0,67.70833333333333,2645.3727539942815,5546.749322891235
1774952563.0687912,job_done,baseline:coord:train.grad_clip,131,192,0,68.22916666666667,2582.907427247244,5546.899556875229
1774952563.2061996,job_done,baseline:coord:train.grad_clip,132,192,0,68.75,2521.3803949139333,5547.036868810654
1774952733.439773,job_done,baseline:coord:train.grad_clip,133,192,0,69.27083333333333,2536.2327498260297,5717.270436048508
1774952736.1905406,job_done,baseline:coord:train.grad_clip,134,192,0,69.79166666666667,2475.830070997352,5720.021198511124
1774952736.322356,job_done,baseline:coord:train.grad_clip,135,192,0,70.3125,2415.1757165961794,5720.1530129909515
1774952736.3778586,job_done,baseline:coord:train.grad_clip,136,192,0,70.83333333333333,2355.379990970387,5720.208549499512
1774952902.997499,job_done,baseline:coord:train.grad_clip,137,192,0,71.35416666666667,2363.3251657973237,5886.828140258789
1774952908.9266493,job_done,baseline:coord:train.grad_clip,138,192,0,71.875,2305.861547656681,5892.757288455963
1774952909.0344858,job_done,baseline:coord:train.grad_clip,139,192,0,72.39583333333333,2246.9198095678425,5892.865160942078
1774952909.03525,job_done,baseline:coord:train.grad_clip,140,192,0,72.91666666666667,2188.7787585326605,5892.8658883571625
1774953064.8592935,job_done,baseline:coord:train.grad_clip,141,192,0,73.4375,2187.8240378308806,6048.689986944199
1774953079.247953,job_done,baseline:coord:train.grad_clip,142,192,0,73.95833333333333,2134.886842546329,6063.0786328315735
1774953079.3778634,job_done,baseline:coord:train.grad_clip,143,192,0,74.47916666666667,2077.6029218693716,6063.208527088165
1774953079.3788784,job_done,baseline:coord:train.grad_clip,144,192,0,75.0,2021.0697529315948,6063.209258794785
1774953212.0817547,job_done,baseline:coord:train.grad_clip,145,192,0,75.52083333333333,2008.3302108304254,6195.912352561951
1774953248.694083,job_done,baseline:coord:train.grad_clip,146,192,0,76.04166666666667,1963.6721848853647,6232.524760723114
1774953249.370235,job_done,baseline:coord:train.grad_clip,147,192,0,76.5625,1908.1227355343956,6233.200936079025
1774953249.4752672,job_done,baseline:coord:train.grad_clip,148,192,0,77.08333333333333,1853.1450105808876,6233.305944681168
1774953363.1588423,job_done,baseline:coord:train.grad_clip,149,192,0,77.60416666666667,1831.6815399003508,6346.989521980286
1774953417.688471,job_done,baseline:coord:train.grad_clip,150,192,0,78.125,1792.4253543949128,6401.519122838974
1774953419.225202,job_done,baseline:coord:train.grad_clip,151,192,0,78.64583333333333,1738.5780608117184,6403.05578494072
1774953419.3714461,job_done,baseline:coord:train.grad_clip,152,192,0,79.16666666666667,1685.0531711703852,6403.202050447464
1774953517.0786443,job_done,baseline:coord:train.grad_clip,153,192,0,79.6875,1657.0945416946035,6500.90935587883
1774953584.4317706,job_done,baseline:coord:train.grad_clip,154,192,0,80.20833333333333,1620.7400811182988,6568.262434005737
1774953586.7633252,job_done,baseline:coord:train.grad_clip,155,192,0,80.72916666666667,1568.4643807057412,6570.5940272808075
1774953587.0028768,job_done,baseline:coord:train.grad_clip,156,192,0,81.25,1516.3462036206172,6570.833549022675
1774953667.390512,job_done,baseline:coord:train.grad_clip,157,192,0,81.77083333333333,1482.756292212541,6651.221082210541
1774953750.9761403,job_done,baseline:coord:train.grad_clip,158,192,0,82.29166666666667,1449.262228763556,6734.806827783585
1774953754.4469435,job_done,baseline:coord:train.grad_clip,159,192,0,82.8125,1398.510450340667,6738.277624368668
1774953754.7168567,job_done,baseline:coord:train.grad_clip,160,192,0,83.33333333333333,1347.7095110416412,6738.547555208206
1774953815.8729167,job_done,baseline:coord:train.grad_clip,161,192,0,83.85416666666667,1309.2597065268096,6799.703637123108
1774953916.582586,job_done,baseline:coord:train.grad_clip,162,192,0,84.375,1277.8543083756058,6900.4132652282715
1774953922.4265273,job_done,baseline:coord:train.grad_clip,163,192,0,84.89583333333333,1228.7206081715096,6906.257211446762
1774953922.6780376,job_done,baseline:coord:train.grad_clip,164,192,0,85.41666666666667,1179.1600320281052,6906.508759021759
1774953970.3454561,job_done,baseline:coord:train.grad_clip,165,192,0,85.9375,1137.9560696255078,6954.175981044769
1774954081.2178128,job_done,baseline:coord:train.grad_clip,166,192,0,86.45833333333333,1106.5738638452738,7065.048515319824
1774954088.6788526,job_done,baseline:coord:train.grad_clip,167,192,0,86.97916666666667,1058.758918289653,7072.509574174881
1774954088.8312016,job_done,baseline:coord:train.grad_clip,168,192,0,87.5,1010.3802751132421,7072.661925792694
1774954128.1575012,job_done,baseline:coord:train.grad_clip,169,192,0,88.02083333333333,967.9037089093903,7111.988121986389
1774954243.4799268,job_done,baseline:coord:train.grad_clip,170,192,0,88.54166666666667,935.2990205259883,7227.310613155365
1774954253.6675043,job_done,baseline:coord:train.grad_clip,171,192,0,89.0625,888.8155649586728,7237.498171806335
1774954253.7354207,job_done,baseline:coord:train.grad_clip,172,192,0,89.58333333333333,841.5774635658707,7237.566186666489
1774954283.5230124,job_done,baseline:coord:train.grad_clip,173,192,0,90.10416666666667,798.1486750214085,7267.353725194931
1774954402.8619783,job_done,baseline:coord:train.grad_clip,174,192,0,90.625,764.1406143615986,7386.692605495453
1774954417.271596,job_done,baseline:coord:train.grad_clip,175,192,0,91.14583333333333,718.9642248344421,7401.1023144721985
1774954417.4021916,job_done,baseline:coord:train.grad_clip,176,192,0,91.66666666666667,672.8393519358201,7401.232871294022
1774954439.1172493,job_done,baseline:coord:train.grad_clip,177,192,0,92.1875,629.0633874828533,7422.9479722976685
1774954559.2222855,job_done,baseline:coord:train.grad_clip,178,192,0,92.70833333333333,593.2738310085255,7543.052994251251
1774954582.1354542,job_done,baseline:coord:train.grad_clip,179,192,0,93.22916666666667,549.4835746061868,7565.966142654419
1774954582.4360707,job_done,baseline:coord:train.grad_clip,180,192,0,93.75,504.4177866458893,7566.266799688339
1774954594.7426443,job_done,baseline:coord:train.grad_clip,181,192,0,94.27083333333333,460.5762831387599,7578.573386192322
1774954714.6535492,job_done,baseline:coord:train.grad_clip,182,192,0,94.79166666666667,422.99363818797434,7698.484215021133
1774954746.879495,job_done,baseline:coord:train.grad_clip,183,192,0,95.3125,380.1988626151789,7730.7102065086365
1774954747.0072515,job_done,baseline:coord:train.grad_clip,184,192,0,95.83333333333333,336.1233870257502,7730.837901592255
1774954755.125714,job_done,baseline:coord:train.grad_clip,185,192,0,96.35416666666667,292.825378791706,7738.956439495087
1774954865.1525664,job_done,baseline:coord:train.grad_clip,186,192,0,96.875,253.1930093842168,7848.983290910721
1774954913.917523,job_done,baseline:coord:train.grad_clip,187,192,0,97.39583333333333,211.16973122810936,7897.74794793129
1774954914.21556,job_done,baseline:coord:train.grad_clip,188,192,0,97.91666666666667,168.0435354100897,7898.046164274216
1774954918.4345183,job_done,baseline:coord:train.grad_clip,189,192,0,98.4375,125.4325596869938,7902.251260280609
1774954997.9674993,job_done,baseline:coord:train.grad_clip,190,192,0,98.95833333333333,84.01892814887198,7981.7981741428375
1774955032.25028,job_done,baseline:coord:train.grad_clip,191,192,0,99.47916666666667,41.969010325626556,8016.080972194672
1774955032.5105014,job_done,baseline:coord:train.grad_clip,192,192,0,100.0,,8016.341315746307
1774955032.5290055,group_end,baseline:coord:train.grad_clip,192,192,0,100.0,,8016.359602212906
1774955032.5293965,phase_end,,192,192,0,100.0,,8016.360110998154
1774955032.5298903,lock_released,,192,192,0,100.0,,8016.360584259033
1774955032.534426,lock_wait,,192,192,0,100.0,,8016.3651123046875
1774955032.534861,lock_acquired,,192,192,0,100.0,,8016.365590572357
1774955032.5352166,plan_add,,192,246,0,78.04878048780488,2254.602924607694,8016.36595416069
1774955032.5355933,phase_start,baseline:local_var_topk,192,246,0,78.04878048780488,2254.603025190532,8016.366311788559
1774955058.5745926,group_slots,baseline:local_var_topk,192,246,0,78.04878048780488,2261.9264755770564,8042.405246496201
1774955058.5748532,group_start,baseline:local_var_topk,192,246,0,78.04878048780488,2261.9265913814306,8042.405658245087
1774955233.2270157,job_done,baseline:local_var_topk,193,246,0,78.45528455284553,2256.497634916108,8217.057425260544
1774955233.3340597,job_done,baseline:local_var_topk,194,246,0,78.86178861788618,2202.538977573827,8217.164647102356
1774955233.728731,job_done,baseline:local_var_topk,195,246,0,79.26829268292683,2149.2078463407665,8217.5594124794
1774955233.8688269,job_done,baseline:local_var_topk,196,246,0,79.67479674796748,2096.3519404129106,8217.69960641861
1774955408.0549228,job_done,baseline:local_var_topk,197,246,0,80.08130081300813,2087.321788807206,8391.885559082031
1774955408.109859,job_done,baseline:local_var_topk,198,246,0,80.48780487804878,2034.4098496292577,8391.940629720688
1774955408.2064617,job_done,baseline:local_var_topk,199,246,0,80.89430894308943,1982.0389410694638,8392.03721857071
1774955408.3841922,job_done,baseline:local_var_topk,200,246,0,81.30081300813008,1930.2094169688226,8392.214856386185
1774955582.8705244,job_done,baseline:local_var_topk,201,246,0,81.70731707317073,1917.9181494819586,8566.701067686081
1774955583.2774744,job_done,baseline:local_var_topk,202,246,0,82.11382113821138,1866.1027663344205,8567.108154535294
1774955583.519429,job_done,baseline:local_var_topk,203,246,0,82.52032520325203,1814.7588743987342,8567.350034952164
1774955583.6123447,job_done,baseline:local_var_topk,204,246,0,82.92682926829268,1763.8853286504745,8567.443024873734
1774955754.3632488,job_done,baseline:local_var_topk,205,246,0,83.33333333333333,1747.638796186447,8738.193980932236
1774955755.8192594,job_done,baseline:local_var_topk,206,246,0,83.73983739837398,1697.0193993003625,8739.649906396866
1774955756.7049708,job_done,baseline:local_var_topk,207,246,0,84.14634146341463,1646.767603888028,8740.535743713379
1774955756.7610233,job_done,baseline:local_var_topk,208,246,0,84.55284552845528,1596.8388635355693,8740.591674089432
1774955924.8572211,job_done,baseline:local_var_topk,209,246,0,84.95934959349593,1577.1361155384466,8908.687787771225
1774955927.621362,job_done,baseline:local_var_topk,210,246,0,85.36585365853658,1527.6774830818176,8911.451984643936
1774955928.2099724,job_done,baseline:local_var_topk,211,246,0,85.77235772357723,1478.3005830009968,8912.040657520294
1774955928.2658541,job_done,baseline:local_var_topk,212,246,0,86.17886178861788,1429.2984861697792,8912.09644317627
1774956094.2519536,job_done,baseline:local_var_topk,213,246,0,86.58536585365853,1406.4635045662733,9078.082620382309
1774956098.6244473,job_done,baseline:local_var_topk,214,246,0,86.99186991869918,1358.1221249304085,9082.441710472107
1774956099.5376985,job_done,baseline:local_var_topk,215,246,0,87.39837398373983,1309.6949602615002,9083.368272781372
1774956099.6382933,job_done,baseline:local_var_topk,216,246,0,87.8048780487805,1261.5929141640663,9083.468981981277
1774956260.4035792,job_done,baseline:local_var_topk,217,246,0,88.21138211382114,1235.4045574434342,9244.234102249146
1774956267.3373418,job_done,baseline:local_var_topk,218,246,0,88.6178861788618,1188.2234143729604,9251.168011903763
1774956268.8890758,job_done,baseline:local_var_topk,219,246,0,89.02439024390245,1140.7462551365159,9252.719624996185
1774956269.0055003,job_done,baseline:local_var_topk,220,246,0,89.4308943089431,1093.516988266598,9252.836054563522
1774956421.4678419,job_done,baseline:local_var_topk,221,246,0,89.83739837398375,1063.947786707684,9405.298434495926
1774956434.5981321,job_done,baseline:local_var_topk,222,246,0,90.2439024390244,1018.2085227450808,9418.428835391998
1774956435.915115,job_done,baseline:local_var_topk,223,246,0,90.65040650406505,971.5432922583524,9419.74583363533
1774956436.1653929,job_done,baseline:local_var_topk,224,246,0,91.0569105691057,925.1781917831728,9419.996134519577
1774956571.8530095,job_done,baseline:local_var_topk,225,246,0,91.46341463414635,891.8638098716735,9555.683677196503
1774956602.0560074,job_done,baseline:local_var_topk,226,246,0,91.869918699187,848.3085374494569,9585.886473178864
1774956604.335544,job_done,baseline:local_var_topk,227,246,0,92.27642276422765,802.5337403828877,9588.166266679764
1774956604.654154,job_done,baseline:local_var_topk,228,246,0,92.6829268292683,756.9856438825005,9588.484822511673
1774956720.122424,job_done,baseline:local_var_topk,229,246,0,93.08943089430895,720.3808004689529,9703.953135728836
1774956767.9947636,job_done,baseline:local_var_topk,230,246,0,93.4959349593496,678.3878603893778,9751.825493097305
1774956772.7868545,job_done,baseline:local_var_topk,231,246,0,93.90243902439025,633.5465949386745,9756.617562055588
1774956772.9218397,job_done,baseline:local_var_topk,232,246,0,94.3089430894309,588.7695546540721,9756.752619981766
1774956875.401072,job_done,baseline:local_var_topk,233,246,0,94.71544715447155,550.0858919640979,9859.231755971909
1774956933.3295426,job_done,baseline:local_var_topk,234,246,0,95.1219512195122,508.57231878622986,9917.160216331482
1774956938.9466724,job_done,baseline:local_var_topk,235,246,0,95.52845528455285,464.47042982730466,9922.777364492416
1774956939.2017083,job_done,baseline:local_var_topk,236,246,0,95.9349593495935,420.46747829954506,9923.032487869263
1774957030.9604526,job_done,baseline:local_var_topk,237,246,0,96.34146341463415,380.3085243158703,10014.791140317917
1774957097.560052,job_done,baseline:local_var_topk,238,246,0,96.7479674796748,338.8702777013058,10081.390761613846
1774957104.53371,job_done,baseline:local_var_topk,239,246,0,97.15447154471545,295.4751089317529,10088.364433526993
1774957104.7664945,job_done,baseline:local_var_topk,240,246,0,97.5609756097561,252.2149299442768,10088.597197771072
1774957182.34986,job_done,baseline:local_var_topk,241,246,0,97.96747967479675,210.91660926450834,10166.180566549301
1774957259.839596,job_done,baseline:local_var_topk,242,246,0,98.3739837398374,169.31686356836113,10243.670245885849
1774957270.0430658,job_done,baseline:local_var_topk,243,246,0,98.78048780487805,126.59103433585462,10253.873781204224
1774957270.38312,job_done,baseline:local_var_topk,244,246,0,99.1869918699187,84.05093370304732,10254.213911771774
1774957309.6028662,job_done,baseline:local_var_topk,245,246,0,99.59349593495935,42.01401399884905,10293.433429718018
1774957341.5882285,job_done,baseline:local_var_topk,246,246,0,100.0,,10325.418931722641
1774957341.6056228,group_end,baseline:local_var_topk,246,246,0,100.0,,10325.436282157898
1774957341.6059754,phase_end,,246,246,0,100.0,,10325.436710119247
1774957341.6063933,lock_released,,246,246,0,100.0,,10325.437111854553
1774957341.623447,method_done,,246,246,0,100.0,,10325.454175233841
1774957341.6238263,method_start,,246,246,0,100.0,,10325.454551458359
1774957341.624321,lock_wait,,246,246,0,100.0,,10325.455035924911
1774957341.6247563,lock_acquired,,246,246,0,100.0,,10325.455485105515
1774957341.62514,lock_released,,246,246,0,100.0,,10325.455874443054
1774957341.627296,lock_wait,,246,246,0,100.0,,10325.457998991013
1774957341.6277125,lock_acquired,,246,246,0,100.0,,10325.45843744278
1774957341.6280766,plan_add,,246,286,0,86.01398601398601,1678.9363904503302,10325.458801269531
1774957341.6284745,phase_start,cagrad:coord:train.lr,246,286,0,86.01398601398601,1678.9364524391608,10325.45918250084
1774957368.6643167,group_slots,cagrad:coord:train.lr,246,286,0,86.01398601398601,1683.332517360284,10352.494981765747
1774957368.6646037,group_start,cagrad:coord:train.lr,246,286,0,86.01398601398601,1683.3325852805035,10352.495399475098
1774957591.3099668,job_done,cagrad:coord:train.lr,247,286,0,86.36363636363636,1669.7590388624292,10575.140579462051
1774957592.759782,job_done,cagrad:coord:train.lr,248,286,0,86.7132867132867,1620.606579371037,10576.590307474136
1774957592.8459575,job_done,cagrad:coord:train.lr,249,286,0,87.06293706293707,1571.6346894928731,10576.67669415474
1774957593.026429,job_done,cagrad:coord:train.lr,250,286,0,87.41258741258741,1523.067408016205,10576.857000112534
1774957807.9504771,job_done,cagrad:coord:train.lr,251,286,0,87.76223776223776,1504.8300419148222,10791.78115773201
1774957814.1114304,job_done,cagrad:coord:train.lr,252,286,0,88.1118881118881,1456.8652074166707,10797.942125558853
1774957814.3758209,job_done,cagrad:coord:train.lr,253,286,0,88.46153846153847,1408.4617339424465,10798.20662689209
1774957814.4413898,job_done,cagrad:coord:train.lr,254,286,0,88.81118881118881,1360.4122278108373,10798.27205824852
1774957992.5239162,job_done,cagrad:coord:train.lr,255,286,0,89.16083916083916,1334.380369131238,10976.354649305344
1774958024.7341537,job_done,cagrad:coord:train.lr,256,286,0,89.5104895104895,1290.0661949906498,11008.564863920212
1774958024.9664347,job_done,cagrad:coord:train.lr,257,286,0,89.86013986013987,1242.2378198089302,11008.79723072052
1774958025.2365348,job_done,cagrad:coord:train.lr,258,286,0,90.20979020979021,1194.7824914473895,11009.067242622375
1774958183.722679,job_done,cagrad:coord:train.lr,259,286,0,90.55944055944056,1164.1850995271823,11167.553362131119
1774958238.3166227,job_done,cagrad:coord:train.lr,260,286,0,90.9090909090909,1122.2147305250169,11222.147305250168
1774958240.1700792,job_done,cagrad:coord:train.lr,261,286,0,91.25874125874125,1075.0958635660882,11224.00081562996
1774958240.4095259,job_done,cagrad:coord:train.lr,262,286,0,91.60839160839161,1028.1746817581525,11224.240275859833
1774958359.9775848,job_done,cagrad:coord:train.lr,263,286,0,91.95804195804196,992.0440676112592,11343.80825138092
1774958453.6043034,job_done,cagrad:coord:train.lr,264,286,0,92.3076923076923,953.1195732156435,11437.434878587723
1774958454.434186,job_done,cagrad:coord:train.lr,265,286,0,92.65734265734265,906.4285389594312,11438.264896392822
1774958454.5105095,job_done,cagrad:coord:train.lr,266,286,0,93.00699300699301,860.0256150109427,11438.340679645538
1774958550.8079011,job_done,cagrad:coord:train.lr,267,286,0,93.35664335664336,820.8169800351176,11534.638614177704
1774958663.2895198,job_done,cagrad:coord:train.lr,268,286,0,93.7062937062937,782.2692671427086,11647.120199680328
1774958665.875155,job_done,cagrad:coord:train.lr,269,286,0,94.05594405594405,736.2267640789203,11649.70585513115
1774958666.2231846,job_done,cagrad:coord:train.lr,270,286,0,94.4055944055944,690.373568753843,11650.0539727211
1774958726.6788714,job_done,cagrad:coord:train.lr,271,286,0,94.75524475524476,648.1831866964643,11710.509572982788
1774958869.6024518,job_done,cagrad:coord:train.lr,272,286,0,95.1048951048951,610.1031753806508,11853.433121681213
1774958880.334318,job_done,cagrad:coord:train.lr,273,286,0,95.45454545454545,564.9602398872375,11864.165037631989
1774958880.6391137,job_done,cagrad:coord:train.lr,274,286,0,95.8041958041958,519.6118166846951,11864.469814300537
1774958928.0109277,job_done,cagrad:coord:train.lr,275,286,0,96.15384615384616,476.47366518974303,11911.841629743576
1774959059.2146935,job_done,cagrad:coord:train.lr,276,286,0,96.5034965034965,436.3422253339187,12043.045419216156
1774959081.286793,job_done,cagrad:coord:train.lr,277,286,0,96.85314685314685,392.007428365494,12065.117517471313
1774959081.559709,job_done,cagrad:coord:train.lr,278,286,0,97.2027972027972,347.205474983874,12065.390255689621
1774959124.8601134,job_done,cagrad:coord:train.lr,279,286,0,97.55244755244755,303.8022792176961,12108.690843105316
1774959233.2472754,job_done,cagrad:coord:train.lr,280,286,0,97.9020979020979,261.79452732631137,12217.077941894531
1774959274.161809,job_done,cagrad:coord:train.lr,281,286,0,98.25174825174825,218.11374491219843,12257.992464065552
1774959274.3284287,job_done,cagrad:coord:train.lr,282,286,0,98.6013986013986,173.87459585852656,12258.159008026123
1774959304.8832178,job_done,cagrad:coord:train.lr,283,286,0,98.95104895104895,130.26905237912288,12288.71394109726
1774959411.769689,job_done,cagrad:coord:train.lr,284,286,0,99.3006993006993,87.29295938451524,12395.600232601166
1774959452.1357787,job_done,cagrad:coord:train.lr,285,286,0,99.65034965034965,43.634969729707954,12435.966372966766
1774959452.529571,job_done,cagrad:coord:train.lr,286,286,0,100.0,,12436.360176324844
1774959452.5475838,group_end,cagrad:coord:train.lr,286,286,0,100.0,,12436.378148794174
1774959452.547955,phase_end,,286,286,0,100.0,,12436.378679037094
1774959452.54843,lock_released,,286,286,0,100.0,,12436.379141807556
1774959452.551659,lock_wait,,286,286,0,100.0,,12436.382352113724
1774959452.5521183,lock_acquired,,286,286,0,100.0,,12436.382835388184
1774959452.552511,plan_add,,286,324,0,88.27160493827161,1652.3865804688912,12436.383210897446
1774959452.5528944,phase_start,cagrad:coord:train.weight_decay,286,324,0,88.27160493827161,1652.3866345115475,12436.383617639542
1774959479.6958606,group_slots,cagrad:coord:train.weight_decay,286,324,0,88.27160493827161,1655.9930235155814,12463.526440143585
1774959479.6962316,group_start,cagrad:coord:train.weight_decay,286,324,0,88.27160493827161,1655.99309235186,12463.526958227158
1774959703.7947695,job_done,cagrad:coord:train.weight_decay,287,324,0,88.58024691358025,1635.6868937788108,12687.625365257263
1774959704.2550812,job_done,cagrad:coord:train.weight_decay,288,324,0,88.88888888888889,1586.0107334852219,12688.085867881775
1774959704.485277,job_done,cagrad:coord:train.weight_decay,289,324,0,89.19753086419753,1536.6472439988675,12688.315814733505
1774959704.7285266,job_done,cagrad:coord:train.weight_decay,290,324,0,89.50617283950618,1487.6241838356545,12688.559215068817
1774959924.666232,job_done,cagrad:coord:train.weight_decay,291,324,0,89.81481481481481,1463.8501633049286,12908.496894598007
1774959927.8615732,job_done,cagrad:coord:train.weight_decay,292,324,0,90.12345679012346,1414.9799761576196,12911.692282438278
1774959927.9797533,job_done,cagrad:coord:train.weight_decay,293,324,0,90.4320987654321,1366.0959951153388,12911.810534477234
1774959928.1025324,job_done,cagrad:coord:train.weight_decay,294,324,0,90.74074074074075,1317.544215844602,12911.9333152771
1774960128.9487965,job_done,cagrad:coord:train.weight_decay,295,324,0,91.04938271604938,1289.0528872974849,13112.77937078476
1774960144.7918022,job_done,cagrad:coord:train.weight_decay,296,324,0,91.35802469135803,1241.8967220428829,13128.622490167618
1774960144.9784899,job_done,cagrad:coord:train.weight_decay,297,324,0,91.66666666666667,1193.5280961123378,13128.809057235718
1774960145.0402484,job_done,cagrad:coord:train.weight_decay,298,324,0,91.9753086419753,1145.4719599157372,13128.870925188065
1774960305.1485982,job_done,cagrad:coord:train.weight_decay,299,324,0,92.28395061728395,1111.1186669223684,13288.979256391525
1774960354.6812208,job_done,cagrad:coord:train.weight_decay,300,324,0,92.5925925925926,1067.080955657959,13338.511945724487
1774960354.7595108,job_done,cagrad:coord:train.weight_decay,301,324,0,92.90123456790124,1019.2278306397093,13338.59030532837
1774960354.9262388,job_done,cagrad:coord:train.weight_decay,302,324,0,93.20987654320987,971.6975240154771,13338.756920576096
1774960486.0348728,job_done,cagrad:coord:train.weight_decay,303,324,0,93.51851851851852,933.5550414760514,13469.86559844017
1774960574.7514231,job_done,cagrad:coord:train.weight_decay,304,324,0,93.82716049382717,892.011973653969,13558.581999540329
1774960574.8068128,job_done,cagrad:coord:train.weight_decay,305,324,0,94.1358024691358,844.6364420187278,13558.637621879578
1774960575.0345793,job_done,cagrad:coord:train.weight_decay,306,324,0,94.44444444444444,797.5803157441756,13558.865367650986
1774960674.4849002,job_done,cagrad:coord:train.weight_decay,307,324,0,94.75308641975309,756.3236662378529,13658.315619707108
1774960784.1913428,job_done,cagrad:coord:train.weight_decay,308,324,0,95.06172839506173,715.2219183290159,13768.021927833557
1774960784.6327772,job_done,cagrad:coord:train.weight_decay,309,324,0,95.37037037037037,668.3720173997787,13768.46355843544
1774960784.8971395,job_done,cagrad:coord:train.weight_decay,310,324,0,95.67901234567901,621.8135141895663,13768.72781419754
1774960848.7353227,job_done,cagrad:coord:train.weight_decay,311,324,0,95.98765432098766,578.2101539714544,13832.565991163254
1774961003.1098077,job_done,cagrad:coord:train.weight_decay,312,324,0,96.29629629629629,537.9592457459523,13986.94038939476
1774961003.610296,job_done,cagrad:coord:train.weight_decay,313,324,0,96.60493827160494,491.5714097411487,13987.441022634506
1774961003.9975693,job_done,cagrad:coord:train.weight_decay,314,324,0,96.91358024691358,445.47223818529943,13987.828279018402
1774961048.8841143,job_done,cagrad:coord:train.weight_decay,315,324,0,97.22222222222223,400.93470952170236,14032.714833259583
1774961213.8731222,job_done,cagrad:coord:train.weight_decay,316,324,0,97.53086419753086,359.43553712096394,14197.703716278076
1774961213.9932897,job_done,cagrad:coord:train.weight_decay,317,324,0,97.8395061728395,313.5166205103841,14197.824100255966
1774961214.2428997,job_done,cagrad:coord:train.weight_decay,318,324,0,98.14814814814815,267.88818000397595,14198.073540210724
1774961225.3860059,job_done,cagrad:coord:train.weight_decay,319,324,0,98.45679012345678,222.71499583713688,14209.216734409332
1774961432.7886395,job_done,cagrad:coord:train.weight_decay,320,324,0,98.76543209876543,180.20774144232274,14416.619315385818
1774961434.5811546,job_done,cagrad:coord:train.weight_decay,321,324,0,99.07407407407408,134.75151255866078,14418.411843776703
1774961434.893495,job_done,cagrad:coord:train.weight_decay,322,324,0,99.38271604938272,89.5572932107108,14418.724206924438
1774961436.239064,job_done,cagrad:coord:train.weight_decay,323,324,0,99.69135802469135,44.644178871768915,14420.06977558136
1774961566.30655,job_done,cagrad:coord:train.weight_decay,324,324,0,100.0,,14550.13723039627
1774961566.3239577,group_end,cagrad:coord:train.weight_decay,324,324,0,100.0,,14550.154540538788
1774961566.3243244,phase_end,,324,324,0,100.0,,14550.155053853989
1774961566.325241,lock_released,,324,324,0,100.0,,14550.155488014221
1774961566.3284068,lock_wait,,324,324,0,100.0,,14550.15909409523
1774961566.3288376,lock_acquired,,324,324,0,100.0,,14550.159570217133
1774961566.3291938,plan_add,,324,362,0,89.50276243093923,1706.5002381154047,14550.159924983978
1774961566.32957,phase_start,cagrad:coord:train.grad_clip,324,362,0,89.50276243093923,1706.5002810660703,14550.160291194916
1774961593.2124083,group_slots,cagrad:coord:train.grad_clip,324,362,0,89.50276243093923,1709.653201142947,14577.043083429337
1774961593.2126324,group_start,cagrad:coord:train.grad_clip,324,362,0,89.50276243093923,1709.65324574341,14577.04346370697
1774961816.210082,job_done,cagrad:coord:train.grad_clip,325,362,0,89.77900552486187,1684.9276860009709,14800.040485143661
1774961817.2886252,job_done,cagrad:coord:train.grad_clip,326,362,0,90.05524861878453,1634.4794255970444,14801.11924290657
1774961817.9507153,job_done,cagrad:coord:train.grad_clip,327,362,0,90.33149171270718,1584.2885304518065,14801.781413078308
1774961818.0065913,job_done,cagrad:coord:train.grad_clip,328,362,0,90.60773480662984,1534.3367933979848,14801.837301015854
1774962029.4379268,job_done,cagrad:coord:train.grad_clip,329,362,0,90.88397790055248,1505.8901630701628,15013.268595457077
1774962037.0811176,job_done,cagrad:coord:train.grad_clip,330,362,0,91.16022099447514,1456.5732643358635,15020.911788463593
1774962037.1495528,job_done,cagrad:coord:train.grad_clip,331,362,0,91.43646408839778,1406.7987422395688,15020.980118751526
1774962037.237818,job_done,cagrad:coord:train.grad_clip,332,362,0,91.71270718232044,1357.325457198074,15021.06839299202
1774962209.730881,job_done,cagrad:coord:train.grad_clip,333,362,0,91.98895027624309,1323.1630027437352,15193.561376333237
1774962246.7904742,job_done,cagrad:coord:train.grad_clip,334,362,0,92.26519337016575,1276.8185367241592,15230.621116638184
1774962247.2662292,job_done,cagrad:coord:train.grad_clip,335,362,0,92.54143646408839,1227.5809425254367,15231.09687948227
1774962247.3206491,job_done,cagrad:coord:train.grad_clip,336,362,0,92.81767955801105,1178.601004942542,15231.151448488235
1774962406.0494893,job_done,cagrad:coord:train.grad_clip,337,362,0,93.0939226519337,1141.6825017341876,15389.880123376846
1774962459.4427702,job_done,cagrad:coord:train.grad_clip,338,362,0,93.37016574585635,1096.5637922286987,15443.27340722084
1774962463.0743165,job_done,cagrad:coord:train.grad_clip,339,362,0,93.646408839779,1048.0201052648831,15446.905029773712
1774962463.488584,job_done,cagrad:coord:train.grad_clip,340,362,0,93.92265193370166,999.5324299644021,15447.319372177124
1774962587.6856744,job_done,cagrad:coord:train.grad_clip,341,362,0,94.1988950276243,958.9496779658579,15571.516199350357
1774962668.822707,job_done,cagrad:coord:train.grad_clip,342,362,0,94.47513812154696,915.3598469321491,15652.65338253975
1774962675.1555588,job_done,cagrad:coord:train.grad_clip,343,362,0,94.7513812154696,867.4073993012787,15658.986208438873
1774962675.5075932,job_done,cagrad:coord:train.grad_clip,344,362,0,95.02762430939227,819.3839777070423,15659.338240623474
1774962773.9359434,job_done,cagrad:coord:train.grad_clip,345,362,0,95.30386740331491,776.4696609303571,15757.766648292542
1774962858.6766093,job_done,cagrad:coord:train.grad_clip,346,362,0,95.58011049723757,732.6014910350646,15842.50724363327
1774962873.0068827,job_done,cagrad:coord:train.grad_clip,347,362,0,95.85635359116021,685.4540754223419,15856.837611436844
1774962873.3036757,job_done,cagrad:coord:train.grad_clip,348,362,0,96.13259668508287,637.9306947184706,15857.13441157341
1774962961.2472417,job_done,cagrad:coord:train.grad_clip,349,362,0,96.40883977900552,593.9427317951333,15945.077953577042
1774963034.3200307,job_done,cagrad:coord:train.grad_clip,350,362,0,96.68508287292818,549.1937391880581,16018.15072631836
1774963064.8498096,job_done,cagrad:coord:train.grad_clip,351,362,0,96.96132596685082,502.9500980621729,16048.680401802063
1774963065.5592263,job_done,cagrad:coord:train.grad_clip,352,362,0,97.23756906077348,455.948541557247,16049.388662815094
1774963141.3324487,job_done,cagrad:coord:train.grad_clip,353,362,0,97.51381215469613,411.1231399615831,16125.16315627098
1774963221.2314878,job_done,cagrad:coord:train.grad_clip,354,362,0,97.79005524861878,366.2160943187563,16205.062173604965
1774963268.850406,job_done,cagrad:coord:train.grad_clip,355,362,0,98.06629834254143,320.47539955327204,16252.680977344513
1774963270.299838,job_done,cagrad:coord:train.grad_clip,356,362,0,98.34254143646409,273.9460202428732,16254.130534410477
1774963329.8084264,job_done,cagrad:coord:train.grad_clip,357,362,0,98.61878453038673,228.48234033384244,16313.63909983635
1774963416.5071628,job_done,cagrad:coord:train.grad_clip,358,362,0,98.89502762430939,183.24399837302096,16400.337854385376
1774963482.2504601,job_done,cagrad:coord:train.grad_clip,359,362,0,99.17127071823204,137.59956216280838,16466.08093881607
1774963483.6082323,job_done,cagrad:coord:train.grad_clip,360,362,0,99.4475138121547,91.48577130900489,16467.43883562088
1774963525.3428547,job_done,cagrad:coord:train.grad_clip,361,362,0,99.72375690607734,45.731782728285005,16509.17356491089
1774963571.3358748,job_done,cagrad:coord:train.grad_clip,362,362,0,100.0,,16555.16660618782
1774963571.35386,group_end,cagrad:coord:train.grad_clip,362,362,0,100.0,,16555.184448242188
1774963571.354226,phase_end,,362,362,0,100.0,,16555.184948921204
1774963571.3546615,lock_released,,362,362,0,100.0,,16555.18538594246
1774963571.3577642,lock_wait,,362,362,0,100.0,,16555.188478708267
1774963571.358186,lock_acquired,,362,362,0,100.0,,16555.18892097473
1774963571.358555,plan_add,,362,400,0,90.5,1737.8375480820462,16555.18927383423
1774963571.3589082,phase_start,cagrad:coord:method.baseline_cagrad.c,362,400,0,90.5,1737.8375874000358,16555.189648389816
1774963598.501113,group_slots,cagrad:coord:method.baseline_cagrad.c,362,400,0,90.5,1740.6867626332446,16582.33179140091
1774963598.5013924,group_start,cagrad:coord:method.baseline_cagrad.c,362,400,0,90.5,1740.6868025268639,16582.332171440125
1774963821.3023014,job_done,cagrad:coord:method.baseline_cagrad.c,363,400,0,90.75,1712.9198056002951,16805.132146835327
1774963822.0978913,job_done,cagrad:coord:method.baseline_cagrad.c,364,400,0,91.0,1662.1247913444436,16805.92844581604
1774963822.3937845,job_done,cagrad:coord:method.baseline_cagrad.c,365,400,0,91.25,1611.555762398733,16806.22437930107
1774963822.4965353,job_done,cagrad:coord:method.baseline_cagrad.c,366,400,0,91.5,1561.2435106644864,16806.327203035355
1774964039.9592254,job_done,cagrad:coord:method.baseline_cagrad.c,367,400,0,91.75,1530.749498535567,17023.789877653122
1774964044.1501632,job_done,cagrad:coord:method.baseline_cagrad.c,368,400,0,92.0,1480.6939830365388,17027.980804920197
1774964044.2496326,job_done,cagrad:coord:method.baseline_cagrad.c,369,400,0,92.25,1430.5433236925905,17028.080207824707
1774964044.3065813,job_done,cagrad:coord:method.baseline_cagrad.c,370,400,0,92.5,1380.6597755535229,17028.137231826782
1774964236.2583892,job_done,cagrad:coord:method.baseline_cagrad.c,371,400,0,92.75,1346.0446945477047,17220.08902335167
1774964257.8703468,job_done,cagrad:coord:method.baseline_cagrad.c,372,400,0,93.0,1297.7624463496668,17241.70107293129
1774964258.1471462,job_done,cagrad:coord:method.baseline_cagrad.c,373,400,0,93.25,1248.0788274469708,17241.977875471115
1774964258.2769017,job_done,cagrad:coord:method.baseline_cagrad.c,374,400,0,93.5,1198.6491918066606,17242.107605218887
1774964416.9562263,job_done,cagrad:coord:method.baseline_cagrad.c,375,400,0,93.75,1160.0524589061736,17400.786883592606
1774964466.280395,job_done,cagrad:coord:method.baseline_cagrad.c,376,400,0,94.0,1113.8368729073952,17450.111008882523
1774964468.5164576,job_done,cagrad:coord:method.baseline_cagrad.c,377,400,0,94.25,1064.7320534929988,17452.34713768959
1774964468.6073508,job_done,cagrad:coord:method.baseline_cagrad.c,378,400,0,94.5,1015.7503615346535,17452.4380300045
1774964599.2748542,job_done,cagrad:coord:method.baseline_cagrad.c,379,400,0,94.75,974.2617866407913,17583.10557794571
1774964676.930757,job_done,cagrad:coord:method.baseline_cagrad.c,380,400,0,95.0,929.5137626999303,17660.761491298676
1774964681.5357807,job_done,cagrad:coord:method.baseline_cagrad.c,381,400,0,95.25,880.9493525585165,17665.352806568146
1774964681.6605783,job_done,cagrad:coord:method.baseline_cagrad.c,382,400,0,95.5,832.4053447820754,17665.49120593071
1774964781.4005463,job_done,cagrad:coord:method.baseline_cagrad.c,383,400,0,95.75,788.535068317742,17765.231245040894
1774964874.782529,job_done,cagrad:coord:method.baseline_cagrad.c,384,400,0,96.0,744.1088844041029,17858.61322569847
1774964882.5559435,job_done,cagrad:coord:method.baseline_cagrad.c,385,400,0,96.25,696.09297081712,17866.386250972748
1774964882.8024812,job_done,cagrad:coord:method.baseline_cagrad.c,386,400,0,96.5,648.0126016275871,17866.633159160614
1774964969.9324224,job_done,cagrad:coord:method.baseline_cagrad.c,387,400,0,96.75,603.0979718373419,17953.76270008087
1774965056.3090222,job_done,cagrad:coord:method.baseline_cagrad.c,388,400,0,97.0,557.9424618716092,18040.139600515366
1774965079.5203195,job_done,cagrad:coord:method.baseline_cagrad.c,389,400,0,97.25,510.7888472637971,18063.351053237915
1774965079.8739014,job_done,cagrad:coord:method.baseline_cagrad.c,390,400,0,97.5,463.17191412510016,18063.704650878906
1774965146.7722359,job_done,cagrad:coord:method.baseline_cagrad.c,391,400,0,97.75,417.3284560920637,18130.602925777435
1774965237.1115253,job_done,cagrad:coord:method.baseline_cagrad.c,392,400,0,98.0,371.85596227159306,18220.94215130806
1774965283.153625,job_done,cagrad:coord:method.baseline_cagrad.c,393,400,0,98.25,325.3661329206316,18266.98431968689
1774965284.1486254,job_done,cagrad:coord:method.baseline_cagrad.c,394,400,0,98.5,278.19257803132695,18267.9792907238
1774965334.3788486,job_done,cagrad:coord:method.baseline_cagrad.c,395,400,0,98.75,231.876070300235,18318.209553718567
1774965431.5032609,job_done,cagrad:coord:method.baseline_cagrad.c,396,400,0,99.0,186.01347300982235,18415.333827972412
1774965487.6619406,job_done,cagrad:coord:method.baseline_cagrad.c,397,400,0,99.25,139.58306779789385,18471.49263858795
1774965487.8293586,job_done,cagrad:coord:method.baseline_cagrad.c,398,400,0,99.5,92.82241220929515,18471.660029649734
1774965513.1347947,job_done,cagrad:coord:method.baseline_cagrad.c,399,400,0,99.75,46.35830959162318,18496.965527057648
1774965576.6245143,job_done,cagrad:coord:method.baseline_cagrad.c,400,400,0,100.0,,18560.45519733429
1774965576.646128,group_end,cagrad:coord:method.baseline_cagrad.c,400,400,0,100.0,,18560.47672343254
1774965576.6465037,phase_end,,400,400,0,100.0,,18560.477229595184
1774965576.6474383,lock_released,,400,400,0,100.0,,18560.477647066116
1774965576.6505165,lock_wait,,400,400,0,100.0,,18560.48120689392
1774965576.6509442,lock_acquired,,400,400,0,100.0,,18560.48167037964
1774965576.6513042,plan_add,,400,438,0,91.32420091324201,1763.2457928192616,18560.482029676437
1774965576.651683,phase_start,cagrad:coord:method.baseline_cagrad.inner_lr,400,438,0,91.32420091324201,1763.2458291494847,18560.48241209984
1774965603.593121,group_slots,cagrad:coord:method.baseline_cagrad.inner_lr,400,438,0,91.32420091324201,1765.805261338949,18587.423803567886
1774965603.5933857,group_start,cagrad:coord:method.baseline_cagrad.inner_lr,400,438,0,91.32420091324201,1765.8052976238728,18587.42418551445
1774965826.5570164,job_done,cagrad:coord:method.baseline_cagrad.inner_lr,401,438,0,91.55251141552512,1735.621789347204,18810.38750076294
1774965827.1029599,job_done,cagrad:coord:method.baseline_cagrad.inner_lr,402,438,0,91.78082191780823,1684.5612245887073,18810.9336745739
1774965827.3692145,job_done,cagrad:coord:method.baseline_cagrad.inner_lr,403,438,0,92.00913242009132,1633.727040586637,18811.199924468994
1774965827.5137303,job_done,cagrad:coord:method.baseline_cagrad.inner_lr,404,438,0,92.23744292237443,1583.1329449497828,18811.34440469742
1774966050.7009192,job_done,cagrad:coord:method.baseline_cagrad.inner_lr,405,438,0,92.46575342465754,1550.9618017479224,19034.53120326996
1774966052.0949738,job_done,cagrad:coord:method.baseline_cagrad.inner_lr,406,438,0,92.69406392694064,1500.3685266278649,19035.925681591034
1774966052.2480795,job_done,cagrad:coord:method.baseline_cagrad.inner_lr,407,438,0,92.92237442922375,1449.922464878026,19036.07881307602
1774966052.5920858,job_done,cagrad:coord:method.baseline_cagrad.inner_lr,408,438,0,93.15068493150685,1399.7369712591171,19036.422809123993
1774966267.6570892,job_done,cagrad:coord:method.baseline_cagrad.inner_lr,409,438,0,93.37899543378995,1365.0199039454565,19251.487610816956
1774966273.112576,job_done,cagrad:coord:method.baseline_cagrad.inner_lr,410,438,0,93.60730593607306,1315.1083184498111,19256.943234443665
1774966273.351062,job_done,cagrad:coord:method.baseline_cagrad.inner_lr,411,438,0,93.83561643835617,1265.070333209351,19257.181738853455
1774966273.4069295,job_done,cagrad:coord:method.baseline_cagrad.inner_lr,412,438,0,94.06392694063926,1215.2625674171354,19257.23760676384
1774966454.5443535,job_done,cagrad:coord:method.baseline_cagrad.inner_lr,413,438,0,94.29223744292237,1176.657079582353,19438.37495470047
1774966484.5510538,job_done,cagrad:coord:method.baseline_cagrad.inner_lr,414,438,0,94.52054794520548,1128.6018408346868,19468.381754398346
1774966484.6079044,job_done,cagrad:coord:method.baseline_cagrad.inner_lr,415,438,0,94.74885844748859,1078.9737040261189,19468.438572645187
1774966484.723842,job_done,cagrad:coord:method.baseline_cagrad.inner_lr,416,438,0,94.9771689497717,1029.5870152184596,19468.55446958542
1774966643.600693,job_done,cagrad:coord:method.baseline_cagrad.inner_lr,417,438,0,95.20547945205479,988.4317904856566,19627.43126821518
1774966697.6396196,job_done,cagrad:coord:method.baseline_cagrad.inner_lr,418,438,0,95.4337899543379,941.6971378805534,19681.470181703568
1774966699.3928401,job_done,cagrad:coord:method.baseline_cagrad.inner_lr,419,438,0,95.662100456621,892.5566732735509,19683.223479032516
1774966699.776677,job_done,cagrad:coord:method.baseline_cagrad.inner_lr,420,438,0,95.89041095890411,843.58317425251,19683.607399225235
1774966819.1838925,job_done,cagrad:coord:method.baseline_cagrad.inner_lr,421,438,0,96.11872146118722,799.6466661802096,19803.014497756958
1774966910.6629717,job_done,cagrad:coord:method.baseline_cagrad.inner_lr,422,438,0,96.34703196347031,754.2935843806697,19894.49328804016
1774966912.3128173,job_done,cagrad:coord:method.baseline_cagrad.inner_lr,423,438,0,96.57534246575342,705.5370039297334,19896.14351081848
1774966912.4237602,job_done,cagrad:coord:method.baseline_cagrad.inner_lr,424,438,0,96.80365296803653,656.951786236943,19896.2540974617
1774967009.9168744,job_done,cagrad:coord:method.baseline_cagrad.inner_lr,425,438,0,97.03196347031964,611.5734557471557,19993.747591733932
1774967114.2166357,job_done,cagrad:coord:method.baseline_cagrad.inner_lr,426,438,0,97.26027397260275,566.1421777698356,20098.047310829163
1774967120.6728365,job_done,cagrad:coord:method.baseline_cagrad.inner_lr,427,438,0,97.48858447488584,517.9146097750519,20104.50348854065
1774967120.9663932,job_done,cagrad:coord:method.baseline_cagrad.inner_lr,428,438,0,97.71689497716895,469.73825138863,20104.797159433365
1774967187.2108428,job_done,cagrad:coord:method.baseline_cagrad.inner_lr,429,438,0,97.94520547945206,423.16870290916285,20171.04150533676
1774967309.7729847,job_done,cagrad:coord:method.baseline_cagrad.inner_lr,430,438,0,98.17351598173516,377.55541650639026,20293.603637218475
1774967328.7621868,job_done,cagrad:coord:method.baseline_cagrad.inner_lr,431,438,0,98.40182648401826,329.90289984059166,20312.592833042145
1774967329.0836132,job_done,cagrad:coord:method.baseline_cagrad.inner_lr,432,438,0,98.63013698630137,282.1238091422452,20312.914258241653
1774967383.1925013,job_done,cagrad:coord:method.baseline_cagrad.inner_lr,433,438,0,98.85844748858447,235.1850247410649,20367.023142576218
1774967486.7073536,job_done,cagrad:coord:method.baseline_cagrad.inner_lr,434,438,0,99.08675799086758,188.66855320073492,20470.53802227974
1774967532.156935,job_done,cagrad:coord:method.baseline_cagrad.inner_lr,435,438,0,99.31506849315069,141.48956967057853,20515.987602233887
1774967532.2488286,job_done,cagrad:coord:method.baseline_cagrad.inner_lr,436,438,0,99.54337899543378,94.11045537847993,20516.07927250862
1774967568.8270218,job_done,cagrad:coord:method.baseline_cagrad.inner_lr,437,438,0,99.77168949771689,47.03125324183798,20552.657666683197
1774967628.1504066,job_done,cagrad:coord:method.baseline_cagrad.inner_lr,438,438,0,100.0,,20611.9810860157
1774967628.1678076,group_end,cagrad:coord:method.baseline_cagrad.inner_lr,438,438,0,100.0,,20611.998630046844
1774967628.1680024,phase_end,,438,438,0,100.0,,20611.998825788498
1774967628.1682138,lock_released,,438,438,0,100.0,,20611.99906039238
1774967628.1703992,lock_wait,,438,438,0,100.0,,20612.001215457916
1774967628.1706257,lock_acquired,,438,438,0,100.0,,20612.00146842003
1774967628.1708105,plan_add,,438,490,0,89.38775510204081,2447.0869544020525,20612.00165438652
1774967628.171,phase_start,cagrad:local_var_topk,438,490,0,89.38775510204081,2447.0869767633203,20612.001842737198
1774967655.0602062,group_slots,cagrad:local_var_topk,438,490,0,89.38775510204081,2450.2792833058256,20638.890886306763
1774967655.0604746,group_start,cagrad:local_var_topk,438,490,0,89.38775510204081,2450.279329075661,20638.891271829605
1774967877.0585053,job_done,cagrad:local_var_topk,439,490,0,89.59183673469387,2423.4745768843586,20860.889004945755
1774967878.5095456,job_done,cagrad:local_var_topk,440,490,0,89.79591836734694,2370.720471848141,20862.34015226364
1774967878.6605275,job_done,cagrad:local_var_topk,441,490,0,90.0,2318.0545755757225,20862.491180181503
1774967878.9026022,job_done,cagrad:local_var_topk,442,490,0,90.20408163265306,2265.636203446539,20862.73337340355
1774968092.9557188,job_done,cagrad:local_var_topk,443,490,0,90.40816326530613,2236.1376041305793,21076.786353826523
1774968098.0153003,job_done,cagrad:local_var_topk,444,490,0,90.61224489795919,2184.155207640416,21081.845917224884
1774968098.497623,job_done,cagrad:local_var_topk,445,490,0,90.81632653061224,2131.9208391087777,21082.32829785347
1774968098.652342,job_done,cagrad:local_var_topk,446,490,0,91.0204081632653,2079.8862179555167,21082.48302745819
1774968283.7949617,job_done,cagrad:local_var_topk,447,490,0,91.22448979591837,2045.87897310641,21267.62560415268
1774968309.847266,job_done,cagrad:local_var_topk,448,490,0,91.42857142857143,1996.2823056131601,21293.677926540375
1774968310.3716385,job_done,cagrad:local_var_topk,449,490,0,91.63265306122449,1944.459448218611,21294.202250003815
1774968310.4261723,job_done,cagrad:local_var_topk,450,490,0,91.83673469387755,1892.82282594045,21294.256791830063
1774968468.748109,job_done,cagrad:local_var_topk,451,490,0,92.04081632653062,1855.1010469322457,21452.578773498535
1774968520.6316705,job_done,cagrad:local_var_topk,452,490,0,92.24489795918367,1807.897276481696,21504.462341308594
1774968522.8091688,job_done,cagrad:local_var_topk,453,490,0,92.44897959183673,1756.6129670353653,21506.6398396492
1774968523.145842,job_done,cagrad:local_var_topk,454,490,0,92.65306122448979,1705.3990198547094,21506.976528167725
1774968646.0029223,job_done,cagrad:local_var_topk,455,490,0,92.85714285714286,1663.8333437259382,21629.833468437195
1774968734.27468,job_done,cagrad:local_var_topk,456,490,0,93.06122448979592,1619.3324144043422,21718.10532259941
1774968738.1570582,job_done,cagrad:local_var_topk,457,490,0,93.26530612244898,1568.546158731114,21721.987713336945
1774968738.2195475,job_done,cagrad:local_var_topk,458,490,0,93.46938775510205,1517.6978324323761,21722.050226688385
1774968834.3470962,job_done,cagrad:local_var_topk,459,490,0,93.6734693877551,1473.5588459646522,21818.177751541138
1774968929.0126994,job_done,cagrad:local_var_topk,460,490,0,93.87755102040816,1429.0984774776125,21912.843321323395
1774968938.0715487,job_done,cagrad:local_var_topk,461,490,0,94.08163265306122,1379.0350617069482,21921.90218782425
1774968938.1828105,job_done,cagrad:local_var_topk,462,490,0,94.28571428571429,1328.606879046469,21922.01350426674
1774969014.4881332,job_done,cagrad:local_var_topk,463,490,0,94.48979591836735,1282.8393176492812,21998.318669319153
1774969112.1726854,job_done,cagrad:local_var_topk,464,490,0,94.6938775510204,1238.1381203275303,22096.003378152847
1774969141.9017954,job_done,cagrad:local_var_topk,465,490,0,94.89795918367346,1189.5555073086932,22125.732435941696
1774969142.4881618,job_done,cagrad:local_var_topk,466,490,0,95.10204081632654,1139.5529004043774,22126.318816184998
1774969195.0444827,job_done,cagrad:local_var_topk,467,490,0,95.3061224489796,1092.3214719760088,22178.875104904175
1774969294.1713157,job_done,cagrad:local_var_topk,468,490,0,95.51020408163265,1047.2565013414774,22278.001937627792
1774969345.0091958,job_done,cagrad:local_var_topk,469,490,0,95.71428571428571,999.7988003723657,22328.839874982834
1774969345.7410526,job_done,cagrad:local_var_topk,470,490,0,95.91836734693878,950.1945415253335,22329.571725845337
1774969384.009277,job_done,cagrad:local_var_topk,471,490,0,96.12244897959184,902.3120128171965,22367.839896678925
1774969478.8319798,job_done,cagrad:local_var_topk,472,490,0,96.3265306122449,856.6269616878639,22462.66255092621
1774969542.6641812,job_done,cagrad:local_var_topk,473,490,0,96.53061224489795,809.6203189168369,22526.494755744934
1774969543.0787582,job_done,cagrad:local_var_topk,474,490,0,96.73469387755102,760.4020074289057,22526.90947008133
1774969561.127998,job_done,cagrad:local_var_topk,475,490,0,96.93877551020408,711.9460631772092,22544.95866727829
1774969660.7976205,job_done,cagrad:local_var_topk,476,490,0,97.14285714285714,666.0184801185833,22644.62832403183
1774969749.5269961,job_done,cagrad:local_var_topk,477,490,0,97.34693877551021,619.5673895921847,22733.357295036316
1774969751.0330017,job_done,cagrad:local_var_topk,478,490,0,97.55102040816327,570.7497149870485,22734.8636469841
1774969754.7535968,job_done,cagrad:local_var_topk,479,490,0,97.75510204081633,522.1804308776816,22738.58421730995
1774969850.5314567,job_done,cagrad:local_var_topk,480,490,0,97.95918367346938,475.71587649981177,22834.362071990967
1774969949.929819,job_done,cagrad:local_var_topk,481,490,0,98.16326530612245,429.1140213825598,22933.760476112366
1774969954.0732546,job_done,cagrad:local_var_topk,482,490,0,98.36734693877551,380.7120989091169,22937.903959274292
1774969956.9976513,job_done,cagrad:local_var_topk,483,490,0,98.57142857142857,332.4757732757624,22940.828356027603
1774970029.6302042,job_done,cagrad:local_var_topk,484,490,0,98.77551020408163,285.2908381775391,23013.460946321487
1774970150.6372705,job_done,cagrad:local_var_topk,485,490,0,98.9795918367347,238.4996696182133,23134.46795296669
1774970163.5694215,job_done,cagrad:local_var_topk,486,490,0,99.18367346938776,190.51358053223095,23147.40003466606
1774970164.9592822,job_done,cagrad:local_var_topk,487,490,0,99.38775510204081,142.60034896705673,23148.789982318878
1774970215.434899,job_done,cagrad:local_var_topk,488,490,0,99.59183673469387,95.07895734368778,23199.265591859818
1774970307.3350143,job_done,cagrad:local_var_topk,489,490,0,99.79591836734694,47.630195799536985,23291.165745973587
1774970314.396037,job_done,cagrad:local_var_topk,490,490,0,100.0,,23298.226746320724
1774970314.4136899,group_end,cagrad:local_var_topk,490,490,0,100.0,,23298.244260549545
1774970314.4140635,phase_end,,490,490,0,100.0,,23298.244779109955
1774970314.4144976,lock_released,,490,490,0,100.0,,23298.245207309723
1774970314.432034,method_done,,490,490,0,100.0,,23298.262753009796
1774970314.4326172,method_start,,490,490,0,100.0,,23298.263129472733
1774970314.4331088,lock_wait,,490,490,0,100.0,,23298.26383304596
1774970314.433522,lock_acquired,,490,490,0,100.0,,23298.26424407959
1774970314.4338946,lock_released,,490,490,0,100.0,,23298.264634132385
1774970314.436196,lock_wait,,490,490,0,100.0,,23298.266920804977
1774970314.4365919,lock_acquired,,490,490,0,100.0,,23298.26732134819
1774970314.4369278,plan_add,,490,538,0,91.07806691449814,2282.279282301299,23298.26767349243
1774970314.4372692,phase_start,ours:coord:train.lr,490,538,0,91.07806691449814,2282.2793158862055,23298.26801633835
1774970340.4235306,group_slots,ours:coord:train.lr,490,538,0,91.07806691449814,2284.824889755249,23324.254082918167
1774970340.4239116,group_start,ours:coord:train.lr,490,538,0,91.07806691449814,2284.824943449059,23324.25463104248
1774970515.721358,job_done,ours:coord:train.lr,491,538,0,91.2639405204461,2249.4479482033103,23499.5519695282
1774970516.517114,job_done,ours:coord:train.lr,492,538,0,91.44981412639405,2197.186993712332,23500.34784579277
1774970516.5699387,job_done,ours:coord:train.lr,493,538,0,91.635687732342,2145.0669997386467,23500.40068602562
1774970516.6604252,job_done,ours:coord:train.lr,494,538,0,91.82156133828997,2093.1611564323484,23500.49116539955
1774970686.6586714,job_done,ours:coord:train.lr,495,538,0,92.00743494423791,2056.224329679663,23670.489376544952
1774970690.0694268,job_done,ours:coord:train.lr,496,538,0,92.19330855018588,2004.6447645127773,23673.900076150894
1774970690.4015794,job_done,ours:coord:train.lr,497,538,0,92.37918215613382,1953.0050842704427,23674.23236298561
1774970690.5100486,job_done,ours:coord:train.lr,498,538,0,92.56505576208178,1901.5534817454327,23674.340847730637
1774970854.3992786,job_done,ours:coord:train.lr,499,538,0,92.75092936802974,1863.1081521028507,23838.229946136475
1774970861.349671,job_done,ours:coord:train.lr,500,538,0,92.93680297397769,1812.233687271118,23845.180095672607
1774970862.4096758,job_done,ours:coord:train.lr,501,538,0,93.12267657992565,1761.0995916220957,23846.240416288376
1774970862.4650936,job_done,ours:coord:train.lr,502,538,0,93.3085501858736,1710.0929231757661,23846.295762062073
1774971014.48614,job_done,ours:coord:train.lr,503,538,0,93.49442379182156,1669.8630029140836,23998.316870450974
1774971028.5106666,job_done,ours:coord:train.lr,504,538,0,93.68029739776952,1619.8801677075644,24012.341309547424
1774971031.2895107,job_done,ours:coord:train.lr,505,538,0,93.86617100371747,1569.304884164168,24015.120197057724
1774971031.3874364,job_done,ours:coord:train.lr,506,538,0,94.05204460966543,1518.7489790482955,24015.218231201172
1774971164.816662,job_done,ours:coord:train.lr,507,538,0,94.23791821561338,1476.5445137390723,24148.647369861603
1774971194.031977,job_done,ours:coord:train.lr,508,538,0,94.42379182156134,1427.8265369079245,24177.862691640854
1774971199.7433963,job_done,ours:coord:train.lr,509,538,0,94.6096654275093,1377.8460693546735,24183.574113845825
1774971199.8244884,job_done,ours:coord:train.lr,510,538,0,94.79553903345725,1327.7300849091773,24183.655117988586
1774971316.2970576,job_done,ours:coord:train.lr,511,538,0,94.9814126394052,1283.9597828733479,24300.127742528915
1774971355.5610368,job_done,ours:coord:train.lr,512,538,0,95.16728624535315,1235.9847356751561,24339.391717910767
1774971367.0644083,job_done,ours:coord:train.lr,513,538,0,95.35315985130111,1186.690789089333,24350.894992113113
1774971367.322092,job_done,ours:coord:train.lr,514,538,0,95.53903345724908,1137.018803767193,24351.152714014053
1774971472.8499296,job_done,ours:coord:train.lr,515,538,0,95.72490706319702,1092.2401035364392,24456.680579185486
1774971511.1216557,job_done,ours:coord:train.lr,516,538,0,95.91078066914498,1044.3584342141485,24494.952366113663
1774971532.8802507,job_done,ours:coord:train.lr,517,538,0,96.09665427509293,995.8431869240287,24516.7108399868
1774971533.4885433,job_done,ours:coord:train.lr,518,538,0,96.28252788104089,946.6146436437216,24517.31927037239
1774971631.3280342,job_done,ours:coord:train.lr,519,538,0,96.46840148698885,901.1327264584557,24615.15184378624
1774971666.2211301,job_done,ours:coord:train.lr,520,538,0,96.6542750929368,853.2710260913923,24650.051864862442
1774971697.647959,job_done,ours:coord:train.lr,521,538,0,96.84014869888476,805.3457535640292,24681.478682756424
1774971698.5626762,job_done,ours:coord:train.lr,522,538,0,97.02602230483271,756.5484591882348,24682.39348101616
1774971786.9964626,job_done,ours:coord:train.lr,523,538,0,97.21189591078067,710.4443733573644,24770.827151060104
1774971822.3709004,job_done,ours:coord:train.lr,524,538,0,97.39776951672863,662.7611085540465,24806.201491594315
1774971862.1450887,job_done,ours:coord:train.lr,525,538,0,97.58364312267658,615.2336855384282,24845.97576212883
1774971863.307161,job_done,ours:coord:train.lr,526,538,0,97.76951672862454,566.8548540017451,24847.137767076492
1774971942.9214022,job_done,ours:coord:train.lr,527,538,0,97.95539033457248,520.2927384145798,24926.75210404396
1774971979.4204538,job_done,ours:coord:train.lr,528,538,0,98.14126394052045,472.7888453187365,24963.251032829285
1774972025.756238,job_done,ours:coord:train.lr,529,538,0,98.3271375464684,425.49391601126223,25009.586841106415
1774972027.272406,job_done,ours:coord:train.lr,530,538,0,98.51301115241635,377.5260848387232,25011.103120565414
1774972099.0192702,job_done,ours:coord:train.lr,531,538,0,98.69888475836431,330.6590383209975,25082.849906921387
1774972137.6048434,job_done,ours:coord:train.lr,532,538,0,98.88475836431226,283.32446132656327,25121.435570955276
1774972190.602128,job_done,ours:coord:train.lr,533,538,0,99.07063197026022,236.1579051227999,25174.43268609047
1774972192.188146,job_done,ours:coord:train.lr,534,538,0,99.25650557620818,188.58441008342785,25176.01874613762
1774972256.4806044,job_done,ours:coord:train.lr,535,538,0,99.44237918215613,141.53445510329487,25240.311160087585
1774972288.9154003,job_done,ours:coord:train.lr,536,538,0,99.62825278810409,94.30129095155802,25272.745975017548
1774972322.7228668,job_done,ours:coord:train.lr,537,538,0,99.81412639405204,47.125798061573306,25306.553559064865
1774972323.636658,job_done,ours:coord:train.lr,538,538,0,100.0,,25307.467238664627
1774972323.6544898,group_end,ours:coord:train.lr,538,538,0,100.0,,25307.48506617546
1774972323.6548736,phase_end,,538,538,0,100.0,,25307.48558664322
1774972323.655354,lock_released,,538,538,0,100.0,,25307.486056804657
1774972323.6590612,lock_wait,,538,538,0,100.0,,25307.489757061005
1774972323.6595218,lock_acquired,,538,538,0,100.0,,25307.490231752396
1774972323.6598914,plan_add,,538,586,0,91.80887372013652,2257.9173778122686,25307.490609645844
1774972323.6602776,phase_start,ours:coord:train.weight_decay,538,586,0,91.80887372013652,2257.917412335988,25307.490996599197
1774972349.9509678,group_slots,ours:coord:train.weight_decay,538,586,0,91.80887372013652,2260.263038060922,25333.781551599503
1774972349.9513261,group_start,ours:coord:train.weight_decay,538,586,0,91.80887372013652,2260.26308370966,25333.782063245773
1774972525.0406303,job_done,ours:coord:train.weight_decay,539,586,0,91.97952218430034,2224.3356878222253,25508.8709731102
1774972525.6717534,job_done,ours:coord:train.weight_decay,540,586,0,92.15017064846417,2173.0316993439637,25509.502557516098
1774972525.9277804,job_done,ours:coord:train.weight_decay,541,586,0,92.32081911262799,2121.8837903585977,25509.758457422256
1774972526.0176284,job_done,ours:coord:train.weight_decay,542,586,0,92.4914675767918,2070.9102056879838,25509.848442792892
1774972697.111013,job_done,ours:coord:train.weight_decay,543,586,0,92.66211604095564,2033.6657342616586,25680.941714048386
1774972698.7834895,job_done,ours:coord:train.weight_decay,544,586,0,92.83276450511946,1982.8488917753975,25682.61421728134
1774972699.6488268,job_done,ours:coord:train.weight_decay,545,586,0,93.00341296928327,1932.1516717709533,25683.47953939438
1774972699.704346,job_done,ours:coord:train.weight_decay,546,586,0,93.1740614334471,1881.5776573607336,25683.535022974014
1774972866.9546354,job_done,ours:coord:train.weight_decay,547,586,0,93.34470989761093,1843.1090112190143,25850.78536248207
1774972869.653537,job_done,ours:coord:train.weight_decay,548,586,0,93.51535836177474,1792.7598558638217,25853.48423719406
1774972871.8062217,job_done,ours:coord:train.weight_decay,549,586,0,93.68600682593856,1742.5474799113629,25855.63693165779
1774972871.94581,job_done,ours:coord:train.weight_decay,550,586,0,93.8566552901024,1692.3780983682113,25855.77650284767
1774973032.760198,job_done,ours:coord:train.weight_decay,551,586,0,94.02730375426621,1652.5965204018214,26016.590935468674
1774973038.9091067,job_done,ours:coord:train.weight_decay,552,586,0,94.19795221843003,1602.8499176536782,26022.739839553833
1774973042.0095534,job_done,ours:coord:train.weight_decay,553,586,0,94.36860068259385,1553.0790733562455,26025.840229272842
1774973042.1424096,job_done,ours:coord:train.weight_decay,554,586,0,94.53924914675768,1503.3053000549976,26025.97300720215
1774973191.6588461,job_done,ours:coord:train.weight_decay,555,586,0,94.7098976109215,1462.0543718801962,26175.489561080933
1774973204.7126925,job_done,ours:coord:train.weight_decay,556,586,0,94.88054607508532,1413.0509042825631,26188.543426036835
1774973210.4023182,job_done,ours:coord:train.weight_decay,557,586,0,95.05119453924915,1363.7923946778692,26194.219442605972
1774973210.4583836,job_done,ours:coord:train.weight_decay,558,586,0,95.22184300341297,1314.4087696707804,26194.28905272484
1774973342.0418541,job_done,ours:coord:train.weight_decay,559,586,0,95.39249146757679,1271.5537739802346,26325.872579813004
1774973368.0267706,job_done,ours:coord:train.weight_decay,560,586,0,95.56313993174061,1223.4790925060001,26351.857377052307
1774973377.6899073,job_done,ours:coord:train.weight_decay,561,586,0,95.73378839590444,1174.7558121268974,26361.52042412758
1774973377.779975,job_done,ours:coord:train.weight_decay,562,586,0,95.90443686006826,1125.7627326415527,26361.610656023026
1774973497.4690068,job_done,ours:coord:train.weight_decay,563,586,0,96.07508532423208,1081.829291686707,26481.29961824417
1774973525.2732985,job_done,ours:coord:train.weight_decay,564,586,0,96.24573378839591,1034.0430634613579,26509.10399055481
1774973543.7703593,job_done,ours:coord:train.weight_decay,565,586,0,96.41638225255973,985.9816310570304,26527.601026058197
1774973543.833961,job_done,ours:coord:train.weight_decay,566,586,0,96.58703071672355,937.3733088826965,26527.66464138031
1774973655.2596953,job_done,ours:coord:train.weight_decay,567,586,0,96.75767918088737,892.6679316672909,26639.090381860733
1774973679.037736,job_done,ours:coord:train.weight_decay,568,586,0,96.9283276450512,844.9500518726632,26662.86830353737
1774973710.0298553,job_done,ours:coord:train.weight_decay,569,586,0,97.09897610921502,797.5318619794292,26693.860556840897
1774973710.3284965,job_done,ours:coord:train.weight_decay,570,586,0,97.26962457337883,749.3097330996865,26694.15924167633
1774973813.146413,job_done,ours:coord:train.weight_decay,571,586,0,97.44027303754267,703.9486100293709,26796.977088451385
1774973832.519028,job_done,ours:coord:train.weight_decay,572,586,0,97.61092150170649,656.3442213310228,26816.34961438179
1774973876.086199,job_done,ours:coord:train.weight_decay,573,586,0,97.7815699658703,609.3872924446019,26859.916813135147
1774973876.5016868,job_done,ours:coord:train.weight_decay,574,586,0,97.95221843003414,561.5400514768806,26860.33246231079
1774973970.8872066,job_done,ours:coord:train.weight_decay,575,586,0,98.12286689419795,515.6554736821548,26954.717942476273
1774973989.3685777,job_done,ours:coord:train.weight_decay,576,586,0,98.29351535836177,468.28470516122053,26973.1990172863
1774974041.4531307,job_done,ours:coord:train.weight_decay,577,586,0,98.46416382252559,421.5382230186793,27025.283853530884
1774974042.1551979,job_done,ours:coord:train.weight_decay,578,586,0,98.63481228668942,374.06208505927486,27025.985645532608
1774974125.6848335,job_done,ours:coord:train.weight_decay,579,586,0,98.80546075085324,327.74889140754993,27109.515446424484
1774974146.902474,job_done,ours:coord:train.weight_decay,580,586,0,98.97610921501706,280.66275567350715,27130.733048439026
1774974207.0096428,job_done,ours:coord:train.weight_decay,581,586,0,99.1467576791809,234.00034591991601,27190.84019589424
1774974208.103922,job_done,ours:coord:train.weight_decay,582,586,0,99.31740614334471,186.8861480365504,27191.934539318085
1774974279.6462066,job_done,ours:coord:train.weight_decay,583,586,0,99.48805460750853,140.29233344873066,27263.476800203323
1774974302.0635457,job_done,ours:coord:train.weight_decay,584,586,0,99.65870307167235,93.44484330693335,27285.894245624542
1774974339.3192255,job_done,ours:coord:train.weight_decay,585,586,0,99.82935153583618,46.70623920840076,27323.149936914444
1774974339.9499302,job_done,ours:coord:train.weight_decay,586,586,0,100.0,,27323.780648469925
1774974339.9726496,group_end,ours:coord:train.weight_decay,586,586,0,100.0,,27323.803235292435
1774974339.9730158,phase_end,,586,586,0,100.0,,27323.80374455452
1774974339.9734545,lock_released,,586,586,0,100.0,,27323.804159641266
1774974339.9770434,lock_wait,,586,586,0,100.0,,27323.807755947113
1774974339.977487,lock_acquired,,586,586,0,100.0,,27323.808201789856
1774974339.978925,plan_add,,586,634,0,92.42902208201893,2238.127664819919,27323.808574676514
1774974339.979284,phase_start,ours:coord:train.grad_clip,586,634,0,92.42902208201893,2238.1277837916036,27323.810027122498
1774974366.3588219,group_slots,ours:coord:train.grad_clip,586,634,0,92.42902208201893,2240.288560711076,27350.18951201439
1774974366.359077,group_start,ours:coord:train.grad_clip,586,634,0,92.42902208201893,2240.2885909031684,27350.189880609512
1774974541.4467266,job_done,ours:coord:train.grad_clip,587,634,0,92.58675078864353,2203.897836955686,27525.277240276337
1774974541.9080553,job_done,ours:coord:train.grad_clip,588,634,0,92.74447949526814,2153.374118180502,27525.738728046417
1774974542.0437894,job_done,ours:coord:train.grad_clip,589,634,0,92.90220820189275,2102.9955013255717,27525.874450683594
1774974542.2397466,job_done,ours:coord:train.grad_clip,590,634,0,93.05993690851734,2052.7916923409803,27526.07042002678
1774974712.9011016,job_done,ours:coord:train.grad_clip,591,634,0,93.21766561514195,2015.1598409456649,27696.731767416
1774974715.8501227,job_done,ours:coord:train.grad_clip,592,634,0,93.37539432176656,1965.1800580226088,27699.680817842484
1774974716.0858727,job_done,ours:coord:train.grad_clip,593,634,0,93.53312302839117,1915.1712960810928,27699.91655063629
1774974716.141502,job_done,ours:coord:train.grad_clip,594,634,0,93.69085173501577,1865.317991670936,27699.9721763134
1774974880.914565,job_done,ours:coord:train.grad_clip,595,634,0,93.84858044164038,1826.4286791729326,27864.745233535767
1774974888.0586476,job_done,ours:coord:train.grad_clip,596,634,0,94.00630914826499,1777.06677095282,27871.88935494423
1774974888.486697,job_done,ours:coord:train.grad_clip,597,634,0,94.16403785488959,1727.4300611071053,27872.317472457886
1774974888.718077,job_done,ours:coord:train.grad_clip,598,634,0,94.3217665615142,1677.946080542727,27872.548782348633
1774975040.914698,job_done,ours:coord:train.grad_clip,599,634,0,94.4794952681388,1637.5059847541168,28024.745281934738
1774975055.5533361,job_done,ours:coord:train.grad_clip,600,634,0,94.6372239747634,1588.8984294668833,28039.38404941559
1774975057.6600647,job_done,ours:coord:train.grad_clip,601,634,0,94.79495268138801,1539.7157933608864,28041.490660905838
1774975057.7679935,job_done,ours:coord:train.grad_clip,602,634,0,94.95268138801262,1490.5833146231514,28041.598606348038
1774975189.747008,job_done,ours:coord:train.grad_clip,603,634,0,95.11041009463722,1448.3928785573191,28173.577605485916
1774975221.5456343,job_done,ours:coord:train.grad_clip,604,634,0,95.26813880126183,1400.9292817865776,28205.37620663643
1774975226.5379248,job_done,ours:coord:train.grad_clip,605,634,0,95.42586750788644,1352.232546343291,28210.368639230728
1774975226.5985942,job_done,ours:coord:train.grad_clip,606,634,0,95.58359621451105,1303.4521759618628,28210.429236888885
1774975340.9790902,job_done,ours:coord:train.grad_clip,607,634,0,95.74132492113564,1259.9173992956687,28324.809680461884
1774975383.818818,job_done,ours:coord:train.grad_clip,608,634,0,95.89905362776025,1213.0902752578259,28367.649513721466
1774975394.250895,job_done,ours:coord:train.grad_clip,609,634,0,96.05678233438486,1164.9458787515637,28378.081606388092
1774975394.526576,job_done,ours:coord:train.grad_clip,610,634,0,96.21451104100946,1116.525535696061,28378.357365608215
1774975497.0261445,job_done,ours:coord:train.grad_clip,611,634,0,96.37223974763407,1072.1108157174287,28480.856887102127
1774975541.150263,job_done,ours:coord:train.grad_clip,612,634,0,96.52996845425868,1025.4078129265044,28524.980977773666
1774975560.2544155,job_done,ours:coord:train.grad_clip,613,634,0,96.68769716088327,977.8560939504116,28544.08502817154
1774975560.3195856,job_done,ours:coord:train.grad_clip,614,634,0,96.84542586750788,929.776881191552,28544.150252580643
1774975654.6373937,job_done,ours:coord:train.grad_clip,615,634,0,97.0031545741325,884.7656767724975,28638.467958688736
1774975695.6309707,job_done,ours:coord:train.grad_clip,616,634,0,97.1608832807571,838.0362185541686,28679.461701631546
1774975726.4066453,job_done,ours:coord:train.grad_clip,617,634,0,97.3186119873817,791.0438138051396,28710.237242221832
1774975726.477663,job_done,ours:coord:train.grad_clip,618,634,0,97.47634069400631,743.3089542574096,28710.308358192444
1774975810.091027,job_done,ours:coord:train.grad_clip,619,634,0,97.63406940063092,697.7525467768625,28793.921763658524
1774975850.8389637,job_done,ours:coord:train.grad_clip,620,634,0,97.79179810725552,651.1054418594607,28834.66956806183
1774975891.8521376,job_done,ours:coord:train.grad_clip,621,634,0,97.94952681388013,604.4828934585031,28875.68283367157
1774975891.9417367,job_done,ours:coord:train.grad_clip,622,634,0,98.10725552050474,557.0888569025365,28875.772416114807
1774975964.9668798,job_done,ours:coord:train.grad_clip,623,634,0,98.26498422712933,511.1344644169938,28948.797393798828
1774976008.801756,job_done,ours:coord:train.grad_clip,624,634,0,98.42271293375394,464.625517897881,28992.632316827774
1774976057.6177955,job_done,ours:coord:train.grad_clip,625,634,0,98.58044164037855,418.19685825805664,29041.448490142822
1774976058.2894816,job_done,ours:coord:train.grad_clip,626,634,0,98.73817034700315,371.14530269330305,29042.11993575096
1774976121.0281553,job_done,ours:coord:train.grad_clip,627,634,0,98.89589905362776,324.93462693063833,29104.858726501465
1774976166.352215,job_done,ours:coord:train.grad_clip,628,634,0,99.05362776025237,278.50493196469205,29150.1828789711
1774976223.5480394,job_done,ours:coord:train.grad_clip,629,634,0,99.21135646687698,232.1731176759177,29207.378203630447
1774976224.6167002,job_done,ours:coord:train.grad_clip,630,634,0,99.36908517350157,185.45045904280647,29208.44729924202
1774976277.3671708,job_done,ours:coord:train.grad_clip,631,634,0,99.52681388012618,139.11821423052987,29261.197726488113
1774976316.4786756,job_done,ours:coord:train.grad_clip,632,634,0,99.6845425867508,92.72249782085419,29300.309311389923
1774976352.4859629,job_done,ours:coord:train.grad_clip,633,634,0,99.84227129337539,46.34489204834611,29336.31666660309
1774976352.769573,job_done,ours:coord:train.grad_clip,634,634,0,100.0,,29336.600370645523
1774976352.787035,group_end,ours:coord:train.grad_clip,634,634,0,100.0,,29336.617760419846
1774976352.7872348,phase_end,,634,634,0,100.0,,29336.61807489395
1774976352.7874656,lock_released,,634,634,0,100.0,,29336.618297576904
1774976352.7894447,lock_wait,,634,634,0,100.0,,29336.620259046555
1774976352.7896764,lock_acquired,,634,634,0,100.0,,29336.620513677597
1774976352.789861,plan_add,,634,682,0,92.96187683284458,2221.069075286576,29336.62070274353
1774976352.790043,phase_start,ours:coord:method.ours.lambda_align,634,682,0,92.96187683284458,2221.069089384109,29336.62088894844
1774976378.9294436,group_slots,ours:coord:method.ours.lambda_align,634,682,0,92.96187683284458,2223.048074481615,29362.759983778
1774976378.9298446,group_start,ours:coord:method.ours.lambda_align,634,682,0,92.96187683284458,2223.0481188861354,29362.760570287704
1774976555.1542242,job_done,ours:coord:method.ours.lambda_align,635,682,0,93.10850439882698,2186.350059829171,29538.984850883484
1774976555.4302115,job_done,ours:coord:method.ours.lambda_align,636,682,0,93.25513196480938,2136.4874147229225,29539.26077747345
1774976555.608803,job_done,ours:coord:method.ours.lambda_align,637,682,0,93.4017595307918,2086.7735910920933,29539.439500570297
1774976555.6976774,job_done,ours:coord:method.ours.lambda_align,638,682,0,93.54838709677419,2037.208857486988,29539.528433561325
1774976729.597905,job_done,ours:coord:method.ours.lambda_align,639,682,0,93.69501466275659,1999.495187625079,29713.42848587036
1774976730.4826462,job_done,ours:coord:method.ours.lambda_align,640,682,0,93.841642228739,1950.001806550473,29714.313242673874
1774976730.9393153,job_done,ours:coord:method.ours.lambda_align,641,682,0,93.9882697947214,1900.632720866553,29714.770099401474
1774976731.066752,job_done,ours:coord:method.ours.lambda_align,642,682,0,94.13489736070382,1851.3954822148116,29714.89748954773
1774976901.6377857,job_done,ours:coord:method.ours.lambda_align,643,682,0,94.28152492668622,1812.648944711611,29885.468498706818
1774976903.998091,job_done,ours:coord:method.ours.lambda_align,644,682,0,94.42815249266862,1763.567531499063,29887.828691720963
1774976904.4542046,job_done,ours:coord:method.ours.lambda_align,645,682,0,94.57478005865103,1714.5217733933944,29888.28496861458
1774976904.5786421,job_done,ours:coord:method.ours.lambda_align,646,682,0,94.72140762463343,1665.607956397644,29888.40943980217
1774977071.1246967,job_done,ours:coord:method.ours.lambda_align,647,682,0,94.86803519061584,1625.8476577309957,30054.95527291298
1774977074.6576302,job_done,ours:coord:method.ours.lambda_align,648,682,0,95.01466275659824,1577.142907386209,30058.488352537155
1774977076.6857214,job_done,ours:coord:method.ours.lambda_align,649,682,0,95.16129032258064,1528.5008364370315,30060.516449928284
1774977076.7412345,job_done,ours:coord:method.ours.lambda_align,650,682,0,95.30791788856305,1479.9050790287897,30060.571917772293
1774977235.94342,job_done,ours:coord:method.ours.lambda_align,651,682,0,95.45454545454545,1439.0368623506454,30219.774109363556
1774977243.1678889,job_done,ours:coord:method.ours.lambda_align,652,682,0,95.60117302052785,1390.8128203021968,30226.998627901077
1774977246.5203638,job_done,ours:coord:method.ours.lambda_align,653,682,0,95.74780058651027,1342.5423842162852,30230.350927352905
1774977246.5348353,job_done,ours:coord:method.ours.lambda_align,654,682,0,95.89442815249267,1294.2658306670116,30230.351902008057
1774977392.828866,job_done,ours:coord:method.ours.lambda_align,655,682,0,96.04105571847508,1252.1676459636396,30376.659559488297
1774977408.1901166,job_done,ours:coord:method.ours.lambda_align,656,682,0,96.18768328445748,1204.561801053402,30392.02082657814
1774977414.9160464,job_done,ours:coord:method.ours.lambda_align,657,682,0,96.33431085043988,1156.7255193602912,30398.746648788452
1774977414.9770124,job_done,ours:coord:method.ours.lambda_align,658,682,0,96.48093841642229,1108.7711021342177,30398.807716846466
1774977543.8961933,job_done,ours:coord:method.ours.lambda_align,659,682,0,96.62756598240469,1065.4593570735276,30527.726796150208
1774977569.4944503,job_done,ours:coord:method.ours.lambda_align,660,682,0,96.7741935483871,1018.444167637825,30553.32502913475
1774977581.3659728,job_done,ours:coord:method.ours.lambda_align,661,682,0,96.9208211143695,971.0576864403423,30565.19670176506
1774977581.477904,job_done,ours:coord:method.ours.lambda_align,662,682,0,97.0674486803519,923.4232221269175,30565.30865240097
1774977700.7198167,job_done,ours:coord:method.ours.lambda_align,663,682,0,97.21407624633432,879.3460932907117,30684.550518512726
1774977725.626149,job_done,ours:coord:method.ours.lambda_align,664,682,0,97.36070381231671,832.485276255981,30709.456857442856
1774977747.0545163,job_done,ours:coord:method.ours.lambda_align,665,682,0,97.50733137829911,785.6015753717351,30730.885154247284
1774977747.2997246,job_done,ours:coord:method.ours.lambda_align,666,682,0,97.65395894428153,738.2854151167311,30731.130404233932
1774977858.382675,job_done,ours:coord:method.ours.lambda_align,667,682,0,97.80058651026393,693.6029981637466,30842.21331834793
1774977879.9020228,job_done,ours:coord:method.ours.lambda_align,668,682,0,97.94721407624634,646.8446970578439,30863.732688188553
1774977913.6902795,job_done,ours:coord:method.ours.lambda_align,669,682,0,98.09384164222874,600.4002564202866,30897.520888090134
1774977913.7530382,job_done,ours:coord:method.ours.lambda_align,670,682,0,98.24046920821114,553.3895588647074,30897.583703279495
1774978016.0404284,job_done,ours:coord:method.ours.lambda_align,671,682,0,98.38709677419355,508.19460667156784,30999.871006965637
1774978033.6132421,job_done,ours:coord:method.ours.lambda_align,672,682,0,98.53372434017595,461.5691044429938,31017.443818569183
1774978079.438139,job_done,ours:coord:method.ours.lambda_align,673,682,0,98.68035190615836,415.40775571960575,31063.268844366074
1774978079.7060964,job_done,ours:coord:method.ours.lambda_align,674,682,0,98.82697947214076,368.7066653814797,31063.536558389664
1774978170.8316145,job_done,ours:coord:method.ours.lambda_align,675,682,0,98.97360703812316,323.08538633629126,31154.66225385666
1774978191.5619152,job_done,ours:coord:method.ours.lambda_align,676,682,0,99.12023460410558,276.70466851341655,31175.392652511597
1774978245.8802283,job_done,ours:coord:method.ours.lambda_align,677,682,0,99.26686217008798,230.64779142861528,31229.71095943451
1774978246.1212265,job_done,ours:coord:method.ours.lambda_align,678,682,0,99.41348973607037,184.2475045592384,31229.95202279091
1774978324.7621512,job_done,ours:coord:method.ours.lambda_align,679,682,0,99.56011730205279,138.32957033907365,31308.59275341034
1774978347.1968083,job_done,ours:coord:method.ours.lambda_align,680,682,0,99.70674486803519,92.15008096274208,31331.027527332306
1774978381.9552798,job_done,ours:coord:method.ours.lambda_align,681,682,0,99.8533724340176,46.058422890003555,31365.785988092422
1774978382.0427895,job_done,ours:coord:method.ours.lambda_align,682,682,0,100.0,,31365.87347483635
1774978382.0611532,group_end,ours:coord:method.ours.lambda_align,682,682,0,100.0,,31365.891718626022
1774978382.061539,phase_end,,682,682,0,100.0,,31365.892246246338
1774978382.0619516,lock_released,,682,682,0,100.0,,31365.89267897606
1774978382.066191,lock_wait,,682,682,0,100.0,,31365.89689064026
1774978382.0666366,lock_acquired,,682,682,0,100.0,,31365.897363185883
1774978382.0669916,plan_add,,682,736,0,92.66304347826087,2483.516828523004,31365.897723197937
1774978382.0673523,phase_start,ours:local_var_topk,682,736,0,92.66304347826087,2483.516857292645,31365.89808654785
1774978407.9522479,group_slots,ours:local_var_topk,682,736,0,92.66304347826087,2485.5663801686856,31391.782801389694
1774978407.9526858,group_start,ours:local_var_topk,682,736,0,92.66304347826087,2485.566425645107,31391.78337574005
1774978580.6423898,job_done,ours:local_var_topk,683,736,0,92.79891304347827,2449.3661095952916,31564.472695350647
1774978582.7049258,job_done,ours:local_var_topk,684,736,0,92.93478260869566,2399.795094936215,31566.535479545593
1774978583.1185935,job_done,ours:local_var_topk,685,736,0,93.07065217391305,2350.2400265244673,31566.949375867844
1774978583.178941,job_done,ours:local_var_topk,686,736,0,93.20652173913044,2300.80245924413,31567.009740829468
1774978749.8635228,job_done,ours:local_var_topk,687,736,0,93.34239130434783,2263.3930267829564,31733.69406938553
1774978755.587493,job_done,ours:local_var_topk,688,736,0,93.47826086956522,2214.3780090476193,31739.41812968254
1774978755.8475657,job_done,ours:local_var_topk,689,736,0,93.61413043478261,2165.1159308621086,31739.678220510483
1774978755.9069223,job_done,ours:local_var_topk,690,736,0,93.75,2115.982509597143,31739.737643957138
1774978911.9917126,job_done,ours:local_var_topk,691,736,0,93.88586956521739,2077.1519646993074,31895.82239127159
1774978925.6505353,job_done,ours:local_var_topk,692,736,0,94.02173913043478,2028.9265410555581,31909.481054782867
1774978926.1763477,job_done,ours:local_var_topk,693,736,0,94.15760869565217,1979.986010303745,31910.00709629059
1774978926.2441595,job_done,ours:local_var_topk,694,736,0,94.29347826086956,1931.1572673389478,31910.07484602928
1774979059.6351497,job_done,ours:local_var_topk,695,736,0,94.42934782608695,1890.3339496633132,32043.465732097626
1774979092.5553257,job_done,ours:local_var_topk,696,736,0,94.56521739130434,1843.4704628072936,32076.38605284691
1774979095.442787,job_done,ours:local_var_topk,697,736,0,94.70108695652173,1794.9665223265995,32079.273488759995
1774979095.5255365,job_done,ours:local_var_topk,698,736,0,94.83695652173913,1746.4405942332096,32079.35617828369
1774979210.403342,job_done,ours:local_var_topk,699,736,0,94.97282608695652,1704.129696089481,32194.233988285065
1774979259.530604,job_done,ours:local_var_topk,700,736,0,95.1086956521739,1658.2300087451933,32243.36128115654
1774979263.366821,job_done,ours:local_var_topk,701,736,0,95.2445652173913,1610.0597920737491,32247.197549819946
1774979263.6692042,job_done,ours:local_var_topk,702,736,0,95.3804347826087,1561.8447259382644,32247.49992966652
1774979365.076309,job_done,ours:local_var_topk,703,736,0,95.5163043478261,1518.5119886154132,32348.906908988953
1774979424.5605993,job_done,ours:local_var_topk,704,736,0,95.65217391304348,1473.1086890589106,32408.391159296036
1774979431.0257316,job_done,ours:local_var_topk,705,736,0,95.78804347826087,1425.3341072329392,32414.85630965233
1774979431.138587,job_done,ours:local_var_topk,706,736,0,95.92391304347827,1377.4066258996472,32414.969262838364
1774979518.9473147,job_done,ours:local_var_topk,707,736,0,96.05978260869566,1333.211546084837,32502.778037309647
1774979586.4695292,job_done,ours:local_var_topk,708,736,0,96.19565217391305,1288.090964297117,32570.300097227097
1774979597.6867545,job_done,ours:local_var_topk,709,736,0,96.33152173913044,1240.7630023159327,32581.517357110977
1774979597.8058112,job_done,ours:local_var_topk,710,736,0,96.46739130434783,1193.130350691164,32581.636499643326
1774979672.4851441,job_done,ours:local_var_topk,711,736,0,96.60326086956522,1148.2530188711382,32656.315856695175
1774979744.7627583,job_done,ours:local_var_topk,712,736,0,96.73913043478261,1103.211013836807,32728.593410491943
1774979762.2080314,job_done,ours:local_var_topk,713,736,0,96.875,1056.3238292048054,32746.03870534897
1774979762.4625428,job_done,ours:local_var_topk,714,736,0,97.01086956521739,1008.98942620614,32746.293195962906
1774979829.4939957,job_done,ours:local_var_topk,715,736,0,97.14673913043478,963.7479969178046,32813.32465696335
1774979899.6051013,job_done,ours:local_var_topk,716,736,0,97.28260869565217,918.5317267252747,32883.43581676483
1774979927.900653,job_done,ours:local_var_topk,717,736,0,97.41847826086956,872.1379307799426,32911.73138785362
1774979928.498893,job_done,ours:local_var_topk,718,736,0,97.55434782608695,825.1001853013105,32912.32961368561
1774979986.3310587,job_done,ours:local_var_topk,719,736,0,97.69021739130434,779.5448532910275,32970.161736249924
1774980053.1160984,job_done,ours:local_var_topk,720,736,0,97.82608695652173,734.1543708006541,33036.946686029434
1774980093.6789432,job_done,ours:local_var_topk,721,736,0,97.96195652173913,688.1590050632514,33077.50951004028
1774980094.1123598,job_done,ours:local_var_topk,722,736,0,98.09782608695652,641.4005585126268,33077.94308900833
1774980144.3255718,job_done,ours:local_var_topk,723,736,0,98.2336956521739,595.6653266605995,33128.156244277954
1774980211.482717,job_done,ours:local_var_topk,724,736,0,98.3695652173913,550.19856460977,33195.31339812279
1774980260.4555855,job_done,ours:local_var_topk,725,736,0,98.5054347826087,504.39606702245516,33244.28623557091
1774980261.151441,job_done,ours:local_var_topk,726,736,0,98.6413043478261,457.91986360037623,33244.982097387314
1774980303.610977,job_done,ours:local_var_topk,727,736,0,98.77717391304348,412.08662343845083,33287.44169330597
1774980369.213987,job_done,ours:local_var_topk,728,736,0,98.91304347826087,366.5169749259949,33353.04471826553
1774980425.5931675,job_done,ours:local_var_topk,729,736,0,99.04891304347827,320.8037956339832,33409.42385959625
1774980426.356419,job_done,ours:local_var_topk,730,736,0,99.18478260869566,274.6042776512773,33410.18711423874
1774980457.9840336,job_done,ours:local_var_topk,731,736,0,99.32065217391305,228.74018254586676,33441.81468820572
1774980526.9375842,job_done,ours:local_var_topk,732,736,0,99.45652173913044,183.11895223393466,33510.76825881004
1774980591.3249853,job_done,ours:local_var_topk,733,736,0,99.59239130434783,137.41537123942928,33575.15570616722
1774980592.117478,job_done,ours:local_var_topk,734,736,0,99.72826086956522,91.48759693280877,33575.94807434082
1774980608.6455626,job_done,ours:local_var_topk,735,736,0,99.86413043478261,45.7040493468849,33592.4762699604
1774980636.2045267,job_done,ours:local_var_topk,736,736,0,100.0,,33620.03525209427
1774980636.2221482,group_end,ours:local_var_topk,736,736,0,100.0,,33620.05274391174
1774980636.2225187,phase_end,,736,736,0,100.0,,33620.05323719978
1774980636.2234209,lock_released,,736,736,0,100.0,,33620.05367064476
1774980636.2404006,method_done,,736,736,0,100.0,,33620.0711145401
1774980636.6781886,method_start,,736,736,0,100.0,,33620.508984565735
1774980636.6787698,lock_wait,,736,736,0,100.0,,33620.509315013885
1774980636.6789927,lock_acquired,,736,736,0,100.0,,33620.50983643532
1774980636.6792445,plan_add,,736,741,0,99.32523616734143,228.40020397759002,33620.51002550125
1774980636.679448,phase_start,final:baseline,736,741,0,99.32523616734143,228.40020569284326,33620.51027798653
1774980662.864704,group_slots,final:baseline,736,741,0,99.32523616734143,228.57809276846442,33646.69525551796
1774980662.8651154,group_start,final:baseline,736,741,0,99.32523616734143,228.5780966411466,33646.69582557678
1774981741.2746701,job_done,final:baseline,737,741,0,99.46018893387314,188.46732658479397,34725.10492324829
1774981745.3975446,job_done,final:baseline,738,741,0,99.59514170040485,141.1757239752669,34729.22809791565
1774981747.6598818,job_done,final:baseline,739,741,0,99.73009446693658,93.99591475797763,34731.49050307274
1774981747.717003,job_done,final:baseline,740,741,0,99.86504723346829,46.93452386823861,34731.54766249657
1774982133.547158,job_done,final:baseline,741,741,0,100.0,,35117.37779664993
1774982133.567208,group_end,final:baseline,741,741,0,100.0,,35117.39788150787
1774982133.5676053,phase_end,,741,741,0,100.0,,35117.39830374718
1774982133.5680265,lock_released,,741,741,0,100.0,,35117.3987429142
1774982133.5684268,method_done,,741,741,0,100.0,,35117.3991291523
1774982133.5687642,method_start,,741,741,0,100.0,,35117.39949965477
1774982133.5693588,lock_wait,,741,741,0,100.0,,35117.40006375313
1774982133.5698256,lock_acquired,,741,741,0,100.0,,35117.400540590286
1774982133.5702043,plan_add,,741,746,0,99.32975871313673,236.95952034994014,35117.40091586113
1774982133.5705912,phase_start,final:cagrad,741,746,0,99.32975871313673,236.9595229529176,35117.40130162239
1774982160.2562876,group_slots,final:cagrad,741,746,0,99.32975871313673,237.13958748760814,35144.08686566353
1774982160.2566686,group_start,final:cagrad,741,746,0,99.32975871313673,237.1395910783657,35144.0873978138
1774983429.5650828,job_done,final:cagrad,742,746,0,99.46380697050938,196.29862857828886,36413.39560127258
1774983432.4553015,job_done,final:cagrad,743,746,0,99.59785522788204,147.03749373077864,36416.285947322845
1774983475.1388648,job_done,final:cagrad,744,746,0,99.73190348525469,98.00798253410606,36458.969502687454
1774983476.7569976,job_done,final:cagrad,745,746,0,99.86595174262735,48.94038594713147,36460.587530612946
1774984186.5748358,job_done,final:cagrad,746,746,0,100.0,,37170.40548110008
1774984186.592793,group_end,final:cagrad,746,746,0,100.0,,37170.423459768295
1774984186.593126,phase_end,,746,746,0,100.0,,37170.42387223244
1774984186.5941238,lock_released,,746,746,0,100.0,,37170.42426133156
1774984186.594523,method_done,,746,746,0,100.0,,37170.425243616104
1774984186.5948448,method_start,,746,746,0,100.0,,37170.42559361458
1774984186.595431,lock_wait,,746,746,0,100.0,,37170.42615580559
1774984186.595836,lock_acquired,,746,746,0,100.0,,37170.42657971382
1774984186.5961716,plan_add,,746,751,0,99.33422103861518,249.1315477191603,37170.426919698715
1774984186.596529,phase_start,final:ours,746,751,0,99.33422103861518,249.13154998988952,37170.427258491516
1774984212.0322104,group_slots,final:ours,746,751,0,99.33422103861518,249.30202935400342,37195.86277961731
1774984212.0326295,group_start,final:ours,746,751,0,99.33422103861518,249.30203288074472,37195.863305807114
1774985290.9763887,job_done,final:ours,747,751,0,99.46737683089215,204.9521105560752,38274.806646347046
1774985292.6359541,job_done,final:ours,748,751,0,99.6005326231691,153.5152403960891,38276.46660542488
1774985296.4634624,job_done,final:ours,749,751,0,99.73368841544607,102.21707344373492,38280.294004678726
1774985296.7993126,job_done,final:ours,750,751,0,99.86684420772303,51.04084012889862,38280.630096673965
1774985686.836452,job_done,final:ours,751,751,0,100.0,,38670.666987895966
1774985686.853963,group_end,final:ours,751,751,0,100.0,,38670.6846370697
1774985686.8545938,phase_end,,751,751,0,100.0,,38670.68505525589
1774985686.855297,lock_released,,751,751,0,100.0,,38670.685728788376
1774985686.8556743,method_done,,751,751,0,100.0,,38670.6864130497
1774985690.7219574,pipeline_done,,751,751,0,100.0,,38674.5527305603
1774985690.7363005,lock_released,,751,751,0,100.0,,38674.553045511246
