step,train_step_loss,train_acc,train_loss,val_acc,val_loss,avg_intra_expert_coherence,expert_diversity_e0,expert_diversity_e1,expert_diversity_e2,expert_diversity_e3,expert_diversity_mean,expert_purity_e0,expert_purity_e1,expert_purity_e2,expert_purity_e3,expert_purity_mean,inter_expert_similarity,inter_expert_similarity_e0_e0,inter_expert_similarity_e0_e1,inter_expert_similarity_e0_e2,inter_expert_similarity_e0_e3,inter_expert_similarity_e1_e0,inter_expert_similarity_e1_e1,inter_expert_similarity_e1_e2,inter_expert_similarity_e1_e3,inter_expert_similarity_e2_e0,inter_expert_similarity_e2_e1,inter_expert_similarity_e2_e2,inter_expert_similarity_e2_e3,inter_expert_similarity_e3_e0,inter_expert_similarity_e3_e1,inter_expert_similarity_e3_e2,inter_expert_similarity_e3_e3,intra_expert_coherence_e0,intra_expert_coherence_e1,intra_expert_coherence_e2,intra_expert_coherence_e3,load_cv,load_max_min_ratio,overall_task_conflict_cos,router_entropy,router_load_e0,router_load_e1,router_load_e2,router_load_e3,task_acc__glue_cola,task_acc__glue_mrpc,task_acc__glue_rte,task_conflict_t0_t0,task_conflict_t0_t1,task_conflict_t0_t2,task_conflict_t1_t0,task_conflict_t1_t1,task_conflict_t1_t2,task_conflict_t2_t0,task_conflict_t2_t1,task_conflict_t2_t2,task_grad_norm_cv,task_loss__glue_cola,task_loss__glue_mrpc,task_loss__glue_rte,utilization_ratio
1.0,0.5484800686438879,0.625745881252294,0.709660062436357,0.6160076283075439,0.7234677361426537,0.8964827668923044,0.9298938738874033,0.9725729473249718,0.8997756902581081,0.9641352898513297,0.9415944503304532,0.4861711859703064,0.4514726996421814,0.5585877895355225,0.4689139425754547,0.49128640443086624,-0.10841639112804725,1.0,-0.009431243228708275,0.2410087116224763,0.06556247835975564,-0.009431243228708275,1.0,-0.40014500974250733,-0.2543250387666477,0.2410087116224763,-0.40014500974250733,1.0,-0.2931682450126522,0.06556247835975564,-0.2543250387666477,-0.2931682450126522,1.0,0.9092977409297328,0.9059700327769641,0.9312442244382253,0.8394190694242954,0.35440701246261597,2.33193287862219,0.7801828658483188,1.3136816061343308,0.17148859798908234,0.22476786375045776,0.20384369790554047,0.3998998999595642,0.6912751677852349,0.6838235294117647,0.4729241877256318,1.0,0.8750422115070017,0.7447324765997579,0.8750422115070017,1.0,0.7207739094381967,0.7447324765997579,0.7207739094381967,1.0,0.3005959017158215,0.621127960904864,0.652632931283876,0.8966423162392207,1.0
