step,train_step_loss,train_acc,train_loss,val_acc,val_loss,avg_intra_expert_coherence,expert_diversity_e0,expert_diversity_e1,expert_diversity_e2,expert_diversity_e3,expert_diversity_mean,expert_purity_e0,expert_purity_e1,expert_purity_e2,expert_purity_e3,expert_purity_mean,inter_expert_similarity,inter_expert_similarity_e0_e0,inter_expert_similarity_e0_e1,inter_expert_similarity_e0_e2,inter_expert_similarity_e0_e3,inter_expert_similarity_e1_e0,inter_expert_similarity_e1_e1,inter_expert_similarity_e1_e2,inter_expert_similarity_e1_e3,inter_expert_similarity_e2_e0,inter_expert_similarity_e2_e1,inter_expert_similarity_e2_e2,inter_expert_similarity_e2_e3,inter_expert_similarity_e3_e0,inter_expert_similarity_e3_e1,inter_expert_similarity_e3_e2,inter_expert_similarity_e3_e3,intra_expert_coherence_e0,intra_expert_coherence_e1,intra_expert_coherence_e2,intra_expert_coherence_e3,load_cv,load_max_min_ratio,overall_task_conflict_cos,router_entropy,router_load_e0,router_load_e1,router_load_e2,router_load_e3,task_acc__glue_cola,task_acc__glue_mrpc,task_acc__glue_rte,task_conflict_t0_t0,task_conflict_t0_t1,task_conflict_t0_t2,task_conflict_t1_t0,task_conflict_t1_t1,task_conflict_t1_t2,task_conflict_t2_t0,task_conflict_t2_t1,task_conflict_t2_t2,task_grad_norm_cv,task_loss__glue_cola,task_loss__glue_mrpc,task_loss__glue_rte,utilization_ratio
1.0,0.9434704581896464,0.42418663636385684,0.7418208886041402,0.43839080427396243,0.7329471651887363,0.28191898601487203,0.8101377326052526,0.805571566656843,0.9425819362080108,0.8811923356208471,0.8598708927727383,0.6332154870033264,0.6356014609336853,0.41593849658966064,0.5227664113044739,0.5518804639577866,-0.12733789078930396,1.0,-0.3679553154968227,-0.10949396041613574,0.26878422949507774,-0.3679553154968227,1.0,-0.5194892419234911,-0.14451728639734637,-0.10949396041613574,-0.5194892419234911,1.0,0.10864423000289444,0.26878422949507774,-0.14451728639734637,0.10864423000289444,1.0,0.4303560551317596,0.26005986132260484,0.3568635820106114,0.08039644559451226,0.4807730271275108,4.429538910520484,0.26679248756992424,1.2298813443630934,0.24659167230129242,0.2214585691690445,0.09797324985265732,0.43397632241249084,0.37775647171620325,0.39950980392156865,0.5379061371841155,1.0,0.05084576614951555,0.22711892465444414,0.05084576614951555,1.0,0.522412771905813,0.22711892465444414,0.522412771905813,1.0,0.47015788697091526,0.7630519764568969,0.7394786313468334,0.6963108877624785,0.75
