{
  "baseline": {
    "num_common_steps": 1,
    "seeds": [
      1
    ],
    "steps": [
      1
    ],
    "train_acc_last_mean": 0.42418663636385684,
    "train_acc_last_std": 0.0,
    "train_loss_last_mean": 0.7418208886041402,
    "train_loss_last_std": 0.0,
    "val_acc_last_mean": 0.43839080427396243,
    "val_acc_last_std": 0.0,
    "val_loss_last_mean": 0.7329471651887363,
    "val_loss_last_std": 0.0
  },
  "ours": {
    "num_common_steps": 1,
    "seeds": [
      1
    ],
    "steps": [
      1
    ],
    "train_acc_last_mean": 0.42361555167689996,
    "train_acc_last_std": 0.0,
    "train_loss_last_mean": 0.7721044285411532,
    "train_loss_last_std": 0.0,
    "val_acc_last_mean": 0.4297606588165435,
    "val_acc_last_std": 0.0,
    "val_loss_last_mean": 0.7703875745581875,
    "val_loss_last_std": 0.0
  }
}