ts_epoch,event,phase,completed_jobs,total_jobs,failed_jobs,percent,eta_sec,elapsed_sec
1774759350.3332148,init,,0,0,0,0.0,,1.5735626220703125e-05
1774759350.3334987,pipeline_start,,0,0,0,0.0,,0.00030350685119628906
1774759350.3341012,lock_wait,,0,0,0,0.0,,0.0005509853363037109
1774759350.334353,lock_acquired,,0,0,0,0.0,,0.0011701583862304688
1774759350.3345394,method_start,,0,0,0,0.0,,0.0013802051544189453
1774759350.3348138,lock_wait,,0,0,0,0.0,,0.0016357898712158203
1774759350.335022,lock_acquired,,0,0,0,0.0,,0.0018587112426757812
1774759350.3352287,lock_released,,0,0,0,0.0,,0.0020606517791748047
1774759350.3358564,lock_wait,,0,0,0,0.0,,0.0026803016662597656
1774759350.336068,lock_acquired,,0,0,0,0.0,,0.0029032230377197266
1774759350.3362548,plan_add,,0,24,0,0.0,,0.003093719482421875
1774759350.3365092,phase_start,baseline:coord:train.lr,0,24,0,0.0,,0.0032958984375
1774759477.6073499,group_slots,baseline:coord:train.lr,0,24,0,0.0,,127.27309799194336
1774759477.6223514,group_start,baseline:coord:train.lr,0,24,0,0.0,,127.27478694915771
1774759937.7159426,job_done,baseline:coord:train.lr,1,24,0,4.166666666666667,13509.780055046082,587.3817415237427
1774759939.121657,job_done,baseline:coord:train.lr,2,24,0,8.333333333333334,6476.671468257904,588.7883152961731
1774759939.7135153,job_done,baseline:coord:train.lr,3,24,0,12.5,4125.661282539368,589.3801832199097
1774759939.79031,job_done,baseline:coord:train.lr,4,24,0,16.666666666666668,2947.285180091858,589.4570360183716
1774760388.4335084,job_done,baseline:coord:train.lr,5,24,0,20.833333333333332,3944.780203485489,1038.1000535488129
1774760389.2566738,job_done,baseline:coord:train.lr,6,24,0,25.0,3116.7700288295746,1038.9233429431915
1774760389.3372562,job_done,baseline:coord:train.lr,7,24,0,29.166666666666668,2523.295298167637,1039.0039463043213
1774760390.4962807,job_done,baseline:coord:train.lr,8,24,0,33.333333333333336,2080.3258605003357,1040.1629302501678
1774760847.4058087,job_done,baseline:coord:train.lr,9,24,0,37.5,2495.12078166008,1497.072468996048
1774760847.4630969,job_done,baseline:coord:train.lr,10,24,0,41.666666666666664,2095.9815111637117,1497.1296508312225
1774760847.8898816,job_done,baseline:coord:train.lr,11,24,0,45.833333333333336,1769.8395596851,1497.556550502777
1774760848.9921224,job_done,baseline:coord:train.lr,12,24,0,50.0,1498.658803462982,1498.6588034629822
1774761295.9526093,job_done,baseline:coord:train.lr,13,24,0,54.166666666666664,1646.2912664230053,1945.616951227188
1774761305.1583607,job_done,baseline:coord:train.lr,14,24,0,58.333333333333336,1396.303539105824,1954.8249547481537
1774761306.6796367,job_done,baseline:coord:train.lr,15,24,0,62.5,1173.807805109024,1956.3463418483734
1774761307.1856494,job_done,baseline:coord:train.lr,16,24,0,66.66666666666667,978.4260035753249,1956.85200715065
1774761745.8072743,job_done,baseline:coord:train.lr,17,24,0,70.83333333333333,986.371635465061,2395.4739718437195
1774761753.082704,job_done,baseline:coord:train.lr,18,24,0,75.0,800.9164673487346,2402.7494020462036
1774761754.8601882,job_done,baseline:coord:train.lr,19,24,0,79.16666666666667,632.7702226764277,2404.5268461704254
1774761754.9195805,job_done,baseline:coord:train.lr,20,24,0,83.33333333333333,480.9172491073608,2404.586245536804
1774762183.3774614,job_done,baseline:coord:train.lr,21,24,0,87.5,404.7205698490143,2833.0439889431
1774762193.706784,job_done,baseline:coord:train.lr,22,24,0,91.66666666666667,258.4884392564947,2843.3728318214417
1774762194.851193,job_done,baseline:coord:train.lr,23,24,0,95.83333333333333,123.67469219539475,2844.5179204940796
1774762195.9391804,job_done,baseline:coord:train.lr,24,24,0,100.0,,2845.605700969696
1774762195.9674911,group_end,baseline:coord:train.lr,24,24,0,100.0,,2845.633724927902
1774762195.9677904,phase_end,,24,24,0,100.0,,2845.6345765590668
1774762195.9681711,lock_released,,24,24,0,100.0,,2845.634945869446
1774762195.9701667,lock_wait,,24,24,0,100.0,,2845.636924266815
1774762195.9705567,lock_acquired,,24,24,0,100.0,,2845.6373462677
1774762195.9708102,plan_add,,24,48,0,50.0,2845.637603998184,2845.637603998184
1774762195.9710832,phase_start,baseline:coord:train.weight_decay,24,48,0,50.0,2845.637865543365,2845.6378655433655
1774762320.5483983,group_slots,baseline:coord:train.weight_decay,24,48,0,50.0,2970.2139260768895,2970.213926076889
1774762320.5499756,group_start,baseline:coord:train.weight_decay,24,48,0,50.0,2970.2159788608556,2970.215978860855
1774762782.6703854,job_done,baseline:coord:train.weight_decay,25,48,0,52.083333333333336,3157.749896669388,3432.3368442058563
1774762782.7395139,job_done,baseline:coord:train.weight_decay,26,48,0,54.166666666666664,2904.3435910298276,3432.4060621261597
1774762784.8773575,job_done,baseline:coord:train.weight_decay,27,48,0,56.25,2671.3119094371796,3434.543883562088
1774762784.9341733,job_done,baseline:coord:train.weight_decay,28,48,0,58.333333333333336,2453.286290168762,3434.600806236267
1774763238.0819955,job_done,baseline:coord:train.weight_decay,29,48,0,60.416666666666664,2547.1452614685586,3887.7480306625366
1774763238.530668,job_done,baseline:coord:train.weight_decay,30,48,0,62.5,2332.918413448334,3888.197355747223
1774763238.9315364,job_done,baseline:coord:train.weight_decay,31,48,0,64.58333333333333,2132.457089754843,3888.5982224941254
1774763239.7423935,job_done,baseline:coord:train.weight_decay,32,48,0,66.66666666666667,1944.7045474052431,3889.409094810486
1774763684.3634183,job_done,baseline:coord:train.weight_decay,33,48,0,68.75,1970.0136051394722,4334.029931306839
1774763688.9945083,job_done,baseline:coord:train.weight_decay,34,48,0,70.83333333333333,1786.507530675215,4338.661145925522
1774763689.1448476,job_done,baseline:coord:train.weight_decay,35,48,0,72.91666666666667,1611.5585916178568,4338.8115928173065
1774763689.206233,job_done,baseline:coord:train.weight_decay,36,48,0,75.0,1446.29097032547,4338.87291097641
1774764132.4729156,job_done,baseline:coord:train.weight_decay,37,48,0,77.08333333333333,1421.7171605986516,4782.139540195465
1774764134.0657585,job_done,baseline:coord:train.weight_decay,38,48,0,79.16666666666667,1258.8769548817686,4783.73242855072
1774764136.1638892,job_done,baseline:coord:train.weight_decay,39,48,0,81.25,1104.4224289380586,4785.830525398254
1774764136.928567,job_done,baseline:coord:train.weight_decay,40,48,0,83.33333333333333,957.3190434455872,4786.595217227936
1774764582.6167724,job_done,baseline:coord:train.weight_decay,41,48,0,85.41666666666667,893.3164330924429,5232.281965255737
1774764584.3268306,job_done,baseline:coord:train.weight_decay,42,48,0,87.5,747.7133596965245,5233.993517875671
1774764584.8089516,job_done,baseline:coord:train.weight_decay,43,48,0,89.58333333333333,608.6599346094354,5234.475437641144
1774764585.4875426,job_done,baseline:coord:train.weight_decay,44,48,0,91.66666666666667,475.92310040647334,5235.154104471207
1774765041.8303516,job_done,baseline:coord:train.weight_decay,45,48,0,93.75,379.4331077893575,5691.496616840363
1774765042.866464,job_done,baseline:coord:train.weight_decay,46,48,0,95.83333333333333,247.50143899088323,5692.533096790314
1774765043.1240046,job_done,baseline:coord:train.weight_decay,47,48,0,97.91666666666667,121.12319739828718,5692.790277719498
1774765043.6581314,job_done,baseline:coord:train.weight_decay,48,48,0,100.0,,5693.324819087982
1774765043.6729062,group_end,baseline:coord:train.weight_decay,48,48,0,100.0,,5693.339638710022
1774765043.673104,phase_end,,48,48,0,100.0,,5693.339941501617
1774765043.6733358,lock_released,,48,48,0,100.0,,5693.340166807175
1774765043.6745934,lock_wait,,48,48,0,100.0,,5693.341419935226
1774765043.6748278,lock_acquired,,48,48,0,100.0,,5693.341667413712
1774765043.6750195,plan_add,,48,72,0,66.66666666666667,2846.670929312706,5693.341858625412
1774765043.6752076,phase_start,baseline:coord:train.grad_clip,48,72,0,66.66666666666667,2846.671024084091,5693.342048168182
1774765173.038613,group_slots,baseline:coord:train.grad_clip,48,72,0,66.66666666666667,2911.352634191513,5822.705268383026
1774765173.0388818,group_start,baseline:coord:train.grad_clip,48,72,0,66.66666666666667,2911.35284280777,5822.70568561554
1774765634.905967,job_done,baseline:coord:train.grad_clip,49,72,0,68.05555555555556,2949.9013398326174,6284.572419643402
1774765636.2641594,job_done,baseline:coord:train.grad_clip,50,72,0,69.44444444444444,2765.809513168335,6285.930711746216
1774765636.553979,job_done,baseline:coord:train.grad_clip,51,72,0,70.83333333333333,2588.4437588523415,6286.22055721283
1774765636.94534,job_done,baseline:coord:train.grad_clip,52,72,0,72.22222222222223,2417.927693770482,6286.612003803253
1774766085.286472,job_done,baseline:coord:train.grad_clip,53,72,0,73.61111111111111,2414.416551774403,6734.951433897018
1774766086.2016761,job_done,baseline:coord:train.grad_clip,54,72,0,75.0,2245.289439280828,6735.8683178424835
1774766086.5868835,job_done,baseline:coord:train.grad_clip,55,72,0,76.38888888888889,2082.114223033732,6736.251898050308
1774766531.065609,job_done,baseline:coord:train.grad_clip,56,72,0,77.77777777777777,2051.6378047806875,7180.732316732407
1774766539.9136713,job_done,baseline:coord:train.grad_clip,57,72,0,79.16666666666667,1891.9948362049302,7189.580377578735
1774766540.2858348,job_done,baseline:coord:train.grad_clip,58,72,0,80.55555555555556,1735.5057700173609,7189.952475786209
1774766540.589704,job_done,baseline:coord:train.grad_clip,59,72,0,81.94444444444444,1584.2937633223453,7190.256310462952
1774766973.9483669,job_done,baseline:coord:train.grad_clip,60,72,0,83.33333333333333,1524.7229698657989,7623.614849328995
1774766987.484673,job_done,baseline:coord:train.grad_clip,61,72,0,84.72222222222223,1377.1911737840685,7637.151054620743
1774766988.4254456,job_done,baseline:coord:train.grad_clip,62,72,0,86.11111111111111,1231.9503248506976,7638.092014074326
1774766989.4382536,job_done,baseline:coord:train.grad_clip,63,72,0,87.5,1091.3007118701935,7639.104983091354
1774767418.1697836,job_done,baseline:coord:train.grad_clip,64,72,0,88.88888888888889,1008.4795343577862,8067.836274862289
1774767439.33853,job_done,baseline:coord:train.grad_clip,65,72,0,90.27777777777777,871.1236405079181,8089.005233287811
1774767439.4731047,job_done,baseline:coord:train.grad_clip,66,72,0,91.66666666666667,735.3763442906466,8089.139787197113
1774767439.808602,job_done,baseline:coord:train.grad_clip,67,72,0,93.05555555555556,603.6921930846883,8089.475387334824
1774767845.2667081,job_done,baseline:coord:train.grad_clip,68,72,0,94.44444444444444,499.7019575343412,8494.933278083801
1774767874.2990034,job_done,baseline:coord:train.grad_clip,69,72,0,95.83333333333333,370.6072051006815,8523.965717315674
1774767875.4075363,job_done,baseline:coord:train.grad_clip,70,72,0,97.22222222222223,243.57354894365585,8525.074213027954
1774767875.9133706,job_done,baseline:coord:train.grad_clip,71,72,0,98.61111111111111,120.0785933984837,8525.580131292343
1774768084.5314658,job_done,baseline:coord:train.grad_clip,72,72,0,100.0,,8734.198146343231
1774768084.548209,group_end,baseline:coord:train.grad_clip,72,72,0,100.0,,8734.214800834656
1774768084.548584,phase_end,,72,72,0,100.0,,8734.215312242508
1774768084.5514555,lock_released,,72,72,0,100.0,,8734.215730905533
1774768084.6102524,lock_wait,,72,72,0,100.0,,8734.276960372925
1774768084.610529,lock_acquired,,72,72,0,100.0,,8734.277361869812
1774768084.610729,plan_add,,72,126,0,57.142857142857146,6550.7081725001335,8734.277563333511
1774768084.6109407,phase_start,baseline:local_var_topk,72,126,0,57.142857142857146,6550.7083248496065,8734.27776646614
1774768209.8001778,group_slots,baseline:local_var_topk,72,126,0,57.142857142857146,6644.600136458875,8859.466848611832
1774768209.8004684,group_start,baseline:local_var_topk,72,126,0,57.142857142857146,6644.6004391908655,8859.467252254486
1774768667.1935594,job_done,baseline:local_var_topk,73,126,0,57.93650793650794,6764.295634883724,9316.860025405884
1774768667.3114755,job_done,baseline:local_var_topk,74,126,0,58.73015873015873,6547.065678532059,9316.97808098793
1774768667.5862522,job_done,baseline:local_var_topk,75,126,0,59.523809523809526,6335.7320069408415,9317.25295138359
1774768667.9130359,job_done,baseline:local_var_topk,76,126,0,60.317460317460316,6129.986606930432,9317.579642534256
1774769126.0848563,job_done,baseline:local_var_topk,77,126,0,61.111111111111114,6220.9326738877735,9775.751344680786
1774769126.6609867,job_done,baseline:local_var_topk,78,126,0,61.904761904761905,6016.2016507662265,9776.327682495117
1774769129.294396,job_done,baseline:local_var_topk,79,126,0,62.698412698412696,5817.862860773183,9778.960978746414
1774769129.6338072,job_done,baseline:local_var_topk,80,126,0,63.492063492063494,5623.09779060483,9779.300505399704
1774769579.7205017,job_done,baseline:local_var_topk,81,126,0,64.28571428571429,5682.992878754934,10229.38718175888
1774769579.8097308,job_done,baseline:local_var_topk,82,126,0,65.07936507936508,5488.987331157778,10229.476389884949
1774769580.31995,job_done,baseline:local_var_topk,83,126,0,65.87301587301587,5299.872631693461,10229.986707687378
1774769580.4193978,job_done,baseline:local_var_topk,84,126,0,66.66666666666667,5115.042955160141,10230.085910320282
1774770039.3818853,job_done,baseline:local_var_topk,85,126,0,67.46031746031746,5155.893980082344,10689.048495292664
1774770039.8267047,job_done,baseline:local_var_topk,86,126,0,68.25396825396825,4971.85738441556,10689.493376493454
1774770041.063678,job_done,baseline:local_var_topk,87,126,0,69.04761904761905,4792.395561045613,10690.7285592556
1774770041.4548652,job_done,baseline:local_var_topk,88,126,0,69.84126984126983,4616.620638365095,10691.121478319168
1774770499.5504005,job_done,baseline:local_var_topk,89,126,0,70.63492063492063,4635.067770617731,11149.217069864273
1774770499.6619565,job_done,baseline:local_var_topk,90,126,0,71.42857142857143,4459.731454753876,11149.32863688469
1774770499.66291,job_done,baseline:local_var_topk,91,126,0,72.22222222222223,4288.203537372442,11149.32919716835
1774770500.0756936,job_done,baseline:local_var_topk,92,126,0,73.01587301587301,4120.556964019071,11149.742373228073
1774770957.8420768,job_done,baseline:local_var_topk,93,126,0,73.80952380952381,4118.793420807008,11607.508731365204
1774770958.57407,job_done,baseline:local_var_topk,94,126,0,74.60317460317461,3951.7415484164626,11608.240798473358
1774770959.2155998,job_done,baseline:local_var_topk,95,126,0,75.39682539682539,3788.1615973447497,11608.882314443588
1774770959.9040806,job_done,baseline:local_var_topk,96,126,0,76.19047619047619,3627.99084559083,11609.570705890656
1774771400.144955,job_done,baseline:local_var_topk,97,126,0,76.98412698412699,3602.521012266887,12049.811661720276
1774771405.2627165,job_done,baseline:local_var_topk,98,126,0,77.77777777777777,3444.2655534063065,12054.929436922073
1774771406.5461612,job_done,baseline:local_var_topk,99,126,0,78.57142857142857,3288.0580519112677,12056.21285700798
1774771407.383085,job_done,baseline:local_var_topk,100,126,0,79.36507936507937,3134.8329440116886,12057.04978466034
1774771852.861665,job_done,baseline:local_var_topk,101,126,0,80.15873015873017,3094.6852336425595,12502.52834391594
1774771862.5531693,job_done,baseline:local_var_topk,102,126,0,80.95238095238095,2944.0517378975364,12512.21988606453
1774771863.4574704,job_done,baseline:local_var_topk,103,126,0,81.74603174603175,2794.192744854585,12513.124031305313
1774771863.539666,job_done,baseline:local_var_topk,104,126,0,82.53968253968254,2647.024402609238,12513.206266880035
1774772296.3986044,job_done,baseline:local_var_topk,105,126,0,83.33333333333333,2589.212982559204,12946.06491279602
1774772310.4670377,job_done,baseline:local_var_topk,106,126,0,84.12698412698413,2445.3082489967346,12960.133719682693
1774772312.6784708,job_done,baseline:local_var_topk,107,126,0,84.92063492063492,2301.7248041986304,12962.344949960709
1774772313.3702126,job_done,baseline:local_var_topk,108,126,0,85.71428571428571,2160.5061645507812,12963.036987304688
1774772734.2777133,job_done,baseline:local_var_topk,109,126,0,86.5079365079365,2087.4041791815275,13383.944442987442
1774772752.0699916,job_done,baseline:local_var_topk,110,126,0,87.3015873015873,1949.3435207366942,13401.736705064774
1774772756.540012,job_done,baseline:local_var_topk,111,126,0,88.0952380952381,1811.649538117486,13406.206582069397
1774772757.3628871,job_done,baseline:local_var_topk,112,126,0,88.88888888888889,1675.8786866068842,13407.029492855072
1774773153.6359544,job_done,baseline:local_var_topk,113,126,0,89.68253968253968,1587.9905676905032,13803.30262684822
1774773182.1903121,job_done,baseline:local_var_topk,114,126,0,90.47619047619048,1455.9849501910962,13831.857026815414
1774773190.447689,job_done,baseline:local_var_topk,115,126,0,91.26984126984127,1323.8370311757794,13840.114416837692
1774773190.5923877,job_done,baseline:local_var_topk,116,126,0,92.06349206349206,1193.1257712224433,13840.258946180344
1774773578.1365051,job_done,baseline:local_var_topk,117,126,0,92.85714285714286,1094.4464002939371,14227.803203821182
1774773619.7577946,job_done,baseline:local_var_topk,118,126,0,93.65079365079364,967.4186090857295,14269.424484014511
1774773626.7710361,job_done,baseline:local_var_topk,119,126,0,94.44444444444444,839.7904561547672,14276.437754631042
1774773630.105403,job_done,baseline:local_var_topk,120,126,0,95.23809523809524,713.988599717617,14279.77199435234
1774773993.321581,job_done,baseline:local_var_topk,121,126,0,96.03174603174604,605.0821580078976,14642.988223791122
1774774054.4455972,job_done,baseline:local_var_topk,122,126,0,96.82539682539682,482.1020428938944,14704.112308263779
1774774064.4564688,job_done,baseline:local_var_topk,123,126,0,97.61904761904762,358.881053284901,14714.123184680939
1774774065.7977529,job_done,baseline:local_var_topk,124,126,0,98.41269841269842,237.34620110834797,14715.464468717575
1774774268.1977255,job_done,baseline:local_var_topk,125,126,0,99.2063492063492,119.34291548347473,14917.864435434341
1774774311.7349904,job_done,baseline:local_var_topk,126,126,0,100.0,,14961.401691436768
1774774311.752401,group_end,baseline:local_var_topk,126,126,0,100.0,,14961.418986320496
1774774311.7527685,phase_end,,126,126,0,100.0,,14961.419498682022
1774774311.7556453,lock_released,,126,126,0,100.0,,14961.419922113419
1774774311.7651825,method_done,,126,126,0,100.0,,14961.431906223297
1774774311.7655683,method_start,,126,126,0,100.0,,14961.432294607162
1774774311.766051,lock_wait,,126,126,0,100.0,,14961.432777643204
1774774311.7664776,lock_acquired,,126,126,0,100.0,,14961.43319106102
1774774311.766858,lock_released,,126,126,0,100.0,,14961.43358874321
1774774311.7685027,lock_wait,,126,126,0,100.0,,14961.435201644897
1774774311.7689016,lock_acquired,,126,126,0,100.0,,14961.4356341362
1774774311.7692595,plan_add,,126,150,0,84.0,2849.797331628345,14961.435991048813
1774774311.7696378,phase_start,cagrad:coord:train.lr,126,150,0,84.0,2849.7974033809846,14961.436367750168
1774774886.370052,group_slots,cagrad:coord:train.lr,126,150,0,84.0,2959.2450949805125,15536.03674864769
1774774886.370282,group_start,cagrad:coord:train.lr,126,150,0,84.0,2959.2451628730414,15536.037105083466
1774776453.6359544,job_done,cagrad:coord:train.lr,127,150,0,84.66666666666667,3097.4476168043034,17103.297710180283
1774776457.9092195,job_done,cagrad:coord:train.lr,128,150,0,85.33333333333333,2940.364586558193,17107.575776338577
1774776461.5994942,job_done,cagrad:coord:train.lr,129,150,0,86.0,2785.5549320232035,17111.26601099968
1774776462.8400288,job_done,cagrad:coord:train.lr,130,150,0,86.66666666666667,2632.693320971269,17112.506586313248
1774777955.9355206,job_done,cagrad:coord:train.lr,131,150,0,87.33333333333333,2698.522452965947,18605.602175712585
1774777984.6385493,job_done,cagrad:coord:train.lr,132,150,0,88.0,2541.0416164398193,18634.30518722534
1774777986.3310764,job_done,cagrad:coord:train.lr,133,150,0,88.66666666666667,2382.04482159758,18635.997721910477
1774777990.7192955,job_done,cagrad:coord:train.lr,134,150,0,89.33333333333333,2225.7177236756283,18640.385935783386
1774779449.510932,job_done,cagrad:coord:train.lr,135,150,0,90.0,2233.2419525782266,20099.17757320404
1774779498.1260693,job_done,cagrad:coord:train.lr,136,150,0,90.66666666666667,2074.037457346916,20147.792442798615
1774779498.198057,job_done,cagrad:coord:train.lr,137,150,0,91.33333333333333,1911.8411825486344,20147.864769935608
1774779593.6385374,job_done,cagrad:coord:train.lr,138,150,0,92.0,1760.2873664938886,20243.304714679718
1774780915.946637,job_done,cagrad:coord:train.lr,139,150,0,92.66666666666667,1706.6312691633648,21565.613310337067
1774780992.6144512,job_done,cagrad:coord:train.lr,140,150,0,93.33333333333333,1545.877192531313,21642.280695438385
1774780996.296767,job_done,cagrad:coord:train.lr,141,150,0,94.0,1381.6563636089893,21645.949696540833
1774781077.5265503,job_done,cagrad:coord:train.lr,142,150,0,94.66666666666667,1224.067204972388,21727.192888259888
1774782403.020618,job_done,cagrad:coord:train.lr,143,150,0,95.33333333333333,1128.453221789607,23052.68724513054
1774782489.5533035,job_done,cagrad:coord:train.lr,144,150,0,96.0,964.1341633796692,23139.21992111206
1774782492.1428452,job_done,cagrad:coord:train.lr,145,150,0,96.66666666666667,797.9934319627696,23141.80952692032
1774782565.7665763,job_done,cagrad:coord:train.lr,146,150,0,97.33333333333333,636.0392662466389,23215.43321800232
1774783913.9874141,job_done,cagrad:coord:train.lr,147,150,0,98.0,501.29905808215244,24563.653846025467
1774784001.985308,job_done,cagrad:coord:train.lr,148,150,0,98.66666666666667,333.1304310141383,24651.651895046234
1774784006.7811418,job_done,cagrad:coord:train.lr,149,150,0,99.33333333333333,165.47942359175457,24656.434115171432
1774784053.1904407,job_done,cagrad:coord:train.lr,150,150,0,100.0,,24702.857133626938
1774784053.2065127,group_end,cagrad:coord:train.lr,150,150,0,100.0,,24702.873093128204
1774784053.2068772,phase_end,,150,150,0,100.0,,24702.873613595963
1774784053.2097101,lock_released,,150,150,0,100.0,,24702.874052762985
1774784053.2119846,lock_wait,,150,150,0,100.0,,24702.87867617607
1774784053.2124443,lock_acquired,,150,150,0,100.0,,24702.879142522812
1774784053.2128177,plan_add,,150,174,0,86.20689655172414,3952.4607248306274,24702.87953019142
1774784053.213201,phase_start,cagrad:coord:train.weight_decay,150,174,0,86.20689655172414,3952.460785713196,24702.879910707474
1774784635.9858785,group_slots,cagrad:coord:train.weight_decay,150,174,0,86.20689655172414,4045.7043519592285,25285.65219974518
1774784635.9862695,group_start,cagrad:coord:train.weight_decay,150,174,0,86.20689655172414,4045.7044773101807,25285.65298318863
1774786138.9555764,job_done,cagrad:coord:train.weight_decay,151,174,0,86.7816091954023,4080.386147154877,26788.622096538544
1774786147.7637143,job_done,cagrad:coord:train.weight_decay,152,174,0,87.35632183908046,3878.5753340815245,26797.429580926895
1774786156.8802388,job_done,cagrad:coord:train.weight_decay,153,174,0,87.93103448275862,3679.3299663440853,26806.546897649765
1774786157.2591405,job_done,cagrad:coord:train.weight_decay,154,174,0,88.50574712643679,3481.418919811001,26806.92568254471
1774787621.5489812,job_done,cagrad:coord:train.weight_decay,155,174,0,89.08045977011494,3465.5038447333923,28271.21557545662
1774787643.4754987,job_done,cagrad:coord:train.weight_decay,156,174,0,89.65517241379311,3264.593308127843,28293.142003774643
1774787664.9921489,job_done,cagrad:coord:train.weight_decay,157,174,0,90.22988505747126,3065.9184646211615,28314.658761501312
1774787666.972803,job_done,cagrad:coord:train.weight_decay,158,174,0,90.80459770114942,2867.5077996555765,28316.639521598816
1774789115.0024934,job_done,cagrad:coord:train.weight_decay,159,174,0,91.37931034482759,2807.987660237078,29764.66919851303
1774789147.4082532,job_done,cagrad:coord:train.weight_decay,160,174,0,91.95402298850574,2607.244054055214,29797.07490348816
1774789170.594149,job_done,cagrad:coord:train.weight_decay,161,174,0,92.52873563218391,2407.847127929237,29820.2605843544
1774789176.1205716,job_done,cagrad:coord:train.weight_decay,162,174,0,93.10344827586206,2209.317562809697,29825.78709793091
1774790604.3297086,job_done,cagrad:coord:train.weight_decay,163,174,0,93.67816091954023,2109.165402489937,31253.996418714523
1774790639.3712509,job_done,cagrad:coord:train.weight_decay,164,174,0,94.25287356321839,1907.8673370146169,31289.02432703972
1774790671.5509412,job_done,cagrad:coord:train.weight_decay,165,174,0,94.82758620689656,1708.4300452709197,31321.21749663353
1774790675.8709033,job_done,cagrad:coord:train.weight_decay,166,174,0,95.40229885057471,1509.664463950927,31325.537626981735
1774792102.5101633,job_done,cagrad:coord:train.weight_decay,167,174,0,95.97701149425288,1372.8457362209253,32752.17684984207
1774792130.506529,job_done,cagrad:coord:train.weight_decay,168,174,0,96.55172413793103,1170.720461317471,32780.17291688919
1774792187.9149315,job_done,cagrad:coord:train.weight_decay,169,174,0,97.1264367816092,971.5260842636493,32837.58164811134
1774792190.7850473,job_done,cagrad:coord:train.weight_decay,170,174,0,97.70114942528735,772.7165118441861,32840.451753377914
1774793587.859744,job_done,cagrad:coord:train.weight_decay,171,174,0,98.27586206896552,600.6583549809038,34237.526233911514
1774793610.562047,job_done,cagrad:coord:train.weight_decay,172,174,0,98.85057471264368,398.3747520391331,34260.22867536545
1774793669.0074193,job_done,cagrad:coord:train.weight_decay,173,174,0,99.42528735632185,198.37383887533508,34318.67412543297
1774793672.8795493,job_done,cagrad:coord:train.weight_decay,174,174,0,100.0,,34322.546260118484
1774793672.8960214,group_end,cagrad:coord:train.weight_decay,174,174,0,100.0,,34322.56274461746
1774793672.896227,phase_end,,174,174,0,100.0,,34322.56306099892
1774793672.8964841,lock_released,,174,174,0,100.0,,34322.56331205368
1774793672.89918,lock_wait,,174,174,0,100.0,,34322.56473183632
1774793672.8994355,lock_acquired,,174,174,0,100.0,,34322.56626367569
1774793672.899624,plan_add,,174,198,0,87.87878787878788,4734.147098409719,34322.56646347046
1774793672.89983,phase_start,cagrad:coord:train.grad_clip,174,198,0,87.87878787878788,4734.147125967617,34322.56666326523
1774794251.6499777,group_slots,cagrad:coord:train.grad_clip,174,198,0,87.87878787878788,4813.974709445033,34901.316643476486
1774794251.6502426,group_start,cagrad:coord:train.grad_clip,174,198,0,87.87878787878788,4813.9747641333215,34901.31703996658
1774795795.2981062,job_done,cagrad:coord:train.grad_clip,175,198,0,88.38383838383838,4789.9095830808365,36444.96421909332
1774795796.3010206,job_done,cagrad:coord:train.grad_clip,176,198,0,88.88888888888889,4555.745931684971,36445.96745347977
1774795799.7679949,job_done,cagrad:coord:train.grad_clip,177,198,0,89.39393939393939,4324.509191682783,36449.43461561203
1774795800.134702,job_done,cagrad:coord:train.grad_clip,178,198,0,89.8989898989899,4095.483287050483,36449.8012547493
1774797316.5296867,job_done,cagrad:coord:train.grad_clip,179,198,0,90.4040404040404,4029.931457370353,37966.19636154175
1774797341.1823394,job_done,cagrad:coord:train.grad_clip,180,198,0,90.9090909090909,3799.0849029541014,37990.849029541016
1774797345.002167,job_done,cagrad:coord:train.grad_clip,181,198,0,91.41414141414141,3568.559933560988,37994.66752791405
1774797346.0859952,job_done,cagrad:coord:train.grad_clip,182,198,0,91.91919191919192,3340.2859504825465,37995.75268673897
1774798809.060736,job_done,cagrad:coord:train.grad_clip,183,198,0,92.42424242424242,3234.3219008797505,39458.727190732956
1774798862.6542428,job_done,cagrad:coord:train.grad_clip,184,198,0,92.92929292929293,3006.372239993966,39512.32086849213
1774798869.6712077,job_done,cagrad:coord:train.grad_clip,185,198,0,93.43434343434343,2777.034504081107,39519.337173461914
1774798873.880209,job_done,cagrad:coord:train.grad_clip,186,198,0,93.93939393939394,2549.9062536301153,39523.546931266785
1774800284.6229284,job_done,cagrad:coord:train.grad_clip,187,198,0,94.44444444444444,2407.8993850455563,40934.28954577446
1774800374.6328645,job_done,cagrad:coord:train.grad_clip,188,198,0,94.94949494949495,2182.143595079158,41024.299587488174
1774800380.1154022,job_done,cagrad:coord:train.grad_clip,189,198,0,95.45454545454545,1953.7991420314427,41029.78198266029
1774800380.4388747,job_done,cagrad:coord:train.grad_clip,190,198,0,95.95959595959596,1727.5833718952379,41030.1050825119
1774827318.2269225,init,,0,0,0,0.0,,1.0728836059570312e-05
1774827318.2274926,pipeline_start,,0,0,0,0.0,,0.0006372928619384766
1774827318.227711,lock_wait,,0,0,0,0.0,,0.0008847713470458984
1774827318.2279162,lock_acquired,,0,0,0,0.0,,0.0010900497436523438
1774827318.2280965,method_start,,0,0,0,0.0,,0.001276254653930664
1774827318.2283087,lock_wait,,0,0,0,0.0,,0.0014820098876953125
1774827318.228524,lock_acquired,,0,0,0,0.0,,0.0016949176788330078
1774827318.2287178,lock_released,,0,0,0,0.0,,0.0018949508666992188
1774827318.2293265,lock_wait,,0,0,0,0.0,,0.0024945735931396484
1774827318.2295299,lock_acquired,,0,0,0,0.0,,0.00270843505859375
1774827318.2297125,plan_add,,0,24,0,0.0,,0.0028922557830810547
1774827318.229959,phase_start,baseline:coord:train.lr,0,24,0,0.0,,0.003129720687866211
1774827318.2561612,group_slots,baseline:coord:train.lr,0,24,0,0.0,,0.029211759567260742
1774827318.2564263,group_start,baseline:coord:train.lr,0,24,0,0.0,,0.029564380645751953
1774827318.2926981,job_done,baseline:coord:train.lr,1,24,0,4.166666666666667,1.509894847869873,0.06564760208129883
1774827318.2930033,job_done,baseline:coord:train.lr,2,24,0,8.333333333333334,0.7278409004211426,0.06616735458374023
1774827318.2931976,job_done,baseline:coord:train.lr,3,24,0,12.5,0.4646267890930176,0.0663752555847168
1774827318.2937882,job_done,baseline:coord:train.lr,4,24,0,16.666666666666668,0.3338277339935303,0.06676554679870605
1774827318.294633,job_done,baseline:coord:train.lr,5,24,0,20.833333333333332,0.25684380531311035,0.06759047508239746
1774827318.2948604,job_done,baseline:coord:train.lr,6,24,0,25.0,0.2040431499481201,0.06801438331604004
1774827318.2953262,job_done,baseline:coord:train.lr,7,24,0,29.166666666666668,0.16594440596444268,0.06833004951477051
1774827318.2955413,job_done,baseline:coord:train.lr,8,24,0,33.333333333333336,0.13741731643676758,0.06870865821838379
1774827318.2961328,job_done,baseline:coord:train.lr,9,24,0,37.5,0.11537551879882814,0.06922531127929688
1774827318.2963548,job_done,baseline:coord:train.lr,10,24,0,41.666666666666664,0.09732165336608886,0.06951546669006348
1774827318.2969964,job_done,baseline:coord:train.lr,11,24,0,45.833333333333336,0.08291569623080167,0.0701594352722168
1774827318.297384,job_done,baseline:coord:train.lr,12,24,0,50.0,0.07037067413330078,0.07037067413330078
1774827318.2978678,job_done,baseline:coord:train.lr,13,24,0,54.166666666666664,0.05996423501234788,0.07086682319641113
1774827318.2980752,job_done,baseline:coord:train.lr,14,24,0,58.333333333333336,0.05088721002851214,0.07124209403991699
1774827318.2986977,job_done,baseline:coord:train.lr,15,24,0,62.5,0.043039798736572266,0.07173299789428711
1774827318.2989597,job_done,baseline:coord:train.lr,16,24,0,66.66666666666667,0.03606092929840088,0.07212185859680176
1774827318.2996175,job_done,baseline:coord:train.lr,17,24,0,70.83333333333333,0.029883076162899244,0.07257318496704102
1774827318.3001356,job_done,baseline:coord:train.lr,18,24,0,75.0,0.024355014165242512,0.07306504249572754
1774827318.300621,job_done,baseline:coord:train.lr,19,24,0,79.16666666666667,0.019360906199405066,0.07357144355773926
1774827318.3009145,job_done,baseline:coord:train.lr,20,24,0,83.33333333333333,0.014799785614013673,0.07399892807006836
1774827318.301391,job_done,baseline:coord:train.lr,21,24,0,87.5,0.010626418249947684,0.07438492774963379
1774827318.3016076,job_done,baseline:coord:train.lr,22,24,0,91.66666666666667,0.006796923550692472,0.07476615905761719
1774827318.302081,job_done,baseline:coord:train.lr,23,24,0,95.83333333333333,0.003268812013709027,0.07518267631530762
1774827318.3022985,job_done,baseline:coord:train.lr,24,24,0,100.0,,0.07546448707580566
1774827318.3129697,group_end,baseline:coord:train.lr,24,24,0,100.0,,0.08602142333984375
1774827318.313137,phase_end,,24,24,0,100.0,,0.08632731437683105
1774827318.3137321,lock_released,,24,24,0,100.0,,0.08654260635375977
1774827318.3149204,lock_wait,,24,24,0,100.0,,0.08808660507202148
1774827318.3151376,lock_acquired,,24,24,0,100.0,,0.08831906318664551
1774827318.3153155,plan_add,,24,48,0,50.0,0.08849954605102539,0.08849954605102539
1774827318.315522,phase_start,baseline:coord:train.weight_decay,24,48,0,50.0,0.08868789672851562,0.08868789672851562
1774827318.341598,group_slots,baseline:coord:train.weight_decay,24,48,0,50.0,0.11461019515991211,0.11461019515991211
1774827318.341845,group_start,baseline:coord:train.weight_decay,24,48,0,50.0,0.11499953269958496,0.11499953269958496
1774827318.378929,job_done,baseline:coord:train.weight_decay,25,48,0,52.083333333333336,0.13968092918395997,0.15182709693908691
1774827318.3797624,job_done,baseline:coord:train.weight_decay,26,48,0,54.166666666666664,0.12900469853327826,0.15246009826660156
1774827318.3799794,job_done,baseline:coord:train.weight_decay,27,48,0,56.25,0.11910745832655166,0.1531381607055664
1774827318.380309,job_done,baseline:coord:train.weight_decay,28,48,0,58.333333333333336,0.10961498532976424,0.15346097946166992
1774827318.3808413,job_done,baseline:coord:train.weight_decay,29,48,0,60.416666666666664,0.10077583378758924,0.15381574630737305
1774827318.3817062,job_done,baseline:coord:train.weight_decay,30,48,0,62.5,0.0928828239440918,0.15480470657348633
1774827318.381917,job_done,baseline:coord:train.weight_decay,31,48,0,64.58333333333333,0.08504705275258712,0.15508580207824707
1774827318.3823812,job_done,baseline:coord:train.weight_decay,32,48,0,66.66666666666667,0.07769143581390381,0.15538287162780762
1774827318.3825884,job_done,baseline:coord:train.weight_decay,33,48,0,68.75,0.07079926404086026,0.15575838088989258
1774827318.3832474,job_done,baseline:coord:train.weight_decay,34,48,0,70.83333333333333,0.06440263635971967,0.15640640258789062
1774827318.383538,job_done,baseline:coord:train.weight_decay,35,48,0,72.91666666666667,0.058173418045043945,0.15662074089050293
1774827318.3840823,job_done,baseline:coord:train.weight_decay,36,48,0,75.0,0.052363952000935875,0.15709185600280762
1774827318.3842888,job_done,baseline:coord:train.weight_decay,37,48,0,77.08333333333333,0.04681171597661199,0.15745759010314941
1774827318.3850427,job_done,baseline:coord:train.weight_decay,38,48,0,79.16666666666667,0.04157216925370066,0.1579742431640625
1774827318.3852496,job_done,baseline:coord:train.weight_decay,39,48,0,81.25,0.03655826128446139,0.15841913223266602
1774827318.3859787,job_done,baseline:coord:train.weight_decay,40,48,0,83.33333333333333,0.03176956176757812,0.15884780883789062
1774827318.3864625,job_done,baseline:coord:train.weight_decay,41,48,0,85.41666666666667,0.027216626376640508,0.15941166877746582
1774827318.3869545,job_done,baseline:coord:train.weight_decay,42,48,0,87.5,0.022842236927577426,0.159895658493042
1774827318.387164,job_done,baseline:coord:train.weight_decay,43,48,0,89.58333333333333,0.018643667531567952,0.16033554077148438
1774827318.3877227,job_done,baseline:coord:train.weight_decay,44,48,0,91.66666666666667,0.014605413783680308,0.1606595516204834
1774827318.388241,job_done,baseline:coord:train.weight_decay,45,48,0,93.75,0.01074376106262207,0.16115641593933105
1774827318.388478,job_done,baseline:coord:train.weight_decay,46,48,0,95.83333333333333,0.007027397985043733,0.16163015365600586
1774827318.3888493,job_done,baseline:coord:train.weight_decay,47,48,0,97.91666666666667,0.0034457013962116644,0.16194796562194824
1774827318.3890555,job_done,baseline:coord:train.weight_decay,48,48,0,100.0,,0.1622309684753418
1774827318.4012604,group_end,baseline:coord:train.weight_decay,48,48,0,100.0,,0.17439627647399902
1774827318.4014935,phase_end,,48,48,0,100.0,,0.17464065551757812
1774827318.4017546,lock_released,,48,48,0,100.0,,0.17490649223327637
1774827318.402989,lock_wait,,48,48,0,100.0,,0.17615890502929688
1774827318.4032066,lock_acquired,,48,48,0,100.0,,0.17638850212097168
1774827318.4033985,plan_add,,48,72,0,66.66666666666667,0.08828544616699219,0.17657089233398438
1774827318.4035895,phase_start,baseline:coord:train.grad_clip,48,72,0,66.66666666666667,0.08838188648223877,0.17676377296447754
1774827318.4291024,group_slots,baseline:coord:train.grad_clip,48,72,0,66.66666666666667,0.10108685493469238,0.20217370986938477
1774827318.4293299,group_start,baseline:coord:train.grad_clip,48,72,0,66.66666666666667,0.10124635696411133,0.20249271392822266
1774827318.4655979,job_done,baseline:coord:train.grad_clip,49,72,0,68.05555555555556,0.11193437478980241,0.23846888542175293
1774827318.4661498,job_done,baseline:coord:train.grad_clip,50,72,0,69.44444444444444,0.10522308349609376,0.23914337158203125
1774827318.4663718,job_done,baseline:coord:train.grad_clip,51,72,0,70.83333333333333,0.09862748314352597,0.23952388763427734
1774827318.4691122,job_done,baseline:coord:train.grad_clip,52,72,0,72.22222222222223,0.09220866056588979,0.23974251747131348
1774827318.4696224,job_done,baseline:coord:train.grad_clip,53,72,0,73.61111111111111,0.08697518312706137,0.2426149845123291
1774827318.4705772,job_done,baseline:coord:train.grad_clip,54,72,0,75.0,0.081238587697347,0.24371576309204102
1774827318.4709733,job_done,baseline:coord:train.grad_clip,55,72,0,76.38888888888889,0.07542273781516336,0.24401473999023438
1774827318.4711742,job_done,baseline:coord:train.grad_clip,56,72,0,77.77777777777777,0.06981345585414342,0.24434709548950195
1774827318.4715033,job_done,baseline:coord:train.grad_clip,57,72,0,79.16666666666667,0.06438211390846654,0.24465203285217285
1774827318.4720693,job_done,baseline:coord:train.grad_clip,58,72,0,80.55555555555556,0.05913680997388116,0.2449953556060791
1774827318.472658,job_done,baseline:coord:train.grad_clip,59,72,0,81.94444444444444,0.05416048179238529,0.2458052635192871
1774827318.4732714,job_done,baseline:coord:train.grad_clip,60,72,0,83.33333333333333,0.04927949905395508,0.2463974952697754
1774827318.4734812,job_done,baseline:coord:train.grad_clip,61,72,0,84.72222222222223,0.044476575538760325,0.2466428279876709
1774827318.473967,job_done,baseline:coord:train.grad_clip,62,72,0,86.11111111111111,0.03982720836516349,0.24692869186401367
1774827318.4743438,job_done,baseline:coord:train.grad_clip,63,72,0,87.5,0.035342046192714145,0.24739432334899902
1774827318.4752343,job_done,baseline:coord:train.grad_clip,64,72,0,88.88888888888889,0.031034678220748898,0.2482774257659912
1774827318.4755716,job_done,baseline:coord:train.grad_clip,65,72,0,90.27777777777777,0.02677328403179462,0.24860906600952148
1774827318.4760497,job_done,baseline:coord:train.grad_clip,66,72,0,91.66666666666667,0.0226398381319913,0.2490382194519043
1774827318.4762468,job_done,baseline:coord:train.grad_clip,67,72,0,93.05555555555556,0.018613587564496853,0.2494220733642578
1774827318.4774952,job_done,baseline:coord:train.grad_clip,68,72,0,94.44444444444444,0.01473108459921444,0.2504284381866455
1774827318.4776962,job_done,baseline:coord:train.grad_clip,69,72,0,95.83333333333333,0.010907411575317383,0.2508704662322998
1774827318.478103,job_done,baseline:coord:train.grad_clip,70,72,0,97.22222222222223,0.007175118582589285,0.251129150390625
1774827318.4783,job_done,baseline:coord:train.grad_clip,71,72,0,98.61111111111111,0.0035418926830023106,0.25147438049316406
1774827318.4789228,job_done,baseline:coord:train.grad_clip,72,72,0,100.0,,0.25208473205566406
1774827318.4957626,group_end,baseline:coord:train.grad_clip,72,72,0,100.0,,0.26890015602111816
1774827318.4959698,phase_end,,72,72,0,100.0,,0.26912903785705566
1774827318.496212,lock_released,,72,72,0,100.0,,0.2693750858306885
1774827318.53942,lock_wait,,72,72,0,100.0,,0.312483549118042
1774827318.5396628,lock_acquired,,72,72,0,100.0,,0.31284403800964355
1774827318.5398498,plan_add,,72,126,0,57.142857142857146,0.2347739338874817,0.3130319118499756
1774827318.5400364,phase_start,baseline:local_var_topk,72,126,0,57.142857142857146,0.23491448163986206,0.3132193088531494
1774827318.5709782,group_slots,baseline:local_var_topk,72,126,0,57.142857142857146,0.2580147385597229,0.34401965141296387
1774827318.5712295,group_start,baseline:local_var_topk,72,126,0,57.142857142857146,0.25828081369400024,0.344374418258667
1774827318.608478,job_done,baseline:local_var_topk,73,126,0,57.93650793650794,0.2768634802674594,0.38134026527404785
1774827318.6090422,job_done,baseline:local_var_topk,74,126,0,58.73015873015873,0.26854616886860616,0.38216185569763184
1774827318.6092353,job_done,baseline:local_var_topk,75,126,0,59.523809523809526,0.26004126548767087,0.3824136257171631
1774827318.609442,job_done,baseline:local_var_topk,76,126,0,60.317460317460316,0.25172045356348943,0.3826150894165039
1774827318.6101174,job_done,baseline:local_var_topk,77,126,0,61.111111111111114,0.24379957805980335,0.3831136226654053
1774827318.611093,job_done,baseline:local_var_topk,78,126,0,61.904761904761905,0.23636172367976263,0.38408780097961426
1774827318.611296,job_done,baseline:local_var_topk,79,126,0,62.698412698412696,0.2287372939194305,0.3844733238220215
1774827318.611741,job_done,baseline:local_var_topk,80,126,0,63.492063492063494,0.2212411940097809,0.3847672939300537
1774827318.6119366,job_done,baseline:local_var_topk,81,126,0,64.28571428571429,0.21395179960462782,0.3851132392883301
1774827318.6125658,job_done,baseline:local_var_topk,82,126,0,65.07936507936508,0.20697593688964844,0.3857278823852539
1774827318.6129467,job_done,baseline:local_var_topk,83,126,0,65.87301587301587,0.19999018921909562,0.38602757453918457
1774827318.6134393,job_done,baseline:local_var_topk,84,126,0,66.66666666666667,0.19320476055145264,0.3864095211029053
1774827318.6136637,job_done,baseline:local_var_topk,85,126,0,67.46031746031746,0.18658023722031536,0.386812686920166
1774827318.6145802,job_done,baseline:local_var_topk,86,126,0,68.25396825396825,0.1802618559016738,0.38756299018859863
1774827318.614904,job_done,baseline:local_var_topk,87,126,0,69.04761904761905,0.17396203402815194,0.38806915283203125
1774827318.61546,job_done,baseline:local_var_topk,88,126,0,69.84126984126983,0.16777123646302658,0.3885228633880615
1774827318.615654,job_done,baseline:local_var_topk,89,126,0,70.63492063492063,0.16164969326405043,0.38883304595947266
1774827318.6164181,job_done,baseline:local_var_topk,90,126,0,71.42857142857143,0.1557835578918457,0.38945889472961426
1774827318.616612,job_done,baseline:local_var_topk,91,126,0,72.22222222222223,0.14991906973031852,0.3897895812988281
1774827318.617421,job_done,baseline:local_var_topk,92,126,0,73.01587301587301,0.14434132368668265,0.39057064056396484
1774827318.6181214,job_done,baseline:local_var_topk,93,126,0,73.80952380952381,0.13871343674198275,0.39091968536376953
1774827318.6186833,job_done,baseline:local_var_topk,94,126,0,74.60317460317461,0.13332561736411236,0.3916440010070801
1774827318.6189842,job_done,baseline:local_var_topk,95,126,0,75.39682539682539,0.12793577093827097,0.3920612335205078
1774827318.6195045,job_done,baseline:local_var_topk,96,126,0,76.19047619047619,0.12267366051673889,0.39255571365356445
1774827318.6197011,job_done,baseline:local_var_topk,97,126,0,76.98412698412699,0.1174588154271706,0.3928794860839844
1774827318.6204205,job_done,baseline:local_var_topk,98,126,0,77.77777777777777,0.11244862420218332,0.3935701847076416
1774827318.6206272,job_done,baseline:local_var_topk,99,126,0,78.57142857142857,0.10739942030473189,0.3937978744506836
1774827318.6212573,job_done,baseline:local_var_topk,100,126,0,79.36507936507937,0.10254886627197266,0.39441871643066406
1774827318.621459,job_done,baseline:local_var_topk,101,126,0,80.15873015873017,0.09768127214790571,0.39463233947753906
1774827318.62215,job_done,baseline:local_var_topk,102,126,0,80.95238095238095,0.09301415611715878,0.3953101634979248
1774827318.6223383,job_done,baseline:local_var_topk,103,126,0,81.74603174603175,0.08832010019172742,0.3955204486846924
1774827318.6230648,job_done,baseline:local_var_topk,104,126,0,82.53968253968254,0.08381596436867346,0.3962209224700928
1774827318.6235082,job_done,baseline:local_var_topk,105,126,0,83.33333333333333,0.07928781509399414,0.3964390754699707
1774827318.6240184,job_done,baseline:local_var_topk,106,126,0,84.12698412698413,0.07492542266845703,0.39710474014282227
1774827318.6242156,job_done,baseline:local_var_topk,107,126,0,84.92063492063492,0.07056472903100129,0.39739084243774414
1774827318.625032,job_done,baseline:local_var_topk,108,126,0,85.71428571428571,0.06633798281351726,0.3980278968811035
1774827318.6253002,job_done,baseline:local_var_topk,109,126,0,86.5079365079365,0.06214765233731051,0.39847612380981445
1774827318.625767,job_done,baseline:local_var_topk,110,126,0,87.3015873015873,0.05801727988503196,0.3988687992095947
1774827318.6259582,job_done,baseline:local_var_topk,111,126,0,88.0952380952381,0.05393766068123482,0.3991386890411377
1774827318.626712,job_done,baseline:local_var_topk,112,126,0,88.88888888888889,0.04997149109840393,0.39977192878723145
1774827318.6272242,job_done,baseline:local_var_topk,113,126,0,89.68253968253968,0.04605504052828898,0.40032458305358887
1774827318.6274192,job_done,baseline:local_var_topk,114,126,0,90.47619047619048,0.04216773886429636,0.40059351921081543
1774827318.6280053,job_done,baseline:local_var_topk,115,126,0,91.26984126984127,0.038346056316209874,0.400890588760376
1774827318.6285906,job_done,baseline:local_var_topk,116,126,0,92.06349206349206,0.034614328680367304,0.40152621269226074
1774827318.6291165,job_done,baseline:local_var_topk,117,126,0,92.85714285714286,0.03093161949744591,0.4021110534667969
1774827318.629405,job_done,baseline:local_var_topk,118,126,0,93.65079365079364,0.027287564035189355,0.40249156951904297
1774827318.6298752,job_done,baseline:local_var_topk,119,126,0,94.44444444444444,0.02370438856237075,0.40297460556030273
1774827318.6300688,job_done,baseline:local_var_topk,120,126,0,95.23809523809524,0.020162379741668703,0.403247594833374
1774827318.6307256,job_done,baseline:local_var_topk,121,126,0,96.03174603174604,0.01668639419492611,0.4038107395172119
1774827318.630919,job_done,baseline:local_var_topk,122,126,0,96.82539682539682,0.013249154950751633,0.4040992259979248
1774827318.6315634,job_done,baseline:local_var_topk,123,126,0,97.61904761904762,0.009865417713072241,0.4044821262359619
1774827318.6317668,job_done,baseline:local_var_topk,124,126,0,98.41269841269842,0.006531407756190146,0.40494728088378906
1774827318.6321397,job_done,baseline:local_var_topk,125,126,0,99.2063492063492,0.003241928100585938,0.4052410125732422
1774827318.6323404,job_done,baseline:local_var_topk,126,126,0,100.0,,0.4055211544036865
1774827318.647398,group_end,baseline:local_var_topk,126,126,0,100.0,,0.4205305576324463
1774827318.6476173,phase_end,,126,126,0,100.0,,0.4207735061645508
1774827318.6478584,lock_released,,126,126,0,100.0,,0.42102718353271484
1774827318.6526518,method_done,,126,126,0,100.0,,0.4258289337158203
1774827318.6528416,method_start,,126,126,0,100.0,,0.42601680755615234
1774827318.653119,lock_wait,,126,126,0,100.0,,0.4262363910675049
1774827318.653319,lock_acquired,,126,126,0,100.0,,0.4265017509460449
1774827318.6535165,lock_released,,126,126,0,100.0,,0.4266996383666992
1774827318.6543038,lock_wait,,126,126,0,100.0,,0.42748045921325684
1774827318.6545038,lock_acquired,,126,126,0,100.0,,0.4276857376098633
1774827318.6546876,plan_add,,126,150,0,84.0,0.08149855477469309,0.42786741256713867
1774827318.6548767,phase_start,cagrad:coord:train.lr,126,150,0,84.0,0.08153424944196427,0.4280548095703125
1774827318.6800365,group_slots,cagrad:coord:train.lr,126,150,0,84.0,0.08629826136997769,0.4530658721923828
1774827318.6802902,group_start,cagrad:coord:train.lr,126,150,0,84.0,0.08636933281308128,0.45343899726867676
1774827318.717996,job_done,cagrad:coord:train.lr,127,150,0,84.66666666666667,0.08887997011500082,0.490772008895874
1774827318.7182932,job_done,cagrad:coord:train.lr,128,150,0,85.33333333333333,0.0844697430729866,0.49146032333374023
1774827318.7188187,job_done,cagrad:coord:train.lr,129,150,0,86.0,0.08005671168482581,0.4917769432067871
1774827318.71942,job_done,cagrad:coord:train.lr,130,150,0,86.66666666666667,0.07572254767784706,0.49219655990600586
1774827318.7198608,job_done,cagrad:coord:train.lr,131,150,0,87.33333333333333,0.07148729207861514,0.4928860664367676
1774827318.7200565,job_done,cagrad:coord:train.lr,132,150,0,88.0,0.06725900823419745,0.49323272705078125
1774827318.720637,job_done,cagrad:coord:train.lr,133,150,0,88.66666666666667,0.06311487613764025,0.49378108978271484
1774827318.721226,job_done,cagrad:coord:train.lr,134,150,0,89.33333333333333,0.059014391543260256,0.4942455291748047
1774827318.7214327,job_done,cagrad:coord:train.lr,135,150,0,90.0,0.05495574739244249,0.4946017265319824
1774827318.7217178,job_done,cagrad:coord:train.lr,136,150,0,90.66666666666667,0.050935720696168786,0.49480414390563965
1774827318.7222593,job_done,cagrad:coord:train.lr,137,150,0,91.33333333333333,0.04699027103229161,0.4952051639556885
1774827318.7229795,job_done,cagrad:coord:train.lr,138,150,0,92.0,0.04312954778256624,0.4959897994995117
1774827318.7234592,job_done,cagrad:coord:train.lr,139,150,0,92.66666666666667,0.03928497197816698,0.49641919136047363
1774827318.7236462,job_done,cagrad:coord:train.lr,140,150,0,93.33333333333333,0.03548783915383475,0.4968297481536865
1774827318.7242265,job_done,cagrad:coord:train.lr,141,150,0,94.0,0.031737464539548184,0.4972202777862549
1774827318.7244344,job_done,cagrad:coord:train.lr,142,150,0,94.66666666666667,0.02803386097222986,0.4976010322570801
1774827318.7250364,job_done,cagrad:coord:train.lr,143,150,0,95.33333333333333,0.0243874563203825,0.4982008934020996
1774827318.7252328,job_done,cagrad:coord:train.lr,144,150,0,96.0,0.020766894022623696,0.49840545654296875
1774827318.7257993,job_done,cagrad:coord:train.lr,145,150,0,96.66666666666667,0.017205797392746497,0.49896812438964844
1774827318.7259917,job_done,cagrad:coord:train.lr,146,150,0,97.33333333333333,0.013675813805567075,0.49916720390319824
1774827318.726738,job_done,cagrad:coord:train.lr,147,150,0,98.0,0.010198164959343113,0.4997100830078125
1774827318.7269268,job_done,cagrad:coord:train.lr,148,150,0,98.66666666666667,0.006758232374449034,0.5001091957092285
1774827318.7275605,job_done,cagrad:coord:train.lr,149,150,0,99.33333333333333,0.003360546675304438,0.5007214546203613
1774827318.727763,job_done,cagrad:coord:train.lr,150,150,0,100.0,,0.5009417533874512
1774827318.742504,group_end,cagrad:coord:train.lr,150,150,0,100.0,,0.5156731605529785
1774827318.7427254,phase_end,,150,150,0,100.0,,0.5158581733703613
1774827318.7429545,lock_released,,150,150,0,100.0,,0.5161364078521729
1774827318.7442017,lock_wait,,150,150,0,100.0,,0.5173742771148682
1774827318.744416,lock_acquired,,150,150,0,100.0,,0.517592191696167
1774827318.744594,plan_add,,150,174,0,86.20689655172414,0.0828445816040039,0.5177786350250244
1774827318.7447739,phase_start,cagrad:coord:train.weight_decay,150,174,0,86.20689655172414,0.08287315368652344,0.5179572105407715
1774827318.769387,group_slots,cagrad:coord:train.weight_decay,150,174,0,86.20689655172414,0.08679008483886719,0.5424380302429199
1774827318.7695987,group_start,cagrad:coord:train.weight_decay,150,174,0,86.20689655172414,0.08684383392333984,0.542773962020874
1774827318.8072126,job_done,cagrad:coord:train.weight_decay,151,174,0,86.7816091954023,0.08836938055935285,0.5801641941070557
1774827318.807507,job_done,cagrad:coord:train.weight_decay,152,174,0,87.35632183908046,0.0840454289787694,0.5806775093078613
1774827318.8077095,job_done,cagrad:coord:train.weight_decay,153,174,0,87.93103448275862,0.07972901007708381,0.5808827877044678
1774827318.8079016,job_done,cagrad:coord:train.weight_decay,154,174,0,88.50574712643679,0.07546492985316686,0.5810799598693848
1774827318.809362,job_done,cagrad:coord:train.weight_decay,155,174,0,89.08045977011494,0.07139916112346033,0.5824668407440186
1774827318.8095703,job_done,cagrad:coord:train.weight_decay,156,174,0,89.65517241379311,0.06723973384270301,0.5827443599700928
1774827318.8100603,job_done,cagrad:coord:train.weight_decay,157,174,0,90.22988505747126,0.06313086770902014,0.5830321311950684
1774827318.8102565,job_done,cagrad:coord:train.weight_decay,158,174,0,90.80459770114942,0.0590819105317321,0.5834338665008545
1774827318.8108966,job_done,cagrad:coord:train.weight_decay,159,174,0,91.37931034482759,0.05508438596185648,0.5838944911956787
1774827318.811096,job_done,cagrad:coord:train.weight_decay,160,174,0,91.95402298850574,0.05112358331680298,0.5842695236206055
1774827318.8117242,job_done,cagrad:coord:train.weight_decay,161,174,0,92.52873563218391,0.04721117463911542,0.5846922397613525
1774827318.8121424,job_done,cagrad:coord:train.weight_decay,162,174,0,93.10344827586206,0.04334516878481264,0.5851597785949707
1774827318.8129368,job_done,cagrad:coord:train.weight_decay,163,174,0,93.67816091954023,0.03953923623254694,0.5858995914459229
1774827318.8131301,job_done,cagrad:coord:train.weight_decay,164,174,0,94.25287356321839,0.035750444342450394,0.5863072872161865
1774827318.8137052,job_done,cagrad:coord:train.weight_decay,165,174,0,94.82758620689656,0.03199524879455566,0.5865795612335205
1774827318.814147,job_done,cagrad:coord:train.weight_decay,166,174,0,95.40229885057471,0.028295379087149377,0.5871291160583496
1774827318.8148317,job_done,cagrad:coord:train.weight_decay,167,174,0,95.97701149425288,0.02463809458795422,0.5877945423126221
1774827318.81503,job_done,cagrad:coord:train.weight_decay,168,174,0,96.55172413793103,0.02100757190159389,0.5882120132446289
1774827318.8155546,job_done,cagrad:coord:train.weight_decay,169,174,0,97.1264367816092,0.017410693083994486,0.5884814262390137
1774827318.815958,job_done,cagrad:coord:train.weight_decay,170,174,0,97.70114942528735,0.013858307109159583,0.5889780521392822
1774827318.8167975,job_done,cagrad:coord:train.weight_decay,171,174,0,98.27586206896552,0.010343798419885468,0.5895965099334717
1774827318.8170016,job_done,cagrad:coord:train.weight_decay,172,174,0,98.85057471264368,0.006862612657768782,0.5901846885681152
1774827318.817183,job_done,cagrad:coord:train.weight_decay,173,174,0,99.42528735632185,0.003412537492079542,0.5903689861297607
1774827318.8175075,job_done,cagrad:coord:train.weight_decay,174,174,0,100.0,,0.5906753540039062
1774827318.829816,group_end,cagrad:coord:train.weight_decay,174,174,0,100.0,,0.6029536724090576
1774827318.8300288,phase_end,,174,174,0,100.0,,0.6031899452209473
1774827318.830278,lock_released,,174,174,0,100.0,,0.6034364700317383
1774827318.8316212,lock_wait,,174,174,0,100.0,,0.6047947406768799
1774827318.8318312,lock_acquired,,174,174,0,100.0,,0.6050131320953369
1774827318.832011,plan_add,,174,198,0,87.87878787878788,0.08347514580036032,0.6051948070526123
1774827318.8321888,phase_start,cagrad:coord:train.grad_clip,174,198,0,87.87878787878788,0.08350000710322938,0.6053750514984131
1774827318.855652,group_slots,cagrad:coord:train.grad_clip,174,198,0,87.87878787878788,0.08671957871009564,0.6287169456481934
1774827318.8558688,group_start,cagrad:coord:train.grad_clip,174,198,0,87.87878787878788,0.08676430274700296,0.6290411949157715
1774827318.892964,job_done,cagrad:coord:train.grad_clip,175,198,0,88.38383838383838,0.0875204154423305,0.6659162044525146
1774827318.8932455,job_done,cagrad:coord:train.grad_clip,176,198,0,88.88888888888889,0.08330190181732178,0.6664152145385742
1774827318.893458,job_done,cagrad:coord:train.grad_clip,177,198,0,89.39393939393939,0.07908994464550988,0.6666152477264404
1774827318.8939083,job_done,cagrad:coord:train.grad_clip,178,198,0,89.8989898989899,0.0749243243356769,0.6668264865875244
1774827318.8954458,job_done,cagrad:coord:train.grad_clip,179,198,0,90.4040404040404,0.07093855788587858,0.6683158874511719
1774827318.8958483,job_done,cagrad:coord:train.grad_clip,180,198,0,90.9090909090909,0.06688830852508545,0.6688830852508545
1774827318.8960435,job_done,cagrad:coord:train.grad_clip,181,198,0,91.41414141414141,0.06285507112576816,0.6692216396331787
1774827318.8962471,job_done,cagrad:coord:train.grad_clip,182,198,0,91.91919191919192,0.058849502395797566,0.6694130897521973
1774827318.8969657,job_done,cagrad:coord:train.grad_clip,183,198,0,92.42424242424242,0.0549120590335033,0.6699271202087402
1774827318.8976645,job_done,cagrad:coord:train.grad_clip,184,198,0,92.92929292929293,0.051031944544419,0.6707055568695068
1774827318.8978717,job_done,cagrad:coord:train.grad_clip,185,198,0,93.43434343434343,0.047154568337105414,0.6710457801818848
1774827318.8983445,job_done,cagrad:coord:train.grad_clip,186,198,0,93.93939393939394,0.043318240873275266,0.6714327335357666
1774827318.8985534,job_done,cagrad:coord:train.grad_clip,187,198,0,94.44444444444444,0.039513587951660156,0.6717309951782227
1774827318.899287,job_done,cagrad:coord:train.grad_clip,188,198,0,94.94949494949495,0.03575729562881145,0.6722371578216553
1774827318.8998268,job_done,cagrad:coord:train.grad_clip,189,198,0,95.45454545454545,0.03203831400190081,0.672804594039917
1774827318.9002788,job_done,cagrad:coord:train.grad_clip,190,198,0,95.95959595959596,0.028352064835397824,0.6733615398406982
1774828804.9758058,job_done,cagrad:coord:train.grad_clip,191,198,0,96.46464646464646,54.48817467689514,1486.7487661838531
1774828809.8145604,job_done,cagrad:coord:train.grad_clip,192,198,0,96.96969696969697,46.61210935562849,1491.5874993801117
1774828813.5292907,job_done,cagrad:coord:train.grad_clip,193,198,0,97.47474747474747,38.73839853958762,1495.3021836280823
1774828816.340547,job_done,cagrad:coord:train.grad_clip,194,198,0,97.97979797979798,30.88893694730149,1498.1134419441223
1774830317.6915543,job_done,cagrad:coord:train.grad_clip,195,198,0,98.48484848484848,46.14560908537644,2999.464590549469
1774830330.974305,job_done,cagrad:coord:train.grad_clip,196,198,0,98.98989898989899,30.74231875915917,3012.7472383975983
1774830337.8214426,job_done,cagrad:coord:train.grad_clip,197,198,0,99.4949494949495,15.3278908281762,3019.594493150711
1774830339.4496596,job_done,cagrad:coord:train.grad_clip,198,198,0,100.0,,3021.222584962845
1774830339.4611058,group_end,cagrad:coord:train.grad_clip,198,198,0,100.0,,3021.2341594696045
1774830339.4613202,phase_end,,198,198,0,100.0,,3021.234487056732
1774830339.4615746,lock_released,,198,198,0,100.0,,3021.2347440719604
1774830339.4629228,lock_wait,,198,198,0,100.0,,3021.236074924469
1774830339.4631793,lock_acquired,,198,198,0,100.0,,3021.2363498210907
1774830339.4633923,plan_add,,198,222,0,89.1891891891892,366.21049112262153,3021.236551761627
1774830339.4635978,phase_start,cagrad:coord:method.baseline_cagrad.c,198,222,0,89.1891891891892,366.21051727641714,3021.2367675304413
1774830901.459068,group_slots,cagrad:coord:method.baseline_cagrad.c,198,222,0,89.1891891891892,434.3311456333507,3583.2319514751434
1774830901.4592974,group_start,cagrad:coord:method.baseline_cagrad.c,198,222,0,89.1891891891892,434.33120756438285,3583.2324624061584
1774832413.054653,job_done,cagrad:coord:method.baseline_cagrad.c,199,222,0,89.63963963963964,588.8494103589849,5094.827507019043
1774832419.7414002,job_done,cagrad:coord:method.baseline_cagrad.c,200,222,0,90.09009009009009,561.1665824007988,5101.514385461807
1774832426.9173052,job_done,cagrad:coord:method.baseline_cagrad.c,201,222,0,90.54054054054055,533.7436136274196,5108.688873291016
1774832429.8079896,job_done,cagrad:coord:method.baseline_cagrad.c,202,222,0,90.990990990991,506.0971271637643,5111.580984354019
1774833907.1158788,job_done,cagrad:coord:method.baseline_cagrad.c,203,222,0,91.44144144144144,616.6940317658955,6588.888865709305
1774833936.0961626,job_done,cagrad:coord:method.baseline_cagrad.c,204,222,0,91.89189189189189,583.9296293819652,6617.8691329956055
1774833940.9570816,job_done,cagrad:coord:method.baseline_cagrad.c,205,222,0,92.34234234234235,549.2020103815125,6622.7301251888275
1774833944.4381182,job_done,cagrad:coord:method.baseline_cagrad.c,206,222,0,92.7927927927928,514.6571750640869,6626.211128950119
1774835399.110965,job_done,cagrad:coord:method.baseline_cagrad.c,207,222,0,93.24324324324324,585.571300447851,8080.883946180344
1774835442.862886,job_done,cagrad:coord:method.baseline_cagrad.c,208,222,0,93.69369369369369,546.8503254468625,8124.633406639099
1774835452.679457,job_done,cagrad:coord:method.baseline_cagrad.c,209,222,0,94.14414414414415,505.9707240214188,8134.4524092674255
1774835456.570558,job_done,cagrad:coord:method.baseline_cagrad.c,210,222,0,94.5945945945946,465.04818274634226,8138.343198060989
1774836891.1926832,job_done,cagrad:coord:method.baseline_cagrad.c,211,222,0,95.04504504504504,499.06454896926874,9572.96543931961
1774836958.1595857,job_done,cagrad:coord:method.baseline_cagrad.c,212,222,0,95.49549549549549,454.71379736684406,9639.932504177094
1774836973.6648633,job_done,cagrad:coord:method.baseline_cagrad.c,213,222,0,95.94594594594595,407.976243002314,9655.437751054764
1774836977.6902883,job_done,cagrad:coord:method.baseline_cagrad.c,214,222,0,96.3963963963964,361.1009180657217,9659.449558258057
1774838367.5534837,job_done,cagrad:coord:method.baseline_cagrad.c,215,222,0,96.84684684684684,359.74551364100256,11049.326490402222
1774838429.971756,job_done,cagrad:coord:method.baseline_cagrad.c,216,222,0,97.29729729729729,308.6595738397704,11111.744658231735
1774838447.5847754,job_done,cagrad:coord:method.baseline_cagrad.c,217,222,0,97.74774774774775,256.436815498062,11129.35779261589
1774838466.3824906,job_done,cagrad:coord:method.baseline_cagrad.c,218,222,0,98.1981981981982,204.55331221414266,11148.155515670776
1774839882.2384713,job_done,cagrad:coord:method.baseline_cagrad.c,219,222,0,98.64864864864865,172.1097376738509,12564.010850191116
1774839925.5208375,job_done,cagrad:coord:method.baseline_cagrad.c,220,222,0,99.09909909909909,114.61176240660929,12607.29386472702
1774839945.7532096,job_done,cagrad:coord:method.baseline_cagrad.c,221,222,0,99.54954954954955,57.138127805960124,12627.526245117188
1774839961.5622277,job_done,cagrad:coord:method.baseline_cagrad.c,222,222,0,100.0,,12643.335263729095
1774839961.582175,group_end,cagrad:coord:method.baseline_cagrad.c,222,222,0,100.0,,12643.355027914047
1774839961.5826132,phase_end,,222,222,0,100.0,,12643.35562467575
1774839961.5830865,lock_released,,222,222,0,100.0,,12643.356123685837
1774839961.5855567,lock_wait,,222,222,0,100.0,,12643.358582258224
1774839961.5859842,lock_acquired,,222,222,0,100.0,,12643.359054803848
1774839961.5863452,plan_add,,222,246,0,90.2439024390244,1366.8496661830593,12643.359412193298
1774839961.5867238,phase_start,cagrad:coord:method.baseline_cagrad.inner_lr,222,246,0,90.2439024390244,1366.849707139505,12643.35979104042
1774840528.3312407,group_slots,cagrad:coord:method.baseline_cagrad.inner_lr,222,246,0,90.2439024390244,1428.1193689655613,13210.104162931442
1774840528.3316598,group_start,cagrad:coord:method.baseline_cagrad.inner_lr,222,246,0,90.2439024390244,1428.1194278613941,13210.104707717896
1774842038.5645823,job_done,cagrad:coord:method.baseline_cagrad.inner_lr,223,246,0,90.65040650406505,1518.2410636750037,14720.337269544601
1774842060.610951,job_done,cagrad:coord:method.baseline_cagrad.inner_lr,224,246,0,91.0569105691057,1447.9125622042586,14742.382451534271
1774842063.4549818,job_done,cagrad:coord:method.baseline_cagrad.inner_lr,225,246,0,91.46341463414635,1376.2212804603575,14745.228004932404
1774842064.2757611,job_done,cagrad:coord:method.baseline_cagrad.inner_lr,226,246,0,91.869918699187,1304.960058051928,14746.048655986786
1774843542.737565,job_done,cagrad:coord:method.baseline_cagrad.inner_lr,227,246,0,92.27642276422765,1357.9986560124132,16224.510258674622
1774843575.358698,job_done,cagrad:coord:method.baseline_cagrad.inner_lr,228,246,0,92.6829268292683,1283.4577657172554,16257.131699085236
1774843586.6763227,job_done,cagrad:coord:method.baseline_cagrad.inner_lr,229,246,0,93.08943089430895,1207.7014712548153,16268.44923043251
1774843591.3646066,job_done,cagrad:coord:method.baseline_cagrad.inner_lr,230,246,0,93.4959349593496,1132.0442615011464,16273.13625907898
1774845035.905006,job_done,cagrad:coord:method.baseline_cagrad.inner_lr,231,246,0,93.90243902439025,1150.498573996804,17717.67803955078
1774845076.4672375,job_done,cagrad:coord:method.baseline_cagrad.inner_lr,232,246,0,94.3089430894309,1071.61794615614,17758.240250587463
1774845095.8074806,job_done,cagrad:coord:method.baseline_cagrad.inner_lr,233,246,0,94.71544715447155,991.8821704213711,17777.58043909073
1774845098.6714785,job_done,cagrad:coord:method.baseline_cagrad.inner_lr,234,246,0,95.1219512195122,911.8176606007111,17780.444381713867
1774846548.184499,job_done,cagrad:coord:method.baseline_cagrad.inner_lr,235,246,0,95.52845528455285,900.1256684597503,19229.95746254921
1774846595.770699,job_done,cagrad:coord:method.baseline_cagrad.inner_lr,236,246,0,95.9349593495935,816.8450727705228,19277.54371738434
1774846636.7437313,job_done,cagrad:coord:method.baseline_cagrad.inner_lr,237,246,0,96.34146341463415,733.6145599673066,19318.51674580574
1774846637.9720676,job_done,cagrad:coord:method.baseline_cagrad.inner_lr,238,246,0,96.7479674796748,649.4031953651364,19319.74506211281
1774848045.770335,job_done,cagrad:coord:method.baseline_cagrad.inner_lr,239,246,0,97.15447154471545,607.0828537083071,20727.54314804077
1774848083.6433907,job_done,cagrad:coord:method.baseline_cagrad.inner_lr,240,246,0,97.5609756097561,519.1354048907757,20765.416195631027
1774848145.4286137,job_done,cagrad:coord:method.baseline_cagrad.inner_lr,241,246,0,97.96747967479675,432.09961810547287,20827.201592683792
1774848152.4334114,job_done,cagrad:coord:method.baseline_cagrad.inner_lr,242,246,0,98.3739837398374,344.36704859851807,20834.206440210342
1774849573.213238,job_done,cagrad:coord:method.baseline_cagrad.inner_lr,243,246,0,98.78048780487805,274.7529100017783,22254.985710144043
1774849595.8796961,job_done,cagrad:coord:method.baseline_cagrad.inner_lr,244,246,0,99.1869918699187,182.6037110481106,22277.65274786949
1774849662.3934052,job_done,cagrad:coord:method.baseline_cagrad.inner_lr,245,246,0,99.59349593495935,91.20067937812027,22344.166447639465
1774849662.4508839,job_done,cagrad:coord:method.baseline_cagrad.inner_lr,246,246,0,100.0,,22344.22390937805
1774849662.4687572,group_end,cagrad:coord:method.baseline_cagrad.inner_lr,246,246,0,100.0,,22344.24174642563
1774849662.4691086,phase_end,,246,246,0,100.0,,22344.24217891693
1774849662.4695554,lock_released,,246,246,0,100.0,,22344.24258685112
1774849662.4733827,lock_wait,,246,246,0,100.0,,22344.246405363083
1774849662.4738219,lock_acquired,,246,246,0,100.0,,22344.246883392334
1774849662.4741824,plan_add,,246,300,0,82.0,4904.834762317379,22344.247250556946
1774849662.474587,phase_start,cagrad:local_var_topk,246,300,0,82.0,4904.834842077115,22344.24761390686
1774850221.639402,group_slots,cagrad:local_var_topk,246,300,0,82.0,5027.578328673432,22903.41238617897
1774850221.6396606,group_start,cagrad:local_var_topk,246,300,0,82.0,5027.578419633028,22903.41280055046
1774851740.3438723,job_done,cagrad:local_var_topk,247,300,0,82.33333333333333,5240.373210112575,24422.116658449173
1774851758.412124,job_done,cagrad:local_var_topk,248,300,0,82.66666666666667,5124.553423962286,24440.177868127823
1774851762.0875015,job_done,cagrad:local_var_topk,249,300,0,83.0,5006.573848796178,24443.860555887222
1774851765.437758,job_done,cagrad:local_var_topk,250,300,0,83.33333333333333,4889.442125320435,24447.210626602173
1774853235.8791556,job_done,cagrad:local_var_topk,251,300,0,83.66666666666667,5059.621334037933,25917.652139663696
1774853276.6757452,job_done,cagrad:local_var_topk,252,300,0,84.0,4944.463854244777,25958.43523478508
1774853280.8994071,job_done,cagrad:local_var_topk,253,300,0,84.33333333333333,4823.105130095727,25962.67229604721
1774853291.222956,job_done,cagrad:local_var_topk,254,300,0,84.66666666666667,4703.770932899685,25972.996020793915
1774854730.1206937,job_done,cagrad:local_var_topk,255,300,0,85.0,4837.393012804143,27411.89373922348
1774854792.9950967,job_done,cagrad:local_var_topk,256,300,0,85.33333333333333,4722.2255083322525,27474.766593933105
1774854795.5236337,job_done,cagrad:local_var_topk,257,300,0,85.66666666666667,4597.368675410979,27477.296501874924
1774854810.5520554,job_done,cagrad:local_var_topk,258,300,0,86.0,4475.494776337646,27492.32505464554
1774856241.5055137,job_done,cagrad:local_var_topk,259,300,0,86.33333333333333,4578.588440308699,28923.27819609642
1774856318.7070863,job_done,cagrad:local_var_topk,260,300,0,86.66666666666667,4461.612315434676,29000.480050325394
1774856332.7811694,job_done,cagrad:local_var_topk,261,300,0,87.0,4335.508076253979,29014.554048776627
1774856335.1045206,job_done,cagrad:local_var_topk,262,300,0,87.33333333333333,4208.554760077527,29016.877556324005
1774857749.8666003,job_done,cagrad:local_var_topk,263,300,0,87.66666666666667,4281.257275996553,30431.63955640793
1774857847.646896,job_done,cagrad:local_var_topk,264,300,0,88.0,4163.102709304202,30529.41986823082
1774857866.2201035,job_done,cagrad:local_var_topk,265,300,0,88.33333333333333,4034.640592719024,30547.993059158325
1774857866.7596228,job_done,cagrad:local_var_topk,266,300,0,88.66666666666667,3904.6996509060823,30548.532562971115
1774859263.6117532,job_done,cagrad:local_var_topk,267,300,0,89.0,3948.3059378313214,31945.384406089783
1774859372.837048,job_done,cagrad:local_var_topk,268,300,0,89.33333333333333,3827.4160448615226,32054.609375715256
1774859390.8974383,job_done,cagrad:local_var_topk,269,300,0,89.66666666666667,3696.1069919611,32072.67034959793
1774859392.3549728,job_done,cagrad:local_var_topk,270,300,0,90.0,3563.7919857501984,32074.127871751785
1774860742.5437577,job_done,cagrad:local_var_topk,271,300,0,90.33333333333333,3576.771881787099,33424.31655049324
1774860869.5880911,job_done,cagrad:local_var_topk,272,300,0,90.66666666666667,3453.816584678257,33551.36110830307
1774860889.4526887,job_done,cagrad:local_var_topk,273,300,0,91.0,3320.229708029674,33571.21149230003
1774860892.558871,job_done,cagrad:local_var_topk,274,300,0,91.33333333333333,3185.885478635774,33574.331582546234
1774862224.9760282,job_done,cagrad:local_var_topk,275,300,0,91.66666666666667,3173.3408228050575,34906.74905085564
1774862360.948174,job_done,cagrad:local_var_topk,276,300,0,92.0,3047.193151308142,35042.72124004364
1774862387.3705065,job_done,cagrad:local_var_topk,277,300,0,92.33333333333333,2911.878345141772,35069.14354801178
1774862396.0201242,job_done,cagrad:local_var_topk,278,300,0,92.66666666666667,2775.940463632131,35077.79313135147
1774863724.8105423,job_done,cagrad:local_var_topk,279,300,0,93.0,2740.2804691022443,36406.58337521553
1774863863.1889722,job_done,cagrad:local_var_topk,280,300,0,93.33333333333333,2610.3544313737325,36544.962039232254
1774863901.630622,job_done,cagrad:local_var_topk,281,300,0,93.66666666666667,2473.6109137518124,36583.403513908386
1774863909.152113,job_done,cagrad:local_var_topk,282,300,0,94.0,2335.590086840569,36590.91136050224
1774865239.2298515,job_done,cagrad:local_var_topk,283,300,0,94.33333333333333,2277.9401013926986,37921.00286436081
1774865368.311248,job_done,cagrad:local_var_topk,284,300,0,94.66666666666667,2143.6667201619753,38050.08428287506
1774865432.4271622,job_done,cagrad:local_var_topk,285,300,0,95.0,2006.0105114736054,38114.199717998505
1774865435.7945912,job_done,cagrad:local_var_topk,286,300,0,95.33333333333333,1865.8949037698599,38117.567319869995
1774866854.6513193,job_done,cagrad:local_var_topk,287,300,0,95.66666666666667,1790.848487756809,39536.42430663109
1774866865.5502872,job_done,cagrad:local_var_topk,288,300,0,96.0,1647.8051393330097,39547.32334399223
1774866925.8404846,job_done,cagrad:local_var_topk,289,300,0,96.33333333333333,1507.5562223983884,39607.61347937584
1774866929.5824592,job_done,cagrad:local_var_topk,290,300,0,96.66666666666667,1365.9083445565454,39611.341992139816
1774868378.5863461,job_done,cagrad:local_var_topk,291,300,0,97.0,1269.9080228289379,41060.35940480232
1774868384.7846274,job_done,cagrad:local_var_topk,292,300,0,97.33333333333333,1125.1111698019995,41066.55769777298
1774868437.9447258,job_done,cagrad:local_var_topk,293,300,0,97.66666666666667,982.3823360550526,41119.71778059006
1774868461.0175548,job_done,cagrad:local_var_topk,294,300,0,98.0,839.6487778206262,41142.79011321068
1774869896.7748973,job_done,cagrad:local_var_topk,295,300,0,98.33333333333333,721.6703034578743,42578.54790401459
1774869904.9991815,job_done,cagrad:local_var_topk,296,300,0,98.66666666666667,575.4969221965687,42586.77224254608
1774869940.86561,job_done,cagrad:local_var_topk,297,300,0,99.0,430.5317022655949,42622.6385242939
1774869964.5091898,job_done,cagrad:local_var_topk,298,300,0,99.33333333333333,286.2166589858548,42646.282188892365
1774871093.6218948,job_done,cagrad:local_var_topk,299,300,0,99.66666666666667,146.4060031913196,43775.39495420456
1774871096.7248914,job_done,cagrad:local_var_topk,300,300,0,100.0,,43778.497846364975
1774871096.7429092,group_end,cagrad:local_var_topk,300,300,0,100.0,,43778.51586675644
1774871096.7432625,phase_end,,300,300,0,100.0,,43778.51633834839
1774871096.74425,lock_released,,300,300,0,100.0,,43778.51676440239
1774871096.7569118,method_done,,300,300,0,100.0,,43778.52997779846
1774871096.757254,method_start,,300,300,0,100.0,,43778.53033018112
1774871096.7577462,lock_wait,,300,300,0,100.0,,43778.5308072567
1774871096.7581537,lock_acquired,,300,300,0,100.0,,43778.53122282028
1774871096.758544,lock_released,,300,300,0,100.0,,43778.53159284592
1774871096.7600162,lock_wait,,300,300,0,100.0,,43778.53307533264
1774871096.7604105,lock_acquired,,300,300,0,100.0,,43778.533480644226
1774871096.7607615,plan_add,,300,324,0,92.5925925925926,3502.2827069664,43778.53383708
1774871096.7611415,phase_start,ours:coord:train.lr,300,324,0,92.5925925925926,3502.282735309601,43778.53419137001
1774871223.0729647,group_slots,ours:coord:train.lr,300,324,0,92.5925925925926,3512.3876692581175,43904.84586572647
1774871223.0733385,group_start,ours:coord:train.lr,300,324,0,92.5925925925926,3512.387712497711,43904.84640622139
1774871669.2982328,job_done,ours:coord:train.lr,301,324,0,92.90123456790124,3388.9522636269417,44351.07092833519
1774871669.6825407,job_done,ours:coord:train.lr,302,324,0,93.20987654320987,3230.900727819923,44351.45544552803
1774871670.2318234,job_done,ours:coord:train.lr,303,324,0,93.51851851851852,3073.901325570475,44352.00484037399
1774871670.504467,job_done,ours:coord:train.lr,304,324,0,93.82716049382717,2917.912990168521,44352.27745056152
1774872117.971211,job_done,ours:coord:train.lr,305,324,0,94.1358024691358,2790.8037385932735,44799.74422478676
1774872118.0326257,job_done,ours:coord:train.lr,306,324,0,94.44444444444444,2635.2826924464284,44799.80577158928
1774872119.449942,job_done,ours:coord:train.lr,307,324,0,94.75308641975309,2480.8494787736513,44801.22294020653
1774872119.5109694,job_done,ours:coord:train.lr,308,324,0,95.06172839506173,2327.3394269695527,44801.283969163895
1774872567.721512,job_done,ours:coord:train.lr,309,324,0,95.37037037037037,2196.5774036726903,45249.494515657425
1774872568.4647117,job_done,ours:coord:train.lr,310,324,0,95.67901234567901,2043.5591227208413,45250.23771739006
1774872569.9666874,job_done,ours:coord:train.lr,311,324,0,95.98765432098766,1891.5518218152395,45251.73973727226
1774872570.2524147,job_done,ours:coord:train.lr,312,324,0,96.29629629629629,1740.4625113010406,45252.02529382706
1774873016.597557,job_done,ours:coord:train.lr,313,324,0,96.60493827160494,1606.0129715604144,45698.36909985542
1774873018.9588704,job_done,ours:coord:train.lr,314,324,0,96.91358024691358,1455.4373201291273,45700.731852054596
1774873020.956545,job_done,ours:coord:train.lr,315,324,0,97.22222222222223,1305.7922734192439,45702.72956967354
1774873021.0117052,job_done,ours:coord:train.lr,316,324,0,97.53086419753086,1157.032523951953,45702.78469610214
1774873452.1958787,job_done,ours:coord:train.lr,317,324,0,97.8395061728395,1018.7311578052653,46133.96814632416
1774873458.1001928,job_done,ours:coord:train.lr,318,324,0,98.14814814814815,870.5636447600598,46139.87317228317
1774873459.6166158,job_done,ours:coord:train.lr,319,324,0,98.45679012345678,723.2192735836423,46141.38965463638
1774873459.6720426,job_done,ours:coord:train.lr,320,324,0,98.76543209876543,576.7680630326271,46141.44504261017
1774873897.0103142,job_done,ours:coord:train.lr,321,324,0,99.07407407407408,435.3157312736333,46578.78324627876
1774873908.025318,job_done,ours:coord:train.lr,322,324,0,99.38271604938272,289.3776292741669,46589.79831314087
1774873908.2800074,job_done,ours:coord:train.lr,323,324,0,99.69135802469135,144.24165052673766,46590.05312013626
1774873908.546667,job_done,ours:coord:train.lr,324,324,0,100.0,,46590.319591760635
1774873908.5667431,group_end,ours:coord:train.lr,324,324,0,100.0,,46590.339579343796
1774873908.567096,phase_end,,324,324,0,100.0,,46590.34022784233
1774873908.5674899,lock_released,,324,324,0,100.0,,46590.340618133545
1774873908.5695677,lock_wait,,324,324,0,100.0,,46590.342596292496
1774873908.5698905,lock_acquired,,324,324,0,100.0,,46590.34302806854
1774873908.5701382,plan_add,,324,348,0,93.10344827586206,3451.1365388764275,46590.34327483177
1774873908.5705533,phase_start,ours:coord:train.weight_decay,324,348,0,93.10344827586206,3451.1365667802315,46590.34365153313
1774874035.4600844,group_slots,ours:coord:train.weight_decay,324,348,0,93.10344827586206,3460.5357750080248,46717.23296260834
1774874035.460495,group_start,ours:coord:train.weight_decay,324,348,0,93.10344827586206,3460.5358175524957,46717.233536958694
1774874488.8289585,job_done,ours:coord:train.weight_decay,325,348,0,93.39080459770115,3338.2271991421626,47170.60172700882
1774874489.5130613,job_done,ours:coord:train.weight_decay,326,348,0,93.67816091954023,3183.3383179573925,47171.285984277725
1774874491.0250397,job_done,ours:coord:train.weight_decay,327,348,0,93.96551724137932,3029.445736128256,47172.797891139984
1774874491.5978096,job_done,ours:coord:train.weight_decay,328,348,0,94.25287356321839,2876.4250476476623,47173.37078142166
1774874936.2296576,job_done,ours:coord:train.weight_decay,329,348,0,94.54022988505747,2749.9758360364153,47618.0026345253
1774874936.8440819,job_done,ours:coord:train.weight_decay,330,348,0,94.82758620689656,2597.3791130499408,47618.617072582245
1774874937.019897,job_done,ours:coord:train.weight_decay,331,348,0,95.11494252873563,2445.6781842211585,47618.79288101196
1774874937.183362,job_done,ours:coord:train.weight_decay,332,348,0,95.40229885057471,2294.8894530376756,47618.95615053177
1774875389.505834,job_done,ours:coord:train.weight_decay,333,348,0,95.6896551724138,2165.372909908896,48071.27859997749
1774875390.7497659,job_done,ours:coord:train.weight_decay,334,348,0,95.97701149425288,2015.0159272862052,48072.52283668518
1774875391.1062446,job_done,ours:coord:train.weight_decay,335,348,0,96.26436781609195,1865.5147201822765,48072.87932777405
1774875391.1659174,job_done,ours:coord:train.weight_decay,336,348,0,96.55172413793103,1716.8906768901006,48072.93895292282
1774875838.9306831,job_done,ours:coord:train.weight_decay,337,348,0,96.83908045977012,1583.761839670668,48520.70363354683
1774875840.1223218,job_done,ours:coord:train.weight_decay,338,348,0,97.1264367816092,1435.5590235622676,48521.89499640465
1774875841.9650478,job_done,ours:coord:train.weight_decay,339,348,0,97.41379310344827,1288.2408322802687,48523.73801589012
1774875842.0205123,job_done,ours:coord:train.weight_decay,340,348,0,97.70114942528735,1141.73631772434,48523.793503284454
1774876296.933843,job_done,ours:coord:train.weight_decay,341,348,0,97.98850574712644,1005.4279979407961,48978.706756830215
1774876297.2157779,job_done,ours:coord:train.weight_decay,342,348,0,98.27586206896552,859.2805060127325,48978.988842725754
1774876297.5589414,job_done,ours:coord:train.weight_decay,343,348,0,98.5632183908046,713.9844317477924,48979.33201789856
1774876297.9046123,job_done,ours:coord:train.weight_decay,344,348,0,98.85057471264368,569.5311368398889,48979.67776823044
1774876741.4787722,job_done,ours:coord:train.weight_decay,345,348,0,99.13793103448276,429.7674059888591,49423.251688718796
1774876743.8937016,job_done,ours:coord:train.weight_decay,346,348,0,99.42528735632185,285.6974945192392,49425.666551828384
1774876744.1543322,job_done,ours:coord:train.weight_decay,347,348,0,99.71264367816092,142.437831208754,49425.92742943764
1774876744.3986719,job_done,ours:coord:train.weight_decay,348,348,0,100.0,,49426.17170381546
1774876744.4165516,group_end,ours:coord:train.weight_decay,348,348,0,100.0,,49426.18943524361
1774876744.41693,phase_end,,348,348,0,100.0,,49426.18998384476
1774876744.4173949,lock_released,,348,348,0,100.0,,49426.19041609764
1774876744.4197295,lock_wait,,348,348,0,100.0,,49426.19276762009
1774876744.4201782,lock_acquired,,348,348,0,100.0,,49426.19323039055
1774876744.4205666,plan_add,,348,372,0,93.54838709677419,3408.703007352763,49426.19360661507
1774876744.420946,phase_start,ours:coord:train.grad_clip,348,372,0,93.54838709677419,3408.7030348120065,49426.19400477409
1774876866.6761005,group_slots,ours:coord:train.grad_clip,348,372,0,93.54838709677419,3417.134424061611,49548.449148893356
1774876866.6763256,group_start,ours:coord:train.grad_clip,348,372,0,93.54838709677419,3417.134447887026,49548.44949436188
1774877324.435092,job_done,ours:coord:train.grad_clip,349,372,0,93.81720430107526,3295.5380460013635,50006.20774149895
1774877324.5259752,job_done,ours:coord:train.grad_clip,350,372,0,94.08602150537635,3143.2530827890123,50006.29904437065
1774877324.7140017,job_done,ours:coord:train.grad_clip,351,372,0,94.35483870967742,2991.841043951165,50006.486020326614
1774877325.2518256,job_done,ours:coord:train.grad_clip,352,372,0,94.6236559139785,2841.30822812969,50007.02481508255
1774877780.1673894,job_done,ours:coord:train.grad_clip,353,372,0,94.89247311827957,2716.0817777563425,50461.94039726257
1774877780.4210098,job_done,ours:coord:train.grad_clip,354,372,0,95.16129032258064,2565.8742787757164,50462.19414925575
1774877780.8127136,job_done,ours:coord:train.grad_clip,355,372,0,95.43010752688173,2416.518190667327,50462.5857462883
1774877781.2289312,job_done,ours:coord:train.grad_clip,356,372,0,95.6989247311828,2268.0000883381017,50463.001965522766
1774878224.3700314,job_done,ours:coord:train.grad_clip,357,372,0,95.96774193548387,2138.9135733973076,50906.14304685593
1774878224.4278026,job_done,ours:coord:train.grad_clip,358,372,0,96.23655913978494,1990.7452782971898,50906.200687885284
1774878225.0054307,job_done,ours:coord:train.grad_clip,359,372,0,96.50537634408602,1843.4209412704936,50906.778301239014
1774878225.29999,job_done,ours:coord:train.grad_clip,360,372,0,96.7741935483871,1696.9024373451869,50907.073120355606
1774878663.561869,job_done,ours:coord:train.grad_clip,361,372,0,97.04301075268818,1564.5392908911297,51345.33491015434
1774878666.2684352,job_done,ours:coord:train.grad_clip,362,372,0,97.31182795698925,1418.4541818713615,51348.041383743286
1774878668.2672691,job_done,ours:coord:train.grad_clip,363,372,0,97.58064516129032,1273.1414951627905,51350.040304899216
1774878668.6506877,job_done,ours:coord:train.grad_clip,364,372,0,97.84946236559139,1128.580742951278,51350.42380428314
1774879102.5978534,job_done,ours:coord:train.grad_clip,365,372,0,98.11827956989248,993.1248874043765,51784.36912894249
1774879104.702255,job_done,ours:coord:train.grad_clip,366,372,0,98.38709677419355,848.9586114179892,51786.475296497345
1774879107.147216,job_done,ours:coord:train.grad_clip,367,372,0,98.65591397849462,705.5711186451873,51788.92010855675
1774879107.8550935,job_done,ours:coord:train.grad_clip,368,372,0,98.9247311827957,562.9307386901068,51789.62795948982
1774879555.0861707,job_done,ours:coord:train.grad_clip,369,372,0,99.19354838709677,424.6899113112349,52236.85909128189
1774879557.3698857,job_done,ours:coord:train.grad_clip,370,372,0,99.46236559139786,282.37374536024555,52239.14289164543
1774879557.7359524,job_done,ours:coord:train.grad_clip,371,372,0,99.73118279569893,140.8073017757858,52239.50895881653
1774879558.6529236,job_done,ours:coord:train.grad_clip,372,372,0,100.0,,52240.42553925514
1774879558.67586,group_end,ours:coord:train.grad_clip,372,372,0,100.0,,52240.44840216637
1774879558.6762393,phase_end,,372,372,0,100.0,,52240.44933104515
1774879558.6766849,lock_released,,372,372,0,100.0,,52240.449801921844
1774879558.6791668,lock_wait,,372,372,0,100.0,,52240.45218086243
1774879558.6796367,lock_acquired,,372,372,0,100.0,,52240.452749967575
1774879558.6799185,plan_add,,372,396,0,93.93939393939394,3370.3518090555744,52240.453040361404
1774879558.6802197,phase_start,ours:coord:method.ours.lambda_align,372,396,0,93.93939393939394,3370.351827898333,52240.453332424164
1774879690.1616828,group_slots,ours:coord:method.ours.lambda_align,372,396,0,93.93939393939394,3378.834487607402,52371.934557914734
1774879690.1620708,group_start,ours:coord:method.ours.lambda_align,372,396,0,93.93939393939394,3378.8345246930276,52371.93513274193
1774880142.999036,job_done,ours:coord:method.ours.lambda_align,373,396,0,94.1919191919192,3257.291562787969,52824.771866083145
1774880143.8678448,job_done,ours:coord:method.ours.lambda_align,374,396,0,94.44444444444444,3107.390630090938,52825.640711545944
1774880144.1776896,job_done,ours:coord:method.ours.lambda_align,375,396,0,94.6969696969697,2958.253242460251,52825.950758218765
1774880144.2887506,job_done,ours:coord:method.ours.lambda_align,376,396,0,94.94949494949495,2809.896902327842,52826.06176376343
1774880586.8510182,job_done,ours:coord:method.ours.lambda_align,377,396,0,95.20202020202021,2684.6256084100637,53268.62391424179
1774880586.9074733,job_done,ours:coord:method.ours.lambda_align,378,396,0,95.45454545454545,2536.60383219946,53268.68047618866
1774880587.5665011,job_done,ours:coord:method.ours.lambda_align,379,396,0,95.70707070707071,2389.389899131176,53269.339515924454
1774880587.737947,job_done,ours:coord:method.ours.lambda_align,380,396,0,95.95959595959596,2242.9267822566785,53269.511078596115
1774881037.9428437,job_done,ours:coord:method.ours.lambda_align,381,396,0,96.21212121212122,2114.949441988637,53719.71582651138
1774881042.1520092,job_done,ours:coord:method.ours.lambda_align,382,396,0,96.46464646464646,1968.939155737143,53723.911249399185
1774881042.4958217,job_done,ours:coord:method.ours.lambda_align,383,396,0,96.71717171717172,1823.5391532285407,53724.26889896393
1774881042.6115873,job_done,ours:coord:method.ours.lambda_align,384,396,0,96.96969696969697,1678.8870223388076,53724.38471484184
1774881488.1121445,job_done,ours:coord:method.ours.lambda_align,385,396,0,97.22222222222223,1547.7110045160566,54169.88515806198
1774881492.8045266,job_done,ours:coord:method.ours.lambda_align,386,396,0,97.47474747474747,1403.4864654751022,54174.57756733894
1774881493.90113,job_done,ours:coord:method.ours.lambda_align,387,396,0,97.72727272727273,1259.8993976393413,54175.67409849167
1774881493.963604,job_done,ours:coord:method.ours.lambda_align,388,396,0,97.97979797979798,1117.02549042161,54175.736285448074
1774881934.0387108,job_done,ours:coord:method.ours.lambda_align,389,396,0,98.23232323232324,982.8038021813321,54615.811292648315
1774881940.3656945,job_done,ours:coord:method.ours.lambda_align,390,396,0,98.48484848484848,840.3405957295345,54622.13872241974
1774881940.42289,job_done,ours:coord:method.ours.lambda_align,391,396,0,98.73737373737374,698.4935536622392,54622.1958963871
1774881940.9086425,job_done,ours:coord:method.ours.lambda_align,392,396,0,98.98989898989899,557.3742997524689,54622.68137574196
1774882368.5746703,job_done,ours:coord:method.ours.lambda_align,393,396,0,99.24242424242425,420.2316615363114,55050.34766125679
1774882378.5030189,job_done,ours:coord:method.ours.lambda_align,394,396,0,99.4949494949495,279.49378721726123,55060.27608180046
1774882379.5388582,job_done,ours:coord:method.ours.lambda_align,395,396,0,99.74747474747475,139.3957264097431,55061.311931848526
1774882379.5956717,job_done,ours:coord:method.ours.lambda_align,396,396,0,100.0,,55061.36882829666
1774882379.6137602,group_end,ours:coord:method.ours.lambda_align,396,396,0,100.0,,55061.38662600517
1774882379.614134,phase_end,,396,396,0,100.0,,55061.38719367981
1774882379.6145835,lock_released,,396,396,0,100.0,,55061.387615680695
1774882379.6181245,lock_wait,,396,396,0,100.0,,55061.39116239548
1774882379.618579,lock_acquired,,396,396,0,100.0,,55061.39162516594
1774882379.618943,plan_add,,396,450,0,88.0,7508.371637431058,55061.39200782776
1774882379.6193185,phase_start,ours:local_var_topk,396,450,0,88.0,7508.371687531471,55061.39237523079
1774882504.1771948,group_slots,ours:local_var_topk,396,450,0,88.0,7525.356830965389,55185.950093746185
1774882504.1775959,group_start,ours:local_var_topk,396,450,0,88.0,7525.356904961846,55185.95063638687
1774882964.5566797,job_done,ours:local_var_topk,397,450,0,88.22222222222223,7428.855072101357,55646.32950234413
1774882964.6802495,job_done,ours:local_var_topk,398,450,0,88.44444444444444,7270.3908820463785,55646.45328950882
1774882964.7369409,job_done,ours:local_var_topk,399,450,0,88.66666666666667,7112.711784122582,55646.509840488434
1774882966.2029154,job_done,ours:local_var_topk,400,450,0,88.88888888888889,6955.9969804883,55647.9758439064
1774883418.9478788,job_done,ours:local_var_topk,401,450,0,89.11111111111111,6855.20020142755,56100.72001576424
1774883420.4117181,job_done,ours:local_var_topk,402,450,0,89.33333333333333,6698.768263176306,56102.18420410156
1774883420.4911976,job_done,ours:local_var_topk,403,450,0,89.55555555555556,6542.943876458753,56102.263451337814
1774883420.8896773,job_done,ours:local_var_topk,404,450,0,89.77777777777777,6387.926940267629,56102.66269278526
1774883865.6488512,job_done,ours:local_var_topk,405,450,0,90.0,6283.046872695287,56547.42185425758
1774883866.307954,job_done,ours:local_var_topk,406,450,0,90.22222222222223,6128.363459688102,56548.08101439476
1774883866.368916,job_done,ours:local_var_topk,407,450,0,90.44444444444444,5974.373671838634,56548.141498565674
1774883866.6936767,job_done,ours:local_var_topk,408,450,0,90.66666666666667,5821.165675503366,56548.4665620327
1774884315.8808126,job_done,ours:local_var_topk,409,450,0,90.88888888888889,5713.701229625342,56997.6537296772
1774884319.3288176,job_done,ours:local_var_topk,410,450,0,91.11111111111111,5561.083104947718,57001.10182571411
1774884319.4375234,job_done,ours:local_var_topk,411,450,0,91.33333333333333,5408.874003372053,57001.21065092087
1774884319.438493,job_done,ours:local_var_topk,412,450,0,91.55555555555556,5257.393283281512,57001.21138715744
1774884764.308898,job_done,ours:local_var_topk,413,450,0,91.77777777777777,5146.501243746021,57446.08145046234
1774884766.504107,job_done,ours:local_var_topk,414,450,0,92.0,4995.502345727838,57448.27697587013
1774884767.2984037,job_done,ours:local_var_topk,415,450,0,92.22222222222223,4845.102399903608,57449.07131314278
1774884767.7133036,job_done,ours:local_var_topk,416,450,0,92.44444444444444,4695.390707269311,57449.48630070686
1774885216.9759383,job_done,ours:local_var_topk,417,450,0,92.66666666666667,4581.915383193133,57898.74893307686
1774885219.1742182,job_done,ours:local_var_topk,418,450,0,92.88888888888889,4432.608399021568,57900.94721221924
1774885221.2505372,job_done,ours:local_var_topk,419,450,0,93.11111111111111,4283.994585441804,57903.02359032631
1774885221.3056188,job_done,ours:local_var_topk,420,450,0,93.33333333333333,4135.934183035578,57903.07856249809
1774885660.6423101,job_done,ours:local_var_topk,421,450,0,93.55555555555556,4018.8362030343037,58342.41522336006
1774885664.0094857,job_done,ours:local_var_topk,422,450,0,93.77777777777777,3871.2841412896796,58345.782415151596
1774885665.0050788,job_done,ours:local_var_topk,423,450,0,94.0,3724.262434563738,58346.778141498566
1774885665.1026242,job_done,ours:local_var_topk,424,450,0,94.22222222222223,3577.8744490911376,58346.8756313324
1774886107.5062606,job_done,ours:local_var_topk,425,450,0,94.44444444444444,3458.192901022294,58789.279317379
1774886114.1251166,job_done,ours:local_var_topk,426,450,0,94.66666666666667,3312.44496662516,58795.89815759659
1774886114.1813145,job_done,ours:local_var_topk,427,450,0,94.88888888888889,3166.995194364208,58795.95426058769
1774886114.4868798,job_done,ours:local_var_topk,428,450,0,95.11111111111111,3022.23765502132,58796.25983405113
1774886549.4338968,job_done,ours:local_var_topk,429,450,0,95.33333333333333,2899.429706495125,59231.20686125755
1774886559.3227587,job_done,ours:local_var_topk,430,450,0,95.55555555555556,2755.3997971734334,59241.09563922882
1774886559.8689003,job_done,ours:local_var_topk,431,450,0,95.77777777777777,2611.580505062975,59241.641983270645
1774886560.3686888,job_done,ours:local_var_topk,432,450,0,96.0,2468.422572374344,59242.14173698425
1774886987.3670168,job_done,ours:local_var_topk,433,450,0,96.22222222222223,2342.668317274464,59669.14008116722
1774887002.358656,job_done,ours:local_var_topk,434,450,0,96.44444444444444,2200.336649151991,59684.13160824776
1774887003.0810475,job_done,ours:local_var_topk,435,450,0,96.66666666666667,2058.0984074247294,59684.853815317154
1774887003.6176143,job_done,ours:local_var_topk,436,450,0,96.88888888888889,1916.5033730640323,59685.39076113701
1774887411.016984,job_done,ours:local_var_topk,437,450,0,97.11111111111111,1787.6573680014578,60092.78998589516
1774887434.0654957,job_done,ours:local_var_topk,438,450,0,97.33333333333333,1647.0092749987564,60115.838537454605
1774887436.134999,job_done,ours:local_var_topk,439,450,0,97.55555555555556,1506.3712711719825,60117.90800404549
1774887436.197297,job_done,ours:local_var_topk,440,450,0,97.77777777777777,1366.3175076463006,60117.970336437225
1774887834.8587935,job_done,ours:local_var_topk,441,450,0,98.0,1235.0332942252255,60516.63141703606
1774887867.4591544,job_done,ours:local_var_topk,442,450,0,98.22222222222223,1095.9137005180255,60549.23195362091
1774887870.6366181,job_done,ours:local_var_topk,443,450,0,98.44444444444444,956.8100786688096,60552.409264326096
1774887871.3606496,job_done,ours:local_var_topk,444,450,0,98.66666666666667,818.2855905391074,60553.13369989395
1774888251.9478693,job_done,ours:local_var_topk,445,450,0,98.88888888888889,684.6485498460491,60933.72093629837
1774888295.6364036,job_done,ours:local_var_topk,446,450,0,99.11111111111111,546.8825953915515,60977.40938615799
1774888301.861212,job_done,ours:local_var_topk,447,450,0,99.33333333333333,409.2861347694525,60983.63408064842
1774888304.082079,job_done,ours:local_var_topk,448,450,0,99.55555555555556,272.25828185038904,60985.85513448715
1774888524.04258,job_done,ours:local_var_topk,449,450,0,99.77777777777777,136.31584769739604,61205.81561613083
1774888561.392666,job_done,ours:local_var_topk,450,450,0,100.0,,61243.16574001312
1774888561.4114094,group_end,ours:local_var_topk,450,450,0,100.0,,61243.1843123436
1774888561.4117758,phase_end,,450,450,0,100.0,,61243.1848423481
1774888561.4121943,lock_released,,450,450,0,100.0,,61243.18526029587
1774888561.4297125,method_done,,450,450,0,100.0,,61243.20244050026
1774888562.0040314,method_start,,450,450,0,100.0,,61243.777024030685
1774888562.0046527,lock_wait,,450,450,0,100.0,,61243.77754807472
1774888562.0049217,lock_acquired,,450,450,0,100.0,,61243.77809071541
1774888562.0051332,plan_add,,450,455,0,98.9010989010989,680.4864256117079,61243.77830505371
1774888562.00534,phase_start,final:baseline,450,455,0,98.9010989010989,680.4864279535082,61243.778515815735
1774888685.5017076,group_slots,final:baseline,450,455,0,98.9010989010989,681.8586060709424,61367.27454638481
1774888685.5019581,group_start,final:baseline,450,455,0,98.9010989010989,681.8586123863856,61367.275114774704
1774890894.339789,job_done,final:baseline,451,455,0,99.12087912087912,563.8679607311003,63576.112572431564
1774890894.7058554,job_done,final:baseline,452,455,0,99.34065934065934,421.9677800119451,63576.47885513306
1774890895.6061718,job_done,final:baseline,453,455,0,99.56043956043956,280.6948307776293,63577.37917113304
1774890895.6621473,job_done,final:baseline,454,455,0,99.78021978021978,140.03840340811774,63577.43514728546
1774892036.9370003,job_done,final:baseline,455,455,0,100.0,,64718.71002149582
1774892036.954392,group_end,final:baseline,455,455,0,100.0,,64718.72738480568
1774892036.954754,phase_end,,455,455,0,100.0,,64718.727819919586
1774892036.9557428,lock_released,,455,455,0,100.0,,64718.728231191635
1774892036.9561517,method_done,,455,455,0,100.0,,64718.72920465469
1774892036.9565144,method_start,,455,455,0,100.0,,64718.72956824303
1774892036.9571307,lock_wait,,455,455,0,100.0,,64718.73017883301
1774892036.9575818,lock_acquired,,455,455,0,100.0,,64718.730630874634
1774892036.9579468,plan_add,,455,460,0,98.91304347826087,711.1948462999784,64718.731013298035
1774892036.9583054,phase_start,final:cagrad,455,460,0,98.91304347826087,711.1948503216545,64718.73137927055
1774892599.3907983,group_slots,final:cagrad,455,460,0,98.91304347826087,717.3754253806649,65281.1637096405
1774892599.3911865,group_start,final:cagrad,455,460,0,98.91304347826087,717.3754312965896,65281.164247989655
1774899764.010856,job_done,final:cagrad,456,460,0,99.1304347826087,635.4893298692871,72445.78360509872
1774899832.7381287,job_done,final:cagrad,457,460,0,99.34782608695652,476.02523695092236,72514.51109552383
1774899846.334065,job_done,final:cagrad,458,460,0,99.56521739130434,316.7166232979454,72528.10673522949
1774899850.88343,job_done,final:cagrad,459,460,0,99.78260869565217,158.0231872877524,72532.64296507835
1774904526.495478,job_done,final:cagrad,460,460,0,100.0,,77208.26844787598
1774904526.51091,group_end,final:cagrad,460,460,0,100.0,,77208.28385615349
1774904526.5112724,phase_end,,460,460,0,100.0,,77208.28433871269
1774904526.511727,lock_released,,460,460,0,100.0,,77208.28478312492
1774904526.5120988,method_done,,460,460,0,100.0,,77208.28517532349
1774904526.5124485,method_start,,460,460,0,100.0,,77208.28551650047
1774904526.5130706,lock_wait,,460,460,0,100.0,,77208.28612875938
1774904526.5135088,lock_acquired,,460,460,0,100.0,,77208.28657078743
1774904526.5138612,plan_add,,460,465,0,98.9247311827957,839.2205101925395,77208.28693771362
1774904526.514215,phase_start,final:ours,460,465,0,98.9247311827957,839.2205140487008,77208.28729248047
1774904656.17771,group_slots,final:ours,460,465,0,98.9247311827957,840.629897635916,77337.95058250427
1774904656.1781008,group_start,final:ours,460,465,0,98.9247311827957,840.6299039902894,77337.95116710663
1774906827.596871,job_done,final:ours,461,465,0,99.13978494623656,689.8860610850204,79509.3685400486
1774906829.8509097,job_done,final:ours,462,465,0,99.35483870967742,516.3092460833587,79511.62389683723
1774906830.260995,job_done,final:ours,463,465,0,99.56989247311827,343.4645084922824,79512.03371596336
1774906830.407003,job_done,final:ours,464,465,0,99.78494623655914,171.36245702618154,79512.18006014824
1774907933.9308057,job_done,final:ours,465,465,0,100.0,,80615.70380163193
1774907933.9476666,group_end,final:ours,465,465,0,100.0,,80615.72059106827
1774907933.9480267,phase_end,,465,465,0,100.0,,80615.72110414505
1774907933.9489772,lock_released,,465,465,0,100.0,,80615.72150802612
1774907933.9493842,method_done,,465,465,0,100.0,,80615.72242712975
1774907938.1415038,pipeline_done,,465,465,0,100.0,,80619.91451716423
1774907938.1420724,lock_released,,465,465,0,100.0,,80619.91494321823
