step,train_step_loss,train_acc,train_loss,val_acc,val_loss,avg_intra_expert_coherence,expert_diversity_e0,expert_diversity_e1,expert_diversity_e2,expert_diversity_e3,expert_diversity_mean,expert_purity_e0,expert_purity_e1,expert_purity_e2,expert_purity_e3,expert_purity_mean,inter_expert_similarity,inter_expert_similarity_e0_e0,inter_expert_similarity_e0_e1,inter_expert_similarity_e0_e2,inter_expert_similarity_e0_e3,inter_expert_similarity_e1_e0,inter_expert_similarity_e1_e1,inter_expert_similarity_e1_e2,inter_expert_similarity_e1_e3,inter_expert_similarity_e2_e0,inter_expert_similarity_e2_e1,inter_expert_similarity_e2_e2,inter_expert_similarity_e2_e3,inter_expert_similarity_e3_e0,inter_expert_similarity_e3_e1,inter_expert_similarity_e3_e2,inter_expert_similarity_e3_e3,intra_expert_coherence_e0,intra_expert_coherence_e1,intra_expert_coherence_e2,intra_expert_coherence_e3,load_cv,load_max_min_ratio,overall_task_conflict_cos,router_entropy,router_load_e0,router_load_e1,router_load_e2,router_load_e3,task_acc__glue_rte,task_conflict_t0_t0,task_grad_norm_cv,task_loss__glue_rte,utilization_ratio
50.0,0.6850012838840485,0.4983935742971888,0.693602800483887,0.4729241877256318,0.7022676401668124,1.0,0.0,0.0,0.0,0.0,0.0,1.0,1.0,1.0,1.0,1.0,0.004248991143202588,1.0,0.025493946859215532,0.0,0.0,0.025493946859215532,1.0,0.0,0.0,0.0,0.0,1.0,0.0,0.0,0.0,0.0,1.0,1.0,1.0,1.0,1.0,1.1530865613325312,702980399131.7749,1.0,0.6081323572014213,0.7029803991317749,0.29701951146125793,0.0,0.0,0.4729241877256318,1.0,0.0,0.7022676401668124,0.5
100.0,0.9896122813224792,0.6389558232931727,0.6481380461500241,0.6137184115523465,0.6696955528524187,1.0,0.0,0.0,0.0,0.0,0.0,1.0,1.0,1.0,1.0,1.0,0.003866480197321,1.0,0.023198881183926,0.0,0.0,0.023198881183926,1.0,0.0,0.0,0.0,0.0,1.0,0.0,0.0,0.0,0.0,1.0,1.0,1.0,1.0,1.0,1.1071845165271144,671758115291.5955,1.0,0.6253584541568687,0.6717581152915955,0.32433050870895386,0.003911496140062809,0.0,0.6137184115523465,1.0,0.0,0.6696955528524187,0.5
150.0,0.7218506038188934,0.5,0.6928665547034679,0.47653429602888087,0.6970628052949905,1.0,0.0,0.0,0.0,0.0,0.0,1.0,1.0,1.0,1.0,1.0,0.005841202475786504,1.0,0.035047214854719025,0.0,0.0,0.035047214854719025,1.0,0.0,0.0,0.0,0.0,1.0,0.0,0.0,0.0,0.0,1.0,1.0,1.0,1.0,1.0,1.0120518207550049,555055379867.5537,1.0,0.687021678965875,0.5550553798675537,0.4449446499347687,0.0,0.0,0.47653429602888087,1.0,0.0,0.6970628052949905,0.5
