step,train_step_loss,train_acc,train_loss,val_acc,val_loss,avg_intra_expert_coherence,expert_diversity_e0,expert_diversity_e1,expert_diversity_e2,expert_diversity_e3,expert_diversity_mean,expert_purity_e0,expert_purity_e1,expert_purity_e2,expert_purity_e3,expert_purity_mean,inter_expert_similarity,inter_expert_similarity_e0_e0,inter_expert_similarity_e0_e1,inter_expert_similarity_e0_e2,inter_expert_similarity_e0_e3,inter_expert_similarity_e1_e0,inter_expert_similarity_e1_e1,inter_expert_similarity_e1_e2,inter_expert_similarity_e1_e3,inter_expert_similarity_e2_e0,inter_expert_similarity_e2_e1,inter_expert_similarity_e2_e2,inter_expert_similarity_e2_e3,inter_expert_similarity_e3_e0,inter_expert_similarity_e3_e1,inter_expert_similarity_e3_e2,inter_expert_similarity_e3_e3,intra_expert_coherence_e0,intra_expert_coherence_e1,intra_expert_coherence_e2,intra_expert_coherence_e3,load_cv,load_max_min_ratio,overall_task_conflict_cos,router_entropy,router_load_e0,router_load_e1,router_load_e2,router_load_e3,task_acc__glue_rte,task_conflict_t0_t0,task_grad_norm_cv,task_loss__glue_rte,utilization_ratio
50.0,0.6285890936851501,0.5016064257028112,0.7013291983650282,0.5270758122743683,0.6916547351413302,1.0,0.0,0.0,0.0,0.0,0.0,1.0,1.0,1.0,1.0,1.0,0.0053953103480107005,1.0,0.0,0.0,0.0,0.0,1.0,0.0,0.0323718620880642,0.0,0.0,1.0,0.0,0.0,0.0323718620880642,0.0,1.0,1.0,1.0,1.0,1.0,1.0386087367431052,599189102649.6887,1.0,0.6725623960529423,0.0,0.5991891026496887,0.0,0.40081071853637695,0.5270758122743683,1.0,0.0,0.6916547351413302,0.5
100.0,0.6856736838817596,0.5012048192771085,0.6924275024579121,0.5270758122743683,0.6917872230211893,1.0,0.0,0.0,0.0,0.0,0.0,1.0,1.0,1.0,1.0,1.0,0.007600293331955926,1.0,0.0,0.0,0.0,0.0,1.0,0.0,0.04560175999173555,0.0,0.0,1.0,0.0,0.0,0.04560175999173555,0.0,1.0,1.0,1.0,1.0,1.0,1.0046578645706177,534163892269.1345,1.0,0.6906479721895624,0.0,0.4658360779285431,0.0,0.5341638922691345,0.5270758122743683,1.0,0.0,0.6917872230211893,0.5
150.0,0.7056884765625,0.5016064257028112,0.6939843969085278,0.5270758122743683,0.6908071885506312,1.0,0.0,0.0,0.0,0.0,0.0,1.0,1.0,1.0,1.0,1.0,0.007420361597294113,1.0,0.0,0.0,0.0,0.0,1.0,0.0,0.044522169583764676,0.0,0.0,1.0,0.0,0.0,0.044522169583764676,0.0,1.0,1.0,1.0,1.0,1.0,1.0025995969772339,525509297847.7478,1.0,0.6918451656933726,0.0,0.4744907319545746,0.0,0.5255092978477478,0.5270758122743683,1.0,0.0,0.6908071885506312,0.5
