step,train_step_loss,train_acc,train_loss,val_acc,val_loss,avg_intra_expert_coherence,expert_diversity_e0,expert_diversity_e1,expert_diversity_e2,expert_diversity_e3,expert_diversity_mean,expert_purity_e0,expert_purity_e1,expert_purity_e2,expert_purity_e3,expert_purity_mean,inter_expert_similarity,inter_expert_similarity_e0_e0,inter_expert_similarity_e0_e1,inter_expert_similarity_e0_e2,inter_expert_similarity_e0_e3,inter_expert_similarity_e1_e0,inter_expert_similarity_e1_e1,inter_expert_similarity_e1_e2,inter_expert_similarity_e1_e3,inter_expert_similarity_e2_e0,inter_expert_similarity_e2_e1,inter_expert_similarity_e2_e2,inter_expert_similarity_e2_e3,inter_expert_similarity_e3_e0,inter_expert_similarity_e3_e1,inter_expert_similarity_e3_e2,inter_expert_similarity_e3_e3,intra_expert_coherence_e0,intra_expert_coherence_e1,intra_expert_coherence_e2,intra_expert_coherence_e3,load_cv,load_max_min_ratio,overall_task_conflict_cos,router_entropy,router_load_e0,router_load_e1,router_load_e2,router_load_e3,task_acc__glue_rte,task_conflict_t0_t0,task_grad_norm_cv,task_loss__glue_rte,utilization_ratio
50.0,0.6847746968269348,0.4983935742971888,0.708299792653475,0.4729241877256318,0.7205994228521982,1.0,0.0,0.0,0.0,0.0,0.0,1.0,1.0,1.0,1.0,1.0,0.05759017822696947,1.0,0.0,0.0,0.0,0.0,1.0,0.34554106936181683,0.0,0.0,0.34554106936181683,1.0,0.0,0.0,0.0,0.0,1.0,1.0,1.0,1.0,1.0,1.0052576065063477,536302208900.45166,1.0,0.6905092142979591,0.0,0.46369779109954834,0.5363022089004517,0.0,0.4729241877256318,1.0,0.0,0.7205994228521982,0.5
100.0,0.7087108194828033,0.5016064257028112,0.693166468387995,0.5270758122743683,0.692388504743576,1.0,0.0,0.0,0.0,0.0,0.0,1.0,1.0,1.0,1.0,1.0,0.06128153268694081,1.0,0.0,0.0,0.0,0.0,1.0,0.36768919612164486,0.0,0.0,0.36768919612164486,1.0,0.0,0.0,0.0,0.0,1.0,1.0,1.0,1.0,1.0,1.0010148286819458,515932023525.23804,1.0,0.6926394111412957,0.0,0.4840679466724396,0.515932023525238,0.0,0.5270758122743683,1.0,0.0,0.692388504743576,0.5
150.0,0.758580356836319,0.4983935742971888,0.7016091201932002,0.4729241877256318,0.7106390413310792,1.0,0.0,0.0,0.0,0.0,0.0,1.0,1.0,1.0,1.0,1.0,-0.015696142251088004,1.0,0.0,0.0,0.0,0.0,1.0,-0.09417685350652802,0.0,0.0,-0.09417685350652802,1.0,0.0,0.0,0.0,0.0,1.0,1.0,1.0,1.0,1.0,1.0127150997263075,556559681892.395,1.0,0.6867355594566152,0.0,0.44344043731689453,0.556559681892395,0.0,0.4729241877256318,1.0,0.0,0.7106390413310792,0.5
