step,train_step_loss,train_acc,train_loss,val_acc,val_loss,avg_intra_expert_coherence,expert_diversity_e0,expert_diversity_e1,expert_diversity_e2,expert_diversity_e3,expert_diversity_mean,expert_purity_e0,expert_purity_e1,expert_purity_e2,expert_purity_e3,expert_purity_mean,inter_expert_similarity,inter_expert_similarity_e0_e0,inter_expert_similarity_e0_e1,inter_expert_similarity_e0_e2,inter_expert_similarity_e0_e3,inter_expert_similarity_e1_e0,inter_expert_similarity_e1_e1,inter_expert_similarity_e1_e2,inter_expert_similarity_e1_e3,inter_expert_similarity_e2_e0,inter_expert_similarity_e2_e1,inter_expert_similarity_e2_e2,inter_expert_similarity_e2_e3,inter_expert_similarity_e3_e0,inter_expert_similarity_e3_e1,inter_expert_similarity_e3_e2,inter_expert_similarity_e3_e3,intra_expert_coherence_e0,intra_expert_coherence_e1,intra_expert_coherence_e2,intra_expert_coherence_e3,load_cv,load_max_min_ratio,overall_task_conflict_cos,router_entropy,router_load_e0,router_load_e1,router_load_e2,router_load_e3,task_acc__glue_rte,task_conflict_t0_t0,task_grad_norm_cv,task_loss__glue_rte,utilization_ratio
50.0,0.6354506015777588,0.5016064257028112,0.6959458153981429,0.5270758122743683,0.6903420620494418,1.0,0.0,0.0,0.0,0.0,0.0,1.0,1.0,1.0,1.0,1.0,-0.030133337613352993,1.0,0.0,-0.18080002568011797,0.0,0.0,1.0,0.0,0.0,-0.18080002568011797,0.0,1.0,0.0,0.0,0.0,0.0,1.0,1.0,1.0,1.0,1.0,1.0120360851287842,555019319057.4646,1.0,0.6870806785266752,0.5550193190574646,0.0,0.4449807107448578,0.0,0.5270758122743683,1.0,0.0,0.6903420620494418,0.5
100.0,0.7044408023357391,0.4983935742971888,0.7297713433320706,0.4729241877256318,0.7489227486981286,1.0,0.0,0.0,0.0,0.0,0.0,1.0,1.0,1.0,1.0,1.0,-0.03469650094776515,1.0,0.0,-0.2081790056865909,0.0,0.0,1.0,0.0,0.0,-0.2081790056865909,0.0,1.0,0.0,0.0,0.0,0.0,1.0,1.0,1.0,1.0,1.0,1.0000088214874268,501484811305.99976,1.0,0.6931428306799934,0.5014848113059998,0.0,0.49851515889167786,0.0,0.4729241877256318,1.0,0.0,0.7489227486981286,0.5
150.0,0.6983709037303925,0.5016064257028112,0.6932323056153762,0.5270758122743683,0.6920376519362131,1.0,0.0,0.0,0.0,0.0,0.0,1.0,1.0,1.0,1.0,1.0,-0.016118240975420767,1.0,0.0,-0.09670944585252461,0.0,0.0,1.0,0.0,0.0,-0.09670944585252461,0.0,1.0,0.0,0.0,0.0,0.0,1.0,1.0,1.0,1.0,1.0,1.0000526905059814,503630459308.62427,1.0,0.6931208755135105,0.49636951088905334,0.0,0.5036304593086243,0.0,0.5270758122743683,1.0,0.0,0.6920376519362131,0.5
