step,train_step_loss,train_acc,train_loss,val_acc,val_loss,avg_intra_expert_coherence,expert_diversity_e0,expert_diversity_e1,expert_diversity_e2,expert_diversity_e3,expert_diversity_mean,expert_purity_e0,expert_purity_e1,expert_purity_e2,expert_purity_e3,expert_purity_mean,inter_expert_similarity,inter_expert_similarity_e0_e0,inter_expert_similarity_e0_e1,inter_expert_similarity_e0_e2,inter_expert_similarity_e0_e3,inter_expert_similarity_e1_e0,inter_expert_similarity_e1_e1,inter_expert_similarity_e1_e2,inter_expert_similarity_e1_e3,inter_expert_similarity_e2_e0,inter_expert_similarity_e2_e1,inter_expert_similarity_e2_e2,inter_expert_similarity_e2_e3,inter_expert_similarity_e3_e0,inter_expert_similarity_e3_e1,inter_expert_similarity_e3_e2,inter_expert_similarity_e3_e3,intra_expert_coherence_e0,intra_expert_coherence_e1,intra_expert_coherence_e2,intra_expert_coherence_e3,load_cv,load_max_min_ratio,overall_task_conflict_cos,router_entropy,router_load_e0,router_load_e1,router_load_e2,router_load_e3,task_acc__glue_rte,task_conflict_t0_t0,task_grad_norm_cv,task_loss__glue_rte,utilization_ratio
50.0,0.6390267908573151,0.5016064257028112,0.6972844706131861,0.5270758122743683,0.6899496830172009,1.0,0.0,0.0,0.0,0.0,0.0,1.0,1.0,1.0,1.0,1.0,0.007830004996382919,1.0,0.0,0.0,0.0,0.0,1.0,0.0,0.04698002997829751,0.0,0.0,1.0,0.0,0.0,0.04698002997829751,0.0,1.0,1.0,1.0,1.0,1.0,1.0006530284881592,512779533863.0676,1.0,0.6927571158977192,0.0,0.4872204661369324,0.0,0.5127795338630676,0.5270758122743683,1.0,0.0,0.6899496830172009,0.5
100.0,0.6973986923694611,0.4983935742971888,0.6919304370115965,0.4729241877256318,0.6957022332482867,1.0,0.0,0.0,0.0,0.0,0.0,1.0,1.0,1.0,1.0,1.0,0.008172299731649726,1.0,0.0,0.0,0.0,0.0,1.0,0.0,0.04903379838989836,0.0,0.0,1.0,0.0,0.0,0.04903379838989836,0.0,1.0,1.0,1.0,1.0,1.0,1.001306772387835,518080651760.1013,1.0,0.6923971606505906,0.0,0.4819192588329315,0.0,0.5180806517601013,0.4729241877256318,1.0,0.0,0.6957022332482867,0.5
150.0,0.6899698078632355,0.4983935742971888,0.6931712416502146,0.4729241877256318,0.6935386574930615,1.0,0.0,0.0,0.0,0.0,0.0,1.0,1.0,1.0,1.0,1.0,0.010872425595635777,1.0,0.0,0.0,0.0,0.0,1.0,0.0,0.06523455357381466,0.0,0.0,1.0,0.0,0.0,0.06523455357381466,0.0,1.0,1.0,1.0,1.0,1.0,1.0006682277124064,512927114963.5315,1.0,0.6928129075666627,0.0,0.48707282543182373,0.0,0.5129271149635315,0.4729241877256318,1.0,0.0,0.6935386574930615,0.5
