step,train_step_loss,train_acc,train_loss,val_acc,val_loss,avg_intra_expert_coherence,expert_diversity_e0,expert_diversity_e1,expert_diversity_e2,expert_diversity_e3,expert_diversity_mean,expert_purity_e0,expert_purity_e1,expert_purity_e2,expert_purity_e3,expert_purity_mean,inter_expert_similarity,inter_expert_similarity_e0_e0,inter_expert_similarity_e0_e1,inter_expert_similarity_e0_e2,inter_expert_similarity_e0_e3,inter_expert_similarity_e1_e0,inter_expert_similarity_e1_e1,inter_expert_similarity_e1_e2,inter_expert_similarity_e1_e3,inter_expert_similarity_e2_e0,inter_expert_similarity_e2_e1,inter_expert_similarity_e2_e2,inter_expert_similarity_e2_e3,inter_expert_similarity_e3_e0,inter_expert_similarity_e3_e1,inter_expert_similarity_e3_e2,inter_expert_similarity_e3_e3,intra_expert_coherence_e0,intra_expert_coherence_e1,intra_expert_coherence_e2,intra_expert_coherence_e3,load_cv,load_max_min_ratio,overall_task_conflict_cos,router_entropy,router_load_e0,router_load_e1,router_load_e2,router_load_e3,task_acc__glue_mrpc,task_conflict_t0_t0,task_grad_norm_cv,task_loss__glue_mrpc,utilization_ratio
50.0,0.8512323498725891,0.6744820065430752,0.7691232482376306,0.6838235294117647,0.7535212266330535,1.0,0.0,0.0,0.0,0.0,0.0,1.0,1.0,1.0,1.0,1.0,-0.0020006464158918652,1.0,0.0,-0.012003878495351191,0.0,0.0,1.0,0.0,0.0,-0.012003878495351191,0.0,1.0,0.0,0.0,0.0,0.0,1.0,1.0,1.0,1.0,1.0,1.7294759848232342,998885154724.1211,1.0,0.00869729483098376,0.9988851547241211,0.0,0.0011153245577588677,0.0,0.6838235294117647,1.0,0.0,0.7535212266330535,0.25
100.0,0.6537049412727356,0.6744820065430752,0.6450874108335246,0.6838235294117647,0.6424317474548633,1.0,0.0,0.0,0.0,0.0,0.0,1.0,1.0,1.0,1.0,1.0,0.0004925748921488509,1.0,0.0,0.002955449352893105,0.0,0.0,1.0,0.0,0.0,0.002955449352893105,0.0,1.0,0.0,0.0,0.0,0.0,1.0,1.0,1.0,1.0,1.0,1.7318477950277573,999912202358.2458,1.0,0.0009091422167223166,0.9999122023582458,0.0,8.79292783793062e-05,0.0,0.6838235294117647,1.0,0.0,0.6424317474548633,0.25
150.0,0.6829919517040253,0.6744820065430752,0.6338496571001799,0.6838235294117647,0.6256538858780494,1.0,0.0,0.0,0.0,0.0,0.0,1.0,1.0,1.0,1.0,1.0,-0.00027313249976888745,1.0,0.0,-0.0016387949986133247,0.0,0.0,1.0,0.0,0.0,-0.0016387949986133247,0.0,1.0,0.0,0.0,0.0,0.0,1.0,1.0,1.0,1.0,1.0,1.7320484242381544,999999105930.3284,1.0,1.539855346730773e-05,0.9999991059303284,0.0,1.0398651966170291e-06,0.0,0.6838235294117647,1.0,0.0,0.6256538858780494,0.25
