step,train_step_loss,train_acc,train_loss,val_acc,val_loss,avg_intra_expert_coherence,expert_diversity_e0,expert_diversity_e1,expert_diversity_e2,expert_diversity_e3,expert_diversity_mean,expert_purity_e0,expert_purity_e1,expert_purity_e2,expert_purity_e3,expert_purity_mean,inter_expert_similarity,inter_expert_similarity_e0_e0,inter_expert_similarity_e0_e1,inter_expert_similarity_e0_e2,inter_expert_similarity_e0_e3,inter_expert_similarity_e1_e0,inter_expert_similarity_e1_e1,inter_expert_similarity_e1_e2,inter_expert_similarity_e1_e3,inter_expert_similarity_e2_e0,inter_expert_similarity_e2_e1,inter_expert_similarity_e2_e2,inter_expert_similarity_e2_e3,inter_expert_similarity_e3_e0,inter_expert_similarity_e3_e1,inter_expert_similarity_e3_e2,inter_expert_similarity_e3_e3,intra_expert_coherence_e0,intra_expert_coherence_e1,intra_expert_coherence_e2,intra_expert_coherence_e3,load_cv,load_max_min_ratio,overall_task_conflict_cos,router_entropy,router_load_e0,router_load_e1,router_load_e2,router_load_e3,task_acc__glue_mrpc,task_conflict_t0_t0,task_grad_norm_cv,task_loss__glue_mrpc,utilization_ratio
50.0,1.2484262585639954,0.3255179934569248,1.3314685858462167,0.3161764705882353,1.3438301797096546,1.0,0.0,0.0,0.0,0.0,0.0,1.0,1.0,1.0,1.0,1.0,0.013150628867355471,1.0,0.0,0.0,0.0,0.0,1.0,0.07890377320413283,0.0,0.0,0.07890377320413283,1.0,0.0,0.0,0.0,0.0,1.0,1.0,1.0,1.0,1.0,1.7320497994244817,999999940395.3552,1.0,6.3424818108615e-06,0.0,4.0670963130651216e-07,0.9999999403953552,0.0,0.3161764705882353,1.0,0.0,1.3438301797096546,0.25
100.0,0.6845696866512299,0.6744820065430752,0.6776969281227693,0.6838235294117647,0.6767768607689784,1.0,0.0,0.0,0.0,0.0,0.0,1.0,1.0,1.0,1.0,1.0,0.002800069319113659,1.0,0.0,0.0,0.0,0.0,1.0,0.016800415914681954,0.0,0.0,0.016800415914681954,1.0,0.0,0.0,0.0,0.0,1.0,1.0,1.0,1.0,1.0,1.7320482177619414,999999105930.3284,1.0,1.6923560442770467e-05,0.0,1.1503396990519832e-06,0.9999991059303284,0.0,0.6838235294117647,1.0,0.0,0.6767768607689784,0.25
150.0,0.666710615158081,0.6744820065430752,0.6399280930990758,0.6838235294117647,0.6317746931543717,1.0,0.0,0.0,0.0,0.0,0.0,1.0,1.0,1.0,1.0,1.0,-0.00047466009041445003,1.0,0.0,0.0,0.0,0.0,1.0,-0.0028479605424867,0.0,0.0,-0.0028479605424867,1.0,0.0,0.0,0.0,0.0,1.0,1.0,1.0,1.0,1.0,1.7320443859417816,999996483325.9583,1.0,3.870989095565735e-05,0.0,2.804099949571537e-06,0.9999964833259583,0.0,0.6838235294117647,1.0,0.0,0.6317746931543717,0.25
