step,train_step_loss,train_acc,train_loss,val_acc,val_loss,avg_intra_expert_coherence,expert_diversity_e0,expert_diversity_e1,expert_diversity_e2,expert_diversity_e3,expert_diversity_mean,expert_purity_e0,expert_purity_e1,expert_purity_e2,expert_purity_e3,expert_purity_mean,inter_expert_similarity,inter_expert_similarity_e0_e0,inter_expert_similarity_e0_e1,inter_expert_similarity_e0_e2,inter_expert_similarity_e0_e3,inter_expert_similarity_e1_e0,inter_expert_similarity_e1_e1,inter_expert_similarity_e1_e2,inter_expert_similarity_e1_e3,inter_expert_similarity_e2_e0,inter_expert_similarity_e2_e1,inter_expert_similarity_e2_e2,inter_expert_similarity_e2_e3,inter_expert_similarity_e3_e0,inter_expert_similarity_e3_e1,inter_expert_similarity_e3_e2,inter_expert_similarity_e3_e3,intra_expert_coherence_e0,intra_expert_coherence_e1,intra_expert_coherence_e2,intra_expert_coherence_e3,load_cv,load_max_min_ratio,overall_task_conflict_cos,router_entropy,router_load_e0,router_load_e1,router_load_e2,router_load_e3,task_acc__glue_rte,task_conflict_t0_t0,task_grad_norm_cv,task_loss__glue_rte,utilization_ratio
50.0,0.5866039395332336,0.5048192771084338,0.6891691400263554,0.5270758122743683,0.6836188286542892,1.0,0.0,0.0,0.0,0.0,0.0,1.0,1.0,1.0,1.0,1.0,-0.01510031999335658,1.0,0.0,0.0,0.0,0.0,1.0,-0.09060191996013948,0.0,0.0,-0.09060191996013948,1.0,0.0,0.0,0.0,0.0,1.0,1.0,1.0,1.0,1.0,1.0027778148651123,526370942592.62085,1.0,0.6912039453802556,0.0,0.47362905740737915,0.5263709425926208,0.0,0.5270758122743683,1.0,0.0,0.6836188286542892,0.5
100.0,0.6799325942993164,0.61285140562249,0.6450554783909749,0.5631768953068592,0.6729312721225951,1.0,0.0,0.0,0.0,0.0,0.0,1.0,1.0,1.0,1.0,1.0,0.06823467888164085,1.0,0.0,0.0,0.0,0.0,1.0,0.4094080732898451,0.0,0.0,0.4094080732898451,1.0,0.0,0.0,0.0,0.0,1.0,1.0,1.0,1.0,1.0,1.0040196180343628,531731665134.42993,1.0,0.6905104571731512,0.0,0.46826839447021484,0.5317316651344299,0.0,0.5631768953068592,1.0,0.0,0.6729312721225951,0.5
150.0,0.647833526134491,0.7224899598393574,0.6106111433643562,0.6931407942238267,0.631997336116102,1.0,0.0,0.0,0.0,0.0,0.0,1.0,1.0,1.0,1.0,1.0,0.03180265931535534,1.0,0.0,0.0,0.0,0.0,1.0,0.19081595589213204,0.0,0.0,0.19081595589213204,1.0,0.0,0.0,0.0,0.0,1.0,1.0,1.0,1.0,1.0,1.0006898641586304,513135313987.73193,1.0,0.6916733915625066,0.0,0.4868646562099457,0.5131353139877319,0.0,0.6931407942238267,1.0,0.0,0.631997336116102,0.5
