{
  "best_lr_by_method_mean": {
    "baseline_avg": {
      "best_mean": 0.6817883769212868,
      "final_mean": 0.6649146896177607,
      "lr": 4.977932042408958e-05,
      "score_mean": 0.6733515332695238
    },
    "baseline_cagrad": {
      "best_mean": 0.679978795401248,
      "final_mean": 0.679978795401248,
      "lr": 4.017732630661116e-05,
      "score_mean": 0.679978795401248
    },
    "ours": {
      "best_mean": 0.685596530021243,
      "final_mean": 0.685596530021243,
      "lr": 4.017732630661116e-05,
      "score_mean": 0.685596530021243
    }
  },
  "best_lr_by_method_seed": {
    "baseline_avg": {
      "2": {
        "best_val_acc": 0.6812911072892317,
        "final_val_acc": 0.6812911072892317,
        "lr": 2.617249767351296e-05,
        "score_05_05": 0.6812911072892317
      },
      "3": {
        "best_val_acc": 0.6828246267938362,
        "final_val_acc": 0.6820331064932293,
        "lr": 7.641609237868178e-05,
        "score_05_05": 0.6824288666435327
      }
    },
    "baseline_cagrad": {
      "2": {
        "best_val_acc": 0.6832584397443063,
        "final_val_acc": 0.6832584397443063,
        "lr": 2.1124052524808717e-05,
        "score_05_05": 0.6832584397443063
      },
      "3": {
        "best_val_acc": 0.688352014822033,
        "final_val_acc": 0.688352014822033,
        "lr": 4.017732630661116e-05,
        "score_05_05": 0.688352014822033
      }
    },
    "ours": {
      "2": {
        "best_val_acc": 0.6938245541070919,
        "final_val_acc": 0.6938245541070919,
        "lr": 2.1124052524808717e-05,
        "score_05_05": 0.6938245541070919
      },
      "3": {
        "best_val_acc": 0.6922284177887471,
        "final_val_acc": 0.6922284177887471,
        "lr": 4.017732630661116e-05,
        "score_05_05": 0.6922284177887471
      }
    }
  },
  "config": "configs/multitask_glue3_rte_mrpc_cola_real.yaml",
  "lambda_align": 0.001,
  "lrs": [
    2.0000000000000003e-06,
    2.477980741884182e-06,
    3.0701942785744396e-06,
    3.8039411480752295e-06,
    4.713046454095611e-06,
    5.839419174427227e-06,
    7.234984129009947e-06,
    8.964075669762173e-06,
    1.1106403439231605e-05,
    1.376072691700608e-05,
    1.704940814733421e-05,
    2.1124052524808717e-05,
    2.617249767351296e-05,
    3.242747260098683e-05,
    4.017732630661116e-05,
    4.977932042408958e-05,
    6.167609867748794e-05,
    7.641609237868178e-05,
    9.4678802642208e-05,
    0.00011730612480602229,
    0.00014534115908719275,
    0.0001800762966105944,
    0.00022311279753543852,
    0.00027643460778036053,
    0.0003424998172350203,
    0.00042435397560361605,
    0.0005257704896438752,
    0.0006514245739942696,
    0.0008071087745739543,
    0.001
  ],
  "methods": [
    "baseline_avg",
    "baseline_cagrad",
    "ours"
  ],
  "ours_eps": 1e-08,
  "ours_micro_batch_size": 8,
  "seeds": [
    2,
    3
  ],
  "steps": 50,
  "warmup_ratio": 0.1
}