step,train_step_loss,train_acc,train_loss,val_acc,val_loss,avg_intra_expert_coherence,expert_diversity_e0,expert_diversity_e1,expert_diversity_e2,expert_diversity_e3,expert_diversity_mean,expert_purity_e0,expert_purity_e1,expert_purity_e2,expert_purity_e3,expert_purity_mean,inter_expert_similarity,inter_expert_similarity_e0_e0,inter_expert_similarity_e0_e1,inter_expert_similarity_e0_e2,inter_expert_similarity_e0_e3,inter_expert_similarity_e1_e0,inter_expert_similarity_e1_e1,inter_expert_similarity_e1_e2,inter_expert_similarity_e1_e3,inter_expert_similarity_e2_e0,inter_expert_similarity_e2_e1,inter_expert_similarity_e2_e2,inter_expert_similarity_e2_e3,inter_expert_similarity_e3_e0,inter_expert_similarity_e3_e1,inter_expert_similarity_e3_e2,inter_expert_similarity_e3_e3,intra_expert_coherence_e0,intra_expert_coherence_e1,intra_expert_coherence_e2,intra_expert_coherence_e3,load_cv,load_max_min_ratio,overall_task_conflict_cos,router_entropy,router_load_e0,router_load_e1,router_load_e2,router_load_e3,task_acc__glue_rte,task_conflict_t0_t0,task_grad_norm_cv,task_loss__glue_rte,utilization_ratio
50.0,0.690691351890564,0.6056224899598394,0.6672600998328283,0.5956678700361011,0.6724463121758567,1.0,0.0,0.0,0.0,0.0,0.0,1.0,1.0,1.0,1.0,1.0,-0.04135604456427066,1.0,0.0,0.0,0.0,0.0,1.0,-0.24813626738562397,0.0,0.0,-0.24813626738562397,1.0,0.0,0.0,0.0,0.0,1.0,1.0,1.0,1.0,1.0,1.0167814493179321,565042793750.763,1.0,0.683989202933191,0.0,0.5650427937507629,0.43495723605155945,0.0,0.5956678700361011,1.0,0.0,0.6724463121758567,0.5
100.0,0.7815496027469635,0.7152610441767068,0.5683753983141521,0.6570397111913358,0.6151887940035926,1.0,0.0,0.0,0.0,0.0,0.0,1.0,1.0,1.0,1.0,1.0,-0.03184518711943985,1.0,0.0,0.0,0.0,0.0,1.0,-0.19107112271663912,0.0,0.0,-0.19107112271663912,1.0,0.0,0.0,0.0,0.0,1.0,1.0,1.0,1.0,1.0,1.007072925567627,542124807834.62524,1.0,0.6869917604467068,0.0,0.5421248078346252,0.45787519216537476,0.0,0.6570397111913358,1.0,0.0,0.6151887940035926,0.5
150.0,0.5721339583396912,0.7317269076305221,0.5569521887562214,0.6823104693140795,0.6009283115466436,1.0,0.0,0.0,0.0,0.0,0.0,1.0,1.0,1.0,1.0,1.0,-0.03413410539277921,1.0,0.0,0.0,0.0,0.0,1.0,-0.20480463235667526,0.0,0.0,-0.20480463235667526,1.0,0.0,0.0,0.0,0.0,1.0,1.0,1.0,1.0,1.0,1.0065861940383911,540644109249.115,1.0,0.6886683818665652,0.0,0.540644109249115,0.4593559503555298,0.0,0.6823104693140795,1.0,0.0,0.6009283115466436,0.5
