step,train_step_loss,train_acc,train_loss,val_acc,val_loss,avg_intra_expert_coherence,expert_diversity_e0,expert_diversity_e1,expert_diversity_e2,expert_diversity_e3,expert_diversity_mean,expert_purity_e0,expert_purity_e1,expert_purity_e2,expert_purity_e3,expert_purity_mean,inter_expert_similarity,inter_expert_similarity_e0_e0,inter_expert_similarity_e0_e1,inter_expert_similarity_e0_e2,inter_expert_similarity_e0_e3,inter_expert_similarity_e1_e0,inter_expert_similarity_e1_e1,inter_expert_similarity_e1_e2,inter_expert_similarity_e1_e3,inter_expert_similarity_e2_e0,inter_expert_similarity_e2_e1,inter_expert_similarity_e2_e2,inter_expert_similarity_e2_e3,inter_expert_similarity_e3_e0,inter_expert_similarity_e3_e1,inter_expert_similarity_e3_e2,inter_expert_similarity_e3_e3,intra_expert_coherence_e0,intra_expert_coherence_e1,intra_expert_coherence_e2,intra_expert_coherence_e3,load_cv,load_max_min_ratio,overall_task_conflict_cos,router_entropy,router_load_e0,router_load_e1,router_load_e2,router_load_e3,task_acc__glue_mrpc,task_conflict_t0_t0,task_grad_norm_cv,task_loss__glue_mrpc,utilization_ratio
50.0,0.5340544432401657,0.6826608505997819,0.5873491166078526,0.6911764705882353,0.5936558051751211,1.0,0.0,0.0,0.0,0.0,0.0,1.0,1.0,1.0,1.0,1.0,0.008786146131136811,1.0,0.0,0.0,0.05271687678682087,0.0,1.0,0.0,0.0,0.0,0.0,1.0,0.0,0.05271687678682087,0.0,0.0,1.0,1.0,1.0,1.0,1.0,1.0450778007507324,607347369194.0308,1.0,0.6687450736176734,0.39265260100364685,0.0,0.0,0.6073473691940308,0.6911764705882353,1.0,0.0,0.5936558051751211,0.5
100.0,0.6242180317640305,0.693565976008724,0.5623824826401213,0.6446078431372549,0.5834697313033618,1.0,0.0,0.0,0.0,0.0,0.0,1.0,1.0,1.0,1.0,1.0,0.0030075303774079105,1.0,0.0,0.0,0.018045182264447464,0.0,1.0,0.0,0.0,0.0,0.0,1.0,0.0,0.018045182264447464,0.0,0.0,1.0,1.0,1.0,1.0,1.0,1.0942690260089605,657092690467.8345,1.0,0.6291607875449985,0.3429073989391327,0.0,0.0,0.6570926904678345,0.6446078431372549,1.0,0.0,0.5834697313033618,0.5
150.0,0.7812609076499939,0.8293347873500545,0.42832622092379175,0.8529411764705882,0.42375242566833127,1.0,0.0,0.0,0.0,0.0,0.0,1.0,1.0,1.0,1.0,1.0,0.010829936325663538,1.0,0.0,0.0,0.06497961795398123,0.0,1.0,0.0,0.0,0.0,0.0,1.0,0.0,0.06497961795398123,0.0,0.0,1.0,1.0,1.0,1.0,1.0,1.0470296768563794,609699070453.6438,1.0,0.646108467204898,0.6096990704536438,0.0,0.0,0.3903008699417114,0.8529411764705882,1.0,0.0,0.42375242566833127,0.5
