step,train_step_loss,train_acc,train_loss,val_acc,val_loss,router_entropy,router_load_e0,router_load_e1,router_load_e2,router_load_e3
30.0,0.588251401980718,0.6775486378966908,0.603660850332561,0.6857645346963602,0.6001184938147585,0.688183704322135,0.43526971340179443,0.08610080182552338,0.07570768147706985,0.4029218256473541
50.0,0.5520733892917633,0.6943856848504492,0.5605230687200268,0.6753123765436686,0.5686226435318927,0.6828611953942864,0.4538973271846771,0.06487272679805756,0.03373543545603752,0.4474947154521942
