step,train_step_loss,train_acc,train_loss,val_acc,val_loss,router_entropy,router_load_e0,router_load_e1,router_load_e2,router_load_e3
30.0,1.1026138961315155,0.3426106770833333,1.1021110800405343,0.330078125,1.106953998406728,1.3648186524709065,0.21692924201488495,0.28748074173927307,0.19070012867450714,0.3048897981643677
60.0,1.1079974075158436,0.3483072916666667,1.100641683364908,0.3284505208333333,1.109207843740781,1.3634836648901303,0.21484602987766266,0.29354578256607056,0.18879403173923492,0.3028140664100647
90.0,1.09865469733874,0.3489583333333333,1.0979243802527587,0.3310546875,1.1038149744272232,1.3665521865089734,0.21934044361114502,0.29514920711517334,0.19248367846012115,0.2930266559123993
100.0,1.0978165169556935,0.3507486979166667,1.1015495223303635,0.318359375,1.1084044029315312,1.3676403015851974,0.21982739865779877,0.2829477787017822,0.1955183893442154,0.3017064034938812
