step,train_step_loss,train_acc,train_loss,val_acc,val_loss,avg_intra_expert_coherence,expert_diversity_e0,expert_diversity_e1,expert_diversity_e2,expert_diversity_e3,expert_diversity_mean,expert_purity_e0,expert_purity_e1,expert_purity_e2,expert_purity_e3,expert_purity_mean,inter_expert_similarity,inter_expert_similarity_e0_e0,inter_expert_similarity_e0_e1,inter_expert_similarity_e0_e2,inter_expert_similarity_e0_e3,inter_expert_similarity_e1_e0,inter_expert_similarity_e1_e1,inter_expert_similarity_e1_e2,inter_expert_similarity_e1_e3,inter_expert_similarity_e2_e0,inter_expert_similarity_e2_e1,inter_expert_similarity_e2_e2,inter_expert_similarity_e2_e3,inter_expert_similarity_e3_e0,inter_expert_similarity_e3_e1,inter_expert_similarity_e3_e2,inter_expert_similarity_e3_e3,intra_expert_coherence_e0,intra_expert_coherence_e1,intra_expert_coherence_e2,intra_expert_coherence_e3,load_cv,load_max_min_ratio,overall_task_conflict_cos,router_entropy,router_load_e0,router_load_e1,router_load_e2,router_load_e3,task_acc__glue_rte,task_conflict_t0_t0,task_grad_norm_cv,task_loss__glue_rte,utilization_ratio
50.0,0.686657726764679,0.5056224899598394,0.6893828960947501,0.4693140794223827,0.6962628861268362,1.0,0.0,0.0,0.0,0.0,0.0,1.0,1.0,1.0,1.0,1.0,0.002643255848036319,1.0,0.0,0.0,0.015859535088217913,0.0,1.0,0.0,0.0,0.0,0.0,1.0,0.0,0.015859535088217913,0.0,0.0,1.0,1.0,1.0,1.0,1.0,1.0001550912857056,506227135658.26416,1.0,0.6927638949039611,0.5062271356582642,0.0,0.0,0.49377286434173584,0.4693140794223827,1.0,0.0,0.6962628861268362,0.5
100.0,0.6931641399860382,0.6437751004016065,0.6415111865370702,0.6064981949458483,0.6515638927618662,1.0,0.0,0.0,0.0,0.0,0.0,1.0,1.0,1.0,1.0,1.0,0.005449914969808103,1.0,0.0,0.0,0.03269948981884862,0.0,1.0,0.0,0.0,0.0,0.0,1.0,0.0,0.03269948981884862,0.0,0.0,1.0,1.0,1.0,1.0,1.0,1.0243433713912964,578485012054.4434,1.0,0.6773054401797077,0.4215150475502014,0.0,0.0,0.5784850120544434,0.6064981949458483,1.0,0.0,0.6515638927618662,0.5
150.0,0.5211746990680695,0.7457831325301205,0.5655612443502133,0.6642599277978339,0.6183371187912093,1.0,0.0,0.0,0.0,0.0,0.0,1.0,1.0,1.0,1.0,1.0,0.008439194870245395,1.0,0.0,0.0,0.050635169221472376,0.0,1.0,0.0,0.0,0.0,0.0,1.0,0.0,0.050635169221472376,0.0,0.0,1.0,1.0,1.0,1.0,1.0,1.0387631700948678,599391102790.8325,1.0,0.6562448907845287,0.40060877799987793,0.0,0.0,0.5993911027908325,0.6642599277978339,1.0,0.0,0.6183371187912093,0.5
