step,train_step_loss,train_acc,train_loss,val_acc,val_loss,avg_intra_expert_coherence,expert_diversity_e0,expert_diversity_e1,expert_diversity_e2,expert_diversity_e3,expert_diversity_mean,expert_purity_e0,expert_purity_e1,expert_purity_e2,expert_purity_e3,expert_purity_mean,inter_expert_similarity,inter_expert_similarity_e0_e0,inter_expert_similarity_e0_e1,inter_expert_similarity_e0_e2,inter_expert_similarity_e0_e3,inter_expert_similarity_e1_e0,inter_expert_similarity_e1_e1,inter_expert_similarity_e1_e2,inter_expert_similarity_e1_e3,inter_expert_similarity_e2_e0,inter_expert_similarity_e2_e1,inter_expert_similarity_e2_e2,inter_expert_similarity_e2_e3,inter_expert_similarity_e3_e0,inter_expert_similarity_e3_e1,inter_expert_similarity_e3_e2,inter_expert_similarity_e3_e3,intra_expert_coherence_e0,intra_expert_coherence_e1,intra_expert_coherence_e2,intra_expert_coherence_e3,load_cv,load_max_min_ratio,overall_task_conflict_cos,router_entropy,router_load_e0,router_load_e1,router_load_e2,router_load_e3,task_acc__glue_mrpc,task_conflict_t0_t0,task_grad_norm_cv,task_loss__glue_mrpc,utilization_ratio
50.0,0.5796388983726501,0.6744820065430752,0.6345438766090766,0.6838235294117647,0.6307117549272684,1.0,0.0,0.0,0.0,0.0,0.0,1.0,1.0,1.0,1.0,1.0,-0.03173392728310801,1.0,0.0,0.0,-0.19040356369864808,0.0,1.0,0.0,0.0,0.0,0.0,1.0,0.0,-0.19040356369864808,0.0,0.0,1.0,1.0,1.0,1.0,1.0,1.0022704601287842,523837924003.6011,1.0,0.6920103430747986,0.5238379240036011,0.0,0.0,0.4761620759963989,0.6838235294117647,1.0,0.0,0.6307117549272684,0.5
100.0,0.6657677590847015,0.6744820065430752,0.6671504930309627,0.6838235294117647,0.665506335405203,1.0,0.0,0.0,0.0,0.0,0.0,1.0,1.0,1.0,1.0,1.0,-0.05398311113534063,1.0,0.0,-0.32389866681204377,0.0,0.0,1.0,0.0,0.0,-0.32389866681204377,0.0,1.0,0.0,0.0,0.0,0.0,1.0,1.0,1.0,1.0,1.0,1.1154901706003737,674756526947.0215,1.0,0.6307589341612423,0.6747565269470215,0.0,0.32524374127388,0.0,0.6838235294117647,1.0,0.0,0.665506335405203,0.5
150.0,0.6241368353366852,0.6744820065430752,0.6337039257521214,0.6838235294117647,0.626579728264075,1.0,0.0,0.0,0.0,0.0,0.0,1.0,1.0,1.0,1.0,1.0,0.03158760044843232,1.0,0.18952560269059393,0.0,0.0,0.18952560269059393,1.0,0.0,0.0,0.0,0.0,1.0,0.0,0.0,0.0,0.0,1.0,1.0,1.0,1.0,1.0,1.0203354358673096,571662843227.3865,1.0,0.6828406990743151,0.5716628432273865,0.42833712697029114,0.0,0.0,0.6838235294117647,1.0,0.0,0.626579728264075,0.5
