step,train_step_loss,train_acc,train_loss,val_acc,val_loss,avg_intra_expert_coherence,expert_diversity_e0,expert_diversity_e1,expert_diversity_e2,expert_diversity_e3,expert_diversity_mean,expert_purity_e0,expert_purity_e1,expert_purity_e2,expert_purity_e3,expert_purity_mean,inter_expert_similarity,inter_expert_similarity_e0_e0,inter_expert_similarity_e0_e1,inter_expert_similarity_e0_e2,inter_expert_similarity_e0_e3,inter_expert_similarity_e1_e0,inter_expert_similarity_e1_e1,inter_expert_similarity_e1_e2,inter_expert_similarity_e1_e3,inter_expert_similarity_e2_e0,inter_expert_similarity_e2_e1,inter_expert_similarity_e2_e2,inter_expert_similarity_e2_e3,inter_expert_similarity_e3_e0,inter_expert_similarity_e3_e1,inter_expert_similarity_e3_e2,inter_expert_similarity_e3_e3,intra_expert_coherence_e0,intra_expert_coherence_e1,intra_expert_coherence_e2,intra_expert_coherence_e3,load_cv,load_max_min_ratio,overall_task_conflict_cos,router_entropy,router_load_e0,router_load_e1,router_load_e2,router_load_e3,task_acc__glue_mrpc,task_conflict_t0_t0,task_grad_norm_cv,task_loss__glue_mrpc,utilization_ratio
50.0,0.4434787184000015,0.7508178844056707,0.5141998959624249,0.7573529411764706,0.5080469896873603,1.0,0.0,0.0,0.0,0.0,0.0,1.0,1.0,1.0,1.0,1.0,-0.021097635361631856,1.0,0.0,0.0,0.0,0.0,1.0,0.0,0.0,0.0,0.0,1.0,-0.12658581216979115,0.0,0.0,-0.12658581216979115,1.0,1.0,1.0,1.0,1.0,1.009769857512108,549541831016.5405,1.0,0.6840079999437519,0.0,0.0,0.4504581093788147,0.5495418310165405,0.7573529411764706,1.0,0.0,0.5080469896873603,0.5
100.0,0.6250001192092896,0.8154307524536533,0.39895260583447373,0.7990196078431373,0.41451883717225146,1.0,0.0,0.0,0.0,0.0,0.0,1.0,1.0,1.0,1.0,1.0,-0.043193379070074776,1.0,0.0,0.0,0.0,0.0,1.0,0.0,0.0,0.0,0.0,1.0,-0.25916027442044864,0.0,0.0,-0.25916027442044864,1.0,1.0,1.0,1.0,1.0,1.0068120956420898,541338086128.23486,1.0,0.6850321736990237,0.0,0.0,0.45866188406944275,0.5413380861282349,0.7990196078431373,1.0,0.0,0.41451883717225146,0.5
150.0,0.5058239251375198,0.8508724100327154,0.3466854659273573,0.8284313725490197,0.36211937551315015,1.0,0.0,0.0,0.0,0.0,0.0,1.0,1.0,1.0,1.0,1.0,0.002769408599870059,1.0,0.0,0.0,0.0,0.0,1.0,0.0,0.0,0.0,0.0,1.0,0.016616451599220355,0.0,0.0,0.016616451599220355,1.0,1.0,1.0,1.0,1.0,1.0435981750488281,606923341751.0986,1.0,0.6601059016059426,0.0007531153387390077,0.0,0.3923235237598419,0.6069233417510986,0.8284313725490197,1.0,0.0,0.36211937551315015,0.5
