method,n_seeds,best_mean,best_std,final_mean,final_std,score_mean,score_std
cagrad,5,0.8960784313725491,0.004545891419360654,0.8823529411764707,0.007103616052053651,0.8892156862745099,0.005674429854308945
baseline,5,0.8960784313725491,0.007843137254901983,0.8774509803921567,0.009300816647554024,0.8867647058823529,0.007212715181157897
ours,5,0.8960784313725491,0.004802921064280753,0.8754901960784315,0.012245094114506654,0.8857843137254902,0.005106045749019544
