method,val_acc_mean,val_acc_std,overall_task_conflict_cos_mean,overall_task_conflict_cos_std,avg_intra_expert_coherence_mean,avg_intra_expert_coherence_std,expert_purity_mean_mean,expert_purity_mean_std,expert_diversity_mean_mean,expert_diversity_mean_std,load_cv_mean,load_cv_std,load_max_min_ratio_mean,load_max_min_ratio_std,utilization_ratio_mean,utilization_ratio_std,router_entropy_mean,router_entropy_std,inter_expert_similarity_mean,inter_expert_similarity_std,task_grad_norm_cv_mean,task_grad_norm_cv_std
baseline,0.8774509803921567,0.009300816647554024,1.0,0.0,1.0,0.0,1.0,0.0,0.0,0.0,0.7271305932746998,0.17847756425543118,100693643324.11357,201387286070.71603,0.7,0.09999999999999999,0.6634241048027488,0.029460862242196743,-0.03667401420348325,0.08794890773103105,0.0,0.0
cagrad,0.8823529411764707,0.007103616052053651,1.0,0.0,1.0,0.0,1.0,0.0,0.0,0.0,0.6447635313524788,0.222109484686862,94237369307.0603,188474738593.80716,0.65,0.2,0.6854603204072691,0.003975064431264847,0.023963537256280847,0.06617798023734779,0.0,0.0
ours,0.8754901960784313,0.012245094114506656,1.0,0.0,1.0,0.0,1.0,0.0,0.0,0.0,0.6000359827884675,0.16408960124989735,111910057074.40926,223820114132.4731,0.75,0.22360679774997896,0.6580178433773565,0.029405130312372994,-0.01551964275660162,0.09790441231158528,0.0,0.0
