method,wall_time_sec_mean,wall_time_sec_std,mean_train_step_time_sec_mean,mean_train_step_time_sec_std,peak_cuda_memory_mb_mean,peak_cuda_memory_mb_std
baseline,613.6689666581922,2.1217866412624145,0.21211138119972314,0.011187090817928323,2741.2884765625,0.3
cagrad,734.024689459597,9.6069967910969,0.3843640986452403,0.0036214784670765164,2741.4384765625,0.0
ours,616.3574524051976,6.7727244016257275,0.23765635826233775,0.0026689396777127734,2741.4619140625,0.0
