method,val_acc_last_mean,val_acc_last_std,val_loss_last_mean,val_loss_last_std
baseline,0.8774509803921567,0.009300816647554024,0.6482576545433403,0.052263306068619654
cagrad,0.8823529411764707,0.007103616052053651,0.6659262704847115,0.008265988435008398
ours,0.8754901960784313,0.012245094114506656,0.7880415181113326,0.07275902685301519
