{
  "baseline": {
    "num_common_steps": 20,
    "seeds": [
      2,
      3,
      5,
      7,
      11
    ],
    "steps": [
      50,
      100,
      150,
      200,
      250,
      300,
      350,
      400,
      450,
      500,
      550,
      600,
      650,
      700,
      750,
      800,
      850,
      900,
      950,
      1000
    ],
    "train_acc_last_mean": 0.9916575790621591,
    "train_acc_last_std": 0.002291374197322838,
    "train_loss_last_mean": 0.0372144489033235,
    "train_loss_last_std": 0.01319204059025868,
    "val_acc_last_mean": 0.8774509803921567,
    "val_acc_last_std": 0.009300816647554024,
    "val_loss_last_mean": 0.6482576545433403,
    "val_loss_last_std": 0.052263306068619654
  },
  "cagrad": {
    "num_common_steps": 20,
    "seeds": [
      2,
      3,
      5,
      7,
      11
    ],
    "steps": [
      50,
      100,
      150,
      200,
      250,
      300,
      350,
      400,
      450,
      500,
      550,
      600,
      650,
      700,
      750,
      800,
      850,
      900,
      950,
      1000
    ],
    "train_acc_last_mean": 0.9866412213740459,
    "train_acc_last_std": 0.004532519616274893,
    "train_loss_last_mean": 0.05710237876031896,
    "train_loss_last_std": 0.018258171004353254,
    "val_acc_last_mean": 0.8823529411764707,
    "val_acc_last_std": 0.007103616052053651,
    "val_loss_last_mean": 0.6659262704847115,
    "val_loss_last_std": 0.008265988435008398
  },
  "ours": {
    "num_common_steps": 20,
    "seeds": [
      2,
      3,
      5,
      7,
      11
    ],
    "steps": [
      50,
      100,
      150,
      200,
      250,
      300,
      350,
      400,
      450,
      500,
      550,
      600,
      650,
      700,
      750,
      800,
      850,
      900,
      950,
      1000
    ],
    "train_acc_last_mean": 0.9864231188658671,
    "train_acc_last_std": 0.002404079354967143,
    "train_loss_last_mean": 0.07071335538609476,
    "train_loss_last_std": 0.012521475528950466,
    "val_acc_last_mean": 0.8754901960784313,
    "val_acc_last_std": 0.012245094114506656,
    "val_loss_last_mean": 0.7880415181113326,
    "val_loss_last_std": 0.07275902685301519
  }
}