method,task_key,task_name,n_seeds,task_acc_mean,task_acc_std,task_loss_mean,task_loss_std
baseline,glue_mrpc,glue/mrpc,5,0.8774509803921567,0.009300816647554024,0.6482576545433403,0.052263306068619654
cagrad,glue_mrpc,glue/mrpc,5,0.8823529411764707,0.007103616052053651,0.6659262704847115,0.008265988435008398
ours,glue_mrpc,glue/mrpc,5,0.8754901960784313,0.012245094114506656,0.7880415181113326,0.07275902685301519
