step,train_step_loss,train_acc,train_loss,val_acc,val_loss,router_entropy,router_load_e0,router_load_e1,router_load_e2,router_load_e3
30.0,0.7119206190109253,0.6084303288961367,0.6538935951262014,0.6042352148703188,0.6579721843485742,0.6537746637369748,0.012720417231321335,0.42588964104652405,0.00014610357175115496,0.5612438917160034
50.0,0.6381508906682333,0.6299222145725657,0.6333743036239446,0.6230828701504588,0.6390698046798324,0.6599758609577462,0.014817655086517334,0.44009798765182495,0.0,0.5450844168663025
