step,train_step_loss,train_acc,train_loss,val_acc,val_loss,router_entropy,router_load_e0,router_load_e1,router_load_e2,router_load_e3
30.0,0.6629638224840164,0.6230151520337084,0.6576632324759759,0.6207071498351155,0.661435842002113,0.660665876335568,0.5845330953598022,0.3990075886249542,0.016459153965115547,0.0
50.0,0.6370064516862234,0.6261637297684145,0.6462008819576737,0.6185142548931153,0.6494658557930475,0.6601182855665684,0.5881773829460144,0.3983546495437622,0.013307072222232819,0.0001610155450180173
