method,candidate_id,seed,best_val_acc,final_val_acc,score_05_05,reused,summary_json,curve_csv
cagrad,coord_01_anchor,2,0.9036697247706422,0.9036697247706422,0.9036697247706422,False,/home/zhujjing/MOE-grad-conflict-routing/runs/paper_suite/single_gpu/single_task/roberta_sst2_ffn_e4_k2/hpo/cagrad/trial_runs/coord_01_anchor/cagrad_s2.json,/home/zhujjing/MOE-grad-conflict-routing/runs/paper_suite/single_gpu/single_task/roberta_sst2_ffn_e4_k2/hpo/cagrad/trial_runs/coord_01_anchor/cagrad_s2_curve.csv
cagrad,coord_01_anchor,3,0.9094036697247706,0.9094036697247706,0.9094036697247706,False,/home/zhujjing/MOE-grad-conflict-routing/runs/paper_suite/single_gpu/single_task/roberta_sst2_ffn_e4_k2/hpo/cagrad/trial_runs/coord_01_anchor/cagrad_s3.json,/home/zhujjing/MOE-grad-conflict-routing/runs/paper_suite/single_gpu/single_task/roberta_sst2_ffn_e4_k2/hpo/cagrad/trial_runs/coord_01_anchor/cagrad_s3_curve.csv
cagrad,coord_01_train_lr_000,2,0.8922018348623854,0.8922018348623854,0.8922018348623854,False,/home/zhujjing/MOE-grad-conflict-routing/runs/paper_suite/single_gpu/single_task/roberta_sst2_ffn_e4_k2/hpo/cagrad/trial_runs/coord_01_train_lr_000/cagrad_s2.json,/home/zhujjing/MOE-grad-conflict-routing/runs/paper_suite/single_gpu/single_task/roberta_sst2_ffn_e4_k2/hpo/cagrad/trial_runs/coord_01_train_lr_000/cagrad_s2_curve.csv
cagrad,coord_01_train_lr_000,3,0.8864678899082569,0.8864678899082569,0.8864678899082569,False,/home/zhujjing/MOE-grad-conflict-routing/runs/paper_suite/single_gpu/single_task/roberta_sst2_ffn_e4_k2/hpo/cagrad/trial_runs/coord_01_train_lr_000/cagrad_s3.json,/home/zhujjing/MOE-grad-conflict-routing/runs/paper_suite/single_gpu/single_task/roberta_sst2_ffn_e4_k2/hpo/cagrad/trial_runs/coord_01_train_lr_000/cagrad_s3_curve.csv
cagrad,coord_01_train_lr_001,2,0.8704128440366973,0.8704128440366973,0.8704128440366973,False,/home/zhujjing/MOE-grad-conflict-routing/runs/paper_suite/single_gpu/single_task/roberta_sst2_ffn_e4_k2/hpo/cagrad/trial_runs/coord_01_train_lr_001/cagrad_s2.json,/home/zhujjing/MOE-grad-conflict-routing/runs/paper_suite/single_gpu/single_task/roberta_sst2_ffn_e4_k2/hpo/cagrad/trial_runs/coord_01_train_lr_001/cagrad_s2_curve.csv
cagrad,coord_01_train_lr_001,3,0.8864678899082569,0.8864678899082569,0.8864678899082569,False,/home/zhujjing/MOE-grad-conflict-routing/runs/paper_suite/single_gpu/single_task/roberta_sst2_ffn_e4_k2/hpo/cagrad/trial_runs/coord_01_train_lr_001/cagrad_s3.json,/home/zhujjing/MOE-grad-conflict-routing/runs/paper_suite/single_gpu/single_task/roberta_sst2_ffn_e4_k2/hpo/cagrad/trial_runs/coord_01_train_lr_001/cagrad_s3_curve.csv
cagrad,coord_01_train_lr_002,2,0.8899082568807339,0.8899082568807339,0.8899082568807339,False,/home/zhujjing/MOE-grad-conflict-routing/runs/paper_suite/single_gpu/single_task/roberta_sst2_ffn_e4_k2/hpo/cagrad/trial_runs/coord_01_train_lr_002/cagrad_s2.json,/home/zhujjing/MOE-grad-conflict-routing/runs/paper_suite/single_gpu/single_task/roberta_sst2_ffn_e4_k2/hpo/cagrad/trial_runs/coord_01_train_lr_002/cagrad_s2_curve.csv
cagrad,coord_01_train_lr_002,3,0.9174311926605505,0.9174311926605505,0.9174311926605505,False,/home/zhujjing/MOE-grad-conflict-routing/runs/paper_suite/single_gpu/single_task/roberta_sst2_ffn_e4_k2/hpo/cagrad/trial_runs/coord_01_train_lr_002/cagrad_s3.json,/home/zhujjing/MOE-grad-conflict-routing/runs/paper_suite/single_gpu/single_task/roberta_sst2_ffn_e4_k2/hpo/cagrad/trial_runs/coord_01_train_lr_002/cagrad_s3_curve.csv
cagrad,coord_01_train_lr_003,2,0.5091743119266054,0.5091743119266054,0.5091743119266054,False,/home/zhujjing/MOE-grad-conflict-routing/runs/paper_suite/single_gpu/single_task/roberta_sst2_ffn_e4_k2/hpo/cagrad/trial_runs/coord_01_train_lr_003/cagrad_s2.json,/home/zhujjing/MOE-grad-conflict-routing/runs/paper_suite/single_gpu/single_task/roberta_sst2_ffn_e4_k2/hpo/cagrad/trial_runs/coord_01_train_lr_003/cagrad_s2_curve.csv
cagrad,coord_01_train_lr_003,3,0.5091743119266054,0.5091743119266054,0.5091743119266054,False,/home/zhujjing/MOE-grad-conflict-routing/runs/paper_suite/single_gpu/single_task/roberta_sst2_ffn_e4_k2/hpo/cagrad/trial_runs/coord_01_train_lr_003/cagrad_s3.json,/home/zhujjing/MOE-grad-conflict-routing/runs/paper_suite/single_gpu/single_task/roberta_sst2_ffn_e4_k2/hpo/cagrad/trial_runs/coord_01_train_lr_003/cagrad_s3_curve.csv
cagrad,coord_01_train_lr_004,2,0.8818807339449541,0.8818807339449541,0.8818807339449541,False,/home/zhujjing/MOE-grad-conflict-routing/runs/paper_suite/single_gpu/single_task/roberta_sst2_ffn_e4_k2/hpo/cagrad/trial_runs/coord_01_train_lr_004/cagrad_s2.json,/home/zhujjing/MOE-grad-conflict-routing/runs/paper_suite/single_gpu/single_task/roberta_sst2_ffn_e4_k2/hpo/cagrad/trial_runs/coord_01_train_lr_004/cagrad_s2_curve.csv
cagrad,coord_01_train_lr_004,3,0.8944954128440367,0.8944954128440367,0.8944954128440367,False,/home/zhujjing/MOE-grad-conflict-routing/runs/paper_suite/single_gpu/single_task/roberta_sst2_ffn_e4_k2/hpo/cagrad/trial_runs/coord_01_train_lr_004/cagrad_s3.json,/home/zhujjing/MOE-grad-conflict-routing/runs/paper_suite/single_gpu/single_task/roberta_sst2_ffn_e4_k2/hpo/cagrad/trial_runs/coord_01_train_lr_004/cagrad_s3_curve.csv
cagrad,coord_01_train_lr_005,2,0.823394495412844,0.823394495412844,0.823394495412844,False,/home/zhujjing/MOE-grad-conflict-routing/runs/paper_suite/single_gpu/single_task/roberta_sst2_ffn_e4_k2/hpo/cagrad/trial_runs/coord_01_train_lr_005/cagrad_s2.json,/home/zhujjing/MOE-grad-conflict-routing/runs/paper_suite/single_gpu/single_task/roberta_sst2_ffn_e4_k2/hpo/cagrad/trial_runs/coord_01_train_lr_005/cagrad_s2_curve.csv
cagrad,coord_01_train_lr_005,3,0.8944954128440367,0.8188073394495413,0.856651376146789,False,/home/zhujjing/MOE-grad-conflict-routing/runs/paper_suite/single_gpu/single_task/roberta_sst2_ffn_e4_k2/hpo/cagrad/trial_runs/coord_01_train_lr_005/cagrad_s3.json,/home/zhujjing/MOE-grad-conflict-routing/runs/paper_suite/single_gpu/single_task/roberta_sst2_ffn_e4_k2/hpo/cagrad/trial_runs/coord_01_train_lr_005/cagrad_s3_curve.csv
cagrad,coord_01_train_lr_006,2,0.5091743119266054,0.5091743119266054,0.5091743119266054,False,/home/zhujjing/MOE-grad-conflict-routing/runs/paper_suite/single_gpu/single_task/roberta_sst2_ffn_e4_k2/hpo/cagrad/trial_runs/coord_01_train_lr_006/cagrad_s2.json,/home/zhujjing/MOE-grad-conflict-routing/runs/paper_suite/single_gpu/single_task/roberta_sst2_ffn_e4_k2/hpo/cagrad/trial_runs/coord_01_train_lr_006/cagrad_s2_curve.csv
cagrad,coord_01_train_lr_006,3,0.5091743119266054,0.5091743119266054,0.5091743119266054,False,/home/zhujjing/MOE-grad-conflict-routing/runs/paper_suite/single_gpu/single_task/roberta_sst2_ffn_e4_k2/hpo/cagrad/trial_runs/coord_01_train_lr_006/cagrad_s3.json,/home/zhujjing/MOE-grad-conflict-routing/runs/paper_suite/single_gpu/single_task/roberta_sst2_ffn_e4_k2/hpo/cagrad/trial_runs/coord_01_train_lr_006/cagrad_s3_curve.csv
cagrad,coord_01_train_lr_007,2,0.5091743119266054,0.5091743119266054,0.5091743119266054,False,/home/zhujjing/MOE-grad-conflict-routing/runs/paper_suite/single_gpu/single_task/roberta_sst2_ffn_e4_k2/hpo/cagrad/trial_runs/coord_01_train_lr_007/cagrad_s2.json,/home/zhujjing/MOE-grad-conflict-routing/runs/paper_suite/single_gpu/single_task/roberta_sst2_ffn_e4_k2/hpo/cagrad/trial_runs/coord_01_train_lr_007/cagrad_s2_curve.csv
cagrad,coord_01_train_lr_007,3,0.5091743119266054,0.5091743119266054,0.5091743119266054,False,/home/zhujjing/MOE-grad-conflict-routing/runs/paper_suite/single_gpu/single_task/roberta_sst2_ffn_e4_k2/hpo/cagrad/trial_runs/coord_01_train_lr_007/cagrad_s3.json,/home/zhujjing/MOE-grad-conflict-routing/runs/paper_suite/single_gpu/single_task/roberta_sst2_ffn_e4_k2/hpo/cagrad/trial_runs/coord_01_train_lr_007/cagrad_s3_curve.csv
cagrad,coord_01_train_lr_008,2,0.8967889908256881,0.8967889908256881,0.8967889908256881,False,/home/zhujjing/MOE-grad-conflict-routing/runs/paper_suite/single_gpu/single_task/roberta_sst2_ffn_e4_k2/hpo/cagrad/trial_runs/coord_01_train_lr_008/cagrad_s2.json,/home/zhujjing/MOE-grad-conflict-routing/runs/paper_suite/single_gpu/single_task/roberta_sst2_ffn_e4_k2/hpo/cagrad/trial_runs/coord_01_train_lr_008/cagrad_s2_curve.csv
cagrad,coord_01_train_lr_008,3,0.908256880733945,0.908256880733945,0.908256880733945,False,/home/zhujjing/MOE-grad-conflict-routing/runs/paper_suite/single_gpu/single_task/roberta_sst2_ffn_e4_k2/hpo/cagrad/trial_runs/coord_01_train_lr_008/cagrad_s3.json,/home/zhujjing/MOE-grad-conflict-routing/runs/paper_suite/single_gpu/single_task/roberta_sst2_ffn_e4_k2/hpo/cagrad/trial_runs/coord_01_train_lr_008/cagrad_s3_curve.csv
cagrad,coord_01_train_lr_009,2,0.5091743119266054,0.4908256880733945,0.5,False,/home/zhujjing/MOE-grad-conflict-routing/runs/paper_suite/single_gpu/single_task/roberta_sst2_ffn_e4_k2/hpo/cagrad/trial_runs/coord_01_train_lr_009/cagrad_s2.json,/home/zhujjing/MOE-grad-conflict-routing/runs/paper_suite/single_gpu/single_task/roberta_sst2_ffn_e4_k2/hpo/cagrad/trial_runs/coord_01_train_lr_009/cagrad_s2_curve.csv
cagrad,coord_01_train_lr_009,3,0.5091743119266054,0.5091743119266054,0.5091743119266054,False,/home/zhujjing/MOE-grad-conflict-routing/runs/paper_suite/single_gpu/single_task/roberta_sst2_ffn_e4_k2/hpo/cagrad/trial_runs/coord_01_train_lr_009/cagrad_s3.json,/home/zhujjing/MOE-grad-conflict-routing/runs/paper_suite/single_gpu/single_task/roberta_sst2_ffn_e4_k2/hpo/cagrad/trial_runs/coord_01_train_lr_009/cagrad_s3_curve.csv
cagrad,coord_01_train_lr_010,2,0.7958715596330275,0.768348623853211,0.7821100917431192,False,/home/zhujjing/MOE-grad-conflict-routing/runs/paper_suite/single_gpu/single_task/roberta_sst2_ffn_e4_k2/hpo/cagrad/trial_runs/coord_01_train_lr_010/cagrad_s2.json,/home/zhujjing/MOE-grad-conflict-routing/runs/paper_suite/single_gpu/single_task/roberta_sst2_ffn_e4_k2/hpo/cagrad/trial_runs/coord_01_train_lr_010/cagrad_s2_curve.csv
cagrad,coord_01_train_lr_010,3,0.8325688073394495,0.8153669724770642,0.8239678899082569,False,/home/zhujjing/MOE-grad-conflict-routing/runs/paper_suite/single_gpu/single_task/roberta_sst2_ffn_e4_k2/hpo/cagrad/trial_runs/coord_01_train_lr_010/cagrad_s3.json,/home/zhujjing/MOE-grad-conflict-routing/runs/paper_suite/single_gpu/single_task/roberta_sst2_ffn_e4_k2/hpo/cagrad/trial_runs/coord_01_train_lr_010/cagrad_s3_curve.csv
cagrad,coord_01_train_lr_011,2,0.8509174311926605,0.8509174311926605,0.8509174311926605,False,/home/zhujjing/MOE-grad-conflict-routing/runs/paper_suite/single_gpu/single_task/roberta_sst2_ffn_e4_k2/hpo/cagrad/trial_runs/coord_01_train_lr_011/cagrad_s2.json,/home/zhujjing/MOE-grad-conflict-routing/runs/paper_suite/single_gpu/single_task/roberta_sst2_ffn_e4_k2/hpo/cagrad/trial_runs/coord_01_train_lr_011/cagrad_s2_curve.csv
cagrad,coord_01_train_lr_011,3,0.8577981651376146,0.8577981651376146,0.8577981651376146,False,/home/zhujjing/MOE-grad-conflict-routing/runs/paper_suite/single_gpu/single_task/roberta_sst2_ffn_e4_k2/hpo/cagrad/trial_runs/coord_01_train_lr_011/cagrad_s3.json,/home/zhujjing/MOE-grad-conflict-routing/runs/paper_suite/single_gpu/single_task/roberta_sst2_ffn_e4_k2/hpo/cagrad/trial_runs/coord_01_train_lr_011/cagrad_s3_curve.csv
cagrad,coord_01_train_lr_012,2,0.5091743119266054,0.5091743119266054,0.5091743119266054,False,/home/zhujjing/MOE-grad-conflict-routing/runs/paper_suite/single_gpu/single_task/roberta_sst2_ffn_e4_k2/hpo/cagrad/trial_runs/coord_01_train_lr_012/cagrad_s2.json,/home/zhujjing/MOE-grad-conflict-routing/runs/paper_suite/single_gpu/single_task/roberta_sst2_ffn_e4_k2/hpo/cagrad/trial_runs/coord_01_train_lr_012/cagrad_s2_curve.csv
cagrad,coord_01_train_lr_012,3,0.5091743119266054,0.5091743119266054,0.5091743119266054,False,/home/zhujjing/MOE-grad-conflict-routing/runs/paper_suite/single_gpu/single_task/roberta_sst2_ffn_e4_k2/hpo/cagrad/trial_runs/coord_01_train_lr_012/cagrad_s3.json,/home/zhujjing/MOE-grad-conflict-routing/runs/paper_suite/single_gpu/single_task/roberta_sst2_ffn_e4_k2/hpo/cagrad/trial_runs/coord_01_train_lr_012/cagrad_s3_curve.csv
cagrad,coord_01_train_lr_013,2,0.841743119266055,0.841743119266055,0.841743119266055,False,/home/zhujjing/MOE-grad-conflict-routing/runs/paper_suite/single_gpu/single_task/roberta_sst2_ffn_e4_k2/hpo/cagrad/trial_runs/coord_01_train_lr_013/cagrad_s2.json,/home/zhujjing/MOE-grad-conflict-routing/runs/paper_suite/single_gpu/single_task/roberta_sst2_ffn_e4_k2/hpo/cagrad/trial_runs/coord_01_train_lr_013/cagrad_s2_curve.csv
cagrad,coord_01_train_lr_013,3,0.8268348623853211,0.8268348623853211,0.8268348623853211,False,/home/zhujjing/MOE-grad-conflict-routing/runs/paper_suite/single_gpu/single_task/roberta_sst2_ffn_e4_k2/hpo/cagrad/trial_runs/coord_01_train_lr_013/cagrad_s3.json,/home/zhujjing/MOE-grad-conflict-routing/runs/paper_suite/single_gpu/single_task/roberta_sst2_ffn_e4_k2/hpo/cagrad/trial_runs/coord_01_train_lr_013/cagrad_s3_curve.csv
cagrad,coord_01_train_lr_014,2,0.5091743119266054,0.5091743119266054,0.5091743119266054,False,/home/zhujjing/MOE-grad-conflict-routing/runs/paper_suite/single_gpu/single_task/roberta_sst2_ffn_e4_k2/hpo/cagrad/trial_runs/coord_01_train_lr_014/cagrad_s2.json,/home/zhujjing/MOE-grad-conflict-routing/runs/paper_suite/single_gpu/single_task/roberta_sst2_ffn_e4_k2/hpo/cagrad/trial_runs/coord_01_train_lr_014/cagrad_s2_curve.csv
cagrad,coord_01_train_lr_014,3,0.5091743119266054,0.5091743119266054,0.5091743119266054,False,/home/zhujjing/MOE-grad-conflict-routing/runs/paper_suite/single_gpu/single_task/roberta_sst2_ffn_e4_k2/hpo/cagrad/trial_runs/coord_01_train_lr_014/cagrad_s3.json,/home/zhujjing/MOE-grad-conflict-routing/runs/paper_suite/single_gpu/single_task/roberta_sst2_ffn_e4_k2/hpo/cagrad/trial_runs/coord_01_train_lr_014/cagrad_s3_curve.csv
cagrad,coord_01_train_lr_015,2,0.5091743119266054,0.5091743119266054,0.5091743119266054,False,/home/zhujjing/MOE-grad-conflict-routing/runs/paper_suite/single_gpu/single_task/roberta_sst2_ffn_e4_k2/hpo/cagrad/trial_runs/coord_01_train_lr_015/cagrad_s2.json,/home/zhujjing/MOE-grad-conflict-routing/runs/paper_suite/single_gpu/single_task/roberta_sst2_ffn_e4_k2/hpo/cagrad/trial_runs/coord_01_train_lr_015/cagrad_s2_curve.csv
cagrad,coord_01_train_lr_015,3,0.5091743119266054,0.5091743119266054,0.5091743119266054,False,/home/zhujjing/MOE-grad-conflict-routing/runs/paper_suite/single_gpu/single_task/roberta_sst2_ffn_e4_k2/hpo/cagrad/trial_runs/coord_01_train_lr_015/cagrad_s3.json,/home/zhujjing/MOE-grad-conflict-routing/runs/paper_suite/single_gpu/single_task/roberta_sst2_ffn_e4_k2/hpo/cagrad/trial_runs/coord_01_train_lr_015/cagrad_s3_curve.csv
cagrad,coord_01_train_lr_016,2,0.8910550458715596,0.8910550458715596,0.8910550458715596,False,/home/zhujjing/MOE-grad-conflict-routing/runs/paper_suite/single_gpu/single_task/roberta_sst2_ffn_e4_k2/hpo/cagrad/trial_runs/coord_01_train_lr_016/cagrad_s2.json,/home/zhujjing/MOE-grad-conflict-routing/runs/paper_suite/single_gpu/single_task/roberta_sst2_ffn_e4_k2/hpo/cagrad/trial_runs/coord_01_train_lr_016/cagrad_s2_curve.csv
cagrad,coord_01_train_lr_016,3,0.9105504587155964,0.9105504587155964,0.9105504587155964,False,/home/zhujjing/MOE-grad-conflict-routing/runs/paper_suite/single_gpu/single_task/roberta_sst2_ffn_e4_k2/hpo/cagrad/trial_runs/coord_01_train_lr_016/cagrad_s3.json,/home/zhujjing/MOE-grad-conflict-routing/runs/paper_suite/single_gpu/single_task/roberta_sst2_ffn_e4_k2/hpo/cagrad/trial_runs/coord_01_train_lr_016/cagrad_s3_curve.csv
cagrad,coord_01_train_lr_017,2,0.7327981651376146,0.7327981651376146,0.7327981651376146,False,/home/zhujjing/MOE-grad-conflict-routing/runs/paper_suite/single_gpu/single_task/roberta_sst2_ffn_e4_k2/hpo/cagrad/trial_runs/coord_01_train_lr_017/cagrad_s2.json,/home/zhujjing/MOE-grad-conflict-routing/runs/paper_suite/single_gpu/single_task/roberta_sst2_ffn_e4_k2/hpo/cagrad/trial_runs/coord_01_train_lr_017/cagrad_s2_curve.csv
cagrad,coord_01_train_lr_017,3,0.8635321100917431,0.8635321100917431,0.8635321100917431,False,/home/zhujjing/MOE-grad-conflict-routing/runs/paper_suite/single_gpu/single_task/roberta_sst2_ffn_e4_k2/hpo/cagrad/trial_runs/coord_01_train_lr_017/cagrad_s3.json,/home/zhujjing/MOE-grad-conflict-routing/runs/paper_suite/single_gpu/single_task/roberta_sst2_ffn_e4_k2/hpo/cagrad/trial_runs/coord_01_train_lr_017/cagrad_s3_curve.csv
cagrad,coord_01_train_lr_018,2,0.8990825688073395,0.8990825688073395,0.8990825688073395,False,/home/zhujjing/MOE-grad-conflict-routing/runs/paper_suite/single_gpu/single_task/roberta_sst2_ffn_e4_k2/hpo/cagrad/trial_runs/coord_01_train_lr_018/cagrad_s2.json,/home/zhujjing/MOE-grad-conflict-routing/runs/paper_suite/single_gpu/single_task/roberta_sst2_ffn_e4_k2/hpo/cagrad/trial_runs/coord_01_train_lr_018/cagrad_s2_curve.csv
cagrad,coord_01_train_lr_018,3,0.9208715596330275,0.9208715596330275,0.9208715596330275,False,/home/zhujjing/MOE-grad-conflict-routing/runs/paper_suite/single_gpu/single_task/roberta_sst2_ffn_e4_k2/hpo/cagrad/trial_runs/coord_01_train_lr_018/cagrad_s3.json,/home/zhujjing/MOE-grad-conflict-routing/runs/paper_suite/single_gpu/single_task/roberta_sst2_ffn_e4_k2/hpo/cagrad/trial_runs/coord_01_train_lr_018/cagrad_s3_curve.csv
cagrad,coord_02_anchor,2,0.9162844036697247,0.9162844036697247,0.9162844036697247,False,/home/zhujjing/MOE-grad-conflict-routing/runs/paper_suite/single_gpu/single_task/roberta_sst2_ffn_e4_k2/hpo/cagrad/trial_runs/coord_02_anchor/cagrad_s2.json,/home/zhujjing/MOE-grad-conflict-routing/runs/paper_suite/single_gpu/single_task/roberta_sst2_ffn_e4_k2/hpo/cagrad/trial_runs/coord_02_anchor/cagrad_s2_curve.csv
cagrad,coord_02_anchor,3,0.9128440366972477,0.9128440366972477,0.9128440366972477,False,/home/zhujjing/MOE-grad-conflict-routing/runs/paper_suite/single_gpu/single_task/roberta_sst2_ffn_e4_k2/hpo/cagrad/trial_runs/coord_02_anchor/cagrad_s3.json,/home/zhujjing/MOE-grad-conflict-routing/runs/paper_suite/single_gpu/single_task/roberta_sst2_ffn_e4_k2/hpo/cagrad/trial_runs/coord_02_anchor/cagrad_s3_curve.csv
cagrad,coord_02_train_weight_decay_000,2,0.8979357798165137,0.8979357798165137,0.8979357798165137,False,/home/zhujjing/MOE-grad-conflict-routing/runs/paper_suite/single_gpu/single_task/roberta_sst2_ffn_e4_k2/hpo/cagrad/trial_runs/coord_02_train_weight_decay_000/cagrad_s2.json,/home/zhujjing/MOE-grad-conflict-routing/runs/paper_suite/single_gpu/single_task/roberta_sst2_ffn_e4_k2/hpo/cagrad/trial_runs/coord_02_train_weight_decay_000/cagrad_s2_curve.csv
cagrad,coord_02_train_weight_decay_000,3,0.9185779816513762,0.9185779816513762,0.9185779816513762,False,/home/zhujjing/MOE-grad-conflict-routing/runs/paper_suite/single_gpu/single_task/roberta_sst2_ffn_e4_k2/hpo/cagrad/trial_runs/coord_02_train_weight_decay_000/cagrad_s3.json,/home/zhujjing/MOE-grad-conflict-routing/runs/paper_suite/single_gpu/single_task/roberta_sst2_ffn_e4_k2/hpo/cagrad/trial_runs/coord_02_train_weight_decay_000/cagrad_s3_curve.csv
cagrad,coord_02_train_weight_decay_001,2,0.9139908256880734,0.9139908256880734,0.9139908256880734,False,/home/zhujjing/MOE-grad-conflict-routing/runs/paper_suite/single_gpu/single_task/roberta_sst2_ffn_e4_k2/hpo/cagrad/trial_runs/coord_02_train_weight_decay_001/cagrad_s2.json,/home/zhujjing/MOE-grad-conflict-routing/runs/paper_suite/single_gpu/single_task/roberta_sst2_ffn_e4_k2/hpo/cagrad/trial_runs/coord_02_train_weight_decay_001/cagrad_s2_curve.csv
cagrad,coord_02_train_weight_decay_001,3,0.8944954128440367,0.8944954128440367,0.8944954128440367,False,/home/zhujjing/MOE-grad-conflict-routing/runs/paper_suite/single_gpu/single_task/roberta_sst2_ffn_e4_k2/hpo/cagrad/trial_runs/coord_02_train_weight_decay_001/cagrad_s3.json,/home/zhujjing/MOE-grad-conflict-routing/runs/paper_suite/single_gpu/single_task/roberta_sst2_ffn_e4_k2/hpo/cagrad/trial_runs/coord_02_train_weight_decay_001/cagrad_s3_curve.csv
cagrad,coord_02_train_weight_decay_002,2,0.8704128440366973,0.8692660550458715,0.8698394495412844,False,/home/zhujjing/MOE-grad-conflict-routing/runs/paper_suite/single_gpu/single_task/roberta_sst2_ffn_e4_k2/hpo/cagrad/trial_runs/coord_02_train_weight_decay_002/cagrad_s2.json,/home/zhujjing/MOE-grad-conflict-routing/runs/paper_suite/single_gpu/single_task/roberta_sst2_ffn_e4_k2/hpo/cagrad/trial_runs/coord_02_train_weight_decay_002/cagrad_s2_curve.csv
cagrad,coord_02_train_weight_decay_002,3,0.9197247706422018,0.8669724770642202,0.893348623853211,False,/home/zhujjing/MOE-grad-conflict-routing/runs/paper_suite/single_gpu/single_task/roberta_sst2_ffn_e4_k2/hpo/cagrad/trial_runs/coord_02_train_weight_decay_002/cagrad_s3.json,/home/zhujjing/MOE-grad-conflict-routing/runs/paper_suite/single_gpu/single_task/roberta_sst2_ffn_e4_k2/hpo/cagrad/trial_runs/coord_02_train_weight_decay_002/cagrad_s3_curve.csv
cagrad,coord_02_train_weight_decay_003,2,0.8967889908256881,0.8967889908256881,0.8967889908256881,False,/home/zhujjing/MOE-grad-conflict-routing/runs/paper_suite/single_gpu/single_task/roberta_sst2_ffn_e4_k2/hpo/cagrad/trial_runs/coord_02_train_weight_decay_003/cagrad_s2.json,/home/zhujjing/MOE-grad-conflict-routing/runs/paper_suite/single_gpu/single_task/roberta_sst2_ffn_e4_k2/hpo/cagrad/trial_runs/coord_02_train_weight_decay_003/cagrad_s2_curve.csv
cagrad,coord_02_train_weight_decay_003,3,0.9128440366972477,0.9128440366972477,0.9128440366972477,False,/home/zhujjing/MOE-grad-conflict-routing/runs/paper_suite/single_gpu/single_task/roberta_sst2_ffn_e4_k2/hpo/cagrad/trial_runs/coord_02_train_weight_decay_003/cagrad_s3.json,/home/zhujjing/MOE-grad-conflict-routing/runs/paper_suite/single_gpu/single_task/roberta_sst2_ffn_e4_k2/hpo/cagrad/trial_runs/coord_02_train_weight_decay_003/cagrad_s3_curve.csv
cagrad,coord_02_train_weight_decay_004,2,0.9013761467889908,0.9013761467889908,0.9013761467889908,False,/home/zhujjing/MOE-grad-conflict-routing/runs/paper_suite/single_gpu/single_task/roberta_sst2_ffn_e4_k2/hpo/cagrad/trial_runs/coord_02_train_weight_decay_004/cagrad_s2.json,/home/zhujjing/MOE-grad-conflict-routing/runs/paper_suite/single_gpu/single_task/roberta_sst2_ffn_e4_k2/hpo/cagrad/trial_runs/coord_02_train_weight_decay_004/cagrad_s2_curve.csv
cagrad,coord_02_train_weight_decay_004,3,0.9036697247706422,0.9036697247706422,0.9036697247706422,False,/home/zhujjing/MOE-grad-conflict-routing/runs/paper_suite/single_gpu/single_task/roberta_sst2_ffn_e4_k2/hpo/cagrad/trial_runs/coord_02_train_weight_decay_004/cagrad_s3.json,/home/zhujjing/MOE-grad-conflict-routing/runs/paper_suite/single_gpu/single_task/roberta_sst2_ffn_e4_k2/hpo/cagrad/trial_runs/coord_02_train_weight_decay_004/cagrad_s3_curve.csv
cagrad,coord_02_train_weight_decay_005,2,0.9025229357798165,0.9025229357798165,0.9025229357798165,False,/home/zhujjing/MOE-grad-conflict-routing/runs/paper_suite/single_gpu/single_task/roberta_sst2_ffn_e4_k2/hpo/cagrad/trial_runs/coord_02_train_weight_decay_005/cagrad_s2.json,/home/zhujjing/MOE-grad-conflict-routing/runs/paper_suite/single_gpu/single_task/roberta_sst2_ffn_e4_k2/hpo/cagrad/trial_runs/coord_02_train_weight_decay_005/cagrad_s2_curve.csv
cagrad,coord_02_train_weight_decay_005,3,0.9139908256880734,0.9139908256880734,0.9139908256880734,False,/home/zhujjing/MOE-grad-conflict-routing/runs/paper_suite/single_gpu/single_task/roberta_sst2_ffn_e4_k2/hpo/cagrad/trial_runs/coord_02_train_weight_decay_005/cagrad_s3.json,/home/zhujjing/MOE-grad-conflict-routing/runs/paper_suite/single_gpu/single_task/roberta_sst2_ffn_e4_k2/hpo/cagrad/trial_runs/coord_02_train_weight_decay_005/cagrad_s3_curve.csv
cagrad,coord_02_train_weight_decay_006,2,0.8979357798165137,0.8979357798165137,0.8979357798165137,False,/home/zhujjing/MOE-grad-conflict-routing/runs/paper_suite/single_gpu/single_task/roberta_sst2_ffn_e4_k2/hpo/cagrad/trial_runs/coord_02_train_weight_decay_006/cagrad_s2.json,/home/zhujjing/MOE-grad-conflict-routing/runs/paper_suite/single_gpu/single_task/roberta_sst2_ffn_e4_k2/hpo/cagrad/trial_runs/coord_02_train_weight_decay_006/cagrad_s2_curve.csv
cagrad,coord_02_train_weight_decay_006,3,0.9094036697247706,0.9094036697247706,0.9094036697247706,False,/home/zhujjing/MOE-grad-conflict-routing/runs/paper_suite/single_gpu/single_task/roberta_sst2_ffn_e4_k2/hpo/cagrad/trial_runs/coord_02_train_weight_decay_006/cagrad_s3.json,/home/zhujjing/MOE-grad-conflict-routing/runs/paper_suite/single_gpu/single_task/roberta_sst2_ffn_e4_k2/hpo/cagrad/trial_runs/coord_02_train_weight_decay_006/cagrad_s3_curve.csv
cagrad,coord_02_train_weight_decay_007,2,0.9036697247706422,0.9036697247706422,0.9036697247706422,False,/home/zhujjing/MOE-grad-conflict-routing/runs/paper_suite/single_gpu/single_task/roberta_sst2_ffn_e4_k2/hpo/cagrad/trial_runs/coord_02_train_weight_decay_007/cagrad_s2.json,/home/zhujjing/MOE-grad-conflict-routing/runs/paper_suite/single_gpu/single_task/roberta_sst2_ffn_e4_k2/hpo/cagrad/trial_runs/coord_02_train_weight_decay_007/cagrad_s2_curve.csv
cagrad,coord_02_train_weight_decay_007,3,0.8704128440366973,0.8704128440366973,0.8704128440366973,False,/home/zhujjing/MOE-grad-conflict-routing/runs/paper_suite/single_gpu/single_task/roberta_sst2_ffn_e4_k2/hpo/cagrad/trial_runs/coord_02_train_weight_decay_007/cagrad_s3.json,/home/zhujjing/MOE-grad-conflict-routing/runs/paper_suite/single_gpu/single_task/roberta_sst2_ffn_e4_k2/hpo/cagrad/trial_runs/coord_02_train_weight_decay_007/cagrad_s3_curve.csv
cagrad,coord_02_train_weight_decay_008,2,0.8967889908256881,0.8967889908256881,0.8967889908256881,False,/home/zhujjing/MOE-grad-conflict-routing/runs/paper_suite/single_gpu/single_task/roberta_sst2_ffn_e4_k2/hpo/cagrad/trial_runs/coord_02_train_weight_decay_008/cagrad_s2.json,/home/zhujjing/MOE-grad-conflict-routing/runs/paper_suite/single_gpu/single_task/roberta_sst2_ffn_e4_k2/hpo/cagrad/trial_runs/coord_02_train_weight_decay_008/cagrad_s2_curve.csv
cagrad,coord_02_train_weight_decay_008,3,0.8979357798165137,0.8979357798165137,0.8979357798165137,False,/home/zhujjing/MOE-grad-conflict-routing/runs/paper_suite/single_gpu/single_task/roberta_sst2_ffn_e4_k2/hpo/cagrad/trial_runs/coord_02_train_weight_decay_008/cagrad_s3.json,/home/zhujjing/MOE-grad-conflict-routing/runs/paper_suite/single_gpu/single_task/roberta_sst2_ffn_e4_k2/hpo/cagrad/trial_runs/coord_02_train_weight_decay_008/cagrad_s3_curve.csv
cagrad,coord_02_train_weight_decay_009,2,0.8727064220183486,0.8727064220183486,0.8727064220183486,False,/home/zhujjing/MOE-grad-conflict-routing/runs/paper_suite/single_gpu/single_task/roberta_sst2_ffn_e4_k2/hpo/cagrad/trial_runs/coord_02_train_weight_decay_009/cagrad_s2.json,/home/zhujjing/MOE-grad-conflict-routing/runs/paper_suite/single_gpu/single_task/roberta_sst2_ffn_e4_k2/hpo/cagrad/trial_runs/coord_02_train_weight_decay_009/cagrad_s2_curve.csv
cagrad,coord_02_train_weight_decay_009,3,0.9094036697247706,0.9094036697247706,0.9094036697247706,False,/home/zhujjing/MOE-grad-conflict-routing/runs/paper_suite/single_gpu/single_task/roberta_sst2_ffn_e4_k2/hpo/cagrad/trial_runs/coord_02_train_weight_decay_009/cagrad_s3.json,/home/zhujjing/MOE-grad-conflict-routing/runs/paper_suite/single_gpu/single_task/roberta_sst2_ffn_e4_k2/hpo/cagrad/trial_runs/coord_02_train_weight_decay_009/cagrad_s3_curve.csv
cagrad,coord_02_train_weight_decay_010,2,0.893348623853211,0.893348623853211,0.893348623853211,False,/home/zhujjing/MOE-grad-conflict-routing/runs/paper_suite/single_gpu/single_task/roberta_sst2_ffn_e4_k2/hpo/cagrad/trial_runs/coord_02_train_weight_decay_010/cagrad_s2.json,/home/zhujjing/MOE-grad-conflict-routing/runs/paper_suite/single_gpu/single_task/roberta_sst2_ffn_e4_k2/hpo/cagrad/trial_runs/coord_02_train_weight_decay_010/cagrad_s2_curve.csv
cagrad,coord_02_train_weight_decay_010,3,0.9094036697247706,0.9094036697247706,0.9094036697247706,False,/home/zhujjing/MOE-grad-conflict-routing/runs/paper_suite/single_gpu/single_task/roberta_sst2_ffn_e4_k2/hpo/cagrad/trial_runs/coord_02_train_weight_decay_010/cagrad_s3.json,/home/zhujjing/MOE-grad-conflict-routing/runs/paper_suite/single_gpu/single_task/roberta_sst2_ffn_e4_k2/hpo/cagrad/trial_runs/coord_02_train_weight_decay_010/cagrad_s3_curve.csv
cagrad,coord_02_train_weight_decay_011,2,0.8922018348623854,0.8922018348623854,0.8922018348623854,False,/home/zhujjing/MOE-grad-conflict-routing/runs/paper_suite/single_gpu/single_task/roberta_sst2_ffn_e4_k2/hpo/cagrad/trial_runs/coord_02_train_weight_decay_011/cagrad_s2.json,/home/zhujjing/MOE-grad-conflict-routing/runs/paper_suite/single_gpu/single_task/roberta_sst2_ffn_e4_k2/hpo/cagrad/trial_runs/coord_02_train_weight_decay_011/cagrad_s2_curve.csv
cagrad,coord_02_train_weight_decay_011,3,0.9162844036697247,0.9162844036697247,0.9162844036697247,False,/home/zhujjing/MOE-grad-conflict-routing/runs/paper_suite/single_gpu/single_task/roberta_sst2_ffn_e4_k2/hpo/cagrad/trial_runs/coord_02_train_weight_decay_011/cagrad_s3.json,/home/zhujjing/MOE-grad-conflict-routing/runs/paper_suite/single_gpu/single_task/roberta_sst2_ffn_e4_k2/hpo/cagrad/trial_runs/coord_02_train_weight_decay_011/cagrad_s3_curve.csv
cagrad,coord_02_train_weight_decay_012,2,0.8864678899082569,0.8864678899082569,0.8864678899082569,False,/home/zhujjing/MOE-grad-conflict-routing/runs/paper_suite/single_gpu/single_task/roberta_sst2_ffn_e4_k2/hpo/cagrad/trial_runs/coord_02_train_weight_decay_012/cagrad_s2.json,/home/zhujjing/MOE-grad-conflict-routing/runs/paper_suite/single_gpu/single_task/roberta_sst2_ffn_e4_k2/hpo/cagrad/trial_runs/coord_02_train_weight_decay_012/cagrad_s2_curve.csv
cagrad,coord_02_train_weight_decay_012,3,0.893348623853211,0.893348623853211,0.893348623853211,False,/home/zhujjing/MOE-grad-conflict-routing/runs/paper_suite/single_gpu/single_task/roberta_sst2_ffn_e4_k2/hpo/cagrad/trial_runs/coord_02_train_weight_decay_012/cagrad_s3.json,/home/zhujjing/MOE-grad-conflict-routing/runs/paper_suite/single_gpu/single_task/roberta_sst2_ffn_e4_k2/hpo/cagrad/trial_runs/coord_02_train_weight_decay_012/cagrad_s3_curve.csv
cagrad,coord_02_train_weight_decay_013,2,0.8073394495412844,0.7637614678899083,0.7855504587155964,False,/home/zhujjing/MOE-grad-conflict-routing/runs/paper_suite/single_gpu/single_task/roberta_sst2_ffn_e4_k2/hpo/cagrad/trial_runs/coord_02_train_weight_decay_013/cagrad_s2.json,/home/zhujjing/MOE-grad-conflict-routing/runs/paper_suite/single_gpu/single_task/roberta_sst2_ffn_e4_k2/hpo/cagrad/trial_runs/coord_02_train_weight_decay_013/cagrad_s2_curve.csv
cagrad,coord_02_train_weight_decay_013,3,0.9094036697247706,0.9094036697247706,0.9094036697247706,False,/home/zhujjing/MOE-grad-conflict-routing/runs/paper_suite/single_gpu/single_task/roberta_sst2_ffn_e4_k2/hpo/cagrad/trial_runs/coord_02_train_weight_decay_013/cagrad_s3.json,/home/zhujjing/MOE-grad-conflict-routing/runs/paper_suite/single_gpu/single_task/roberta_sst2_ffn_e4_k2/hpo/cagrad/trial_runs/coord_02_train_weight_decay_013/cagrad_s3_curve.csv
cagrad,coord_02_train_weight_decay_014,2,0.9059633027522935,0.9059633027522935,0.9059633027522935,False,/home/zhujjing/MOE-grad-conflict-routing/runs/paper_suite/single_gpu/single_task/roberta_sst2_ffn_e4_k2/hpo/cagrad/trial_runs/coord_02_train_weight_decay_014/cagrad_s2.json,/home/zhujjing/MOE-grad-conflict-routing/runs/paper_suite/single_gpu/single_task/roberta_sst2_ffn_e4_k2/hpo/cagrad/trial_runs/coord_02_train_weight_decay_014/cagrad_s2_curve.csv
cagrad,coord_02_train_weight_decay_014,3,0.8956422018348624,0.8956422018348624,0.8956422018348624,False,/home/zhujjing/MOE-grad-conflict-routing/runs/paper_suite/single_gpu/single_task/roberta_sst2_ffn_e4_k2/hpo/cagrad/trial_runs/coord_02_train_weight_decay_014/cagrad_s3.json,/home/zhujjing/MOE-grad-conflict-routing/runs/paper_suite/single_gpu/single_task/roberta_sst2_ffn_e4_k2/hpo/cagrad/trial_runs/coord_02_train_weight_decay_014/cagrad_s3_curve.csv
cagrad,coord_02_train_weight_decay_015,2,0.908256880733945,0.908256880733945,0.908256880733945,False,/home/zhujjing/MOE-grad-conflict-routing/runs/paper_suite/single_gpu/single_task/roberta_sst2_ffn_e4_k2/hpo/cagrad/trial_runs/coord_02_train_weight_decay_015/cagrad_s2.json,/home/zhujjing/MOE-grad-conflict-routing/runs/paper_suite/single_gpu/single_task/roberta_sst2_ffn_e4_k2/hpo/cagrad/trial_runs/coord_02_train_weight_decay_015/cagrad_s2_curve.csv
cagrad,coord_02_train_weight_decay_015,3,0.8922018348623854,0.8360091743119266,0.864105504587156,False,/home/zhujjing/MOE-grad-conflict-routing/runs/paper_suite/single_gpu/single_task/roberta_sst2_ffn_e4_k2/hpo/cagrad/trial_runs/coord_02_train_weight_decay_015/cagrad_s3.json,/home/zhujjing/MOE-grad-conflict-routing/runs/paper_suite/single_gpu/single_task/roberta_sst2_ffn_e4_k2/hpo/cagrad/trial_runs/coord_02_train_weight_decay_015/cagrad_s3_curve.csv
cagrad,coord_02_train_weight_decay_016,2,0.8864678899082569,0.8864678899082569,0.8864678899082569,False,/home/zhujjing/MOE-grad-conflict-routing/runs/paper_suite/single_gpu/single_task/roberta_sst2_ffn_e4_k2/hpo/cagrad/trial_runs/coord_02_train_weight_decay_016/cagrad_s2.json,/home/zhujjing/MOE-grad-conflict-routing/runs/paper_suite/single_gpu/single_task/roberta_sst2_ffn_e4_k2/hpo/cagrad/trial_runs/coord_02_train_weight_decay_016/cagrad_s2_curve.csv
cagrad,coord_02_train_weight_decay_016,3,0.9025229357798165,0.9025229357798165,0.9025229357798165,False,/home/zhujjing/MOE-grad-conflict-routing/runs/paper_suite/single_gpu/single_task/roberta_sst2_ffn_e4_k2/hpo/cagrad/trial_runs/coord_02_train_weight_decay_016/cagrad_s3.json,/home/zhujjing/MOE-grad-conflict-routing/runs/paper_suite/single_gpu/single_task/roberta_sst2_ffn_e4_k2/hpo/cagrad/trial_runs/coord_02_train_weight_decay_016/cagrad_s3_curve.csv
cagrad,coord_02_train_weight_decay_017,2,0.908256880733945,0.908256880733945,0.908256880733945,False,/home/zhujjing/MOE-grad-conflict-routing/runs/paper_suite/single_gpu/single_task/roberta_sst2_ffn_e4_k2/hpo/cagrad/trial_runs/coord_02_train_weight_decay_017/cagrad_s2.json,/home/zhujjing/MOE-grad-conflict-routing/runs/paper_suite/single_gpu/single_task/roberta_sst2_ffn_e4_k2/hpo/cagrad/trial_runs/coord_02_train_weight_decay_017/cagrad_s2_curve.csv
cagrad,coord_02_train_weight_decay_017,3,0.9013761467889908,0.8818807339449541,0.8916284403669725,False,/home/zhujjing/MOE-grad-conflict-routing/runs/paper_suite/single_gpu/single_task/roberta_sst2_ffn_e4_k2/hpo/cagrad/trial_runs/coord_02_train_weight_decay_017/cagrad_s3.json,/home/zhujjing/MOE-grad-conflict-routing/runs/paper_suite/single_gpu/single_task/roberta_sst2_ffn_e4_k2/hpo/cagrad/trial_runs/coord_02_train_weight_decay_017/cagrad_s3_curve.csv
cagrad,coord_03_anchor,2,0.893348623853211,0.893348623853211,0.893348623853211,False,/home/zhujjing/MOE-grad-conflict-routing/runs/paper_suite/single_gpu/single_task/roberta_sst2_ffn_e4_k2/hpo/cagrad/trial_runs/coord_03_anchor/cagrad_s2.json,/home/zhujjing/MOE-grad-conflict-routing/runs/paper_suite/single_gpu/single_task/roberta_sst2_ffn_e4_k2/hpo/cagrad/trial_runs/coord_03_anchor/cagrad_s2_curve.csv
cagrad,coord_03_anchor,3,0.9048165137614679,0.8944954128440367,0.8996559633027523,False,/home/zhujjing/MOE-grad-conflict-routing/runs/paper_suite/single_gpu/single_task/roberta_sst2_ffn_e4_k2/hpo/cagrad/trial_runs/coord_03_anchor/cagrad_s3.json,/home/zhujjing/MOE-grad-conflict-routing/runs/paper_suite/single_gpu/single_task/roberta_sst2_ffn_e4_k2/hpo/cagrad/trial_runs/coord_03_anchor/cagrad_s3_curve.csv
cagrad,coord_03_train_grad_clip_000,2,0.9071100917431193,0.9071100917431193,0.9071100917431193,False,/home/zhujjing/MOE-grad-conflict-routing/runs/paper_suite/single_gpu/single_task/roberta_sst2_ffn_e4_k2/hpo/cagrad/trial_runs/coord_03_train_grad_clip_000/cagrad_s2.json,/home/zhujjing/MOE-grad-conflict-routing/runs/paper_suite/single_gpu/single_task/roberta_sst2_ffn_e4_k2/hpo/cagrad/trial_runs/coord_03_train_grad_clip_000/cagrad_s2_curve.csv
cagrad,coord_03_train_grad_clip_000,3,0.9162844036697247,0.9025229357798165,0.9094036697247706,False,/home/zhujjing/MOE-grad-conflict-routing/runs/paper_suite/single_gpu/single_task/roberta_sst2_ffn_e4_k2/hpo/cagrad/trial_runs/coord_03_train_grad_clip_000/cagrad_s3.json,/home/zhujjing/MOE-grad-conflict-routing/runs/paper_suite/single_gpu/single_task/roberta_sst2_ffn_e4_k2/hpo/cagrad/trial_runs/coord_03_train_grad_clip_000/cagrad_s3_curve.csv
cagrad,coord_03_train_grad_clip_001,2,0.8990825688073395,0.8990825688073395,0.8990825688073395,False,/home/zhujjing/MOE-grad-conflict-routing/runs/paper_suite/single_gpu/single_task/roberta_sst2_ffn_e4_k2/hpo/cagrad/trial_runs/coord_03_train_grad_clip_001/cagrad_s2.json,/home/zhujjing/MOE-grad-conflict-routing/runs/paper_suite/single_gpu/single_task/roberta_sst2_ffn_e4_k2/hpo/cagrad/trial_runs/coord_03_train_grad_clip_001/cagrad_s2_curve.csv
cagrad,coord_03_train_grad_clip_001,3,0.911697247706422,0.911697247706422,0.911697247706422,False,/home/zhujjing/MOE-grad-conflict-routing/runs/paper_suite/single_gpu/single_task/roberta_sst2_ffn_e4_k2/hpo/cagrad/trial_runs/coord_03_train_grad_clip_001/cagrad_s3.json,/home/zhujjing/MOE-grad-conflict-routing/runs/paper_suite/single_gpu/single_task/roberta_sst2_ffn_e4_k2/hpo/cagrad/trial_runs/coord_03_train_grad_clip_001/cagrad_s3_curve.csv
cagrad,coord_03_train_grad_clip_002,2,0.9025229357798165,0.9025229357798165,0.9025229357798165,False,/home/zhujjing/MOE-grad-conflict-routing/runs/paper_suite/single_gpu/single_task/roberta_sst2_ffn_e4_k2/hpo/cagrad/trial_runs/coord_03_train_grad_clip_002/cagrad_s2.json,/home/zhujjing/MOE-grad-conflict-routing/runs/paper_suite/single_gpu/single_task/roberta_sst2_ffn_e4_k2/hpo/cagrad/trial_runs/coord_03_train_grad_clip_002/cagrad_s2_curve.csv
cagrad,coord_03_train_grad_clip_002,3,0.8887614678899083,0.8887614678899083,0.8887614678899083,False,/home/zhujjing/MOE-grad-conflict-routing/runs/paper_suite/single_gpu/single_task/roberta_sst2_ffn_e4_k2/hpo/cagrad/trial_runs/coord_03_train_grad_clip_002/cagrad_s3.json,/home/zhujjing/MOE-grad-conflict-routing/runs/paper_suite/single_gpu/single_task/roberta_sst2_ffn_e4_k2/hpo/cagrad/trial_runs/coord_03_train_grad_clip_002/cagrad_s3_curve.csv
cagrad,coord_03_train_grad_clip_003,2,0.8704128440366973,0.8646788990825688,0.867545871559633,False,/home/zhujjing/MOE-grad-conflict-routing/runs/paper_suite/single_gpu/single_task/roberta_sst2_ffn_e4_k2/hpo/cagrad/trial_runs/coord_03_train_grad_clip_003/cagrad_s2.json,/home/zhujjing/MOE-grad-conflict-routing/runs/paper_suite/single_gpu/single_task/roberta_sst2_ffn_e4_k2/hpo/cagrad/trial_runs/coord_03_train_grad_clip_003/cagrad_s2_curve.csv
cagrad,coord_03_train_grad_clip_003,3,0.9185779816513762,0.9185779816513762,0.9185779816513762,False,/home/zhujjing/MOE-grad-conflict-routing/runs/paper_suite/single_gpu/single_task/roberta_sst2_ffn_e4_k2/hpo/cagrad/trial_runs/coord_03_train_grad_clip_003/cagrad_s3.json,/home/zhujjing/MOE-grad-conflict-routing/runs/paper_suite/single_gpu/single_task/roberta_sst2_ffn_e4_k2/hpo/cagrad/trial_runs/coord_03_train_grad_clip_003/cagrad_s3_curve.csv
cagrad,coord_03_train_grad_clip_004,2,0.9013761467889908,0.9013761467889908,0.9013761467889908,False,/home/zhujjing/MOE-grad-conflict-routing/runs/paper_suite/single_gpu/single_task/roberta_sst2_ffn_e4_k2/hpo/cagrad/trial_runs/coord_03_train_grad_clip_004/cagrad_s2.json,/home/zhujjing/MOE-grad-conflict-routing/runs/paper_suite/single_gpu/single_task/roberta_sst2_ffn_e4_k2/hpo/cagrad/trial_runs/coord_03_train_grad_clip_004/cagrad_s2_curve.csv
cagrad,coord_03_train_grad_clip_004,3,0.8979357798165137,0.8956422018348624,0.8967889908256881,False,/home/zhujjing/MOE-grad-conflict-routing/runs/paper_suite/single_gpu/single_task/roberta_sst2_ffn_e4_k2/hpo/cagrad/trial_runs/coord_03_train_grad_clip_004/cagrad_s3.json,/home/zhujjing/MOE-grad-conflict-routing/runs/paper_suite/single_gpu/single_task/roberta_sst2_ffn_e4_k2/hpo/cagrad/trial_runs/coord_03_train_grad_clip_004/cagrad_s3_curve.csv
cagrad,coord_03_train_grad_clip_005,2,0.8853211009174312,0.8853211009174312,0.8853211009174312,False,/home/zhujjing/MOE-grad-conflict-routing/runs/paper_suite/single_gpu/single_task/roberta_sst2_ffn_e4_k2/hpo/cagrad/trial_runs/coord_03_train_grad_clip_005/cagrad_s2.json,/home/zhujjing/MOE-grad-conflict-routing/runs/paper_suite/single_gpu/single_task/roberta_sst2_ffn_e4_k2/hpo/cagrad/trial_runs/coord_03_train_grad_clip_005/cagrad_s2_curve.csv
cagrad,coord_03_train_grad_clip_005,3,0.9128440366972477,0.9128440366972477,0.9128440366972477,False,/home/zhujjing/MOE-grad-conflict-routing/runs/paper_suite/single_gpu/single_task/roberta_sst2_ffn_e4_k2/hpo/cagrad/trial_runs/coord_03_train_grad_clip_005/cagrad_s3.json,/home/zhujjing/MOE-grad-conflict-routing/runs/paper_suite/single_gpu/single_task/roberta_sst2_ffn_e4_k2/hpo/cagrad/trial_runs/coord_03_train_grad_clip_005/cagrad_s3_curve.csv
cagrad,coord_03_train_grad_clip_006,2,0.8899082568807339,0.8899082568807339,0.8899082568807339,False,/home/zhujjing/MOE-grad-conflict-routing/runs/paper_suite/single_gpu/single_task/roberta_sst2_ffn_e4_k2/hpo/cagrad/trial_runs/coord_03_train_grad_clip_006/cagrad_s2.json,/home/zhujjing/MOE-grad-conflict-routing/runs/paper_suite/single_gpu/single_task/roberta_sst2_ffn_e4_k2/hpo/cagrad/trial_runs/coord_03_train_grad_clip_006/cagrad_s2_curve.csv
cagrad,coord_03_train_grad_clip_006,3,0.9174311926605505,0.9174311926605505,0.9174311926605505,False,/home/zhujjing/MOE-grad-conflict-routing/runs/paper_suite/single_gpu/single_task/roberta_sst2_ffn_e4_k2/hpo/cagrad/trial_runs/coord_03_train_grad_clip_006/cagrad_s3.json,/home/zhujjing/MOE-grad-conflict-routing/runs/paper_suite/single_gpu/single_task/roberta_sst2_ffn_e4_k2/hpo/cagrad/trial_runs/coord_03_train_grad_clip_006/cagrad_s3_curve.csv
cagrad,coord_03_train_grad_clip_007,2,0.8807339449541285,0.8623853211009175,0.871559633027523,False,/home/zhujjing/MOE-grad-conflict-routing/runs/paper_suite/single_gpu/single_task/roberta_sst2_ffn_e4_k2/hpo/cagrad/trial_runs/coord_03_train_grad_clip_007/cagrad_s2.json,/home/zhujjing/MOE-grad-conflict-routing/runs/paper_suite/single_gpu/single_task/roberta_sst2_ffn_e4_k2/hpo/cagrad/trial_runs/coord_03_train_grad_clip_007/cagrad_s2_curve.csv
cagrad,coord_03_train_grad_clip_007,3,0.9162844036697247,0.9162844036697247,0.9162844036697247,False,/home/zhujjing/MOE-grad-conflict-routing/runs/paper_suite/single_gpu/single_task/roberta_sst2_ffn_e4_k2/hpo/cagrad/trial_runs/coord_03_train_grad_clip_007/cagrad_s3.json,/home/zhujjing/MOE-grad-conflict-routing/runs/paper_suite/single_gpu/single_task/roberta_sst2_ffn_e4_k2/hpo/cagrad/trial_runs/coord_03_train_grad_clip_007/cagrad_s3_curve.csv
cagrad,coord_03_train_grad_clip_008,2,0.8967889908256881,0.8967889908256881,0.8967889908256881,False,/home/zhujjing/MOE-grad-conflict-routing/runs/paper_suite/single_gpu/single_task/roberta_sst2_ffn_e4_k2/hpo/cagrad/trial_runs/coord_03_train_grad_clip_008/cagrad_s2.json,/home/zhujjing/MOE-grad-conflict-routing/runs/paper_suite/single_gpu/single_task/roberta_sst2_ffn_e4_k2/hpo/cagrad/trial_runs/coord_03_train_grad_clip_008/cagrad_s2_curve.csv
cagrad,coord_03_train_grad_clip_008,3,0.8967889908256881,0.8463302752293578,0.8715596330275229,False,/home/zhujjing/MOE-grad-conflict-routing/runs/paper_suite/single_gpu/single_task/roberta_sst2_ffn_e4_k2/hpo/cagrad/trial_runs/coord_03_train_grad_clip_008/cagrad_s3.json,/home/zhujjing/MOE-grad-conflict-routing/runs/paper_suite/single_gpu/single_task/roberta_sst2_ffn_e4_k2/hpo/cagrad/trial_runs/coord_03_train_grad_clip_008/cagrad_s3_curve.csv
cagrad,coord_03_train_grad_clip_009,2,0.8876146788990825,0.8876146788990825,0.8876146788990825,False,/home/zhujjing/MOE-grad-conflict-routing/runs/paper_suite/single_gpu/single_task/roberta_sst2_ffn_e4_k2/hpo/cagrad/trial_runs/coord_03_train_grad_clip_009/cagrad_s2.json,/home/zhujjing/MOE-grad-conflict-routing/runs/paper_suite/single_gpu/single_task/roberta_sst2_ffn_e4_k2/hpo/cagrad/trial_runs/coord_03_train_grad_clip_009/cagrad_s2_curve.csv
cagrad,coord_03_train_grad_clip_009,3,0.9197247706422018,0.9197247706422018,0.9197247706422018,False,/home/zhujjing/MOE-grad-conflict-routing/runs/paper_suite/single_gpu/single_task/roberta_sst2_ffn_e4_k2/hpo/cagrad/trial_runs/coord_03_train_grad_clip_009/cagrad_s3.json,/home/zhujjing/MOE-grad-conflict-routing/runs/paper_suite/single_gpu/single_task/roberta_sst2_ffn_e4_k2/hpo/cagrad/trial_runs/coord_03_train_grad_clip_009/cagrad_s3_curve.csv
cagrad,coord_03_train_grad_clip_010,2,0.8887614678899083,0.8876146788990825,0.8881880733944953,False,/home/zhujjing/MOE-grad-conflict-routing/runs/paper_suite/single_gpu/single_task/roberta_sst2_ffn_e4_k2/hpo/cagrad/trial_runs/coord_03_train_grad_clip_010/cagrad_s2.json,/home/zhujjing/MOE-grad-conflict-routing/runs/paper_suite/single_gpu/single_task/roberta_sst2_ffn_e4_k2/hpo/cagrad/trial_runs/coord_03_train_grad_clip_010/cagrad_s2_curve.csv
cagrad,coord_03_train_grad_clip_010,3,0.908256880733945,0.908256880733945,0.908256880733945,False,/home/zhujjing/MOE-grad-conflict-routing/runs/paper_suite/single_gpu/single_task/roberta_sst2_ffn_e4_k2/hpo/cagrad/trial_runs/coord_03_train_grad_clip_010/cagrad_s3.json,/home/zhujjing/MOE-grad-conflict-routing/runs/paper_suite/single_gpu/single_task/roberta_sst2_ffn_e4_k2/hpo/cagrad/trial_runs/coord_03_train_grad_clip_010/cagrad_s3_curve.csv
cagrad,coord_03_train_grad_clip_011,2,0.8944954128440367,0.8944954128440367,0.8944954128440367,False,/home/zhujjing/MOE-grad-conflict-routing/runs/paper_suite/single_gpu/single_task/roberta_sst2_ffn_e4_k2/hpo/cagrad/trial_runs/coord_03_train_grad_clip_011/cagrad_s2.json,/home/zhujjing/MOE-grad-conflict-routing/runs/paper_suite/single_gpu/single_task/roberta_sst2_ffn_e4_k2/hpo/cagrad/trial_runs/coord_03_train_grad_clip_011/cagrad_s2_curve.csv
cagrad,coord_03_train_grad_clip_011,3,0.911697247706422,0.911697247706422,0.911697247706422,False,/home/zhujjing/MOE-grad-conflict-routing/runs/paper_suite/single_gpu/single_task/roberta_sst2_ffn_e4_k2/hpo/cagrad/trial_runs/coord_03_train_grad_clip_011/cagrad_s3.json,/home/zhujjing/MOE-grad-conflict-routing/runs/paper_suite/single_gpu/single_task/roberta_sst2_ffn_e4_k2/hpo/cagrad/trial_runs/coord_03_train_grad_clip_011/cagrad_s3_curve.csv
cagrad,coord_03_train_grad_clip_012,2,0.8956422018348624,0.8956422018348624,0.8956422018348624,False,/home/zhujjing/MOE-grad-conflict-routing/runs/paper_suite/single_gpu/single_task/roberta_sst2_ffn_e4_k2/hpo/cagrad/trial_runs/coord_03_train_grad_clip_012/cagrad_s2.json,/home/zhujjing/MOE-grad-conflict-routing/runs/paper_suite/single_gpu/single_task/roberta_sst2_ffn_e4_k2/hpo/cagrad/trial_runs/coord_03_train_grad_clip_012/cagrad_s2_curve.csv
cagrad,coord_03_train_grad_clip_012,3,0.908256880733945,0.908256880733945,0.908256880733945,False,/home/zhujjing/MOE-grad-conflict-routing/runs/paper_suite/single_gpu/single_task/roberta_sst2_ffn_e4_k2/hpo/cagrad/trial_runs/coord_03_train_grad_clip_012/cagrad_s3.json,/home/zhujjing/MOE-grad-conflict-routing/runs/paper_suite/single_gpu/single_task/roberta_sst2_ffn_e4_k2/hpo/cagrad/trial_runs/coord_03_train_grad_clip_012/cagrad_s3_curve.csv
cagrad,coord_03_train_grad_clip_013,2,0.8899082568807339,0.8899082568807339,0.8899082568807339,False,/home/zhujjing/MOE-grad-conflict-routing/runs/paper_suite/single_gpu/single_task/roberta_sst2_ffn_e4_k2/hpo/cagrad/trial_runs/coord_03_train_grad_clip_013/cagrad_s2.json,/home/zhujjing/MOE-grad-conflict-routing/runs/paper_suite/single_gpu/single_task/roberta_sst2_ffn_e4_k2/hpo/cagrad/trial_runs/coord_03_train_grad_clip_013/cagrad_s2_curve.csv
cagrad,coord_03_train_grad_clip_013,3,0.9139908256880734,0.9139908256880734,0.9139908256880734,False,/home/zhujjing/MOE-grad-conflict-routing/runs/paper_suite/single_gpu/single_task/roberta_sst2_ffn_e4_k2/hpo/cagrad/trial_runs/coord_03_train_grad_clip_013/cagrad_s3.json,/home/zhujjing/MOE-grad-conflict-routing/runs/paper_suite/single_gpu/single_task/roberta_sst2_ffn_e4_k2/hpo/cagrad/trial_runs/coord_03_train_grad_clip_013/cagrad_s3_curve.csv
cagrad,coord_03_train_grad_clip_014,2,0.8864678899082569,0.8864678899082569,0.8864678899082569,False,/home/zhujjing/MOE-grad-conflict-routing/runs/paper_suite/single_gpu/single_task/roberta_sst2_ffn_e4_k2/hpo/cagrad/trial_runs/coord_03_train_grad_clip_014/cagrad_s2.json,/home/zhujjing/MOE-grad-conflict-routing/runs/paper_suite/single_gpu/single_task/roberta_sst2_ffn_e4_k2/hpo/cagrad/trial_runs/coord_03_train_grad_clip_014/cagrad_s2_curve.csv
cagrad,coord_03_train_grad_clip_014,3,0.9128440366972477,0.9128440366972477,0.9128440366972477,False,/home/zhujjing/MOE-grad-conflict-routing/runs/paper_suite/single_gpu/single_task/roberta_sst2_ffn_e4_k2/hpo/cagrad/trial_runs/coord_03_train_grad_clip_014/cagrad_s3.json,/home/zhujjing/MOE-grad-conflict-routing/runs/paper_suite/single_gpu/single_task/roberta_sst2_ffn_e4_k2/hpo/cagrad/trial_runs/coord_03_train_grad_clip_014/cagrad_s3_curve.csv
cagrad,coord_03_train_grad_clip_015,2,0.8910550458715596,0.8910550458715596,0.8910550458715596,False,/home/zhujjing/MOE-grad-conflict-routing/runs/paper_suite/single_gpu/single_task/roberta_sst2_ffn_e4_k2/hpo/cagrad/trial_runs/coord_03_train_grad_clip_015/cagrad_s2.json,/home/zhujjing/MOE-grad-conflict-routing/runs/paper_suite/single_gpu/single_task/roberta_sst2_ffn_e4_k2/hpo/cagrad/trial_runs/coord_03_train_grad_clip_015/cagrad_s2_curve.csv
cagrad,coord_03_train_grad_clip_015,3,0.9048165137614679,0.9048165137614679,0.9048165137614679,False,/home/zhujjing/MOE-grad-conflict-routing/runs/paper_suite/single_gpu/single_task/roberta_sst2_ffn_e4_k2/hpo/cagrad/trial_runs/coord_03_train_grad_clip_015/cagrad_s3.json,/home/zhujjing/MOE-grad-conflict-routing/runs/paper_suite/single_gpu/single_task/roberta_sst2_ffn_e4_k2/hpo/cagrad/trial_runs/coord_03_train_grad_clip_015/cagrad_s3_curve.csv
cagrad,coord_03_train_grad_clip_016,2,0.8967889908256881,0.8967889908256881,0.8967889908256881,False,/home/zhujjing/MOE-grad-conflict-routing/runs/paper_suite/single_gpu/single_task/roberta_sst2_ffn_e4_k2/hpo/cagrad/trial_runs/coord_03_train_grad_clip_016/cagrad_s2.json,/home/zhujjing/MOE-grad-conflict-routing/runs/paper_suite/single_gpu/single_task/roberta_sst2_ffn_e4_k2/hpo/cagrad/trial_runs/coord_03_train_grad_clip_016/cagrad_s2_curve.csv
cagrad,coord_03_train_grad_clip_016,3,0.9013761467889908,0.8887614678899083,0.8950688073394495,False,/home/zhujjing/MOE-grad-conflict-routing/runs/paper_suite/single_gpu/single_task/roberta_sst2_ffn_e4_k2/hpo/cagrad/trial_runs/coord_03_train_grad_clip_016/cagrad_s3.json,/home/zhujjing/MOE-grad-conflict-routing/runs/paper_suite/single_gpu/single_task/roberta_sst2_ffn_e4_k2/hpo/cagrad/trial_runs/coord_03_train_grad_clip_016/cagrad_s3_curve.csv
cagrad,coord_03_train_grad_clip_017,2,0.8864678899082569,0.8864678899082569,0.8864678899082569,False,/home/zhujjing/MOE-grad-conflict-routing/runs/paper_suite/single_gpu/single_task/roberta_sst2_ffn_e4_k2/hpo/cagrad/trial_runs/coord_03_train_grad_clip_017/cagrad_s2.json,/home/zhujjing/MOE-grad-conflict-routing/runs/paper_suite/single_gpu/single_task/roberta_sst2_ffn_e4_k2/hpo/cagrad/trial_runs/coord_03_train_grad_clip_017/cagrad_s2_curve.csv
cagrad,coord_03_train_grad_clip_017,3,0.9220183486238532,0.9220183486238532,0.9220183486238532,False,/home/zhujjing/MOE-grad-conflict-routing/runs/paper_suite/single_gpu/single_task/roberta_sst2_ffn_e4_k2/hpo/cagrad/trial_runs/coord_03_train_grad_clip_017/cagrad_s3.json,/home/zhujjing/MOE-grad-conflict-routing/runs/paper_suite/single_gpu/single_task/roberta_sst2_ffn_e4_k2/hpo/cagrad/trial_runs/coord_03_train_grad_clip_017/cagrad_s3_curve.csv
cagrad,coord_04_anchor,2,0.9048165137614679,0.9048165137614679,0.9048165137614679,False,/home/zhujjing/MOE-grad-conflict-routing/runs/paper_suite/single_gpu/single_task/roberta_sst2_ffn_e4_k2/hpo/cagrad/trial_runs/coord_04_anchor/cagrad_s2.json,/home/zhujjing/MOE-grad-conflict-routing/runs/paper_suite/single_gpu/single_task/roberta_sst2_ffn_e4_k2/hpo/cagrad/trial_runs/coord_04_anchor/cagrad_s2_curve.csv
cagrad,coord_04_anchor,3,0.908256880733945,0.908256880733945,0.908256880733945,False,/home/zhujjing/MOE-grad-conflict-routing/runs/paper_suite/single_gpu/single_task/roberta_sst2_ffn_e4_k2/hpo/cagrad/trial_runs/coord_04_anchor/cagrad_s3.json,/home/zhujjing/MOE-grad-conflict-routing/runs/paper_suite/single_gpu/single_task/roberta_sst2_ffn_e4_k2/hpo/cagrad/trial_runs/coord_04_anchor/cagrad_s3_curve.csv
cagrad,coord_04_method_baseline_cagrad_c_000,2,0.893348623853211,0.893348623853211,0.893348623853211,False,/home/zhujjing/MOE-grad-conflict-routing/runs/paper_suite/single_gpu/single_task/roberta_sst2_ffn_e4_k2/hpo/cagrad/trial_runs/coord_04_method_baseline_cagrad_c_000/cagrad_s2.json,/home/zhujjing/MOE-grad-conflict-routing/runs/paper_suite/single_gpu/single_task/roberta_sst2_ffn_e4_k2/hpo/cagrad/trial_runs/coord_04_method_baseline_cagrad_c_000/cagrad_s2_curve.csv
cagrad,coord_04_method_baseline_cagrad_c_000,3,0.9151376146788991,0.9151376146788991,0.9151376146788991,False,/home/zhujjing/MOE-grad-conflict-routing/runs/paper_suite/single_gpu/single_task/roberta_sst2_ffn_e4_k2/hpo/cagrad/trial_runs/coord_04_method_baseline_cagrad_c_000/cagrad_s3.json,/home/zhujjing/MOE-grad-conflict-routing/runs/paper_suite/single_gpu/single_task/roberta_sst2_ffn_e4_k2/hpo/cagrad/trial_runs/coord_04_method_baseline_cagrad_c_000/cagrad_s3_curve.csv
cagrad,coord_04_method_baseline_cagrad_c_001,2,0.8910550458715596,0.8910550458715596,0.8910550458715596,False,/home/zhujjing/MOE-grad-conflict-routing/runs/paper_suite/single_gpu/single_task/roberta_sst2_ffn_e4_k2/hpo/cagrad/trial_runs/coord_04_method_baseline_cagrad_c_001/cagrad_s2.json,/home/zhujjing/MOE-grad-conflict-routing/runs/paper_suite/single_gpu/single_task/roberta_sst2_ffn_e4_k2/hpo/cagrad/trial_runs/coord_04_method_baseline_cagrad_c_001/cagrad_s2_curve.csv
cagrad,coord_04_method_baseline_cagrad_c_001,3,0.9174311926605505,0.9174311926605505,0.9174311926605505,False,/home/zhujjing/MOE-grad-conflict-routing/runs/paper_suite/single_gpu/single_task/roberta_sst2_ffn_e4_k2/hpo/cagrad/trial_runs/coord_04_method_baseline_cagrad_c_001/cagrad_s3.json,/home/zhujjing/MOE-grad-conflict-routing/runs/paper_suite/single_gpu/single_task/roberta_sst2_ffn_e4_k2/hpo/cagrad/trial_runs/coord_04_method_baseline_cagrad_c_001/cagrad_s3_curve.csv
cagrad,coord_04_method_baseline_cagrad_c_002,2,0.8990825688073395,0.8990825688073395,0.8990825688073395,False,/home/zhujjing/MOE-grad-conflict-routing/runs/paper_suite/single_gpu/single_task/roberta_sst2_ffn_e4_k2/hpo/cagrad/trial_runs/coord_04_method_baseline_cagrad_c_002/cagrad_s2.json,/home/zhujjing/MOE-grad-conflict-routing/runs/paper_suite/single_gpu/single_task/roberta_sst2_ffn_e4_k2/hpo/cagrad/trial_runs/coord_04_method_baseline_cagrad_c_002/cagrad_s2_curve.csv
cagrad,coord_04_method_baseline_cagrad_c_002,3,0.9128440366972477,0.9128440366972477,0.9128440366972477,False,/home/zhujjing/MOE-grad-conflict-routing/runs/paper_suite/single_gpu/single_task/roberta_sst2_ffn_e4_k2/hpo/cagrad/trial_runs/coord_04_method_baseline_cagrad_c_002/cagrad_s3.json,/home/zhujjing/MOE-grad-conflict-routing/runs/paper_suite/single_gpu/single_task/roberta_sst2_ffn_e4_k2/hpo/cagrad/trial_runs/coord_04_method_baseline_cagrad_c_002/cagrad_s3_curve.csv
cagrad,coord_04_method_baseline_cagrad_c_003,2,0.9002293577981652,0.9002293577981652,0.9002293577981652,False,/home/zhujjing/MOE-grad-conflict-routing/runs/paper_suite/single_gpu/single_task/roberta_sst2_ffn_e4_k2/hpo/cagrad/trial_runs/coord_04_method_baseline_cagrad_c_003/cagrad_s2.json,/home/zhujjing/MOE-grad-conflict-routing/runs/paper_suite/single_gpu/single_task/roberta_sst2_ffn_e4_k2/hpo/cagrad/trial_runs/coord_04_method_baseline_cagrad_c_003/cagrad_s2_curve.csv
cagrad,coord_04_method_baseline_cagrad_c_003,3,0.9036697247706422,0.9036697247706422,0.9036697247706422,False,/home/zhujjing/MOE-grad-conflict-routing/runs/paper_suite/single_gpu/single_task/roberta_sst2_ffn_e4_k2/hpo/cagrad/trial_runs/coord_04_method_baseline_cagrad_c_003/cagrad_s3.json,/home/zhujjing/MOE-grad-conflict-routing/runs/paper_suite/single_gpu/single_task/roberta_sst2_ffn_e4_k2/hpo/cagrad/trial_runs/coord_04_method_baseline_cagrad_c_003/cagrad_s3_curve.csv
cagrad,coord_04_method_baseline_cagrad_c_004,2,0.8807339449541285,0.8807339449541285,0.8807339449541285,False,/home/zhujjing/MOE-grad-conflict-routing/runs/paper_suite/single_gpu/single_task/roberta_sst2_ffn_e4_k2/hpo/cagrad/trial_runs/coord_04_method_baseline_cagrad_c_004/cagrad_s2.json,/home/zhujjing/MOE-grad-conflict-routing/runs/paper_suite/single_gpu/single_task/roberta_sst2_ffn_e4_k2/hpo/cagrad/trial_runs/coord_04_method_baseline_cagrad_c_004/cagrad_s2_curve.csv
cagrad,coord_04_method_baseline_cagrad_c_004,3,0.9002293577981652,0.9002293577981652,0.9002293577981652,False,/home/zhujjing/MOE-grad-conflict-routing/runs/paper_suite/single_gpu/single_task/roberta_sst2_ffn_e4_k2/hpo/cagrad/trial_runs/coord_04_method_baseline_cagrad_c_004/cagrad_s3.json,/home/zhujjing/MOE-grad-conflict-routing/runs/paper_suite/single_gpu/single_task/roberta_sst2_ffn_e4_k2/hpo/cagrad/trial_runs/coord_04_method_baseline_cagrad_c_004/cagrad_s3_curve.csv
cagrad,coord_04_method_baseline_cagrad_c_005,2,0.9105504587155964,0.9105504587155964,0.9105504587155964,False,/home/zhujjing/MOE-grad-conflict-routing/runs/paper_suite/single_gpu/single_task/roberta_sst2_ffn_e4_k2/hpo/cagrad/trial_runs/coord_04_method_baseline_cagrad_c_005/cagrad_s2.json,/home/zhujjing/MOE-grad-conflict-routing/runs/paper_suite/single_gpu/single_task/roberta_sst2_ffn_e4_k2/hpo/cagrad/trial_runs/coord_04_method_baseline_cagrad_c_005/cagrad_s2_curve.csv
cagrad,coord_04_method_baseline_cagrad_c_005,3,0.9162844036697247,0.9036697247706422,0.9099770642201834,False,/home/zhujjing/MOE-grad-conflict-routing/runs/paper_suite/single_gpu/single_task/roberta_sst2_ffn_e4_k2/hpo/cagrad/trial_runs/coord_04_method_baseline_cagrad_c_005/cagrad_s3.json,/home/zhujjing/MOE-grad-conflict-routing/runs/paper_suite/single_gpu/single_task/roberta_sst2_ffn_e4_k2/hpo/cagrad/trial_runs/coord_04_method_baseline_cagrad_c_005/cagrad_s3_curve.csv
cagrad,coord_04_method_baseline_cagrad_c_006,2,0.8910550458715596,0.8910550458715596,0.8910550458715596,False,/home/zhujjing/MOE-grad-conflict-routing/runs/paper_suite/single_gpu/single_task/roberta_sst2_ffn_e4_k2/hpo/cagrad/trial_runs/coord_04_method_baseline_cagrad_c_006/cagrad_s2.json,/home/zhujjing/MOE-grad-conflict-routing/runs/paper_suite/single_gpu/single_task/roberta_sst2_ffn_e4_k2/hpo/cagrad/trial_runs/coord_04_method_baseline_cagrad_c_006/cagrad_s2_curve.csv
cagrad,coord_04_method_baseline_cagrad_c_006,3,0.8956422018348624,0.8956422018348624,0.8956422018348624,False,/home/zhujjing/MOE-grad-conflict-routing/runs/paper_suite/single_gpu/single_task/roberta_sst2_ffn_e4_k2/hpo/cagrad/trial_runs/coord_04_method_baseline_cagrad_c_006/cagrad_s3.json,/home/zhujjing/MOE-grad-conflict-routing/runs/paper_suite/single_gpu/single_task/roberta_sst2_ffn_e4_k2/hpo/cagrad/trial_runs/coord_04_method_baseline_cagrad_c_006/cagrad_s3_curve.csv
cagrad,coord_04_method_baseline_cagrad_c_007,2,0.9048165137614679,0.9048165137614679,0.9048165137614679,False,/home/zhujjing/MOE-grad-conflict-routing/runs/paper_suite/single_gpu/single_task/roberta_sst2_ffn_e4_k2/hpo/cagrad/trial_runs/coord_04_method_baseline_cagrad_c_007/cagrad_s2.json,/home/zhujjing/MOE-grad-conflict-routing/runs/paper_suite/single_gpu/single_task/roberta_sst2_ffn_e4_k2/hpo/cagrad/trial_runs/coord_04_method_baseline_cagrad_c_007/cagrad_s2_curve.csv
cagrad,coord_04_method_baseline_cagrad_c_007,3,0.8681192660550459,0.8681192660550459,0.8681192660550459,False,/home/zhujjing/MOE-grad-conflict-routing/runs/paper_suite/single_gpu/single_task/roberta_sst2_ffn_e4_k2/hpo/cagrad/trial_runs/coord_04_method_baseline_cagrad_c_007/cagrad_s3.json,/home/zhujjing/MOE-grad-conflict-routing/runs/paper_suite/single_gpu/single_task/roberta_sst2_ffn_e4_k2/hpo/cagrad/trial_runs/coord_04_method_baseline_cagrad_c_007/cagrad_s3_curve.csv
cagrad,coord_04_method_baseline_cagrad_c_008,2,0.8784403669724771,0.8784403669724771,0.8784403669724771,False,/home/zhujjing/MOE-grad-conflict-routing/runs/paper_suite/single_gpu/single_task/roberta_sst2_ffn_e4_k2/hpo/cagrad/trial_runs/coord_04_method_baseline_cagrad_c_008/cagrad_s2.json,/home/zhujjing/MOE-grad-conflict-routing/runs/paper_suite/single_gpu/single_task/roberta_sst2_ffn_e4_k2/hpo/cagrad/trial_runs/coord_04_method_baseline_cagrad_c_008/cagrad_s2_curve.csv
cagrad,coord_04_method_baseline_cagrad_c_008,3,0.9059633027522935,0.9059633027522935,0.9059633027522935,False,/home/zhujjing/MOE-grad-conflict-routing/runs/paper_suite/single_gpu/single_task/roberta_sst2_ffn_e4_k2/hpo/cagrad/trial_runs/coord_04_method_baseline_cagrad_c_008/cagrad_s3.json,/home/zhujjing/MOE-grad-conflict-routing/runs/paper_suite/single_gpu/single_task/roberta_sst2_ffn_e4_k2/hpo/cagrad/trial_runs/coord_04_method_baseline_cagrad_c_008/cagrad_s3_curve.csv
cagrad,coord_04_method_baseline_cagrad_c_009,2,0.9036697247706422,0.9036697247706422,0.9036697247706422,False,/home/zhujjing/MOE-grad-conflict-routing/runs/paper_suite/single_gpu/single_task/roberta_sst2_ffn_e4_k2/hpo/cagrad/trial_runs/coord_04_method_baseline_cagrad_c_009/cagrad_s2.json,/home/zhujjing/MOE-grad-conflict-routing/runs/paper_suite/single_gpu/single_task/roberta_sst2_ffn_e4_k2/hpo/cagrad/trial_runs/coord_04_method_baseline_cagrad_c_009/cagrad_s2_curve.csv
cagrad,coord_04_method_baseline_cagrad_c_009,3,0.9071100917431193,0.8990825688073395,0.9030963302752294,False,/home/zhujjing/MOE-grad-conflict-routing/runs/paper_suite/single_gpu/single_task/roberta_sst2_ffn_e4_k2/hpo/cagrad/trial_runs/coord_04_method_baseline_cagrad_c_009/cagrad_s3.json,/home/zhujjing/MOE-grad-conflict-routing/runs/paper_suite/single_gpu/single_task/roberta_sst2_ffn_e4_k2/hpo/cagrad/trial_runs/coord_04_method_baseline_cagrad_c_009/cagrad_s3_curve.csv
cagrad,coord_04_method_baseline_cagrad_c_010,2,0.8704128440366973,0.8704128440366973,0.8704128440366973,False,/home/zhujjing/MOE-grad-conflict-routing/runs/paper_suite/single_gpu/single_task/roberta_sst2_ffn_e4_k2/hpo/cagrad/trial_runs/coord_04_method_baseline_cagrad_c_010/cagrad_s2.json,/home/zhujjing/MOE-grad-conflict-routing/runs/paper_suite/single_gpu/single_task/roberta_sst2_ffn_e4_k2/hpo/cagrad/trial_runs/coord_04_method_baseline_cagrad_c_010/cagrad_s2_curve.csv
cagrad,coord_04_method_baseline_cagrad_c_010,3,0.9071100917431193,0.9071100917431193,0.9071100917431193,False,/home/zhujjing/MOE-grad-conflict-routing/runs/paper_suite/single_gpu/single_task/roberta_sst2_ffn_e4_k2/hpo/cagrad/trial_runs/coord_04_method_baseline_cagrad_c_010/cagrad_s3.json,/home/zhujjing/MOE-grad-conflict-routing/runs/paper_suite/single_gpu/single_task/roberta_sst2_ffn_e4_k2/hpo/cagrad/trial_runs/coord_04_method_baseline_cagrad_c_010/cagrad_s3_curve.csv
cagrad,coord_04_method_baseline_cagrad_c_011,2,0.9094036697247706,0.9094036697247706,0.9094036697247706,False,/home/zhujjing/MOE-grad-conflict-routing/runs/paper_suite/single_gpu/single_task/roberta_sst2_ffn_e4_k2/hpo/cagrad/trial_runs/coord_04_method_baseline_cagrad_c_011/cagrad_s2.json,/home/zhujjing/MOE-grad-conflict-routing/runs/paper_suite/single_gpu/single_task/roberta_sst2_ffn_e4_k2/hpo/cagrad/trial_runs/coord_04_method_baseline_cagrad_c_011/cagrad_s2_curve.csv
cagrad,coord_04_method_baseline_cagrad_c_011,3,0.9071100917431193,0.9071100917431193,0.9071100917431193,False,/home/zhujjing/MOE-grad-conflict-routing/runs/paper_suite/single_gpu/single_task/roberta_sst2_ffn_e4_k2/hpo/cagrad/trial_runs/coord_04_method_baseline_cagrad_c_011/cagrad_s3.json,/home/zhujjing/MOE-grad-conflict-routing/runs/paper_suite/single_gpu/single_task/roberta_sst2_ffn_e4_k2/hpo/cagrad/trial_runs/coord_04_method_baseline_cagrad_c_011/cagrad_s3_curve.csv
cagrad,coord_04_method_baseline_cagrad_c_012,2,0.8979357798165137,0.8979357798165137,0.8979357798165137,False,/home/zhujjing/MOE-grad-conflict-routing/runs/paper_suite/single_gpu/single_task/roberta_sst2_ffn_e4_k2/hpo/cagrad/trial_runs/coord_04_method_baseline_cagrad_c_012/cagrad_s2.json,/home/zhujjing/MOE-grad-conflict-routing/runs/paper_suite/single_gpu/single_task/roberta_sst2_ffn_e4_k2/hpo/cagrad/trial_runs/coord_04_method_baseline_cagrad_c_012/cagrad_s2_curve.csv
cagrad,coord_04_method_baseline_cagrad_c_012,3,0.9128440366972477,0.9128440366972477,0.9128440366972477,False,/home/zhujjing/MOE-grad-conflict-routing/runs/paper_suite/single_gpu/single_task/roberta_sst2_ffn_e4_k2/hpo/cagrad/trial_runs/coord_04_method_baseline_cagrad_c_012/cagrad_s3.json,/home/zhujjing/MOE-grad-conflict-routing/runs/paper_suite/single_gpu/single_task/roberta_sst2_ffn_e4_k2/hpo/cagrad/trial_runs/coord_04_method_baseline_cagrad_c_012/cagrad_s3_curve.csv
cagrad,coord_04_method_baseline_cagrad_c_013,2,0.8715596330275229,0.8715596330275229,0.8715596330275229,False,/home/zhujjing/MOE-grad-conflict-routing/runs/paper_suite/single_gpu/single_task/roberta_sst2_ffn_e4_k2/hpo/cagrad/trial_runs/coord_04_method_baseline_cagrad_c_013/cagrad_s2.json,/home/zhujjing/MOE-grad-conflict-routing/runs/paper_suite/single_gpu/single_task/roberta_sst2_ffn_e4_k2/hpo/cagrad/trial_runs/coord_04_method_baseline_cagrad_c_013/cagrad_s2_curve.csv
cagrad,coord_04_method_baseline_cagrad_c_013,3,0.9002293577981652,0.9002293577981652,0.9002293577981652,False,/home/zhujjing/MOE-grad-conflict-routing/runs/paper_suite/single_gpu/single_task/roberta_sst2_ffn_e4_k2/hpo/cagrad/trial_runs/coord_04_method_baseline_cagrad_c_013/cagrad_s3.json,/home/zhujjing/MOE-grad-conflict-routing/runs/paper_suite/single_gpu/single_task/roberta_sst2_ffn_e4_k2/hpo/cagrad/trial_runs/coord_04_method_baseline_cagrad_c_013/cagrad_s3_curve.csv
cagrad,coord_04_method_baseline_cagrad_c_014,2,0.9094036697247706,0.9094036697247706,0.9094036697247706,False,/home/zhujjing/MOE-grad-conflict-routing/runs/paper_suite/single_gpu/single_task/roberta_sst2_ffn_e4_k2/hpo/cagrad/trial_runs/coord_04_method_baseline_cagrad_c_014/cagrad_s2.json,/home/zhujjing/MOE-grad-conflict-routing/runs/paper_suite/single_gpu/single_task/roberta_sst2_ffn_e4_k2/hpo/cagrad/trial_runs/coord_04_method_baseline_cagrad_c_014/cagrad_s2_curve.csv
cagrad,coord_04_method_baseline_cagrad_c_014,3,0.9105504587155964,0.9105504587155964,0.9105504587155964,False,/home/zhujjing/MOE-grad-conflict-routing/runs/paper_suite/single_gpu/single_task/roberta_sst2_ffn_e4_k2/hpo/cagrad/trial_runs/coord_04_method_baseline_cagrad_c_014/cagrad_s3.json,/home/zhujjing/MOE-grad-conflict-routing/runs/paper_suite/single_gpu/single_task/roberta_sst2_ffn_e4_k2/hpo/cagrad/trial_runs/coord_04_method_baseline_cagrad_c_014/cagrad_s3_curve.csv
cagrad,coord_04_method_baseline_cagrad_c_015,2,0.8944954128440367,0.8944954128440367,0.8944954128440367,False,/home/zhujjing/MOE-grad-conflict-routing/runs/paper_suite/single_gpu/single_task/roberta_sst2_ffn_e4_k2/hpo/cagrad/trial_runs/coord_04_method_baseline_cagrad_c_015/cagrad_s2.json,/home/zhujjing/MOE-grad-conflict-routing/runs/paper_suite/single_gpu/single_task/roberta_sst2_ffn_e4_k2/hpo/cagrad/trial_runs/coord_04_method_baseline_cagrad_c_015/cagrad_s2_curve.csv
cagrad,coord_04_method_baseline_cagrad_c_015,3,0.9162844036697247,0.9105504587155964,0.9134174311926606,False,/home/zhujjing/MOE-grad-conflict-routing/runs/paper_suite/single_gpu/single_task/roberta_sst2_ffn_e4_k2/hpo/cagrad/trial_runs/coord_04_method_baseline_cagrad_c_015/cagrad_s3.json,/home/zhujjing/MOE-grad-conflict-routing/runs/paper_suite/single_gpu/single_task/roberta_sst2_ffn_e4_k2/hpo/cagrad/trial_runs/coord_04_method_baseline_cagrad_c_015/cagrad_s3_curve.csv
cagrad,coord_04_method_baseline_cagrad_c_016,2,0.9036697247706422,0.9036697247706422,0.9036697247706422,False,/home/zhujjing/MOE-grad-conflict-routing/runs/paper_suite/single_gpu/single_task/roberta_sst2_ffn_e4_k2/hpo/cagrad/trial_runs/coord_04_method_baseline_cagrad_c_016/cagrad_s2.json,/home/zhujjing/MOE-grad-conflict-routing/runs/paper_suite/single_gpu/single_task/roberta_sst2_ffn_e4_k2/hpo/cagrad/trial_runs/coord_04_method_baseline_cagrad_c_016/cagrad_s2_curve.csv
cagrad,coord_04_method_baseline_cagrad_c_016,3,0.8990825688073395,0.8990825688073395,0.8990825688073395,False,/home/zhujjing/MOE-grad-conflict-routing/runs/paper_suite/single_gpu/single_task/roberta_sst2_ffn_e4_k2/hpo/cagrad/trial_runs/coord_04_method_baseline_cagrad_c_016/cagrad_s3.json,/home/zhujjing/MOE-grad-conflict-routing/runs/paper_suite/single_gpu/single_task/roberta_sst2_ffn_e4_k2/hpo/cagrad/trial_runs/coord_04_method_baseline_cagrad_c_016/cagrad_s3_curve.csv
cagrad,coord_04_method_baseline_cagrad_c_017,2,0.9036697247706422,0.9036697247706422,0.9036697247706422,False,/home/zhujjing/MOE-grad-conflict-routing/runs/paper_suite/single_gpu/single_task/roberta_sst2_ffn_e4_k2/hpo/cagrad/trial_runs/coord_04_method_baseline_cagrad_c_017/cagrad_s2.json,/home/zhujjing/MOE-grad-conflict-routing/runs/paper_suite/single_gpu/single_task/roberta_sst2_ffn_e4_k2/hpo/cagrad/trial_runs/coord_04_method_baseline_cagrad_c_017/cagrad_s2_curve.csv
cagrad,coord_04_method_baseline_cagrad_c_017,3,0.9105504587155964,0.9105504587155964,0.9105504587155964,False,/home/zhujjing/MOE-grad-conflict-routing/runs/paper_suite/single_gpu/single_task/roberta_sst2_ffn_e4_k2/hpo/cagrad/trial_runs/coord_04_method_baseline_cagrad_c_017/cagrad_s3.json,/home/zhujjing/MOE-grad-conflict-routing/runs/paper_suite/single_gpu/single_task/roberta_sst2_ffn_e4_k2/hpo/cagrad/trial_runs/coord_04_method_baseline_cagrad_c_017/cagrad_s3_curve.csv
cagrad,coord_05_anchor,2,0.8967889908256881,0.8967889908256881,0.8967889908256881,False,/home/zhujjing/MOE-grad-conflict-routing/runs/paper_suite/single_gpu/single_task/roberta_sst2_ffn_e4_k2/hpo/cagrad/trial_runs/coord_05_anchor/cagrad_s2.json,/home/zhujjing/MOE-grad-conflict-routing/runs/paper_suite/single_gpu/single_task/roberta_sst2_ffn_e4_k2/hpo/cagrad/trial_runs/coord_05_anchor/cagrad_s2_curve.csv
cagrad,coord_05_anchor,3,0.9162844036697247,0.9162844036697247,0.9162844036697247,False,/home/zhujjing/MOE-grad-conflict-routing/runs/paper_suite/single_gpu/single_task/roberta_sst2_ffn_e4_k2/hpo/cagrad/trial_runs/coord_05_anchor/cagrad_s3.json,/home/zhujjing/MOE-grad-conflict-routing/runs/paper_suite/single_gpu/single_task/roberta_sst2_ffn_e4_k2/hpo/cagrad/trial_runs/coord_05_anchor/cagrad_s3_curve.csv
cagrad,coord_05_method_baseline_cagrad_inner_lr_000,2,0.9036697247706422,0.9036697247706422,0.9036697247706422,False,/home/zhujjing/MOE-grad-conflict-routing/runs/paper_suite/single_gpu/single_task/roberta_sst2_ffn_e4_k2/hpo/cagrad/trial_runs/coord_05_method_baseline_cagrad_inner_lr_000/cagrad_s2.json,/home/zhujjing/MOE-grad-conflict-routing/runs/paper_suite/single_gpu/single_task/roberta_sst2_ffn_e4_k2/hpo/cagrad/trial_runs/coord_05_method_baseline_cagrad_inner_lr_000/cagrad_s2_curve.csv
cagrad,coord_05_method_baseline_cagrad_inner_lr_000,3,0.9036697247706422,0.9036697247706422,0.9036697247706422,False,/home/zhujjing/MOE-grad-conflict-routing/runs/paper_suite/single_gpu/single_task/roberta_sst2_ffn_e4_k2/hpo/cagrad/trial_runs/coord_05_method_baseline_cagrad_inner_lr_000/cagrad_s3.json,/home/zhujjing/MOE-grad-conflict-routing/runs/paper_suite/single_gpu/single_task/roberta_sst2_ffn_e4_k2/hpo/cagrad/trial_runs/coord_05_method_baseline_cagrad_inner_lr_000/cagrad_s3_curve.csv
cagrad,coord_05_method_baseline_cagrad_inner_lr_001,2,0.8967889908256881,0.8967889908256881,0.8967889908256881,False,/home/zhujjing/MOE-grad-conflict-routing/runs/paper_suite/single_gpu/single_task/roberta_sst2_ffn_e4_k2/hpo/cagrad/trial_runs/coord_05_method_baseline_cagrad_inner_lr_001/cagrad_s2.json,/home/zhujjing/MOE-grad-conflict-routing/runs/paper_suite/single_gpu/single_task/roberta_sst2_ffn_e4_k2/hpo/cagrad/trial_runs/coord_05_method_baseline_cagrad_inner_lr_001/cagrad_s2_curve.csv
cagrad,coord_05_method_baseline_cagrad_inner_lr_001,3,0.9151376146788991,0.9151376146788991,0.9151376146788991,False,/home/zhujjing/MOE-grad-conflict-routing/runs/paper_suite/single_gpu/single_task/roberta_sst2_ffn_e4_k2/hpo/cagrad/trial_runs/coord_05_method_baseline_cagrad_inner_lr_001/cagrad_s3.json,/home/zhujjing/MOE-grad-conflict-routing/runs/paper_suite/single_gpu/single_task/roberta_sst2_ffn_e4_k2/hpo/cagrad/trial_runs/coord_05_method_baseline_cagrad_inner_lr_001/cagrad_s3_curve.csv
cagrad,coord_05_method_baseline_cagrad_inner_lr_002,2,0.8830275229357798,0.8761467889908257,0.8795871559633027,False,/home/zhujjing/MOE-grad-conflict-routing/runs/paper_suite/single_gpu/single_task/roberta_sst2_ffn_e4_k2/hpo/cagrad/trial_runs/coord_05_method_baseline_cagrad_inner_lr_002/cagrad_s2.json,/home/zhujjing/MOE-grad-conflict-routing/runs/paper_suite/single_gpu/single_task/roberta_sst2_ffn_e4_k2/hpo/cagrad/trial_runs/coord_05_method_baseline_cagrad_inner_lr_002/cagrad_s2_curve.csv
cagrad,coord_05_method_baseline_cagrad_inner_lr_002,3,0.8956422018348624,0.8956422018348624,0.8956422018348624,False,/home/zhujjing/MOE-grad-conflict-routing/runs/paper_suite/single_gpu/single_task/roberta_sst2_ffn_e4_k2/hpo/cagrad/trial_runs/coord_05_method_baseline_cagrad_inner_lr_002/cagrad_s3.json,/home/zhujjing/MOE-grad-conflict-routing/runs/paper_suite/single_gpu/single_task/roberta_sst2_ffn_e4_k2/hpo/cagrad/trial_runs/coord_05_method_baseline_cagrad_inner_lr_002/cagrad_s3_curve.csv
cagrad,coord_05_method_baseline_cagrad_inner_lr_003,2,0.9036697247706422,0.9036697247706422,0.9036697247706422,False,/home/zhujjing/MOE-grad-conflict-routing/runs/paper_suite/single_gpu/single_task/roberta_sst2_ffn_e4_k2/hpo/cagrad/trial_runs/coord_05_method_baseline_cagrad_inner_lr_003/cagrad_s2.json,/home/zhujjing/MOE-grad-conflict-routing/runs/paper_suite/single_gpu/single_task/roberta_sst2_ffn_e4_k2/hpo/cagrad/trial_runs/coord_05_method_baseline_cagrad_inner_lr_003/cagrad_s2_curve.csv
cagrad,coord_05_method_baseline_cagrad_inner_lr_003,3,0.8922018348623854,0.8922018348623854,0.8922018348623854,False,/home/zhujjing/MOE-grad-conflict-routing/runs/paper_suite/single_gpu/single_task/roberta_sst2_ffn_e4_k2/hpo/cagrad/trial_runs/coord_05_method_baseline_cagrad_inner_lr_003/cagrad_s3.json,/home/zhujjing/MOE-grad-conflict-routing/runs/paper_suite/single_gpu/single_task/roberta_sst2_ffn_e4_k2/hpo/cagrad/trial_runs/coord_05_method_baseline_cagrad_inner_lr_003/cagrad_s3_curve.csv
cagrad,coord_05_method_baseline_cagrad_inner_lr_004,2,0.8532110091743119,0.8532110091743119,0.8532110091743119,False,/home/zhujjing/MOE-grad-conflict-routing/runs/paper_suite/single_gpu/single_task/roberta_sst2_ffn_e4_k2/hpo/cagrad/trial_runs/coord_05_method_baseline_cagrad_inner_lr_004/cagrad_s2.json,/home/zhujjing/MOE-grad-conflict-routing/runs/paper_suite/single_gpu/single_task/roberta_sst2_ffn_e4_k2/hpo/cagrad/trial_runs/coord_05_method_baseline_cagrad_inner_lr_004/cagrad_s2_curve.csv
cagrad,coord_05_method_baseline_cagrad_inner_lr_004,3,0.8830275229357798,0.8715596330275229,0.8772935779816513,False,/home/zhujjing/MOE-grad-conflict-routing/runs/paper_suite/single_gpu/single_task/roberta_sst2_ffn_e4_k2/hpo/cagrad/trial_runs/coord_05_method_baseline_cagrad_inner_lr_004/cagrad_s3.json,/home/zhujjing/MOE-grad-conflict-routing/runs/paper_suite/single_gpu/single_task/roberta_sst2_ffn_e4_k2/hpo/cagrad/trial_runs/coord_05_method_baseline_cagrad_inner_lr_004/cagrad_s3_curve.csv
cagrad,coord_05_method_baseline_cagrad_inner_lr_005,2,0.8979357798165137,0.8979357798165137,0.8979357798165137,False,/home/zhujjing/MOE-grad-conflict-routing/runs/paper_suite/single_gpu/single_task/roberta_sst2_ffn_e4_k2/hpo/cagrad/trial_runs/coord_05_method_baseline_cagrad_inner_lr_005/cagrad_s2.json,/home/zhujjing/MOE-grad-conflict-routing/runs/paper_suite/single_gpu/single_task/roberta_sst2_ffn_e4_k2/hpo/cagrad/trial_runs/coord_05_method_baseline_cagrad_inner_lr_005/cagrad_s2_curve.csv
cagrad,coord_05_method_baseline_cagrad_inner_lr_005,3,0.8899082568807339,0.8841743119266054,0.8870412844036697,False,/home/zhujjing/MOE-grad-conflict-routing/runs/paper_suite/single_gpu/single_task/roberta_sst2_ffn_e4_k2/hpo/cagrad/trial_runs/coord_05_method_baseline_cagrad_inner_lr_005/cagrad_s3.json,/home/zhujjing/MOE-grad-conflict-routing/runs/paper_suite/single_gpu/single_task/roberta_sst2_ffn_e4_k2/hpo/cagrad/trial_runs/coord_05_method_baseline_cagrad_inner_lr_005/cagrad_s3_curve.csv
cagrad,coord_05_method_baseline_cagrad_inner_lr_006,2,0.9059633027522935,0.8509174311926605,0.878440366972477,False,/home/zhujjing/MOE-grad-conflict-routing/runs/paper_suite/single_gpu/single_task/roberta_sst2_ffn_e4_k2/hpo/cagrad/trial_runs/coord_05_method_baseline_cagrad_inner_lr_006/cagrad_s2.json,/home/zhujjing/MOE-grad-conflict-routing/runs/paper_suite/single_gpu/single_task/roberta_sst2_ffn_e4_k2/hpo/cagrad/trial_runs/coord_05_method_baseline_cagrad_inner_lr_006/cagrad_s2_curve.csv
cagrad,coord_05_method_baseline_cagrad_inner_lr_006,3,0.911697247706422,0.911697247706422,0.911697247706422,False,/home/zhujjing/MOE-grad-conflict-routing/runs/paper_suite/single_gpu/single_task/roberta_sst2_ffn_e4_k2/hpo/cagrad/trial_runs/coord_05_method_baseline_cagrad_inner_lr_006/cagrad_s3.json,/home/zhujjing/MOE-grad-conflict-routing/runs/paper_suite/single_gpu/single_task/roberta_sst2_ffn_e4_k2/hpo/cagrad/trial_runs/coord_05_method_baseline_cagrad_inner_lr_006/cagrad_s3_curve.csv
cagrad,coord_05_method_baseline_cagrad_inner_lr_007,2,0.8979357798165137,0.8899082568807339,0.8939220183486238,False,/home/zhujjing/MOE-grad-conflict-routing/runs/paper_suite/single_gpu/single_task/roberta_sst2_ffn_e4_k2/hpo/cagrad/trial_runs/coord_05_method_baseline_cagrad_inner_lr_007/cagrad_s2.json,/home/zhujjing/MOE-grad-conflict-routing/runs/paper_suite/single_gpu/single_task/roberta_sst2_ffn_e4_k2/hpo/cagrad/trial_runs/coord_05_method_baseline_cagrad_inner_lr_007/cagrad_s2_curve.csv
cagrad,coord_05_method_baseline_cagrad_inner_lr_007,3,0.9174311926605505,0.9174311926605505,0.9174311926605505,False,/home/zhujjing/MOE-grad-conflict-routing/runs/paper_suite/single_gpu/single_task/roberta_sst2_ffn_e4_k2/hpo/cagrad/trial_runs/coord_05_method_baseline_cagrad_inner_lr_007/cagrad_s3.json,/home/zhujjing/MOE-grad-conflict-routing/runs/paper_suite/single_gpu/single_task/roberta_sst2_ffn_e4_k2/hpo/cagrad/trial_runs/coord_05_method_baseline_cagrad_inner_lr_007/cagrad_s3_curve.csv
cagrad,coord_05_method_baseline_cagrad_inner_lr_008,2,0.8922018348623854,0.8922018348623854,0.8922018348623854,False,/home/zhujjing/MOE-grad-conflict-routing/runs/paper_suite/single_gpu/single_task/roberta_sst2_ffn_e4_k2/hpo/cagrad/trial_runs/coord_05_method_baseline_cagrad_inner_lr_008/cagrad_s2.json,/home/zhujjing/MOE-grad-conflict-routing/runs/paper_suite/single_gpu/single_task/roberta_sst2_ffn_e4_k2/hpo/cagrad/trial_runs/coord_05_method_baseline_cagrad_inner_lr_008/cagrad_s2_curve.csv
cagrad,coord_05_method_baseline_cagrad_inner_lr_008,3,0.9059633027522935,0.9059633027522935,0.9059633027522935,False,/home/zhujjing/MOE-grad-conflict-routing/runs/paper_suite/single_gpu/single_task/roberta_sst2_ffn_e4_k2/hpo/cagrad/trial_runs/coord_05_method_baseline_cagrad_inner_lr_008/cagrad_s3.json,/home/zhujjing/MOE-grad-conflict-routing/runs/paper_suite/single_gpu/single_task/roberta_sst2_ffn_e4_k2/hpo/cagrad/trial_runs/coord_05_method_baseline_cagrad_inner_lr_008/cagrad_s3_curve.csv
cagrad,coord_05_method_baseline_cagrad_inner_lr_009,2,0.8956422018348624,0.8956422018348624,0.8956422018348624,False,/home/zhujjing/MOE-grad-conflict-routing/runs/paper_suite/single_gpu/single_task/roberta_sst2_ffn_e4_k2/hpo/cagrad/trial_runs/coord_05_method_baseline_cagrad_inner_lr_009/cagrad_s2.json,/home/zhujjing/MOE-grad-conflict-routing/runs/paper_suite/single_gpu/single_task/roberta_sst2_ffn_e4_k2/hpo/cagrad/trial_runs/coord_05_method_baseline_cagrad_inner_lr_009/cagrad_s2_curve.csv
cagrad,coord_05_method_baseline_cagrad_inner_lr_009,3,0.9036697247706422,0.9036697247706422,0.9036697247706422,False,/home/zhujjing/MOE-grad-conflict-routing/runs/paper_suite/single_gpu/single_task/roberta_sst2_ffn_e4_k2/hpo/cagrad/trial_runs/coord_05_method_baseline_cagrad_inner_lr_009/cagrad_s3.json,/home/zhujjing/MOE-grad-conflict-routing/runs/paper_suite/single_gpu/single_task/roberta_sst2_ffn_e4_k2/hpo/cagrad/trial_runs/coord_05_method_baseline_cagrad_inner_lr_009/cagrad_s3_curve.csv
cagrad,coord_05_method_baseline_cagrad_inner_lr_010,2,0.8956422018348624,0.8956422018348624,0.8956422018348624,False,/home/zhujjing/MOE-grad-conflict-routing/runs/paper_suite/single_gpu/single_task/roberta_sst2_ffn_e4_k2/hpo/cagrad/trial_runs/coord_05_method_baseline_cagrad_inner_lr_010/cagrad_s2.json,/home/zhujjing/MOE-grad-conflict-routing/runs/paper_suite/single_gpu/single_task/roberta_sst2_ffn_e4_k2/hpo/cagrad/trial_runs/coord_05_method_baseline_cagrad_inner_lr_010/cagrad_s2_curve.csv
cagrad,coord_05_method_baseline_cagrad_inner_lr_010,3,0.9094036697247706,0.9094036697247706,0.9094036697247706,False,/home/zhujjing/MOE-grad-conflict-routing/runs/paper_suite/single_gpu/single_task/roberta_sst2_ffn_e4_k2/hpo/cagrad/trial_runs/coord_05_method_baseline_cagrad_inner_lr_010/cagrad_s3.json,/home/zhujjing/MOE-grad-conflict-routing/runs/paper_suite/single_gpu/single_task/roberta_sst2_ffn_e4_k2/hpo/cagrad/trial_runs/coord_05_method_baseline_cagrad_inner_lr_010/cagrad_s3_curve.csv
cagrad,coord_05_method_baseline_cagrad_inner_lr_011,2,0.8428899082568807,0.7224770642201835,0.7826834862385321,False,/home/zhujjing/MOE-grad-conflict-routing/runs/paper_suite/single_gpu/single_task/roberta_sst2_ffn_e4_k2/hpo/cagrad/trial_runs/coord_05_method_baseline_cagrad_inner_lr_011/cagrad_s2.json,/home/zhujjing/MOE-grad-conflict-routing/runs/paper_suite/single_gpu/single_task/roberta_sst2_ffn_e4_k2/hpo/cagrad/trial_runs/coord_05_method_baseline_cagrad_inner_lr_011/cagrad_s2_curve.csv
cagrad,coord_05_method_baseline_cagrad_inner_lr_011,3,0.9036697247706422,0.9036697247706422,0.9036697247706422,False,/home/zhujjing/MOE-grad-conflict-routing/runs/paper_suite/single_gpu/single_task/roberta_sst2_ffn_e4_k2/hpo/cagrad/trial_runs/coord_05_method_baseline_cagrad_inner_lr_011/cagrad_s3.json,/home/zhujjing/MOE-grad-conflict-routing/runs/paper_suite/single_gpu/single_task/roberta_sst2_ffn_e4_k2/hpo/cagrad/trial_runs/coord_05_method_baseline_cagrad_inner_lr_011/cagrad_s3_curve.csv
cagrad,coord_05_method_baseline_cagrad_inner_lr_012,2,0.9025229357798165,0.9025229357798165,0.9025229357798165,False,/home/zhujjing/MOE-grad-conflict-routing/runs/paper_suite/single_gpu/single_task/roberta_sst2_ffn_e4_k2/hpo/cagrad/trial_runs/coord_05_method_baseline_cagrad_inner_lr_012/cagrad_s2.json,/home/zhujjing/MOE-grad-conflict-routing/runs/paper_suite/single_gpu/single_task/roberta_sst2_ffn_e4_k2/hpo/cagrad/trial_runs/coord_05_method_baseline_cagrad_inner_lr_012/cagrad_s2_curve.csv
cagrad,coord_05_method_baseline_cagrad_inner_lr_012,3,0.9036697247706422,0.9036697247706422,0.9036697247706422,False,/home/zhujjing/MOE-grad-conflict-routing/runs/paper_suite/single_gpu/single_task/roberta_sst2_ffn_e4_k2/hpo/cagrad/trial_runs/coord_05_method_baseline_cagrad_inner_lr_012/cagrad_s3.json,/home/zhujjing/MOE-grad-conflict-routing/runs/paper_suite/single_gpu/single_task/roberta_sst2_ffn_e4_k2/hpo/cagrad/trial_runs/coord_05_method_baseline_cagrad_inner_lr_012/cagrad_s3_curve.csv
cagrad,coord_05_method_baseline_cagrad_inner_lr_013,2,0.9128440366972477,0.9128440366972477,0.9128440366972477,False,/home/zhujjing/MOE-grad-conflict-routing/runs/paper_suite/single_gpu/single_task/roberta_sst2_ffn_e4_k2/hpo/cagrad/trial_runs/coord_05_method_baseline_cagrad_inner_lr_013/cagrad_s2.json,/home/zhujjing/MOE-grad-conflict-routing/runs/paper_suite/single_gpu/single_task/roberta_sst2_ffn_e4_k2/hpo/cagrad/trial_runs/coord_05_method_baseline_cagrad_inner_lr_013/cagrad_s2_curve.csv
cagrad,coord_05_method_baseline_cagrad_inner_lr_013,3,0.9139908256880734,0.9139908256880734,0.9139908256880734,False,/home/zhujjing/MOE-grad-conflict-routing/runs/paper_suite/single_gpu/single_task/roberta_sst2_ffn_e4_k2/hpo/cagrad/trial_runs/coord_05_method_baseline_cagrad_inner_lr_013/cagrad_s3.json,/home/zhujjing/MOE-grad-conflict-routing/runs/paper_suite/single_gpu/single_task/roberta_sst2_ffn_e4_k2/hpo/cagrad/trial_runs/coord_05_method_baseline_cagrad_inner_lr_013/cagrad_s3_curve.csv
cagrad,coord_05_method_baseline_cagrad_inner_lr_014,2,0.8979357798165137,0.8979357798165137,0.8979357798165137,False,/home/zhujjing/MOE-grad-conflict-routing/runs/paper_suite/single_gpu/single_task/roberta_sst2_ffn_e4_k2/hpo/cagrad/trial_runs/coord_05_method_baseline_cagrad_inner_lr_014/cagrad_s2.json,/home/zhujjing/MOE-grad-conflict-routing/runs/paper_suite/single_gpu/single_task/roberta_sst2_ffn_e4_k2/hpo/cagrad/trial_runs/coord_05_method_baseline_cagrad_inner_lr_014/cagrad_s2_curve.csv
cagrad,coord_05_method_baseline_cagrad_inner_lr_014,3,0.9013761467889908,0.9013761467889908,0.9013761467889908,False,/home/zhujjing/MOE-grad-conflict-routing/runs/paper_suite/single_gpu/single_task/roberta_sst2_ffn_e4_k2/hpo/cagrad/trial_runs/coord_05_method_baseline_cagrad_inner_lr_014/cagrad_s3.json,/home/zhujjing/MOE-grad-conflict-routing/runs/paper_suite/single_gpu/single_task/roberta_sst2_ffn_e4_k2/hpo/cagrad/trial_runs/coord_05_method_baseline_cagrad_inner_lr_014/cagrad_s3_curve.csv
cagrad,coord_05_method_baseline_cagrad_inner_lr_015,2,0.9002293577981652,0.9002293577981652,0.9002293577981652,False,/home/zhujjing/MOE-grad-conflict-routing/runs/paper_suite/single_gpu/single_task/roberta_sst2_ffn_e4_k2/hpo/cagrad/trial_runs/coord_05_method_baseline_cagrad_inner_lr_015/cagrad_s2.json,/home/zhujjing/MOE-grad-conflict-routing/runs/paper_suite/single_gpu/single_task/roberta_sst2_ffn_e4_k2/hpo/cagrad/trial_runs/coord_05_method_baseline_cagrad_inner_lr_015/cagrad_s2_curve.csv
cagrad,coord_05_method_baseline_cagrad_inner_lr_015,3,0.9128440366972477,0.9128440366972477,0.9128440366972477,False,/home/zhujjing/MOE-grad-conflict-routing/runs/paper_suite/single_gpu/single_task/roberta_sst2_ffn_e4_k2/hpo/cagrad/trial_runs/coord_05_method_baseline_cagrad_inner_lr_015/cagrad_s3.json,/home/zhujjing/MOE-grad-conflict-routing/runs/paper_suite/single_gpu/single_task/roberta_sst2_ffn_e4_k2/hpo/cagrad/trial_runs/coord_05_method_baseline_cagrad_inner_lr_015/cagrad_s3_curve.csv
cagrad,coord_05_method_baseline_cagrad_inner_lr_016,2,0.9025229357798165,0.9025229357798165,0.9025229357798165,False,/home/zhujjing/MOE-grad-conflict-routing/runs/paper_suite/single_gpu/single_task/roberta_sst2_ffn_e4_k2/hpo/cagrad/trial_runs/coord_05_method_baseline_cagrad_inner_lr_016/cagrad_s2.json,/home/zhujjing/MOE-grad-conflict-routing/runs/paper_suite/single_gpu/single_task/roberta_sst2_ffn_e4_k2/hpo/cagrad/trial_runs/coord_05_method_baseline_cagrad_inner_lr_016/cagrad_s2_curve.csv
cagrad,coord_05_method_baseline_cagrad_inner_lr_016,3,0.9025229357798165,0.9002293577981652,0.9013761467889908,False,/home/zhujjing/MOE-grad-conflict-routing/runs/paper_suite/single_gpu/single_task/roberta_sst2_ffn_e4_k2/hpo/cagrad/trial_runs/coord_05_method_baseline_cagrad_inner_lr_016/cagrad_s3.json,/home/zhujjing/MOE-grad-conflict-routing/runs/paper_suite/single_gpu/single_task/roberta_sst2_ffn_e4_k2/hpo/cagrad/trial_runs/coord_05_method_baseline_cagrad_inner_lr_016/cagrad_s3_curve.csv
cagrad,coord_05_method_baseline_cagrad_inner_lr_017,2,0.8990825688073395,0.8990825688073395,0.8990825688073395,False,/home/zhujjing/MOE-grad-conflict-routing/runs/paper_suite/single_gpu/single_task/roberta_sst2_ffn_e4_k2/hpo/cagrad/trial_runs/coord_05_method_baseline_cagrad_inner_lr_017/cagrad_s2.json,/home/zhujjing/MOE-grad-conflict-routing/runs/paper_suite/single_gpu/single_task/roberta_sst2_ffn_e4_k2/hpo/cagrad/trial_runs/coord_05_method_baseline_cagrad_inner_lr_017/cagrad_s2_curve.csv
cagrad,coord_05_method_baseline_cagrad_inner_lr_017,3,0.9105504587155964,0.9105504587155964,0.9105504587155964,False,/home/zhujjing/MOE-grad-conflict-routing/runs/paper_suite/single_gpu/single_task/roberta_sst2_ffn_e4_k2/hpo/cagrad/trial_runs/coord_05_method_baseline_cagrad_inner_lr_017/cagrad_s3.json,/home/zhujjing/MOE-grad-conflict-routing/runs/paper_suite/single_gpu/single_task/roberta_sst2_ffn_e4_k2/hpo/cagrad/trial_runs/coord_05_method_baseline_cagrad_inner_lr_017/cagrad_s3_curve.csv
cagrad,local_var_topk_000,2,0.9094036697247706,0.9094036697247706,0.9094036697247706,False,/home/zhujjing/MOE-grad-conflict-routing/runs/paper_suite/single_gpu/single_task/roberta_sst2_ffn_e4_k2/hpo/cagrad/trial_runs/local_var_topk_000/cagrad_s2.json,/home/zhujjing/MOE-grad-conflict-routing/runs/paper_suite/single_gpu/single_task/roberta_sst2_ffn_e4_k2/hpo/cagrad/trial_runs/local_var_topk_000/cagrad_s2_curve.csv
cagrad,local_var_topk_000,3,0.9002293577981652,0.8818807339449541,0.8910550458715596,False,/home/zhujjing/MOE-grad-conflict-routing/runs/paper_suite/single_gpu/single_task/roberta_sst2_ffn_e4_k2/hpo/cagrad/trial_runs/local_var_topk_000/cagrad_s3.json,/home/zhujjing/MOE-grad-conflict-routing/runs/paper_suite/single_gpu/single_task/roberta_sst2_ffn_e4_k2/hpo/cagrad/trial_runs/local_var_topk_000/cagrad_s3_curve.csv
cagrad,local_var_topk_001,2,0.8979357798165137,0.8979357798165137,0.8979357798165137,False,/home/zhujjing/MOE-grad-conflict-routing/runs/paper_suite/single_gpu/single_task/roberta_sst2_ffn_e4_k2/hpo/cagrad/trial_runs/local_var_topk_001/cagrad_s2.json,/home/zhujjing/MOE-grad-conflict-routing/runs/paper_suite/single_gpu/single_task/roberta_sst2_ffn_e4_k2/hpo/cagrad/trial_runs/local_var_topk_001/cagrad_s2_curve.csv
cagrad,local_var_topk_001,3,0.9162844036697247,0.9162844036697247,0.9162844036697247,False,/home/zhujjing/MOE-grad-conflict-routing/runs/paper_suite/single_gpu/single_task/roberta_sst2_ffn_e4_k2/hpo/cagrad/trial_runs/local_var_topk_001/cagrad_s3.json,/home/zhujjing/MOE-grad-conflict-routing/runs/paper_suite/single_gpu/single_task/roberta_sst2_ffn_e4_k2/hpo/cagrad/trial_runs/local_var_topk_001/cagrad_s3_curve.csv
cagrad,local_var_topk_002,2,0.8956422018348624,0.8956422018348624,0.8956422018348624,False,/home/zhujjing/MOE-grad-conflict-routing/runs/paper_suite/single_gpu/single_task/roberta_sst2_ffn_e4_k2/hpo/cagrad/trial_runs/local_var_topk_002/cagrad_s2.json,/home/zhujjing/MOE-grad-conflict-routing/runs/paper_suite/single_gpu/single_task/roberta_sst2_ffn_e4_k2/hpo/cagrad/trial_runs/local_var_topk_002/cagrad_s2_curve.csv
cagrad,local_var_topk_002,3,0.8967889908256881,0.8922018348623854,0.8944954128440368,False,/home/zhujjing/MOE-grad-conflict-routing/runs/paper_suite/single_gpu/single_task/roberta_sst2_ffn_e4_k2/hpo/cagrad/trial_runs/local_var_topk_002/cagrad_s3.json,/home/zhujjing/MOE-grad-conflict-routing/runs/paper_suite/single_gpu/single_task/roberta_sst2_ffn_e4_k2/hpo/cagrad/trial_runs/local_var_topk_002/cagrad_s3_curve.csv
cagrad,local_var_topk_003,2,0.8818807339449541,0.8818807339449541,0.8818807339449541,False,/home/zhujjing/MOE-grad-conflict-routing/runs/paper_suite/single_gpu/single_task/roberta_sst2_ffn_e4_k2/hpo/cagrad/trial_runs/local_var_topk_003/cagrad_s2.json,/home/zhujjing/MOE-grad-conflict-routing/runs/paper_suite/single_gpu/single_task/roberta_sst2_ffn_e4_k2/hpo/cagrad/trial_runs/local_var_topk_003/cagrad_s2_curve.csv
cagrad,local_var_topk_003,3,0.9048165137614679,0.9048165137614679,0.9048165137614679,False,/home/zhujjing/MOE-grad-conflict-routing/runs/paper_suite/single_gpu/single_task/roberta_sst2_ffn_e4_k2/hpo/cagrad/trial_runs/local_var_topk_003/cagrad_s3.json,/home/zhujjing/MOE-grad-conflict-routing/runs/paper_suite/single_gpu/single_task/roberta_sst2_ffn_e4_k2/hpo/cagrad/trial_runs/local_var_topk_003/cagrad_s3_curve.csv
cagrad,local_var_topk_004,2,0.9002293577981652,0.9002293577981652,0.9002293577981652,False,/home/zhujjing/MOE-grad-conflict-routing/runs/paper_suite/single_gpu/single_task/roberta_sst2_ffn_e4_k2/hpo/cagrad/trial_runs/local_var_topk_004/cagrad_s2.json,/home/zhujjing/MOE-grad-conflict-routing/runs/paper_suite/single_gpu/single_task/roberta_sst2_ffn_e4_k2/hpo/cagrad/trial_runs/local_var_topk_004/cagrad_s2_curve.csv
cagrad,local_var_topk_004,3,0.8956422018348624,0.8956422018348624,0.8956422018348624,False,/home/zhujjing/MOE-grad-conflict-routing/runs/paper_suite/single_gpu/single_task/roberta_sst2_ffn_e4_k2/hpo/cagrad/trial_runs/local_var_topk_004/cagrad_s3.json,/home/zhujjing/MOE-grad-conflict-routing/runs/paper_suite/single_gpu/single_task/roberta_sst2_ffn_e4_k2/hpo/cagrad/trial_runs/local_var_topk_004/cagrad_s3_curve.csv
cagrad,local_var_topk_005,2,0.8956422018348624,0.8956422018348624,0.8956422018348624,False,/home/zhujjing/MOE-grad-conflict-routing/runs/paper_suite/single_gpu/single_task/roberta_sst2_ffn_e4_k2/hpo/cagrad/trial_runs/local_var_topk_005/cagrad_s2.json,/home/zhujjing/MOE-grad-conflict-routing/runs/paper_suite/single_gpu/single_task/roberta_sst2_ffn_e4_k2/hpo/cagrad/trial_runs/local_var_topk_005/cagrad_s2_curve.csv
cagrad,local_var_topk_005,3,0.9025229357798165,0.8772935779816514,0.8899082568807339,False,/home/zhujjing/MOE-grad-conflict-routing/runs/paper_suite/single_gpu/single_task/roberta_sst2_ffn_e4_k2/hpo/cagrad/trial_runs/local_var_topk_005/cagrad_s3.json,/home/zhujjing/MOE-grad-conflict-routing/runs/paper_suite/single_gpu/single_task/roberta_sst2_ffn_e4_k2/hpo/cagrad/trial_runs/local_var_topk_005/cagrad_s3_curve.csv
cagrad,local_var_topk_006,2,0.8944954128440367,0.8944954128440367,0.8944954128440367,False,/home/zhujjing/MOE-grad-conflict-routing/runs/paper_suite/single_gpu/single_task/roberta_sst2_ffn_e4_k2/hpo/cagrad/trial_runs/local_var_topk_006/cagrad_s2.json,/home/zhujjing/MOE-grad-conflict-routing/runs/paper_suite/single_gpu/single_task/roberta_sst2_ffn_e4_k2/hpo/cagrad/trial_runs/local_var_topk_006/cagrad_s2_curve.csv
cagrad,local_var_topk_006,3,0.9025229357798165,0.8956422018348624,0.8990825688073394,False,/home/zhujjing/MOE-grad-conflict-routing/runs/paper_suite/single_gpu/single_task/roberta_sst2_ffn_e4_k2/hpo/cagrad/trial_runs/local_var_topk_006/cagrad_s3.json,/home/zhujjing/MOE-grad-conflict-routing/runs/paper_suite/single_gpu/single_task/roberta_sst2_ffn_e4_k2/hpo/cagrad/trial_runs/local_var_topk_006/cagrad_s3_curve.csv
cagrad,local_var_topk_007,2,0.8967889908256881,0.8967889908256881,0.8967889908256881,False,/home/zhujjing/MOE-grad-conflict-routing/runs/paper_suite/single_gpu/single_task/roberta_sst2_ffn_e4_k2/hpo/cagrad/trial_runs/local_var_topk_007/cagrad_s2.json,/home/zhujjing/MOE-grad-conflict-routing/runs/paper_suite/single_gpu/single_task/roberta_sst2_ffn_e4_k2/hpo/cagrad/trial_runs/local_var_topk_007/cagrad_s2_curve.csv
cagrad,local_var_topk_007,3,0.8967889908256881,0.8967889908256881,0.8967889908256881,False,/home/zhujjing/MOE-grad-conflict-routing/runs/paper_suite/single_gpu/single_task/roberta_sst2_ffn_e4_k2/hpo/cagrad/trial_runs/local_var_topk_007/cagrad_s3.json,/home/zhujjing/MOE-grad-conflict-routing/runs/paper_suite/single_gpu/single_task/roberta_sst2_ffn_e4_k2/hpo/cagrad/trial_runs/local_var_topk_007/cagrad_s3_curve.csv
cagrad,local_var_topk_008,2,0.9013761467889908,0.9002293577981652,0.900802752293578,False,/home/zhujjing/MOE-grad-conflict-routing/runs/paper_suite/single_gpu/single_task/roberta_sst2_ffn_e4_k2/hpo/cagrad/trial_runs/local_var_topk_008/cagrad_s2.json,/home/zhujjing/MOE-grad-conflict-routing/runs/paper_suite/single_gpu/single_task/roberta_sst2_ffn_e4_k2/hpo/cagrad/trial_runs/local_var_topk_008/cagrad_s2_curve.csv
cagrad,local_var_topk_008,3,0.908256880733945,0.908256880733945,0.908256880733945,False,/home/zhujjing/MOE-grad-conflict-routing/runs/paper_suite/single_gpu/single_task/roberta_sst2_ffn_e4_k2/hpo/cagrad/trial_runs/local_var_topk_008/cagrad_s3.json,/home/zhujjing/MOE-grad-conflict-routing/runs/paper_suite/single_gpu/single_task/roberta_sst2_ffn_e4_k2/hpo/cagrad/trial_runs/local_var_topk_008/cagrad_s3_curve.csv
cagrad,local_var_topk_009,2,0.8876146788990825,0.8876146788990825,0.8876146788990825,False,/home/zhujjing/MOE-grad-conflict-routing/runs/paper_suite/single_gpu/single_task/roberta_sst2_ffn_e4_k2/hpo/cagrad/trial_runs/local_var_topk_009/cagrad_s2.json,/home/zhujjing/MOE-grad-conflict-routing/runs/paper_suite/single_gpu/single_task/roberta_sst2_ffn_e4_k2/hpo/cagrad/trial_runs/local_var_topk_009/cagrad_s2_curve.csv
cagrad,local_var_topk_009,3,0.8841743119266054,0.8841743119266054,0.8841743119266054,False,/home/zhujjing/MOE-grad-conflict-routing/runs/paper_suite/single_gpu/single_task/roberta_sst2_ffn_e4_k2/hpo/cagrad/trial_runs/local_var_topk_009/cagrad_s3.json,/home/zhujjing/MOE-grad-conflict-routing/runs/paper_suite/single_gpu/single_task/roberta_sst2_ffn_e4_k2/hpo/cagrad/trial_runs/local_var_topk_009/cagrad_s3_curve.csv
cagrad,local_var_topk_010,2,0.8807339449541285,0.8772935779816514,0.8790137614678899,False,/home/zhujjing/MOE-grad-conflict-routing/runs/paper_suite/single_gpu/single_task/roberta_sst2_ffn_e4_k2/hpo/cagrad/trial_runs/local_var_topk_010/cagrad_s2.json,/home/zhujjing/MOE-grad-conflict-routing/runs/paper_suite/single_gpu/single_task/roberta_sst2_ffn_e4_k2/hpo/cagrad/trial_runs/local_var_topk_010/cagrad_s2_curve.csv
cagrad,local_var_topk_010,3,0.9128440366972477,0.9128440366972477,0.9128440366972477,False,/home/zhujjing/MOE-grad-conflict-routing/runs/paper_suite/single_gpu/single_task/roberta_sst2_ffn_e4_k2/hpo/cagrad/trial_runs/local_var_topk_010/cagrad_s3.json,/home/zhujjing/MOE-grad-conflict-routing/runs/paper_suite/single_gpu/single_task/roberta_sst2_ffn_e4_k2/hpo/cagrad/trial_runs/local_var_topk_010/cagrad_s3_curve.csv
cagrad,local_var_topk_011,2,0.8314220183486238,0.8314220183486238,0.8314220183486238,False,/home/zhujjing/MOE-grad-conflict-routing/runs/paper_suite/single_gpu/single_task/roberta_sst2_ffn_e4_k2/hpo/cagrad/trial_runs/local_var_topk_011/cagrad_s2.json,/home/zhujjing/MOE-grad-conflict-routing/runs/paper_suite/single_gpu/single_task/roberta_sst2_ffn_e4_k2/hpo/cagrad/trial_runs/local_var_topk_011/cagrad_s2_curve.csv
cagrad,local_var_topk_011,3,0.8990825688073395,0.8990825688073395,0.8990825688073395,False,/home/zhujjing/MOE-grad-conflict-routing/runs/paper_suite/single_gpu/single_task/roberta_sst2_ffn_e4_k2/hpo/cagrad/trial_runs/local_var_topk_011/cagrad_s3.json,/home/zhujjing/MOE-grad-conflict-routing/runs/paper_suite/single_gpu/single_task/roberta_sst2_ffn_e4_k2/hpo/cagrad/trial_runs/local_var_topk_011/cagrad_s3_curve.csv
cagrad,local_var_topk_012,2,0.8922018348623854,0.8922018348623854,0.8922018348623854,False,/home/zhujjing/MOE-grad-conflict-routing/runs/paper_suite/single_gpu/single_task/roberta_sst2_ffn_e4_k2/hpo/cagrad/trial_runs/local_var_topk_012/cagrad_s2.json,/home/zhujjing/MOE-grad-conflict-routing/runs/paper_suite/single_gpu/single_task/roberta_sst2_ffn_e4_k2/hpo/cagrad/trial_runs/local_var_topk_012/cagrad_s2_curve.csv
cagrad,local_var_topk_012,3,0.908256880733945,0.9025229357798165,0.9053899082568807,False,/home/zhujjing/MOE-grad-conflict-routing/runs/paper_suite/single_gpu/single_task/roberta_sst2_ffn_e4_k2/hpo/cagrad/trial_runs/local_var_topk_012/cagrad_s3.json,/home/zhujjing/MOE-grad-conflict-routing/runs/paper_suite/single_gpu/single_task/roberta_sst2_ffn_e4_k2/hpo/cagrad/trial_runs/local_var_topk_012/cagrad_s3_curve.csv
cagrad,local_var_topk_013,2,0.8967889908256881,0.8967889908256881,0.8967889908256881,False,/home/zhujjing/MOE-grad-conflict-routing/runs/paper_suite/single_gpu/single_task/roberta_sst2_ffn_e4_k2/hpo/cagrad/trial_runs/local_var_topk_013/cagrad_s2.json,/home/zhujjing/MOE-grad-conflict-routing/runs/paper_suite/single_gpu/single_task/roberta_sst2_ffn_e4_k2/hpo/cagrad/trial_runs/local_var_topk_013/cagrad_s2_curve.csv
cagrad,local_var_topk_013,3,0.9105504587155964,0.9105504587155964,0.9105504587155964,False,/home/zhujjing/MOE-grad-conflict-routing/runs/paper_suite/single_gpu/single_task/roberta_sst2_ffn_e4_k2/hpo/cagrad/trial_runs/local_var_topk_013/cagrad_s3.json,/home/zhujjing/MOE-grad-conflict-routing/runs/paper_suite/single_gpu/single_task/roberta_sst2_ffn_e4_k2/hpo/cagrad/trial_runs/local_var_topk_013/cagrad_s3_curve.csv
cagrad,local_var_topk_014,2,0.8887614678899083,0.8864678899082569,0.8876146788990826,False,/home/zhujjing/MOE-grad-conflict-routing/runs/paper_suite/single_gpu/single_task/roberta_sst2_ffn_e4_k2/hpo/cagrad/trial_runs/local_var_topk_014/cagrad_s2.json,/home/zhujjing/MOE-grad-conflict-routing/runs/paper_suite/single_gpu/single_task/roberta_sst2_ffn_e4_k2/hpo/cagrad/trial_runs/local_var_topk_014/cagrad_s2_curve.csv
cagrad,local_var_topk_014,3,0.9105504587155964,0.9105504587155964,0.9105504587155964,False,/home/zhujjing/MOE-grad-conflict-routing/runs/paper_suite/single_gpu/single_task/roberta_sst2_ffn_e4_k2/hpo/cagrad/trial_runs/local_var_topk_014/cagrad_s3.json,/home/zhujjing/MOE-grad-conflict-routing/runs/paper_suite/single_gpu/single_task/roberta_sst2_ffn_e4_k2/hpo/cagrad/trial_runs/local_var_topk_014/cagrad_s3_curve.csv
cagrad,local_var_topk_015,2,0.8818807339449541,0.8818807339449541,0.8818807339449541,False,/home/zhujjing/MOE-grad-conflict-routing/runs/paper_suite/single_gpu/single_task/roberta_sst2_ffn_e4_k2/hpo/cagrad/trial_runs/local_var_topk_015/cagrad_s2.json,/home/zhujjing/MOE-grad-conflict-routing/runs/paper_suite/single_gpu/single_task/roberta_sst2_ffn_e4_k2/hpo/cagrad/trial_runs/local_var_topk_015/cagrad_s2_curve.csv
cagrad,local_var_topk_015,3,0.893348623853211,0.893348623853211,0.893348623853211,False,/home/zhujjing/MOE-grad-conflict-routing/runs/paper_suite/single_gpu/single_task/roberta_sst2_ffn_e4_k2/hpo/cagrad/trial_runs/local_var_topk_015/cagrad_s3.json,/home/zhujjing/MOE-grad-conflict-routing/runs/paper_suite/single_gpu/single_task/roberta_sst2_ffn_e4_k2/hpo/cagrad/trial_runs/local_var_topk_015/cagrad_s3_curve.csv
cagrad,local_var_topk_016,2,0.9071100917431193,0.9071100917431193,0.9071100917431193,False,/home/zhujjing/MOE-grad-conflict-routing/runs/paper_suite/single_gpu/single_task/roberta_sst2_ffn_e4_k2/hpo/cagrad/trial_runs/local_var_topk_016/cagrad_s2.json,/home/zhujjing/MOE-grad-conflict-routing/runs/paper_suite/single_gpu/single_task/roberta_sst2_ffn_e4_k2/hpo/cagrad/trial_runs/local_var_topk_016/cagrad_s2_curve.csv
cagrad,local_var_topk_016,3,0.9151376146788991,0.9151376146788991,0.9151376146788991,False,/home/zhujjing/MOE-grad-conflict-routing/runs/paper_suite/single_gpu/single_task/roberta_sst2_ffn_e4_k2/hpo/cagrad/trial_runs/local_var_topk_016/cagrad_s3.json,/home/zhujjing/MOE-grad-conflict-routing/runs/paper_suite/single_gpu/single_task/roberta_sst2_ffn_e4_k2/hpo/cagrad/trial_runs/local_var_topk_016/cagrad_s3_curve.csv
cagrad,local_var_topk_017,2,0.9025229357798165,0.9025229357798165,0.9025229357798165,False,/home/zhujjing/MOE-grad-conflict-routing/runs/paper_suite/single_gpu/single_task/roberta_sst2_ffn_e4_k2/hpo/cagrad/trial_runs/local_var_topk_017/cagrad_s2.json,/home/zhujjing/MOE-grad-conflict-routing/runs/paper_suite/single_gpu/single_task/roberta_sst2_ffn_e4_k2/hpo/cagrad/trial_runs/local_var_topk_017/cagrad_s2_curve.csv
cagrad,local_var_topk_017,3,0.908256880733945,0.908256880733945,0.908256880733945,False,/home/zhujjing/MOE-grad-conflict-routing/runs/paper_suite/single_gpu/single_task/roberta_sst2_ffn_e4_k2/hpo/cagrad/trial_runs/local_var_topk_017/cagrad_s3.json,/home/zhujjing/MOE-grad-conflict-routing/runs/paper_suite/single_gpu/single_task/roberta_sst2_ffn_e4_k2/hpo/cagrad/trial_runs/local_var_topk_017/cagrad_s3_curve.csv
cagrad,local_var_topk_018,2,0.8830275229357798,0.8692660550458715,0.8761467889908257,False,/home/zhujjing/MOE-grad-conflict-routing/runs/paper_suite/single_gpu/single_task/roberta_sst2_ffn_e4_k2/hpo/cagrad/trial_runs/local_var_topk_018/cagrad_s2.json,/home/zhujjing/MOE-grad-conflict-routing/runs/paper_suite/single_gpu/single_task/roberta_sst2_ffn_e4_k2/hpo/cagrad/trial_runs/local_var_topk_018/cagrad_s2_curve.csv
cagrad,local_var_topk_018,3,0.893348623853211,0.893348623853211,0.893348623853211,False,/home/zhujjing/MOE-grad-conflict-routing/runs/paper_suite/single_gpu/single_task/roberta_sst2_ffn_e4_k2/hpo/cagrad/trial_runs/local_var_topk_018/cagrad_s3.json,/home/zhujjing/MOE-grad-conflict-routing/runs/paper_suite/single_gpu/single_task/roberta_sst2_ffn_e4_k2/hpo/cagrad/trial_runs/local_var_topk_018/cagrad_s3_curve.csv
cagrad,local_var_topk_019,2,0.8681192660550459,0.8681192660550459,0.8681192660550459,False,/home/zhujjing/MOE-grad-conflict-routing/runs/paper_suite/single_gpu/single_task/roberta_sst2_ffn_e4_k2/hpo/cagrad/trial_runs/local_var_topk_019/cagrad_s2.json,/home/zhujjing/MOE-grad-conflict-routing/runs/paper_suite/single_gpu/single_task/roberta_sst2_ffn_e4_k2/hpo/cagrad/trial_runs/local_var_topk_019/cagrad_s2_curve.csv
cagrad,local_var_topk_019,3,0.8979357798165137,0.8979357798165137,0.8979357798165137,False,/home/zhujjing/MOE-grad-conflict-routing/runs/paper_suite/single_gpu/single_task/roberta_sst2_ffn_e4_k2/hpo/cagrad/trial_runs/local_var_topk_019/cagrad_s3.json,/home/zhujjing/MOE-grad-conflict-routing/runs/paper_suite/single_gpu/single_task/roberta_sst2_ffn_e4_k2/hpo/cagrad/trial_runs/local_var_topk_019/cagrad_s3_curve.csv
cagrad,local_var_topk_020,2,0.8841743119266054,0.8715596330275229,0.8778669724770642,False,/home/zhujjing/MOE-grad-conflict-routing/runs/paper_suite/single_gpu/single_task/roberta_sst2_ffn_e4_k2/hpo/cagrad/trial_runs/local_var_topk_020/cagrad_s2.json,/home/zhujjing/MOE-grad-conflict-routing/runs/paper_suite/single_gpu/single_task/roberta_sst2_ffn_e4_k2/hpo/cagrad/trial_runs/local_var_topk_020/cagrad_s2_curve.csv
cagrad,local_var_topk_020,3,0.9048165137614679,0.9048165137614679,0.9048165137614679,False,/home/zhujjing/MOE-grad-conflict-routing/runs/paper_suite/single_gpu/single_task/roberta_sst2_ffn_e4_k2/hpo/cagrad/trial_runs/local_var_topk_020/cagrad_s3.json,/home/zhujjing/MOE-grad-conflict-routing/runs/paper_suite/single_gpu/single_task/roberta_sst2_ffn_e4_k2/hpo/cagrad/trial_runs/local_var_topk_020/cagrad_s3_curve.csv
cagrad,local_var_topk_021,2,0.8830275229357798,0.8830275229357798,0.8830275229357798,False,/home/zhujjing/MOE-grad-conflict-routing/runs/paper_suite/single_gpu/single_task/roberta_sst2_ffn_e4_k2/hpo/cagrad/trial_runs/local_var_topk_021/cagrad_s2.json,/home/zhujjing/MOE-grad-conflict-routing/runs/paper_suite/single_gpu/single_task/roberta_sst2_ffn_e4_k2/hpo/cagrad/trial_runs/local_var_topk_021/cagrad_s2_curve.csv
cagrad,local_var_topk_021,3,0.8944954128440367,0.8887614678899083,0.8916284403669725,False,/home/zhujjing/MOE-grad-conflict-routing/runs/paper_suite/single_gpu/single_task/roberta_sst2_ffn_e4_k2/hpo/cagrad/trial_runs/local_var_topk_021/cagrad_s3.json,/home/zhujjing/MOE-grad-conflict-routing/runs/paper_suite/single_gpu/single_task/roberta_sst2_ffn_e4_k2/hpo/cagrad/trial_runs/local_var_topk_021/cagrad_s3_curve.csv
cagrad,local_var_topk_022,2,0.8807339449541285,0.8807339449541285,0.8807339449541285,False,/home/zhujjing/MOE-grad-conflict-routing/runs/paper_suite/single_gpu/single_task/roberta_sst2_ffn_e4_k2/hpo/cagrad/trial_runs/local_var_topk_022/cagrad_s2.json,/home/zhujjing/MOE-grad-conflict-routing/runs/paper_suite/single_gpu/single_task/roberta_sst2_ffn_e4_k2/hpo/cagrad/trial_runs/local_var_topk_022/cagrad_s2_curve.csv
cagrad,local_var_topk_022,3,0.8922018348623854,0.8658256880733946,0.8790137614678899,False,/home/zhujjing/MOE-grad-conflict-routing/runs/paper_suite/single_gpu/single_task/roberta_sst2_ffn_e4_k2/hpo/cagrad/trial_runs/local_var_topk_022/cagrad_s3.json,/home/zhujjing/MOE-grad-conflict-routing/runs/paper_suite/single_gpu/single_task/roberta_sst2_ffn_e4_k2/hpo/cagrad/trial_runs/local_var_topk_022/cagrad_s3_curve.csv
cagrad,local_var_topk_023,2,0.8772935779816514,0.8669724770642202,0.8721330275229358,False,/home/zhujjing/MOE-grad-conflict-routing/runs/paper_suite/single_gpu/single_task/roberta_sst2_ffn_e4_k2/hpo/cagrad/trial_runs/local_var_topk_023/cagrad_s2.json,/home/zhujjing/MOE-grad-conflict-routing/runs/paper_suite/single_gpu/single_task/roberta_sst2_ffn_e4_k2/hpo/cagrad/trial_runs/local_var_topk_023/cagrad_s2_curve.csv
cagrad,local_var_topk_023,3,0.8956422018348624,0.8956422018348624,0.8956422018348624,False,/home/zhujjing/MOE-grad-conflict-routing/runs/paper_suite/single_gpu/single_task/roberta_sst2_ffn_e4_k2/hpo/cagrad/trial_runs/local_var_topk_023/cagrad_s3.json,/home/zhujjing/MOE-grad-conflict-routing/runs/paper_suite/single_gpu/single_task/roberta_sst2_ffn_e4_k2/hpo/cagrad/trial_runs/local_var_topk_023/cagrad_s3_curve.csv
cagrad,local_var_topk_024,2,0.8772935779816514,0.8772935779816514,0.8772935779816514,False,/home/zhujjing/MOE-grad-conflict-routing/runs/paper_suite/single_gpu/single_task/roberta_sst2_ffn_e4_k2/hpo/cagrad/trial_runs/local_var_topk_024/cagrad_s2.json,/home/zhujjing/MOE-grad-conflict-routing/runs/paper_suite/single_gpu/single_task/roberta_sst2_ffn_e4_k2/hpo/cagrad/trial_runs/local_var_topk_024/cagrad_s2_curve.csv
cagrad,local_var_topk_024,3,0.9013761467889908,0.9013761467889908,0.9013761467889908,False,/home/zhujjing/MOE-grad-conflict-routing/runs/paper_suite/single_gpu/single_task/roberta_sst2_ffn_e4_k2/hpo/cagrad/trial_runs/local_var_topk_024/cagrad_s3.json,/home/zhujjing/MOE-grad-conflict-routing/runs/paper_suite/single_gpu/single_task/roberta_sst2_ffn_e4_k2/hpo/cagrad/trial_runs/local_var_topk_024/cagrad_s3_curve.csv
cagrad,local_var_topk_025,2,0.8772935779816514,0.8543577981651376,0.8658256880733946,False,/home/zhujjing/MOE-grad-conflict-routing/runs/paper_suite/single_gpu/single_task/roberta_sst2_ffn_e4_k2/hpo/cagrad/trial_runs/local_var_topk_025/cagrad_s2.json,/home/zhujjing/MOE-grad-conflict-routing/runs/paper_suite/single_gpu/single_task/roberta_sst2_ffn_e4_k2/hpo/cagrad/trial_runs/local_var_topk_025/cagrad_s2_curve.csv
cagrad,local_var_topk_025,3,0.8876146788990825,0.8761467889908257,0.8818807339449541,False,/home/zhujjing/MOE-grad-conflict-routing/runs/paper_suite/single_gpu/single_task/roberta_sst2_ffn_e4_k2/hpo/cagrad/trial_runs/local_var_topk_025/cagrad_s3.json,/home/zhujjing/MOE-grad-conflict-routing/runs/paper_suite/single_gpu/single_task/roberta_sst2_ffn_e4_k2/hpo/cagrad/trial_runs/local_var_topk_025/cagrad_s3_curve.csv
cagrad,local_var_topk_026,2,0.8532110091743119,0.8532110091743119,0.8532110091743119,False,/home/zhujjing/MOE-grad-conflict-routing/runs/paper_suite/single_gpu/single_task/roberta_sst2_ffn_e4_k2/hpo/cagrad/trial_runs/local_var_topk_026/cagrad_s2.json,/home/zhujjing/MOE-grad-conflict-routing/runs/paper_suite/single_gpu/single_task/roberta_sst2_ffn_e4_k2/hpo/cagrad/trial_runs/local_var_topk_026/cagrad_s2_curve.csv
cagrad,local_var_topk_026,3,0.9174311926605505,0.8967889908256881,0.9071100917431193,False,/home/zhujjing/MOE-grad-conflict-routing/runs/paper_suite/single_gpu/single_task/roberta_sst2_ffn_e4_k2/hpo/cagrad/trial_runs/local_var_topk_026/cagrad_s3.json,/home/zhujjing/MOE-grad-conflict-routing/runs/paper_suite/single_gpu/single_task/roberta_sst2_ffn_e4_k2/hpo/cagrad/trial_runs/local_var_topk_026/cagrad_s3_curve.csv
