step,train_step_loss,train_acc,train_loss,val_acc,val_loss,avg_intra_expert_coherence,expert_diversity_e0,expert_diversity_e1,expert_diversity_e2,expert_diversity_e3,expert_diversity_mean,expert_purity_e0,expert_purity_e1,expert_purity_e2,expert_purity_e3,expert_purity_mean,inter_expert_similarity,inter_expert_similarity_e0_e0,inter_expert_similarity_e0_e1,inter_expert_similarity_e0_e2,inter_expert_similarity_e0_e3,inter_expert_similarity_e1_e0,inter_expert_similarity_e1_e1,inter_expert_similarity_e1_e2,inter_expert_similarity_e1_e3,inter_expert_similarity_e2_e0,inter_expert_similarity_e2_e1,inter_expert_similarity_e2_e2,inter_expert_similarity_e2_e3,inter_expert_similarity_e3_e0,inter_expert_similarity_e3_e1,inter_expert_similarity_e3_e2,inter_expert_similarity_e3_e3,intra_expert_coherence_e0,intra_expert_coherence_e1,intra_expert_coherence_e2,intra_expert_coherence_e3,load_cv,load_max_min_ratio,overall_task_conflict_cos,router_entropy,router_load_e0,router_load_e1,router_load_e2,router_load_e3,task_acc__glue_mrpc,task_conflict_t0_t0,task_grad_norm_cv,task_loss__glue_mrpc,utilization_ratio
50.0,0.5577244758605957,0.6744820065430752,0.6324164717093758,0.6838235294117647,0.6275716143158766,1.0,0.0,0.0,0.0,0.0,0.0,1.0,1.0,1.0,1.0,1.0,0.06851811241885383,1.0,0.0,0.0,0.0,0.0,1.0,0.0,0.411108674513123,0.0,0.0,1.0,0.0,0.0,0.411108674513123,0.0,1.0,1.0,1.0,1.0,1.0,1.6907290576708098,981995820999.1455,1.0,0.09016389268286087,0.0,0.9819958209991455,0.0,0.018003512173891068,0.6838235294117647,1.0,0.0,0.6275716143158766,0.25
100.0,0.6819042265415192,0.6744820065430752,0.6326923025043114,0.6838235294117647,0.6285222528072504,1.0,0.0,0.0,0.0,0.0,0.0,1.0,1.0,1.0,1.0,1.0,-0.012737240442628158,1.0,-0.07642344265576895,0.0,0.0,-0.07642344265576895,1.0,0.0,0.0,0.0,0.0,1.0,0.0,0.0,0.0,0.0,1.0,1.0,1.0,1.0,1.0,1.7278356121990754,998173058032.9895,1.0,0.013340640776589805,0.001826345338486135,0.9981730580329895,0.0,0.0,0.6838235294117647,1.0,0.0,0.6285222528072504,0.25
150.0,0.7076176702976227,0.6744820065430752,0.6733003724852334,0.6838235294117647,0.6602319252605622,1.0,0.0,0.0,0.0,0.0,0.0,1.0,1.0,1.0,1.0,1.0,-0.052439328853513906,1.0,0.0,0.0,0.0,0.0,1.0,-0.31463597312108343,0.0,0.0,-0.31463597312108343,1.0,0.0,0.0,0.0,0.0,1.0,1.0,1.0,1.0,1.0,1.6696084716736281,972704648971.5576,1.0,0.1252133697271347,0.0,0.9727046489715576,0.027296023443341255,0.0,0.6838235294117647,1.0,0.0,0.6602319252605622,0.25
