step,train_step_loss,train_acc,train_loss,val_acc,val_loss,avg_intra_expert_coherence,expert_diversity_e0,expert_diversity_e1,expert_diversity_e2,expert_diversity_e3,expert_diversity_mean,expert_purity_e0,expert_purity_e1,expert_purity_e2,expert_purity_e3,expert_purity_mean,inter_expert_similarity,inter_expert_similarity_e0_e0,inter_expert_similarity_e0_e1,inter_expert_similarity_e0_e2,inter_expert_similarity_e0_e3,inter_expert_similarity_e1_e0,inter_expert_similarity_e1_e1,inter_expert_similarity_e1_e2,inter_expert_similarity_e1_e3,inter_expert_similarity_e2_e0,inter_expert_similarity_e2_e1,inter_expert_similarity_e2_e2,inter_expert_similarity_e2_e3,inter_expert_similarity_e3_e0,inter_expert_similarity_e3_e1,inter_expert_similarity_e3_e2,inter_expert_similarity_e3_e3,intra_expert_coherence_e0,intra_expert_coherence_e1,intra_expert_coherence_e2,intra_expert_coherence_e3,load_cv,load_max_min_ratio,overall_task_conflict_cos,router_entropy,router_load_e0,router_load_e1,router_load_e2,router_load_e3,task_acc__glue_mrpc,task_conflict_t0_t0,task_grad_norm_cv,task_loss__glue_mrpc,utilization_ratio
50.0,0.581228494644165,0.6744820065430752,0.6373982438574667,0.6838235294117647,0.633964852644847,1.0,0.0,0.0,0.0,0.0,0.0,1.0,1.0,1.0,1.0,1.0,-0.012515236360345834,1.0,0.0,0.0,0.0,0.0,1.0,0.0,-0.075091418162075,0.0,0.0,1.0,0.0,0.0,-0.075091418162075,0.0,1.0,1.0,1.0,1.0,1.0,1.7090807156177923,990020453929.9011,1.0,0.05590960156976008,0.0,0.9900204539299011,0.0,0.009980005212128162,0.6838235294117647,1.0,0.0,0.633964852644847,0.25
100.0,0.6669291853904724,0.6744820065430752,0.6356933131166126,0.6838235294117647,0.6305130949387183,1.0,0.0,0.0,0.0,0.0,0.0,1.0,1.0,1.0,1.0,1.0,-0.0030487453049530453,1.0,0.0,0.0,0.0,0.0,1.0,0.0,-0.01829247182971827,0.0,0.0,1.0,0.0,0.0,-0.01829247182971827,0.0,1.0,1.0,1.0,1.0,1.0,1.6996730028998261,985912382602.6917,1.0,0.0740351012232257,0.0,0.9859123826026917,0.0,0.014087437652051449,0.6838235294117647,1.0,0.0,0.6305130949387183,0.25
150.0,0.6383029818534851,0.6744820065430752,0.6352468241815982,0.6838235294117647,0.6278086614150268,1.0,0.0,0.0,0.0,0.0,0.0,1.0,1.0,1.0,1.0,1.0,0.03391770668239055,1.0,0.20350624009434332,0.0,0.0,0.20350624009434332,1.0,0.0,0.0,0.0,0.0,1.0,0.0,0.0,0.0,0.0,1.0,1.0,1.0,1.0,1.0,1.5293182625824466,909086883068.0847,1.0,0.30464618463142246,0.09091345220804214,0.9090868830680847,0.0,0.0,0.6838235294117647,1.0,0.0,0.6278086614150268,0.25
