step,train_step_loss,train_acc,train_loss,val_acc,val_loss,avg_intra_expert_coherence,expert_diversity_e0,expert_diversity_e1,expert_diversity_e2,expert_diversity_e3,expert_diversity_mean,expert_purity_e0,expert_purity_e1,expert_purity_e2,expert_purity_e3,expert_purity_mean,inter_expert_similarity,inter_expert_similarity_e0_e0,inter_expert_similarity_e0_e1,inter_expert_similarity_e0_e2,inter_expert_similarity_e0_e3,inter_expert_similarity_e1_e0,inter_expert_similarity_e1_e1,inter_expert_similarity_e1_e2,inter_expert_similarity_e1_e3,inter_expert_similarity_e2_e0,inter_expert_similarity_e2_e1,inter_expert_similarity_e2_e2,inter_expert_similarity_e2_e3,inter_expert_similarity_e3_e0,inter_expert_similarity_e3_e1,inter_expert_similarity_e3_e2,inter_expert_similarity_e3_e3,intra_expert_coherence_e0,intra_expert_coherence_e1,intra_expert_coherence_e2,intra_expert_coherence_e3,load_cv,load_max_min_ratio,overall_task_conflict_cos,router_entropy,router_load_e0,router_load_e1,router_load_e2,router_load_e3,task_acc__glue_mrpc,task_conflict_t0_t0,task_grad_norm_cv,task_loss__glue_mrpc,utilization_ratio
50.0,0.5769536793231964,0.6744820065430752,0.6332266630037972,0.6838235294117647,0.6291643874003336,1.0,0.0,0.0,0.0,0.0,0.0,1.0,1.0,1.0,1.0,1.0,-0.0184711357284123,1.0,-0.11082681437047379,0.0,0.0,-0.11082681437047379,1.0,0.0,0.0,0.0,0.0,1.0,0.0,0.0,0.0,0.0,1.0,1.0,1.0,1.0,1.0,1.151146480509429,701599299907.6843,1.0,0.6095028519630432,0.2984006404876709,0.7015992999076843,0.0,0.0,0.6838235294117647,1.0,0.0,0.6291643874003336,0.5
100.0,0.6637104749679565,0.6744820065430752,0.636530418758807,0.6838235294117647,0.6315346446174842,1.0,0.0,0.0,0.0,0.0,0.0,1.0,1.0,1.0,1.0,1.0,0.020225738070177603,1.0,0.0,0.0,0.0,0.0,1.0,0.12135442842106563,0.0,0.0,0.12135442842106563,1.0,0.0,0.0,0.0,0.0,1.0,1.0,1.0,1.0,1.0,1.1236011834620019,681135296821.5942,1.0,0.6260108351707458,0.0,0.6811352968215942,0.3188648223876953,0.0,0.6838235294117647,1.0,0.0,0.6315346446174842,0.5
150.0,0.6220799088478088,0.6744820065430752,0.6309177789999091,0.6838235294117647,0.6253889741805884,1.0,0.0,0.0,0.0,0.0,0.0,1.0,1.0,1.0,1.0,1.0,0.017123042566821876,1.0,0.10273825540093126,0.0,0.0,0.10273825540093126,1.0,0.0,0.0,0.0,0.0,1.0,0.0,0.0,0.0,0.0,1.0,1.0,1.0,1.0,1.0,1.507379623466618,898778080940.2466,1.0,0.32775892288077113,0.10122159868478775,0.8987780809402466,0.0,0.0,0.6838235294117647,1.0,0.0,0.6253889741805884,0.25
