step,train_step_loss,train_acc,train_loss,val_acc,val_loss,avg_intra_expert_coherence,expert_diversity_e0,expert_diversity_e1,expert_diversity_e2,expert_diversity_e3,expert_diversity_mean,expert_purity_e0,expert_purity_e1,expert_purity_e2,expert_purity_e3,expert_purity_mean,inter_expert_similarity,inter_expert_similarity_e0_e0,inter_expert_similarity_e0_e1,inter_expert_similarity_e0_e2,inter_expert_similarity_e0_e3,inter_expert_similarity_e1_e0,inter_expert_similarity_e1_e1,inter_expert_similarity_e1_e2,inter_expert_similarity_e1_e3,inter_expert_similarity_e2_e0,inter_expert_similarity_e2_e1,inter_expert_similarity_e2_e2,inter_expert_similarity_e2_e3,inter_expert_similarity_e3_e0,inter_expert_similarity_e3_e1,inter_expert_similarity_e3_e2,inter_expert_similarity_e3_e3,intra_expert_coherence_e0,intra_expert_coherence_e1,intra_expert_coherence_e2,intra_expert_coherence_e3,load_cv,load_max_min_ratio,overall_task_conflict_cos,router_entropy,router_load_e0,router_load_e1,router_load_e2,router_load_e3,task_acc__glue_mrpc,task_conflict_t0_t0,task_grad_norm_cv,task_loss__glue_mrpc,utilization_ratio
50.0,0.49304984509944916,0.6744820065430752,0.630781596445519,0.6838235294117647,0.6249355593552957,1.0,0.0,0.0,0.0,0.0,0.0,1.0,1.0,1.0,1.0,1.0,0.005880049186283333,1.0,0.0,0.0352802951177,0.0,0.0,1.0,0.0,0.0,0.0352802951177,0.0,1.0,0.0,0.0,0.0,0.0,1.0,1.0,1.0,1.0,1.0,1.0341044705038631,593120753765.1062,1.0,0.6757024701903848,0.40687915682792664,0.0,0.5931207537651062,0.0,0.6838235294117647,1.0,0.0,0.6249355593552957,0.5
100.0,0.7468974888324738,0.6744820065430752,0.6446822883642238,0.6838235294117647,0.6367763355374336,1.0,0.0,0.0,0.0,0.0,0.0,1.0,1.0,1.0,1.0,1.0,-0.025676322207680843,1.0,0.0,-0.15405793324608505,0.0,0.0,1.0,0.0,0.0,-0.15405793324608505,0.0,1.0,0.0,0.0,0.0,0.0,1.0,1.0,1.0,1.0,1.0,1.1543344259262085,703865110874.176,1.0,0.6075536456762576,0.296134889125824,0.0,0.703865110874176,0.0,0.6838235294117647,1.0,0.0,0.6367763355374336,0.5
150.0,0.6594723761081696,0.6744820065430752,0.6353326654304629,0.6838235294117647,0.6300664761891732,1.0,0.0,0.0,0.0,0.0,0.0,1.0,1.0,1.0,1.0,1.0,0.01754905357881709,1.0,0.0,0.0,0.0,0.0,1.0,0.0,0.0,0.0,0.0,1.0,0.10529432147290253,0.0,0.0,0.10529432147290253,1.0,1.0,1.0,1.0,1.0,1.1662178435845003,712150752544.4031,1.0,0.6002144626542634,0.0,0.0,0.7121507525444031,0.2878490388393402,0.6838235294117647,1.0,0.0,0.6300664761891732,0.5
