step,train_step_loss,train_acc,train_loss,val_acc,val_loss,avg_intra_expert_coherence,expert_diversity_e0,expert_diversity_e1,expert_diversity_e2,expert_diversity_e3,expert_diversity_mean,expert_purity_e0,expert_purity_e1,expert_purity_e2,expert_purity_e3,expert_purity_mean,inter_expert_similarity,inter_expert_similarity_e0_e0,inter_expert_similarity_e0_e1,inter_expert_similarity_e0_e2,inter_expert_similarity_e0_e3,inter_expert_similarity_e1_e0,inter_expert_similarity_e1_e1,inter_expert_similarity_e1_e2,inter_expert_similarity_e1_e3,inter_expert_similarity_e2_e0,inter_expert_similarity_e2_e1,inter_expert_similarity_e2_e2,inter_expert_similarity_e2_e3,inter_expert_similarity_e3_e0,inter_expert_similarity_e3_e1,inter_expert_similarity_e3_e2,inter_expert_similarity_e3_e3,intra_expert_coherence_e0,intra_expert_coherence_e1,intra_expert_coherence_e2,intra_expert_coherence_e3,load_cv,load_max_min_ratio,overall_task_conflict_cos,router_entropy,router_load_e0,router_load_e1,router_load_e2,router_load_e3,task_acc__glue_mrpc,task_conflict_t0_t0,task_grad_norm_cv,task_loss__glue_mrpc,utilization_ratio
50.0,0.4770698994398117,0.7715376226826608,0.4678808766214744,0.7941176470588235,0.45046350818413955,1.0,0.0,0.0,0.0,0.0,0.0,1.0,1.0,1.0,1.0,1.0,-0.006470844361615657,1.0,0.0,0.0,0.0,0.0,1.0,0.0,0.0,0.0,0.0,1.0,-0.03882506616969394,0.0,0.0,-0.03882506616969394,1.0,1.0,1.0,1.0,1.0,1.0014594793319702,519109070301.0559,1.0,0.6911703827334386,0.0,0.0,0.4808908998966217,0.5191090703010559,0.7941176470588235,1.0,0.0,0.45046350818413955,0.5
100.0,0.5672526657581329,0.8247001090512541,0.4395072395386903,0.821078431372549,0.4429759159684181,1.0,0.0,0.0,0.0,0.0,0.0,1.0,1.0,1.0,1.0,1.0,-0.024622625958243615,1.0,0.0,0.0,0.0,0.0,1.0,-0.22627580514440535,-0.03465238321029794,0.0,-0.22627580514440535,1.0,0.1131924326052416,0.0,-0.03465238321029794,0.1131924326052416,1.0,1.0,1.0,1.0,1.0,0.986133337020874,512554109096.5271,1.0,0.6909956441206091,0.0,0.00750134838744998,0.47994452714920044,0.5125541090965271,0.821078431372549,1.0,0.0,0.4429759159684181,0.5
150.0,0.5290474593639374,0.8301526717557252,0.3902533732354641,0.821078431372549,0.4069364204143102,1.0,0.0,0.0,0.0,0.0,0.0,1.0,1.0,1.0,1.0,1.0,0.024621849494034186,1.0,0.0,0.0,0.0,0.0,1.0,0.0,0.0,0.0,0.0,1.0,0.1477310969642051,0.0,0.0,0.1477310969642051,1.0,1.0,1.0,1.0,1.0,1.0019290444935507,521971464157.1045,1.0,0.6904460355347278,0.0,0.0,0.5219714641571045,0.47802862524986267,0.821078431372549,1.0,0.0,0.4069364204143102,0.5
