step,train_step_loss,train_acc,train_loss,val_acc,val_loss,avg_intra_expert_coherence,expert_diversity_e0,expert_diversity_e1,expert_diversity_e2,expert_diversity_e3,expert_diversity_mean,expert_purity_e0,expert_purity_e1,expert_purity_e2,expert_purity_e3,expert_purity_mean,inter_expert_similarity,inter_expert_similarity_e0_e0,inter_expert_similarity_e0_e1,inter_expert_similarity_e0_e2,inter_expert_similarity_e0_e3,inter_expert_similarity_e1_e0,inter_expert_similarity_e1_e1,inter_expert_similarity_e1_e2,inter_expert_similarity_e1_e3,inter_expert_similarity_e2_e0,inter_expert_similarity_e2_e1,inter_expert_similarity_e2_e2,inter_expert_similarity_e2_e3,inter_expert_similarity_e3_e0,inter_expert_similarity_e3_e1,inter_expert_similarity_e3_e2,inter_expert_similarity_e3_e3,intra_expert_coherence_e0,intra_expert_coherence_e1,intra_expert_coherence_e2,intra_expert_coherence_e3,load_cv,load_max_min_ratio,overall_task_conflict_cos,router_entropy,router_load_e0,router_load_e1,router_load_e2,router_load_e3,task_acc__glue_cola,task_acc__glue_mrpc,task_acc__glue_rte,task_conflict_t0_t0,task_conflict_t0_t1,task_conflict_t0_t2,task_conflict_t1_t0,task_conflict_t1_t1,task_conflict_t1_t2,task_conflict_t2_t0,task_conflict_t2_t1,task_conflict_t2_t2,task_grad_norm_cv,task_loss__glue_cola,task_loss__glue_mrpc,task_loss__glue_rte,utilization_ratio
1.0,0.7466589510440826,0.5303561600641791,0.6928943340496011,0.5245368352236751,0.6930086594978103,-0.20855330064954877,0.9488073128100916,0.9849502399567353,0.8089090312883443,0.9267792324249107,0.9173614541200205,0.4467718303203583,0.37659120559692383,0.6440651416778564,0.5020993947982788,0.49238189309835434,0.007351674698889406,1.0,-0.0015085567614362347,-0.009362155080194577,-0.01986281472644683,-0.0015085567614362347,1.0,0.04139023472137492,0.015454492176355231,-0.009362155080194577,0.04139023472137492,1.0,0.01799884786368392,-0.01986281472644683,0.015454492176355231,0.01799884786368392,1.0,-0.14508157991520051,-0.26178400085085746,-0.2725253546445035,-0.15482226718763373,0.10904429107904434,1.3484142395224448,-0.148208673720842,1.3551860112282965,0.25402525067329407,0.23944474756717682,0.2156902402639389,0.2908397912979126,0.5273250239693192,0.49754901960784315,0.5487364620938628,1.0,-0.11990329405464416,-0.5231449017721318,-0.11990329405464416,1.0,0.19842217466424997,-0.5231449017721318,0.19842217466424997,1.0,0.3680587873978327,0.6940507866044081,0.6943358469243143,0.6906393449647086,1.0
