step,train_step_loss,train_acc,train_loss,val_acc,val_loss,avg_intra_expert_coherence,expert_diversity_e0,expert_diversity_e1,expert_diversity_e2,expert_diversity_e3,expert_diversity_mean,expert_purity_e0,expert_purity_e1,expert_purity_e2,expert_purity_e3,expert_purity_mean,inter_expert_similarity,inter_expert_similarity_e0_e0,inter_expert_similarity_e0_e1,inter_expert_similarity_e0_e2,inter_expert_similarity_e0_e3,inter_expert_similarity_e1_e0,inter_expert_similarity_e1_e1,inter_expert_similarity_e1_e2,inter_expert_similarity_e1_e3,inter_expert_similarity_e2_e0,inter_expert_similarity_e2_e1,inter_expert_similarity_e2_e2,inter_expert_similarity_e2_e3,inter_expert_similarity_e3_e0,inter_expert_similarity_e3_e1,inter_expert_similarity_e3_e2,inter_expert_similarity_e3_e3,intra_expert_coherence_e0,intra_expert_coherence_e1,intra_expert_coherence_e2,intra_expert_coherence_e3,load_cv,load_max_min_ratio,overall_task_conflict_cos,router_entropy,router_load_e0,router_load_e1,router_load_e2,router_load_e3,task_acc__glue_cola,task_acc__glue_mrpc,task_acc__glue_rte,task_conflict_t0_t0,task_conflict_t0_t1,task_conflict_t0_t2,task_conflict_t1_t0,task_conflict_t1_t1,task_conflict_t1_t2,task_conflict_t2_t0,task_conflict_t2_t1,task_conflict_t2_t2,task_grad_norm_cv,task_loss__glue_cola,task_loss__glue_mrpc,task_loss__glue_rte,utilization_ratio
1.0,0.49111539125442505,0.625745881252294,0.744940205785016,0.6160076283075439,0.7590467981875486,0.8819812838931403,0.977469848612626,0.966839658899884,0.986463180519428,0.9431849205519026,0.9684894021459601,0.41552093625068665,0.4574323892593384,0.41472965478897095,0.4993341267108917,0.4467542767524719,-0.19414162994238357,1.0,-0.26219560813867926,0.09104227153429399,-0.10571319608822001,-0.26219560813867926,1.0,-0.500070949111208,-0.0984288395737804,0.09104227153429399,-0.500070949111208,1.0,-0.2894834582767075,-0.10571319608822001,-0.0984288395737804,-0.2894834582767075,1.0,0.967089272194123,0.9130936383659968,0.8735940108958534,0.7741482141165882,0.29613573689374795,2.0582820442158125,0.8341024510906285,1.321558548896401,0.19708162546157837,0.36860600113868713,0.17908430099487305,0.2552283704280853,0.6912751677852349,0.6838235294117647,0.4729241877256318,1.0,0.9258595990910921,0.7864713922145155,0.9258595990910921,1.0,0.7899763619662782,0.7864713922145155,0.7899763619662782,1.0,0.23488305039199853,0.6288084251280049,0.6801582494494962,0.9681737199851445,1.0
