method,val_acc_last_mean,val_acc_last_std,val_loss_last_mean,val_loss_last_std
baseline,0.6160076283075439,0.0,0.7590467981875486,0.0
ours,0.6169664010783972,0.0,0.6879662078952881,0.0
