step,train_step_loss,train_acc,train_loss,val_acc,val_loss,avg_intra_expert_coherence,expert_diversity_e0,expert_diversity_e1,expert_diversity_e2,expert_diversity_e3,expert_diversity_mean,expert_purity_e0,expert_purity_e1,expert_purity_e2,expert_purity_e3,expert_purity_mean,inter_expert_similarity,inter_expert_similarity_e0_e0,inter_expert_similarity_e0_e1,inter_expert_similarity_e0_e2,inter_expert_similarity_e0_e3,inter_expert_similarity_e1_e0,inter_expert_similarity_e1_e1,inter_expert_similarity_e1_e2,inter_expert_similarity_e1_e3,inter_expert_similarity_e2_e0,inter_expert_similarity_e2_e1,inter_expert_similarity_e2_e2,inter_expert_similarity_e2_e3,inter_expert_similarity_e3_e0,inter_expert_similarity_e3_e1,inter_expert_similarity_e3_e2,inter_expert_similarity_e3_e3,intra_expert_coherence_e0,intra_expert_coherence_e1,intra_expert_coherence_e2,intra_expert_coherence_e3,load_cv,load_max_min_ratio,overall_task_conflict_cos,router_entropy,router_load_e0,router_load_e1,router_load_e2,router_load_e3,task_acc__glue_mrpc,task_conflict_t0_t0,task_grad_norm_cv,task_loss__glue_mrpc,utilization_ratio
50.0,0.5037025064229965,0.7448200654307524,0.5045092828571797,0.7181372549019608,0.5156599913652127,1.0,0.0,0.0,0.0,0.0,0.0,1.0,1.0,1.0,1.0,1.0,-0.08204514830493924,1.0,0.15566114386224933,0.05117026036135749,-0.5100080136654653,0.15566114386224933,1.0,-0.01896393386987097,-0.1299729449508477,0.05117026036135749,-0.01896393386987097,1.0,-0.040157401567058236,-0.5100080136654653,-0.1299729449508477,-0.040157401567058236,1.0,1.0,1.0,1.0,1.0,0.2792145609855652,1.835134482276972,1.0,1.3318337412441479,0.20827126502990723,0.20184260606765747,0.2194778025150299,0.3704083263874054,0.7181372549019608,1.0,0.0,0.5156599913652127,1.0
100.0,0.4288952946662903,0.8203380588876772,0.39855264307040233,0.8014705882352942,0.4023507893658601,1.0,0.0,0.0,0.0,0.0,0.0,1.0,1.0,1.0,1.0,1.0,-0.17214914046152477,1.0,0.14265435103458965,0.20611058894350232,-0.20992885604623898,0.14265435103458965,1.0,-0.20927915059566016,-0.8113291810106665,0.20611058894350232,-0.20927915059566016,1.0,-0.15112259509467502,-0.20992885604623898,-0.8113291810106665,-0.15112259509467502,1.0,1.0,1.0,1.0,1.0,0.3055056035518646,2.0741114410453045,1.0,1.3253096949820424,0.21211497485637665,0.18302476406097412,0.22524647414684296,0.3796137571334839,0.8014705882352942,1.0,0.0,0.4023507893658601,1.0
