step,train_step_loss,train_acc,train_loss,val_acc,val_loss,avg_intra_expert_coherence,expert_diversity_e0,expert_diversity_e1,expert_diversity_e2,expert_diversity_e3,expert_diversity_mean,expert_purity_e0,expert_purity_e1,expert_purity_e2,expert_purity_e3,expert_purity_mean,inter_expert_similarity,inter_expert_similarity_e0_e0,inter_expert_similarity_e0_e1,inter_expert_similarity_e0_e2,inter_expert_similarity_e0_e3,inter_expert_similarity_e1_e0,inter_expert_similarity_e1_e1,inter_expert_similarity_e1_e2,inter_expert_similarity_e1_e3,inter_expert_similarity_e2_e0,inter_expert_similarity_e2_e1,inter_expert_similarity_e2_e2,inter_expert_similarity_e2_e3,inter_expert_similarity_e3_e0,inter_expert_similarity_e3_e1,inter_expert_similarity_e3_e2,inter_expert_similarity_e3_e3,intra_expert_coherence_e0,intra_expert_coherence_e1,intra_expert_coherence_e2,intra_expert_coherence_e3,load_cv,load_max_min_ratio,overall_task_conflict_cos,router_entropy,router_load_e0,router_load_e1,router_load_e2,router_load_e3,task_acc__glue_mrpc,task_conflict_t0_t0,task_grad_norm_cv,task_loss__glue_mrpc,utilization_ratio
50.0,0.4076983332633972,0.7636314067611778,0.48434296093233253,0.7598039215686274,0.4976957653864072,1.0,0.0,0.0,0.0,0.0,0.0,1.0,1.0,1.0,1.0,1.0,-0.05692582121123976,1.0,-0.09738748380779581,-0.5523165877743479,-0.07558626393172502,-0.09738748380779581,1.0,0.14087757777306056,0.12942558459308226,-0.5523165877743479,0.14087757777306056,1.0,0.11343224588028726,-0.07558626393172502,0.12942558459308226,0.11343224588028726,1.0,1.0,1.0,1.0,1.0,0.30777013301849365,2.3707012765919644,1.0,1.3234692437976014,0.3499380350112915,0.21118758618831635,0.2912648320198059,0.14760950207710266,0.7598039215686274,1.0,0.0,0.4976957653864072,1.0
100.0,0.41843055188655853,0.833969465648855,0.37314223783171696,0.8382352941176471,0.3714988970985779,1.0,0.0,0.0,0.0,0.0,0.0,1.0,1.0,1.0,1.0,1.0,0.13604629706000868,1.0,0.48054339585725586,0.18248407155914656,0.46673887054776964,0.48054339585725586,1.0,-0.27649916284753645,0.004259839779404483,0.18248407155914656,-0.27649916284753645,1.0,-0.04124923253598801,0.46673887054776964,0.004259839779404483,-0.04124923253598801,1.0,1.0,1.0,1.0,1.0,0.4224244952201843,3.0056769396920124,1.0,1.2800792946534998,0.4103158414363861,0.1769174337387085,0.2762530744075775,0.1365136206150055,0.8382352941176471,1.0,0.0,0.3714988970985779,1.0
