ts_epoch,event,phase,completed_jobs,total_jobs,failed_jobs,percent,eta_sec,elapsed_sec
1774301209.7260869,init,,0,0,0,0.0,,4.506111145019531e-05
1774301209.7265046,pipeline_start,,0,0,0,0.0,,0.0005204677581787109
1774301209.7327495,lock_wait,,0,0,0,0.0,,0.0009441375732421875
1774301209.7369754,lock_acquired,,0,0,0,0.0,,0.007188081741333008
1774301209.7399802,method_start,,0,0,0,0.0,,0.011334896087646484
1774301209.7425582,lock_wait,,0,0,0,0.0,,0.014432430267333984
1774301209.745127,lock_acquired,,0,0,0,0.0,,0.016946077346801758
1774301209.7478874,lock_released,,0,0,0,0.0,,0.019563674926757812
1774301209.752259,lock_wait,,0,0,0,0.0,,0.023864030838012695
1774301209.7550051,lock_acquired,,0,0,0,0.0,,0.026653051376342773
1774301209.762348,plan_add,,0,54,0,0.0,,0.029360055923461914
1774301209.7649055,phase_start,baseline:coord:train.lr,0,54,0,0.0,,0.036759376525878906
1774301316.0648096,group_slots,baseline:coord:train.lr,0,54,0,0.0,,106.33288025856018
1774301316.1200774,group_start,baseline:coord:train.lr,0,54,0,0.0,,106.33920335769653
1774301852.271942,job_done,baseline:coord:train.lr,1,54,0,1.8518518518518519,34054.930367946625,642.5458559989929
1774301863.6377645,job_done,baseline:coord:train.lr,2,54,0,3.7037037037037037,17001.703698158264,653.9116806983948
1774301864.9675155,job_done,baseline:coord:train.lr,3,54,0,5.555555555555555,11139.095697879791,655.2409234046936
1774301865.3322098,job_done,baseline:coord:train.lr,4,54,0,7.407407407407407,8195.07488310337,655.6059906482697
1774302388.2455502,job_done,baseline:coord:train.lr,5,54,0,9.25925925925926,11549.490782403946,1178.5194675922394
1774302404.4272368,job_done,baseline:coord:train.lr,6,54,0,11.11111111111111,9557.608812332153,1194.7011015415192
1774302406.1469908,job_done,baseline:coord:train.lr,7,54,0,12.962962962962964,8033.111543348857,1196.4208681583405
1774302407.3336089,job_done,baseline:coord:train.lr,8,54,0,14.814814814814815,6886.2432762384415,1197.6075263023376
1774302899.9223793,job_done,baseline:coord:train.lr,9,54,0,16.666666666666668,8450.981318950653,1690.1962637901306
1774302938.7227612,job_done,baseline:coord:train.lr,10,54,0,18.51851851851852,7607.58512878418,1728.9966201782227
1774302942.5400631,job_done,baseline:coord:train.lr,11,54,0,20.37037037037037,6773.727059884504,1732.8138990402222
1774302945.8379064,job_done,baseline:coord:train.lr,12,54,0,22.22222222222222,6076.39136493206,1736.1118185520172
1774303392.431526,job_done,baseline:coord:train.lr,13,54,0,24.074074074074073,6883.915613339497,2182.70495057106
1774303470.249459,job_done,baseline:coord:train.lr,14,54,0,25.925925925925927,6458.637283188956,2260.5230491161346
1774303473.9262366,job_done,baseline:coord:train.lr,15,54,0,27.77777777777778,5886.920036077499,2264.2000138759613
1774303477.6486988,job_done,baseline:coord:train.lr,16,54,0,29.62962962962963,5386.3161852657795,2267.9226043224335
1774303900.9402416,job_done,baseline:coord:train.lr,17,54,0,31.48148148148148,5857.348381743712,2691.2141213417053
1774304015.522,job_done,baseline:coord:train.lr,18,54,0,33.333333333333336,5611.591687202454,2805.795843601227
1774304021.2204773,job_done,baseline:coord:train.lr,19,54,0,35.18518518518518,5179.068379966836,2811.4942634105682
1774304022.6199172,job_done,baseline:coord:train.lr,20,54,0,37.03703703703704,4781.80235619545,2812.824915409088
1774304421.6453578,job_done,baseline:coord:train.lr,21,54,0,38.888888888888886,5047.30162688664,3211.91921710968
1774304546.056297,job_done,baseline:coord:train.lr,22,54,0,40.74074074074074,4852.843944549561,3336.330211877823
1774304551.361072,job_done,baseline:coord:train.lr,23,54,0,42.592592592592595,4503.942668935527,3341.634883403778
1774304551.4208927,job_done,baseline:coord:train.lr,24,54,0,44.44444444444444,4177.045751214027,3341.636600971222
1774304925.9356558,job_done,baseline:coord:train.lr,25,54,0,46.2962962962963,4310.803096971512,3716.2095663547516
1774305076.568535,job_done,baseline:coord:train.lr,26,54,0,48.148148148148145,4164.291698382452,3866.842291355133
1774305077.122483,job_done,baseline:coord:train.lr,27,54,0,50.0,3867.396275281906,3867.396275281906
1774305083.5382152,job_done,baseline:coord:train.lr,28,54,0,51.851851851851855,3597.1111878326965,3873.812048435211
1774305418.650153,job_done,baseline:coord:train.lr,29,54,0,53.7037037037037,3628.3828240016414,4208.924075841904
1774305605.0642521,job_done,baseline:coord:train.lr,30,54,0,55.55555555555556,3516.2705377578736,4395.338172197342
1774305617.624622,job_done,baseline:coord:train.lr,31,54,0,57.407407407407405,3270.3763168627215,4407.898514032364
1774305619.0607946,job_done,baseline:coord:train.lr,32,54,0,59.25925925925926,3031.4176200926304,4409.334720134735
1774305905.9341407,job_done,baseline:coord:train.lr,33,54,0,61.111111111111114,2988.4960407777266,4696.208064079285
1774306120.4504533,job_done,baseline:coord:train.lr,34,54,0,62.96296296296296,2888.661395521725,4910.724372386932
1774306140.1474493,job_done,baseline:coord:train.lr,35,54,0,64.81481481481481,2676.5142339774543,4930.420957326889
1774306146.523024,job_done,baseline:coord:train.lr,36,54,0,66.66666666666667,2468.3984668254852,4936.7969336509705
1774306437.4489942,job_done,baseline:coord:train.lr,37,54,0,68.51851851851852,2401.926747109439,5227.722920179367
1774306649.220715,job_done,baseline:coord:train.lr,38,54,0,70.37037037037037,2290.3135259527908,5439.494624137878
1774306671.3346827,job_done,baseline:coord:train.lr,39,54,0,72.22222222222223,2100.6186527472278,5461.608497142792
1774306681.0225992,job_done,baseline:coord:train.lr,40,54,0,74.07407407407408,1914.953748202324,5471.296423435211
1774306942.8419394,job_done,baseline:coord:train.lr,41,54,0,75.92592592592592,1817.8171270591456,5733.115554571152
1774307161.4635737,job_done,baseline:coord:train.lr,42,54,0,77.77777777777777,1700.4963953835625,5951.737383842468
1774307199.7240965,job_done,baseline:coord:train.lr,43,54,0,79.62962962962963,1532.325035283732,5989.997865200043
1774307203.1606386,job_done,baseline:coord:train.lr,44,54,0,81.48148148148148,1362.1442039988258,5993.434497594833
1774307444.3208573,job_done,baseline:coord:train.lr,45,54,0,83.33333333333333,1246.918929862976,6234.59464931488
1774307659.3360882,job_done,baseline:coord:train.lr,46,54,0,85.18518518518519,1121.6712922635286,6449.609930515289
1774307719.4482253,job_done,baseline:coord:train.lr,47,54,0,87.03703703703704,969.5330289779826,6509.721765995026
1774307724.6350522,job_done,baseline:coord:train.lr,48,54,0,88.88888888888889,814.363612383604,6514.908899068832
1774307946.6203156,job_done,baseline:coord:train.lr,49,54,0,90.74074074074075,687.4381875505253,6736.894237995148
1774308146.7569058,job_done,baseline:coord:train.lr,50,54,0,92.5925925925926,554.9624563598633,6937.030704498291
1774308243.951758,job_done,baseline:coord:train.lr,51,54,0,94.44444444444444,413.77798034163084,7034.225665807724
1774308245.9444547,job_done,baseline:coord:train.lr,52,54,0,96.29629629629629,270.62378308406244,7036.218360185623
1774308407.240461,job_done,baseline:coord:train.lr,53,54,0,98.14814814814815,135.80215163050957,7197.514036417007
1774308551.531233,job_done,baseline:coord:train.lr,54,54,0,100.0,,7341.805147647858
1774308551.5559988,group_end,baseline:coord:train.lr,54,54,0,100.0,,7341.806119918823
1774308551.5581083,phase_end,,54,54,0,100.0,,7341.830379724503
1774308551.5604825,lock_released,,54,54,0,100.0,,7341.832533836365
1774308551.5639098,lock_wait,,54,54,0,100.0,,7341.837916851044
1774308551.5669913,lock_acquired,,54,54,0,100.0,,7341.8383593559265
1774308551.6201873,plan_add,,54,108,0,50.0,7341.84135222435,7341.84135222435
1774308551.641382,phase_start,baseline:coord:train.weight_decay,54,108,0,50.0,7341.894685745239,7341.894685745239
1774308653.6349907,group_slots,baseline:coord:train.weight_decay,54,108,0,50.0,7443.908864974976,7443.908864974976
1774308653.648876,group_start,baseline:coord:train.weight_decay,54,108,0,50.0,7443.909361600876,7443.909361600876
1774309197.031189,job_done,baseline:coord:train.weight_decay,55,108,0,50.925925925925924,7696.857533342188,7987.3049874305725
1774309199.861585,job_done,baseline:coord:train.weight_decay,56,108,0,51.851851851851855,7419.411401953016,7990.135355949402
1774309200.7702947,job_done,baseline:coord:train.weight_decay,57,108,0,52.77777777777778,7149.881700151845,7991.044253110886
1774309204.239132,job_done,baseline:coord:train.weight_decay,58,108,0,53.7037037037037,6891.821474864565,7994.5129108428955
1774309749.5501533,job_done,baseline:coord:train.weight_decay,59,108,0,54.629629629629626,7092.396222498457,8539.824023008347
1774309755.7314157,job_done,baseline:coord:train.weight_decay,60,108,0,55.55555555555556,6836.8042459487915,8546.00530743599
1774309756.9679165,job_done,baseline:coord:train.weight_decay,61,108,0,56.48148148148148,6585.575745332437,8547.236605644226
1774309759.6699188,job_done,baseline:coord:train.weight_decay,62,108,0,57.407407407407405,6343.5066513861375,8549.943747520447
1774310295.6309752,job_done,baseline:coord:train.weight_decay,63,108,0,58.333333333333336,6489.932050364358,9085.904870510101
1774310307.624438,job_done,baseline:coord:train.weight_decay,64,108,0,59.25925925925926,6254.805057764053,9097.898265838623
1774310307.9630713,job_done,baseline:coord:train.weight_decay,65,108,0,60.18518518518518,6018.833693805108,9098.236979007721
1774310313.9442632,job_done,baseline:coord:train.weight_decay,66,108,0,61.111111111111114,5793.593328064138,9104.218086957932
1774310775.6284235,job_done,baseline:coord:train.weight_decay,67,108,0,62.03703703703704,5853.76108422564,9565.902259588242
1774310836.1290672,job_done,baseline:coord:train.weight_decay,68,108,0,62.96296296296296,5662.590007361244,9626.403012514114
1774310840.5488136,job_done,baseline:coord:train.weight_decay,69,108,0,63.888888888888886,5443.508493537488,9630.822719335556
1774310842.0335166,job_done,baseline:coord:train.weight_decay,70,108,0,64.81481481481481,5228.966896152497,9632.307440280914
1774311263.56396,job_done,baseline:coord:train.weight_decay,71,108,0,65.74074074074075,5239.323690374133,10053.837351799011
1774311367.9466662,job_done,baseline:coord:train.weight_decay,72,108,0,66.66666666666667,5079.110244750977,10158.220489501953
1774311372.4222722,job_done,baseline:coord:train.weight_decay,73,108,0,67.5925925925926,4872.525563289041,10162.69617486
1774311374.9324408,job_done,baseline:coord:train.weight_decay,74,108,0,68.51851851851852,4670.500222792496,10165.206367254257
1774311800.5308816,job_done,baseline:coord:train.weight_decay,75,108,0,69.44444444444444,4659.954081802368,10590.804731369019
1774311914.3224125,job_done,baseline:coord:train.weight_decay,76,108,0,70.37037037037037,4507.198441656013,10704.59629893303
1774311915.322043,job_done,baseline:coord:train.weight_decay,77,108,0,71.29629629629629,4310.0451306491705,10705.595969676971
1774311926.8646894,job_done,baseline:coord:train.weight_decay,78,108,0,72.22222222222223,4121.976376863627,10717.138579845428
1774312337.6311445,job_done,baseline:coord:train.weight_decay,79,108,0,73.14814814814815,4084.927160465265,11127.90502333641
1774312462.423103,job_done,baseline:coord:train.weight_decay,80,108,0,74.07407407407408,3938.4439531803127,11252.697009086609
1774312465.3217194,job_done,baseline:coord:train.weight_decay,81,108,0,75.0,3751.8652063210807,11255.595618963242
1774312469.1205287,job_done,baseline:coord:train.weight_decay,82,108,0,75.92592592592592,3570.051889088096,11259.394419431686
1774312868.1424189,job_done,baseline:coord:train.weight_decay,83,108,0,76.85185185185185,3511.5711589175535,11658.416247606277
1774312992.0490122,job_done,baseline:coord:train.weight_decay,84,108,0,77.77777777777777,3366.3779795510427,11782.32292842865
1774312992.0558822,job_done,baseline:coord:train.weight_decay,85,108,0,78.70370370370371,3188.159848462834,11782.329874753952
1774312994.7242713,job_done,baseline:coord:train.weight_decay,86,108,0,79.62962962962963,3014.7669704015866,11784.998157024384
1774313351.4553113,job_done,baseline:coord:train.weight_decay,87,108,0,80.55555555555556,2930.7622239425264,12141.729213476181
1774313508.8445294,job_done,baseline:coord:train.weight_decay,88,108,0,81.48148148148148,2795.2541920271783,12299.118444919586
1774313510.532047,job_done,baseline:coord:train.weight_decay,89,108,0,82.4074074074074,2626.01474994488,12300.805933952332
1774313510.7391932,job_done,baseline:coord:train.weight_decay,90,108,0,83.33333333333333,2460.2026203632354,12301.013101816177
1774313843.8307025,job_done,baseline:coord:train.weight_decay,91,108,0,84.25925925925925,2360.217348371233,12634.104629516602
1774314021.6524036,job_done,baseline:coord:train.weight_decay,92,108,0,85.18518518518519,2228.161090394725,12811.926269769669
1774314024.8345344,job_done,baseline:coord:train.weight_decay,93,108,0,86.11111111111111,2066.952973411929,12815.108435153961
1774314029.4349856,job_done,baseline:coord:train.weight_decay,94,108,0,87.03703703703704,1909.3183472308708,12819.708902835846
1774314309.6258142,job_done,baseline:coord:train.weight_decay,95,108,0,87.96296296296296,1792.617852434359,13099.89969086647
1774314538.2390106,job_done,baseline:coord:train.weight_decay,96,108,0,88.88888888888889,1666.0641151070595,13328.512920856476
1774314539.0268972,job_done,baseline:coord:train.weight_decay,97,108,0,89.81481481481481,1511.570192661482,13329.300789833069
1774314539.6423502,job_done,baseline:coord:train.weight_decay,98,108,0,90.74074074074075,1360.1955371730182,13329.916264295578
1774314788.952804,job_done,baseline:coord:train.weight_decay,99,108,0,91.66666666666667,1234.4751472473145,13579.226619720459
1774315062.36978,job_done,baseline:coord:train.weight_decay,100,108,0,92.5925925925926,1108.211494922638,13852.643686532974
1774315065.03245,job_done,baseline:coord:train.weight_decay,101,108,0,93.51851851851852,960.2687588304577,13855.306377410889
1774315066.0264113,job_done,baseline:coord:train.weight_decay,102,108,0,94.44444444444444,815.0764905564926,13856.300339460373
1774315279.4649498,job_done,baseline:coord:train.weight_decay,103,108,0,95.37037037037037,682.997031582212,14069.738850593567
1774315570.5628707,job_done,baseline:coord:train.weight_decay,104,108,0,96.29629629629629,552.3398724244191,14360.836683034897
1774315574.8234322,job_done,baseline:coord:train.weight_decay,105,108,0,97.22222222222223,410.4313501221793,14365.097254276276
1774315576.0604606,job_done,baseline:coord:train.weight_decay,106,108,0,98.14814814814815,271.06291173539074,14366.334321975708
1774315702.5571675,job_done,baseline:coord:train.weight_decay,107,108,0,99.07407407407408,135.44701864340595,14492.830994844437
1774315922.566201,job_done,baseline:coord:train.weight_decay,108,108,0,100.0,,14712.840115070343
1774315922.6203794,group_end,baseline:coord:train.weight_decay,108,108,0,100.0,,14712.894279956818
1774315922.6235845,phase_end,,108,108,0,100.0,,14712.89473247528
1774315922.626333,lock_released,,108,108,0,100.0,,14712.898003339767
1774315922.6296463,lock_wait,,108,108,0,100.0,,14712.90368103981
1774315922.632567,lock_acquired,,108,108,0,100.0,,14712.904066562653
1774315922.6358356,plan_add,,108,160,0,67.5,7083.99222140842,14712.906921386719
1774315922.63873,phase_start,baseline:coord:train.grad_clip,108,160,0,67.5,7083.993799253747,14712.910198450089
1774316018.4476476,group_slots,baseline:coord:train.grad_clip,108,160,0,67.5,7130.125128746033,14808.72142124176
1774316018.4500585,group_start,baseline:coord:train.grad_clip,108,160,0,67.5,7130.1254278995375,14808.722042560577
1774316542.5340767,job_done,baseline:coord:train.grad_clip,109,160,0,68.125,7174.066107063119,15332.80795431137
1774316543.8207686,job_done,baseline:coord:train.grad_clip,110,160,0,68.75,6970.043042464689,15334.094693422318
1774316550.9623475,job_done,baseline:coord:train.grad_clip,111,160,0,69.375,6772.257450922115,15341.236266374588
1774316551.859161,job_done,baseline:coord:train.grad_clip,112,160,0,70.0,6575.19982440131,15342.132923603058
1774317049.2670934,job_done,baseline:coord:train.grad_clip,113,160,0,70.625,6588.127657447241,15839.54096364975
1774317073.0637512,job_done,baseline:coord:train.grad_clip,114,160,0,71.25,6400.995874643326,15863.337602376938
1774317073.5286713,job_done,baseline:coord:train.grad_clip,115,160,0,71.875,6207.5749098736305,15863.802547454834
1774317073.9692266,job_done,baseline:coord:train.grad_clip,116,160,0,72.5,6017.471541643143,15864.243155241013
1774317536.040292,job_done,baseline:coord:train.grad_clip,117,160,0,73.125,6000.269321865506,16326.31420135498
1774317576.2611496,job_done,baseline:coord:train.grad_clip,118,160,0,73.75,5825.376909668163,16366.535127162933
1774317584.8390255,job_done,baseline:coord:train.grad_clip,119,160,0,74.375,5641.8456269292265,16375.11291718483
1774317585.2591794,job_done,baseline:coord:train.grad_clip,120,160,0,75.0,5458.511008421579,16375.53302526474
1774317979.4573424,job_done,baseline:coord:train.grad_clip,121,160,0,75.625,5405.119994756604,16769.73126578331
1774318084.6634727,job_done,baseline:coord:train.grad_clip,122,160,0,76.25,5256.1280223815165,16874.937335014343
1774318086.5543928,job_done,baseline:coord:train.grad_clip,123,160,0,76.875,5076.769469468574,16876.828236341476
1774318086.6641214,job_done,baseline:coord:train.grad_clip,124,160,0,77.5,4899.756184262615,16876.93796801567
1774318406.2544003,job_done,baseline:coord:train.grad_clip,125,160,0,78.125,4815.027928419113,17196.528315782547
1774318558.7406898,job_done,baseline:coord:train.grad_clip,126,160,0,78.75,4681.480130426467,17349.014600992203
1774318560.4206803,job_done,baseline:coord:train.grad_clip,127,160,0,79.375,4508.448202867207,17350.694598913193
1774318560.665982,job_done,baseline:coord:train.grad_clip,128,160,0,80.0,4337.734954535961,17350.939818143845
1774318830.6347957,job_done,baseline:coord:train.grad_clip,129,160,0,80.625,4234.481938922128,17620.908713579178
1774319031.5876074,job_done,baseline:coord:train.grad_clip,130,160,0,81.25,4112.737265825272,17821.861485242844
1774319033.9638417,job_done,baseline:coord:train.grad_clip,131,160,0,81.875,3945.8236014151394,17824.237647771835
1774319035.932289,job_done,baseline:coord:train.grad_clip,132,160,0,82.5,3781.316457640041,17826.206157445908
1774319254.522458,job_done,baseline:coord:train.grad_clip,133,160,0,83.125,3663.2293118982384,18044.796240091324
1774319514.664545,job_done,baseline:coord:train.grad_clip,134,160,0,83.75,3551.704482053643,18304.938484430313
1774319514.7288473,job_done,baseline:coord:train.grad_clip,135,160,0,84.375,3389.8153359360167,18305.00281405449
1774319515.370432,job_done,baseline:coord:train.grad_clip,136,160,0,85.0,3230.407825385823,18305.644343852997
1774319711.620796,job_done,baseline:coord:train.grad_clip,137,160,0,85.625,3106.1574799718646,18501.89455461502
1774319993.4539974,job_done,baseline:coord:train.grad_clip,138,160,0,86.25,2994.5073459252067,18783.727897167206
1774319994.4668236,job_done,baseline:coord:train.grad_clip,139,160,0,86.875,2837.9823974688275,18784.740630865097
1774319994.6210845,job_done,baseline:coord:train.grad_clip,140,160,0,87.5,2683.556418997901,18784.894932985306
1774320145.5831392,job_done,baseline:coord:train.grad_clip,141,160,0,88.125,2551.640303758865,18935.856991052628
1774320484.729781,job_done,baseline:coord:train.grad_clip,142,160,0,88.75,2443.3103207366566,19275.00364136696
1774320484.974401,job_done,baseline:coord:train.grad_clip,143,160,0,89.375,2291.463082555291,19275.248282670975
1774320488.9540145,job_done,baseline:coord:train.grad_clip,144,160,0,90.0,2142.136441601647,19279.227974414825
1774320582.9835026,job_done,baseline:coord:train.grad_clip,145,160,0,90.625,2004.1300759890983,19373.25740122795
1774320960.642767,job_done,baseline:coord:train.grad_clip,146,160,0,91.25,1893.9235109139795,19750.916613817215
1774320962.2375658,job_done,baseline:coord:train.grad_clip,147,160,0,91.875,1746.8207428001224,19752.511476278305
1774320963.1532607,job_done,baseline:coord:train.grad_clip,148,160,0,92.5,1601.6292314916043,19753.427188396454
1774321018.3531275,job_done,baseline:coord:train.grad_clip,149,160,0,93.125,1462.381862358759,19808.627044677734
1774321433.3422074,job_done,baseline:coord:train.grad_clip,150,160,0,93.75,1348.2410753885906,20223.616130828857
1774321444.9416478,job_done,baseline:coord:train.grad_clip,151,160,0,94.375,1206.0724473394305,20235.215505361557
1774321449.6244154,job_done,baseline:coord:train.grad_clip,152,160,0,95.0,1065.2578053474426,20239.89830160141
1774321450.823114,job_done,baseline:coord:train.grad_clip,153,160,0,95.625,926.0632632869521,20241.09704041481
1774321868.0586114,job_done,baseline:coord:train.grad_clip,154,160,0,96.25,804.8700963336153,20658.33247256279
1774321912.641478,job_done,baseline:coord:train.grad_clip,155,160,0,96.875,667.8359789002326,20702.91534590721
1774321913.5677776,job_done,baseline:coord:train.grad_clip,156,160,0,97.5,530.8677346461859,20703.841651201248
1774321913.9349785,job_done,baseline:coord:train.grad_clip,157,160,0,98.125,395.621824902334,20704.20883655548
1774322252.0553358,job_done,baseline:coord:train.grad_clip,158,160,0,98.75,266.35859692247607,21042.32915687561
1774322328.3266847,job_done,baseline:coord:train.grad_clip,159,160,0,99.375,132.82138735093412,21118.600588798523
1774322330.625578,job_done,baseline:coord:train.grad_clip,160,160,0,100.0,,21120.8993704319
1774322330.6304853,group_end,baseline:coord:train.grad_clip,160,160,0,100.0,,21120.904387950897
1774322330.6331031,phase_end,,160,160,0,100.0,,21120.904843568802
1774322330.635017,lock_released,,160,160,0,100.0,,21120.907502651215
1774322330.6388898,lock_wait,,160,160,0,100.0,,21120.912917375565
1774322330.6431212,lock_acquired,,160,160,0,100.0,,21120.913321495056
1774322330.6452117,plan_add,,160,214,0,74.76635514018692,7128.309646680951,21120.917471647263
1774322330.647904,phase_start,baseline:local_var_topk,160,214,0,74.76635514018692,7128.3103543818,21120.919568538666
1774322421.9262593,group_slots,baseline:local_var_topk,160,214,0,74.76635514018692,7159.11749470532,21212.199984312057
1774322421.9294856,group_start,baseline:local_var_topk,160,214,0,74.76635514018692,7159.117733368277,21212.200691461563
1774322885.4404,job_done,baseline:local_var_topk,161,214,0,75.23364485981308,7135.483583841265,21675.714282989502
1774322912.3723795,job_done,baseline:local_var_topk,162,214,0,75.70093457943925,6966.281528879095,21702.64630150795
1774322913.5664318,job_done,baseline:local_var_topk,163,214,0,76.16822429906541,6790.7720941122325,21703.840222358704
1774322914.7580912,job_done,baseline:local_var_topk,164,214,0,76.6355140186916,6617.387771679134,21705.03189110756
1774323311.9409506,job_done,baseline:local_var_topk,165,214,0,77.10280373831776,6563.688037214857,22102.214819192886
1774323385.7354903,job_done,baseline:local_var_topk,166,214,0,77.57009345794393,6412.340057028346,22176.009363889694
1774323386.1212368,job_done,baseline:local_var_topk,167,214,0,78.03738317757009,6241.260899258231,22176.39511013031
1774323387.1277144,job_done,baseline:local_var_topk,168,214,0,78.50467289719626,6072.383766370161,22177.401581525803
1774323763.825918,job_done,baseline:local_var_topk,169,214,0,78.97196261682242,6005.529543238984,22554.099840164185
1774323859.742934,job_done,baseline:local_var_topk,170,214,0,79.4392523364486,5862.357300870559,22650.016844272614
1774323869.073861,job_done,baseline:local_var_topk,171,214,0,79.90654205607477,5697.964641214114,22659.347759246826
1774323870.7538762,job_done,baseline:local_var_topk,172,214,0,80.37383177570094,5533.506785889004,22661.02778983116
1774324239.8456998,job_done,baseline:local_var_topk,173,214,0,80.8411214953271,5458.005210817205,23030.11954808235
1774324341.6399574,job_done,baseline:local_var_topk,174,214,0,81.30841121495327,5317.6813353067155,23131.913808584213
1774324343.8500345,job_done,baseline:local_var_topk,175,214,0,81.77570093457943,5155.604766691753,23134.12395310402
1774324348.120544,job_done,baseline:local_var_topk,176,214,0,82.24299065420561,4995.789714645256,23138.394467830658
1774324681.4559467,job_done,baseline:local_var_topk,177,214,0,82.71028037383178,4906.519795076995,23471.729830503464
1774324817.7339184,job_done,baseline:local_var_topk,178,214,0,83.17757009345794,4774.653277841847,23608.007873773575
1774324821.1462653,job_done,baseline:local_var_topk,179,214,0,83.64485981308411,4616.758137635013,23611.420189619064
1774324823.6221304,job_done,baseline:local_var_topk,180,214,0,84.11214953271028,4460.402584785886,23613.896037101746
1774325106.438103,job_done,baseline:local_var_topk,181,214,0,84.57943925233644,4356.8590953376415,23896.712007761
1774325278.5540342,job_done,baseline:local_var_topk,182,214,0,85.04672897196262,4231.881832542001,24068.827922582626
1774325282.653668,job_done,baseline:local_var_topk,183,214,0,85.51401869158879,4077.927618459274,24072.927554130554
1774325285.9311116,job_done,baseline:local_var_topk,184,214,0,85.98130841121495,3925.4682070923886,24076.205003499985
1774325535.9595478,job_done,baseline:local_var_topk,185,214,0,86.44859813084112,3813.3014516469593,24326.2333984375
1774325791.2621279,job_done,baseline:local_var_topk,186,214,0,86.91588785046729,3700.446275588005,24581.53597354889
1774325791.339208,job_done,baseline:local_var_topk,187,214,0,87.38317757009345,3549.21686705421,24581.613116264343
1774325793.367938,job_done,baseline:local_var_topk,188,214,0,87.85046728971963,3399.8653516820136,24583.641773700714
1774326002.6518507,job_done,baseline:local_var_topk,189,214,0,88.3177570093458,3279.4875358462964,24792.925770998
1774326296.5338264,job_done,baseline:local_var_topk,190,214,0,88.78504672897196,3168.8599178816144,25086.807683229446
1774326305.9644477,job_done,baseline:local_var_topk,191,214,0,89.25233644859813,3022.060109979819,25096.23830461502
1774326306.3539143,job_done,baseline:local_var_topk,192,214,0,89.7196261682243,2875.6552652791142,25096.627769708633
1774326466.5322645,job_done,baseline:local_var_topk,193,214,0,90.18691588785046,2748.1498946624715,25256.806174755096
1774326770.5426788,job_done,baseline:local_var_topk,194,214,0,90.65420560747664,2635.1357314758693,25560.816595315933
1774326794.748088,job_done,baseline:local_var_topk,195,214,0,91.1214953271028,2492.8994627842535,25585.020802259445
1774326804.1348798,job_done,baseline:local_var_topk,196,214,0,91.58878504672897,2350.506929594643,25594.40878891945
1774326947.2521873,job_done,baseline:local_var_topk,197,214,0,92.05607476635514,2221.004791109695,25737.52610874176
1774327253.7339573,job_done,baseline:local_var_topk,198,214,0,92.5233644859813,2104.5662863567622,26044.007793664932
1774327282.065391,job_done,baseline:local_var_topk,199,214,0,92.99065420560747,1965.2517036696775,26072.339268684387
1774327295.6512454,job_done,baseline:local_var_topk,200,214,0,93.45794392523365,1826.0147599434852,26085.92514204979
1774327416.7542048,job_done,baseline:local_var_topk,201,214,0,93.92523364485982,1694.9819037166992,26207.02789592743
1774327718.1570573,job_done,baseline:local_var_topk,202,214,0,94.39252336448598,1574.7582716894622,26508.430906772614
1774327771.960167,job_done,baseline:local_var_topk,203,214,0,94.85981308411215,1439.3328809409306,26562.234075546265
1774327788.0232215,job_done,baseline:local_var_topk,204,214,0,95.32710280373831,1302.8576993357901,26578.29706645012
1774327898.31975,job_done,baseline:local_var_topk,205,214,0,95.79439252336448,1171.6920525120527,26688.541196107864
1774328184.0532598,job_done,baseline:local_var_topk,206,214,0,96.26168224299066,1047.546682024465,26974.327062129974
1774328279.5628784,job_done,baseline:local_var_topk,207,214,0,96.72897196261682,915.4051077147037,27069.836756706238
1774328296.9470227,job_done,baseline:local_var_topk,208,214,0,97.19626168224299,781.362138404296,27087.220798015594
1774328406.8285556,job_done,baseline:local_var_topk,209,214,0,97.66355140186916,650.6483827595506,27197.102399349213
1774328664.9324903,job_done,baseline:local_var_topk,210,214,0,98.13084112149532,522.9563132467724,27455.20644545555
1774328765.4483542,job_done,baseline:local_var_topk,211,214,0,98.59813084112149,391.7875190775541,27555.722175121307
1774328775.7261975,job_done,baseline:local_var_topk,212,214,0,99.06542056074767,260.05660462379456,27566.000090122223
1774328859.267991,job_done,baseline:local_var_topk,213,214,0,99.53271028037383,129.81005533200474,27649.54178571701
1774329009.8381839,job_done,baseline:local_var_topk,214,214,0,100.0,,27800.112041950226
1774329009.841452,group_end,baseline:local_var_topk,214,214,0,100.0,,27800.113114118576
1774329009.844359,phase_end,,214,214,0,100.0,,27800.115818738937
1774329009.8470016,lock_released,,214,214,0,100.0,,27800.118760824203
1774329009.8608804,method_done,,214,214,0,100.0,,27800.134929656982
1774329009.8638678,method_start,,214,214,0,100.0,,27800.135231494904
1774329009.866446,lock_wait,,214,214,0,100.0,,27800.138318300247
1774329009.8690948,lock_acquired,,214,214,0,100.0,,27800.140968561172
1774329009.8713837,lock_released,,214,214,0,100.0,,27800.14346933365
1774329009.8793461,lock_wait,,214,214,0,100.0,,27800.146893262863
1774329009.881918,lock_acquired,,214,214,0,100.0,,27800.153732776642
1774329009.8849268,plan_add,,214,246,0,86.99186991869918,4157.032712312503,27800.15626358986
1774329009.8885314,phase_start,cagrad:coord:train.lr,214,246,0,86.99186991869918,4157.033176065605,27800.159364938736
1774329107.7340367,group_slots,cagrad:coord:train.lr,214,246,0,86.99186991869918,4171.664731284169,27898.007890462875
1774329107.737008,group_start,cagrad:coord:train.lr,214,246,0,86.99186991869918,4171.664808433747,27898.00840640068
1774331457.7447467,job_done,cagrad:coord:train.lr,215,246,0,87.39837398373983,4361.342209282587,30248.0185482502
1774331515.4238107,job_done,cagrad:coord:train.lr,216,246,0,87.8048780487805,4209.124657081234,30305.69753098488
1774331518.6510327,job_done,cagrad:coord:train.lr,217,246,0,88.21138211382114,4050.5014843391386,30308.92490005493
1774331525.9204986,job_done,cagrad:coord:train.lr,218,246,0,88.6178861788618,3893.8231138045635,30316.194243192673
1774333673.7266147,job_done,cagrad:coord:train.lr,219,246,0,89.02439024390245,4002.4110185446802,32464.000483751297
1774333867.2760026,job_done,cagrad:coord:train.lr,220,246,0,89.4308943089431,3859.5286190574816,32657.54985356331
1774333873.2295864,job_done,cagrad:coord:train.lr,221,246,0,89.83739837398375,3694.966455633284,32663.503467798233
1774333874.8596864,job_done,cagrad:coord:train.lr,222,246,0,90.2439024390244,3531.365801940093,32665.13366794586
1774335982.5461283,job_done,cagrad:coord:train.lr,223,246,0,90.65040650406505,3586.434346301673,34772.81996631622
1774336163.2445304,job_done,cagrad:coord:train.lr,224,246,0,91.0569105691057,3432.9348404641664,34953.51837563515
1774336170.3960848,job_done,cagrad:coord:train.lr,225,246,0,91.46341463414635,3262.995866584778,34960.66999912262
1774336238.227951,job_done,cagrad:coord:train.lr,226,246,0,91.869918699187,3099.867416229923,35028.50180339813
1774338226.0762854,job_done,cagrad:coord:train.lr,227,246,0,92.27642276422765,3098.2848148251423,37016.3501560688
1774338488.632731,job_done,cagrad:coord:train.lr,228,246,0,92.6829268292683,2943.071578333252,37278.90665888786
1774338492.9432,job_done,cagrad:coord:train.lr,229,246,0,93.08943089430895,2767.7497365807862,37283.21703982353
1774338519.762017,job_done,cagrad:coord:train.lr,230,246,0,93.4959349593496,2595.480754819124,37310.0358505249
1774340499.0318928,job_done,cagrad:coord:train.lr,231,246,0,93.90243902439025,2551.253624829379,39289.30582237244
1774340855.651029,job_done,cagrad:coord:train.lr,232,246,0,94.3089430894309,2392.4265021722895,39645.92489314079
1774340862.3801036,job_done,cagrad:coord:train.lr,233,246,0,94.71544715447155,2212.3798380430167,39652.65402030945
1774340877.8343575,job_done,cagrad:coord:train.lr,234,246,0,95.1219512195122,2034.2619640399246,39668.108298778534
1774342759.549404,job_done,cagrad:coord:train.lr,235,246,0,95.52845528455285,1944.8853455056535,41549.82329034805
1774343207.4493976,job_done,cagrad:coord:train.lr,236,246,0,95.9349593495935,1779.564540578147,41997.72315764427
1774343240.0681443,job_done,cagrad:coord:train.lr,237,246,0,96.34146341463415,1596.088936808743,42030.342002630234
1774343243.9880564,job_done,cagrad:coord:train.lr,238,246,0,96.7479674796748,1412.916368700877,42034.26196885109
1774344992.3578389,job_done,cagrad:coord:train.lr,239,246,0,97.15447154471545,1282.3364948707645,43782.63175344467
1774345455.983637,job_done,cagrad:coord:train.lr,240,246,0,97.5609756097561,1106.156438732147,44246.25754928589
1774345468.6540709,job_done,cagrad:coord:train.lr,241,246,0,97.96747967479675,918.2350211074244,44258.92801737785
1774345508.0791612,job_done,cagrad:coord:train.lr,242,246,0,98.3739837398374,732.2041828691466,44298.353063583374
1774347333.8364756,job_done,cagrad:coord:train.lr,243,246,0,98.78048780487805,569.433461551313,46124.11038565636
1774347784.7235317,job_done,cagrad:coord:train.lr,244,246,0,99.1869918699187,381.76227342496156,46574.99735784531
1774347832.0647147,job_done,cagrad:coord:train.lr,245,246,0,99.59349593495935,190.29525975986402,46622.33864116669
1774347856.766426,job_done,cagrad:coord:train.lr,246,246,0,100.0,,46647.04032063484
1774347856.8201394,group_end,cagrad:coord:train.lr,246,246,0,100.0,,46647.0410926342
1774347856.8270652,phase_end,,246,246,0,100.0,,46647.09454035759
1774347856.8298001,lock_released,,246,246,0,100.0,,46647.101522922516
1774347856.8322318,lock_wait,,246,246,0,100.0,,46647.10623168945
1774347856.8343308,lock_acquired,,246,246,0,100.0,,46647.10666036606
1774347856.836322,plan_add,,246,278,0,88.48920863309353,6067.916576013333,46647.10867810249
1774347856.8384094,phase_start,cagrad:coord:train.weight_decay,246,278,0,88.48920863309353,6067.916836870395,46647.11068344116
1774347976.5417278,group_slots,cagrad:coord:train.weight_decay,246,278,0,88.48920863309353,6083.488190565651,46766.81546497345
1774347976.545025,group_start,cagrad:coord:train.weight_decay,246,278,0,88.48920863309353,6083.488279017006,46766.81614494324
1774350317.8524072,job_done,cagrad:coord:train.weight_decay,247,278,0,88.84892086330935,6163.368072763628,49108.12625718117
1774350451.122019,job_done,cagrad:coord:train.weight_decay,248,278,0,89.20863309352518,5956.620475005719,49241.39592671394
1774350454.9630935,job_done,cagrad:coord:train.weight_decay,249,278,0,89.56834532374101,5735.3890476638535,49245.2369954586
1774350464.7684429,job_done,cagrad:coord:train.weight_decay,250,278,0,89.92805755395683,5516.5647493209835,49255.04240465164
1774352597.5319786,job_done,cagrad:coord:train.weight_decay,251,278,0,90.28776978417267,5527.771935999631,51387.80577540398
1774352857.3207166,job_done,cagrad:coord:train.weight_decay,252,278,0,90.64748201438849,5328.720072681942,51647.59455060959
1774352876.378112,job_done,cagrad:coord:train.weight_decay,253,278,0,91.00719424460432,5105.400390728661,51666.65195417404
1774352876.384685,job_done,cagrad:coord:train.weight_decay,254,278,0,91.36690647482014,4881.888993360864,51666.65851306915
1774354976.658558,job_done,cagrad:coord:train.weight_decay,255,278,0,91.72661870503597,4849.566448301427,53766.93236160278
1774355252.4508219,job_done,cagrad:coord:train.weight_decay,256,278,0,92.0863309352518,4644.29665324837,54042.724692344666
1774355330.923644,job_done,cagrad:coord:train.weight_decay,257,278,0,92.44604316546763,4422.3546591621425,54121.19749546051
1774355341.649678,job_done,cagrad:coord:train.weight_decay,258,278,0,92.80575539568345,4196.273142570673,54131.92353916168
1774357451.8389387,job_done,cagrad:coord:train.weight_decay,259,278,0,93.16546762589928,4125.869273316446,56242.11272573471
1774357696.278697,job_done,cagrad:coord:train.weight_decay,260,278,0,93.5251798561151,3910.6074824369875,56486.55252408981
1774357734.467979,job_done,cagrad:coord:train.weight_decay,261,278,0,93.88489208633094,3681.6881463582486,56524.74154114723
1774357792.851124,job_done,cagrad:coord:train.weight_decay,262,278,0,94.24460431654676,3455.4580126609508,56583.124957323074
1774359753.6259112,job_done,cagrad:coord:train.weight_decay,263,278,0,94.60431654676259,3339.0056940040663,58543.89983487129
1774359983.6368775,job_done,cagrad:coord:train.weight_decay,264,278,0,94.96402877697842,3116.7982969645295,58773.910742759705
1774360020.5485463,job_done,cagrad:coord:train.weight_decay,265,278,0,95.32374100719424,2885.0592117759415,58810.822393894196
1774360078.151773,job_done,cagrad:coord:train.weight_decay,266,278,0,95.68345323741008,2655.71845129558,58868.42567038536
1774362040.2247286,job_done,cagrad:coord:train.weight_decay,267,278,0,96.0431654676259,2506.1254096718762,60830.49858021736
1774362276.0360198,job_done,cagrad:coord:train.weight_decay,268,278,0,96.40287769784173,2278.593654232239,61066.309933423996
1774362338.1563716,job_done,cagrad:coord:train.weight_decay,269,278,0,96.76258992805755,2045.1891164239012,61128.43025755882
1774362424.9199054,job_done,cagrad:coord:train.weight_decay,270,278,0,97.12230215827338,1813.783518381472,61215.19374537468
1774364384.2638764,job_done,cagrad:coord:train.weight_decay,271,278,0,97.4820143884892,1631.8146290295238,63174.53778100014
1774364569.7305012,job_done,cagrad:coord:train.weight_decay,272,278,0,97.84172661870504,1397.6471556933486,63360.00439143181
1774364652.961326,job_done,cagrad:coord:train.weight_decay,273,278,0,98.20143884892086,1161.9640139651385,63443.23516249657
1774364657.986695,job_done,cagrad:coord:train.weight_decay,274,278,0,98.56115107913669,926.2519794728634,63448.260593891144
1774366727.5239599,job_done,cagrad:coord:train.weight_decay,275,278,0,98.92086330935251,714.7396130873941,65517.79786634445
1774366930.7255406,job_done,cagrad:coord:train.weight_decay,276,278,0,99.28057553956835,476.239126485327,65720.99945497513
1774366934.6556075,job_done,cagrad:coord:train.weight_decay,277,278,0,99.64028776978417,237.2741136697225,65724.92948651314
1774366985.6279507,job_done,cagrad:coord:train.weight_decay,278,278,0,100.0,,65775.9017469883
1774366985.6333902,group_end,cagrad:coord:train.weight_decay,278,278,0,100.0,,65775.9026761055
1774366985.636246,phase_end,,278,278,0,100.0,,65775.90774846077
1774366985.6387787,lock_released,,278,278,0,100.0,,65775.91068029404
1774366985.6531935,lock_wait,,278,278,0,100.0,,65775.92719626427
1774366985.6599567,lock_acquired,,278,278,0,100.0,,65775.92764663696
1774366985.6616254,plan_add,,278,310,0,89.6774193548387,7571.330569013417,65775.93431830406
1774366985.6643074,phase_start,cagrad:coord:train.grad_clip,278,310,0,89.6774193548387,7571.330762767106,65775.93600153923
1774367093.8521032,group_slots,cagrad:coord:train.grad_clip,278,310,0,89.6774193548387,7583.784283562531,65884.12596344948
1774367093.8546517,group_start,cagrad:coord:train.grad_clip,278,310,0,89.6774193548387,7583.784341167202,65884.12646389008
1774369589.1515641,job_done,cagrad:coord:train.grad_clip,279,310,0,90.0,7597.713942130407,68379.42547917366
1774369627.952893,job_done,cagrad:coord:train.grad_clip,280,310,0,90.3225806451613,7330.524298003741,68418.22678136826
1774369639.2575724,job_done,cagrad:coord:train.grad_clip,281,310,0,90.64516129032258,7062.122455728436,68429.53138136864
1774369640.8235378,job_done,cagrad:coord:train.grad_clip,282,310,0,90.96774193548387,6794.577049360208,68431.09742569923
1774371937.4204488,job_done,cagrad:coord:train.grad_clip,283,310,0,91.29032258064517,6747.871885628245,70727.69420862198
1774372039.4663308,job_done,cagrad:coord:train.grad_clip,284,310,0,91.61290322580645,6484.412834560368,70829.74019289017
1774372069.139381,job_done,cagrad:coord:train.grad_clip,285,310,0,91.93548387096774,6215.737989074305,70859.41307544708
1774372076.4498794,job_done,cagrad:coord:train.grad_clip,286,310,0,92.25806451612904,5946.857935752068,70866.72373437881
1774374293.0672264,job_done,cagrad:coord:train.grad_clip,287,310,0,92.58064516129032,5856.8531196823515,73083.34110212326
1774374386.7406616,job_done,cagrad:coord:train.grad_clip,288,310,0,92.90322580645162,5589.9108337511625,73177.0145509243
1774374490.630357,job_done,cagrad:coord:train.grad_clip,289,310,0,93.2258064516129,5324.90998951539,73280.90414142609
1774374491.6423583,job_done,cagrad:coord:train.grad_clip,290,310,0,93.54838709677419,5053.925253687234,73281.91617846489
1774376625.5260868,job_done,cagrad:coord:train.grad_clip,291,310,0,93.87096774193549,4924.055667593717,75415.79996156693
1774376729.4506905,job_done,cagrad:coord:train.grad_clip,292,310,0,94.19354838709677,4655.325488590214,75519.7245926857
1774376895.7277906,job_done,cagrad:coord:train.grad_clip,293,310,0,94.51612903225806,4391.337976281554,75686.0015912056
1774376896.9264581,job_done,cagrad:coord:train.grad_clip,294,310,0,94.83870967741936,4119.03130847905,75687.20029330254
1774378968.2526577,job_done,cagrad:coord:train.grad_clip,295,310,0,95.16129032258064,3953.8233852103604,77758.52657580376
1774379078.156434,job_done,cagrad:coord:train.grad_clip,296,310,0,95.48387096774194,3682.9662996530533,77868.4303355217
1774379234.3206472,job_done,cagrad:coord:train.grad_clip,297,310,0,95.80645161290323,3415.2179435535713,78024.59455657005
1774379283.7305264,job_done,cagrad:coord:train.grad_clip,298,310,0,96.12903225806451,3143.919642083597,78074.00444507599
1774381326.6315918,job_done,cagrad:coord:train.grad_clip,299,310,0,96.45161290322581,2947.4446835844815,80116.90549015999
1774381431.031709,job_done,cagrad:coord:train.grad_clip,300,310,0,96.7741935483871,2674.043520069122,80221.30560207367
1774381632.3207088,job_done,cagrad:coord:train.grad_clip,301,310,0,97.09677419354838,2404.6622956971396,80422.59455609322
1774381675.0296707,job_done,cagrad:coord:train.grad_clip,302,310,0,97.41935483870968,2131.5312203603075,80465.30356860161
1774383672.3586807,job_done,cagrad:coord:train.grad_clip,303,310,0,97.74193548387096,1905.0773194001451,82462.63253974915
1774383778.9611814,job_done,cagrad:coord:train.grad_clip,304,310,0,98.06451612903226,1629.655955940485,82569.23510098457
1774383983.0334272,job_done,cagrad:coord:train.grad_clip,305,310,0,98.38709677419355,1356.9394647215233,82773.30734801292
1774384028.5631955,job_done,cagrad:coord:train.grad_clip,306,310,0,98.70967741935483,1082.5991779215194,82818.83711099625
1774385971.0229204,job_done,cagrad:coord:train.grad_clip,307,310,0,99.03225806451613,828.2862883359679,84761.29683971405
1774386052.6658475,job_done,cagrad:coord:train.grad_clip,308,310,0,99.35483870967742,550.9281802502545,84842.9397585392
1774386219.1274998,job_done,cagrad:coord:train.grad_clip,309,310,0,99.6774193548387,275.11133137952936,85009.40139627457
1774386263.2475426,job_done,cagrad:coord:train.grad_clip,310,310,0,100.0,,85053.52144575119
1774386263.2531137,group_end,cagrad:coord:train.grad_clip,310,310,0,100.0,,85053.52220129967
1774386263.2589602,phase_end,,310,310,0,100.0,,85053.52745699883
1774386263.262872,lock_released,,310,310,0,100.0,,85053.53344988823
1774386263.266831,lock_wait,,310,310,0,100.0,,85053.53927731514
1774386263.2720015,lock_acquired,,310,310,0,100.0,,85053.54122233391
1774386263.3197517,plan_add,,310,342,0,90.64327485380117,8779.720937691965,85053.54658389091
1774386263.3303003,phase_start,cagrad:coord:method.baseline_cagrad.c,310,342,0,90.64327485380117,8779.72584627213,85053.59413576126
1774386371.0301623,group_slots,cagrad:coord:method.baseline_cagrad.c,310,342,0,90.64327485380117,8790.844278077157,85161.30394387245
1774386371.0329936,group_start,cagrad:coord:method.baseline_cagrad.c,310,342,0,90.64327485380117,8790.84434371456,85161.3045797348
1774388810.7402463,job_done,cagrad:coord:method.baseline_cagrad.c,311,342,0,90.93567251461988,8731.93388489895,87601.01413559914
1774388814.9549062,job_done,cagrad:coord:method.baseline_cagrad.c,312,342,0,91.2280701754386,8423.57968786588,87605.22875380516
1774388826.7517765,job_done,cagrad:coord:method.baseline_cagrad.c,313,342,0,91.52046783625731,8117.87138802632,87617.02567076683
1774388833.0382934,job_done,cagrad:coord:method.baseline_cagrad.c,314,342,0,91.81286549707602,7813.54375347514,87623.31209254265
1774391189.0223897,job_done,cagrad:coord:method.baseline_cagrad.c,315,342,0,92.10526315789474,7712.511101409367,89979.29618310928
1774391242.6633677,job_done,cagrad:coord:method.baseline_cagrad.c,316,342,0,92.39766081871345,7407.773319226277,90032.93726444244
1774391257.943273,job_done,cagrad:coord:method.baseline_cagrad.c,317,342,0,92.69005847953217,7101.594418794951,90048.21723031998
1774391265.8525069,job_done,cagrad:coord:method.baseline_cagrad.c,318,342,0,92.98245614035088,6796.688785319058,90056.12640547752
1774393518.1233695,job_done,cagrad:coord:method.baseline_cagrad.c,319,342,0,93.27485380116958,6655.46437914095,92308.39725852013
1774393588.5456347,job_done,cagrad:coord:method.baseline_cagrad.c,320,342,0,93.5672514619883,6351.043844556809,92378.81955718994
1774393655.0423274,job_done,cagrad:coord:method.baseline_cagrad.c,321,342,0,93.85964912280701,6047.82442595357,92445.3162252903
1774393669.1531796,job_done,cagrad:coord:method.baseline_cagrad.c,322,342,0,94.15204678362574,5742.821556129811,92459.42705368996
1774395869.0577486,job_done,cagrad:coord:method.baseline_cagrad.c,323,342,0,94.44444444444444,5568.195980548859,94659.3316693306
1774395946.656207,job_done,cagrad:coord:method.baseline_cagrad.c,324,342,0,94.73684210526316,5263.1627862321,94736.93015217781
1774395964.3586247,job_done,cagrad:coord:method.baseline_cagrad.c,325,342,0,95.02923976608187,4956.3961595146475,94754.63246130943
1774396046.1292963,job_done,cagrad:coord:method.baseline_cagrad.c,326,342,0,95.32163742690058,4654.547393728619,94836.40314722061
1774398218.1464937,job_done,cagrad:coord:method.baseline_cagrad.c,327,342,0,95.6140350877193,4449.927538381804,97008.42033672333
1774398325.0500693,job_done,cagrad:coord:method.baseline_cagrad.c,328,342,0,95.90643274853801,4145.166267982343,97115.32399272919
1774398327.0350282,job_done,cagrad:coord:method.baseline_cagrad.c,329,342,0,96.19883040935673,3837.46205321054,97117.3088850975
1774398339.4476075,job_done,cagrad:coord:method.baseline_cagrad.c,330,342,0,96.49122807017544,3531.9898722475227,97129.72148680687
1774400543.0416505,job_done,cagrad:coord:method.baseline_cagrad.c,331,342,0,96.78362573099415,3301.1071644844965,99333.31558585167
1774400748.6442723,job_done,cagrad:coord:method.baseline_cagrad.c,332,342,0,97.07602339181287,2998.160186244781,99538.91818332672
1774400765.4593267,job_done,cagrad:coord:method.baseline_cagrad.c,333,342,0,97.36842105263158,2690.695491197947,99555.73317432404
1774400771.639192,job_done,cagrad:coord:method.baseline_cagrad.c,334,342,0,97.6608187134503,2384.7164814657795,99561.91310119629
1774402790.6287823,job_done,cagrad:coord:method.baseline_cagrad.c,335,342,0,97.953216374269,2122.586025848673,101580.90266561508
1774403249.9697099,job_done,cagrad:coord:method.baseline_cagrad.c,336,342,0,98.24561403508773,1822.1472075070656,102040.24362039566
1774403260.238364,job_done,cagrad:coord:method.baseline_cagrad.c,337,342,0,98.53801169590643,1514.102556284528,102050.5122935772
1774403281.3357706,job_done,cagrad:coord:method.baseline_cagrad.c,338,342,0,98.83040935672514,1207.9480428074944,102071.60961723328
1774405271.7360945,job_done,cagrad:coord:method.baseline_cagrad.c,339,342,0,99.12280701754386,920.9027423605455,104062.00988674164
1774405761.9463587,job_done,cagrad:coord:method.baseline_cagrad.c,340,342,0,99.41520467836257,615.0130596918218,104552.22014760971
1774405765.522189,job_done,cagrad:coord:method.baseline_cagrad.c,341,342,0,99.70760233918129,306.61523775411143,104555.796074152
1774405792.4225929,job_done,cagrad:coord:method.baseline_cagrad.c,342,342,0,100.0,,104582.69637179375
1774405792.4358723,group_end,cagrad:coord:method.baseline_cagrad.c,342,342,0,100.0,,104582.69728446007
1774405792.4395626,phase_end,,342,342,0,100.0,,104582.71031093597
1774405792.4419591,lock_released,,342,342,0,100.0,,104582.71401906013
1774405792.445034,lock_wait,,342,342,0,100.0,,104582.718760252
1774405792.4504988,lock_acquired,,342,342,0,100.0,,104582.7195341587
1774405792.461444,plan_add,,342,374,0,91.44385026737967,9785.518117201955,104582.7248775959
1774405792.464381,phase_start,cagrad:coord:method.baseline_cagrad.inner_lr,342,374,0,91.44385026737967,9785.519142730891,104582.7358379364
1774405904.1593478,group_slots,cagrad:coord:method.baseline_cagrad.inner_lr,342,374,0,91.44385026737967,9795.970360761497,104694.4332306385
1774405904.2205863,group_start,cagrad:coord:method.baseline_cagrad.inner_lr,342,374,0,91.44385026737967,9795.970407318651,104694.43372821808
1774411337.5533233,init,,0,0,0,0.0,,1.3589859008789062e-05
1774411337.555767,pipeline_start,,0,0,0,0.0,,0.0054399967193603516
1774411337.5591285,lock_wait,,0,0,0,0.0,,0.005762815475463867
1774411337.5624633,lock_acquired,,0,0,0,0.0,,0.009101152420043945
1774411337.5652232,method_start,,0,0,0,0.0,,0.012420177459716797
1774411337.568392,lock_wait,,0,0,0,0.0,,0.015222311019897461
1774411337.5716631,lock_acquired,,0,0,0,0.0,,0.01840066909790039
1774411337.5747883,lock_released,,0,0,0,0.0,,0.02163982391357422
1774411337.577875,lock_wait,,0,0,0,0.0,,0.025790691375732422
1774411337.5807369,lock_acquired,,0,0,0,0.0,,0.02783799171447754
1774411337.5844293,plan_add,,0,54,0,0.0,,0.03071737289428711
1774411337.5871575,phase_start,baseline:coord:train.lr,0,54,0,0.0,,0.03443717956542969
1774411337.7124512,group_slots,baseline:coord:train.lr,0,54,0,0.0,,0.16206693649291992
1774411337.716025,group_start,baseline:coord:train.lr,0,54,0,0.0,,0.16240978240966797
1774411337.719573,job_done,baseline:coord:train.lr,1,54,0,1.8518518518518519,8.900107145309448,0.16792654991149902
1774411337.7226431,job_done,baseline:coord:train.lr,2,54,0,3.7037037037037037,4.410344123840332,0.16962862014770508
1774411337.7253306,job_done,baseline:coord:train.lr,3,54,0,5.555555555555555,2.9344680309295654,0.17261576652526855
1774411337.7288692,job_done,baseline:coord:train.lr,4,54,0,7.407407407407407,2.1912604570388794,0.17530083656311035
1774411337.7331092,job_done,baseline:coord:train.lr,5,54,0,9.25925925925926,1.7537153720855714,0.17895054817199707
1774411337.7362518,job_done,baseline:coord:train.lr,6,54,0,11.11111111111111,1.4651622772216797,0.18314528465270996
1774411337.7391634,job_done,baseline:coord:train.lr,7,54,0,12.962962962962964,1.250385046005249,0.18622756004333496
1774411337.7422767,job_done,baseline:coord:train.lr,8,54,0,14.814814814814815,1.0875458717346191,0.18913841247558594
1774411337.745315,job_done,baseline:coord:train.lr,9,54,0,16.666666666666668,0.9673404693603516,0.1934680938720703
1774411337.748643,job_done,baseline:coord:train.lr,10,54,0,18.51851851851852,0.859554386138916,0.19535326957702637
1774411337.7516785,job_done,baseline:coord:train.lr,11,54,0,20.37037037037037,0.7764006527987394,0.19861412048339844
1774411337.7548633,job_done,baseline:coord:train.lr,12,54,0,22.22222222222222,0.7057788372039795,0.20165109634399414
1774411337.758633,job_done,baseline:coord:train.lr,13,54,0,24.074074074074073,0.6476736435523399,0.20535993576049805
1774411337.7620926,job_done,baseline:coord:train.lr,14,54,0,25.925925925925927,0.5963693346296038,0.20872926712036133
1774411337.7652175,job_done,baseline:coord:train.lr,15,54,0,27.77777777777778,0.5514303207397461,0.21208858489990234
1774411337.7685525,job_done,baseline:coord:train.lr,16,54,0,29.62962962962963,0.5110823214054108,0.21519255638122559
1774411337.7717018,job_done,baseline:coord:train.lr,17,54,0,31.48148148148148,0.4759062738979564,0.2186596393585205
1774411337.7749188,job_done,baseline:coord:train.lr,18,54,0,33.333333333333336,0.44348812103271484,0.22174406051635742
1774411337.777972,job_done,baseline:coord:train.lr,19,54,0,35.18518518518518,0.4142732369272332,0.22489118576049805
1774411337.7815042,job_done,baseline:coord:train.lr,20,54,0,37.03703703703704,0.38757150173187255,0.2279832363128662
1774411337.7851214,job_done,baseline:coord:train.lr,21,54,0,38.888888888888886,0.3640204838344029,0.23164939880371094
1774411337.7886736,job_done,baseline:coord:train.lr,22,54,0,40.74074074074074,0.3421207774769176,0.23520803451538086
1774411337.7926443,job_done,baseline:coord:train.lr,23,54,0,42.592592592592595,0.3216517386229142,0.23864483833312988
1774411337.7958694,job_done,baseline:coord:train.lr,24,54,0,44.44444444444444,0.30327022075653076,0.2426161766052246
1774411337.7992904,job_done,baseline:coord:train.lr,25,54,0,46.2962962962963,0.28537803649902344,0.2460155487060547
1774411337.802582,job_done,baseline:coord:train.lr,26,54,0,48.148148148148145,0.2685511295612042,0.24936890602111816
1774411337.8058517,job_done,baseline:coord:train.lr,27,54,0,50.0,0.25255584716796875,0.25255584716796875
1774411337.8094764,job_done,baseline:coord:train.lr,28,54,0,51.851851851851855,0.23756134510040283,0.25583529472351074
1774411337.8125055,job_done,baseline:coord:train.lr,29,54,0,53.7037037037037,0.22378995500761886,0.2595963478088379
1774411337.8155227,job_done,baseline:coord:train.lr,30,54,0,55.55555555555556,0.21005287170410156,0.26256608963012695
1774411337.8186197,job_done,baseline:coord:train.lr,31,54,0,57.407407407407405,0.19698321434759322,0.2654991149902344
1774411337.8217103,job_done,baseline:coord:train.lr,32,54,0,59.25925925925926,0.18466101586818695,0.2685978412628174
1774411337.8253593,job_done,baseline:coord:train.lr,33,54,0,61.111111111111114,0.17300280657681552,0.27186155319213867
1774411337.828812,job_done,baseline:coord:train.lr,34,54,0,62.96296296296296,0.16202632118673885,0.27544474601745605
1774411337.8320856,job_done,baseline:coord:train.lr,35,54,0,64.81481481481481,0.15134844779968262,0.27879977226257324
1774411337.8354082,job_done,baseline:coord:train.lr,36,54,0,66.66666666666667,0.14102816581726074,0.2820563316345215
1774411337.8386314,job_done,baseline:coord:train.lr,37,54,0,68.51851851851852,0.13118150427534775,0.28551268577575684
1774411337.8419554,job_done,baseline:coord:train.lr,38,54,0,70.37037037037037,0.1215466951069079,0.28867340087890625
1774411337.8454983,job_done,baseline:coord:train.lr,39,54,0,72.22222222222223,0.11229340846721943,0.2919628620147705
1774411337.8491056,job_done,baseline:coord:train.lr,40,54,0,74.07407407407408,0.10341867208480836,0.29548192024230957
1774411337.8529165,job_done,baseline:coord:train.lr,41,54,0,75.92592592592592,0.09487881893064917,0.29923319816589355
1774411337.856602,job_done,baseline:coord:train.lr,42,54,0,77.77777777777777,0.08680357251848493,0.30381250381469727
1774411337.8599129,job_done,baseline:coord:train.lr,43,54,0,79.62962962962963,0.07843435087869334,0.3066070079803467
1774411337.8637342,job_done,baseline:coord:train.lr,44,54,0,81.48148148148148,0.07043345408006149,0.3099071979522705
1774411337.868374,job_done,baseline:coord:train.lr,45,54,0,83.33333333333333,0.06277775764465332,0.3138887882232666
1774411337.8722491,job_done,baseline:coord:train.lr,46,54,0,85.18518518518519,0.055386626202127205,0.31847310066223145
1774411337.8761065,job_done,baseline:coord:train.lr,47,54,0,87.03703703703704,0.04799477090226843,0.3222506046295166
1774411337.879715,job_done,baseline:coord:train.lr,48,54,0,88.88888888888889,0.04076278209686279,0.32610225677490234
1774411337.8833194,job_done,baseline:coord:train.lr,49,54,0,90.74074074074075,0.033663876202641704,0.32990598678588867
1774411337.8869827,job_done,baseline:coord:train.lr,50,54,0,92.5925925925926,0.026672725677490235,0.33340907096862793
1774411337.8907099,job_done,baseline:coord:train.lr,51,54,0,94.44444444444444,0.019822457257439106,0.33698177337646484
1774411337.89429,job_done,baseline:coord:train.lr,52,54,0,96.29629629629629,0.013105007318349985,0.3407301902770996
1774411337.8980772,job_done,baseline:coord:train.lr,53,54,0,98.14814814814815,0.0064978509579064715,0.34438610076904297
1774411337.9020174,job_done,baseline:coord:train.lr,54,54,0,100.0,,0.3480868339538574
1774411337.905853,group_end,baseline:coord:train.lr,54,54,0,100.0,,0.3523416519165039
1774411337.9094431,phase_end,,54,54,0,100.0,,0.3558037281036377
1774411337.9128206,lock_released,,54,54,0,100.0,,0.3594479560852051
1774411337.9166443,lock_wait,,54,54,0,100.0,,0.3646819591522217
1774411337.9204698,lock_acquired,,54,54,0,100.0,,0.3666248321533203
1774411337.9242432,plan_add,,54,108,0,50.0,0.37047481536865234,0.37047481536865234
1774411337.9283226,phase_start,baseline:coord:train.weight_decay,54,108,0,50.0,0.374218225479126,0.374218225479126
1774411338.0559585,group_slots,baseline:coord:train.weight_decay,54,108,0,50.0,0.5055646896362305,0.5055646896362305
1774411338.059719,group_start,baseline:coord:train.weight_decay,54,108,0,50.0,0.505918025970459,0.505918025970459
1774411338.0635884,job_done,baseline:coord:train.weight_decay,55,108,0,50.925925925925924,0.4933637488972057,0.5119812488555908
1774411338.0674775,job_done,baseline:coord:train.weight_decay,56,108,0,51.851851851851855,0.47688361576625277,0.5135669708251953
1774411338.0713258,job_done,baseline:coord:train.weight_decay,57,108,0,52.77777777777778,0.46298912951820775,0.517458438873291
1774411338.07523,job_done,baseline:coord:train.weight_decay,58,108,0,53.7037037037037,0.44951480010460165,0.5214371681213379
1774411338.078204,job_done,baseline:coord:train.weight_decay,59,108,0,54.629629629629626,0.43624533232996016,0.5252749919891357
1774411338.0813365,job_done,baseline:coord:train.weight_decay,60,108,0,55.55555555555556,0.42254085540771485,0.5281760692596436
1774411338.0850372,job_done,baseline:coord:train.weight_decay,61,108,0,56.48148148148148,0.4093728182745761,0.5313136577606201
1774411338.0886974,job_done,baseline:coord:train.weight_decay,62,108,0,57.407407407407405,0.3970445125333725,0.535146951675415
1774411338.092347,job_done,baseline:coord:train.weight_decay,63,108,0,58.333333333333336,0.3848333018166678,0.538766622543335
1774411338.0955145,job_done,baseline:coord:train.weight_decay,64,108,0,59.25925925925926,0.3728918880224228,0.5423882007598877
1774411338.098989,job_done,baseline:coord:train.weight_decay,65,108,0,60.18518518518518,0.3609061644627498,0.545555830001831
1774411338.102251,job_done,baseline:coord:train.weight_decay,66,108,0,61.111111111111114,0.3495096076618541,0.5492293834686279
1774411338.1061635,job_done,baseline:coord:train.weight_decay,67,108,0,62.03703703703704,0.33807542786669376,0.5524647235870361
1774411338.1095777,job_done,baseline:coord:train.weight_decay,68,108,0,62.96296296296296,0.32717382206636314,0.5561954975128174
1774411338.1127837,job_done,baseline:coord:train.weight_decay,69,108,0,63.888888888888886,0.31629019198210345,0.5595903396606445
1774411338.1170151,job_done,baseline:coord:train.weight_decay,70,108,0,64.81481481481481,0.30568485260009765,0.5631036758422852
1774411338.1206045,job_done,baseline:coord:train.weight_decay,71,108,0,65.74074074074075,0.2955608300759759,0.5671572685241699
1774411338.1237705,job_done,baseline:coord:train.weight_decay,72,108,0,66.66666666666667,0.2853233814239502,0.5706467628479004
1774411338.1274369,job_done,baseline:coord:train.weight_decay,73,108,0,67.5925925925926,0.2750843681701242,0.5737473964691162
1774411338.131612,job_done,baseline:coord:train.weight_decay,74,108,0,68.51851851851852,0.26536187610110723,0.577552318572998
1774411338.135546,job_done,baseline:coord:train.weight_decay,75,108,0,69.44444444444444,0.25593649864196777,0.5816738605499268
1774411338.1392717,job_done,baseline:coord:train.weight_decay,76,108,0,70.37037037037037,0.2465391660991468,0.5855305194854736
1774411338.142912,job_done,baseline:coord:train.weight_decay,77,108,0,71.29629629629629,0.2372298828967206,0.5892484188079834
1774411338.1465397,job_done,baseline:coord:train.weight_decay,78,108,0,72.22222222222223,0.22808249180133525,0.5930144786834717
1774411338.149868,job_done,baseline:coord:train.weight_decay,79,108,0,73.14814814814815,0.2189968567860277,0.5965776443481445
1774411338.1530654,job_done,baseline:coord:train.weight_decay,80,108,0,74.07407407407408,0.20994564294815063,0.5998446941375732
1774411338.15649,job_done,baseline:coord:train.weight_decay,81,108,0,75.0,0.20101269086201987,0.6030380725860596
1774411338.1600354,job_done,baseline:coord:train.weight_decay,82,108,0,75.92592592592592,0.19233108148342226,0.6065826416015625
1774411338.1634548,job_done,baseline:coord:train.weight_decay,83,108,0,76.85185185185185,0.1837609044040542,0.61008620262146
1774411338.166358,job_done,baseline:coord:train.weight_decay,84,108,0,77.77777777777777,0.17526858193533762,0.6134400367736816
1774411338.1692517,job_done,baseline:coord:train.weight_decay,85,108,0,78.70370370370371,0.16677155775182387,0.6163296699523926
1774411338.1724293,job_done,baseline:coord:train.weight_decay,86,108,0,79.62962962962963,0.1584678195243658,0.6194651126861572
1774411338.176287,job_done,baseline:coord:train.weight_decay,87,108,0,80.55555555555556,0.15026119659686912,0.6225106716156006
1774411338.1794813,job_done,baseline:coord:train.weight_decay,88,108,0,81.48148148148148,0.14233274893327194,0.6262640953063965
1774411338.182198,job_done,baseline:coord:train.weight_decay,89,108,0,82.4074074074074,0.13438146301869597,0.6294710636138916
1774411338.1845613,job_done,baseline:coord:train.weight_decay,90,108,0,83.33333333333333,0.12647318840026855,0.6323659420013428
1774411338.1876185,job_done,baseline:coord:train.weight_decay,91,108,0,84.25925925925925,0.11856379351773105,0.6346650123596191
1774411338.1904004,job_done,baseline:coord:train.weight_decay,92,108,0,85.18518518518519,0.11089395440143088,0.6376402378082275
1774411338.193574,job_done,baseline:coord:train.weight_decay,93,108,0,86.11111111111111,0.10330100213327716,0.6404662132263184
1774411338.1964698,job_done,baseline:coord:train.weight_decay,94,108,0,87.03703703703704,0.09588546448565544,0.6438024044036865
1774411338.1994126,job_done,baseline:coord:train.weight_decay,95,108,0,87.96296296296296,0.08848403127569901,0.6466140747070312
1774411338.202454,job_done,baseline:coord:train.weight_decay,96,108,0,88.88888888888889,0.08118337392807007,0.6494669914245605
1774411338.2054994,job_done,baseline:coord:train.weight_decay,97,108,0,89.81481481481481,0.0739951330361907,0.6525025367736816
1774411338.2544396,job_done,baseline:coord:train.weight_decay,98,108,0,90.74074074074075,0.07174951689583915,0.7031452655792236
1774411338.2568524,job_done,baseline:coord:train.weight_decay,99,108,0,91.66666666666667,0.06412061777981845,0.7053267955780029
1774411338.2596488,job_done,baseline:coord:train.weight_decay,100,108,0,92.5925925925926,0.05655239105224609,0.7069048881530762
1774411338.2623293,job_done,baseline:coord:train.weight_decay,101,108,0,93.51851851851852,0.04924320230389585,0.7105090618133545
1774411338.2651155,job_done,baseline:coord:train.weight_decay,102,108,0,94.44444444444444,0.04190285065594842,0.712348461151123
1774411338.2679908,job_done,baseline:coord:train.weight_decay,103,108,0,95.37037037037037,0.034736012949526884,0.7155618667602539
1774411338.2706285,job_done,baseline:coord:train.weight_decay,104,108,0,96.29629629629629,0.027615363781268783,0.7179994583129883
1774411338.2733755,job_done,baseline:coord:train.weight_decay,105,108,0,97.22222222222223,0.020616470064435687,0.721576452255249
1774411338.2762053,job_done,baseline:coord:train.weight_decay,106,108,0,98.14814814814815,0.013648689917798313,0.7233805656433105
1774411338.2789636,job_done,baseline:coord:train.weight_decay,107,108,0,99.07407407407408,0.006787099570871513,0.726219654083252
1774411338.2815747,job_done,baseline:coord:train.weight_decay,108,108,0,100.0,,0.7289659976959229
1774411338.2841303,group_end,baseline:coord:train.weight_decay,108,108,0,100.0,,0.7317516803741455
1774411338.2860718,phase_end,,108,108,0,100.0,,0.7340984344482422
1774411338.288931,lock_released,,108,108,0,100.0,,0.736090898513794
1774411338.2928514,lock_wait,,108,108,0,100.0,,0.7424726486206055
1774411338.2954779,lock_acquired,,108,108,0,100.0,,0.742866039276123
1774411338.2980819,plan_add,,108,160,0,67.5,0.358929678245827,0.745469331741333
1774411338.3006089,phase_start,baseline:coord:train.grad_clip,108,160,0,67.5,0.3602193903040003,0.7481479644775391
1774411338.4003553,group_slots,baseline:coord:train.grad_clip,108,160,0,67.5,0.4092480783109312,0.8499767780303955
1774411338.403594,group_start,baseline:coord:train.grad_clip,108,160,0,67.5,0.40940924927040384,0.8503115177154541
1774411338.4070008,job_done,baseline:coord:train.grad_clip,109,160,0,68.125,0.400390915914413,0.8557374477386475
1774411338.409922,job_done,baseline:coord:train.grad_clip,110,160,0,68.75,0.3895379196513783,0.8569834232330322
1774411338.4128036,job_done,baseline:coord:train.grad_clip,111,160,0,69.375,0.3796551700110908,0.8600351810455322
1774411338.4154494,job_done,baseline:coord:train.grad_clip,112,160,0,70.0,0.3697715827396938,0.8628003597259521
1774411338.418362,job_done,baseline:coord:train.grad_clip,113,160,0,70.625,0.36000149017941635,0.8655354976654053
1774411338.421577,job_done,baseline:coord:train.grad_clip,114,160,0,71.25,0.3503864689877159,0.8683490753173828
1774411338.424647,job_done,baseline:coord:train.grad_clip,115,160,0,71.875,0.34108817059060803,0.8716697692871094
1774411338.427251,job_done,baseline:coord:train.grad_clip,116,160,0,72.5,0.33175845803885623,0.8746359348297119
1774411338.4306157,job_done,baseline:coord:train.grad_clip,117,160,0,73.125,0.3224405243865445,0.877338171005249
1774411338.4335728,job_done,baseline:coord:train.grad_clip,118,160,0,73.75,0.3134365203016895,0.8806073665618896
1774411338.436603,job_done,baseline:coord:train.grad_clip,119,160,0,74.375,0.3044681128333596,0.8837001323699951
1774411338.439883,job_done,baseline:coord:train.grad_clip,120,160,0,75.0,0.29552968343098956,0.8865890502929688
1774411338.4431417,job_done,baseline:coord:train.grad_clip,121,160,0,75.625,0.28685031646539355,0.8899714946746826
1774411338.446029,job_done,baseline:coord:train.grad_clip,122,160,0,76.25,0.27818760715547153,0.8931286334991455
1774411338.4490962,job_done,baseline:coord:train.grad_clip,123,160,0,76.875,0.2695652198016159,0.8961222171783447
1774411338.4522517,job_done,baseline:coord:train.grad_clip,124,160,0,77.5,0.26101949907118277,0.8990671634674072
1774411338.4554074,job_done,baseline:coord:train.grad_clip,125,160,0,78.125,0.25269123077392575,0.9024686813354492
1774411338.4586508,job_done,baseline:coord:train.grad_clip,126,160,0,78.75,0.24430921342637804,0.9053812026977539
1774411338.4616113,job_done,baseline:coord:train.grad_clip,127,160,0,79.375,0.2361291787755771,0.9087395668029785
1774411338.4644592,job_done,baseline:coord:train.grad_clip,128,160,0,80.0,0.22789520025253296,0.9115808010101318
1774411338.467484,job_done,baseline:coord:train.grad_clip,129,160,0,80.625,0.21976975322693815,0.9145257472991943
1774411338.470802,job_done,baseline:coord:train.grad_clip,130,160,0,81.25,0.21172026487497184,0.9174544811248779
1774411338.4736617,job_done,baseline:coord:train.grad_clip,131,160,0,81.875,0.2038591071849561,0.9208807945251465
1774411338.4767056,job_done,baseline:coord:train.grad_clip,132,160,0,82.5,0.19592202070987583,0.9236323833465576
1774411338.479697,job_done,baseline:coord:train.grad_clip,133,160,0,83.125,0.18814054646886383,0.9267663955688477
1774411338.4827225,job_done,baseline:coord:train.grad_clip,134,160,0,83.75,0.18038277839546774,0.9296650886535645
1774411338.4852593,job_done,baseline:coord:train.grad_clip,135,160,0,84.375,0.17273761607982493,0.9327831268310547
1774411338.4878807,job_done,baseline:coord:train.grad_clip,136,160,0,85.0,0.1650401704451617,0.935227632522583
1774411338.4910915,job_done,baseline:coord:train.grad_clip,137,160,0,85.625,0.1574636393219885,0.9379355907440186
1774411338.4940891,job_done,baseline:coord:train.grad_clip,138,160,0,86.25,0.15002414454584534,0.9410605430603027
1774411338.497014,job_done,baseline:coord:train.grad_clip,139,160,0,86.875,0.14282531703976417,0.9453675746917725
1774411338.4997447,job_done,baseline:coord:train.grad_clip,140,160,0,87.5,0.1352832657950265,0.9469828605651855
1774411338.5027552,job_done,baseline:coord:train.grad_clip,141,160,0,88.125,0.12799032021921578,0.9498229026794434
1774411338.5060875,job_done,baseline:coord:train.grad_clip,142,160,0,88.75,0.12076891643900269,0.9527325630187988
1774411338.509003,job_done,baseline:coord:train.grad_clip,143,160,0,89.375,0.11366716798368867,0.956141471862793
1774411338.512186,job_done,baseline:coord:train.grad_clip,144,160,0,90.0,0.10655241542392306,0.9589717388153076
1774411338.5154057,job_done,baseline:coord:train.grad_clip,145,160,0,90.625,0.09954781367860992,0.9622955322265625
1774411338.518267,job_done,baseline:coord:train.grad_clip,146,160,0,91.25,0.09257024608246267,0.9653754234313965
1774411338.5212643,job_done,baseline:coord:train.grad_clip,147,160,0,91.875,0.08563428022423569,0.9683260917663574
1774411338.5241163,job_done,baseline:coord:train.grad_clip,148,160,0,92.5,0.07874853546554979,0.9712319374084473
1774411338.5274055,job_done,baseline:coord:train.grad_clip,149,160,0,93.125,0.07191839474159599,0.9741673469543457
1774411338.5307434,job_done,baseline:coord:train.grad_clip,150,160,0,93.75,0.06515817642211914,0.9773726463317871
1774411338.5330987,job_done,baseline:coord:train.grad_clip,151,160,0,94.375,0.0584595234978278,0.980820894241333
1774411338.5366147,job_done,baseline:coord:train.grad_clip,152,160,0,95.0,0.05174034520199424,0.9830665588378906
1774411338.540311,job_done,baseline:coord:train.grad_clip,153,160,0,95.625,0.04514412163129819,0.9867215156555176
1774411338.543687,job_done,baseline:coord:train.grad_clip,154,160,0,96.25,0.0385823528487961,0.9902803897857666
1774411338.5461092,job_done,baseline:coord:train.grad_clip,155,160,0,96.875,0.03205641623466246,0.9937489032745361
1774411338.549028,job_done,baseline:coord:train.grad_clip,156,160,0,97.5,0.025540443567129284,0.996077299118042
1774411338.5524938,job_done,baseline:coord:train.grad_clip,157,160,0,98.125,0.019090658540179016,0.9990777969360352
1774411338.5559127,job_done,baseline:coord:train.grad_clip,158,160,0,98.75,0.012689397304872922,1.002462387084961
1774411338.559905,job_done,baseline:coord:train.grad_clip,159,160,0,99.375,0.006326374017967368,1.0058934688568115
1774411338.5626564,job_done,baseline:coord:train.grad_clip,160,160,0,100.0,,1.0098826885223389
1774411338.5659988,group_end,baseline:coord:train.grad_clip,160,160,0,100.0,,1.013340950012207
1774411338.569325,phase_end,,160,160,0,100.0,,1.0159568786621094
1774411338.573094,lock_released,,160,160,0,100.0,,1.019322156906128
1774411338.5762956,lock_wait,,160,160,0,100.0,,1.0252084732055664
1774411338.5793507,lock_acquired,,160,160,0,100.0,,1.0262622833251953
1774411338.5829222,plan_add,,160,214,0,74.76635514018692,0.3473904311656952,1.0293049812316895
1774411338.586049,phase_start,baseline:local_var_topk,160,214,0,74.76635514018692,0.3485989540815353,1.0328857898712158
1774411338.706601,group_slots,baseline:local_var_topk,160,214,0,74.76635514018692,0.39022415578365327,1.156219720840454
1774411338.7106907,group_start,baseline:local_var_topk,160,214,0,74.76635514018692,0.390337210893631,1.1565546989440918
1774411338.7136958,job_done,baseline:local_var_topk,161,214,0,75.23364485981308,0.3824062673201472,1.161649227142334
1774411338.717139,job_done,baseline:local_var_topk,162,214,0,75.70093457943925,0.3735351268156075,1.163705587387085
1774411338.7199893,job_done,baseline:local_var_topk,163,214,0,76.16822429906541,0.3652206242450176,1.167273759841919
1774411338.7230775,job_done,baseline:local_var_topk,164,214,0,76.6355140186916,0.3567010891146776,1.1699795722961426
1774411338.7259839,job_done,baseline:local_var_topk,165,214,0,77.10280373831776,0.3484077193520286,1.1732096672058105
1774411338.729037,job_done,baseline:local_var_topk,166,214,0,77.57009345794393,0.34005008835390393,1.176006555557251
1774411338.732044,job_done,baseline:local_var_topk,167,214,0,78.03738317757009,0.33185077855686945,1.1791293621063232
1774411338.7349694,job_done,baseline:local_var_topk,168,214,0,78.50467289719626,0.3236535418601263,1.1820390224456787
1774411338.738557,job_done,baseline:local_var_topk,169,214,0,78.97196261682242,0.31555830374271915,1.1850967407226562
1774411338.7420912,job_done,baseline:local_var_topk,170,214,0,79.4392523364486,0.3076305052813362,1.1885724067687988
1774411338.7456095,job_done,baseline:local_var_topk,171,214,0,79.90654205607477,0.29981826899344466,1.19230055809021
1774411338.7490482,job_done,baseline:local_var_topk,172,214,0,80.37383177570094,0.29195262942203254,1.195615530014038
1774411338.7516289,job_done,baseline:local_var_topk,173,214,0,80.8411214953271,0.2842328865404074,1.199324131011963
1774411338.7552738,job_done,baseline:local_var_topk,174,214,0,81.30841121495327,0.27624404293367233,1.2016615867614746
1774411338.7579386,job_done,baseline:local_var_topk,175,214,0,81.77570093457943,0.26864809717450827,1.2054722309112549
1774411338.761317,job_done,baseline:local_var_topk,176,214,0,82.24299065420561,0.26081080870194867,1.2079658508300781
1774411338.7645054,job_done,baseline:local_var_topk,177,214,0,82.71028037383178,0.25325055041555633,1.2114958763122559
1774411338.7676785,job_done,baseline:local_var_topk,178,214,0,83.17757009345794,0.24562852838066188,1.2144966125488281
1774411338.771396,job_done,baseline:local_var_topk,179,214,0,83.64485981308411,0.23812620333453133,1.2178454399108887
1774411338.7743595,job_done,baseline:local_var_topk,180,214,0,84.11214953271028,0.2307065513398912,1.2213876247406006
1774411338.7772498,job_done,baseline:local_var_topk,181,214,0,84.57943925233644,0.2232571952250781,1.224531888961792
1774411338.7799356,job_done,baseline:local_var_topk,182,214,0,85.04672897196262,0.21578128521259016,1.2272560596466064
1774411338.782783,job_done,baseline:local_var_topk,183,214,0,85.51401869158879,0.20836393038431805,1.2300193309783936
1774411338.7853994,job_done,baseline:local_var_topk,184,214,0,85.98130841121495,0.20100213911222375,1.2328131198883057
1774411338.7882187,job_done,baseline:local_var_topk,185,214,0,86.44859813084112,0.19367007307104162,1.2354815006256104
1774411338.7916806,job_done,baseline:local_var_topk,186,214,0,86.91588785046729,0.18640710461524226,1.2382757663726807
1774411338.7948847,job_done,baseline:local_var_topk,187,214,0,87.38317757009345,0.17930270643795237,1.2418372631072998
1774411338.7984548,job_done,baseline:local_var_topk,188,214,0,87.85046728971963,0.17216415100909294,1.2448792457580566
1774411338.801974,job_done,baseline:local_var_topk,189,214,0,88.3177570093458,0.16515283357529412,1.2485554218292236
1774411338.804909,job_done,baseline:local_var_topk,190,214,0,88.78504672897196,0.15814924742046155,1.2520148754119873
1774411338.8075664,job_done,baseline:local_var_topk,191,214,0,89.25233644859813,0.15112492176874767,1.2549939155578613
1774411338.810551,job_done,baseline:local_var_topk,192,214,0,89.7196261682243,0.14409525444110233,1.2575585842132568
1774411338.8130944,job_done,baseline:local_var_topk,193,214,0,90.18691588785046,0.13716708687302978,1.2606308460235596
1774411338.8157818,job_done,baseline:local_var_topk,194,214,0,90.65420560747664,0.13021496153369394,1.263085126876831
1774411338.81882,job_done,baseline:local_var_topk,195,214,0,91.1214953271028,0.12334181589957996,1.2658765316009521
1774411338.8217895,job_done,baseline:local_var_topk,196,214,0,91.58878504672897,0.11652623877233388,1.26884126663208
1774411338.8249352,job_done,baseline:local_var_topk,197,214,0,92.05607476635514,0.10977210006132948,1.2720649242401123
1774411338.8278868,job_done,baseline:local_var_topk,198,214,0,92.5233644859813,0.10302441529553345,1.2749271392822266
1774411338.830137,job_done,baseline:local_var_topk,199,214,0,92.99065420560747,0.09633303287640288,1.2780182361602783
1774411338.8331187,job_done,baseline:local_var_topk,200,214,0,93.45794392523365,0.08960914373397827,1.2801306247711182
1774411338.836073,job_done,baseline:local_var_topk,201,214,0,93.92523364485982,0.08300105493460129,1.2833240032196045
1774411338.8394897,job_done,baseline:local_var_topk,202,214,0,94.39252336448598,0.0763998787001808,1.286064624786377
1774411338.8420434,job_done,baseline:local_var_topk,203,214,0,94.85981308411215,0.06987806611460418,1.2895679473876953
1774411338.8450415,job_done,baseline:local_var_topk,204,214,0,95.32710280373831,0.06333534624062331,1.2920410633087158
1774411338.8481245,job_done,baseline:local_var_topk,205,214,0,95.79439252336448,0.056858989669055476,1.295121431350708
1774411338.8521204,job_done,baseline:local_var_topk,206,214,0,96.26168224299066,0.05041326133950243,1.2981414794921875
1774411338.8558736,job_done,baseline:local_var_topk,207,214,0,96.72897196261682,0.04403563858806223,1.302196741104126
1774411338.8591537,job_done,baseline:local_var_topk,208,214,0,97.19626168224299,0.037669362930151135,1.3058712482452393
1774411338.8622828,job_done,baseline:local_var_topk,209,214,0,97.66355140186916,0.03132275987469978,1.3092913627624512
1774411338.865813,job_done,baseline:local_var_topk,210,214,0,98.13084112149532,0.0249957765851702,1.3122782707214355
1774411338.869143,job_done,baseline:local_var_topk,211,214,0,98.59813084112149,0.018709940932938273,1.3159325122833252
1774411338.8727436,job_done,baseline:local_var_topk,212,214,0,99.06542056074767,0.012444669345639786,1.3191349506378174
1774411338.87561,job_done,baseline:local_var_topk,213,214,0,99.53271028037383,0.006210167083382048,1.322765588760376
1774411338.8781855,job_done,baseline:local_var_topk,214,214,0,100.0,,1.3256018161773682
1774411338.881048,group_end,baseline:local_var_topk,214,214,0,100.0,,1.328761100769043
1774411338.884366,phase_end,,214,214,0,100.0,,1.330991268157959
1774411338.887983,lock_released,,214,214,0,100.0,,1.3343734741210938
1774411338.8965116,method_done,,214,214,0,100.0,,1.3462378978729248
1774411338.9021285,method_start,,214,214,0,100.0,,1.3464469909667969
1774411338.9051933,lock_wait,,214,214,0,100.0,,1.3521199226379395
1774411338.908721,lock_acquired,,214,214,0,100.0,,1.3551559448242188
1774411338.9116886,lock_released,,214,214,0,100.0,,1.3586933612823486
1774411338.914993,lock_wait,,214,214,0,100.0,,1.3623614311218262
1774411338.918592,lock_acquired,,214,214,0,100.0,,1.3649590015411377
1774411338.922976,plan_add,,214,246,0,86.99186991869918,0.20464257213556877,1.3685472011566162
1774411338.926364,phase_start,cagrad:coord:train.lr,214,246,0,86.99186991869918,0.20530650771666908,1.3729872703552246
1774411339.00207,group_slots,cagrad:coord:train.lr,214,246,0,86.99186991869918,0.21706975063430928,1.4516539573669434
1774411339.0058403,group_start,cagrad:coord:train.lr,214,246,0,86.99186991869918,0.21712583024925158,1.4520289897918701
1774411339.0096118,job_done,cagrad:coord:train.lr,215,246,0,87.39837398373983,0.21025033662485523,1.4581878185272217
1774411339.0128853,job_done,cagrad:coord:train.lr,216,246,0,87.8048780487805,0.20272841056187949,1.4596445560455322
1774411339.0161057,job_done,cagrad:coord:train.lr,217,246,0,88.21138211382114,0.19549654156381632,1.4628534317016602
1774411339.0206246,job_done,cagrad:coord:train.lr,218,246,0,88.6178861788618,0.1883009376875851,1.466057300567627
1774411339.024689,job_done,cagrad:coord:train.lr,219,246,0,89.02439024390245,0.18131938699173603,1.4707016944885254
1774411339.0282135,job_done,cagrad:coord:train.lr,220,246,0,89.4308943089431,0.17428565458817916,1.4747247695922852
1774411339.0317044,job_done,cagrad:coord:train.lr,221,246,0,89.83739837398375,0.16721540986143085,1.4781842231750488
1774411339.0356228,job_done,cagrad:coord:train.lr,222,246,0,90.2439024390244,0.1601812001821157,1.4816761016845703
1774411339.0392346,job_done,cagrad:coord:train.lr,223,246,0,90.65040650406505,0.15323317852790047,1.4856956005096436
1774411339.043178,job_done,cagrad:coord:train.lr,224,246,0,91.0569105691057,0.1462672118629728,1.4892661571502686
1774411339.0475109,job_done,cagrad:coord:train.lr,225,246,0,91.46341463414635,0.1393605105082194,1.4931483268737793
1774411339.0513558,job_done,cagrad:coord:train.lr,226,246,0,91.869918699187,0.13252030431696799,1.4974794387817383
1774411339.055323,job_done,cagrad:coord:train.lr,227,246,0,92.27642276422765,0.12566985642857487,1.5014240741729736
1774411339.0593092,job_done,cagrad:coord:train.lr,228,246,0,92.6829268292683,0.11884510517120361,1.505371332168579
1774411339.0635462,job_done,cagrad:coord:train.lr,229,246,0,93.08943089430895,0.11204268838640903,1.5092809200286865
1774411339.0661476,job_done,cagrad:coord:train.lr,230,246,0,93.4959349593496,0.10528803286345109,1.5135154724121094
1774411339.0693634,job_done,cagrad:coord:train.lr,231,246,0,93.90243902439025,0.09845885363492099,1.5162663459777832
1774411339.0737047,job_done,cagrad:coord:train.lr,232,246,0,94.3089430894309,0.09168747786817878,1.519392490386963
1774411339.0775506,job_done,cagrad:coord:train.lr,233,246,0,94.71544715447155,0.08501208084335656,1.5236780643463135
1774411339.0812511,job_done,cagrad:coord:train.lr,234,246,0,95.1219512195122,0.07833429483266978,1.5275187492370605
1774411339.0855494,job_done,cagrad:coord:train.lr,235,246,0,95.52845528455285,0.07167872368021215,1.531318187713623
1774411339.09019,job_done,cagrad:coord:train.lr,236,246,0,95.9349593495935,0.06506951178534556,1.5356404781341553
1774411339.0946753,job_done,cagrad:coord:train.lr,237,246,0,96.34146341463415,0.058487222164492064,1.540163516998291
1774411339.0985506,job_done,cagrad:coord:train.lr,238,246,0,96.7479674796748,0.0519208747799657,1.5446460247039795
1774411339.1030157,job_done,cagrad:coord:train.lr,239,246,0,97.15447154471545,0.045360576158786914,1.5487396717071533
1774411339.1065996,job_done,cagrad:coord:train.lr,240,246,0,97.5609756097561,0.03882628083229065,1.553051233291626
1774411339.1112778,job_done,cagrad:coord:train.lr,241,246,0,97.96747967479675,0.032294162576129326,1.5565786361694336
1774411339.1157541,job_done,cagrad:coord:train.lr,242,246,0,98.3739837398374,0.02580580435508539,1.561251163482666
1774411339.1193445,job_done,cagrad:coord:train.lr,243,246,0,98.78048780487805,0.019331673045217254,1.5658655166625977
1774411339.1232617,job_done,cagrad:coord:train.lr,244,246,0,99.1869918699187,0.012863354604752337,1.5693292617797852
1774411339.1267169,job_done,cagrad:coord:train.lr,245,246,0,99.59349593495935,0.006421350946231764,1.5732309818267822
1774411339.129919,job_done,cagrad:coord:train.lr,246,246,0,100.0,,1.5766880512237549
1774411339.1336863,group_end,cagrad:coord:train.lr,246,246,0,100.0,,1.5806784629821777
1774411339.137221,phase_end,,246,246,0,100.0,,1.583625316619873
1774411339.1412246,lock_released,,246,246,0,100.0,,1.5872223377227783
1774411339.145328,lock_wait,,246,246,0,100.0,,1.5924367904663086
1774411339.1492698,lock_acquired,,246,246,0,100.0,,1.5955612659454346
1774411339.1525645,plan_add,,246,278,0,88.48920863309353,0.20802868478666475,1.5992205142974854
1774411339.1559808,phase_start,cagrad:coord:train.weight_decay,246,278,0,88.48920863309353,0.20845912530170224,1.602529525756836
1774411339.2384906,group_slots,cagrad:coord:train.weight_decay,246,278,0,88.48920863309353,0.2195925208611217,1.688117504119873
1774411339.241914,group_start,cagrad:coord:train.weight_decay,246,278,0,88.48920863309353,0.21963500976562497,1.6884441375732422
1774411339.2451253,job_done,cagrad:coord:train.weight_decay,247,278,0,88.84892086330935,0.2125452578309094,1.6935057640075684
1774411339.2481208,job_done,cagrad:coord:train.weight_decay,248,278,0,89.20863309352518,0.20506658861714025,1.6952171325683594
1774411339.2512758,job_done,cagrad:coord:train.weight_decay,249,278,0,89.56834532374101,0.19776838850304784,1.69808030128479
1774411339.2540557,job_done,cagrad:coord:train.weight_decay,250,278,0,89.92805755395683,0.19053773880004882,1.7012298107147217
1774411339.257485,job_done,cagrad:coord:train.weight_decay,251,278,0,90.28776978417267,0.18331203802648294,1.7041230201721191
1774411339.261291,job_done,cagrad:coord:train.weight_decay,252,278,0,90.64748201438849,0.17617107573009674,1.7075042724609375
1774411339.2652802,job_done,cagrad:coord:train.weight_decay,253,278,0,91.00719424460432,0.169096209786155,1.7112536430358887
1774411339.2684193,job_done,cagrad:coord:train.weight_decay,254,278,0,91.36690647482014,0.16206947086364268,1.7152352333068848
1774411339.2720127,job_done,cagrad:coord:train.weight_decay,255,278,0,91.72661870503597,0.15500001626856189,1.7184784412384033
1774411339.276653,job_done,cagrad:coord:train.weight_decay,256,278,0,92.0863309352518,0.14798584021627903,1.7220170497894287
1774411339.2797956,job_done,cagrad:coord:train.weight_decay,257,278,0,92.44604316546763,0.1410910350339422,1.7266855239868164
1774411339.2850378,job_done,cagrad:coord:train.weight_decay,258,278,0,92.80575539568345,0.13409034226291863,1.7297654151916504
1774411339.288523,job_done,cagrad:coord:train.weight_decay,259,278,0,93.16546762589928,0.12728681711616663,1.7351202964782715
1774411339.2926247,job_done,cagrad:coord:train.weight_decay,260,278,0,93.5251798561151,0.12036121625166672,1.7385509014129639
1774411339.295652,job_done,cagrad:coord:train.weight_decay,261,278,0,93.88489208633094,0.11350232248562049,1.7425944805145264
1774411339.2989275,job_done,cagrad:coord:train.weight_decay,262,278,0,94.24460431654676,0.10660225380468004,1.7456119060516357
1774411339.3017926,job_done,cagrad:coord:train.weight_decay,263,278,0,94.60431654676259,0.09977795778571881,1.7494401931762695
1774411339.3047035,job_done,cagrad:coord:train.weight_decay,264,278,0,94.96402877697842,0.09289915814544215,1.7518126964569092
1774411339.308466,job_done,cagrad:coord:train.weight_decay,265,278,0,95.32374100719424,0.08607863750097886,1.7546799182891846
1774411339.3129075,job_done,cagrad:coord:train.weight_decay,266,278,0,95.68345323741008,0.07932851906109574,1.758448839187622
1774411339.3162336,job_done,cagrad:coord:train.weight_decay,267,278,0,96.0431654676259,0.0726325958409113,1.762991189956665
1774411339.3190742,job_done,cagrad:coord:train.weight_decay,268,278,0,96.40287769784173,0.06590534502000951,1.7662632465362549
1774411339.3220046,job_done,cagrad:coord:train.weight_decay,269,278,0,96.76258992805755,0.05918727931479982,1.7690420150756836
1774411339.324787,job_done,cagrad:coord:train.weight_decay,270,278,0,97.12230215827338,0.052503282052499274,1.7719857692718506
1774411339.327728,job_done,cagrad:coord:train.weight_decay,271,278,0,97.4820143884892,0.045845557842747305,1.7748780250549316
1774411339.3313997,job_done,cagrad:coord:train.weight_decay,272,278,0,97.84172661870504,0.039215420975404626,1.7777657508850098
1774411339.3344076,job_done,cagrad:coord:train.weight_decay,273,278,0,98.20143884892086,0.03262579659402589,1.7813684940338135
1774411339.3373487,job_done,cagrad:coord:train.weight_decay,274,278,0,98.56115107913669,0.026049478210671977,1.7843892574310303
1774411339.3402824,job_done,cagrad:coord:train.weight_decay,275,278,0,98.92086330935251,0.019499138051813296,1.7874209880828857
1774411339.3435621,job_done,cagrad:coord:train.weight_decay,276,278,0,99.28057553956835,0.012972916381946508,1.7902624607086182
1774411339.3470502,job_done,cagrad:coord:train.weight_decay,277,278,0,99.64028776978417,0.0064748435244233165,1.7935316562652588
1774411339.3501465,job_done,cagrad:coord:train.weight_decay,278,278,0,100.0,,1.7970235347747803
1774411339.353113,group_end,cagrad:coord:train.weight_decay,278,278,0,100.0,,1.8008882999420166
1774411339.3560927,phase_end,,278,278,0,100.0,,1.8030531406402588
1774411339.359334,lock_released,,278,278,0,100.0,,1.8060762882232666
1774411339.3629243,lock_wait,,278,278,0,100.0,,1.810669183731079
1774411339.3660984,lock_acquired,,278,278,0,100.0,,1.8129048347473145
1774411339.3692865,plan_add,,278,310,0,89.6774193548387,0.20904195222923222,1.816051959991455
1774411339.372137,phase_start,cagrad:coord:train.grad_clip,278,310,0,89.6774193548387,0.2094107703339282,1.819256067276001
1774411339.4446218,group_slots,cagrad:coord:train.grad_clip,278,310,0,89.6774193548387,0.21804060352791985,1.8942277431488037
1774411339.4485474,group_start,cagrad:coord:train.grad_clip,278,310,0,89.6774193548387,0.21808190654507642,1.8945865631103516
1774411339.4521961,job_done,cagrad:coord:train.grad_clip,279,310,0,90.0,0.2110830677880181,1.899747610092163
1774411339.4571571,job_done,cagrad:coord:train.grad_clip,280,310,0,90.3225806451613,0.20380798407963346,1.902207851409912
1774411339.4603171,job_done,cagrad:coord:train.grad_clip,281,310,0,90.64516129032258,0.1968419882750596,1.9073309898376465
1774411339.463206,job_done,cagrad:coord:train.grad_clip,282,310,0,90.96774193548387,0.18967498955151713,1.9102981090545654
1774411339.4656792,job_done,cagrad:coord:train.grad_clip,283,310,0,91.29032258064517,0.1825458834954791,1.91335129737854
1774411339.468848,job_done,cagrad:coord:train.grad_clip,284,310,0,91.61290322580645,0.1753772497177124,1.9156591892242432
1774411339.4718297,job_done,cagrad:coord:train.grad_clip,285,310,0,91.93548387096774,0.1683508931544789,1.9192001819610596
1774411339.475011,job_done,cagrad:coord:train.grad_clip,286,310,0,92.25806451612904,0.16127280255297682,1.9218342304229736
1774411339.4778776,job_done,cagrad:coord:train.grad_clip,287,310,0,92.58064516129032,0.15428139606834704,1.9251635074615479
1774411339.480817,job_done,cagrad:coord:train.grad_clip,288,310,0,92.90322580645162,0.14726713962025112,1.9278607368469238
1774411339.4835413,job_done,cagrad:coord:train.grad_clip,289,310,0,93.2258064516129,0.14031439339000873,1.9309933185577393
1774411339.4862075,job_done,cagrad:coord:train.grad_clip,290,310,0,93.54838709677419,0.13334604789470805,1.9335176944732666
1774411339.4894917,job_done,cagrad:coord:train.grad_clip,291,310,0,93.87096774193549,0.12643072367533786,1.9363863468170166
1774411339.4926562,job_done,cagrad:coord:train.grad_clip,292,310,0,94.19354838709677,0.11955682872092886,1.9394774436950684
1774411339.4956417,job_done,cagrad:coord:train.grad_clip,293,310,0,94.51612903225806,0.1127318701239576,1.9429669380187988
1774411339.4981031,job_done,cagrad:coord:train.grad_clip,294,310,0,94.83870967741936,0.10588440927518468,1.9456260204315186
1774411339.50118,job_done,cagrad:coord:train.grad_clip,295,310,0,95.16129032258064,0.09906091932523048,1.9481980800628662
1774411339.5036864,job_done,cagrad:coord:train.grad_clip,296,310,0,95.48387096774194,0.09228420901942898,1.9511518478393555
1774411339.5069027,job_done,cagrad:coord:train.grad_clip,297,310,0,95.80645161290323,0.08552184650793622,1.9538452625274658
1774411339.5100675,job_done,cagrad:coord:train.grad_clip,298,310,0,96.12903225806451,0.07880059824693922,1.9568815231323242
1774411339.5125613,job_done,cagrad:coord:train.grad_clip,299,310,0,96.45161290322581,0.07211522593546073,1.9602229595184326
1774411339.515049,job_done,cagrad:coord:train.grad_clip,300,310,0,96.7741935483871,0.06541826725006104,1.962548017501831
1774411339.5184565,job_done,cagrad:coord:train.grad_clip,301,310,0,97.09677419354838,0.05875888377725088,1.965158224105835
1774411339.5213358,job_done,cagrad:coord:train.grad_clip,302,310,0,97.41935483870968,0.05214389902076974,1.9684321880340576
1774411339.5247865,job_done,cagrad:coord:train.grad_clip,303,310,0,97.74193548387096,0.04554633496224683,1.9715056419372559
1774411339.5281196,job_done,cagrad:coord:train.grad_clip,304,310,0,98.06451612903226,0.03897656735621,1.9748127460479736
1774411339.5314276,job_done,cagrad:coord:train.grad_clip,305,310,0,98.38709677419355,0.03243075042474465,1.9782757759094238
1774411339.535396,job_done,cagrad:coord:train.grad_clip,306,310,0,98.70967741935483,0.025900999704996746,1.981426477432251
1774411339.5391636,job_done,cagrad:coord:train.grad_clip,307,310,0,99.03225806451613,0.01940280296126872,1.985553503036499
1774411339.542828,job_done,cagrad:coord:train.grad_clip,308,310,0,99.35483870967742,0.012916537074299602,1.9891467094421387
1774411339.5456347,job_done,cagrad:coord:train.grad_clip,309,310,0,99.6774193548387,0.006449329814478803,1.9928429126739502
1774411339.5487394,job_done,cagrad:coord:train.grad_clip,310,310,0,100.0,,1.9956245422363281
1774411339.5518663,group_end,cagrad:coord:train.grad_clip,310,310,0,100.0,,1.9988396167755127
1774411339.5547705,phase_end,,310,310,0,100.0,,2.0018162727355957
1774411339.557582,lock_released,,310,310,0,100.0,,2.0047688484191895
1774411339.5604143,lock_wait,,310,310,0,100.0,,2.0088510513305664
1774411339.5633526,lock_acquired,,310,310,0,100.0,,2.0103795528411865
1774411339.5662594,plan_add,,310,342,0,90.64327485380117,0.2078249039188508,2.013303756713867
1774411339.5691214,phase_start,cagrad:coord:method.baseline_cagrad.c,310,342,0,90.64327485380117,0.2081264126685358,2.0162246227264404
1774411339.6489813,group_slots,cagrad:coord:method.baseline_cagrad.c,310,342,0,90.64327485380117,0.21662868376701108,2.09859037399292
1774411339.6532745,group_start,cagrad:coord:method.baseline_cagrad.c,310,342,0,90.64327485380117,0.21666493569650958,2.0989415645599365
1774411339.6566954,job_done,cagrad:coord:method.baseline_cagrad.c,311,342,0,90.93567251461988,0.20979427831349265,2.104710340499878
1774411339.6597888,job_done,cagrad:coord:method.baseline_cagrad.c,312,342,0,91.2280701754386,0.20257319395358744,2.1067612171173096
1774411339.6627755,job_done,cagrad:coord:method.baseline_cagrad.c,313,342,0,91.52046783625731,0.19547502986920146,2.1097822189331055
1774411339.6658244,job_done,cagrad:coord:method.baseline_cagrad.c,314,342,0,91.81286549707602,0.1883981789752936,2.112751007080078
1774411339.6687613,job_done,cagrad:coord:method.baseline_cagrad.c,315,342,0,92.10526315789474,0.18136592592511858,2.115935802459717
1774411339.67271,job_done,cagrad:coord:method.baseline_cagrad.c,316,342,0,92.39766081871345,0.1743355627301373,2.118847608566284
1774411339.6757402,job_done,cagrad:coord:method.baseline_cagrad.c,317,342,0,92.69005847953217,0.1674050788398045,2.1226963996887207
1774411339.6790147,job_done,cagrad:coord:method.baseline_cagrad.c,318,342,0,92.98245614035088,0.16043153798805093,2.125717878341675
1774411339.6826258,job_done,cagrad:coord:method.baseline_cagrad.c,319,342,0,93.27485380116958,0.15351241060932602,2.129150390625
1774411339.6860588,job_done,cagrad:coord:method.baseline_cagrad.c,320,342,0,93.5672514619883,0.1466246634721756,2.1327223777770996
1774411339.6905673,job_done,cagrad:coord:method.baseline_cagrad.c,321,342,0,93.85964912280701,0.13974091717015918,2.1360397338867188
1774411339.6953244,job_done,cagrad:coord:method.baseline_cagrad.c,322,342,0,94.15204678362574,0.1329528767129649,2.1405413150787354
1774411339.6992505,job_done,cagrad:coord:method.baseline_cagrad.c,323,342,0,94.44444444444444,0.12620171378640568,2.1454291343688965
1774411339.7033966,job_done,cagrad:coord:method.baseline_cagrad.c,324,342,0,94.73684210526316,0.11940503120422363,2.1492905616760254
1774411339.7074642,job_done,cagrad:coord:method.baseline_cagrad.c,325,342,0,95.02923976608187,0.11263782281142014,2.1533701419830322
1774411339.7108724,job_done,cagrad:coord:method.baseline_cagrad.c,326,342,0,95.32163742690058,0.10588638914143382,2.157435178756714
1774411339.714539,job_done,cagrad:coord:method.baseline_cagrad.c,327,342,0,95.6140350877193,0.0991485315725344,2.16143798828125
1774411339.718455,job_done,cagrad:coord:method.baseline_cagrad.c,328,342,0,95.90643274853801,0.09239070589949445,2.1645822525024414
1774411339.7219882,job_done,cagrad:coord:method.baseline_cagrad.c,329,342,0,96.19883040935673,0.08568266677276704,2.1684305667877197
1774411339.725645,job_done,cagrad:coord:method.baseline_cagrad.c,330,342,0,96.49122807017544,0.07898173765702682,2.1719977855682373
1774411339.7292652,job_done,cagrad:coord:method.baseline_cagrad.c,331,342,0,96.78362573099415,0.07230646228502163,2.175767183303833
1774411339.7334325,job_done,cagrad:coord:method.baseline_cagrad.c,332,342,0,97.07602339181287,0.06564180535006235,2.1793079376220703
1774411339.737328,job_done,cagrad:coord:method.baseline_cagrad.c,333,342,0,97.36842105263158,0.05901097606968236,2.183406114578247
1774411339.7407396,job_done,cagrad:coord:method.baseline_cagrad.c,334,342,0,97.6608187134503,0.05239048118362884,2.187302589416504
1774411339.743693,job_done,cagrad:coord:method.baseline_cagrad.c,335,342,0,97.953216374269,0.04577887592030995,2.1908462047576904
1774411339.7473223,job_done,cagrad:coord:method.baseline_cagrad.c,336,342,0,98.24561403508773,0.03917392662593297,2.193739891052246
1774411339.750983,job_done,cagrad:coord:method.baseline_cagrad.c,337,342,0,98.53801169590643,0.03260083651330421,2.197296380996704
1774411339.7542088,job_done,cagrad:coord:method.baseline_cagrad.c,338,342,0,98.83040935672514,0.02604684039685853,2.200958013534546
1774411339.7577085,job_done,cagrad:coord:method.baseline_cagrad.c,339,342,0,99.12280701754386,0.019507595923094624,2.2043583393096924
1774411339.7607024,job_done,cagrad:coord:method.baseline_cagrad.c,340,342,0,99.41520467836257,0.012986470671261059,2.20770001411438
1774411339.7637887,job_done,cagrad:coord:method.baseline_cagrad.c,341,342,0,99.70760233918129,0.006482922086967401,2.210676431655884
1774411339.7671094,job_done,cagrad:coord:method.baseline_cagrad.c,342,342,0,100.0,,2.2137701511383057
1774411339.7707763,group_end,cagrad:coord:method.baseline_cagrad.c,342,342,0,100.0,,2.2176170349121094
1774411339.7742856,phase_end,,342,342,0,100.0,,2.22072172164917
1774411339.7780762,lock_released,,342,342,0,100.0,,2.2242751121520996
1774411339.7825716,lock_wait,,342,342,0,100.0,,2.229351282119751
1774411339.7864523,lock_acquired,,342,342,0,100.0,,2.2325384616851807
1774411339.7900865,plan_add,,342,374,0,91.44385026737967,0.2092547723424365,2.23641037940979
1774411339.7934895,phase_start,cagrad:coord:method.baseline_cagrad.inner_lr,342,374,0,91.44385026737967,0.2095960873609398,2.240058183670044
1774411339.8142712,group_slots,cagrad:coord:method.baseline_cagrad.inner_lr,342,374,0,91.44385026737967,0.21182460673371253,2.2638754844665527
1774411339.8178496,group_start,cagrad:coord:method.baseline_cagrad.inner_lr,342,374,0,91.44385026737967,0.21185724358809624,2.2642242908477783
1774411774.4551272,phase_end,,342,374,0,91.44385026737967,40.87997012668186,436.90468072891235
1774411774.459619,lock_released,,342,374,0,91.44385026737967,40.88001168680469,436.9051249027252
1774411774.463523,pipeline_failed,,342,374,0,91.44385026737967,40.880433333547494,436.9096312522888
1774411774.4675274,lock_released,,342,374,0,91.44385026737967,40.88079811676204,436.9135298728943
1774412115.3332965,init,,0,0,0,0.0,,1.3828277587890625e-05
1774412115.337856,pipeline_start,,0,0,0,0.0,,0.0005624294281005859
1774412115.3421957,lock_wait,,0,0,0,0.0,,0.004975557327270508
1774412115.3462784,lock_acquired,,0,0,0,0.0,,0.009287595748901367
1774412115.3497987,method_start,,0,0,0,0.0,,0.01335763931274414
1774412115.3537545,lock_wait,,0,0,0,0.0,,0.016926050186157227
1774412115.357939,lock_acquired,,0,0,0,0.0,,0.020860671997070312
1774412115.3623667,lock_released,,0,0,0,0.0,,0.0250704288482666
1774412115.3673513,lock_wait,,0,0,0,0.0,,0.030686140060424805
1774412115.3715227,lock_acquired,,0,0,0,0.0,,0.03447222709655762
1774412115.375538,plan_add,,0,54,0,0.0,,0.038625478744506836
1774412115.3793845,phase_start,baseline:coord:train.lr,0,54,0,0.0,,0.04268312454223633
1774412115.4101079,group_slots,baseline:coord:train.lr,0,54,0,0.0,,0.07674074172973633
1774412115.41392,group_start,baseline:coord:train.lr,0,54,0,0.0,,0.07719898223876953
1774412115.4181087,job_done,baseline:coord:train.lr,1,54,0,1.8518518518518519,4.409093379974365,0.0831904411315918
1774412115.420567,job_done,baseline:coord:train.lr,2,54,0,3.7037037037037037,2.2199811935424805,0.08538389205932617
1774412115.423386,job_done,baseline:coord:train.lr,3,54,0,5.555555555555555,1.4911656379699707,0.08771562576293945
1774412115.426024,job_done,baseline:coord:train.lr,4,54,0,7.407407407407407,1.1319130659103394,0.09055304527282715
1774412115.429014,job_done,baseline:coord:train.lr,5,54,0,9.25925925925926,0.9147615909576416,0.09334301948547363
1774412115.4318326,job_done,baseline:coord:train.lr,6,54,0,11.11111111111111,0.7703418731689453,0.09629273414611816
1774412115.4356103,job_done,baseline:coord:train.lr,7,54,0,12.962962962962964,0.6649574552263532,0.09903621673583984
1774412115.4386647,job_done,baseline:coord:train.lr,8,54,0,14.814814814814815,0.5908567309379578,0.10275769233703613
1774412115.4413702,job_done,baseline:coord:train.lr,9,54,0,16.666666666666668,0.5314326286315918,0.10628652572631836
1774412115.4439065,job_done,baseline:coord:train.lr,10,54,0,18.51851851851852,0.47814483642578126,0.10866928100585938
1774412115.4471834,job_done,baseline:coord:train.lr,11,54,0,20.37037037037037,0.4340836134823886,0.11104464530944824
1774412115.4501197,job_done,baseline:coord:train.lr,12,54,0,22.22222222222222,0.4001426696777344,0.11432647705078125
1774412115.4533844,job_done,baseline:coord:train.lr,13,54,0,24.074074074074073,0.37033952199495757,0.11742472648620605
1774412115.4562185,job_done,baseline:coord:train.lr,14,54,0,25.925925925925927,0.34483977726527626,0.12069392204284668
1774412115.4593987,job_done,baseline:coord:train.lr,15,54,0,27.77777777777778,0.32076120376586914,0.12336969375610352
1774412115.4629352,job_done,baseline:coord:train.lr,16,54,0,29.62962962962963,0.30054765939712524,0.12654638290405273
1774412115.4662774,job_done,baseline:coord:train.lr,17,54,0,31.48148148148148,0.28347382825963635,0.13024473190307617
1774412115.4697456,job_done,baseline:coord:train.lr,18,54,0,33.333333333333336,0.2671980857849121,0.13359904289245605
1774412115.472144,job_done,baseline:coord:train.lr,19,54,0,35.18518518518518,0.25215864181518555,0.1368861198425293
1774412115.4750571,job_done,baseline:coord:train.lr,20,54,0,37.03703703703704,0.2367927551269531,0.13928985595703125
1774412115.4778495,job_done,baseline:coord:train.lr,21,54,0,38.888888888888886,0.2244694573538644,0.14284420013427734
1774412115.4799595,job_done,baseline:coord:train.lr,22,54,0,40.74074074074074,0.21108141812411224,0.14511847496032715
1774412115.4825933,job_done,baseline:coord:train.lr,23,54,0,42.592592592592595,0.19830052748970364,0.1471261978149414
1774412115.4851878,job_done,baseline:coord:train.lr,24,54,0,44.44444444444444,0.18713444471359253,0.14970755577087402
1774412115.4875898,job_done,baseline:coord:train.lr,25,54,0,46.2962962962963,0.17692534446716307,0.15252184867858887
1774412115.4901645,job_done,baseline:coord:train.lr,26,54,0,48.148148148148145,0.16667707149799055,0.1547715663909912
1774412115.492535,job_done,baseline:coord:train.lr,27,54,0,50.0,0.1572723388671875,0.1572723388671875
1774412115.494684,job_done,baseline:coord:train.lr,28,54,0,51.851851851851855,0.1482562507901873,0.15966057777404785
1774412115.497452,job_done,baseline:coord:train.lr,29,54,0,53.7037037037037,0.13962696338522024,0.16196727752685547
1774412115.5006223,job_done,baseline:coord:train.lr,30,54,0,55.55555555555556,0.1317340850830078,0.16466760635375977
1774412115.5034578,job_done,baseline:coord:train.lr,31,54,0,57.407407407407405,0.12445958968131773,0.16774988174438477
1774412115.5061526,job_done,baseline:coord:train.lr,32,54,0,59.25925925925926,0.11728958785533905,0.17060303688049316
1774412115.508438,job_done,baseline:coord:train.lr,33,54,0,61.111111111111114,0.11041079867969861,0.17350268363952637
1774412115.5113661,job_done,baseline:coord:train.lr,34,54,0,62.96296296296296,0.10333005119772519,0.1756610870361328
1774412115.5153596,job_done,baseline:coord:train.lr,35,54,0,64.81481481481481,0.09690501349312917,0.17850923538208008
1774412115.5186226,job_done,baseline:coord:train.lr,36,54,0,66.66666666666667,0.09124493598937988,0.18248987197875977
1774412115.5230665,job_done,baseline:coord:train.lr,37,54,0,68.51851851851852,0.08545206044171308,0.18598389625549316
1774412115.5263042,job_done,baseline:coord:train.lr,38,54,0,70.37037037037037,0.0802656474866365,0.19063091278076172
1774412115.529386,job_done,baseline:coord:train.lr,39,54,0,72.22222222222223,0.07440777925344613,0.19346022605895996
1774412115.5331724,job_done,baseline:coord:train.lr,40,54,0,74.07407407407408,0.06879404783248902,0.19655442237854004
1774412115.5354946,job_done,baseline:coord:train.lr,41,54,0,75.92592592592592,0.06359555081623357,0.20057058334350586
1774412115.5380754,job_done,baseline:coord:train.lr,42,54,0,77.77777777777777,0.05800267628261021,0.20300936698913574
1774412115.5404127,job_done,baseline:coord:train.lr,43,54,0,79.62962962962963,0.05249831842821698,0.20522069931030273
1774412115.5451472,job_done,baseline:coord:train.lr,44,54,0,81.48148148148148,0.04717583006078547,0.20757365226745605
1774412115.549179,job_done,baseline:coord:train.lr,45,54,0,83.33333333333333,0.04251980781555176,0.2125990390777588
1774412115.5525155,job_done,baseline:coord:train.lr,46,54,0,85.18518518518519,0.03769273343293563,0.21673321723937988
1774412115.5553787,job_done,baseline:coord:train.lr,47,54,0,87.03703703703704,0.032714650986042426,0.21965551376342773
1774412115.5583766,job_done,baseline:coord:train.lr,48,54,0,88.88888888888889,0.02781611680984497,0.22252893447875977
1774412115.5617802,job_done,baseline:coord:train.lr,49,54,0,90.74074074074075,0.02304118506762446,0.22580361366271973
1774412115.5643466,job_done,baseline:coord:train.lr,50,54,0,92.5925925925926,0.018343563079833987,0.2292945384979248
1774412115.5676084,job_done,baseline:coord:train.lr,51,54,0,94.44444444444444,0.013616155175601734,0.2314746379852295
1774412115.5702894,job_done,baseline:coord:train.lr,52,54,0,96.29629629629629,0.009028260524456318,0.23473477363586426
1774412115.5736766,job_done,baseline:coord:train.lr,53,54,0,98.14814814814815,0.00448346587846864,0.2376236915588379
1774412115.576317,job_done,baseline:coord:train.lr,54,54,0,100.0,,0.24083852767944336
1774412115.579689,group_end,baseline:coord:train.lr,54,54,0,100.0,,0.24368882179260254
1774412115.582915,phase_end,,54,54,0,100.0,,0.2467505931854248
1774412115.5859697,lock_released,,54,54,0,100.0,,0.25006651878356934
1774412115.5891228,lock_wait,,54,54,0,100.0,,0.2551310062408447
1774412115.592943,lock_acquired,,54,54,0,100.0,,0.25621509552001953
1774412115.5965683,plan_add,,54,108,0,50.0,0.26003456115722656,0.26003456115722656
1774412115.6002178,phase_start,baseline:coord:train.weight_decay,54,108,0,50.0,0.26369643211364746,0.26369643211364746
1774412115.6295252,group_slots,baseline:coord:train.weight_decay,54,108,0,50.0,0.2961862087249756,0.2961862087249756
1774412115.6334789,group_start,baseline:coord:train.weight_decay,54,108,0,50.0,0.29660463333129883,0.29660463333129883
1774412115.6381438,job_done,baseline:coord:train.weight_decay,55,108,0,50.925925925925924,0.29234020059758964,0.3033719062805176
1774412115.6435215,job_done,baseline:coord:train.weight_decay,56,108,0,51.851851851851855,0.28434830052512033,0.30622124671936035
1774412115.6473927,job_done,baseline:coord:train.weight_decay,57,108,0,52.77777777777778,0.277965457815873,0.3106672763824463
1774412115.6504905,job_done,baseline:coord:train.weight_decay,58,108,0,53.7037037037037,0.27117256460518674,0.3145601749420166
1774412115.653604,job_done,baseline:coord:train.weight_decay,59,108,0,54.629629629629626,0.263980974585323,0.317854642868042
1774412115.657333,job_done,baseline:coord:train.weight_decay,60,108,0,55.55555555555556,0.25670013427734373,0.3208751678466797
1774412115.6612062,job_done,baseline:coord:train.weight_decay,61,108,0,56.48148148148148,0.250003529376671,0.32447266578674316
1774412115.6644547,job_done,baseline:coord:train.weight_decay,62,108,0,57.407407407407405,0.2436158041800222,0.3283517360687256
1774412115.667905,job_done,baseline:coord:train.weight_decay,63,108,0,58.333333333333336,0.2372029849461147,0.33208417892456055
1774412115.671933,job_done,baseline:coord:train.weight_decay,64,108,0,59.25925925925926,0.23056626319885254,0.3353691101074219
1774412115.6755102,job_done,baseline:coord:train.weight_decay,65,108,0,60.18518518518518,0.22433660580561712,0.3391134738922119
1774412115.6787546,job_done,baseline:coord:train.weight_decay,66,108,0,61.111111111111114,0.21810184825550427,0.3427314758300781
1774412115.6816072,job_done,baseline:coord:train.weight_decay,67,108,0,62.03703703703704,0.21185737225546764,0.3462059497833252
1774412115.6847913,job_done,baseline:coord:train.weight_decay,68,108,0,62.96296296296296,0.20532692179960363,0.34905576705932617
1774412115.688417,job_done,baseline:coord:train.weight_decay,69,108,0,63.888888888888886,0.19893819352854852,0.35196757316589355
1774412115.6927118,job_done,baseline:coord:train.weight_decay,70,108,0,64.81481481481481,0.19304899488176616,0.35561656951904297
1774412115.6957006,job_done,baseline:coord:train.weight_decay,71,108,0,65.74074074074075,0.18781717058638453,0.36040592193603516
1774412115.6988606,job_done,baseline:coord:train.weight_decay,72,108,0,66.66666666666667,0.1815265417098999,0.3630530834197998
1774412115.7018478,job_done,baseline:coord:train.weight_decay,73,108,0,67.5925925925926,0.17548925256075926,0.36602044105529785
1774412115.704568,job_done,baseline:coord:train.weight_decay,74,108,0,68.51851851851852,0.17010960063418826,0.3702385425567627
1774412115.7072527,job_done,baseline:coord:train.weight_decay,75,108,0,69.44444444444444,0.16370107650756835,0.37204790115356445
1774412115.7104921,job_done,baseline:coord:train.weight_decay,76,108,0,70.37037037037037,0.1577604193436472,0.3746809959411621
1774412115.7132077,job_done,baseline:coord:train.weight_decay,77,108,0,71.29629629629629,0.15203237533569336,0.37762880325317383
1774412115.7163694,job_done,baseline:coord:train.weight_decay,78,108,0,72.22222222222223,0.14628511208754322,0.3803412914276123
1774412115.7198539,job_done,baseline:coord:train.weight_decay,79,108,0,73.14814814814815,0.14089071901538705,0.3838057518005371
1774412115.722921,job_done,baseline:coord:train.weight_decay,80,108,0,74.07407407407408,0.13553322553634642,0.3872377872467041
1774412115.726387,job_done,baseline:coord:train.weight_decay,81,108,0,75.0,0.13002586364746094,0.3900775909423828
1774412115.7302053,job_done,baseline:coord:train.weight_decay,82,108,0,75.92592592592592,0.1247764098935011,0.3935256004333496
1774412115.7336285,job_done,baseline:coord:train.weight_decay,83,108,0,76.85185185185185,0.11978472571775138,0.39768528938293457
1774412115.7372012,job_done,baseline:coord:train.weight_decay,84,108,0,77.77777777777777,0.11453880582536971,0.40088582038879395
1774412115.7405932,job_done,baseline:coord:train.weight_decay,85,108,0,78.70370370370371,0.10940688077141257,0.404329776763916
1774412115.7434766,job_done,baseline:coord:train.weight_decay,86,108,0,79.62962962962963,0.104313661885816,0.40777158737182617
1774412115.7464175,job_done,baseline:coord:train.weight_decay,87,108,0,80.55555555555556,0.09918393759891904,0.4109048843383789
1774412115.7505388,job_done,baseline:coord:train.weight_decay,88,108,0,81.48148148148148,0.09403142062100497,0.4137382507324219
1774412115.7543135,job_done,baseline:coord:train.weight_decay,89,108,0,82.4074074074074,0.08916510089059894,0.41766810417175293
1774412115.7576714,job_done,baseline:coord:train.weight_decay,90,108,0,83.33333333333333,0.08430733680725097,0.4215366840362549
1774412115.7608697,job_done,baseline:coord:train.weight_decay,91,108,0,84.25925925925925,0.07940419165642708,0.4250459671020508
1774412115.7645934,job_done,baseline:coord:train.weight_decay,92,108,0,85.18518518518519,0.07445364413054092,0.42810845375061035
1774412115.7683177,job_done,baseline:coord:train.weight_decay,93,108,0,86.11111111111111,0.06963487594358383,0.4317362308502197
1774412115.7712297,job_done,baseline:coord:train.weight_decay,94,108,0,87.03703703703704,0.06486744069038552,0.43553853034973145
1774412115.8354113,job_done,baseline:coord:train.weight_decay,95,108,0,87.96296296296296,0.0686117498498214,0.5013935565948486
1774412115.8395586,job_done,baseline:coord:train.weight_decay,96,108,0,88.88888888888889,0.06285670399665833,0.5028536319732666
1774412115.8427303,job_done,baseline:coord:train.weight_decay,97,108,0,89.81481481481481,0.057494625602800824,0.5069980621337891
1774412115.8454113,job_done,baseline:coord:train.weight_decay,98,108,0,90.74074074074075,0.05203385742343202,0.5099318027496338
1774412115.8488324,job_done,baseline:coord:train.weight_decay,99,108,0,91.66666666666667,0.04660027677362615,0.5126030445098877
1774412115.8524413,job_done,baseline:coord:train.weight_decay,100,108,0,92.5925925925926,0.04130207061767578,0.5162758827209473
1774412115.8562074,job_done,baseline:coord:train.weight_decay,101,108,0,93.51851851851852,0.036032034619019764,0.5198907852172852
1774412115.8604765,job_done,baseline:coord:train.weight_decay,102,108,0,94.44444444444444,0.030786808799294865,0.5233757495880127
1774412115.864761,job_done,baseline:coord:train.weight_decay,103,108,0,95.37037037037037,0.025611629763853203,0.527599573135376
1774412115.8685734,job_done,baseline:coord:train.weight_decay,104,108,0,96.29629629629629,0.0204697847366333,0.5322144031524658
1774412115.8727562,job_done,baseline:coord:train.weight_decay,105,108,0,97.22222222222223,0.015309681211199078,0.5358388423919678
1774412115.8761392,job_done,baseline:coord:train.weight_decay,106,108,0,98.14814814814815,0.010186312333592828,0.5398745536804199
1774412115.8803728,job_done,baseline:coord:train.weight_decay,107,108,0,99.07407407407408,0.005077774279585509,0.5433218479156494
1774412115.8843727,job_done,baseline:coord:train.weight_decay,108,108,0,100.0,,0.5475928783416748
1774412115.887842,group_end,baseline:coord:train.weight_decay,108,108,0,100.0,,0.5519101619720459
1774412115.8922718,phase_end,,108,108,0,100.0,,0.554898738861084
1774412115.8960435,lock_released,,108,108,0,100.0,,0.5593838691711426
1774412115.8999584,lock_wait,,108,108,0,100.0,,0.5651659965515137
1774412115.9045331,lock_acquired,,108,108,0,100.0,,0.5670409202575684
1774412115.908553,plan_add,,108,160,0,67.5,0.2752248975965712,0.5716209411621094
1774412115.9124284,phase_start,baseline:coord:train.grad_clip,108,160,0,67.5,0.277158949110243,0.5756378173828125
1774412115.9445386,group_slots,baseline:coord:train.grad_clip,108,160,0,67.5,0.2941960052207664,0.6110224723815918
1774412115.9486716,group_start,baseline:coord:train.grad_clip,108,160,0,67.5,0.2944820721944173,0.6116166114807129
1774412115.952425,job_done,baseline:coord:train.grad_clip,109,160,0,68.125,0.28892729260505884,0.6175112724304199
1774412115.9557588,job_done,baseline:coord:train.grad_clip,110,160,0,68.75,0.2816974033008922,0.6197342872619629
1774412115.9597466,job_done,baseline:coord:train.grad_clip,111,160,0,69.375,0.2749624059006974,0.6228740215301514
1774412115.9635553,job_done,baseline:coord:train.grad_clip,112,160,0,70.0,0.2691663673945836,0.6280548572540283
1774412115.9672017,job_done,baseline:coord:train.grad_clip,113,160,0,70.625,0.2623142985116064,0.6306705474853516
1774412115.970787,job_done,baseline:coord:train.grad_clip,114,160,0,71.25,0.2560422964263381,0.6345396041870117
1774412115.9739766,job_done,baseline:coord:train.grad_clip,115,160,0,71.875,0.2496119685794996,0.637897253036499
1774412115.9771798,job_done,baseline:coord:train.grad_clip,116,160,0,72.5,0.243233532741152,0.6412520408630371
1774412115.980116,job_done,baseline:coord:train.grad_clip,117,160,0,73.125,0.23682397858709353,0.6443815231323242
1774412115.9833603,job_done,baseline:coord:train.grad_clip,118,160,0,73.75,0.23053145812729658,0.6476836204528809
1774412115.9861448,job_done,baseline:coord:train.grad_clip,119,160,0,74.375,0.22412638704315954,0.6505131721496582
1774412115.9893847,job_done,baseline:coord:train.grad_clip,120,160,0,75.0,0.21783367792765299,0.653501033782959
1774412115.99262,job_done,baseline:coord:train.grad_clip,121,160,0,75.625,0.21161910916162918,0.6565618515014648
1774412115.995925,job_done,baseline:coord:train.grad_clip,122,160,0,76.25,0.20583334125456262,0.6608333587646484
1774412116.0000522,job_done,baseline:coord:train.grad_clip,123,160,0,76.875,0.19944486579274745,0.6630194187164307
1774412116.0033271,job_done,baseline:coord:train.grad_clip,124,160,0,77.5,0.19373059272766113,0.6672942638397217
1774412116.006568,job_done,baseline:coord:train.grad_clip,125,160,0,78.125,0.1877259922027588,0.67044997215271
1774412116.009899,job_done,baseline:coord:train.grad_clip,126,160,0,78.75,0.18185108427017455,0.6739187240600586
1774412116.0130935,job_done,baseline:coord:train.grad_clip,127,160,0,79.375,0.17592746066296194,0.6770541667938232
1774412116.0158174,job_done,baseline:coord:train.grad_clip,128,160,0,80.0,0.17035293579101562,0.6814117431640625
1774412116.018761,job_done,baseline:coord:train.grad_clip,129,160,0,80.625,0.16412584541379943,0.6829752922058105
1774412116.021846,job_done,baseline:coord:train.grad_clip,130,160,0,81.25,0.15832895499009353,0.6860921382904053
1774412116.0247886,job_done,baseline:coord:train.grad_clip,131,160,0,81.875,0.15253534935812912,0.6890389919281006
1774412116.0277843,job_done,baseline:coord:train.grad_clip,132,160,0,82.5,0.14681127577116995,0.6921103000640869
1774412116.0316453,job_done,baseline:coord:train.grad_clip,133,160,0,83.125,0.14107907983593476,0.6949450969696045
1774412116.0346205,job_done,baseline:coord:train.grad_clip,134,160,0,83.75,0.13564062830227525,0.699070930480957
1774412116.0441737,job_done,baseline:coord:train.grad_clip,135,160,0,84.375,0.12995609530696164,0.7017629146575928
1774412116.0479462,job_done,baseline:coord:train.grad_clip,136,160,0,85.0,0.12566496344173655,0.7121014595031738
1774412116.0529082,job_done,baseline:coord:train.grad_clip,137,160,0,85.625,0.12080487021564566,0.7195768356323242
1774412116.0592968,job_done,baseline:coord:train.grad_clip,138,160,0,86.25,0.11482845182004182,0.720287561416626
1774412116.0630069,job_done,baseline:coord:train.grad_clip,139,160,0,86.875,0.10976443702368428,0.7265360355377197
1774412116.065653,job_done,baseline:coord:train.grad_clip,140,160,0,87.5,0.10434344836643764,0.7304041385650635
1774412116.0690255,job_done,baseline:coord:train.grad_clip,141,160,0,88.125,0.09874716041781378,0.7328078746795654
1774412116.0722585,job_done,baseline:coord:train.grad_clip,142,160,0,88.75,0.09335704252753459,0.7364833354949951
1774412116.0790327,job_done,baseline:coord:train.grad_clip,143,160,0,89.375,0.08790661238290214,0.7394497394561768
1774412116.0872443,job_done,baseline:coord:train.grad_clip,144,160,0,90.0,0.08292179637485081,0.7462961673736572
1774412116.0909696,job_done,baseline:coord:train.grad_clip,145,160,0,90.625,0.07803824852252829,0.7543697357177734
1774412116.0945818,job_done,baseline:coord:train.grad_clip,146,160,0,91.25,0.07270609189386237,0.7582206726074219
1774412116.1013854,job_done,baseline:coord:train.grad_clip,147,160,0,91.875,0.06736170191343138,0.7617053985595703
1774412116.1027336,job_done,baseline:coord:train.grad_clip,148,160,0,92.5,0.06233063259640255,0.7687444686889648
1774412116.1091223,job_done,baseline:coord:train.grad_clip,149,160,0,93.125,0.056875928136326324,0.7704102993011475
1774412116.1105647,job_done,baseline:coord:train.grad_clip,150,160,0,93.75,0.05176779429117838,0.7765169143676758
1774412116.1169784,job_done,baseline:coord:train.grad_clip,151,160,0,94.375,0.04638318826031212,0.7782068252563477
1774412116.1205618,job_done,baseline:coord:train.grad_clip,152,160,0,95.0,0.04127847520928634,0.7842910289764404
1774412116.1278188,job_done,baseline:coord:train.grad_clip,153,160,0,95.625,0.03603742481057161,0.787675142288208
1774412116.1291683,job_done,baseline:coord:train.grad_clip,154,160,0,96.25,0.03098341087242226,0.7952408790588379
1774412116.135775,job_done,baseline:coord:train.grad_clip,155,160,0,96.875,0.025692462921142578,0.7964663505554199
1774412116.1371796,job_done,baseline:coord:train.grad_clip,156,160,0,97.5,0.020594278971354168,0.8031768798828125
1774412116.1395845,job_done,baseline:coord:train.grad_clip,157,160,0,98.125,0.01536873647361804,0.8042972087860107
1774412116.142845,job_done,baseline:coord:train.grad_clip,158,160,0,98.75,0.010212388219712655,0.8067786693572998
1774412116.1458943,job_done,baseline:coord:train.grad_clip,159,160,0,99.375,0.005093998879006824,0.809945821762085
1774412116.1489353,job_done,baseline:coord:train.grad_clip,160,160,0,100.0,,0.8130474090576172
1774412116.1517508,group_end,baseline:coord:train.grad_clip,160,160,0,100.0,,0.8162901401519775
1774412116.1550193,phase_end,,160,160,0,100.0,,0.8188273906707764
1774412116.1580706,lock_released,,160,160,0,100.0,,0.8221466541290283
1774412116.1609821,lock_wait,,160,160,0,100.0,,0.8277392387390137
1774412116.1647587,lock_acquired,,160,160,0,100.0,,0.8280849456787109
1774412116.1683877,plan_add,,160,214,0,74.76635514018692,0.28074593245983126,0.8318397998809814
1774412116.1714962,phase_start,baseline:local_var_topk,160,214,0,74.76635514018692,0.2819781929254532,0.8354909420013428
1774412116.2009938,group_slots,baseline:local_var_topk,160,214,0,74.76635514018692,0.2928375989198685,0.8676669597625732
1774412116.2049925,group_start,baseline:local_var_topk,160,214,0,74.76635514018692,0.2929730236530304,0.8680682182312012
1774412116.210503,job_done,baseline:local_var_topk,161,214,0,75.23364485981308,0.2883694290374377,0.8759901523590088
1774412116.2131968,job_done,baseline:local_var_topk,162,214,0,75.70093457943925,0.2817295922173394,0.8776960372924805
1774412116.217247,job_done,baseline:local_var_topk,163,214,0,76.16822429906541,0.2754392097332726,0.8803253173828125
1774412116.2205005,job_done,baseline:local_var_topk,164,214,0,76.6355140186916,0.26962400936498876,0.8843667507171631
1774412116.2245686,job_done,baseline:local_var_topk,165,214,0,77.10280373831776,0.26364629196398187,0.8877885341644287
1774412116.2289343,job_done,baseline:local_var_topk,166,214,0,77.57009345794393,0.25788164713296546,0.8918406963348389
1774412116.2330465,job_done,baseline:local_var_topk,167,214,0,78.03738317757009,0.25218501776278374,0.8960616588592529
1774412116.236582,job_done,baseline:local_var_topk,168,214,0,78.50467289719626,0.24647455556052073,0.9001679420471191
1774412116.2401574,job_done,baseline:local_var_topk,169,214,0,78.97196261682242,0.24070277016543778,0.9039726257324219
1774412116.243405,job_done,baseline:local_var_topk,170,214,0,79.4392523364486,0.2348604538861443,0.9074153900146484
1774412116.2464192,job_done,baseline:local_var_topk,171,214,0,79.90654205607477,0.2289664647732562,0.9105410575866699
1774412116.2496383,job_done,baseline:local_var_topk,172,214,0,80.37383177570094,0.22307002544403076,0.913524866104126
1774412116.2527277,job_done,baseline:local_var_topk,173,214,0,80.8411214953271,0.21730320164233963,0.9169135093688965
1774412116.2558277,job_done,baseline:local_var_topk,174,214,0,81.30841121495327,0.21149213286651963,0.9199907779693604
1774412116.259218,job_done,baseline:local_var_topk,175,214,0,81.77570093457943,0.20568457194737025,0.9229435920715332
1774412116.2622924,job_done,baseline:local_var_topk,176,214,0,82.24299065420561,0.2000046832994981,0.926337480545044
1774412116.2652395,job_done,baseline:local_var_topk,177,214,0,82.71028037383178,0.19433168637550485,0.9296407699584961
1774412116.2687345,job_done,baseline:local_var_topk,178,214,0,83.17757009345794,0.18858598323350542,0.932452917098999
1774412116.2724862,job_done,baseline:local_var_topk,179,214,0,83.64485981308411,0.18298564010492252,0.9358408451080322
1774412116.275567,job_done,baseline:local_var_topk,180,214,0,84.11214953271028,0.17747909757826064,0.9395952224731445
1774412116.2790163,job_done,baseline:local_var_topk,181,214,0,84.57943925233644,0.1719598796486196,0.943173885345459
1774412116.282773,job_done,baseline:local_var_topk,182,214,0,85.04672897196262,0.16637437422196943,0.9462542533874512
1774412116.2861283,job_done,baseline:local_var_topk,183,214,0,85.51401869158879,0.16091309740243714,0.9499063491821289
1774412116.2903414,job_done,baseline:local_var_topk,184,214,0,85.98130841121495,0.1554240221562593,0.9532673358917236
1774412116.293757,job_done,baseline:local_var_topk,185,214,0,86.44859813084112,0.15011768856564084,0.9576473236083984
1774412116.2970405,job_done,baseline:local_var_topk,186,214,0,86.91588785046729,0.14467050183203914,0.9610254764556885
1774412116.3008988,job_done,baseline:local_var_topk,187,214,0,87.38317757009345,0.1392101935524354,0.9641594886779785
1774412116.3042521,job_done,baseline:local_var_topk,188,214,0,87.85046728971963,0.1338744087422148,0.9680149555206299
1774412116.3067513,job_done,baseline:local_var_topk,189,214,0,88.3177570093458,0.12852133266509524,0.9716212749481201
1774412116.3099532,job_done,baseline:local_var_topk,190,214,0,88.78504672897196,0.12302672737523129,0.973961591720581
1774412116.3132117,job_done,baseline:local_var_topk,191,214,0,89.25233644859813,0.11766112911763615,0.9770989418029785
1774412116.31682,job_done,baseline:local_var_topk,192,214,0,89.7196261682243,0.11232890437046687,0.9803249835968018
1774412116.3202827,job_done,baseline:local_var_topk,193,214,0,90.18691588785046,0.10708408652191953,0.9841537475585938
1774412116.3231049,job_done,baseline:local_var_topk,194,214,0,90.65420560747664,0.10181109929822155,0.987567663192749
1774412116.326242,job_done,baseline:local_var_topk,195,214,0,91.1214953271028,0.09648174995031111,0.9902074337005615
1774412116.329753,job_done,baseline:local_var_topk,196,214,0,91.58878504672897,0.0912263077132556,0.9933531284332275
1774412116.3333027,job_done,baseline:local_var_topk,197,214,0,92.05607476635514,0.08604672354490019,0.9971296787261963
1774412116.3369598,job_done,baseline:local_var_topk,198,214,0,92.5233644859813,0.08085404983674636,1.0005688667297363
1774412116.340672,job_done,baseline:local_var_topk,199,214,0,92.99065420560747,0.07568458815914901,1.004082202911377
1774412116.3444102,job_done,baseline:local_var_topk,200,214,0,93.45794392523365,0.07054652452468872,1.0078074932098389
1774412116.3475633,job_done,baseline:local_var_topk,201,214,0,93.92523364485982,0.06543692071639483,1.0117554664611816
1774412116.350128,job_done,baseline:local_var_topk,202,214,0,94.39252336448598,0.06028617254578241,1.014817237854004
1774412116.3527114,job_done,baseline:local_var_topk,203,214,0,94.85981308411215,0.05512210535885666,1.0172533988952637
1774412116.3554924,job_done,baseline:local_var_topk,204,214,0,95.32710280373831,0.04999294000513413,1.0198559761047363
1774412116.3579516,job_done,baseline:local_var_topk,205,214,0,95.79439252336448,0.044903978487340415,1.022812843322754
1774412116.3605862,job_done,baseline:local_var_topk,206,214,0,96.26168224299066,0.03981453238181698,1.025224208831787
1774412116.3634238,job_done,baseline:local_var_topk,207,214,0,96.72897196261682,0.03475308187917811,1.027698278427124
1774412116.366197,job_done,baseline:local_var_topk,208,214,0,97.19626168224299,0.029726929389513455,1.0305335521697998
1774412116.3688915,job_done,baseline:local_var_topk,209,214,0,97.66355140186916,0.024727759749125063,1.0336203575134277
1774412116.3721633,job_done,baseline:local_var_topk,210,214,0,98.13084112149532,0.019736149197533016,1.0361478328704834
1774412116.3751926,job_done,baseline:local_var_topk,211,214,0,98.59813084112149,0.014776444548114215,1.0392765998840332
1774412116.3780131,job_done,baseline:local_var_topk,212,214,0,99.06542056074767,0.009833164934842091,1.0423154830932617
1774412116.3818033,job_done,baseline:local_var_topk,213,214,0,99.53271028037383,0.004907972935779554,1.045398235321045
1774412116.385244,job_done,baseline:local_var_topk,214,214,0,100.0,,1.0489745140075684
1774412116.388116,group_end,baseline:local_var_topk,214,214,0,100.0,,1.0526206493377686
1774412116.3916526,phase_end,,214,214,0,100.0,,1.0552196502685547
1774412116.3952389,lock_released,,214,214,0,100.0,,1.058809518814087
1774412116.4053688,method_done,,214,214,0,100.0,,1.0721473693847656
1774412116.4102201,method_start,,214,214,0,100.0,,1.0724620819091797
1774412116.4125504,lock_wait,,214,214,0,100.0,,1.0773849487304688
1774412116.415264,lock_acquired,,214,214,0,100.0,,1.079674243927002
1774412116.4197044,lock_released,,214,214,0,100.0,,1.0823917388916016
1774412116.4226387,lock_wait,,214,214,0,100.0,,1.087646722793579
1774412116.4254298,lock_acquired,,214,214,0,100.0,,1.0897343158721924
1774412116.4282024,plan_add,,214,246,0,86.99186991869918,0.16336818944627995,1.092524766921997
1774412116.4310746,phase_start,cagrad:coord:train.lr,214,246,0,86.99186991869918,0.16378955306293808,1.0953426361083984
1774412116.4621158,group_slots,cagrad:coord:train.lr,214,246,0,86.99186991869918,0.16876812515971815,1.1286368370056152
1774412116.4657133,group_start,cagrad:coord:train.lr,214,246,0,86.99186991869918,0.16886513255466926,1.1292855739593506
1774412116.4691844,job_done,cagrad:coord:train.lr,215,246,0,87.39837398373983,0.16360482171524404,1.134678602218628
1774412116.4722078,job_done,cagrad:coord:train.lr,216,246,0,87.8048780487805,0.15786045127444798,1.1365952491760254
1774412116.4753,job_done,cagrad:coord:train.lr,217,246,0,88.21138211382114,0.15227654672438098,1.139448642730713
1774412116.478511,job_done,cagrad:coord:train.lr,218,246,0,88.6178861788618,0.14674626359152138,1.1425244808197021
1774412116.4810612,job_done,cagrad:coord:train.lr,219,246,0,89.02439024390245,0.14128954116612263,1.1460151672363281
1774412116.4842775,job_done,cagrad:coord:train.lr,220,246,0,89.4308943089431,0.13572516441345214,1.1484436988830566
1774412116.4874377,job_done,cagrad:coord:train.lr,221,246,0,89.83739837398375,0.13026001766256617,1.151498556137085
1774412116.4910731,job_done,cagrad:coord:train.lr,222,246,0,90.2439024390244,0.12482882834769583,1.1546666622161865
1774412116.494087,job_done,cagrad:coord:train.lr,223,246,0,90.65040650406505,0.11949679669777909,1.1585993766784668
1774412116.497212,job_done,cagrad:coord:train.lr,224,246,0,91.0569105691057,0.1140783258846828,1.161524772644043
1774412116.4998217,job_done,cagrad:coord:train.lr,225,246,0,91.46341463414635,0.10868112564086914,1.164440631866455
1774412116.5023417,job_done,cagrad:coord:train.lr,226,246,0,91.869918699187,0.1032774849275572,1.1670355796813965
1774412116.5047884,job_done,cagrad:coord:train.lr,227,246,0,92.27642276422765,0.09792421357747216,1.1699366569519043
1774412116.5075545,job_done,cagrad:coord:train.lr,228,246,0,92.6829268292683,0.09253846971612228,1.1721539497375488
1774412116.5100641,job_done,cagrad:coord:train.lr,229,246,0,93.08943089430895,0.08720891132104865,1.174755334854126
1774412116.5148234,job_done,cagrad:coord:train.lr,230,246,0,93.4959349593496,0.08189703899881114,1.1772699356079102
1774412116.517705,job_done,cagrad:coord:train.lr,231,246,0,93.90243902439025,0.07677138625801384,1.182279348373413
1774412116.5215447,job_done,cagrad:coord:train.lr,232,246,0,94.3089430894309,0.07151286149847096,1.185070276260376
1774412116.5240645,job_done,cagrad:coord:train.lr,233,246,0,94.71544715447155,0.06632544145052013,1.188755989074707
1774412116.5270429,job_done,cagrad:coord:train.lr,234,246,0,95.1219512195122,0.061090836158165567,1.1912713050842285
1774412116.529544,job_done,cagrad:coord:train.lr,235,246,0,95.52845528455285,0.055915543373594896,1.1945593357086182
1774412116.5319467,job_done,cagrad:coord:train.lr,236,246,0,95.9349593495935,0.05071675373336016,1.1969153881072998
1774412116.5346227,job_done,cagrad:coord:train.lr,237,246,0,96.34146341463415,0.04553773433347291,1.1991603374481201
1774412116.537528,job_done,cagrad:coord:train.lr,238,246,0,96.7479674796748,0.040397387592732405,1.201822280883789
1774412116.540514,job_done,cagrad:coord:train.lr,239,246,0,97.15447154471545,0.035293967155233086,1.2050368785858154
1774412116.5434206,job_done,cagrad:coord:train.lr,240,246,0,97.5609756097561,0.03019593358039856,1.2078373432159424
1774412116.5464969,job_done,cagrad:coord:train.lr,241,246,0,97.96747967479675,0.025117194504164067,1.210648775100708
1774412116.549828,job_done,cagrad:coord:train.lr,242,246,0,98.3739837398374,0.020061284057364976,1.213707685470581
1774412116.5529685,job_done,cagrad:coord:train.lr,243,246,0,98.78048780487805,0.01502729050907088,1.2172105312347412
1774412116.5559156,job_done,cagrad:coord:train.lr,244,246,0,99.1869918699187,0.010001866543879275,1.2202277183532715
1774412116.5591218,job_done,cagrad:coord:train.lr,245,246,0,99.59349593495935,0.004992472395604971,1.2231557369232178
1774412116.5621383,job_done,cagrad:coord:train.lr,246,246,0,100.0,,1.226349115371704
1774412116.565594,group_end,cagrad:coord:train.lr,246,246,0,100.0,,1.2295756340026855
1774412116.568803,phase_end,,246,246,0,100.0,,1.2327377796173096
1774412116.5721893,lock_released,,246,246,0,100.0,,1.236046552658081
1774412116.575378,lock_wait,,246,246,0,100.0,,1.2417333126068115
1774412116.5785284,lock_acquired,,246,246,0,100.0,,1.2425665855407715
1774412116.5819743,plan_add,,246,278,0,88.48920863309353,0.1620372058899422,1.2456610202789307
1774412116.585203,phase_start,cagrad:coord:train.weight_decay,246,278,0,88.48920863309353,0.16249568287919205,1.249185562133789
1774412116.6146767,group_slots,cagrad:coord:train.weight_decay,246,278,0,88.48920863309353,0.1666791962414253,1.281346321105957
1774412116.6185153,group_start,cagrad:coord:train.weight_decay,246,278,0,88.48920863309353,0.1667323228789539,1.281754732131958
1774412116.622412,job_done,cagrad:coord:train.weight_decay,247,278,0,88.84892086330935,0.16174202312824695,1.2887187004089355
1774412116.6263165,job_done,cagrad:coord:train.weight_decay,248,278,0,89.20863309352518,0.15599470946096605,1.2895562648773193
1774412116.6296332,job_done,cagrad:coord:train.weight_decay,249,278,0,89.56834532374101,0.15065461373233413,1.2935516834259033
1774412116.6326826,job_done,cagrad:coord:train.weight_decay,250,278,0,89.92805755395683,0.1452350196838379,1.296741247177124
1774412116.6356633,job_done,cagrad:coord:train.weight_decay,251,278,0,90.28776978417267,0.13983642627518492,1.2999608516693115
1774412116.639366,job_done,cagrad:coord:train.weight_decay,252,278,0,90.64748201438849,0.1344128165926252,1.3027703762054443
1774412116.6428993,job_done,cagrad:coord:train.weight_decay,253,278,0,91.00719424460432,0.12911635896433954,1.3066575527191162
1774412116.6464667,job_done,cagrad:coord:train.weight_decay,254,278,0,91.36690647482014,0.12377918423630122,1.3099963665008545
1774412116.6499126,job_done,cagrad:coord:train.weight_decay,255,278,0,91.72661870503597,0.11848985354105632,1.3136918544769287
1774412116.6536958,job_done,cagrad:coord:train.weight_decay,256,278,0,92.0863309352518,0.11318578571081161,1.3170709609985352
1774412116.6572404,job_done,cagrad:coord:train.weight_decay,257,278,0,92.44604316546763,0.1079369082988932,1.3209421634674072
1774412116.660471,job_done,cagrad:coord:train.weight_decay,258,278,0,92.80575539568345,0.10266292926877044,1.3243517875671387
1774412116.6637857,job_done,cagrad:coord:train.weight_decay,259,278,0,93.16546762589928,0.09742333806159413,1.3280339241027832
1774412116.6674836,job_done,cagrad:coord:train.weight_decay,260,278,0,93.5251798561151,0.0921406965989333,1.3309211730957031
1774412116.6709473,job_done,cagrad:coord:train.weight_decay,261,278,0,93.88489208633094,0.08693857393959016,1.3347628116607666
1774412116.6749983,job_done,cagrad:coord:train.weight_decay,262,278,0,94.24460431654676,0.08171464468686636,1.3380773067474365
1774412116.6785605,job_done,cagrad:coord:train.weight_decay,263,278,0,94.60431654676259,0.07655416151416619,1.3422496318817139
1774412116.6818492,job_done,cagrad:coord:train.weight_decay,264,278,0,94.96402877697842,0.07136251348437686,1.3456931114196777
1774412116.685267,job_done,cagrad:coord:train.weight_decay,265,278,0,95.32374100719424,0.06618746271673238,1.3492059707641602
1774412116.6889749,job_done,cagrad:coord:train.weight_decay,266,278,0,95.68345323741008,0.06101075509437044,1.352405071258545
1774412116.6924236,job_done,cagrad:coord:train.weight_decay,267,278,0,96.0431654676259,0.0558751459871785,1.3562421798706055
1774412116.695777,job_done,cagrad:coord:train.weight_decay,268,278,0,96.40287769784173,0.05073025155423293,1.3595707416534424
1774412116.6995654,job_done,cagrad:coord:train.weight_decay,269,278,0,96.76258992805755,0.045603272640129006,1.3630311489105225
1774412116.7030487,job_done,cagrad:coord:train.weight_decay,270,278,0,97.12230215827338,0.040494735152633105,1.3666973114013672
1774412116.7069054,job_done,cagrad:coord:train.weight_decay,271,278,0,97.4820143884892,0.035415490175085315,1.3710854053497314
1774412116.709831,job_done,cagrad:coord:train.weight_decay,272,278,0,97.84172661870504,0.030309892752591303,1.3740484714508057
1774412116.7133114,job_done,cagrad:coord:train.weight_decay,273,278,0,98.20143884892086,0.02522221851698208,1.3771331310272217
1774412116.7177272,job_done,cagrad:coord:train.weight_decay,274,278,0,98.56115107913669,0.020152662792345035,1.3804574012756348
1774412116.721916,job_done,cagrad:coord:train.weight_decay,275,278,0,98.92086330935251,0.015120899027044124,1.386082410812378
1774412116.7259066,job_done,cagrad:coord:train.weight_decay,276,278,0,99.28057553956835,0.010065764620684196,1.389075517654419
1774412116.7289374,job_done,cagrad:coord:train.weight_decay,277,278,0,99.64028776978417,0.005029247125563639,1.393101453781128
1774412116.7317865,job_done,cagrad:coord:train.weight_decay,278,278,0,100.0,,1.3960742950439453
1774412116.7342775,group_end,cagrad:coord:train.weight_decay,278,278,0,100.0,,1.3992156982421875
1774412116.7369199,phase_end,,278,278,0,100.0,,1.401331901550293
1774412116.7400658,lock_released,,278,278,0,100.0,,1.4040789604187012
1774412116.7429574,lock_wait,,278,278,0,100.0,,1.4086270332336426
1774412116.746361,lock_acquired,,278,278,0,100.0,,1.410036325454712
1774412116.7490363,plan_add,,278,310,0,89.6774193548387,0.1627001590865979,1.4134576320648193
1774412116.7523463,phase_start,cagrad:coord:train.grad_clip,278,310,0,89.6774193548387,0.16301345825195312,1.4161794185638428
1774412116.7781353,group_slots,cagrad:coord:train.grad_clip,278,310,0,89.6774193548387,0.16630510289034398,1.4447755813598633
1774412116.781385,group_start,cagrad:coord:train.grad_clip,278,310,0,89.6774193548387,0.166355928928732,1.4452171325683594
1774412116.7846692,job_done,cagrad:coord:train.grad_clip,279,310,0,90.0,0.16123957104153103,1.4511561393737793
1774412116.7876256,job_done,cagrad:coord:train.grad_clip,280,310,0,90.3225806451613,0.15556234972817556,1.4519152641296387
1774412116.790264,job_done,cagrad:coord:train.grad_clip,281,310,0,90.64516129032258,0.15013277318553991,1.4547348022460938
1774412116.7935174,job_done,cagrad:coord:train.grad_clip,282,310,0,90.96774193548387,0.14470260363098578,1.4573619365692139
1774412116.7968092,job_done,cagrad:coord:train.grad_clip,283,310,0,91.29032258064517,0.1393742224352941,1.460848331451416
1774412116.8002079,job_done,cagrad:coord:train.grad_clip,284,310,0,91.61290322580645,0.134030132226541,1.4640214443206787
1774412116.8031292,job_done,cagrad:coord:train.grad_clip,285,310,0,91.93548387096774,0.12871204761036656,1.4673173427581787
1774412116.806262,job_done,cagrad:coord:train.grad_clip,286,310,0,92.25806451612904,0.1233768929968347,1.4702413082122803
1774412116.8095152,job_done,cagrad:coord:train.grad_clip,287,310,0,92.58064516129032,0.1180900671756226,1.4735586643218994
1774412116.8121037,job_done,cagrad:coord:train.grad_clip,288,310,0,92.90322580645162,0.11280952394008635,1.4767792224884033
1774412116.8147395,job_done,cagrad:coord:train.grad_clip,289,310,0,93.2258064516129,0.10748584047733294,1.4792098999023438
1774412116.817031,job_done,cagrad:coord:train.grad_clip,290,310,0,93.54838709677419,0.10219631523921573,1.481846570968628
1774412116.8194969,job_done,cagrad:coord:train.grad_clip,291,310,0,93.87096774193549,0.09691845346562232,1.4843826293945312
1774412116.821978,job_done,cagrad:coord:train.grad_clip,292,310,0,94.19354838709677,0.09164561474159973,1.4866955280303955
1774412116.8250754,job_done,cagrad:coord:train.grad_clip,293,310,0,94.51612903225806,0.0863981263222548,1.4890971183776855
1774412116.8278277,job_done,cagrad:coord:train.grad_clip,294,310,0,94.83870967741936,0.08120691208612352,1.4921770095825195
1774412116.8304865,job_done,cagrad:coord:train.grad_clip,295,310,0,95.16129032258064,0.07602705389766369,1.4951987266540527
1774412116.8333876,job_done,cagrad:coord:train.grad_clip,296,310,0,95.48387096774194,0.07083853676512435,1.4977290630340576
1774412116.8362243,job_done,cagrad:coord:train.grad_clip,297,310,0,95.80645161290323,0.06567882528208724,1.5005085468292236
1774412116.8389242,job_done,cagrad:coord:train.grad_clip,298,310,0,96.12903225806451,0.0605367494109493,1.5033292770385742
1774412116.8418708,job_done,cagrad:coord:train.grad_clip,299,310,0,96.45161290322581,0.05541361295259915,1.5062427520751953
1774412116.8448792,job_done,cagrad:coord:train.grad_clip,300,310,0,96.7741935483871,0.05030272006988525,1.5090816020965576
1774412116.847657,job_done,cagrad:coord:train.grad_clip,301,310,0,97.09677419354838,0.045208812948081184,1.5119836330413818
1774412116.8503447,job_done,cagrad:coord:train.grad_clip,302,310,0,97.41935483870968,0.04012609949175096,1.5147602558135986
1774412116.853152,job_done,cagrad:coord:train.grad_clip,303,310,0,97.74193548387096,0.03506047497488091,1.5176177024841309
1774412116.8562284,job_done,cagrad:coord:train.grad_clip,304,310,0,98.06451612903226,0.03000728393855848,1.520369052886963
1774412116.8593068,job_done,cagrad:coord:train.grad_clip,305,310,0,98.38709677419355,0.024972771034866083,1.523339033126831
1774412116.8620026,job_done,cagrad:coord:train.grad_clip,306,310,0,98.70967741935483,0.01995310752220403,1.5264127254486084
1774412116.8645313,job_done,cagrad:coord:train.grad_clip,307,310,0,99.03225806451613,0.014944711803225041,1.5293421745300293
1774412116.8676288,job_done,cagrad:coord:train.grad_clip,308,310,0,99.35483870967742,0.009945846223211907,1.5316603183746338
1774412116.8713148,job_done,cagrad:coord:train.grad_clip,309,310,0,99.6774193548387,0.004966806053729505,1.534743070602417
1774412116.874089,job_done,cagrad:coord:train.grad_clip,310,310,0,100.0,,1.5384366512298584
1774412116.8771253,group_end,cagrad:coord:train.grad_clip,310,310,0,100.0,,1.5413615703582764
1774412116.8793118,phase_end,,310,310,0,100.0,,1.544187307357788
1774412116.8821862,lock_released,,310,310,0,100.0,,1.546457052230835
1774412116.8864202,lock_wait,,310,310,0,100.0,,1.5508248805999756
1774412116.8898525,lock_acquired,,310,310,0,100.0,,1.5535376071929932
1774412116.8926146,plan_add,,310,342,0,90.64327485380117,0.1607173058294481,1.5569489002227783
1774412116.895934,phase_start,cagrad:coord:method.baseline_cagrad.c,310,342,0,90.64327485380117,0.1610041218419229,1.559727430343628
1774412117.0188854,group_slots,cagrad:coord:method.baseline_cagrad.c,310,342,0,90.64327485380117,0.17399200931672126,1.6855475902557373
1774412117.0228832,group_start,cagrad:coord:method.baseline_cagrad.c,310,342,0,90.64327485380117,0.1740352507560484,1.6859664916992188
1774412117.0261848,job_done,cagrad:coord:method.baseline_cagrad.c,311,342,0,90.93567251461988,0.1686177729027064,1.6916170120239258
1774412117.0296884,job_done,cagrad:coord:method.baseline_cagrad.c,312,342,0,91.2280701754386,0.1628167354143583,1.6932940483093262
1774412117.032659,job_done,cagrad:coord:method.baseline_cagrad.c,313,342,0,91.52046783625731,0.1572245561276762,1.6969408988952637
1774412117.036031,job_done,cagrad:coord:method.baseline_cagrad.c,314,342,0,91.81286549707602,0.1515715471498526,1.6997666358947754
1774412117.03909,job_done,cagrad:coord:method.baseline_cagrad.c,315,342,0,92.10526315789474,0.14600026948111397,1.703336477279663
1774412117.0417573,job_done,cagrad:coord:method.baseline_cagrad.c,316,342,0,92.39766081871345,0.1403824166406559,1.706186294555664
1774412117.0450437,job_done,cagrad:coord:method.baseline_cagrad.c,317,342,0,92.69005847953217,0.13478994369506836,1.7091364860534668
1774412117.04817,job_done,cagrad:coord:method.baseline_cagrad.c,318,342,0,92.98245614035088,0.1292190911634913,1.7121529579162598
1774412117.0515916,job_done,cagrad:coord:method.baseline_cagrad.c,319,342,0,93.27485380116958,0.1237077615851519,1.7157728672027588
1774412117.05526,job_done,cagrad:coord:method.baseline_cagrad.c,320,342,0,93.5672514619883,0.11816039085388184,1.7186965942382812
1774412117.0578978,job_done,cagrad:coord:method.baseline_cagrad.c,321,342,0,93.85964912280701,0.11268908955226435,1.7225332260131836
1774412117.0608747,job_done,cagrad:coord:method.baseline_cagrad.c,322,342,0,94.15204678362574,0.10714480595559066,1.7250313758850098
1774412117.0636587,job_done,cagrad:coord:method.baseline_cagrad.c,323,342,0,94.44444444444444,0.10165817597333122,1.7281889915466309
1774412117.066729,job_done,cagrad:coord:method.baseline_cagrad.c,324,342,0,94.73684210526316,0.09615396128760445,1.7307713031768799
1774412117.0697162,job_done,cagrad:coord:method.baseline_cagrad.c,325,342,0,95.02923976608187,0.09069949150085449,1.7339608669281006
1774412117.0728748,job_done,cagrad:coord:method.baseline_cagrad.c,326,342,0,95.32163742690058,0.08524254640918567,1.7368168830871582
1774412117.075694,job_done,cagrad:coord:method.baseline_cagrad.c,327,342,0,95.6140350877193,0.07982436670075863,1.740171194076538
1774412117.0794773,job_done,cagrad:coord:method.baseline_cagrad.c,328,342,0,95.90643274853801,0.07438768264723987,1.7427971363067627
1774412117.0829577,job_done,cagrad:coord:method.baseline_cagrad.c,329,342,0,96.19883040935673,0.06903841140422416,1.7472028732299805
1774412117.0858715,job_done,cagrad:coord:method.baseline_cagrad.c,330,342,0,96.49122807017544,0.0636386437849565,1.7500627040863037
1774412117.0889707,job_done,cagrad:coord:method.baseline_cagrad.c,331,342,0,96.78362573099415,0.05829255602511035,1.7540760040283203
1774412117.0919788,job_done,cagrad:coord:method.baseline_cagrad.c,332,342,0,97.07602339181287,0.05289385835808444,1.7560760974884033
1774412117.0950809,job_done,cagrad:coord:method.baseline_cagrad.c,333,342,0,97.36842105263158,0.04754672179350982,1.7592287063598633
1774412117.0980184,job_done,cagrad:coord:method.baseline_cagrad.c,334,342,0,97.6608187134503,0.04220819758797834,1.7621922492980957
1774412117.100739,job_done,cagrad:coord:method.baseline_cagrad.c,335,342,0,97.953216374269,0.03688636822486992,1.7652761936187744
1774412117.1036472,job_done,cagrad:coord:method.baseline_cagrad.c,336,342,0,98.24561403508773,0.031568718808037896,1.767848253250122
1774412117.1070695,job_done,cagrad:coord:method.baseline_cagrad.c,337,342,0,98.53801169590643,0.026274445502623606,1.770897626876831
1774412117.1099405,job_done,cagrad:coord:method.baseline_cagrad.c,338,342,0,98.83040935672514,0.020996054248696952,1.7741665840148926
1774412117.112891,job_done,cagrad:coord:method.baseline_cagrad.c,339,342,0,99.12280701754386,0.015733374958544707,1.7778713703155518
1774412117.1159742,job_done,cagrad:coord:method.baseline_cagrad.c,340,342,0,99.41520467836257,0.010470482882331399,1.779982089996338
1774412117.1192887,job_done,cagrad:coord:method.baseline_cagrad.c,341,342,0,99.70760233918129,0.005228994878506032,1.7830872535705566
1774412117.1225638,job_done,cagrad:coord:method.baseline_cagrad.c,342,342,0,100.0,,1.786379337310791
1774412117.1260898,group_end,cagrad:coord:method.baseline_cagrad.c,342,342,0,100.0,,1.7900965213775635
1774412117.1289475,phase_end,,342,342,0,100.0,,1.7931771278381348
1774412117.1320121,lock_released,,342,342,0,100.0,,1.7960505485534668
1774412117.1353369,lock_wait,,342,342,0,100.0,,1.8005659580230713
1774412117.1385295,lock_acquired,,342,342,0,100.0,,1.8024334907531738
1774412117.1419756,plan_add,,342,374,0,91.44385026737967,0.16894812332956416,1.8056330680847168
1774412117.1453242,phase_start,cagrad:coord:method.baseline_cagrad.inner_lr,342,374,0,91.44385026737967,0.16927181489286366,1.8090925216674805
1774412117.2110076,group_slots,cagrad:coord:method.baseline_cagrad.inner_lr,342,374,0,91.44385026737967,0.17569174961737025,1.8777055740356445
1774412117.215116,group_start,cagrad:coord:method.baseline_cagrad.inner_lr,342,374,0,91.44385026737967,0.17572726422583151,1.8780851364135742
1774412406.3581917,phase_end,,342,374,0,91.44385026737967,27.23038801672863,291.02477192878723
1774412406.3623857,lock_released,,342,374,0,91.44385026737967,27.230441467106694,291.02534317970276
1774412406.3660946,pipeline_failed,,342,374,0,91.44385026737967,27.23083377860443,291.02953600883484
1774412406.3696878,lock_released,,342,374,0,91.44385026737967,27.231191467820555,291.03335881233215
1774412407.011869,job_retry,,342,374,0,91.44385026737967,27.291561751337778,291.6785662174225
1774412407.0359626,job_retry,,342,374,0,91.44385026737967,27.293822349860655,291.70272636413574
1774412407.0395772,job_retry,,342,374,0,91.44385026737967,27.294019286395514,291.70483112335205
1774412696.956909,init,,0,0,0,0.0,,1.5020370483398438e-05
1774412696.961348,pipeline_start,,0,0,0,0.0,,0.0006709098815917969
1774412696.96556,lock_wait,,0,0,0,0.0,,0.004934072494506836
1774412696.9692318,lock_acquired,,0,0,0,0.0,,0.009119272232055664
1774412696.9725645,method_start,,0,0,0,0.0,,0.012827157974243164
1774412696.9767582,lock_wait,,0,0,0,0.0,,0.016205787658691406
1774412696.980397,lock_acquired,,0,0,0,0.0,,0.020364761352539062
1774412696.9836183,lock_released,,0,0,0,0.0,,0.024011850357055664
1774412696.987169,lock_wait,,0,0,0,0.0,,0.02843761444091797
1774412696.9904804,lock_acquired,,0,0,0,0.0,,0.030752897262573242
1774412696.994258,plan_add,,0,54,0,0.0,,0.03407406806945801
1774412696.9976785,phase_start,baseline:coord:train.lr,0,54,0,0.0,,0.0379183292388916
1774412697.0261486,group_slots,baseline:coord:train.lr,0,54,0,0.0,,0.06927943229675293
1774412697.0303156,group_start,baseline:coord:train.lr,0,54,0,0.0,,0.06971549987792969
1774412697.0624316,job_failed,baseline:coord:train.lr,0,54,1,0.0,,0.10539889335632324
1774412697.0654297,job_failed,baseline:coord:train.lr,0,54,2,0.0,,0.10643339157104492
1774412697.068238,job_failed,baseline:coord:train.lr,0,54,3,0.0,,0.10928034782409668
1774412697.071314,phase_end,,0,54,3,0.0,,0.1122121810913086
1774412697.0742836,lock_released,,0,54,3,0.0,,0.11511421203613281
1774412697.0769904,pipeline_failed,,0,54,3,0.0,,0.11798644065856934
1774412697.0810602,lock_released,,0,54,3,0.0,,0.12429547309875488
1774413920.4786685,init,,0,0,0,0.0,,1.430511474609375e-05
1774413920.4834256,pipeline_start,,0,0,0,0.0,,0.0005548000335693359
1774413920.487388,lock_wait,,0,0,0,0.0,,0.005163908004760742
1774413920.4914584,lock_acquired,,0,0,0,0.0,,0.009108781814575195
1774413920.495275,method_start,,0,0,0,0.0,,0.01316523551940918
1774413920.498857,lock_wait,,0,0,0,0.0,,0.017029762268066406
1774413920.5027406,lock_acquired,,0,0,0,0.0,,0.020573139190673828
1774413920.5064948,lock_released,,0,0,0,0.0,,0.024469375610351562
1774413920.5096097,lock_wait,,0,0,0,0.0,,0.029268264770507812
1774413920.513237,lock_acquired,,0,0,0,0.0,,0.031327009201049805
1774413920.5172505,plan_add,,0,54,0,0.0,,0.03495001792907715
1774413920.5213368,phase_start,baseline:coord:train.lr,0,54,0,0.0,,0.03900313377380371
1774413920.548581,group_slots,baseline:coord:train.lr,0,54,0,0.0,,0.06989240646362305
1774413920.552572,group_start,baseline:coord:train.lr,0,54,0,0.0,,0.07029223442077637
1774413920.5791857,job_failed,baseline:coord:train.lr,0,54,1,0.0,,0.09987330436706543
1774413920.5826542,job_failed,baseline:coord:train.lr,0,54,2,0.0,,0.10128188133239746
1774413920.5859947,job_failed,baseline:coord:train.lr,0,54,3,0.0,,0.10449028015136719
1774413922.589046,phase_end,,0,54,3,0.0,,2.11027193069458
1774413922.5931354,lock_released,,0,54,3,0.0,,2.1108622550964355
1774413922.5965173,pipeline_failed,,0,54,3,0.0,,2.1149110794067383
1774413922.5997872,lock_released,,0,54,3,0.0,,2.1185824871063232
1774414101.2424638,init,,0,0,0,0.0,,2.3603439331054688e-05
1774414101.2557647,pipeline_start,,0,0,0,0.0,,0.004155635833740234
1774414101.2585614,lock_wait,,0,0,0,0.0,,0.017245769500732422
1774414101.2639203,lock_acquired,,0,0,0,0.0,,0.019930124282836914
1774414101.2667537,method_start,,0,0,0,0.0,,0.025255441665649414
1774414101.2694118,lock_wait,,0,0,0,0.0,,0.028150558471679688
1774414101.272379,lock_acquired,,0,0,0,0.0,,0.030761241912841797
1774414101.2751312,lock_released,,0,0,0,0.0,,0.03373980522155762
1774414101.2779047,lock_wait,,0,0,0,0.0,,0.03818106651306152
1774414101.331025,lock_acquired,,0,0,0,0.0,,0.0392451286315918
1774414101.3345492,plan_add,,0,54,0,0.0,,0.0924229621887207
1774414101.338622,phase_start,baseline:coord:train.lr,0,54,0,0.0,,0.09593868255615234
1774414101.4579535,group_slots,baseline:coord:train.lr,0,54,0,0.0,,0.21886587142944336
1774414101.4613206,group_start,baseline:coord:train.lr,0,54,0,0.0,,0.21929287910461426
1774414101.5516465,job_failed,baseline:coord:train.lr,0,54,1,0.0,,0.31253576278686523
1774414101.5552547,job_failed,baseline:coord:train.lr,0,54,2,0.0,,0.3156750202178955
1774414101.5757406,job_failed,baseline:coord:train.lr,0,54,3,0.0,,0.3365645408630371
1774414103.5792856,phase_end,,0,54,3,0.0,,2.3401379585266113
1774414103.630922,lock_released,,0,54,3,0.0,,2.3918368816375732
1774414103.6595876,pipeline_failed,,0,54,3,0.0,,2.3923180103302
1774414103.6832643,lock_released,,0,54,3,0.0,,2.4213898181915283
