step,train_step_loss,train_acc,train_loss,val_acc,val_loss,alignment_reward,l_conflict,l_conflict_e0,l_conflict_e1,l_conflict_e2,l_conflict_e3,router_conflict_grad_l2,router_entropy,router_load_e0,router_load_e1,router_load_e2,router_load_e3
5.0,0.6834942897160848,0.5201831220979622,0.7100078664609749,0.5240968971763994,0.7042377396802544,158.76971435546875,-158.76971435546875,-0.022101206704974174,-92.57808685302734,-1.423007845878601,-64.74652862548828,0.0,0.7333147550622622,0.006519682239741087,0.5773822069168091,0.02173732779920101,0.39436075091362
