method,val_acc_last_mean,val_acc_last_std,val_loss_last_mean,val_loss_last_std
baseline,0.5501732921663485,0.0,0.8242138436708001,0.0
cagrad,0.5280259855902883,0.0,0.9117633656068348,0.0
ours,0.5240968971763994,0.0,0.7042377396802544,0.0
