{
  "completed_jobs": 8,
  "current_phase": "",
  "elapsed_sec": 424.7441475391388,
  "eta_sec": null,
  "failed_jobs": 0,
  "percent": 100.0,
  "started_at_epoch": 1773663398.52758,
  "total_jobs": 8,
  "updated_at_epoch": 1773663823.271733
}