step,train_step_loss,train_acc,train_loss,val_acc,val_loss,avg_intra_expert_coherence,expert_diversity_e0,expert_diversity_e1,expert_diversity_e2,expert_diversity_e3,expert_diversity_mean,expert_purity_e0,expert_purity_e1,expert_purity_e2,expert_purity_e3,expert_purity_mean,inter_expert_similarity,inter_expert_similarity_e0_e0,inter_expert_similarity_e0_e1,inter_expert_similarity_e0_e2,inter_expert_similarity_e0_e3,inter_expert_similarity_e1_e0,inter_expert_similarity_e1_e1,inter_expert_similarity_e1_e2,inter_expert_similarity_e1_e3,inter_expert_similarity_e2_e0,inter_expert_similarity_e2_e1,inter_expert_similarity_e2_e2,inter_expert_similarity_e2_e3,inter_expert_similarity_e3_e0,inter_expert_similarity_e3_e1,inter_expert_similarity_e3_e2,inter_expert_similarity_e3_e3,intra_expert_coherence_e0,intra_expert_coherence_e1,intra_expert_coherence_e2,intra_expert_coherence_e3,load_cv,load_max_min_ratio,overall_task_conflict_cos,router_entropy,router_load_e0,router_load_e1,router_load_e2,router_load_e3,task_acc__glue_rte,task_conflict_t0_t0,task_grad_norm_cv,task_loss__glue_rte,utilization_ratio
50.0,0.6399362087249756,0.5016064257028112,0.695601456058331,0.5270758122743683,0.6887575884660085,1.0,0.0,0.0,0.0,0.0,0.0,1.0,1.0,1.0,1.0,1.0,0.010524941378812663,1.0,0.0,0.06314964827287597,0.0,0.0,1.0,0.0,0.0,0.06314964827287597,0.0,1.0,0.0,0.0,0.0,0.0,1.0,1.0,1.0,1.0,1.0,1.0135037899017334,558298826217.6514,1.0,0.6861652553296692,0.44170117378234863,0.0,0.5582988262176514,0.0,0.5270758122743683,1.0,0.0,0.6887575884660085,0.5
100.0,0.6868950724601746,0.578714859437751,0.6809603442366307,0.5451263537906137,0.6876874301168654,1.0,0.0,0.0,0.0,0.0,0.0,1.0,1.0,1.0,1.0,1.0,0.010811699543736524,1.0,0.0,0.06487019726241915,0.0,0.0,1.0,0.0,0.0,0.06487019726241915,0.0,1.0,0.0,0.0,0.0,0.0,1.0,1.0,1.0,1.0,1.0,1.0070300102233887,549517273902.89307,1.0,0.6879776823821911,0.4489496648311615,0.0015330571914091706,0.5495172739028931,0.0,0.5451263537906137,1.0,0.0,0.6876874301168654,0.5
150.0,0.6774735748767853,0.6558232931726907,0.6678863444771522,0.6173285198555957,0.6741958376434114,1.0,0.0,0.0,0.0,0.0,0.0,1.0,1.0,1.0,1.0,1.0,0.010166522412944084,1.0,0.0,0.0609991344776645,0.0,0.0,1.0,0.0,0.0,0.0609991344776645,0.0,1.0,0.0,0.0,0.0,0.0,1.0,1.0,1.0,1.0,1.0,1.0001194477223692,554268658161.1633,1.0,0.6867933686459538,0.4390920102596283,0.0,0.5542686581611633,0.006639271508902311,0.6173285198555957,1.0,0.0,0.6741958376434114,0.5
