step,train_step_loss,train_acc,train_loss,val_acc,val_loss,avg_intra_expert_coherence,expert_diversity_e0,expert_diversity_e1,expert_diversity_e2,expert_diversity_e3,expert_diversity_mean,expert_purity_e0,expert_purity_e1,expert_purity_e2,expert_purity_e3,expert_purity_mean,inter_expert_similarity,inter_expert_similarity_e0_e0,inter_expert_similarity_e0_e1,inter_expert_similarity_e0_e2,inter_expert_similarity_e0_e3,inter_expert_similarity_e1_e0,inter_expert_similarity_e1_e1,inter_expert_similarity_e1_e2,inter_expert_similarity_e1_e3,inter_expert_similarity_e2_e0,inter_expert_similarity_e2_e1,inter_expert_similarity_e2_e2,inter_expert_similarity_e2_e3,inter_expert_similarity_e3_e0,inter_expert_similarity_e3_e1,inter_expert_similarity_e3_e2,inter_expert_similarity_e3_e3,intra_expert_coherence_e0,intra_expert_coherence_e1,intra_expert_coherence_e2,intra_expert_coherence_e3,load_cv,load_max_min_ratio,overall_task_conflict_cos,router_entropy,router_load_e0,router_load_e1,router_load_e2,router_load_e3,task_acc__glue_cola,task_acc__glue_mrpc,task_acc__glue_rte,task_conflict_t0_t0,task_conflict_t0_t1,task_conflict_t0_t2,task_conflict_t1_t0,task_conflict_t1_t1,task_conflict_t1_t2,task_conflict_t2_t0,task_conflict_t2_t1,task_conflict_t2_t2,task_grad_norm_cv,task_loss__glue_cola,task_loss__glue_mrpc,task_loss__glue_rte,utilization_ratio
1.0,0.7169511218865713,0.6108169775586029,0.6777684846986803,0.6025848095155975,0.6793123272261848,-0.1024167812526561,0.9766099150287961,0.8963651448356024,0.9311749307821283,0.9146400084723804,0.9296974997797268,0.4203043282032013,0.45545774698257446,0.5125910639762878,0.4668527841567993,0.46380148082971573,0.024063312668703773,1.0,0.010295126813016245,0.03664244837079531,0.0077643874996610575,0.010295126813016245,1.0,0.025899191124145706,-0.00016435910979664537,0.03664244837079531,0.025899191124145706,1.0,0.06394308131440093,0.0077643874996610575,-0.00016435910979664537,0.06394308131440093,1.0,-0.011960187135950503,-0.1558710784244293,-0.11591290859959234,-0.12592295085065222,0.3806169927120209,3.052964589466395,-0.09587886027752135,1.2969412787782926,0.27272218465805054,0.21165049076080322,0.12722226977348328,0.38840508460998535,0.6510067114093959,0.6838235294117647,0.4729241877256318,1.0,0.4439476294902339,-0.5800230273898895,0.4439476294902339,1.0,-0.1515611829329084,-0.5800230273898895,-0.1515611829329084,1.0,0.3407777772047536,0.6774286097697629,0.6576334249739554,0.7028749469348362,1.0
