step,train_step_loss,train_acc,train_loss,val_acc,val_loss,alignment_reward,l_conflict,l_conflict_e0,l_conflict_e1,l_conflict_e2,l_conflict_e3,router_conflict_grad_l2,router_entropy,router_load_e0,router_load_e1,router_load_e2,router_load_e3
30.0,1.0987628996372227,0.338623046875,1.1016917532930772,0.3245442708333333,1.1034907003243764,0.010898646898567677,-0.010898646898567677,-0.001930147409439087,-0.0037197889760136604,-0.0025403948966413736,-0.0027083158493041992,0.0,1.3550893763701122,0.1747385859489441,0.33886027336120605,0.22966867685317993,0.2567324638366699
60.0,1.1083186765511834,0.3474934895833333,1.1019222127894561,0.3251953125,1.1108039692044258,0.005032421089708805,-0.005032421089708805,-0.0008669961243867874,-0.001673226011916995,-0.0011341010686010122,-0.0013580978848040104,0.0,1.3531394476691883,0.16803927719593048,0.3371022045612335,0.23273645341396332,0.2621220350265503
90.0,1.0944740722576782,0.3577473958333333,1.0962621917327244,0.3297526041666667,1.1027548958857853,0.001590474508702755,-0.001590474508702755,-0.00029444065876305103,-0.0005173094104975462,-0.0003722862747963518,-0.00040643822285346687,0.0,1.3567453523476918,0.17451392114162445,0.33361396193504333,0.23300093412399292,0.2588711977005005
100.0,1.100524778167407,0.350341796875,1.1010938057055075,0.3235677083333333,1.1073452929655712,0.0037451216485351324,-0.0037451216485351324,-0.0007045305683277547,-0.001225675456225872,-0.0008739908807910979,-0.0009409246849827468,0.0,1.3602477436264355,0.17877857387065887,0.32794487476348877,0.2388339638710022,0.25444263219833374
