step,train_step_loss,train_acc,train_loss,val_acc,val_loss,alignment_reward,l_conflict,l_conflict_e0,l_conflict_e1,l_conflict_e2,l_conflict_e3,router_conflict_grad_l2,router_entropy,router_load_e0,router_load_e1,router_load_e2,router_load_e3
30.0,1.105838090181351,0.34033203125,1.0995709970593452,0.3330078125,1.0998760933677356,0.003394349943846464,-0.003394349943846464,-0.0008344165398739278,-0.0008468547603115439,-0.0008040958200581372,-0.0009089828236028552,0.0,1.382407250503699,0.2510804831981659,0.24815750122070312,0.24675925076007843,0.2540028393268585
60.0,1.1013645529747014,0.3423665364583333,1.0986672316988308,0.3401692708333333,1.100960520406564,0.004055366851389408,-0.004055366851389408,-0.0009742953698150814,-0.0010245470330119133,-0.0010125529952347279,-0.0010439712787047029,0.0,1.3821264157692592,0.24293136596679688,0.2497255951166153,0.24681420624256134,0.2605288028717041
90.0,1.1048078288634622,0.362060546875,1.0958447357018788,0.3411458333333333,1.0990301221609116,0.0025468808598816395,-0.0025468808598816395,-0.0006347179878503084,-0.0006235826294869184,-0.0006397145916707814,-0.0006488656508736312,0.0,1.3821658839782078,0.2430008053779602,0.24565784633159637,0.2533356845378876,0.25800567865371704
100.0,1.0924947162469234,0.3412272135416667,1.0979566797614098,0.3356119791666667,1.1020667478442192,0.0029605645686388016,-0.0029605645686388016,-0.0007185572176240385,-0.0007411223486997187,-0.0007417018059641123,-0.0007591831381432712,0.0,1.3818926165501277,0.2373816817998886,0.2523355782032013,0.24943329393863678,0.2608495056629181
