step,train_step_loss,train_acc,train_loss,val_acc,val_loss,alignment_reward,l_conflict,l_conflict_e0,l_conflict_e1,l_conflict_e2,l_conflict_e3,router_conflict_grad_l2,router_entropy,router_load_e0,router_load_e1,router_load_e2,router_load_e3
30.0,1.1139004578193032,0.3362630208333333,1.1030184645205736,0.3284505208333333,1.1035928030808766,0.002544655231758952,-0.002544655231758952,-0.0006347771268337965,-0.000687898660544306,-0.0005988543853163719,-0.0006231250590644777,0.0,1.3822193716963131,0.2511574327945709,0.2552848160266876,0.23469048738479614,0.2588672935962677
60.0,1.0901281684637074,0.3500162760416667,1.0975016572823126,0.3323567708333333,1.101807028055191,0.0031409040093421936,-0.0031409040093421936,-0.0007867219392210245,-0.0007971249287948012,-0.0007373238913714886,-0.0008197330753318965,0.0,1.3815501655141513,0.2545141875743866,0.2634877860546112,0.22865760326385498,0.25334039330482483
90.0,1.1069850921630866,0.3582356770833333,1.095496041700244,0.3447265625,1.099761314690113,0.004479954019188881,-0.004479954019188881,-0.0011582429287955165,-0.0011691856198012829,-0.0010384151246398687,-0.0011141104623675346,0.0,1.381305458645026,0.25437065958976746,0.2699338495731354,0.23158754408359528,0.24410782754421234
100.0,1.1096129119396214,0.3610026041666667,1.0950561072677374,0.3492838541666667,1.0997118030985196,0.0069923242554068565,-0.0069923242554068565,-0.0017868082504719496,-0.001921085175126791,-0.00162302958779037,-0.0016614014748483896,0.0,1.3810495461026828,0.25588884949684143,0.27154627442359924,0.2316807359457016,0.2408842295408249
