step,train_step_loss,train_acc,train_loss,val_acc,val_loss,router_entropy,router_load_e0,router_load_e1,router_load_e2,router_load_e3
10.0,0.7190099507570267,0.6259407902298015,0.646519327373697,0.6160076283075439,0.652142269031068,1.2642454612586234,0.27813956141471863,0.23526491224765778,0.392130970954895,0.09446467459201813
20.0,0.5643942803144456,0.6446939635656362,0.6270220268986852,0.6320820484486448,0.6313972315545365,1.2679438405428771,0.2784690260887146,0.2313252091407776,0.3903666138648987,0.09983911365270615
30.0,0.618702565630277,0.6341366234285598,0.6335235180876463,0.6288583161157597,0.6432759793440307,1.2621580643786325,0.2815167009830475,0.2335425764322281,0.38681158423423767,0.0981290265917778
40.0,0.6631466448307038,0.6490299846529067,0.605167373334295,0.6421838629409881,0.610981735368681,1.25568145920557,0.2837521731853485,0.23435793817043304,0.3869391679763794,0.09495046734809875
50.0,0.9096476833025615,0.6448503964731559,0.6084867611987774,0.638656958111102,0.6157631583030221,1.2507153690137245,0.28039300441741943,0.24009893834590912,0.38360878825187683,0.09589914232492447
