{
  "best_val_acc": 0.660403741043983,
  "final_val_acc": 0.6407745929762888,
  "method": "ours",
  "num_eval_points": 5
}