{
  "best_val_acc": 0.6421838629409881,
  "final_val_acc": 0.638656958111102,
  "method": "ours",
  "num_eval_points": 5
}