{
  "best_val_acc": 0.6739563547658785,
  "final_val_acc": 0.6501932499148312,
  "method": "ours",
  "num_eval_points": 5
}