step,train_step_loss,train_acc,train_loss,val_acc,val_loss,avg_intra_expert_coherence,expert_diversity_e0,expert_diversity_e1,expert_diversity_e2,expert_diversity_e3,expert_diversity_mean,expert_purity_e0,expert_purity_e1,expert_purity_e2,expert_purity_e3,expert_purity_mean,inter_expert_similarity,inter_expert_similarity_e0_e0,inter_expert_similarity_e0_e1,inter_expert_similarity_e0_e2,inter_expert_similarity_e0_e3,inter_expert_similarity_e1_e0,inter_expert_similarity_e1_e1,inter_expert_similarity_e1_e2,inter_expert_similarity_e1_e3,inter_expert_similarity_e2_e0,inter_expert_similarity_e2_e1,inter_expert_similarity_e2_e2,inter_expert_similarity_e2_e3,inter_expert_similarity_e3_e0,inter_expert_similarity_e3_e1,inter_expert_similarity_e3_e2,inter_expert_similarity_e3_e3,intra_expert_coherence_e0,intra_expert_coherence_e1,intra_expert_coherence_e2,intra_expert_coherence_e3,load_cv,load_max_min_ratio,overall_task_conflict_cos,router_entropy,router_load_e0,router_load_e1,router_load_e2,router_load_e3,task_acc__glue_mrpc,task_conflict_t0_t0,task_grad_norm_cv,task_loss__glue_mrpc,utilization_ratio
50.0,0.5423632264137268,0.6744820065430752,0.6347434869279032,0.6838235294117647,0.6274009094788477,1.0,0.0,0.0,0.0,0.0,0.0,1.0,1.0,1.0,1.0,1.0,-0.011158628950750864,1.0,0.0,0.0,-0.06695177370450518,0.0,1.0,0.0,0.0,0.0,0.0,1.0,0.0,-0.06695177370450518,0.0,0.0,1.0,1.0,1.0,1.0,1.0,1.7118473739987912,991225957870.4834,1.0,0.05029025272119279,0.9912259578704834,0.0,0.0,0.008774313144385815,0.6838235294117647,1.0,0.0,0.6274009094788477,0.25
100.0,0.6630795896053314,0.6744820065430752,0.6352065278136212,0.6838235294117647,0.6314766773810754,1.0,0.0,0.0,0.0,0.0,0.0,1.0,1.0,1.0,1.0,1.0,-0.0009421701329736165,1.0,0.0,0.0,-0.005653020797841699,0.0,1.0,0.0,0.0,0.0,0.0,1.0,0.0,-0.005653020797841699,0.0,0.0,1.0,1.0,1.0,1.0,1.0,1.6977545134143281,985073149204.2542,1.0,0.07757478251176722,0.9850731492042542,0.0,0.0,0.014926505275070667,0.6838235294117647,1.0,0.0,0.6314766773810754,0.25
150.0,0.7289680540561676,0.6744820065430752,0.6543149852882261,0.6838235294117647,0.6429288748365182,1.0,0.0,0.0,0.0,0.0,0.0,1.0,1.0,1.0,1.0,1.0,-0.00051308382771392,1.0,0.0,0.0,-0.00307850296628352,0.0,1.0,0.0,0.0,0.0,0.0,1.0,0.0,-0.00307850296628352,0.0,0.0,1.0,1.0,1.0,1.0,1.0,1.7304036617279053,999286592006.6833,1.0,0.005881938152015209,0.9992865920066833,0.0,0.0,0.0007133784820325673,0.6838235294117647,1.0,0.0,0.6429288748365182,0.25
