step,train_step_loss,train_acc,train_loss,val_acc,val_loss,avg_intra_expert_coherence,expert_diversity_e0,expert_diversity_e1,expert_diversity_e2,expert_diversity_e3,expert_diversity_mean,expert_purity_e0,expert_purity_e1,expert_purity_e2,expert_purity_e3,expert_purity_mean,inter_expert_similarity,inter_expert_similarity_e0_e0,inter_expert_similarity_e0_e1,inter_expert_similarity_e0_e2,inter_expert_similarity_e0_e3,inter_expert_similarity_e1_e0,inter_expert_similarity_e1_e1,inter_expert_similarity_e1_e2,inter_expert_similarity_e1_e3,inter_expert_similarity_e2_e0,inter_expert_similarity_e2_e1,inter_expert_similarity_e2_e2,inter_expert_similarity_e2_e3,inter_expert_similarity_e3_e0,inter_expert_similarity_e3_e1,inter_expert_similarity_e3_e2,inter_expert_similarity_e3_e3,intra_expert_coherence_e0,intra_expert_coherence_e1,intra_expert_coherence_e2,intra_expert_coherence_e3,load_cv,load_max_min_ratio,overall_task_conflict_cos,router_entropy,router_load_e0,router_load_e1,router_load_e2,router_load_e3,task_acc__glue_mrpc,task_conflict_t0_t0,task_grad_norm_cv,task_loss__glue_mrpc,utilization_ratio
50.0,0.6973047256469727,0.3255179934569248,0.7429907754711483,0.3161764705882353,0.7447225909966689,1.0,0.0,0.0,0.0,0.0,0.0,1.0,1.0,1.0,1.0,1.0,-0.007227546017057714,1.0,0.0,0.0,0.0,0.0,1.0,-0.043365276102346285,0.0,0.0,-0.043365276102346285,1.0,0.0,0.0,0.0,0.0,1.0,1.0,1.0,1.0,1.0,1.7085628359689107,989794552326.2024,1.0,0.0569453164935112,0.0,0.9897945523262024,0.010205842554569244,0.0,0.3161764705882353,1.0,0.0,0.7447225909966689,0.25
100.0,0.6689095199108124,0.6744820065430752,0.6336082766885343,0.6838235294117647,0.6278442316330396,1.0,0.0,0.0,0.0,0.0,0.0,1.0,1.0,1.0,1.0,1.0,0.050317290291303544,1.0,0.0,0.0,0.0,0.0,1.0,0.30190374174782125,0.0,0.0,0.30190374174782125,1.0,0.0,0.0,0.0,0.0,1.0,1.0,1.0,1.0,1.0,1.6786814736534044,976703643798.8281,1.0,0.11060440861711315,0.0,0.9767036437988281,0.023296311497688293,0.0,0.6838235294117647,1.0,0.0,0.6278442316330396,0.25
150.0,0.6456478536128998,0.6744820065430752,0.6352265405914058,0.6838235294117647,0.6310014094297702,1.0,0.0,0.0,0.0,0.0,0.0,1.0,1.0,1.0,1.0,1.0,0.0581100334146325,1.0,0.0,0.0,0.0,0.0,1.0,0.348660200487795,0.0,0.0,0.348660200487795,1.0,0.0,0.0,0.0,0.0,1.0,1.0,1.0,1.0,1.0,1.635888197176945,957729399204.2542,1.0,0.17509403269664914,0.0,0.9577293992042542,0.042270537465810776,0.0,0.6838235294117647,1.0,0.0,0.6310014094297702,0.25
