{
  "completed_jobs": 8,
  "current_phase": "",
  "elapsed_sec": 498.3158988952637,
  "eta_sec": null,
  "failed_jobs": 0,
  "percent": 100.0,
  "started_at_epoch": 1773668312.0055232,
  "total_jobs": 8,
  "updated_at_epoch": 1773668810.3214278
}