step,train_step_loss,train_acc,train_loss,val_acc,val_loss,avg_intra_expert_coherence,expert_diversity_e0,expert_diversity_e1,expert_diversity_e2,expert_diversity_e3,expert_diversity_mean,expert_purity_e0,expert_purity_e1,expert_purity_e2,expert_purity_e3,expert_purity_mean,inter_expert_similarity,inter_expert_similarity_e0_e0,inter_expert_similarity_e0_e1,inter_expert_similarity_e0_e2,inter_expert_similarity_e0_e3,inter_expert_similarity_e1_e0,inter_expert_similarity_e1_e1,inter_expert_similarity_e1_e2,inter_expert_similarity_e1_e3,inter_expert_similarity_e2_e0,inter_expert_similarity_e2_e1,inter_expert_similarity_e2_e2,inter_expert_similarity_e2_e3,inter_expert_similarity_e3_e0,inter_expert_similarity_e3_e1,inter_expert_similarity_e3_e2,inter_expert_similarity_e3_e3,intra_expert_coherence_e0,intra_expert_coherence_e1,intra_expert_coherence_e2,intra_expert_coherence_e3,load_cv,load_max_min_ratio,overall_task_conflict_cos,router_entropy,router_load_e0,router_load_e1,router_load_e2,router_load_e3,task_acc__glue_rte,task_conflict_t0_t0,task_grad_norm_cv,task_loss__glue_rte,utilization_ratio
50.0,0.6823152303695679,0.5714859437751004,0.676056382098259,0.5415162454873647,0.6945022907521989,1.0,0.0,0.0,0.0,0.0,0.0,1.0,1.0,1.0,1.0,1.0,0.05210918380513063,1.0,0.0,0.0,0.3126551028307838,0.0,1.0,0.0,0.0,0.0,0.0,1.0,0.0,0.3126551028307838,0.0,0.0,1.0,1.0,1.0,1.0,1.0,1.0099296569824219,549947261810.3027,1.0,0.6874543837261544,0.45005279779434204,0.0,0.0,0.5499472618103027,0.5415162454873647,1.0,0.0,0.6945022907521989,0.5
100.0,0.7414499819278717,0.689156626506024,0.58239910826087,0.6750902527075813,0.611939340002007,1.0,0.0,0.0,0.0,0.0,0.0,1.0,1.0,1.0,1.0,1.0,0.06202717255057664,1.0,0.0,0.0,0.37216303530345984,0.0,1.0,0.0,0.0,0.0,0.0,1.0,0.0,0.37216303530345984,0.0,0.0,1.0,1.0,1.0,1.0,1.0,0.9911673069000244,308.4214807178946,1.0,0.6866260728250773,0.49395620822906494,0.001626337063498795,0.0028201788663864136,0.5015972852706909,0.6750902527075813,1.0,0.0,0.611939340002007,0.5
150.0,0.5831100344657898,0.7016064257028113,0.5632300873024341,0.6678700361010831,0.6119408971733518,1.0,0.0,0.0,0.0,0.0,0.0,1.0,1.0,1.0,1.0,1.0,0.02937258870178798,1.0,0.0,0.0,0.17623553221072788,0.0,1.0,0.0,0.0,0.0,0.0,1.0,0.0,0.17623553221072788,0.0,0.0,1.0,1.0,1.0,1.0,1.0,1.0002729892730713,508262395858.76465,1.0,0.6894170876444462,0.5082623958587646,0.0,0.0,0.49173760414123535,0.6678700361010831,1.0,0.0,0.6119408971733518,0.5
