step,train_step_loss,train_acc,train_loss,val_acc,val_loss,avg_intra_expert_coherence,expert_diversity_e0,expert_diversity_e1,expert_diversity_e2,expert_diversity_e3,expert_diversity_mean,expert_purity_e0,expert_purity_e1,expert_purity_e2,expert_purity_e3,expert_purity_mean,inter_expert_similarity,inter_expert_similarity_e0_e0,inter_expert_similarity_e0_e1,inter_expert_similarity_e0_e2,inter_expert_similarity_e0_e3,inter_expert_similarity_e1_e0,inter_expert_similarity_e1_e1,inter_expert_similarity_e1_e2,inter_expert_similarity_e1_e3,inter_expert_similarity_e2_e0,inter_expert_similarity_e2_e1,inter_expert_similarity_e2_e2,inter_expert_similarity_e2_e3,inter_expert_similarity_e3_e0,inter_expert_similarity_e3_e1,inter_expert_similarity_e3_e2,inter_expert_similarity_e3_e3,intra_expert_coherence_e0,intra_expert_coherence_e1,intra_expert_coherence_e2,intra_expert_coherence_e3,load_cv,load_max_min_ratio,overall_task_conflict_cos,router_entropy,router_load_e0,router_load_e1,router_load_e2,router_load_e3,task_acc__glue_mrpc,task_conflict_t0_t0,task_grad_norm_cv,task_loss__glue_mrpc,utilization_ratio
50.0,0.5341647863388062,0.6744820065430752,0.6314780057124469,0.6838235294117647,0.626299605346643,1.0,0.0,0.0,0.0,0.0,0.0,1.0,1.0,1.0,1.0,1.0,0.012846389105421291,1.0,0.07707833463252775,0.0,0.0,0.07707833463252775,1.0,0.0,0.0,0.0,0.0,1.0,0.0,0.0,0.0,0.0,1.0,1.0,1.0,1.0,1.0,1.2216078571338314,748073816299.4385,1.0,0.564441137454089,0.2519259452819824,0.7480738162994385,0.0,0.0,0.6838235294117647,1.0,0.0,0.626299605346643,0.5
100.0,0.6746512055397034,0.6744820065430752,0.6449996869201245,0.6838235294117647,0.6423364946475396,1.0,0.0,0.0,0.0,0.0,0.0,1.0,1.0,1.0,1.0,1.0,0.007503321805765534,1.0,0.0450199308345932,0.0,0.0,0.0450199308345932,1.0,0.0,0.0,0.0,0.0,1.0,0.0,0.0,0.0,0.0,1.0,1.0,1.0,1.0,1.0,1.6120227308219122,947020530700.6836,1.0,0.20719693367387734,0.052979666739702225,0.9470205307006836,0.0,0.0,0.6838235294117647,1.0,0.0,0.6423364946475396,0.25
150.0,0.6581835150718689,0.6744820065430752,0.6320449398263641,0.6838235294117647,0.6253768664139968,1.0,0.0,0.0,0.0,0.0,0.0,1.0,1.0,1.0,1.0,1.0,0.016509872740989456,1.0,0.09905923644593674,0.0,0.0,0.09905923644593674,1.0,0.0,0.0,0.0,0.0,1.0,0.0,0.0,0.0,0.0,1.0,1.0,1.0,1.0,1.0,1.4324008548732496,862590432167.0532,1.0,0.4002339325699152,0.13741005957126617,0.8625904321670532,0.0,0.0,0.6838235294117647,1.0,0.0,0.6253768664139968,0.5
