step,train_step_loss,train_acc,train_loss,val_acc,val_loss,avg_intra_expert_coherence,expert_diversity_e0,expert_diversity_e1,expert_diversity_e2,expert_diversity_e3,expert_diversity_mean,expert_purity_e0,expert_purity_e1,expert_purity_e2,expert_purity_e3,expert_purity_mean,inter_expert_similarity,inter_expert_similarity_e0_e0,inter_expert_similarity_e0_e1,inter_expert_similarity_e0_e2,inter_expert_similarity_e0_e3,inter_expert_similarity_e1_e0,inter_expert_similarity_e1_e1,inter_expert_similarity_e1_e2,inter_expert_similarity_e1_e3,inter_expert_similarity_e2_e0,inter_expert_similarity_e2_e1,inter_expert_similarity_e2_e2,inter_expert_similarity_e2_e3,inter_expert_similarity_e3_e0,inter_expert_similarity_e3_e1,inter_expert_similarity_e3_e2,inter_expert_similarity_e3_e3,intra_expert_coherence_e0,intra_expert_coherence_e1,intra_expert_coherence_e2,intra_expert_coherence_e3,load_cv,load_max_min_ratio,overall_task_conflict_cos,router_entropy,router_load_e0,router_load_e1,router_load_e2,router_load_e3,task_acc__glue_mrpc,task_conflict_t0_t0,task_grad_norm_cv,task_loss__glue_mrpc,utilization_ratio
50.0,0.5753183215856552,0.6744820065430752,0.644852698367575,0.6838235294117647,0.6421769055036398,1.0,0.0,0.0,0.0,0.0,0.0,1.0,1.0,1.0,1.0,1.0,0.009395595812780193,1.0,0.0,0.0,0.05637357487668116,0.0,1.0,0.0,0.0,0.0,0.0,1.0,0.0,0.05637357487668116,0.0,0.0,1.0,1.0,1.0,1.0,1.0,1.008449791854645,546058535575.8667,1.0,0.6888984161264756,0.45394158363342285,0.0,0.0,0.5460585355758667,0.6838235294117647,1.0,0.0,0.6421769055036398,0.5
100.0,0.6605537831783295,0.6744820065430752,0.650926548242569,0.6838235294117647,0.6478995336936071,1.0,0.0,0.0,0.0,0.0,0.0,1.0,1.0,1.0,1.0,1.0,0.013436017149812797,1.0,0.08061610289887679,0.0,0.0,0.08061610289887679,1.0,0.0,0.0,0.0,0.0,1.0,0.0,0.0,0.0,0.0,1.0,1.0,1.0,1.0,1.0,1.144128526656979,696542203426.3611,1.0,0.6137657294086382,0.6965422034263611,0.30345797538757324,0.0,0.0,0.6838235294117647,1.0,0.0,0.6478995336936071,0.5
150.0,0.6208129227161407,0.6744820065430752,0.6309313496817713,0.6838235294117647,0.624823445884081,1.0,0.0,0.0,0.0,0.0,0.0,1.0,1.0,1.0,1.0,1.0,0.011120946944784644,1.0,0.0,0.0,0.06672568166870786,0.0,1.0,0.0,0.0,0.0,0.0,1.0,0.0,0.06672568166870786,0.0,0.0,1.0,1.0,1.0,1.0,1.0,1.1767952093101546,719330191612.2437,1.0,0.5935845117942959,0.7193301916122437,0.0,0.0,0.28066930174827576,0.6838235294117647,1.0,0.0,0.624823445884081,0.5
