step,train_step_loss,train_acc,train_loss,val_acc,val_loss,avg_intra_expert_coherence,expert_diversity_e0,expert_diversity_e1,expert_diversity_e2,expert_diversity_e3,expert_diversity_mean,expert_purity_e0,expert_purity_e1,expert_purity_e2,expert_purity_e3,expert_purity_mean,inter_expert_similarity,inter_expert_similarity_e0_e0,inter_expert_similarity_e0_e1,inter_expert_similarity_e0_e2,inter_expert_similarity_e0_e3,inter_expert_similarity_e1_e0,inter_expert_similarity_e1_e1,inter_expert_similarity_e1_e2,inter_expert_similarity_e1_e3,inter_expert_similarity_e2_e0,inter_expert_similarity_e2_e1,inter_expert_similarity_e2_e2,inter_expert_similarity_e2_e3,inter_expert_similarity_e3_e0,inter_expert_similarity_e3_e1,inter_expert_similarity_e3_e2,inter_expert_similarity_e3_e3,intra_expert_coherence_e0,intra_expert_coherence_e1,intra_expert_coherence_e2,intra_expert_coherence_e3,load_cv,load_max_min_ratio,overall_task_conflict_cos,router_entropy,router_load_e0,router_load_e1,router_load_e2,router_load_e3,task_acc__glue_mrpc,task_conflict_t0_t0,task_grad_norm_cv,task_loss__glue_mrpc,utilization_ratio
50.0,0.5700066089630127,0.6744820065430752,0.6316686914018963,0.6838235294117647,0.6265710162428709,1.0,0.0,0.0,0.0,0.0,0.0,1.0,1.0,1.0,1.0,1.0,0.022626489396053034,1.0,0.05156045947662091,0.019602685203275006,-0.0945178714253332,0.05156045947662091,1.0,0.12493510374577406,-0.1563427474462845,0.019602685203275006,0.12493510374577406,1.0,0.19052130682226595,-0.0945178714253332,-0.1563427474462845,0.19052130682226595,1.0,1.0,1.0,1.0,1.0,1.5593439482078428,63.90554030091836,1.0,0.34055524129493564,0.018537409603595734,0.014474017545580864,0.04201840981841087,0.9249699115753174,0.6838235294117647,1.0,0.0,0.6265710162428709,0.25
100.0,0.6666458249092102,0.6744820065430752,0.6376936276321826,0.6838235294117647,0.6342964413074347,1.0,0.0,0.0,0.0,0.0,0.0,1.0,1.0,1.0,1.0,1.0,-0.011529312880697903,1.0,-0.35529193691015,0.32565340226129247,0.48461753197975216,-0.35529193691015,1.0,-0.4196696350268226,0.13359964018822215,0.32565340226129247,-0.4196696350268226,1.0,-0.23808487977648163,0.48461753197975216,0.13359964018822215,-0.23808487977648163,1.0,1.0,1.0,1.0,1.0,0.8600333070675594,7.4599955691653825,1.0,1.058284373844371,0.208467498421669,0.08212591707706451,0.09674785286188126,0.6126589775085449,0.6838235294117647,1.0,0.0,0.6342964413074347,0.5
