step,train_step_loss,train_acc,train_loss,val_acc,val_loss,avg_intra_expert_coherence,expert_diversity_e0,expert_diversity_e1,expert_diversity_e2,expert_diversity_e3,expert_diversity_mean,expert_purity_e0,expert_purity_e1,expert_purity_e2,expert_purity_e3,expert_purity_mean,inter_expert_similarity,inter_expert_similarity_e0_e0,inter_expert_similarity_e0_e1,inter_expert_similarity_e0_e2,inter_expert_similarity_e0_e3,inter_expert_similarity_e1_e0,inter_expert_similarity_e1_e1,inter_expert_similarity_e1_e2,inter_expert_similarity_e1_e3,inter_expert_similarity_e2_e0,inter_expert_similarity_e2_e1,inter_expert_similarity_e2_e2,inter_expert_similarity_e2_e3,inter_expert_similarity_e3_e0,inter_expert_similarity_e3_e1,inter_expert_similarity_e3_e2,inter_expert_similarity_e3_e3,intra_expert_coherence_e0,intra_expert_coherence_e1,intra_expert_coherence_e2,intra_expert_coherence_e3,load_cv,load_max_min_ratio,overall_task_conflict_cos,router_entropy,router_load_e0,router_load_e1,router_load_e2,router_load_e3,task_acc__glue_mrpc,task_conflict_t0_t0,task_grad_norm_cv,task_loss__glue_mrpc,utilization_ratio
50.0,0.6156909763813019,0.6744820065430752,0.6571553081274033,0.6838235294117647,0.6553745086376483,1.0,0.0,0.0,0.0,0.0,0.0,1.0,1.0,1.0,1.0,1.0,-0.047090127491816534,1.0,0.030278288548664687,0.02258614193903822,0.17653932068983105,0.030278288548664687,1.0,-0.0865395249063872,-0.4134631866342146,0.02258614193903822,-0.0865395249063872,1.0,-0.011941804587831313,0.17653932068983105,-0.4134631866342146,-0.011941804587831313,1.0,1.0,1.0,1.0,1.0,1.181869691086897,593.7035038832436,1.0,0.6233807837261873,0.0012246675323694944,0.7270894050598145,0.26552796363830566,0.006157570984214544,0.6838235294117647,1.0,0.0,0.6553745086376483,0.5
100.0,0.6908614039421082,0.6744820065430752,0.677510007308877,0.6838235294117647,0.6765779073421772,1.0,0.0,0.0,0.0,0.0,0.0,1.0,1.0,1.0,1.0,1.0,-0.07512687686320148,1.0,-0.1697833201763326,-0.15075274856763357,0.3989843826020323,-0.1697833201763326,1.0,0.08174825357569745,-0.5000520545513603,-0.15075274856763357,0.08174825357569745,1.0,-0.11090577406161214,0.3989843826020323,-0.5000520545513603,-0.11090577406161214,1.0,1.0,1.0,1.0,1.0,1.5638637847250865,3223.569657705681,1.0,0.27247153719266254,0.0008623413741588593,0.9251978993415833,0.07365226745605469,0.00028701036353595555,0.6838235294117647,1.0,0.0,0.6765779073421772,0.25
