{
  "completed_jobs": 8,
  "current_phase": "",
  "elapsed_sec": 1319.797334432602,
  "eta_sec": null,
  "failed_jobs": 0,
  "percent": 100.0,
  "started_at_epoch": 1773665148.9433038,
  "total_jobs": 8,
  "updated_at_epoch": 1773666468.7406428
}