{
  "completed_jobs": 8,
  "current_phase": "",
  "elapsed_sec": 65.95822358131409,
  "eta_sec": null,
  "failed_jobs": 0,
  "percent": 100.0,
  "started_at_epoch": 1773814188.063935,
  "total_jobs": 8,
  "updated_at_epoch": 1773814254.0221636
}