step,train_step_loss,train_acc,train_loss,val_acc,val_loss,router_entropy,router_load_e0,router_load_e1,router_load_e2,router_load_e3
5.0,0.6429247856140137,0.6744820065430752,0.6222019343272499,0.6838235294117647,0.6193511039018631,1.3422918904061412,0.3234212398529053,0.1648406982421875,0.22168417274951935,0.2900539040565491
