step,train_step_loss,train_acc,train_loss,val_acc,val_loss,router_entropy,router_load_e0,router_load_e1,router_load_e2,router_load_e3
5.0,0.6004259288311005,0.7194656488549618,0.5921242751505064,0.7107843137254902,0.5860482591849107,1.3105034290575515,0.18611587584018707,0.2693151533603668,0.39410239458084106,0.15046653151512146
