step,train_step_loss,train_acc,train_loss,val_acc,val_loss,alignment_reward,l_conflict,l_conflict_e0,l_conflict_e1,l_conflict_e2,l_conflict_e3,router_conflict_grad_l2,router_entropy,router_load_e0,router_load_e1,router_load_e2,router_load_e3
5.0,0.6351897716522217,0.7006543075245365,0.623992911240329,0.7156862745098039,0.6189951713268573,0.055477216839790344,-0.055477216839790344,-0.013431900180876255,-0.0076403534039855,-0.025778906419873238,-0.008626054972410202,0.0,1.2396760547862333,0.23823906481266022,0.13663716614246368,0.4758720099925995,0.14925174415111542
