step,train_step_loss,train_acc,train_loss,val_acc,val_loss,avg_intra_expert_coherence,expert_diversity_e0,expert_diversity_e1,expert_diversity_e2,expert_diversity_e3,expert_diversity_mean,expert_purity_e0,expert_purity_e1,expert_purity_e2,expert_purity_e3,expert_purity_mean,inter_expert_similarity,inter_expert_similarity_e0_e0,inter_expert_similarity_e0_e1,inter_expert_similarity_e0_e2,inter_expert_similarity_e0_e3,inter_expert_similarity_e1_e0,inter_expert_similarity_e1_e1,inter_expert_similarity_e1_e2,inter_expert_similarity_e1_e3,inter_expert_similarity_e2_e0,inter_expert_similarity_e2_e1,inter_expert_similarity_e2_e2,inter_expert_similarity_e2_e3,inter_expert_similarity_e3_e0,inter_expert_similarity_e3_e1,inter_expert_similarity_e3_e2,inter_expert_similarity_e3_e3,intra_expert_coherence_e0,intra_expert_coherence_e1,intra_expert_coherence_e2,intra_expert_coherence_e3,load_cv,load_max_min_ratio,overall_task_conflict_cos,router_entropy,router_load_e0,router_load_e1,router_load_e2,router_load_e3,task_acc__glue_mrpc,task_conflict_t0_t0,task_grad_norm_cv,task_loss__glue_mrpc,utilization_ratio
50.0,0.4958716779947281,0.8015267175572519,0.43484470342164455,0.7941176470588235,0.43991917400405955,1.0,0.0,0.0,0.0,0.0,0.0,1.0,1.0,1.0,1.0,1.0,-0.025063545691695704,1.0,0.10562983323949653,-0.09119294126873072,-0.3738612712807941,0.10562983323949653,1.0,0.27215300333103715,-0.1984556278088216,-0.09119294126873072,0.27215300333103715,1.0,0.13534572963763852,-0.3738612712807941,-0.1984556278088216,0.13534572963763852,1.0,1.0,1.0,1.0,1.0,0.45612662507613005,3.134681750782188,1.0,1.2723148056105071,0.1517639011144638,0.33055147528648376,0.3924791216850281,0.1252054125070572,0.7941176470588235,1.0,0.0,0.43991917400405955,1.0
100.0,0.21839943528175354,0.8852235550708834,0.26995868900709824,0.8553921568627451,0.3258573084066694,1.0,0.0,0.0,0.0,0.0,0.0,1.0,1.0,1.0,1.0,1.0,-0.0351615842620485,1.0,-0.03139522678553122,-0.14135650636326202,0.12054144398272504,-0.03139522678553122,1.0,-0.11227612979388761,0.03984588168336972,-0.14135650636326202,-0.11227612979388761,1.0,-0.0863289682957049,0.12054144398272504,0.03984588168336972,-0.0863289682957049,1.0,1.0,1.0,1.0,1.0,0.5035254659369865,3.7531101751241347,1.0,1.2538259520250208,0.16508151590824127,0.4465487599372864,0.26938867568969727,0.11898098886013031,0.8553921568627451,1.0,0.0,0.3258573084066694,0.75
