step,train_step_loss,train_acc,train_loss,val_acc,val_loss,avg_intra_expert_coherence,expert_diversity_e0,expert_diversity_e1,expert_diversity_e2,expert_diversity_e3,expert_diversity_mean,expert_purity_e0,expert_purity_e1,expert_purity_e2,expert_purity_e3,expert_purity_mean,inter_expert_similarity,inter_expert_similarity_e0_e0,inter_expert_similarity_e0_e1,inter_expert_similarity_e0_e2,inter_expert_similarity_e0_e3,inter_expert_similarity_e1_e0,inter_expert_similarity_e1_e1,inter_expert_similarity_e1_e2,inter_expert_similarity_e1_e3,inter_expert_similarity_e2_e0,inter_expert_similarity_e2_e1,inter_expert_similarity_e2_e2,inter_expert_similarity_e2_e3,inter_expert_similarity_e3_e0,inter_expert_similarity_e3_e1,inter_expert_similarity_e3_e2,inter_expert_similarity_e3_e3,intra_expert_coherence_e0,intra_expert_coherence_e1,intra_expert_coherence_e2,intra_expert_coherence_e3,load_cv,load_max_min_ratio,overall_task_conflict_cos,router_entropy,router_load_e0,router_load_e1,router_load_e2,router_load_e3,task_acc__glue_mrpc,task_conflict_t0_t0,task_grad_norm_cv,task_loss__glue_mrpc,utilization_ratio
50.0,0.2784252017736435,0.7979825517993457,0.4418538689613342,0.8063725490196079,0.43005479069856495,1.0,0.0,0.0,0.0,0.0,0.0,1.0,1.0,1.0,1.0,1.0,-0.10551378504741953,1.0,0.424819133421578,-0.12204902862115038,-0.05168182058258757,0.424819133421578,1.0,-0.40684888392378843,-0.38651933551610906,-0.12204902862115038,-0.40684888392378843,1.0,-0.09080277506245965,-0.05168182058258757,-0.38651933551610906,-0.09080277506245965,1.0,1.0,1.0,1.0,1.0,0.41239455342292786,2.5457798775230347,1.0,1.2985925136827956,0.19195204973220825,0.16743052005767822,0.4262412488460541,0.21437622606754303,0.8063725490196079,1.0,0.0,0.43005479069856495,1.0
100.0,0.5008176565170288,0.8625954198473282,0.32839584687481754,0.8529411764705882,0.3401919634869465,1.0,0.0,0.0,0.0,0.0,0.0,1.0,1.0,1.0,1.0,1.0,0.08595750666597118,1.0,-0.1780148599978933,0.07748923391057218,0.09837946659803165,-0.1780148599978933,1.0,-0.17439773125236468,0.2909525065218171,0.07748923391057218,-0.17439773125236468,1.0,0.4013364242156642,0.09837946659803165,0.2909525065218171,0.4013364242156642,1.0,1.0,1.0,1.0,1.0,0.34835256953804855,2.5608615212306813,1.0,1.312691001331105,0.2720988094806671,0.1484786719083786,0.3802333176136017,0.19918926060199738,0.8529411764705882,1.0,0.0,0.3401919634869465,1.0
