step,train_step_loss,train_acc,train_loss,val_acc,val_loss,avg_intra_expert_coherence,expert_diversity_e0,expert_diversity_e1,expert_diversity_e2,expert_diversity_e3,expert_diversity_mean,expert_purity_e0,expert_purity_e1,expert_purity_e2,expert_purity_e3,expert_purity_mean,inter_expert_similarity,inter_expert_similarity_e0_e0,inter_expert_similarity_e0_e1,inter_expert_similarity_e0_e2,inter_expert_similarity_e0_e3,inter_expert_similarity_e1_e0,inter_expert_similarity_e1_e1,inter_expert_similarity_e1_e2,inter_expert_similarity_e1_e3,inter_expert_similarity_e2_e0,inter_expert_similarity_e2_e1,inter_expert_similarity_e2_e2,inter_expert_similarity_e2_e3,inter_expert_similarity_e3_e0,inter_expert_similarity_e3_e1,inter_expert_similarity_e3_e2,inter_expert_similarity_e3_e3,intra_expert_coherence_e0,intra_expert_coherence_e1,intra_expert_coherence_e2,intra_expert_coherence_e3,load_cv,load_max_min_ratio,overall_task_conflict_cos,router_entropy,router_load_e0,router_load_e1,router_load_e2,router_load_e3,task_acc__glue_mrpc,task_conflict_t0_t0,task_grad_norm_cv,task_loss__glue_mrpc,utilization_ratio
50.0,0.561118870973587,0.6744820065430752,0.632639481710351,0.6838235294117647,0.6278578914128817,1.0,0.0,0.0,0.0,0.0,0.0,1.0,1.0,1.0,1.0,1.0,0.006649342266643953,1.0,0.0,0.03989605359986372,0.0,0.0,1.0,0.0,0.0,0.03989605359986372,0.0,1.0,0.0,0.0,0.0,0.0,1.0,1.0,1.0,1.0,1.0,1.7247502683402387,996834933757.782,1.0,0.02137401323838561,0.996834933757782,0.0,0.003164570080116391,0.0,0.6838235294117647,1.0,0.0,0.6278578914128817,0.25
100.0,0.666600376367569,0.6744820065430752,0.6346773051697275,0.6838235294117647,0.6308663854232202,1.0,0.0,0.0,0.0,0.0,0.0,1.0,1.0,1.0,1.0,1.0,0.0020530454525769194,1.0,0.0,0.012318272715461516,0.0,0.0,1.0,0.0,0.0,0.012318272715461516,0.0,1.0,0.0,0.0,0.0,0.0,1.0,1.0,1.0,1.0,1.0,1.7257545975132236,997271537780.7617,1.0,0.018835973761537495,0.9972715377807617,0.0,0.0027288561686873436,0.0,0.6838235294117647,1.0,0.0,0.6308663854232202,0.25
150.0,0.6871649324893951,0.6744820065430752,0.6372750968388889,0.6838235294117647,0.6282084836409643,1.0,0.0,0.0,0.0,0.0,0.0,1.0,1.0,1.0,1.0,1.0,-0.0014362290833361384,1.0,0.0,-0.00861737450001683,0.0,0.0,1.0,0.0,0.0,-0.00861737450001683,0.0,1.0,0.0,0.0,0.0,0.0,1.0,1.0,1.0,1.0,1.0,1.7310096116020148,999549567699.4324,1.0,0.003924923026751654,0.9995495676994324,0.0,0.00045093896915204823,0.0,0.6838235294117647,1.0,0.0,0.6282084836409643,0.25
