step,train_step_loss,train_acc,train_loss,val_acc,val_loss,avg_intra_expert_coherence,expert_diversity_e0,expert_diversity_e1,expert_diversity_e2,expert_diversity_e3,expert_diversity_mean,expert_purity_e0,expert_purity_e1,expert_purity_e2,expert_purity_e3,expert_purity_mean,inter_expert_similarity,inter_expert_similarity_e0_e0,inter_expert_similarity_e0_e1,inter_expert_similarity_e0_e2,inter_expert_similarity_e0_e3,inter_expert_similarity_e1_e0,inter_expert_similarity_e1_e1,inter_expert_similarity_e1_e2,inter_expert_similarity_e1_e3,inter_expert_similarity_e2_e0,inter_expert_similarity_e2_e1,inter_expert_similarity_e2_e2,inter_expert_similarity_e2_e3,inter_expert_similarity_e3_e0,inter_expert_similarity_e3_e1,inter_expert_similarity_e3_e2,inter_expert_similarity_e3_e3,intra_expert_coherence_e0,intra_expert_coherence_e1,intra_expert_coherence_e2,intra_expert_coherence_e3,load_cv,load_max_min_ratio,overall_task_conflict_cos,router_entropy,router_load_e0,router_load_e1,router_load_e2,router_load_e3,task_acc__glue_mrpc,task_conflict_t0_t0,task_grad_norm_cv,task_loss__glue_mrpc,utilization_ratio
50.0,0.6939283013343811,0.6744820065430752,0.8063810276272504,0.6838235294117647,0.7910560872405767,1.0,0.0,0.0,0.0,0.0,0.0,1.0,1.0,1.0,1.0,1.0,0.007022417465444114,1.0,0.0,0.0,0.0,0.0,1.0,0.04213450479266469,0.0,0.0,0.04213450479266469,1.0,0.0,0.0,0.0,0.0,1.0,1.0,1.0,1.0,1.0,1.7306997547031326,999415218830.1086,1.0,0.004940230865031481,0.0,0.9994152188301086,0.0005850997404195368,0.0,0.6838235294117647,1.0,0.0,0.7910560872405767,0.25
100.0,0.6618689298629761,0.6744820065430752,0.6470733590747999,0.6838235294117647,0.6436339410451742,1.0,0.0,0.0,0.0,0.0,0.0,1.0,1.0,1.0,1.0,1.0,0.002117407366871133,1.0,0.0,0.0,0.0,0.0,1.0,0.012704444201226796,0.0,0.0,0.012704444201226796,1.0,0.0,0.0,0.0,0.0,1.0,1.0,1.0,1.0,1.0,1.7260688755758555,997407138347.6257,1.0,0.018027773163482256,0.0,0.9974071383476257,0.0025924898218363523,0.0,0.6838235294117647,1.0,0.0,0.6436339410451742,0.25
150.0,0.5988894104957581,0.6744820065430752,0.6323007617307745,0.6838235294117647,0.6255453802072085,1.0,0.0,0.0,0.0,0.0,0.0,1.0,1.0,1.0,1.0,1.0,0.00019680059027393383,1.0,0.0,0.0,0.0,0.0,1.0,0.001180803541643603,0.0,0.0,0.001180803541643603,1.0,0.0,0.0,0.0,0.0,1.0,1.0,1.0,1.0,1.0,1.7291642328091779,998749077320.0989,1.0,0.009607809595763683,0.0,0.9987490773200989,0.0012504300102591515,0.0,0.6838235294117647,1.0,0.0,0.6255453802072085,0.25
