{
  "completed_jobs": 7,
  "current_phase": "",
  "elapsed_sec": 1191.4553878307343,
  "eta_sec": null,
  "failed_jobs": 0,
  "percent": 100.0,
  "started_at_epoch": 1773807889.8664207,
  "total_jobs": 7,
  "updated_at_epoch": 1773809081.3218112
}