{
  "best_val_acc": 0.6890304244360664,
  "final_val_acc": 0.6890304244360664,
  "method": "ours",
  "num_eval_points": 5
}