{
  "best_val_acc": 0.6823044149132206,
  "final_val_acc": 0.6823044149132206,
  "method": "ours",
  "num_eval_points": 5
}