step,train_step_loss,train_acc,train_loss,val_acc,val_loss,router_entropy,router_load_e0,router_load_e1,router_load_e2,router_load_e3
30.0,0.5953773260116577,0.6481690996816817,0.6107941252328236,0.6620453574786346,0.6076822617749152,1.3428958335684404,0.17349664866924286,0.22459043562412262,0.28548094630241394,0.3164319694042206
60.0,0.5356589059034984,0.6298200333663293,0.6551718617366028,0.6404866003129217,0.6533317836892747,1.3365477274551436,0.17090298235416412,0.2258361577987671,0.2620691657066345,0.3411918580532074
90.0,0.7083257337411245,0.6738014851597157,0.603692228625773,0.6775714768256537,0.6064559848341563,1.3477576819972859,0.17582567036151886,0.24915136396884918,0.280070424079895,0.29495254158973694
120.0,0.8244397441546122,0.6722863731942015,0.5902761908645592,0.6642033795241419,0.5970348858996243,1.3451662357482645,0.18471355736255646,0.2412216067314148,0.2670394480228424,0.3070252239704132
150.0,0.6645475576321285,0.7077459978447952,0.5385691276557636,0.6823044149132206,0.5538190678862943,1.3451136572079525,0.19231002032756805,0.23840074241161346,0.26520198583602905,0.3040873110294342
