{
  "best_val_acc": 0.6924123545023692,
  "final_val_acc": 0.6924123545023692,
  "method": "ours",
  "num_eval_points": 5
}