step,train_step_loss,train_acc,train_loss,val_acc,val_loss,router_entropy,router_load_e0,router_load_e1,router_load_e2,router_load_e3
30.0,0.642299105723699,0.6416082253651871,0.6297537465042685,0.6268821947406152,0.6445109005520445,1.3204775470550414,0.3077300786972046,0.13419269025325775,0.263732373714447,0.29434478282928467
60.0,0.5298681259155275,0.6745462874355933,0.5857335086424017,0.6462908421511538,0.5987302543593015,1.3138390036506786,0.3451603353023529,0.13393066823482513,0.2572917342185974,0.2636171877384186
90.0,0.5642586797475816,0.6665587474797159,0.5768473337986204,0.642420830098004,0.5934131534697665,1.3180817194558956,0.33105969429016113,0.13692837953567505,0.2585417926311493,0.27347010374069214
120.0,0.6288318137327832,0.7041637719589571,0.552567261003563,0.6891713582193472,0.5684709095719377,1.306629670025022,0.35328009724617004,0.13833585381507874,0.2518106698989868,0.2565734088420868
150.0,0.5643616020679475,0.7124304510238332,0.5293647763287529,0.6777707206256136,0.5477234884592472,1.3083776448059965,0.35760149359703064,0.1409490406513214,0.25702062249183655,0.2444288283586502
