{
  "best_val_acc": 0.7052645467203268,
  "final_val_acc": 0.6864871858337177,
  "method": "ours",
  "num_eval_points": 5
}