{
  "best_val_acc": 0.6891713582193472,
  "final_val_acc": 0.6777707206256136,
  "method": "ours",
  "num_eval_points": 5
}