step,train_step_loss,train_acc,train_loss,val_acc,val_loss,router_entropy,router_load_e0,router_load_e1,router_load_e2,router_load_e3
30.0,0.5663122137387594,0.6376793589508374,0.6316163756551951,0.6464691854014883,0.6297223391200526,1.2456455760531955,0.2031371295452118,0.12834952771663666,0.4741552770137787,0.19435809552669525
60.0,0.591872404019038,0.627410306283472,0.6445170348614874,0.6288199338724821,0.6467094345927611,1.1498406895056918,0.17311084270477295,0.12826617062091827,0.5593905448913574,0.13923214375972748
90.0,0.6490820571780205,0.6629941701125405,0.6149533216478912,0.671082700276583,0.6203393240767624,1.227458987109087,0.1874164491891861,0.13217724859714508,0.47620099782943726,0.2042056918144226
120.0,0.7370349019765854,0.6866467665909227,0.5919381840972782,0.6844644730019871,0.5960299348407253,1.2128124893815428,0.19276823103427887,0.12543541193008423,0.5015116333961487,0.180284783244133
150.0,0.6103796313206354,0.6892615840253976,0.5515657191081007,0.6682811104073189,0.5665014269594352,1.1722006841942116,0.17009545862674713,0.12722696363925934,0.538263738155365,0.16441382467746735
