{
  "best_val_acc": 0.6844644730019871,
  "final_val_acc": 0.6682811104073189,
  "method": "ours",
  "num_eval_points": 5
}