{
  "completed_jobs": 10,
  "current_phase": "",
  "elapsed_sec": 1657.1190242767334,
  "eta_sec": null,
  "failed_jobs": 0,
  "percent": 100.0,
  "started_at_epoch": 1773799110.9312847,
  "total_jobs": 10,
  "updated_at_epoch": 1773800768.0503104
}