step,train_step_loss,train_acc,train_loss,val_acc,val_loss,avg_intra_expert_coherence,expert_diversity_e0,expert_diversity_e1,expert_diversity_e2,expert_diversity_e3,expert_diversity_mean,expert_purity_e0,expert_purity_e1,expert_purity_e2,expert_purity_e3,expert_purity_mean,inter_expert_similarity,inter_expert_similarity_e0_e0,inter_expert_similarity_e0_e1,inter_expert_similarity_e0_e2,inter_expert_similarity_e0_e3,inter_expert_similarity_e1_e0,inter_expert_similarity_e1_e1,inter_expert_similarity_e1_e2,inter_expert_similarity_e1_e3,inter_expert_similarity_e2_e0,inter_expert_similarity_e2_e1,inter_expert_similarity_e2_e2,inter_expert_similarity_e2_e3,inter_expert_similarity_e3_e0,inter_expert_similarity_e3_e1,inter_expert_similarity_e3_e2,inter_expert_similarity_e3_e3,intra_expert_coherence_e0,intra_expert_coherence_e1,intra_expert_coherence_e2,intra_expert_coherence_e3,load_cv,load_max_min_ratio,overall_task_conflict_cos,router_entropy,router_load_e0,router_load_e1,router_load_e2,router_load_e3,task_acc__glue_rte,task_conflict_t0_t0,task_grad_norm_cv,task_loss__glue_rte,utilization_ratio
50.0,0.6783537864685059,0.6016064257028112,0.6710864161451657,0.5703971119133574,0.6877267211675644,1.0,0.0,0.0,0.0,0.0,0.0,1.0,1.0,1.0,1.0,1.0,-0.04972212294536937,1.0,0.0,0.0,-0.2983327376722162,0.0,1.0,0.0,0.0,0.0,0.0,1.0,0.0,-0.2983327376722162,0.0,0.0,1.0,1.0,1.0,1.0,1.0,1.0036027431488037,530038356781.00586,1.0,0.6906912903493062,0.5300383567810059,0.0,0.0,0.46996161341667175,0.5703971119133574,1.0,0.0,0.6877267211675644,0.5
100.0,0.6725687682628632,0.6943775100401607,0.588561868094481,0.6606498194945848,0.6239651946557893,1.0,0.0,0.0,0.0,0.0,0.0,1.0,1.0,1.0,1.0,1.0,-0.044726427840450105,1.0,0.0,0.0,-0.2683585670427006,0.0,1.0,0.0,0.0,0.0,0.0,1.0,0.0,-0.2683585670427006,0.0,0.0,1.0,1.0,1.0,1.0,1.0,1.0042436122894287,532606244087.21924,1.0,0.689374586305033,0.5326062440872192,0.0,0.0,0.4673937261104584,0.6606498194945848,1.0,0.0,0.6239651946557893,0.5
150.0,0.5639081299304962,0.7373493975903614,0.5470880763461957,0.6750902527075813,0.6023816035853492,1.0,0.0,0.0,0.0,0.0,0.0,1.0,1.0,1.0,1.0,1.0,0.007233913392638022,1.0,0.0,0.0,0.04340348035582813,0.0,1.0,0.0,0.0,0.0,0.0,1.0,0.0,0.04340348035582813,0.0,0.0,1.0,1.0,1.0,1.0,1.0,1.0077018737792969,543964803218.84155,1.0,0.6881168430893,0.5439648032188416,0.0,0.0,0.45603516697883606,0.6750902527075813,1.0,0.0,0.6023816035853492,0.5
