step,train_step_loss,train_acc,train_loss,val_acc,val_loss,avg_intra_expert_coherence,expert_diversity_e0,expert_diversity_e1,expert_diversity_e2,expert_diversity_e3,expert_diversity_mean,expert_purity_e0,expert_purity_e1,expert_purity_e2,expert_purity_e3,expert_purity_mean,inter_expert_similarity,inter_expert_similarity_e0_e0,inter_expert_similarity_e0_e1,inter_expert_similarity_e0_e2,inter_expert_similarity_e0_e3,inter_expert_similarity_e1_e0,inter_expert_similarity_e1_e1,inter_expert_similarity_e1_e2,inter_expert_similarity_e1_e3,inter_expert_similarity_e2_e0,inter_expert_similarity_e2_e1,inter_expert_similarity_e2_e2,inter_expert_similarity_e2_e3,inter_expert_similarity_e3_e0,inter_expert_similarity_e3_e1,inter_expert_similarity_e3_e2,inter_expert_similarity_e3_e3,intra_expert_coherence_e0,intra_expert_coherence_e1,intra_expert_coherence_e2,intra_expert_coherence_e3,load_cv,load_max_min_ratio,overall_task_conflict_cos,router_entropy,router_load_e0,router_load_e1,router_load_e2,router_load_e3,task_acc__glue_mrpc,task_conflict_t0_t0,task_grad_norm_cv,task_loss__glue_mrpc,utilization_ratio
50.0,0.5300866812467575,0.6982006543075245,0.568309262783631,0.6985294117647058,0.5661979587032244,1.0,0.0,0.0,0.0,0.0,0.0,1.0,1.0,1.0,1.0,1.0,-0.027534789878056607,1.0,0.0,0.0,0.0,0.0,1.0,-0.16520873926833965,0.0,0.0,-0.16520873926833965,1.0,0.0,0.0,0.0,0.0,1.0,1.0,1.0,1.0,1.0,1.0268670320510864,582504391670.227,1.0,0.6761258606817208,0.0,0.582504391670227,0.41749563813209534,0.0,0.6985294117647058,1.0,0.0,0.5661979587032244,0.5
100.0,0.5900660157203674,0.7265539803707742,0.5037602112669012,0.7205882352941176,0.5079121434917817,1.0,0.0,0.0,0.0,0.0,0.0,1.0,1.0,1.0,1.0,1.0,-0.025417843182471794,1.0,0.0,0.0,0.0,0.0,1.0,-0.15250705909483075,0.0,0.0,-0.15250705909483075,1.0,0.0,0.0,0.0,0.0,1.0,1.0,1.0,1.0,1.0,1.0151580572128296,561791777610.7788,1.0,0.6799860070733463,0.0,0.5617917776107788,0.4382082223892212,0.0,0.7205882352941176,1.0,0.0,0.5079121434917817,0.5
150.0,0.574953556060791,0.7906215921483097,0.4364076571943967,0.7818627450980392,0.4464588107971045,1.0,0.0,0.0,0.0,0.0,0.0,1.0,1.0,1.0,1.0,1.0,-0.021484061876938246,1.0,0.0,0.0,0.0,0.0,1.0,-0.12890437126162949,0.0,0.0,-0.12890437126162949,1.0,0.0,0.0,0.0,0.0,1.0,1.0,1.0,1.0,1.0,1.0047835111618042,534622907638.5498,1.0,0.6810223238140929,0.0,0.5346229076385498,0.4653771221637726,0.0,0.7818627450980392,1.0,0.0,0.4464588107971045,0.5
