step,train_step_loss,train_acc,train_loss,val_acc,val_loss,alignment_reward,l_conflict,l_conflict_e0,l_conflict_e1,l_conflict_e2,l_conflict_e3,router_conflict_grad_l2,router_entropy,router_load_e0,router_load_e1,router_load_e2,router_load_e3
5.0,0.6017788797616959,0.6889312977099237,0.5962651318829992,0.6936274509803921,0.5979530043326892,0.02888581156730652,-0.02888581156730652,-0.0043855635449290276,-0.009522410109639168,-0.010032354854047298,-0.004945481661707163,0.0,1.314261420100343,0.17944033443927765,0.2551079988479614,0.3991543650627136,0.1662973016500473
