step,train_step_loss,train_acc,train_loss,val_acc,val_loss,router_entropy,router_load_e0,router_load_e1,router_load_e2,router_load_e3
5.0,0.6822827458381653,0.6990185387131952,0.5938445192316304,0.7132352941176471,0.5872927858279302,1.3045612036013137,0.3079899847507477,0.10991457104682922,0.32520878314971924,0.2568866014480591
