step,train_step_loss,train_acc,train_loss,val_acc,val_loss,avg_intra_expert_coherence,expert_diversity_e0,expert_diversity_e1,expert_diversity_e2,expert_diversity_e3,expert_diversity_mean,expert_purity_e0,expert_purity_e1,expert_purity_e2,expert_purity_e3,expert_purity_mean,inter_expert_similarity,inter_expert_similarity_e0_e0,inter_expert_similarity_e0_e1,inter_expert_similarity_e0_e2,inter_expert_similarity_e0_e3,inter_expert_similarity_e1_e0,inter_expert_similarity_e1_e1,inter_expert_similarity_e1_e2,inter_expert_similarity_e1_e3,inter_expert_similarity_e2_e0,inter_expert_similarity_e2_e1,inter_expert_similarity_e2_e2,inter_expert_similarity_e2_e3,inter_expert_similarity_e3_e0,inter_expert_similarity_e3_e1,inter_expert_similarity_e3_e2,inter_expert_similarity_e3_e3,intra_expert_coherence_e0,intra_expert_coherence_e1,intra_expert_coherence_e2,intra_expert_coherence_e3,load_cv,load_max_min_ratio,overall_task_conflict_cos,router_entropy,router_load_e0,router_load_e1,router_load_e2,router_load_e3,task_acc__glue_rte,task_conflict_t0_t0,task_grad_norm_cv,task_loss__glue_rte,utilization_ratio
50.0,0.6518841683864594,0.5016064257028112,0.6951148920334302,0.5270758122743683,0.6903605047199461,1.0,0.0,0.0,0.0,0.0,0.0,1.0,1.0,1.0,1.0,1.0,-0.007171540273594037,1.0,0.0,0.0,0.0,0.0,1.0,0.0,0.0,0.0,0.0,1.0,-0.04302924164156422,0.0,0.0,-0.04302924164156422,1.0,1.0,1.0,1.0,1.0,1.0081692934036255,545284092426.30005,1.0,0.6890402614855163,0.0,0.0,0.45471593737602234,0.5452840924263,0.5270758122743683,1.0,0.0,0.6903605047199461,0.5
100.0,0.737786054611206,0.4983935742971888,0.7152374034890762,0.4729241877256318,0.7300179402033488,1.0,0.0,0.0,0.0,0.0,0.0,1.0,1.0,1.0,1.0,1.0,-0.024016017909526215,1.0,0.0,0.0,0.0,0.0,1.0,0.0,0.0,0.0,0.0,1.0,-0.14409610745715729,0.0,0.0,-0.14409610745715729,1.0,1.0,1.0,1.0,1.0,1.063084363937378,627548217773.4375,1.0,0.6602476882590284,0.0,0.0,0.3724517822265625,0.6275482177734375,0.4729241877256318,1.0,0.0,0.7300179402033488,0.5
150.0,0.6997984945774078,0.5016064257028112,0.6938571503911263,0.5270758122743683,0.6909114718437195,1.0,0.0,0.0,0.0,0.0,0.0,1.0,1.0,1.0,1.0,1.0,-0.0042815749457088105,1.0,0.0,0.0,0.0,0.0,1.0,0.0,0.0,0.0,0.0,1.0,-0.025689449674252865,0.0,0.0,-0.025689449674252865,1.0,1.0,1.0,1.0,1.0,1.025383588625957,580165088176.7273,1.0,0.6802386944905084,0.0,0.0,0.41983500123023987,0.5801650881767273,0.5270758122743683,1.0,0.0,0.6909114718437195,0.5
