step,train_step_loss,train_acc,train_loss,val_acc,val_loss,avg_intra_expert_coherence,expert_diversity_e0,expert_diversity_e1,expert_diversity_e2,expert_diversity_e3,expert_diversity_mean,expert_purity_e0,expert_purity_e1,expert_purity_e2,expert_purity_e3,expert_purity_mean,inter_expert_similarity,inter_expert_similarity_e0_e0,inter_expert_similarity_e0_e1,inter_expert_similarity_e0_e2,inter_expert_similarity_e0_e3,inter_expert_similarity_e1_e0,inter_expert_similarity_e1_e1,inter_expert_similarity_e1_e2,inter_expert_similarity_e1_e3,inter_expert_similarity_e2_e0,inter_expert_similarity_e2_e1,inter_expert_similarity_e2_e2,inter_expert_similarity_e2_e3,inter_expert_similarity_e3_e0,inter_expert_similarity_e3_e1,inter_expert_similarity_e3_e2,inter_expert_similarity_e3_e3,intra_expert_coherence_e0,intra_expert_coherence_e1,intra_expert_coherence_e2,intra_expert_coherence_e3,load_cv,load_max_min_ratio,overall_task_conflict_cos,router_entropy,router_load_e0,router_load_e1,router_load_e2,router_load_e3,task_acc__glue_rte,task_conflict_t0_t0,task_grad_norm_cv,task_loss__glue_rte,utilization_ratio
50.0,0.6882867515087128,0.6072289156626506,0.660183115532765,0.5848375451263538,0.6897643672095405,1.0,0.0,0.0,0.0,0.0,0.0,1.0,1.0,1.0,1.0,1.0,-0.054743018295284655,1.0,0.0,0.0,0.0,0.0,1.0,0.0,0.0,0.0,0.0,1.0,-0.3284581097717079,0.0,0.0,-0.3284581097717079,1.0,1.0,1.0,1.0,1.0,1.0378791093826294,598229944705.9631,1.0,0.6728813140400911,0.0,0.0,0.5982299447059631,0.40177011489868164,0.5848375451263538,1.0,0.0,0.6897643672095405,0.5
100.0,0.5866574048995972,0.7040160642570281,0.573734676417632,0.6462093862815884,0.6234224504894681,1.0,0.0,0.0,0.0,0.0,0.0,1.0,1.0,1.0,1.0,1.0,0.028809563941095333,1.0,0.0,0.0,0.0,0.0,1.0,0.0,0.0,0.0,0.0,1.0,0.172857383646572,0.0,0.0,0.172857383646572,1.0,1.0,1.0,1.0,1.0,1.0421334505081177,603707551956.1768,1.0,0.6701457388564568,0.0,0.0,0.6037075519561768,0.39629241824150085,0.6462093862815884,1.0,0.0,0.6234224504894681,0.5
150.0,0.531016618013382,0.7417670682730924,0.5405549373573217,0.6967509025270758,0.594621040754848,1.0,0.0,0.0,0.0,0.0,0.0,1.0,1.0,1.0,1.0,1.0,-0.045793771710204795,1.0,0.0,0.0,0.0,0.0,1.0,0.0,0.0,0.0,0.0,1.0,-0.27476263026122877,0.0,0.0,-0.27476263026122877,1.0,1.0,1.0,1.0,1.0,1.0325366258621216,590920209884.6436,1.0,0.6760191676418704,0.0,0.0,0.5909202098846436,0.4090798497200012,0.6967509025270758,1.0,0.0,0.594621040754848,0.5
