step,train_step_loss,train_acc,train_loss,val_acc,val_loss,avg_intra_expert_coherence,expert_diversity_e0,expert_diversity_e1,expert_diversity_e2,expert_diversity_e3,expert_diversity_mean,expert_purity_e0,expert_purity_e1,expert_purity_e2,expert_purity_e3,expert_purity_mean,inter_expert_similarity,inter_expert_similarity_e0_e0,inter_expert_similarity_e0_e1,inter_expert_similarity_e0_e2,inter_expert_similarity_e0_e3,inter_expert_similarity_e1_e0,inter_expert_similarity_e1_e1,inter_expert_similarity_e1_e2,inter_expert_similarity_e1_e3,inter_expert_similarity_e2_e0,inter_expert_similarity_e2_e1,inter_expert_similarity_e2_e2,inter_expert_similarity_e2_e3,inter_expert_similarity_e3_e0,inter_expert_similarity_e3_e1,inter_expert_similarity_e3_e2,inter_expert_similarity_e3_e3,intra_expert_coherence_e0,intra_expert_coherence_e1,intra_expert_coherence_e2,intra_expert_coherence_e3,load_cv,load_max_min_ratio,overall_task_conflict_cos,router_entropy,router_load_e0,router_load_e1,router_load_e2,router_load_e3,task_acc__glue_rte,task_conflict_t0_t0,task_grad_norm_cv,task_loss__glue_rte,utilization_ratio
50.0,0.6007542312145233,0.5132530120481927,0.6829270613881258,0.5270758122743683,0.681592732667923,1.0,0.0,0.0,0.0,0.0,0.0,1.0,1.0,1.0,1.0,1.0,-0.010743516367867688,1.0,0.0,-0.06446109820720612,0.0,0.0,1.0,0.0,0.0,-0.06446109820720612,0.0,1.0,0.0,0.0,0.0,0.0,1.0,1.0,1.0,1.0,1.0,1.0235321521759033,577150821685.791,1.0,0.6808827259049949,0.42284920811653137,0.0,0.577150821685791,0.0,0.5270758122743683,1.0,0.0,0.681592732667923,0.5
100.0,0.682350367307663,0.5859437751004016,0.6552847331150985,0.5523465703971119,0.6861462162600623,1.0,0.0,0.0,0.0,0.0,0.0,1.0,1.0,1.0,1.0,1.0,-0.02897794854273222,1.0,0.0,-0.17386769125639331,0.0,0.0,1.0,0.0,0.0,-0.17386769125639331,0.0,1.0,0.0,0.0,0.0,0.0,1.0,1.0,1.0,1.0,1.0,1.0254831314086914,580324053764.3433,1.0,0.6799233329855578,0.4196759760379791,0.0,0.5803240537643433,0.0,0.5523465703971119,1.0,0.0,0.6861462162600623,0.5
150.0,0.6119602918624878,0.7421686746987952,0.600917650740116,0.6714801444043321,0.6316269354687797,1.0,0.0,0.0,0.0,0.0,0.0,1.0,1.0,1.0,1.0,1.0,0.0032144260833662105,1.0,0.0,0.019286556500197262,0.0,0.0,1.0,0.0,0.0,0.019286556500197262,0.0,1.0,0.0,0.0,0.0,0.0,1.0,1.0,1.0,1.0,1.0,1.0276107821000555,583653807640.0757,1.0,0.6787759138788988,0.41634610295295715,0.0,0.5836538076400757,0.0,0.6714801444043321,1.0,0.0,0.6316269354687797,0.5
