step,train_step_loss,train_acc,train_loss,val_acc,val_loss,avg_intra_expert_coherence,expert_diversity_e0,expert_diversity_e1,expert_diversity_e2,expert_diversity_e3,expert_diversity_mean,expert_purity_e0,expert_purity_e1,expert_purity_e2,expert_purity_e3,expert_purity_mean,inter_expert_similarity,inter_expert_similarity_e0_e0,inter_expert_similarity_e0_e1,inter_expert_similarity_e0_e2,inter_expert_similarity_e0_e3,inter_expert_similarity_e1_e0,inter_expert_similarity_e1_e1,inter_expert_similarity_e1_e2,inter_expert_similarity_e1_e3,inter_expert_similarity_e2_e0,inter_expert_similarity_e2_e1,inter_expert_similarity_e2_e2,inter_expert_similarity_e2_e3,inter_expert_similarity_e3_e0,inter_expert_similarity_e3_e1,inter_expert_similarity_e3_e2,inter_expert_similarity_e3_e3,intra_expert_coherence_e0,intra_expert_coherence_e1,intra_expert_coherence_e2,intra_expert_coherence_e3,load_cv,load_max_min_ratio,overall_task_conflict_cos,router_entropy,router_load_e0,router_load_e1,router_load_e2,router_load_e3,task_acc__glue_mrpc,task_conflict_t0_t0,task_grad_norm_cv,task_loss__glue_mrpc,utilization_ratio
50.0,0.5132850110530853,0.7325517993456925,0.5325912245913692,0.7303921568627451,0.5306283321518165,1.0,0.0,0.0,0.0,0.0,0.0,1.0,1.0,1.0,1.0,1.0,-0.009510366752461873,1.0,0.0,0.0,-0.05706220051477124,0.0,1.0,0.0,0.0,0.0,0.0,1.0,0.0,-0.05706220051477124,0.0,0.0,1.0,1.0,1.0,1.0,1.0,1.0069024562835693,541612029075.62256,1.0,0.6883632038153854,0.45838800072669983,0.0,0.0,0.5416120290756226,0.7303921568627451,1.0,0.0,0.5306283321518165,0.5
100.0,0.5103935897350311,0.8110687022900763,0.42434113806356555,0.7916666666666666,0.43016200627271944,1.0,0.0,0.0,0.0,0.0,0.0,1.0,1.0,1.0,1.0,1.0,0.056822923531797014,1.0,0.0,0.0,0.34093754119078207,0.0,1.0,0.0,0.0,0.0,0.0,1.0,0.0,0.34093754119078207,0.0,0.0,1.0,1.0,1.0,1.0,1.0,1.0031830072402954,528231620788.5742,1.0,0.6884664752904106,0.4717683494091034,0.0,0.0,0.5282316207885742,0.7916666666666666,1.0,0.0,0.43016200627271944,0.5
150.0,0.6931778192520142,0.8527808069792803,0.3558866791589105,0.8602941176470589,0.3548417890157837,1.0,0.0,0.0,0.0,0.0,0.0,1.0,1.0,1.0,1.0,1.0,0.01945990394455159,1.0,0.0,0.0,0.11675942366730954,0.0,1.0,0.0,0.0,0.0,0.0,1.0,0.0,0.11675942366730954,0.0,0.0,1.0,1.0,1.0,1.0,1.0,1.0096646547317505,549273073673.2483,1.0,0.6837520318872788,0.4507268965244293,0.0,0.0,0.5492730736732483,0.8602941176470589,1.0,0.0,0.3548417890157837,0.5
