step,train_step_loss,train_acc,train_loss,val_acc,val_loss,avg_intra_expert_coherence,expert_diversity_e0,expert_diversity_e1,expert_diversity_e2,expert_diversity_e3,expert_diversity_mean,expert_purity_e0,expert_purity_e1,expert_purity_e2,expert_purity_e3,expert_purity_mean,inter_expert_similarity,inter_expert_similarity_e0_e0,inter_expert_similarity_e0_e1,inter_expert_similarity_e0_e2,inter_expert_similarity_e0_e3,inter_expert_similarity_e1_e0,inter_expert_similarity_e1_e1,inter_expert_similarity_e1_e2,inter_expert_similarity_e1_e3,inter_expert_similarity_e2_e0,inter_expert_similarity_e2_e1,inter_expert_similarity_e2_e2,inter_expert_similarity_e2_e3,inter_expert_similarity_e3_e0,inter_expert_similarity_e3_e1,inter_expert_similarity_e3_e2,inter_expert_similarity_e3_e3,intra_expert_coherence_e0,intra_expert_coherence_e1,intra_expert_coherence_e2,intra_expert_coherence_e3,load_cv,load_max_min_ratio,overall_task_conflict_cos,router_entropy,router_load_e0,router_load_e1,router_load_e2,router_load_e3,task_acc__glue_mrpc,task_conflict_t0_t0,task_grad_norm_cv,task_loss__glue_mrpc,utilization_ratio
50.0,0.5375981777906418,0.6744820065430752,0.6328170033900634,0.6838235294117647,0.6280830829189374,1.0,0.0,0.0,0.0,0.0,0.0,1.0,1.0,1.0,1.0,1.0,0.05602992940169186,1.0,0.04838374881991197,-0.10918833830375585,0.13751299240200135,0.04838374881991197,1.0,0.1296823060286307,0.19482637792606647,-0.10918833830375585,0.1296823060286307,1.0,-0.06503751046270342,0.13751299240200135,0.19482637792606647,-0.06503751046270342,1.0,1.0,1.0,1.0,1.0,0.41521931705244575,3.865711996332249,1.0,1.2883843183517456,0.09341077506542206,0.3237544000148773,0.2217358648777008,0.36109915375709534,0.6838235294117647,1.0,0.0,0.6280830829189374,0.75
100.0,0.6824940741062164,0.6744820065430752,0.6334326924837154,0.6838235294117647,0.6269457913362063,1.0,0.0,0.0,0.0,0.0,0.0,1.0,1.0,1.0,1.0,1.0,0.0001539639788062976,1.0,-0.3189965609325167,0.4316035610948021,0.0017971407869695854,-0.3189965609325167,1.0,-0.17553421545410236,0.2909870079727691,0.4316035610948021,-0.17553421545410236,1.0,-0.2289331495950839,0.0017971407869695854,0.2909870079727691,-0.2289331495950839,1.0,1.0,1.0,1.0,1.0,0.5882221951219803,5.556073331820824,1.0,1.2203450366562487,0.223245307803154,0.08797786384820938,0.1999654918909073,0.4888114631175995,0.6838235294117647,1.0,0.0,0.6269457913362063,0.75
