step,train_step_loss,train_acc,train_loss,val_acc,val_loss,avg_intra_expert_coherence,expert_diversity_e0,expert_diversity_e1,expert_diversity_e2,expert_diversity_e3,expert_diversity_mean,expert_purity_e0,expert_purity_e1,expert_purity_e2,expert_purity_e3,expert_purity_mean,inter_expert_similarity,inter_expert_similarity_e0_e0,inter_expert_similarity_e0_e1,inter_expert_similarity_e0_e2,inter_expert_similarity_e0_e3,inter_expert_similarity_e1_e0,inter_expert_similarity_e1_e1,inter_expert_similarity_e1_e2,inter_expert_similarity_e1_e3,inter_expert_similarity_e2_e0,inter_expert_similarity_e2_e1,inter_expert_similarity_e2_e2,inter_expert_similarity_e2_e3,inter_expert_similarity_e3_e0,inter_expert_similarity_e3_e1,inter_expert_similarity_e3_e2,inter_expert_similarity_e3_e3,intra_expert_coherence_e0,intra_expert_coherence_e1,intra_expert_coherence_e2,intra_expert_coherence_e3,load_cv,load_max_min_ratio,overall_task_conflict_cos,router_entropy,router_load_e0,router_load_e1,router_load_e2,router_load_e3,task_acc__glue_mrpc,task_conflict_t0_t0,task_grad_norm_cv,task_loss__glue_mrpc,utilization_ratio
50.0,0.5636464059352875,0.6744820065430752,0.6363247304506924,0.6838235294117647,0.629364159817879,1.0,0.0,0.0,0.0,0.0,0.0,1.0,1.0,1.0,1.0,1.0,0.02223926079830854,1.0,-0.07836099945571419,0.26177177625098424,-0.0827664758580205,-0.07836099945571419,1.0,0.11724283232344772,-0.13939704652272208,0.26177177625098424,0.11724283232344772,1.0,0.05494547805187602,-0.0827664758580205,-0.13939704652272208,0.05494547805187602,1.0,1.0,1.0,1.0,1.0,0.5245811255284099,3.688317410299656,1.0,1.260052905363195,0.2320333570241928,0.12682758271694183,0.1733590066432953,0.46778038144111633,0.6838235294117647,1.0,0.0,0.629364159817879,1.0
100.0,0.6655550003051758,0.6744820065430752,0.6333968792920527,0.6838235294117647,0.627555866080981,1.0,0.0,0.0,0.0,0.0,0.0,1.0,1.0,1.0,1.0,1.0,-0.09338876309521933,1.0,-0.20786525607952963,0.09801508783052107,-0.3403916818915593,-0.20786525607952963,1.0,-0.212949625926809,0.02861889325415206,0.09801508783052107,-0.212949625926809,1.0,0.07424000424190885,-0.3403916818915593,0.02861889325415206,0.07424000424190885,1.0,1.0,1.0,1.0,1.0,0.7300924015265469,5.374509443211487,1.0,1.1533665049309825,0.5609380602836609,0.10437009483575821,0.13815082609653473,0.19654078781604767,0.6838235294117647,1.0,0.0,0.627555866080981,0.75
