step,train_step_loss,train_acc,train_loss,val_acc,val_loss,avg_intra_expert_coherence,expert_diversity_e0,expert_diversity_e1,expert_diversity_e2,expert_diversity_e3,expert_diversity_mean,expert_purity_e0,expert_purity_e1,expert_purity_e2,expert_purity_e3,expert_purity_mean,inter_expert_similarity,inter_expert_similarity_e0_e0,inter_expert_similarity_e0_e1,inter_expert_similarity_e0_e2,inter_expert_similarity_e0_e3,inter_expert_similarity_e1_e0,inter_expert_similarity_e1_e1,inter_expert_similarity_e1_e2,inter_expert_similarity_e1_e3,inter_expert_similarity_e2_e0,inter_expert_similarity_e2_e1,inter_expert_similarity_e2_e2,inter_expert_similarity_e2_e3,inter_expert_similarity_e3_e0,inter_expert_similarity_e3_e1,inter_expert_similarity_e3_e2,inter_expert_similarity_e3_e3,intra_expert_coherence_e0,intra_expert_coherence_e1,intra_expert_coherence_e2,intra_expert_coherence_e3,load_cv,load_max_min_ratio,overall_task_conflict_cos,router_entropy,router_load_e0,router_load_e1,router_load_e2,router_load_e3,task_acc__glue_cola,task_acc__glue_mrpc,task_acc__glue_rte,task_conflict_t0_t0,task_conflict_t0_t1,task_conflict_t0_t2,task_conflict_t1_t0,task_conflict_t1_t1,task_conflict_t1_t2,task_conflict_t2_t0,task_conflict_t2_t1,task_conflict_t2_t2,task_grad_norm_cv,task_loss__glue_cola,task_loss__glue_mrpc,task_loss__glue_rte,utilization_ratio
1.0,1.0733631948630016,0.5610749483522879,0.7112699799555907,0.5507292705402209,0.7255471491379506,0.05430691509694098,0.6730218923356642,0.5445220440312037,0.7830542193278781,0.7582308393776447,0.6897072487680977,0.5477125644683838,0.7311040163040161,0.532476007938385,0.547347366809845,0.5896599888801575,-0.11445053388914027,1.0,-0.5701477680726237,-0.20151236524133737,0.18843443182394773,-0.5701477680726237,1.0,0.25960366016309955,-0.3134174605028912,-0.20151236524133737,0.25960366016309955,1.0,-0.049663701505036593,0.18843443182394773,-0.3134174605028912,-0.049663701505036593,1.0,0.7741427221153451,-0.2902656702245822,0.02549082585277272,-0.2921402173557716,1.5787534211580063,75.28434074208266,0.05539396163292707,0.21390988591506524,0.031891465187072754,0.012399869039654732,0.9335159659385681,0.02219258062541485,0.6845637583892618,0.4730392156862745,0.49458483754512633,1.0,-0.3795911048304883,0.984930998359051,-0.3795911048304883,1.0,-0.43915800862978144,0.984930998359051,-0.43915800862978144,1.0,0.5967010890620009,0.6253687077493385,0.7847979439824235,0.7664747956820896,0.25
