step,train_step_loss,train_acc,train_loss,val_acc,val_loss,avg_intra_expert_coherence,expert_diversity_e0,expert_diversity_e1,expert_diversity_e2,expert_diversity_e3,expert_diversity_mean,expert_purity_e0,expert_purity_e1,expert_purity_e2,expert_purity_e3,expert_purity_mean,inter_expert_similarity,inter_expert_similarity_e0_e0,inter_expert_similarity_e0_e1,inter_expert_similarity_e0_e2,inter_expert_similarity_e0_e3,inter_expert_similarity_e1_e0,inter_expert_similarity_e1_e1,inter_expert_similarity_e1_e2,inter_expert_similarity_e1_e3,inter_expert_similarity_e2_e0,inter_expert_similarity_e2_e1,inter_expert_similarity_e2_e2,inter_expert_similarity_e2_e3,inter_expert_similarity_e3_e0,inter_expert_similarity_e3_e1,inter_expert_similarity_e3_e2,inter_expert_similarity_e3_e3,intra_expert_coherence_e0,intra_expert_coherence_e1,intra_expert_coherence_e2,intra_expert_coherence_e3,load_cv,load_max_min_ratio,overall_task_conflict_cos,router_entropy,router_load_e0,router_load_e1,router_load_e2,router_load_e3,task_acc__glue_mrpc,task_conflict_t0_t0,task_grad_norm_cv,task_loss__glue_mrpc,utilization_ratio
50.0,0.4710587114095688,0.7344601962922573,0.5129804224747678,0.7254901960784313,0.503334780725149,1.0,0.0,0.0,0.0,0.0,0.0,1.0,1.0,1.0,1.0,1.0,-0.08457195125277372,1.0,-0.4543125221154108,0.16047247072197057,-0.043406992118767036,-0.4543125221154108,1.0,-0.3898792121896047,0.14847574606981723,0.16047247072197057,-0.3898792121896047,1.0,0.07121880211535235,-0.043406992118767036,0.14847574606981723,0.07121880211535235,1.0,1.0,1.0,1.0,1.0,0.6271560788154602,4.79589878411732,1.0,1.160848954144646,0.08637931197881699,0.414266437292099,0.3989684581756592,0.10038582235574722,0.7254901960784313,1.0,0.0,0.503334780725149,0.5
100.0,0.503518134355545,0.7718102508178845,0.46042047980362955,0.7598039215686274,0.476867653716069,1.0,0.0,0.0,0.0,0.0,0.0,1.0,1.0,1.0,1.0,1.0,-0.0954465712623548,1.0,-0.394959112625892,0.17248740720952574,-0.07044325444802989,-0.394959112625892,1.0,-0.42710852379419084,0.1882190651869968,0.17248740720952574,-0.42710852379419084,1.0,-0.04087500910253858,-0.07044325444802989,0.1882190651869968,-0.04087500910253858,1.0,1.0,1.0,1.0,1.0,0.6429359912872314,4.878630531765147,1.0,1.1504542406867533,0.09165209531784058,0.39048758149147034,0.4297683537006378,0.08809200674295425,0.7598039215686274,1.0,0.0,0.476867653716069,0.5
