step,train_step_loss,train_acc,train_loss,val_acc,val_loss,avg_intra_expert_coherence,expert_diversity_e0,expert_diversity_e1,expert_diversity_e2,expert_diversity_e3,expert_diversity_mean,expert_purity_e0,expert_purity_e1,expert_purity_e2,expert_purity_e3,expert_purity_mean,inter_expert_similarity,inter_expert_similarity_e0_e0,inter_expert_similarity_e0_e1,inter_expert_similarity_e0_e2,inter_expert_similarity_e0_e3,inter_expert_similarity_e1_e0,inter_expert_similarity_e1_e1,inter_expert_similarity_e1_e2,inter_expert_similarity_e1_e3,inter_expert_similarity_e2_e0,inter_expert_similarity_e2_e1,inter_expert_similarity_e2_e2,inter_expert_similarity_e2_e3,inter_expert_similarity_e3_e0,inter_expert_similarity_e3_e1,inter_expert_similarity_e3_e2,inter_expert_similarity_e3_e3,intra_expert_coherence_e0,intra_expert_coherence_e1,intra_expert_coherence_e2,intra_expert_coherence_e3,load_cv,load_max_min_ratio,overall_task_conflict_cos,router_entropy,router_load_e0,router_load_e1,router_load_e2,router_load_e3,task_acc__glue_mrpc,task_conflict_t0_t0,task_grad_norm_cv,task_loss__glue_mrpc,utilization_ratio
50.0,0.5163965821266174,0.7480916030534351,0.5184122389425402,0.7230392156862745,0.5206570662558079,1.0,0.0,0.0,0.0,0.0,0.0,1.0,1.0,1.0,1.0,1.0,-0.05811032198978646,1.0,-0.19076107609296097,-0.07752199705873561,-0.5531865619749644,-0.19076107609296097,1.0,0.19933797894157068,0.09100550012063434,-0.07752199705873561,0.19933797894157068,1.0,0.18246422412573726,-0.5531865619749644,0.09100550012063434,0.18246422412573726,1.0,1.0,1.0,1.0,1.0,0.493100374114558,3.3710932636377016,1.0,1.244063882266774,0.13899731636047363,0.41192367672920227,0.32688599824905396,0.12219290435314178,0.7230392156862745,1.0,0.0,0.5206570662558079,0.75
100.0,0.6220222115516663,0.7470010905125409,0.5084023781120777,0.7132352941176471,0.5265442069906455,1.0,0.0,0.0,0.0,0.0,0.0,1.0,1.0,1.0,1.0,1.0,-0.05472923812091863,1.0,-0.16322598050963136,0.01724656202028726,-0.5346045588106484,-0.16322598050963136,1.0,0.18039661607054666,0.10711457474300107,0.01724656202028726,0.18039661607054666,1.0,0.06469735776093288,-0.5346045588106484,0.10711457474300107,0.06469735776093288,1.0,1.0,1.0,1.0,1.0,0.4746284782886505,3.379677403106711,1.0,1.251614435046327,0.15048693120479584,0.3959364891052246,0.33642446994781494,0.1171521544456482,0.7132352941176471,1.0,0.0,0.5265442069906455,0.75
