step,train_step_loss,train_acc,train_loss,val_acc,val_loss,router_entropy,router_load_e0,router_load_e1,router_load_e2,router_load_e3
30.0,0.6483063921332359,0.6114415695414224,0.6528675427390754,0.6047050601308049,0.6528657070079977,0.6321699564793596,0.1482210010290146,0.09508177638053894,0.09517231583595276,0.6615248918533325
50.0,0.5686608850955963,0.6316459917531949,0.6312339192146582,0.6113578936933401,0.6376101966182536,0.6679385050579354,0.3952943682670593,0.00528875645250082,0.00832443032413721,0.5910924673080444
