step,train_step_loss,train_acc,train_loss,val_acc,val_loss,router_entropy,router_load_e0,router_load_e1,router_load_e2,router_load_e3
30.0,0.6768516674637794,0.6623504476035462,0.5991433144093338,0.6631049115629906,0.6090331471310837,0.6785536346336206,0.5619195699691772,0.04485556110739708,0.1332949995994568,0.2599300742149353
50.0,0.6495190958182017,0.6519232791650201,0.6100097574071724,0.6309534074575242,0.6200694629665896,0.6740562409438469,0.47704771161079407,0.012328068725764751,0.015101700089871883,0.49552255868911743
