step,train_step_loss,train_acc,train_loss,val_acc,val_loss,avg_intra_expert_coherence,expert_diversity_e0,expert_diversity_e1,expert_diversity_e2,expert_diversity_e3,expert_diversity_mean,expert_purity_e0,expert_purity_e1,expert_purity_e2,expert_purity_e3,expert_purity_mean,inter_expert_similarity,inter_expert_similarity_e0_e0,inter_expert_similarity_e0_e1,inter_expert_similarity_e0_e2,inter_expert_similarity_e0_e3,inter_expert_similarity_e1_e0,inter_expert_similarity_e1_e1,inter_expert_similarity_e1_e2,inter_expert_similarity_e1_e3,inter_expert_similarity_e2_e0,inter_expert_similarity_e2_e1,inter_expert_similarity_e2_e2,inter_expert_similarity_e2_e3,inter_expert_similarity_e3_e0,inter_expert_similarity_e3_e1,inter_expert_similarity_e3_e2,inter_expert_similarity_e3_e3,intra_expert_coherence_e0,intra_expert_coherence_e1,intra_expert_coherence_e2,intra_expert_coherence_e3,load_cv,load_max_min_ratio,overall_task_conflict_cos,router_entropy,router_load_e0,router_load_e1,router_load_e2,router_load_e3,task_acc__glue_mrpc,task_conflict_t0_t0,task_grad_norm_cv,task_loss__glue_mrpc,utilization_ratio
50.0,0.5054855346679688,0.6744820065430752,0.5996991988109506,0.6838235294117647,0.5986199310192695,1.0,0.0,0.0,0.0,0.0,0.0,1.0,1.0,1.0,1.0,1.0,-0.09564038718873631,1.0,-0.5738423231324179,0.0,0.0,-0.5738423231324179,1.0,0.0,0.0,0.0,0.0,1.0,0.0,0.0,0.0,0.0,1.0,1.0,1.0,1.0,1.0,1.0058025121688843,538142502307.89185,1.0,0.6895128114550721,0.46185746788978577,0.5381425023078918,0.0,0.0,0.6838235294117647,1.0,0.0,0.5986199310192695,0.5
100.0,0.646451473236084,0.6878407851690295,0.5691161119419595,0.6936274509803921,0.5689338405544941,1.0,0.0,0.0,0.0,0.0,0.0,1.0,1.0,1.0,1.0,1.0,-0.10310654139769883,1.0,-0.618639248386193,0.0,0.0,-0.618639248386193,1.0,0.0,0.0,0.0,0.0,1.0,0.0,0.0,0.0,0.0,1.0,1.0,1.0,1.0,1.0,1.007938265800476,544636905193.32886,1.0,0.6881843513133479,0.45536309480667114,0.5446369051933289,0.0,0.0,0.6936274509803921,1.0,0.0,0.5689338405544941,0.5
150.0,0.622509628534317,0.7159214830970556,0.5394836500287056,0.7107843137254902,0.5392563979213054,1.0,0.0,0.0,0.0,0.0,0.0,1.0,1.0,1.0,1.0,1.0,-0.09729298530627084,1.0,-0.583757911837625,0.0,0.0,-0.583757911837625,1.0,0.0,0.0,0.0,0.0,1.0,0.0,0.0,0.0,0.0,1.0,1.0,1.0,1.0,1.0,1.0006747842237225,175.75967334217762,1.0,0.6859139835133272,0.4389917850494385,0.5546199083328247,0.003155558370053768,0.0032326930668205023,0.7107843137254902,1.0,0.0,0.5392563979213054,0.5
