step,train_step_loss,train_acc,train_loss,val_acc,val_loss,avg_intra_expert_coherence,expert_diversity_e0,expert_diversity_e1,expert_diversity_e2,expert_diversity_e3,expert_diversity_mean,expert_purity_e0,expert_purity_e1,expert_purity_e2,expert_purity_e3,expert_purity_mean,inter_expert_similarity,inter_expert_similarity_e0_e0,inter_expert_similarity_e0_e1,inter_expert_similarity_e0_e2,inter_expert_similarity_e0_e3,inter_expert_similarity_e1_e0,inter_expert_similarity_e1_e1,inter_expert_similarity_e1_e2,inter_expert_similarity_e1_e3,inter_expert_similarity_e2_e0,inter_expert_similarity_e2_e1,inter_expert_similarity_e2_e2,inter_expert_similarity_e2_e3,inter_expert_similarity_e3_e0,inter_expert_similarity_e3_e1,inter_expert_similarity_e3_e2,inter_expert_similarity_e3_e3,intra_expert_coherence_e0,intra_expert_coherence_e1,intra_expert_coherence_e2,intra_expert_coherence_e3,load_cv,load_max_min_ratio,overall_task_conflict_cos,router_entropy,router_load_e0,router_load_e1,router_load_e2,router_load_e3,task_acc__glue_rte,task_conflict_t0_t0,task_grad_norm_cv,task_loss__glue_rte,utilization_ratio
50.0,0.5514732301235199,0.5196787148594377,0.6867559901987895,0.51985559566787,0.6858959851993455,1.0,0.0,0.0,0.0,0.0,0.0,1.0,1.0,1.0,1.0,1.0,-0.006361089654153004,1.0,0.0,0.0,0.0,0.0,1.0,-0.038166537924918024,0.0,0.0,-0.038166537924918024,1.0,0.0,0.0,0.0,0.0,1.0,1.0,1.0,1.0,1.0,1.0115317106246948,553847610950.47,1.0,0.6854503972435686,0.0,0.55384761095047,0.44615238904953003,0.0,0.51985559566787,1.0,0.0,0.6858959851993455,0.5
100.0,0.6561424136161804,0.6771084337349398,0.6340206577800788,0.5992779783393501,0.6657422598865297,1.0,0.0,0.0,0.0,0.0,0.0,1.0,1.0,1.0,1.0,1.0,0.003936980628825141,1.0,0.0,0.0,0.0,0.0,1.0,0.023621883772950845,0.0,0.0,0.023621883772950845,1.0,0.0,0.0,0.0,0.0,1.0,1.0,1.0,1.0,1.0,1.0130207538604736,557239770889.2822,1.0,0.6857115619879768,0.0,0.5572397708892822,0.4427602291107178,0.0,0.5992779783393501,1.0,0.0,0.6657422598865297,0.5
150.0,0.6760057806968689,0.6634538152610442,0.6133124632713122,0.5956678700361011,0.6410308000114229,1.0,0.0,0.0,0.0,0.0,0.0,1.0,1.0,1.0,1.0,1.0,0.02735833561874251,1.0,0.0,0.0,0.0,0.0,1.0,0.16415001371245505,0.0,0.0,0.16415001371245505,1.0,0.0,0.0,0.0,0.0,1.0,1.0,1.0,1.0,1.0,1.005905032157898,538478672504.42505,1.0,0.6888597459138946,0.0,0.538478672504425,0.46152132749557495,0.0,0.5956678700361011,1.0,0.0,0.6410308000114229,0.5
