step,train_step_loss,train_acc,train_loss,val_acc,val_loss,avg_intra_expert_coherence,expert_diversity_e0,expert_diversity_e1,expert_diversity_e2,expert_diversity_e3,expert_diversity_mean,expert_purity_e0,expert_purity_e1,expert_purity_e2,expert_purity_e3,expert_purity_mean,inter_expert_similarity,inter_expert_similarity_e0_e0,inter_expert_similarity_e0_e1,inter_expert_similarity_e0_e2,inter_expert_similarity_e0_e3,inter_expert_similarity_e1_e0,inter_expert_similarity_e1_e1,inter_expert_similarity_e1_e2,inter_expert_similarity_e1_e3,inter_expert_similarity_e2_e0,inter_expert_similarity_e2_e1,inter_expert_similarity_e2_e2,inter_expert_similarity_e2_e3,inter_expert_similarity_e3_e0,inter_expert_similarity_e3_e1,inter_expert_similarity_e3_e2,inter_expert_similarity_e3_e3,intra_expert_coherence_e0,intra_expert_coherence_e1,intra_expert_coherence_e2,intra_expert_coherence_e3,load_cv,load_max_min_ratio,overall_task_conflict_cos,router_entropy,router_load_e0,router_load_e1,router_load_e2,router_load_e3,task_acc__glue_rte,task_conflict_t0_t0,task_grad_norm_cv,task_loss__glue_rte,utilization_ratio
50.0,0.662332683801651,0.5016064257028112,0.6931817081112127,0.5270758122743683,0.6898777501450645,1.0,0.0,0.0,0.0,0.0,0.0,1.0,1.0,1.0,1.0,1.0,0.004166124025053044,1.0,0.0,0.0,0.0,0.0,1.0,0.0,0.024996744150318263,0.0,0.0,1.0,0.0,0.0,0.024996744150318263,0.0,1.0,1.0,1.0,1.0,1.0,1.0069330930709839,541704833507.53784,1.0,0.689387576244368,0.0,0.45829516649246216,0.0,0.5417048335075378,0.5270758122743683,1.0,0.0,0.6898777501450645,0.5
100.0,0.7063389420509338,0.4983935742971888,0.6962654680395738,0.4729241877256318,0.7016430646181107,1.0,0.0,0.0,0.0,0.0,0.0,1.0,1.0,1.0,1.0,1.0,0.007442266041041591,1.0,0.0,0.0,0.044653596246249545,0.0,1.0,0.0,0.0,0.0,0.0,1.0,0.0,0.044653596246249545,0.0,0.0,1.0,1.0,1.0,1.0,1.0,1.021121981277702,573049724102.0203,1.0,0.6824363569059957,0.4269501864910126,0.0,0.0,0.5730497241020203,0.4729241877256318,1.0,0.0,0.7016430646181107,0.5
150.0,0.6924227476119995,0.4983935742971888,0.6931787071701808,0.4729241877256318,0.6935629463858075,1.0,0.0,0.0,0.0,0.0,0.0,1.0,1.0,1.0,1.0,1.0,0.007592290425696479,1.0,0.0,0.0,0.04555374255417887,0.0,1.0,0.0,0.0,0.0,0.0,1.0,0.0,0.04555374255417887,0.0,0.0,1.0,1.0,1.0,1.0,1.0,1.018746256828308,568778514862.0605,1.0,0.6836561588604098,0.43122151494026184,0.0,0.0,0.5687785148620605,0.4729241877256318,1.0,0.0,0.6935629463858075,0.5
