step,train_step_loss,train_acc,train_loss,val_acc,val_loss,avg_intra_expert_coherence,expert_diversity_e0,expert_diversity_e1,expert_diversity_e2,expert_diversity_e3,expert_diversity_mean,expert_purity_e0,expert_purity_e1,expert_purity_e2,expert_purity_e3,expert_purity_mean,inter_expert_similarity,inter_expert_similarity_e0_e0,inter_expert_similarity_e0_e1,inter_expert_similarity_e0_e2,inter_expert_similarity_e0_e3,inter_expert_similarity_e1_e0,inter_expert_similarity_e1_e1,inter_expert_similarity_e1_e2,inter_expert_similarity_e1_e3,inter_expert_similarity_e2_e0,inter_expert_similarity_e2_e1,inter_expert_similarity_e2_e2,inter_expert_similarity_e2_e3,inter_expert_similarity_e3_e0,inter_expert_similarity_e3_e1,inter_expert_similarity_e3_e2,inter_expert_similarity_e3_e3,intra_expert_coherence_e0,intra_expert_coherence_e1,intra_expert_coherence_e2,intra_expert_coherence_e3,load_cv,load_max_min_ratio,overall_task_conflict_cos,router_entropy,router_load_e0,router_load_e1,router_load_e2,router_load_e3,task_acc__glue_rte,task_conflict_t0_t0,task_grad_norm_cv,task_loss__glue_rte,utilization_ratio
50.0,0.6583924889564514,0.6244979919678715,0.6472565951064612,0.5812274368231047,0.6765920850965712,1.0,0.0,0.0,0.0,0.0,0.0,1.0,1.0,1.0,1.0,1.0,0.0077126961522954824,1.0,0.0,0.0,0.0,0.0,1.0,0.04627617691377289,0.0,0.0,0.04627617691377289,1.0,0.0,0.0,0.0,0.0,1.0,1.0,1.0,1.0,1.0,0.9840551009211004,373.7558494381297,1.0,0.6859470532689284,0.008474602364003658,0.4646543562412262,0.5254651308059692,0.0014059047680348158,0.5812274368231047,1.0,0.0,0.6765920850965712,0.5
100.0,0.7320698499679565,0.4983935742971888,0.6955574466249882,0.4729241877256318,0.7003083825111389,1.0,0.0,0.0,0.0,0.0,0.0,1.0,1.0,1.0,1.0,1.0,0.004431560548647333,1.0,0.0,0.0,0.0,0.0,1.0,0.026589363291883994,0.0,0.0,0.026589363291883994,1.0,0.0,0.0,0.0,0.0,1.0,1.0,1.0,1.0,1.0,1.0049775838851929,535319805145.2637,1.0,0.6906499879885236,0.0,0.5353198051452637,0.4646802544593811,0.0,0.4729241877256318,1.0,0.0,0.7003083825111389,0.5
150.0,0.7256309390068054,0.4983935742971888,0.6976310106806266,0.4729241877256318,0.7041407095061408,1.0,0.0,0.0,0.0,0.0,0.0,1.0,1.0,1.0,1.0,1.0,0.004276686174423161,1.0,0.0,0.0,0.0,0.0,1.0,0.025660117046538963,0.0,0.0,0.025660117046538963,1.0,0.0,0.0,0.0,0.0,1.0,1.0,1.0,1.0,1.0,1.0066015720367432,540692210197.4487,1.0,0.6898315150815227,0.0,0.5406922101974487,0.4593077600002289,0.0,0.4729241877256318,1.0,0.0,0.7041407095061408,0.5
