step,train_step_loss,train_acc,train_loss,val_acc,val_loss,router_entropy,router_load_e0,router_load_e1,router_load_e2,router_load_e3
30.0,0.6490705708662668,0.6701785401283491,0.5917485500636539,0.6561817423566879,0.6056223108415749,0.6159643283872692,0.15476219356060028,0.05184805020689964,0.11820627748966217,0.6751834750175476
50.0,0.6158110400040945,0.6531575820475147,0.6220194051232735,0.6441430342559981,0.6405104072712088,0.6436802657252109,0.17370079457759857,0.11392504721879959,0.08663181215524673,0.6257421970367432
