step,train_step_loss,train_acc,train_loss,val_acc,val_loss,router_entropy,router_load_e0,router_load_e1,router_load_e2,router_load_e3
30.0,1.1051902224620183,0.3379720052083333,1.1031844858080149,0.3411458333333333,1.1031354839603107,1.370399425427119,0.302060604095459,0.27531740069389343,0.21730966866016388,0.20531237125396729
60.0,1.10736150542895,0.3413899739583333,1.1009301853676636,0.333984375,1.1015353873372078,1.3704233169555664,0.30407997965812683,0.272784948348999,0.21562033891677856,0.20751476287841797
90.0,1.101085086663564,0.3406575520833333,1.1010844198366005,0.345703125,1.1016758332649867,1.370203326145808,0.3064340054988861,0.2702521085739136,0.21529531478881836,0.20801861584186554
100.0,1.0997401128212612,0.341796875,1.099610171591242,0.33984375,1.100582477947076,1.369824968278408,0.3071459233760834,0.2707083523273468,0.2147924154996872,0.20735324919223785
