step,train_step_loss,train_acc,train_loss,val_acc,val_loss,avg_intra_expert_coherence,expert_diversity_e0,expert_diversity_e1,expert_diversity_e2,expert_diversity_e3,expert_diversity_mean,expert_purity_e0,expert_purity_e1,expert_purity_e2,expert_purity_e3,expert_purity_mean,inter_expert_similarity,inter_expert_similarity_e0_e0,inter_expert_similarity_e0_e1,inter_expert_similarity_e0_e2,inter_expert_similarity_e0_e3,inter_expert_similarity_e1_e0,inter_expert_similarity_e1_e1,inter_expert_similarity_e1_e2,inter_expert_similarity_e1_e3,inter_expert_similarity_e2_e0,inter_expert_similarity_e2_e1,inter_expert_similarity_e2_e2,inter_expert_similarity_e2_e3,inter_expert_similarity_e3_e0,inter_expert_similarity_e3_e1,inter_expert_similarity_e3_e2,inter_expert_similarity_e3_e3,intra_expert_coherence_e0,intra_expert_coherence_e1,intra_expert_coherence_e2,intra_expert_coherence_e3,load_cv,load_max_min_ratio,overall_task_conflict_cos,router_entropy,router_load_e0,router_load_e1,router_load_e2,router_load_e3,task_acc__glue_rte,task_conflict_t0_t0,task_grad_norm_cv,task_loss__glue_rte,utilization_ratio
50.0,0.8724881708621979,0.4983935742971888,0.7413156915742618,0.4729241877256318,0.762992767824067,1.0,0.0,0.0,0.0,0.0,0.0,1.0,1.0,1.0,1.0,1.0,0.02126467049494687,1.0,0.0,0.0,0.12758802296968122,0.0,1.0,0.0,0.0,0.0,0.0,1.0,0.0,0.12758802296968122,0.0,0.0,1.0,1.0,1.0,1.0,1.0,1.7320009789465691,999978542327.8809,1.0,0.0002531546637893315,2.1552083126152866e-05,0.0,0.0,0.9999785423278809,0.4729241877256318,1.0,0.0,0.762992767824067,0.25
100.0,0.7015673518180847,0.4983935742971888,0.6931558831379964,0.4729241877256318,0.6932896276315054,1.0,0.0,0.0,0.0,0.0,0.0,1.0,1.0,1.0,1.0,1.0,-0.024834021163689702,1.0,0.0,0.0,0.0,0.0,1.0,0.0,0.0,0.0,0.0,1.0,-0.14900412698213822,0.0,0.0,-0.14900412698213822,1.0,1.0,1.0,1.0,1.0,1.728501503824829,998462557792.6636,1.0,0.011496886745471816,0.0,0.0,0.0015376982046291232,0.9984625577926636,0.4729241877256318,1.0,0.0,0.6932896276315054,0.25
150.0,0.7154908776283264,0.5016064257028112,0.6944028475345709,0.5270758122743683,0.6905666258600023,1.0,0.0,0.0,0.0,0.0,0.0,1.0,1.0,1.0,1.0,1.0,-0.017202075469435505,1.0,0.0,0.0,0.0,0.0,1.0,0.0,0.0,0.0,0.0,1.0,-0.10321245281661302,0.0,0.0,-0.10321245281661302,1.0,1.0,1.0,1.0,1.0,1.7187494225797972,994228780269.6228,1.0,0.03550259575301559,0.0,0.0,0.0057708630338311195,0.9942287802696228,0.5270758122743683,1.0,0.0,0.6905666258600023,0.25
