step,train_step_loss,train_acc,train_loss,val_acc,val_loss,avg_intra_expert_coherence,expert_diversity_e0,expert_diversity_e1,expert_diversity_e2,expert_diversity_e3,expert_diversity_mean,expert_purity_e0,expert_purity_e1,expert_purity_e2,expert_purity_e3,expert_purity_mean,inter_expert_similarity,inter_expert_similarity_e0_e0,inter_expert_similarity_e0_e1,inter_expert_similarity_e0_e2,inter_expert_similarity_e0_e3,inter_expert_similarity_e1_e0,inter_expert_similarity_e1_e1,inter_expert_similarity_e1_e2,inter_expert_similarity_e1_e3,inter_expert_similarity_e2_e0,inter_expert_similarity_e2_e1,inter_expert_similarity_e2_e2,inter_expert_similarity_e2_e3,inter_expert_similarity_e3_e0,inter_expert_similarity_e3_e1,inter_expert_similarity_e3_e2,inter_expert_similarity_e3_e3,intra_expert_coherence_e0,intra_expert_coherence_e1,intra_expert_coherence_e2,intra_expert_coherence_e3,load_cv,load_max_min_ratio,overall_task_conflict_cos,router_entropy,router_load_e0,router_load_e1,router_load_e2,router_load_e3,task_acc__glue_rte,task_conflict_t0_t0,task_grad_norm_cv,task_loss__glue_rte,utilization_ratio
50.0,0.6937925517559052,0.5016064257028112,0.69968682267727,0.5270758122743683,0.6912326978312598,1.0,0.0,0.0,0.0,0.0,0.0,1.0,1.0,1.0,1.0,1.0,-0.06696744163229922,1.0,0.0,0.0,0.0,0.0,1.0,-0.40180464979379527,0.0,0.0,-0.40180464979379527,1.0,0.0,0.0,0.0,0.0,1.0,1.0,1.0,1.0,1.0,1.5586475133895874,922697007656.0974,1.0,0.2721325154769291,0.0,0.9226970076560974,0.07730301469564438,0.0,0.5270758122743683,1.0,0.0,0.6912326978312598,0.25
100.0,0.693343847990036,0.5016064257028112,0.6939220753235694,0.5270758122743683,0.6908390058411492,1.0,0.0,0.0,0.0,0.0,0.0,1.0,1.0,1.0,1.0,1.0,0.003999581214049261,1.0,0.0,0.0,0.0,0.0,1.0,0.0,0.023997487284295568,0.0,0.0,1.0,0.0,0.0,0.023997487284295568,0.0,1.0,1.0,1.0,1.0,1.0,1.6754258097233319,975269615650.177,1.0,0.1159166788366297,0.0,0.975269615650177,0.0,0.024730134755373,0.5270758122743683,1.0,0.0,0.6908390058411492,0.25
150.0,0.6782291829586029,0.5016064257028112,0.7145022357885654,0.5270758122743683,0.6994425588183932,1.0,0.0,0.0,0.0,0.0,0.0,1.0,1.0,1.0,1.0,1.0,0.08106792350304738,1.0,0.0,0.0,0.0,0.0,1.0,0.48640754101828426,0.0,0.0,0.48640754101828426,1.0,0.0,0.0,0.0,0.0,1.0,1.0,1.0,1.0,1.0,1.5523862713846512,919807195663.4521,1.0,0.27924074679075167,0.0,0.9198071956634521,0.08019310235977173,0.0,0.5270758122743683,1.0,0.0,0.6994425588183932,0.25
