step,train_step_loss,train_acc,train_loss,val_acc,val_loss,avg_intra_expert_coherence,expert_diversity_e0,expert_diversity_e1,expert_diversity_e2,expert_diversity_e3,expert_diversity_mean,expert_purity_e0,expert_purity_e1,expert_purity_e2,expert_purity_e3,expert_purity_mean,inter_expert_similarity,inter_expert_similarity_e0_e0,inter_expert_similarity_e0_e1,inter_expert_similarity_e0_e2,inter_expert_similarity_e0_e3,inter_expert_similarity_e1_e0,inter_expert_similarity_e1_e1,inter_expert_similarity_e1_e2,inter_expert_similarity_e1_e3,inter_expert_similarity_e2_e0,inter_expert_similarity_e2_e1,inter_expert_similarity_e2_e2,inter_expert_similarity_e2_e3,inter_expert_similarity_e3_e0,inter_expert_similarity_e3_e1,inter_expert_similarity_e3_e2,inter_expert_similarity_e3_e3,intra_expert_coherence_e0,intra_expert_coherence_e1,intra_expert_coherence_e2,intra_expert_coherence_e3,load_cv,load_max_min_ratio,overall_task_conflict_cos,router_entropy,router_load_e0,router_load_e1,router_load_e2,router_load_e3,task_acc__glue_mrpc,task_conflict_t0_t0,task_grad_norm_cv,task_loss__glue_mrpc,utilization_ratio
50.0,0.45504045486450195,0.7712649945474372,0.4638182944091766,0.7720588235294118,0.4749026961911183,1.0,0.0,0.0,0.0,0.0,0.0,1.0,1.0,1.0,1.0,1.0,0.012176964826257403,1.0,0.07306178895754442,0.0,0.0,0.07306178895754442,1.0,0.0,0.0,0.0,0.0,1.0,0.0,0.0,0.0,0.0,1.0,1.0,1.0,1.0,1.0,1.0055570609041524,537324428558.3496,1.0,0.6844174078866547,0.4626754820346832,0.5373244285583496,0.0,0.0,0.7720588235294118,1.0,0.0,0.4749026961911183,0.5
100.0,0.33937594294548035,0.7911668484187568,0.40966834413778525,0.7769607843137255,0.4178510892849702,1.0,0.0,0.0,0.0,0.0,0.0,1.0,1.0,1.0,1.0,1.0,6.916439526884869e-05,1.0,0.00041498637161309213,0.0,0.0,0.00041498637161309213,1.0,0.0,0.0,0.0,0.0,1.0,0.0,0.0,0.0,0.0,1.0,1.0,1.0,1.0,1.0,1.0244262218475342,750.0263458246409,1.0,0.653665094983344,0.6372619867324829,0.32373276352882385,0.0008496528025716543,0.03815564513206482,0.7769607843137255,1.0,0.0,0.4178510892849702,0.5
150.0,0.5261991918087006,0.824154852780807,0.39519773847221035,0.8186274509803921,0.4286055272588363,1.0,0.0,0.0,0.0,0.0,0.0,1.0,1.0,1.0,1.0,1.0,0.01289453923580945,1.0,0.0773672354148567,0.0,0.0,0.0773672354148567,1.0,0.0,0.0,0.0,0.0,1.0,0.0,0.0,0.0,0.0,1.0,1.0,1.0,1.0,1.0,1.0077718496322632,544164538383.4839,1.0,0.6861690329570397,0.5441645383834839,0.4558354914188385,0.0,0.0,0.8186274509803921,1.0,0.0,0.4286055272588363,0.5
