step,train_step_loss,train_acc,train_loss,val_acc,val_loss,avg_intra_expert_coherence,expert_diversity_e0,expert_diversity_e1,expert_diversity_e2,expert_diversity_e3,expert_diversity_mean,expert_purity_e0,expert_purity_e1,expert_purity_e2,expert_purity_e3,expert_purity_mean,inter_expert_similarity,inter_expert_similarity_e0_e0,inter_expert_similarity_e0_e1,inter_expert_similarity_e0_e2,inter_expert_similarity_e0_e3,inter_expert_similarity_e1_e0,inter_expert_similarity_e1_e1,inter_expert_similarity_e1_e2,inter_expert_similarity_e1_e3,inter_expert_similarity_e2_e0,inter_expert_similarity_e2_e1,inter_expert_similarity_e2_e2,inter_expert_similarity_e2_e3,inter_expert_similarity_e3_e0,inter_expert_similarity_e3_e1,inter_expert_similarity_e3_e2,inter_expert_similarity_e3_e3,intra_expert_coherence_e0,intra_expert_coherence_e1,intra_expert_coherence_e2,intra_expert_coherence_e3,load_cv,load_max_min_ratio,overall_task_conflict_cos,router_entropy,router_load_e0,router_load_e1,router_load_e2,router_load_e3,task_acc__glue_cola,task_acc__glue_mrpc,task_acc__glue_rte,task_conflict_t0_t0,task_conflict_t0_t1,task_conflict_t0_t2,task_conflict_t1_t0,task_conflict_t1_t1,task_conflict_t1_t2,task_conflict_t2_t0,task_conflict_t2_t1,task_conflict_t2_t2,task_grad_norm_cv,task_loss__glue_cola,task_loss__glue_mrpc,task_loss__glue_rte,utilization_ratio
1.0,0.5698192914326986,0.6304626785079755,0.6935982472972214,0.6211210830854281,0.7045326203893203,0.7273816112039153,0.8973865397661501,0.8468436042860175,0.9518394874557121,0.9544922062347517,0.9126404594356577,0.4883696138858795,0.5744665861129761,0.4745059311389923,0.46123528480529785,0.49964435398578644,0.1844149679650229,1.0,0.4396945886495151,-0.04989878519981067,0.4551896069674426,0.4396945886495151,1.0,0.08638153370645889,0.20280096407464532,-0.04989878519981067,0.08638153370645889,1.0,-0.02767810040811379,0.4551896069674426,0.20280096407464532,-0.02767810040811379,1.0,0.9034061769918885,0.5656635578715362,0.8077903652007407,0.6326663447514959,0.3365832567214966,2.261223180241985,0.5897667081659504,1.311495711337085,0.3642110824584961,0.17799073457717896,0.1610681712627411,0.29673001170158386,0.7066155321188878,0.6838235294117647,0.4729241877256318,1.0,0.8992464233877883,0.405953509568537,0.8992464233877883,1.0,0.4641001915415259,0.405953509568537,0.4641001915415259,1.0,0.3544865661431195,0.6025236903028633,0.6427867034194517,0.868287467445646,1.0
