step,train_step_loss,train_acc,train_loss,val_acc,val_loss,avg_intra_expert_coherence,expert_diversity_e0,expert_diversity_e1,expert_diversity_e2,expert_diversity_e3,expert_diversity_mean,expert_purity_e0,expert_purity_e1,expert_purity_e2,expert_purity_e3,expert_purity_mean,inter_expert_similarity,inter_expert_similarity_e0_e0,inter_expert_similarity_e0_e1,inter_expert_similarity_e0_e2,inter_expert_similarity_e0_e3,inter_expert_similarity_e1_e0,inter_expert_similarity_e1_e1,inter_expert_similarity_e1_e2,inter_expert_similarity_e1_e3,inter_expert_similarity_e2_e0,inter_expert_similarity_e2_e1,inter_expert_similarity_e2_e2,inter_expert_similarity_e2_e3,inter_expert_similarity_e3_e0,inter_expert_similarity_e3_e1,inter_expert_similarity_e3_e2,inter_expert_similarity_e3_e3,intra_expert_coherence_e0,intra_expert_coherence_e1,intra_expert_coherence_e2,intra_expert_coherence_e3,load_cv,load_max_min_ratio,overall_task_conflict_cos,router_entropy,router_load_e0,router_load_e1,router_load_e2,router_load_e3,task_acc__glue_cola,task_acc__glue_mrpc,task_acc__glue_rte,task_conflict_t0_t0,task_conflict_t0_t1,task_conflict_t0_t2,task_conflict_t1_t0,task_conflict_t1_t1,task_conflict_t1_t2,task_conflict_t2_t0,task_conflict_t2_t1,task_conflict_t2_t2,task_grad_norm_cv,task_loss__glue_cola,task_loss__glue_mrpc,task_loss__glue_rte,utilization_ratio
1.0,0.5515190114577612,0.6257068994567925,0.6833369770749501,0.6160076283075439,0.694189019436713,0.7027346579998444,0.9394255187922343,0.8913508368428751,0.8418837677960136,0.9541173077448928,0.906694357794004,0.49905309081077576,0.496759831905365,0.5962403416633606,0.43886271119117737,0.5077289938926697,0.1992400920190499,1.0,-0.2592730505362271,-0.13014097687485673,-0.07449408884681885,-0.2592730505362271,1.0,0.7807310765999944,0.5008270220226108,-0.13014097687485673,0.7807310765999944,1.0,0.37779056974959707,-0.07449408884681885,0.5008270220226108,0.37779056974959707,1.0,0.5357603952533305,0.7089297915850866,0.8448839801894659,0.7213644649714946,0.40236715646181626,2.9864082275074604,0.7078833036391518,1.2863323375306748,0.18120945990085602,0.37827423214912415,0.31385117769241333,0.12666527926921844,0.6912751677852349,0.6838235294117647,0.4729241877256318,1.0,0.9010760254799651,0.601265450722167,0.9010760254799651,1.0,0.6213084347153229,0.601265450722167,0.6213084347153229,1.0,0.4003496770198361,0.5932423021957165,0.6091385133126203,0.8801862428018025,1.0
