method,val_acc_last_mean,val_acc_last_std,val_loss_last_mean,val_loss_last_std
baseline,0.6211210830854281,0.0,0.7045326203893203,0.0
cagrad,0.6160076283075439,0.0,0.694189019436713,0.0
ours,0.47641557773983045,0.0,0.731007474436867,0.0
