step,train_step_loss,train_acc,train_loss,val_acc,val_loss,avg_intra_expert_coherence,expert_diversity_e0,expert_diversity_e1,expert_diversity_e2,expert_diversity_e3,expert_diversity_mean,expert_purity_e0,expert_purity_e1,expert_purity_e2,expert_purity_e3,expert_purity_mean,inter_expert_similarity,inter_expert_similarity_e0_e0,inter_expert_similarity_e0_e1,inter_expert_similarity_e0_e2,inter_expert_similarity_e0_e3,inter_expert_similarity_e1_e0,inter_expert_similarity_e1_e1,inter_expert_similarity_e1_e2,inter_expert_similarity_e1_e3,inter_expert_similarity_e2_e0,inter_expert_similarity_e2_e1,inter_expert_similarity_e2_e2,inter_expert_similarity_e2_e3,inter_expert_similarity_e3_e0,inter_expert_similarity_e3_e1,inter_expert_similarity_e3_e2,inter_expert_similarity_e3_e3,intra_expert_coherence_e0,intra_expert_coherence_e1,intra_expert_coherence_e2,intra_expert_coherence_e3,load_cv,load_max_min_ratio,overall_task_conflict_cos,router_entropy,router_load_e0,router_load_e1,router_load_e2,router_load_e3,task_acc__glue_cola,task_acc__glue_mrpc,task_acc__glue_rte,task_conflict_t0_t0,task_conflict_t0_t1,task_conflict_t0_t2,task_conflict_t1_t0,task_conflict_t1_t1,task_conflict_t1_t2,task_conflict_t2_t0,task_conflict_t2_t1,task_conflict_t2_t2,task_grad_norm_cv,task_loss__glue_cola,task_loss__glue_mrpc,task_loss__glue_rte,utilization_ratio
1.0,0.6275610824426016,0.625745881252294,0.6625772881473875,0.6160076283075439,0.6663211025922137,0.0810976173825756,0.8348810329359445,0.951220986329172,0.9375689303229183,0.9675425800047484,0.9228033823981958,0.6279902458190918,0.48859676718711853,0.513447642326355,0.4445277154445648,0.5186405926942825,0.06291684017230353,1.0,0.07640100126087217,0.06850012572183015,0.04517312287328351,0.07640100126087217,1.0,0.0812812032465598,0.0627452797489398,0.06850012572183015,0.0812812032465598,1.0,0.04340030818233582,0.04517312287328351,0.0627452797489398,0.04340030818233582,1.0,0.0454007636686847,0.043857508905089805,0.3236751009292236,-0.08854290397269565,0.5516543182708594,4.132299797849166,0.04046083207487903,1.2327465289444834,0.19182777404785156,0.48089444637298584,0.11637452989816666,0.21090303361415863,0.6912751677852349,0.6838235294117647,0.4729241877256318,1.0,0.7841041715161317,-0.4017752810651873,0.7841041715161317,1.0,-0.2609463942263073,-0.4017752810651873,-0.2609463942263073,1.0,0.335260430841309,0.6353090843399063,0.6390401119110631,0.7246141115256718,0.75
