step,train_step_loss,train_acc,train_loss,val_acc,val_loss,avg_intra_expert_coherence,expert_diversity_e0,expert_diversity_e1,expert_diversity_e2,expert_diversity_e3,expert_diversity_mean,expert_purity_e0,expert_purity_e1,expert_purity_e2,expert_purity_e3,expert_purity_mean,inter_expert_similarity,inter_expert_similarity_e0_e0,inter_expert_similarity_e0_e1,inter_expert_similarity_e0_e2,inter_expert_similarity_e0_e3,inter_expert_similarity_e1_e0,inter_expert_similarity_e1_e1,inter_expert_similarity_e1_e2,inter_expert_similarity_e1_e3,inter_expert_similarity_e2_e0,inter_expert_similarity_e2_e1,inter_expert_similarity_e2_e2,inter_expert_similarity_e2_e3,inter_expert_similarity_e3_e0,inter_expert_similarity_e3_e1,inter_expert_similarity_e3_e2,inter_expert_similarity_e3_e3,intra_expert_coherence_e0,intra_expert_coherence_e1,intra_expert_coherence_e2,intra_expert_coherence_e3,load_cv,load_max_min_ratio,overall_task_conflict_cos,router_entropy,router_load_e0,router_load_e1,router_load_e2,router_load_e3,task_acc__glue_cola,task_acc__glue_mrpc,task_acc__glue_rte,task_conflict_t0_t0,task_conflict_t0_t1,task_conflict_t0_t2,task_conflict_t1_t0,task_conflict_t1_t1,task_conflict_t1_t2,task_conflict_t2_t0,task_conflict_t2_t1,task_conflict_t2_t2,task_grad_norm_cv,task_loss__glue_cola,task_loss__glue_mrpc,task_loss__glue_rte,utilization_ratio
1.0,0.8061099251111349,0.5315699607686187,0.6946074495993392,0.5241429881056842,0.6967586478924693,-0.16366272090427447,0.9177492244863945,0.9649549666074497,0.9705351488764764,0.9632112274664848,0.9541126418592014,0.5031493306159973,0.39976587891578674,0.4313850402832031,0.4619804620742798,0.44907017797231674,0.03547300142510809,1.0,0.13853750484056673,-0.3127886497678867,0.53669634245197,0.13853750484056673,1.0,-0.09267038615634024,0.2899034738920668,-0.3127886497678867,-0.09267038615634024,1.0,-0.346840276709728,0.53669634245197,0.2899034738920668,-0.346840276709728,1.0,-0.12671601740873406,-0.258227687197733,-0.2706136438406278,0.0009064648299970483,0.20663085123757094,1.7165351418727932,-0.1690755646628692,1.3354916308351137,0.19501735270023346,0.3347541391849518,0.23160989582538605,0.238618865609169,0.4506232023010546,0.6813725490196079,0.4404332129963899,1.0,0.8009836146290856,-0.7263175065551374,0.8009836146290856,1.0,-0.5818928020625558,-0.7263175065551374,-0.5818928020625558,1.0,0.20137723115443223,0.7339168212568487,0.590657667202108,0.7657014552184513,1.0
