step,train_step_loss,train_acc,train_loss,val_acc,val_loss,avg_intra_expert_coherence,expert_diversity_e0,expert_diversity_e1,expert_diversity_e2,expert_diversity_e3,expert_diversity_mean,expert_purity_e0,expert_purity_e1,expert_purity_e2,expert_purity_e3,expert_purity_mean,inter_expert_similarity,inter_expert_similarity_e0_e0,inter_expert_similarity_e0_e1,inter_expert_similarity_e0_e2,inter_expert_similarity_e0_e3,inter_expert_similarity_e1_e0,inter_expert_similarity_e1_e1,inter_expert_similarity_e1_e2,inter_expert_similarity_e1_e3,inter_expert_similarity_e2_e0,inter_expert_similarity_e2_e1,inter_expert_similarity_e2_e2,inter_expert_similarity_e2_e3,inter_expert_similarity_e3_e0,inter_expert_similarity_e3_e1,inter_expert_similarity_e3_e2,inter_expert_similarity_e3_e3,intra_expert_coherence_e0,intra_expert_coherence_e1,intra_expert_coherence_e2,intra_expert_coherence_e3,load_cv,load_max_min_ratio,overall_task_conflict_cos,router_entropy,router_load_e0,router_load_e1,router_load_e2,router_load_e3,task_acc__glue_rte,task_conflict_t0_t0,task_grad_norm_cv,task_loss__glue_rte,utilization_ratio
50.0,0.685291200876236,0.5755020080321285,0.685354847747546,0.5306859205776173,0.6895910435252719,1.0,0.0,0.0,0.0,0.0,0.0,1.0,1.0,1.0,1.0,1.0,0.07494667819650966,1.0,0.0,0.44968006917905795,0.0,0.0,1.0,0.0,0.0,0.44968006917905795,0.0,1.0,0.0,0.0,0.0,0.0,1.0,1.0,1.0,1.0,1.0,1.0407546186896932,601962029933.9294,1.0,0.6716444690304973,0.6019620299339294,0.0,0.3980379104614258,0.0,0.5306859205776173,1.0,0.0,0.6895910435252719,0.5
100.0,0.6576875746250153,0.6437751004016065,0.6400422705289645,0.6245487364620939,0.6491866641574435,1.0,0.0,0.0,0.0,0.0,0.0,1.0,1.0,1.0,1.0,1.0,0.061229645343518734,1.0,0.0,0.3673778720611124,0.0,0.0,1.0,0.0,0.0,0.3673778720611124,0.0,1.0,0.0,0.0,0.0,0.0,1.0,1.0,1.0,1.0,1.0,1.021434548072165,621655166149.1394,1.0,0.6619377265338002,0.6216551661491394,0.0,0.35166001319885254,0.026684697717428207,0.6245487364620939,1.0,0.0,0.6491866641574435,0.5
150.0,0.6652048230171204,0.6879518072289157,0.6177387050329111,0.6462093862815884,0.6404015744725863,1.0,0.0,0.0,0.0,0.0,0.0,1.0,1.0,1.0,1.0,1.0,0.058560062863996336,1.0,0.0,0.351360377183978,0.0,0.0,1.0,0.0,0.0,0.351360377183978,0.0,1.0,0.0,0.0,0.0,0.0,1.0,1.0,1.0,1.0,1.0,1.0340304374694824,536.384443067038,1.0,0.668103650158493,0.6079795360565186,0.0011334771988913417,0.3842132091522217,0.006673736497759819,0.6462093862815884,1.0,0.0,0.6404015744725863,0.5
