step,train_step_loss,train_acc,train_loss,val_acc,val_loss,avg_intra_expert_coherence,expert_diversity_e0,expert_diversity_e1,expert_diversity_e2,expert_diversity_e3,expert_diversity_mean,expert_purity_e0,expert_purity_e1,expert_purity_e2,expert_purity_e3,expert_purity_mean,inter_expert_similarity,inter_expert_similarity_e0_e0,inter_expert_similarity_e0_e1,inter_expert_similarity_e0_e2,inter_expert_similarity_e0_e3,inter_expert_similarity_e1_e0,inter_expert_similarity_e1_e1,inter_expert_similarity_e1_e2,inter_expert_similarity_e1_e3,inter_expert_similarity_e2_e0,inter_expert_similarity_e2_e1,inter_expert_similarity_e2_e2,inter_expert_similarity_e2_e3,inter_expert_similarity_e3_e0,inter_expert_similarity_e3_e1,inter_expert_similarity_e3_e2,inter_expert_similarity_e3_e3,intra_expert_coherence_e0,intra_expert_coherence_e1,intra_expert_coherence_e2,intra_expert_coherence_e3,load_cv,load_max_min_ratio,overall_task_conflict_cos,router_entropy,router_load_e0,router_load_e1,router_load_e2,router_load_e3,task_acc__glue_sst2,task_conflict_t0_t0,task_grad_norm_cv,task_loss__glue_sst2,utilization_ratio
50.0,1.0029242038726807,0.44217434557305973,0.7447154499572699,0.4908256880733945,0.7226646363735199,1.0,0.0,0.0,0.0,0.0,0.0,1.0,1.0,1.0,1.0,1.0,-0.015049034910985115,1.0,-0.09029420946591069,0.0,0.0,-0.09029420946591069,1.0,0.0,0.0,0.0,0.0,1.0,0.0,0.0,0.0,0.0,1.0,1.0,1.0,1.0,1.0,1.1230334043502808,680694520473.4802,1.0,0.6263450980186462,0.6806945204734802,0.31930553913116455,0.0,0.0,0.4908256880733945,1.0,0.0,0.7226646363735199,0.5
100.0,0.7456930577754974,0.5578256544269403,0.6941857640930139,0.5091743119266054,0.7177429735660553,1.0,0.0,0.0,0.0,0.0,0.0,1.0,1.0,1.0,1.0,1.0,-0.05426922645675947,1.0,0.0,0.0,0.0,0.0,1.0,0.0,-0.3256153587405568,0.0,0.0,1.0,0.0,0.0,-0.3256153587405568,0.0,1.0,1.0,1.0,1.0,1.0,1.2914992891840038,788956403732.2998,1.0,0.5153347806099358,0.0,0.7889564037322998,0.0,0.21104246377944946,0.5091743119266054,1.0,0.0,0.7177429735660553,0.5
150.0,0.6951422989368439,0.44217434557305973,0.6934499333915688,0.4908256880733945,0.6931976150382649,1.0,0.0,0.0,0.0,0.0,0.0,1.0,1.0,1.0,1.0,1.0,-0.025221259281622693,1.0,0.0,0.0,0.0,0.0,1.0,0.0,-0.15132755568973616,0.0,0.0,1.0,0.0,0.0,-0.15132755568973616,0.0,1.0,1.0,1.0,1.0,1.0,1.3527910709381104,822110950946.8079,1.0,0.468177855014801,0.0,0.8221109509468079,0.0,0.17788906395435333,0.4908256880733945,1.0,0.0,0.6931976150382649,0.5
