step,train_step_loss,train_acc,train_loss,val_acc,val_loss,avg_intra_expert_coherence,expert_diversity_e0,expert_diversity_e1,expert_diversity_e2,expert_diversity_e3,expert_diversity_mean,expert_purity_e0,expert_purity_e1,expert_purity_e2,expert_purity_e3,expert_purity_mean,inter_expert_similarity,inter_expert_similarity_e0_e0,inter_expert_similarity_e0_e1,inter_expert_similarity_e0_e2,inter_expert_similarity_e0_e3,inter_expert_similarity_e1_e0,inter_expert_similarity_e1_e1,inter_expert_similarity_e1_e2,inter_expert_similarity_e1_e3,inter_expert_similarity_e2_e0,inter_expert_similarity_e2_e1,inter_expert_similarity_e2_e2,inter_expert_similarity_e2_e3,inter_expert_similarity_e3_e0,inter_expert_similarity_e3_e1,inter_expert_similarity_e3_e2,inter_expert_similarity_e3_e3,intra_expert_coherence_e0,intra_expert_coherence_e1,intra_expert_coherence_e2,intra_expert_coherence_e3,load_cv,load_max_min_ratio,overall_task_conflict_cos,router_entropy,router_load_e0,router_load_e1,router_load_e2,router_load_e3,task_acc__glue_rte,task_conflict_t0_t0,task_grad_norm_cv,task_loss__glue_rte,utilization_ratio
50.0,0.49257074296474457,0.5698795180722892,0.7274330397829031,0.5740072202166066,0.7346501722931862,1.0,0.0,0.0,0.0,0.0,0.0,1.0,1.0,1.0,1.0,1.0,0.06557707010097333,1.0,0.0,0.39346242060583997,0.0,0.0,1.0,0.0,0.0,0.39346242060583997,0.0,1.0,0.0,0.0,0.0,0.0,1.0,1.0,1.0,1.0,1.0,0.9946565628051758,515894651412.96387,1.0,0.6916816914554967,0.5158946514129639,0.0,0.48080897331237793,0.0032963945996016264,0.5740072202166066,1.0,0.0,0.7346501722931862,0.5
100.0,0.6685772240161896,0.6558232931726907,0.6303158142818854,0.592057761732852,0.6638353549771838,1.0,0.0,0.0,0.0,0.0,0.0,1.0,1.0,1.0,1.0,1.0,0.06065707835698505,1.0,0.0,0.3639424701419103,0.0,0.0,1.0,0.0,0.0,0.3639424701419103,0.0,1.0,0.0,0.0,0.0,0.0,1.0,1.0,1.0,1.0,1.0,0.9932555556297302,505992949008.94165,1.0,0.6926555039650266,0.49050793051719666,0.0034991258289664984,0.5059929490089417,0.0,0.592057761732852,1.0,0.0,0.6638353549771838,0.5
150.0,0.6600238978862762,0.7269076305220884,0.5939418688607522,0.6606498194945848,0.6260793763730261,1.0,0.0,0.0,0.0,0.0,0.0,1.0,1.0,1.0,1.0,1.0,-0.009538477663298312,1.0,0.0,-0.05723086597978987,0.0,0.0,1.0,0.0,0.0,-0.05723086597978987,0.0,1.0,0.0,0.0,0.0,0.0,1.0,1.0,1.0,1.0,1.0,0.9150113463401794,512305736541.74805,1.0,0.6924264224427702,0.4412444829940796,0.04644976183772087,0.512305736541748,0.0,0.6606498194945848,1.0,0.0,0.6260793763730261,0.5
