step,train_step_loss,train_acc,train_loss,val_acc,val_loss,avg_intra_expert_coherence,expert_diversity_e0,expert_diversity_e1,expert_diversity_e2,expert_diversity_e3,expert_diversity_mean,expert_purity_e0,expert_purity_e1,expert_purity_e2,expert_purity_e3,expert_purity_mean,inter_expert_similarity,inter_expert_similarity_e0_e0,inter_expert_similarity_e0_e1,inter_expert_similarity_e0_e2,inter_expert_similarity_e0_e3,inter_expert_similarity_e1_e0,inter_expert_similarity_e1_e1,inter_expert_similarity_e1_e2,inter_expert_similarity_e1_e3,inter_expert_similarity_e2_e0,inter_expert_similarity_e2_e1,inter_expert_similarity_e2_e2,inter_expert_similarity_e2_e3,inter_expert_similarity_e3_e0,inter_expert_similarity_e3_e1,inter_expert_similarity_e3_e2,inter_expert_similarity_e3_e3,intra_expert_coherence_e0,intra_expert_coherence_e1,intra_expert_coherence_e2,intra_expert_coherence_e3,load_cv,load_max_min_ratio,overall_task_conflict_cos,router_entropy,router_load_e0,router_load_e1,router_load_e2,router_load_e3,task_acc__glue_rte,task_conflict_t0_t0,task_grad_norm_cv,task_loss__glue_rte,utilization_ratio
50.0,0.6347870230674744,0.6088353413654618,0.6527589643230806,0.5884476534296029,0.6941598339213265,1.0,0.0,0.0,0.0,0.0,0.0,1.0,1.0,1.0,1.0,1.0,-0.029611447479422,1.0,-0.177668684876532,0.0,0.0,-0.177668684876532,1.0,0.0,0.0,0.0,0.0,1.0,0.0,0.0,0.0,0.0,1.0,1.0,1.0,1.0,1.0,0.9982086420059204,530764877796.1731,1.0,0.6888452712379207,0.46624547243118286,0.5307648777961731,0.002989694941788912,0.0,0.5884476534296029,1.0,0.0,0.6941598339213265,0.5
100.0,0.6592925190925598,0.6847389558232931,0.6052591590354076,0.6498194945848376,0.6454541087150574,1.0,0.0,0.0,0.0,0.0,0.0,1.0,1.0,1.0,1.0,1.0,-0.06535639841075881,1.0,-0.39213839046455284,0.0,0.0,-0.39213839046455284,1.0,0.0,0.0,0.0,0.0,1.0,0.0,0.0,0.0,0.0,1.0,1.0,1.0,1.0,1.0,0.9948679208755493,360.16462058750864,1.0,0.6909273591712924,0.5131795406341553,0.4838210642337799,0.001574603607878089,0.0014248471707105637,0.6498194945848376,1.0,0.0,0.6454541087150574,0.5
150.0,0.5906757712364197,0.7409638554216867,0.5668232917785644,0.6498194945848376,0.6280132631460825,1.0,0.0,0.0,0.0,0.0,0.0,1.0,1.0,1.0,1.0,1.0,0.0022308994358800297,1.0,0.013385396615280178,0.0,0.0,0.013385396615280178,1.0,0.0,0.0,0.0,0.0,1.0,0.0,0.0,0.0,0.0,1.0,1.0,1.0,1.0,1.0,1.0002086162567139,507222712039.9475,1.0,0.69173463070866,0.5072227120399475,0.4927772581577301,0.0,0.0,0.6498194945848376,1.0,0.0,0.6280132631460825,0.5
