step,train_step_loss,train_acc,train_loss,val_acc,val_loss,avg_intra_expert_coherence,expert_diversity_e0,expert_diversity_e1,expert_diversity_e2,expert_diversity_e3,expert_diversity_mean,expert_purity_e0,expert_purity_e1,expert_purity_e2,expert_purity_e3,expert_purity_mean,inter_expert_similarity,inter_expert_similarity_e0_e0,inter_expert_similarity_e0_e1,inter_expert_similarity_e0_e2,inter_expert_similarity_e0_e3,inter_expert_similarity_e1_e0,inter_expert_similarity_e1_e1,inter_expert_similarity_e1_e2,inter_expert_similarity_e1_e3,inter_expert_similarity_e2_e0,inter_expert_similarity_e2_e1,inter_expert_similarity_e2_e2,inter_expert_similarity_e2_e3,inter_expert_similarity_e3_e0,inter_expert_similarity_e3_e1,inter_expert_similarity_e3_e2,inter_expert_similarity_e3_e3,intra_expert_coherence_e0,intra_expert_coherence_e1,intra_expert_coherence_e2,intra_expert_coherence_e3,load_cv,load_max_min_ratio,overall_task_conflict_cos,router_entropy,router_load_e0,router_load_e1,router_load_e2,router_load_e3,task_acc__glue_sst2,task_conflict_t0_t0,task_grad_norm_cv,task_loss__glue_sst2,utilization_ratio
50.0,0.49923330545425415,0.5578256544269403,0.9370791887585738,0.5091743119266054,1.022816393863071,1.0,0.0,0.0,0.0,0.0,0.0,1.0,1.0,1.0,1.0,1.0,-0.0167552577699293,1.0,0.0,0.0,0.0,0.0,1.0,0.0,-0.10053154661957579,0.0,0.0,1.0,0.0,0.0,-0.10053154661957579,0.0,1.0,1.0,1.0,1.0,1.0,1.7320450949400097,999998152256.012,1.0,3.457670411097159e-05,0.0,0.999998152256012,0.0,2.485315235389862e-06,0.5091743119266054,1.0,0.0,1.022816393863071,0.25
100.0,0.750708132982254,0.5578256544269403,0.6865299992281014,0.5091743119266054,0.6990037289532748,1.0,0.0,0.0,0.0,0.0,0.0,1.0,1.0,1.0,1.0,1.0,0.02027052675384466,1.0,0.0,0.0,0.0,0.0,1.0,0.0,0.12162316052306796,0.0,0.0,1.0,0.0,0.0,0.12162316052306796,0.0,1.0,1.0,1.0,1.0,1.0,1.7273749439417647,997972726821.8994,1.0,0.014589221156928518,0.0,0.9979727268218994,0.0,0.0020260962191969156,0.5091743119266054,1.0,0.0,0.6990037289532748,0.25
150.0,0.7234984934329987,0.44217434557305973,0.7276246084311796,0.4908256880733945,0.7109114722772079,1.0,0.0,0.0,0.0,0.0,0.0,1.0,1.0,1.0,1.0,1.0,-0.029879215297315315,1.0,0.0,0.0,0.0,0.0,1.0,-0.1792752917838919,0.0,0.0,-0.1792752917838919,1.0,0.0,0.0,0.0,0.0,1.0,1.0,1.0,1.0,1.0,1.6970398100187432,984761834144.5923,1.0,0.07888193380668623,0.0,0.9847618341445923,0.015239274129271507,0.0,0.4908256880733945,1.0,0.0,0.7109114722772079,0.25
