step,train_step_loss,train_acc,train_loss,val_acc,val_loss,avg_intra_expert_coherence,expert_diversity_e0,expert_diversity_e1,expert_diversity_e2,expert_diversity_e3,expert_diversity_mean,expert_purity_e0,expert_purity_e1,expert_purity_e2,expert_purity_e3,expert_purity_mean,inter_expert_similarity,inter_expert_similarity_e0_e0,inter_expert_similarity_e0_e1,inter_expert_similarity_e0_e2,inter_expert_similarity_e0_e3,inter_expert_similarity_e1_e0,inter_expert_similarity_e1_e1,inter_expert_similarity_e1_e2,inter_expert_similarity_e1_e3,inter_expert_similarity_e2_e0,inter_expert_similarity_e2_e1,inter_expert_similarity_e2_e2,inter_expert_similarity_e2_e3,inter_expert_similarity_e3_e0,inter_expert_similarity_e3_e1,inter_expert_similarity_e3_e2,inter_expert_similarity_e3_e3,intra_expert_coherence_e0,intra_expert_coherence_e1,intra_expert_coherence_e2,intra_expert_coherence_e3,load_cv,load_max_min_ratio,overall_task_conflict_cos,router_entropy,router_load_e0,router_load_e1,router_load_e2,router_load_e3,task_acc__glue_sst2,task_conflict_t0_t0,task_grad_norm_cv,task_loss__glue_sst2,utilization_ratio
50.0,0.7287798523902893,0.44217434557305973,0.7979335260575288,0.4908256880733945,0.7629215373234315,1.0,0.0,0.0,0.0,0.0,0.0,1.0,1.0,1.0,1.0,1.0,0.038540867834861006,1.0,0.23124520700916604,0.0,0.0,0.23124520700916604,1.0,0.0,0.0,0.0,0.0,1.0,0.0,0.0,0.0,0.0,1.0,1.0,1.0,1.0,1.0,1.7244612879022505,996711194515.2283,1.0,0.02209283777196473,0.9967111945152283,0.0032899656798690557,0.0,0.0,0.4908256880733945,1.0,0.0,0.7629215373234315,0.25
100.0,0.7858259081840515,0.44217434557305973,0.7701807570606116,0.4908256880733945,0.7413899746808139,1.0,0.0,0.0,0.0,0.0,0.0,1.0,1.0,1.0,1.0,1.0,0.03419252214700528,1.0,0.0,0.2051551328820317,0.0,0.0,1.0,0.0,0.0,0.2051551328820317,0.0,1.0,0.0,0.0,0.0,0.0,1.0,1.0,1.0,1.0,1.0,1.3742250950068122,833259522914.8865,1.0,0.4506805178222306,0.8332595229148865,0.0,0.16674062609672546,0.0,0.4908256880733945,1.0,0.0,0.7413899746808139,0.5
150.0,0.6933760046958923,0.5578256544269403,0.6869117381524587,0.5091743119266054,0.7012467070059343,1.0,0.0,0.0,0.0,0.0,0.0,1.0,1.0,1.0,1.0,1.0,-0.05024814367566501,1.0,0.0,0.0,0.0,0.0,1.0,-0.30148886205399006,0.0,0.0,-0.30148886205399006,1.0,0.0,0.0,0.0,0.0,1.0,1.0,1.0,1.0,1.0,1.6485307860035303,963363766670.227,1.0,0.15709990755133674,0.0,0.036635417491197586,0.963363766670227,0.0,0.5091743119266054,1.0,0.0,0.7012467070059343,0.25
