step,train_step_loss,train_acc,train_loss,val_acc,val_loss,avg_intra_expert_coherence,expert_diversity_e0,expert_diversity_e1,expert_diversity_e2,expert_diversity_e3,expert_diversity_mean,expert_purity_e0,expert_purity_e1,expert_purity_e2,expert_purity_e3,expert_purity_mean,inter_expert_similarity,inter_expert_similarity_e0_e0,inter_expert_similarity_e0_e1,inter_expert_similarity_e0_e2,inter_expert_similarity_e0_e3,inter_expert_similarity_e1_e0,inter_expert_similarity_e1_e1,inter_expert_similarity_e1_e2,inter_expert_similarity_e1_e3,inter_expert_similarity_e2_e0,inter_expert_similarity_e2_e1,inter_expert_similarity_e2_e2,inter_expert_similarity_e2_e3,inter_expert_similarity_e3_e0,inter_expert_similarity_e3_e1,inter_expert_similarity_e3_e2,inter_expert_similarity_e3_e3,intra_expert_coherence_e0,intra_expert_coherence_e1,intra_expert_coherence_e2,intra_expert_coherence_e3,load_cv,load_max_min_ratio,overall_task_conflict_cos,router_entropy,router_load_e0,router_load_e1,router_load_e2,router_load_e3,task_acc__glue_cola,task_acc__glue_mrpc,task_acc__glue_rte,task_conflict_t0_t0,task_conflict_t0_t1,task_conflict_t0_t2,task_conflict_t1_t0,task_conflict_t1_t1,task_conflict_t1_t2,task_conflict_t2_t0,task_conflict_t2_t1,task_conflict_t2_t2,task_grad_norm_cv,task_loss__glue_cola,task_loss__glue_mrpc,task_loss__glue_rte,utilization_ratio
1.0,1.0784814953804016,0.5427483177433237,0.6831004861902273,0.5572824822027762,0.6751864371251033,-0.21419734879468177,0.6840316464239568,0.8914060136539007,0.8895182288558336,0.8387219249317587,0.8259194534663624,0.6263124346733093,0.5551037192344666,0.5025726556777954,0.6248581409454346,0.5772117376327515,-0.04051223434404302,1.0,0.13885604723847011,-0.08662873891413951,-0.2199097319175024,0.13885604723847011,1.0,-0.03158724505465562,-0.11327318487604758,-0.08662873891413951,-0.03158724505465562,1.0,0.06946944745961692,-0.2199097319175024,-0.11327318487604758,0.06946944745961692,1.0,-0.12873815248853374,-0.2993402628993906,-0.26519490287075925,-0.16351607692004344,0.8932298549139672,13.41777471858517,-0.11968663853065414,0.8533718751191541,0.1312926858663559,0.625686764717102,0.19638949632644653,0.046631187200546265,0.6922339405560882,0.47058823529411764,0.5090252707581228,1.0,-0.23985090666884554,-0.5720703331327913,-0.23985090666884554,1.0,0.45286132420967445,-0.5720703331327913,0.45286132420967445,1.0,0.37712141985943237,0.6323175989944516,0.6989958023323732,0.6942459100484848,0.75
