{
  "completed_jobs": 8,
  "current_phase": "",
  "elapsed_sec": 1314.9524219036102,
  "eta_sec": null,
  "failed_jobs": 0,
  "percent": 100.0,
  "started_at_epoch": 1773666470.191187,
  "total_jobs": 8,
  "updated_at_epoch": 1773667785.1436145
}