step,train_step_loss,train_acc,train_loss,val_acc,val_loss,avg_intra_expert_coherence,expert_diversity_e0,expert_diversity_e1,expert_diversity_e2,expert_diversity_e3,expert_diversity_mean,expert_purity_e0,expert_purity_e1,expert_purity_e2,expert_purity_e3,expert_purity_mean,inter_expert_similarity,inter_expert_similarity_e0_e0,inter_expert_similarity_e0_e1,inter_expert_similarity_e0_e2,inter_expert_similarity_e0_e3,inter_expert_similarity_e1_e0,inter_expert_similarity_e1_e1,inter_expert_similarity_e1_e2,inter_expert_similarity_e1_e3,inter_expert_similarity_e2_e0,inter_expert_similarity_e2_e1,inter_expert_similarity_e2_e2,inter_expert_similarity_e2_e3,inter_expert_similarity_e3_e0,inter_expert_similarity_e3_e1,inter_expert_similarity_e3_e2,inter_expert_similarity_e3_e3,intra_expert_coherence_e0,intra_expert_coherence_e1,intra_expert_coherence_e2,intra_expert_coherence_e3,load_cv,load_max_min_ratio,overall_task_conflict_cos,router_entropy,router_load_e0,router_load_e1,router_load_e2,router_load_e3,task_acc__glue_mrpc,task_conflict_t0_t0,task_grad_norm_cv,task_loss__glue_mrpc,utilization_ratio
50.0,0.493325412273407,0.7172846237731734,0.536717300084622,0.7132352941176471,0.533480357665282,1.0,0.0,0.0,0.0,0.0,0.0,1.0,1.0,1.0,1.0,1.0,-0.07029822686457915,1.0,0.0,0.0,-0.4217893611874749,0.0,1.0,0.0,0.0,0.0,0.0,1.0,0.0,-0.4217893611874749,0.0,0.0,1.0,1.0,1.0,1.0,1.0,1.0002267360687256,507529139518.7378,1.0,0.6920682834643944,0.5075291395187378,0.0,0.0,0.4924708604812622,0.7132352941176471,1.0,0.0,0.533480357665282,0.5
100.0,0.5488609671592712,0.8099781897491821,0.43889060820574344,0.8063725490196079,0.4367484229688461,1.0,0.0,0.0,0.0,0.0,0.0,1.0,1.0,1.0,1.0,1.0,-0.06470560230665727,1.0,0.0,0.0,-0.38823361383994365,0.0,1.0,0.0,0.0,0.0,0.0,1.0,0.0,-0.38823361383994365,0.0,0.0,1.0,1.0,1.0,1.0,1.0,1.004448174900034,533384561538.6963,1.0,0.6890293815556694,0.5333845615386963,0.0,0.0,0.4666155278682709,0.8063725490196079,1.0,0.0,0.4367484229688461,0.5
150.0,0.6011999398469925,0.8514176663031625,0.36620560643141686,0.8382352941176471,0.3733217027038336,1.0,0.0,0.0,0.0,0.0,0.0,1.0,1.0,1.0,1.0,1.0,-0.07475705288731843,1.0,0.0,0.0,-0.4485423173239106,0.0,1.0,0.0,0.0,0.0,0.0,1.0,0.0,-0.4485423173239106,0.0,0.0,1.0,1.0,1.0,1.0,1.0,1.0038963556289673,531240940093.99414,1.0,0.6891462276963627,0.5312409400939941,0.0,0.0,0.46875905990600586,0.8382352941176471,1.0,0.0,0.3733217027038336,0.5
