step,train_step_loss,train_acc,train_loss,val_acc,val_loss,avg_intra_expert_coherence,expert_diversity_e0,expert_diversity_e1,expert_diversity_e2,expert_diversity_e3,expert_diversity_mean,expert_purity_e0,expert_purity_e1,expert_purity_e2,expert_purity_e3,expert_purity_mean,inter_expert_similarity,inter_expert_similarity_e0_e0,inter_expert_similarity_e0_e1,inter_expert_similarity_e0_e2,inter_expert_similarity_e0_e3,inter_expert_similarity_e1_e0,inter_expert_similarity_e1_e1,inter_expert_similarity_e1_e2,inter_expert_similarity_e1_e3,inter_expert_similarity_e2_e0,inter_expert_similarity_e2_e1,inter_expert_similarity_e2_e2,inter_expert_similarity_e2_e3,inter_expert_similarity_e3_e0,inter_expert_similarity_e3_e1,inter_expert_similarity_e3_e2,inter_expert_similarity_e3_e3,intra_expert_coherence_e0,intra_expert_coherence_e1,intra_expert_coherence_e2,intra_expert_coherence_e3,load_cv,load_max_min_ratio,overall_task_conflict_cos,router_entropy,router_load_e0,router_load_e1,router_load_e2,router_load_e3,task_acc__glue_rte,task_conflict_t0_t0,task_grad_norm_cv,task_loss__glue_rte,utilization_ratio
50.0,0.5927202105522156,0.5016064257028112,0.6916950169855204,0.5270758122743683,0.6847858412398232,1.0,0.0,0.0,0.0,0.0,0.0,1.0,1.0,1.0,1.0,1.0,0.07832883273827071,1.0,0.0,0.0,0.0,0.0,1.0,0.0,0.46997299642962426,0.0,0.0,1.0,0.0,0.0,0.46997299642962426,0.0,1.0,1.0,1.0,1.0,1.0,1.0010197759282455,515970766544.34204,1.0,0.6923349531979337,0.0,0.515970766544342,0.0,0.4840291738510132,0.5270758122743683,1.0,0.0,0.6847858412398232,0.5
100.0,0.6846342086791992,0.5931726907630522,0.653385307200444,0.5487364620938628,0.6814217534330156,1.0,0.0,0.0,0.0,0.0,0.0,1.0,1.0,1.0,1.0,1.0,0.012844531811970422,1.0,0.0,0.0,0.0,0.0,1.0,0.0,0.07706719087182254,0.0,0.0,1.0,0.0,0.0,0.07706719087182254,0.0,1.0,1.0,1.0,1.0,1.0,1.0012030601501465,517347931861.87744,1.0,0.6919132888532288,0.0,0.5173479318618774,0.0,0.48265206813812256,0.5487364620938628,1.0,0.0,0.6814217534330156,0.5
150.0,0.617196261882782,0.6759036144578313,0.6160897198013771,0.6714801444043321,0.6320942896935675,1.0,0.0,0.0,0.0,0.0,0.0,1.0,1.0,1.0,1.0,1.0,0.046758196965513636,1.0,0.0,0.0,0.0,0.0,1.0,0.0,0.2805491817930818,0.0,0.0,1.0,0.0,0.0,0.2805491817930818,0.0,1.0,1.0,1.0,1.0,1.0,1.0025866031646729,537489771842.95654,1.0,0.6893676015874539,0.001644715666770935,0.5374897718429565,0.0,0.46086546778678894,0.6714801444043321,1.0,0.0,0.6320942896935675,0.5
