step,train_step_loss,train_acc,train_loss,val_acc,val_loss,avg_intra_expert_coherence,expert_diversity_e0,expert_diversity_e1,expert_diversity_e2,expert_diversity_e3,expert_diversity_mean,expert_purity_e0,expert_purity_e1,expert_purity_e2,expert_purity_e3,expert_purity_mean,inter_expert_similarity,inter_expert_similarity_e0_e0,inter_expert_similarity_e0_e1,inter_expert_similarity_e0_e2,inter_expert_similarity_e0_e3,inter_expert_similarity_e1_e0,inter_expert_similarity_e1_e1,inter_expert_similarity_e1_e2,inter_expert_similarity_e1_e3,inter_expert_similarity_e2_e0,inter_expert_similarity_e2_e1,inter_expert_similarity_e2_e2,inter_expert_similarity_e2_e3,inter_expert_similarity_e3_e0,inter_expert_similarity_e3_e1,inter_expert_similarity_e3_e2,inter_expert_similarity_e3_e3,intra_expert_coherence_e0,intra_expert_coherence_e1,intra_expert_coherence_e2,intra_expert_coherence_e3,load_cv,load_max_min_ratio,overall_task_conflict_cos,router_entropy,router_load_e0,router_load_e1,router_load_e2,router_load_e3,task_acc__glue_rte,task_conflict_t0_t0,task_grad_norm_cv,task_loss__glue_rte,utilization_ratio
50.0,0.6618955731391907,0.6092369477911647,0.669937360783418,0.6028880866425993,0.6801650954617394,1.0,0.0,0.0,0.0,0.0,0.0,1.0,1.0,1.0,1.0,1.0,-0.041033823726402914,1.0,0.0,0.0,-0.2462029423584175,0.0,1.0,0.0,0.0,0.0,0.0,1.0,0.0,-0.2462029423584175,0.0,0.0,1.0,1.0,1.0,1.0,1.0,1.0005371570587158,511590659618.3777,1.0,0.6922354973610558,0.4884093105792999,0.0,0.0,0.5115906596183777,0.6028880866425993,1.0,0.0,0.6801650954617394,0.5
100.0,0.622212290763855,0.6935742971887551,0.5878147372832665,0.6642599277978339,0.6014534408847491,1.0,0.0,0.0,0.0,0.0,0.0,1.0,1.0,1.0,1.0,1.0,-0.0547090998222658,1.0,0.0,0.0,-0.3282545989335948,0.0,1.0,0.0,0.0,0.0,0.0,1.0,0.0,-0.3282545989335948,0.0,0.0,1.0,1.0,1.0,1.0,1.0,1.004058599472046,531885981559.7534,1.0,0.688876233806679,0.5318859815597534,0.0,0.0,0.46811404824256897,0.6642599277978339,1.0,0.0,0.6014534408847491,0.5
150.0,0.5305929183959961,0.7441767068273092,0.5176428593504123,0.6606498194945848,0.5785109864340888,1.0,0.0,0.0,0.0,0.0,0.0,1.0,1.0,1.0,1.0,1.0,0.0083604157461545,1.0,0.0,0.0,0.050162494476927,0.0,1.0,0.0,0.0,0.0,0.0,1.0,0.0,0.050162494476927,0.0,0.0,1.0,1.0,1.0,1.0,1.0,1.0047829156855244,534620761871.3379,1.0,0.6886060315349042,0.5346207618713379,0.0,0.0,0.46537911891937256,0.6606498194945848,1.0,0.0,0.5785109864340888,0.5
