step,train_step_loss,train_acc,train_loss,val_acc,val_loss,avg_intra_expert_coherence,expert_diversity_e0,expert_diversity_e1,expert_diversity_e2,expert_diversity_e3,expert_diversity_mean,expert_purity_e0,expert_purity_e1,expert_purity_e2,expert_purity_e3,expert_purity_mean,inter_expert_similarity,inter_expert_similarity_e0_e0,inter_expert_similarity_e0_e1,inter_expert_similarity_e0_e2,inter_expert_similarity_e0_e3,inter_expert_similarity_e1_e0,inter_expert_similarity_e1_e1,inter_expert_similarity_e1_e2,inter_expert_similarity_e1_e3,inter_expert_similarity_e2_e0,inter_expert_similarity_e2_e1,inter_expert_similarity_e2_e2,inter_expert_similarity_e2_e3,inter_expert_similarity_e3_e0,inter_expert_similarity_e3_e1,inter_expert_similarity_e3_e2,inter_expert_similarity_e3_e3,intra_expert_coherence_e0,intra_expert_coherence_e1,intra_expert_coherence_e2,intra_expert_coherence_e3,load_cv,load_max_min_ratio,overall_task_conflict_cos,router_entropy,router_load_e0,router_load_e1,router_load_e2,router_load_e3,task_acc__glue_mrpc,task_conflict_t0_t0,task_grad_norm_cv,task_loss__glue_mrpc,utilization_ratio
50.0,0.5200076401233673,0.6744820065430752,0.6317825762474019,0.6838235294117647,0.6267301061978707,1.0,0.0,0.0,0.0,0.0,0.0,1.0,1.0,1.0,1.0,1.0,0.04427997415593987,1.0,0.0,0.0,0.26567984493563923,0.0,1.0,0.0,0.0,0.0,0.0,1.0,0.0,0.26567984493563923,0.0,0.0,1.0,1.0,1.0,1.0,1.0,1.0001320838928223,505746185779.57153,1.0,0.6930811276622847,0.49425384402275085,0.0,0.0,0.5057461857795715,0.6838235294117647,1.0,0.0,0.6267301061978707,0.5
100.0,0.7300864458084106,0.6744820065430752,0.634334487694761,0.6838235294117647,0.627682932294332,1.0,0.0,0.0,0.0,0.0,0.0,1.0,1.0,1.0,1.0,1.0,-0.00987459472950911,1.0,-0.05924756837705466,0.0,0.0,-0.05924756837705466,1.0,0.0,0.0,0.0,0.0,1.0,0.0,0.0,0.0,0.0,1.0,1.0,1.0,1.0,1.0,1.0000097751617432,501564383506.7749,1.0,0.6931423381263134,0.5015643835067749,0.4984355866909027,0.0,0.0,0.6838235294117647,1.0,0.0,0.627682932294332,0.5
150.0,0.6579624116420746,0.6744820065430752,0.6347643366974333,0.6838235294117647,0.6293549371453432,1.0,0.0,0.0,0.0,0.0,0.0,1.0,1.0,1.0,1.0,1.0,-0.014345145320053711,1.0,-0.08607087192032227,0.0,0.0,-0.08607087192032227,1.0,0.0,0.0,0.0,0.0,1.0,0.0,0.0,0.0,0.0,1.0,1.0,1.0,1.0,1.0,1.0005640983581543,511877298355.10254,1.0,0.6928650199198255,0.5118772983551025,0.48812270164489746,0.0,0.0,0.6838235294117647,1.0,0.0,0.6293549371453432,0.5
