{
  "completed_jobs": 10,
  "current_phase": "",
  "elapsed_sec": 534.0758697986603,
  "eta_sec": null,
  "failed_jobs": 0,
  "percent": 100.0,
  "started_at_epoch": 1773798645.0999825,
  "total_jobs": 10,
  "updated_at_epoch": 1773799179.1758552
}