step,train_step_loss,train_acc,train_loss,val_acc,val_loss,avg_intra_expert_coherence,expert_diversity_e0,expert_diversity_e1,expert_diversity_e2,expert_diversity_e3,expert_diversity_mean,expert_purity_e0,expert_purity_e1,expert_purity_e2,expert_purity_e3,expert_purity_mean,inter_expert_similarity,inter_expert_similarity_e0_e0,inter_expert_similarity_e0_e1,inter_expert_similarity_e0_e2,inter_expert_similarity_e0_e3,inter_expert_similarity_e1_e0,inter_expert_similarity_e1_e1,inter_expert_similarity_e1_e2,inter_expert_similarity_e1_e3,inter_expert_similarity_e2_e0,inter_expert_similarity_e2_e1,inter_expert_similarity_e2_e2,inter_expert_similarity_e2_e3,inter_expert_similarity_e3_e0,inter_expert_similarity_e3_e1,inter_expert_similarity_e3_e2,inter_expert_similarity_e3_e3,intra_expert_coherence_e0,intra_expert_coherence_e1,intra_expert_coherence_e2,intra_expert_coherence_e3,load_cv,load_max_min_ratio,overall_task_conflict_cos,router_entropy,router_load_e0,router_load_e1,router_load_e2,router_load_e3,task_acc__glue_rte,task_conflict_t0_t0,task_grad_norm_cv,task_loss__glue_rte,utilization_ratio
50.0,0.6446377038955688,0.6277108433734939,0.6434742093850405,0.5956678700361011,0.674618649813864,1.0,0.0,0.0,0.0,0.0,0.0,1.0,1.0,1.0,1.0,1.0,0.011269623603883358,1.0,0.0,0.0,0.0,0.0,1.0,0.0,0.06761774162330014,0.0,0.0,1.0,0.0,0.0,0.06761774162330014,0.0,1.0,1.0,1.0,1.0,1.0,0.9838322997093201,546599090099.3347,1.0,0.641621761804023,0.01406847033649683,0.5465990900993347,0.0,0.4393324851989746,0.5956678700361011,1.0,0.0,0.674618649813864,0.5
100.0,0.7295860052108765,0.7172690763052209,0.5580608926617946,0.6642599277978339,0.6220601499080658,1.0,0.0,0.0,0.0,0.0,0.0,1.0,1.0,1.0,1.0,1.0,-0.008109284196122779,1.0,0.0,0.0,0.0,0.0,1.0,0.0,-0.048655705176736674,0.0,0.0,1.0,0.0,0.0,-0.048655705176736674,0.0,1.0,1.0,1.0,1.0,1.0,1.088657259941101,652140855789.1846,1.0,0.5337492292108088,0.0,0.3478591740131378,0.0,0.6521408557891846,0.6642599277978339,1.0,0.0,0.6220601499080658,0.5
150.0,0.5778372287750244,0.761847389558233,0.49088103322264476,0.6859205776173285,0.5623572655022144,1.0,0.0,0.0,0.0,0.0,0.0,1.0,1.0,1.0,1.0,1.0,0.0065699861878436095,1.0,0.0,0.0,0.0,0.0,1.0,0.0,0.03941991712706166,0.0,0.0,1.0,0.0,0.0,0.03941991712706166,0.0,1.0,1.0,1.0,1.0,1.0,1.0066500902175903,540841579437.25586,1.0,0.5903949100618328,0.0,0.45915845036506653,0.0,0.5408415794372559,0.6859205776173285,1.0,0.0,0.5623572655022144,0.5
