step,train_step_loss,train_acc,train_loss,val_acc,val_loss,router_entropy,router_load_e0,router_load_e1,router_load_e2,router_load_e3
30.0,0.6613288670778275,0.5852344872781517,0.6659170293502285,0.5788218601956325,0.6764799417311468,0.5868911455488868,0.16479338705539703,0.7185097932815552,0.000524028146173805,0.11617258936166763
50.0,0.818764790892601,0.625745881252294,0.8922032008812688,0.6160076283075439,0.9202719590444755,0.5536222624833937,0.24260441958904266,0.7542915344238281,0.0,0.003104123519733548
