step,train_step_loss,train_acc,train_loss,val_acc,val_loss,avg_intra_expert_coherence,expert_diversity_e0,expert_diversity_e1,expert_diversity_e2,expert_diversity_e3,expert_diversity_mean,expert_purity_e0,expert_purity_e1,expert_purity_e2,expert_purity_e3,expert_purity_mean,inter_expert_similarity,inter_expert_similarity_e0_e0,inter_expert_similarity_e0_e1,inter_expert_similarity_e0_e2,inter_expert_similarity_e0_e3,inter_expert_similarity_e1_e0,inter_expert_similarity_e1_e1,inter_expert_similarity_e1_e2,inter_expert_similarity_e1_e3,inter_expert_similarity_e2_e0,inter_expert_similarity_e2_e1,inter_expert_similarity_e2_e2,inter_expert_similarity_e2_e3,inter_expert_similarity_e3_e0,inter_expert_similarity_e3_e1,inter_expert_similarity_e3_e2,inter_expert_similarity_e3_e3,intra_expert_coherence_e0,intra_expert_coherence_e1,intra_expert_coherence_e2,intra_expert_coherence_e3,load_cv,load_max_min_ratio,overall_task_conflict_cos,router_entropy,router_load_e0,router_load_e1,router_load_e2,router_load_e3,task_acc__glue_rte,task_conflict_t0_t0,task_grad_norm_cv,task_loss__glue_rte,utilization_ratio
50.0,0.6429765224456787,0.5088353413654618,0.6885991018934128,0.5306859205776173,0.6883977552254995,1.0,0.0,0.0,0.0,0.0,0.0,1.0,1.0,1.0,1.0,1.0,0.032924306225158795,1.0,0.0,0.0,0.0,0.0,1.0,0.0,0.19754583735095277,0.0,0.0,1.0,0.0,0.0,0.19754583735095277,0.0,1.0,1.0,1.0,1.0,1.0,1.0025326013565063,525178074836.73096,1.0,0.6918329065026789,0.0,0.47482195496559143,0.0,0.525178074836731,0.5306859205776173,1.0,0.0,0.6883977552254995,0.5
100.0,0.6983846426010132,0.5618473895582329,0.670535948452277,0.5234657039711191,0.6977514011992348,1.0,0.0,0.0,0.0,0.0,0.0,1.0,1.0,1.0,1.0,1.0,0.038093450443185,1.0,0.0,0.0,0.0,0.0,1.0,0.0,0.22856070265911,0.0,0.0,1.0,0.0,0.0,0.22856070265911,0.0,1.0,1.0,1.0,1.0,1.0,1.0020556447439617,522681415081.0242,1.0,0.6920320763915024,0.0,0.477318674325943,0.0,0.5226814150810242,0.5234657039711191,1.0,0.0,0.6977514011992348,0.5
150.0,0.6826892495155334,0.5959839357429719,0.6537330093674171,0.5703971119133574,0.673392062385877,1.0,0.0,0.0,0.0,0.0,0.0,1.0,1.0,1.0,1.0,1.0,0.029139687878852422,1.0,0.0,0.0,0.0,0.0,1.0,0.0,0.17483812727311454,0.0,0.0,1.0,0.0,0.0,0.17483812727311454,0.0,1.0,1.0,1.0,1.0,1.0,1.0028133392333984,526539027690.88745,1.0,0.6916688159915084,0.0,0.47346100211143494,0.0,0.5265390276908875,0.5703971119133574,1.0,0.0,0.673392062385877,0.5
