step,train_step_loss,train_acc,train_loss,val_acc,val_loss,avg_intra_expert_coherence,expert_diversity_e0,expert_diversity_e1,expert_diversity_e2,expert_diversity_e3,expert_diversity_mean,expert_purity_e0,expert_purity_e1,expert_purity_e2,expert_purity_e3,expert_purity_mean,inter_expert_similarity,inter_expert_similarity_e0_e0,inter_expert_similarity_e0_e1,inter_expert_similarity_e0_e2,inter_expert_similarity_e0_e3,inter_expert_similarity_e1_e0,inter_expert_similarity_e1_e1,inter_expert_similarity_e1_e2,inter_expert_similarity_e1_e3,inter_expert_similarity_e2_e0,inter_expert_similarity_e2_e1,inter_expert_similarity_e2_e2,inter_expert_similarity_e2_e3,inter_expert_similarity_e3_e0,inter_expert_similarity_e3_e1,inter_expert_similarity_e3_e2,inter_expert_similarity_e3_e3,intra_expert_coherence_e0,intra_expert_coherence_e1,intra_expert_coherence_e2,intra_expert_coherence_e3,load_cv,load_max_min_ratio,overall_task_conflict_cos,router_entropy,router_load_e0,router_load_e1,router_load_e2,router_load_e3,task_acc__glue_rte,task_conflict_t0_t0,task_grad_norm_cv,task_loss__glue_rte,utilization_ratio
50.0,0.6875069737434387,0.5084337349397591,0.6915863687029252,0.4657039711191336,0.7044605877664354,1.0,0.0,0.0,0.0,0.0,0.0,1.0,1.0,1.0,1.0,1.0,-0.0007479843718111471,1.0,0.0,0.0,0.0,0.0,1.0,0.0,0.0,0.0,0.0,1.0,-0.004487906230866883,0.0,0.0,-0.004487906230866883,1.0,1.0,1.0,1.0,1.0,1.0047801733016968,534610390663.147,1.0,0.6906637474087601,0.0,0.0,0.4653896391391754,0.534610390663147,0.4657039711191336,1.0,0.0,0.7044605877664354,0.5
100.0,0.7960691154003143,0.6072289156626506,0.652543113877376,0.5631768953068592,0.6825730585389667,1.0,0.0,0.0,0.0,0.0,0.0,1.0,1.0,1.0,1.0,1.0,-0.07460790376413377,1.0,0.0,0.0,0.0,0.0,1.0,-0.18247537284597634,-0.38950357501846694,0.0,-0.18247537284597634,1.0,0.12433152527964061,0.0,-0.38950357501846694,0.12433152527964061,1.0,1.0,1.0,1.0,1.0,0.9904964566230774,554276406764.9841,1.0,0.686759268764124,0.0,0.012251139618456364,0.43347248435020447,0.5542764067649841,0.5631768953068592,1.0,0.0,0.6825730585389667,0.5
150.0,0.6818044483661652,0.5096385542168674,0.6924045863059851,0.5342960288808665,0.6909350819057889,1.0,0.0,0.0,0.0,0.0,0.0,1.0,1.0,1.0,1.0,1.0,-0.02560802794941533,1.0,0.0,0.0,0.0,0.0,1.0,0.0,0.0,0.0,0.0,1.0,-0.15364816769649198,0.0,0.0,-0.15364816769649198,1.0,1.0,1.0,1.0,1.0,1.000888466835022,514906823635.1013,1.0,0.6926991285399839,0.0,0.0,0.4850931465625763,0.5149068236351013,0.5342960288808665,1.0,0.0,0.6909350819057889,0.5
