step,train_step_loss,train_acc,train_loss,val_acc,val_loss,avg_intra_expert_coherence,expert_diversity_e0,expert_diversity_e1,expert_diversity_e2,expert_diversity_e3,expert_diversity_mean,expert_purity_e0,expert_purity_e1,expert_purity_e2,expert_purity_e3,expert_purity_mean,inter_expert_similarity,inter_expert_similarity_e0_e0,inter_expert_similarity_e0_e1,inter_expert_similarity_e0_e2,inter_expert_similarity_e0_e3,inter_expert_similarity_e1_e0,inter_expert_similarity_e1_e1,inter_expert_similarity_e1_e2,inter_expert_similarity_e1_e3,inter_expert_similarity_e2_e0,inter_expert_similarity_e2_e1,inter_expert_similarity_e2_e2,inter_expert_similarity_e2_e3,inter_expert_similarity_e3_e0,inter_expert_similarity_e3_e1,inter_expert_similarity_e3_e2,inter_expert_similarity_e3_e3,intra_expert_coherence_e0,intra_expert_coherence_e1,intra_expert_coherence_e2,intra_expert_coherence_e3,load_cv,load_max_min_ratio,overall_task_conflict_cos,router_entropy,router_load_e0,router_load_e1,router_load_e2,router_load_e3,task_acc__glue_mrpc,task_conflict_t0_t0,task_grad_norm_cv,task_loss__glue_mrpc,utilization_ratio
50.0,0.4998987019062042,0.7377317339149401,0.5268911535325258,0.7450980392156863,0.5227312457102996,1.0,0.0,0.0,0.0,0.0,0.0,1.0,1.0,1.0,1.0,1.0,0.008294190936806287,1.0,0.0,0.04976514562083772,0.0,0.0,1.0,0.0,0.0,0.04976514562083772,0.0,1.0,0.0,0.0,0.0,0.0,1.0,1.0,1.0,1.0,1.0,1.0048964023590088,535029768943.7866,1.0,0.6895216609917435,0.4649702310562134,0.0,0.5350297689437866,0.0,0.7450980392156863,1.0,0.0,0.5227312457102996,0.5
100.0,0.4843563735485077,0.8127044711014176,0.41365044291900555,0.7818627450980392,0.42079533808506453,1.0,0.0,0.0,0.0,0.0,0.0,1.0,1.0,1.0,1.0,1.0,-0.03317366303843499,1.0,0.0,-0.19904197823060993,0.0,0.0,1.0,0.0,0.0,-0.19904197823060993,0.0,1.0,0.0,0.0,0.0,0.0,1.0,1.0,1.0,1.0,1.0,1.0084387063980103,546028077602.3865,1.0,0.6866581708777184,0.4539719521999359,0.0,0.5460280776023865,0.0,0.7818627450980392,1.0,0.0,0.42079533808506453,0.5
150.0,0.6767759919166565,0.8726826608505998,0.32644031161199444,0.8725490196078431,0.3451251576009851,1.0,0.0,0.0,0.0,0.0,0.0,1.0,1.0,1.0,1.0,1.0,-0.0034824553569341994,1.0,0.0,-0.020894732141605196,0.0,0.0,1.0,0.0,0.0,-0.020894732141605196,0.0,1.0,0.0,0.0,0.0,0.0,1.0,1.0,1.0,1.0,1.0,1.0081835394015037,550007224082.9468,1.0,0.6857947368247836,0.4489983916282654,0.0,0.5500072240829468,0.0009943440090864897,0.8725490196078431,1.0,0.0,0.3451251576009851,0.5
