step,train_step_loss,train_acc,train_loss,val_acc,val_loss,avg_intra_expert_coherence,expert_diversity_e0,expert_diversity_e1,expert_diversity_e2,expert_diversity_e3,expert_diversity_mean,expert_purity_e0,expert_purity_e1,expert_purity_e2,expert_purity_e3,expert_purity_mean,inter_expert_similarity,inter_expert_similarity_e0_e0,inter_expert_similarity_e0_e1,inter_expert_similarity_e0_e2,inter_expert_similarity_e0_e3,inter_expert_similarity_e1_e0,inter_expert_similarity_e1_e1,inter_expert_similarity_e1_e2,inter_expert_similarity_e1_e3,inter_expert_similarity_e2_e0,inter_expert_similarity_e2_e1,inter_expert_similarity_e2_e2,inter_expert_similarity_e2_e3,inter_expert_similarity_e3_e0,inter_expert_similarity_e3_e1,inter_expert_similarity_e3_e2,inter_expert_similarity_e3_e3,intra_expert_coherence_e0,intra_expert_coherence_e1,intra_expert_coherence_e2,intra_expert_coherence_e3,load_cv,load_max_min_ratio,overall_task_conflict_cos,router_entropy,router_load_e0,router_load_e1,router_load_e2,router_load_e3,task_acc__glue_sst2,task_conflict_t0_t0,task_grad_norm_cv,task_loss__glue_sst2,utilization_ratio
50.0,0.4064159244298935,0.7780664894801704,0.5399150356225616,0.6915137614678899,0.6199507065794685,1.0,0.0,0.0,0.0,0.0,0.0,1.0,1.0,1.0,1.0,1.0,0.0539432629647891,1.0,0.3236595777887346,0.0,0.0,0.3236595777887346,1.0,0.0,0.0,0.0,0.0,1.0,0.0,0.0,0.0,0.0,1.0,1.0,1.0,1.0,1.0,1.0064542285854543,545731663703.91846,1.0,0.6888762160178719,0.5457316637039185,0.45322564244270325,0.0,0.0010427903616800904,0.6915137614678899,1.0,0.0,0.6199507065794685,0.5
100.0,0.5798586010932922,0.8310294139482398,0.40057814510676326,0.8623853211009175,0.3746331587433815,1.0,0.0,0.0,0.0,0.0,0.0,1.0,1.0,1.0,1.0,1.0,-0.045344608713377525,1.0,-0.27206765228026514,0.0,0.0,-0.27206765228026514,1.0,0.0,0.0,0.0,0.0,1.0,0.0,0.0,0.0,0.0,1.0,1.0,1.0,1.0,1.0,1.0473154783248901,610039591789.2456,1.0,0.6615627812683036,0.6100395917892456,0.3899604082107544,0.0,0.0,0.8623853211009175,1.0,0.0,0.3746331587433815,0.5
150.0,0.5153913050889969,0.8621508856850139,0.3603131819317325,0.8681192660550459,0.34760289625688034,1.0,0.0,0.0,0.0,0.0,0.0,1.0,1.0,1.0,1.0,1.0,0.04917620821456101,1.0,0.29505724928736604,0.0,0.0,0.29505724928736604,1.0,0.0,0.0,0.0,0.0,1.0,0.0,0.0,0.0,0.0,1.0,1.0,1.0,1.0,1.0,1.0281193289899027,584431350231.1707,1.0,0.6768644506778192,0.5844313502311707,0.4155685603618622,0.0,0.0,0.8681192660550459,1.0,0.0,0.34760289625688034,0.5
