step,train_step_loss,train_acc,train_loss,val_acc,val_loss,avg_intra_expert_coherence,expert_diversity_e0,expert_diversity_e1,expert_diversity_e2,expert_diversity_e3,expert_diversity_mean,expert_purity_e0,expert_purity_e1,expert_purity_e2,expert_purity_e3,expert_purity_mean,inter_expert_similarity,inter_expert_similarity_e0_e0,inter_expert_similarity_e0_e1,inter_expert_similarity_e0_e2,inter_expert_similarity_e0_e3,inter_expert_similarity_e1_e0,inter_expert_similarity_e1_e1,inter_expert_similarity_e1_e2,inter_expert_similarity_e1_e3,inter_expert_similarity_e2_e0,inter_expert_similarity_e2_e1,inter_expert_similarity_e2_e2,inter_expert_similarity_e2_e3,inter_expert_similarity_e3_e0,inter_expert_similarity_e3_e1,inter_expert_similarity_e3_e2,inter_expert_similarity_e3_e3,intra_expert_coherence_e0,intra_expert_coherence_e1,intra_expert_coherence_e2,intra_expert_coherence_e3,load_cv,load_max_min_ratio,overall_task_conflict_cos,router_entropy,router_load_e0,router_load_e1,router_load_e2,router_load_e3,task_acc__glue_mrpc,task_conflict_t0_t0,task_grad_norm_cv,task_loss__glue_mrpc,utilization_ratio
50.0,0.5005835443735123,0.7284623773173392,0.5283814978988274,0.7352941176470589,0.5291252107574389,1.0,0.0,0.0,0.0,0.0,0.0,1.0,1.0,1.0,1.0,1.0,-0.0016580429800419447,1.0,0.0,0.0,0.0,0.0,1.0,0.0,0.0,0.0,0.0,1.0,-0.009948257880251669,0.0,0.0,-0.009948257880251669,1.0,1.0,1.0,1.0,1.0,0.9653887193931676,521454930305.48096,1.0,0.6908294149473602,0.0,0.019527308642864227,0.521454930305481,0.4590178430080414,0.7352941176470589,1.0,0.0,0.5291252107574389,0.5
100.0,0.5859436243772507,0.8165212649945475,0.4197130528157172,0.8161764705882353,0.42558499253713167,1.0,0.0,0.0,0.0,0.0,0.0,1.0,1.0,1.0,1.0,1.0,-0.07918948028709018,1.0,0.0,0.0,0.0,0.0,1.0,0.0,0.0,0.0,0.0,1.0,-0.47513688172254104,0.0,0.0,-0.47513688172254104,1.0,1.0,1.0,1.0,1.0,0.9968589544296265,534760475158.6914,1.0,0.6801261305809021,0.0,0.0043224855326116085,0.46091699600219727,0.5347604751586914,0.8161764705882353,1.0,0.0,0.42558499253713167,0.5
150.0,0.6315516233444214,0.8476008724100327,0.4122063922331385,0.8529411764705882,0.4197720089175094,1.0,0.0,0.0,0.0,0.0,0.0,1.0,1.0,1.0,1.0,1.0,-0.009631569660030075,1.0,0.0,0.0,0.0,0.0,1.0,0.0,0.0,0.0,0.0,1.0,-0.05778941796018045,0.0,0.0,-0.05778941796018045,1.0,1.0,1.0,1.0,1.0,1.010022521018982,680.3986369728091,1.0,0.6711843118948095,0.0008356454782187939,0.004278814885765314,0.42631351947784424,0.5685720443725586,0.8529411764705882,1.0,0.0,0.4197720089175094,0.5
