step,train_step_loss,train_acc,train_loss,val_acc,val_loss,avg_intra_expert_coherence,expert_diversity_e0,expert_diversity_e1,expert_diversity_e2,expert_diversity_e3,expert_diversity_mean,expert_purity_e0,expert_purity_e1,expert_purity_e2,expert_purity_e3,expert_purity_mean,inter_expert_similarity,inter_expert_similarity_e0_e0,inter_expert_similarity_e0_e1,inter_expert_similarity_e0_e2,inter_expert_similarity_e0_e3,inter_expert_similarity_e1_e0,inter_expert_similarity_e1_e1,inter_expert_similarity_e1_e2,inter_expert_similarity_e1_e3,inter_expert_similarity_e2_e0,inter_expert_similarity_e2_e1,inter_expert_similarity_e2_e2,inter_expert_similarity_e2_e3,inter_expert_similarity_e3_e0,inter_expert_similarity_e3_e1,inter_expert_similarity_e3_e2,inter_expert_similarity_e3_e3,intra_expert_coherence_e0,intra_expert_coherence_e1,intra_expert_coherence_e2,intra_expert_coherence_e3,load_cv,load_max_min_ratio,overall_task_conflict_cos,router_entropy,router_load_e0,router_load_e1,router_load_e2,router_load_e3,task_acc__glue_mrpc,task_conflict_t0_t0,task_grad_norm_cv,task_loss__glue_mrpc,utilization_ratio
50.0,0.5530682504177094,0.6867502726281353,0.5832987802184146,0.696078431372549,0.5861855917252027,1.0,0.0,0.0,0.0,0.0,0.0,1.0,1.0,1.0,1.0,1.0,0.027799436311314374,1.0,0.0,0.0,0.0,0.0,1.0,0.04508154556119798,0.056654164090075974,0.0,0.04508154556119798,1.0,0.06506090821661227,0.0,0.056654164090075974,0.06506090821661227,1.0,1.0,1.0,1.0,1.0,1.3520493121176549,823837220668.7927,1.0,0.44675398749463696,0.0,0.1680339127779007,0.008128797635436058,0.8238372206687927,0.696078431372549,1.0,0.0,0.5861855917252027,0.5
100.0,0.6814583539962769,0.6744820065430752,0.6359317138791084,0.6838235294117647,0.6321832159390817,1.0,0.0,0.0,0.0,0.0,0.0,1.0,1.0,1.0,1.0,1.0,0.0027135856195306305,1.0,0.0,0.0,0.0,0.0,1.0,0.0,0.016281513717183782,0.0,0.0,1.0,0.0,0.0,0.016281513717183782,0.0,1.0,1.0,1.0,1.0,1.0,1.0788297653198242,643123030662.5366,1.0,0.6515132562786925,0.0,0.35687699913978577,0.0,0.6431230306625366,0.6838235294117647,1.0,0.0,0.6321832159390817,0.5
150.0,0.6609976589679718,0.6744820065430752,0.633235523817332,0.6838235294117647,0.6274962276220322,1.0,0.0,0.0,0.0,0.0,0.0,1.0,1.0,1.0,1.0,1.0,0.01556435491488879,1.0,0.0,0.0,0.0,0.0,1.0,0.0,0.09338612948933274,0.0,0.0,1.0,0.0,0.0,0.09338612948933274,0.0,1.0,1.0,1.0,1.0,1.0,1.1565558910369873,705432891845.7031,1.0,0.6061903027927175,0.0,0.29456713795661926,0.0,0.7054328918457031,0.6838235294117647,1.0,0.0,0.6274962276220322,0.5
