step,train_step_loss,train_acc,train_loss,val_acc,val_loss,avg_intra_expert_coherence,expert_diversity_e0,expert_diversity_e1,expert_diversity_e2,expert_diversity_e3,expert_diversity_mean,expert_purity_e0,expert_purity_e1,expert_purity_e2,expert_purity_e3,expert_purity_mean,inter_expert_similarity,inter_expert_similarity_e0_e0,inter_expert_similarity_e0_e1,inter_expert_similarity_e0_e2,inter_expert_similarity_e0_e3,inter_expert_similarity_e1_e0,inter_expert_similarity_e1_e1,inter_expert_similarity_e1_e2,inter_expert_similarity_e1_e3,inter_expert_similarity_e2_e0,inter_expert_similarity_e2_e1,inter_expert_similarity_e2_e2,inter_expert_similarity_e2_e3,inter_expert_similarity_e3_e0,inter_expert_similarity_e3_e1,inter_expert_similarity_e3_e2,inter_expert_similarity_e3_e3,intra_expert_coherence_e0,intra_expert_coherence_e1,intra_expert_coherence_e2,intra_expert_coherence_e3,load_cv,load_max_min_ratio,overall_task_conflict_cos,router_entropy,router_load_e0,router_load_e1,router_load_e2,router_load_e3,task_acc__glue_mrpc,task_conflict_t0_t0,task_grad_norm_cv,task_loss__glue_mrpc,utilization_ratio
50.0,0.554587259888649,0.6902944383860414,0.5760235288220903,0.6985294117647058,0.5682887005118223,1.0,0.0,0.0,0.0,0.0,0.0,1.0,1.0,1.0,1.0,1.0,0.003104934823553812,1.0,0.0,0.018629608941322873,0.0,0.0,1.0,0.0,0.0,0.018629608941322873,0.0,1.0,0.0,0.0,0.0,0.0,1.0,1.0,1.0,1.0,1.0,1.0099736440213152,550058484077.4536,1.0,0.6832864553320641,0.44994160532951355,0.0,0.5500584840774536,0.0,0.6985294117647058,1.0,0.0,0.5682887005118223,0.5
100.0,0.6637221872806549,0.6744820065430752,0.6565949200288109,0.6838235294117647,0.6542072731714982,1.0,0.0,0.0,0.0,0.0,0.0,1.0,1.0,1.0,1.0,1.0,0.001807888226536414,1.0,0.0,0.010847329359218484,0.0,0.0,1.0,0.0,0.0,0.010847329359218484,0.0,1.0,0.0,0.0,0.0,0.0,1.0,1.0,1.0,1.0,1.0,1.0172169208526611,565888404846.1914,1.0,0.6844218221365237,0.43411165475845337,0.0,0.5658884048461914,0.0,0.6838235294117647,1.0,0.0,0.6542072731714982,0.5
150.0,0.6217487752437592,0.6744820065430752,0.6320225753214048,0.6838235294117647,0.627090209378646,1.0,0.0,0.0,0.0,0.0,0.0,1.0,1.0,1.0,1.0,1.0,0.01277704323177978,1.0,0.0,0.0,0.0,0.0,1.0,0.0,0.0,0.0,0.0,1.0,0.07666225939067868,0.0,0.0,0.07666225939067868,1.0,1.0,1.0,1.0,1.0,1.2181011958363523,745908975601.1963,1.0,0.5667839447657267,0.0,0.0,0.7459089756011963,0.2540907859802246,0.6838235294117647,1.0,0.0,0.627090209378646,0.5
