method,val_acc_last_mean,val_acc_last_std,val_loss_last_mean,val_loss_last_std
baseline,0.6226522526567706,0.0,0.6666125130816858,0.0
ours,0.6295836310763816,0.0,0.6313878920120999,0.0
