{
  "best_val_acc": 0.7158868869832881,
  "final_val_acc": 0.6981125403908566,
  "method": "ours",
  "num_eval_points": 5
}