step,train_step_loss,train_acc,train_loss,val_acc,val_loss,router_entropy,router_load_e0,router_load_e1,router_load_e2,router_load_e3
30.0,0.828672821323077,0.6443363268427104,0.6170589028497898,0.65781541539479,0.6135961601206851,1.304514754149649,0.20088490843772888,0.3647187650203705,0.13509748876094818,0.29929861426353455
60.0,0.5259404939909778,0.6795269210302295,0.5642653634364715,0.6809905505422514,0.5715304278126977,1.3002591032396864,0.19499829411506653,0.3754609525203705,0.1321573257446289,0.29738375544548035
90.0,0.42094725618759793,0.6978048142623804,0.5635796269594944,0.6940518868205178,0.5726228577851461,1.3053824406255174,0.20286978781223297,0.3618365526199341,0.13365380465984344,0.3016398251056671
120.0,0.7081349392731985,0.7295688821717204,0.519460577291659,0.7231671838329659,0.5350567563275094,1.2963037204549268,0.20493891835212708,0.37033042311668396,0.13292966783046722,0.2918010354042053
150.0,0.4444018471986056,0.7196477460198665,0.5799948514454515,0.7040957051861846,0.6105099042978627,1.2837857912398047,0.24146755039691925,0.372135728597641,0.1493101716041565,0.2370864748954773
