step,train_step_loss,train_acc,train_loss,val_acc,val_loss,router_entropy,router_load_e0,router_load_e1,router_load_e2,router_load_e3
30.0,0.6559202124675115,0.6522432885610101,0.6183136991373824,0.645749729720913,0.6243024959722066,1.3418515862690077,0.2641810178756714,0.2982069253921509,0.2667752802371979,0.17083662748336792
60.0,0.5518917391697566,0.6696178851583561,0.5974739885942226,0.6630963884596797,0.6045152505487371,1.347727354064032,0.2798738479614258,0.27348262071609497,0.25841569900512695,0.18822766840457916
90.0,0.5555174599091212,0.6705640743249219,0.593908092360174,0.6612157207515089,0.6027151377325475,1.34565255590887,0.26661089062690735,0.276306688785553,0.26503050327301025,0.19205179810523987
120.0,0.6875190039475759,0.7048446333295136,0.5574797710251116,0.6997684911356218,0.5707412798895488,1.3301383815705776,0.2753016948699951,0.2816512882709503,0.24007947742938995,0.2029673010110855
150.0,0.5311827212572099,0.7457214630745762,0.5046141269226411,0.7243878172175192,0.5231617032235957,1.315628586888865,0.2836531102657318,0.2780088186264038,0.22891120612621307,0.20942696928977966
