{
  "best_val_acc": 0.7231671838329659,
  "final_val_acc": 0.7040957051861846,
  "method": "ours",
  "num_eval_points": 5
}