{
  "best_val_acc": 0.7243878172175192,
  "final_val_acc": 0.7243878172175192,
  "method": "ours",
  "num_eval_points": 5
}