step,train_step_loss,train_acc,train_loss,val_acc,val_loss,avg_intra_expert_coherence,expert_diversity_e0,expert_diversity_e1,expert_diversity_e2,expert_diversity_e3,expert_diversity_mean,expert_purity_e0,expert_purity_e1,expert_purity_e2,expert_purity_e3,expert_purity_mean,inter_expert_similarity,inter_expert_similarity_e0_e0,inter_expert_similarity_e0_e1,inter_expert_similarity_e0_e2,inter_expert_similarity_e0_e3,inter_expert_similarity_e1_e0,inter_expert_similarity_e1_e1,inter_expert_similarity_e1_e2,inter_expert_similarity_e1_e3,inter_expert_similarity_e2_e0,inter_expert_similarity_e2_e1,inter_expert_similarity_e2_e2,inter_expert_similarity_e2_e3,inter_expert_similarity_e3_e0,inter_expert_similarity_e3_e1,inter_expert_similarity_e3_e2,inter_expert_similarity_e3_e3,intra_expert_coherence_e0,intra_expert_coherence_e1,intra_expert_coherence_e2,intra_expert_coherence_e3,load_cv,load_max_min_ratio,overall_task_conflict_cos,router_entropy,router_load_e0,router_load_e1,router_load_e2,router_load_e3,task_acc__glue_cola,task_acc__glue_mrpc,task_acc__glue_rte,task_conflict_t0_t0,task_conflict_t0_t1,task_conflict_t0_t2,task_conflict_t1_t0,task_conflict_t1_t1,task_conflict_t1_t2,task_conflict_t2_t0,task_conflict_t2_t1,task_conflict_t2_t2,task_grad_norm_cv,task_loss__glue_cola,task_loss__glue_mrpc,task_loss__glue_rte,utilization_ratio
1.0,0.6590017278989156,0.6257848630477955,0.667675852803517,0.6160076283075439,0.6717691036588219,0.12639116814687043,0.9027562688886989,0.9070717248629206,0.8534254328531306,0.9181333462386668,0.8953466932108541,0.5545475482940674,0.5538536906242371,0.5008144378662109,0.5076012015342712,0.5292042195796967,0.036643846059976545,1.0,0.08320642536042992,0.0384005574495656,0.024413438466266504,0.08320642536042992,1.0,0.011397724904996208,0.04345963623389556,0.0384005574495656,0.011397724904996208,1.0,0.01898529394470547,0.024413438466266504,0.04345963623389556,0.01898529394470547,1.0,0.10401080534128267,0.580264932432101,-0.1278000054143021,-0.05091105977159994,0.27607187939547057,1.8312708728076368,0.17577808251811888,1.3200390059500933,0.1815098524093628,0.30419406294822693,0.33239370584487915,0.18190228939056396,0.6912751677852349,0.6838235294117647,0.4729241877256318,1.0,0.5357257723908704,-0.1648629628145098,0.5357257723908704,1.0,0.15647143797799604,-0.1648629628145098,0.15647143797799604,1.0,0.3999554473923005,0.63702396604851,0.6689643947517171,0.709318950176239,1.0
