step,train_step_loss,train_acc,train_loss,val_acc,val_loss,avg_intra_expert_coherence,expert_diversity_e0,expert_diversity_e1,expert_diversity_e2,expert_diversity_e3,expert_diversity_mean,expert_purity_e0,expert_purity_e1,expert_purity_e2,expert_purity_e3,expert_purity_mean,inter_expert_similarity,inter_expert_similarity_e0_e0,inter_expert_similarity_e0_e1,inter_expert_similarity_e0_e2,inter_expert_similarity_e0_e3,inter_expert_similarity_e1_e0,inter_expert_similarity_e1_e1,inter_expert_similarity_e1_e2,inter_expert_similarity_e1_e3,inter_expert_similarity_e2_e0,inter_expert_similarity_e2_e1,inter_expert_similarity_e2_e2,inter_expert_similarity_e2_e3,inter_expert_similarity_e3_e0,inter_expert_similarity_e3_e1,inter_expert_similarity_e3_e2,inter_expert_similarity_e3_e3,intra_expert_coherence_e0,intra_expert_coherence_e1,intra_expert_coherence_e2,intra_expert_coherence_e3,load_cv,load_max_min_ratio,overall_task_conflict_cos,router_entropy,router_load_e0,router_load_e1,router_load_e2,router_load_e3,task_acc__glue_cola,task_acc__glue_mrpc,task_acc__glue_rte,task_conflict_t0_t0,task_conflict_t0_t1,task_conflict_t0_t2,task_conflict_t1_t0,task_conflict_t1_t1,task_conflict_t1_t2,task_conflict_t2_t0,task_conflict_t2_t1,task_conflict_t2_t2,task_grad_norm_cv,task_loss__glue_cola,task_loss__glue_mrpc,task_loss__glue_rte,utilization_ratio
1.0,0.7307588656743368,0.5899910081056144,0.6811289725482945,0.5884396054030525,0.680579303826845,-0.14267754833906737,0.9456625058540589,0.9397374820797437,0.8595510897121778,0.922752681582165,0.9169259398070363,0.4135485291481018,0.483943909406662,0.5410593152046204,0.5127441883087158,0.487823985517025,-0.01196489854857933,1.0,-0.014643391149180238,-0.01180680314562016,0.029345466948970705,-0.014643391149180238,1.0,-0.002950971779390814,-0.014622139564926553,-0.01180680314562016,-0.002950971779390814,1.0,-0.05711155260132892,0.029345466948970705,-0.014622139564926553,-0.05711155260132892,1.0,-0.0884954199660926,-0.14701914616104567,-0.17905458207322492,-0.15614104515590638,0.1473949035626305,1.4908868833351345,-0.13821967030568483,1.3600412022184443,0.23393142223358154,0.25432467460632324,0.306297242641449,0.20544633269309998,0.6001917545541706,0.6813725490196079,0.48375451263537905,1.0,0.1804783364346378,-0.5827007112550462,0.1804783364346378,1.0,-0.012436636096646103,-0.5827007112550462,-0.012436636096646103,1.0,0.3555443071791107,0.686115397979285,0.6568920466245389,0.6987304668767111,1.0
