step,train_step_loss,train_acc,train_loss,val_acc,val_loss,avg_intra_expert_coherence,expert_diversity_e0,expert_diversity_e1,expert_diversity_e2,expert_diversity_e3,expert_diversity_mean,expert_purity_e0,expert_purity_e1,expert_purity_e2,expert_purity_e3,expert_purity_mean,inter_expert_similarity,inter_expert_similarity_e0_e0,inter_expert_similarity_e0_e1,inter_expert_similarity_e0_e2,inter_expert_similarity_e0_e3,inter_expert_similarity_e1_e0,inter_expert_similarity_e1_e1,inter_expert_similarity_e1_e2,inter_expert_similarity_e1_e3,inter_expert_similarity_e2_e0,inter_expert_similarity_e2_e1,inter_expert_similarity_e2_e2,inter_expert_similarity_e2_e3,inter_expert_similarity_e3_e0,inter_expert_similarity_e3_e1,inter_expert_similarity_e3_e2,inter_expert_similarity_e3_e3,intra_expert_coherence_e0,intra_expert_coherence_e1,intra_expert_coherence_e2,intra_expert_coherence_e3,load_cv,load_max_min_ratio,overall_task_conflict_cos,router_entropy,router_load_e0,router_load_e1,router_load_e2,router_load_e3,task_acc__glue_cola,task_acc__glue_mrpc,task_acc__glue_rte,task_conflict_t0_t0,task_conflict_t0_t1,task_conflict_t0_t2,task_conflict_t1_t0,task_conflict_t1_t1,task_conflict_t1_t2,task_conflict_t2_t0,task_conflict_t2_t1,task_conflict_t2_t2,task_grad_norm_cv,task_loss__glue_cola,task_loss__glue_mrpc,task_loss__glue_rte,utilization_ratio
1.0,0.7096192141373953,0.6257068994567925,0.6734636399684891,0.6182447647728683,0.6752404776149258,-0.02651736206727226,0.8829110091898417,0.9069399407193798,0.9147997336755851,0.9394961581314235,0.9110367104290575,0.5805027484893799,0.4408492147922516,0.533399760723114,0.4901867210865021,0.5112346112728119,0.01935071388896543,1.0,-0.0007764137668484398,0.0422070712271434,0.03483282891558614,-0.0007764137668484398,1.0,0.002501073697810022,-0.003460422691425041,0.0422070712271434,0.002501073697810022,1.0,0.0408001459515265,0.03483282891558614,-0.003460422691425041,0.0408001459515265,1.0,0.214113487998564,-0.14509233090645698,-0.08481064674748433,-0.09027995861371173,0.37628938242323606,2.9315037561229875,-0.11059082474628257,1.3002747163452484,0.12228291481733322,0.3584728240966797,0.19989259541034698,0.31935182213783264,0.697986577181208,0.6838235294117647,0.4729241877256318,1.0,0.5362591766214335,-0.6074667097620823,0.5362591766214335,1.0,-0.26056494109819894,-0.6074667097620823,-0.26056494109819894,1.0,0.34554371052178184,0.6674066743322911,0.6444561154234643,0.7138586430890219,0.75
