method,val_acc_last_mean,val_acc_last_std,val_loss_last_mean,val_loss_last_std
baseline,0.5884396054030525,0.0,0.680579303826845,0.0
cagrad,0.6182447647728683,0.0,0.6752404776149258,0.0
ours,0.42507230724851985,0.0,0.709657723912688,0.0
