step,train_step_loss,train_acc,train_loss,val_acc,val_loss,avg_intra_expert_coherence,expert_diversity_e0,expert_diversity_e1,expert_diversity_e2,expert_diversity_e3,expert_diversity_mean,expert_purity_e0,expert_purity_e1,expert_purity_e2,expert_purity_e3,expert_purity_mean,inter_expert_similarity,inter_expert_similarity_e0_e0,inter_expert_similarity_e0_e1,inter_expert_similarity_e0_e2,inter_expert_similarity_e0_e3,inter_expert_similarity_e1_e0,inter_expert_similarity_e1_e1,inter_expert_similarity_e1_e2,inter_expert_similarity_e1_e3,inter_expert_similarity_e2_e0,inter_expert_similarity_e2_e1,inter_expert_similarity_e2_e2,inter_expert_similarity_e2_e3,inter_expert_similarity_e3_e0,inter_expert_similarity_e3_e1,inter_expert_similarity_e3_e2,inter_expert_similarity_e3_e3,intra_expert_coherence_e0,intra_expert_coherence_e1,intra_expert_coherence_e2,intra_expert_coherence_e3,load_cv,load_max_min_ratio,overall_task_conflict_cos,router_entropy,router_load_e0,router_load_e1,router_load_e2,router_load_e3,task_acc__glue_cola,task_acc__glue_mrpc,task_acc__glue_rte,task_conflict_t0_t0,task_conflict_t0_t1,task_conflict_t0_t2,task_conflict_t1_t0,task_conflict_t1_t1,task_conflict_t1_t2,task_conflict_t2_t0,task_conflict_t2_t1,task_conflict_t2_t2,task_grad_norm_cv,task_loss__glue_cola,task_loss__glue_mrpc,task_loss__glue_rte,utilization_ratio
1.0,1.0670876602331798,0.4071027247652598,0.7775938012901594,0.4148295589728958,0.7711613048541476,0.44564571864241104,0.8445955154544985,0.7447928715683496,0.7533471219297929,0.8036520429851772,0.7865968879844546,0.6141631603240967,0.6901376843452454,0.6941142082214355,0.6374960541725159,0.6589777767658234,-0.08881014005552028,1.0,0.2108374473230858,0.1752614940148668,-0.32836569343065686,0.2108374473230858,1.0,-0.12763722913931264,-0.309143397625829,0.1752614940148668,-0.12763722913931264,1.0,-0.1538134614752757,-0.32836569343065686,-0.309143397625829,-0.1538134614752757,1.0,0.40687501217974154,0.22121515572077136,0.6089042167741907,0.5455884898949406,0.5139933195130063,5.961303090476051,0.37731202182373985,1.2104454137798812,0.07243428379297256,0.2748679518699646,0.22089529037475586,0.4318027198314667,0.3068072866730585,0.41421568627450983,0.5234657039711191,1.0,0.14435080311296652,0.3546585270693032,0.14435080311296652,1.0,0.6329267352889498,0.3546585270693032,0.6329267352889498,1.0,0.6450622491171061,0.8356886776804014,0.7318563075626597,0.7459389293193817,0.75
