step,train_step_loss,train_acc,train_loss,val_acc,val_loss,alignment_reward,l_conflict,l_conflict_e0,l_conflict_e1,l_conflict_e2,l_conflict_e3,router_conflict_grad_l2,router_entropy,router_load_e0,router_load_e1,router_load_e2,router_load_e3
5.0,0.6616985102494558,0.625927633342443,0.6510030457015364,0.6160076283075439,0.6559769977791758,4.258028984069824,-4.258028984069824,-1.1800851821899414,-1.7410008907318115,-0.7071431279182434,-0.6298000812530518,0.0,1.2650262674799673,0.28864821791648865,0.42039167881011963,0.1550641804933548,0.1358957439661026
