step,train_step_loss,train_acc,train_loss,val_acc,val_loss,avg_intra_expert_coherence,expert_diversity_e0,expert_diversity_e1,expert_diversity_e2,expert_diversity_e3,expert_diversity_mean,expert_purity_e0,expert_purity_e1,expert_purity_e2,expert_purity_e3,expert_purity_mean,inter_expert_similarity,inter_expert_similarity_e0_e0,inter_expert_similarity_e0_e1,inter_expert_similarity_e0_e2,inter_expert_similarity_e0_e3,inter_expert_similarity_e1_e0,inter_expert_similarity_e1_e1,inter_expert_similarity_e1_e2,inter_expert_similarity_e1_e3,inter_expert_similarity_e2_e0,inter_expert_similarity_e2_e1,inter_expert_similarity_e2_e2,inter_expert_similarity_e2_e3,inter_expert_similarity_e3_e0,inter_expert_similarity_e3_e1,inter_expert_similarity_e3_e2,inter_expert_similarity_e3_e3,intra_expert_coherence_e0,intra_expert_coherence_e1,intra_expert_coherence_e2,intra_expert_coherence_e3,load_cv,load_max_min_ratio,overall_task_conflict_cos,router_entropy,router_load_e0,router_load_e1,router_load_e2,router_load_e3,task_acc__glue_rte,task_conflict_t0_t0,task_grad_norm_cv,task_loss__glue_rte,utilization_ratio
50.0,0.6139549911022186,0.5377510040160642,0.6771620763035922,0.5595667870036101,0.6723619848489761,1.0,0.0,0.0,0.0,0.0,0.0,1.0,1.0,1.0,1.0,1.0,0.005234776089494543,1.0,0.0,0.031408656536967255,0.0,0.0,1.0,0.0,0.0,0.031408656536967255,0.0,1.0,0.0,0.0,0.0,0.0,1.0,1.0,1.0,1.0,1.0,0.9974412322044373,529118716716.76636,1.0,0.6906297869630669,0.46770238876342773,0.0031789091881364584,0.5291187167167664,0.0,0.5595667870036101,1.0,0.0,0.6723619848489761,0.5
100.0,0.6980884075164795,0.6004016064257028,0.6664828016589849,0.5523465703971119,0.6816780649953418,1.0,0.0,0.0,0.0,0.0,0.0,1.0,1.0,1.0,1.0,1.0,0.008377810138676537,1.0,0.0,0.05026686083205922,0.0,0.0,1.0,0.0,0.0,0.05026686083205922,0.0,1.0,0.0,0.0,0.0,0.0,1.0,1.0,1.0,1.0,1.0,0.9782885338916142,525278389453.88794,1.0,0.6911964950148379,0.4617093503475189,0.013012362644076347,0.5252783894538879,0.0,0.5523465703971119,1.0,0.0,0.6816780649953418,0.5
150.0,0.6822855770587921,0.7345381526104418,0.6039634035565914,0.6642599277978339,0.6324745168288549,1.0,0.0,0.0,0.0,0.0,0.0,1.0,1.0,1.0,1.0,1.0,0.003214393755634356,1.0,0.0,0.019286362533806136,0.0,0.0,1.0,0.0,0.0,0.019286362533806136,0.0,1.0,0.0,0.0,0.0,0.0,1.0,1.0,1.0,1.0,1.0,0.9799681901931763,497123807668.6859,1.0,0.6849111563892571,0.49279889464378357,0.010077240876853466,0.4971238076686859,0.0,0.6642599277978339,1.0,0.0,0.6324745168288549,0.5
