step,train_step_loss,train_acc,train_loss,val_acc,val_loss,avg_intra_expert_coherence,expert_diversity_e0,expert_diversity_e1,expert_diversity_e2,expert_diversity_e3,expert_diversity_mean,expert_purity_e0,expert_purity_e1,expert_purity_e2,expert_purity_e3,expert_purity_mean,inter_expert_similarity,inter_expert_similarity_e0_e0,inter_expert_similarity_e0_e1,inter_expert_similarity_e0_e2,inter_expert_similarity_e0_e3,inter_expert_similarity_e1_e0,inter_expert_similarity_e1_e1,inter_expert_similarity_e1_e2,inter_expert_similarity_e1_e3,inter_expert_similarity_e2_e0,inter_expert_similarity_e2_e1,inter_expert_similarity_e2_e2,inter_expert_similarity_e2_e3,inter_expert_similarity_e3_e0,inter_expert_similarity_e3_e1,inter_expert_similarity_e3_e2,inter_expert_similarity_e3_e3,intra_expert_coherence_e0,intra_expert_coherence_e1,intra_expert_coherence_e2,intra_expert_coherence_e3,load_cv,load_max_min_ratio,overall_task_conflict_cos,router_entropy,router_load_e0,router_load_e1,router_load_e2,router_load_e3,task_acc__glue_cola,task_acc__glue_mrpc,task_acc__glue_rte,task_conflict_t0_t0,task_conflict_t0_t1,task_conflict_t0_t2,task_conflict_t1_t0,task_conflict_t1_t1,task_conflict_t1_t2,task_conflict_t2_t0,task_conflict_t2_t1,task_conflict_t2_t2,task_grad_norm_cv,task_loss__glue_cola,task_loss__glue_mrpc,task_loss__glue_rte,utilization_ratio
1.0,0.7314694027105967,0.576528293270593,0.6813261929880238,0.567607854245002,0.6836666979378817,0.3999395009975438,0.7715368602799445,0.815355928951799,0.8765899276766016,0.9257969007234076,0.8473199044079381,0.6797226071357727,0.6445102691650391,0.5782609581947327,0.5298165678977966,0.6080776005983353,0.036177719009626796,1.0,0.07894165174982157,0.05697586119356627,0.2127371012373967,0.07894165174982157,1.0,-0.03616046162253935,0.2064335251142776,0.05697586119356627,-0.03616046162253935,1.0,-0.301861363614762,0.2127371012373967,0.2064335251142776,-0.301861363614762,1.0,0.7518440283159434,0.5691020389273765,-0.12324076761513146,0.40205270436198665,0.5849041837568064,6.201888376246465,-0.01857377358163852,1.1960158833061103,0.2911440134048462,0.0750906765460968,0.4657039940357208,0.16806146502494812,0.6701821668264621,0.5416666666666666,0.49097472924187724,1.0,0.6299911103858291,-0.4524896800147705,0.6299911103858291,1.0,-0.23322275111597415,-0.4524896800147705,-0.23322275111597415,1.0,0.45193663501598846,0.6449483559104322,0.6810510976641786,0.7250006402390343,0.75
