step,train_step_loss,train_acc,train_loss,val_acc,val_loss,avg_intra_expert_coherence,expert_diversity_e0,expert_diversity_e1,expert_diversity_e2,expert_diversity_e3,expert_diversity_mean,expert_purity_e0,expert_purity_e1,expert_purity_e2,expert_purity_e3,expert_purity_mean,inter_expert_similarity,inter_expert_similarity_e0_e0,inter_expert_similarity_e0_e1,inter_expert_similarity_e0_e2,inter_expert_similarity_e0_e3,inter_expert_similarity_e1_e0,inter_expert_similarity_e1_e1,inter_expert_similarity_e1_e2,inter_expert_similarity_e1_e3,inter_expert_similarity_e2_e0,inter_expert_similarity_e2_e1,inter_expert_similarity_e2_e2,inter_expert_similarity_e2_e3,inter_expert_similarity_e3_e0,inter_expert_similarity_e3_e1,inter_expert_similarity_e3_e2,inter_expert_similarity_e3_e3,intra_expert_coherence_e0,intra_expert_coherence_e1,intra_expert_coherence_e2,intra_expert_coherence_e3,load_cv,load_max_min_ratio,overall_task_conflict_cos,router_entropy,router_load_e0,router_load_e1,router_load_e2,router_load_e3,task_acc__glue_sst2,task_conflict_t0_t0,task_grad_norm_cv,task_loss__glue_sst2,utilization_ratio
50.0,0.6740758717060089,0.5578256544269403,0.6968071456051779,0.5091743119266054,0.7223380771550265,1.0,0.0,0.0,0.0,0.0,0.0,1.0,1.0,1.0,1.0,1.0,-0.019270336676596205,1.0,0.0,0.0,0.0,0.0,1.0,0.0,0.0,0.0,0.0,1.0,-0.11562202005957722,0.0,0.0,-0.11562202005957722,1.0,1.0,1.0,1.0,1.0,1.296951451425408,791992902755.7373,1.0,0.5113029479980469,0.0,0.0,0.7919929027557373,0.20800596475601196,0.5091743119266054,1.0,0.0,0.7223380771550265,0.5
100.0,0.7402066588401794,0.5578256544269403,0.691366746596939,0.5091743119266054,0.712421059066599,1.0,0.0,0.0,0.0,0.0,0.0,1.0,1.0,1.0,1.0,1.0,0.02091014553742579,1.0,0.0,0.0,0.0,0.0,1.0,0.0,0.0,0.0,0.0,1.0,0.12546087322455474,0.0,0.0,0.12546087322455474,1.0,1.0,1.0,1.0,1.0,1.1415380059752507,694649517536.1633,1.0,0.6153292655944824,0.0,0.0,0.30534979701042175,0.6946495175361633,0.5091743119266054,1.0,0.0,0.712421059066599,0.5
150.0,0.6939505636692047,0.5578256544269403,0.6882997302006656,0.5091743119266054,0.6936596978794445,1.0,0.0,0.0,0.0,0.0,0.0,1.0,1.0,1.0,1.0,1.0,-0.018332042366799847,1.0,0.0,0.0,0.0,0.0,1.0,0.0,0.0,0.0,0.0,1.0,-0.10999225420079908,0.0,0.0,-0.10999225420079908,1.0,1.0,1.0,1.0,1.0,1.250066310111979,765204727649.6887,1.0,0.5450067520141602,0.0,0.0,0.23479606211185455,0.7652047276496887,0.5091743119266054,1.0,0.0,0.6936596978794445,0.5
