step,train_step_loss,train_acc,train_loss,val_acc,val_loss,avg_intra_expert_coherence,expert_diversity_e0,expert_diversity_e1,expert_diversity_e2,expert_diversity_e3,expert_diversity_mean,expert_purity_e0,expert_purity_e1,expert_purity_e2,expert_purity_e3,expert_purity_mean,inter_expert_similarity,inter_expert_similarity_e0_e0,inter_expert_similarity_e0_e1,inter_expert_similarity_e0_e2,inter_expert_similarity_e0_e3,inter_expert_similarity_e1_e0,inter_expert_similarity_e1_e1,inter_expert_similarity_e1_e2,inter_expert_similarity_e1_e3,inter_expert_similarity_e2_e0,inter_expert_similarity_e2_e1,inter_expert_similarity_e2_e2,inter_expert_similarity_e2_e3,inter_expert_similarity_e3_e0,inter_expert_similarity_e3_e1,inter_expert_similarity_e3_e2,inter_expert_similarity_e3_e3,intra_expert_coherence_e0,intra_expert_coherence_e1,intra_expert_coherence_e2,intra_expert_coherence_e3,load_cv,load_max_min_ratio,overall_task_conflict_cos,router_entropy,router_load_e0,router_load_e1,router_load_e2,router_load_e3,task_acc__amazon_polarity,task_acc__glue_sst2,task_acc__yelp_polarity,task_conflict_t0_t0,task_conflict_t0_t1,task_conflict_t0_t2,task_conflict_t1_t0,task_conflict_t1_t1,task_conflict_t1_t2,task_conflict_t2_t0,task_conflict_t2_t1,task_conflict_t2_t2,task_grad_norm_cv,task_loss__amazon_polarity,task_loss__glue_sst2,task_loss__yelp_polarity,utilization_ratio
1.0,0.7085342605908712,0.5677083333333334,0.6879386069873968,0.4791666666666667,0.6921924551328024,-0.05746245291676749,0.9608328193625142,0.9374500044922713,0.9282808880547684,0.9674773661140377,0.9485102695058978,0.4551922082901001,0.5114200115203857,0.5245405435562134,0.43060579895973206,0.4804396405816078,-0.004834000169400885,1.0,0.002554744255063566,-0.018584643469092554,0.01282447373943483,0.002554744255063566,1.0,-0.004420190555537958,-0.026187331028429062,-0.018584643469092554,-0.004420190555537958,1.0,0.004808946042155869,0.01282447373943483,-0.026187331028429062,0.004808946042155869,1.0,-0.050627161770984475,-0.015842802391779,-0.03586390580884947,-0.12751594169545702,0.2566726803779602,1.8899346814769042,-0.028872037941461332,1.3414360533157985,0.20040135085582733,0.3439171314239502,0.2737084925174713,0.18197302520275116,0.40625,0.5625,0.46875,1.0,0.0023177918929756184,-0.08849825254145698,0.0023177918929756184,1.0,-0.00043565317590265294,-0.08849825254145698,-0.00043565317590265294,1.0,0.3025735616355218,0.6935940608382225,0.6919586658477783,0.6910246387124062,1.0
