step,train_step_loss,train_acc,train_loss,val_acc,val_loss,avg_intra_expert_coherence,expert_diversity_e0,expert_diversity_e1,expert_diversity_e2,expert_diversity_e3,expert_diversity_mean,expert_purity_e0,expert_purity_e1,expert_purity_e2,expert_purity_e3,expert_purity_mean,inter_expert_similarity,inter_expert_similarity_e0_e0,inter_expert_similarity_e0_e1,inter_expert_similarity_e0_e2,inter_expert_similarity_e0_e3,inter_expert_similarity_e1_e0,inter_expert_similarity_e1_e1,inter_expert_similarity_e1_e2,inter_expert_similarity_e1_e3,inter_expert_similarity_e2_e0,inter_expert_similarity_e2_e1,inter_expert_similarity_e2_e2,inter_expert_similarity_e2_e3,inter_expert_similarity_e3_e0,inter_expert_similarity_e3_e1,inter_expert_similarity_e3_e2,inter_expert_similarity_e3_e3,intra_expert_coherence_e0,intra_expert_coherence_e1,intra_expert_coherence_e2,intra_expert_coherence_e3,load_cv,load_max_min_ratio,overall_task_conflict_cos,router_entropy,router_load_e0,router_load_e1,router_load_e2,router_load_e3,task_acc__amazon_polarity,task_acc__glue_sst2,task_acc__yelp_polarity,task_conflict_t0_t0,task_conflict_t0_t1,task_conflict_t0_t2,task_conflict_t1_t0,task_conflict_t1_t1,task_conflict_t1_t2,task_conflict_t2_t0,task_conflict_t2_t1,task_conflict_t2_t2,task_grad_norm_cv,task_loss__amazon_polarity,task_loss__glue_sst2,task_loss__yelp_polarity,utilization_ratio
1.0,0.6813492774963379,0.5052083333333334,0.6926156108578047,0.53125,0.6886423503359159,0.680380532889988,0.9505756834871484,0.9908609405470675,0.9758652179706478,0.9720085921742463,0.9723276085447775,0.48599714040756226,0.3850488066673279,0.4058208763599396,0.4363451600074768,0.42830299586057663,0.06118465006431594,1.0,0.04960262875384502,0.059315368517199804,0.05301710763186546,0.04960262875384502,1.0,0.08192378770737697,0.06045295110204363,0.059315368517199804,0.08192378770737697,1.0,0.06279605667356473,0.05301710763186546,0.06045295110204363,0.06279605667356473,1.0,0.6602127975778047,0.6682440389985703,0.7664522415251253,0.6266130534584516,0.44735807180404663,2.8654270751388795,0.5483955961252626,1.2854243020216625,0.1938374638557434,0.15362069010734558,0.21235299110412598,0.4401888847351074,0.46875,0.5625,0.5625,1.0,0.49862697576267123,0.6339114579073841,0.49862697576267123,1.0,0.5126483547057322,0.6339114579073841,0.5126483547057322,1.0,0.2215122462401035,0.7025648355484009,0.681133970618248,0.6822282448410988,1.0
