step,train_step_loss,train_acc,train_loss,val_acc,val_loss,avg_intra_expert_coherence,expert_diversity_e0,expert_diversity_e1,expert_diversity_e2,expert_diversity_e3,expert_diversity_mean,expert_purity_e0,expert_purity_e1,expert_purity_e2,expert_purity_e3,expert_purity_mean,inter_expert_similarity,inter_expert_similarity_e0_e0,inter_expert_similarity_e0_e1,inter_expert_similarity_e0_e2,inter_expert_similarity_e0_e3,inter_expert_similarity_e1_e0,inter_expert_similarity_e1_e1,inter_expert_similarity_e1_e2,inter_expert_similarity_e1_e3,inter_expert_similarity_e2_e0,inter_expert_similarity_e2_e1,inter_expert_similarity_e2_e2,inter_expert_similarity_e2_e3,inter_expert_similarity_e3_e0,inter_expert_similarity_e3_e1,inter_expert_similarity_e3_e2,inter_expert_similarity_e3_e3,intra_expert_coherence_e0,intra_expert_coherence_e1,intra_expert_coherence_e2,intra_expert_coherence_e3,load_cv,load_max_min_ratio,overall_task_conflict_cos,router_entropy,router_load_e0,router_load_e1,router_load_e2,router_load_e3,task_acc__glue_rte,task_conflict_t0_t0,task_grad_norm_cv,task_loss__glue_rte,utilization_ratio
50.0,0.683486819267273,0.5433734939759036,0.6882371284640753,0.5054151624548736,0.6949681606557634,1.0,0.0,0.0,0.0,0.0,0.0,1.0,1.0,1.0,1.0,1.0,0.011023099114554116,1.0,0.0,0.0,0.0,0.0,1.0,0.06613859468732469,0.0,0.0,0.06613859468732469,1.0,0.0,0.0,0.0,0.0,1.0,1.0,1.0,1.0,1.0,0.9670620560646057,565897881984.7107,1.0,0.6840659771585292,0.0,0.5658978819847107,0.40324926376342773,0.03085291013121605,0.5054151624548736,1.0,0.0,0.6949681606557634,0.5
100.0,0.7067925930023193,0.6044176706827309,0.6683917491099773,0.5740072202166066,0.6819291677739885,1.0,0.0,0.0,0.0,0.0,0.0,1.0,1.0,1.0,1.0,1.0,0.02117499169441105,1.0,0.0,0.0,0.0,0.0,1.0,0.1270499501664663,0.0,0.0,0.1270499501664663,1.0,0.0,0.0,0.0,0.0,1.0,1.0,1.0,1.0,1.0,0.964017927646637,561212480068.2068,1.0,0.6849453647214153,0.0,0.5612124800682068,0.40794873237609863,0.030838772654533386,0.5740072202166066,1.0,0.0,0.6819291677739885,0.5
150.0,0.7040663659572601,0.6417670682730924,0.6333210259293899,0.592057761732852,0.6650652256276872,1.0,0.0,0.0,0.0,0.0,0.0,1.0,1.0,1.0,1.0,1.0,0.04135491883111387,1.0,0.0,0.0,0.0,0.0,1.0,0.2481295129866832,0.0,0.0,0.2481295129866832,1.0,0.0,0.0,0.0,0.0,1.0,1.0,1.0,1.0,1.0,0.9737927913665771,563447535037.9944,1.0,0.6837098176728947,0.0,0.5634475350379944,0.41102731227874756,0.025525201112031937,0.592057761732852,1.0,0.0,0.6650652256276872,0.5
