step,train_step_loss,train_acc,train_loss,val_acc,val_loss,avg_intra_expert_coherence,expert_diversity_e0,expert_diversity_e1,expert_diversity_e2,expert_diversity_e3,expert_diversity_mean,expert_purity_e0,expert_purity_e1,expert_purity_e2,expert_purity_e3,expert_purity_mean,inter_expert_similarity,inter_expert_similarity_e0_e0,inter_expert_similarity_e0_e1,inter_expert_similarity_e0_e2,inter_expert_similarity_e0_e3,inter_expert_similarity_e1_e0,inter_expert_similarity_e1_e1,inter_expert_similarity_e1_e2,inter_expert_similarity_e1_e3,inter_expert_similarity_e2_e0,inter_expert_similarity_e2_e1,inter_expert_similarity_e2_e2,inter_expert_similarity_e2_e3,inter_expert_similarity_e3_e0,inter_expert_similarity_e3_e1,inter_expert_similarity_e3_e2,inter_expert_similarity_e3_e3,intra_expert_coherence_e0,intra_expert_coherence_e1,intra_expert_coherence_e2,intra_expert_coherence_e3,load_cv,load_max_min_ratio,overall_task_conflict_cos,router_entropy,router_load_e0,router_load_e1,router_load_e2,router_load_e3,task_acc__glue_mrpc,task_conflict_t0_t0,task_grad_norm_cv,task_loss__glue_mrpc,utilization_ratio
50.0,0.5703651756048203,0.6744820065430752,0.6309983909130097,0.6838235294117647,0.6263692568127925,1.0,0.0,0.0,0.0,0.0,0.0,1.0,1.0,1.0,1.0,1.0,0.007898629763612617,1.0,0.0,0.0,0.0,0.0,1.0,0.0,0.047391778581675696,0.0,0.0,1.0,0.0,0.0,0.047391778581675696,0.0,1.0,1.0,1.0,1.0,1.0,1.0187771297958934,568835735321.0449,1.0,0.683640388881459,0.0,0.43116438388824463,0.0,0.5688357353210449,0.6838235294117647,1.0,0.0,0.6263692568127925,0.5
100.0,0.664652556180954,0.6744820065430752,0.6433888022018516,0.6838235294117647,0.6395006305896319,1.0,0.0,0.0,0.0,0.0,0.0,1.0,1.0,1.0,1.0,1.0,0.009339503131730544,1.0,0.0,0.0,0.05603701879038326,0.0,1.0,0.0,0.0,0.0,0.0,1.0,0.0,0.05603701879038326,0.0,0.0,1.0,1.0,1.0,1.0,1.0,1.1632439591433978,710100114345.5505,1.0,0.6020619670550028,0.2898998260498047,0.0,0.0,0.7101001143455505,0.6838235294117647,1.0,0.0,0.6395006305896319,0.5
150.0,0.6541119813919067,0.6744820065430752,0.6312254778716875,0.6838235294117647,0.6259203983040956,1.0,0.0,0.0,0.0,0.0,0.0,1.0,1.0,1.0,1.0,1.0,0.007117097059385541,1.0,0.0,0.0,0.0,0.0,1.0,0.0,0.042702582356313246,0.0,0.0,1.0,0.0,0.0,0.042702582356313246,0.0,1.0,1.0,1.0,1.0,1.0,1.1231945165660302,680819988250.7324,1.0,0.6262502050867268,0.0,0.3191804587841034,0.0,0.6808199882507324,0.6838235294117647,1.0,0.0,0.6259203983040956,0.5
