step,train_step_loss,train_acc,train_loss,val_acc,val_loss,avg_intra_expert_coherence,expert_diversity_e0,expert_diversity_e1,expert_diversity_e2,expert_diversity_e3,expert_diversity_mean,expert_purity_e0,expert_purity_e1,expert_purity_e2,expert_purity_e3,expert_purity_mean,inter_expert_similarity,inter_expert_similarity_e0_e0,inter_expert_similarity_e0_e1,inter_expert_similarity_e0_e2,inter_expert_similarity_e0_e3,inter_expert_similarity_e1_e0,inter_expert_similarity_e1_e1,inter_expert_similarity_e1_e2,inter_expert_similarity_e1_e3,inter_expert_similarity_e2_e0,inter_expert_similarity_e2_e1,inter_expert_similarity_e2_e2,inter_expert_similarity_e2_e3,inter_expert_similarity_e3_e0,inter_expert_similarity_e3_e1,inter_expert_similarity_e3_e2,inter_expert_similarity_e3_e3,intra_expert_coherence_e0,intra_expert_coherence_e1,intra_expert_coherence_e2,intra_expert_coherence_e3,load_cv,load_max_min_ratio,overall_task_conflict_cos,router_entropy,router_load_e0,router_load_e1,router_load_e2,router_load_e3,task_acc__glue_mrpc,task_conflict_t0_t0,task_grad_norm_cv,task_loss__glue_mrpc,utilization_ratio
50.0,0.517217755317688,0.6744820065430752,0.6313471190307451,0.6838235294117647,0.6261066141036841,1.0,0.0,0.0,0.0,0.0,0.0,1.0,1.0,1.0,1.0,1.0,0.004263049211985062,1.0,0.025578295271910374,0.0,0.0,0.025578295271910374,1.0,0.0,0.0,0.0,0.0,1.0,0.0,0.0,0.0,0.0,1.0,1.0,1.0,1.0,1.0,1.0840784511753205,647997379302.9785,1.0,0.6486773712962282,0.6479973793029785,0.35200235247612,0.0,0.0,0.6838235294117647,1.0,0.0,0.6261066141036841,0.5
100.0,0.6761156916618347,0.6744820065430752,0.6340303794845291,0.6838235294117647,0.6301134142738122,1.0,0.0,0.0,0.0,0.0,0.0,1.0,1.0,1.0,1.0,1.0,0.00561578347660309,1.0,0.033694700859618544,0.0,0.0,0.033694700859618544,1.0,0.0,0.0,0.0,0.0,1.0,0.0,0.0,0.0,0.0,1.0,1.0,1.0,1.0,1.0,1.0048124197013628,534727632999.42017,1.0,0.6907331931824777,0.5347276329994202,0.46527230739593506,0.0,0.0,0.6838235294117647,1.0,0.0,0.6301134142738122,0.5
150.0,0.6595699191093445,0.6744820065430752,0.6336970162132513,0.6838235294117647,0.6279637813568115,1.0,0.0,0.0,0.0,0.0,0.0,1.0,1.0,1.0,1.0,1.0,0.00670824609080516,1.0,0.04024947654483096,0.0,0.0,0.04024947654483096,1.0,0.0,0.0,0.0,0.0,1.0,0.0,0.0,0.0,0.0,1.0,1.0,1.0,1.0,1.0,1.0488687753677368,611873686313.6292,1.0,0.6679024848283506,0.6118736863136292,0.38812634348869324,0.0,0.0,0.6838235294117647,1.0,0.0,0.6279637813568115,0.5
