step,train_step_loss,train_acc,train_loss,val_acc,val_loss,avg_intra_expert_coherence,expert_diversity_e0,expert_diversity_e1,expert_diversity_e2,expert_diversity_e3,expert_diversity_mean,expert_purity_e0,expert_purity_e1,expert_purity_e2,expert_purity_e3,expert_purity_mean,inter_expert_similarity,inter_expert_similarity_e0_e0,inter_expert_similarity_e0_e1,inter_expert_similarity_e0_e2,inter_expert_similarity_e0_e3,inter_expert_similarity_e1_e0,inter_expert_similarity_e1_e1,inter_expert_similarity_e1_e2,inter_expert_similarity_e1_e3,inter_expert_similarity_e2_e0,inter_expert_similarity_e2_e1,inter_expert_similarity_e2_e2,inter_expert_similarity_e2_e3,inter_expert_similarity_e3_e0,inter_expert_similarity_e3_e1,inter_expert_similarity_e3_e2,inter_expert_similarity_e3_e3,intra_expert_coherence_e0,intra_expert_coherence_e1,intra_expert_coherence_e2,intra_expert_coherence_e3,load_cv,load_max_min_ratio,overall_task_conflict_cos,router_entropy,router_load_e0,router_load_e1,router_load_e2,router_load_e3,task_acc__glue_rte,task_conflict_t0_t0,task_grad_norm_cv,task_loss__glue_rte,utilization_ratio
50.0,0.6018123924732208,0.5016064257028112,0.7042981662811377,0.5270758122743683,0.6975007769134309,1.0,0.0,0.0,0.0,0.0,0.0,1.0,1.0,1.0,1.0,1.0,-0.05278230446093752,1.0,-0.31669382676562513,0.0,0.0,-0.31669382676562513,1.0,0.0,0.0,0.0,0.0,1.0,0.0,0.0,0.0,0.0,1.0,1.0,1.0,1.0,1.0,1.011754275769505,554367542266.8457,1.0,0.6870986950526599,0.5543675422668457,0.44563233852386475,0.0,0.0,0.5270758122743683,1.0,0.0,0.6975007769134309,0.5
100.0,0.6938697695732117,0.5690763052208835,0.6689580275844305,0.5306859205776173,0.6939923597706689,1.0,0.0,0.0,0.0,0.0,0.0,1.0,1.0,1.0,1.0,1.0,-0.04818825731165823,1.0,-0.2891295438699494,0.0,0.0,-0.2891295438699494,1.0,0.0,0.0,0.0,0.0,1.0,0.0,0.0,0.0,0.0,1.0,1.0,1.0,1.0,1.0,1.0087713013614776,554209053516.388,1.0,0.6870660446180764,0.5542090535163879,0.44413328170776367,0.001657565007917583,0.0,0.5306859205776173,1.0,0.0,0.6939923597706689,0.5
150.0,0.633457362651825,0.6469879518072289,0.6384766751374954,0.6173285198555957,0.655853707757261,1.0,0.0,0.0,0.0,0.0,0.0,1.0,1.0,1.0,1.0,1.0,-0.061227644529817486,1.0,-0.3673658671789049,0.0,0.0,-0.3673658671789049,1.0,0.0,0.0,0.0,0.0,1.0,0.0,0.0,0.0,0.0,1.0,1.0,1.0,1.0,1.0,1.0055043690795458,546178042888.64136,1.0,0.6886693114408087,0.5461780428886414,0.45215776562690735,0.001664241892285645,0.0,0.6173285198555957,1.0,0.0,0.655853707757261,0.5
