step,train_step_loss,train_acc,train_loss,val_acc,val_loss,avg_intra_expert_coherence,expert_diversity_e0,expert_diversity_e1,expert_diversity_e2,expert_diversity_e3,expert_diversity_mean,expert_purity_e0,expert_purity_e1,expert_purity_e2,expert_purity_e3,expert_purity_mean,inter_expert_similarity,inter_expert_similarity_e0_e0,inter_expert_similarity_e0_e1,inter_expert_similarity_e0_e2,inter_expert_similarity_e0_e3,inter_expert_similarity_e1_e0,inter_expert_similarity_e1_e1,inter_expert_similarity_e1_e2,inter_expert_similarity_e1_e3,inter_expert_similarity_e2_e0,inter_expert_similarity_e2_e1,inter_expert_similarity_e2_e2,inter_expert_similarity_e2_e3,inter_expert_similarity_e3_e0,inter_expert_similarity_e3_e1,inter_expert_similarity_e3_e2,inter_expert_similarity_e3_e3,intra_expert_coherence_e0,intra_expert_coherence_e1,intra_expert_coherence_e2,intra_expert_coherence_e3,load_cv,load_max_min_ratio,overall_task_conflict_cos,router_entropy,router_load_e0,router_load_e1,router_load_e2,router_load_e3,task_acc__glue_mrpc,task_conflict_t0_t0,task_grad_norm_cv,task_loss__glue_mrpc,utilization_ratio
50.0,0.5756628960371017,0.6744820065430752,0.6318135032187338,0.6838235294117647,0.6274368218504466,1.0,0.0,0.0,0.0,0.0,0.0,1.0,1.0,1.0,1.0,1.0,0.06347627849897376,1.0,0.0,0.0,0.0,0.0,1.0,0.3808576709938426,0.0,0.0,0.3808576709938426,1.0,0.0,0.0,0.0,0.0,1.0,1.0,1.0,1.0,1.0,1.0059383515082807,538587391376.49536,1.0,0.6901662478259966,0.0,0.5385873913764954,0.46141254901885986,0.0,0.6838235294117647,1.0,0.0,0.6274368218504466,0.5
100.0,0.6629968285560608,0.6744820065430752,0.6368662079391272,0.6838235294117647,0.6319395555899694,1.0,0.0,0.0,0.0,0.0,0.0,1.0,1.0,1.0,1.0,1.0,0.04967936025395072,1.0,0.0,0.0,0.0,0.0,1.0,0.2980761615237043,0.0,0.0,0.2980761615237043,1.0,0.0,0.0,0.0,0.0,1.0,1.0,1.0,1.0,1.0,1.0029970407485962,527393281459.80835,1.0,0.691645624590855,0.0,0.5273932814598083,0.47260668873786926,0.0,0.6838235294117647,1.0,0.0,0.6319395555899694,0.5
150.0,0.6216266453266144,0.6744820065430752,0.6307800262518551,0.6838235294117647,0.6249870170767491,1.0,0.0,0.0,0.0,0.0,0.0,1.0,1.0,1.0,1.0,1.0,0.013517774068204825,1.0,0.0,0.0,0.0,0.0,1.0,0.08110664440922895,0.0,0.0,0.08110664440922895,1.0,0.0,0.0,0.0,0.0,1.0,1.0,1.0,1.0,1.0,1.0002112984783231,507267534732.8186,1.0,0.6930415419971242,0.0,0.5072675347328186,0.4927324056625366,0.0,0.6838235294117647,1.0,0.0,0.6249870170767491,0.5
