step,train_step_loss,train_acc,train_loss,val_acc,val_loss,avg_intra_expert_coherence,expert_diversity_e0,expert_diversity_e1,expert_diversity_e2,expert_diversity_e3,expert_diversity_mean,expert_purity_e0,expert_purity_e1,expert_purity_e2,expert_purity_e3,expert_purity_mean,inter_expert_similarity,inter_expert_similarity_e0_e0,inter_expert_similarity_e0_e1,inter_expert_similarity_e0_e2,inter_expert_similarity_e0_e3,inter_expert_similarity_e1_e0,inter_expert_similarity_e1_e1,inter_expert_similarity_e1_e2,inter_expert_similarity_e1_e3,inter_expert_similarity_e2_e0,inter_expert_similarity_e2_e1,inter_expert_similarity_e2_e2,inter_expert_similarity_e2_e3,inter_expert_similarity_e3_e0,inter_expert_similarity_e3_e1,inter_expert_similarity_e3_e2,inter_expert_similarity_e3_e3,intra_expert_coherence_e0,intra_expert_coherence_e1,intra_expert_coherence_e2,intra_expert_coherence_e3,load_cv,load_max_min_ratio,overall_task_conflict_cos,router_entropy,router_load_e0,router_load_e1,router_load_e2,router_load_e3,task_acc__glue_mrpc,task_conflict_t0_t0,task_grad_norm_cv,task_loss__glue_mrpc,utilization_ratio
50.0,0.5878273248672485,0.6927480916030534,0.6265950845635455,0.696078431372549,0.6243345554058368,1.0,0.0,0.0,0.0,0.0,0.0,1.0,1.0,1.0,1.0,1.0,0.00068768022070221,1.0,0.0,0.0,0.0,0.0,1.0,0.0,0.0,0.0,0.0,1.0,0.00412608132421326,0.0,0.0,0.00412608132421326,1.0,1.0,1.0,1.0,1.0,1.00597083568573,538693428039.5508,1.0,0.6901381343018775,0.0,0.0,0.5386934280395508,0.46130654215812683,0.696078431372549,1.0,0.0,0.6243345554058368,0.5
100.0,0.7622911334037781,0.6744820065430752,0.6529718725577645,0.6838235294117647,0.6443670638478719,1.0,0.0,0.0,0.0,0.0,0.0,1.0,1.0,1.0,1.0,1.0,0.018242131649406013,1.0,0.0,0.0,0.0,0.0,1.0,0.0,0.0,0.0,0.0,1.0,0.10945278989643607,0.0,0.0,0.10945278989643607,1.0,1.0,1.0,1.0,1.0,1.0003550052642822,509422719478.6072,1.0,0.6929695699729171,0.0,0.0,0.5094227194786072,0.49057725071907043,0.6838235294117647,1.0,0.0,0.6443670638478719,0.5
150.0,0.6589682996273041,0.6744820065430752,0.6352460518479347,0.6838235294117647,0.6299585390549439,1.0,0.0,0.0,0.0,0.0,0.0,1.0,1.0,1.0,1.0,1.0,0.009899012194512159,1.0,0.0,0.0,0.0,0.0,1.0,0.0,0.0,0.0,0.0,1.0,0.05939407316707295,0.0,0.0,0.05939407316707295,1.0,1.0,1.0,1.0,1.0,1.0022466780094312,523712635040.2832,1.0,0.6920222102427015,0.0,0.0,0.5237126350402832,0.476287305355072,0.6838235294117647,1.0,0.0,0.6299585390549439,0.5
