step,train_step_loss,train_acc,train_loss,val_acc,val_loss,avg_intra_expert_coherence,expert_diversity_e0,expert_diversity_e1,expert_diversity_e2,expert_diversity_e3,expert_diversity_mean,expert_purity_e0,expert_purity_e1,expert_purity_e2,expert_purity_e3,expert_purity_mean,inter_expert_similarity,inter_expert_similarity_e0_e0,inter_expert_similarity_e0_e1,inter_expert_similarity_e0_e2,inter_expert_similarity_e0_e3,inter_expert_similarity_e1_e0,inter_expert_similarity_e1_e1,inter_expert_similarity_e1_e2,inter_expert_similarity_e1_e3,inter_expert_similarity_e2_e0,inter_expert_similarity_e2_e1,inter_expert_similarity_e2_e2,inter_expert_similarity_e2_e3,inter_expert_similarity_e3_e0,inter_expert_similarity_e3_e1,inter_expert_similarity_e3_e2,inter_expert_similarity_e3_e3,intra_expert_coherence_e0,intra_expert_coherence_e1,intra_expert_coherence_e2,intra_expert_coherence_e3,load_cv,load_max_min_ratio,overall_task_conflict_cos,router_entropy,router_load_e0,router_load_e1,router_load_e2,router_load_e3,task_acc__glue_rte,task_conflict_t0_t0,task_grad_norm_cv,task_loss__glue_rte,utilization_ratio
50.0,0.698316216468811,0.5457831325301205,0.6861304330902223,0.5487364620938628,0.6895329919126298,1.0,0.0,0.0,0.0,0.0,0.0,1.0,1.0,1.0,1.0,1.0,0.03909053976684742,1.0,0.0,0.0,0.2345432386010845,0.0,1.0,0.0,0.0,0.0,0.0,1.0,0.0,0.2345432386010845,0.0,0.0,1.0,1.0,1.0,1.0,1.0,1.0003783702850342,509726643562.3169,1.0,0.6924309584207914,0.4902734160423279,0.0,0.0,0.5097266435623169,0.5487364620938628,1.0,0.0,0.6895329919126298,0.5
100.0,0.6895963549613953,0.6240963855421687,0.6615085662175447,0.5884476534296029,0.6701465911335416,1.0,0.0,0.0,0.0,0.0,0.0,1.0,1.0,1.0,1.0,1.0,0.03728656543602616,1.0,0.0,0.0,0.22371939261615698,0.0,1.0,0.0,0.0,0.0,0.0,1.0,0.0,0.22371939261615698,0.0,0.0,1.0,1.0,1.0,1.0,1.0,0.9970787167549133,508516192436.21826,1.0,0.6919500905253827,0.48984700441360474,0.0,0.001636815955862403,0.5085161924362183,0.5884476534296029,1.0,0.0,0.6701465911335416,0.5
150.0,0.6858890950679779,0.6477911646586345,0.6322406052587889,0.592057761732852,0.6574696136845483,1.0,0.0,0.0,0.0,0.0,0.0,1.0,1.0,1.0,1.0,1.0,0.02518356273793738,1.0,0.0,0.0,0.15110137642762428,0.0,1.0,0.0,0.0,0.0,0.0,1.0,0.0,0.15110137642762428,0.0,0.0,1.0,1.0,1.0,1.0,1.0,1.0024754406497145,524892270565.03296,1.0,0.6904676322041866,0.47510766983032227,0.0,0.0,0.524892270565033,0.592057761732852,1.0,0.0,0.6574696136845483,0.5
