step,train_step_loss,train_acc,train_loss,val_acc,val_loss,avg_intra_expert_coherence,expert_diversity_e0,expert_diversity_e1,expert_diversity_e2,expert_diversity_e3,expert_diversity_mean,expert_purity_e0,expert_purity_e1,expert_purity_e2,expert_purity_e3,expert_purity_mean,inter_expert_similarity,inter_expert_similarity_e0_e0,inter_expert_similarity_e0_e1,inter_expert_similarity_e0_e2,inter_expert_similarity_e0_e3,inter_expert_similarity_e1_e0,inter_expert_similarity_e1_e1,inter_expert_similarity_e1_e2,inter_expert_similarity_e1_e3,inter_expert_similarity_e2_e0,inter_expert_similarity_e2_e1,inter_expert_similarity_e2_e2,inter_expert_similarity_e2_e3,inter_expert_similarity_e3_e0,inter_expert_similarity_e3_e1,inter_expert_similarity_e3_e2,inter_expert_similarity_e3_e3,intra_expert_coherence_e0,intra_expert_coherence_e1,intra_expert_coherence_e2,intra_expert_coherence_e3,load_cv,load_max_min_ratio,overall_task_conflict_cos,router_entropy,router_load_e0,router_load_e1,router_load_e2,router_load_e3,task_acc__glue_rte,task_conflict_t0_t0,task_grad_norm_cv,task_loss__glue_rte,utilization_ratio
50.0,0.6267281174659729,0.629718875502008,0.635354961302036,0.5956678700361011,0.6737939880953895,1.0,0.0,0.0,0.0,0.0,0.0,1.0,1.0,1.0,1.0,1.0,-0.02923020275638406,1.0,0.0,0.0,-0.17538121653830435,0.0,1.0,0.0,0.0,0.0,0.0,1.0,0.0,-0.17538121653830435,0.0,0.0,1.0,1.0,1.0,1.0,1.0,1.0061423778533936,539246559143.0664,1.0,0.6855511527629535,0.46075350046157837,0.0,0.0,0.5392465591430664,0.5956678700361011,1.0,0.0,0.6737939880953895,0.5
100.0,0.608282744884491,0.7192771084337349,0.5711077716297064,0.6967509025270758,0.6063972032732434,1.0,0.0,0.0,0.0,0.0,0.0,1.0,1.0,1.0,1.0,1.0,-0.0105782195893529,1.0,0.0,0.0,-0.0634693175361174,0.0,1.0,0.0,0.0,0.0,0.0,1.0,0.0,-0.0634693175361174,0.0,0.0,1.0,1.0,1.0,1.0,1.0,1.007690668106079,543932497501.3733,1.0,0.6861946531151176,0.4560675024986267,0.0,0.0,0.5439324975013733,0.6967509025270758,1.0,0.0,0.6063972032732434,0.5
150.0,0.44671501219272614,0.7550200803212851,0.5466870707292587,0.7184115523465704,0.6106638751096196,1.0,0.0,0.0,0.0,0.0,0.0,1.0,1.0,1.0,1.0,1.0,-0.01123832013174744,1.0,0.0,0.0,-0.06742992079048464,0.0,1.0,0.0,0.0,0.0,0.0,1.0,0.0,-0.06742992079048464,0.0,0.0,1.0,1.0,1.0,1.0,1.0,1.0154126864179747,567198455333.7097,1.0,0.6798372681820866,0.43133464455604553,0.0,0.0014670031378045678,0.5671984553337097,0.7184115523465704,1.0,0.0,0.6106638751096196,0.5
