step,train_step_loss,train_acc,train_loss,val_acc,val_loss,router_entropy,router_load_e0,router_load_e1,router_load_e2,router_load_e3
30.0,0.5792635008692741,0.6757288708807824,0.6025268661107117,0.6699379066756044,0.6000250620215043,0.6248636271942545,0.11837294697761536,0.21131789684295654,0.6684183478355408,0.001890832674689591
50.0,0.5613368302583694,0.6847365643293287,0.5598048466930973,0.676999659731926,0.5715292837829675,0.6252497760234056,0.10266295075416565,0.2343369722366333,0.6629999876022339,0.0
