step,train_step_loss,train_acc,train_loss,val_acc,val_loss,alignment_reward,l_conflict,l_conflict_e0,l_conflict_e1,l_conflict_e2,l_conflict_e3,router_conflict_grad_l2,router_entropy,router_load_e0,router_load_e1,router_load_e2,router_load_e3
30.0,0.6010497907797496,0.6786286958718243,0.5998033101055898,0.68774593564479,0.5970385371266276,0.4721730947494507,-0.4721730947494507,-0.21774424612522125,-0.06943865865468979,-0.09732158482074738,-0.08766862004995346,0.0,0.6068481300716047,0.576201319694519,0.2736055552959442,0.027373390272259712,0.12281981110572815
50.0,0.523606354991595,0.6761507747273806,0.575845639263346,0.6683449658140419,0.5820050124639637,0.16221314668655396,-0.16221314668655396,-0.07418784499168396,-0.04216920584440231,-0.01529400609433651,-0.03056209720671177,0.0,0.6169651846090952,0.5394470691680908,0.24007844924926758,0.09105273336172104,0.12942153215408325
