step,train_step_loss,train_acc,train_loss,val_acc,val_loss,alignment_reward,l_conflict,l_conflict_e0,l_conflict_e1,l_conflict_e2,l_conflict_e3,router_conflict_grad_l2,router_entropy,router_load_e0,router_load_e1,router_load_e2,router_load_e3
30.0,0.5845786879460018,0.6376142447315944,0.6366923269109502,0.6407384814868129,0.640170378555542,0.1598081737756729,-0.1598081737756729,-0.08120724558830261,-0.04993603378534317,-0.028664901852607727,-0.0,0.0,0.5950963725508364,0.6817187666893005,0.08092252165079117,0.23529350757598877,0.0020651486702263355
50.0,0.6681153575579326,0.6893953435453543,0.6050674075934935,0.6752270889538025,0.6226392999955382,0.12927229702472687,-0.12927229702472687,-0.0622703954577446,-0.053355466574430466,-0.013646435923874378,-0.0,0.0,0.6137568685743544,0.6438698172569275,0.13167031109333038,0.2179943025112152,0.006465428974479437
