{
  "completed_jobs": 8,
  "current_phase": "",
  "elapsed_sec": 1322.8050813674927,
  "eta_sec": null,
  "failed_jobs": 0,
  "percent": 100.0,
  "started_at_epoch": 1773663824.7046278,
  "total_jobs": 8,
  "updated_at_epoch": 1773665147.5097146
}