step,train_step_loss,train_acc,train_loss,val_acc,val_loss,avg_intra_expert_coherence,expert_diversity_e0,expert_diversity_e1,expert_diversity_e2,expert_diversity_e3,expert_diversity_mean,expert_purity_e0,expert_purity_e1,expert_purity_e2,expert_purity_e3,expert_purity_mean,inter_expert_similarity,inter_expert_similarity_e0_e0,inter_expert_similarity_e0_e1,inter_expert_similarity_e0_e2,inter_expert_similarity_e0_e3,inter_expert_similarity_e1_e0,inter_expert_similarity_e1_e1,inter_expert_similarity_e1_e2,inter_expert_similarity_e1_e3,inter_expert_similarity_e2_e0,inter_expert_similarity_e2_e1,inter_expert_similarity_e2_e2,inter_expert_similarity_e2_e3,inter_expert_similarity_e3_e0,inter_expert_similarity_e3_e1,inter_expert_similarity_e3_e2,inter_expert_similarity_e3_e3,intra_expert_coherence_e0,intra_expert_coherence_e1,intra_expert_coherence_e2,intra_expert_coherence_e3,load_cv,load_max_min_ratio,overall_task_conflict_cos,router_entropy,router_load_e0,router_load_e1,router_load_e2,router_load_e3,task_acc__glue_mrpc,task_conflict_t0_t0,task_grad_norm_cv,task_loss__glue_mrpc,utilization_ratio
50.0,0.49117493629455566,0.8042529989094874,0.4292374125641325,0.8088235294117647,0.43660532195980734,1.0,0.0,0.0,0.0,0.0,0.0,1.0,1.0,1.0,1.0,1.0,0.23435740864854407,1.0,0.09940778029779253,0.3085176721637162,0.42750949962568396,0.09940778029779253,1.0,0.29575561150754803,0.3386768850755857,0.3085176721637162,0.29575561150754803,1.0,-0.06372299677906208,0.42750949962568396,0.3386768850755857,-0.06372299677906208,1.0,1.0,1.0,1.0,1.0,0.7081910371780396,5.643874453217622,1.0,1.1337073433632945,0.12782005965709686,0.5441585183143616,0.09641577303409576,0.2316056489944458,0.8088235294117647,1.0,0.0,0.43660532195980734,0.75
100.0,0.24728450924158096,0.8830425299890948,0.26457981765270233,0.8627450980392157,0.3181603360348023,1.0,0.0,0.0,0.0,0.0,0.0,1.0,1.0,1.0,1.0,1.0,-0.07897932285910064,1.0,0.04585181687086845,-0.1406095841730704,0.07153676105510916,0.04585181687086845,1.0,-0.2951298765233239,-0.3130681021606929,-0.1406095841730704,-0.2951298765233239,1.0,0.1575430477765057,0.07153676105510916,-0.3130681021606929,0.1575430477765057,1.0,1.0,1.0,1.0,1.0,0.7512702793640065,5.418288900915788,1.0,1.101741687924254,0.10399223864078522,0.5634599924087524,0.10501141846179962,0.22753632068634033,0.8627450980392157,1.0,0.0,0.3181603360348023,0.5
