step,train_step_loss,train_acc,train_loss,val_acc,val_loss,avg_intra_expert_coherence,expert_diversity_e0,expert_diversity_e1,expert_diversity_e2,expert_diversity_e3,expert_diversity_mean,expert_purity_e0,expert_purity_e1,expert_purity_e2,expert_purity_e3,expert_purity_mean,inter_expert_similarity,inter_expert_similarity_e0_e0,inter_expert_similarity_e0_e1,inter_expert_similarity_e0_e2,inter_expert_similarity_e0_e3,inter_expert_similarity_e1_e0,inter_expert_similarity_e1_e1,inter_expert_similarity_e1_e2,inter_expert_similarity_e1_e3,inter_expert_similarity_e2_e0,inter_expert_similarity_e2_e1,inter_expert_similarity_e2_e2,inter_expert_similarity_e2_e3,inter_expert_similarity_e3_e0,inter_expert_similarity_e3_e1,inter_expert_similarity_e3_e2,inter_expert_similarity_e3_e3,intra_expert_coherence_e0,intra_expert_coherence_e1,intra_expert_coherence_e2,intra_expert_coherence_e3,load_cv,load_max_min_ratio,overall_task_conflict_cos,router_entropy,router_load_e0,router_load_e1,router_load_e2,router_load_e3,task_acc__glue_sst2,task_conflict_t0_t0,task_grad_norm_cv,task_loss__glue_sst2,utilization_ratio
50.0,0.8068074882030487,0.5578256544269403,0.7138012428252544,0.5091743119266054,0.7483679771423339,1.0,0.0,0.0,0.0,0.0,0.0,1.0,1.0,1.0,1.0,1.0,-0.00983121921301885,1.0,0.0,0.0,0.0,0.0,1.0,-0.0589873152781131,0.0,0.0,-0.0589873152781131,1.0,0.0,0.0,0.0,0.0,1.0,1.0,1.0,1.0,1.0,1.011586430451019,553975641727.4475,1.0,0.6873090518723934,0.0,0.5539756417274475,0.4460241198539734,0.0,0.5091743119266054,1.0,0.0,0.7483679771423339,0.5
100.0,0.656061589717865,0.5578256544269403,0.6882386876752428,0.5091743119266054,0.7055228200825778,1.0,0.0,0.0,0.0,0.0,0.0,1.0,1.0,1.0,1.0,1.0,-0.019033803973832353,1.0,0.0,0.0,0.0,0.0,1.0,-0.11420282384299411,0.0,0.0,-0.11420282384299411,1.0,0.0,0.0,0.0,0.0,1.0,1.0,1.0,1.0,1.0,1.0060876615151955,539070963859.5581,1.0,0.6900909750833424,0.0,0.5390709638595581,0.46092891693115234,0.0,0.5091743119266054,1.0,0.0,0.7055228200825778,0.5
150.0,0.7064688801765442,0.5578256544269403,0.6866177899112611,0.5091743119266054,0.6997802739793604,1.0,0.0,0.0,0.0,0.0,0.0,1.0,1.0,1.0,1.0,1.0,-0.036078577482220535,1.0,0.0,-0.2164714648933232,0.0,0.0,1.0,0.0,0.0,-0.2164714648933232,0.0,1.0,0.0,0.0,0.0,0.0,1.0,1.0,1.0,1.0,1.0,1.000657201205016,512819170951.84326,1.0,0.6928185426860775,0.48718026280403137,0.0,0.5128191709518433,0.0,0.5091743119266054,1.0,0.0,0.6997802739793604,0.5
