step,train_step_loss,train_acc,train_loss,val_acc,val_loss,avg_intra_expert_coherence,expert_diversity_e0,expert_diversity_e1,expert_diversity_e2,expert_diversity_e3,expert_diversity_mean,expert_purity_e0,expert_purity_e1,expert_purity_e2,expert_purity_e3,expert_purity_mean,inter_expert_similarity,inter_expert_similarity_e0_e0,inter_expert_similarity_e0_e1,inter_expert_similarity_e0_e2,inter_expert_similarity_e0_e3,inter_expert_similarity_e1_e0,inter_expert_similarity_e1_e1,inter_expert_similarity_e1_e2,inter_expert_similarity_e1_e3,inter_expert_similarity_e2_e0,inter_expert_similarity_e2_e1,inter_expert_similarity_e2_e2,inter_expert_similarity_e2_e3,inter_expert_similarity_e3_e0,inter_expert_similarity_e3_e1,inter_expert_similarity_e3_e2,inter_expert_similarity_e3_e3,intra_expert_coherence_e0,intra_expert_coherence_e1,intra_expert_coherence_e2,intra_expert_coherence_e3,load_cv,load_max_min_ratio,overall_task_conflict_cos,router_entropy,router_load_e0,router_load_e1,router_load_e2,router_load_e3,task_acc__glue_sst2,task_conflict_t0_t0,task_grad_norm_cv,task_loss__glue_sst2,utilization_ratio
50.0,1.1477834582328796,0.44217434557305973,0.8010500163087653,0.4908256880733945,0.7653842270374298,1.0,0.0,0.0,0.0,0.0,0.0,1.0,1.0,1.0,1.0,1.0,0.08051711216503797,1.0,0.0,0.0,0.0,0.0,1.0,0.0,0.48310267299022785,0.0,0.0,1.0,0.0,0.0,0.48310267299022785,0.0,1.0,1.0,1.0,1.0,1.0,1.004845499414742,534846723079.6814,1.0,0.6907166898797411,0.0,0.46515342593193054,0.0,0.5348467230796814,0.4908256880733945,1.0,0.0,0.7653842270374298,0.5
100.0,0.7216541171073914,0.5578256544269403,0.6901137490312164,0.5091743119266054,0.7098251283168793,1.0,0.0,0.0,0.0,0.0,0.0,1.0,1.0,1.0,1.0,1.0,0.038401308531531675,1.0,0.0,0.0,0.0,0.0,1.0,0.0,0.23040785118919005,0.0,0.0,1.0,0.0,0.0,0.23040785118919005,0.0,1.0,1.0,1.0,1.0,1.0,1.0268669128417969,582504391670.227,1.0,0.6794706615832967,0.0,0.41749557852745056,0.0,0.582504391670227,0.5091743119266054,1.0,0.0,0.7098251283168793,0.5
150.0,0.6954455971717834,0.5578256544269403,0.6920951380228486,0.5091743119266054,0.69301976128058,1.0,0.0,0.0,0.0,0.0,0.0,1.0,1.0,1.0,1.0,1.0,0.04387065720432656,1.0,0.0,0.0,0.0,0.0,1.0,0.0,0.2632239432259594,0.0,0.0,1.0,0.0,0.0,0.2632239432259594,0.0,1.0,1.0,1.0,1.0,1.0,1.0479455051357156,610786676406.8604,1.0,0.668394703930671,0.0,0.3892132341861725,0.0,0.6107866764068604,0.5091743119266054,1.0,0.0,0.69301976128058,0.5
