{
  "completed_jobs": 7,
  "current_phase": "",
  "elapsed_sec": 1198.6207411289215,
  "eta_sec": null,
  "failed_jobs": 0,
  "percent": 100.0,
  "started_at_epoch": 1773809087.411972,
  "total_jobs": 7,
  "updated_at_epoch": 1773810286.032716
}