step,train_step_loss,train_acc,train_loss,val_acc,val_loss,avg_intra_expert_coherence,expert_diversity_e0,expert_diversity_e1,expert_diversity_e2,expert_diversity_e3,expert_diversity_mean,expert_purity_e0,expert_purity_e1,expert_purity_e2,expert_purity_e3,expert_purity_mean,inter_expert_similarity,inter_expert_similarity_e0_e0,inter_expert_similarity_e0_e1,inter_expert_similarity_e0_e2,inter_expert_similarity_e0_e3,inter_expert_similarity_e1_e0,inter_expert_similarity_e1_e1,inter_expert_similarity_e1_e2,inter_expert_similarity_e1_e3,inter_expert_similarity_e2_e0,inter_expert_similarity_e2_e1,inter_expert_similarity_e2_e2,inter_expert_similarity_e2_e3,inter_expert_similarity_e3_e0,inter_expert_similarity_e3_e1,inter_expert_similarity_e3_e2,inter_expert_similarity_e3_e3,intra_expert_coherence_e0,intra_expert_coherence_e1,intra_expert_coherence_e2,intra_expert_coherence_e3,load_cv,load_max_min_ratio,overall_task_conflict_cos,router_entropy,router_load_e0,router_load_e1,router_load_e2,router_load_e3,task_acc__glue_rte,task_conflict_t0_t0,task_grad_norm_cv,task_loss__glue_rte,utilization_ratio
50.0,0.5419839918613434,0.5646586345381526,0.673951193346427,0.5631768953068592,0.671517378754086,1.0,0.0,0.0,0.0,0.0,0.0,1.0,1.0,1.0,1.0,1.0,0.0002942227851227797,1.0,0.001765336710736678,0.0,0.0,0.001765336710736678,1.0,0.0,0.0,0.0,0.0,1.0,0.0,0.0,0.0,0.0,1.0,1.0,1.0,1.0,1.0,0.9976340532302856,375.4189447865394,1.0,0.6885194700977862,0.5365447998046875,0.4592694938182831,0.0014291894622147083,0.0027565215714275837,0.5631768953068592,1.0,0.0,0.671517378754086,0.5
100.0,0.6972008645534515,0.6598393574297189,0.646186995296142,0.6245487364620939,0.6579010155465868,1.0,0.0,0.0,0.0,0.0,0.0,1.0,1.0,1.0,1.0,1.0,0.002964431024135962,1.0,0.01778658614481577,0.0,0.0,0.01778658614481577,1.0,0.0,0.0,0.0,0.0,1.0,0.0,0.0,0.0,0.0,1.0,1.0,1.0,1.0,1.0,1.0366643710928405,596613228321.0754,1.0,0.6707158906365129,0.5966132283210754,0.4033866822719574,0.0,0.0,0.6245487364620939,1.0,0.0,0.6579010155465868,0.5
150.0,0.6553628444671631,0.7477911646586345,0.5696331926836417,0.6967509025270758,0.6087738697727522,1.0,0.0,0.0,0.0,0.0,0.0,1.0,1.0,1.0,1.0,1.0,0.004470869798257195,1.0,0.026825218789543172,0.0,0.0,0.026825218789543172,1.0,0.0,0.0,0.0,0.0,1.0,0.0,0.0,0.0,0.0,1.0,1.0,1.0,1.0,1.0,1.1548231840133667,709270119667.0532,1.0,0.5759918879085499,0.7092701196670532,0.2833470106124878,0.0,0.00738285668194294,0.6967509025270758,1.0,0.0,0.6087738697727522,0.5
