{
  "completed_jobs": 658,
  "current_phase": "ours:coord:method.ours.lambda_align",
  "elapsed_sec": 130805.34409427643,
  "eta_sec": 4771.015590064794,
  "failed_jobs": 0,
  "percent": 96.48093841642229,
  "started_at_epoch": 1773995166.3304265,
  "total_jobs": 682,
  "updated_at_epoch": 1774125971.674525
}