step,train_step_loss,train_acc,train_loss,val_acc,val_loss,avg_intra_expert_coherence,expert_diversity_e0,expert_diversity_e1,expert_diversity_e2,expert_diversity_e3,expert_diversity_mean,expert_purity_e0,expert_purity_e1,expert_purity_e2,expert_purity_e3,expert_purity_mean,inter_expert_similarity,inter_expert_similarity_e0_e0,inter_expert_similarity_e0_e1,inter_expert_similarity_e0_e2,inter_expert_similarity_e0_e3,inter_expert_similarity_e1_e0,inter_expert_similarity_e1_e1,inter_expert_similarity_e1_e2,inter_expert_similarity_e1_e3,inter_expert_similarity_e2_e0,inter_expert_similarity_e2_e1,inter_expert_similarity_e2_e2,inter_expert_similarity_e2_e3,inter_expert_similarity_e3_e0,inter_expert_similarity_e3_e1,inter_expert_similarity_e3_e2,inter_expert_similarity_e3_e3,intra_expert_coherence_e0,intra_expert_coherence_e1,intra_expert_coherence_e2,intra_expert_coherence_e3,load_cv,load_max_min_ratio,overall_task_conflict_cos,router_entropy,router_load_e0,router_load_e1,router_load_e2,router_load_e3,task_acc__glue_rte,task_conflict_t0_t0,task_grad_norm_cv,task_loss__glue_rte,utilization_ratio
50.0,0.5900233089923859,0.6224899598393574,0.6581060261107408,0.6101083032490975,0.6615421970685323,1.0,0.0,0.0,0.0,0.0,0.0,1.0,1.0,1.0,1.0,1.0,0.058688504062731926,1.0,0.0,0.0,0.0,0.0,1.0,0.35213102437639154,0.0,0.0,0.35213102437639154,1.0,0.0,0.0,0.0,0.0,1.0,1.0,1.0,1.0,1.0,0.981061577796936,522276699542.99927,1.0,0.6912537395738952,0.01111429464071989,0.46660903096199036,0.5222766995429993,0.0,0.6101083032490975,1.0,0.0,0.6615421970685323,0.5
100.0,0.6309948861598969,0.7156626506024096,0.5972375657122868,0.6714801444043321,0.6341506656673219,1.0,0.0,0.0,0.0,0.0,0.0,1.0,1.0,1.0,1.0,1.0,0.058065766168666426,1.0,0.0,0.0,0.0,0.0,1.0,0.34839459701199854,0.0,0.0,0.34839459701199854,1.0,0.0,0.0,0.0,0.0,1.0,1.0,1.0,1.0,1.0,1.0004864931106567,539636969566.3452,1.0,0.6893245175427047,0.0031702914275228977,0.4571927487850189,0.5396369695663452,0.0,0.6714801444043321,1.0,0.0,0.6341506656673219,0.5
150.0,0.5976639688014984,0.7461847389558233,0.5967530090839435,0.6606498194945848,0.6251230670346154,1.0,0.0,0.0,0.0,0.0,0.0,1.0,1.0,1.0,1.0,1.0,0.050422592868285925,1.0,0.0,0.0,0.0,0.0,1.0,0.30253555720971553,0.0,0.0,0.30253555720971553,1.0,0.0,0.0,0.0,0.0,1.0,1.0,1.0,1.0,1.0,1.0013474225997925,518360257148.7427,1.0,0.6920259377586282,0.0,0.48163971304893494,0.5183602571487427,0.0,0.6606498194945848,1.0,0.0,0.6251230670346154,0.5
