step,train_step_loss,train_acc,train_loss,val_acc,val_loss,avg_intra_expert_coherence,expert_diversity_e0,expert_diversity_e1,expert_diversity_e2,expert_diversity_e3,expert_diversity_mean,expert_purity_e0,expert_purity_e1,expert_purity_e2,expert_purity_e3,expert_purity_mean,inter_expert_similarity,inter_expert_similarity_e0_e0,inter_expert_similarity_e0_e1,inter_expert_similarity_e0_e2,inter_expert_similarity_e0_e3,inter_expert_similarity_e1_e0,inter_expert_similarity_e1_e1,inter_expert_similarity_e1_e2,inter_expert_similarity_e1_e3,inter_expert_similarity_e2_e0,inter_expert_similarity_e2_e1,inter_expert_similarity_e2_e2,inter_expert_similarity_e2_e3,inter_expert_similarity_e3_e0,inter_expert_similarity_e3_e1,inter_expert_similarity_e3_e2,inter_expert_similarity_e3_e3,intra_expert_coherence_e0,intra_expert_coherence_e1,intra_expert_coherence_e2,intra_expert_coherence_e3,load_cv,load_max_min_ratio,overall_task_conflict_cos,router_entropy,router_load_e0,router_load_e1,router_load_e2,router_load_e3,task_acc__glue_mrpc,task_conflict_t0_t0,task_grad_norm_cv,task_loss__glue_mrpc,utilization_ratio
50.0,0.5224685072898865,0.6744820065430752,0.6310336571672689,0.6838235294117647,0.6256049596346341,1.0,0.0,0.0,0.0,0.0,0.0,1.0,1.0,1.0,1.0,1.0,-0.019604222169741278,1.0,0.0,0.0,0.0,0.0,1.0,-0.11762533301844766,0.0,0.0,-0.11762533301844766,1.0,0.0,0.0,0.0,0.0,1.0,1.0,1.0,1.0,1.0,1.2217001914978027,748130857944.4885,1.0,0.5643792152404785,0.0,0.7481308579444885,0.2518691420555115,0.0,0.6838235294117647,1.0,0.0,0.6256049596346341,0.5
100.0,0.6938305497169495,0.6744820065430752,0.6304424953849419,0.6838235294117647,0.6255465808969277,1.0,0.0,0.0,0.0,0.0,0.0,1.0,1.0,1.0,1.0,1.0,-0.01576572725066083,1.0,0.0,0.0,0.0,0.0,1.0,-0.09459436350396498,0.0,0.0,-0.09459436350396498,1.0,0.0,0.0,0.0,0.0,1.0,1.0,1.0,1.0,1.0,1.0702725648880005,634853303432.4646,1.0,0.6563220690278446,0.0,0.6348533034324646,0.365146666765213,0.0,0.6838235294117647,1.0,0.0,0.6255465808969277,0.5
150.0,0.6595407724380493,0.6744820065430752,0.6327569423810295,0.6838235294117647,0.6266386887201896,1.0,0.0,0.0,0.0,0.0,0.0,1.0,1.0,1.0,1.0,1.0,-0.03559859326997799,1.0,0.0,0.0,0.0,0.0,1.0,-0.21359155961986792,0.0,0.0,-0.21359155961986792,1.0,0.0,0.0,0.0,0.0,1.0,1.0,1.0,1.0,1.0,1.007243870825306,542632460594.17725,1.0,0.6895077988213184,0.0,0.5426324605941772,0.4573676288127899,0.0,0.6838235294117647,1.0,0.0,0.6266386887201896,0.5
