step,train_step_loss,train_acc,train_loss,val_acc,val_loss,avg_intra_expert_coherence,expert_diversity_e0,expert_diversity_e1,expert_diversity_e2,expert_diversity_e3,expert_diversity_mean,expert_purity_e0,expert_purity_e1,expert_purity_e2,expert_purity_e3,expert_purity_mean,inter_expert_similarity,inter_expert_similarity_e0_e0,inter_expert_similarity_e0_e1,inter_expert_similarity_e0_e2,inter_expert_similarity_e0_e3,inter_expert_similarity_e1_e0,inter_expert_similarity_e1_e1,inter_expert_similarity_e1_e2,inter_expert_similarity_e1_e3,inter_expert_similarity_e2_e0,inter_expert_similarity_e2_e1,inter_expert_similarity_e2_e2,inter_expert_similarity_e2_e3,inter_expert_similarity_e3_e0,inter_expert_similarity_e3_e1,inter_expert_similarity_e3_e2,inter_expert_similarity_e3_e3,intra_expert_coherence_e0,intra_expert_coherence_e1,intra_expert_coherence_e2,intra_expert_coherence_e3,load_cv,load_max_min_ratio,overall_task_conflict_cos,router_entropy,router_load_e0,router_load_e1,router_load_e2,router_load_e3,task_acc__glue_mrpc,task_conflict_t0_t0,task_grad_norm_cv,task_loss__glue_mrpc,utilization_ratio
50.0,0.5731874704360962,0.6744820065430752,0.6314669647942419,0.6838235294117647,0.6269933054080377,1.0,0.0,0.0,0.0,0.0,0.0,1.0,1.0,1.0,1.0,1.0,0.030268102841963972,1.0,0.0,0.0,0.0,0.0,1.0,0.18160861705178383,0.0,0.0,0.18160861705178383,1.0,0.0,0.0,0.0,0.0,1.0,1.0,1.0,1.0,1.0,1.0757391633365543,640184819698.3337,1.0,0.6533117294311523,0.0,0.6401848196983337,0.35981497168540955,0.0,0.6838235294117647,1.0,0.0,0.6269933054080377,0.5
100.0,0.6595868766307831,0.6744820065430752,0.6524443036836126,0.6838235294117647,0.6495677461990943,1.0,0.0,0.0,0.0,0.0,0.0,1.0,1.0,1.0,1.0,1.0,-0.021335505398796705,1.0,0.0,0.0,0.0,0.0,1.0,-0.12801303239278022,0.0,0.0,-0.12801303239278022,1.0,0.0,0.0,0.0,0.0,1.0,1.0,1.0,1.0,1.0,1.130702018737793,686576783657.074,1.0,0.6218123985271827,0.0,0.686576783657074,0.313423216342926,0.0,0.6838235294117647,1.0,0.0,0.6495677461990943,0.5
150.0,0.6211899220943451,0.6744820065430752,0.6310567566882009,0.6838235294117647,0.6248442496244724,1.0,0.0,0.0,0.0,0.0,0.0,1.0,1.0,1.0,1.0,1.0,0.041125677664196156,1.0,0.0,0.0,0.0,0.0,1.0,0.24675406598517693,0.0,0.0,0.24675406598517693,1.0,0.0,0.0,0.0,0.0,1.0,1.0,1.0,1.0,1.0,1.1804821822728242,721793651580.8105,1.0,0.591251790523529,0.0,0.7217936515808105,0.27820682525634766,0.0,0.6838235294117647,1.0,0.0,0.6248442496244724,0.5
