step,train_step_loss,train_acc,train_loss,val_acc,val_loss,alignment_reward,l_conflict,l_conflict_e0,l_conflict_e1,l_conflict_e2,l_conflict_e3,router_conflict_grad_l2,router_entropy,router_load_e0,router_load_e1,router_load_e2,router_load_e3
5.0,0.6519726167122524,0.6249271172965266,0.6779865977165559,0.6143736413794393,0.6856851888236449,0.385448157787323,-0.385448157787323,-0.006084624212235212,-0.18609990179538727,-0.024970928207039833,-0.16829268634319305,0.0,1.2307657093085624,0.0778811052441597,0.3598783612251282,0.18434134125709534,0.3778991103172302
