step,train_step_loss,train_acc,train_loss,val_acc,val_loss,avg_intra_expert_coherence,expert_diversity_e0,expert_diversity_e1,expert_diversity_e2,expert_diversity_e3,expert_diversity_mean,expert_purity_e0,expert_purity_e1,expert_purity_e2,expert_purity_e3,expert_purity_mean,inter_expert_similarity,inter_expert_similarity_e0_e0,inter_expert_similarity_e0_e1,inter_expert_similarity_e0_e2,inter_expert_similarity_e0_e3,inter_expert_similarity_e1_e0,inter_expert_similarity_e1_e1,inter_expert_similarity_e1_e2,inter_expert_similarity_e1_e3,inter_expert_similarity_e2_e0,inter_expert_similarity_e2_e1,inter_expert_similarity_e2_e2,inter_expert_similarity_e2_e3,inter_expert_similarity_e3_e0,inter_expert_similarity_e3_e1,inter_expert_similarity_e3_e2,inter_expert_similarity_e3_e3,intra_expert_coherence_e0,intra_expert_coherence_e1,intra_expert_coherence_e2,intra_expert_coherence_e3,load_cv,load_max_min_ratio,overall_task_conflict_cos,router_entropy,router_load_e0,router_load_e1,router_load_e2,router_load_e3,task_acc__glue_mrpc,task_conflict_t0_t0,task_grad_norm_cv,task_loss__glue_mrpc,utilization_ratio
50.0,0.48269373178482056,0.7639040348964014,0.4723365269925283,0.7867647058823529,0.4625530821772722,1.0,0.0,0.0,0.0,0.0,0.0,1.0,1.0,1.0,1.0,1.0,0.027546807963000592,1.0,0.0,0.0,0.0,0.0,1.0,0.16528084777800356,0.0,0.0,0.16528084777800356,1.0,0.0,0.0,0.0,0.0,1.0,1.0,1.0,1.0,1.0,0.9914469718933105,500801920890.8081,1.0,0.6847794792231392,0.004303444176912308,0.5008019208908081,0.4948946237564087,0.0,0.7867647058823529,1.0,0.0,0.4625530821772722,0.5
100.0,0.5899243652820587,0.8448745910577972,0.3716411099566714,0.8112745098039216,0.3848827469091003,1.0,0.0,0.0,0.0,0.0,0.0,1.0,1.0,1.0,1.0,1.0,0.022238823080830947,1.0,0.0,0.0,0.0,0.0,1.0,0.1334329384849857,0.0,0.0,0.1334329384849857,1.0,0.0,0.0,0.0,0.0,1.0,1.0,1.0,1.0,1.0,1.0069570541381836,541776835918.4265,1.0,0.6760262776823605,0.0,0.4582231640815735,0.5417768359184265,0.0,0.8112745098039216,1.0,0.0,0.3848827469091003,0.5
150.0,0.4381183236837387,0.8620501635768811,0.35370967794695624,0.8627450980392157,0.35414648657807934,1.0,0.0,0.0,0.0,0.0,0.0,1.0,1.0,1.0,1.0,1.0,0.018895852829144966,1.0,0.0,0.0,0.0,0.0,1.0,0.1133751169748698,0.0,0.0,0.1133751169748698,1.0,0.0,0.0,0.0,0.0,1.0,1.0,1.0,1.0,1.0,1.0145536661148071,560538411140.4419,1.0,0.6768982983102986,0.0,0.4394615888595581,0.5605384111404419,0.0,0.8627450980392157,1.0,0.0,0.35414648657807934,0.5
