method,seed,step,router_entropy,router_load_e0,router_load_e1,router_load_e2,router_load_e3
ablation,1,1.0,1.3282894737580244,0.1365962028503418,0.2655481696128845,0.3422505557537079,0.2556050717830658
