step,train_step_loss,train_acc,train_loss,val_acc,val_loss,avg_intra_expert_coherence,expert_diversity_e0,expert_diversity_e1,expert_diversity_e2,expert_diversity_e3,expert_diversity_mean,expert_purity_e0,expert_purity_e1,expert_purity_e2,expert_purity_e3,expert_purity_mean,inter_expert_similarity,inter_expert_similarity_e0_e0,inter_expert_similarity_e0_e1,inter_expert_similarity_e0_e2,inter_expert_similarity_e0_e3,inter_expert_similarity_e1_e0,inter_expert_similarity_e1_e1,inter_expert_similarity_e1_e2,inter_expert_similarity_e1_e3,inter_expert_similarity_e2_e0,inter_expert_similarity_e2_e1,inter_expert_similarity_e2_e2,inter_expert_similarity_e2_e3,inter_expert_similarity_e3_e0,inter_expert_similarity_e3_e1,inter_expert_similarity_e3_e2,inter_expert_similarity_e3_e3,intra_expert_coherence_e0,intra_expert_coherence_e1,intra_expert_coherence_e2,intra_expert_coherence_e3,load_cv,load_max_min_ratio,overall_task_conflict_cos,router_entropy,router_load_e0,router_load_e1,router_load_e2,router_load_e3,task_acc__glue_mrpc,task_conflict_t0_t0,task_grad_norm_cv,task_loss__glue_mrpc,utilization_ratio
50.0,0.507954865694046,0.6744820065430752,0.6319414800275927,0.6838235294117647,0.626945340862641,1.0,0.0,0.0,0.0,0.0,0.0,1.0,1.0,1.0,1.0,1.0,0.00978985090065022,1.0,0.0,0.0,0.0,0.0,1.0,0.0,0.05873910540390132,0.0,0.0,1.0,0.0,0.0,0.05873910540390132,0.0,1.0,1.0,1.0,1.0,1.0,1.365648865699768,828823029994.9646,1.0,0.4577476890648113,0.0,0.1711769998073578,0.0,0.8288230299949646,0.6838235294117647,1.0,0.0,0.626945340862641,0.5
100.0,0.6707969605922699,0.6744820065430752,0.6426790548407513,0.6838235294117647,0.6398084473151427,1.0,0.0,0.0,0.0,0.0,0.0,1.0,1.0,1.0,1.0,1.0,0.007652174451753517,1.0,0.0,0.0,0.0459130467105211,0.0,1.0,0.0,0.0,0.0,0.0,1.0,0.0,0.0459130467105211,0.0,0.0,1.0,1.0,1.0,1.0,1.0,1.333276073131093,811774075031.2805,1.0,0.48364022724768696,0.18822582066059113,0.0,0.0,0.8117740750312805,0.6838235294117647,1.0,0.0,0.6398084473151427,0.5
150.0,0.6641503572463989,0.6744820065430752,0.6319691372954327,0.6838235294117647,0.6251111150934145,1.0,0.0,0.0,0.0,0.0,0.0,1.0,1.0,1.0,1.0,1.0,0.01174069978081483,1.0,0.0,0.0,0.0,0.0,1.0,0.0,0.0,0.0,0.0,1.0,0.07044419868488898,0.0,0.0,0.07044419868488898,1.0,1.0,1.0,1.0,1.0,1.4944213065974077,892635047435.7605,1.0,0.34097158558228435,0.0,0.0,0.10736556351184845,0.8926350474357605,0.6838235294117647,1.0,0.0,0.6251111150934145,0.25
