step,train_step_loss,train_acc,train_loss,val_acc,val_loss,avg_intra_expert_coherence,expert_diversity_e0,expert_diversity_e1,expert_diversity_e2,expert_diversity_e3,expert_diversity_mean,expert_purity_e0,expert_purity_e1,expert_purity_e2,expert_purity_e3,expert_purity_mean,inter_expert_similarity,inter_expert_similarity_e0_e0,inter_expert_similarity_e0_e1,inter_expert_similarity_e0_e2,inter_expert_similarity_e0_e3,inter_expert_similarity_e1_e0,inter_expert_similarity_e1_e1,inter_expert_similarity_e1_e2,inter_expert_similarity_e1_e3,inter_expert_similarity_e2_e0,inter_expert_similarity_e2_e1,inter_expert_similarity_e2_e2,inter_expert_similarity_e2_e3,inter_expert_similarity_e3_e0,inter_expert_similarity_e3_e1,inter_expert_similarity_e3_e2,inter_expert_similarity_e3_e3,intra_expert_coherence_e0,intra_expert_coherence_e1,intra_expert_coherence_e2,intra_expert_coherence_e3,load_cv,load_max_min_ratio,overall_task_conflict_cos,router_entropy,router_load_e0,router_load_e1,router_load_e2,router_load_e3,task_acc__glue_mrpc,task_conflict_t0_t0,task_grad_norm_cv,task_loss__glue_mrpc,utilization_ratio
50.0,0.5694500356912613,0.6744820065430752,0.6321433860322704,0.6838235294117647,0.6278496504976199,1.0,0.0,0.0,0.0,0.0,0.0,1.0,1.0,1.0,1.0,1.0,0.009445719226044497,1.0,0.056674315356266984,0.0,0.0,0.056674315356266984,1.0,0.0,0.0,0.0,0.0,1.0,0.0,0.0,0.0,0.0,1.0,1.0,1.0,1.0,1.0,1.0165941695458687,564675748348.2361,1.0,0.6847578310499004,0.43532440066337585,0.5646757483482361,0.0,0.0,0.6838235294117647,1.0,0.0,0.6278496504976199,0.5
100.0,0.6605362296104431,0.6744820065430752,0.6359296229222546,0.6838235294117647,0.6308034177009876,1.0,0.0,0.0,0.0,0.0,0.0,1.0,1.0,1.0,1.0,1.0,0.010103767012758162,1.0,0.06062260207654897,0.0,0.0,0.06062260207654897,1.0,0.0,0.0,0.0,0.0,1.0,0.0,0.0,0.0,0.0,1.0,1.0,1.0,1.0,1.0,1.000004768371582,501092970371.24634,1.0,0.6931447982788086,0.5010929703712463,0.49890705943107605,0.0,0.0,0.6838235294117647,1.0,0.0,0.6308034177009876,0.5
150.0,0.6259867548942566,0.6744820065430752,0.6325383412449256,0.6838235294117647,0.6257113103683178,1.0,0.0,0.0,0.0,0.0,0.0,1.0,1.0,1.0,1.0,1.0,0.009453270673927624,1.0,0.056719624043565744,0.0,0.0,0.056719624043565744,1.0,0.0,0.0,0.0,0.0,1.0,0.0,0.0,0.0,0.0,1.0,1.0,1.0,1.0,1.0,1.0349403619766235,594274580478.6682,1.0,0.6752648423699772,0.5942745804786682,0.4057253897190094,0.0,0.0,0.6838235294117647,1.0,0.0,0.6257113103683178,0.5
