step,train_step_loss,train_acc,train_loss,val_acc,val_loss,router_entropy,router_load_e0,router_load_e1,router_load_e2,router_load_e3
30.0,0.6728629767894745,0.6244026530669288,0.6737515172941616,0.61527996341366,0.6753832155489489,0.4559315609297267,0.8290579319000244,0.0,0.0,0.17094194889068604
50.0,0.6707630058129629,0.625745881252294,0.6680160634234481,0.6160076283075439,0.6762915914871783,0.5974580987046162,0.7146114110946655,0.0,0.0,0.28538861870765686
