step,train_step_loss,train_acc,train_loss,val_acc,val_loss,router_entropy,router_load_e0,router_load_e1,router_load_e2,router_load_e3
30.0,0.6702927748362223,0.6219709060234074,0.6546515391723301,0.6133759066585469,0.6614310031804672,0.5562662467084549,0.10832823067903519,0.02918674796819687,0.7360996007919312,0.12638559937477112
50.0,0.6423665086428324,0.6297130746438503,0.6441467020598166,0.6154847526036639,0.649621585711715,0.5594674402640926,0.11864890903234482,0.02975962497293949,0.7337918877601624,0.11779960989952087
