step,train_step_loss,train_acc,train_loss,val_acc,val_loss,router_entropy,router_load_e0,router_load_e1,router_load_e2,router_load_e3
30.0,0.6504357755184174,0.6141966132949389,0.6568996547931985,0.6144465515229909,0.6604529502995062,0.6721464795646844,0.21632449328899384,0.1108521819114685,0.27034813165664673,0.4024752080440521
50.0,0.5868624895811081,0.6423761208717143,0.6338527046150103,0.6410021915064735,0.6374234193503177,0.6728893431524435,0.21662932634353638,0.09899326413869858,0.3005375564098358,0.3838399648666382
