step,train_step_loss,train_acc,train_loss,val_acc,val_loss,avg_intra_expert_coherence,expert_diversity_e0,expert_diversity_e1,expert_diversity_e2,expert_diversity_e3,expert_diversity_mean,expert_purity_e0,expert_purity_e1,expert_purity_e2,expert_purity_e3,expert_purity_mean,inter_expert_similarity,inter_expert_similarity_e0_e0,inter_expert_similarity_e0_e1,inter_expert_similarity_e0_e2,inter_expert_similarity_e0_e3,inter_expert_similarity_e1_e0,inter_expert_similarity_e1_e1,inter_expert_similarity_e1_e2,inter_expert_similarity_e1_e3,inter_expert_similarity_e2_e0,inter_expert_similarity_e2_e1,inter_expert_similarity_e2_e2,inter_expert_similarity_e2_e3,inter_expert_similarity_e3_e0,inter_expert_similarity_e3_e1,inter_expert_similarity_e3_e2,inter_expert_similarity_e3_e3,intra_expert_coherence_e0,intra_expert_coherence_e1,intra_expert_coherence_e2,intra_expert_coherence_e3,load_cv,load_max_min_ratio,overall_task_conflict_cos,router_entropy,router_load_e0,router_load_e1,router_load_e2,router_load_e3,task_acc__glue_rte,task_conflict_t0_t0,task_grad_norm_cv,task_loss__glue_rte,utilization_ratio
50.0,0.6794144511222839,0.5859437751004016,0.6710698069670261,0.5848375451263538,0.6902335633834203,1.0,0.0,0.0,0.0,0.0,0.0,1.0,1.0,1.0,1.0,1.0,0.00824374012062525,1.0,0.0,0.0,0.0,0.0,1.0,0.0,0.0494624407237515,0.0,0.0,1.0,0.0,0.0,0.0494624407237515,0.0,1.0,1.0,1.0,1.0,1.0,1.013743283002768,558816790580.7495,1.0,0.6850455805713089,0.0,0.5588167905807495,0.0,0.44118309020996094,0.5848375451263538,1.0,0.0,0.6902335633834203,0.5
100.0,0.6245416104793549,0.6871485943775101,0.5995724234730005,0.6462093862815884,0.6408963426947594,1.0,0.0,0.0,0.0,0.0,0.0,1.0,1.0,1.0,1.0,1.0,-0.010549822102539614,1.0,0.0,0.0,0.0,0.0,1.0,0.0,-0.06329893261523768,0.0,0.0,1.0,0.0,0.0,-0.06329893261523768,0.0,1.0,1.0,1.0,1.0,1.0,1.009958504443347,555751740932.4646,1.0,0.6834185028764745,0.0013687947066500783,0.5557517409324646,0.0,0.4428795278072357,0.6462093862815884,1.0,0.0,0.6408963426947594,0.5
150.0,0.5807510018348694,0.751004016064257,0.5554998113367802,0.6678700361010831,0.6081158891320229,1.0,0.0,0.0,0.0,0.0,0.0,1.0,1.0,1.0,1.0,1.0,-0.0460305960987382,1.0,0.0,0.0,0.0,0.0,1.0,0.0,-0.2761835765924292,0.0,0.0,1.0,0.0,0.0,-0.2761835765924292,0.0,1.0,1.0,1.0,1.0,1.0,1.006463528449956,540262877941.1316,1.0,0.6875067652347716,0.0,0.5402628779411316,0.0,0.45973700284957886,0.6678700361010831,1.0,0.0,0.6081158891320229,0.5
