step,train_step_loss,train_acc,train_loss,val_acc,val_loss,avg_intra_expert_coherence,expert_diversity_e0,expert_diversity_e1,expert_diversity_e2,expert_diversity_e3,expert_diversity_mean,expert_purity_e0,expert_purity_e1,expert_purity_e2,expert_purity_e3,expert_purity_mean,inter_expert_similarity,inter_expert_similarity_e0_e0,inter_expert_similarity_e0_e1,inter_expert_similarity_e0_e2,inter_expert_similarity_e0_e3,inter_expert_similarity_e1_e0,inter_expert_similarity_e1_e1,inter_expert_similarity_e1_e2,inter_expert_similarity_e1_e3,inter_expert_similarity_e2_e0,inter_expert_similarity_e2_e1,inter_expert_similarity_e2_e2,inter_expert_similarity_e2_e3,inter_expert_similarity_e3_e0,inter_expert_similarity_e3_e1,inter_expert_similarity_e3_e2,inter_expert_similarity_e3_e3,intra_expert_coherence_e0,intra_expert_coherence_e1,intra_expert_coherence_e2,intra_expert_coherence_e3,load_cv,load_max_min_ratio,overall_task_conflict_cos,router_entropy,router_load_e0,router_load_e1,router_load_e2,router_load_e3,task_acc__glue_rte,task_conflict_t0_t0,task_grad_norm_cv,task_loss__glue_rte,utilization_ratio
50.0,0.6875541806221008,0.4983935742971888,0.7142564731148573,0.4729241877256318,0.728831849164433,1.0,0.0,0.0,0.0,0.0,0.0,1.0,1.0,1.0,1.0,1.0,-0.021615758018598403,1.0,0.0,0.0,0.0,0.0,1.0,0.0,-0.12969454811159042,0.0,0.0,1.0,0.0,0.0,-0.12969454811159042,0.0,1.0,1.0,1.0,1.0,1.0,1.0003972053527832,509965717792.511,1.0,0.6929484902736512,0.0,0.4900343120098114,0.0,0.509965717792511,0.4729241877256318,1.0,0.0,0.728831849164433,0.5
100.0,0.7228419482707977,0.4983935742971888,0.6937143960442298,0.4729241877256318,0.6958667933940887,1.0,0.0,0.0,0.0,0.0,0.0,1.0,1.0,1.0,1.0,1.0,-0.026128317374785395,1.0,0.0,0.0,0.0,0.0,1.0,0.0,-0.15676990424871237,0.0,0.0,1.0,0.0,0.0,-0.15676990424871237,0.0,1.0,1.0,1.0,1.0,1.0,1.0000150203704834,501938164234.1614,1.0,0.6931396709882826,0.0,0.49806180596351624,0.0,0.5019381642341614,0.4729241877256318,1.0,0.0,0.6958667933940887,0.5
150.0,0.7694922387599945,0.4983935742971888,0.7022623402185929,0.4729241877256318,0.71164504190286,1.0,0.0,0.0,0.0,0.0,0.0,1.0,1.0,1.0,1.0,1.0,-0.032745622489484864,1.0,0.0,0.0,0.0,0.0,1.0,0.0,-0.1964737349369092,0.0,0.0,1.0,0.0,0.0,-0.1964737349369092,0.0,1.0,1.0,1.0,1.0,1.0,1.000226378440857,507524549961.0901,1.0,0.6930339413859784,0.0,0.4924754202365875,0.0,0.5075245499610901,0.4729241877256318,1.0,0.0,0.71164504190286,0.5
