step,train_step_loss,train_acc,train_loss,val_acc,val_loss,avg_intra_expert_coherence,expert_diversity_e0,expert_diversity_e1,expert_diversity_e2,expert_diversity_e3,expert_diversity_mean,expert_purity_e0,expert_purity_e1,expert_purity_e2,expert_purity_e3,expert_purity_mean,inter_expert_similarity,inter_expert_similarity_e0_e0,inter_expert_similarity_e0_e1,inter_expert_similarity_e0_e2,inter_expert_similarity_e0_e3,inter_expert_similarity_e1_e0,inter_expert_similarity_e1_e1,inter_expert_similarity_e1_e2,inter_expert_similarity_e1_e3,inter_expert_similarity_e2_e0,inter_expert_similarity_e2_e1,inter_expert_similarity_e2_e2,inter_expert_similarity_e2_e3,inter_expert_similarity_e3_e0,inter_expert_similarity_e3_e1,inter_expert_similarity_e3_e2,inter_expert_similarity_e3_e3,intra_expert_coherence_e0,intra_expert_coherence_e1,intra_expert_coherence_e2,intra_expert_coherence_e3,load_cv,load_max_min_ratio,overall_task_conflict_cos,router_entropy,router_load_e0,router_load_e1,router_load_e2,router_load_e3,task_acc__glue_rte,task_conflict_t0_t0,task_grad_norm_cv,task_loss__glue_rte,utilization_ratio
50.0,0.6724772751331329,0.5016064257028112,0.6933106257747381,0.5270758122743683,0.6916712141699262,1.0,0.0,0.0,0.0,0.0,0.0,1.0,1.0,1.0,1.0,1.0,0.008496094176708224,1.0,0.0,0.0,0.0,0.0,1.0,0.0,0.05097656506024934,0.0,0.0,1.0,0.0,0.0,0.05097656506024934,0.0,1.0,1.0,1.0,1.0,1.0,1.002160906791687,523255169391.6321,1.0,0.6920651855881894,0.0,0.4767448902130127,0.0,0.5232551693916321,0.5270758122743683,1.0,0.0,0.6916712141699262,0.5
100.0,0.7307355403900146,0.4983935742971888,0.714658647393569,0.4729241877256318,0.7292395035425822,1.0,0.0,0.0,0.0,0.0,0.0,1.0,1.0,1.0,1.0,1.0,-0.0223098616758754,1.0,0.0,0.0,0.0,0.0,1.0,0.0,0.0,0.0,0.0,1.0,-0.1338591700552524,0.0,0.0,-0.1338591700552524,1.0,1.0,1.0,1.0,1.0,1.0005792379379272,512035191059.11255,1.0,0.6928574565515622,0.0,0.0,0.48796483874320984,0.5120351910591125,0.4729241877256318,1.0,0.0,0.7292395035425822,0.5
150.0,0.6986800134181976,0.5016064257028112,0.6937578168052893,0.5270758122743683,0.6910076671176486,1.0,0.0,0.0,0.0,0.0,0.0,1.0,1.0,1.0,1.0,1.0,-0.014069720918025818,1.0,0.0,0.0,0.0,0.0,1.0,0.0,-0.08441832550815491,0.0,0.0,1.0,0.0,0.0,-0.08441832550815491,0.0,1.0,1.0,1.0,1.0,1.0,1.000389814376831,509872376918.7927,1.0,0.6929522154563601,0.0,0.5098723769187927,0.0,0.49012768268585205,0.5270758122743683,1.0,0.0,0.6910076671176486,0.5
