step,train_step_loss,train_acc,train_loss,val_acc,val_loss,avg_intra_expert_coherence,expert_diversity_e0,expert_diversity_e1,expert_diversity_e2,expert_diversity_e3,expert_diversity_mean,expert_purity_e0,expert_purity_e1,expert_purity_e2,expert_purity_e3,expert_purity_mean,inter_expert_similarity,inter_expert_similarity_e0_e0,inter_expert_similarity_e0_e1,inter_expert_similarity_e0_e2,inter_expert_similarity_e0_e3,inter_expert_similarity_e1_e0,inter_expert_similarity_e1_e1,inter_expert_similarity_e1_e2,inter_expert_similarity_e1_e3,inter_expert_similarity_e2_e0,inter_expert_similarity_e2_e1,inter_expert_similarity_e2_e2,inter_expert_similarity_e2_e3,inter_expert_similarity_e3_e0,inter_expert_similarity_e3_e1,inter_expert_similarity_e3_e2,inter_expert_similarity_e3_e3,intra_expert_coherence_e0,intra_expert_coherence_e1,intra_expert_coherence_e2,intra_expert_coherence_e3,load_cv,load_max_min_ratio,overall_task_conflict_cos,router_entropy,router_load_e0,router_load_e1,router_load_e2,router_load_e3,task_acc__glue_rte,task_conflict_t0_t0,task_grad_norm_cv,task_loss__glue_rte,utilization_ratio
50.0,0.6334818601608276,0.629718875502008,0.6425690663739656,0.6389891696750902,0.6657025160060989,1.0,0.0,0.0,0.0,0.0,0.0,1.0,1.0,1.0,1.0,1.0,0.05047776638318671,1.0,0.0,0.0,0.0,0.0,1.0,0.30286659829912027,0.0,0.0,0.30286659829912027,1.0,0.0,0.0,0.0,0.0,1.0,1.0,1.0,1.0,1.0,0.9768797755241394,554895937442.7795,1.0,0.6864031230499598,0.0,0.42454856634140015,0.5548959374427795,0.020555486902594566,0.6389891696750902,1.0,0.0,0.6657025160060989,0.5
100.0,0.6091474294662476,0.6686746987951807,0.6104238499815647,0.6498194945848376,0.623167387313313,1.0,0.0,0.0,0.0,0.0,0.0,1.0,1.0,1.0,1.0,1.0,0.007639665787341025,1.0,0.0,0.0,0.0,0.0,1.0,0.04583799472404615,0.0,0.0,0.04583799472404615,1.0,0.0,0.0,0.0,0.0,1.0,1.0,1.0,1.0,1.0,1.004400015401842,542364060878.75366,1.0,0.6889212381108143,0.0,0.45611801743507385,0.5423640608787537,0.0015177875757217407,0.6498194945848376,1.0,0.0,0.623167387313313,0.5
150.0,0.516596645116806,0.7200803212851405,0.565687933506874,0.628158844765343,0.629734654393461,1.0,0.0,0.0,0.0,0.0,0.0,1.0,1.0,1.0,1.0,1.0,0.04266047587744821,1.0,0.0,0.0,0.0,0.0,1.0,0.25596285526468926,0.0,0.0,0.25596285526468926,1.0,0.0,0.0,0.0,0.0,1.0,1.0,1.0,1.0,1.0,1.0053558349609375,544925451278.6865,1.0,0.6886151766518823,0.0,0.453584760427475,0.5449254512786865,0.0014898059889674187,0.628158844765343,1.0,0.0,0.629734654393461,0.5
