step,train_step_loss,train_acc,train_loss,val_acc,val_loss,avg_intra_expert_coherence,expert_diversity_e0,expert_diversity_e1,expert_diversity_e2,expert_diversity_e3,expert_diversity_mean,expert_purity_e0,expert_purity_e1,expert_purity_e2,expert_purity_e3,expert_purity_mean,inter_expert_similarity,inter_expert_similarity_e0_e0,inter_expert_similarity_e0_e1,inter_expert_similarity_e0_e2,inter_expert_similarity_e0_e3,inter_expert_similarity_e1_e0,inter_expert_similarity_e1_e1,inter_expert_similarity_e1_e2,inter_expert_similarity_e1_e3,inter_expert_similarity_e2_e0,inter_expert_similarity_e2_e1,inter_expert_similarity_e2_e2,inter_expert_similarity_e2_e3,inter_expert_similarity_e3_e0,inter_expert_similarity_e3_e1,inter_expert_similarity_e3_e2,inter_expert_similarity_e3_e3,intra_expert_coherence_e0,intra_expert_coherence_e1,intra_expert_coherence_e2,intra_expert_coherence_e3,load_cv,load_max_min_ratio,overall_task_conflict_cos,router_entropy,router_load_e0,router_load_e1,router_load_e2,router_load_e3,task_acc__glue_cola,task_acc__glue_mrpc,task_acc__glue_rte,task_conflict_t0_t0,task_conflict_t0_t1,task_conflict_t0_t2,task_conflict_t1_t0,task_conflict_t1_t1,task_conflict_t1_t2,task_conflict_t2_t0,task_conflict_t2_t1,task_conflict_t2_t2,task_grad_norm_cv,task_loss__glue_cola,task_loss__glue_mrpc,task_loss__glue_rte,utilization_ratio
1.0,0.659756097321709,0.6190680576482643,0.9088089961039675,0.6062037067389163,0.9422605317067685,0.9539521616989792,0.6207045096761789,0.8539214816075127,0.9299808980809972,0.1429827846179421,0.6368974184956577,0.6651965975761414,0.45930370688438416,0.5224962830543518,0.9636622071266174,0.6526646986603737,0.2426154195094071,1.0,0.24677196905243953,0.23843512828261101,0.24590850607351245,0.24677196905243953,1.0,0.25897164927886795,0.2357276029996159,0.23843512828261101,0.25897164927886795,1.0,0.2298776613693957,0.24590850607351245,0.2357276029996159,0.2298776613693957,1.0,0.9466327305801298,0.9687189571306204,0.9669708372484872,0.9334861218366797,1.4069429545760561,68.16837762052297,0.9370427455583755,0.3793998517061549,0.012536360882222652,0.8545833826065063,0.11922737210988998,0.013652491383254528,0.6912751677852349,0.6544117647058824,0.4729241877256318,1.0,0.9289046617536432,0.9891073832806064,0.9289046617536432,1.0,0.8931161916408771,0.9891073832806064,0.8931161916408771,1.0,0.49224666501853526,0.8730954103498855,0.7376517614021021,1.2160344233683178,0.25
