step,train_step_loss,train_acc,train_loss,val_acc,val_loss,avg_intra_expert_coherence,expert_diversity_e0,expert_diversity_e1,expert_diversity_e2,expert_diversity_e3,expert_diversity_mean,expert_purity_e0,expert_purity_e1,expert_purity_e2,expert_purity_e3,expert_purity_mean,inter_expert_similarity,inter_expert_similarity_e0_e0,inter_expert_similarity_e0_e1,inter_expert_similarity_e0_e2,inter_expert_similarity_e0_e3,inter_expert_similarity_e1_e0,inter_expert_similarity_e1_e1,inter_expert_similarity_e1_e2,inter_expert_similarity_e1_e3,inter_expert_similarity_e2_e0,inter_expert_similarity_e2_e1,inter_expert_similarity_e2_e2,inter_expert_similarity_e2_e3,inter_expert_similarity_e3_e0,inter_expert_similarity_e3_e1,inter_expert_similarity_e3_e2,inter_expert_similarity_e3_e3,intra_expert_coherence_e0,intra_expert_coherence_e1,intra_expert_coherence_e2,intra_expert_coherence_e3,load_cv,load_max_min_ratio,overall_task_conflict_cos,router_entropy,router_load_e0,router_load_e1,router_load_e2,router_load_e3,task_acc__glue_sst2,task_conflict_t0_t0,task_grad_norm_cv,task_loss__glue_sst2,utilization_ratio
50.0,0.5807192921638489,0.6433354615510253,0.6396046830434131,0.5470183486238532,0.6544238686561584,1.0,0.0,0.0,0.0,0.0,0.0,1.0,1.0,1.0,1.0,1.0,0.004096300572577847,1.0,0.0,0.0,0.0,0.0,1.0,0.0,0.0,0.0,0.0,1.0,0.02457780343546708,0.0,0.0,0.02457780343546708,1.0,1.0,1.0,1.0,1.0,1.0001790523529053,506691515445.7092,1.0,0.6925130224009173,0.0,0.0,0.4933084547519684,0.5066915154457092,0.5470183486238532,1.0,0.0,0.6544238686561584,0.5
100.0,0.3465478792786598,0.8377110276321846,0.4061606777168262,0.8096330275229358,0.48239280114119704,1.0,0.0,0.0,0.0,0.0,0.0,1.0,1.0,1.0,1.0,1.0,-0.03864490516860506,1.0,0.0,0.0,0.0,0.0,1.0,0.0,0.0,0.0,0.0,1.0,-0.23186943101163035,0.0,0.0,-0.23186943101163035,1.0,1.0,1.0,1.0,1.0,1.0038868188858032,531202077865.6006,1.0,0.6836781026026525,0.0,0.0,0.4687979817390442,0.5312020778656006,0.8096330275229358,1.0,0.0,0.48239280114119704,0.5
150.0,0.6328775584697723,0.8762268185125243,0.32330598506430547,0.8704128440366973,0.3379235346208919,1.0,0.0,0.0,0.0,0.0,0.0,1.0,1.0,1.0,1.0,1.0,-0.07062491245602105,1.0,0.0,0.0,0.0,0.0,1.0,0.0,0.0,0.0,0.0,1.0,-0.42374947473612634,0.0,0.0,-0.42374947473612634,1.0,1.0,1.0,1.0,1.0,1.0008201599121094,514321208000.1831,1.0,0.6845288500873321,0.0,0.0,0.48567885160446167,0.5143212080001831,0.8704128440366973,1.0,0.0,0.3379235346208919,0.5
