step,train_step_loss,train_acc,train_loss,val_acc,val_loss,avg_intra_expert_coherence,expert_diversity_e0,expert_diversity_e1,expert_diversity_e2,expert_diversity_e3,expert_diversity_mean,expert_purity_e0,expert_purity_e1,expert_purity_e2,expert_purity_e3,expert_purity_mean,inter_expert_similarity,inter_expert_similarity_e0_e0,inter_expert_similarity_e0_e1,inter_expert_similarity_e0_e2,inter_expert_similarity_e0_e3,inter_expert_similarity_e1_e0,inter_expert_similarity_e1_e1,inter_expert_similarity_e1_e2,inter_expert_similarity_e1_e3,inter_expert_similarity_e2_e0,inter_expert_similarity_e2_e1,inter_expert_similarity_e2_e2,inter_expert_similarity_e2_e3,inter_expert_similarity_e3_e0,inter_expert_similarity_e3_e1,inter_expert_similarity_e3_e2,inter_expert_similarity_e3_e3,intra_expert_coherence_e0,intra_expert_coherence_e1,intra_expert_coherence_e2,intra_expert_coherence_e3,load_cv,load_max_min_ratio,overall_task_conflict_cos,router_entropy,router_load_e0,router_load_e1,router_load_e2,router_load_e3,task_acc__glue_mrpc,task_conflict_t0_t0,task_grad_norm_cv,task_loss__glue_mrpc,utilization_ratio
50.0,0.5539913773536682,0.7219193020719739,0.5287241747197897,0.7205882352941176,0.5382620904308099,1.0,0.0,0.0,0.0,0.0,0.0,1.0,1.0,1.0,1.0,1.0,0.056054811751390966,1.0,0.0,0.0,0.3363288705083458,0.0,1.0,0.0,0.0,0.0,0.0,1.0,0.0,0.3363288705083458,0.0,0.0,1.0,1.0,1.0,1.0,1.0,1.0035629272460938,529871523380.27954,1.0,0.6900789001408745,0.5298715233802795,0.0,0.0,0.47012853622436523,0.7205882352941176,1.0,0.0,0.5382620904308099,0.5
100.0,0.4484793245792389,0.7712649945474372,0.46160045794170834,0.7352941176470589,0.48530076214900386,1.0,0.0,0.0,0.0,0.0,0.0,1.0,1.0,1.0,1.0,1.0,0.07871381898171921,1.0,0.0,0.0,0.4722829138903153,0.0,1.0,0.0,0.0,0.0,0.0,1.0,0.0,0.4722829138903153,0.0,0.0,1.0,1.0,1.0,1.0,1.0,1.0023953914642334,524486184120.1782,1.0,0.6904714247759651,0.5244861841201782,0.0,0.0,0.4755137860774994,0.7352941176470589,1.0,0.0,0.48530076214900386,0.5
150.0,0.6499939262866974,0.8778625954198473,0.2911557909951586,0.8627450980392157,0.3353540593614945,1.0,0.0,0.0,0.0,0.0,0.0,1.0,1.0,1.0,1.0,1.0,0.09017198041870285,1.0,0.0,0.0,0.5410318825122171,0.0,1.0,0.0,0.0,0.0,0.0,1.0,0.0,0.5410318825122171,0.0,0.0,1.0,1.0,1.0,1.0,1.0,1.0000444650650024,503334701061.2488,1.0,0.6915513919849022,0.49666526913642883,0.0,0.0,0.5033347010612488,0.8627450980392157,1.0,0.0,0.3353540593614945,0.5
