step,train_step_loss,train_acc,train_loss,val_acc,val_loss,avg_intra_expert_coherence,expert_diversity_e0,expert_diversity_e1,expert_diversity_e2,expert_diversity_e3,expert_diversity_mean,expert_purity_e0,expert_purity_e1,expert_purity_e2,expert_purity_e3,expert_purity_mean,inter_expert_similarity,inter_expert_similarity_e0_e0,inter_expert_similarity_e0_e1,inter_expert_similarity_e0_e2,inter_expert_similarity_e0_e3,inter_expert_similarity_e1_e0,inter_expert_similarity_e1_e1,inter_expert_similarity_e1_e2,inter_expert_similarity_e1_e3,inter_expert_similarity_e2_e0,inter_expert_similarity_e2_e1,inter_expert_similarity_e2_e2,inter_expert_similarity_e2_e3,inter_expert_similarity_e3_e0,inter_expert_similarity_e3_e1,inter_expert_similarity_e3_e2,inter_expert_similarity_e3_e3,intra_expert_coherence_e0,intra_expert_coherence_e1,intra_expert_coherence_e2,intra_expert_coherence_e3,load_cv,load_max_min_ratio,overall_task_conflict_cos,router_entropy,router_load_e0,router_load_e1,router_load_e2,router_load_e3,task_acc__glue_mrpc,task_conflict_t0_t0,task_grad_norm_cv,task_loss__glue_mrpc,utilization_ratio
50.0,0.32834895700216293,0.7941657579062159,0.4423808682062056,0.8088235294117647,0.43039642761533076,1.0,0.0,0.0,0.0,0.0,0.0,1.0,1.0,1.0,1.0,1.0,-0.10646682698797787,1.0,-0.5646496606133731,-0.22239275730140165,0.27126672037846633,-0.5646496606133731,1.0,0.11146317603294674,-0.20500720984713036,-0.22239275730140165,0.11146317603294674,1.0,-0.029481230577375145,0.27126672037846633,-0.20500720984713036,-0.029481230577375145,1.0,1.0,1.0,1.0,1.0,0.35555073618888855,2.2814651060048554,1.0,1.3132788690866208,0.3530533015727997,0.16902506351470947,0.3231731355190277,0.15474849939346313,0.8088235294117647,1.0,0.0,0.43039642761533076,1.0
100.0,0.33694949746131897,0.8904034896401308,0.2639708687510827,0.8774509803921569,0.28734355161969477,1.0,0.0,0.0,0.0,0.0,0.0,1.0,1.0,1.0,1.0,1.0,-0.08613464825845711,1.0,-0.11427249421842843,-0.08965630767948442,-0.037926964221418724,-0.11427249421842843,1.0,-0.30352417479894556,-0.06472474789720978,-0.08965630767948442,-0.30352417479894556,1.0,0.09329679926474421,-0.037926964221418724,-0.06472474789720978,0.09329679926474421,1.0,1.0,1.0,1.0,1.0,0.29716628789901733,2.022033462090489,1.0,1.3292364536547194,0.3205869197845459,0.19159270823001862,0.32639914751052856,0.16142123937606812,0.8774509803921569,1.0,0.0,0.28734355161969477,1.0
