step,train_step_loss,train_acc,train_loss,val_acc,val_loss,avg_intra_expert_coherence,expert_diversity_e0,expert_diversity_e1,expert_diversity_e2,expert_diversity_e3,expert_diversity_mean,expert_purity_e0,expert_purity_e1,expert_purity_e2,expert_purity_e3,expert_purity_mean,inter_expert_similarity,inter_expert_similarity_e0_e0,inter_expert_similarity_e0_e1,inter_expert_similarity_e0_e2,inter_expert_similarity_e0_e3,inter_expert_similarity_e1_e0,inter_expert_similarity_e1_e1,inter_expert_similarity_e1_e2,inter_expert_similarity_e1_e3,inter_expert_similarity_e2_e0,inter_expert_similarity_e2_e1,inter_expert_similarity_e2_e2,inter_expert_similarity_e2_e3,inter_expert_similarity_e3_e0,inter_expert_similarity_e3_e1,inter_expert_similarity_e3_e2,inter_expert_similarity_e3_e3,intra_expert_coherence_e0,intra_expert_coherence_e1,intra_expert_coherence_e2,intra_expert_coherence_e3,load_cv,load_max_min_ratio,overall_task_conflict_cos,router_entropy,router_load_e0,router_load_e1,router_load_e2,router_load_e3,task_acc__glue_mrpc,task_conflict_t0_t0,task_grad_norm_cv,task_loss__glue_mrpc,utilization_ratio
50.0,0.4651670306921005,0.8015267175572519,0.423838594134735,0.7892156862745098,0.43009651509615093,1.0,0.0,0.0,0.0,0.0,0.0,1.0,1.0,1.0,1.0,1.0,0.0371239437888761,1.0,-0.19869239741252806,0.40387373368286067,0.19932810113729896,-0.19869239741252806,1.0,-0.09399039687830013,-0.19533674880381247,0.40387373368286067,-0.09399039687830013,1.0,0.10756137100773767,0.19932810113729896,-0.19533674880381247,0.10756137100773767,1.0,1.0,1.0,1.0,1.0,0.3822934925556183,3.3345826273356627,1.0,1.296913371366613,0.10946813970804214,0.3029420077800751,0.36503055691719055,0.22255931794643402,0.7892156862745098,1.0,0.0,0.43009651509615093,0.75
100.0,0.2120322436094284,0.8827699018538713,0.26788182143607864,0.8431372549019608,0.32462080775831753,1.0,0.0,0.0,0.0,0.0,0.0,1.0,1.0,1.0,1.0,1.0,0.20103305482275988,1.0,0.18635335106080061,0.4640857016514249,0.27169041568224017,0.18635335106080061,1.0,-0.06924157380297648,0.24763291823827346,0.4640857016514249,-0.06924157380297648,1.0,0.10567751610679664,0.27169041568224017,0.24763291823827346,0.10567751610679664,1.0,1.0,1.0,1.0,1.0,0.44113406188094983,3.7542990927960047,1.0,1.2641821795818853,0.09940305352210999,0.33588191866874695,0.3731887936592102,0.19152617454528809,0.8431372549019608,1.0,0.0,0.32462080775831753,0.75
