step,train_step_loss,train_acc,train_loss,val_acc,val_loss,avg_intra_expert_coherence,expert_diversity_e0,expert_diversity_e1,expert_diversity_e2,expert_diversity_e3,expert_diversity_mean,expert_purity_e0,expert_purity_e1,expert_purity_e2,expert_purity_e3,expert_purity_mean,inter_expert_similarity,inter_expert_similarity_e0_e0,inter_expert_similarity_e0_e1,inter_expert_similarity_e0_e2,inter_expert_similarity_e0_e3,inter_expert_similarity_e1_e0,inter_expert_similarity_e1_e1,inter_expert_similarity_e1_e2,inter_expert_similarity_e1_e3,inter_expert_similarity_e2_e0,inter_expert_similarity_e2_e1,inter_expert_similarity_e2_e2,inter_expert_similarity_e2_e3,inter_expert_similarity_e3_e0,inter_expert_similarity_e3_e1,inter_expert_similarity_e3_e2,inter_expert_similarity_e3_e3,intra_expert_coherence_e0,intra_expert_coherence_e1,intra_expert_coherence_e2,intra_expert_coherence_e3,load_cv,load_max_min_ratio,overall_task_conflict_cos,router_entropy,router_load_e0,router_load_e1,router_load_e2,router_load_e3,task_acc__glue_sst2,task_conflict_t0_t0,task_grad_norm_cv,task_loss__glue_sst2,utilization_ratio
50.0,0.6414876282215118,0.5578256544269403,0.704137765653343,0.5091743119266054,0.7340864368460395,1.0,0.0,0.0,0.0,0.0,0.0,1.0,1.0,1.0,1.0,1.0,0.08158032233807706,1.0,0.0,0.0,0.0,0.0,1.0,0.0,0.0,0.0,0.0,1.0,0.48948193402846235,0.0,0.0,0.48948193402846235,1.0,1.0,1.0,1.0,1.0,1.4978895755750337,894281923770.9045,1.0,0.33746570348739624,0.0,0.0,0.8942819237709045,0.10571678727865219,0.5091743119266054,1.0,0.0,0.7340864368460395,0.25
100.0,0.762209951877594,0.5578256544269403,0.7065260079439349,0.5091743119266054,0.7376790851354599,1.0,0.0,0.0,0.0,0.0,0.0,1.0,1.0,1.0,1.0,1.0,-0.035223156208414604,1.0,0.0,0.0,0.0,0.0,1.0,0.0,0.0,0.0,0.0,1.0,-0.21133893725048764,0.0,0.0,-0.21133893725048764,1.0,1.0,1.0,1.0,1.0,1.1394658919965577,693126022815.7043,1.0,0.6165762543678284,0.0,0.0,0.3068733513355255,0.6931260228157043,0.5091743119266054,1.0,0.0,0.7376790851354599,0.5
150.0,0.7058692574501038,0.44217434557305973,0.6965986247300535,0.4908256880733945,0.6939917385578156,1.0,0.0,0.0,0.0,0.0,0.0,1.0,1.0,1.0,1.0,1.0,-0.01924496223951806,1.0,0.0,0.0,0.0,0.0,1.0,0.0,-0.11546977343710836,0.0,0.0,1.0,0.0,0.0,-0.11546977343710836,0.0,1.0,1.0,1.0,1.0,1.0,1.6342926883726607,957016110420.227,1.0,0.1773124791066581,0.0,0.04298348352313042,0.0,0.957016110420227,0.4908256880733945,1.0,0.0,0.6939917385578156,0.25
