step,train_step_loss,train_acc,train_loss,val_acc,val_loss,avg_intra_expert_coherence,expert_diversity_e0,expert_diversity_e1,expert_diversity_e2,expert_diversity_e3,expert_diversity_mean,expert_purity_e0,expert_purity_e1,expert_purity_e2,expert_purity_e3,expert_purity_mean,inter_expert_similarity,inter_expert_similarity_e0_e0,inter_expert_similarity_e0_e1,inter_expert_similarity_e0_e2,inter_expert_similarity_e0_e3,inter_expert_similarity_e1_e0,inter_expert_similarity_e1_e1,inter_expert_similarity_e1_e2,inter_expert_similarity_e1_e3,inter_expert_similarity_e2_e0,inter_expert_similarity_e2_e1,inter_expert_similarity_e2_e2,inter_expert_similarity_e2_e3,inter_expert_similarity_e3_e0,inter_expert_similarity_e3_e1,inter_expert_similarity_e3_e2,inter_expert_similarity_e3_e3,intra_expert_coherence_e0,intra_expert_coherence_e1,intra_expert_coherence_e2,intra_expert_coherence_e3,load_cv,load_max_min_ratio,overall_task_conflict_cos,router_entropy,router_load_e0,router_load_e1,router_load_e2,router_load_e3,task_acc__glue_sst2,task_conflict_t0_t0,task_grad_norm_cv,task_loss__glue_sst2,utilization_ratio
50.0,0.7028990685939789,0.5578256544269403,0.6918035101295933,0.5091743119266054,0.6929993363943967,1.0,0.0,0.0,0.0,0.0,0.0,1.0,1.0,1.0,1.0,1.0,0.013631028167363777,1.0,0.08178616900418266,0.0,0.0,0.08178616900418266,1.0,0.0,0.0,0.0,0.0,1.0,0.0,0.0,0.0,0.0,1.0,1.0,1.0,1.0,1.0,1.1494483536439917,700385272502.8992,1.0,0.6105384247018657,0.2996158003807068,0.7003852725028992,0.0,0.0,0.5091743119266054,1.0,0.0,0.6929993363943967,0.5
100.0,0.6631833910942078,0.5578256544269403,0.6866523890271606,0.5091743119266054,0.6959251821041107,1.0,0.0,0.0,0.0,0.0,0.0,1.0,1.0,1.0,1.0,1.0,0.050081054825730185,1.0,0.3004863289543811,0.0,0.0,0.3004863289543811,1.0,0.0,0.0,0.0,0.0,1.0,0.0,0.0,0.0,0.0,1.0,1.0,1.0,1.0,1.0,1.1655912801784134,711720407009.1248,1.0,0.6006043881451318,0.2882801294326782,0.7117204070091248,0.0,0.0,0.5091743119266054,1.0,0.0,0.6959251821041107,0.5
150.0,0.6868713200092316,0.5578256544269403,0.6864752324771428,0.5091743119266054,0.6970130400224166,1.0,0.0,0.0,0.0,0.0,0.0,1.0,1.0,1.0,1.0,1.0,-0.02186932092705753,1.0,-0.13121592556234518,0.0,0.0,-0.13121592556234518,1.0,0.0,0.0,0.0,0.0,1.0,0.0,0.0,0.0,0.0,1.0,1.0,1.0,1.0,1.0,1.3244649235261035,807044446468.3533,1.0,0.49048131704330444,0.1929563283920288,0.8070444464683533,0.0,0.0,0.5091743119266054,1.0,0.0,0.6970130400224166,0.5
