step,train_step_loss,train_acc,train_loss,val_acc,val_loss,avg_intra_expert_coherence,expert_diversity_e0,expert_diversity_e1,expert_diversity_e2,expert_diversity_e3,expert_diversity_mean,expert_purity_e0,expert_purity_e1,expert_purity_e2,expert_purity_e3,expert_purity_mean,inter_expert_similarity,inter_expert_similarity_e0_e0,inter_expert_similarity_e0_e1,inter_expert_similarity_e0_e2,inter_expert_similarity_e0_e3,inter_expert_similarity_e1_e0,inter_expert_similarity_e1_e1,inter_expert_similarity_e1_e2,inter_expert_similarity_e1_e3,inter_expert_similarity_e2_e0,inter_expert_similarity_e2_e1,inter_expert_similarity_e2_e2,inter_expert_similarity_e2_e3,inter_expert_similarity_e3_e0,inter_expert_similarity_e3_e1,inter_expert_similarity_e3_e2,inter_expert_similarity_e3_e3,intra_expert_coherence_e0,intra_expert_coherence_e1,intra_expert_coherence_e2,intra_expert_coherence_e3,load_cv,load_max_min_ratio,overall_task_conflict_cos,router_entropy,router_load_e0,router_load_e1,router_load_e2,router_load_e3,task_acc__glue_cola,task_acc__glue_mrpc,task_acc__glue_rte,task_conflict_t0_t0,task_conflict_t0_t1,task_conflict_t0_t2,task_conflict_t1_t0,task_conflict_t1_t1,task_conflict_t1_t2,task_conflict_t2_t0,task_conflict_t2_t1,task_conflict_t2_t2,task_grad_norm_cv,task_loss__glue_cola,task_loss__glue_mrpc,task_loss__glue_rte,utilization_ratio
1.0,0.7954228719075521,0.5474455770071933,0.7212415395193662,0.5432434492626955,0.7286713286030433,-0.1886201456826391,0.9157674166661964,0.9855910939310065,0.9836466131963401,0.9468908273895736,0.9579739877957791,0.47532790899276733,0.3948228657245636,0.4207864999771118,0.49806660413742065,0.44725096970796585,-0.08127480571624217,1.0,0.1526688298152936,-0.3013902770261693,0.026194240470311866,0.1526688298152936,1.0,0.16959567307881307,-0.44229568346206993,-0.3013902770261693,0.16959567307881307,1.0,-0.0924216171736323,0.026194240470311866,-0.44229568346206993,-0.0924216171736323,1.0,-0.16701289244895842,-0.2496108859481425,-0.17866236655213652,-0.15919443778131892,0.2621147632598877,1.9595679100867038,-0.05961571401520719,1.335043953731656,0.21813452243804932,0.35735055804252625,0.1823619157075882,0.24215295910835266,0.5043144774688398,0.6813725490196079,0.44404332129963897,1.0,0.8693814397048499,-0.5762115841792261,0.8693814397048499,1.0,-0.4720169975712454,-0.5762115841792261,-0.4720169975712454,1.0,0.21285611717391145,0.72138400216594,0.6082122135980457,0.8564177700451442,1.0
