step,train_step_loss,train_acc,train_loss,val_acc,val_loss,avg_intra_expert_coherence,expert_diversity_e0,expert_diversity_e1,expert_diversity_e2,expert_diversity_e3,expert_diversity_mean,expert_purity_e0,expert_purity_e1,expert_purity_e2,expert_purity_e3,expert_purity_mean,inter_expert_similarity,inter_expert_similarity_e0_e0,inter_expert_similarity_e0_e1,inter_expert_similarity_e0_e2,inter_expert_similarity_e0_e3,inter_expert_similarity_e1_e0,inter_expert_similarity_e1_e1,inter_expert_similarity_e1_e2,inter_expert_similarity_e1_e3,inter_expert_similarity_e2_e0,inter_expert_similarity_e2_e1,inter_expert_similarity_e2_e2,inter_expert_similarity_e2_e3,inter_expert_similarity_e3_e0,inter_expert_similarity_e3_e1,inter_expert_similarity_e3_e2,inter_expert_similarity_e3_e3,intra_expert_coherence_e0,intra_expert_coherence_e1,intra_expert_coherence_e2,intra_expert_coherence_e3,load_cv,load_max_min_ratio,overall_task_conflict_cos,router_entropy,router_load_e0,router_load_e1,router_load_e2,router_load_e3,task_acc__glue_rte,task_conflict_t0_t0,task_grad_norm_cv,task_loss__glue_rte,utilization_ratio
50.0,0.701471745967865,0.4983935742971888,0.7144285727769901,0.4729241877256318,0.7290614876482222,1.0,0.0,0.0,0.0,0.0,0.0,1.0,1.0,1.0,1.0,1.0,0.022500928571944755,1.0,0.0,0.0,0.0,0.0,1.0,0.0,0.0,0.0,0.0,1.0,0.13500557143166853,0.0,0.0,0.13500557143166853,1.0,1.0,1.0,1.0,1.0,1.7028640154438037,987307012081.1462,1.0,0.06803807788377204,0.0,0.0,0.9873070120811462,0.012692874297499657,0.4729241877256318,1.0,0.0,0.7290614876482222,0.25
100.0,0.7960499227046967,0.4983935742971888,0.6990282743787154,0.4729241877256318,0.7065107756190829,1.0,0.0,0.0,0.0,0.0,0.0,1.0,1.0,1.0,1.0,1.0,-0.0629899522762484,1.0,0.0,0.0,0.0,0.0,1.0,0.0,0.0,0.0,0.0,1.0,-0.3779397136574904,0.0,0.0,-0.3779397136574904,1.0,1.0,1.0,1.0,1.0,1.7201393342267277,994833052158.3557,1.0,0.03235902392476905,0.0,0.0,0.9948330521583557,0.005166759714484215,0.4729241877256318,1.0,0.0,0.7065107756190829,0.25
150.0,0.6853381097316742,0.5016064257028112,0.6956950269448452,0.5270758122743683,0.6903320501248041,1.0,0.0,0.0,0.0,0.0,0.0,1.0,1.0,1.0,1.0,1.0,-0.03769239582255101,1.0,0.0,0.0,0.0,0.0,1.0,0.0,0.0,0.0,0.0,1.0,-0.22615437493530607,0.0,0.0,-0.22615437493530607,1.0,1.0,1.0,1.0,1.0,1.6421123441926484,960506498813.6292,1.0,0.16632984734614403,0.0,0.0,0.9605064988136292,0.03949308395385742,0.5270758122743683,1.0,0.0,0.6903320501248041,0.25
