step,train_step_loss,train_acc,train_loss,val_acc,val_loss,avg_intra_expert_coherence,expert_diversity_e0,expert_diversity_e1,expert_diversity_e2,expert_diversity_e3,expert_diversity_mean,expert_purity_e0,expert_purity_e1,expert_purity_e2,expert_purity_e3,expert_purity_mean,inter_expert_similarity,inter_expert_similarity_e0_e0,inter_expert_similarity_e0_e1,inter_expert_similarity_e0_e2,inter_expert_similarity_e0_e3,inter_expert_similarity_e1_e0,inter_expert_similarity_e1_e1,inter_expert_similarity_e1_e2,inter_expert_similarity_e1_e3,inter_expert_similarity_e2_e0,inter_expert_similarity_e2_e1,inter_expert_similarity_e2_e2,inter_expert_similarity_e2_e3,inter_expert_similarity_e3_e0,inter_expert_similarity_e3_e1,inter_expert_similarity_e3_e2,inter_expert_similarity_e3_e3,intra_expert_coherence_e0,intra_expert_coherence_e1,intra_expert_coherence_e2,intra_expert_coherence_e3,load_cv,load_max_min_ratio,overall_task_conflict_cos,router_entropy,router_load_e0,router_load_e1,router_load_e2,router_load_e3,task_acc__glue_rte,task_conflict_t0_t0,task_grad_norm_cv,task_loss__glue_rte,utilization_ratio
50.0,0.8663034737110138,0.4983935742971888,0.747717191508183,0.4729241877256318,0.7708346818884214,1.0,0.0,0.0,0.0,0.0,0.0,1.0,1.0,1.0,1.0,1.0,-0.011691896879816597,1.0,0.0,0.0,0.0,0.0,1.0,0.0,-0.07015138127889958,0.0,0.0,1.0,0.0,0.0,-0.07015138127889958,0.0,1.0,1.0,1.0,1.0,1.0,1.7268995697737766,997768044471.7407,1.0,0.015856949592325233,0.0,0.002232236322015524,0.0,0.9977680444717407,0.4729241877256318,1.0,0.0,0.7708346818884214,0.25
100.0,0.6952676773071289,0.5016064257028112,0.693314148982366,0.5270758122743683,0.691721820169025,1.0,0.0,0.0,0.0,0.0,0.0,1.0,1.0,1.0,1.0,1.0,0.07655288519930986,1.0,0.0,0.0,0.0,0.0,1.0,0.0,0.45931731119585917,0.0,0.0,1.0,0.0,0.0,0.45931731119585917,0.0,1.0,1.0,1.0,1.0,1.0,1.5695249686926491,927698254585.2661,1.0,0.25955181087397494,0.0,0.07230141758918762,0.0,0.9276982545852661,0.5270758122743683,1.0,0.0,0.691721820169025,0.25
150.0,0.7089661061763763,0.5016064257028112,0.694039643001862,0.5270758122743683,0.6907669653495153,1.0,0.0,0.0,0.0,0.0,0.0,1.0,1.0,1.0,1.0,1.0,-0.050134576145847605,1.0,0.0,0.0,-0.30080745687508564,0.0,1.0,0.0,0.0,0.0,0.0,1.0,0.0,-0.30080745687508564,0.0,0.0,1.0,1.0,1.0,1.0,1.0,1.0000089406967163,501487672328.949,1.0,0.6931428306799934,0.4985123574733734,0.0,0.0,0.501487672328949,0.5270758122743683,1.0,0.0,0.6907669653495153,0.5
