step,train_step_loss,train_acc,train_loss,val_acc,val_loss,avg_intra_expert_coherence,expert_diversity_e0,expert_diversity_e1,expert_diversity_e2,expert_diversity_e3,expert_diversity_mean,expert_purity_e0,expert_purity_e1,expert_purity_e2,expert_purity_e3,expert_purity_mean,inter_expert_similarity,inter_expert_similarity_e0_e0,inter_expert_similarity_e0_e1,inter_expert_similarity_e0_e2,inter_expert_similarity_e0_e3,inter_expert_similarity_e1_e0,inter_expert_similarity_e1_e1,inter_expert_similarity_e1_e2,inter_expert_similarity_e1_e3,inter_expert_similarity_e2_e0,inter_expert_similarity_e2_e1,inter_expert_similarity_e2_e2,inter_expert_similarity_e2_e3,inter_expert_similarity_e3_e0,inter_expert_similarity_e3_e1,inter_expert_similarity_e3_e2,inter_expert_similarity_e3_e3,intra_expert_coherence_e0,intra_expert_coherence_e1,intra_expert_coherence_e2,intra_expert_coherence_e3,load_cv,load_max_min_ratio,overall_task_conflict_cos,router_entropy,router_load_e0,router_load_e1,router_load_e2,router_load_e3,task_acc__glue_mrpc,task_conflict_t0_t0,task_grad_norm_cv,task_loss__glue_mrpc,utilization_ratio
50.0,0.4275907948613167,0.787350054525627,0.4813457456457874,0.7745098039215687,0.492924661303942,1.0,0.0,0.0,0.0,0.0,0.0,1.0,1.0,1.0,1.0,1.0,-0.007709589993498185,1.0,0.0640488202783227,0.0,-0.05374795055577643,0.0640488202783227,1.0,0.0,-0.056558409683535385,0.0,0.0,1.0,0.0,-0.05374795055577643,-0.056558409683535385,0.0,1.0,1.0,1.0,1.0,1.0,1.1596761751560956,720955371856.6895,1.0,0.569383268847185,0.25678858160972595,0.7209553718566895,0.0,0.022256173193454742,0.7745098039215687,1.0,0.0,0.492924661303942,0.5
100.0,0.36090831458568573,0.8208833151581243,0.3989059670301883,0.8063725490196079,0.4204017508488435,1.0,0.0,0.0,0.0,0.0,0.0,1.0,1.0,1.0,1.0,1.0,0.002272640167375808,1.0,0.013635841004254847,0.0,0.0,0.013635841004254847,1.0,0.0,0.0,0.0,0.0,1.0,0.0,0.0,0.0,0.0,1.0,1.0,1.0,1.0,1.0,1.0270020961761475,582714319229.126,1.0,0.6747074898551492,0.4172857403755188,0.582714319229126,0.0,0.0,0.8063725490196079,1.0,0.0,0.4204017508488435,0.5
150.0,0.44103197753429413,0.8606870229007634,0.37106925229663434,0.8578431372549019,0.3642639633841239,1.0,0.0,0.0,0.0,0.0,0.0,1.0,1.0,1.0,1.0,1.0,0.01797516333609352,1.0,0.10785098001656113,0.0,0.0,0.10785098001656113,1.0,0.0,0.0,0.0,0.0,1.0,0.0,0.0,0.0,0.0,1.0,1.0,1.0,1.0,1.0,1.028653621673584,585240960121.1548,1.0,0.677282966819464,0.4147590696811676,0.5852409601211548,0.0,0.0,0.8578431372549019,1.0,0.0,0.3642639633841239,0.5
