step,train_step_loss,train_acc,train_loss,val_acc,val_loss,avg_intra_expert_coherence,expert_diversity_e0,expert_diversity_e1,expert_diversity_e2,expert_diversity_e3,expert_diversity_mean,expert_purity_e0,expert_purity_e1,expert_purity_e2,expert_purity_e3,expert_purity_mean,inter_expert_similarity,inter_expert_similarity_e0_e0,inter_expert_similarity_e0_e1,inter_expert_similarity_e0_e2,inter_expert_similarity_e0_e3,inter_expert_similarity_e1_e0,inter_expert_similarity_e1_e1,inter_expert_similarity_e1_e2,inter_expert_similarity_e1_e3,inter_expert_similarity_e2_e0,inter_expert_similarity_e2_e1,inter_expert_similarity_e2_e2,inter_expert_similarity_e2_e3,inter_expert_similarity_e3_e0,inter_expert_similarity_e3_e1,inter_expert_similarity_e3_e2,inter_expert_similarity_e3_e3,intra_expert_coherence_e0,intra_expert_coherence_e1,intra_expert_coherence_e2,intra_expert_coherence_e3,load_cv,load_max_min_ratio,overall_task_conflict_cos,router_entropy,router_load_e0,router_load_e1,router_load_e2,router_load_e3,task_acc__glue_rte,task_conflict_t0_t0,task_grad_norm_cv,task_loss__glue_rte,utilization_ratio
50.0,0.5831954777240753,0.5016064257028112,0.7037492154500423,0.5270758122743683,0.6970503247446485,1.0,0.0,0.0,0.0,0.0,0.0,1.0,1.0,1.0,1.0,1.0,0.007964397784205405,1.0,0.0,0.0,0.0,0.0,1.0,0.047786386705232435,0.0,0.0,0.047786386705232435,1.0,0.0,0.0,0.0,0.0,1.0,1.0,1.0,1.0,1.0,1.0532082947020707,616858720779.419,1.0,0.6653490720673159,0.0,0.3831412196159363,0.616858720779419,0.0,0.5270758122743683,1.0,0.0,0.6970503247446485,0.5
100.0,0.635015219449997,0.6811244979919678,0.6170755177354201,0.6064981949458483,0.6574566860993704,1.0,0.0,0.0,0.0,0.0,0.0,1.0,1.0,1.0,1.0,1.0,-0.021618811315755073,1.0,0.0,0.0,0.0,0.0,1.0,-0.12971286789453043,0.0,0.0,-0.12971286789453043,1.0,0.0,0.0,0.0,0.0,1.0,1.0,1.0,1.0,1.0,1.0533398326230248,623106777667.9993,1.0,0.6621222332496506,0.0,0.37296631932258606,0.6231067776679993,0.003927033860236406,0.6064981949458483,1.0,0.0,0.6574566860993704,0.5
150.0,0.6275881230831146,0.7,0.6061804580764893,0.6498194945848376,0.6353603684239917,1.0,0.0,0.0,0.0,0.0,0.0,1.0,1.0,1.0,1.0,1.0,0.020000594844985366,1.0,0.0,0.0,0.0,0.0,1.0,0.1200035690699122,0.0,0.0,0.1200035690699122,1.0,0.0,0.0,0.0,0.0,1.0,1.0,1.0,1.0,1.0,1.0436426453164394,605587601661.6821,1.0,0.6703455284614426,0.0,0.3944122791290283,0.6055876016616821,0.0,0.6498194945848376,1.0,0.0,0.6353603684239917,0.5
