step,train_step_loss,train_acc,train_loss,val_acc,val_loss,avg_intra_expert_coherence,expert_diversity_e0,expert_diversity_e1,expert_diversity_e2,expert_diversity_e3,expert_diversity_mean,expert_purity_e0,expert_purity_e1,expert_purity_e2,expert_purity_e3,expert_purity_mean,inter_expert_similarity,inter_expert_similarity_e0_e0,inter_expert_similarity_e0_e1,inter_expert_similarity_e0_e2,inter_expert_similarity_e0_e3,inter_expert_similarity_e1_e0,inter_expert_similarity_e1_e1,inter_expert_similarity_e1_e2,inter_expert_similarity_e1_e3,inter_expert_similarity_e2_e0,inter_expert_similarity_e2_e1,inter_expert_similarity_e2_e2,inter_expert_similarity_e2_e3,inter_expert_similarity_e3_e0,inter_expert_similarity_e3_e1,inter_expert_similarity_e3_e2,inter_expert_similarity_e3_e3,intra_expert_coherence_e0,intra_expert_coherence_e1,intra_expert_coherence_e2,intra_expert_coherence_e3,load_cv,load_max_min_ratio,overall_task_conflict_cos,router_entropy,router_load_e0,router_load_e1,router_load_e2,router_load_e3,task_acc__glue_cola,task_acc__glue_mrpc,task_acc__glue_rte,task_conflict_t0_t0,task_conflict_t0_t1,task_conflict_t0_t2,task_conflict_t1_t0,task_conflict_t1_t1,task_conflict_t1_t2,task_conflict_t2_t0,task_conflict_t2_t1,task_conflict_t2_t2,task_grad_norm_cv,task_loss__glue_cola,task_loss__glue_mrpc,task_loss__glue_rte,utilization_ratio
1.0,0.5241660475730896,0.625434026888282,0.7208788901259697,0.6150488555366905,0.7320725228429527,0.7734286477030595,0.8400482300667937,0.8865321705222797,0.9328530219965043,0.8885416481297177,0.886993767678824,0.5820750594139099,0.5124083757400513,0.49682191014289856,0.5308899879455566,0.5305488333106041,-0.060047780321026346,1.0,-0.16801077853951962,-0.3221957847557264,0.24530194492141028,-0.16801077853951962,1.0,-0.05719680099554673,-0.26401863870614717,-0.3221957847557264,-0.05719680099554673,1.0,0.20583337614937158,0.24530194492141028,-0.26401863870614717,0.20583337614937158,1.0,0.6888927328712029,0.86114457268631,0.6357755796638856,0.9079017055908398,0.424634724855423,3.767741199079183,0.6839403962063247,1.2671366454688486,0.10600537806749344,0.27899065613746643,0.39940083026885986,0.21560315787792206,0.6883988494726749,0.6838235294117647,0.4729241877256318,1.0,0.911785133349617,0.5586880293335038,0.911785133349617,1.0,0.5813480259358532,0.5586880293335038,0.5813480259358532,1.0,0.4175988514660504,0.6038869577851004,0.644704435970269,0.9476261747734888,0.75
