step,train_step_loss,train_acc,train_loss,val_acc,val_loss,router_entropy,router_load_e0,router_load_e1,router_load_e2,router_load_e3
30.0,0.542928566535314,0.6482456989533767,0.6088785464210255,0.6508968668755511,0.6122367720451564,0.6630753507768666,0.38450905680656433,0.46361446380615234,0.012385517358779907,0.13949088752269745
50.0,0.6650555034478506,0.6597947284271567,0.5975758474488165,0.6471860253320431,0.6166482513013739,0.6673186775986795,0.3682239055633545,0.5122647881507874,0.03229662403464317,0.08721479028463364
