step,train_step_loss,train_acc,train_loss,val_acc,val_loss,router_entropy,router_load_e0,router_load_e1,router_load_e2,router_load_e3
30.0,0.5695452044407526,0.6377778103791262,0.6362189656406961,0.6418056961839324,0.630859406803036,0.6776417560047574,0.5173605680465698,0.2956559956073761,0.09105979651212692,0.09592355787754059
50.0,0.5621152818202972,0.6759980348325155,0.5712070257479948,0.6577542238113313,0.587794604219209,0.6732419605056444,0.5323187708854675,0.13914506137371063,0.17388971149921417,0.15464618802070618
