step,train_step_loss,train_acc,train_loss,val_acc,val_loss,avg_intra_expert_coherence,expert_diversity_e0,expert_diversity_e1,expert_diversity_e2,expert_diversity_e3,expert_diversity_mean,expert_purity_e0,expert_purity_e1,expert_purity_e2,expert_purity_e3,expert_purity_mean,inter_expert_similarity,inter_expert_similarity_e0_e0,inter_expert_similarity_e0_e1,inter_expert_similarity_e0_e2,inter_expert_similarity_e0_e3,inter_expert_similarity_e1_e0,inter_expert_similarity_e1_e1,inter_expert_similarity_e1_e2,inter_expert_similarity_e1_e3,inter_expert_similarity_e2_e0,inter_expert_similarity_e2_e1,inter_expert_similarity_e2_e2,inter_expert_similarity_e2_e3,inter_expert_similarity_e3_e0,inter_expert_similarity_e3_e1,inter_expert_similarity_e3_e2,inter_expert_similarity_e3_e3,intra_expert_coherence_e0,intra_expert_coherence_e1,intra_expert_coherence_e2,intra_expert_coherence_e3,load_cv,load_max_min_ratio,overall_task_conflict_cos,router_entropy,router_load_e0,router_load_e1,router_load_e2,router_load_e3,task_acc__glue_rte,task_conflict_t0_t0,task_grad_norm_cv,task_loss__glue_rte,utilization_ratio
50.0,0.7250612676143646,0.5016064257028112,0.6998092997532624,0.5270758122743683,0.6913443240854475,1.0,0.0,0.0,0.0,0.0,0.0,1.0,1.0,1.0,1.0,1.0,0.002207079920630693,1.0,0.0,0.0,0.0,0.0,1.0,0.0,0.0,0.0,0.0,1.0,0.013242479523784158,0.0,0.0,0.013242479523784158,1.0,1.0,1.0,1.0,1.0,1.731587799598241,999799609184.2651,1.0,0.0019073066157070308,0.0,0.0,0.00020045739074703306,0.9997996091842651,0.5270758122743683,1.0,0.0,0.6913443240854475,0.25
100.0,0.7379893064498901,0.4983935742971888,0.6932833323111901,0.4729241877256318,0.6942264669471316,1.0,0.0,0.0,0.0,0.0,0.0,1.0,1.0,1.0,1.0,1.0,0.0017589815775520493,1.0,0.0,0.0,0.0,0.0,1.0,0.0,0.0,0.0,0.0,1.0,0.010553889465312296,0.0,0.0,0.010553889465312296,1.0,1.0,1.0,1.0,1.0,1.7300408851954157,999129772186.2793,1.0,0.007004645219348398,0.0,0.0,0.0008705944637767971,0.9991297721862793,0.4729241877256318,1.0,0.0,0.6942264669471316,0.25
150.0,0.7455578744411469,0.5016064257028112,0.6962672156783251,0.5270758122743683,0.690357580780983,1.0,0.0,0.0,0.0,0.0,0.0,1.0,1.0,1.0,1.0,1.0,-0.0017247098997786715,1.0,0.0,0.0,0.0,0.0,1.0,0.0,0.0,0.0,0.0,1.0,-0.01034825939867203,0.0,0.0,-0.01034825939867203,1.0,1.0,1.0,1.0,1.0,1.73122955263636,999644815921.7834,1.0,0.003180200570273055,0.0,0.0,0.00035566830774769187,0.9996448159217834,0.5270758122743683,1.0,0.0,0.690357580780983,0.25
