step,train_step_loss,train_acc,train_loss,val_acc,val_loss,avg_intra_expert_coherence,expert_diversity_e0,expert_diversity_e1,expert_diversity_e2,expert_diversity_e3,expert_diversity_mean,expert_purity_e0,expert_purity_e1,expert_purity_e2,expert_purity_e3,expert_purity_mean,inter_expert_similarity,inter_expert_similarity_e0_e0,inter_expert_similarity_e0_e1,inter_expert_similarity_e0_e2,inter_expert_similarity_e0_e3,inter_expert_similarity_e1_e0,inter_expert_similarity_e1_e1,inter_expert_similarity_e1_e2,inter_expert_similarity_e1_e3,inter_expert_similarity_e2_e0,inter_expert_similarity_e2_e1,inter_expert_similarity_e2_e2,inter_expert_similarity_e2_e3,inter_expert_similarity_e3_e0,inter_expert_similarity_e3_e1,inter_expert_similarity_e3_e2,inter_expert_similarity_e3_e3,intra_expert_coherence_e0,intra_expert_coherence_e1,intra_expert_coherence_e2,intra_expert_coherence_e3,load_cv,load_max_min_ratio,overall_task_conflict_cos,router_entropy,router_load_e0,router_load_e1,router_load_e2,router_load_e3,task_acc__glue_rte,task_conflict_t0_t0,task_grad_norm_cv,task_loss__glue_rte,utilization_ratio
50.0,0.6847262382507324,0.4983935742971888,0.6933421852114873,0.4729241877256318,0.69454858203729,1.0,0.0,0.0,0.0,0.0,0.0,1.0,1.0,1.0,1.0,1.0,0.0007874535787801455,1.0,0.0,0.0,0.0,0.0,1.0,0.004724721472680873,0.0,0.0,0.004724721472680873,1.0,0.0,0.0,0.0,0.0,1.0,1.0,1.0,1.0,1.0,1.731958182816722,999960005283.3557,1.0,0.00044586813827095695,0.0,4.00821263610851e-05,0.9999600052833557,0.0,0.4729241877256318,1.0,0.0,0.69454858203729,0.25
100.0,0.6532297134399414,0.5016064257028112,0.7103349205775138,0.5270758122743683,0.696806326508522,1.0,0.0,0.0,0.0,0.0,0.0,1.0,1.0,1.0,1.0,1.0,0.0056659621161790135,1.0,0.0,0.0,0.0,0.0,1.0,0.03399577269707408,0.0,0.0,0.03399577269707408,1.0,0.0,0.0,0.0,0.0,1.0,1.0,1.0,1.0,1.0,1.7319180412487885,999942719936.3708,1.0,0.0006187174549924768,0.0,5.748241892433725e-05,0.9999427199363708,0.0,0.5270758122743683,1.0,0.0,0.696806326508522,0.25
150.0,0.657508373260498,0.5016064257028112,0.7137208517545309,0.5270758122743683,0.6989362703429328,1.0,0.0,0.0,0.0,0.0,0.0,1.0,1.0,1.0,1.0,1.0,-0.0029499253488468567,1.0,0.0,0.0,0.0,0.0,1.0,-0.01769955209308114,0.0,0.0,-0.01769955209308114,1.0,0.0,0.0,0.0,0.0,1.0,1.0,1.0,1.0,1.0,1.7315905181929978,999801158905.0293,1.0,0.0018976265530939137,0.0,0.0001993282203329727,0.9998011589050293,0.0,0.5270758122743683,1.0,0.0,0.6989362703429328,0.25
