step,train_step_loss,train_acc,train_loss,val_acc,val_loss,avg_intra_expert_coherence,expert_diversity_e0,expert_diversity_e1,expert_diversity_e2,expert_diversity_e3,expert_diversity_mean,expert_purity_e0,expert_purity_e1,expert_purity_e2,expert_purity_e3,expert_purity_mean,inter_expert_similarity,inter_expert_similarity_e0_e0,inter_expert_similarity_e0_e1,inter_expert_similarity_e0_e2,inter_expert_similarity_e0_e3,inter_expert_similarity_e1_e0,inter_expert_similarity_e1_e1,inter_expert_similarity_e1_e2,inter_expert_similarity_e1_e3,inter_expert_similarity_e2_e0,inter_expert_similarity_e2_e1,inter_expert_similarity_e2_e2,inter_expert_similarity_e2_e3,inter_expert_similarity_e3_e0,inter_expert_similarity_e3_e1,inter_expert_similarity_e3_e2,inter_expert_similarity_e3_e3,intra_expert_coherence_e0,intra_expert_coherence_e1,intra_expert_coherence_e2,intra_expert_coherence_e3,load_cv,load_max_min_ratio,overall_task_conflict_cos,router_entropy,router_load_e0,router_load_e1,router_load_e2,router_load_e3,task_acc__glue_rte,task_conflict_t0_t0,task_grad_norm_cv,task_loss__glue_rte,utilization_ratio
50.0,0.6485723555088043,0.5016064257028112,0.7564848135679196,0.5270758122743683,0.7308367292086283,1.0,0.0,0.0,0.0,0.0,0.0,1.0,1.0,1.0,1.0,1.0,0.007876416711640518,1.0,0.0,0.04725850026984311,0.0,0.0,1.0,0.0,0.0,0.04725850026984311,0.0,1.0,0.0,0.0,0.0,0.0,1.0,1.0,1.0,1.0,1.0,1.7320507764816284,1000000000000.0,1.0,1.2965698373269525e-07,1.0,0.0,6.896555326818543e-09,0.0,0.5270758122743683,1.0,0.0,0.7308367292086283,0.25
100.0,0.6914460062980652,0.5016064257028112,0.6988829255486146,0.5270758122743683,0.6909690962897407,1.0,0.0,0.0,0.0,0.0,0.0,1.0,1.0,1.0,1.0,1.0,0.0013382872593412506,1.0,0.0,0.008029723556047504,0.0,0.0,1.0,0.0,0.0,0.008029723556047504,0.0,1.0,0.0,0.0,0.0,0.0,1.0,1.0,1.0,1.0,1.0,1.7320503315865599,999999880790.7104,1.0,3.32992067834781e-06,0.9999998807907104,0.0,2.0044764426074835e-07,0.0,0.5270758122743683,1.0,0.0,0.6909690962897407,0.25
150.0,0.7508004605770111,0.5016064257028112,0.7104466274762765,0.5270758122743683,0.6968188269270791,1.0,0.0,0.0,0.0,0.0,0.0,1.0,1.0,1.0,1.0,1.0,0.0017903054938152837,1.0,0.0,0.010741832962891702,0.0,0.0,1.0,0.0,0.0,0.010741832962891702,0.0,1.0,0.0,0.0,0.0,0.0,1.0,1.0,1.0,1.0,1.0,1.7320439016949838,999996721744.5374,1.0,4.062107121168437e-05,0.9999967217445374,0.0,2.9565071599790826e-06,0.0,0.5270758122743683,1.0,0.0,0.6968188269270791,0.25
