step,train_step_loss,train_acc,train_loss,val_acc,val_loss,avg_intra_expert_coherence,expert_diversity_e0,expert_diversity_e1,expert_diversity_e2,expert_diversity_e3,expert_diversity_mean,expert_purity_e0,expert_purity_e1,expert_purity_e2,expert_purity_e3,expert_purity_mean,inter_expert_similarity,inter_expert_similarity_e0_e0,inter_expert_similarity_e0_e1,inter_expert_similarity_e0_e2,inter_expert_similarity_e0_e3,inter_expert_similarity_e1_e0,inter_expert_similarity_e1_e1,inter_expert_similarity_e1_e2,inter_expert_similarity_e1_e3,inter_expert_similarity_e2_e0,inter_expert_similarity_e2_e1,inter_expert_similarity_e2_e2,inter_expert_similarity_e2_e3,inter_expert_similarity_e3_e0,inter_expert_similarity_e3_e1,inter_expert_similarity_e3_e2,inter_expert_similarity_e3_e3,intra_expert_coherence_e0,intra_expert_coherence_e1,intra_expert_coherence_e2,intra_expert_coherence_e3,load_cv,load_max_min_ratio,overall_task_conflict_cos,router_entropy,router_load_e0,router_load_e1,router_load_e2,router_load_e3,task_acc__glue_rte,task_conflict_t0_t0,task_grad_norm_cv,task_loss__glue_rte,utilization_ratio
50.0,0.6981975138187408,0.4983935742971888,0.6931476925428097,0.4729241877256318,0.6931585487392213,1.0,0.0,0.0,0.0,0.0,0.0,1.0,1.0,1.0,1.0,1.0,0.0022880394556870987,1.0,0.0,0.0,0.0,0.0,1.0,0.013728236734122592,0.0,0.0,0.013728236734122592,1.0,0.0,0.0,0.0,0.0,1.0,1.0,1.0,1.0,1.0,1.7285195589065552,998470127582.55,1.0,0.011446184280331815,0.0,0.99847012758255,0.0015298683429136872,0.0,0.4729241877256318,1.0,0.0,0.6931585487392213,0.25
100.0,0.6289473474025726,0.5016064257028112,0.7227658294332333,0.5270758122743683,0.705052869187461,1.0,0.0,0.0,0.0,0.0,0.0,1.0,1.0,1.0,1.0,1.0,-7.4913679238518295e-06,1.0,-4.494820754311098e-05,0.0,0.0,-4.494820754311098e-05,1.0,0.0,0.0,0.0,0.0,1.0,0.0,0.0,0.0,0.0,1.0,1.0,1.0,1.0,1.0,1.7319943585389088,999975442886.3525,1.0,0.00028423847469235587,2.4467590264976025e-05,0.9999754428863525,0.0,0.0,0.5270758122743683,1.0,0.0,0.705052869187461,0.25
150.0,0.682845413684845,0.5016064257028112,0.6948493405030324,0.5270758122743683,0.6904157565699683,1.0,0.0,0.0,0.0,0.0,0.0,1.0,1.0,1.0,1.0,1.0,0.001204968228890499,1.0,0.0,0.0,0.0,0.0,1.0,0.007229809373342995,0.0,0.0,0.007229809373342995,1.0,0.0,0.0,0.0,0.0,1.0,1.0,1.0,1.0,1.0,1.731187343597412,999626100063.324,1.0,0.0033249092500132345,0.0,0.999626100063324,0.0003739549720194191,0.0,0.5270758122743683,1.0,0.0,0.6904157565699683,0.25
