step,train_step_loss,train_acc,train_loss,val_acc,val_loss,avg_intra_expert_coherence,expert_diversity_e0,expert_diversity_e1,expert_diversity_e2,expert_diversity_e3,expert_diversity_mean,expert_purity_e0,expert_purity_e1,expert_purity_e2,expert_purity_e3,expert_purity_mean,inter_expert_similarity,inter_expert_similarity_e0_e0,inter_expert_similarity_e0_e1,inter_expert_similarity_e0_e2,inter_expert_similarity_e0_e3,inter_expert_similarity_e1_e0,inter_expert_similarity_e1_e1,inter_expert_similarity_e1_e2,inter_expert_similarity_e1_e3,inter_expert_similarity_e2_e0,inter_expert_similarity_e2_e1,inter_expert_similarity_e2_e2,inter_expert_similarity_e2_e3,inter_expert_similarity_e3_e0,inter_expert_similarity_e3_e1,inter_expert_similarity_e3_e2,inter_expert_similarity_e3_e3,intra_expert_coherence_e0,intra_expert_coherence_e1,intra_expert_coherence_e2,intra_expert_coherence_e3,load_cv,load_max_min_ratio,overall_task_conflict_cos,router_entropy,router_load_e0,router_load_e1,router_load_e2,router_load_e3,task_acc__glue_sst2,task_conflict_t0_t0,task_grad_norm_cv,task_loss__glue_sst2,utilization_ratio
50.0,1.1144810318946838,0.44217434557305973,0.7978192986933749,0.4908256880733945,0.7628312861377543,1.0,0.0,0.0,0.0,0.0,0.0,1.0,1.0,1.0,1.0,1.0,0.017061490566194205,1.0,0.0,0.0,0.0,0.0,1.0,0.0,0.10236894339716524,0.0,0.0,1.0,0.0,0.0,0.10236894339716524,0.0,1.0,1.0,1.0,1.0,1.0,1.001004040301087,515847146511.0779,1.0,0.6926448181134846,0.0,0.48415279388427734,0.0,0.5158471465110779,0.4908256880733945,1.0,0.0,0.7628312861377543,0.5
100.0,0.720552384853363,0.5578256544269403,0.6897913104281572,0.5091743119266054,0.7091214364225215,1.0,0.0,0.0,0.0,0.0,0.0,1.0,1.0,1.0,1.0,1.0,-0.002597741975986476,1.0,0.0,0.0,0.0,0.0,1.0,0.0,-0.015586451855918854,0.0,0.0,1.0,0.0,0.0,-0.015586451855918854,0.0,1.0,1.0,1.0,1.0,1.0,1.0093650817871094,548500001430.5115,1.0,0.688435305696015,0.0,0.45149996876716614,0.0,0.5485000014305115,0.5091743119266054,1.0,0.0,0.7091214364225215,0.5
150.0,0.6985466182231903,0.5578256544269403,0.6894192181686891,0.5091743119266054,0.6931929544969039,1.0,0.0,0.0,0.0,0.0,0.0,1.0,1.0,1.0,1.0,1.0,0.007968884327483041,1.0,0.0,0.0,0.0,0.0,1.0,0.0,0.047813305964898245,0.0,0.0,1.0,0.0,0.0,0.047813305964898245,0.0,1.0,1.0,1.0,1.0,1.0,1.0186687167491664,568634688854.2175,1.0,0.6836957931518555,0.0,0.4313650131225586,0.0,0.5686346888542175,0.5091743119266054,1.0,0.0,0.6931929544969039,0.5
