step,train_step_loss,train_acc,train_loss,val_acc,val_loss,avg_intra_expert_coherence,expert_diversity_e0,expert_diversity_e1,expert_diversity_e2,expert_diversity_e3,expert_diversity_mean,expert_purity_e0,expert_purity_e1,expert_purity_e2,expert_purity_e3,expert_purity_mean,inter_expert_similarity,inter_expert_similarity_e0_e0,inter_expert_similarity_e0_e1,inter_expert_similarity_e0_e2,inter_expert_similarity_e0_e3,inter_expert_similarity_e1_e0,inter_expert_similarity_e1_e1,inter_expert_similarity_e1_e2,inter_expert_similarity_e1_e3,inter_expert_similarity_e2_e0,inter_expert_similarity_e2_e1,inter_expert_similarity_e2_e2,inter_expert_similarity_e2_e3,inter_expert_similarity_e3_e0,inter_expert_similarity_e3_e1,inter_expert_similarity_e3_e2,inter_expert_similarity_e3_e3,intra_expert_coherence_e0,intra_expert_coherence_e1,intra_expert_coherence_e2,intra_expert_coherence_e3,load_cv,load_max_min_ratio,overall_task_conflict_cos,router_entropy,router_load_e0,router_load_e1,router_load_e2,router_load_e3,task_acc__glue_sst2,task_conflict_t0_t0,task_grad_norm_cv,task_loss__glue_sst2,utilization_ratio
50.0,0.7120530903339386,0.44217434557305973,0.6958942067453244,0.4908256880733945,0.6937781003388491,1.0,0.0,0.0,0.0,0.0,0.0,1.0,1.0,1.0,1.0,1.0,-0.09959444183860726,1.0,0.0,0.0,-0.5975666510316435,0.0,1.0,0.0,0.0,0.0,0.0,1.0,0.0,-0.5975666510316435,0.0,0.0,1.0,1.0,1.0,1.0,1.0,1.0023374554708653,524187922477.72217,1.0,0.6919766068458557,0.475812166929245,0.0,0.0,0.5241879224777222,0.4908256880733945,1.0,0.0,0.6937781003388491,0.5
100.0,0.6954242587089539,0.5578256544269403,0.6884230376988861,0.5091743119266054,0.6935823451388966,1.0,0.0,0.0,0.0,0.0,0.0,1.0,1.0,1.0,1.0,1.0,0.06507104251567285,1.0,0.0,0.0,0.39042625509403706,0.0,1.0,0.0,0.0,0.0,0.0,1.0,0.0,0.39042625509403706,0.0,0.0,1.0,1.0,1.0,1.0,1.0,1.238985380279739,758621871471.405,1.0,0.5526624021180179,0.2413773089647293,0.0,0.0,0.758621871471405,0.5091743119266054,1.0,0.0,0.6935823451388966,0.5
150.0,0.6828101277351379,0.5578256544269403,0.6871983900276896,0.5091743119266054,0.6947150831872767,1.0,0.0,0.0,0.0,0.0,0.0,1.0,1.0,1.0,1.0,1.0,0.03775789718229083,1.0,0.0,0.0,0.22654738309374498,0.0,1.0,0.0,0.0,0.0,0.0,1.0,0.0,0.22654738309374498,0.0,0.0,1.0,1.0,1.0,1.0,1.0,1.3230520138492519,806281805038.4521,1.0,0.491570508808171,0.19371865689754486,0.0,0.0,0.8062818050384521,0.5091743119266054,1.0,0.0,0.6947150831872767,0.5
