step,train_step_loss,train_acc,train_loss,val_acc,val_loss,avg_intra_expert_coherence,expert_diversity_e0,expert_diversity_e1,expert_diversity_e2,expert_diversity_e3,expert_diversity_mean,expert_purity_e0,expert_purity_e1,expert_purity_e2,expert_purity_e3,expert_purity_mean,inter_expert_similarity,inter_expert_similarity_e0_e0,inter_expert_similarity_e0_e1,inter_expert_similarity_e0_e2,inter_expert_similarity_e0_e3,inter_expert_similarity_e1_e0,inter_expert_similarity_e1_e1,inter_expert_similarity_e1_e2,inter_expert_similarity_e1_e3,inter_expert_similarity_e2_e0,inter_expert_similarity_e2_e1,inter_expert_similarity_e2_e2,inter_expert_similarity_e2_e3,inter_expert_similarity_e3_e0,inter_expert_similarity_e3_e1,inter_expert_similarity_e3_e2,inter_expert_similarity_e3_e3,intra_expert_coherence_e0,intra_expert_coherence_e1,intra_expert_coherence_e2,intra_expert_coherence_e3,load_cv,load_max_min_ratio,overall_task_conflict_cos,router_entropy,router_load_e0,router_load_e1,router_load_e2,router_load_e3,task_acc__glue_cola,task_acc__glue_mrpc,task_acc__glue_rte,task_conflict_t0_t0,task_conflict_t0_t1,task_conflict_t0_t2,task_conflict_t1_t0,task_conflict_t1_t1,task_conflict_t1_t2,task_conflict_t2_t0,task_conflict_t2_t1,task_conflict_t2_t2,task_grad_norm_cv,task_loss__glue_cola,task_loss__glue_mrpc,task_loss__glue_rte,utilization_ratio
1.0,3.5273421804110208,0.39455870302811197,2.0410013193208276,0.4143989414792076,2.0013726062434425,0.9788029574954328,0.30802785707372143,0.7470334732809684,0.822871097420655,0.694570742856746,0.6431257926580227,0.9174765944480896,0.6507587432861328,0.5787395238876343,0.7039954662322998,0.7127425819635391,-0.02749558174003198,1.0,-0.37237185808978485,0.10828834976540175,0.16154096096102316,-0.37237185808978485,1.0,-0.24089462051565627,-0.24751330970495602,0.10828834976540175,-0.24089462051565627,1.0,0.42597698714378035,0.16154096096102316,-0.24751330970495602,0.42597698714378035,1.0,0.9668058269508092,0.9800650784652655,0.9791826880601492,0.9891582365055073,0.5526546365391342,13.688655151787732,0.9022623860367099,1.055330967599595,0.02861747518181801,0.24462462961673737,0.3350229263305664,0.3917347490787506,0.3068072866730585,0.40931372549019607,0.5270758122743683,1.0,0.8604608568779396,0.9727884335883217,0.8604608568779396,1.0,0.8735378676438688,0.9727884335883217,0.8735378676438688,1.0,0.6802105856416453,2.9644173078864586,1.3287791557171766,1.7109213551266917,0.75
