step,train_step_loss,train_acc,train_loss,val_acc,val_loss,alignment_reward,l_conflict,l_conflict_e0,l_conflict_e1,l_conflict_e2,l_conflict_e3,router_conflict_grad_l2,router_entropy,router_load_e0,router_load_e1,router_load_e2,router_load_e3
30.0,1.112623661756516,0.3484700520833333,1.1055534270902474,0.3349609375,1.10763730853796,0.00642157718539238,-0.00642157718539238,-0.0018735586199909449,-0.001507192151620984,-0.0013084827223792672,-0.00173234345857054,0.0,1.371718240280946,0.29479390382766724,0.24262724816799164,0.19355125725269318,0.2690276503562927
60.0,1.1100079740087199,0.3359375,1.0996310220410426,0.3356119791666667,1.1051213219761848,0.003447015304118395,-0.003447015304118395,-0.0009627214167267084,-0.0008266608929261565,-0.00078722951002419,-0.0008704033098183572,0.0,1.37962510685126,0.2829348146915436,0.24469268321990967,0.22358380258083344,0.24878866970539093
90.0,1.1042412171761196,0.35498046875,1.0953790408869584,0.3268229166666667,1.102408344546954,0.0014607019256800413,-0.0014607019256800413,-0.0004153581685386598,-0.00035525468410924077,-0.0003254059993196279,-0.00036468307371251285,0.0,1.3778504927953084,0.2903503179550171,0.24459664523601532,0.21804559230804443,0.24700738489627838
100.0,1.0826389094193785,0.3579915364583333,1.0999692790210247,0.3251953125,1.1077736765146255,0.001643093302845955,-0.001643093302845955,-0.0004724652972072363,-0.0003933135012630373,-0.0003673007304314524,-0.0004100138321518898,0.0,1.3773371924956639,0.29335618019104004,0.23564589023590088,0.2202301025390625,0.2507677674293518
