step,train_step_loss,train_acc,train_loss,val_acc,val_loss,alignment_reward,l_conflict,l_conflict_e0,l_conflict_e1,l_conflict_e2,l_conflict_e3,router_conflict_grad_l2,router_entropy,router_load_e0,router_load_e1,router_load_e2,router_load_e3
30.0,1.0957912206649785,0.3492024739583333,1.0970130221297343,0.3336588541666667,1.100007986028989,0.0014860730152577162,-0.0014860730152577162,-0.00030331878224387765,-0.0003624984819907695,-0.0004269782511983067,-0.000393277412513271,0.0,1.3726901039481163,0.19851447641849518,0.240325465798378,0.29840242862701416,0.26275771856307983
60.0,1.1000210344791417,0.35888671875,1.097891366109252,0.3294270833333333,1.1059140513340633,0.003258934011682868,-0.003258934011682868,-0.0006489222287200391,-0.0007895598537288606,-0.0009772666962817311,-0.0008431852329522371,0.0,1.372539035975933,0.19892269372940063,0.2442840188741684,0.3018418550491333,0.25495150685310364
90.0,1.1001208176215493,0.3794759114583333,1.0918864645063877,0.3294270833333333,1.1021285528937976,0.002729026135057211,-0.002729026135057211,-0.0005607003113254905,-0.0006543056224472821,-0.0008281647460535169,-0.0006858554552309215,0.0,1.3729901413122814,0.20214660465717316,0.24200278520584106,0.3027573525905609,0.25309324264526367
100.0,1.0998884290456774,0.3911946614583333,1.0903515703976154,0.3274739583333333,1.1014825503031414,0.0032540378160774708,-0.0032540378160774708,-0.0006792527274228632,-0.000769046600908041,-0.0009939870797097683,-0.0008117515244521201,0.0,1.3730759372313817,0.20566660165786743,0.24004100263118744,0.305509477853775,0.24878300726413727
