step,train_step_loss,train_acc,train_loss,val_acc,val_loss,alignment_reward,l_conflict,l_conflict_e0,l_conflict_e1,l_conflict_e2,l_conflict_e3,router_conflict_grad_l2,router_entropy,router_load_e0,router_load_e1,router_load_e2,router_load_e3
30.0,1.1024204641580584,0.34912109375,1.0981403874854248,0.32421875,1.1037841240564983,0.004641660489141941,-0.004641660489141941,-0.0011928918538615108,-0.0010920687345787883,-0.0011237123981118202,-0.0012329877354204655,0.0,1.3813300256927807,0.25055885314941406,0.2402973771095276,0.23703746497631073,0.2721063494682312
60.0,1.1151763002077746,0.3421223958333333,1.102483504762252,0.3375651041666667,1.1133584355314572,0.0051645552739501,-0.0051645552739501,-0.0012398011749610305,-0.001140841282904148,-0.0013867778470739722,-0.0013971347361803055,0.0,1.3804230019450188,0.24091078341007233,0.2283286601305008,0.2567525804042816,0.27400800585746765
90.0,1.1042197247346246,0.3407389322916667,1.1025032897790272,0.3372395833333333,1.1113845457633336,0.002259791363030672,-0.002259791363030672,-0.0005488638416863978,-0.0004973575123585761,-0.0005904663121327758,-0.0006231037550605834,0.0,1.3798130204280217,0.24373061954975128,0.22213613986968994,0.26346319913864136,0.270670086145401
100.0,1.0998927752176926,0.3605143229166667,1.1073468855271738,0.3326822916666667,1.1164968013763428,0.0022249771282076836,-0.0022249771282076836,-0.0005630890955217183,-0.0004749649087898433,-0.0005648242076858878,-0.0006220989162102342,0.0,1.3795766706267993,0.25545620918273926,0.21962493658065796,0.2508310377597809,0.2740878760814667
