step,train_step_loss,train_acc,train_loss,val_acc,val_loss,alignment_reward,l_conflict,l_conflict_e0,l_conflict_e1,l_conflict_e2,l_conflict_e3,router_conflict_grad_l2,router_entropy,router_load_e0,router_load_e1,router_load_e2,router_load_e3
5.0,0.6887190242608389,0.625745881252294,0.6723114160130687,0.6160076283075439,0.6801557188303793,0.18209950625896454,-0.18209950625896454,-0.05250090733170509,-0.03906525298953056,-0.06042666733264923,-0.0301066804677248,0.0,1.3117034810560722,0.26790058612823486,0.23058877885341644,0.35701218247413635,0.14449848234653473
