step,train_step_loss,train_acc,train_loss,val_acc,val_loss,avg_intra_expert_coherence,expert_diversity_e0,expert_diversity_e1,expert_diversity_e2,expert_diversity_e3,expert_diversity_mean,expert_purity_e0,expert_purity_e1,expert_purity_e2,expert_purity_e3,expert_purity_mean,inter_expert_similarity,inter_expert_similarity_e0_e0,inter_expert_similarity_e0_e1,inter_expert_similarity_e0_e2,inter_expert_similarity_e0_e3,inter_expert_similarity_e1_e0,inter_expert_similarity_e1_e1,inter_expert_similarity_e1_e2,inter_expert_similarity_e1_e3,inter_expert_similarity_e2_e0,inter_expert_similarity_e2_e1,inter_expert_similarity_e2_e2,inter_expert_similarity_e2_e3,inter_expert_similarity_e3_e0,inter_expert_similarity_e3_e1,inter_expert_similarity_e3_e2,inter_expert_similarity_e3_e3,intra_expert_coherence_e0,intra_expert_coherence_e1,intra_expert_coherence_e2,intra_expert_coherence_e3,load_cv,load_max_min_ratio,overall_task_conflict_cos,router_entropy,router_load_e0,router_load_e1,router_load_e2,router_load_e3,task_acc__glue_rte,task_conflict_t0_t0,task_grad_norm_cv,task_loss__glue_rte,utilization_ratio
50.0,0.6874864995479584,0.4983935742971888,0.7043400280368635,0.4729241877256318,0.714872635073132,1.0,0.0,0.0,0.0,0.0,0.0,1.0,1.0,1.0,1.0,1.0,0.06548919550298528,1.0,0.3929351730179117,0.0,0.0,0.3929351730179117,1.0,0.0,0.0,0.0,0.0,1.0,0.0,0.0,0.0,0.0,1.0,1.0,1.0,1.0,1.0,1.2208727071588739,747621417045.5933,1.0,0.5649333688756619,0.25237879157066345,0.7476214170455933,0.0,0.0,0.4729241877256318,1.0,0.0,0.714872635073132,0.5
100.0,0.7261543869972229,0.4983935742971888,0.6939363231643652,0.4729241877256318,0.6965190536446042,1.0,0.0,0.0,0.0,0.0,0.0,1.0,1.0,1.0,1.0,1.0,-0.009957190040469525,1.0,0.0,0.0,0.0,0.0,1.0,0.0,-0.05974314024281715,0.0,0.0,1.0,0.0,0.0,-0.05974314024281715,0.0,1.0,1.0,1.0,1.0,1.0,1.144945740699768,697135984897.6135,1.0,0.6132714748382568,0.0,0.6971359848976135,0.0,0.30286404490470886,0.4729241877256318,1.0,0.0,0.6965190536446042,0.5
150.0,0.7137761414051056,0.5016064257028112,0.6931432554355035,0.5270758122743683,0.69305034312937,1.0,0.0,0.0,0.0,0.0,0.0,1.0,1.0,1.0,1.0,1.0,0.0520478541201407,1.0,0.0,0.0,0.0,0.0,1.0,0.0,0.3122871247208442,0.0,0.0,1.0,0.0,0.0,0.3122871247208442,0.0,1.0,1.0,1.0,1.0,1.0,1.354287855283789,822896480560.3027,1.0,0.46697330474853516,0.0,0.8228964805603027,0.0,0.17710383236408234,0.5270758122743683,1.0,0.0,0.69305034312937,0.5
