step,train_step_loss,train_acc,train_loss,val_acc,val_loss,avg_intra_expert_coherence,expert_diversity_e0,expert_diversity_e1,expert_diversity_e2,expert_diversity_e3,expert_diversity_mean,expert_purity_e0,expert_purity_e1,expert_purity_e2,expert_purity_e3,expert_purity_mean,inter_expert_similarity,inter_expert_similarity_e0_e0,inter_expert_similarity_e0_e1,inter_expert_similarity_e0_e2,inter_expert_similarity_e0_e3,inter_expert_similarity_e1_e0,inter_expert_similarity_e1_e1,inter_expert_similarity_e1_e2,inter_expert_similarity_e1_e3,inter_expert_similarity_e2_e0,inter_expert_similarity_e2_e1,inter_expert_similarity_e2_e2,inter_expert_similarity_e2_e3,inter_expert_similarity_e3_e0,inter_expert_similarity_e3_e1,inter_expert_similarity_e3_e2,inter_expert_similarity_e3_e3,intra_expert_coherence_e0,intra_expert_coherence_e1,intra_expert_coherence_e2,intra_expert_coherence_e3,load_cv,load_max_min_ratio,overall_task_conflict_cos,router_entropy,router_load_e0,router_load_e1,router_load_e2,router_load_e3,task_acc__glue_rte,task_conflict_t0_t0,task_grad_norm_cv,task_loss__glue_rte,utilization_ratio
50.0,0.6820701360702515,0.5016064257028112,0.6931435411939254,0.5270758122743683,0.6930820511447059,1.0,0.0,0.0,0.0,0.0,0.0,1.0,1.0,1.0,1.0,1.0,-0.010344018174897053,1.0,0.0,0.0,0.0,0.0,1.0,-0.062064109049382324,0.0,0.0,-0.062064109049382324,1.0,0.0,0.0,0.0,0.0,1.0,1.0,1.0,1.0,1.0,1.537739340989511,913013577461.2427,1.0,0.29550912922470146,0.0,0.08698629587888718,0.9130135774612427,0.0,0.5270758122743683,1.0,0.0,0.6930820511447059,0.25
100.0,0.7161814570426941,0.4983935742971888,0.6960312105524233,0.4729241877256318,0.7011929816669888,1.0,0.0,0.0,0.0,0.0,0.0,1.0,1.0,1.0,1.0,1.0,-0.027754494310981075,1.0,0.0,0.0,0.0,0.0,1.0,-0.16652696586588644,0.0,0.0,-0.16652696586588644,1.0,0.0,0.0,0.0,0.0,1.0,1.0,1.0,1.0,1.0,1.5122302741455378,901067614555.3589,1.0,0.32273146520883167,0.0,0.0989326760172844,0.9010676145553589,0.0,0.4729241877256318,1.0,0.0,0.7011929816669888,0.25
150.0,0.7096569836139679,0.5016064257028112,0.6959495544433594,0.5270758122743683,0.6903366049130758,1.0,0.0,0.0,0.0,0.0,0.0,1.0,1.0,1.0,1.0,1.0,-0.022080068300220287,1.0,0.0,0.0,0.0,0.0,1.0,-0.13248040980132172,0.0,0.0,-0.13248040980132172,1.0,0.0,0.0,0.0,0.0,1.0,1.0,1.0,1.0,1.0,1.5840551652776802,934343218803.4058,1.0,0.24225733082217,0.0,0.06565703451633453,0.9343432188034058,0.0,0.5270758122743683,1.0,0.0,0.6903366049130758,0.25
