step,train_step_loss,train_acc,train_loss,val_acc,val_loss,avg_intra_expert_coherence,expert_diversity_e0,expert_diversity_e1,expert_diversity_e2,expert_diversity_e3,expert_diversity_mean,expert_purity_e0,expert_purity_e1,expert_purity_e2,expert_purity_e3,expert_purity_mean,inter_expert_similarity,inter_expert_similarity_e0_e0,inter_expert_similarity_e0_e1,inter_expert_similarity_e0_e2,inter_expert_similarity_e0_e3,inter_expert_similarity_e1_e0,inter_expert_similarity_e1_e1,inter_expert_similarity_e1_e2,inter_expert_similarity_e1_e3,inter_expert_similarity_e2_e0,inter_expert_similarity_e2_e1,inter_expert_similarity_e2_e2,inter_expert_similarity_e2_e3,inter_expert_similarity_e3_e0,inter_expert_similarity_e3_e1,inter_expert_similarity_e3_e2,inter_expert_similarity_e3_e3,intra_expert_coherence_e0,intra_expert_coherence_e1,intra_expert_coherence_e2,intra_expert_coherence_e3,load_cv,load_max_min_ratio,overall_task_conflict_cos,router_entropy,router_load_e0,router_load_e1,router_load_e2,router_load_e3,task_acc__glue_rte,task_conflict_t0_t0,task_grad_norm_cv,task_loss__glue_rte,utilization_ratio
50.0,0.7548717260360718,0.4983935742971888,0.7002538756682323,0.4729241877256318,0.7083291129933463,1.0,0.0,0.0,0.0,0.0,0.0,1.0,1.0,1.0,1.0,1.0,0.006851827405774572,1.0,0.0,0.0,0.0,0.0,1.0,0.0,0.0,0.0,0.0,1.0,0.041110964434647436,0.0,0.0,0.041110964434647436,1.0,1.0,1.0,1.0,1.0,1.0237112045288086,577447235584.259,1.0,0.6811025900100542,0.0,0.0,0.577447235584259,0.42255279421806335,0.4729241877256318,1.0,0.0,0.7083291129933463,0.5
100.0,0.7296494543552399,0.4983935742971888,0.7076987086198269,0.4729241877256318,0.719631658660041,1.0,0.0,0.0,0.0,0.0,0.0,1.0,1.0,1.0,1.0,1.0,-0.016139873645214627,1.0,0.0,0.0,0.0,0.0,1.0,0.0,0.0,0.0,0.0,1.0,-0.09683924187128776,0.0,0.0,-0.09683924187128776,1.0,1.0,1.0,1.0,1.0,1.0381252765655518,598554551601.4099,1.0,0.673593473778735,0.0,0.0,0.5985545516014099,0.4014454782009125,0.4729241877256318,1.0,0.0,0.719631658660041,0.5
150.0,0.7063657343387604,0.5016064257028112,0.6933625384018972,0.5270758122743683,0.6916246232059267,1.0,0.0,0.0,0.0,0.0,0.0,1.0,1.0,1.0,1.0,1.0,0.017705545963434644,1.0,0.0,0.10623327578060787,0.0,0.0,1.0,0.0,0.0,0.10623327578060787,0.0,1.0,0.0,0.0,0.0,0.0,1.0,1.0,1.0,1.0,1.0,1.1189314268745694,677484929561.615,1.0,0.6287506444359514,0.32251495122909546,0.0,0.677484929561615,0.0,0.5270758122743683,1.0,0.0,0.6916246232059267,0.5
