step,train_step_loss,train_acc,train_loss,val_acc,val_loss,avg_intra_expert_coherence,expert_diversity_e0,expert_diversity_e1,expert_diversity_e2,expert_diversity_e3,expert_diversity_mean,expert_purity_e0,expert_purity_e1,expert_purity_e2,expert_purity_e3,expert_purity_mean,inter_expert_similarity,inter_expert_similarity_e0_e0,inter_expert_similarity_e0_e1,inter_expert_similarity_e0_e2,inter_expert_similarity_e0_e3,inter_expert_similarity_e1_e0,inter_expert_similarity_e1_e1,inter_expert_similarity_e1_e2,inter_expert_similarity_e1_e3,inter_expert_similarity_e2_e0,inter_expert_similarity_e2_e1,inter_expert_similarity_e2_e2,inter_expert_similarity_e2_e3,inter_expert_similarity_e3_e0,inter_expert_similarity_e3_e1,inter_expert_similarity_e3_e2,inter_expert_similarity_e3_e3,intra_expert_coherence_e0,intra_expert_coherence_e1,intra_expert_coherence_e2,intra_expert_coherence_e3,load_cv,load_max_min_ratio,overall_task_conflict_cos,router_entropy,router_load_e0,router_load_e1,router_load_e2,router_load_e3,task_acc__glue_rte,task_conflict_t0_t0,task_grad_norm_cv,task_loss__glue_rte,utilization_ratio
50.0,0.6871839165687561,0.4983935742971888,0.7106938324677639,0.4729241877256318,0.7239402317338519,1.0,0.0,0.0,0.0,0.0,0.0,1.0,1.0,1.0,1.0,1.0,-0.05959891787791283,1.0,0.0,0.0,0.0,0.0,1.0,-0.35759350726747696,0.0,0.0,-0.35759350726747696,1.0,0.0,0.0,0.0,0.0,1.0,1.0,1.0,1.0,1.0,1.0032018423080444,528314888477.32544,1.0,0.6915428526565056,0.0,0.5283148884773254,0.47168514132499695,0.0,0.4729241877256318,1.0,0.0,0.7239402317338519,0.5
100.0,0.7151345312595367,0.4983935742971888,0.6933406434380092,0.4729241877256318,0.694505019320382,1.0,0.0,0.0,0.0,0.0,0.0,1.0,1.0,1.0,1.0,1.0,-0.017453592782327852,1.0,0.0,0.0,0.0,0.0,1.0,0.0,0.0,0.0,0.0,1.0,-0.10472155669396711,0.0,0.0,-0.10472155669396711,1.0,1.0,1.0,1.0,1.0,1.0206204652786255,572168290615.0818,1.0,0.682694267279835,0.0,0.0,0.5721682906150818,0.4278317391872406,0.4729241877256318,1.0,0.0,0.694505019320382,0.5
150.0,0.7407127022743225,0.4983935742971888,0.6963614668601599,0.4729241877256318,0.7018250243531333,1.0,0.0,0.0,0.0,0.0,0.0,1.0,1.0,1.0,1.0,1.0,-0.01505911511352462,1.0,0.0,0.0,0.0,0.0,1.0,0.0,0.0,0.0,0.0,1.0,-0.09035469068114772,0.0,0.0,-0.09035469068114772,1.0,1.0,1.0,1.0,1.0,1.0444811582565308,606618940830.2307,1.0,0.6702365152241951,0.0,0.0,0.6066189408302307,0.3933810591697693,0.4729241877256318,1.0,0.0,0.7018250243531333,0.5
