step,train_step_loss,train_acc,train_loss,val_acc,val_loss,avg_intra_expert_coherence,expert_diversity_e0,expert_diversity_e1,expert_diversity_e2,expert_diversity_e3,expert_diversity_mean,expert_purity_e0,expert_purity_e1,expert_purity_e2,expert_purity_e3,expert_purity_mean,inter_expert_similarity,inter_expert_similarity_e0_e0,inter_expert_similarity_e0_e1,inter_expert_similarity_e0_e2,inter_expert_similarity_e0_e3,inter_expert_similarity_e1_e0,inter_expert_similarity_e1_e1,inter_expert_similarity_e1_e2,inter_expert_similarity_e1_e3,inter_expert_similarity_e2_e0,inter_expert_similarity_e2_e1,inter_expert_similarity_e2_e2,inter_expert_similarity_e2_e3,inter_expert_similarity_e3_e0,inter_expert_similarity_e3_e1,inter_expert_similarity_e3_e2,inter_expert_similarity_e3_e3,intra_expert_coherence_e0,intra_expert_coherence_e1,intra_expert_coherence_e2,intra_expert_coherence_e3,load_cv,load_max_min_ratio,overall_task_conflict_cos,router_entropy,router_load_e0,router_load_e1,router_load_e2,router_load_e3,task_acc__glue_mrpc,task_conflict_t0_t0,task_grad_norm_cv,task_loss__glue_mrpc,utilization_ratio
50.0,0.5193411707878113,0.7025627044711014,0.5412973451549592,0.7132352941176471,0.5362101466609881,1.0,0.0,0.0,0.0,0.0,0.0,1.0,1.0,1.0,1.0,1.0,0.003822463161951883,1.0,0.0,0.0,0.0,0.0,1.0,0.0,0.0,0.0,0.0,1.0,0.022934778971711298,0.0,0.0,0.022934778971711298,1.0,1.0,1.0,1.0,1.0,1.1803288674746595,722228109836.5784,1.0,0.5836769728099599,0.0,0.0008606641204096377,0.7222281098365784,0.2769111096858978,0.7132352941176471,1.0,0.0,0.5362101466609881,0.5
100.0,0.5073802024126053,0.8042529989094874,0.45523469635973807,0.7965686274509803,0.4566262530592772,1.0,0.0,0.0,0.0,0.0,0.0,1.0,1.0,1.0,1.0,1.0,0.003543679080538174,1.0,0.0,0.0,0.0,0.0,1.0,0.0,0.0,0.0,0.0,1.0,0.021262074483229042,0.0,0.0,0.021262074483229042,1.0,1.0,1.0,1.0,1.0,1.0655659359018879,630111038684.845,1.0,0.6574158154281915,0.0,0.0,0.630111038684845,0.3698890507221222,0.7965686274509803,1.0,0.0,0.4566262530592772,0.5
150.0,0.6578754931688309,0.8595965103598692,0.40263790079271017,0.8431372549019608,0.41311714846569186,1.0,0.0,0.0,0.0,0.0,0.0,1.0,1.0,1.0,1.0,1.0,0.015071997506576154,1.0,0.0,0.0,0.0,0.0,1.0,0.0,0.0,0.0,0.0,1.0,0.09043198503945693,0.0,0.0,0.09043198503945693,1.0,1.0,1.0,1.0,1.0,1.3909630309387409,842187941074.3713,1.0,0.40126001425817903,0.0015696609625592828,0.0,0.8421879410743713,0.1562424898147583,0.8431372549019608,1.0,0.0,0.41311714846569186,0.5
