step,train_step_loss,train_acc,train_loss,val_acc,val_loss,router_entropy,router_load_e0,router_load_e1,router_load_e2,router_load_e3
30.0,0.6056212882200877,0.6455534125478525,0.6195238659371595,0.6462778849980781,0.6216563407403157,0.6724624342664525,0.0,0.5707916617393494,0.019942088052630424,0.40926623344421387
50.0,0.6598136226336161,0.6586776712336999,0.60230886224489,0.6579776541085102,0.6050735704193236,0.6727710628399143,0.0,0.5676738023757935,0.03018413670361042,0.4021420180797577
