step,train_step_loss,train_acc,train_loss,val_acc,val_loss,router_entropy,router_load_e0,router_load_e1,router_load_e2,router_load_e3
30.0,0.6130322019259135,0.6445610587384433,0.6321952077354132,0.6430676414517865,0.6354443803333485,0.6428392332875066,0.36690753698349,0.0030467223841696978,0.6279529929161072,0.002092537470161915
50.0,0.5787336279948553,0.6580984582329835,0.6046414273234836,0.6579797382250132,0.6090688288435285,0.6468200593910836,0.37892547249794006,0.0025796934496611357,0.6153649091720581,0.0031296005472540855
