step,train_step_loss,train_acc,train_loss,val_acc,val_loss,avg_intra_expert_coherence,expert_diversity_e0,expert_diversity_e1,expert_diversity_e2,expert_diversity_e3,expert_diversity_mean,expert_purity_e0,expert_purity_e1,expert_purity_e2,expert_purity_e3,expert_purity_mean,inter_expert_similarity,inter_expert_similarity_e0_e0,inter_expert_similarity_e0_e1,inter_expert_similarity_e0_e2,inter_expert_similarity_e0_e3,inter_expert_similarity_e1_e0,inter_expert_similarity_e1_e1,inter_expert_similarity_e1_e2,inter_expert_similarity_e1_e3,inter_expert_similarity_e2_e0,inter_expert_similarity_e2_e1,inter_expert_similarity_e2_e2,inter_expert_similarity_e2_e3,inter_expert_similarity_e3_e0,inter_expert_similarity_e3_e1,inter_expert_similarity_e3_e2,inter_expert_similarity_e3_e3,intra_expert_coherence_e0,intra_expert_coherence_e1,intra_expert_coherence_e2,intra_expert_coherence_e3,load_cv,load_max_min_ratio,overall_task_conflict_cos,router_entropy,router_load_e0,router_load_e1,router_load_e2,router_load_e3,task_acc__glue_cola,task_acc__glue_mrpc,task_acc__glue_rte,task_conflict_t0_t0,task_conflict_t0_t1,task_conflict_t0_t2,task_conflict_t1_t0,task_conflict_t1_t1,task_conflict_t1_t2,task_conflict_t2_t0,task_conflict_t2_t1,task_conflict_t2_t2,task_grad_norm_cv,task_loss__glue_cola,task_loss__glue_mrpc,task_loss__glue_rte,utilization_ratio
1.0,0.6175986329714457,0.616092089985371,0.6664172383829241,0.6094725261186457,0.6691174681810961,0.623846328273148,0.9255920357888624,0.8072965880005573,0.8440122254885833,0.8921834804208586,0.8672710824247154,0.5145134925842285,0.6293434500694275,0.6160119771957397,0.5605506300926208,0.5801048874855042,0.05958141698563247,1.0,0.13878485046131617,0.35650689825365556,0.014178521720819891,0.13878485046131617,1.0,-0.06703710877949716,0.12375989417220187,0.35650689825365556,-0.06703710877949716,1.0,-0.2087045539147015,0.014178521720819891,0.12375989417220187,-0.2087045539147015,1.0,0.4900184949953197,0.8046197959273541,0.5239244298798115,0.6768225922901068,0.42169125001221897,3.5640708133366292,0.521796251577225,1.2610030790997877,0.11501866579055786,0.2506658136844635,0.22438061237335205,0.4099346697330475,0.6893576222435283,0.6372549019607843,0.5018050541516246,1.0,0.6904530608561154,0.45589171027196307,0.6904530608561154,1.0,0.41904398360359674,0.45589171027196307,0.41904398360359674,1.0,0.4400909045151533,0.634329128242631,0.6562831352154413,0.716740141085216,0.75
