method,candidate_id,seed,best_val_acc,final_val_acc,score_05_05,reused,summary_json,curve_csv
ours,coord_01_anchor,2,0.6859205776173285,0.6859205776173285,0.6859205776173285,False,/root/Optimization/MOE-grad-conflict-routing/runs/paper_suite_supplement/single_task_add_rerun/rerun/roberta_rte_ffn_e4_k2_ours_lr_centered/hpo/ours/trial_runs/coord_01_anchor/ours_s2.json,/root/Optimization/MOE-grad-conflict-routing/runs/paper_suite_supplement/single_task_add_rerun/rerun/roberta_rte_ffn_e4_k2_ours_lr_centered/hpo/ours/trial_runs/coord_01_anchor/ours_s2_curve.csv
ours,coord_01_anchor,3,0.6823104693140795,0.6750902527075813,0.6787003610108304,False,/root/Optimization/MOE-grad-conflict-routing/runs/paper_suite_supplement/single_task_add_rerun/rerun/roberta_rte_ffn_e4_k2_ours_lr_centered/hpo/ours/trial_runs/coord_01_anchor/ours_s3.json,/root/Optimization/MOE-grad-conflict-routing/runs/paper_suite_supplement/single_task_add_rerun/rerun/roberta_rte_ffn_e4_k2_ours_lr_centered/hpo/ours/trial_runs/coord_01_anchor/ours_s3_curve.csv
ours,coord_01_train_lr_000,2,0.7545126353790613,0.7545126353790613,0.7545126353790613,False,/root/Optimization/MOE-grad-conflict-routing/runs/paper_suite_supplement/single_task_add_rerun/rerun/roberta_rte_ffn_e4_k2_ours_lr_centered/hpo/ours/trial_runs/coord_01_train_lr_000/ours_s2.json,/root/Optimization/MOE-grad-conflict-routing/runs/paper_suite_supplement/single_task_add_rerun/rerun/roberta_rte_ffn_e4_k2_ours_lr_centered/hpo/ours/trial_runs/coord_01_train_lr_000/ours_s2_curve.csv
ours,coord_01_train_lr_000,3,0.7003610108303249,0.7003610108303249,0.7003610108303249,False,/root/Optimization/MOE-grad-conflict-routing/runs/paper_suite_supplement/single_task_add_rerun/rerun/roberta_rte_ffn_e4_k2_ours_lr_centered/hpo/ours/trial_runs/coord_01_train_lr_000/ours_s3.json,/root/Optimization/MOE-grad-conflict-routing/runs/paper_suite_supplement/single_task_add_rerun/rerun/roberta_rte_ffn_e4_k2_ours_lr_centered/hpo/ours/trial_runs/coord_01_train_lr_000/ours_s3_curve.csv
ours,coord_01_train_lr_001,2,0.6462093862815884,0.6462093862815884,0.6462093862815884,False,/root/Optimization/MOE-grad-conflict-routing/runs/paper_suite_supplement/single_task_add_rerun/rerun/roberta_rte_ffn_e4_k2_ours_lr_centered/hpo/ours/trial_runs/coord_01_train_lr_001/ours_s2.json,/root/Optimization/MOE-grad-conflict-routing/runs/paper_suite_supplement/single_task_add_rerun/rerun/roberta_rte_ffn_e4_k2_ours_lr_centered/hpo/ours/trial_runs/coord_01_train_lr_001/ours_s2_curve.csv
ours,coord_01_train_lr_001,3,0.6859205776173285,0.6859205776173285,0.6859205776173285,False,/root/Optimization/MOE-grad-conflict-routing/runs/paper_suite_supplement/single_task_add_rerun/rerun/roberta_rte_ffn_e4_k2_ours_lr_centered/hpo/ours/trial_runs/coord_01_train_lr_001/ours_s3.json,/root/Optimization/MOE-grad-conflict-routing/runs/paper_suite_supplement/single_task_add_rerun/rerun/roberta_rte_ffn_e4_k2_ours_lr_centered/hpo/ours/trial_runs/coord_01_train_lr_001/ours_s3_curve.csv
ours,coord_01_train_lr_002,2,0.7328519855595668,0.7328519855595668,0.7328519855595668,False,/root/Optimization/MOE-grad-conflict-routing/runs/paper_suite_supplement/single_task_add_rerun/rerun/roberta_rte_ffn_e4_k2_ours_lr_centered/hpo/ours/trial_runs/coord_01_train_lr_002/ours_s2.json,/root/Optimization/MOE-grad-conflict-routing/runs/paper_suite_supplement/single_task_add_rerun/rerun/roberta_rte_ffn_e4_k2_ours_lr_centered/hpo/ours/trial_runs/coord_01_train_lr_002/ours_s2_curve.csv
ours,coord_01_train_lr_002,3,0.7148014440433214,0.7148014440433214,0.7148014440433214,False,/root/Optimization/MOE-grad-conflict-routing/runs/paper_suite_supplement/single_task_add_rerun/rerun/roberta_rte_ffn_e4_k2_ours_lr_centered/hpo/ours/trial_runs/coord_01_train_lr_002/ours_s3.json,/root/Optimization/MOE-grad-conflict-routing/runs/paper_suite_supplement/single_task_add_rerun/rerun/roberta_rte_ffn_e4_k2_ours_lr_centered/hpo/ours/trial_runs/coord_01_train_lr_002/ours_s3_curve.csv
ours,coord_01_train_lr_003,2,0.5270758122743683,0.4729241877256318,0.5,False,/root/Optimization/MOE-grad-conflict-routing/runs/paper_suite_supplement/single_task_add_rerun/rerun/roberta_rte_ffn_e4_k2_ours_lr_centered/hpo/ours/trial_runs/coord_01_train_lr_003/ours_s2.json,/root/Optimization/MOE-grad-conflict-routing/runs/paper_suite_supplement/single_task_add_rerun/rerun/roberta_rte_ffn_e4_k2_ours_lr_centered/hpo/ours/trial_runs/coord_01_train_lr_003/ours_s2_curve.csv
ours,coord_01_train_lr_003,3,0.5270758122743683,0.5270758122743683,0.5270758122743683,False,/root/Optimization/MOE-grad-conflict-routing/runs/paper_suite_supplement/single_task_add_rerun/rerun/roberta_rte_ffn_e4_k2_ours_lr_centered/hpo/ours/trial_runs/coord_01_train_lr_003/ours_s3.json,/root/Optimization/MOE-grad-conflict-routing/runs/paper_suite_supplement/single_task_add_rerun/rerun/roberta_rte_ffn_e4_k2_ours_lr_centered/hpo/ours/trial_runs/coord_01_train_lr_003/ours_s3_curve.csv
ours,coord_01_train_lr_004,2,0.6787003610108303,0.6787003610108303,0.6787003610108303,False,/root/Optimization/MOE-grad-conflict-routing/runs/paper_suite_supplement/single_task_add_rerun/rerun/roberta_rte_ffn_e4_k2_ours_lr_centered/hpo/ours/trial_runs/coord_01_train_lr_004/ours_s2.json,/root/Optimization/MOE-grad-conflict-routing/runs/paper_suite_supplement/single_task_add_rerun/rerun/roberta_rte_ffn_e4_k2_ours_lr_centered/hpo/ours/trial_runs/coord_01_train_lr_004/ours_s2_curve.csv
ours,coord_01_train_lr_004,3,0.7148014440433214,0.7003610108303249,0.7075812274368232,False,/root/Optimization/MOE-grad-conflict-routing/runs/paper_suite_supplement/single_task_add_rerun/rerun/roberta_rte_ffn_e4_k2_ours_lr_centered/hpo/ours/trial_runs/coord_01_train_lr_004/ours_s3.json,/root/Optimization/MOE-grad-conflict-routing/runs/paper_suite_supplement/single_task_add_rerun/rerun/roberta_rte_ffn_e4_k2_ours_lr_centered/hpo/ours/trial_runs/coord_01_train_lr_004/ours_s3_curve.csv
ours,coord_01_train_lr_005,2,0.5270758122743683,0.4729241877256318,0.5,False,/root/Optimization/MOE-grad-conflict-routing/runs/paper_suite_supplement/single_task_add_rerun/rerun/roberta_rte_ffn_e4_k2_ours_lr_centered/hpo/ours/trial_runs/coord_01_train_lr_005/ours_s2.json,/root/Optimization/MOE-grad-conflict-routing/runs/paper_suite_supplement/single_task_add_rerun/rerun/roberta_rte_ffn_e4_k2_ours_lr_centered/hpo/ours/trial_runs/coord_01_train_lr_005/ours_s2_curve.csv
ours,coord_01_train_lr_005,3,0.5270758122743683,0.5270758122743683,0.5270758122743683,False,/root/Optimization/MOE-grad-conflict-routing/runs/paper_suite_supplement/single_task_add_rerun/rerun/roberta_rte_ffn_e4_k2_ours_lr_centered/hpo/ours/trial_runs/coord_01_train_lr_005/ours_s3.json,/root/Optimization/MOE-grad-conflict-routing/runs/paper_suite_supplement/single_task_add_rerun/rerun/roberta_rte_ffn_e4_k2_ours_lr_centered/hpo/ours/trial_runs/coord_01_train_lr_005/ours_s3_curve.csv
ours,coord_01_train_lr_006,2,0.6642599277978339,0.6642599277978339,0.6642599277978339,False,/root/Optimization/MOE-grad-conflict-routing/runs/paper_suite_supplement/single_task_add_rerun/rerun/roberta_rte_ffn_e4_k2_ours_lr_centered/hpo/ours/trial_runs/coord_01_train_lr_006/ours_s2.json,/root/Optimization/MOE-grad-conflict-routing/runs/paper_suite_supplement/single_task_add_rerun/rerun/roberta_rte_ffn_e4_k2_ours_lr_centered/hpo/ours/trial_runs/coord_01_train_lr_006/ours_s2_curve.csv
ours,coord_01_train_lr_006,3,0.6750902527075813,0.6750902527075813,0.6750902527075813,False,/root/Optimization/MOE-grad-conflict-routing/runs/paper_suite_supplement/single_task_add_rerun/rerun/roberta_rte_ffn_e4_k2_ours_lr_centered/hpo/ours/trial_runs/coord_01_train_lr_006/ours_s3.json,/root/Optimization/MOE-grad-conflict-routing/runs/paper_suite_supplement/single_task_add_rerun/rerun/roberta_rte_ffn_e4_k2_ours_lr_centered/hpo/ours/trial_runs/coord_01_train_lr_006/ours_s3_curve.csv
ours,coord_01_train_lr_007,2,0.5270758122743683,0.4729241877256318,0.5,False,/root/Optimization/MOE-grad-conflict-routing/runs/paper_suite_supplement/single_task_add_rerun/rerun/roberta_rte_ffn_e4_k2_ours_lr_centered/hpo/ours/trial_runs/coord_01_train_lr_007/ours_s2.json,/root/Optimization/MOE-grad-conflict-routing/runs/paper_suite_supplement/single_task_add_rerun/rerun/roberta_rte_ffn_e4_k2_ours_lr_centered/hpo/ours/trial_runs/coord_01_train_lr_007/ours_s2_curve.csv
ours,coord_01_train_lr_007,3,0.5270758122743683,0.4729241877256318,0.5,False,/root/Optimization/MOE-grad-conflict-routing/runs/paper_suite_supplement/single_task_add_rerun/rerun/roberta_rte_ffn_e4_k2_ours_lr_centered/hpo/ours/trial_runs/coord_01_train_lr_007/ours_s3.json,/root/Optimization/MOE-grad-conflict-routing/runs/paper_suite_supplement/single_task_add_rerun/rerun/roberta_rte_ffn_e4_k2_ours_lr_centered/hpo/ours/trial_runs/coord_01_train_lr_007/ours_s3_curve.csv
ours,coord_01_train_lr_008,2,0.7075812274368231,0.6534296028880866,0.6805054151624548,False,/root/Optimization/MOE-grad-conflict-routing/runs/paper_suite_supplement/single_task_add_rerun/rerun/roberta_rte_ffn_e4_k2_ours_lr_centered/hpo/ours/trial_runs/coord_01_train_lr_008/ours_s2.json,/root/Optimization/MOE-grad-conflict-routing/runs/paper_suite_supplement/single_task_add_rerun/rerun/roberta_rte_ffn_e4_k2_ours_lr_centered/hpo/ours/trial_runs/coord_01_train_lr_008/ours_s2_curve.csv
ours,coord_01_train_lr_008,3,0.6787003610108303,0.6787003610108303,0.6787003610108303,False,/root/Optimization/MOE-grad-conflict-routing/runs/paper_suite_supplement/single_task_add_rerun/rerun/roberta_rte_ffn_e4_k2_ours_lr_centered/hpo/ours/trial_runs/coord_01_train_lr_008/ours_s3.json,/root/Optimization/MOE-grad-conflict-routing/runs/paper_suite_supplement/single_task_add_rerun/rerun/roberta_rte_ffn_e4_k2_ours_lr_centered/hpo/ours/trial_runs/coord_01_train_lr_008/ours_s3_curve.csv
ours,coord_01_train_lr_009,2,0.5270758122743683,0.5270758122743683,0.5270758122743683,False,/root/Optimization/MOE-grad-conflict-routing/runs/paper_suite_supplement/single_task_add_rerun/rerun/roberta_rte_ffn_e4_k2_ours_lr_centered/hpo/ours/trial_runs/coord_01_train_lr_009/ours_s2.json,/root/Optimization/MOE-grad-conflict-routing/runs/paper_suite_supplement/single_task_add_rerun/rerun/roberta_rte_ffn_e4_k2_ours_lr_centered/hpo/ours/trial_runs/coord_01_train_lr_009/ours_s2_curve.csv
ours,coord_01_train_lr_009,3,0.5270758122743683,0.4729241877256318,0.5,False,/root/Optimization/MOE-grad-conflict-routing/runs/paper_suite_supplement/single_task_add_rerun/rerun/roberta_rte_ffn_e4_k2_ours_lr_centered/hpo/ours/trial_runs/coord_01_train_lr_009/ours_s3.json,/root/Optimization/MOE-grad-conflict-routing/runs/paper_suite_supplement/single_task_add_rerun/rerun/roberta_rte_ffn_e4_k2_ours_lr_centered/hpo/ours/trial_runs/coord_01_train_lr_009/ours_s3_curve.csv
ours,coord_01_train_lr_010,2,0.6714801444043321,0.6714801444043321,0.6714801444043321,False,/root/Optimization/MOE-grad-conflict-routing/runs/paper_suite_supplement/single_task_add_rerun/rerun/roberta_rte_ffn_e4_k2_ours_lr_centered/hpo/ours/trial_runs/coord_01_train_lr_010/ours_s2.json,/root/Optimization/MOE-grad-conflict-routing/runs/paper_suite_supplement/single_task_add_rerun/rerun/roberta_rte_ffn_e4_k2_ours_lr_centered/hpo/ours/trial_runs/coord_01_train_lr_010/ours_s2_curve.csv
ours,coord_01_train_lr_010,3,0.6859205776173285,0.6859205776173285,0.6859205776173285,False,/root/Optimization/MOE-grad-conflict-routing/runs/paper_suite_supplement/single_task_add_rerun/rerun/roberta_rte_ffn_e4_k2_ours_lr_centered/hpo/ours/trial_runs/coord_01_train_lr_010/ours_s3.json,/root/Optimization/MOE-grad-conflict-routing/runs/paper_suite_supplement/single_task_add_rerun/rerun/roberta_rte_ffn_e4_k2_ours_lr_centered/hpo/ours/trial_runs/coord_01_train_lr_010/ours_s3_curve.csv
ours,coord_01_train_lr_011,2,0.5270758122743683,0.5270758122743683,0.5270758122743683,False,/root/Optimization/MOE-grad-conflict-routing/runs/paper_suite_supplement/single_task_add_rerun/rerun/roberta_rte_ffn_e4_k2_ours_lr_centered/hpo/ours/trial_runs/coord_01_train_lr_011/ours_s2.json,/root/Optimization/MOE-grad-conflict-routing/runs/paper_suite_supplement/single_task_add_rerun/rerun/roberta_rte_ffn_e4_k2_ours_lr_centered/hpo/ours/trial_runs/coord_01_train_lr_011/ours_s2_curve.csv
ours,coord_01_train_lr_011,3,0.5270758122743683,0.5270758122743683,0.5270758122743683,False,/root/Optimization/MOE-grad-conflict-routing/runs/paper_suite_supplement/single_task_add_rerun/rerun/roberta_rte_ffn_e4_k2_ours_lr_centered/hpo/ours/trial_runs/coord_01_train_lr_011/ours_s3.json,/root/Optimization/MOE-grad-conflict-routing/runs/paper_suite_supplement/single_task_add_rerun/rerun/roberta_rte_ffn_e4_k2_ours_lr_centered/hpo/ours/trial_runs/coord_01_train_lr_011/ours_s3_curve.csv
ours,coord_01_train_lr_012,2,0.628158844765343,0.628158844765343,0.628158844765343,False,/root/Optimization/MOE-grad-conflict-routing/runs/paper_suite_supplement/single_task_add_rerun/rerun/roberta_rte_ffn_e4_k2_ours_lr_centered/hpo/ours/trial_runs/coord_01_train_lr_012/ours_s2.json,/root/Optimization/MOE-grad-conflict-routing/runs/paper_suite_supplement/single_task_add_rerun/rerun/roberta_rte_ffn_e4_k2_ours_lr_centered/hpo/ours/trial_runs/coord_01_train_lr_012/ours_s2_curve.csv
ours,coord_01_train_lr_012,3,0.6353790613718412,0.6353790613718412,0.6353790613718412,False,/root/Optimization/MOE-grad-conflict-routing/runs/paper_suite_supplement/single_task_add_rerun/rerun/roberta_rte_ffn_e4_k2_ours_lr_centered/hpo/ours/trial_runs/coord_01_train_lr_012/ours_s3.json,/root/Optimization/MOE-grad-conflict-routing/runs/paper_suite_supplement/single_task_add_rerun/rerun/roberta_rte_ffn_e4_k2_ours_lr_centered/hpo/ours/trial_runs/coord_01_train_lr_012/ours_s3_curve.csv
ours,coord_01_train_lr_013,2,0.5270758122743683,0.5270758122743683,0.5270758122743683,False,/root/Optimization/MOE-grad-conflict-routing/runs/paper_suite_supplement/single_task_add_rerun/rerun/roberta_rte_ffn_e4_k2_ours_lr_centered/hpo/ours/trial_runs/coord_01_train_lr_013/ours_s2.json,/root/Optimization/MOE-grad-conflict-routing/runs/paper_suite_supplement/single_task_add_rerun/rerun/roberta_rte_ffn_e4_k2_ours_lr_centered/hpo/ours/trial_runs/coord_01_train_lr_013/ours_s2_curve.csv
ours,coord_01_train_lr_013,3,0.5270758122743683,0.5270758122743683,0.5270758122743683,False,/root/Optimization/MOE-grad-conflict-routing/runs/paper_suite_supplement/single_task_add_rerun/rerun/roberta_rte_ffn_e4_k2_ours_lr_centered/hpo/ours/trial_runs/coord_01_train_lr_013/ours_s3.json,/root/Optimization/MOE-grad-conflict-routing/runs/paper_suite_supplement/single_task_add_rerun/rerun/roberta_rte_ffn_e4_k2_ours_lr_centered/hpo/ours/trial_runs/coord_01_train_lr_013/ours_s3_curve.csv
ours,coord_01_train_lr_014,2,0.6064981949458483,0.6064981949458483,0.6064981949458483,False,/root/Optimization/MOE-grad-conflict-routing/runs/paper_suite_supplement/single_task_add_rerun/rerun/roberta_rte_ffn_e4_k2_ours_lr_centered/hpo/ours/trial_runs/coord_01_train_lr_014/ours_s2.json,/root/Optimization/MOE-grad-conflict-routing/runs/paper_suite_supplement/single_task_add_rerun/rerun/roberta_rte_ffn_e4_k2_ours_lr_centered/hpo/ours/trial_runs/coord_01_train_lr_014/ours_s2_curve.csv
ours,coord_01_train_lr_014,3,0.6534296028880866,0.6534296028880866,0.6534296028880866,False,/root/Optimization/MOE-grad-conflict-routing/runs/paper_suite_supplement/single_task_add_rerun/rerun/roberta_rte_ffn_e4_k2_ours_lr_centered/hpo/ours/trial_runs/coord_01_train_lr_014/ours_s3.json,/root/Optimization/MOE-grad-conflict-routing/runs/paper_suite_supplement/single_task_add_rerun/rerun/roberta_rte_ffn_e4_k2_ours_lr_centered/hpo/ours/trial_runs/coord_01_train_lr_014/ours_s3_curve.csv
ours,coord_01_train_lr_015,2,0.5270758122743683,0.5270758122743683,0.5270758122743683,False,/root/Optimization/MOE-grad-conflict-routing/runs/paper_suite_supplement/single_task_add_rerun/rerun/roberta_rte_ffn_e4_k2_ours_lr_centered/hpo/ours/trial_runs/coord_01_train_lr_015/ours_s2.json,/root/Optimization/MOE-grad-conflict-routing/runs/paper_suite_supplement/single_task_add_rerun/rerun/roberta_rte_ffn_e4_k2_ours_lr_centered/hpo/ours/trial_runs/coord_01_train_lr_015/ours_s2_curve.csv
ours,coord_01_train_lr_015,3,0.5270758122743683,0.4729241877256318,0.5,False,/root/Optimization/MOE-grad-conflict-routing/runs/paper_suite_supplement/single_task_add_rerun/rerun/roberta_rte_ffn_e4_k2_ours_lr_centered/hpo/ours/trial_runs/coord_01_train_lr_015/ours_s3.json,/root/Optimization/MOE-grad-conflict-routing/runs/paper_suite_supplement/single_task_add_rerun/rerun/roberta_rte_ffn_e4_k2_ours_lr_centered/hpo/ours/trial_runs/coord_01_train_lr_015/ours_s3_curve.csv
ours,coord_01_train_lr_016,2,0.628158844765343,0.628158844765343,0.628158844765343,False,/root/Optimization/MOE-grad-conflict-routing/runs/paper_suite_supplement/single_task_add_rerun/rerun/roberta_rte_ffn_e4_k2_ours_lr_centered/hpo/ours/trial_runs/coord_01_train_lr_016/ours_s2.json,/root/Optimization/MOE-grad-conflict-routing/runs/paper_suite_supplement/single_task_add_rerun/rerun/roberta_rte_ffn_e4_k2_ours_lr_centered/hpo/ours/trial_runs/coord_01_train_lr_016/ours_s2_curve.csv
ours,coord_01_train_lr_016,3,0.5992779783393501,0.5992779783393501,0.5992779783393501,False,/root/Optimization/MOE-grad-conflict-routing/runs/paper_suite_supplement/single_task_add_rerun/rerun/roberta_rte_ffn_e4_k2_ours_lr_centered/hpo/ours/trial_runs/coord_01_train_lr_016/ours_s3.json,/root/Optimization/MOE-grad-conflict-routing/runs/paper_suite_supplement/single_task_add_rerun/rerun/roberta_rte_ffn_e4_k2_ours_lr_centered/hpo/ours/trial_runs/coord_01_train_lr_016/ours_s3_curve.csv
ours,coord_01_train_lr_017,2,0.5270758122743683,0.5270758122743683,0.5270758122743683,False,/root/Optimization/MOE-grad-conflict-routing/runs/paper_suite_supplement/single_task_add_rerun/rerun/roberta_rte_ffn_e4_k2_ours_lr_centered/hpo/ours/trial_runs/coord_01_train_lr_017/ours_s2.json,/root/Optimization/MOE-grad-conflict-routing/runs/paper_suite_supplement/single_task_add_rerun/rerun/roberta_rte_ffn_e4_k2_ours_lr_centered/hpo/ours/trial_runs/coord_01_train_lr_017/ours_s2_curve.csv
ours,coord_01_train_lr_017,3,0.5270758122743683,0.4729241877256318,0.5,False,/root/Optimization/MOE-grad-conflict-routing/runs/paper_suite_supplement/single_task_add_rerun/rerun/roberta_rte_ffn_e4_k2_ours_lr_centered/hpo/ours/trial_runs/coord_01_train_lr_017/ours_s3.json,/root/Optimization/MOE-grad-conflict-routing/runs/paper_suite_supplement/single_task_add_rerun/rerun/roberta_rte_ffn_e4_k2_ours_lr_centered/hpo/ours/trial_runs/coord_01_train_lr_017/ours_s3_curve.csv
ours,coord_01_train_lr_018,2,0.5270758122743683,0.5270758122743683,0.5270758122743683,False,/root/Optimization/MOE-grad-conflict-routing/runs/paper_suite_supplement/single_task_add_rerun/rerun/roberta_rte_ffn_e4_k2_ours_lr_centered/hpo/ours/trial_runs/coord_01_train_lr_018/ours_s2.json,/root/Optimization/MOE-grad-conflict-routing/runs/paper_suite_supplement/single_task_add_rerun/rerun/roberta_rte_ffn_e4_k2_ours_lr_centered/hpo/ours/trial_runs/coord_01_train_lr_018/ours_s2_curve.csv
ours,coord_01_train_lr_018,3,0.5270758122743683,0.4729241877256318,0.5,False,/root/Optimization/MOE-grad-conflict-routing/runs/paper_suite_supplement/single_task_add_rerun/rerun/roberta_rte_ffn_e4_k2_ours_lr_centered/hpo/ours/trial_runs/coord_01_train_lr_018/ours_s3.json,/root/Optimization/MOE-grad-conflict-routing/runs/paper_suite_supplement/single_task_add_rerun/rerun/roberta_rte_ffn_e4_k2_ours_lr_centered/hpo/ours/trial_runs/coord_01_train_lr_018/ours_s3_curve.csv
ours,coord_02_anchor,2,0.6606498194945848,0.6606498194945848,0.6606498194945848,False,/root/Optimization/MOE-grad-conflict-routing/runs/paper_suite_supplement/single_task_add_rerun/rerun/roberta_rte_ffn_e4_k2_ours_lr_centered/hpo/ours/trial_runs/coord_02_anchor/ours_s2.json,/root/Optimization/MOE-grad-conflict-routing/runs/paper_suite_supplement/single_task_add_rerun/rerun/roberta_rte_ffn_e4_k2_ours_lr_centered/hpo/ours/trial_runs/coord_02_anchor/ours_s2_curve.csv
ours,coord_02_anchor,3,0.6931407942238267,0.6931407942238267,0.6931407942238267,False,/root/Optimization/MOE-grad-conflict-routing/runs/paper_suite_supplement/single_task_add_rerun/rerun/roberta_rte_ffn_e4_k2_ours_lr_centered/hpo/ours/trial_runs/coord_02_anchor/ours_s3.json,/root/Optimization/MOE-grad-conflict-routing/runs/paper_suite_supplement/single_task_add_rerun/rerun/roberta_rte_ffn_e4_k2_ours_lr_centered/hpo/ours/trial_runs/coord_02_anchor/ours_s3_curve.csv
ours,coord_02_train_weight_decay_000,2,0.703971119133574,0.703971119133574,0.703971119133574,False,/root/Optimization/MOE-grad-conflict-routing/runs/paper_suite_supplement/single_task_add_rerun/rerun/roberta_rte_ffn_e4_k2_ours_lr_centered/hpo/ours/trial_runs/coord_02_train_weight_decay_000/ours_s2.json,/root/Optimization/MOE-grad-conflict-routing/runs/paper_suite_supplement/single_task_add_rerun/rerun/roberta_rte_ffn_e4_k2_ours_lr_centered/hpo/ours/trial_runs/coord_02_train_weight_decay_000/ours_s2_curve.csv
ours,coord_02_train_weight_decay_000,3,0.7003610108303249,0.7003610108303249,0.7003610108303249,False,/root/Optimization/MOE-grad-conflict-routing/runs/paper_suite_supplement/single_task_add_rerun/rerun/roberta_rte_ffn_e4_k2_ours_lr_centered/hpo/ours/trial_runs/coord_02_train_weight_decay_000/ours_s3.json,/root/Optimization/MOE-grad-conflict-routing/runs/paper_suite_supplement/single_task_add_rerun/rerun/roberta_rte_ffn_e4_k2_ours_lr_centered/hpo/ours/trial_runs/coord_02_train_weight_decay_000/ours_s3_curve.csv
ours,coord_02_train_weight_decay_001,2,0.6931407942238267,0.6931407942238267,0.6931407942238267,False,/root/Optimization/MOE-grad-conflict-routing/runs/paper_suite_supplement/single_task_add_rerun/rerun/roberta_rte_ffn_e4_k2_ours_lr_centered/hpo/ours/trial_runs/coord_02_train_weight_decay_001/ours_s2.json,/root/Optimization/MOE-grad-conflict-routing/runs/paper_suite_supplement/single_task_add_rerun/rerun/roberta_rte_ffn_e4_k2_ours_lr_centered/hpo/ours/trial_runs/coord_02_train_weight_decay_001/ours_s2_curve.csv
ours,coord_02_train_weight_decay_001,3,0.6895306859205776,0.6895306859205776,0.6895306859205776,False,/root/Optimization/MOE-grad-conflict-routing/runs/paper_suite_supplement/single_task_add_rerun/rerun/roberta_rte_ffn_e4_k2_ours_lr_centered/hpo/ours/trial_runs/coord_02_train_weight_decay_001/ours_s3.json,/root/Optimization/MOE-grad-conflict-routing/runs/paper_suite_supplement/single_task_add_rerun/rerun/roberta_rte_ffn_e4_k2_ours_lr_centered/hpo/ours/trial_runs/coord_02_train_weight_decay_001/ours_s3_curve.csv
ours,coord_02_train_weight_decay_002,2,0.7184115523465704,0.7184115523465704,0.7184115523465704,False,/root/Optimization/MOE-grad-conflict-routing/runs/paper_suite_supplement/single_task_add_rerun/rerun/roberta_rte_ffn_e4_k2_ours_lr_centered/hpo/ours/trial_runs/coord_02_train_weight_decay_002/ours_s2.json,/root/Optimization/MOE-grad-conflict-routing/runs/paper_suite_supplement/single_task_add_rerun/rerun/roberta_rte_ffn_e4_k2_ours_lr_centered/hpo/ours/trial_runs/coord_02_train_weight_decay_002/ours_s2_curve.csv
ours,coord_02_train_weight_decay_002,3,0.7003610108303249,0.7003610108303249,0.7003610108303249,False,/root/Optimization/MOE-grad-conflict-routing/runs/paper_suite_supplement/single_task_add_rerun/rerun/roberta_rte_ffn_e4_k2_ours_lr_centered/hpo/ours/trial_runs/coord_02_train_weight_decay_002/ours_s3.json,/root/Optimization/MOE-grad-conflict-routing/runs/paper_suite_supplement/single_task_add_rerun/rerun/roberta_rte_ffn_e4_k2_ours_lr_centered/hpo/ours/trial_runs/coord_02_train_weight_decay_002/ours_s3_curve.csv
ours,coord_02_train_weight_decay_003,2,0.7148014440433214,0.7148014440433214,0.7148014440433214,False,/root/Optimization/MOE-grad-conflict-routing/runs/paper_suite_supplement/single_task_add_rerun/rerun/roberta_rte_ffn_e4_k2_ours_lr_centered/hpo/ours/trial_runs/coord_02_train_weight_decay_003/ours_s2.json,/root/Optimization/MOE-grad-conflict-routing/runs/paper_suite_supplement/single_task_add_rerun/rerun/roberta_rte_ffn_e4_k2_ours_lr_centered/hpo/ours/trial_runs/coord_02_train_weight_decay_003/ours_s2_curve.csv
ours,coord_02_train_weight_decay_003,3,0.6750902527075813,0.6750902527075813,0.6750902527075813,False,/root/Optimization/MOE-grad-conflict-routing/runs/paper_suite_supplement/single_task_add_rerun/rerun/roberta_rte_ffn_e4_k2_ours_lr_centered/hpo/ours/trial_runs/coord_02_train_weight_decay_003/ours_s3.json,/root/Optimization/MOE-grad-conflict-routing/runs/paper_suite_supplement/single_task_add_rerun/rerun/roberta_rte_ffn_e4_k2_ours_lr_centered/hpo/ours/trial_runs/coord_02_train_weight_decay_003/ours_s3_curve.csv
ours,coord_02_train_weight_decay_004,2,0.7436823104693141,0.7436823104693141,0.7436823104693141,False,/root/Optimization/MOE-grad-conflict-routing/runs/paper_suite_supplement/single_task_add_rerun/rerun/roberta_rte_ffn_e4_k2_ours_lr_centered/hpo/ours/trial_runs/coord_02_train_weight_decay_004/ours_s2.json,/root/Optimization/MOE-grad-conflict-routing/runs/paper_suite_supplement/single_task_add_rerun/rerun/roberta_rte_ffn_e4_k2_ours_lr_centered/hpo/ours/trial_runs/coord_02_train_weight_decay_004/ours_s2_curve.csv
ours,coord_02_train_weight_decay_004,3,0.7075812274368231,0.7075812274368231,0.7075812274368231,False,/root/Optimization/MOE-grad-conflict-routing/runs/paper_suite_supplement/single_task_add_rerun/rerun/roberta_rte_ffn_e4_k2_ours_lr_centered/hpo/ours/trial_runs/coord_02_train_weight_decay_004/ours_s3.json,/root/Optimization/MOE-grad-conflict-routing/runs/paper_suite_supplement/single_task_add_rerun/rerun/roberta_rte_ffn_e4_k2_ours_lr_centered/hpo/ours/trial_runs/coord_02_train_weight_decay_004/ours_s3_curve.csv
ours,coord_02_train_weight_decay_005,2,0.6931407942238267,0.6931407942238267,0.6931407942238267,False,/root/Optimization/MOE-grad-conflict-routing/runs/paper_suite_supplement/single_task_add_rerun/rerun/roberta_rte_ffn_e4_k2_ours_lr_centered/hpo/ours/trial_runs/coord_02_train_weight_decay_005/ours_s2.json,/root/Optimization/MOE-grad-conflict-routing/runs/paper_suite_supplement/single_task_add_rerun/rerun/roberta_rte_ffn_e4_k2_ours_lr_centered/hpo/ours/trial_runs/coord_02_train_weight_decay_005/ours_s2_curve.csv
ours,coord_02_train_weight_decay_005,3,0.7148014440433214,0.7148014440433214,0.7148014440433214,False,/root/Optimization/MOE-grad-conflict-routing/runs/paper_suite_supplement/single_task_add_rerun/rerun/roberta_rte_ffn_e4_k2_ours_lr_centered/hpo/ours/trial_runs/coord_02_train_weight_decay_005/ours_s3.json,/root/Optimization/MOE-grad-conflict-routing/runs/paper_suite_supplement/single_task_add_rerun/rerun/roberta_rte_ffn_e4_k2_ours_lr_centered/hpo/ours/trial_runs/coord_02_train_weight_decay_005/ours_s3_curve.csv
ours,coord_02_train_weight_decay_006,2,0.7003610108303249,0.6967509025270758,0.6985559566787003,False,/root/Optimization/MOE-grad-conflict-routing/runs/paper_suite_supplement/single_task_add_rerun/rerun/roberta_rte_ffn_e4_k2_ours_lr_centered/hpo/ours/trial_runs/coord_02_train_weight_decay_006/ours_s2.json,/root/Optimization/MOE-grad-conflict-routing/runs/paper_suite_supplement/single_task_add_rerun/rerun/roberta_rte_ffn_e4_k2_ours_lr_centered/hpo/ours/trial_runs/coord_02_train_weight_decay_006/ours_s2_curve.csv
ours,coord_02_train_weight_decay_006,3,0.7184115523465704,0.7184115523465704,0.7184115523465704,False,/root/Optimization/MOE-grad-conflict-routing/runs/paper_suite_supplement/single_task_add_rerun/rerun/roberta_rte_ffn_e4_k2_ours_lr_centered/hpo/ours/trial_runs/coord_02_train_weight_decay_006/ours_s3.json,/root/Optimization/MOE-grad-conflict-routing/runs/paper_suite_supplement/single_task_add_rerun/rerun/roberta_rte_ffn_e4_k2_ours_lr_centered/hpo/ours/trial_runs/coord_02_train_weight_decay_006/ours_s3_curve.csv
ours,coord_02_train_weight_decay_007,2,0.6823104693140795,0.6823104693140795,0.6823104693140795,False,/root/Optimization/MOE-grad-conflict-routing/runs/paper_suite_supplement/single_task_add_rerun/rerun/roberta_rte_ffn_e4_k2_ours_lr_centered/hpo/ours/trial_runs/coord_02_train_weight_decay_007/ours_s2.json,/root/Optimization/MOE-grad-conflict-routing/runs/paper_suite_supplement/single_task_add_rerun/rerun/roberta_rte_ffn_e4_k2_ours_lr_centered/hpo/ours/trial_runs/coord_02_train_weight_decay_007/ours_s2_curve.csv
ours,coord_02_train_weight_decay_007,3,0.703971119133574,0.703971119133574,0.703971119133574,False,/root/Optimization/MOE-grad-conflict-routing/runs/paper_suite_supplement/single_task_add_rerun/rerun/roberta_rte_ffn_e4_k2_ours_lr_centered/hpo/ours/trial_runs/coord_02_train_weight_decay_007/ours_s3.json,/root/Optimization/MOE-grad-conflict-routing/runs/paper_suite_supplement/single_task_add_rerun/rerun/roberta_rte_ffn_e4_k2_ours_lr_centered/hpo/ours/trial_runs/coord_02_train_weight_decay_007/ours_s3_curve.csv
ours,coord_02_train_weight_decay_008,2,0.7184115523465704,0.7184115523465704,0.7184115523465704,False,/root/Optimization/MOE-grad-conflict-routing/runs/paper_suite_supplement/single_task_add_rerun/rerun/roberta_rte_ffn_e4_k2_ours_lr_centered/hpo/ours/trial_runs/coord_02_train_weight_decay_008/ours_s2.json,/root/Optimization/MOE-grad-conflict-routing/runs/paper_suite_supplement/single_task_add_rerun/rerun/roberta_rte_ffn_e4_k2_ours_lr_centered/hpo/ours/trial_runs/coord_02_train_weight_decay_008/ours_s2_curve.csv
ours,coord_02_train_weight_decay_008,3,0.7148014440433214,0.7148014440433214,0.7148014440433214,False,/root/Optimization/MOE-grad-conflict-routing/runs/paper_suite_supplement/single_task_add_rerun/rerun/roberta_rte_ffn_e4_k2_ours_lr_centered/hpo/ours/trial_runs/coord_02_train_weight_decay_008/ours_s3.json,/root/Optimization/MOE-grad-conflict-routing/runs/paper_suite_supplement/single_task_add_rerun/rerun/roberta_rte_ffn_e4_k2_ours_lr_centered/hpo/ours/trial_runs/coord_02_train_weight_decay_008/ours_s3_curve.csv
ours,coord_02_train_weight_decay_009,2,0.6967509025270758,0.6967509025270758,0.6967509025270758,False,/root/Optimization/MOE-grad-conflict-routing/runs/paper_suite_supplement/single_task_add_rerun/rerun/roberta_rte_ffn_e4_k2_ours_lr_centered/hpo/ours/trial_runs/coord_02_train_weight_decay_009/ours_s2.json,/root/Optimization/MOE-grad-conflict-routing/runs/paper_suite_supplement/single_task_add_rerun/rerun/roberta_rte_ffn_e4_k2_ours_lr_centered/hpo/ours/trial_runs/coord_02_train_weight_decay_009/ours_s2_curve.csv
ours,coord_02_train_weight_decay_009,3,0.7184115523465704,0.7184115523465704,0.7184115523465704,False,/root/Optimization/MOE-grad-conflict-routing/runs/paper_suite_supplement/single_task_add_rerun/rerun/roberta_rte_ffn_e4_k2_ours_lr_centered/hpo/ours/trial_runs/coord_02_train_weight_decay_009/ours_s3.json,/root/Optimization/MOE-grad-conflict-routing/runs/paper_suite_supplement/single_task_add_rerun/rerun/roberta_rte_ffn_e4_k2_ours_lr_centered/hpo/ours/trial_runs/coord_02_train_weight_decay_009/ours_s3_curve.csv
ours,coord_02_train_weight_decay_010,2,0.6859205776173285,0.6859205776173285,0.6859205776173285,False,/root/Optimization/MOE-grad-conflict-routing/runs/paper_suite_supplement/single_task_add_rerun/rerun/roberta_rte_ffn_e4_k2_ours_lr_centered/hpo/ours/trial_runs/coord_02_train_weight_decay_010/ours_s2.json,/root/Optimization/MOE-grad-conflict-routing/runs/paper_suite_supplement/single_task_add_rerun/rerun/roberta_rte_ffn_e4_k2_ours_lr_centered/hpo/ours/trial_runs/coord_02_train_weight_decay_010/ours_s2_curve.csv
ours,coord_02_train_weight_decay_010,3,0.7075812274368231,0.7075812274368231,0.7075812274368231,False,/root/Optimization/MOE-grad-conflict-routing/runs/paper_suite_supplement/single_task_add_rerun/rerun/roberta_rte_ffn_e4_k2_ours_lr_centered/hpo/ours/trial_runs/coord_02_train_weight_decay_010/ours_s3.json,/root/Optimization/MOE-grad-conflict-routing/runs/paper_suite_supplement/single_task_add_rerun/rerun/roberta_rte_ffn_e4_k2_ours_lr_centered/hpo/ours/trial_runs/coord_02_train_weight_decay_010/ours_s3_curve.csv
ours,coord_02_train_weight_decay_011,2,0.6931407942238267,0.6931407942238267,0.6931407942238267,False,/root/Optimization/MOE-grad-conflict-routing/runs/paper_suite_supplement/single_task_add_rerun/rerun/roberta_rte_ffn_e4_k2_ours_lr_centered/hpo/ours/trial_runs/coord_02_train_weight_decay_011/ours_s2.json,/root/Optimization/MOE-grad-conflict-routing/runs/paper_suite_supplement/single_task_add_rerun/rerun/roberta_rte_ffn_e4_k2_ours_lr_centered/hpo/ours/trial_runs/coord_02_train_weight_decay_011/ours_s2_curve.csv
ours,coord_02_train_weight_decay_011,3,0.6787003610108303,0.6787003610108303,0.6787003610108303,False,/root/Optimization/MOE-grad-conflict-routing/runs/paper_suite_supplement/single_task_add_rerun/rerun/roberta_rte_ffn_e4_k2_ours_lr_centered/hpo/ours/trial_runs/coord_02_train_weight_decay_011/ours_s3.json,/root/Optimization/MOE-grad-conflict-routing/runs/paper_suite_supplement/single_task_add_rerun/rerun/roberta_rte_ffn_e4_k2_ours_lr_centered/hpo/ours/trial_runs/coord_02_train_weight_decay_011/ours_s3_curve.csv
ours,coord_02_train_weight_decay_012,2,0.6498194945848376,0.6498194945848376,0.6498194945848376,False,/root/Optimization/MOE-grad-conflict-routing/runs/paper_suite_supplement/single_task_add_rerun/rerun/roberta_rte_ffn_e4_k2_ours_lr_centered/hpo/ours/trial_runs/coord_02_train_weight_decay_012/ours_s2.json,/root/Optimization/MOE-grad-conflict-routing/runs/paper_suite_supplement/single_task_add_rerun/rerun/roberta_rte_ffn_e4_k2_ours_lr_centered/hpo/ours/trial_runs/coord_02_train_weight_decay_012/ours_s2_curve.csv
ours,coord_02_train_weight_decay_012,3,0.703971119133574,0.6787003610108303,0.6913357400722022,False,/root/Optimization/MOE-grad-conflict-routing/runs/paper_suite_supplement/single_task_add_rerun/rerun/roberta_rte_ffn_e4_k2_ours_lr_centered/hpo/ours/trial_runs/coord_02_train_weight_decay_012/ours_s3.json,/root/Optimization/MOE-grad-conflict-routing/runs/paper_suite_supplement/single_task_add_rerun/rerun/roberta_rte_ffn_e4_k2_ours_lr_centered/hpo/ours/trial_runs/coord_02_train_weight_decay_012/ours_s3_curve.csv
ours,coord_02_train_weight_decay_013,2,0.6931407942238267,0.6931407942238267,0.6931407942238267,False,/root/Optimization/MOE-grad-conflict-routing/runs/paper_suite_supplement/single_task_add_rerun/rerun/roberta_rte_ffn_e4_k2_ours_lr_centered/hpo/ours/trial_runs/coord_02_train_weight_decay_013/ours_s2.json,/root/Optimization/MOE-grad-conflict-routing/runs/paper_suite_supplement/single_task_add_rerun/rerun/roberta_rte_ffn_e4_k2_ours_lr_centered/hpo/ours/trial_runs/coord_02_train_weight_decay_013/ours_s2_curve.csv
ours,coord_02_train_weight_decay_013,3,0.703971119133574,0.703971119133574,0.703971119133574,False,/root/Optimization/MOE-grad-conflict-routing/runs/paper_suite_supplement/single_task_add_rerun/rerun/roberta_rte_ffn_e4_k2_ours_lr_centered/hpo/ours/trial_runs/coord_02_train_weight_decay_013/ours_s3.json,/root/Optimization/MOE-grad-conflict-routing/runs/paper_suite_supplement/single_task_add_rerun/rerun/roberta_rte_ffn_e4_k2_ours_lr_centered/hpo/ours/trial_runs/coord_02_train_weight_decay_013/ours_s3_curve.csv
ours,coord_02_train_weight_decay_014,2,0.6967509025270758,0.6967509025270758,0.6967509025270758,False,/root/Optimization/MOE-grad-conflict-routing/runs/paper_suite_supplement/single_task_add_rerun/rerun/roberta_rte_ffn_e4_k2_ours_lr_centered/hpo/ours/trial_runs/coord_02_train_weight_decay_014/ours_s2.json,/root/Optimization/MOE-grad-conflict-routing/runs/paper_suite_supplement/single_task_add_rerun/rerun/roberta_rte_ffn_e4_k2_ours_lr_centered/hpo/ours/trial_runs/coord_02_train_weight_decay_014/ours_s2_curve.csv
ours,coord_02_train_weight_decay_014,3,0.7328519855595668,0.7328519855595668,0.7328519855595668,False,/root/Optimization/MOE-grad-conflict-routing/runs/paper_suite_supplement/single_task_add_rerun/rerun/roberta_rte_ffn_e4_k2_ours_lr_centered/hpo/ours/trial_runs/coord_02_train_weight_decay_014/ours_s3.json,/root/Optimization/MOE-grad-conflict-routing/runs/paper_suite_supplement/single_task_add_rerun/rerun/roberta_rte_ffn_e4_k2_ours_lr_centered/hpo/ours/trial_runs/coord_02_train_weight_decay_014/ours_s3_curve.csv
ours,coord_02_train_weight_decay_015,2,0.6823104693140795,0.6714801444043321,0.6768953068592058,False,/root/Optimization/MOE-grad-conflict-routing/runs/paper_suite_supplement/single_task_add_rerun/rerun/roberta_rte_ffn_e4_k2_ours_lr_centered/hpo/ours/trial_runs/coord_02_train_weight_decay_015/ours_s2.json,/root/Optimization/MOE-grad-conflict-routing/runs/paper_suite_supplement/single_task_add_rerun/rerun/roberta_rte_ffn_e4_k2_ours_lr_centered/hpo/ours/trial_runs/coord_02_train_weight_decay_015/ours_s2_curve.csv
ours,coord_02_train_weight_decay_015,3,0.6895306859205776,0.6895306859205776,0.6895306859205776,False,/root/Optimization/MOE-grad-conflict-routing/runs/paper_suite_supplement/single_task_add_rerun/rerun/roberta_rte_ffn_e4_k2_ours_lr_centered/hpo/ours/trial_runs/coord_02_train_weight_decay_015/ours_s3.json,/root/Optimization/MOE-grad-conflict-routing/runs/paper_suite_supplement/single_task_add_rerun/rerun/roberta_rte_ffn_e4_k2_ours_lr_centered/hpo/ours/trial_runs/coord_02_train_weight_decay_015/ours_s3_curve.csv
ours,coord_02_train_weight_decay_016,2,0.6606498194945848,0.628158844765343,0.644404332129964,False,/root/Optimization/MOE-grad-conflict-routing/runs/paper_suite_supplement/single_task_add_rerun/rerun/roberta_rte_ffn_e4_k2_ours_lr_centered/hpo/ours/trial_runs/coord_02_train_weight_decay_016/ours_s2.json,/root/Optimization/MOE-grad-conflict-routing/runs/paper_suite_supplement/single_task_add_rerun/rerun/roberta_rte_ffn_e4_k2_ours_lr_centered/hpo/ours/trial_runs/coord_02_train_weight_decay_016/ours_s2_curve.csv
ours,coord_02_train_weight_decay_016,3,0.6967509025270758,0.6895306859205776,0.6931407942238268,False,/root/Optimization/MOE-grad-conflict-routing/runs/paper_suite_supplement/single_task_add_rerun/rerun/roberta_rte_ffn_e4_k2_ours_lr_centered/hpo/ours/trial_runs/coord_02_train_weight_decay_016/ours_s3.json,/root/Optimization/MOE-grad-conflict-routing/runs/paper_suite_supplement/single_task_add_rerun/rerun/roberta_rte_ffn_e4_k2_ours_lr_centered/hpo/ours/trial_runs/coord_02_train_weight_decay_016/ours_s3_curve.csv
ours,coord_02_train_weight_decay_017,2,0.7220216606498195,0.7220216606498195,0.7220216606498195,False,/root/Optimization/MOE-grad-conflict-routing/runs/paper_suite_supplement/single_task_add_rerun/rerun/roberta_rte_ffn_e4_k2_ours_lr_centered/hpo/ours/trial_runs/coord_02_train_weight_decay_017/ours_s2.json,/root/Optimization/MOE-grad-conflict-routing/runs/paper_suite_supplement/single_task_add_rerun/rerun/roberta_rte_ffn_e4_k2_ours_lr_centered/hpo/ours/trial_runs/coord_02_train_weight_decay_017/ours_s2_curve.csv
ours,coord_02_train_weight_decay_017,3,0.7148014440433214,0.7148014440433214,0.7148014440433214,False,/root/Optimization/MOE-grad-conflict-routing/runs/paper_suite_supplement/single_task_add_rerun/rerun/roberta_rte_ffn_e4_k2_ours_lr_centered/hpo/ours/trial_runs/coord_02_train_weight_decay_017/ours_s3.json,/root/Optimization/MOE-grad-conflict-routing/runs/paper_suite_supplement/single_task_add_rerun/rerun/roberta_rte_ffn_e4_k2_ours_lr_centered/hpo/ours/trial_runs/coord_02_train_weight_decay_017/ours_s3_curve.csv
ours,coord_02_train_weight_decay_018,2,0.6895306859205776,0.6245487364620939,0.6570397111913358,False,/root/Optimization/MOE-grad-conflict-routing/runs/paper_suite_supplement/single_task_add_rerun/rerun/roberta_rte_ffn_e4_k2_ours_lr_centered/hpo/ours/trial_runs/coord_02_train_weight_decay_018/ours_s2.json,/root/Optimization/MOE-grad-conflict-routing/runs/paper_suite_supplement/single_task_add_rerun/rerun/roberta_rte_ffn_e4_k2_ours_lr_centered/hpo/ours/trial_runs/coord_02_train_weight_decay_018/ours_s2_curve.csv
ours,coord_02_train_weight_decay_018,3,0.7220216606498195,0.7220216606498195,0.7220216606498195,False,/root/Optimization/MOE-grad-conflict-routing/runs/paper_suite_supplement/single_task_add_rerun/rerun/roberta_rte_ffn_e4_k2_ours_lr_centered/hpo/ours/trial_runs/coord_02_train_weight_decay_018/ours_s3.json,/root/Optimization/MOE-grad-conflict-routing/runs/paper_suite_supplement/single_task_add_rerun/rerun/roberta_rte_ffn_e4_k2_ours_lr_centered/hpo/ours/trial_runs/coord_02_train_weight_decay_018/ours_s3_curve.csv
ours,coord_03_anchor,2,0.7545126353790613,0.7545126353790613,0.7545126353790613,False,/root/Optimization/MOE-grad-conflict-routing/runs/paper_suite_supplement/single_task_add_rerun/rerun/roberta_rte_ffn_e4_k2_ours_lr_centered/hpo/ours/trial_runs/coord_03_anchor/ours_s2.json,/root/Optimization/MOE-grad-conflict-routing/runs/paper_suite_supplement/single_task_add_rerun/rerun/roberta_rte_ffn_e4_k2_ours_lr_centered/hpo/ours/trial_runs/coord_03_anchor/ours_s2_curve.csv
ours,coord_03_anchor,3,0.6787003610108303,0.6787003610108303,0.6787003610108303,False,/root/Optimization/MOE-grad-conflict-routing/runs/paper_suite_supplement/single_task_add_rerun/rerun/roberta_rte_ffn_e4_k2_ours_lr_centered/hpo/ours/trial_runs/coord_03_anchor/ours_s3.json,/root/Optimization/MOE-grad-conflict-routing/runs/paper_suite_supplement/single_task_add_rerun/rerun/roberta_rte_ffn_e4_k2_ours_lr_centered/hpo/ours/trial_runs/coord_03_anchor/ours_s3_curve.csv
ours,coord_03_train_grad_clip_000,2,0.7220216606498195,0.7220216606498195,0.7220216606498195,False,/root/Optimization/MOE-grad-conflict-routing/runs/paper_suite_supplement/single_task_add_rerun/rerun/roberta_rte_ffn_e4_k2_ours_lr_centered/hpo/ours/trial_runs/coord_03_train_grad_clip_000/ours_s2.json,/root/Optimization/MOE-grad-conflict-routing/runs/paper_suite_supplement/single_task_add_rerun/rerun/roberta_rte_ffn_e4_k2_ours_lr_centered/hpo/ours/trial_runs/coord_03_train_grad_clip_000/ours_s2_curve.csv
ours,coord_03_train_grad_clip_000,3,0.7003610108303249,0.7003610108303249,0.7003610108303249,False,/root/Optimization/MOE-grad-conflict-routing/runs/paper_suite_supplement/single_task_add_rerun/rerun/roberta_rte_ffn_e4_k2_ours_lr_centered/hpo/ours/trial_runs/coord_03_train_grad_clip_000/ours_s3.json,/root/Optimization/MOE-grad-conflict-routing/runs/paper_suite_supplement/single_task_add_rerun/rerun/roberta_rte_ffn_e4_k2_ours_lr_centered/hpo/ours/trial_runs/coord_03_train_grad_clip_000/ours_s3_curve.csv
ours,coord_03_train_grad_clip_001,2,0.6859205776173285,0.6859205776173285,0.6859205776173285,False,/root/Optimization/MOE-grad-conflict-routing/runs/paper_suite_supplement/single_task_add_rerun/rerun/roberta_rte_ffn_e4_k2_ours_lr_centered/hpo/ours/trial_runs/coord_03_train_grad_clip_001/ours_s2.json,/root/Optimization/MOE-grad-conflict-routing/runs/paper_suite_supplement/single_task_add_rerun/rerun/roberta_rte_ffn_e4_k2_ours_lr_centered/hpo/ours/trial_runs/coord_03_train_grad_clip_001/ours_s2_curve.csv
ours,coord_03_train_grad_clip_001,3,0.6895306859205776,0.6895306859205776,0.6895306859205776,False,/root/Optimization/MOE-grad-conflict-routing/runs/paper_suite_supplement/single_task_add_rerun/rerun/roberta_rte_ffn_e4_k2_ours_lr_centered/hpo/ours/trial_runs/coord_03_train_grad_clip_001/ours_s3.json,/root/Optimization/MOE-grad-conflict-routing/runs/paper_suite_supplement/single_task_add_rerun/rerun/roberta_rte_ffn_e4_k2_ours_lr_centered/hpo/ours/trial_runs/coord_03_train_grad_clip_001/ours_s3_curve.csv
ours,coord_03_train_grad_clip_002,2,0.7075812274368231,0.6931407942238267,0.7003610108303249,False,/root/Optimization/MOE-grad-conflict-routing/runs/paper_suite_supplement/single_task_add_rerun/rerun/roberta_rte_ffn_e4_k2_ours_lr_centered/hpo/ours/trial_runs/coord_03_train_grad_clip_002/ours_s2.json,/root/Optimization/MOE-grad-conflict-routing/runs/paper_suite_supplement/single_task_add_rerun/rerun/roberta_rte_ffn_e4_k2_ours_lr_centered/hpo/ours/trial_runs/coord_03_train_grad_clip_002/ours_s2_curve.csv
ours,coord_03_train_grad_clip_002,3,0.6534296028880866,0.6498194945848376,0.651624548736462,False,/root/Optimization/MOE-grad-conflict-routing/runs/paper_suite_supplement/single_task_add_rerun/rerun/roberta_rte_ffn_e4_k2_ours_lr_centered/hpo/ours/trial_runs/coord_03_train_grad_clip_002/ours_s3.json,/root/Optimization/MOE-grad-conflict-routing/runs/paper_suite_supplement/single_task_add_rerun/rerun/roberta_rte_ffn_e4_k2_ours_lr_centered/hpo/ours/trial_runs/coord_03_train_grad_clip_002/ours_s3_curve.csv
ours,coord_03_train_grad_clip_003,2,0.7111913357400722,0.7111913357400722,0.7111913357400722,False,/root/Optimization/MOE-grad-conflict-routing/runs/paper_suite_supplement/single_task_add_rerun/rerun/roberta_rte_ffn_e4_k2_ours_lr_centered/hpo/ours/trial_runs/coord_03_train_grad_clip_003/ours_s2.json,/root/Optimization/MOE-grad-conflict-routing/runs/paper_suite_supplement/single_task_add_rerun/rerun/roberta_rte_ffn_e4_k2_ours_lr_centered/hpo/ours/trial_runs/coord_03_train_grad_clip_003/ours_s2_curve.csv
ours,coord_03_train_grad_clip_003,3,0.7292418772563177,0.7292418772563177,0.7292418772563177,False,/root/Optimization/MOE-grad-conflict-routing/runs/paper_suite_supplement/single_task_add_rerun/rerun/roberta_rte_ffn_e4_k2_ours_lr_centered/hpo/ours/trial_runs/coord_03_train_grad_clip_003/ours_s3.json,/root/Optimization/MOE-grad-conflict-routing/runs/paper_suite_supplement/single_task_add_rerun/rerun/roberta_rte_ffn_e4_k2_ours_lr_centered/hpo/ours/trial_runs/coord_03_train_grad_clip_003/ours_s3_curve.csv
ours,coord_03_train_grad_clip_004,2,0.6931407942238267,0.6931407942238267,0.6931407942238267,False,/root/Optimization/MOE-grad-conflict-routing/runs/paper_suite_supplement/single_task_add_rerun/rerun/roberta_rte_ffn_e4_k2_ours_lr_centered/hpo/ours/trial_runs/coord_03_train_grad_clip_004/ours_s2.json,/root/Optimization/MOE-grad-conflict-routing/runs/paper_suite_supplement/single_task_add_rerun/rerun/roberta_rte_ffn_e4_k2_ours_lr_centered/hpo/ours/trial_runs/coord_03_train_grad_clip_004/ours_s2_curve.csv
ours,coord_03_train_grad_clip_004,3,0.6859205776173285,0.6859205776173285,0.6859205776173285,False,/root/Optimization/MOE-grad-conflict-routing/runs/paper_suite_supplement/single_task_add_rerun/rerun/roberta_rte_ffn_e4_k2_ours_lr_centered/hpo/ours/trial_runs/coord_03_train_grad_clip_004/ours_s3.json,/root/Optimization/MOE-grad-conflict-routing/runs/paper_suite_supplement/single_task_add_rerun/rerun/roberta_rte_ffn_e4_k2_ours_lr_centered/hpo/ours/trial_runs/coord_03_train_grad_clip_004/ours_s3_curve.csv
ours,coord_03_train_grad_clip_005,2,0.7111913357400722,0.7111913357400722,0.7111913357400722,False,/root/Optimization/MOE-grad-conflict-routing/runs/paper_suite_supplement/single_task_add_rerun/rerun/roberta_rte_ffn_e4_k2_ours_lr_centered/hpo/ours/trial_runs/coord_03_train_grad_clip_005/ours_s2.json,/root/Optimization/MOE-grad-conflict-routing/runs/paper_suite_supplement/single_task_add_rerun/rerun/roberta_rte_ffn_e4_k2_ours_lr_centered/hpo/ours/trial_runs/coord_03_train_grad_clip_005/ours_s2_curve.csv
ours,coord_03_train_grad_clip_005,3,0.6967509025270758,0.6967509025270758,0.6967509025270758,False,/root/Optimization/MOE-grad-conflict-routing/runs/paper_suite_supplement/single_task_add_rerun/rerun/roberta_rte_ffn_e4_k2_ours_lr_centered/hpo/ours/trial_runs/coord_03_train_grad_clip_005/ours_s3.json,/root/Optimization/MOE-grad-conflict-routing/runs/paper_suite_supplement/single_task_add_rerun/rerun/roberta_rte_ffn_e4_k2_ours_lr_centered/hpo/ours/trial_runs/coord_03_train_grad_clip_005/ours_s3_curve.csv
ours,coord_03_train_grad_clip_006,2,0.6967509025270758,0.6895306859205776,0.6931407942238268,False,/root/Optimization/MOE-grad-conflict-routing/runs/paper_suite_supplement/single_task_add_rerun/rerun/roberta_rte_ffn_e4_k2_ours_lr_centered/hpo/ours/trial_runs/coord_03_train_grad_clip_006/ours_s2.json,/root/Optimization/MOE-grad-conflict-routing/runs/paper_suite_supplement/single_task_add_rerun/rerun/roberta_rte_ffn_e4_k2_ours_lr_centered/hpo/ours/trial_runs/coord_03_train_grad_clip_006/ours_s2_curve.csv
ours,coord_03_train_grad_clip_006,3,0.7003610108303249,0.7003610108303249,0.7003610108303249,False,/root/Optimization/MOE-grad-conflict-routing/runs/paper_suite_supplement/single_task_add_rerun/rerun/roberta_rte_ffn_e4_k2_ours_lr_centered/hpo/ours/trial_runs/coord_03_train_grad_clip_006/ours_s3.json,/root/Optimization/MOE-grad-conflict-routing/runs/paper_suite_supplement/single_task_add_rerun/rerun/roberta_rte_ffn_e4_k2_ours_lr_centered/hpo/ours/trial_runs/coord_03_train_grad_clip_006/ours_s3_curve.csv
ours,coord_03_train_grad_clip_007,2,0.6931407942238267,0.6931407942238267,0.6931407942238267,False,/root/Optimization/MOE-grad-conflict-routing/runs/paper_suite_supplement/single_task_add_rerun/rerun/roberta_rte_ffn_e4_k2_ours_lr_centered/hpo/ours/trial_runs/coord_03_train_grad_clip_007/ours_s2.json,/root/Optimization/MOE-grad-conflict-routing/runs/paper_suite_supplement/single_task_add_rerun/rerun/roberta_rte_ffn_e4_k2_ours_lr_centered/hpo/ours/trial_runs/coord_03_train_grad_clip_007/ours_s2_curve.csv
ours,coord_03_train_grad_clip_007,3,0.6967509025270758,0.6967509025270758,0.6967509025270758,False,/root/Optimization/MOE-grad-conflict-routing/runs/paper_suite_supplement/single_task_add_rerun/rerun/roberta_rte_ffn_e4_k2_ours_lr_centered/hpo/ours/trial_runs/coord_03_train_grad_clip_007/ours_s3.json,/root/Optimization/MOE-grad-conflict-routing/runs/paper_suite_supplement/single_task_add_rerun/rerun/roberta_rte_ffn_e4_k2_ours_lr_centered/hpo/ours/trial_runs/coord_03_train_grad_clip_007/ours_s3_curve.csv
ours,coord_03_train_grad_clip_008,2,0.703971119133574,0.703971119133574,0.703971119133574,False,/root/Optimization/MOE-grad-conflict-routing/runs/paper_suite_supplement/single_task_add_rerun/rerun/roberta_rte_ffn_e4_k2_ours_lr_centered/hpo/ours/trial_runs/coord_03_train_grad_clip_008/ours_s2.json,/root/Optimization/MOE-grad-conflict-routing/runs/paper_suite_supplement/single_task_add_rerun/rerun/roberta_rte_ffn_e4_k2_ours_lr_centered/hpo/ours/trial_runs/coord_03_train_grad_clip_008/ours_s2_curve.csv
ours,coord_03_train_grad_clip_008,3,0.6750902527075813,0.6750902527075813,0.6750902527075813,False,/root/Optimization/MOE-grad-conflict-routing/runs/paper_suite_supplement/single_task_add_rerun/rerun/roberta_rte_ffn_e4_k2_ours_lr_centered/hpo/ours/trial_runs/coord_03_train_grad_clip_008/ours_s3.json,/root/Optimization/MOE-grad-conflict-routing/runs/paper_suite_supplement/single_task_add_rerun/rerun/roberta_rte_ffn_e4_k2_ours_lr_centered/hpo/ours/trial_runs/coord_03_train_grad_clip_008/ours_s3_curve.csv
ours,coord_03_train_grad_clip_009,2,0.6823104693140795,0.6823104693140795,0.6823104693140795,False,/root/Optimization/MOE-grad-conflict-routing/runs/paper_suite_supplement/single_task_add_rerun/rerun/roberta_rte_ffn_e4_k2_ours_lr_centered/hpo/ours/trial_runs/coord_03_train_grad_clip_009/ours_s2.json,/root/Optimization/MOE-grad-conflict-routing/runs/paper_suite_supplement/single_task_add_rerun/rerun/roberta_rte_ffn_e4_k2_ours_lr_centered/hpo/ours/trial_runs/coord_03_train_grad_clip_009/ours_s2_curve.csv
ours,coord_03_train_grad_clip_009,3,0.7256317689530686,0.7256317689530686,0.7256317689530686,False,/root/Optimization/MOE-grad-conflict-routing/runs/paper_suite_supplement/single_task_add_rerun/rerun/roberta_rte_ffn_e4_k2_ours_lr_centered/hpo/ours/trial_runs/coord_03_train_grad_clip_009/ours_s3.json,/root/Optimization/MOE-grad-conflict-routing/runs/paper_suite_supplement/single_task_add_rerun/rerun/roberta_rte_ffn_e4_k2_ours_lr_centered/hpo/ours/trial_runs/coord_03_train_grad_clip_009/ours_s3_curve.csv
ours,coord_03_train_grad_clip_010,2,0.7220216606498195,0.7220216606498195,0.7220216606498195,False,/root/Optimization/MOE-grad-conflict-routing/runs/paper_suite_supplement/single_task_add_rerun/rerun/roberta_rte_ffn_e4_k2_ours_lr_centered/hpo/ours/trial_runs/coord_03_train_grad_clip_010/ours_s2.json,/root/Optimization/MOE-grad-conflict-routing/runs/paper_suite_supplement/single_task_add_rerun/rerun/roberta_rte_ffn_e4_k2_ours_lr_centered/hpo/ours/trial_runs/coord_03_train_grad_clip_010/ours_s2_curve.csv
ours,coord_03_train_grad_clip_010,3,0.7148014440433214,0.7148014440433214,0.7148014440433214,False,/root/Optimization/MOE-grad-conflict-routing/runs/paper_suite_supplement/single_task_add_rerun/rerun/roberta_rte_ffn_e4_k2_ours_lr_centered/hpo/ours/trial_runs/coord_03_train_grad_clip_010/ours_s3.json,/root/Optimization/MOE-grad-conflict-routing/runs/paper_suite_supplement/single_task_add_rerun/rerun/roberta_rte_ffn_e4_k2_ours_lr_centered/hpo/ours/trial_runs/coord_03_train_grad_clip_010/ours_s3_curve.csv
ours,coord_03_train_grad_clip_011,2,0.703971119133574,0.703971119133574,0.703971119133574,False,/root/Optimization/MOE-grad-conflict-routing/runs/paper_suite_supplement/single_task_add_rerun/rerun/roberta_rte_ffn_e4_k2_ours_lr_centered/hpo/ours/trial_runs/coord_03_train_grad_clip_011/ours_s2.json,/root/Optimization/MOE-grad-conflict-routing/runs/paper_suite_supplement/single_task_add_rerun/rerun/roberta_rte_ffn_e4_k2_ours_lr_centered/hpo/ours/trial_runs/coord_03_train_grad_clip_011/ours_s2_curve.csv
ours,coord_03_train_grad_clip_011,3,0.6714801444043321,0.6606498194945848,0.6660649819494584,False,/root/Optimization/MOE-grad-conflict-routing/runs/paper_suite_supplement/single_task_add_rerun/rerun/roberta_rte_ffn_e4_k2_ours_lr_centered/hpo/ours/trial_runs/coord_03_train_grad_clip_011/ours_s3.json,/root/Optimization/MOE-grad-conflict-routing/runs/paper_suite_supplement/single_task_add_rerun/rerun/roberta_rte_ffn_e4_k2_ours_lr_centered/hpo/ours/trial_runs/coord_03_train_grad_clip_011/ours_s3_curve.csv
ours,coord_03_train_grad_clip_012,2,0.6534296028880866,0.6534296028880866,0.6534296028880866,False,/root/Optimization/MOE-grad-conflict-routing/runs/paper_suite_supplement/single_task_add_rerun/rerun/roberta_rte_ffn_e4_k2_ours_lr_centered/hpo/ours/trial_runs/coord_03_train_grad_clip_012/ours_s2.json,/root/Optimization/MOE-grad-conflict-routing/runs/paper_suite_supplement/single_task_add_rerun/rerun/roberta_rte_ffn_e4_k2_ours_lr_centered/hpo/ours/trial_runs/coord_03_train_grad_clip_012/ours_s2_curve.csv
ours,coord_03_train_grad_clip_012,3,0.6931407942238267,0.6931407942238267,0.6931407942238267,False,/root/Optimization/MOE-grad-conflict-routing/runs/paper_suite_supplement/single_task_add_rerun/rerun/roberta_rte_ffn_e4_k2_ours_lr_centered/hpo/ours/trial_runs/coord_03_train_grad_clip_012/ours_s3.json,/root/Optimization/MOE-grad-conflict-routing/runs/paper_suite_supplement/single_task_add_rerun/rerun/roberta_rte_ffn_e4_k2_ours_lr_centered/hpo/ours/trial_runs/coord_03_train_grad_clip_012/ours_s3_curve.csv
ours,coord_03_train_grad_clip_013,2,0.7075812274368231,0.7075812274368231,0.7075812274368231,False,/root/Optimization/MOE-grad-conflict-routing/runs/paper_suite_supplement/single_task_add_rerun/rerun/roberta_rte_ffn_e4_k2_ours_lr_centered/hpo/ours/trial_runs/coord_03_train_grad_clip_013/ours_s2.json,/root/Optimization/MOE-grad-conflict-routing/runs/paper_suite_supplement/single_task_add_rerun/rerun/roberta_rte_ffn_e4_k2_ours_lr_centered/hpo/ours/trial_runs/coord_03_train_grad_clip_013/ours_s2_curve.csv
ours,coord_03_train_grad_clip_013,3,0.6895306859205776,0.6750902527075813,0.6823104693140795,False,/root/Optimization/MOE-grad-conflict-routing/runs/paper_suite_supplement/single_task_add_rerun/rerun/roberta_rte_ffn_e4_k2_ours_lr_centered/hpo/ours/trial_runs/coord_03_train_grad_clip_013/ours_s3.json,/root/Optimization/MOE-grad-conflict-routing/runs/paper_suite_supplement/single_task_add_rerun/rerun/roberta_rte_ffn_e4_k2_ours_lr_centered/hpo/ours/trial_runs/coord_03_train_grad_clip_013/ours_s3_curve.csv
ours,coord_03_train_grad_clip_014,2,0.6462093862815884,0.6462093862815884,0.6462093862815884,False,/root/Optimization/MOE-grad-conflict-routing/runs/paper_suite_supplement/single_task_add_rerun/rerun/roberta_rte_ffn_e4_k2_ours_lr_centered/hpo/ours/trial_runs/coord_03_train_grad_clip_014/ours_s2.json,/root/Optimization/MOE-grad-conflict-routing/runs/paper_suite_supplement/single_task_add_rerun/rerun/roberta_rte_ffn_e4_k2_ours_lr_centered/hpo/ours/trial_runs/coord_03_train_grad_clip_014/ours_s2_curve.csv
ours,coord_03_train_grad_clip_014,3,0.6859205776173285,0.6859205776173285,0.6859205776173285,False,/root/Optimization/MOE-grad-conflict-routing/runs/paper_suite_supplement/single_task_add_rerun/rerun/roberta_rte_ffn_e4_k2_ours_lr_centered/hpo/ours/trial_runs/coord_03_train_grad_clip_014/ours_s3.json,/root/Optimization/MOE-grad-conflict-routing/runs/paper_suite_supplement/single_task_add_rerun/rerun/roberta_rte_ffn_e4_k2_ours_lr_centered/hpo/ours/trial_runs/coord_03_train_grad_clip_014/ours_s3_curve.csv
ours,coord_03_train_grad_clip_015,2,0.7148014440433214,0.7148014440433214,0.7148014440433214,False,/root/Optimization/MOE-grad-conflict-routing/runs/paper_suite_supplement/single_task_add_rerun/rerun/roberta_rte_ffn_e4_k2_ours_lr_centered/hpo/ours/trial_runs/coord_03_train_grad_clip_015/ours_s2.json,/root/Optimization/MOE-grad-conflict-routing/runs/paper_suite_supplement/single_task_add_rerun/rerun/roberta_rte_ffn_e4_k2_ours_lr_centered/hpo/ours/trial_runs/coord_03_train_grad_clip_015/ours_s2_curve.csv
ours,coord_03_train_grad_clip_015,3,0.7184115523465704,0.7184115523465704,0.7184115523465704,False,/root/Optimization/MOE-grad-conflict-routing/runs/paper_suite_supplement/single_task_add_rerun/rerun/roberta_rte_ffn_e4_k2_ours_lr_centered/hpo/ours/trial_runs/coord_03_train_grad_clip_015/ours_s3.json,/root/Optimization/MOE-grad-conflict-routing/runs/paper_suite_supplement/single_task_add_rerun/rerun/roberta_rte_ffn_e4_k2_ours_lr_centered/hpo/ours/trial_runs/coord_03_train_grad_clip_015/ours_s3_curve.csv
ours,coord_03_train_grad_clip_016,2,0.7256317689530686,0.7256317689530686,0.7256317689530686,False,/root/Optimization/MOE-grad-conflict-routing/runs/paper_suite_supplement/single_task_add_rerun/rerun/roberta_rte_ffn_e4_k2_ours_lr_centered/hpo/ours/trial_runs/coord_03_train_grad_clip_016/ours_s2.json,/root/Optimization/MOE-grad-conflict-routing/runs/paper_suite_supplement/single_task_add_rerun/rerun/roberta_rte_ffn_e4_k2_ours_lr_centered/hpo/ours/trial_runs/coord_03_train_grad_clip_016/ours_s2_curve.csv
ours,coord_03_train_grad_clip_016,3,0.6678700361010831,0.6678700361010831,0.6678700361010831,False,/root/Optimization/MOE-grad-conflict-routing/runs/paper_suite_supplement/single_task_add_rerun/rerun/roberta_rte_ffn_e4_k2_ours_lr_centered/hpo/ours/trial_runs/coord_03_train_grad_clip_016/ours_s3.json,/root/Optimization/MOE-grad-conflict-routing/runs/paper_suite_supplement/single_task_add_rerun/rerun/roberta_rte_ffn_e4_k2_ours_lr_centered/hpo/ours/trial_runs/coord_03_train_grad_clip_016/ours_s3_curve.csv
ours,coord_03_train_grad_clip_017,2,0.6209386281588448,0.6209386281588448,0.6209386281588448,False,/root/Optimization/MOE-grad-conflict-routing/runs/paper_suite_supplement/single_task_add_rerun/rerun/roberta_rte_ffn_e4_k2_ours_lr_centered/hpo/ours/trial_runs/coord_03_train_grad_clip_017/ours_s2.json,/root/Optimization/MOE-grad-conflict-routing/runs/paper_suite_supplement/single_task_add_rerun/rerun/roberta_rte_ffn_e4_k2_ours_lr_centered/hpo/ours/trial_runs/coord_03_train_grad_clip_017/ours_s2_curve.csv
ours,coord_03_train_grad_clip_017,3,0.6895306859205776,0.6895306859205776,0.6895306859205776,False,/root/Optimization/MOE-grad-conflict-routing/runs/paper_suite_supplement/single_task_add_rerun/rerun/roberta_rte_ffn_e4_k2_ours_lr_centered/hpo/ours/trial_runs/coord_03_train_grad_clip_017/ours_s3.json,/root/Optimization/MOE-grad-conflict-routing/runs/paper_suite_supplement/single_task_add_rerun/rerun/roberta_rte_ffn_e4_k2_ours_lr_centered/hpo/ours/trial_runs/coord_03_train_grad_clip_017/ours_s3_curve.csv
ours,coord_03_train_grad_clip_018,2,0.6967509025270758,0.6787003610108303,0.6877256317689531,False,/root/Optimization/MOE-grad-conflict-routing/runs/paper_suite_supplement/single_task_add_rerun/rerun/roberta_rte_ffn_e4_k2_ours_lr_centered/hpo/ours/trial_runs/coord_03_train_grad_clip_018/ours_s2.json,/root/Optimization/MOE-grad-conflict-routing/runs/paper_suite_supplement/single_task_add_rerun/rerun/roberta_rte_ffn_e4_k2_ours_lr_centered/hpo/ours/trial_runs/coord_03_train_grad_clip_018/ours_s2_curve.csv
ours,coord_03_train_grad_clip_018,3,0.703971119133574,0.703971119133574,0.703971119133574,False,/root/Optimization/MOE-grad-conflict-routing/runs/paper_suite_supplement/single_task_add_rerun/rerun/roberta_rte_ffn_e4_k2_ours_lr_centered/hpo/ours/trial_runs/coord_03_train_grad_clip_018/ours_s3.json,/root/Optimization/MOE-grad-conflict-routing/runs/paper_suite_supplement/single_task_add_rerun/rerun/roberta_rte_ffn_e4_k2_ours_lr_centered/hpo/ours/trial_runs/coord_03_train_grad_clip_018/ours_s3_curve.csv
ours,coord_04_anchor,2,0.6931407942238267,0.6931407942238267,0.6931407942238267,False,/root/Optimization/MOE-grad-conflict-routing/runs/paper_suite_supplement/single_task_add_rerun/rerun/roberta_rte_ffn_e4_k2_ours_lr_centered/hpo/ours/trial_runs/coord_04_anchor/ours_s2.json,/root/Optimization/MOE-grad-conflict-routing/runs/paper_suite_supplement/single_task_add_rerun/rerun/roberta_rte_ffn_e4_k2_ours_lr_centered/hpo/ours/trial_runs/coord_04_anchor/ours_s2_curve.csv
ours,coord_04_anchor,3,0.6787003610108303,0.6750902527075813,0.6768953068592058,False,/root/Optimization/MOE-grad-conflict-routing/runs/paper_suite_supplement/single_task_add_rerun/rerun/roberta_rte_ffn_e4_k2_ours_lr_centered/hpo/ours/trial_runs/coord_04_anchor/ours_s3.json,/root/Optimization/MOE-grad-conflict-routing/runs/paper_suite_supplement/single_task_add_rerun/rerun/roberta_rte_ffn_e4_k2_ours_lr_centered/hpo/ours/trial_runs/coord_04_anchor/ours_s3_curve.csv
ours,coord_04_method_ours_lambda_align_000,2,0.7003610108303249,0.7003610108303249,0.7003610108303249,False,/root/Optimization/MOE-grad-conflict-routing/runs/paper_suite_supplement/single_task_add_rerun/rerun/roberta_rte_ffn_e4_k2_ours_lr_centered/hpo/ours/trial_runs/coord_04_method_ours_lambda_align_000/ours_s2.json,/root/Optimization/MOE-grad-conflict-routing/runs/paper_suite_supplement/single_task_add_rerun/rerun/roberta_rte_ffn_e4_k2_ours_lr_centered/hpo/ours/trial_runs/coord_04_method_ours_lambda_align_000/ours_s2_curve.csv
ours,coord_04_method_ours_lambda_align_000,3,0.6931407942238267,0.6570397111913358,0.6750902527075813,False,/root/Optimization/MOE-grad-conflict-routing/runs/paper_suite_supplement/single_task_add_rerun/rerun/roberta_rte_ffn_e4_k2_ours_lr_centered/hpo/ours/trial_runs/coord_04_method_ours_lambda_align_000/ours_s3.json,/root/Optimization/MOE-grad-conflict-routing/runs/paper_suite_supplement/single_task_add_rerun/rerun/roberta_rte_ffn_e4_k2_ours_lr_centered/hpo/ours/trial_runs/coord_04_method_ours_lambda_align_000/ours_s3_curve.csv
ours,coord_04_method_ours_lambda_align_001,2,0.703971119133574,0.703971119133574,0.703971119133574,False,/root/Optimization/MOE-grad-conflict-routing/runs/paper_suite_supplement/single_task_add_rerun/rerun/roberta_rte_ffn_e4_k2_ours_lr_centered/hpo/ours/trial_runs/coord_04_method_ours_lambda_align_001/ours_s2.json,/root/Optimization/MOE-grad-conflict-routing/runs/paper_suite_supplement/single_task_add_rerun/rerun/roberta_rte_ffn_e4_k2_ours_lr_centered/hpo/ours/trial_runs/coord_04_method_ours_lambda_align_001/ours_s2_curve.csv
ours,coord_04_method_ours_lambda_align_001,3,0.7003610108303249,0.7003610108303249,0.7003610108303249,False,/root/Optimization/MOE-grad-conflict-routing/runs/paper_suite_supplement/single_task_add_rerun/rerun/roberta_rte_ffn_e4_k2_ours_lr_centered/hpo/ours/trial_runs/coord_04_method_ours_lambda_align_001/ours_s3.json,/root/Optimization/MOE-grad-conflict-routing/runs/paper_suite_supplement/single_task_add_rerun/rerun/roberta_rte_ffn_e4_k2_ours_lr_centered/hpo/ours/trial_runs/coord_04_method_ours_lambda_align_001/ours_s3_curve.csv
ours,coord_04_method_ours_lambda_align_002,2,0.7003610108303249,0.7003610108303249,0.7003610108303249,False,/root/Optimization/MOE-grad-conflict-routing/runs/paper_suite_supplement/single_task_add_rerun/rerun/roberta_rte_ffn_e4_k2_ours_lr_centered/hpo/ours/trial_runs/coord_04_method_ours_lambda_align_002/ours_s2.json,/root/Optimization/MOE-grad-conflict-routing/runs/paper_suite_supplement/single_task_add_rerun/rerun/roberta_rte_ffn_e4_k2_ours_lr_centered/hpo/ours/trial_runs/coord_04_method_ours_lambda_align_002/ours_s2_curve.csv
ours,coord_04_method_ours_lambda_align_002,3,0.7111913357400722,0.7075812274368231,0.7093862815884476,False,/root/Optimization/MOE-grad-conflict-routing/runs/paper_suite_supplement/single_task_add_rerun/rerun/roberta_rte_ffn_e4_k2_ours_lr_centered/hpo/ours/trial_runs/coord_04_method_ours_lambda_align_002/ours_s3.json,/root/Optimization/MOE-grad-conflict-routing/runs/paper_suite_supplement/single_task_add_rerun/rerun/roberta_rte_ffn_e4_k2_ours_lr_centered/hpo/ours/trial_runs/coord_04_method_ours_lambda_align_002/ours_s3_curve.csv
ours,coord_04_method_ours_lambda_align_003,2,0.7148014440433214,0.7148014440433214,0.7148014440433214,False,/root/Optimization/MOE-grad-conflict-routing/runs/paper_suite_supplement/single_task_add_rerun/rerun/roberta_rte_ffn_e4_k2_ours_lr_centered/hpo/ours/trial_runs/coord_04_method_ours_lambda_align_003/ours_s2.json,/root/Optimization/MOE-grad-conflict-routing/runs/paper_suite_supplement/single_task_add_rerun/rerun/roberta_rte_ffn_e4_k2_ours_lr_centered/hpo/ours/trial_runs/coord_04_method_ours_lambda_align_003/ours_s2_curve.csv
ours,coord_04_method_ours_lambda_align_003,3,0.7148014440433214,0.7148014440433214,0.7148014440433214,False,/root/Optimization/MOE-grad-conflict-routing/runs/paper_suite_supplement/single_task_add_rerun/rerun/roberta_rte_ffn_e4_k2_ours_lr_centered/hpo/ours/trial_runs/coord_04_method_ours_lambda_align_003/ours_s3.json,/root/Optimization/MOE-grad-conflict-routing/runs/paper_suite_supplement/single_task_add_rerun/rerun/roberta_rte_ffn_e4_k2_ours_lr_centered/hpo/ours/trial_runs/coord_04_method_ours_lambda_align_003/ours_s3_curve.csv
ours,coord_04_method_ours_lambda_align_004,2,0.7184115523465704,0.7184115523465704,0.7184115523465704,False,/root/Optimization/MOE-grad-conflict-routing/runs/paper_suite_supplement/single_task_add_rerun/rerun/roberta_rte_ffn_e4_k2_ours_lr_centered/hpo/ours/trial_runs/coord_04_method_ours_lambda_align_004/ours_s2.json,/root/Optimization/MOE-grad-conflict-routing/runs/paper_suite_supplement/single_task_add_rerun/rerun/roberta_rte_ffn_e4_k2_ours_lr_centered/hpo/ours/trial_runs/coord_04_method_ours_lambda_align_004/ours_s2_curve.csv
ours,coord_04_method_ours_lambda_align_004,3,0.7003610108303249,0.7003610108303249,0.7003610108303249,False,/root/Optimization/MOE-grad-conflict-routing/runs/paper_suite_supplement/single_task_add_rerun/rerun/roberta_rte_ffn_e4_k2_ours_lr_centered/hpo/ours/trial_runs/coord_04_method_ours_lambda_align_004/ours_s3.json,/root/Optimization/MOE-grad-conflict-routing/runs/paper_suite_supplement/single_task_add_rerun/rerun/roberta_rte_ffn_e4_k2_ours_lr_centered/hpo/ours/trial_runs/coord_04_method_ours_lambda_align_004/ours_s3_curve.csv
ours,coord_04_method_ours_lambda_align_005,2,0.7148014440433214,0.7148014440433214,0.7148014440433214,False,/root/Optimization/MOE-grad-conflict-routing/runs/paper_suite_supplement/single_task_add_rerun/rerun/roberta_rte_ffn_e4_k2_ours_lr_centered/hpo/ours/trial_runs/coord_04_method_ours_lambda_align_005/ours_s2.json,/root/Optimization/MOE-grad-conflict-routing/runs/paper_suite_supplement/single_task_add_rerun/rerun/roberta_rte_ffn_e4_k2_ours_lr_centered/hpo/ours/trial_runs/coord_04_method_ours_lambda_align_005/ours_s2_curve.csv
ours,coord_04_method_ours_lambda_align_005,3,0.7220216606498195,0.7220216606498195,0.7220216606498195,False,/root/Optimization/MOE-grad-conflict-routing/runs/paper_suite_supplement/single_task_add_rerun/rerun/roberta_rte_ffn_e4_k2_ours_lr_centered/hpo/ours/trial_runs/coord_04_method_ours_lambda_align_005/ours_s3.json,/root/Optimization/MOE-grad-conflict-routing/runs/paper_suite_supplement/single_task_add_rerun/rerun/roberta_rte_ffn_e4_k2_ours_lr_centered/hpo/ours/trial_runs/coord_04_method_ours_lambda_align_005/ours_s3_curve.csv
ours,coord_04_method_ours_lambda_align_006,2,0.7509025270758123,0.7509025270758123,0.7509025270758123,False,/root/Optimization/MOE-grad-conflict-routing/runs/paper_suite_supplement/single_task_add_rerun/rerun/roberta_rte_ffn_e4_k2_ours_lr_centered/hpo/ours/trial_runs/coord_04_method_ours_lambda_align_006/ours_s2.json,/root/Optimization/MOE-grad-conflict-routing/runs/paper_suite_supplement/single_task_add_rerun/rerun/roberta_rte_ffn_e4_k2_ours_lr_centered/hpo/ours/trial_runs/coord_04_method_ours_lambda_align_006/ours_s2_curve.csv
ours,coord_04_method_ours_lambda_align_006,3,0.6787003610108303,0.6750902527075813,0.6768953068592058,False,/root/Optimization/MOE-grad-conflict-routing/runs/paper_suite_supplement/single_task_add_rerun/rerun/roberta_rte_ffn_e4_k2_ours_lr_centered/hpo/ours/trial_runs/coord_04_method_ours_lambda_align_006/ours_s3.json,/root/Optimization/MOE-grad-conflict-routing/runs/paper_suite_supplement/single_task_add_rerun/rerun/roberta_rte_ffn_e4_k2_ours_lr_centered/hpo/ours/trial_runs/coord_04_method_ours_lambda_align_006/ours_s3_curve.csv
ours,coord_04_method_ours_lambda_align_007,2,0.6823104693140795,0.6823104693140795,0.6823104693140795,False,/root/Optimization/MOE-grad-conflict-routing/runs/paper_suite_supplement/single_task_add_rerun/rerun/roberta_rte_ffn_e4_k2_ours_lr_centered/hpo/ours/trial_runs/coord_04_method_ours_lambda_align_007/ours_s2.json,/root/Optimization/MOE-grad-conflict-routing/runs/paper_suite_supplement/single_task_add_rerun/rerun/roberta_rte_ffn_e4_k2_ours_lr_centered/hpo/ours/trial_runs/coord_04_method_ours_lambda_align_007/ours_s2_curve.csv
ours,coord_04_method_ours_lambda_align_007,3,0.7111913357400722,0.7111913357400722,0.7111913357400722,False,/root/Optimization/MOE-grad-conflict-routing/runs/paper_suite_supplement/single_task_add_rerun/rerun/roberta_rte_ffn_e4_k2_ours_lr_centered/hpo/ours/trial_runs/coord_04_method_ours_lambda_align_007/ours_s3.json,/root/Optimization/MOE-grad-conflict-routing/runs/paper_suite_supplement/single_task_add_rerun/rerun/roberta_rte_ffn_e4_k2_ours_lr_centered/hpo/ours/trial_runs/coord_04_method_ours_lambda_align_007/ours_s3_curve.csv
ours,coord_04_method_ours_lambda_align_008,2,0.7364620938628159,0.7364620938628159,0.7364620938628159,False,/root/Optimization/MOE-grad-conflict-routing/runs/paper_suite_supplement/single_task_add_rerun/rerun/roberta_rte_ffn_e4_k2_ours_lr_centered/hpo/ours/trial_runs/coord_04_method_ours_lambda_align_008/ours_s2.json,/root/Optimization/MOE-grad-conflict-routing/runs/paper_suite_supplement/single_task_add_rerun/rerun/roberta_rte_ffn_e4_k2_ours_lr_centered/hpo/ours/trial_runs/coord_04_method_ours_lambda_align_008/ours_s2_curve.csv
ours,coord_04_method_ours_lambda_align_008,3,0.6967509025270758,0.6967509025270758,0.6967509025270758,False,/root/Optimization/MOE-grad-conflict-routing/runs/paper_suite_supplement/single_task_add_rerun/rerun/roberta_rte_ffn_e4_k2_ours_lr_centered/hpo/ours/trial_runs/coord_04_method_ours_lambda_align_008/ours_s3.json,/root/Optimization/MOE-grad-conflict-routing/runs/paper_suite_supplement/single_task_add_rerun/rerun/roberta_rte_ffn_e4_k2_ours_lr_centered/hpo/ours/trial_runs/coord_04_method_ours_lambda_align_008/ours_s3_curve.csv
ours,coord_04_method_ours_lambda_align_009,2,0.7111913357400722,0.7111913357400722,0.7111913357400722,False,/root/Optimization/MOE-grad-conflict-routing/runs/paper_suite_supplement/single_task_add_rerun/rerun/roberta_rte_ffn_e4_k2_ours_lr_centered/hpo/ours/trial_runs/coord_04_method_ours_lambda_align_009/ours_s2.json,/root/Optimization/MOE-grad-conflict-routing/runs/paper_suite_supplement/single_task_add_rerun/rerun/roberta_rte_ffn_e4_k2_ours_lr_centered/hpo/ours/trial_runs/coord_04_method_ours_lambda_align_009/ours_s2_curve.csv
ours,coord_04_method_ours_lambda_align_009,3,0.6931407942238267,0.6931407942238267,0.6931407942238267,False,/root/Optimization/MOE-grad-conflict-routing/runs/paper_suite_supplement/single_task_add_rerun/rerun/roberta_rte_ffn_e4_k2_ours_lr_centered/hpo/ours/trial_runs/coord_04_method_ours_lambda_align_009/ours_s3.json,/root/Optimization/MOE-grad-conflict-routing/runs/paper_suite_supplement/single_task_add_rerun/rerun/roberta_rte_ffn_e4_k2_ours_lr_centered/hpo/ours/trial_runs/coord_04_method_ours_lambda_align_009/ours_s3_curve.csv
ours,coord_04_method_ours_lambda_align_010,2,0.6678700361010831,0.6678700361010831,0.6678700361010831,False,/root/Optimization/MOE-grad-conflict-routing/runs/paper_suite_supplement/single_task_add_rerun/rerun/roberta_rte_ffn_e4_k2_ours_lr_centered/hpo/ours/trial_runs/coord_04_method_ours_lambda_align_010/ours_s2.json,/root/Optimization/MOE-grad-conflict-routing/runs/paper_suite_supplement/single_task_add_rerun/rerun/roberta_rte_ffn_e4_k2_ours_lr_centered/hpo/ours/trial_runs/coord_04_method_ours_lambda_align_010/ours_s2_curve.csv
ours,coord_04_method_ours_lambda_align_010,3,0.6931407942238267,0.6931407942238267,0.6931407942238267,False,/root/Optimization/MOE-grad-conflict-routing/runs/paper_suite_supplement/single_task_add_rerun/rerun/roberta_rte_ffn_e4_k2_ours_lr_centered/hpo/ours/trial_runs/coord_04_method_ours_lambda_align_010/ours_s3.json,/root/Optimization/MOE-grad-conflict-routing/runs/paper_suite_supplement/single_task_add_rerun/rerun/roberta_rte_ffn_e4_k2_ours_lr_centered/hpo/ours/trial_runs/coord_04_method_ours_lambda_align_010/ours_s3_curve.csv
ours,coord_04_method_ours_lambda_align_011,2,0.7003610108303249,0.6931407942238267,0.6967509025270757,False,/root/Optimization/MOE-grad-conflict-routing/runs/paper_suite_supplement/single_task_add_rerun/rerun/roberta_rte_ffn_e4_k2_ours_lr_centered/hpo/ours/trial_runs/coord_04_method_ours_lambda_align_011/ours_s2.json,/root/Optimization/MOE-grad-conflict-routing/runs/paper_suite_supplement/single_task_add_rerun/rerun/roberta_rte_ffn_e4_k2_ours_lr_centered/hpo/ours/trial_runs/coord_04_method_ours_lambda_align_011/ours_s2_curve.csv
ours,coord_04_method_ours_lambda_align_011,3,0.7075812274368231,0.7075812274368231,0.7075812274368231,False,/root/Optimization/MOE-grad-conflict-routing/runs/paper_suite_supplement/single_task_add_rerun/rerun/roberta_rte_ffn_e4_k2_ours_lr_centered/hpo/ours/trial_runs/coord_04_method_ours_lambda_align_011/ours_s3.json,/root/Optimization/MOE-grad-conflict-routing/runs/paper_suite_supplement/single_task_add_rerun/rerun/roberta_rte_ffn_e4_k2_ours_lr_centered/hpo/ours/trial_runs/coord_04_method_ours_lambda_align_011/ours_s3_curve.csv
ours,coord_04_method_ours_lambda_align_012,2,0.6967509025270758,0.6967509025270758,0.6967509025270758,False,/root/Optimization/MOE-grad-conflict-routing/runs/paper_suite_supplement/single_task_add_rerun/rerun/roberta_rte_ffn_e4_k2_ours_lr_centered/hpo/ours/trial_runs/coord_04_method_ours_lambda_align_012/ours_s2.json,/root/Optimization/MOE-grad-conflict-routing/runs/paper_suite_supplement/single_task_add_rerun/rerun/roberta_rte_ffn_e4_k2_ours_lr_centered/hpo/ours/trial_runs/coord_04_method_ours_lambda_align_012/ours_s2_curve.csv
ours,coord_04_method_ours_lambda_align_012,3,0.7111913357400722,0.7111913357400722,0.7111913357400722,False,/root/Optimization/MOE-grad-conflict-routing/runs/paper_suite_supplement/single_task_add_rerun/rerun/roberta_rte_ffn_e4_k2_ours_lr_centered/hpo/ours/trial_runs/coord_04_method_ours_lambda_align_012/ours_s3.json,/root/Optimization/MOE-grad-conflict-routing/runs/paper_suite_supplement/single_task_add_rerun/rerun/roberta_rte_ffn_e4_k2_ours_lr_centered/hpo/ours/trial_runs/coord_04_method_ours_lambda_align_012/ours_s3_curve.csv
ours,coord_04_method_ours_lambda_align_013,2,0.7075812274368231,0.7075812274368231,0.7075812274368231,False,/root/Optimization/MOE-grad-conflict-routing/runs/paper_suite_supplement/single_task_add_rerun/rerun/roberta_rte_ffn_e4_k2_ours_lr_centered/hpo/ours/trial_runs/coord_04_method_ours_lambda_align_013/ours_s2.json,/root/Optimization/MOE-grad-conflict-routing/runs/paper_suite_supplement/single_task_add_rerun/rerun/roberta_rte_ffn_e4_k2_ours_lr_centered/hpo/ours/trial_runs/coord_04_method_ours_lambda_align_013/ours_s2_curve.csv
ours,coord_04_method_ours_lambda_align_013,3,0.7148014440433214,0.7003610108303249,0.7075812274368232,False,/root/Optimization/MOE-grad-conflict-routing/runs/paper_suite_supplement/single_task_add_rerun/rerun/roberta_rte_ffn_e4_k2_ours_lr_centered/hpo/ours/trial_runs/coord_04_method_ours_lambda_align_013/ours_s3.json,/root/Optimization/MOE-grad-conflict-routing/runs/paper_suite_supplement/single_task_add_rerun/rerun/roberta_rte_ffn_e4_k2_ours_lr_centered/hpo/ours/trial_runs/coord_04_method_ours_lambda_align_013/ours_s3_curve.csv
ours,coord_04_method_ours_lambda_align_014,2,0.6678700361010831,0.6678700361010831,0.6678700361010831,False,/root/Optimization/MOE-grad-conflict-routing/runs/paper_suite_supplement/single_task_add_rerun/rerun/roberta_rte_ffn_e4_k2_ours_lr_centered/hpo/ours/trial_runs/coord_04_method_ours_lambda_align_014/ours_s2.json,/root/Optimization/MOE-grad-conflict-routing/runs/paper_suite_supplement/single_task_add_rerun/rerun/roberta_rte_ffn_e4_k2_ours_lr_centered/hpo/ours/trial_runs/coord_04_method_ours_lambda_align_014/ours_s2_curve.csv
ours,coord_04_method_ours_lambda_align_014,3,0.6967509025270758,0.6967509025270758,0.6967509025270758,False,/root/Optimization/MOE-grad-conflict-routing/runs/paper_suite_supplement/single_task_add_rerun/rerun/roberta_rte_ffn_e4_k2_ours_lr_centered/hpo/ours/trial_runs/coord_04_method_ours_lambda_align_014/ours_s3.json,/root/Optimization/MOE-grad-conflict-routing/runs/paper_suite_supplement/single_task_add_rerun/rerun/roberta_rte_ffn_e4_k2_ours_lr_centered/hpo/ours/trial_runs/coord_04_method_ours_lambda_align_014/ours_s3_curve.csv
ours,coord_04_method_ours_lambda_align_015,2,0.703971119133574,0.703971119133574,0.703971119133574,False,/root/Optimization/MOE-grad-conflict-routing/runs/paper_suite_supplement/single_task_add_rerun/rerun/roberta_rte_ffn_e4_k2_ours_lr_centered/hpo/ours/trial_runs/coord_04_method_ours_lambda_align_015/ours_s2.json,/root/Optimization/MOE-grad-conflict-routing/runs/paper_suite_supplement/single_task_add_rerun/rerun/roberta_rte_ffn_e4_k2_ours_lr_centered/hpo/ours/trial_runs/coord_04_method_ours_lambda_align_015/ours_s2_curve.csv
ours,coord_04_method_ours_lambda_align_015,3,0.6895306859205776,0.6714801444043321,0.6805054151624549,False,/root/Optimization/MOE-grad-conflict-routing/runs/paper_suite_supplement/single_task_add_rerun/rerun/roberta_rte_ffn_e4_k2_ours_lr_centered/hpo/ours/trial_runs/coord_04_method_ours_lambda_align_015/ours_s3.json,/root/Optimization/MOE-grad-conflict-routing/runs/paper_suite_supplement/single_task_add_rerun/rerun/roberta_rte_ffn_e4_k2_ours_lr_centered/hpo/ours/trial_runs/coord_04_method_ours_lambda_align_015/ours_s3_curve.csv
ours,coord_04_method_ours_lambda_align_016,2,0.7292418772563177,0.7292418772563177,0.7292418772563177,False,/root/Optimization/MOE-grad-conflict-routing/runs/paper_suite_supplement/single_task_add_rerun/rerun/roberta_rte_ffn_e4_k2_ours_lr_centered/hpo/ours/trial_runs/coord_04_method_ours_lambda_align_016/ours_s2.json,/root/Optimization/MOE-grad-conflict-routing/runs/paper_suite_supplement/single_task_add_rerun/rerun/roberta_rte_ffn_e4_k2_ours_lr_centered/hpo/ours/trial_runs/coord_04_method_ours_lambda_align_016/ours_s2_curve.csv
ours,coord_04_method_ours_lambda_align_016,3,0.6931407942238267,0.6931407942238267,0.6931407942238267,False,/root/Optimization/MOE-grad-conflict-routing/runs/paper_suite_supplement/single_task_add_rerun/rerun/roberta_rte_ffn_e4_k2_ours_lr_centered/hpo/ours/trial_runs/coord_04_method_ours_lambda_align_016/ours_s3.json,/root/Optimization/MOE-grad-conflict-routing/runs/paper_suite_supplement/single_task_add_rerun/rerun/roberta_rte_ffn_e4_k2_ours_lr_centered/hpo/ours/trial_runs/coord_04_method_ours_lambda_align_016/ours_s3_curve.csv
ours,coord_04_method_ours_lambda_align_017,2,0.740072202166065,0.740072202166065,0.740072202166065,False,/root/Optimization/MOE-grad-conflict-routing/runs/paper_suite_supplement/single_task_add_rerun/rerun/roberta_rte_ffn_e4_k2_ours_lr_centered/hpo/ours/trial_runs/coord_04_method_ours_lambda_align_017/ours_s2.json,/root/Optimization/MOE-grad-conflict-routing/runs/paper_suite_supplement/single_task_add_rerun/rerun/roberta_rte_ffn_e4_k2_ours_lr_centered/hpo/ours/trial_runs/coord_04_method_ours_lambda_align_017/ours_s2_curve.csv
ours,coord_04_method_ours_lambda_align_017,3,0.6787003610108303,0.6787003610108303,0.6787003610108303,False,/root/Optimization/MOE-grad-conflict-routing/runs/paper_suite_supplement/single_task_add_rerun/rerun/roberta_rte_ffn_e4_k2_ours_lr_centered/hpo/ours/trial_runs/coord_04_method_ours_lambda_align_017/ours_s3.json,/root/Optimization/MOE-grad-conflict-routing/runs/paper_suite_supplement/single_task_add_rerun/rerun/roberta_rte_ffn_e4_k2_ours_lr_centered/hpo/ours/trial_runs/coord_04_method_ours_lambda_align_017/ours_s3_curve.csv
ours,coord_04_method_ours_lambda_align_018,2,0.6967509025270758,0.6967509025270758,0.6967509025270758,False,/root/Optimization/MOE-grad-conflict-routing/runs/paper_suite_supplement/single_task_add_rerun/rerun/roberta_rte_ffn_e4_k2_ours_lr_centered/hpo/ours/trial_runs/coord_04_method_ours_lambda_align_018/ours_s2.json,/root/Optimization/MOE-grad-conflict-routing/runs/paper_suite_supplement/single_task_add_rerun/rerun/roberta_rte_ffn_e4_k2_ours_lr_centered/hpo/ours/trial_runs/coord_04_method_ours_lambda_align_018/ours_s2_curve.csv
ours,coord_04_method_ours_lambda_align_018,3,0.6714801444043321,0.592057761732852,0.631768953068592,False,/root/Optimization/MOE-grad-conflict-routing/runs/paper_suite_supplement/single_task_add_rerun/rerun/roberta_rte_ffn_e4_k2_ours_lr_centered/hpo/ours/trial_runs/coord_04_method_ours_lambda_align_018/ours_s3.json,/root/Optimization/MOE-grad-conflict-routing/runs/paper_suite_supplement/single_task_add_rerun/rerun/roberta_rte_ffn_e4_k2_ours_lr_centered/hpo/ours/trial_runs/coord_04_method_ours_lambda_align_018/ours_s3_curve.csv
ours,local_var_topk_000,2,0.6389891696750902,0.6389891696750902,0.6389891696750902,False,/root/Optimization/MOE-grad-conflict-routing/runs/paper_suite_supplement/single_task_add_rerun/rerun/roberta_rte_ffn_e4_k2_ours_lr_centered/hpo/ours/trial_runs/local_var_topk_000/ours_s2.json,/root/Optimization/MOE-grad-conflict-routing/runs/paper_suite_supplement/single_task_add_rerun/rerun/roberta_rte_ffn_e4_k2_ours_lr_centered/hpo/ours/trial_runs/local_var_topk_000/ours_s2_curve.csv
ours,local_var_topk_000,3,0.7003610108303249,0.6931407942238267,0.6967509025270757,False,/root/Optimization/MOE-grad-conflict-routing/runs/paper_suite_supplement/single_task_add_rerun/rerun/roberta_rte_ffn_e4_k2_ours_lr_centered/hpo/ours/trial_runs/local_var_topk_000/ours_s3.json,/root/Optimization/MOE-grad-conflict-routing/runs/paper_suite_supplement/single_task_add_rerun/rerun/roberta_rte_ffn_e4_k2_ours_lr_centered/hpo/ours/trial_runs/local_var_topk_000/ours_s3_curve.csv
ours,local_var_topk_001,2,0.6642599277978339,0.6642599277978339,0.6642599277978339,False,/root/Optimization/MOE-grad-conflict-routing/runs/paper_suite_supplement/single_task_add_rerun/rerun/roberta_rte_ffn_e4_k2_ours_lr_centered/hpo/ours/trial_runs/local_var_topk_001/ours_s2.json,/root/Optimization/MOE-grad-conflict-routing/runs/paper_suite_supplement/single_task_add_rerun/rerun/roberta_rte_ffn_e4_k2_ours_lr_centered/hpo/ours/trial_runs/local_var_topk_001/ours_s2_curve.csv
ours,local_var_topk_001,3,0.6931407942238267,0.6931407942238267,0.6931407942238267,False,/root/Optimization/MOE-grad-conflict-routing/runs/paper_suite_supplement/single_task_add_rerun/rerun/roberta_rte_ffn_e4_k2_ours_lr_centered/hpo/ours/trial_runs/local_var_topk_001/ours_s3.json,/root/Optimization/MOE-grad-conflict-routing/runs/paper_suite_supplement/single_task_add_rerun/rerun/roberta_rte_ffn_e4_k2_ours_lr_centered/hpo/ours/trial_runs/local_var_topk_001/ours_s3_curve.csv
ours,local_var_topk_002,2,0.6895306859205776,0.6895306859205776,0.6895306859205776,False,/root/Optimization/MOE-grad-conflict-routing/runs/paper_suite_supplement/single_task_add_rerun/rerun/roberta_rte_ffn_e4_k2_ours_lr_centered/hpo/ours/trial_runs/local_var_topk_002/ours_s2.json,/root/Optimization/MOE-grad-conflict-routing/runs/paper_suite_supplement/single_task_add_rerun/rerun/roberta_rte_ffn_e4_k2_ours_lr_centered/hpo/ours/trial_runs/local_var_topk_002/ours_s2_curve.csv
ours,local_var_topk_002,3,0.6967509025270758,0.6787003610108303,0.6877256317689531,False,/root/Optimization/MOE-grad-conflict-routing/runs/paper_suite_supplement/single_task_add_rerun/rerun/roberta_rte_ffn_e4_k2_ours_lr_centered/hpo/ours/trial_runs/local_var_topk_002/ours_s3.json,/root/Optimization/MOE-grad-conflict-routing/runs/paper_suite_supplement/single_task_add_rerun/rerun/roberta_rte_ffn_e4_k2_ours_lr_centered/hpo/ours/trial_runs/local_var_topk_002/ours_s3_curve.csv
ours,local_var_topk_003,2,0.6787003610108303,0.6787003610108303,0.6787003610108303,False,/root/Optimization/MOE-grad-conflict-routing/runs/paper_suite_supplement/single_task_add_rerun/rerun/roberta_rte_ffn_e4_k2_ours_lr_centered/hpo/ours/trial_runs/local_var_topk_003/ours_s2.json,/root/Optimization/MOE-grad-conflict-routing/runs/paper_suite_supplement/single_task_add_rerun/rerun/roberta_rte_ffn_e4_k2_ours_lr_centered/hpo/ours/trial_runs/local_var_topk_003/ours_s2_curve.csv
ours,local_var_topk_003,3,0.6823104693140795,0.6823104693140795,0.6823104693140795,False,/root/Optimization/MOE-grad-conflict-routing/runs/paper_suite_supplement/single_task_add_rerun/rerun/roberta_rte_ffn_e4_k2_ours_lr_centered/hpo/ours/trial_runs/local_var_topk_003/ours_s3.json,/root/Optimization/MOE-grad-conflict-routing/runs/paper_suite_supplement/single_task_add_rerun/rerun/roberta_rte_ffn_e4_k2_ours_lr_centered/hpo/ours/trial_runs/local_var_topk_003/ours_s3_curve.csv
ours,local_var_topk_004,2,0.6931407942238267,0.6823104693140795,0.6877256317689531,False,/root/Optimization/MOE-grad-conflict-routing/runs/paper_suite_supplement/single_task_add_rerun/rerun/roberta_rte_ffn_e4_k2_ours_lr_centered/hpo/ours/trial_runs/local_var_topk_004/ours_s2.json,/root/Optimization/MOE-grad-conflict-routing/runs/paper_suite_supplement/single_task_add_rerun/rerun/roberta_rte_ffn_e4_k2_ours_lr_centered/hpo/ours/trial_runs/local_var_topk_004/ours_s2_curve.csv
ours,local_var_topk_004,3,0.6823104693140795,0.6750902527075813,0.6787003610108304,False,/root/Optimization/MOE-grad-conflict-routing/runs/paper_suite_supplement/single_task_add_rerun/rerun/roberta_rte_ffn_e4_k2_ours_lr_centered/hpo/ours/trial_runs/local_var_topk_004/ours_s3.json,/root/Optimization/MOE-grad-conflict-routing/runs/paper_suite_supplement/single_task_add_rerun/rerun/roberta_rte_ffn_e4_k2_ours_lr_centered/hpo/ours/trial_runs/local_var_topk_004/ours_s3_curve.csv
ours,local_var_topk_005,2,0.6678700361010831,0.6678700361010831,0.6678700361010831,False,/root/Optimization/MOE-grad-conflict-routing/runs/paper_suite_supplement/single_task_add_rerun/rerun/roberta_rte_ffn_e4_k2_ours_lr_centered/hpo/ours/trial_runs/local_var_topk_005/ours_s2.json,/root/Optimization/MOE-grad-conflict-routing/runs/paper_suite_supplement/single_task_add_rerun/rerun/roberta_rte_ffn_e4_k2_ours_lr_centered/hpo/ours/trial_runs/local_var_topk_005/ours_s2_curve.csv
ours,local_var_topk_005,3,0.6967509025270758,0.6967509025270758,0.6967509025270758,False,/root/Optimization/MOE-grad-conflict-routing/runs/paper_suite_supplement/single_task_add_rerun/rerun/roberta_rte_ffn_e4_k2_ours_lr_centered/hpo/ours/trial_runs/local_var_topk_005/ours_s3.json,/root/Optimization/MOE-grad-conflict-routing/runs/paper_suite_supplement/single_task_add_rerun/rerun/roberta_rte_ffn_e4_k2_ours_lr_centered/hpo/ours/trial_runs/local_var_topk_005/ours_s3_curve.csv
ours,local_var_topk_006,2,0.6750902527075813,0.6642599277978339,0.6696750902527075,False,/root/Optimization/MOE-grad-conflict-routing/runs/paper_suite_supplement/single_task_add_rerun/rerun/roberta_rte_ffn_e4_k2_ours_lr_centered/hpo/ours/trial_runs/local_var_topk_006/ours_s2.json,/root/Optimization/MOE-grad-conflict-routing/runs/paper_suite_supplement/single_task_add_rerun/rerun/roberta_rte_ffn_e4_k2_ours_lr_centered/hpo/ours/trial_runs/local_var_topk_006/ours_s2_curve.csv
ours,local_var_topk_006,3,0.6714801444043321,0.6714801444043321,0.6714801444043321,False,/root/Optimization/MOE-grad-conflict-routing/runs/paper_suite_supplement/single_task_add_rerun/rerun/roberta_rte_ffn_e4_k2_ours_lr_centered/hpo/ours/trial_runs/local_var_topk_006/ours_s3.json,/root/Optimization/MOE-grad-conflict-routing/runs/paper_suite_supplement/single_task_add_rerun/rerun/roberta_rte_ffn_e4_k2_ours_lr_centered/hpo/ours/trial_runs/local_var_topk_006/ours_s3_curve.csv
ours,local_var_topk_007,2,0.6750902527075813,0.6750902527075813,0.6750902527075813,False,/root/Optimization/MOE-grad-conflict-routing/runs/paper_suite_supplement/single_task_add_rerun/rerun/roberta_rte_ffn_e4_k2_ours_lr_centered/hpo/ours/trial_runs/local_var_topk_007/ours_s2.json,/root/Optimization/MOE-grad-conflict-routing/runs/paper_suite_supplement/single_task_add_rerun/rerun/roberta_rte_ffn_e4_k2_ours_lr_centered/hpo/ours/trial_runs/local_var_topk_007/ours_s2_curve.csv
ours,local_var_topk_007,3,0.6895306859205776,0.6895306859205776,0.6895306859205776,False,/root/Optimization/MOE-grad-conflict-routing/runs/paper_suite_supplement/single_task_add_rerun/rerun/roberta_rte_ffn_e4_k2_ours_lr_centered/hpo/ours/trial_runs/local_var_topk_007/ours_s3.json,/root/Optimization/MOE-grad-conflict-routing/runs/paper_suite_supplement/single_task_add_rerun/rerun/roberta_rte_ffn_e4_k2_ours_lr_centered/hpo/ours/trial_runs/local_var_topk_007/ours_s3_curve.csv
ours,local_var_topk_008,2,0.7003610108303249,0.7003610108303249,0.7003610108303249,False,/root/Optimization/MOE-grad-conflict-routing/runs/paper_suite_supplement/single_task_add_rerun/rerun/roberta_rte_ffn_e4_k2_ours_lr_centered/hpo/ours/trial_runs/local_var_topk_008/ours_s2.json,/root/Optimization/MOE-grad-conflict-routing/runs/paper_suite_supplement/single_task_add_rerun/rerun/roberta_rte_ffn_e4_k2_ours_lr_centered/hpo/ours/trial_runs/local_var_topk_008/ours_s2_curve.csv
ours,local_var_topk_008,3,0.6931407942238267,0.6931407942238267,0.6931407942238267,False,/root/Optimization/MOE-grad-conflict-routing/runs/paper_suite_supplement/single_task_add_rerun/rerun/roberta_rte_ffn_e4_k2_ours_lr_centered/hpo/ours/trial_runs/local_var_topk_008/ours_s3.json,/root/Optimization/MOE-grad-conflict-routing/runs/paper_suite_supplement/single_task_add_rerun/rerun/roberta_rte_ffn_e4_k2_ours_lr_centered/hpo/ours/trial_runs/local_var_topk_008/ours_s3_curve.csv
ours,local_var_topk_009,2,0.6859205776173285,0.6859205776173285,0.6859205776173285,False,/root/Optimization/MOE-grad-conflict-routing/runs/paper_suite_supplement/single_task_add_rerun/rerun/roberta_rte_ffn_e4_k2_ours_lr_centered/hpo/ours/trial_runs/local_var_topk_009/ours_s2.json,/root/Optimization/MOE-grad-conflict-routing/runs/paper_suite_supplement/single_task_add_rerun/rerun/roberta_rte_ffn_e4_k2_ours_lr_centered/hpo/ours/trial_runs/local_var_topk_009/ours_s2_curve.csv
ours,local_var_topk_009,3,0.6606498194945848,0.6606498194945848,0.6606498194945848,False,/root/Optimization/MOE-grad-conflict-routing/runs/paper_suite_supplement/single_task_add_rerun/rerun/roberta_rte_ffn_e4_k2_ours_lr_centered/hpo/ours/trial_runs/local_var_topk_009/ours_s3.json,/root/Optimization/MOE-grad-conflict-routing/runs/paper_suite_supplement/single_task_add_rerun/rerun/roberta_rte_ffn_e4_k2_ours_lr_centered/hpo/ours/trial_runs/local_var_topk_009/ours_s3_curve.csv
ours,local_var_topk_010,2,0.6678700361010831,0.6678700361010831,0.6678700361010831,False,/root/Optimization/MOE-grad-conflict-routing/runs/paper_suite_supplement/single_task_add_rerun/rerun/roberta_rte_ffn_e4_k2_ours_lr_centered/hpo/ours/trial_runs/local_var_topk_010/ours_s2.json,/root/Optimization/MOE-grad-conflict-routing/runs/paper_suite_supplement/single_task_add_rerun/rerun/roberta_rte_ffn_e4_k2_ours_lr_centered/hpo/ours/trial_runs/local_var_topk_010/ours_s2_curve.csv
ours,local_var_topk_010,3,0.6859205776173285,0.6750902527075813,0.6805054151624549,False,/root/Optimization/MOE-grad-conflict-routing/runs/paper_suite_supplement/single_task_add_rerun/rerun/roberta_rte_ffn_e4_k2_ours_lr_centered/hpo/ours/trial_runs/local_var_topk_010/ours_s3.json,/root/Optimization/MOE-grad-conflict-routing/runs/paper_suite_supplement/single_task_add_rerun/rerun/roberta_rte_ffn_e4_k2_ours_lr_centered/hpo/ours/trial_runs/local_var_topk_010/ours_s3_curve.csv
ours,local_var_topk_011,2,0.6787003610108303,0.6787003610108303,0.6787003610108303,False,/root/Optimization/MOE-grad-conflict-routing/runs/paper_suite_supplement/single_task_add_rerun/rerun/roberta_rte_ffn_e4_k2_ours_lr_centered/hpo/ours/trial_runs/local_var_topk_011/ours_s2.json,/root/Optimization/MOE-grad-conflict-routing/runs/paper_suite_supplement/single_task_add_rerun/rerun/roberta_rte_ffn_e4_k2_ours_lr_centered/hpo/ours/trial_runs/local_var_topk_011/ours_s2_curve.csv
ours,local_var_topk_011,3,0.6859205776173285,0.6859205776173285,0.6859205776173285,False,/root/Optimization/MOE-grad-conflict-routing/runs/paper_suite_supplement/single_task_add_rerun/rerun/roberta_rte_ffn_e4_k2_ours_lr_centered/hpo/ours/trial_runs/local_var_topk_011/ours_s3.json,/root/Optimization/MOE-grad-conflict-routing/runs/paper_suite_supplement/single_task_add_rerun/rerun/roberta_rte_ffn_e4_k2_ours_lr_centered/hpo/ours/trial_runs/local_var_topk_011/ours_s3_curve.csv
ours,local_var_topk_012,2,0.6606498194945848,0.6606498194945848,0.6606498194945848,False,/root/Optimization/MOE-grad-conflict-routing/runs/paper_suite_supplement/single_task_add_rerun/rerun/roberta_rte_ffn_e4_k2_ours_lr_centered/hpo/ours/trial_runs/local_var_topk_012/ours_s2.json,/root/Optimization/MOE-grad-conflict-routing/runs/paper_suite_supplement/single_task_add_rerun/rerun/roberta_rte_ffn_e4_k2_ours_lr_centered/hpo/ours/trial_runs/local_var_topk_012/ours_s2_curve.csv
ours,local_var_topk_012,3,0.6895306859205776,0.6895306859205776,0.6895306859205776,False,/root/Optimization/MOE-grad-conflict-routing/runs/paper_suite_supplement/single_task_add_rerun/rerun/roberta_rte_ffn_e4_k2_ours_lr_centered/hpo/ours/trial_runs/local_var_topk_012/ours_s3.json,/root/Optimization/MOE-grad-conflict-routing/runs/paper_suite_supplement/single_task_add_rerun/rerun/roberta_rte_ffn_e4_k2_ours_lr_centered/hpo/ours/trial_runs/local_var_topk_012/ours_s3_curve.csv
ours,local_var_topk_013,2,0.6678700361010831,0.6425992779783394,0.6552346570397112,False,/root/Optimization/MOE-grad-conflict-routing/runs/paper_suite_supplement/single_task_add_rerun/rerun/roberta_rte_ffn_e4_k2_ours_lr_centered/hpo/ours/trial_runs/local_var_topk_013/ours_s2.json,/root/Optimization/MOE-grad-conflict-routing/runs/paper_suite_supplement/single_task_add_rerun/rerun/roberta_rte_ffn_e4_k2_ours_lr_centered/hpo/ours/trial_runs/local_var_topk_013/ours_s2_curve.csv
ours,local_var_topk_013,3,0.7003610108303249,0.7003610108303249,0.7003610108303249,False,/root/Optimization/MOE-grad-conflict-routing/runs/paper_suite_supplement/single_task_add_rerun/rerun/roberta_rte_ffn_e4_k2_ours_lr_centered/hpo/ours/trial_runs/local_var_topk_013/ours_s3.json,/root/Optimization/MOE-grad-conflict-routing/runs/paper_suite_supplement/single_task_add_rerun/rerun/roberta_rte_ffn_e4_k2_ours_lr_centered/hpo/ours/trial_runs/local_var_topk_013/ours_s3_curve.csv
ours,local_var_topk_014,2,0.6642599277978339,0.6642599277978339,0.6642599277978339,False,/root/Optimization/MOE-grad-conflict-routing/runs/paper_suite_supplement/single_task_add_rerun/rerun/roberta_rte_ffn_e4_k2_ours_lr_centered/hpo/ours/trial_runs/local_var_topk_014/ours_s2.json,/root/Optimization/MOE-grad-conflict-routing/runs/paper_suite_supplement/single_task_add_rerun/rerun/roberta_rte_ffn_e4_k2_ours_lr_centered/hpo/ours/trial_runs/local_var_topk_014/ours_s2_curve.csv
ours,local_var_topk_014,3,0.703971119133574,0.703971119133574,0.703971119133574,False,/root/Optimization/MOE-grad-conflict-routing/runs/paper_suite_supplement/single_task_add_rerun/rerun/roberta_rte_ffn_e4_k2_ours_lr_centered/hpo/ours/trial_runs/local_var_topk_014/ours_s3.json,/root/Optimization/MOE-grad-conflict-routing/runs/paper_suite_supplement/single_task_add_rerun/rerun/roberta_rte_ffn_e4_k2_ours_lr_centered/hpo/ours/trial_runs/local_var_topk_014/ours_s3_curve.csv
ours,local_var_topk_015,2,0.6534296028880866,0.6534296028880866,0.6534296028880866,False,/root/Optimization/MOE-grad-conflict-routing/runs/paper_suite_supplement/single_task_add_rerun/rerun/roberta_rte_ffn_e4_k2_ours_lr_centered/hpo/ours/trial_runs/local_var_topk_015/ours_s2.json,/root/Optimization/MOE-grad-conflict-routing/runs/paper_suite_supplement/single_task_add_rerun/rerun/roberta_rte_ffn_e4_k2_ours_lr_centered/hpo/ours/trial_runs/local_var_topk_015/ours_s2_curve.csv
ours,local_var_topk_015,3,0.7003610108303249,0.7003610108303249,0.7003610108303249,False,/root/Optimization/MOE-grad-conflict-routing/runs/paper_suite_supplement/single_task_add_rerun/rerun/roberta_rte_ffn_e4_k2_ours_lr_centered/hpo/ours/trial_runs/local_var_topk_015/ours_s3.json,/root/Optimization/MOE-grad-conflict-routing/runs/paper_suite_supplement/single_task_add_rerun/rerun/roberta_rte_ffn_e4_k2_ours_lr_centered/hpo/ours/trial_runs/local_var_topk_015/ours_s3_curve.csv
ours,local_var_topk_016,2,0.6425992779783394,0.6425992779783394,0.6425992779783394,False,/root/Optimization/MOE-grad-conflict-routing/runs/paper_suite_supplement/single_task_add_rerun/rerun/roberta_rte_ffn_e4_k2_ours_lr_centered/hpo/ours/trial_runs/local_var_topk_016/ours_s2.json,/root/Optimization/MOE-grad-conflict-routing/runs/paper_suite_supplement/single_task_add_rerun/rerun/roberta_rte_ffn_e4_k2_ours_lr_centered/hpo/ours/trial_runs/local_var_topk_016/ours_s2_curve.csv
ours,local_var_topk_016,3,0.6859205776173285,0.6859205776173285,0.6859205776173285,False,/root/Optimization/MOE-grad-conflict-routing/runs/paper_suite_supplement/single_task_add_rerun/rerun/roberta_rte_ffn_e4_k2_ours_lr_centered/hpo/ours/trial_runs/local_var_topk_016/ours_s3.json,/root/Optimization/MOE-grad-conflict-routing/runs/paper_suite_supplement/single_task_add_rerun/rerun/roberta_rte_ffn_e4_k2_ours_lr_centered/hpo/ours/trial_runs/local_var_topk_016/ours_s3_curve.csv
ours,local_var_topk_017,2,0.6606498194945848,0.6606498194945848,0.6606498194945848,False,/root/Optimization/MOE-grad-conflict-routing/runs/paper_suite_supplement/single_task_add_rerun/rerun/roberta_rte_ffn_e4_k2_ours_lr_centered/hpo/ours/trial_runs/local_var_topk_017/ours_s2.json,/root/Optimization/MOE-grad-conflict-routing/runs/paper_suite_supplement/single_task_add_rerun/rerun/roberta_rte_ffn_e4_k2_ours_lr_centered/hpo/ours/trial_runs/local_var_topk_017/ours_s2_curve.csv
ours,local_var_topk_017,3,0.6859205776173285,0.6859205776173285,0.6859205776173285,False,/root/Optimization/MOE-grad-conflict-routing/runs/paper_suite_supplement/single_task_add_rerun/rerun/roberta_rte_ffn_e4_k2_ours_lr_centered/hpo/ours/trial_runs/local_var_topk_017/ours_s3.json,/root/Optimization/MOE-grad-conflict-routing/runs/paper_suite_supplement/single_task_add_rerun/rerun/roberta_rte_ffn_e4_k2_ours_lr_centered/hpo/ours/trial_runs/local_var_topk_017/ours_s3_curve.csv
ours,local_var_topk_018,2,0.6678700361010831,0.6678700361010831,0.6678700361010831,False,/root/Optimization/MOE-grad-conflict-routing/runs/paper_suite_supplement/single_task_add_rerun/rerun/roberta_rte_ffn_e4_k2_ours_lr_centered/hpo/ours/trial_runs/local_var_topk_018/ours_s2.json,/root/Optimization/MOE-grad-conflict-routing/runs/paper_suite_supplement/single_task_add_rerun/rerun/roberta_rte_ffn_e4_k2_ours_lr_centered/hpo/ours/trial_runs/local_var_topk_018/ours_s2_curve.csv
ours,local_var_topk_018,3,0.6750902527075813,0.6750902527075813,0.6750902527075813,False,/root/Optimization/MOE-grad-conflict-routing/runs/paper_suite_supplement/single_task_add_rerun/rerun/roberta_rte_ffn_e4_k2_ours_lr_centered/hpo/ours/trial_runs/local_var_topk_018/ours_s3.json,/root/Optimization/MOE-grad-conflict-routing/runs/paper_suite_supplement/single_task_add_rerun/rerun/roberta_rte_ffn_e4_k2_ours_lr_centered/hpo/ours/trial_runs/local_var_topk_018/ours_s3_curve.csv
ours,local_var_topk_019,2,0.6787003610108303,0.6787003610108303,0.6787003610108303,False,/root/Optimization/MOE-grad-conflict-routing/runs/paper_suite_supplement/single_task_add_rerun/rerun/roberta_rte_ffn_e4_k2_ours_lr_centered/hpo/ours/trial_runs/local_var_topk_019/ours_s2.json,/root/Optimization/MOE-grad-conflict-routing/runs/paper_suite_supplement/single_task_add_rerun/rerun/roberta_rte_ffn_e4_k2_ours_lr_centered/hpo/ours/trial_runs/local_var_topk_019/ours_s2_curve.csv
ours,local_var_topk_019,3,0.6859205776173285,0.6859205776173285,0.6859205776173285,False,/root/Optimization/MOE-grad-conflict-routing/runs/paper_suite_supplement/single_task_add_rerun/rerun/roberta_rte_ffn_e4_k2_ours_lr_centered/hpo/ours/trial_runs/local_var_topk_019/ours_s3.json,/root/Optimization/MOE-grad-conflict-routing/runs/paper_suite_supplement/single_task_add_rerun/rerun/roberta_rte_ffn_e4_k2_ours_lr_centered/hpo/ours/trial_runs/local_var_topk_019/ours_s3_curve.csv
ours,local_var_topk_020,2,0.6534296028880866,0.6534296028880866,0.6534296028880866,False,/root/Optimization/MOE-grad-conflict-routing/runs/paper_suite_supplement/single_task_add_rerun/rerun/roberta_rte_ffn_e4_k2_ours_lr_centered/hpo/ours/trial_runs/local_var_topk_020/ours_s2.json,/root/Optimization/MOE-grad-conflict-routing/runs/paper_suite_supplement/single_task_add_rerun/rerun/roberta_rte_ffn_e4_k2_ours_lr_centered/hpo/ours/trial_runs/local_var_topk_020/ours_s2_curve.csv
ours,local_var_topk_020,3,0.7003610108303249,0.7003610108303249,0.7003610108303249,False,/root/Optimization/MOE-grad-conflict-routing/runs/paper_suite_supplement/single_task_add_rerun/rerun/roberta_rte_ffn_e4_k2_ours_lr_centered/hpo/ours/trial_runs/local_var_topk_020/ours_s3.json,/root/Optimization/MOE-grad-conflict-routing/runs/paper_suite_supplement/single_task_add_rerun/rerun/roberta_rte_ffn_e4_k2_ours_lr_centered/hpo/ours/trial_runs/local_var_topk_020/ours_s3_curve.csv
ours,local_var_topk_021,2,0.6750902527075813,0.6750902527075813,0.6750902527075813,False,/root/Optimization/MOE-grad-conflict-routing/runs/paper_suite_supplement/single_task_add_rerun/rerun/roberta_rte_ffn_e4_k2_ours_lr_centered/hpo/ours/trial_runs/local_var_topk_021/ours_s2.json,/root/Optimization/MOE-grad-conflict-routing/runs/paper_suite_supplement/single_task_add_rerun/rerun/roberta_rte_ffn_e4_k2_ours_lr_centered/hpo/ours/trial_runs/local_var_topk_021/ours_s2_curve.csv
ours,local_var_topk_021,3,0.6859205776173285,0.6859205776173285,0.6859205776173285,False,/root/Optimization/MOE-grad-conflict-routing/runs/paper_suite_supplement/single_task_add_rerun/rerun/roberta_rte_ffn_e4_k2_ours_lr_centered/hpo/ours/trial_runs/local_var_topk_021/ours_s3.json,/root/Optimization/MOE-grad-conflict-routing/runs/paper_suite_supplement/single_task_add_rerun/rerun/roberta_rte_ffn_e4_k2_ours_lr_centered/hpo/ours/trial_runs/local_var_topk_021/ours_s3_curve.csv
ours,local_var_topk_022,2,0.6895306859205776,0.6895306859205776,0.6895306859205776,False,/root/Optimization/MOE-grad-conflict-routing/runs/paper_suite_supplement/single_task_add_rerun/rerun/roberta_rte_ffn_e4_k2_ours_lr_centered/hpo/ours/trial_runs/local_var_topk_022/ours_s2.json,/root/Optimization/MOE-grad-conflict-routing/runs/paper_suite_supplement/single_task_add_rerun/rerun/roberta_rte_ffn_e4_k2_ours_lr_centered/hpo/ours/trial_runs/local_var_topk_022/ours_s2_curve.csv
ours,local_var_topk_022,3,0.7003610108303249,0.7003610108303249,0.7003610108303249,False,/root/Optimization/MOE-grad-conflict-routing/runs/paper_suite_supplement/single_task_add_rerun/rerun/roberta_rte_ffn_e4_k2_ours_lr_centered/hpo/ours/trial_runs/local_var_topk_022/ours_s3.json,/root/Optimization/MOE-grad-conflict-routing/runs/paper_suite_supplement/single_task_add_rerun/rerun/roberta_rte_ffn_e4_k2_ours_lr_centered/hpo/ours/trial_runs/local_var_topk_022/ours_s3_curve.csv
ours,local_var_topk_023,2,0.6895306859205776,0.6895306859205776,0.6895306859205776,False,/root/Optimization/MOE-grad-conflict-routing/runs/paper_suite_supplement/single_task_add_rerun/rerun/roberta_rte_ffn_e4_k2_ours_lr_centered/hpo/ours/trial_runs/local_var_topk_023/ours_s2.json,/root/Optimization/MOE-grad-conflict-routing/runs/paper_suite_supplement/single_task_add_rerun/rerun/roberta_rte_ffn_e4_k2_ours_lr_centered/hpo/ours/trial_runs/local_var_topk_023/ours_s2_curve.csv
ours,local_var_topk_023,3,0.6678700361010831,0.6678700361010831,0.6678700361010831,False,/root/Optimization/MOE-grad-conflict-routing/runs/paper_suite_supplement/single_task_add_rerun/rerun/roberta_rte_ffn_e4_k2_ours_lr_centered/hpo/ours/trial_runs/local_var_topk_023/ours_s3.json,/root/Optimization/MOE-grad-conflict-routing/runs/paper_suite_supplement/single_task_add_rerun/rerun/roberta_rte_ffn_e4_k2_ours_lr_centered/hpo/ours/trial_runs/local_var_topk_023/ours_s3_curve.csv
ours,local_var_topk_024,2,0.6895306859205776,0.6895306859205776,0.6895306859205776,False,/root/Optimization/MOE-grad-conflict-routing/runs/paper_suite_supplement/single_task_add_rerun/rerun/roberta_rte_ffn_e4_k2_ours_lr_centered/hpo/ours/trial_runs/local_var_topk_024/ours_s2.json,/root/Optimization/MOE-grad-conflict-routing/runs/paper_suite_supplement/single_task_add_rerun/rerun/roberta_rte_ffn_e4_k2_ours_lr_centered/hpo/ours/trial_runs/local_var_topk_024/ours_s2_curve.csv
ours,local_var_topk_024,3,0.6895306859205776,0.6895306859205776,0.6895306859205776,False,/root/Optimization/MOE-grad-conflict-routing/runs/paper_suite_supplement/single_task_add_rerun/rerun/roberta_rte_ffn_e4_k2_ours_lr_centered/hpo/ours/trial_runs/local_var_topk_024/ours_s3.json,/root/Optimization/MOE-grad-conflict-routing/runs/paper_suite_supplement/single_task_add_rerun/rerun/roberta_rte_ffn_e4_k2_ours_lr_centered/hpo/ours/trial_runs/local_var_topk_024/ours_s3_curve.csv
ours,local_var_topk_025,2,0.6678700361010831,0.6678700361010831,0.6678700361010831,False,/root/Optimization/MOE-grad-conflict-routing/runs/paper_suite_supplement/single_task_add_rerun/rerun/roberta_rte_ffn_e4_k2_ours_lr_centered/hpo/ours/trial_runs/local_var_topk_025/ours_s2.json,/root/Optimization/MOE-grad-conflict-routing/runs/paper_suite_supplement/single_task_add_rerun/rerun/roberta_rte_ffn_e4_k2_ours_lr_centered/hpo/ours/trial_runs/local_var_topk_025/ours_s2_curve.csv
ours,local_var_topk_025,3,0.6859205776173285,0.6859205776173285,0.6859205776173285,False,/root/Optimization/MOE-grad-conflict-routing/runs/paper_suite_supplement/single_task_add_rerun/rerun/roberta_rte_ffn_e4_k2_ours_lr_centered/hpo/ours/trial_runs/local_var_topk_025/ours_s3.json,/root/Optimization/MOE-grad-conflict-routing/runs/paper_suite_supplement/single_task_add_rerun/rerun/roberta_rte_ffn_e4_k2_ours_lr_centered/hpo/ours/trial_runs/local_var_topk_025/ours_s3_curve.csv
ours,local_var_topk_026,2,0.6895306859205776,0.6895306859205776,0.6895306859205776,False,/root/Optimization/MOE-grad-conflict-routing/runs/paper_suite_supplement/single_task_add_rerun/rerun/roberta_rte_ffn_e4_k2_ours_lr_centered/hpo/ours/trial_runs/local_var_topk_026/ours_s2.json,/root/Optimization/MOE-grad-conflict-routing/runs/paper_suite_supplement/single_task_add_rerun/rerun/roberta_rte_ffn_e4_k2_ours_lr_centered/hpo/ours/trial_runs/local_var_topk_026/ours_s2_curve.csv
ours,local_var_topk_026,3,0.6823104693140795,0.6823104693140795,0.6823104693140795,False,/root/Optimization/MOE-grad-conflict-routing/runs/paper_suite_supplement/single_task_add_rerun/rerun/roberta_rte_ffn_e4_k2_ours_lr_centered/hpo/ours/trial_runs/local_var_topk_026/ours_s3.json,/root/Optimization/MOE-grad-conflict-routing/runs/paper_suite_supplement/single_task_add_rerun/rerun/roberta_rte_ffn_e4_k2_ours_lr_centered/hpo/ours/trial_runs/local_var_topk_026/ours_s3_curve.csv
ours,local_var_topk_027,2,0.703971119133574,0.703971119133574,0.703971119133574,False,/root/Optimization/MOE-grad-conflict-routing/runs/paper_suite_supplement/single_task_add_rerun/rerun/roberta_rte_ffn_e4_k2_ours_lr_centered/hpo/ours/trial_runs/local_var_topk_027/ours_s2.json,/root/Optimization/MOE-grad-conflict-routing/runs/paper_suite_supplement/single_task_add_rerun/rerun/roberta_rte_ffn_e4_k2_ours_lr_centered/hpo/ours/trial_runs/local_var_topk_027/ours_s2_curve.csv
ours,local_var_topk_027,3,0.7256317689530686,0.7256317689530686,0.7256317689530686,False,/root/Optimization/MOE-grad-conflict-routing/runs/paper_suite_supplement/single_task_add_rerun/rerun/roberta_rte_ffn_e4_k2_ours_lr_centered/hpo/ours/trial_runs/local_var_topk_027/ours_s3.json,/root/Optimization/MOE-grad-conflict-routing/runs/paper_suite_supplement/single_task_add_rerun/rerun/roberta_rte_ffn_e4_k2_ours_lr_centered/hpo/ours/trial_runs/local_var_topk_027/ours_s3_curve.csv
ours,local_var_topk_028,2,0.6931407942238267,0.6931407942238267,0.6931407942238267,False,/root/Optimization/MOE-grad-conflict-routing/runs/paper_suite_supplement/single_task_add_rerun/rerun/roberta_rte_ffn_e4_k2_ours_lr_centered/hpo/ours/trial_runs/local_var_topk_028/ours_s2.json,/root/Optimization/MOE-grad-conflict-routing/runs/paper_suite_supplement/single_task_add_rerun/rerun/roberta_rte_ffn_e4_k2_ours_lr_centered/hpo/ours/trial_runs/local_var_topk_028/ours_s2_curve.csv
ours,local_var_topk_028,3,0.6859205776173285,0.6859205776173285,0.6859205776173285,False,/root/Optimization/MOE-grad-conflict-routing/runs/paper_suite_supplement/single_task_add_rerun/rerun/roberta_rte_ffn_e4_k2_ours_lr_centered/hpo/ours/trial_runs/local_var_topk_028/ours_s3.json,/root/Optimization/MOE-grad-conflict-routing/runs/paper_suite_supplement/single_task_add_rerun/rerun/roberta_rte_ffn_e4_k2_ours_lr_centered/hpo/ours/trial_runs/local_var_topk_028/ours_s3_curve.csv
ours,local_var_topk_029,2,0.6787003610108303,0.6678700361010831,0.6732851985559567,False,/root/Optimization/MOE-grad-conflict-routing/runs/paper_suite_supplement/single_task_add_rerun/rerun/roberta_rte_ffn_e4_k2_ours_lr_centered/hpo/ours/trial_runs/local_var_topk_029/ours_s2.json,/root/Optimization/MOE-grad-conflict-routing/runs/paper_suite_supplement/single_task_add_rerun/rerun/roberta_rte_ffn_e4_k2_ours_lr_centered/hpo/ours/trial_runs/local_var_topk_029/ours_s2_curve.csv
ours,local_var_topk_029,3,0.7148014440433214,0.7111913357400722,0.7129963898916968,False,/root/Optimization/MOE-grad-conflict-routing/runs/paper_suite_supplement/single_task_add_rerun/rerun/roberta_rte_ffn_e4_k2_ours_lr_centered/hpo/ours/trial_runs/local_var_topk_029/ours_s3.json,/root/Optimization/MOE-grad-conflict-routing/runs/paper_suite_supplement/single_task_add_rerun/rerun/roberta_rte_ffn_e4_k2_ours_lr_centered/hpo/ours/trial_runs/local_var_topk_029/ours_s3_curve.csv
ours,local_var_topk_030,2,0.7220216606498195,0.7220216606498195,0.7220216606498195,False,/root/Optimization/MOE-grad-conflict-routing/runs/paper_suite_supplement/single_task_add_rerun/rerun/roberta_rte_ffn_e4_k2_ours_lr_centered/hpo/ours/trial_runs/local_var_topk_030/ours_s2.json,/root/Optimization/MOE-grad-conflict-routing/runs/paper_suite_supplement/single_task_add_rerun/rerun/roberta_rte_ffn_e4_k2_ours_lr_centered/hpo/ours/trial_runs/local_var_topk_030/ours_s2_curve.csv
ours,local_var_topk_030,3,0.6787003610108303,0.6425992779783394,0.6606498194945849,False,/root/Optimization/MOE-grad-conflict-routing/runs/paper_suite_supplement/single_task_add_rerun/rerun/roberta_rte_ffn_e4_k2_ours_lr_centered/hpo/ours/trial_runs/local_var_topk_030/ours_s3.json,/root/Optimization/MOE-grad-conflict-routing/runs/paper_suite_supplement/single_task_add_rerun/rerun/roberta_rte_ffn_e4_k2_ours_lr_centered/hpo/ours/trial_runs/local_var_topk_030/ours_s3_curve.csv
ours,local_var_topk_031,2,0.7472924187725631,0.7472924187725631,0.7472924187725631,False,/root/Optimization/MOE-grad-conflict-routing/runs/paper_suite_supplement/single_task_add_rerun/rerun/roberta_rte_ffn_e4_k2_ours_lr_centered/hpo/ours/trial_runs/local_var_topk_031/ours_s2.json,/root/Optimization/MOE-grad-conflict-routing/runs/paper_suite_supplement/single_task_add_rerun/rerun/roberta_rte_ffn_e4_k2_ours_lr_centered/hpo/ours/trial_runs/local_var_topk_031/ours_s2_curve.csv
ours,local_var_topk_031,3,0.7256317689530686,0.7256317689530686,0.7256317689530686,False,/root/Optimization/MOE-grad-conflict-routing/runs/paper_suite_supplement/single_task_add_rerun/rerun/roberta_rte_ffn_e4_k2_ours_lr_centered/hpo/ours/trial_runs/local_var_topk_031/ours_s3.json,/root/Optimization/MOE-grad-conflict-routing/runs/paper_suite_supplement/single_task_add_rerun/rerun/roberta_rte_ffn_e4_k2_ours_lr_centered/hpo/ours/trial_runs/local_var_topk_031/ours_s3_curve.csv
ours,local_var_topk_032,2,0.6967509025270758,0.6967509025270758,0.6967509025270758,False,/root/Optimization/MOE-grad-conflict-routing/runs/paper_suite_supplement/single_task_add_rerun/rerun/roberta_rte_ffn_e4_k2_ours_lr_centered/hpo/ours/trial_runs/local_var_topk_032/ours_s2.json,/root/Optimization/MOE-grad-conflict-routing/runs/paper_suite_supplement/single_task_add_rerun/rerun/roberta_rte_ffn_e4_k2_ours_lr_centered/hpo/ours/trial_runs/local_var_topk_032/ours_s2_curve.csv
ours,local_var_topk_032,3,0.703971119133574,0.703971119133574,0.703971119133574,False,/root/Optimization/MOE-grad-conflict-routing/runs/paper_suite_supplement/single_task_add_rerun/rerun/roberta_rte_ffn_e4_k2_ours_lr_centered/hpo/ours/trial_runs/local_var_topk_032/ours_s3.json,/root/Optimization/MOE-grad-conflict-routing/runs/paper_suite_supplement/single_task_add_rerun/rerun/roberta_rte_ffn_e4_k2_ours_lr_centered/hpo/ours/trial_runs/local_var_topk_032/ours_s3_curve.csv
ours,local_var_topk_033,2,0.7292418772563177,0.7292418772563177,0.7292418772563177,False,/root/Optimization/MOE-grad-conflict-routing/runs/paper_suite_supplement/single_task_add_rerun/rerun/roberta_rte_ffn_e4_k2_ours_lr_centered/hpo/ours/trial_runs/local_var_topk_033/ours_s2.json,/root/Optimization/MOE-grad-conflict-routing/runs/paper_suite_supplement/single_task_add_rerun/rerun/roberta_rte_ffn_e4_k2_ours_lr_centered/hpo/ours/trial_runs/local_var_topk_033/ours_s2_curve.csv
ours,local_var_topk_033,3,0.6931407942238267,0.6895306859205776,0.6913357400722022,False,/root/Optimization/MOE-grad-conflict-routing/runs/paper_suite_supplement/single_task_add_rerun/rerun/roberta_rte_ffn_e4_k2_ours_lr_centered/hpo/ours/trial_runs/local_var_topk_033/ours_s3.json,/root/Optimization/MOE-grad-conflict-routing/runs/paper_suite_supplement/single_task_add_rerun/rerun/roberta_rte_ffn_e4_k2_ours_lr_centered/hpo/ours/trial_runs/local_var_topk_033/ours_s3_curve.csv
ours,local_var_topk_034,2,0.6967509025270758,0.6967509025270758,0.6967509025270758,False,/root/Optimization/MOE-grad-conflict-routing/runs/paper_suite_supplement/single_task_add_rerun/rerun/roberta_rte_ffn_e4_k2_ours_lr_centered/hpo/ours/trial_runs/local_var_topk_034/ours_s2.json,/root/Optimization/MOE-grad-conflict-routing/runs/paper_suite_supplement/single_task_add_rerun/rerun/roberta_rte_ffn_e4_k2_ours_lr_centered/hpo/ours/trial_runs/local_var_topk_034/ours_s2_curve.csv
ours,local_var_topk_034,3,0.6967509025270758,0.6714801444043321,0.6841155234657039,False,/root/Optimization/MOE-grad-conflict-routing/runs/paper_suite_supplement/single_task_add_rerun/rerun/roberta_rte_ffn_e4_k2_ours_lr_centered/hpo/ours/trial_runs/local_var_topk_034/ours_s3.json,/root/Optimization/MOE-grad-conflict-routing/runs/paper_suite_supplement/single_task_add_rerun/rerun/roberta_rte_ffn_e4_k2_ours_lr_centered/hpo/ours/trial_runs/local_var_topk_034/ours_s3_curve.csv
ours,local_var_topk_035,2,0.6967509025270758,0.6787003610108303,0.6877256317689531,False,/root/Optimization/MOE-grad-conflict-routing/runs/paper_suite_supplement/single_task_add_rerun/rerun/roberta_rte_ffn_e4_k2_ours_lr_centered/hpo/ours/trial_runs/local_var_topk_035/ours_s2.json,/root/Optimization/MOE-grad-conflict-routing/runs/paper_suite_supplement/single_task_add_rerun/rerun/roberta_rte_ffn_e4_k2_ours_lr_centered/hpo/ours/trial_runs/local_var_topk_035/ours_s2_curve.csv
ours,local_var_topk_035,3,0.7075812274368231,0.7075812274368231,0.7075812274368231,False,/root/Optimization/MOE-grad-conflict-routing/runs/paper_suite_supplement/single_task_add_rerun/rerun/roberta_rte_ffn_e4_k2_ours_lr_centered/hpo/ours/trial_runs/local_var_topk_035/ours_s3.json,/root/Optimization/MOE-grad-conflict-routing/runs/paper_suite_supplement/single_task_add_rerun/rerun/roberta_rte_ffn_e4_k2_ours_lr_centered/hpo/ours/trial_runs/local_var_topk_035/ours_s3_curve.csv
ours,local_var_topk_036,2,0.703971119133574,0.703971119133574,0.703971119133574,False,/root/Optimization/MOE-grad-conflict-routing/runs/paper_suite_supplement/single_task_add_rerun/rerun/roberta_rte_ffn_e4_k2_ours_lr_centered/hpo/ours/trial_runs/local_var_topk_036/ours_s2.json,/root/Optimization/MOE-grad-conflict-routing/runs/paper_suite_supplement/single_task_add_rerun/rerun/roberta_rte_ffn_e4_k2_ours_lr_centered/hpo/ours/trial_runs/local_var_topk_036/ours_s2_curve.csv
ours,local_var_topk_036,3,0.6678700361010831,0.6678700361010831,0.6678700361010831,False,/root/Optimization/MOE-grad-conflict-routing/runs/paper_suite_supplement/single_task_add_rerun/rerun/roberta_rte_ffn_e4_k2_ours_lr_centered/hpo/ours/trial_runs/local_var_topk_036/ours_s3.json,/root/Optimization/MOE-grad-conflict-routing/runs/paper_suite_supplement/single_task_add_rerun/rerun/roberta_rte_ffn_e4_k2_ours_lr_centered/hpo/ours/trial_runs/local_var_topk_036/ours_s3_curve.csv
ours,local_var_topk_037,2,0.6353790613718412,0.6173285198555957,0.6263537906137184,False,/root/Optimization/MOE-grad-conflict-routing/runs/paper_suite_supplement/single_task_add_rerun/rerun/roberta_rte_ffn_e4_k2_ours_lr_centered/hpo/ours/trial_runs/local_var_topk_037/ours_s2.json,/root/Optimization/MOE-grad-conflict-routing/runs/paper_suite_supplement/single_task_add_rerun/rerun/roberta_rte_ffn_e4_k2_ours_lr_centered/hpo/ours/trial_runs/local_var_topk_037/ours_s2_curve.csv
ours,local_var_topk_037,3,0.7184115523465704,0.7184115523465704,0.7184115523465704,False,/root/Optimization/MOE-grad-conflict-routing/runs/paper_suite_supplement/single_task_add_rerun/rerun/roberta_rte_ffn_e4_k2_ours_lr_centered/hpo/ours/trial_runs/local_var_topk_037/ours_s3.json,/root/Optimization/MOE-grad-conflict-routing/runs/paper_suite_supplement/single_task_add_rerun/rerun/roberta_rte_ffn_e4_k2_ours_lr_centered/hpo/ours/trial_runs/local_var_topk_037/ours_s3_curve.csv
ours,local_var_topk_038,2,0.703971119133574,0.703971119133574,0.703971119133574,False,/root/Optimization/MOE-grad-conflict-routing/runs/paper_suite_supplement/single_task_add_rerun/rerun/roberta_rte_ffn_e4_k2_ours_lr_centered/hpo/ours/trial_runs/local_var_topk_038/ours_s2.json,/root/Optimization/MOE-grad-conflict-routing/runs/paper_suite_supplement/single_task_add_rerun/rerun/roberta_rte_ffn_e4_k2_ours_lr_centered/hpo/ours/trial_runs/local_var_topk_038/ours_s2_curve.csv
ours,local_var_topk_038,3,0.7075812274368231,0.7075812274368231,0.7075812274368231,False,/root/Optimization/MOE-grad-conflict-routing/runs/paper_suite_supplement/single_task_add_rerun/rerun/roberta_rte_ffn_e4_k2_ours_lr_centered/hpo/ours/trial_runs/local_var_topk_038/ours_s3.json,/root/Optimization/MOE-grad-conflict-routing/runs/paper_suite_supplement/single_task_add_rerun/rerun/roberta_rte_ffn_e4_k2_ours_lr_centered/hpo/ours/trial_runs/local_var_topk_038/ours_s3_curve.csv
ours,local_var_topk_039,2,0.6967509025270758,0.6967509025270758,0.6967509025270758,False,/root/Optimization/MOE-grad-conflict-routing/runs/paper_suite_supplement/single_task_add_rerun/rerun/roberta_rte_ffn_e4_k2_ours_lr_centered/hpo/ours/trial_runs/local_var_topk_039/ours_s2.json,/root/Optimization/MOE-grad-conflict-routing/runs/paper_suite_supplement/single_task_add_rerun/rerun/roberta_rte_ffn_e4_k2_ours_lr_centered/hpo/ours/trial_runs/local_var_topk_039/ours_s2_curve.csv
ours,local_var_topk_039,3,0.7292418772563177,0.703971119133574,0.7166064981949458,False,/root/Optimization/MOE-grad-conflict-routing/runs/paper_suite_supplement/single_task_add_rerun/rerun/roberta_rte_ffn_e4_k2_ours_lr_centered/hpo/ours/trial_runs/local_var_topk_039/ours_s3.json,/root/Optimization/MOE-grad-conflict-routing/runs/paper_suite_supplement/single_task_add_rerun/rerun/roberta_rte_ffn_e4_k2_ours_lr_centered/hpo/ours/trial_runs/local_var_topk_039/ours_s3_curve.csv
ours,local_var_topk_040,2,0.6967509025270758,0.6859205776173285,0.6913357400722022,False,/root/Optimization/MOE-grad-conflict-routing/runs/paper_suite_supplement/single_task_add_rerun/rerun/roberta_rte_ffn_e4_k2_ours_lr_centered/hpo/ours/trial_runs/local_var_topk_040/ours_s2.json,/root/Optimization/MOE-grad-conflict-routing/runs/paper_suite_supplement/single_task_add_rerun/rerun/roberta_rte_ffn_e4_k2_ours_lr_centered/hpo/ours/trial_runs/local_var_topk_040/ours_s2_curve.csv
ours,local_var_topk_040,3,0.7220216606498195,0.7220216606498195,0.7220216606498195,False,/root/Optimization/MOE-grad-conflict-routing/runs/paper_suite_supplement/single_task_add_rerun/rerun/roberta_rte_ffn_e4_k2_ours_lr_centered/hpo/ours/trial_runs/local_var_topk_040/ours_s3.json,/root/Optimization/MOE-grad-conflict-routing/runs/paper_suite_supplement/single_task_add_rerun/rerun/roberta_rte_ffn_e4_k2_ours_lr_centered/hpo/ours/trial_runs/local_var_topk_040/ours_s3_curve.csv
ours,local_var_topk_041,2,0.6931407942238267,0.6931407942238267,0.6931407942238267,False,/root/Optimization/MOE-grad-conflict-routing/runs/paper_suite_supplement/single_task_add_rerun/rerun/roberta_rte_ffn_e4_k2_ours_lr_centered/hpo/ours/trial_runs/local_var_topk_041/ours_s2.json,/root/Optimization/MOE-grad-conflict-routing/runs/paper_suite_supplement/single_task_add_rerun/rerun/roberta_rte_ffn_e4_k2_ours_lr_centered/hpo/ours/trial_runs/local_var_topk_041/ours_s2_curve.csv
ours,local_var_topk_041,3,0.703971119133574,0.703971119133574,0.703971119133574,False,/root/Optimization/MOE-grad-conflict-routing/runs/paper_suite_supplement/single_task_add_rerun/rerun/roberta_rte_ffn_e4_k2_ours_lr_centered/hpo/ours/trial_runs/local_var_topk_041/ours_s3.json,/root/Optimization/MOE-grad-conflict-routing/runs/paper_suite_supplement/single_task_add_rerun/rerun/roberta_rte_ffn_e4_k2_ours_lr_centered/hpo/ours/trial_runs/local_var_topk_041/ours_s3_curve.csv
ours,local_var_topk_042,2,0.6425992779783394,0.6425992779783394,0.6425992779783394,False,/root/Optimization/MOE-grad-conflict-routing/runs/paper_suite_supplement/single_task_add_rerun/rerun/roberta_rte_ffn_e4_k2_ours_lr_centered/hpo/ours/trial_runs/local_var_topk_042/ours_s2.json,/root/Optimization/MOE-grad-conflict-routing/runs/paper_suite_supplement/single_task_add_rerun/rerun/roberta_rte_ffn_e4_k2_ours_lr_centered/hpo/ours/trial_runs/local_var_topk_042/ours_s2_curve.csv
ours,local_var_topk_042,3,0.6895306859205776,0.6895306859205776,0.6895306859205776,False,/root/Optimization/MOE-grad-conflict-routing/runs/paper_suite_supplement/single_task_add_rerun/rerun/roberta_rte_ffn_e4_k2_ours_lr_centered/hpo/ours/trial_runs/local_var_topk_042/ours_s3.json,/root/Optimization/MOE-grad-conflict-routing/runs/paper_suite_supplement/single_task_add_rerun/rerun/roberta_rte_ffn_e4_k2_ours_lr_centered/hpo/ours/trial_runs/local_var_topk_042/ours_s3_curve.csv
ours,local_var_topk_043,2,0.7148014440433214,0.7148014440433214,0.7148014440433214,False,/root/Optimization/MOE-grad-conflict-routing/runs/paper_suite_supplement/single_task_add_rerun/rerun/roberta_rte_ffn_e4_k2_ours_lr_centered/hpo/ours/trial_runs/local_var_topk_043/ours_s2.json,/root/Optimization/MOE-grad-conflict-routing/runs/paper_suite_supplement/single_task_add_rerun/rerun/roberta_rte_ffn_e4_k2_ours_lr_centered/hpo/ours/trial_runs/local_var_topk_043/ours_s2_curve.csv
ours,local_var_topk_043,3,0.6859205776173285,0.6859205776173285,0.6859205776173285,False,/root/Optimization/MOE-grad-conflict-routing/runs/paper_suite_supplement/single_task_add_rerun/rerun/roberta_rte_ffn_e4_k2_ours_lr_centered/hpo/ours/trial_runs/local_var_topk_043/ours_s3.json,/root/Optimization/MOE-grad-conflict-routing/runs/paper_suite_supplement/single_task_add_rerun/rerun/roberta_rte_ffn_e4_k2_ours_lr_centered/hpo/ours/trial_runs/local_var_topk_043/ours_s3_curve.csv
ours,local_var_topk_044,2,0.7292418772563177,0.7292418772563177,0.7292418772563177,False,/root/Optimization/MOE-grad-conflict-routing/runs/paper_suite_supplement/single_task_add_rerun/rerun/roberta_rte_ffn_e4_k2_ours_lr_centered/hpo/ours/trial_runs/local_var_topk_044/ours_s2.json,/root/Optimization/MOE-grad-conflict-routing/runs/paper_suite_supplement/single_task_add_rerun/rerun/roberta_rte_ffn_e4_k2_ours_lr_centered/hpo/ours/trial_runs/local_var_topk_044/ours_s2_curve.csv
ours,local_var_topk_044,3,0.6823104693140795,0.6823104693140795,0.6823104693140795,False,/root/Optimization/MOE-grad-conflict-routing/runs/paper_suite_supplement/single_task_add_rerun/rerun/roberta_rte_ffn_e4_k2_ours_lr_centered/hpo/ours/trial_runs/local_var_topk_044/ours_s3.json,/root/Optimization/MOE-grad-conflict-routing/runs/paper_suite_supplement/single_task_add_rerun/rerun/roberta_rte_ffn_e4_k2_ours_lr_centered/hpo/ours/trial_runs/local_var_topk_044/ours_s3_curve.csv
ours,local_var_topk_045,2,0.6859205776173285,0.6859205776173285,0.6859205776173285,False,/root/Optimization/MOE-grad-conflict-routing/runs/paper_suite_supplement/single_task_add_rerun/rerun/roberta_rte_ffn_e4_k2_ours_lr_centered/hpo/ours/trial_runs/local_var_topk_045/ours_s2.json,/root/Optimization/MOE-grad-conflict-routing/runs/paper_suite_supplement/single_task_add_rerun/rerun/roberta_rte_ffn_e4_k2_ours_lr_centered/hpo/ours/trial_runs/local_var_topk_045/ours_s2_curve.csv
ours,local_var_topk_045,3,0.6823104693140795,0.6787003610108303,0.6805054151624549,False,/root/Optimization/MOE-grad-conflict-routing/runs/paper_suite_supplement/single_task_add_rerun/rerun/roberta_rte_ffn_e4_k2_ours_lr_centered/hpo/ours/trial_runs/local_var_topk_045/ours_s3.json,/root/Optimization/MOE-grad-conflict-routing/runs/paper_suite_supplement/single_task_add_rerun/rerun/roberta_rte_ffn_e4_k2_ours_lr_centered/hpo/ours/trial_runs/local_var_topk_045/ours_s3_curve.csv
ours,local_var_topk_046,2,0.7364620938628159,0.7364620938628159,0.7364620938628159,False,/root/Optimization/MOE-grad-conflict-routing/runs/paper_suite_supplement/single_task_add_rerun/rerun/roberta_rte_ffn_e4_k2_ours_lr_centered/hpo/ours/trial_runs/local_var_topk_046/ours_s2.json,/root/Optimization/MOE-grad-conflict-routing/runs/paper_suite_supplement/single_task_add_rerun/rerun/roberta_rte_ffn_e4_k2_ours_lr_centered/hpo/ours/trial_runs/local_var_topk_046/ours_s2_curve.csv
ours,local_var_topk_046,3,0.7148014440433214,0.7148014440433214,0.7148014440433214,False,/root/Optimization/MOE-grad-conflict-routing/runs/paper_suite_supplement/single_task_add_rerun/rerun/roberta_rte_ffn_e4_k2_ours_lr_centered/hpo/ours/trial_runs/local_var_topk_046/ours_s3.json,/root/Optimization/MOE-grad-conflict-routing/runs/paper_suite_supplement/single_task_add_rerun/rerun/roberta_rte_ffn_e4_k2_ours_lr_centered/hpo/ours/trial_runs/local_var_topk_046/ours_s3_curve.csv
ours,local_var_topk_047,2,0.6678700361010831,0.6678700361010831,0.6678700361010831,False,/root/Optimization/MOE-grad-conflict-routing/runs/paper_suite_supplement/single_task_add_rerun/rerun/roberta_rte_ffn_e4_k2_ours_lr_centered/hpo/ours/trial_runs/local_var_topk_047/ours_s2.json,/root/Optimization/MOE-grad-conflict-routing/runs/paper_suite_supplement/single_task_add_rerun/rerun/roberta_rte_ffn_e4_k2_ours_lr_centered/hpo/ours/trial_runs/local_var_topk_047/ours_s2_curve.csv
ours,local_var_topk_047,3,0.6931407942238267,0.6931407942238267,0.6931407942238267,False,/root/Optimization/MOE-grad-conflict-routing/runs/paper_suite_supplement/single_task_add_rerun/rerun/roberta_rte_ffn_e4_k2_ours_lr_centered/hpo/ours/trial_runs/local_var_topk_047/ours_s3.json,/root/Optimization/MOE-grad-conflict-routing/runs/paper_suite_supplement/single_task_add_rerun/rerun/roberta_rte_ffn_e4_k2_ours_lr_centered/hpo/ours/trial_runs/local_var_topk_047/ours_s3_curve.csv
ours,local_var_topk_048,2,0.7111913357400722,0.7111913357400722,0.7111913357400722,False,/root/Optimization/MOE-grad-conflict-routing/runs/paper_suite_supplement/single_task_add_rerun/rerun/roberta_rte_ffn_e4_k2_ours_lr_centered/hpo/ours/trial_runs/local_var_topk_048/ours_s2.json,/root/Optimization/MOE-grad-conflict-routing/runs/paper_suite_supplement/single_task_add_rerun/rerun/roberta_rte_ffn_e4_k2_ours_lr_centered/hpo/ours/trial_runs/local_var_topk_048/ours_s2_curve.csv
ours,local_var_topk_048,3,0.6895306859205776,0.6823104693140795,0.6859205776173285,False,/root/Optimization/MOE-grad-conflict-routing/runs/paper_suite_supplement/single_task_add_rerun/rerun/roberta_rte_ffn_e4_k2_ours_lr_centered/hpo/ours/trial_runs/local_var_topk_048/ours_s3.json,/root/Optimization/MOE-grad-conflict-routing/runs/paper_suite_supplement/single_task_add_rerun/rerun/roberta_rte_ffn_e4_k2_ours_lr_centered/hpo/ours/trial_runs/local_var_topk_048/ours_s3_curve.csv
ours,local_var_topk_049,2,0.6678700361010831,0.6678700361010831,0.6678700361010831,False,/root/Optimization/MOE-grad-conflict-routing/runs/paper_suite_supplement/single_task_add_rerun/rerun/roberta_rte_ffn_e4_k2_ours_lr_centered/hpo/ours/trial_runs/local_var_topk_049/ours_s2.json,/root/Optimization/MOE-grad-conflict-routing/runs/paper_suite_supplement/single_task_add_rerun/rerun/roberta_rte_ffn_e4_k2_ours_lr_centered/hpo/ours/trial_runs/local_var_topk_049/ours_s2_curve.csv
ours,local_var_topk_049,3,0.7184115523465704,0.7184115523465704,0.7184115523465704,False,/root/Optimization/MOE-grad-conflict-routing/runs/paper_suite_supplement/single_task_add_rerun/rerun/roberta_rte_ffn_e4_k2_ours_lr_centered/hpo/ours/trial_runs/local_var_topk_049/ours_s3.json,/root/Optimization/MOE-grad-conflict-routing/runs/paper_suite_supplement/single_task_add_rerun/rerun/roberta_rte_ffn_e4_k2_ours_lr_centered/hpo/ours/trial_runs/local_var_topk_049/ours_s3_curve.csv
ours,local_var_topk_050,2,0.7328519855595668,0.7328519855595668,0.7328519855595668,False,/root/Optimization/MOE-grad-conflict-routing/runs/paper_suite_supplement/single_task_add_rerun/rerun/roberta_rte_ffn_e4_k2_ours_lr_centered/hpo/ours/trial_runs/local_var_topk_050/ours_s2.json,/root/Optimization/MOE-grad-conflict-routing/runs/paper_suite_supplement/single_task_add_rerun/rerun/roberta_rte_ffn_e4_k2_ours_lr_centered/hpo/ours/trial_runs/local_var_topk_050/ours_s2_curve.csv
ours,local_var_topk_050,3,0.7003610108303249,0.7003610108303249,0.7003610108303249,False,/root/Optimization/MOE-grad-conflict-routing/runs/paper_suite_supplement/single_task_add_rerun/rerun/roberta_rte_ffn_e4_k2_ours_lr_centered/hpo/ours/trial_runs/local_var_topk_050/ours_s3.json,/root/Optimization/MOE-grad-conflict-routing/runs/paper_suite_supplement/single_task_add_rerun/rerun/roberta_rte_ffn_e4_k2_ours_lr_centered/hpo/ours/trial_runs/local_var_topk_050/ours_s3_curve.csv
ours,local_var_topk_051,2,0.6859205776173285,0.6859205776173285,0.6859205776173285,False,/root/Optimization/MOE-grad-conflict-routing/runs/paper_suite_supplement/single_task_add_rerun/rerun/roberta_rte_ffn_e4_k2_ours_lr_centered/hpo/ours/trial_runs/local_var_topk_051/ours_s2.json,/root/Optimization/MOE-grad-conflict-routing/runs/paper_suite_supplement/single_task_add_rerun/rerun/roberta_rte_ffn_e4_k2_ours_lr_centered/hpo/ours/trial_runs/local_var_topk_051/ours_s2_curve.csv
ours,local_var_topk_051,3,0.703971119133574,0.703971119133574,0.703971119133574,False,/root/Optimization/MOE-grad-conflict-routing/runs/paper_suite_supplement/single_task_add_rerun/rerun/roberta_rte_ffn_e4_k2_ours_lr_centered/hpo/ours/trial_runs/local_var_topk_051/ours_s3.json,/root/Optimization/MOE-grad-conflict-routing/runs/paper_suite_supplement/single_task_add_rerun/rerun/roberta_rte_ffn_e4_k2_ours_lr_centered/hpo/ours/trial_runs/local_var_topk_051/ours_s3_curve.csv
ours,local_var_topk_052,2,0.6389891696750902,0.6389891696750902,0.6389891696750902,False,/root/Optimization/MOE-grad-conflict-routing/runs/paper_suite_supplement/single_task_add_rerun/rerun/roberta_rte_ffn_e4_k2_ours_lr_centered/hpo/ours/trial_runs/local_var_topk_052/ours_s2.json,/root/Optimization/MOE-grad-conflict-routing/runs/paper_suite_supplement/single_task_add_rerun/rerun/roberta_rte_ffn_e4_k2_ours_lr_centered/hpo/ours/trial_runs/local_var_topk_052/ours_s2_curve.csv
ours,local_var_topk_052,3,0.7111913357400722,0.7111913357400722,0.7111913357400722,False,/root/Optimization/MOE-grad-conflict-routing/runs/paper_suite_supplement/single_task_add_rerun/rerun/roberta_rte_ffn_e4_k2_ours_lr_centered/hpo/ours/trial_runs/local_var_topk_052/ours_s3.json,/root/Optimization/MOE-grad-conflict-routing/runs/paper_suite_supplement/single_task_add_rerun/rerun/roberta_rte_ffn_e4_k2_ours_lr_centered/hpo/ours/trial_runs/local_var_topk_052/ours_s3_curve.csv
ours,local_var_topk_053,2,0.6931407942238267,0.6931407942238267,0.6931407942238267,False,/root/Optimization/MOE-grad-conflict-routing/runs/paper_suite_supplement/single_task_add_rerun/rerun/roberta_rte_ffn_e4_k2_ours_lr_centered/hpo/ours/trial_runs/local_var_topk_053/ours_s2.json,/root/Optimization/MOE-grad-conflict-routing/runs/paper_suite_supplement/single_task_add_rerun/rerun/roberta_rte_ffn_e4_k2_ours_lr_centered/hpo/ours/trial_runs/local_var_topk_053/ours_s2_curve.csv
ours,local_var_topk_053,3,0.7148014440433214,0.7148014440433214,0.7148014440433214,False,/root/Optimization/MOE-grad-conflict-routing/runs/paper_suite_supplement/single_task_add_rerun/rerun/roberta_rte_ffn_e4_k2_ours_lr_centered/hpo/ours/trial_runs/local_var_topk_053/ours_s3.json,/root/Optimization/MOE-grad-conflict-routing/runs/paper_suite_supplement/single_task_add_rerun/rerun/roberta_rte_ffn_e4_k2_ours_lr_centered/hpo/ours/trial_runs/local_var_topk_053/ours_s3_curve.csv
ours,local_var_topk_054,2,0.6967509025270758,0.6967509025270758,0.6967509025270758,False,/root/Optimization/MOE-grad-conflict-routing/runs/paper_suite_supplement/single_task_add_rerun/rerun/roberta_rte_ffn_e4_k2_ours_lr_centered/hpo/ours/trial_runs/local_var_topk_054/ours_s2.json,/root/Optimization/MOE-grad-conflict-routing/runs/paper_suite_supplement/single_task_add_rerun/rerun/roberta_rte_ffn_e4_k2_ours_lr_centered/hpo/ours/trial_runs/local_var_topk_054/ours_s2_curve.csv
ours,local_var_topk_054,3,0.6787003610108303,0.6787003610108303,0.6787003610108303,False,/root/Optimization/MOE-grad-conflict-routing/runs/paper_suite_supplement/single_task_add_rerun/rerun/roberta_rte_ffn_e4_k2_ours_lr_centered/hpo/ours/trial_runs/local_var_topk_054/ours_s3.json,/root/Optimization/MOE-grad-conflict-routing/runs/paper_suite_supplement/single_task_add_rerun/rerun/roberta_rte_ffn_e4_k2_ours_lr_centered/hpo/ours/trial_runs/local_var_topk_054/ours_s3_curve.csv
ours,local_var_topk_055,2,0.5703971119133574,0.5703971119133574,0.5703971119133574,False,/root/Optimization/MOE-grad-conflict-routing/runs/paper_suite_supplement/single_task_add_rerun/rerun/roberta_rte_ffn_e4_k2_ours_lr_centered/hpo/ours/trial_runs/local_var_topk_055/ours_s2.json,/root/Optimization/MOE-grad-conflict-routing/runs/paper_suite_supplement/single_task_add_rerun/rerun/roberta_rte_ffn_e4_k2_ours_lr_centered/hpo/ours/trial_runs/local_var_topk_055/ours_s2_curve.csv
ours,local_var_topk_055,3,0.6750902527075813,0.6750902527075813,0.6750902527075813,False,/root/Optimization/MOE-grad-conflict-routing/runs/paper_suite_supplement/single_task_add_rerun/rerun/roberta_rte_ffn_e4_k2_ours_lr_centered/hpo/ours/trial_runs/local_var_topk_055/ours_s3.json,/root/Optimization/MOE-grad-conflict-routing/runs/paper_suite_supplement/single_task_add_rerun/rerun/roberta_rte_ffn_e4_k2_ours_lr_centered/hpo/ours/trial_runs/local_var_topk_055/ours_s3_curve.csv
ours,local_var_topk_056,2,0.5270758122743683,0.5270758122743683,0.5270758122743683,False,/root/Optimization/MOE-grad-conflict-routing/runs/paper_suite_supplement/single_task_add_rerun/rerun/roberta_rte_ffn_e4_k2_ours_lr_centered/hpo/ours/trial_runs/local_var_topk_056/ours_s2.json,/root/Optimization/MOE-grad-conflict-routing/runs/paper_suite_supplement/single_task_add_rerun/rerun/roberta_rte_ffn_e4_k2_ours_lr_centered/hpo/ours/trial_runs/local_var_topk_056/ours_s2_curve.csv
ours,local_var_topk_056,3,0.7003610108303249,0.7003610108303249,0.7003610108303249,False,/root/Optimization/MOE-grad-conflict-routing/runs/paper_suite_supplement/single_task_add_rerun/rerun/roberta_rte_ffn_e4_k2_ours_lr_centered/hpo/ours/trial_runs/local_var_topk_056/ours_s3.json,/root/Optimization/MOE-grad-conflict-routing/runs/paper_suite_supplement/single_task_add_rerun/rerun/roberta_rte_ffn_e4_k2_ours_lr_centered/hpo/ours/trial_runs/local_var_topk_056/ours_s3_curve.csv
ours,local_var_topk_057,2,0.6931407942238267,0.6931407942238267,0.6931407942238267,False,/root/Optimization/MOE-grad-conflict-routing/runs/paper_suite_supplement/single_task_add_rerun/rerun/roberta_rte_ffn_e4_k2_ours_lr_centered/hpo/ours/trial_runs/local_var_topk_057/ours_s2.json,/root/Optimization/MOE-grad-conflict-routing/runs/paper_suite_supplement/single_task_add_rerun/rerun/roberta_rte_ffn_e4_k2_ours_lr_centered/hpo/ours/trial_runs/local_var_topk_057/ours_s2_curve.csv
ours,local_var_topk_057,3,0.6714801444043321,0.6714801444043321,0.6714801444043321,False,/root/Optimization/MOE-grad-conflict-routing/runs/paper_suite_supplement/single_task_add_rerun/rerun/roberta_rte_ffn_e4_k2_ours_lr_centered/hpo/ours/trial_runs/local_var_topk_057/ours_s3.json,/root/Optimization/MOE-grad-conflict-routing/runs/paper_suite_supplement/single_task_add_rerun/rerun/roberta_rte_ffn_e4_k2_ours_lr_centered/hpo/ours/trial_runs/local_var_topk_057/ours_s3_curve.csv
ours,local_var_topk_058,2,0.6859205776173285,0.6859205776173285,0.6859205776173285,False,/root/Optimization/MOE-grad-conflict-routing/runs/paper_suite_supplement/single_task_add_rerun/rerun/roberta_rte_ffn_e4_k2_ours_lr_centered/hpo/ours/trial_runs/local_var_topk_058/ours_s2.json,/root/Optimization/MOE-grad-conflict-routing/runs/paper_suite_supplement/single_task_add_rerun/rerun/roberta_rte_ffn_e4_k2_ours_lr_centered/hpo/ours/trial_runs/local_var_topk_058/ours_s2_curve.csv
ours,local_var_topk_058,3,0.6823104693140795,0.6678700361010831,0.6750902527075813,False,/root/Optimization/MOE-grad-conflict-routing/runs/paper_suite_supplement/single_task_add_rerun/rerun/roberta_rte_ffn_e4_k2_ours_lr_centered/hpo/ours/trial_runs/local_var_topk_058/ours_s3.json,/root/Optimization/MOE-grad-conflict-routing/runs/paper_suite_supplement/single_task_add_rerun/rerun/roberta_rte_ffn_e4_k2_ours_lr_centered/hpo/ours/trial_runs/local_var_topk_058/ours_s3_curve.csv
ours,local_var_topk_059,2,0.5270758122743683,0.4729241877256318,0.5,False,/root/Optimization/MOE-grad-conflict-routing/runs/paper_suite_supplement/single_task_add_rerun/rerun/roberta_rte_ffn_e4_k2_ours_lr_centered/hpo/ours/trial_runs/local_var_topk_059/ours_s2.json,/root/Optimization/MOE-grad-conflict-routing/runs/paper_suite_supplement/single_task_add_rerun/rerun/roberta_rte_ffn_e4_k2_ours_lr_centered/hpo/ours/trial_runs/local_var_topk_059/ours_s2_curve.csv
ours,local_var_topk_059,3,0.5595667870036101,0.5270758122743683,0.5433212996389891,False,/root/Optimization/MOE-grad-conflict-routing/runs/paper_suite_supplement/single_task_add_rerun/rerun/roberta_rte_ffn_e4_k2_ours_lr_centered/hpo/ours/trial_runs/local_var_topk_059/ours_s3.json,/root/Optimization/MOE-grad-conflict-routing/runs/paper_suite_supplement/single_task_add_rerun/rerun/roberta_rte_ffn_e4_k2_ours_lr_centered/hpo/ours/trial_runs/local_var_topk_059/ours_s3_curve.csv
ours,local_var_topk_060,2,0.5884476534296029,0.5884476534296029,0.5884476534296029,False,/root/Optimization/MOE-grad-conflict-routing/runs/paper_suite_supplement/single_task_add_rerun/rerun/roberta_rte_ffn_e4_k2_ours_lr_centered/hpo/ours/trial_runs/local_var_topk_060/ours_s2.json,/root/Optimization/MOE-grad-conflict-routing/runs/paper_suite_supplement/single_task_add_rerun/rerun/roberta_rte_ffn_e4_k2_ours_lr_centered/hpo/ours/trial_runs/local_var_topk_060/ours_s2_curve.csv
ours,local_var_topk_060,3,0.6967509025270758,0.6967509025270758,0.6967509025270758,False,/root/Optimization/MOE-grad-conflict-routing/runs/paper_suite_supplement/single_task_add_rerun/rerun/roberta_rte_ffn_e4_k2_ours_lr_centered/hpo/ours/trial_runs/local_var_topk_060/ours_s3.json,/root/Optimization/MOE-grad-conflict-routing/runs/paper_suite_supplement/single_task_add_rerun/rerun/roberta_rte_ffn_e4_k2_ours_lr_centered/hpo/ours/trial_runs/local_var_topk_060/ours_s3_curve.csv
ours,local_var_topk_061,2,0.5270758122743683,0.4729241877256318,0.5,False,/root/Optimization/MOE-grad-conflict-routing/runs/paper_suite_supplement/single_task_add_rerun/rerun/roberta_rte_ffn_e4_k2_ours_lr_centered/hpo/ours/trial_runs/local_var_topk_061/ours_s2.json,/root/Optimization/MOE-grad-conflict-routing/runs/paper_suite_supplement/single_task_add_rerun/rerun/roberta_rte_ffn_e4_k2_ours_lr_centered/hpo/ours/trial_runs/local_var_topk_061/ours_s2_curve.csv
ours,local_var_topk_061,3,0.6967509025270758,0.6967509025270758,0.6967509025270758,False,/root/Optimization/MOE-grad-conflict-routing/runs/paper_suite_supplement/single_task_add_rerun/rerun/roberta_rte_ffn_e4_k2_ours_lr_centered/hpo/ours/trial_runs/local_var_topk_061/ours_s3.json,/root/Optimization/MOE-grad-conflict-routing/runs/paper_suite_supplement/single_task_add_rerun/rerun/roberta_rte_ffn_e4_k2_ours_lr_centered/hpo/ours/trial_runs/local_var_topk_061/ours_s3_curve.csv
ours,local_var_topk_062,2,0.5270758122743683,0.4729241877256318,0.5,False,/root/Optimization/MOE-grad-conflict-routing/runs/paper_suite_supplement/single_task_add_rerun/rerun/roberta_rte_ffn_e4_k2_ours_lr_centered/hpo/ours/trial_runs/local_var_topk_062/ours_s2.json,/root/Optimization/MOE-grad-conflict-routing/runs/paper_suite_supplement/single_task_add_rerun/rerun/roberta_rte_ffn_e4_k2_ours_lr_centered/hpo/ours/trial_runs/local_var_topk_062/ours_s2_curve.csv
ours,local_var_topk_062,3,0.6642599277978339,0.6606498194945848,0.6624548736462094,False,/root/Optimization/MOE-grad-conflict-routing/runs/paper_suite_supplement/single_task_add_rerun/rerun/roberta_rte_ffn_e4_k2_ours_lr_centered/hpo/ours/trial_runs/local_var_topk_062/ours_s3.json,/root/Optimization/MOE-grad-conflict-routing/runs/paper_suite_supplement/single_task_add_rerun/rerun/roberta_rte_ffn_e4_k2_ours_lr_centered/hpo/ours/trial_runs/local_var_topk_062/ours_s3_curve.csv
ours,local_var_topk_063,2,0.5379061371841155,0.4729241877256318,0.5054151624548736,False,/root/Optimization/MOE-grad-conflict-routing/runs/paper_suite_supplement/single_task_add_rerun/rerun/roberta_rte_ffn_e4_k2_ours_lr_centered/hpo/ours/trial_runs/local_var_topk_063/ours_s2.json,/root/Optimization/MOE-grad-conflict-routing/runs/paper_suite_supplement/single_task_add_rerun/rerun/roberta_rte_ffn_e4_k2_ours_lr_centered/hpo/ours/trial_runs/local_var_topk_063/ours_s2_curve.csv
ours,local_var_topk_063,3,0.5956678700361011,0.5270758122743683,0.5613718411552346,False,/root/Optimization/MOE-grad-conflict-routing/runs/paper_suite_supplement/single_task_add_rerun/rerun/roberta_rte_ffn_e4_k2_ours_lr_centered/hpo/ours/trial_runs/local_var_topk_063/ours_s3.json,/root/Optimization/MOE-grad-conflict-routing/runs/paper_suite_supplement/single_task_add_rerun/rerun/roberta_rte_ffn_e4_k2_ours_lr_centered/hpo/ours/trial_runs/local_var_topk_063/ours_s3_curve.csv
ours,local_var_topk_064,2,0.6859205776173285,0.6859205776173285,0.6859205776173285,False,/root/Optimization/MOE-grad-conflict-routing/runs/paper_suite_supplement/single_task_add_rerun/rerun/roberta_rte_ffn_e4_k2_ours_lr_centered/hpo/ours/trial_runs/local_var_topk_064/ours_s2.json,/root/Optimization/MOE-grad-conflict-routing/runs/paper_suite_supplement/single_task_add_rerun/rerun/roberta_rte_ffn_e4_k2_ours_lr_centered/hpo/ours/trial_runs/local_var_topk_064/ours_s2_curve.csv
ours,local_var_topk_064,3,0.6967509025270758,0.6967509025270758,0.6967509025270758,False,/root/Optimization/MOE-grad-conflict-routing/runs/paper_suite_supplement/single_task_add_rerun/rerun/roberta_rte_ffn_e4_k2_ours_lr_centered/hpo/ours/trial_runs/local_var_topk_064/ours_s3.json,/root/Optimization/MOE-grad-conflict-routing/runs/paper_suite_supplement/single_task_add_rerun/rerun/roberta_rte_ffn_e4_k2_ours_lr_centered/hpo/ours/trial_runs/local_var_topk_064/ours_s3_curve.csv
ours,local_var_topk_065,2,0.6714801444043321,0.6714801444043321,0.6714801444043321,False,/root/Optimization/MOE-grad-conflict-routing/runs/paper_suite_supplement/single_task_add_rerun/rerun/roberta_rte_ffn_e4_k2_ours_lr_centered/hpo/ours/trial_runs/local_var_topk_065/ours_s2.json,/root/Optimization/MOE-grad-conflict-routing/runs/paper_suite_supplement/single_task_add_rerun/rerun/roberta_rte_ffn_e4_k2_ours_lr_centered/hpo/ours/trial_runs/local_var_topk_065/ours_s2_curve.csv
ours,local_var_topk_065,3,0.628158844765343,0.5270758122743683,0.5776173285198556,False,/root/Optimization/MOE-grad-conflict-routing/runs/paper_suite_supplement/single_task_add_rerun/rerun/roberta_rte_ffn_e4_k2_ours_lr_centered/hpo/ours/trial_runs/local_var_topk_065/ours_s3.json,/root/Optimization/MOE-grad-conflict-routing/runs/paper_suite_supplement/single_task_add_rerun/rerun/roberta_rte_ffn_e4_k2_ours_lr_centered/hpo/ours/trial_runs/local_var_topk_065/ours_s3_curve.csv
ours,local_var_topk_066,2,0.6101083032490975,0.6101083032490975,0.6101083032490975,False,/root/Optimization/MOE-grad-conflict-routing/runs/paper_suite_supplement/single_task_add_rerun/rerun/roberta_rte_ffn_e4_k2_ours_lr_centered/hpo/ours/trial_runs/local_var_topk_066/ours_s2.json,/root/Optimization/MOE-grad-conflict-routing/runs/paper_suite_supplement/single_task_add_rerun/rerun/roberta_rte_ffn_e4_k2_ours_lr_centered/hpo/ours/trial_runs/local_var_topk_066/ours_s2_curve.csv
ours,local_var_topk_066,3,0.7111913357400722,0.6353790613718412,0.6732851985559567,False,/root/Optimization/MOE-grad-conflict-routing/runs/paper_suite_supplement/single_task_add_rerun/rerun/roberta_rte_ffn_e4_k2_ours_lr_centered/hpo/ours/trial_runs/local_var_topk_066/ours_s3.json,/root/Optimization/MOE-grad-conflict-routing/runs/paper_suite_supplement/single_task_add_rerun/rerun/roberta_rte_ffn_e4_k2_ours_lr_centered/hpo/ours/trial_runs/local_var_topk_066/ours_s3_curve.csv
ours,local_var_topk_067,2,0.5270758122743683,0.4729241877256318,0.5,False,/root/Optimization/MOE-grad-conflict-routing/runs/paper_suite_supplement/single_task_add_rerun/rerun/roberta_rte_ffn_e4_k2_ours_lr_centered/hpo/ours/trial_runs/local_var_topk_067/ours_s2.json,/root/Optimization/MOE-grad-conflict-routing/runs/paper_suite_supplement/single_task_add_rerun/rerun/roberta_rte_ffn_e4_k2_ours_lr_centered/hpo/ours/trial_runs/local_var_topk_067/ours_s2_curve.csv
ours,local_var_topk_067,3,0.6895306859205776,0.6895306859205776,0.6895306859205776,False,/root/Optimization/MOE-grad-conflict-routing/runs/paper_suite_supplement/single_task_add_rerun/rerun/roberta_rte_ffn_e4_k2_ours_lr_centered/hpo/ours/trial_runs/local_var_topk_067/ours_s3.json,/root/Optimization/MOE-grad-conflict-routing/runs/paper_suite_supplement/single_task_add_rerun/rerun/roberta_rte_ffn_e4_k2_ours_lr_centered/hpo/ours/trial_runs/local_var_topk_067/ours_s3_curve.csv
ours,local_var_topk_068,2,0.6859205776173285,0.6859205776173285,0.6859205776173285,False,/root/Optimization/MOE-grad-conflict-routing/runs/paper_suite_supplement/single_task_add_rerun/rerun/roberta_rte_ffn_e4_k2_ours_lr_centered/hpo/ours/trial_runs/local_var_topk_068/ours_s2.json,/root/Optimization/MOE-grad-conflict-routing/runs/paper_suite_supplement/single_task_add_rerun/rerun/roberta_rte_ffn_e4_k2_ours_lr_centered/hpo/ours/trial_runs/local_var_topk_068/ours_s2_curve.csv
ours,local_var_topk_068,3,0.5848375451263538,0.5667870036101083,0.575812274368231,False,/root/Optimization/MOE-grad-conflict-routing/runs/paper_suite_supplement/single_task_add_rerun/rerun/roberta_rte_ffn_e4_k2_ours_lr_centered/hpo/ours/trial_runs/local_var_topk_068/ours_s3.json,/root/Optimization/MOE-grad-conflict-routing/runs/paper_suite_supplement/single_task_add_rerun/rerun/roberta_rte_ffn_e4_k2_ours_lr_centered/hpo/ours/trial_runs/local_var_topk_068/ours_s3_curve.csv
ours,local_var_topk_069,2,0.5270758122743683,0.5270758122743683,0.5270758122743683,False,/root/Optimization/MOE-grad-conflict-routing/runs/paper_suite_supplement/single_task_add_rerun/rerun/roberta_rte_ffn_e4_k2_ours_lr_centered/hpo/ours/trial_runs/local_var_topk_069/ours_s2.json,/root/Optimization/MOE-grad-conflict-routing/runs/paper_suite_supplement/single_task_add_rerun/rerun/roberta_rte_ffn_e4_k2_ours_lr_centered/hpo/ours/trial_runs/local_var_topk_069/ours_s2_curve.csv
ours,local_var_topk_069,3,0.6787003610108303,0.6714801444043321,0.6750902527075813,False,/root/Optimization/MOE-grad-conflict-routing/runs/paper_suite_supplement/single_task_add_rerun/rerun/roberta_rte_ffn_e4_k2_ours_lr_centered/hpo/ours/trial_runs/local_var_topk_069/ours_s3.json,/root/Optimization/MOE-grad-conflict-routing/runs/paper_suite_supplement/single_task_add_rerun/rerun/roberta_rte_ffn_e4_k2_ours_lr_centered/hpo/ours/trial_runs/local_var_topk_069/ours_s3_curve.csv
ours,local_var_topk_070,2,0.5667870036101083,0.4729241877256318,0.51985559566787,False,/root/Optimization/MOE-grad-conflict-routing/runs/paper_suite_supplement/single_task_add_rerun/rerun/roberta_rte_ffn_e4_k2_ours_lr_centered/hpo/ours/trial_runs/local_var_topk_070/ours_s2.json,/root/Optimization/MOE-grad-conflict-routing/runs/paper_suite_supplement/single_task_add_rerun/rerun/roberta_rte_ffn_e4_k2_ours_lr_centered/hpo/ours/trial_runs/local_var_topk_070/ours_s2_curve.csv
ours,local_var_topk_070,3,0.6787003610108303,0.6714801444043321,0.6750902527075813,False,/root/Optimization/MOE-grad-conflict-routing/runs/paper_suite_supplement/single_task_add_rerun/rerun/roberta_rte_ffn_e4_k2_ours_lr_centered/hpo/ours/trial_runs/local_var_topk_070/ours_s3.json,/root/Optimization/MOE-grad-conflict-routing/runs/paper_suite_supplement/single_task_add_rerun/rerun/roberta_rte_ffn_e4_k2_ours_lr_centered/hpo/ours/trial_runs/local_var_topk_070/ours_s3_curve.csv
ours,local_var_topk_071,2,0.5703971119133574,0.4981949458483754,0.5342960288808665,False,/root/Optimization/MOE-grad-conflict-routing/runs/paper_suite_supplement/single_task_add_rerun/rerun/roberta_rte_ffn_e4_k2_ours_lr_centered/hpo/ours/trial_runs/local_var_topk_071/ours_s2.json,/root/Optimization/MOE-grad-conflict-routing/runs/paper_suite_supplement/single_task_add_rerun/rerun/roberta_rte_ffn_e4_k2_ours_lr_centered/hpo/ours/trial_runs/local_var_topk_071/ours_s2_curve.csv
ours,local_var_topk_071,3,0.6353790613718412,0.6353790613718412,0.6353790613718412,False,/root/Optimization/MOE-grad-conflict-routing/runs/paper_suite_supplement/single_task_add_rerun/rerun/roberta_rte_ffn_e4_k2_ours_lr_centered/hpo/ours/trial_runs/local_var_topk_071/ours_s3.json,/root/Optimization/MOE-grad-conflict-routing/runs/paper_suite_supplement/single_task_add_rerun/rerun/roberta_rte_ffn_e4_k2_ours_lr_centered/hpo/ours/trial_runs/local_var_topk_071/ours_s3_curve.csv
ours,local_var_topk_072,2,0.6787003610108303,0.628158844765343,0.6534296028880866,False,/root/Optimization/MOE-grad-conflict-routing/runs/paper_suite_supplement/single_task_add_rerun/rerun/roberta_rte_ffn_e4_k2_ours_lr_centered/hpo/ours/trial_runs/local_var_topk_072/ours_s2.json,/root/Optimization/MOE-grad-conflict-routing/runs/paper_suite_supplement/single_task_add_rerun/rerun/roberta_rte_ffn_e4_k2_ours_lr_centered/hpo/ours/trial_runs/local_var_topk_072/ours_s2_curve.csv
ours,local_var_topk_072,3,0.6714801444043321,0.6678700361010831,0.6696750902527075,False,/root/Optimization/MOE-grad-conflict-routing/runs/paper_suite_supplement/single_task_add_rerun/rerun/roberta_rte_ffn_e4_k2_ours_lr_centered/hpo/ours/trial_runs/local_var_topk_072/ours_s3.json,/root/Optimization/MOE-grad-conflict-routing/runs/paper_suite_supplement/single_task_add_rerun/rerun/roberta_rte_ffn_e4_k2_ours_lr_centered/hpo/ours/trial_runs/local_var_topk_072/ours_s3_curve.csv
ours,local_var_topk_073,2,0.628158844765343,0.628158844765343,0.628158844765343,False,/root/Optimization/MOE-grad-conflict-routing/runs/paper_suite_supplement/single_task_add_rerun/rerun/roberta_rte_ffn_e4_k2_ours_lr_centered/hpo/ours/trial_runs/local_var_topk_073/ours_s2.json,/root/Optimization/MOE-grad-conflict-routing/runs/paper_suite_supplement/single_task_add_rerun/rerun/roberta_rte_ffn_e4_k2_ours_lr_centered/hpo/ours/trial_runs/local_var_topk_073/ours_s2_curve.csv
ours,local_var_topk_073,3,0.6353790613718412,0.6353790613718412,0.6353790613718412,False,/root/Optimization/MOE-grad-conflict-routing/runs/paper_suite_supplement/single_task_add_rerun/rerun/roberta_rte_ffn_e4_k2_ours_lr_centered/hpo/ours/trial_runs/local_var_topk_073/ours_s3.json,/root/Optimization/MOE-grad-conflict-routing/runs/paper_suite_supplement/single_task_add_rerun/rerun/roberta_rte_ffn_e4_k2_ours_lr_centered/hpo/ours/trial_runs/local_var_topk_073/ours_s3_curve.csv
ours,local_var_topk_074,2,0.5703971119133574,0.5342960288808665,0.552346570397112,False,/root/Optimization/MOE-grad-conflict-routing/runs/paper_suite_supplement/single_task_add_rerun/rerun/roberta_rte_ffn_e4_k2_ours_lr_centered/hpo/ours/trial_runs/local_var_topk_074/ours_s2.json,/root/Optimization/MOE-grad-conflict-routing/runs/paper_suite_supplement/single_task_add_rerun/rerun/roberta_rte_ffn_e4_k2_ours_lr_centered/hpo/ours/trial_runs/local_var_topk_074/ours_s2_curve.csv
ours,local_var_topk_074,3,0.7111913357400722,0.7111913357400722,0.7111913357400722,False,/root/Optimization/MOE-grad-conflict-routing/runs/paper_suite_supplement/single_task_add_rerun/rerun/roberta_rte_ffn_e4_k2_ours_lr_centered/hpo/ours/trial_runs/local_var_topk_074/ours_s3.json,/root/Optimization/MOE-grad-conflict-routing/runs/paper_suite_supplement/single_task_add_rerun/rerun/roberta_rte_ffn_e4_k2_ours_lr_centered/hpo/ours/trial_runs/local_var_topk_074/ours_s3_curve.csv
ours,local_var_topk_075,2,0.5270758122743683,0.4729241877256318,0.5,False,/root/Optimization/MOE-grad-conflict-routing/runs/paper_suite_supplement/single_task_add_rerun/rerun/roberta_rte_ffn_e4_k2_ours_lr_centered/hpo/ours/trial_runs/local_var_topk_075/ours_s2.json,/root/Optimization/MOE-grad-conflict-routing/runs/paper_suite_supplement/single_task_add_rerun/rerun/roberta_rte_ffn_e4_k2_ours_lr_centered/hpo/ours/trial_runs/local_var_topk_075/ours_s2_curve.csv
ours,local_var_topk_075,3,0.703971119133574,0.703971119133574,0.703971119133574,False,/root/Optimization/MOE-grad-conflict-routing/runs/paper_suite_supplement/single_task_add_rerun/rerun/roberta_rte_ffn_e4_k2_ours_lr_centered/hpo/ours/trial_runs/local_var_topk_075/ours_s3.json,/root/Optimization/MOE-grad-conflict-routing/runs/paper_suite_supplement/single_task_add_rerun/rerun/roberta_rte_ffn_e4_k2_ours_lr_centered/hpo/ours/trial_runs/local_var_topk_075/ours_s3_curve.csv
ours,local_var_topk_076,2,0.5270758122743683,0.47653429602888087,0.5018050541516246,False,/root/Optimization/MOE-grad-conflict-routing/runs/paper_suite_supplement/single_task_add_rerun/rerun/roberta_rte_ffn_e4_k2_ours_lr_centered/hpo/ours/trial_runs/local_var_topk_076/ours_s2.json,/root/Optimization/MOE-grad-conflict-routing/runs/paper_suite_supplement/single_task_add_rerun/rerun/roberta_rte_ffn_e4_k2_ours_lr_centered/hpo/ours/trial_runs/local_var_topk_076/ours_s2_curve.csv
ours,local_var_topk_076,3,0.6895306859205776,0.6859205776173285,0.6877256317689531,False,/root/Optimization/MOE-grad-conflict-routing/runs/paper_suite_supplement/single_task_add_rerun/rerun/roberta_rte_ffn_e4_k2_ours_lr_centered/hpo/ours/trial_runs/local_var_topk_076/ours_s3.json,/root/Optimization/MOE-grad-conflict-routing/runs/paper_suite_supplement/single_task_add_rerun/rerun/roberta_rte_ffn_e4_k2_ours_lr_centered/hpo/ours/trial_runs/local_var_topk_076/ours_s3_curve.csv
ours,local_var_topk_077,2,0.6642599277978339,0.6642599277978339,0.6642599277978339,False,/root/Optimization/MOE-grad-conflict-routing/runs/paper_suite_supplement/single_task_add_rerun/rerun/roberta_rte_ffn_e4_k2_ours_lr_centered/hpo/ours/trial_runs/local_var_topk_077/ours_s2.json,/root/Optimization/MOE-grad-conflict-routing/runs/paper_suite_supplement/single_task_add_rerun/rerun/roberta_rte_ffn_e4_k2_ours_lr_centered/hpo/ours/trial_runs/local_var_topk_077/ours_s2_curve.csv
ours,local_var_topk_077,3,0.6498194945848376,0.6498194945848376,0.6498194945848376,False,/root/Optimization/MOE-grad-conflict-routing/runs/paper_suite_supplement/single_task_add_rerun/rerun/roberta_rte_ffn_e4_k2_ours_lr_centered/hpo/ours/trial_runs/local_var_topk_077/ours_s3.json,/root/Optimization/MOE-grad-conflict-routing/runs/paper_suite_supplement/single_task_add_rerun/rerun/roberta_rte_ffn_e4_k2_ours_lr_centered/hpo/ours/trial_runs/local_var_topk_077/ours_s3_curve.csv
ours,local_var_topk_078,2,0.6606498194945848,0.6606498194945848,0.6606498194945848,False,/root/Optimization/MOE-grad-conflict-routing/runs/paper_suite_supplement/single_task_add_rerun/rerun/roberta_rte_ffn_e4_k2_ours_lr_centered/hpo/ours/trial_runs/local_var_topk_078/ours_s2.json,/root/Optimization/MOE-grad-conflict-routing/runs/paper_suite_supplement/single_task_add_rerun/rerun/roberta_rte_ffn_e4_k2_ours_lr_centered/hpo/ours/trial_runs/local_var_topk_078/ours_s2_curve.csv
ours,local_var_topk_078,3,0.6967509025270758,0.6967509025270758,0.6967509025270758,False,/root/Optimization/MOE-grad-conflict-routing/runs/paper_suite_supplement/single_task_add_rerun/rerun/roberta_rte_ffn_e4_k2_ours_lr_centered/hpo/ours/trial_runs/local_var_topk_078/ours_s3.json,/root/Optimization/MOE-grad-conflict-routing/runs/paper_suite_supplement/single_task_add_rerun/rerun/roberta_rte_ffn_e4_k2_ours_lr_centered/hpo/ours/trial_runs/local_var_topk_078/ours_s3_curve.csv
ours,local_var_topk_079,2,0.5270758122743683,0.4729241877256318,0.5,False,/root/Optimization/MOE-grad-conflict-routing/runs/paper_suite_supplement/single_task_add_rerun/rerun/roberta_rte_ffn_e4_k2_ours_lr_centered/hpo/ours/trial_runs/local_var_topk_079/ours_s2.json,/root/Optimization/MOE-grad-conflict-routing/runs/paper_suite_supplement/single_task_add_rerun/rerun/roberta_rte_ffn_e4_k2_ours_lr_centered/hpo/ours/trial_runs/local_var_topk_079/ours_s2_curve.csv
ours,local_var_topk_079,3,0.6931407942238267,0.6931407942238267,0.6931407942238267,False,/root/Optimization/MOE-grad-conflict-routing/runs/paper_suite_supplement/single_task_add_rerun/rerun/roberta_rte_ffn_e4_k2_ours_lr_centered/hpo/ours/trial_runs/local_var_topk_079/ours_s3.json,/root/Optimization/MOE-grad-conflict-routing/runs/paper_suite_supplement/single_task_add_rerun/rerun/roberta_rte_ffn_e4_k2_ours_lr_centered/hpo/ours/trial_runs/local_var_topk_079/ours_s3_curve.csv
ours,local_var_topk_080,2,0.5523465703971119,0.5270758122743683,0.5397111913357401,False,/root/Optimization/MOE-grad-conflict-routing/runs/paper_suite_supplement/single_task_add_rerun/rerun/roberta_rte_ffn_e4_k2_ours_lr_centered/hpo/ours/trial_runs/local_var_topk_080/ours_s2.json,/root/Optimization/MOE-grad-conflict-routing/runs/paper_suite_supplement/single_task_add_rerun/rerun/roberta_rte_ffn_e4_k2_ours_lr_centered/hpo/ours/trial_runs/local_var_topk_080/ours_s2_curve.csv
ours,local_var_topk_080,3,0.6425992779783394,0.6425992779783394,0.6425992779783394,False,/root/Optimization/MOE-grad-conflict-routing/runs/paper_suite_supplement/single_task_add_rerun/rerun/roberta_rte_ffn_e4_k2_ours_lr_centered/hpo/ours/trial_runs/local_var_topk_080/ours_s3.json,/root/Optimization/MOE-grad-conflict-routing/runs/paper_suite_supplement/single_task_add_rerun/rerun/roberta_rte_ffn_e4_k2_ours_lr_centered/hpo/ours/trial_runs/local_var_topk_080/ours_s3_curve.csv
