step,train_step_loss,train_acc,train_loss,val_acc,val_loss,avg_intra_expert_coherence,expert_diversity_e0,expert_diversity_e1,expert_diversity_e2,expert_diversity_e3,expert_diversity_mean,expert_purity_e0,expert_purity_e1,expert_purity_e2,expert_purity_e3,expert_purity_mean,inter_expert_similarity,inter_expert_similarity_e0_e0,inter_expert_similarity_e0_e1,inter_expert_similarity_e0_e2,inter_expert_similarity_e0_e3,inter_expert_similarity_e1_e0,inter_expert_similarity_e1_e1,inter_expert_similarity_e1_e2,inter_expert_similarity_e1_e3,inter_expert_similarity_e2_e0,inter_expert_similarity_e2_e1,inter_expert_similarity_e2_e2,inter_expert_similarity_e2_e3,inter_expert_similarity_e3_e0,inter_expert_similarity_e3_e1,inter_expert_similarity_e3_e2,inter_expert_similarity_e3_e3,intra_expert_coherence_e0,intra_expert_coherence_e1,intra_expert_coherence_e2,intra_expert_coherence_e3,load_cv,load_max_min_ratio,overall_task_conflict_cos,router_entropy,router_load_e0,router_load_e1,router_load_e2,router_load_e3,task_acc__glue_rte,task_conflict_t0_t0,task_grad_norm_cv,task_loss__glue_rte,utilization_ratio
50.0,0.6451308131217957,0.5016064257028112,0.6945874972985341,0.5270758122743683,0.6894348975684907,1.0,0.0,0.0,0.0,0.0,0.0,1.0,1.0,1.0,1.0,1.0,0.006826275321216028,1.0,0.0,0.0,0.0,0.0,1.0,0.04095765192729617,0.0,0.0,0.04095765192729617,1.0,0.0,0.0,0.0,0.0,1.0,1.0,1.0,1.0,1.0,1.0169004201889038,565274834632.8735,1.0,0.6845268936363799,0.0,0.43472516536712646,0.5652748346328735,0.0,0.5270758122743683,1.0,0.0,0.6894348975684907,0.5
100.0,0.6921578645706177,0.4983935742971888,0.6934332102919236,0.4729241877256318,0.6948192980554369,1.0,0.0,0.0,0.0,0.0,0.0,1.0,1.0,1.0,1.0,1.0,0.006950554311254921,1.0,0.0,0.0,0.0,0.0,1.0,0.04170332586752953,0.0,0.0,0.04170332586752953,1.0,0.0,0.0,0.0,0.0,1.0,1.0,1.0,1.0,1.0,1.0015530586242676,519712150096.8933,1.0,0.6923697795248204,0.0,0.4802878499031067,0.5197121500968933,0.0,0.4729241877256318,1.0,0.0,0.6948192980554369,0.5
150.0,0.6919598877429962,0.4983935742971888,0.6931459343586213,0.4729241877256318,0.6934531678756078,1.0,0.0,0.0,0.0,0.0,0.0,1.0,1.0,1.0,1.0,1.0,0.006997729172363413,1.0,0.0,0.0,0.0,0.0,1.0,0.04198637503418048,0.0,0.0,0.04198637503418048,1.0,0.0,0.0,0.0,0.0,1.0,1.0,1.0,1.0,1.0,1.001390278422253,518649697303.772,1.0,0.6924483707235178,0.0,0.518649697303772,0.48135024309158325,0.0,0.4729241877256318,1.0,0.0,0.6934531678756078,0.5
