step,train_step_loss,train_acc,train_loss,val_acc,val_loss,avg_intra_expert_coherence,expert_diversity_e0,expert_diversity_e1,expert_diversity_e2,expert_diversity_e3,expert_diversity_mean,expert_purity_e0,expert_purity_e1,expert_purity_e2,expert_purity_e3,expert_purity_mean,inter_expert_similarity,inter_expert_similarity_e0_e0,inter_expert_similarity_e0_e1,inter_expert_similarity_e0_e2,inter_expert_similarity_e0_e3,inter_expert_similarity_e1_e0,inter_expert_similarity_e1_e1,inter_expert_similarity_e1_e2,inter_expert_similarity_e1_e3,inter_expert_similarity_e2_e0,inter_expert_similarity_e2_e1,inter_expert_similarity_e2_e2,inter_expert_similarity_e2_e3,inter_expert_similarity_e3_e0,inter_expert_similarity_e3_e1,inter_expert_similarity_e3_e2,inter_expert_similarity_e3_e3,intra_expert_coherence_e0,intra_expert_coherence_e1,intra_expert_coherence_e2,intra_expert_coherence_e3,load_cv,load_max_min_ratio,overall_task_conflict_cos,router_entropy,router_load_e0,router_load_e1,router_load_e2,router_load_e3,task_acc__glue_rte,task_conflict_t0_t0,task_grad_norm_cv,task_loss__glue_rte,utilization_ratio
50.0,0.6679697036743164,0.5184738955823294,0.6908085445180918,0.5415162454873647,0.6876296218898561,1.0,0.0,0.0,0.0,0.0,0.0,1.0,1.0,1.0,1.0,1.0,-0.035027666881694695,1.0,-0.2101660012901682,0.0,0.0,-0.2101660012901682,1.0,0.0,0.0,0.0,0.0,1.0,0.0,0.0,0.0,0.0,1.0,1.0,1.0,1.0,1.0,1.0282151699066162,610823452472.6868,1.0,0.6680455173396032,0.375519335269928,0.6108234524726868,0.013657202944159508,0.0,0.5415162454873647,1.0,0.0,0.6876296218898561,0.5
100.0,0.7067676782608032,0.5742971887550201,0.6855277108840453,0.5270758122743683,0.6859817637337579,1.0,0.0,0.0,0.0,0.0,0.0,1.0,1.0,1.0,1.0,1.0,-0.03348081116897467,1.0,-0.200884867013848,0.0,0.0,-0.200884867013848,1.0,0.0,0.0,0.0,0.0,1.0,0.0,0.0,0.0,0.0,1.0,1.0,1.0,1.0,1.0,1.0319948196411133,606295645236.969,1.0,0.6700298984128216,0.3854753375053406,0.606295645236969,0.008229036815464497,0.0,0.5270758122743683,1.0,0.0,0.6859817637337579,0.5
150.0,0.6869173347949982,0.5461847389558233,0.6824808506247325,0.5126353790613718,0.6894840796788534,1.0,0.0,0.0,0.0,0.0,0.0,1.0,1.0,1.0,1.0,1.0,-0.035111109175260634,1.0,-0.21066665505156382,0.0,0.0,-0.21066665505156382,1.0,0.0,0.0,0.0,0.0,1.0,0.0,0.0,0.0,0.0,1.0,1.0,1.0,1.0,1.0,1.0320382118225098,608627259731.2927,1.0,0.6689708585773564,0.38178080320358276,0.6086272597312927,0.009591917507350445,0.0,0.5126353790613718,1.0,0.0,0.6894840796788534,0.5
