step,train_step_loss,train_acc,train_loss,val_acc,val_loss,avg_intra_expert_coherence,expert_diversity_e0,expert_diversity_e1,expert_diversity_e2,expert_diversity_e3,expert_diversity_mean,expert_purity_e0,expert_purity_e1,expert_purity_e2,expert_purity_e3,expert_purity_mean,inter_expert_similarity,inter_expert_similarity_e0_e0,inter_expert_similarity_e0_e1,inter_expert_similarity_e0_e2,inter_expert_similarity_e0_e3,inter_expert_similarity_e1_e0,inter_expert_similarity_e1_e1,inter_expert_similarity_e1_e2,inter_expert_similarity_e1_e3,inter_expert_similarity_e2_e0,inter_expert_similarity_e2_e1,inter_expert_similarity_e2_e2,inter_expert_similarity_e2_e3,inter_expert_similarity_e3_e0,inter_expert_similarity_e3_e1,inter_expert_similarity_e3_e2,inter_expert_similarity_e3_e3,intra_expert_coherence_e0,intra_expert_coherence_e1,intra_expert_coherence_e2,intra_expert_coherence_e3,load_cv,load_max_min_ratio,overall_task_conflict_cos,router_entropy,router_load_e0,router_load_e1,router_load_e2,router_load_e3,task_acc__glue_mrpc,task_conflict_t0_t0,task_grad_norm_cv,task_loss__glue_mrpc,utilization_ratio
50.0,0.45577871799468994,0.7857142857142857,0.4541290572156077,0.7990196078431373,0.4562852801038669,1.0,0.0,0.0,0.0,0.0,0.0,1.0,1.0,1.0,1.0,1.0,-0.0028139240065010265,1.0,0.06050858485095698,0.3176038406429158,-0.3162479616241281,0.06050858485095698,1.0,-0.02003547648958041,0.3105015948275014,0.3176038406429158,-0.02003547648958041,1.0,-0.3692141262466718,-0.3162479616241281,0.3105015948275014,-0.3692141262466718,1.0,1.0,1.0,1.0,1.0,0.621989905834198,4.785428114528945,1.0,1.179486968938042,0.27123284339904785,0.4956122040748596,0.10356695204973221,0.1295880377292633,0.7990196078431373,1.0,0.0,0.4562852801038669,0.75
100.0,0.30395276844501495,0.8426935659760088,0.3300974855199456,0.8235294117647058,0.37036780909133643,1.0,0.0,0.0,0.0,0.0,0.0,1.0,1.0,1.0,1.0,1.0,-0.05521571103169264,1.0,0.12666163477368939,0.03166561687993231,0.14213448821287053,0.12666163477368939,1.0,-0.2116509432281804,-0.2558282825837207,0.03166561687993231,-0.2116509432281804,1.0,-0.16427678024474696,0.14213448821287053,-0.2558282825837207,-0.16427678024474696,1.0,1.0,1.0,1.0,1.0,0.4560887813568115,5.0337921864889985,1.0,1.2396685072019988,0.2343742549419403,0.3907891809940338,0.07763315737247467,0.29720339179039,0.8235294117647058,1.0,0.0,0.37036780909133643,0.75
