step,train_step_loss,train_acc,train_loss,val_acc,val_loss,avg_intra_expert_coherence,expert_diversity_e0,expert_diversity_e1,expert_diversity_e2,expert_diversity_e3,expert_diversity_mean,expert_purity_e0,expert_purity_e1,expert_purity_e2,expert_purity_e3,expert_purity_mean,inter_expert_similarity,inter_expert_similarity_e0_e0,inter_expert_similarity_e0_e1,inter_expert_similarity_e0_e2,inter_expert_similarity_e0_e3,inter_expert_similarity_e1_e0,inter_expert_similarity_e1_e1,inter_expert_similarity_e1_e2,inter_expert_similarity_e1_e3,inter_expert_similarity_e2_e0,inter_expert_similarity_e2_e1,inter_expert_similarity_e2_e2,inter_expert_similarity_e2_e3,inter_expert_similarity_e3_e0,inter_expert_similarity_e3_e1,inter_expert_similarity_e3_e2,inter_expert_similarity_e3_e3,intra_expert_coherence_e0,intra_expert_coherence_e1,intra_expert_coherence_e2,intra_expert_coherence_e3,load_cv,load_max_min_ratio,overall_task_conflict_cos,router_entropy,router_load_e0,router_load_e1,router_load_e2,router_load_e3,task_acc__glue_mrpc,task_conflict_t0_t0,task_grad_norm_cv,task_loss__glue_mrpc,utilization_ratio
50.0,0.3362029120326042,0.8159760087241004,0.39019138664007186,0.8112745098039216,0.4063032627678834,1.0,0.0,0.0,0.0,0.0,0.0,1.0,1.0,1.0,1.0,1.0,-0.17327537345723573,1.0,0.02416396988473851,-0.2815848733700556,-0.2668126688318077,0.02416396988473851,1.0,-0.331997720240398,-0.26676961954670364,-0.2815848733700556,-0.331997720240398,1.0,0.08334867136081212,-0.2668126688318077,-0.26676961954670364,0.08334867136081212,1.0,1.0,1.0,1.0,1.0,0.5713775498496025,3.778676635945231,1.0,1.227513684945948,0.13073314726352692,0.18133537471294403,0.49399828910827637,0.1939331442117691,0.8112745098039216,1.0,0.0,0.4063032627678834,1.0
100.0,0.34145890176296234,0.8950381679389313,0.28048979063194407,0.875,0.3039526561848246,1.0,0.0,0.0,0.0,0.0,0.0,1.0,1.0,1.0,1.0,1.0,-0.05555039697244851,1.0,0.3285552196834611,-0.1388401555735505,-0.040042943547295755,0.3285552196834611,1.0,-0.26788604269058575,-0.17600516002638528,-0.1388401555735505,-0.26788604269058575,1.0,-0.03908329968033486,-0.040042943547295755,-0.17600516002638528,-0.03908329968033486,1.0,1.0,1.0,1.0,1.0,0.3675827603091455,2.131107944372629,1.0,1.3080385853262508,0.19250090420246124,0.19183894991874695,0.4088295102119446,0.20683056116104126,0.875,1.0,0.0,0.3039526561848246,1.0
