step,train_step_loss,train_acc,train_loss,val_acc,val_loss,avg_intra_expert_coherence,expert_diversity_e0,expert_diversity_e1,expert_diversity_e2,expert_diversity_e3,expert_diversity_mean,expert_purity_e0,expert_purity_e1,expert_purity_e2,expert_purity_e3,expert_purity_mean,inter_expert_similarity,inter_expert_similarity_e0_e0,inter_expert_similarity_e0_e1,inter_expert_similarity_e0_e2,inter_expert_similarity_e0_e3,inter_expert_similarity_e1_e0,inter_expert_similarity_e1_e1,inter_expert_similarity_e1_e2,inter_expert_similarity_e1_e3,inter_expert_similarity_e2_e0,inter_expert_similarity_e2_e1,inter_expert_similarity_e2_e2,inter_expert_similarity_e2_e3,inter_expert_similarity_e3_e0,inter_expert_similarity_e3_e1,inter_expert_similarity_e3_e2,inter_expert_similarity_e3_e3,intra_expert_coherence_e0,intra_expert_coherence_e1,intra_expert_coherence_e2,intra_expert_coherence_e3,load_cv,load_max_min_ratio,overall_task_conflict_cos,router_entropy,router_load_e0,router_load_e1,router_load_e2,router_load_e3,task_acc__glue_mrpc,task_conflict_t0_t0,task_grad_norm_cv,task_loss__glue_mrpc,utilization_ratio
50.0,0.34528686106204987,0.8047982551799345,0.41728216456654277,0.7843137254901961,0.4330835457031543,1.0,0.0,0.0,0.0,0.0,0.0,1.0,1.0,1.0,1.0,1.0,-0.14440105441939688,1.0,-0.07264755023225186,0.023731546417482492,-0.2601652888302603,-0.07264755023225186,1.0,0.238002505629881,-0.4238321253146552,0.023731546417482492,0.238002505629881,1.0,-0.3714954141865774,-0.2601652888302603,-0.4238321253146552,-0.3714954141865774,1.0,1.0,1.0,1.0,1.0,0.41438955068588257,2.8251742741912604,1.0,1.282599173340143,0.24229870736598969,0.1890852153301239,0.41996511816978455,0.14865104854106903,0.7843137254901961,1.0,0.0,0.4330835457031543,1.0
100.0,0.25551482290029526,0.8759541984732825,0.29697662881454046,0.8504901960784313,0.34148111699435574,1.0,0.0,0.0,0.0,0.0,0.0,1.0,1.0,1.0,1.0,1.0,-0.08336125297861156,1.0,-0.0807365394752785,0.12935736330850817,-0.1133297464858303,-0.0807365394752785,1.0,-0.04228327081628716,-0.402398678917232,0.12935736330850817,-0.04228327081628716,1.0,0.009223354514450484,-0.1133297464858303,-0.402398678917232,0.009223354514450484,1.0,1.0,1.0,1.0,1.0,0.2750192254758804,2.186289036202724,1.0,1.2966465202032351,0.29404622316360474,0.22369113564491272,0.33090707659721375,0.1513555943965912,0.8504901960784313,1.0,0.0,0.34148111699435574,1.0
