step,train_step_loss,train_acc,train_loss,val_acc,val_loss,avg_intra_expert_coherence,expert_diversity_e0,expert_diversity_e1,expert_diversity_e2,expert_diversity_e3,expert_diversity_mean,expert_purity_e0,expert_purity_e1,expert_purity_e2,expert_purity_e3,expert_purity_mean,inter_expert_similarity,inter_expert_similarity_e0_e0,inter_expert_similarity_e0_e1,inter_expert_similarity_e0_e2,inter_expert_similarity_e0_e3,inter_expert_similarity_e1_e0,inter_expert_similarity_e1_e1,inter_expert_similarity_e1_e2,inter_expert_similarity_e1_e3,inter_expert_similarity_e2_e0,inter_expert_similarity_e2_e1,inter_expert_similarity_e2_e2,inter_expert_similarity_e2_e3,inter_expert_similarity_e3_e0,inter_expert_similarity_e3_e1,inter_expert_similarity_e3_e2,inter_expert_similarity_e3_e3,intra_expert_coherence_e0,intra_expert_coherence_e1,intra_expert_coherence_e2,intra_expert_coherence_e3,load_cv,load_max_min_ratio,overall_task_conflict_cos,router_entropy,router_load_e0,router_load_e1,router_load_e2,router_load_e3,task_acc__glue_mrpc,task_conflict_t0_t0,task_grad_norm_cv,task_loss__glue_mrpc,utilization_ratio
50.0,0.513052225112915,0.7963467829880043,0.443036636127078,0.7794117647058824,0.4611431979216062,1.0,0.0,0.0,0.0,0.0,0.0,1.0,1.0,1.0,1.0,1.0,-0.0641172062191691,1.0,-0.0601323830928913,-0.24550488119319508,0.17915298001924088,-0.0601323830928913,1.0,0.22202152119269872,-0.35426373446363363,-0.24550488119319508,0.22202152119269872,1.0,-0.12597673977723411,0.17915298001924088,-0.35426373446363363,-0.12597673977723411,1.0,1.0,1.0,1.0,1.0,0.15458974242210388,1.5540377624125739,1.0,1.3655053353777118,0.24275459349155426,0.19432619214057922,0.30199024081230164,0.26092901825904846,0.7794117647058824,1.0,0.0,0.4611431979216062,1.0
100.0,0.2197340950369835,0.8778625954198473,0.27599310527515153,0.8333333333333334,0.3428337909997656,1.0,0.0,0.0,0.0,0.0,0.0,1.0,1.0,1.0,1.0,1.0,-0.0069023182315651145,1.0,0.27762647952340236,-0.05445356122404472,-0.19795631804840186,0.27762647952340236,1.0,0.33481314933410994,-0.3043408121430986,-0.05445356122404472,0.33481314933410994,1.0,-0.09710284683135781,-0.19795631804840186,-0.3043408121430986,-0.09710284683135781,1.0,1.0,1.0,1.0,1.0,0.27479031682014465,2.166408711067528,1.0,1.3366423985537361,0.2190304547548294,0.1577311009168625,0.34171003103256226,0.28152838349342346,0.8333333333333334,1.0,0.0,0.3428337909997656,1.0
