step,train_step_loss,train_acc,train_loss,val_acc,val_loss,avg_intra_expert_coherence,expert_diversity_e0,expert_diversity_e1,expert_diversity_e2,expert_diversity_e3,expert_diversity_mean,expert_purity_e0,expert_purity_e1,expert_purity_e2,expert_purity_e3,expert_purity_mean,inter_expert_similarity,inter_expert_similarity_e0_e0,inter_expert_similarity_e0_e1,inter_expert_similarity_e0_e2,inter_expert_similarity_e0_e3,inter_expert_similarity_e1_e0,inter_expert_similarity_e1_e1,inter_expert_similarity_e1_e2,inter_expert_similarity_e1_e3,inter_expert_similarity_e2_e0,inter_expert_similarity_e2_e1,inter_expert_similarity_e2_e2,inter_expert_similarity_e2_e3,inter_expert_similarity_e3_e0,inter_expert_similarity_e3_e1,inter_expert_similarity_e3_e2,inter_expert_similarity_e3_e3,intra_expert_coherence_e0,intra_expert_coherence_e1,intra_expert_coherence_e2,intra_expert_coherence_e3,load_cv,load_max_min_ratio,overall_task_conflict_cos,router_entropy,router_load_e0,router_load_e1,router_load_e2,router_load_e3,task_acc__glue_sst2,task_conflict_t0_t0,task_grad_norm_cv,task_loss__glue_sst2,utilization_ratio
50.0,0.2073330208659172,0.7896479531990082,0.5079884478950656,0.7098623853211009,0.7014295040883801,1.0,0.0,0.0,0.0,0.0,0.0,1.0,1.0,1.0,1.0,1.0,-0.027161559139451962,1.0,0.0,0.0,0.0,0.0,1.0,-0.16296935483671177,0.0,0.0,-0.16296935483671177,1.0,0.0,0.0,0.0,0.0,1.0,1.0,1.0,1.0,1.0,1.0125669240951538,559885203838.3484,1.0,0.6817332418686753,0.0009672827436588705,0.5598852038383484,0.43914759159088135,0.0,0.7098623853211009,1.0,0.0,0.7014295040883801,0.5
100.0,0.7113649845123291,0.7872128762119704,0.45743445719143205,0.75,0.5044081173159859,1.0,0.0,0.0,0.0,0.0,0.0,1.0,1.0,1.0,1.0,1.0,-0.0534339616868151,1.0,0.0,0.0,0.0,0.0,1.0,-0.3206037701208906,0.0,0.0,-0.3206037701208906,1.0,0.0,0.0,0.0,0.0,1.0,1.0,1.0,1.0,1.0,1.0865808518932218,650274038314.8193,1.0,0.6444392105854979,0.0,0.6502740383148193,0.349726140499115,0.0,0.75,1.0,0.0,0.5044081173159859,0.5
150.0,0.40221038460731506,0.8884764435997565,0.29708985290147205,0.9013761467889908,0.27551299929618833,1.0,0.0,0.0,0.0,0.0,0.0,1.0,1.0,1.0,1.0,1.0,-0.020021886849133797,1.0,0.0,0.0,0.0,0.0,1.0,-0.12013132109480279,0.0,0.0,-0.12013132109480279,1.0,0.0,0.0,0.0,0.0,1.0,1.0,1.0,1.0,1.0,1.0699043911638493,641722977161.4075,1.0,0.6491155919678714,0.0056677330285310745,0.6417229771614075,0.35260921716690063,0.0,0.9013761467889908,1.0,0.0,0.27551299929618833,0.5
