step,train_step_loss,train_acc,train_loss,val_acc,val_loss,avg_intra_expert_coherence,expert_diversity_e0,expert_diversity_e1,expert_diversity_e2,expert_diversity_e3,expert_diversity_mean,expert_purity_e0,expert_purity_e1,expert_purity_e2,expert_purity_e3,expert_purity_mean,inter_expert_similarity,inter_expert_similarity_e0_e0,inter_expert_similarity_e0_e1,inter_expert_similarity_e0_e2,inter_expert_similarity_e0_e3,inter_expert_similarity_e1_e0,inter_expert_similarity_e1_e1,inter_expert_similarity_e1_e2,inter_expert_similarity_e1_e3,inter_expert_similarity_e2_e0,inter_expert_similarity_e2_e1,inter_expert_similarity_e2_e2,inter_expert_similarity_e2_e3,inter_expert_similarity_e3_e0,inter_expert_similarity_e3_e1,inter_expert_similarity_e3_e2,inter_expert_similarity_e3_e3,intra_expert_coherence_e0,intra_expert_coherence_e1,intra_expert_coherence_e2,intra_expert_coherence_e3,load_cv,load_max_min_ratio,overall_task_conflict_cos,router_entropy,router_load_e0,router_load_e1,router_load_e2,router_load_e3,task_acc__glue_rte,task_conflict_t0_t0,task_grad_norm_cv,task_loss__glue_rte,utilization_ratio
50.0,0.5488753467798233,0.6024096385542169,0.6678687857129635,0.5848375451263538,0.6670375184880363,1.0,0.0,0.0,0.0,0.0,0.0,1.0,1.0,1.0,1.0,1.0,0.006669972041607512,1.0,0.0,0.0,0.0,0.0,1.0,0.0,0.0,0.0,0.0,1.0,0.040019832249645074,0.0,0.0,0.040019832249645074,1.0,1.0,1.0,1.0,1.0,1.0052889579190065,551985323429.1077,1.0,0.6853467307796547,0.0,0.003094323677942157,0.5519853234291077,0.44492045044898987,0.5848375451263538,1.0,0.0,0.6670375184880363,0.5
100.0,0.6519805192947388,0.7052208835341366,0.6061082133688988,0.6678700361010831,0.6411631488137775,1.0,0.0,0.0,0.0,0.0,0.0,1.0,1.0,1.0,1.0,1.0,0.0103317842924478,1.0,0.0,0.0,0.0,0.0,1.0,0.0,0.0,0.0,0.0,1.0,0.061990705754686806,0.0,0.0,0.061990705754686806,1.0,1.0,1.0,1.0,1.0,1.061404340099771,647702217102.0508,1.0,0.6463194358219739,0.0,0.017924616113305092,0.6477022171020508,0.33437326550483704,0.6678700361010831,1.0,0.0,0.6411631488137775,0.5
150.0,0.6049725413322449,0.6971887550200804,0.6100340988582525,0.6678700361010831,0.6455269530415535,1.0,0.0,0.0,0.0,0.0,0.0,1.0,1.0,1.0,1.0,1.0,0.0041243092568635864,1.0,0.0,0.0,0.0,0.0,1.0,0.0,0.0,0.0,0.0,1.0,0.024745855541181517,0.0,0.0,0.024745855541181517,1.0,1.0,1.0,1.0,1.0,0.9956185221672058,518428087234.4971,1.0,0.6862533101105949,0.0,0.002993386471644044,0.5184280872344971,0.4785785377025604,0.6678700361010831,1.0,0.0,0.6455269530415535,0.5
