step,train_step_loss,train_acc,train_loss,val_acc,val_loss,router_entropy,router_load_e0,router_load_e1,router_load_e2,router_load_e3
30.0,0.6126668552557627,0.6344816661137045,0.6124222355731214,0.6367648857328408,0.6190975226580787,0.648472015918405,0.6221214532852173,0.023902572691440582,0.019218681380152702,0.334757536649704
50.0,0.6194191177686056,0.6493888850622083,0.5913389702853892,0.6359695902686905,0.5996877425224253,0.6445419348224446,0.6310043931007385,0.02369941771030426,0.02647080458700657,0.3188251554965973
