step,train_step_loss,train_acc,train_loss,val_acc,val_loss,avg_intra_expert_coherence,expert_diversity_e0,expert_diversity_e1,expert_diversity_e2,expert_diversity_e3,expert_diversity_mean,expert_purity_e0,expert_purity_e1,expert_purity_e2,expert_purity_e3,expert_purity_mean,inter_expert_similarity,inter_expert_similarity_e0_e0,inter_expert_similarity_e0_e1,inter_expert_similarity_e0_e2,inter_expert_similarity_e0_e3,inter_expert_similarity_e1_e0,inter_expert_similarity_e1_e1,inter_expert_similarity_e1_e2,inter_expert_similarity_e1_e3,inter_expert_similarity_e2_e0,inter_expert_similarity_e2_e1,inter_expert_similarity_e2_e2,inter_expert_similarity_e2_e3,inter_expert_similarity_e3_e0,inter_expert_similarity_e3_e1,inter_expert_similarity_e3_e2,inter_expert_similarity_e3_e3,intra_expert_coherence_e0,intra_expert_coherence_e1,intra_expert_coherence_e2,intra_expert_coherence_e3,load_cv,load_max_min_ratio,overall_task_conflict_cos,router_entropy,router_load_e0,router_load_e1,router_load_e2,router_load_e3,task_acc__glue_cola,task_acc__glue_mrpc,task_acc__glue_rte,task_conflict_t0_t0,task_conflict_t0_t1,task_conflict_t0_t2,task_conflict_t1_t0,task_conflict_t1_t1,task_conflict_t1_t2,task_conflict_t2_t0,task_conflict_t2_t1,task_conflict_t2_t2,task_grad_norm_cv,task_loss__glue_cola,task_loss__glue_mrpc,task_loss__glue_rte,utilization_ratio
1.0,0.8703511555989584,0.5389117162860683,0.7058045196010946,0.5342194057862043,0.7066089618065744,-0.23773397027041698,0.9661012553619708,0.966520317002444,0.9032148820485799,0.9346335456781528,0.9426175000227869,0.4522826373577118,0.45283377170562744,0.4552650451660156,0.506049633026123,0.4666077718138695,0.04078755518810023,1.0,0.4566926860936793,-0.5755094907461725,-0.03763486033594272,0.4566926860936793,1.0,0.09795411032382227,0.2262401431309922,-0.5755094907461725,0.09795411032382227,1.0,0.07698274266222287,-0.03763486033594272,0.2262401431309922,0.07698274266222287,1.0,-0.058902243692313894,-0.25623628026289624,-0.31749528185600806,-0.3183020752704497,0.32315360627727435,2.2303424353032124,-0.24642837562210482,1.3210766060208832,0.3672782778739929,0.16467349231243134,0.18626534938812256,0.28178298473358154,0.6720997123681688,0.35294117647058826,0.5776173285198556,1.0,-0.6835386926412289,-0.3283857885923754,-0.6835386926412289,1.0,0.2726393543672899,-0.3283857885923754,0.2726393543672899,1.0,0.19429229575836754,0.6343697141145022,0.8105860428482878,0.6748711284569332,1.0
