{
  "best_val_acc": 0.6476192585757521,
  "final_val_acc": 0.6220994697396803,
  "method": "ours",
  "num_eval_points": 5
}