{
  "best_val_acc": 0.6390905052448135,
  "final_val_acc": 0.6390905052448135,
  "method": "ours",
  "num_eval_points": 5
}