step,train_step_loss,train_acc,train_loss,val_acc,val_loss,router_entropy,router_load_e0,router_load_e1,router_load_e2,router_load_e3
10.0,0.5605509181817373,0.633406421831111,0.6444501061713095,0.6213319973722373,0.6429984916409163,1.2925253448386986,0.40932273864746094,0.14962008595466614,0.24186792969703674,0.19918935000896454
20.0,0.5698634137709936,0.6223603449979914,0.6497109079081592,0.6332300375064053,0.6445590463255634,1.3085515449444454,0.3897320032119751,0.15921485424041748,0.24950583279132843,0.20154725015163422
30.0,0.7204105158646902,0.6395935298666181,0.6228412904851407,0.6476192585757521,0.6189280901445607,1.3075876348410491,0.3899538815021515,0.15670092403888702,0.24971498548984528,0.20363010466098785
40.0,0.6539479096730552,0.6435463885668673,0.6236349650342473,0.6461045074310262,0.6196729156517838,1.3257123558885522,0.3643622100353241,0.1649223417043686,0.25107473134994507,0.21964089572429657
50.0,0.6404130210479101,0.6366248489874978,0.6167821934681438,0.6220994697396803,0.6233850682550327,1.301052532814167,0.3957158327102661,0.15061835944652557,0.25432223081588745,0.1993439644575119
