step,train_step_loss,train_acc,train_loss,val_acc,val_loss,router_entropy,router_load_e0,router_load_e1,router_load_e2,router_load_e3
10.0,0.44072922567526507,0.6269521749311854,0.6454281626995738,0.6143961849028614,0.6508781448366937,1.214735404415815,0.10588610917329788,0.3833889663219452,0.38839948177337646,0.12232579290866852
20.0,0.5862115025520326,0.6453634499576796,0.6242634062109913,0.6502878580582848,0.6267501731714252,1.2158777501985982,0.10477308928966522,0.38698238134384155,0.38363170623779297,0.12461269646883011
30.0,0.5798410574595134,0.6549662766409925,0.6044595550744628,0.6632126946030352,0.6036194428724614,1.218712503021514,0.10442081093788147,0.3910662829875946,0.3776285946369171,0.1268843114376068
40.0,0.6528307696183523,0.6510900244169674,0.6251838261021153,0.6311033959776337,0.6329669406316524,1.2219157793593627,0.10973438620567322,0.39249491691589355,0.37508252263069153,0.12268782407045364
50.0,0.5086423431833585,0.6700036995462408,0.5887812646959073,0.6464235667211263,0.5964843113705368,1.2125914338976145,0.10857491940259933,0.4005148112773895,0.3737708330154419,0.11713959276676178
