{
  "best_val_acc": 0.6632126946030352,
  "final_val_acc": 0.6464235667211263,
  "method": "ours",
  "num_eval_points": 5
}