step,train_step_loss,train_acc,train_loss,val_acc,val_loss,avg_intra_expert_coherence,expert_diversity_e0,expert_diversity_e1,expert_diversity_e2,expert_diversity_e3,expert_diversity_mean,expert_purity_e0,expert_purity_e1,expert_purity_e2,expert_purity_e3,expert_purity_mean,inter_expert_similarity,inter_expert_similarity_e0_e0,inter_expert_similarity_e0_e1,inter_expert_similarity_e0_e2,inter_expert_similarity_e0_e3,inter_expert_similarity_e1_e0,inter_expert_similarity_e1_e1,inter_expert_similarity_e1_e2,inter_expert_similarity_e1_e3,inter_expert_similarity_e2_e0,inter_expert_similarity_e2_e1,inter_expert_similarity_e2_e2,inter_expert_similarity_e2_e3,inter_expert_similarity_e3_e0,inter_expert_similarity_e3_e1,inter_expert_similarity_e3_e2,inter_expert_similarity_e3_e3,intra_expert_coherence_e0,intra_expert_coherence_e1,intra_expert_coherence_e2,intra_expert_coherence_e3,load_cv,load_max_min_ratio,overall_task_conflict_cos,router_entropy,router_load_e0,router_load_e1,router_load_e2,router_load_e3,task_acc__glue_cola,task_acc__glue_mrpc,task_acc__glue_rte,task_conflict_t0_t0,task_conflict_t0_t1,task_conflict_t0_t2,task_conflict_t1_t0,task_conflict_t1_t1,task_conflict_t1_t2,task_conflict_t2_t0,task_conflict_t2_t1,task_conflict_t2_t2,task_grad_norm_cv,task_loss__glue_cola,task_loss__glue_mrpc,task_loss__glue_rte,utilization_ratio
1.0,0.8438456375151873,0.622980618104557,1.2913549754255824,0.6102886740591777,1.348260582131786,0.9812076436777835,0.1728017140727887,0.8631995410504623,0.9178502463370627,0.43148664992445607,0.5963345378461924,0.9531641006469727,0.450711727142334,0.5163791179656982,0.8300344347953796,0.6875723451375961,-0.03757702079700503,1.0,-0.16625048789368221,0.2388727703627364,0.027416724178178076,-0.16625048789368221,1.0,-0.18603979602548365,0.04675372694578521,0.2388727703627364,-0.18603979602548365,1.0,-0.186215062349564,0.027416724178178076,0.04675372694578521,-0.186215062349564,1.0,0.989370669462081,0.9813909394312307,0.9863129727400536,0.9677559930777683,1.3398055625193641,102.01615545701767,0.9718103735716177,0.4126975088621731,0.012145346961915493,0.8204675316810608,0.15934468805789948,0.008042525500059128,0.6912751677852349,0.6666666666666666,0.4729241877256318,1.0,0.9683027581208372,0.9943306809755036,0.9683027581208372,1.0,0.9527976816185123,0.9943306809755036,0.9527976816185123,1.0,0.44220060146268386,1.4603524593403563,0.7555353350791276,1.8288939519758733,0.5
