step,train_step_loss,train_acc,train_loss,val_acc,val_loss,avg_intra_expert_coherence,expert_diversity_e0,expert_diversity_e1,expert_diversity_e2,expert_diversity_e3,expert_diversity_mean,expert_purity_e0,expert_purity_e1,expert_purity_e2,expert_purity_e3,expert_purity_mean,inter_expert_similarity,inter_expert_similarity_e0_e0,inter_expert_similarity_e0_e1,inter_expert_similarity_e0_e2,inter_expert_similarity_e0_e3,inter_expert_similarity_e1_e0,inter_expert_similarity_e1_e1,inter_expert_similarity_e1_e2,inter_expert_similarity_e1_e3,inter_expert_similarity_e2_e0,inter_expert_similarity_e2_e1,inter_expert_similarity_e2_e2,inter_expert_similarity_e2_e3,inter_expert_similarity_e3_e0,inter_expert_similarity_e3_e1,inter_expert_similarity_e3_e2,inter_expert_similarity_e3_e3,intra_expert_coherence_e0,intra_expert_coherence_e1,intra_expert_coherence_e2,intra_expert_coherence_e3,load_cv,load_max_min_ratio,overall_task_conflict_cos,router_entropy,router_load_e0,router_load_e1,router_load_e2,router_load_e3,task_acc__glue_mrpc,task_conflict_t0_t0,task_grad_norm_cv,task_loss__glue_mrpc,utilization_ratio
50.0,0.5270020514726639,0.7022900763358778,0.5690755595007668,0.7083333333333334,0.5705420850561216,1.0,0.0,0.0,0.0,0.0,0.0,1.0,1.0,1.0,1.0,1.0,0.019954504689091063,1.0,0.0,0.0,0.11972702813454637,0.0,1.0,0.0,0.0,0.0,0.0,1.0,0.0,0.11972702813454637,0.0,0.0,1.0,1.0,1.0,1.0,1.0,1.0234450073903791,577006399631.5002,1.0,0.680880650585773,0.4229936897754669,0.0,0.0,0.5770063996315002,0.7083333333333334,1.0,0.0,0.5705420850561216,0.5
100.0,0.48339249193668365,0.8208833151581243,0.42416570630410444,0.8112745098039216,0.4295054783041661,1.0,0.0,0.0,0.0,0.0,0.0,1.0,1.0,1.0,1.0,1.0,-0.010860596698841254,1.0,0.0,0.0,-0.06516358019304752,0.0,1.0,0.0,0.0,0.0,0.0,1.0,0.0,-0.06516358019304752,0.0,0.0,1.0,1.0,1.0,1.0,1.0,1.0003437995910645,509272277355.1941,1.0,0.691869926218893,0.5092722773551941,0.0,0.0,0.4907276928424835,0.8112745098039216,1.0,0.0,0.4295054783041661,0.5
150.0,0.7937987148761749,0.8546892039258451,0.3425335305823904,0.875,0.3224000804699384,1.0,0.0,0.0,0.0,0.0,0.0,1.0,1.0,1.0,1.0,1.0,0.07027134670354919,1.0,0.0,0.0,0.4216280802212951,0.0,1.0,0.0,0.0,0.0,0.0,1.0,0.0,0.4216280802212951,0.0,0.0,1.0,1.0,1.0,1.0,1.0,1.0104849338531494,555294811725.6165,1.0,0.684882731998668,0.4437530040740967,0.0009522163309156895,0.0,0.5552948117256165,0.875,1.0,0.0,0.3224000804699384,0.5
