step,train_step_loss,train_acc,train_loss,val_acc,val_loss,avg_intra_expert_coherence,expert_diversity_e0,expert_diversity_e1,expert_diversity_e2,expert_diversity_e3,expert_diversity_mean,expert_purity_e0,expert_purity_e1,expert_purity_e2,expert_purity_e3,expert_purity_mean,inter_expert_similarity,inter_expert_similarity_e0_e0,inter_expert_similarity_e0_e1,inter_expert_similarity_e0_e2,inter_expert_similarity_e0_e3,inter_expert_similarity_e1_e0,inter_expert_similarity_e1_e1,inter_expert_similarity_e1_e2,inter_expert_similarity_e1_e3,inter_expert_similarity_e2_e0,inter_expert_similarity_e2_e1,inter_expert_similarity_e2_e2,inter_expert_similarity_e2_e3,inter_expert_similarity_e3_e0,inter_expert_similarity_e3_e1,inter_expert_similarity_e3_e2,inter_expert_similarity_e3_e3,intra_expert_coherence_e0,intra_expert_coherence_e1,intra_expert_coherence_e2,intra_expert_coherence_e3,load_cv,load_max_min_ratio,overall_task_conflict_cos,router_entropy,router_load_e0,router_load_e1,router_load_e2,router_load_e3,task_acc__glue_rte,task_conflict_t0_t0,task_grad_norm_cv,task_loss__glue_rte,utilization_ratio
50.0,0.6405981481075287,0.5016064257028112,0.6989794887411289,0.5270758122743683,0.6910847574472427,1.0,0.0,0.0,0.0,0.0,0.0,1.0,1.0,1.0,1.0,1.0,0.003331141595823417,1.0,0.0,0.0,0.0,0.0,1.0,0.0,0.019986849574940502,0.0,0.0,1.0,0.0,0.0,0.019986849574940502,0.0,1.0,1.0,1.0,1.0,1.0,1.0043137073516846,532874822616.57715,1.0,0.6909431490226773,0.0,0.5328748226165771,0.0,0.46712517738342285,0.5270758122743683,1.0,0.0,0.6910847574472427,0.5
100.0,0.6971535086631775,0.4987951807228916,0.6927203717904212,0.4729241877256318,0.693813638554679,1.0,0.0,0.0,0.0,0.0,0.0,1.0,1.0,1.0,1.0,1.0,0.004933643474074305,1.0,0.0,0.0,0.0,0.0,1.0,0.0,0.029601860844445826,0.0,0.0,1.0,0.0,0.0,0.029601860844445826,0.0,1.0,1.0,1.0,1.0,1.0,1.0002001523732957,507074594497.68066,1.0,0.6929881039078916,0.0,0.5070745944976807,0.0,0.4929254949092865,0.4729241877256318,1.0,0.0,0.693813638554679,0.5
150.0,0.6978632211685181,0.5016064257028112,0.6932096001047354,0.5270758122743683,0.6921326882309384,1.0,0.0,0.0,0.0,0.0,0.0,1.0,1.0,1.0,1.0,1.0,0.00484955309671852,1.0,0.0,0.0,0.0,0.0,1.0,0.0,0.02909731858031112,0.0,0.0,1.0,0.0,0.0,0.02909731858031112,0.0,1.0,1.0,1.0,1.0,1.0,1.0005152225494385,511350870132.4463,1.0,0.6928894399305543,0.0,0.4886491596698761,0.0,0.5113508701324463,0.5270758122743683,1.0,0.0,0.6921326882309384,0.5
