step,train_step_loss,train_acc,train_loss,val_acc,val_loss,avg_intra_expert_coherence,expert_diversity_e0,expert_diversity_e1,expert_diversity_e2,expert_diversity_e3,expert_diversity_mean,expert_purity_e0,expert_purity_e1,expert_purity_e2,expert_purity_e3,expert_purity_mean,inter_expert_similarity,inter_expert_similarity_e0_e0,inter_expert_similarity_e0_e1,inter_expert_similarity_e0_e2,inter_expert_similarity_e0_e3,inter_expert_similarity_e1_e0,inter_expert_similarity_e1_e1,inter_expert_similarity_e1_e2,inter_expert_similarity_e1_e3,inter_expert_similarity_e2_e0,inter_expert_similarity_e2_e1,inter_expert_similarity_e2_e2,inter_expert_similarity_e2_e3,inter_expert_similarity_e3_e0,inter_expert_similarity_e3_e1,inter_expert_similarity_e3_e2,inter_expert_similarity_e3_e3,intra_expert_coherence_e0,intra_expert_coherence_e1,intra_expert_coherence_e2,intra_expert_coherence_e3,load_cv,load_max_min_ratio,overall_task_conflict_cos,router_entropy,router_load_e0,router_load_e1,router_load_e2,router_load_e3,task_acc__glue_rte,task_conflict_t0_t0,task_grad_norm_cv,task_loss__glue_rte,utilization_ratio
50.0,0.6626559197902679,0.5927710843373494,0.6667733934063177,0.5703971119133574,0.6813344955444336,1.0,0.0,0.0,0.0,0.0,0.0,1.0,1.0,1.0,1.0,1.0,0.004805854423374085,1.0,0.0,0.0,0.0,0.0,1.0,0.02883512654024451,0.0,0.0,0.02883512654024451,1.0,0.0,0.0,0.0,0.0,1.0,1.0,1.0,1.0,1.0,0.9145225882530212,485141754150.3906,1.0,0.6809278068129336,0.04390410706400871,0.47095414996147156,0.4851417541503906,0.0,0.5703971119133574,1.0,0.0,0.6813344955444336,0.5
100.0,0.7234391868114471,0.4983935742971888,0.6939564220034159,0.4729241877256318,0.6966161876916885,1.0,0.0,0.0,0.0,0.0,0.0,1.0,1.0,1.0,1.0,1.0,0.004265669618064427,1.0,0.0,0.0,0.0,0.0,1.0,0.02559401770838656,0.0,0.0,0.02559401770838656,1.0,0.0,0.0,0.0,0.0,1.0,1.0,1.0,1.0,1.0,1.0215816497802734,573848724365.2344,1.0,0.6821996984929384,0.0,0.4261513352394104,0.5738487243652344,0.0,0.4729241877256318,1.0,0.0,0.6966161876916885,0.5
150.0,0.7177338004112244,0.4983935742971888,0.6964454729969685,0.4729241877256318,0.7019850528902478,1.0,0.0,0.0,0.0,0.0,0.0,1.0,1.0,1.0,1.0,1.0,0.004486493361175375,1.0,0.0,0.0,0.0,0.0,1.0,0.02691896016705225,0.0,0.0,0.02691896016705225,1.0,0.0,0.0,0.0,0.0,1.0,1.0,1.0,1.0,1.0,1.0509604842043212,614301025867.4622,1.0,0.6667851971374953,0.0,0.38569891452789307,0.6143010258674622,0.0,0.4729241877256318,1.0,0.0,0.7019850528902478,0.5
