step,train_step_loss,train_acc,train_loss,val_acc,val_loss,avg_intra_expert_coherence,expert_diversity_e0,expert_diversity_e1,expert_diversity_e2,expert_diversity_e3,expert_diversity_mean,expert_purity_e0,expert_purity_e1,expert_purity_e2,expert_purity_e3,expert_purity_mean,inter_expert_similarity,inter_expert_similarity_e0_e0,inter_expert_similarity_e0_e1,inter_expert_similarity_e0_e2,inter_expert_similarity_e0_e3,inter_expert_similarity_e1_e0,inter_expert_similarity_e1_e1,inter_expert_similarity_e1_e2,inter_expert_similarity_e1_e3,inter_expert_similarity_e2_e0,inter_expert_similarity_e2_e1,inter_expert_similarity_e2_e2,inter_expert_similarity_e2_e3,inter_expert_similarity_e3_e0,inter_expert_similarity_e3_e1,inter_expert_similarity_e3_e2,inter_expert_similarity_e3_e3,intra_expert_coherence_e0,intra_expert_coherence_e1,intra_expert_coherence_e2,intra_expert_coherence_e3,load_cv,load_max_min_ratio,overall_task_conflict_cos,router_entropy,router_load_e0,router_load_e1,router_load_e2,router_load_e3,task_acc__glue_rte,task_conflict_t0_t0,task_grad_norm_cv,task_loss__glue_rte,utilization_ratio
50.0,0.6880032420158386,0.5477911646586345,0.6788170869533833,0.4981949458483754,0.7060857945018344,1.0,0.0,0.0,0.0,0.0,0.0,1.0,1.0,1.0,1.0,1.0,0.05152408150129481,1.0,0.0,0.0,0.0,0.0,1.0,0.0,0.30914448900776886,0.0,0.0,1.0,0.0,0.0,0.30914448900776886,0.0,1.0,1.0,1.0,1.0,1.0,1.0128853336435955,556939184665.6799,1.0,0.6860476288984829,0.0,0.44306066632270813,0.0,0.5569391846656799,0.4981949458483754,1.0,0.0,0.7060857945018344,0.5
100.0,0.6774932742118835,0.6959839357429719,0.5931506427434774,0.6534296028880866,0.6310499045583937,1.0,0.0,0.0,0.0,0.0,0.0,1.0,1.0,1.0,1.0,1.0,0.006420844598158708,1.0,0.0,0.0,0.0,0.0,1.0,0.0,0.038525067588952244,0.0,0.0,1.0,0.0,0.0,0.038525067588952244,0.0,1.0,1.0,1.0,1.0,1.0,1.0074549913406372,543251276016.23535,1.0,0.6883325576782227,0.0,0.4567487835884094,0.0,0.5432512760162354,0.6534296028880866,1.0,0.0,0.6310499045583937,0.5
150.0,0.5517137944698334,0.7550200803212851,0.544541527884893,0.6859205776173285,0.5856283538871341,1.0,0.0,0.0,0.0,0.0,0.0,1.0,1.0,1.0,1.0,1.0,-0.003927441625546431,1.0,0.0,0.0,0.0,0.0,1.0,0.0,-0.023564649753278585,0.0,0.0,1.0,0.0,0.0,-0.023564649753278585,0.0,1.0,1.0,1.0,1.0,1.0,1.0225095748901367,575436770915.9851,1.0,0.6808300792955749,0.0,0.42456328868865967,0.0,0.5754367709159851,0.6859205776173285,1.0,0.0,0.5856283538871341,0.5
