step,train_step_loss,train_acc,train_loss,val_acc,val_loss,avg_intra_expert_coherence,expert_diversity_e0,expert_diversity_e1,expert_diversity_e2,expert_diversity_e3,expert_diversity_mean,expert_purity_e0,expert_purity_e1,expert_purity_e2,expert_purity_e3,expert_purity_mean,inter_expert_similarity,inter_expert_similarity_e0_e0,inter_expert_similarity_e0_e1,inter_expert_similarity_e0_e2,inter_expert_similarity_e0_e3,inter_expert_similarity_e1_e0,inter_expert_similarity_e1_e1,inter_expert_similarity_e1_e2,inter_expert_similarity_e1_e3,inter_expert_similarity_e2_e0,inter_expert_similarity_e2_e1,inter_expert_similarity_e2_e2,inter_expert_similarity_e2_e3,inter_expert_similarity_e3_e0,inter_expert_similarity_e3_e1,inter_expert_similarity_e3_e2,inter_expert_similarity_e3_e3,intra_expert_coherence_e0,intra_expert_coherence_e1,intra_expert_coherence_e2,intra_expert_coherence_e3,load_cv,load_max_min_ratio,overall_task_conflict_cos,router_entropy,router_load_e0,router_load_e1,router_load_e2,router_load_e3,task_acc__glue_cola,task_acc__glue_mrpc,task_acc__glue_rte,task_conflict_t0_t0,task_conflict_t0_t1,task_conflict_t0_t2,task_conflict_t1_t0,task_conflict_t1_t1,task_conflict_t1_t2,task_conflict_t2_t0,task_conflict_t2_t1,task_conflict_t2_t2,task_grad_norm_cv,task_loss__glue_cola,task_loss__glue_mrpc,task_loss__glue_rte,utilization_ratio
1.0,2.0579763092090766,0.6187045534679663,3.2160504354570936,0.604250128887194,3.3911079212289827,0.971003444537652,0.8739142592504981,0.8791317502887424,0.24163542331736226,0.7060574481207765,0.6751847202443448,0.446374773979187,0.4956962764263153,0.926401674747467,0.6457770466804504,0.628562442958355,0.09608658552725698,1.0,-0.020599182425790223,0.09166632786707425,0.3279394449480859,-0.020599182425790223,1.0,0.3291151646121936,-0.016135954002871575,0.09166632786707425,0.3291151646121936,1.0,-0.13546628783515008,0.3279394449480859,-0.016135954002871575,-0.13546628783515008,1.0,0.9806083707611957,0.979291825754272,0.9456340966728264,0.9784794849623139,1.3768485041676168,59.54349048404823,0.9101978309428921,0.3808614671902938,0.8407886028289795,0.12856878340244293,0.014120579697191715,0.016521912068128586,0.6903163950143816,0.6495098039215687,0.4729241877256318,1.0,0.8872713949225574,0.9811544255161548,0.8872713949225574,1.0,0.8621676723899642,0.9811544255161548,0.8621676723899642,1.0,0.31232816930984014,3.5380006533783446,1.8945336405692312,4.740789469739372,0.5
