step,train_step_loss,train_acc,train_loss,val_acc,val_loss,avg_intra_expert_coherence,expert_diversity_e0,expert_diversity_e1,expert_diversity_e2,expert_diversity_e3,expert_diversity_mean,expert_purity_e0,expert_purity_e1,expert_purity_e2,expert_purity_e3,expert_purity_mean,inter_expert_similarity,inter_expert_similarity_e0_e0,inter_expert_similarity_e0_e1,inter_expert_similarity_e0_e2,inter_expert_similarity_e0_e3,inter_expert_similarity_e1_e0,inter_expert_similarity_e1_e1,inter_expert_similarity_e1_e2,inter_expert_similarity_e1_e3,inter_expert_similarity_e2_e0,inter_expert_similarity_e2_e1,inter_expert_similarity_e2_e2,inter_expert_similarity_e2_e3,inter_expert_similarity_e3_e0,inter_expert_similarity_e3_e1,inter_expert_similarity_e3_e2,inter_expert_similarity_e3_e3,intra_expert_coherence_e0,intra_expert_coherence_e1,intra_expert_coherence_e2,intra_expert_coherence_e3,load_cv,load_max_min_ratio,overall_task_conflict_cos,router_entropy,router_load_e0,router_load_e1,router_load_e2,router_load_e3,task_acc__glue_rte,task_conflict_t0_t0,task_grad_norm_cv,task_loss__glue_rte,utilization_ratio
50.0,0.6560909152030945,0.6176706827309237,0.650550988354744,0.5956678700361011,0.6658318407005734,1.0,0.0,0.0,0.0,0.0,0.0,1.0,1.0,1.0,1.0,1.0,0.008761386767008569,1.0,0.0,0.0,0.0,0.0,1.0,0.05256832060205142,0.0,0.0,0.05256832060205142,1.0,0.0,0.0,0.0,0.0,1.0,1.0,1.0,1.0,1.0,0.9952958231811734,512425005435.9436,1.0,0.6877312126572812,0.0,0.48483672738075256,0.5124250054359436,0.0027383328415453434,0.5956678700361011,1.0,0.0,0.6658318407005734,0.5
100.0,0.625921756029129,0.7176706827309237,0.5719618554298694,0.6534296028880866,0.6142651273144616,1.0,0.0,0.0,0.0,0.0,0.0,1.0,1.0,1.0,1.0,1.0,0.006054604823199161,1.0,0.0,0.0,0.0,0.0,1.0,0.036327628939194966,0.0,0.0,0.036327628939194966,1.0,0.0,0.0,0.0,0.0,1.0,1.0,1.0,1.0,1.0,1.0013831853866577,544963836669.9219,1.0,0.6835499007779339,0.0,0.4513233006000519,0.5449638366699219,0.0037129477132111788,0.6534296028880866,1.0,0.0,0.6142651273144616,0.5
150.0,0.5422396957874298,0.7594377510040161,0.5337911617106352,0.6967509025270758,0.6042795843548245,1.0,0.0,0.0,0.0,0.0,0.0,1.0,1.0,1.0,1.0,1.0,0.006322600661626536,1.0,0.0,0.0,0.0,0.0,1.0,0.037935603969759216,0.0,0.0,0.037935603969759216,1.0,0.0,0.0,0.0,0.0,1.0,1.0,1.0,1.0,1.0,1.0101861953735352,555597662925.7202,1.0,0.6815408920122829,0.0011994336964562535,0.5555976629257202,0.4432029724121094,0.0,0.6967509025270758,1.0,0.0,0.6042795843548245,0.5
