{
  "baseline_avg": {
    "num_common_steps": 20,
    "seeds": [
      3,
      5,
      7
    ],
    "steps": [
      30,
      60,
      90,
      120,
      150,
      180,
      210,
      240,
      270,
      300,
      330,
      360,
      390,
      420,
      450,
      480,
      510,
      540,
      570,
      600
    ],
    "train_acc_last_mean": 0.9128219210752796,
    "train_acc_last_std": 0.0019858307249953746,
    "train_loss_last_mean": 0.23000616187853754,
    "train_loss_last_std": 0.006497952201811774,
    "val_acc_last_mean": 0.8409504831715408,
    "val_acc_last_std": 0.005256738108939131,
    "val_loss_last_mean": 0.4079054072121801,
    "val_loss_last_std": 0.014324242689307397
  },
  "baseline_cagrad": {
    "num_common_steps": 20,
    "seeds": [
      3,
      5,
      7
    ],
    "steps": [
      30,
      60,
      90,
      120,
      150,
      180,
      210,
      240,
      270,
      300,
      330,
      360,
      390,
      420,
      450,
      480,
      510,
      540,
      570,
      600
    ],
    "train_acc_last_mean": 0.920906552112303,
    "train_acc_last_std": 0.004665834956327935,
    "train_loss_last_mean": 0.22258730014590355,
    "train_loss_last_std": 0.02086552325898368,
    "val_acc_last_mean": 0.8456809506714302,
    "val_acc_last_std": 0.012574170080574985,
    "val_loss_last_mean": 0.404306141847186,
    "val_loss_last_std": 0.04247254627099117
  },
  "ours": {
    "num_common_steps": 20,
    "seeds": [
      3,
      5,
      7
    ],
    "steps": [
      30,
      60,
      90,
      120,
      150,
      180,
      210,
      240,
      270,
      300,
      330,
      360,
      390,
      420,
      450,
      480,
      510,
      540,
      570,
      600
    ],
    "train_acc_last_mean": 0.9203879855780442,
    "train_acc_last_std": 0.006647208476370259,
    "train_loss_last_mean": 0.21705274262219745,
    "train_loss_last_std": 0.02291481713250253,
    "val_acc_last_mean": 0.8423344628396428,
    "val_acc_last_std": 0.011292206874869978,
    "val_loss_last_mean": 0.40735189721157283,
    "val_loss_last_std": 0.04497513732742489
  }
}