method,val_acc_last_mean,val_acc_last_std,val_loss_last_mean,val_loss_last_std
ours,0.8423344628396428,0.011292206874869978,0.40735189721157283,0.04497513732742489
baseline_avg,0.8409504831715408,0.005256738108939131,0.4079054072121801,0.014324242689307397
baseline_cagrad,0.8456809506714302,0.012574170080574985,0.404306141847186,0.04247254627099117
