step,train_step_loss,train_acc,train_loss,val_acc,val_loss,router_entropy,router_load_e0,router_load_e1,router_load_e2,router_load_e3
30.0,0.651514232158661,0.6368538609455102,0.6462328480898776,0.6232278449140419,0.6538289547561627,1.3638245711723964,0.2685393989086151,0.21631799638271332,0.23978853225708008,0.2753540873527527
60.0,0.5310504436492921,0.6753288433908256,0.5855697688472992,0.6605004333039397,0.5911155997102787,1.3537604060989838,0.23534449934959412,0.19513529539108276,0.278542160987854,0.2909782826900482
90.0,0.6071462308367094,0.6721428967105756,0.5828688919406189,0.6538399702348574,0.5922695639665306,1.3500024615614503,0.22490526735782623,0.20877006649971008,0.26107028126716614,0.3052544891834259
120.0,0.6069606045881908,0.7069506144643012,0.5397863031923148,0.6784332915197916,0.5475581563125215,1.3321860424346395,0.21389496326446533,0.1886616349220276,0.28911280632019043,0.30833038687705994
150.0,0.6723476946353913,0.7210783899678463,0.5343836212852252,0.6835221186577507,0.5502754077896811,1.3168115552376818,0.21445737779140472,0.18583537638187408,0.28115546703338623,0.3185516595840454
