step,train_step_loss,train_acc,train_loss,val_acc,val_loss,router_entropy,router_load_e0,router_load_e1,router_load_e2,router_load_e3
30.0,0.7084835569063823,0.6375610874614671,0.6157211732157452,0.6437900267723853,0.618607617801659,1.358414123593657,0.26191970705986023,0.28999945521354675,0.20316480100154877,0.2449161261320114
60.0,0.4730675915877025,0.6706721371329677,0.5798785018528342,0.6693906691485582,0.589383455291236,1.357215656588475,0.26874110102653503,0.2657627463340759,0.19825249910354614,0.26724329590797424
90.0,0.4238218317429225,0.7017222516813203,0.5534364799637678,0.7064965847749708,0.5618177486015723,1.3558071267411664,0.257764607667923,0.2423548847436905,0.22113196551799774,0.27874836325645447
120.0,0.6848488499720892,0.7173581165013788,0.5346541305931316,0.7094110195140494,0.5544813944019731,1.3408475930768031,0.24953171610832214,0.23992732167243958,0.2296282947063446,0.28091251850128174
150.0,0.41853512264788156,0.7239689745611692,0.5548167016886439,0.7091704638307887,0.5845862776371912,1.305629908348675,0.22488203644752502,0.2429974526166916,0.17290085554122925,0.35921958088874817
