step,train_step_loss,train_acc,train_loss,val_acc,val_loss,router_entropy,router_load_e0,router_load_e1,router_load_e2,router_load_e3
30.0,0.5200873265663785,0.6471374814270416,0.6053562381575495,0.6448434076866922,0.6057634691904306,1.2661047696515366,0.1434636116027832,0.42801955342292786,0.253337025642395,0.17517966032028198
60.0,0.5081577400366466,0.6530164648679483,0.5962677255760874,0.656329067053533,0.596264765878647,1.2240784077870626,0.13799847662448883,0.4704328775405884,0.22994130849838257,0.16162745654582977
90.0,0.7547239661216737,0.7020842699530755,0.5661634268531808,0.6731613731917306,0.5801507464288644,1.2101515323199608,0.1376161277294159,0.47982388734817505,0.22286193072795868,0.159698024392128
120.0,0.7355134636163712,0.7085480826154544,0.5384176359589568,0.684080446964885,0.5510242412653507,1.2297504085495516,0.15660420060157776,0.4544813930988312,0.20446360111236572,0.18445083498954773
150.0,0.5440996227165065,0.6901613006408577,0.5340894734461319,0.6742455068427681,0.558891251654425,1.2360005746423095,0.1663632094860077,0.44188979268074036,0.21340087056159973,0.1783464550971985
