{
  "best_val_acc": 0.6835221186577507,
  "final_val_acc": 0.6835221186577507,
  "method": "ours",
  "num_eval_points": 5
}