{
  "best_val_acc": 0.7094110195140494,
  "final_val_acc": 0.7091704638307887,
  "method": "ours",
  "num_eval_points": 5
}