{
  "best_val_acc": 0.684080446964885,
  "final_val_acc": 0.6742455068427681,
  "method": "ours",
  "num_eval_points": 5
}