step,train_step_loss,train_acc,train_loss,val_acc,val_loss,alignment_reward,l_conflict,l_conflict_e0,l_conflict_e1,l_conflict_e2,l_conflict_e3,router_conflict_grad_l2,router_entropy,router_load_e0,router_load_e1,router_load_e2,router_load_e3
30.0,0.6039273291826249,0.6499881952166874,0.6178907258840834,0.6520829723598305,0.6188481715018868,0.08063985407352448,-0.08063985407352448,-0.018558191135525703,-0.02462865598499775,-0.0,-0.03745300695300102,0.0,0.6736184917390347,0.32622504234313965,0.11096901446580887,0.00423609372228384,0.5585698485374451
50.0,0.6133600970109304,0.6601342863400589,0.6004539460330108,0.658561189762331,0.6011903169457585,0.07023560255765915,-0.07023560255765915,-0.013973348774015903,-0.029869763180613518,-0.0,-0.026392487809062004,0.0,0.6773353376322322,0.33439573645591736,0.12432844191789627,0.0071929991245269775,0.5340829491615295
