step,train_step_loss,train_acc,train_loss,val_acc,val_loss,avg_intra_expert_coherence,expert_diversity_e0,expert_diversity_e1,expert_diversity_e2,expert_diversity_e3,expert_diversity_mean,expert_purity_e0,expert_purity_e1,expert_purity_e2,expert_purity_e3,expert_purity_mean,inter_expert_similarity,inter_expert_similarity_e0_e0,inter_expert_similarity_e0_e1,inter_expert_similarity_e0_e2,inter_expert_similarity_e0_e3,inter_expert_similarity_e1_e0,inter_expert_similarity_e1_e1,inter_expert_similarity_e1_e2,inter_expert_similarity_e1_e3,inter_expert_similarity_e2_e0,inter_expert_similarity_e2_e1,inter_expert_similarity_e2_e2,inter_expert_similarity_e2_e3,inter_expert_similarity_e3_e0,inter_expert_similarity_e3_e1,inter_expert_similarity_e3_e2,inter_expert_similarity_e3_e3,intra_expert_coherence_e0,intra_expert_coherence_e1,intra_expert_coherence_e2,intra_expert_coherence_e3,load_cv,load_max_min_ratio,overall_task_conflict_cos,router_entropy,router_load_e0,router_load_e1,router_load_e2,router_load_e3,task_acc__glue_rte,task_conflict_t0_t0,task_grad_norm_cv,task_loss__glue_rte,utilization_ratio
50.0,0.6830133497714996,0.4983935742971888,0.6966818581406887,0.4729241877256318,0.7024962719943788,1.0,0.0,0.0,0.0,0.0,0.0,1.0,1.0,1.0,1.0,1.0,0.005310897634438448,1.0,0.03186538580663069,0.0,0.0,0.03186538580663069,1.0,0.0,0.0,0.0,0.0,1.0,0.0,0.0,0.0,0.0,1.0,1.0,1.0,1.0,1.0,1.0292340517044067,586112260818.4814,1.0,0.6782423468703397,0.41388776898384094,0.5861122608184814,0.0,0.0,0.4729241877256318,1.0,0.0,0.7024962719943788,0.5
100.0,0.729020744562149,0.4983935742971888,0.6945356459189684,0.4729241877256318,0.6980450567271974,1.0,0.0,0.0,0.0,0.0,0.0,1.0,1.0,1.0,1.0,1.0,0.006145437865393066,1.0,0.0368726271923584,0.0,0.0,0.0368726271923584,1.0,0.0,0.0,0.0,0.0,1.0,0.0,0.0,0.0,0.0,1.0,1.0,1.0,1.0,1.0,1.0134042517428699,558081924915.3137,1.0,0.6863848879018846,0.44191795587539673,0.5580819249153137,0.0,0.0,0.4729241877256318,1.0,0.0,0.6980450567271974,0.5
150.0,0.7307160794734955,0.4983935742971888,0.6997201525248014,0.4729241877256318,0.7076460619767507,1.0,0.0,0.0,0.0,0.0,0.0,1.0,1.0,1.0,1.0,1.0,0.0060471651763198886,1.0,0.03628299105791933,0.0,0.0,0.03628299105791933,1.0,0.0,0.0,0.0,0.0,1.0,0.0,0.0,0.0,0.0,1.0,1.0,1.0,1.0,1.0,1.0142008066177368,559794723987.5793,1.0,0.6859792062091483,0.44020530581474304,0.5597947239875793,0.0,0.0,0.4729241877256318,1.0,0.0,0.7076460619767507,0.5
