step,train_step_loss,train_acc,train_loss,val_acc,val_loss,avg_intra_expert_coherence,expert_diversity_e0,expert_diversity_e1,expert_diversity_e2,expert_diversity_e3,expert_diversity_mean,expert_purity_e0,expert_purity_e1,expert_purity_e2,expert_purity_e3,expert_purity_mean,inter_expert_similarity,inter_expert_similarity_e0_e0,inter_expert_similarity_e0_e1,inter_expert_similarity_e0_e2,inter_expert_similarity_e0_e3,inter_expert_similarity_e1_e0,inter_expert_similarity_e1_e1,inter_expert_similarity_e1_e2,inter_expert_similarity_e1_e3,inter_expert_similarity_e2_e0,inter_expert_similarity_e2_e1,inter_expert_similarity_e2_e2,inter_expert_similarity_e2_e3,inter_expert_similarity_e3_e0,inter_expert_similarity_e3_e1,inter_expert_similarity_e3_e2,inter_expert_similarity_e3_e3,intra_expert_coherence_e0,intra_expert_coherence_e1,intra_expert_coherence_e2,intra_expert_coherence_e3,load_cv,load_max_min_ratio,overall_task_conflict_cos,router_entropy,router_load_e0,router_load_e1,router_load_e2,router_load_e3,task_acc__glue_rte,task_conflict_t0_t0,task_grad_norm_cv,task_loss__glue_rte,utilization_ratio
50.0,0.6484327912330627,0.5016064257028112,0.6966125658307321,0.5270758122743683,0.6904101322094599,1.0,0.0,0.0,0.0,0.0,0.0,1.0,1.0,1.0,1.0,1.0,0.012620520275262602,1.0,0.0,0.0,0.0,0.0,1.0,0.07572312165157562,0.0,0.0,0.07572312165157562,1.0,0.0,0.0,0.0,0.0,1.0,1.0,1.0,1.0,1.0,1.000049352645874,503513753414.15405,1.0,0.6931224652576102,0.0,0.49648624658584595,0.503513753414154,0.0,0.5270758122743683,1.0,0.0,0.6904101322094599,0.5
100.0,0.694865882396698,0.4983935742971888,0.6933451543633754,0.4729241877256318,0.6945338530672921,1.0,0.0,0.0,0.0,0.0,0.0,1.0,1.0,1.0,1.0,1.0,0.012113679360548428,1.0,0.0,0.0,0.0,0.0,1.0,0.07268207616329057,0.0,0.0,0.07268207616329057,1.0,0.0,0.0,0.0,0.0,1.0,1.0,1.0,1.0,1.0,1.0000076293945312,501384317874.90845,1.0,0.6931433428065441,0.0,0.5013843178749084,0.49861568212509155,0.0,0.4729241877256318,1.0,0.0,0.6945338530672921,0.5
150.0,0.6977306306362152,0.5016064257028112,0.6936717540407792,0.5270758122743683,0.6911097516616186,1.0,0.0,0.0,0.0,0.0,0.0,1.0,1.0,1.0,1.0,1.0,0.013063827923743408,1.0,0.0,0.0,0.0,0.0,1.0,0.07838296754246045,0.0,0.0,0.07838296754246045,1.0,0.0,0.0,0.0,0.0,1.0,1.0,1.0,1.0,1.0,1.0111984014511108,553059101104.7363,1.0,0.6875060181325093,0.0,0.5530591011047363,0.44694089889526367,0.0,0.5270758122743683,1.0,0.0,0.6911097516616186,0.5
