step,train_step_loss,train_acc,train_loss,val_acc,val_loss,router_entropy,router_load_e0,router_load_e1,router_load_e2,router_load_e3
30.0,0.6834047635396322,0.625745881252294,0.6622159276698386,0.6160076283075439,0.6668486828590784,0.6404344700276852,0.0,0.6609047055244446,0.0,0.3390965163707733
50.0,0.6429105599721273,0.625745881252294,0.6649549987901823,0.6160076283075439,0.6725330236114845,0.6016668570400389,0.0,0.710540771484375,0.0,0.289459228515625
