step,train_step_loss,train_acc,train_loss,val_acc,val_loss,avg_intra_expert_coherence,expert_diversity_e0,expert_diversity_e1,expert_diversity_e2,expert_diversity_e3,expert_diversity_mean,expert_purity_e0,expert_purity_e1,expert_purity_e2,expert_purity_e3,expert_purity_mean,inter_expert_similarity,inter_expert_similarity_e0_e0,inter_expert_similarity_e0_e1,inter_expert_similarity_e0_e2,inter_expert_similarity_e0_e3,inter_expert_similarity_e1_e0,inter_expert_similarity_e1_e1,inter_expert_similarity_e1_e2,inter_expert_similarity_e1_e3,inter_expert_similarity_e2_e0,inter_expert_similarity_e2_e1,inter_expert_similarity_e2_e2,inter_expert_similarity_e2_e3,inter_expert_similarity_e3_e0,inter_expert_similarity_e3_e1,inter_expert_similarity_e3_e2,inter_expert_similarity_e3_e3,intra_expert_coherence_e0,intra_expert_coherence_e1,intra_expert_coherence_e2,intra_expert_coherence_e3,load_cv,load_max_min_ratio,overall_task_conflict_cos,router_entropy,router_load_e0,router_load_e1,router_load_e2,router_load_e3,task_acc__glue_rte,task_conflict_t0_t0,task_grad_norm_cv,task_loss__glue_rte,utilization_ratio
50.0,0.6125949621200562,0.6441767068273092,0.6303631721207729,0.6064981949458483,0.657562809685866,1.0,0.0,0.0,0.0,0.0,0.0,1.0,1.0,1.0,1.0,1.0,0.017559802195158666,1.0,0.021935152350990483,0.05180089033465349,0.0,0.021935152350990483,1.0,0.031622770485308024,0.0,0.05180089033465349,0.031622770485308024,1.0,0.0,0.0,0.0,0.0,1.0,1.0,1.0,1.0,1.0,1.037915825843811,671417593955.9937,1.0,0.6256550141620292,0.07904874533414841,0.24953363835811615,0.6714175939559937,0.0,0.6064981949458483,1.0,0.0,0.657562809685866,0.5
100.0,0.9438580274581909,0.7409638554216867,0.5399871188383072,0.6642599277978339,0.6235258380572001,1.0,0.0,0.0,0.0,0.0,0.0,1.0,1.0,1.0,1.0,1.0,0.010086454571615508,1.0,0.0,0.0,0.0,0.0,1.0,0.060518727429693046,0.0,0.0,0.060518727429693046,1.0,0.0,0.0,0.0,0.0,1.0,1.0,1.0,1.0,1.0,1.0274814400054741,583455145359.0393,1.0,0.6704705682472202,0.0,0.41654476523399353,0.5834551453590393,0.0,0.6642599277978339,1.0,0.0,0.6235258380572001,0.5
150.0,0.5569122582674026,0.7485943775100402,0.5279977292586596,0.6823104693140795,0.6037032802899679,1.0,0.0,0.0,0.0,0.0,0.0,1.0,1.0,1.0,1.0,1.0,0.007393426811217448,1.0,0.0,0.0,0.0,0.0,1.0,0.04436056086730469,0.0,0.0,0.04436056086730469,1.0,0.0,0.0,0.0,0.0,1.0,1.0,1.0,1.0,1.0,1.0109238624572754,552401185035.7056,1.0,0.6787584146437662,0.0,0.4475988745689392,0.5524011850357056,0.0,0.6823104693140795,1.0,0.0,0.6037032802899679,0.5
