step,train_step_loss,train_acc,train_loss,val_acc,val_loss,avg_intra_expert_coherence,expert_diversity_e0,expert_diversity_e1,expert_diversity_e2,expert_diversity_e3,expert_diversity_mean,expert_purity_e0,expert_purity_e1,expert_purity_e2,expert_purity_e3,expert_purity_mean,inter_expert_similarity,inter_expert_similarity_e0_e0,inter_expert_similarity_e0_e1,inter_expert_similarity_e0_e2,inter_expert_similarity_e0_e3,inter_expert_similarity_e1_e0,inter_expert_similarity_e1_e1,inter_expert_similarity_e1_e2,inter_expert_similarity_e1_e3,inter_expert_similarity_e2_e0,inter_expert_similarity_e2_e1,inter_expert_similarity_e2_e2,inter_expert_similarity_e2_e3,inter_expert_similarity_e3_e0,inter_expert_similarity_e3_e1,inter_expert_similarity_e3_e2,inter_expert_similarity_e3_e3,intra_expert_coherence_e0,intra_expert_coherence_e1,intra_expert_coherence_e2,intra_expert_coherence_e3,load_cv,load_max_min_ratio,overall_task_conflict_cos,router_entropy,router_load_e0,router_load_e1,router_load_e2,router_load_e3,task_acc__glue_rte,task_conflict_t0_t0,task_grad_norm_cv,task_loss__glue_rte,utilization_ratio
50.0,0.6781583726406097,0.6052208835341365,0.679964126379062,0.6028880866425993,0.6845954524146186,1.0,0.0,0.0,0.0,0.0,0.0,1.0,1.0,1.0,1.0,1.0,0.0093913575794366,1.0,0.0,0.0,0.0,0.0,1.0,0.0,0.0,0.0,0.0,1.0,0.05634814547661961,0.0,0.0,0.05634814547661961,1.0,1.0,1.0,1.0,1.0,1.0553464889526367,619245648384.0942,1.0,0.6626780816363944,0.0,0.0,0.3807543218135834,0.6192456483840942,0.6028880866425993,1.0,0.0,0.6845954524146186,0.5
100.0,0.8271887302398682,0.7060240963855422,0.5939194782995261,0.6823104693140795,0.620166700747278,1.0,0.0,0.0,0.0,0.0,0.0,1.0,1.0,1.0,1.0,1.0,0.01322513312223731,1.0,0.0,0.0,0.0,0.0,1.0,0.0,0.0,0.0,0.0,1.0,0.07935079873342386,0.0,0.0,0.07935079873342386,1.0,1.0,1.0,1.0,1.0,1.2092783451080322,183.100904023522,1.0,0.5593194720547122,0.004073400050401688,0.006679952144622803,0.24340340495109558,0.745843231678009,0.6823104693140795,1.0,0.0,0.620166700747278,0.5
150.0,0.6620509922504425,0.7542168674698795,0.5643067568158492,0.6606498194945848,0.6105600943168005,1.0,0.0,0.0,0.0,0.0,0.0,1.0,1.0,1.0,1.0,1.0,0.013614376130047857,1.0,0.0,0.0,0.0,0.0,1.0,0.0,0.0,0.0,0.0,1.0,0.08168625678028714,0.0,0.0,0.08168625678028714,1.0,1.0,1.0,1.0,1.0,1.013814926147461,569232881069.1833,1.0,0.6647761066037395,0.0,0.0030760851223021746,0.4276910722255707,0.5692328810691833,0.6606498194945848,1.0,0.0,0.6105600943168005,0.5
