step,train_step_loss,train_acc,train_loss,val_acc,val_loss,avg_intra_expert_coherence,expert_diversity_e0,expert_diversity_e1,expert_diversity_e2,expert_diversity_e3,expert_diversity_mean,expert_purity_e0,expert_purity_e1,expert_purity_e2,expert_purity_e3,expert_purity_mean,inter_expert_similarity,inter_expert_similarity_e0_e0,inter_expert_similarity_e0_e1,inter_expert_similarity_e0_e2,inter_expert_similarity_e0_e3,inter_expert_similarity_e1_e0,inter_expert_similarity_e1_e1,inter_expert_similarity_e1_e2,inter_expert_similarity_e1_e3,inter_expert_similarity_e2_e0,inter_expert_similarity_e2_e1,inter_expert_similarity_e2_e2,inter_expert_similarity_e2_e3,inter_expert_similarity_e3_e0,inter_expert_similarity_e3_e1,inter_expert_similarity_e3_e2,inter_expert_similarity_e3_e3,intra_expert_coherence_e0,intra_expert_coherence_e1,intra_expert_coherence_e2,intra_expert_coherence_e3,load_cv,load_max_min_ratio,overall_task_conflict_cos,router_entropy,router_load_e0,router_load_e1,router_load_e2,router_load_e3,task_acc__glue_rte,task_conflict_t0_t0,task_grad_norm_cv,task_loss__glue_rte,utilization_ratio
50.0,0.5866939127445221,0.5016064257028112,0.7007542804265634,0.5270758122743683,0.6914063228501214,1.0,0.0,0.0,0.0,0.0,0.0,1.0,1.0,1.0,1.0,1.0,0.016594742954735807,1.0,0.0,0.09956845772841484,0.0,0.0,1.0,0.0,0.0,0.09956845772841484,0.0,1.0,0.0,0.0,0.0,0.0,1.0,1.0,1.0,1.0,1.0,1.003252685263913,528539061546.3257,1.0,0.6908038919152766,0.47146087884902954,0.0,0.5285390615463257,0.0,0.5270758122743683,1.0,0.0,0.6914063228501214,0.5
100.0,0.6766803562641144,0.5947791164658635,0.6481487427002345,0.5487364620938628,0.6807097072402636,1.0,0.0,0.0,0.0,0.0,0.0,1.0,1.0,1.0,1.0,1.0,0.03764280674708616,1.0,0.0,0.22585684048251695,0.0,0.0,1.0,0.0,0.0,0.22585684048251695,0.0,1.0,0.0,0.0,0.0,0.0,1.0,1.0,1.0,1.0,1.0,0.9843437690325059,540737390518.1885,1.0,0.687240963808466,0.4468584656715393,0.0,0.5407373905181885,0.012404236942529678,0.5487364620938628,1.0,0.0,0.6807097072402636,0.5
150.0,0.5623450577259064,0.721285140562249,0.5852786360069727,0.6750902527075813,0.6116480562422011,1.0,0.0,0.0,0.0,0.0,0.0,1.0,1.0,1.0,1.0,1.0,0.003586758365226612,1.0,0.0,0.021520550191359674,0.0,0.0,1.0,0.0,0.0,0.021520550191359674,0.0,1.0,0.0,0.0,0.0,0.0,1.0,1.0,1.0,1.0,1.0,0.9935035109519958,499434649944.3054,1.0,0.6907879781206593,0.4994346499443054,0.0,0.49730950593948364,0.003255851101130247,0.6750902527075813,1.0,0.0,0.6116480562422011,0.5
