step,train_step_loss,train_acc,train_loss,val_acc,val_loss,avg_intra_expert_coherence,expert_diversity_e0,expert_diversity_e1,expert_diversity_e2,expert_diversity_e3,expert_diversity_mean,expert_purity_e0,expert_purity_e1,expert_purity_e2,expert_purity_e3,expert_purity_mean,inter_expert_similarity,inter_expert_similarity_e0_e0,inter_expert_similarity_e0_e1,inter_expert_similarity_e0_e2,inter_expert_similarity_e0_e3,inter_expert_similarity_e1_e0,inter_expert_similarity_e1_e1,inter_expert_similarity_e1_e2,inter_expert_similarity_e1_e3,inter_expert_similarity_e2_e0,inter_expert_similarity_e2_e1,inter_expert_similarity_e2_e2,inter_expert_similarity_e2_e3,inter_expert_similarity_e3_e0,inter_expert_similarity_e3_e1,inter_expert_similarity_e3_e2,inter_expert_similarity_e3_e3,intra_expert_coherence_e0,intra_expert_coherence_e1,intra_expert_coherence_e2,intra_expert_coherence_e3,load_cv,load_max_min_ratio,overall_task_conflict_cos,router_entropy,router_load_e0,router_load_e1,router_load_e2,router_load_e3,task_acc__glue_mrpc,task_conflict_t0_t0,task_grad_norm_cv,task_loss__glue_mrpc,utilization_ratio
50.0,0.5163166522979736,0.7497273718647764,0.5128215974439745,0.7573529411764706,0.48894172333754027,1.0,0.0,0.0,0.0,0.0,0.0,1.0,1.0,1.0,1.0,1.0,0.06159346325960804,1.0,-0.04259051649150676,0.0699256659659959,0.27822197970522694,-0.04259051649150676,1.0,0.20990131256546027,0.08639604918299408,0.0699256659659959,0.20990131256546027,1.0,-0.23229371137052224,0.27822197970522694,0.08639604918299408,-0.23229371137052224,1.0,1.0,1.0,1.0,1.0,0.22371582686901093,1.811355680852882,1.0,1.352944021131478,0.26252245903015137,0.3342043161392212,0.2187681347131729,0.18450507521629333,0.7573529411764706,1.0,0.0,0.48894172333754027,1.0
100.0,0.5933821201324463,0.7619956379498364,0.4841852655877238,0.7475490196078431,0.48804561449931216,1.0,0.0,0.0,0.0,0.0,0.0,1.0,1.0,1.0,1.0,1.0,0.03435118436317741,1.0,-0.09459505624630583,-0.01490702876695486,0.3597760118349259,-0.09459505624630583,1.0,0.19523248082774525,0.1632047599689962,-0.01490702876695486,0.19523248082774525,1.0,-0.40260406143934224,0.3597760118349259,0.1632047599689962,-0.40260406143934224,1.0,1.0,1.0,1.0,1.0,0.18755225837230682,1.6879097243298995,1.0,1.3597152794108671,0.2732914090156555,0.3096061646938324,0.23367667198181152,0.18342578411102295,0.7475490196078431,1.0,0.0,0.48804561449931216,1.0
