step,train_step_loss,train_acc,train_loss,val_acc,val_loss,avg_intra_expert_coherence,expert_diversity_e0,expert_diversity_e1,expert_diversity_e2,expert_diversity_e3,expert_diversity_mean,expert_purity_e0,expert_purity_e1,expert_purity_e2,expert_purity_e3,expert_purity_mean,inter_expert_similarity,inter_expert_similarity_e0_e0,inter_expert_similarity_e0_e1,inter_expert_similarity_e0_e2,inter_expert_similarity_e0_e3,inter_expert_similarity_e1_e0,inter_expert_similarity_e1_e1,inter_expert_similarity_e1_e2,inter_expert_similarity_e1_e3,inter_expert_similarity_e2_e0,inter_expert_similarity_e2_e1,inter_expert_similarity_e2_e2,inter_expert_similarity_e2_e3,inter_expert_similarity_e3_e0,inter_expert_similarity_e3_e1,inter_expert_similarity_e3_e2,inter_expert_similarity_e3_e3,intra_expert_coherence_e0,intra_expert_coherence_e1,intra_expert_coherence_e2,intra_expert_coherence_e3,load_cv,load_max_min_ratio,overall_task_conflict_cos,router_entropy,router_load_e0,router_load_e1,router_load_e2,router_load_e3,task_acc__glue_mrpc,task_conflict_t0_t0,task_grad_norm_cv,task_loss__glue_mrpc,utilization_ratio
50.0,0.510605588555336,0.7300981461286805,0.5340364761002686,0.7254901960784313,0.5259516081557825,1.0,0.0,0.0,0.0,0.0,0.0,1.0,1.0,1.0,1.0,1.0,0.2846344997861594,1.0,0.26935242053674685,-0.0724770505244855,0.049301373541994604,0.26935242053674685,1.0,0.44179651728253444,0.5600487557009491,-0.0724770505244855,0.44179651728253444,1.0,0.45978498217921715,0.049301373541994604,0.5600487557009491,0.45978498217921715,1.0,1.0,1.0,1.0,1.0,0.33849518436250875,2.3595819712223745,1.0,1.314087432973525,0.20988498628139496,0.23466996848583221,0.39011350274086,0.1653316169977188,0.7254901960784313,1.0,0.0,0.5259516081557825,1.0
100.0,0.5728305876255035,0.7562704471101418,0.48732511435189974,0.75,0.48662671733361024,1.0,0.0,0.0,0.0,0.0,0.0,1.0,1.0,1.0,1.0,1.0,0.23650346752834947,1.0,-0.0005098053630227368,-0.011706130735081723,0.09383254081466624,-0.0005098053630227368,1.0,0.36489321098352673,0.5303637305726142,-0.011706130735081723,0.36489321098352673,1.0,0.44214725889739404,0.09383254081466624,0.5303637305726142,0.44214725889739404,1.0,1.0,1.0,1.0,1.0,0.316600501537323,2.2107267981199765,1.0,1.319610090816722,0.2252424955368042,0.21914811432361603,0.3825615644454956,0.17304787039756775,0.75,1.0,0.0,0.48662671733361024,1.0
