step,train_step_loss,train_acc,train_loss,val_acc,val_loss,avg_intra_expert_coherence,expert_diversity_e0,expert_diversity_e1,expert_diversity_e2,expert_diversity_e3,expert_diversity_mean,expert_purity_e0,expert_purity_e1,expert_purity_e2,expert_purity_e3,expert_purity_mean,inter_expert_similarity,inter_expert_similarity_e0_e0,inter_expert_similarity_e0_e1,inter_expert_similarity_e0_e2,inter_expert_similarity_e0_e3,inter_expert_similarity_e1_e0,inter_expert_similarity_e1_e1,inter_expert_similarity_e1_e2,inter_expert_similarity_e1_e3,inter_expert_similarity_e2_e0,inter_expert_similarity_e2_e1,inter_expert_similarity_e2_e2,inter_expert_similarity_e2_e3,inter_expert_similarity_e3_e0,inter_expert_similarity_e3_e1,inter_expert_similarity_e3_e2,inter_expert_similarity_e3_e3,intra_expert_coherence_e0,intra_expert_coherence_e1,intra_expert_coherence_e2,intra_expert_coherence_e3,load_cv,load_max_min_ratio,overall_task_conflict_cos,router_entropy,router_load_e0,router_load_e1,router_load_e2,router_load_e3,task_acc__glue_rte,task_conflict_t0_t0,task_grad_norm_cv,task_loss__glue_rte,utilization_ratio
50.0,0.6853733360767365,0.653012048192771,0.6230680242753945,0.6209386281588448,0.6433995217084885,1.0,0.0,0.0,0.0,0.0,0.0,1.0,1.0,1.0,1.0,1.0,-0.009603733788853654,1.0,0.0,-0.05762240273312192,0.0,0.0,1.0,0.0,0.0,-0.05762240273312192,0.0,1.0,0.0,0.0,0.0,0.0,1.0,1.0,1.0,1.0,1.0,1.0039687156677246,531530022621.1548,1.0,0.6902073935911544,0.4684700071811676,0.0,0.5315300226211548,0.0,0.6209386281588448,1.0,0.0,0.6433995217084885,0.5
100.0,0.5763207823038101,0.7240963855421687,0.5700705679754416,0.6750902527075813,0.6195119354459975,1.0,0.0,0.0,0.0,0.0,0.0,1.0,1.0,1.0,1.0,1.0,0.02026365867443602,1.0,0.0,0.12158195204661612,0.0,0.0,1.0,0.0,0.0,0.12158195204661612,0.0,1.0,0.0,0.0,0.0,0.0,1.0,1.0,1.0,1.0,1.0,1.0016999244689941,520623803138.7329,1.0,0.6915835809191212,0.4793761670589447,0.0,0.5206238031387329,0.0,0.6750902527075813,1.0,0.0,0.6195119354459975,0.5
150.0,0.5533442497253418,0.7566265060240964,0.536779429572515,0.6678700361010831,0.6070277276966307,1.0,0.0,0.0,0.0,0.0,0.0,1.0,1.0,1.0,1.0,1.0,-0.035677927614812435,1.0,0.0,-0.2140675656888746,0.0,0.0,1.0,0.0,0.0,-0.2140675656888746,0.0,1.0,0.0,0.0,0.0,0.0,1.0,1.0,1.0,1.0,1.0,1.0018019676208496,521234035491.94336,1.0,0.6915146486853865,0.47876599431037903,0.0,0.5212340354919434,0.0,0.6678700361010831,1.0,0.0,0.6070277276966307,0.5
