step,train_step_loss,train_acc,train_loss,val_acc,val_loss,alignment_reward,l_conflict,l_conflict_e0,l_conflict_e1,l_conflict_e2,l_conflict_e3,router_conflict_grad_l2,router_entropy,router_load_e0,router_load_e1,router_load_e2,router_load_e3
30.0,0.5067663987477621,0.6569903060254372,0.6294078764999171,0.6714160458035531,0.6183294483247717,0.22844818234443665,-0.22844818234443665,-0.0353897362947464,-0.07562665641307831,-0.015092817135155201,-0.10233896225690842,0.0,0.6788087216792283,0.29065433144569397,0.3432459235191345,0.07043005526065826,0.2956696152687073
50.0,0.5444264163573584,0.6858027302648936,0.5639832831254491,0.6644131824706719,0.5771211928758333,0.2293265163898468,-0.2293265163898468,-0.05882279947400093,-0.04993496835231781,-0.030198944732546806,-0.0903697982430458,0.0,0.6804170836177137,0.23765896260738373,0.31950628757476807,0.09731373190879822,0.3455210030078888
