step,train_step_loss,train_acc,train_loss,val_acc,val_loss,alignment_reward,l_conflict,l_conflict_e0,l_conflict_e1,l_conflict_e2,l_conflict_e3,router_conflict_grad_l2,router_entropy,router_load_e0,router_load_e1,router_load_e2,router_load_e3
30.0,0.6037006874879203,0.6518132473352377,0.6011788024337873,0.6244903698886576,0.6191409749683866,0.2976691722869873,-0.2976691722869873,-0.07384349405765533,-0.2125762403011322,-0.006356765050441027,-0.004892673343420029,0.0,0.6360948641818983,0.2553219199180603,0.642589807510376,0.07617207616567612,0.025916533544659615
50.0,0.6683691442012788,0.6872372179743268,0.579286815060511,0.6697632905155698,0.6025355566846533,0.23875954747200012,-0.23875954747200012,-0.04729146882891655,-0.11427392065525055,-0.009430492296814919,-0.06776367127895355,0.0,0.6592277215310821,0.28634536266326904,0.5887535214424133,0.0897647887468338,0.03513641282916069
