step,train_step_loss,train_acc,train_loss,val_acc,val_loss,avg_intra_expert_coherence,expert_diversity_e0,expert_diversity_e1,expert_diversity_e2,expert_diversity_e3,expert_diversity_mean,expert_purity_e0,expert_purity_e1,expert_purity_e2,expert_purity_e3,expert_purity_mean,inter_expert_similarity,inter_expert_similarity_e0_e0,inter_expert_similarity_e0_e1,inter_expert_similarity_e0_e2,inter_expert_similarity_e0_e3,inter_expert_similarity_e1_e0,inter_expert_similarity_e1_e1,inter_expert_similarity_e1_e2,inter_expert_similarity_e1_e3,inter_expert_similarity_e2_e0,inter_expert_similarity_e2_e1,inter_expert_similarity_e2_e2,inter_expert_similarity_e2_e3,inter_expert_similarity_e3_e0,inter_expert_similarity_e3_e1,inter_expert_similarity_e3_e2,inter_expert_similarity_e3_e3,intra_expert_coherence_e0,intra_expert_coherence_e1,intra_expert_coherence_e2,intra_expert_coherence_e3,load_cv,load_max_min_ratio,overall_task_conflict_cos,router_entropy,router_load_e0,router_load_e1,router_load_e2,router_load_e3,task_acc__glue_rte,task_conflict_t0_t0,task_grad_norm_cv,task_loss__glue_rte,utilization_ratio
50.0,0.6548519134521484,0.5016064257028112,0.6878061265899584,0.5270758122743683,0.6852090077267753,1.0,0.0,0.0,0.0,0.0,0.0,1.0,1.0,1.0,1.0,1.0,0.010255974489852939,1.0,0.0,0.0,0.0,0.0,1.0,0.0,0.061535846939117636,0.0,0.0,1.0,0.0,0.0,0.061535846939117636,0.0,1.0,1.0,1.0,1.0,1.0,1.0001189708709717,505453407764.4348,1.0,0.6925314479786566,0.0,0.4945466220378876,0.0,0.5054534077644348,0.5270758122743683,1.0,0.0,0.6852090077267753,0.5
100.0,0.6279644072055817,0.7008032128514057,0.6036716418388562,0.6606498194945848,0.6319496499167548,1.0,0.0,0.0,0.0,0.0,0.0,1.0,1.0,1.0,1.0,1.0,0.009909250540362841,1.0,0.0,0.0,0.0,0.0,1.0,0.0,0.05945550324217704,0.0,0.0,1.0,0.0,0.0,0.05945550324217704,0.0,1.0,1.0,1.0,1.0,1.0,0.9337064027786255,508908867835.99854,1.0,0.6881931559703841,0.03533327206969261,0.45575788617134094,0.0,0.5089088678359985,0.6606498194945848,1.0,0.0,0.6319496499167548,0.5
150.0,0.7257022857666016,0.7285140562248996,0.5997551206976939,0.6714801444043321,0.6395873294936286,1.0,0.0,0.0,0.0,0.0,0.0,1.0,1.0,1.0,1.0,1.0,0.0006194038539877039,1.0,0.0,0.0,0.0,0.0,1.0,0.0,0.0037164231239262234,0.0,0.0,1.0,0.0,0.0,0.0037164231239262234,0.0,1.0,1.0,1.0,1.0,1.0,1.0212972164154053,573355317115.7837,1.0,0.6737802734443857,0.0,0.4266446530818939,0.0,0.5733553171157837,0.6714801444043321,1.0,0.0,0.6395873294936286,0.5
