{
  "completed_jobs": 12,
  "current_phase": "",
  "elapsed_sec": 1996.0827362537384,
  "eta_sec": null,
  "failed_jobs": 0,
  "percent": 100.0,
  "started_at_epoch": 1773654605.4338326,
  "total_jobs": 12,
  "updated_at_epoch": 1773656601.5165744
}