step,train_step_loss,train_acc,train_loss,val_acc,val_loss,avg_intra_expert_coherence,expert_diversity_e0,expert_diversity_e1,expert_diversity_e2,expert_diversity_e3,expert_diversity_mean,expert_purity_e0,expert_purity_e1,expert_purity_e2,expert_purity_e3,expert_purity_mean,inter_expert_similarity,inter_expert_similarity_e0_e0,inter_expert_similarity_e0_e1,inter_expert_similarity_e0_e2,inter_expert_similarity_e0_e3,inter_expert_similarity_e1_e0,inter_expert_similarity_e1_e1,inter_expert_similarity_e1_e2,inter_expert_similarity_e1_e3,inter_expert_similarity_e2_e0,inter_expert_similarity_e2_e1,inter_expert_similarity_e2_e2,inter_expert_similarity_e2_e3,inter_expert_similarity_e3_e0,inter_expert_similarity_e3_e1,inter_expert_similarity_e3_e2,inter_expert_similarity_e3_e3,intra_expert_coherence_e0,intra_expert_coherence_e1,intra_expert_coherence_e2,intra_expert_coherence_e3,load_cv,load_max_min_ratio,overall_task_conflict_cos,router_entropy,router_load_e0,router_load_e1,router_load_e2,router_load_e3,task_acc__glue_sst2,task_conflict_t0_t0,task_grad_norm_cv,task_loss__glue_sst2,utilization_ratio
50.0,0.6098203361034393,0.8701688221057476,0.3387801786543992,0.8577981651376146,0.3432840707288547,1.0,0.0,0.0,0.0,0.0,0.0,1.0,1.0,1.0,1.0,1.0,0.0444228394046103,1.0,0.0,0.0,0.0,0.0,1.0,0.0,0.2665370364276618,0.0,0.0,1.0,0.0,0.0,0.2665370364276618,0.0,1.0,1.0,1.0,1.0,1.0,0.9381682276725769,549033999443.0542,1.0,0.6834296606002598,0.0,0.5490339994430542,0.04256715252995491,0.40839883685112,0.8577981651376146,1.0,0.0,0.3432840707288547,0.5
100.0,0.3714168965816498,0.8736284131909902,0.3164143609206,0.8555045871559633,0.341996498609131,1.0,0.0,0.0,0.0,0.0,0.0,1.0,1.0,1.0,1.0,1.0,0.022045410705153187,1.0,0.0,0.0,0.0,0.0,1.0,0.0,0.13227246423091912,0.0,0.0,1.0,0.0,0.0,0.13227246423091912,0.0,1.0,1.0,1.0,1.0,1.0,0.9178819060325623,521304130554.1992,1.0,0.6864726751222523,0.0,0.5213041305541992,0.04661243408918381,0.432083398103714,0.8555045871559633,1.0,0.0,0.341996498609131,0.5
150.0,0.2007773295044899,0.8882685711740338,0.29090727389615356,0.9013761467889908,0.2550696935843338,1.0,0.0,0.0,0.0,0.0,0.0,1.0,1.0,1.0,1.0,1.0,0.04762941975213836,1.0,0.0,0.0,0.0,0.0,1.0,0.0,0.28577651851283015,0.0,0.0,1.0,0.0,0.0,0.28577651851283015,0.0,1.0,1.0,1.0,1.0,1.0,0.848504382550194,469877213239.6698,1.0,0.6883954701073672,0.0,0.45038583874702454,0.07973701506853104,0.4698772132396698,0.9013761467889908,1.0,0.0,0.2550696935843338,0.5
