step,train_step_loss,train_acc,train_loss,val_acc,val_loss,avg_intra_expert_coherence,expert_diversity_e0,expert_diversity_e1,expert_diversity_e2,expert_diversity_e3,expert_diversity_mean,expert_purity_e0,expert_purity_e1,expert_purity_e2,expert_purity_e3,expert_purity_mean,inter_expert_similarity,inter_expert_similarity_e0_e0,inter_expert_similarity_e0_e1,inter_expert_similarity_e0_e2,inter_expert_similarity_e0_e3,inter_expert_similarity_e1_e0,inter_expert_similarity_e1_e1,inter_expert_similarity_e1_e2,inter_expert_similarity_e1_e3,inter_expert_similarity_e2_e0,inter_expert_similarity_e2_e1,inter_expert_similarity_e2_e2,inter_expert_similarity_e2_e3,inter_expert_similarity_e3_e0,inter_expert_similarity_e3_e1,inter_expert_similarity_e3_e2,inter_expert_similarity_e3_e3,intra_expert_coherence_e0,intra_expert_coherence_e1,intra_expert_coherence_e2,intra_expert_coherence_e3,load_cv,load_max_min_ratio,overall_task_conflict_cos,router_entropy,router_load_e0,router_load_e1,router_load_e2,router_load_e3,task_acc__glue_sst2,task_conflict_t0_t0,task_grad_norm_cv,task_loss__glue_sst2,utilization_ratio
50.0,0.4927002489566803,0.8594930882418447,0.3615137639227644,0.8727064220183486,0.34181252047419547,1.0,0.0,0.0,0.0,0.0,0.0,1.0,1.0,1.0,1.0,1.0,-0.030063352412399824,1.0,-0.18038011447439894,0.0,0.0,-0.18038011447439894,1.0,0.0,0.0,0.0,0.0,1.0,0.0,0.0,0.0,0.0,1.0,1.0,1.0,1.0,1.0,0.9966108202934265,510532855987.5488,1.0,0.6880890404412506,0.4875045120716095,0.5105328559875488,0.0,0.001962674083188176,0.8727064220183486,1.0,0.0,0.34181252047419547,0.5
100.0,0.43001967668533325,0.8704954787747405,0.33019234290879634,0.8956422018348624,0.27683661397207865,1.0,0.0,0.0,0.0,0.0,0.0,1.0,1.0,1.0,1.0,1.0,-0.05420966823432296,1.0,-0.32525800940593774,0.0,0.0,-0.32525800940593774,1.0,0.0,0.0,0.0,0.0,1.0,0.0,0.0,0.0,0.0,1.0,1.0,1.0,1.0,1.0,0.9986758232116699,519221425056.4575,1.0,0.6894993727360297,0.4793175458908081,0.5192214250564575,0.0,0.0014610218349844217,0.8956422018348624,1.0,0.0,0.27683661397207865,0.5
150.0,0.28679538518190384,0.8887140120862967,0.29729557969649445,0.9185779816513762,0.26447352482513947,1.0,0.0,0.0,0.0,0.0,0.0,1.0,1.0,1.0,1.0,1.0,-0.0535899156476013,1.0,-0.3215394938856078,0.0,0.0,-0.3215394938856078,1.0,0.0,0.0,0.0,0.0,1.0,0.0,0.0,0.0,0.0,1.0,1.0,1.0,1.0,1.0,0.9995587468147278,519529759883.8806,1.0,0.6882851790944371,0.479444682598114,0.5195297598838806,0.0,0.0010255645029246807,0.9185779816513762,1.0,0.0,0.26447352482513947,0.5
