step,train_step_loss,train_acc,train_loss,val_acc,val_loss,avg_intra_expert_coherence,expert_diversity_e0,expert_diversity_e1,expert_diversity_e2,expert_diversity_e3,expert_diversity_mean,expert_purity_e0,expert_purity_e1,expert_purity_e2,expert_purity_e3,expert_purity_mean,inter_expert_similarity,inter_expert_similarity_e0_e0,inter_expert_similarity_e0_e1,inter_expert_similarity_e0_e2,inter_expert_similarity_e0_e3,inter_expert_similarity_e1_e0,inter_expert_similarity_e1_e1,inter_expert_similarity_e1_e2,inter_expert_similarity_e1_e3,inter_expert_similarity_e2_e0,inter_expert_similarity_e2_e1,inter_expert_similarity_e2_e2,inter_expert_similarity_e2_e3,inter_expert_similarity_e3_e0,inter_expert_similarity_e3_e1,inter_expert_similarity_e3_e2,inter_expert_similarity_e3_e3,intra_expert_coherence_e0,intra_expert_coherence_e1,intra_expert_coherence_e2,intra_expert_coherence_e3,load_cv,load_max_min_ratio,overall_task_conflict_cos,router_entropy,router_load_e0,router_load_e1,router_load_e2,router_load_e3,task_acc__glue_mrpc,task_conflict_t0_t0,task_grad_norm_cv,task_loss__glue_mrpc,utilization_ratio
50.0,0.5560577511787415,0.6744820065430752,0.5929653193639672,0.6838235294117647,0.588486468562713,1.0,0.0,0.0,0.0,0.0,0.0,1.0,1.0,1.0,1.0,1.0,-0.09744928609366676,1.0,0.1571125023001011,0.037919243936186835,-0.11776929556580884,0.1571125023001011,1.0,-0.11887382235943332,-0.14220039044238253,0.037919243936186835,-0.11887382235943332,1.0,-0.4008839544306639,-0.11776929556580884,-0.14220039044238253,-0.4008839544306639,1.0,1.0,1.0,1.0,1.0,0.3196575343608856,2.165040047352655,1.0,1.3372904342763565,0.3836565911769867,0.17720530927181244,0.20329022407531738,0.23584789037704468,0.6838235294117647,1.0,0.0,0.588486468562713,1.0
100.0,0.681797981262207,0.799618320610687,0.503330454700019,0.7867647058823529,0.4999068362924915,1.0,0.0,0.0,0.0,0.0,0.0,1.0,1.0,1.0,1.0,1.0,-0.026689298269675987,1.0,0.3185748524297147,-0.2787202370304253,-0.38080891237691245,0.3185748524297147,1.0,0.010781819064112158,-0.08674161636769949,-0.2787202370304253,0.010781819064112158,1.0,0.2567783046631545,-0.38080891237691245,-0.08674161636769949,0.2567783046631545,1.0,1.0,1.0,1.0,1.0,0.5718395624352023,3.878424970999489,1.0,1.219867418794071,0.28732097148895264,0.4683395326137543,0.12358446419239044,0.12075508385896683,0.7867647058823529,1.0,0.0,0.4999068362924915,0.5
