step,train_step_loss,train_acc,train_loss,val_acc,val_loss,avg_intra_expert_coherence,expert_diversity_e0,expert_diversity_e1,expert_diversity_e2,expert_diversity_e3,expert_diversity_mean,expert_purity_e0,expert_purity_e1,expert_purity_e2,expert_purity_e3,expert_purity_mean,inter_expert_similarity,inter_expert_similarity_e0_e0,inter_expert_similarity_e0_e1,inter_expert_similarity_e0_e2,inter_expert_similarity_e0_e3,inter_expert_similarity_e1_e0,inter_expert_similarity_e1_e1,inter_expert_similarity_e1_e2,inter_expert_similarity_e1_e3,inter_expert_similarity_e2_e0,inter_expert_similarity_e2_e1,inter_expert_similarity_e2_e2,inter_expert_similarity_e2_e3,inter_expert_similarity_e3_e0,inter_expert_similarity_e3_e1,inter_expert_similarity_e3_e2,inter_expert_similarity_e3_e3,intra_expert_coherence_e0,intra_expert_coherence_e1,intra_expert_coherence_e2,intra_expert_coherence_e3,load_cv,load_max_min_ratio,overall_task_conflict_cos,router_entropy,router_load_e0,router_load_e1,router_load_e2,router_load_e3,task_acc__glue_mrpc,task_conflict_t0_t0,task_grad_norm_cv,task_loss__glue_mrpc,utilization_ratio
50.0,0.46811042726039886,0.8127044711014176,0.4069498744347821,0.7916666666666666,0.4197716099711565,1.0,0.0,0.0,0.0,0.0,0.0,1.0,1.0,1.0,1.0,1.0,-0.1384364734743476,1.0,0.17929516068369844,-0.0848980537617709,0.008148650728825577,0.17929516068369844,1.0,-0.1657802824298846,-0.013519775654619714,-0.0848980537617709,-0.1657802824298846,1.0,-0.7538645404123344,0.008148650728825577,-0.013519775654619714,-0.7538645404123344,1.0,1.0,1.0,1.0,1.0,0.5323249418929185,4.413218947751891,1.0,1.2301996432098687,0.15451671183109283,0.30632057785987854,0.43956151604652405,0.09960111230611801,0.7916666666666666,1.0,0.0,0.4197716099711565,0.75
100.0,0.4798389822244644,0.8587786259541985,0.3360143974261439,0.8357843137254902,0.361591226206376,1.0,0.0,0.0,0.0,0.0,0.0,1.0,1.0,1.0,1.0,1.0,-0.09970036440075129,1.0,0.1433555605658434,0.051423168254882294,-0.41689027232690695,0.1433555605658434,1.0,-0.28466656147260444,0.39149114668198465,0.051423168254882294,-0.28466656147260444,1.0,-0.4829152281077067,-0.41689027232690695,0.39149114668198465,-0.4829152281077067,1.0,1.0,1.0,1.0,1.0,0.4692794364261291,3.0170151919050254,1.0,1.241354645467272,0.14354480803012848,0.36901867389678955,0.36512401700019836,0.1223125010728836,0.8357843137254902,1.0,0.0,0.361591226206376,0.75
