step,train_step_loss,train_acc,train_loss,val_acc,val_loss,avg_intra_expert_coherence,expert_diversity_e0,expert_diversity_e1,expert_diversity_e2,expert_diversity_e3,expert_diversity_mean,expert_purity_e0,expert_purity_e1,expert_purity_e2,expert_purity_e3,expert_purity_mean,inter_expert_similarity,inter_expert_similarity_e0_e0,inter_expert_similarity_e0_e1,inter_expert_similarity_e0_e2,inter_expert_similarity_e0_e3,inter_expert_similarity_e1_e0,inter_expert_similarity_e1_e1,inter_expert_similarity_e1_e2,inter_expert_similarity_e1_e3,inter_expert_similarity_e2_e0,inter_expert_similarity_e2_e1,inter_expert_similarity_e2_e2,inter_expert_similarity_e2_e3,inter_expert_similarity_e3_e0,inter_expert_similarity_e3_e1,inter_expert_similarity_e3_e2,inter_expert_similarity_e3_e3,intra_expert_coherence_e0,intra_expert_coherence_e1,intra_expert_coherence_e2,intra_expert_coherence_e3,load_cv,load_max_min_ratio,overall_task_conflict_cos,router_entropy,router_load_e0,router_load_e1,router_load_e2,router_load_e3,task_acc__glue_cola,task_acc__glue_mrpc,task_acc__glue_rte,task_conflict_t0_t0,task_conflict_t0_t1,task_conflict_t0_t2,task_conflict_t1_t0,task_conflict_t1_t1,task_conflict_t1_t2,task_conflict_t2_t0,task_conflict_t2_t1,task_conflict_t2_t2,task_grad_norm_cv,task_loss__glue_cola,task_loss__glue_mrpc,task_loss__glue_rte,utilization_ratio
1.0,0.7174440622329712,0.6253543600663316,0.6480880086153404,0.6152184579401988,0.6501377767970534,0.4027811851052597,0.9906706158144445,0.9537765895804479,0.9970196926418332,0.8957091538600764,0.9592940129742005,0.38019877672195435,0.42126646637916565,0.365305095911026,0.4904508590698242,0.41430529952049255,0.07435555433696646,1.0,0.3611495830781083,-0.06505987945909461,0.10549511354910159,0.3611495830781083,1.0,-0.21978436327862982,0.07814891438839228,-0.06505987945909461,-0.21978436327862982,1.0,0.18618395774392107,0.10549511354910159,0.07814891438839228,0.18618395774392107,1.0,0.5783816918650226,-0.013156175882645596,0.6133204458422455,0.43257877859641614,0.46363603201771547,3.7687927081444674,0.2673996951447556,1.2609015083699315,0.38702070713043213,0.336421400308609,0.10269089788198471,0.17386680841445923,0.6816874400767018,0.6838235294117647,0.48014440433212996,1.0,0.7609208884836937,-0.015674079701576818,0.7609208884836937,1.0,0.05695227665215,-0.015674079701576818,0.05695227665215,1.0,0.1585528728423519,0.634983345069958,0.6125305800461301,0.7028994052750723,0.75
