step,train_step_loss,train_acc,train_loss,val_acc,val_loss,avg_intra_expert_coherence,expert_diversity_e0,expert_diversity_e1,expert_diversity_e2,expert_diversity_e3,expert_diversity_mean,expert_purity_e0,expert_purity_e1,expert_purity_e2,expert_purity_e3,expert_purity_mean,inter_expert_similarity,inter_expert_similarity_e0_e0,inter_expert_similarity_e0_e1,inter_expert_similarity_e0_e2,inter_expert_similarity_e0_e3,inter_expert_similarity_e1_e0,inter_expert_similarity_e1_e1,inter_expert_similarity_e1_e2,inter_expert_similarity_e1_e3,inter_expert_similarity_e2_e0,inter_expert_similarity_e2_e1,inter_expert_similarity_e2_e2,inter_expert_similarity_e2_e3,inter_expert_similarity_e3_e0,inter_expert_similarity_e3_e1,inter_expert_similarity_e3_e2,inter_expert_similarity_e3_e3,intra_expert_coherence_e0,intra_expert_coherence_e1,intra_expert_coherence_e2,intra_expert_coherence_e3,load_cv,load_max_min_ratio,overall_task_conflict_cos,router_entropy,router_load_e0,router_load_e1,router_load_e2,router_load_e3,task_acc__glue_rte,task_conflict_t0_t0,task_grad_norm_cv,task_loss__glue_rte,utilization_ratio
50.0,0.613932728767395,0.5016064257028112,0.7030161394904821,0.5270758122743683,0.6936966694063611,1.0,0.0,0.0,0.0,0.0,0.0,1.0,1.0,1.0,1.0,1.0,0.08442618990867289,1.0,0.0,0.0,0.0,0.0,1.0,0.5065571394520373,0.0,0.0,0.5065571394520373,1.0,0.0,0.0,0.0,0.0,1.0,1.0,1.0,1.0,1.0,1.0016555786132812,520352661609.64966,1.0,0.6923033080806801,0.0,0.5203526616096497,0.47964730858802795,0.0,0.5270758122743683,1.0,0.0,0.6936966694063611,0.5
100.0,0.7044986188411713,0.4983935742971888,0.6956240568023462,0.4729241877256318,0.7003871268696256,1.0,0.0,0.0,0.0,0.0,0.0,1.0,1.0,1.0,1.0,1.0,0.07503669832789107,1.0,0.0,0.0,0.0,0.0,1.0,0.4502201899673464,0.0,0.0,0.4502201899673464,1.0,0.0,0.0,0.0,0.0,1.0,1.0,1.0,1.0,1.0,1.0025043487548828,525037527084.3506,1.0,0.691892896748622,0.0,0.5250375270843506,0.4749624729156494,0.0,0.4729241877256318,1.0,0.0,0.7003871268696256,0.5
150.0,0.6904973089694977,0.4983935742971888,0.6931503605002012,0.4729241877256318,0.6932161351044973,1.0,0.0,0.0,0.0,0.0,0.0,1.0,1.0,1.0,1.0,1.0,0.07489802403253244,1.0,0.0,0.0,0.0,0.0,1.0,0.4493881441951946,0.0,0.0,0.4493881441951946,1.0,0.0,0.0,0.0,0.0,1.0,1.0,1.0,1.0,1.0,1.000016450881958,502026796340.9424,1.0,0.6931389893005041,0.0,0.49797323346138,0.5020267963409424,0.0,0.4729241877256318,1.0,0.0,0.6932161351044973,0.5
