step,train_step_loss,train_acc,train_loss,val_acc,val_loss,router_entropy,router_load_e0,router_load_e1,router_load_e2,router_load_e3
30.0,0.7404708862304688,0.38193353246150163,0.8151723503280882,0.38686869000501617,0.8114059223162123,0.43748371413460485,0.15992580354213715,0.0,0.0,0.8400741815567017
50.0,0.6344532370567322,0.625745881252294,0.6623565532692698,0.6160076283075439,0.6666893859721754,0.6244093109336164,0.31676796078681946,0.0,0.0,0.6832316517829895
