step,train_step_loss,train_acc,train_loss,val_acc,val_loss,alignment_reward,l_conflict,l_conflict_e0,l_conflict_e1,l_conflict_e2,l_conflict_e3,router_conflict_grad_l2,router_entropy,router_load_e0,router_load_e1,router_load_e2,router_load_e3
30.0,0.5545275645951431,0.6705512173388964,0.6058538456150946,0.671125123500163,0.6162571678483472,0.22474011778831482,-0.22474011778831482,-0.022808797657489777,-0.05078844726085663,-0.06422191858291626,-0.08692093938589096,0.0,0.68223780228032,0.2744804620742798,0.18612204492092133,0.10103228688240051,0.4383653402328491
50.0,0.7195230821768444,0.6419233263854168,0.6892469336677433,0.631028401717579,0.7108298731295574,0.4109572172164917,-0.4109572172164917,-0.2068222463130951,-0.04647113382816315,-0.0,-0.15766382217407227,0.0,0.6876655633526819,0.3167980909347534,0.2176460474729538,0.0,0.46555596590042114
