step,train_step_loss,train_acc,train_loss,val_acc,val_loss,avg_intra_expert_coherence,expert_diversity_e0,expert_diversity_e1,expert_diversity_e2,expert_diversity_e3,expert_diversity_mean,expert_purity_e0,expert_purity_e1,expert_purity_e2,expert_purity_e3,expert_purity_mean,inter_expert_similarity,inter_expert_similarity_e0_e0,inter_expert_similarity_e0_e1,inter_expert_similarity_e0_e2,inter_expert_similarity_e0_e3,inter_expert_similarity_e1_e0,inter_expert_similarity_e1_e1,inter_expert_similarity_e1_e2,inter_expert_similarity_e1_e3,inter_expert_similarity_e2_e0,inter_expert_similarity_e2_e1,inter_expert_similarity_e2_e2,inter_expert_similarity_e2_e3,inter_expert_similarity_e3_e0,inter_expert_similarity_e3_e1,inter_expert_similarity_e3_e2,inter_expert_similarity_e3_e3,intra_expert_coherence_e0,intra_expert_coherence_e1,intra_expert_coherence_e2,intra_expert_coherence_e3,load_cv,load_max_min_ratio,overall_task_conflict_cos,router_entropy,router_load_e0,router_load_e1,router_load_e2,router_load_e3,task_acc__glue_rte,task_conflict_t0_t0,task_grad_norm_cv,task_loss__glue_rte,utilization_ratio
50.0,0.620543897151947,0.5016064257028112,0.6939596801996232,0.5270758122743683,0.6870883256196976,1.0,0.0,0.0,0.0,0.0,0.0,1.0,1.0,1.0,1.0,1.0,0.03294815256040829,1.0,0.19768891536244973,0.0,0.0,0.19768891536244973,1.0,0.0,0.0,0.0,0.0,1.0,0.0,0.0,0.0,0.0,1.0,1.0,1.0,1.0,1.0,1.0000016689300537,500649511814.11743,1.0,0.6928942022771181,0.5006495118141174,0.49935048818588257,0.0,0.0,0.5270758122743683,1.0,0.0,0.6870883256196976,0.5
100.0,0.6891025006771088,0.6273092369477912,0.6554596656408065,0.5776173285198556,0.6741239428520203,1.0,0.0,0.0,0.0,0.0,0.0,1.0,1.0,1.0,1.0,1.0,0.0037912324981210547,1.0,0.022747394988726327,0.0,0.0,0.022747394988726327,1.0,0.0,0.0,0.0,0.0,1.0,0.0,0.0,0.0,0.0,1.0,1.0,1.0,1.0,1.0,1.000561833314677,511853754520.41626,1.0,0.6922688776835638,0.4881463348865509,0.5118537545204163,0.0,0.0,0.5776173285198556,1.0,0.0,0.6741239428520203,0.5
150.0,0.6598693430423737,0.6951807228915663,0.6256314555421854,0.6064981949458483,0.6471148315403197,1.0,0.0,0.0,0.0,0.0,0.0,1.0,1.0,1.0,1.0,1.0,0.005657020555929822,1.0,0.03394212333557893,0.0,0.0,0.03394212333557893,1.0,0.0,0.0,0.0,0.0,1.0,0.0,0.0,0.0,0.0,1.0,1.0,1.0,1.0,1.0,1.000026881696396,502591133117.6758,1.0,0.6923043374980831,0.49740880727767944,0.5025911331176758,0.0,0.0,0.6064981949458483,1.0,0.0,0.6471148315403197,0.5
