step,train_step_loss,train_acc,train_loss,val_acc,val_loss,avg_intra_expert_coherence,expert_diversity_e0,expert_diversity_e1,expert_diversity_e2,expert_diversity_e3,expert_diversity_mean,expert_purity_e0,expert_purity_e1,expert_purity_e2,expert_purity_e3,expert_purity_mean,inter_expert_similarity,inter_expert_similarity_e0_e0,inter_expert_similarity_e0_e1,inter_expert_similarity_e0_e2,inter_expert_similarity_e0_e3,inter_expert_similarity_e1_e0,inter_expert_similarity_e1_e1,inter_expert_similarity_e1_e2,inter_expert_similarity_e1_e3,inter_expert_similarity_e2_e0,inter_expert_similarity_e2_e1,inter_expert_similarity_e2_e2,inter_expert_similarity_e2_e3,inter_expert_similarity_e3_e0,inter_expert_similarity_e3_e1,inter_expert_similarity_e3_e2,inter_expert_similarity_e3_e3,intra_expert_coherence_e0,intra_expert_coherence_e1,intra_expert_coherence_e2,intra_expert_coherence_e3,load_cv,load_max_min_ratio,overall_task_conflict_cos,router_entropy,router_load_e0,router_load_e1,router_load_e2,router_load_e3,task_acc__glue_rte,task_conflict_t0_t0,task_grad_norm_cv,task_loss__glue_rte,utilization_ratio
50.0,0.650838166475296,0.5016064257028112,0.6953027171584276,0.5270758122743683,0.6903426233265135,1.0,0.0,0.0,0.0,0.0,0.0,1.0,1.0,1.0,1.0,1.0,-0.0021297440395082784,1.0,-0.012778464237049671,0.0,0.0,-0.012778464237049671,1.0,0.0,0.0,0.0,0.0,1.0,0.0,0.0,0.0,0.0,1.0,1.0,1.0,1.0,1.0,1.0433698892593384,605250179767.6086,1.0,0.6708253781287679,0.39474979043006897,0.6052501797676086,0.0,0.0,0.5270758122743683,1.0,0.0,0.6903426233265135,0.5
100.0,0.719899594783783,0.4983935742971888,0.7061838247455083,0.4729241877256318,0.7174616008996964,1.0,0.0,0.0,0.0,0.0,0.0,1.0,1.0,1.0,1.0,1.0,-0.011126124544745335,1.0,-0.06675674726847201,0.0,0.0,-0.06675674726847201,1.0,0.0,0.0,0.0,0.0,1.0,0.0,0.0,0.0,0.0,1.0,1.0,1.0,1.0,1.0,1.032200813293457,590442299842.8345,1.0,0.6766971612234839,0.4095577001571655,0.5904422998428345,0.0,0.0,0.4729241877256318,1.0,0.0,0.7174616008996964,0.5
150.0,0.6938724517822266,0.5016064257028112,0.6934951837628316,0.5270758122743683,0.6913567218515608,1.0,0.0,0.0,0.0,0.0,0.0,1.0,1.0,1.0,1.0,1.0,-0.00794901072213407,1.0,-0.047694064332804424,0.0,0.0,-0.047694064332804424,1.0,0.0,0.0,0.0,0.0,1.0,0.0,0.0,0.0,0.0,1.0,1.0,1.0,1.0,1.0,1.0302092450981881,587557792663.5742,1.0,0.6777350859521528,0.412442147731781,0.5875577926635742,0.0,0.0,0.5270758122743683,1.0,0.0,0.6913567218515608,0.5
