step,train_step_loss,train_acc,train_loss,val_acc,val_loss,avg_intra_expert_coherence,expert_diversity_e0,expert_diversity_e1,expert_diversity_e2,expert_diversity_e3,expert_diversity_mean,expert_purity_e0,expert_purity_e1,expert_purity_e2,expert_purity_e3,expert_purity_mean,inter_expert_similarity,inter_expert_similarity_e0_e0,inter_expert_similarity_e0_e1,inter_expert_similarity_e0_e2,inter_expert_similarity_e0_e3,inter_expert_similarity_e1_e0,inter_expert_similarity_e1_e1,inter_expert_similarity_e1_e2,inter_expert_similarity_e1_e3,inter_expert_similarity_e2_e0,inter_expert_similarity_e2_e1,inter_expert_similarity_e2_e2,inter_expert_similarity_e2_e3,inter_expert_similarity_e3_e0,inter_expert_similarity_e3_e1,inter_expert_similarity_e3_e2,inter_expert_similarity_e3_e3,intra_expert_coherence_e0,intra_expert_coherence_e1,intra_expert_coherence_e2,intra_expert_coherence_e3,load_cv,load_max_min_ratio,overall_task_conflict_cos,router_entropy,router_load_e0,router_load_e1,router_load_e2,router_load_e3,task_acc__glue_rte,task_conflict_t0_t0,task_grad_norm_cv,task_loss__glue_rte,utilization_ratio
50.0,0.6738714277744293,0.5650602409638554,0.6753142971258896,0.5270758122743683,0.6932106167078018,1.0,0.0,0.0,0.0,0.0,0.0,1.0,1.0,1.0,1.0,1.0,0.027402121415242276,1.0,0.0,0.0,0.0,0.0,1.0,0.0,0.16441272849145366,0.0,0.0,1.0,0.0,0.0,0.16441272849145366,0.0,1.0,1.0,1.0,1.0,1.0,1.0000371932983398,503050982952.1179,1.0,0.6929584952468045,0.0,0.5030509829521179,0.0,0.4969490170478821,0.5270758122743683,1.0,0.0,0.6932106167078018,0.5
100.0,0.69331955909729,0.5036144578313253,0.6919228027264277,0.5306859205776173,0.6905826528867086,1.0,0.0,0.0,0.0,0.0,0.0,1.0,1.0,1.0,1.0,1.0,-0.009559353275155186,1.0,0.0,0.0,0.0,0.0,1.0,0.0,-0.05735611965093112,0.0,0.0,1.0,0.0,0.0,-0.05735611965093112,0.0,1.0,1.0,1.0,1.0,1.0,1.0027804371380284,526383697986.6028,1.0,0.691751910460985,0.0,0.5263836979866028,0.0,0.4736163914203644,0.5306859205776173,1.0,0.0,0.6905826528867086,0.5
150.0,0.7526103854179382,0.4983935742971888,0.6994497866202624,0.4729241877256318,0.70937765803602,1.0,0.0,0.0,0.0,0.0,0.0,1.0,1.0,1.0,1.0,1.0,-0.023619703228360434,1.0,0.0,0.0,0.0,0.0,1.0,0.0,-0.1417182193701626,0.0,0.0,1.0,0.0,0.0,-0.1417182193701626,0.0,1.0,1.0,1.0,1.0,1.0,1.004912555510554,535087943077.0874,1.0,0.6906796327997201,0.0,0.5350879430770874,0.0,0.4649119973182678,0.4729241877256318,1.0,0.0,0.70937765803602,0.5
