step,train_step_loss,train_acc,train_loss,val_acc,val_loss,alignment_reward,l_conflict,l_conflict_e0,l_conflict_e1,l_conflict_e2,l_conflict_e3,router_conflict_grad_l2,router_entropy,router_load_e0,router_load_e1,router_load_e2,router_load_e3
30.0,0.7182538410027822,0.6004089441448145,0.6643676461009823,0.5854191578504296,0.670837870105093,0.2987220287322998,-0.2987220287322998,-0.0,-0.043687835335731506,-0.0,-0.2550342082977295,0.0,0.4440749141353148,0.0,0.1671520322561264,0.0006116137956269085,0.8322364091873169
50.0,0.6435577720403672,0.6225763268137282,0.6482723355265486,0.6169860149617961,0.6568858030595165,0.11506682634353638,-0.11506682634353638,-0.0,-0.015051381662487984,-0.0,-0.10001544654369354,0.0,0.4511268510034791,0.0,0.17179907858371735,0.0006189416744746268,0.8275817632675171
