step,train_step_loss,train_acc,train_loss,val_acc,val_loss,alignment_reward,l_conflict,l_conflict_e0,l_conflict_e1,l_conflict_e2,l_conflict_e3,router_conflict_grad_l2,router_entropy,router_load_e0,router_load_e1,router_load_e2,router_load_e3
30.0,0.7247911194960277,0.6260706480703774,0.6746759706883804,0.6208014921618104,0.6857660749908244,0.4302690029144287,-0.4302690029144287,-0.2233712375164032,-0.0,-0.0875297337770462,-0.11936801671981812,0.0,0.6832948465038229,0.4240434467792511,0.00045231974218040705,0.35194823145866394,0.2235560119152069
50.0,0.6460411449273428,0.6302151419810342,0.6611921485437341,0.6194870961573236,0.6705582986760303,0.16319596767425537,-0.16319596767425537,-0.05843061953783035,-0.0,-0.040657974779605865,-0.06410737335681915,0.0,0.6833528321650293,0.41352322697639465,0.0004509459831751883,0.3596171736717224,0.2264086902141571
