step,train_step_loss,train_acc,train_loss,val_acc,val_loss,router_entropy,router_load_e0,router_load_e1,router_load_e2,router_load_e3
30.0,0.7072928249835968,0.5990329312797488,0.6822191432242607,0.5908349396017948,0.6938748230171634,0.6540783625096083,0.35498693585395813,0.6293691992759705,0.01564386859536171,0.0
50.0,0.6606195072333018,0.6143614339646316,0.6659737611908243,0.6078842851236069,0.6771425876525855,0.654628877700479,0.357431024312973,0.6280820369720459,0.014486979693174362,0.0
