step,train_step_loss,train_acc,train_loss,val_acc,val_loss,avg_intra_expert_coherence,expert_diversity_e0,expert_diversity_e1,expert_diversity_e2,expert_diversity_e3,expert_diversity_mean,expert_purity_e0,expert_purity_e1,expert_purity_e2,expert_purity_e3,expert_purity_mean,inter_expert_similarity,inter_expert_similarity_e0_e0,inter_expert_similarity_e0_e1,inter_expert_similarity_e0_e2,inter_expert_similarity_e0_e3,inter_expert_similarity_e1_e0,inter_expert_similarity_e1_e1,inter_expert_similarity_e1_e2,inter_expert_similarity_e1_e3,inter_expert_similarity_e2_e0,inter_expert_similarity_e2_e1,inter_expert_similarity_e2_e2,inter_expert_similarity_e2_e3,inter_expert_similarity_e3_e0,inter_expert_similarity_e3_e1,inter_expert_similarity_e3_e2,inter_expert_similarity_e3_e3,intra_expert_coherence_e0,intra_expert_coherence_e1,intra_expert_coherence_e2,intra_expert_coherence_e3,load_cv,load_max_min_ratio,overall_task_conflict_cos,router_entropy,router_load_e0,router_load_e1,router_load_e2,router_load_e3,task_acc__amazon_polarity,task_acc__glue_sst2,task_acc__yelp_polarity,task_conflict_t0_t0,task_conflict_t0_t1,task_conflict_t0_t2,task_conflict_t1_t0,task_conflict_t1_t1,task_conflict_t1_t2,task_conflict_t2_t0,task_conflict_t2_t1,task_conflict_t2_t2,task_grad_norm_cv,task_loss__amazon_polarity,task_loss__glue_sst2,task_loss__yelp_polarity,utilization_ratio
1.0,0.7291481991608938,0.6510416666666666,0.6625861637294292,0.5625,0.6799932445089022,0.0044116046573611095,0.9711642838820342,0.9593791246972058,0.9396257178410882,0.9371004971012914,0.9518174058804049,0.41077423095703125,0.4106455147266388,0.4837791323661804,0.4908027648925781,0.44900041073560715,-0.15641850160569407,1.0,0.25319650057838466,-0.4417876697298176,-0.2822357620440778,0.25319650057838466,1.0,-0.270508775676543,0.0035806895411725805,-0.4417876697298176,-0.270508775676543,1.0,-0.20075599230328336,-0.2822357620440778,0.0035806895411725805,-0.20075599230328336,1.0,-0.026824398554476478,-0.15313550172820592,-0.16245133243684826,0.3600576513489751,0.5235722064971924,3.556855879951766,0.06438857197848609,1.2358551969130833,0.11857601255178452,0.33216968178749084,0.12749649584293365,0.4217577874660492,0.5625,0.59375,0.53125,1.0,0.01861801346009189,0.08103912600134437,0.01861801346009189,1.0,0.093508576474022,0.08103912600134437,0.093508576474022,1.0,0.2234973000277782,0.6804114952683449,0.6688609048724174,0.6907073333859444,0.75
