step,train_step_loss,train_acc,train_loss,val_acc,val_loss,router_entropy,router_load_e0,router_load_e1,router_load_e2,router_load_e3
30.0,0.6750431110461553,0.6685545429287557,0.6042027316402203,0.6623420598826112,0.6109713523743291,0.6085337572903545,0.09640293568372726,0.690168023109436,0.11721295863389969,0.0962161123752594
50.0,0.6586519082387289,0.6489740003562442,0.6697923077300184,0.6411691781599612,0.6933715626245961,0.5840701790595496,0.13755977153778076,0.717186450958252,0.1017579510807991,0.04349560663104057
