step,train_step_loss,train_acc,train_loss,val_acc,val_loss,router_entropy,router_load_e0,router_load_e1,router_load_e2,router_load_e3
30.0,0.6808473790685335,0.6727550088354511,0.6101313084272718,0.6668776516494224,0.6065534531205198,0.643617099771897,0.0941053107380867,0.01863286830484867,0.6453468203544617,0.24191486835479736
50.0,0.5601715346177419,0.6818423826613892,0.5728238876880855,0.6671395122631224,0.5782883441560963,0.6396360569806011,0.01508390810340643,0.0005507622845470905,0.6511267423629761,0.3332385718822479
