step,train_step_loss,train_acc,train_loss,val_acc,val_loss,avg_intra_expert_coherence,expert_diversity_e0,expert_diversity_e1,expert_diversity_e2,expert_diversity_e3,expert_diversity_mean,expert_purity_e0,expert_purity_e1,expert_purity_e2,expert_purity_e3,expert_purity_mean,inter_expert_similarity,inter_expert_similarity_e0_e0,inter_expert_similarity_e0_e1,inter_expert_similarity_e0_e2,inter_expert_similarity_e0_e3,inter_expert_similarity_e1_e0,inter_expert_similarity_e1_e1,inter_expert_similarity_e1_e2,inter_expert_similarity_e1_e3,inter_expert_similarity_e2_e0,inter_expert_similarity_e2_e1,inter_expert_similarity_e2_e2,inter_expert_similarity_e2_e3,inter_expert_similarity_e3_e0,inter_expert_similarity_e3_e1,inter_expert_similarity_e3_e2,inter_expert_similarity_e3_e3,intra_expert_coherence_e0,intra_expert_coherence_e1,intra_expert_coherence_e2,intra_expert_coherence_e3,load_cv,load_max_min_ratio,overall_task_conflict_cos,router_entropy,router_load_e0,router_load_e1,router_load_e2,router_load_e3,task_acc__glue_mrpc,task_conflict_t0_t0,task_grad_norm_cv,task_loss__glue_mrpc,utilization_ratio
50.0,0.5299075245857239,0.7292802617230099,0.5407599133965761,0.7230392156862745,0.5392346597061708,1.0,0.0,0.0,0.0,0.0,0.0,1.0,1.0,1.0,1.0,1.0,0.025449962757619293,1.0,0.0,0.0,0.15269977654571576,0.0,1.0,0.0,0.0,0.0,0.0,1.0,0.0,0.15269977654571576,0.0,0.0,1.0,1.0,1.0,1.0,1.0,0.9977496263682397,500699698925.0183,1.0,0.6914222275509554,0.5006996989250183,0.0,0.0011290584225207567,0.4981711804866791,0.7230392156862745,1.0,0.0,0.5392346597061708,0.5
100.0,0.5335779786109924,0.7993456924754635,0.4638671722425067,0.7965686274509803,0.45809065378629243,1.0,0.0,0.0,0.0,0.0,0.0,1.0,1.0,1.0,1.0,1.0,0.045507962715339134,1.0,0.0,0.0,0.2730477762920348,0.0,1.0,0.0,0.0,0.0,0.0,1.0,0.0,0.2730477762920348,0.0,0.0,1.0,1.0,1.0,1.0,1.0,0.9867555499076843,496941506862.6404,1.0,0.6912016027113971,0.4969415068626404,0.0,0.006644723005592823,0.4964137673377991,0.7965686274509803,1.0,0.0,0.45809065378629243,0.5
150.0,0.5489846765995026,0.8552344601962922,0.3668020792791377,0.8529411764705882,0.34714098503956425,1.0,0.0,0.0,0.0,0.0,0.0,1.0,1.0,1.0,1.0,1.0,-0.01503043841357697,1.0,0.0,0.0,-0.09018263048146181,0.0,1.0,0.0,0.0,0.0,0.0,1.0,0.0,-0.09018263048146181,0.0,0.0,1.0,1.0,1.0,1.0,1.0,0.9828100800514221,149.26909779427498,1.0,0.6915292950237498,0.48256319761276245,0.0034065807703882456,0.005532959010452032,0.5084972381591797,0.8529411764705882,1.0,0.0,0.34714098503956425,0.5
