step,train_step_loss,train_acc,train_loss,val_acc,val_loss,avg_intra_expert_coherence,expert_diversity_e0,expert_diversity_e1,expert_diversity_e2,expert_diversity_e3,expert_diversity_mean,expert_purity_e0,expert_purity_e1,expert_purity_e2,expert_purity_e3,expert_purity_mean,inter_expert_similarity,inter_expert_similarity_e0_e0,inter_expert_similarity_e0_e1,inter_expert_similarity_e0_e2,inter_expert_similarity_e0_e3,inter_expert_similarity_e1_e0,inter_expert_similarity_e1_e1,inter_expert_similarity_e1_e2,inter_expert_similarity_e1_e3,inter_expert_similarity_e2_e0,inter_expert_similarity_e2_e1,inter_expert_similarity_e2_e2,inter_expert_similarity_e2_e3,inter_expert_similarity_e3_e0,inter_expert_similarity_e3_e1,inter_expert_similarity_e3_e2,inter_expert_similarity_e3_e3,intra_expert_coherence_e0,intra_expert_coherence_e1,intra_expert_coherence_e2,intra_expert_coherence_e3,load_cv,load_max_min_ratio,overall_task_conflict_cos,router_entropy,router_load_e0,router_load_e1,router_load_e2,router_load_e3,task_acc__glue_rte,task_conflict_t0_t0,task_grad_norm_cv,task_loss__glue_rte,utilization_ratio
50.0,0.8599321246147156,0.4983935742971888,0.7099725878773592,0.4729241877256318,0.7225880589750078,1.0,0.0,0.0,0.0,0.0,0.0,1.0,1.0,1.0,1.0,1.0,0.0019457644349084487,1.0,0.0,0.0,0.0,0.0,1.0,0.011674586609450692,0.0,0.0,0.011674586609450692,1.0,0.0,0.0,0.0,0.0,1.0,1.0,1.0,1.0,1.0,1.6788318922920484,976770162582.3975,1.0,0.11035676295146185,0.0,0.9767701625823975,0.02323007583618164,0.0,0.4729241877256318,1.0,0.0,0.7225880589750078,0.25
100.0,0.8354557752609253,0.4983935742971888,0.7340942046199089,0.4729241877256318,0.7543735951185226,1.0,0.0,0.0,0.0,0.0,0.0,1.0,1.0,1.0,1.0,1.0,-0.00043522631714068756,1.0,0.0,0.0,0.0,0.0,1.0,-0.0026113579028441253,0.0,0.0,-0.0026113579028441253,1.0,0.0,0.0,0.0,0.0,1.0,1.0,1.0,1.0,1.0,1.731789501692116,999886989593.5059,1.0,0.0011411431373268474,0.0,0.9998869895935059,0.00011313129652990028,0.0,0.4729241877256318,1.0,0.0,0.7543735951185226,0.25
150.0,0.7210506200790405,0.4983935742971888,0.7173218606756284,0.4729241877256318,0.7329401042726305,1.0,0.0,0.0,0.0,0.0,0.0,1.0,1.0,1.0,1.0,1.0,0.002091066340148436,1.0,0.0,0.0,0.0,0.0,1.0,0.012546398040890614,0.0,0.0,0.012546398040890614,1.0,0.0,0.0,0.0,0.0,1.0,1.0,1.0,1.0,1.0,1.7316444240040274,999824166297.9126,1.0,0.0016975945285403772,0.0,0.9998241662979126,0.00017600957653485239,0.0,0.4729241877256318,1.0,0.0,0.7329401042726305,0.25
