step,train_step_loss,train_acc,train_loss,val_acc,val_loss,avg_intra_expert_coherence,expert_diversity_e0,expert_diversity_e1,expert_diversity_e2,expert_diversity_e3,expert_diversity_mean,expert_purity_e0,expert_purity_e1,expert_purity_e2,expert_purity_e3,expert_purity_mean,inter_expert_similarity,inter_expert_similarity_e0_e0,inter_expert_similarity_e0_e1,inter_expert_similarity_e0_e2,inter_expert_similarity_e0_e3,inter_expert_similarity_e1_e0,inter_expert_similarity_e1_e1,inter_expert_similarity_e1_e2,inter_expert_similarity_e1_e3,inter_expert_similarity_e2_e0,inter_expert_similarity_e2_e1,inter_expert_similarity_e2_e2,inter_expert_similarity_e2_e3,inter_expert_similarity_e3_e0,inter_expert_similarity_e3_e1,inter_expert_similarity_e3_e2,inter_expert_similarity_e3_e3,intra_expert_coherence_e0,intra_expert_coherence_e1,intra_expert_coherence_e2,intra_expert_coherence_e3,load_cv,load_max_min_ratio,overall_task_conflict_cos,router_entropy,router_load_e0,router_load_e1,router_load_e2,router_load_e3,task_acc__glue_rte,task_conflict_t0_t0,task_grad_norm_cv,task_loss__glue_rte,utilization_ratio
50.0,0.7378086745738983,0.4983935742971888,0.699880269360848,0.4729241877256318,0.7079930818743176,1.0,0.0,0.0,0.0,0.0,0.0,1.0,1.0,1.0,1.0,1.0,0.06504055969334292,1.0,0.0,0.0,0.0,0.0,1.0,0.0,0.3902433581600575,0.0,0.0,1.0,0.0,0.0,0.3902433581600575,0.0,1.0,1.0,1.0,1.0,1.0,1.2970432526962155,792044997215.271,1.0,0.5112348205346062,0.0,0.2079552710056305,0.0,0.792044997215271,0.4729241877256318,1.0,0.0,0.7079930818743176,0.5
100.0,0.6837746202945709,0.5016064257028112,0.6967033335795769,0.5270758122743683,0.6904163459936777,1.0,0.0,0.0,0.0,0.0,0.0,1.0,1.0,1.0,1.0,1.0,0.047965820781156666,1.0,0.0,0.0,0.0,0.0,1.0,0.0,0.28779492468694,0.0,0.0,1.0,0.0,0.0,0.28779492468694,0.0,1.0,1.0,1.0,1.0,1.0,1.4035779718849626,848215162754.0588,1.0,0.4257924255481266,0.0,0.1517847180366516,0.0,0.8482151627540588,0.5270758122743683,1.0,0.0,0.6904163459936777,0.5
150.0,0.6860771775245667,0.5016064257028112,0.6961248854796092,0.5270758122743683,0.6903490622838339,1.0,0.0,0.0,0.0,0.0,0.0,1.0,1.0,1.0,1.0,1.0,0.000902842900414032,1.0,0.0,0.0,0.0,0.0,1.0,0.0,0.005417057402484192,0.0,0.0,1.0,0.0,0.0,0.005417057402484192,0.0,1.0,1.0,1.0,1.0,1.0,1.719735827414492,994657754898.0713,1.0,0.033278376939925046,0.0,0.005342100281268358,0.0,0.9946577548980713,0.5270758122743683,1.0,0.0,0.6903490622838339,0.25
