step,train_step_loss,train_acc,train_loss,val_acc,val_loss,alignment_reward,l_conflict,l_conflict_e0,l_conflict_e1,l_conflict_e2,l_conflict_e3,router_conflict_grad_l2,router_entropy,router_load_e0,router_load_e1,router_load_e2,router_load_e3
30.0,1.0995057870944345,0.3407389322916667,1.1001306902617216,0.3219401041666667,1.1029164145390193,0.004302536603063345,-0.004302536603063345,-0.0009981108596548438,-0.0010634149657562375,-0.0013269332703202963,-0.0009140775655396283,0.0,1.3721466759840648,0.235970601439476,0.2444499135017395,0.3112591505050659,0.20832033455371857
60.0,1.102526113390923,0.3434244791666667,1.099493756890297,0.3284505208333333,1.1021775528788567,0.0015148010570555925,-0.0015148010570555925,-0.0003408577758818865,-0.0003796291130129248,-0.00047899159835651517,-0.0003153225698042661,0.0,1.3718552440404892,0.23391400277614594,0.24385111033916473,0.31283092498779297,0.20940399169921875
90.0,1.101290156443914,0.3402506510416667,1.0994718422492344,0.3277994791666667,1.1019956717888515,0.0018314224435016513,-0.0018314224435016513,-0.00041713350219652057,-0.00045099560520611703,-0.0005747827817685902,-0.0003885105543304235,0.0,1.3717322101195653,0.23310476541519165,0.24390268325805664,0.31334540247917175,0.20964711904525757
100.0,1.1056780616442368,0.3419596354166667,1.0993193617711465,0.3206380208333333,1.1030401016275089,0.003728095907717943,-0.003728095907717943,-0.0008517103851772845,-0.0009134857100434601,-0.0011826123809441924,-0.0007802872569300234,0.0,1.3707281276583672,0.23308080434799194,0.24159212410449982,0.3166460692882538,0.20868097245693207
