step,train_step_loss,train_acc,train_loss,val_acc,val_loss,alignment_reward,l_conflict,l_conflict_e0,l_conflict_e1,l_conflict_e2,l_conflict_e3,router_conflict_grad_l2,router_entropy,router_load_e0,router_load_e1,router_load_e2,router_load_e3
30.0,1.0966388980547592,0.328857421875,1.1024045869708061,0.34375,1.0996570885181427,0.0022354782558977604,-0.0022354782558977604,-0.0004519565845839679,-0.0007170006865635514,-0.0006256775232031941,-0.00044084337423555553,0.0,1.3662316724658012,0.21337781846523285,0.32146260142326355,0.25873225927352905,0.20642733573913574
60.0,1.099783892432849,0.333740234375,1.101509178057313,0.34375,1.099650579194228,0.004724171943962574,-0.004724171943962574,-0.0010212131310254335,-0.0015256797196343541,-0.0011956894304603338,-0.0009815897792577744,0.0,1.3661012848218281,0.21258670091629028,0.32215073704719543,0.25810861587524414,0.20715391635894775
90.0,1.0979202787081404,0.3369140625,1.1016997148593266,0.3505859375,1.0992221509416897,0.0046301912516355515,-0.0046301912516355515,-0.0009979818714782596,-0.001457110047340393,-0.001247513573616743,-0.0009275858756154776,0.0,1.3665867000818253,0.21255959570407867,0.3211764097213745,0.25789371132850647,0.20837028324604034
100.0,1.10431115825971,0.3378092447916667,1.1015056502074003,0.3522135416666667,1.0994016577800114,0.013789024204015732,-0.013789024204015732,-0.003062932286411524,-0.00439065508544445,-0.0035558880772441626,-0.0027795492205768824,0.0,1.3665716126561165,0.21240980923175812,0.32106825709342957,0.25821036100387573,0.2083115428686142
