step,train_step_loss,train_acc,train_loss,val_acc,val_loss,avg_intra_expert_coherence,expert_diversity_e0,expert_diversity_e1,expert_diversity_e2,expert_diversity_e3,expert_diversity_mean,expert_purity_e0,expert_purity_e1,expert_purity_e2,expert_purity_e3,expert_purity_mean,inter_expert_similarity,inter_expert_similarity_e0_e0,inter_expert_similarity_e0_e1,inter_expert_similarity_e0_e2,inter_expert_similarity_e0_e3,inter_expert_similarity_e1_e0,inter_expert_similarity_e1_e1,inter_expert_similarity_e1_e2,inter_expert_similarity_e1_e3,inter_expert_similarity_e2_e0,inter_expert_similarity_e2_e1,inter_expert_similarity_e2_e2,inter_expert_similarity_e2_e3,inter_expert_similarity_e3_e0,inter_expert_similarity_e3_e1,inter_expert_similarity_e3_e2,inter_expert_similarity_e3_e3,intra_expert_coherence_e0,intra_expert_coherence_e1,intra_expert_coherence_e2,intra_expert_coherence_e3,load_cv,load_max_min_ratio,overall_task_conflict_cos,router_entropy,router_load_e0,router_load_e1,router_load_e2,router_load_e3,task_acc__glue_rte,task_conflict_t0_t0,task_grad_norm_cv,task_loss__glue_rte,utilization_ratio
50.0,0.6861086487770081,0.4983935742971888,0.7107425277431806,0.4729241877256318,0.724019330408838,1.0,0.0,0.0,0.0,0.0,0.0,1.0,1.0,1.0,1.0,1.0,0.054801520565037544,1.0,0.0,0.0,0.3288091233902253,0.0,1.0,0.0,0.0,0.0,0.0,1.0,0.0,0.3288091233902253,0.0,0.0,1.0,1.0,1.0,1.0,1.0,1.0049844974297883,535344421863.5559,1.0,0.6906466432426811,0.46465569734573364,0.0,0.0,0.5353444218635559,0.4729241877256318,1.0,0.0,0.724019330408838,0.5
100.0,0.7216064929962158,0.4983935742971888,0.6932646224131951,0.4729241877256318,0.6941258807977041,1.0,0.0,0.0,0.0,0.0,0.0,1.0,1.0,1.0,1.0,1.0,-0.04944410388830243,1.0,0.0,0.0,0.0,0.0,1.0,0.0,-0.2966646233298146,0.0,0.0,1.0,0.0,0.0,-0.2966646233298146,0.0,1.0,1.0,1.0,1.0,1.0,1.003166675945124,528158962726.593,1.0,0.6915604801384551,0.0,0.47184091806411743,0.0,0.528158962726593,0.4729241877256318,1.0,0.0,0.6941258807977041,0.5
150.0,0.7608374059200287,0.4983935742971888,0.7021556964287391,0.4729241877256318,0.71148162914647,1.0,0.0,0.0,0.0,0.0,0.0,1.0,1.0,1.0,1.0,1.0,-0.03483491286826,1.0,0.0,0.0,0.0,0.0,1.0,0.0,-0.20900947720956,0.0,0.0,1.0,0.0,0.0,-0.20900947720956,0.0,1.0,1.0,1.0,1.0,1.0,1.0031441450119019,528058528900.1465,1.0,0.6915717658583438,0.0,0.47194144129753113,0.0,0.5280585289001465,0.4729241877256318,1.0,0.0,0.71148162914647,0.5
