step,train_step_loss,train_acc,train_loss,val_acc,val_loss,avg_intra_expert_coherence,expert_diversity_e0,expert_diversity_e1,expert_diversity_e2,expert_diversity_e3,expert_diversity_mean,expert_purity_e0,expert_purity_e1,expert_purity_e2,expert_purity_e3,expert_purity_mean,inter_expert_similarity,inter_expert_similarity_e0_e0,inter_expert_similarity_e0_e1,inter_expert_similarity_e0_e2,inter_expert_similarity_e0_e3,inter_expert_similarity_e1_e0,inter_expert_similarity_e1_e1,inter_expert_similarity_e1_e2,inter_expert_similarity_e1_e3,inter_expert_similarity_e2_e0,inter_expert_similarity_e2_e1,inter_expert_similarity_e2_e2,inter_expert_similarity_e2_e3,inter_expert_similarity_e3_e0,inter_expert_similarity_e3_e1,inter_expert_similarity_e3_e2,inter_expert_similarity_e3_e3,intra_expert_coherence_e0,intra_expert_coherence_e1,intra_expert_coherence_e2,intra_expert_coherence_e3,load_cv,load_max_min_ratio,overall_task_conflict_cos,router_entropy,router_load_e0,router_load_e1,router_load_e2,router_load_e3,task_acc__glue_rte,task_conflict_t0_t0,task_grad_norm_cv,task_loss__glue_rte,utilization_ratio
50.0,0.6718674302101135,0.5016064257028112,0.6931397082713934,0.5270758122743683,0.6926316602362527,1.0,0.0,0.0,0.0,0.0,0.0,1.0,1.0,1.0,1.0,1.0,-0.05551165187658483,1.0,-0.33306991125950897,0.0,0.0,-0.33306991125950897,1.0,0.0,0.0,0.0,0.0,1.0,0.0,0.0,0.0,0.0,1.0,1.0,1.0,1.0,1.0,1.0037331581115723,530578494071.96045,1.0,0.6912759512340119,0.5305784940719604,0.46942150592803955,0.0,0.0,0.5270758122743683,1.0,0.0,0.6926316602362527,0.5
100.0,0.7253503203392029,0.4983935742971888,0.7083790941116137,0.4729241877256318,0.7205951296620898,1.0,0.0,0.0,0.0,0.0,0.0,1.0,1.0,1.0,1.0,1.0,-0.05275022025966558,1.0,-0.3165013215579935,0.0,0.0,-0.3165013215579935,1.0,0.0,0.0,0.0,0.0,1.0,0.0,0.0,0.0,0.0,1.0,1.0,1.0,1.0,1.0,1.0002018213272095,507103145122.5281,1.0,0.6930461979945214,0.4928968548774719,0.5071031451225281,0.0,0.0,0.4729241877256318,1.0,0.0,0.7205951296620898,0.5
150.0,0.7006416320800781,0.5016064257028112,0.6934679731344565,0.5270758122743683,0.6914047168360816,1.0,0.0,0.0,0.0,0.0,0.0,1.0,1.0,1.0,1.0,1.0,0.0047882663884737655,1.0,0.0,0.02872959833084259,0.0,0.0,1.0,0.0,0.0,0.02872959833084259,0.0,1.0,0.0,0.0,0.0,0.0,1.0,1.0,1.0,1.0,1.0,1.0003464221954346,509307146072.3877,1.0,0.6929739210149441,0.5093071460723877,0.0,0.4906928539276123,0.0,0.5270758122743683,1.0,0.0,0.6914047168360816,0.5
