{
  "completed_jobs": 7,
  "current_phase": "",
  "elapsed_sec": 1192.8451731204987,
  "eta_sec": null,
  "failed_jobs": 0,
  "percent": 100.0,
  "started_at_epoch": 1773806691.26745,
  "total_jobs": 7,
  "updated_at_epoch": 1773807884.1126256
}