{
  "best_val_acc": 0.6484471250763771,
  "final_val_acc": 0.6422307682875766,
  "method": "ours",
  "num_eval_points": 5
}