step,train_step_loss,train_acc,train_loss,val_acc,val_loss,router_entropy,router_load_e0,router_load_e1,router_load_e2,router_load_e3
10.0,0.46932850281397503,0.6249028070552901,0.6418109294008909,0.6151906348434916,0.6451930839629907,1.2371403719815943,0.20244185626506805,0.23626573383808136,0.45929089188575745,0.10200131684541702
20.0,0.5308642412225406,0.6332634689221345,0.6304805265391173,0.6338721489936642,0.6320992590500804,1.2384069415016308,0.2094646543264389,0.23119212687015533,0.4586408734321594,0.10070211440324783
30.0,0.5458981196085613,0.638499549241203,0.6149993996112838,0.6459500848611519,0.6139963250331265,1.228374776671882,0.20741082727909088,0.22775720059871674,0.46625491976737976,0.09857658296823502
40.0,0.6493812501430511,0.6347424096438705,0.6313704587824354,0.6250507823122949,0.6395898949547435,1.2063843653433852,0.20674161612987518,0.22083748877048492,0.4796457886695862,0.09277475625276566
50.0,0.4680579192936421,0.6537332111278552,0.6032781606314659,0.637475866383349,0.6115037076233865,1.2058733549934846,0.20376498997211456,0.22396355867385864,0.4790840148925781,0.09318751841783524
