{
  "best_val_acc": 0.6981210154209238,
  "final_val_acc": 0.6509074260221214,
  "method": "ours",
  "num_eval_points": 5
}