step,train_step_loss,train_acc,train_loss,val_acc,val_loss,router_entropy,router_load_e0,router_load_e1,router_load_e2,router_load_e3
10.0,0.7866638700167339,0.6227142026892568,0.6554454433123861,0.618564355696486,0.6644186845484193,1.2717947072728917,0.4283224642276764,0.1700161099433899,0.24813245236873627,0.1535290777683258
20.0,0.5541772643725078,0.6355613814725,0.6279342195260038,0.63192593483173,0.6361227804583708,1.2805587912185326,0.4234321713447571,0.17495135962963104,0.23592881858348846,0.1656879335641861
30.0,0.6809042568008105,0.6351582162137364,0.6335515277596079,0.6345555723642239,0.6478808704981827,1.3015520789281085,0.39976608753204346,0.1804732084274292,0.22532884776592255,0.19443175196647644
40.0,0.6129830305775007,0.6547787115713214,0.6160768187695749,0.6484471250763771,0.6223259400299886,1.309616417520576,0.3952302634716034,0.1817028820514679,0.2282831370830536,0.1947835236787796
50.0,0.9955711464087169,0.6418686334835444,0.6204682841211027,0.6422307682875766,0.6311210094650127,1.3017656627214618,0.3898135721683502,0.15939770638942719,0.24912111461162567,0.2016674280166626
