step,train_step_loss,train_acc,train_loss,val_acc,val_loss,router_entropy,router_load_e0,router_load_e1,router_load_e2,router_load_e3
10.0,0.46982655425866443,0.6327079752119991,0.6473598235112212,0.6168246217715961,0.6520822569802581,1.2927147023103855,0.15338577330112457,0.3867318630218506,0.30955740809440613,0.15032492578029633
20.0,0.5564166804154714,0.6381675457552126,0.6384469229718549,0.6420953798943397,0.6383836348132826,1.3041458732138078,0.1586732715368271,0.38888785243034363,0.28790518641471863,0.1645335853099823
30.0,0.7178987264633179,0.6607695039962079,0.6126042937519194,0.667637180620316,0.6139547424828442,1.314175637645854,0.16352559626102448,0.36071518063545227,0.30829885601997375,0.16746045649051666
40.0,0.606266220410665,0.6885085796490896,0.5826912948383506,0.6981210154209238,0.5871648787859313,1.3168073412444856,0.16662269830703735,0.3496818542480469,0.3171059787273407,0.1665896624326706
50.0,0.6798656235138576,0.6641168326175255,0.6015564245225117,0.6509074260221214,0.6214332384668838,1.3298379510503124,0.17041867971420288,0.3472536504268646,0.2974778413772583,0.18484967947006226
