{
  "best_val_acc": 0.6459500848611519,
  "final_val_acc": 0.637475866383349,
  "method": "ours",
  "num_eval_points": 5
}