step,train_step_loss,train_acc,train_loss,val_acc,val_loss,avg_intra_expert_coherence,expert_diversity_e0,expert_diversity_e1,expert_diversity_e2,expert_diversity_e3,expert_diversity_mean,expert_purity_e0,expert_purity_e1,expert_purity_e2,expert_purity_e3,expert_purity_mean,inter_expert_similarity,inter_expert_similarity_e0_e0,inter_expert_similarity_e0_e1,inter_expert_similarity_e0_e2,inter_expert_similarity_e0_e3,inter_expert_similarity_e1_e0,inter_expert_similarity_e1_e1,inter_expert_similarity_e1_e2,inter_expert_similarity_e1_e3,inter_expert_similarity_e2_e0,inter_expert_similarity_e2_e1,inter_expert_similarity_e2_e2,inter_expert_similarity_e2_e3,inter_expert_similarity_e3_e0,inter_expert_similarity_e3_e1,inter_expert_similarity_e3_e2,inter_expert_similarity_e3_e3,intra_expert_coherence_e0,intra_expert_coherence_e1,intra_expert_coherence_e2,intra_expert_coherence_e3,load_cv,load_max_min_ratio,overall_task_conflict_cos,router_entropy,router_load_e0,router_load_e1,router_load_e2,router_load_e3,task_acc__glue_sst2,task_conflict_t0_t0,task_grad_norm_cv,task_loss__glue_sst2,utilization_ratio
50.0,0.5098955631256104,0.8609481952219038,0.3751477692019628,0.8555045871559633,0.37618342272259975,1.0,0.0,0.0,0.0,0.0,0.0,1.0,1.0,1.0,1.0,1.0,-0.004020365397198147,1.0,0.0,-0.024122192383188884,0.0,0.0,1.0,0.0,0.0,-0.024122192383188884,0.0,1.0,0.0,0.0,0.0,0.0,1.0,1.0,1.0,1.0,1.0,1.0022048950195312,523491084575.6531,1.0,0.6795689321439201,0.5234910845756531,0.0,0.4765089452266693,0.0,0.8555045871559633,1.0,0.0,0.37618342272259975,0.5
100.0,0.36322374641895294,0.8627893509925908,0.35338469060699756,0.8841743119266054,0.2898252038115805,1.0,0.0,0.0,0.0,0.0,0.0,1.0,1.0,1.0,1.0,1.0,0.05029515689074285,1.0,0.0,0.3017709413444571,0.0,0.0,1.0,0.0,0.0,0.3017709413444571,0.0,1.0,0.0,0.0,0.0,0.0,1.0,1.0,1.0,1.0,1.0,1.0004733800888062,510879516601.5625,1.0,0.6786153639128448,0.5108795166015625,0.0,0.4891204833984375,0.0,0.8841743119266054,1.0,0.0,0.2898252038115805,0.5
150.0,0.24946803227066994,0.8359589600439502,0.3712574770514833,0.8864678899082569,0.29438630928370085,1.0,0.0,0.0,0.0,0.0,0.0,1.0,1.0,1.0,1.0,1.0,0.04174816176413081,1.0,0.0,0.25048897058478486,0.0,0.0,1.0,0.0,0.0,0.25048897058478486,0.0,1.0,0.0,0.0,0.0,0.0,1.0,1.0,1.0,1.0,1.0,1.0058059692382812,538153469562.5305,1.0,0.6822302817204676,0.5381534695625305,0.0,0.46184659004211426,0.0,0.8864678899082569,1.0,0.0,0.29438630928370085,0.5
