step,train_step_loss,train_acc,train_loss,val_acc,val_loss,avg_intra_expert_coherence,expert_diversity_e0,expert_diversity_e1,expert_diversity_e2,expert_diversity_e3,expert_diversity_mean,expert_purity_e0,expert_purity_e1,expert_purity_e2,expert_purity_e3,expert_purity_mean,inter_expert_similarity,inter_expert_similarity_e0_e0,inter_expert_similarity_e0_e1,inter_expert_similarity_e0_e2,inter_expert_similarity_e0_e3,inter_expert_similarity_e1_e0,inter_expert_similarity_e1_e1,inter_expert_similarity_e1_e2,inter_expert_similarity_e1_e3,inter_expert_similarity_e2_e0,inter_expert_similarity_e2_e1,inter_expert_similarity_e2_e2,inter_expert_similarity_e2_e3,inter_expert_similarity_e3_e0,inter_expert_similarity_e3_e1,inter_expert_similarity_e3_e2,inter_expert_similarity_e3_e3,intra_expert_coherence_e0,intra_expert_coherence_e1,intra_expert_coherence_e2,intra_expert_coherence_e3,load_cv,load_max_min_ratio,overall_task_conflict_cos,router_entropy,router_load_e0,router_load_e1,router_load_e2,router_load_e3,task_acc__glue_mrpc,task_conflict_t0_t0,task_grad_norm_cv,task_loss__glue_mrpc,utilization_ratio
50.0,0.4496321827173233,0.8091603053435115,0.42891395778759667,0.821078431372549,0.4303048969461368,1.0,0.0,0.0,0.0,0.0,0.0,1.0,1.0,1.0,1.0,1.0,0.05955953859608896,1.0,-0.35411110129099915,0.0714175772479239,0.16400766437766104,-0.35411110129099915,1.0,-0.11522360719228902,-0.03563809208194131,0.0714175772479239,-0.11522360719228902,1.0,0.6269047905161783,0.16400766437766104,-0.03563809208194131,0.6269047905161783,1.0,1.0,1.0,1.0,1.0,0.86254423037435,14.111760067897732,1.0,0.9940662372346017,0.08281728625297546,0.041540294885635376,0.5862066745758057,0.2894356846809387,0.821078431372549,1.0,0.0,0.4303048969461368,0.5
100.0,0.30063270032405853,0.8740458015267175,0.29853941478321083,0.8553921568627451,0.347139006623855,1.0,0.0,0.0,0.0,0.0,0.0,1.0,1.0,1.0,1.0,1.0,0.05432985986409015,1.0,0.11146924690987194,-0.25415388203231826,-0.02856196440576337,0.11146924690987194,1.0,-0.007781640952667011,0.5024262414662861,-0.25415388203231826,-0.007781640952667011,1.0,0.00258115819913154,-0.02856196440576337,0.5024262414662861,0.00258115819913154,1.0,1.0,1.0,1.0,1.0,0.8107929229736328,10.427145619110881,1.0,1.023522657506606,0.07987238466739655,0.05318821966648102,0.5546013116836548,0.3123381435871124,0.8553921568627451,1.0,0.0,0.347139006623855,0.5
