step,train_step_loss,train_acc,train_loss,val_acc,val_loss,avg_intra_expert_coherence,expert_diversity_e0,expert_diversity_e1,expert_diversity_e2,expert_diversity_e3,expert_diversity_mean,expert_purity_e0,expert_purity_e1,expert_purity_e2,expert_purity_e3,expert_purity_mean,inter_expert_similarity,inter_expert_similarity_e0_e0,inter_expert_similarity_e0_e1,inter_expert_similarity_e0_e2,inter_expert_similarity_e0_e3,inter_expert_similarity_e1_e0,inter_expert_similarity_e1_e1,inter_expert_similarity_e1_e2,inter_expert_similarity_e1_e3,inter_expert_similarity_e2_e0,inter_expert_similarity_e2_e1,inter_expert_similarity_e2_e2,inter_expert_similarity_e2_e3,inter_expert_similarity_e3_e0,inter_expert_similarity_e3_e1,inter_expert_similarity_e3_e2,inter_expert_similarity_e3_e3,intra_expert_coherence_e0,intra_expert_coherence_e1,intra_expert_coherence_e2,intra_expert_coherence_e3,load_cv,load_max_min_ratio,overall_task_conflict_cos,router_entropy,router_load_e0,router_load_e1,router_load_e2,router_load_e3,task_acc__glue_mrpc,task_conflict_t0_t0,task_grad_norm_cv,task_loss__glue_mrpc,utilization_ratio
50.0,0.33316898345947266,0.8110687022900763,0.417926430783194,0.803921568627451,0.4136248528957367,1.0,0.0,0.0,0.0,0.0,0.0,1.0,1.0,1.0,1.0,1.0,0.08280006789708438,1.0,0.26984429575406244,0.07118564689938932,0.09986278145630635,0.26984429575406244,1.0,-0.03192365717786578,0.2383498646866722,0.07118564689938932,-0.03192365717786578,1.0,-0.1505185242360583,0.09986278145630635,0.2383498646866722,-0.1505185242360583,1.0,1.0,1.0,1.0,1.0,0.5656339526176453,7.198916043095116,1.0,1.1838321241677976,0.4549155831336975,0.2026449292898178,0.06319223344326019,0.2792472839355469,0.803921568627451,1.0,0.0,0.4136248528957367,0.75
100.0,0.37588702142238617,0.8745910577971646,0.33217968368983786,0.8602941176470589,0.35925187772283185,1.0,0.0,0.0,0.0,0.0,0.0,1.0,1.0,1.0,1.0,1.0,0.02148337460285102,1.0,-0.008654694546985439,-0.028520641977849506,-0.30923843770913634,-0.008654694546985439,1.0,0.26972391386260725,-0.19474722980437542,-0.028520641977849506,0.26972391386260725,1.0,0.4003373377928456,-0.30923843770913634,-0.19474722980437542,0.4003373377928456,1.0,1.0,1.0,1.0,1.0,0.3991066455308584,4.114215776706884,1.0,1.2619862860324336,0.31018775701522827,0.2730039954185486,0.08149991929531097,0.3353082537651062,0.8602941176470589,1.0,0.0,0.35925187772283185,0.75
