step,train_step_loss,train_acc,train_loss,val_acc,val_loss,avg_intra_expert_coherence,expert_diversity_e0,expert_diversity_e1,expert_diversity_e2,expert_diversity_e3,expert_diversity_mean,expert_purity_e0,expert_purity_e1,expert_purity_e2,expert_purity_e3,expert_purity_mean,inter_expert_similarity,inter_expert_similarity_e0_e0,inter_expert_similarity_e0_e1,inter_expert_similarity_e0_e2,inter_expert_similarity_e0_e3,inter_expert_similarity_e1_e0,inter_expert_similarity_e1_e1,inter_expert_similarity_e1_e2,inter_expert_similarity_e1_e3,inter_expert_similarity_e2_e0,inter_expert_similarity_e2_e1,inter_expert_similarity_e2_e2,inter_expert_similarity_e2_e3,inter_expert_similarity_e3_e0,inter_expert_similarity_e3_e1,inter_expert_similarity_e3_e2,inter_expert_similarity_e3_e3,intra_expert_coherence_e0,intra_expert_coherence_e1,intra_expert_coherence_e2,intra_expert_coherence_e3,load_cv,load_max_min_ratio,overall_task_conflict_cos,router_entropy,router_load_e0,router_load_e1,router_load_e2,router_load_e3,task_acc__glue_rte,task_conflict_t0_t0,task_grad_norm_cv,task_loss__glue_rte,utilization_ratio
50.0,0.6994468569755554,0.4983935742971888,0.7190125660254405,0.4729241877256318,0.7351799971527524,1.0,0.0,0.0,0.0,0.0,0.0,1.0,1.0,1.0,1.0,1.0,0.01299473211632012,1.0,0.07796839269792072,0.0,0.0,0.07796839269792072,1.0,0.0,0.0,0.0,0.0,1.0,0.0,0.0,0.0,0.0,1.0,1.0,1.0,1.0,1.0,1.4625464268167099,877332806587.2192,1.0,0.37220520060845663,0.12266689538955688,0.8773328065872192,0.0,0.0,0.4729241877256318,1.0,0.0,0.7351799971527524,0.25
100.0,0.680325448513031,0.5016064257028112,0.6963160430009548,0.5270758122743683,0.6903661853737302,1.0,0.0,0.0,0.0,0.0,0.0,1.0,1.0,1.0,1.0,1.0,0.011839519125783383,1.0,0.0710371147547003,0.0,0.0,0.0710371147547003,1.0,0.0,0.0,0.0,0.0,1.0,0.0,0.0,0.0,0.0,1.0,1.0,1.0,1.0,1.0,1.4855225630483258,888390183448.7915,1.0,0.34986710720544256,0.11160945147275925,0.8883901834487915,0.0,0.0,0.5270758122743683,1.0,0.0,0.6903661853737302,0.25
150.0,0.7039318680763245,0.5016064257028112,0.6959398091985629,0.5270758122743683,0.6903378085957633,1.0,0.0,0.0,0.0,0.0,0.0,1.0,1.0,1.0,1.0,1.0,0.02609159875856386,1.0,0.15654959255138318,0.0,0.0,0.15654959255138318,1.0,0.0,0.0,0.0,0.0,1.0,0.0,0.0,0.0,0.0,1.0,1.0,1.0,1.0,1.0,1.4439166917999526,868255436420.4407,1.0,0.3896901641942103,0.131744846701622,0.8682554364204407,0.0,0.0,0.5270758122743683,1.0,0.0,0.6903378085957633,0.5
