step,train_step_loss,train_acc,train_loss,val_acc,val_loss,avg_intra_expert_coherence,expert_diversity_e0,expert_diversity_e1,expert_diversity_e2,expert_diversity_e3,expert_diversity_mean,expert_purity_e0,expert_purity_e1,expert_purity_e2,expert_purity_e3,expert_purity_mean,inter_expert_similarity,inter_expert_similarity_e0_e0,inter_expert_similarity_e0_e1,inter_expert_similarity_e0_e2,inter_expert_similarity_e0_e3,inter_expert_similarity_e1_e0,inter_expert_similarity_e1_e1,inter_expert_similarity_e1_e2,inter_expert_similarity_e1_e3,inter_expert_similarity_e2_e0,inter_expert_similarity_e2_e1,inter_expert_similarity_e2_e2,inter_expert_similarity_e2_e3,inter_expert_similarity_e3_e0,inter_expert_similarity_e3_e1,inter_expert_similarity_e3_e2,inter_expert_similarity_e3_e3,intra_expert_coherence_e0,intra_expert_coherence_e1,intra_expert_coherence_e2,intra_expert_coherence_e3,load_cv,load_max_min_ratio,overall_task_conflict_cos,router_entropy,router_load_e0,router_load_e1,router_load_e2,router_load_e3,task_acc__glue_rte,task_conflict_t0_t0,task_grad_norm_cv,task_loss__glue_rte,utilization_ratio
50.0,0.6861651241779327,0.5016064257028112,0.6975656983944086,0.5270758122743683,0.6906111968888177,1.0,0.0,0.0,0.0,0.0,0.0,1.0,1.0,1.0,1.0,1.0,0.0179861605071815,1.0,0.0,0.0,0.0,0.0,1.0,0.107916963043089,0.0,0.0,0.107916963043089,1.0,0.0,0.0,0.0,0.0,1.0,1.0,1.0,1.0,1.0,1.5870443375004917,935705065727.2339,1.0,0.2386259017007876,0.0,0.9357050657272339,0.06429518759250641,0.0,0.5270758122743683,1.0,0.0,0.6906111968888177,0.25
100.0,0.7379084229469299,0.4983935742971888,0.7062374181090257,0.4729241877256318,0.717539413107766,1.0,0.0,0.0,0.0,0.0,0.0,1.0,1.0,1.0,1.0,1.0,0.027247417063988658,1.0,0.0,0.0,0.0,0.0,1.0,0.0,0.16348450238393195,0.0,0.0,1.0,0.0,0.0,0.16348450238393195,0.0,1.0,1.0,1.0,1.0,1.0,1.6350059613603238,957334995269.7754,1.0,0.17632222584438667,0.0,0.9573349952697754,0.0,0.04266468808054924,0.4729241877256318,1.0,0.0,0.717539413107766,0.25
150.0,0.7980321645736694,0.5016064257028112,0.7143420823491536,0.5270758122743683,0.6992728461821874,1.0,0.0,0.0,0.0,0.0,0.0,1.0,1.0,1.0,1.0,1.0,0.03009775516825156,1.0,0.18058653100950936,0.0,0.0,0.18058653100950936,1.0,0.0,0.0,0.0,0.0,1.0,0.0,0.0,0.0,0.0,1.0,1.0,1.0,1.0,1.0,1.7119251671194233,991260051727.2949,1.0,0.0501298302993017,0.008740408346056938,0.9912600517272949,0.0,0.0,0.5270758122743683,1.0,0.0,0.6992728461821874,0.25
