step,train_step_loss,train_acc,train_loss,val_acc,val_loss,avg_intra_expert_coherence,expert_diversity_e0,expert_diversity_e1,expert_diversity_e2,expert_diversity_e3,expert_diversity_mean,expert_purity_e0,expert_purity_e1,expert_purity_e2,expert_purity_e3,expert_purity_mean,inter_expert_similarity,inter_expert_similarity_e0_e0,inter_expert_similarity_e0_e1,inter_expert_similarity_e0_e2,inter_expert_similarity_e0_e3,inter_expert_similarity_e1_e0,inter_expert_similarity_e1_e1,inter_expert_similarity_e1_e2,inter_expert_similarity_e1_e3,inter_expert_similarity_e2_e0,inter_expert_similarity_e2_e1,inter_expert_similarity_e2_e2,inter_expert_similarity_e2_e3,inter_expert_similarity_e3_e0,inter_expert_similarity_e3_e1,inter_expert_similarity_e3_e2,inter_expert_similarity_e3_e3,intra_expert_coherence_e0,intra_expert_coherence_e1,intra_expert_coherence_e2,intra_expert_coherence_e3,load_cv,load_max_min_ratio,overall_task_conflict_cos,router_entropy,router_load_e0,router_load_e1,router_load_e2,router_load_e3,task_acc__glue_rte,task_conflict_t0_t0,task_grad_norm_cv,task_loss__glue_rte,utilization_ratio
50.0,0.6900172531604767,0.4983935742971888,0.7132451611069532,0.4729241877256318,0.7274562418460846,1.0,0.0,0.0,0.0,0.0,0.0,1.0,1.0,1.0,1.0,1.0,0.06939196945621627,1.0,0.0,0.41635181673729765,0.0,0.0,1.0,0.0,0.0,0.41635181673729765,0.0,1.0,0.0,0.0,0.0,0.0,1.0,1.0,1.0,1.0,1.0,1.0163203458404129,564135730266.571,1.0,0.6848977791273206,0.4358644187450409,0.0,0.564135730266571,0.0,0.4729241877256318,1.0,0.0,0.7274562418460846,0.5
100.0,0.720999002456665,0.4983935742971888,0.69340488024247,0.4729241877256318,0.6947821428378423,1.0,0.0,0.0,0.0,0.0,0.0,1.0,1.0,1.0,1.0,1.0,-0.025935893148508176,1.0,0.0,-0.15561535889104905,0.0,0.0,1.0,0.0,0.0,-0.15561535889104905,0.0,1.0,0.0,0.0,0.0,0.0,1.0,1.0,1.0,1.0,1.0,1.1234269289287244,680999934673.3093,1.0,0.6261133545142219,0.31899991631507874,0.0,0.6809999346733093,0.0,0.4729241877256318,1.0,0.0,0.6947821428378423,0.5
150.0,0.7496962547302246,0.4983935742971888,0.6993742188964135,0.4729241877256318,0.7070814205540551,1.0,0.0,0.0,0.0,0.0,0.0,1.0,1.0,1.0,1.0,1.0,-0.004184398773134627,1.0,0.0,-0.025106392638807762,0.0,0.0,1.0,0.0,0.0,-0.025106392638807762,0.0,1.0,0.0,0.0,0.0,0.0,1.0,1.0,1.0,1.0,1.0,1.0222505331039429,574996769428.2532,1.0,0.6818556785583496,0.42500320076942444,0.0,0.5749967694282532,0.0,0.4729241877256318,1.0,0.0,0.7070814205540551,0.5
