step,train_step_loss,train_acc,train_loss,val_acc,val_loss,avg_intra_expert_coherence,expert_diversity_e0,expert_diversity_e1,expert_diversity_e2,expert_diversity_e3,expert_diversity_mean,expert_purity_e0,expert_purity_e1,expert_purity_e2,expert_purity_e3,expert_purity_mean,inter_expert_similarity,inter_expert_similarity_e0_e0,inter_expert_similarity_e0_e1,inter_expert_similarity_e0_e2,inter_expert_similarity_e0_e3,inter_expert_similarity_e1_e0,inter_expert_similarity_e1_e1,inter_expert_similarity_e1_e2,inter_expert_similarity_e1_e3,inter_expert_similarity_e2_e0,inter_expert_similarity_e2_e1,inter_expert_similarity_e2_e2,inter_expert_similarity_e2_e3,inter_expert_similarity_e3_e0,inter_expert_similarity_e3_e1,inter_expert_similarity_e3_e2,inter_expert_similarity_e3_e3,intra_expert_coherence_e0,intra_expert_coherence_e1,intra_expert_coherence_e2,intra_expert_coherence_e3,load_cv,load_max_min_ratio,overall_task_conflict_cos,router_entropy,router_load_e0,router_load_e1,router_load_e2,router_load_e3,task_acc__glue_rte,task_conflict_t0_t0,task_grad_norm_cv,task_loss__glue_rte,utilization_ratio
50.0,0.6332505345344543,0.5016064257028112,0.6999436470942619,0.5270758122743683,0.691396994723214,1.0,0.0,0.0,0.0,0.0,0.0,1.0,1.0,1.0,1.0,1.0,-0.022246759176340346,1.0,-0.13348055505804207,0.0,0.0,-0.13348055505804207,1.0,0.0,0.0,0.0,0.0,1.0,0.0,0.0,0.0,0.0,1.0,1.0,1.0,1.0,1.0,1.01217693163019,555342376232.1472,1.0,0.6870090961456299,0.444657564163208,0.5553423762321472,0.0,0.0,0.5270758122743683,1.0,0.0,0.691396994723214,0.5
100.0,0.7112274765968323,0.4983935742971888,0.6993690606111135,0.4729241877256318,0.7070729633172353,1.0,0.0,0.0,0.0,0.0,0.0,1.0,1.0,1.0,1.0,1.0,-0.024046754786108567,1.0,-0.1442805287166514,0.0,0.0,-0.1442805287166514,1.0,0.0,0.0,0.0,0.0,1.0,0.0,0.0,0.0,0.0,1.0,1.0,1.0,1.0,1.0,1.0154994744657844,562489151954.6509,1.0,0.6853169792395637,0.5624891519546509,0.4375106990337372,0.0,0.0,0.4729241877256318,1.0,0.0,0.7070729633172353,0.5
150.0,0.7065800428390503,0.5016064257028112,0.6944258122490002,0.5270758122743683,0.6905567944049835,1.0,0.0,0.0,0.0,0.0,0.0,1.0,1.0,1.0,1.0,1.0,0.04764078115639206,1.0,0.0,0.0,0.28584468693835235,0.0,1.0,0.0,0.0,0.0,0.0,1.0,0.0,0.28584468693835235,0.0,0.0,1.0,1.0,1.0,1.0,1.0,1.0661808173440912,630739152431.488,1.0,0.6585612297058105,0.630739152431488,0.0,0.0,0.3692609369754791,0.5270758122743683,1.0,0.0,0.6905567944049835,0.5
