{
  "completed_jobs": 7,
  "current_phase": "",
  "elapsed_sec": 439.5751905441284,
  "eta_sec": null,
  "failed_jobs": 0,
  "percent": 100.0,
  "started_at_epoch": 1773810291.8350043,
  "total_jobs": 7,
  "updated_at_epoch": 1773810731.410197
}