step,train_step_loss,train_acc,train_loss,val_acc,val_loss,router_entropy,router_load_e0,router_load_e1,router_load_e2,router_load_e3
30.0,1.1121126512686412,0.3309733072916667,1.1043489811321099,0.337890625,1.1026670361558597,1.3757237419486046,0.29803115129470825,0.21298415958881378,0.24468792974948883,0.2442968487739563
60.0,1.0911125441392262,0.3401692708333333,1.1012994820872943,0.3346354166666667,1.1016367723544438,1.376123438278834,0.29462364315986633,0.2113492637872696,0.24689306318759918,0.2471340447664261
90.0,1.102730706334114,0.3433430989583333,1.1011557585249345,0.3365885416666667,1.1017083277304967,1.3761470119158428,0.29453006386756897,0.211391881108284,0.2470669150352478,0.24701116979122162
100.0,1.0946615139643352,0.3400065104166667,1.101130369429787,0.3359375,1.1016179447372754,1.3760473107298214,0.29506149888038635,0.21135938167572021,0.24721364676952362,0.24636541306972504
