step,train_step_loss,train_acc,train_loss,val_acc,val_loss,router_entropy,router_load_e0,router_load_e1,router_load_e2,router_load_e3
30.0,1.1033423990011215,0.3349609375,1.1025238018482924,0.330078125,1.103190156320731,1.3598031525810559,0.2086580991744995,0.29915887117385864,0.1855389028787613,0.30664417147636414
60.0,1.090305656194687,0.3349609375,1.1020803147306044,0.3245442708333333,1.102911574145158,1.3608035072684288,0.20900855958461761,0.29939553141593933,0.18728499114513397,0.30431097745895386
90.0,1.104818771282832,0.3379720052083333,1.101856413607796,0.3264973958333333,1.1026522914568584,1.3603415861725807,0.20879089832305908,0.2995215356349945,0.18649911880493164,0.30518838763237
100.0,1.108743702371915,0.3372395833333333,1.1019653497884672,0.326171875,1.1024631410837173,1.3598937690258026,0.2084813117980957,0.2993393838405609,0.18584023416042328,0.3063391447067261
