step,train_step_loss,train_acc,train_loss,val_acc,val_loss,avg_intra_expert_coherence,expert_diversity_e0,expert_diversity_e1,expert_diversity_e2,expert_diversity_e3,expert_diversity_mean,expert_purity_e0,expert_purity_e1,expert_purity_e2,expert_purity_e3,expert_purity_mean,inter_expert_similarity,inter_expert_similarity_e0_e0,inter_expert_similarity_e0_e1,inter_expert_similarity_e0_e2,inter_expert_similarity_e0_e3,inter_expert_similarity_e1_e0,inter_expert_similarity_e1_e1,inter_expert_similarity_e1_e2,inter_expert_similarity_e1_e3,inter_expert_similarity_e2_e0,inter_expert_similarity_e2_e1,inter_expert_similarity_e2_e2,inter_expert_similarity_e2_e3,inter_expert_similarity_e3_e0,inter_expert_similarity_e3_e1,inter_expert_similarity_e3_e2,inter_expert_similarity_e3_e3,intra_expert_coherence_e0,intra_expert_coherence_e1,intra_expert_coherence_e2,intra_expert_coherence_e3,load_cv,load_max_min_ratio,overall_task_conflict_cos,router_entropy,router_load_e0,router_load_e1,router_load_e2,router_load_e3,task_acc__glue_rte,task_conflict_t0_t0,task_grad_norm_cv,task_loss__glue_rte,utilization_ratio
50.0,0.5755676031112671,0.5016064257028112,0.7028403932849566,0.5270758122743683,0.694406047463417,1.0,0.0,0.0,0.0,0.0,0.0,1.0,1.0,1.0,1.0,1.0,-0.014513572449743028,1.0,0.0,0.0,0.0,0.0,1.0,-0.08708143469845817,0.0,0.0,-0.08708143469845817,1.0,0.0,0.0,0.0,0.0,1.0,1.0,1.0,1.0,1.0,1.0000221729278564,502353727817.5354,1.0,0.692771909038943,0.0,0.497646301984787,0.5023537278175354,0.0,0.5270758122743683,1.0,0.0,0.694406047463417,0.5
100.0,0.6747540831565857,0.5811244979919679,0.657590564321249,0.5270758122743683,0.6913567069503996,1.0,0.0,0.0,0.0,0.0,0.0,1.0,1.0,1.0,1.0,1.0,0.05037390805385692,1.0,0.0,0.0,0.0,0.0,1.0,0.30224344832314154,0.0,0.0,0.30224344832314154,1.0,0.0,0.0,0.0,0.0,1.0,1.0,1.0,1.0,1.0,1.0043472051620483,533002674579.62036,1.0,0.690604459507801,0.0,0.46699732542037964,0.5330026745796204,0.0,0.5270758122743683,1.0,0.0,0.6913567069503996,0.5
150.0,0.6553138196468353,0.6349397590361445,0.6352643076999066,0.6101083032490975,0.6597418602969911,1.0,0.0,0.0,0.0,0.0,0.0,1.0,1.0,1.0,1.0,1.0,0.022281990323431065,1.0,0.0,0.0,0.0,0.0,1.0,0.1336919419405864,0.0,0.0,0.1336919419405864,1.0,0.0,0.0,0.0,0.0,1.0,1.0,1.0,1.0,1.0,1.001881718635559,521699666976.9287,1.0,0.6917387810855136,0.0,0.4783003628253937,0.5216996669769287,0.0,0.6101083032490975,1.0,0.0,0.6597418602969911,0.5
