step,train_step_loss,train_acc,train_loss,val_acc,val_loss,avg_intra_expert_coherence,expert_diversity_e0,expert_diversity_e1,expert_diversity_e2,expert_diversity_e3,expert_diversity_mean,expert_purity_e0,expert_purity_e1,expert_purity_e2,expert_purity_e3,expert_purity_mean,inter_expert_similarity,inter_expert_similarity_e0_e0,inter_expert_similarity_e0_e1,inter_expert_similarity_e0_e2,inter_expert_similarity_e0_e3,inter_expert_similarity_e1_e0,inter_expert_similarity_e1_e1,inter_expert_similarity_e1_e2,inter_expert_similarity_e1_e3,inter_expert_similarity_e2_e0,inter_expert_similarity_e2_e1,inter_expert_similarity_e2_e2,inter_expert_similarity_e2_e3,inter_expert_similarity_e3_e0,inter_expert_similarity_e3_e1,inter_expert_similarity_e3_e2,inter_expert_similarity_e3_e3,intra_expert_coherence_e0,intra_expert_coherence_e1,intra_expert_coherence_e2,intra_expert_coherence_e3,load_cv,load_max_min_ratio,overall_task_conflict_cos,router_entropy,router_load_e0,router_load_e1,router_load_e2,router_load_e3,task_acc__glue_mrpc,task_conflict_t0_t0,task_grad_norm_cv,task_loss__glue_mrpc,utilization_ratio
50.0,0.5590723752975464,0.7110141766630316,0.5389756129163763,0.7058823529411765,0.5324759368713086,1.0,0.0,0.0,0.0,0.0,0.0,1.0,1.0,1.0,1.0,1.0,0.05608946386619379,1.0,0.33653678319716274,0.0,0.0,0.33653678319716274,1.0,0.0,0.0,0.0,0.0,1.0,0.0,0.0,0.0,0.0,1.0,1.0,1.0,1.0,1.0,1.0869796923982913,650633931159.9731,1.0,0.6441464260512707,0.6506339311599731,0.3493660092353821,0.0,0.0,0.7058823529411765,1.0,0.0,0.5324759368713086,0.5
100.0,0.6400565803050995,0.7399127589967285,0.5012269703752321,0.7254901960784313,0.5047090735573035,1.0,0.0,0.0,0.0,0.0,0.0,1.0,1.0,1.0,1.0,1.0,0.013498487222245366,1.0,0.0809909233334722,0.0,0.0,0.0809909233334722,1.0,0.0,0.0,0.0,0.0,1.0,0.0,0.0,0.0,0.0,1.0,1.0,1.0,1.0,1.0,1.1255856902105439,682668745517.7307,1.0,0.619701904409072,0.6826687455177307,0.3173311650753021,0.0,0.0,0.7254901960784313,1.0,0.0,0.5047090735573035,0.5
150.0,0.4672915041446686,0.8077971646673937,0.41318078092906785,0.7941176470588235,0.42616088702701604,1.0,0.0,0.0,0.0,0.0,0.0,1.0,1.0,1.0,1.0,1.0,0.009548862178089992,1.0,0.057293173068539954,0.0,0.0,0.057293173068539954,1.0,0.0,0.0,0.0,0.0,1.0,0.0,0.0,0.0,0.0,1.0,1.0,1.0,1.0,1.0,1.0959100723266602,658516108989.7156,1.0,0.6356378746967689,0.6585161089897156,0.3414839506149292,0.0,0.0,0.7941176470588235,1.0,0.0,0.42616088702701604,0.5
