step,train_step_loss,train_acc,train_loss,val_acc,val_loss,router_entropy,router_load_e0,router_load_e1,router_load_e2,router_load_e3
30.0,0.7915116176009178,0.632726597963979,0.6459566134486442,0.6240888140846595,0.6468476227188037,0.6579723225699531,0.5293051600456238,0.2704451382160187,0.05741892382502556,0.14283083379268646
50.0,0.5437689969937006,0.6706464100066757,0.5919975523065186,0.6615779102246541,0.602455425341449,0.6676417292544136,0.4737451374530792,0.2549550533294678,0.037940677255392075,0.23335914313793182
