step,train_step_loss,train_acc,train_loss,val_acc,val_loss,avg_intra_expert_coherence,expert_diversity_e0,expert_diversity_e1,expert_diversity_e2,expert_diversity_e3,expert_diversity_mean,expert_purity_e0,expert_purity_e1,expert_purity_e2,expert_purity_e3,expert_purity_mean,inter_expert_similarity,inter_expert_similarity_e0_e0,inter_expert_similarity_e0_e1,inter_expert_similarity_e0_e2,inter_expert_similarity_e0_e3,inter_expert_similarity_e1_e0,inter_expert_similarity_e1_e1,inter_expert_similarity_e1_e2,inter_expert_similarity_e1_e3,inter_expert_similarity_e2_e0,inter_expert_similarity_e2_e1,inter_expert_similarity_e2_e2,inter_expert_similarity_e2_e3,inter_expert_similarity_e3_e0,inter_expert_similarity_e3_e1,inter_expert_similarity_e3_e2,inter_expert_similarity_e3_e3,intra_expert_coherence_e0,intra_expert_coherence_e1,intra_expert_coherence_e2,intra_expert_coherence_e3,load_cv,load_max_min_ratio,overall_task_conflict_cos,router_entropy,router_load_e0,router_load_e1,router_load_e2,router_load_e3,task_acc__glue_mrpc,task_conflict_t0_t0,task_grad_norm_cv,task_loss__glue_mrpc,utilization_ratio
50.0,0.6761783957481384,0.6701199563794984,0.6847847220690354,0.6813725490196079,0.683596616754165,1.0,0.0,0.0,0.0,0.0,0.0,1.0,1.0,1.0,1.0,1.0,0.008126136347530498,1.0,0.0,0.0,0.04875681808518299,0.0,1.0,0.0,0.0,0.0,0.0,1.0,0.0,0.04875681808518299,0.0,0.0,1.0,1.0,1.0,1.0,1.0,1.0145750045776367,560583055019.3787,1.0,0.6857740797248542,0.43941691517829895,0.0,0.0,0.5605830550193787,0.6813725490196079,1.0,0.0,0.683596616754165,0.5
100.0,0.6623766422271729,0.6744820065430752,0.6328796143117158,0.6838235294117647,0.626824119916329,1.0,0.0,0.0,0.0,0.0,0.0,1.0,1.0,1.0,1.0,1.0,0.009279792937295478,1.0,0.0,0.0,0.05567875762377287,0.0,1.0,0.0,0.0,0.0,0.0,1.0,0.0,0.05567875762377287,0.0,0.0,1.0,1.0,1.0,1.0,1.0,1.0360903696906125,595840692520.1416,1.0,0.6746621435763789,0.40415939688682556,0.0,0.0,0.5958406925201416,0.6838235294117647,1.0,0.0,0.626824119916329,0.5
150.0,0.6224412024021149,0.6744820065430752,0.630831119094206,0.6838235294117647,0.6248420648849927,1.0,0.0,0.0,0.0,0.0,0.0,1.0,1.0,1.0,1.0,1.0,0.010830456604306815,1.0,0.0,0.0,0.06498273962584089,0.0,1.0,0.0,0.0,0.0,0.0,1.0,0.0,0.06498273962584089,0.0,0.0,1.0,1.0,1.0,1.0,1.0,1.0769689083099365,641360342502.594,1.0,0.6526315118752274,0.3586396872997284,0.0,0.0,0.641360342502594,0.6838235294117647,1.0,0.0,0.6248420648849927,0.5
