step,train_step_loss,train_acc,train_loss,val_acc,val_loss,avg_intra_expert_coherence,expert_diversity_e0,expert_diversity_e1,expert_diversity_e2,expert_diversity_e3,expert_diversity_mean,expert_purity_e0,expert_purity_e1,expert_purity_e2,expert_purity_e3,expert_purity_mean,inter_expert_similarity,inter_expert_similarity_e0_e0,inter_expert_similarity_e0_e1,inter_expert_similarity_e0_e2,inter_expert_similarity_e0_e3,inter_expert_similarity_e1_e0,inter_expert_similarity_e1_e1,inter_expert_similarity_e1_e2,inter_expert_similarity_e1_e3,inter_expert_similarity_e2_e0,inter_expert_similarity_e2_e1,inter_expert_similarity_e2_e2,inter_expert_similarity_e2_e3,inter_expert_similarity_e3_e0,inter_expert_similarity_e3_e1,inter_expert_similarity_e3_e2,inter_expert_similarity_e3_e3,intra_expert_coherence_e0,intra_expert_coherence_e1,intra_expert_coherence_e2,intra_expert_coherence_e3,load_cv,load_max_min_ratio,overall_task_conflict_cos,router_entropy,router_load_e0,router_load_e1,router_load_e2,router_load_e3,task_acc__glue_mrpc,task_conflict_t0_t0,task_grad_norm_cv,task_loss__glue_mrpc,utilization_ratio
50.0,0.5255455076694489,0.7036532170119957,0.5569162441984467,0.7132352941176471,0.5568611564544531,1.0,0.0,0.0,0.0,0.0,0.0,1.0,1.0,1.0,1.0,1.0,0.0033890745436248736,1.0,0.0,0.020334447261749242,0.0,0.0,1.0,0.0,0.0,0.020334447261749242,0.0,1.0,0.0,0.0,0.0,0.0,1.0,1.0,1.0,1.0,1.0,1.2117912299508589,741980850696.5637,1.0,0.5470467899359909,0.7419808506965637,0.0,0.2580190896987915,0.0,0.7132352941176471,1.0,0.0,0.5568611564544531,0.5
100.0,0.5273914486169815,0.7235550708833152,0.4903750643134117,0.7205882352941176,0.49827955720516354,1.0,0.0,0.0,0.0,0.0,0.0,1.0,1.0,1.0,1.0,1.0,0.0011432723519373658,1.0,0.0,0.006859634111624195,0.0,0.0,1.0,0.0,0.0,0.006859634111624195,0.0,1.0,0.0,0.0,0.0,0.0,1.0,1.0,1.0,1.0,1.0,1.1152711052025681,674581408500.6714,1.0,0.6240597402348238,0.6745814085006714,0.0,0.32541847229003906,0.0,0.7205882352941176,1.0,0.0,0.49827955720516354,0.5
150.0,0.8777274489402771,0.8328789531079608,0.4348567378261815,0.8529411764705882,0.43085312144830823,1.0,0.0,0.0,0.0,0.0,0.0,1.0,1.0,1.0,1.0,1.0,0.016168527346638813,1.0,0.0,0.09701116407983287,0.0,0.0,1.0,0.0,0.0,0.09701116407983287,0.0,1.0,0.0,0.0,0.0,0.0,1.0,1.0,1.0,1.0,1.0,1.2728754607290578,785498797893.5242,1.0,0.4812026181641747,0.7854987978935242,0.0,0.19396595656871796,0.020535096526145935,0.8529411764705882,1.0,0.0,0.43085312144830823,0.5
