step,train_step_loss,train_acc,train_loss,val_acc,val_loss,avg_intra_expert_coherence,expert_diversity_e0,expert_diversity_e1,expert_diversity_e2,expert_diversity_e3,expert_diversity_mean,expert_purity_e0,expert_purity_e1,expert_purity_e2,expert_purity_e3,expert_purity_mean,inter_expert_similarity,inter_expert_similarity_e0_e0,inter_expert_similarity_e0_e1,inter_expert_similarity_e0_e2,inter_expert_similarity_e0_e3,inter_expert_similarity_e1_e0,inter_expert_similarity_e1_e1,inter_expert_similarity_e1_e2,inter_expert_similarity_e1_e3,inter_expert_similarity_e2_e0,inter_expert_similarity_e2_e1,inter_expert_similarity_e2_e2,inter_expert_similarity_e2_e3,inter_expert_similarity_e3_e0,inter_expert_similarity_e3_e1,inter_expert_similarity_e3_e2,inter_expert_similarity_e3_e3,intra_expert_coherence_e0,intra_expert_coherence_e1,intra_expert_coherence_e2,intra_expert_coherence_e3,load_cv,load_max_min_ratio,overall_task_conflict_cos,router_entropy,router_load_e0,router_load_e1,router_load_e2,router_load_e3,task_acc__glue_mrpc,task_conflict_t0_t0,task_grad_norm_cv,task_loss__glue_mrpc,utilization_ratio
50.0,0.5861181020736694,0.6744820065430752,0.638652022830818,0.6838235294117647,0.635368175804615,1.0,0.0,0.0,0.0,0.0,0.0,1.0,1.0,1.0,1.0,1.0,0.0009574802730029178,1.0,0.005744881638017507,0.0,0.0,0.005744881638017507,1.0,0.0,0.0,0.0,0.0,1.0,0.0,0.0,0.0,0.0,1.0,1.0,1.0,1.0,1.0,1.0006952285766602,513186097145.08057,1.0,0.692799399880802,0.5131860971450806,0.48681390285491943,0.0,0.0,0.6838235294117647,1.0,0.0,0.635368175804615,0.5
100.0,0.6585525274276733,0.6744820065430752,0.6483620457027269,0.6838235294117647,0.6450662922400695,1.0,0.0,0.0,0.0,0.0,0.0,1.0,1.0,1.0,1.0,1.0,-0.007242921831790154,1.0,-0.04345753099074093,0.0,0.0,-0.04345753099074093,1.0,0.0,0.0,0.0,0.0,1.0,0.0,0.0,0.0,0.0,1.0,1.0,1.0,1.0,1.0,1.0002638697781485,508123040199.2798,1.0,0.6930151722010445,0.49187690019607544,0.5081230401992798,0.0,0.0,0.6838235294117647,1.0,0.0,0.6450662922400695,0.5
150.0,0.6316898465156555,0.6744820065430752,0.6372140780739163,0.6838235294117647,0.6294450622338515,1.0,0.0,0.0,0.0,0.0,0.0,1.0,1.0,1.0,1.0,1.0,0.005230282370864907,1.0,0.03138169422518944,0.0,0.0,0.03138169422518944,1.0,0.0,0.0,0.0,0.0,1.0,0.0,0.0,0.0,0.0,1.0,1.0,1.0,1.0,1.0,1.006041229131295,538921415805.81665,1.0,0.6901143532173306,0.5389214158058167,0.4610785245895386,0.0,0.0,0.6838235294117647,1.0,0.0,0.6294450622338515,0.5
