step,train_step_loss,train_acc,train_loss,val_acc,val_loss,avg_intra_expert_coherence,expert_diversity_e0,expert_diversity_e1,expert_diversity_e2,expert_diversity_e3,expert_diversity_mean,expert_purity_e0,expert_purity_e1,expert_purity_e2,expert_purity_e3,expert_purity_mean,inter_expert_similarity,inter_expert_similarity_e0_e0,inter_expert_similarity_e0_e1,inter_expert_similarity_e0_e2,inter_expert_similarity_e0_e3,inter_expert_similarity_e1_e0,inter_expert_similarity_e1_e1,inter_expert_similarity_e1_e2,inter_expert_similarity_e1_e3,inter_expert_similarity_e2_e0,inter_expert_similarity_e2_e1,inter_expert_similarity_e2_e2,inter_expert_similarity_e2_e3,inter_expert_similarity_e3_e0,inter_expert_similarity_e3_e1,inter_expert_similarity_e3_e2,inter_expert_similarity_e3_e3,intra_expert_coherence_e0,intra_expert_coherence_e1,intra_expert_coherence_e2,intra_expert_coherence_e3,load_cv,load_max_min_ratio,overall_task_conflict_cos,router_entropy,router_load_e0,router_load_e1,router_load_e2,router_load_e3,task_acc__glue_mrpc,task_conflict_t0_t0,task_grad_norm_cv,task_loss__glue_mrpc,utilization_ratio
50.0,0.4979539215564728,0.6744820065430752,0.6313627825483031,0.6838235294117647,0.6261299573458158,1.0,0.0,0.0,0.0,0.0,0.0,1.0,1.0,1.0,1.0,1.0,-0.03957482834651626,1.0,0.0,0.0,0.0,0.0,1.0,0.0,0.0,0.0,0.0,1.0,-0.23744897007909757,0.0,0.0,-0.23744897007909757,1.0,1.0,1.0,1.0,1.0,1.0000085830688477,501462876796.7224,1.0,0.6931428909301758,0.0,0.0,0.49853718280792236,0.5014628767967224,0.6838235294117647,1.0,0.0,0.6261299573458158,0.5
100.0,0.7858117818832397,0.6744820065430752,0.659766751203848,0.6838235294117647,0.6506743582968528,1.0,0.0,0.0,0.0,0.0,0.0,1.0,1.0,1.0,1.0,1.0,0.025963907512534534,1.0,0.0,0.0,0.0,0.0,1.0,0.0,0.0,0.0,0.0,1.0,0.1557834450752072,0.0,0.0,0.1557834450752072,1.0,1.0,1.0,1.0,1.0,1.0071065425872803,542224943637.8479,1.0,0.6895770442252066,0.0,0.0,0.5422249436378479,0.4577750265598297,0.6838235294117647,1.0,0.0,0.6506743582968528,0.5
150.0,0.659451425075531,0.6744820065430752,0.6340764614550963,0.6838235294117647,0.6284667259225478,1.0,0.0,0.0,0.0,0.0,0.0,1.0,1.0,1.0,1.0,1.0,-0.008225861994213478,1.0,0.0,0.0,0.0,0.0,1.0,0.0,-0.04935517196528087,0.0,0.0,1.0,0.0,0.0,-0.04935517196528087,0.0,1.0,1.0,1.0,1.0,1.0,1.0208544756000608,572580814361.5723,1.0,0.6825738163555369,0.0,0.4274190664291382,0.0,0.5725808143615723,0.6838235294117647,1.0,0.0,0.6284667259225478,0.5
