step,train_step_loss,train_acc,train_loss,val_acc,val_loss,avg_intra_expert_coherence,expert_diversity_e0,expert_diversity_e1,expert_diversity_e2,expert_diversity_e3,expert_diversity_mean,expert_purity_e0,expert_purity_e1,expert_purity_e2,expert_purity_e3,expert_purity_mean,inter_expert_similarity,inter_expert_similarity_e0_e0,inter_expert_similarity_e0_e1,inter_expert_similarity_e0_e2,inter_expert_similarity_e0_e3,inter_expert_similarity_e1_e0,inter_expert_similarity_e1_e1,inter_expert_similarity_e1_e2,inter_expert_similarity_e1_e3,inter_expert_similarity_e2_e0,inter_expert_similarity_e2_e1,inter_expert_similarity_e2_e2,inter_expert_similarity_e2_e3,inter_expert_similarity_e3_e0,inter_expert_similarity_e3_e1,inter_expert_similarity_e3_e2,inter_expert_similarity_e3_e3,intra_expert_coherence_e0,intra_expert_coherence_e1,intra_expert_coherence_e2,intra_expert_coherence_e3,load_cv,load_max_min_ratio,overall_task_conflict_cos,router_entropy,router_load_e0,router_load_e1,router_load_e2,router_load_e3,task_acc__glue_mrpc,task_conflict_t0_t0,task_grad_norm_cv,task_loss__glue_mrpc,utilization_ratio
50.0,0.5711492151021957,0.6744820065430752,0.63115135256363,0.6838235294117647,0.6265769847310506,1.0,0.0,0.0,0.0,0.0,0.0,1.0,1.0,1.0,1.0,1.0,0.0017996703867463857,1.0,0.0,0.0,0.0,0.0,1.0,0.010798022320478315,0.0,0.0,0.010798022320478315,1.0,0.0,0.0,0.0,0.0,1.0,1.0,1.0,1.0,1.0,1.0151647329330444,561805605888.3667,1.0,0.68548778108522,0.0,0.5618056058883667,0.4381944537162781,0.0,0.6838235294117647,1.0,0.0,0.6265769847310506,0.5
100.0,0.6609885394573212,0.6744820065430752,0.6393545555679695,0.6838235294117647,0.6348783327982976,1.0,0.0,0.0,0.0,0.0,0.0,1.0,1.0,1.0,1.0,1.0,-0.00229758163622623,1.0,0.0,0.0,0.0,0.0,1.0,-0.01378548981735738,0.0,0.0,-0.01378548981735738,1.0,0.0,0.0,0.0,0.0,1.0,1.0,1.0,1.0,1.0,1.0054402344894129,536929309368.13354,1.0,0.6904171822117824,0.0,0.5369293093681335,0.4630707800388336,0.0,0.6838235294117647,1.0,0.0,0.6348783327982976,0.5
150.0,0.6226425766944885,0.6744820065430752,0.6308885433751604,0.6838235294117647,0.6253280868897071,1.0,0.0,0.0,0.0,0.0,0.0,1.0,1.0,1.0,1.0,1.0,0.033113055499222194,1.0,0.0,0.0,0.0,0.0,1.0,0.19867833299533316,0.0,0.0,0.19867833299533316,1.0,0.0,0.0,0.0,0.0,1.0,1.0,1.0,1.0,1.0,1.001855731010437,521549344062.8052,1.0,0.6922181540844488,0.0,0.4784506559371948,0.5215493440628052,0.0,0.6838235294117647,1.0,0.0,0.6253280868897071,0.5
