step,train_step_loss,train_acc,train_loss,val_acc,val_loss,avg_intra_expert_coherence,expert_diversity_e0,expert_diversity_e1,expert_diversity_e2,expert_diversity_e3,expert_diversity_mean,expert_purity_e0,expert_purity_e1,expert_purity_e2,expert_purity_e3,expert_purity_mean,inter_expert_similarity,inter_expert_similarity_e0_e0,inter_expert_similarity_e0_e1,inter_expert_similarity_e0_e2,inter_expert_similarity_e0_e3,inter_expert_similarity_e1_e0,inter_expert_similarity_e1_e1,inter_expert_similarity_e1_e2,inter_expert_similarity_e1_e3,inter_expert_similarity_e2_e0,inter_expert_similarity_e2_e1,inter_expert_similarity_e2_e2,inter_expert_similarity_e2_e3,inter_expert_similarity_e3_e0,inter_expert_similarity_e3_e1,inter_expert_similarity_e3_e2,inter_expert_similarity_e3_e3,intra_expert_coherence_e0,intra_expert_coherence_e1,intra_expert_coherence_e2,intra_expert_coherence_e3,load_cv,load_max_min_ratio,overall_task_conflict_cos,router_entropy,router_load_e0,router_load_e1,router_load_e2,router_load_e3,task_acc__glue_mrpc,task_conflict_t0_t0,task_grad_norm_cv,task_loss__glue_mrpc,utilization_ratio
50.0,0.49227361381053925,0.6744820065430752,0.6337904988423638,0.6838235294117647,0.626646794951879,1.0,0.0,0.0,0.0,0.0,0.0,1.0,1.0,1.0,1.0,1.0,-0.05108032945993749,1.0,0.0,0.0,0.0,0.0,1.0,0.0,0.0,0.0,0.0,1.0,-0.30648197675962496,0.0,0.0,-0.30648197675962496,1.0,1.0,1.0,1.0,1.0,1.0706405169917077,635217785835.2661,1.0,0.6561198830604553,0.0,0.0,0.36478203535079956,0.6352177858352661,0.6838235294117647,1.0,0.0,0.626646794951879,0.5
100.0,0.6637645363807678,0.6744820065430752,0.6458574269128883,0.6838235294117647,0.6432666526390955,1.0,0.0,0.0,0.0,0.0,0.0,1.0,1.0,1.0,1.0,1.0,-0.0008835556347885429,1.0,0.0,-0.005301333808731257,0.0,0.0,1.0,0.0,0.0,-0.005301333808731257,0.0,1.0,0.0,0.0,0.0,0.0,1.0,1.0,1.0,1.0,1.0,1.3590019849531705,825362861156.4636,1.0,0.4631638486011356,0.17463745176792145,0.0,0.8253628611564636,0.0,0.6838235294117647,1.0,0.0,0.6432666526390955,0.5
150.0,0.6610006093978882,0.6744820065430752,0.6323549310150354,0.6838235294117647,0.6259962177047362,1.0,0.0,0.0,0.0,0.0,0.0,1.0,1.0,1.0,1.0,1.0,-0.059259282976522394,1.0,0.0,0.0,0.0,0.0,1.0,0.0,0.0,0.0,0.0,1.0,-0.3555556978591344,0.0,0.0,-0.3555556978591344,1.0,1.0,1.0,1.0,1.0,1.0484285354614258,611356675624.8474,1.0,0.6681374884119221,0.0,0.0,0.6113566756248474,0.3886432945728302,0.6838235294117647,1.0,0.0,0.6259962177047362,0.5
