step,train_step_loss,train_acc,train_loss,val_acc,val_loss,avg_intra_expert_coherence,expert_diversity_e0,expert_diversity_e1,expert_diversity_e2,expert_diversity_e3,expert_diversity_mean,expert_purity_e0,expert_purity_e1,expert_purity_e2,expert_purity_e3,expert_purity_mean,inter_expert_similarity,inter_expert_similarity_e0_e0,inter_expert_similarity_e0_e1,inter_expert_similarity_e0_e2,inter_expert_similarity_e0_e3,inter_expert_similarity_e1_e0,inter_expert_similarity_e1_e1,inter_expert_similarity_e1_e2,inter_expert_similarity_e1_e3,inter_expert_similarity_e2_e0,inter_expert_similarity_e2_e1,inter_expert_similarity_e2_e2,inter_expert_similarity_e2_e3,inter_expert_similarity_e3_e0,inter_expert_similarity_e3_e1,inter_expert_similarity_e3_e2,inter_expert_similarity_e3_e3,intra_expert_coherence_e0,intra_expert_coherence_e1,intra_expert_coherence_e2,intra_expert_coherence_e3,load_cv,load_max_min_ratio,overall_task_conflict_cos,router_entropy,router_load_e0,router_load_e1,router_load_e2,router_load_e3,task_acc__glue_mrpc,task_conflict_t0_t0,task_grad_norm_cv,task_loss__glue_mrpc,utilization_ratio
50.0,0.5761479288339615,0.6744820065430752,0.6328439097041669,0.6838235294117647,0.6287055382361779,1.0,0.0,0.0,0.0,0.0,0.0,1.0,1.0,1.0,1.0,1.0,-0.04084864094933858,1.0,0.0,-0.24509184569603149,0.0,0.0,1.0,0.0,0.0,-0.24509184569603149,0.0,1.0,0.0,0.0,0.0,0.0,1.0,1.0,1.0,1.0,1.0,1.101414680480957,663215458393.0969,1.0,0.6388797163963318,0.6632154583930969,0.0,0.3367845416069031,0.0,0.6838235294117647,1.0,0.0,0.6287055382361779,0.5
100.0,0.6795790493488312,0.6744820065430752,0.6754860528137373,0.6838235294117647,0.6744219523209792,1.0,0.0,0.0,0.0,0.0,0.0,1.0,1.0,1.0,1.0,1.0,-0.03544509872836176,1.0,0.0,-0.21267059237017055,0.0,0.0,1.0,0.0,0.0,-0.21267059237017055,0.0,1.0,0.0,0.0,0.0,0.0,1.0,1.0,1.0,1.0,1.0,1.006797432089158,541293561458.58765,1.0,0.6897330284118652,0.5412935614585876,0.0,0.4587065279483795,0.0,0.6838235294117647,1.0,0.0,0.6744219523209792,0.5
150.0,0.6473714113235474,0.6744820065430752,0.6506219593727071,0.6838235294117647,0.6413268922613218,1.0,0.0,0.0,0.0,0.0,0.0,1.0,1.0,1.0,1.0,1.0,-0.02234568412413715,1.0,0.0,0.0,0.0,0.0,1.0,0.0,0.0,0.0,0.0,1.0,-0.1340741047448229,0.0,0.0,-0.1340741047448229,1.0,1.0,1.0,1.0,1.0,1.5760301494418685,930678963661.1938,1.0,0.2518807585332908,0.0,0.0,0.9306789636611938,0.0693216547369957,0.6838235294117647,1.0,0.0,0.6413268922613218,0.25
