step,train_step_loss,train_acc,train_loss,val_acc,val_loss,avg_intra_expert_coherence,expert_diversity_e0,expert_diversity_e1,expert_diversity_e2,expert_diversity_e3,expert_diversity_mean,expert_purity_e0,expert_purity_e1,expert_purity_e2,expert_purity_e3,expert_purity_mean,inter_expert_similarity,inter_expert_similarity_e0_e0,inter_expert_similarity_e0_e1,inter_expert_similarity_e0_e2,inter_expert_similarity_e0_e3,inter_expert_similarity_e1_e0,inter_expert_similarity_e1_e1,inter_expert_similarity_e1_e2,inter_expert_similarity_e1_e3,inter_expert_similarity_e2_e0,inter_expert_similarity_e2_e1,inter_expert_similarity_e2_e2,inter_expert_similarity_e2_e3,inter_expert_similarity_e3_e0,inter_expert_similarity_e3_e1,inter_expert_similarity_e3_e2,inter_expert_similarity_e3_e3,intra_expert_coherence_e0,intra_expert_coherence_e1,intra_expert_coherence_e2,intra_expert_coherence_e3,load_cv,load_max_min_ratio,overall_task_conflict_cos,router_entropy,router_load_e0,router_load_e1,router_load_e2,router_load_e3,task_acc__glue_rte,task_conflict_t0_t0,task_grad_norm_cv,task_loss__glue_rte,utilization_ratio
50.0,0.6732887923717499,0.5140562248995983,0.6857316858493365,0.5342960288808665,0.6831123746103711,1.0,0.0,0.0,0.0,0.0,0.0,1.0,1.0,1.0,1.0,1.0,0.014319028357865035,1.0,0.0,0.016173964807773476,0.051262391282599434,0.0,1.0,0.0,0.0,0.016173964807773476,0.0,1.0,0.018477814056817303,0.051262391282599434,0.0,0.018477814056817303,1.0,1.0,1.0,1.0,1.0,0.7799398303031921,547041535377.50244,1.0,0.6882750084253855,0.5470415353775024,0.0,0.2156069576740265,0.23735156655311584,0.5342960288808665,1.0,0.0,0.6831123746103711,0.75
100.0,0.6772440969944,0.5971887550200803,0.6572504474375492,0.516245487364621,0.683747798204422,1.0,0.0,0.0,0.0,0.0,0.0,1.0,1.0,1.0,1.0,1.0,0.007972158100207434,1.0,0.0,0.04783294860124461,0.0,0.0,1.0,0.0,0.0,0.04783294860124461,0.0,1.0,0.0,0.0,0.0,0.0,1.0,1.0,1.0,1.0,1.0,1.0100938081741333,550360620021.8201,1.0,0.6863458371764917,0.44963937997817993,0.0,0.5503606200218201,0.0,0.516245487364621,1.0,0.0,0.683747798204422,0.5
150.0,0.6482283473014832,0.6694779116465863,0.6333854912947385,0.6425992779783394,0.6400756008095212,1.0,0.0,0.0,0.0,0.0,0.0,1.0,1.0,1.0,1.0,1.0,0.006230690391853142,1.0,0.0,0.03738414235111885,0.0,0.0,1.0,0.0,0.0,0.03738414235111885,0.0,1.0,0.0,0.0,0.0,0.0,1.0,1.0,1.0,1.0,1.0,1.0267874002456665,582380473613.739,1.0,0.6775806957203558,0.582380473613739,0.0,0.41761958599090576,0.0,0.6425992779783394,1.0,0.0,0.6400756008095212,0.5
