step,train_step_loss,train_acc,train_loss,val_acc,val_loss,avg_intra_expert_coherence,expert_diversity_e0,expert_diversity_e1,expert_diversity_e2,expert_diversity_e3,expert_diversity_mean,expert_purity_e0,expert_purity_e1,expert_purity_e2,expert_purity_e3,expert_purity_mean,inter_expert_similarity,inter_expert_similarity_e0_e0,inter_expert_similarity_e0_e1,inter_expert_similarity_e0_e2,inter_expert_similarity_e0_e3,inter_expert_similarity_e1_e0,inter_expert_similarity_e1_e1,inter_expert_similarity_e1_e2,inter_expert_similarity_e1_e3,inter_expert_similarity_e2_e0,inter_expert_similarity_e2_e1,inter_expert_similarity_e2_e2,inter_expert_similarity_e2_e3,inter_expert_similarity_e3_e0,inter_expert_similarity_e3_e1,inter_expert_similarity_e3_e2,inter_expert_similarity_e3_e3,intra_expert_coherence_e0,intra_expert_coherence_e1,intra_expert_coherence_e2,intra_expert_coherence_e3,load_cv,load_max_min_ratio,overall_task_conflict_cos,router_entropy,router_load_e0,router_load_e1,router_load_e2,router_load_e3,task_acc__glue_rte,task_conflict_t0_t0,task_grad_norm_cv,task_loss__glue_rte,utilization_ratio
50.0,0.5862379670143127,0.5040160642570282,0.6884067547053863,0.5270758122743683,0.6844264268875122,1.0,0.0,0.0,0.0,0.0,0.0,1.0,1.0,1.0,1.0,1.0,-0.005393564817060963,1.0,0.0,0.0,0.0,0.0,1.0,-0.03236138890236578,0.0,0.0,-0.03236138890236578,1.0,0.0,0.0,0.0,0.0,1.0,1.0,1.0,1.0,1.0,1.0052613019943237,536314845085.14404,1.0,0.6899361627626935,0.0,0.536314845085144,0.46368518471717834,0.0,0.5270758122743683,1.0,0.0,0.6844264268875122,0.5
100.0,0.6721146106719971,0.614859437751004,0.6519158703585466,0.5740072202166066,0.6736480477783415,1.0,0.0,0.0,0.0,0.0,0.0,1.0,1.0,1.0,1.0,1.0,-0.05487601581825732,1.0,0.0,0.0,0.0,0.0,1.0,-0.32925609490954394,0.0,0.0,-0.32925609490954394,1.0,0.0,0.0,0.0,0.0,1.0,1.0,1.0,1.0,1.0,1.0053606033325195,545162916183.4717,1.0,0.6883815935802804,0.0,0.5451629161834717,0.4533017873764038,0.0015353037742897868,0.5740072202166066,1.0,0.0,0.6736480477783415,0.5
150.0,0.653173953294754,0.6807228915662651,0.6241984087878313,0.6462093862815884,0.6391913344462713,1.0,0.0,0.0,0.0,0.0,0.0,1.0,1.0,1.0,1.0,1.0,-0.0021130875810959106,1.0,0.0,0.0,0.0,0.0,1.0,-0.012678525486575463,0.0,0.0,-0.012678525486575463,1.0,0.0,0.0,0.0,0.0,1.0,1.0,1.0,1.0,1.0,1.0009935498829812,540996491909.0271,1.0,0.6892430722067933,0.0,0.5409964919090271,0.4558617174625397,0.003141719615086913,0.6462093862815884,1.0,0.0,0.6391913344462713,0.5
