step,train_step_loss,train_acc,train_loss,val_acc,val_loss,alignment_reward,l_conflict,l_conflict_e0,l_conflict_e1,l_conflict_e2,l_conflict_e3,router_conflict_grad_l2,router_entropy,router_load_e0,router_load_e1,router_load_e2,router_load_e3
5.0,0.5992171764373779,0.625979772025303,0.6531737181493517,0.6166468101547794,0.6577723465123705,40.332130432128906,-40.332130432128906,-5.807124137878418,-14.28854751586914,-12.8197021484375,-7.416754722595215,0.0,1.300045776836298,0.1363924890756607,0.324571818113327,0.3423387408256531,0.19669677317142487
