method,val_acc_last_mean,val_acc_last_std,val_loss_last_mean,val_loss_last_std
baseline,0.6160076283075439,0.0,0.6596210319229768,0.0
ours,0.6166468101547794,0.0,0.6577723465123705,0.0
