step,train_step_loss,train_acc,train_loss,val_acc,val_loss,avg_intra_expert_coherence,expert_diversity_e0,expert_diversity_e1,expert_diversity_e2,expert_diversity_e3,expert_diversity_mean,expert_purity_e0,expert_purity_e1,expert_purity_e2,expert_purity_e3,expert_purity_mean,inter_expert_similarity,inter_expert_similarity_e0_e0,inter_expert_similarity_e0_e1,inter_expert_similarity_e0_e2,inter_expert_similarity_e0_e3,inter_expert_similarity_e1_e0,inter_expert_similarity_e1_e1,inter_expert_similarity_e1_e2,inter_expert_similarity_e1_e3,inter_expert_similarity_e2_e0,inter_expert_similarity_e2_e1,inter_expert_similarity_e2_e2,inter_expert_similarity_e2_e3,inter_expert_similarity_e3_e0,inter_expert_similarity_e3_e1,inter_expert_similarity_e3_e2,inter_expert_similarity_e3_e3,intra_expert_coherence_e0,intra_expert_coherence_e1,intra_expert_coherence_e2,intra_expert_coherence_e3,load_cv,load_max_min_ratio,overall_task_conflict_cos,router_entropy,router_load_e0,router_load_e1,router_load_e2,router_load_e3,task_acc__amazon_polarity,task_acc__glue_sst2,task_acc__yelp_polarity,task_conflict_t0_t0,task_conflict_t0_t1,task_conflict_t0_t2,task_conflict_t1_t0,task_conflict_t1_t1,task_conflict_t1_t2,task_conflict_t2_t0,task_conflict_t2_t1,task_conflict_t2_t2,task_grad_norm_cv,task_loss__amazon_polarity,task_loss__glue_sst2,task_loss__yelp_polarity,utilization_ratio
1.0,0.668512632449468,0.6145833333333334,0.6882795399675766,0.5520833333333334,0.6742468774318695,0.7249735362880197,0.7949241240179395,0.8345072195357812,0.889447752280099,0.9390028763557653,0.8644704930473963,0.6412804126739502,0.6256101727485657,0.5676367282867432,0.5084869861602783,0.5857535749673843,0.11075866272356118,1.0,-0.1878117826000179,0.4986747151544048,0.20161905097007687,-0.1878117826000179,1.0,-0.10313156973677463,0.19667174442761476,0.4986747151544048,-0.10313156973677463,1.0,0.05852981812606305,0.20161905097007687,0.19667174442761476,0.05852981812606305,1.0,0.5942665448615996,0.7710071487235868,0.7769841751199918,0.7576362764469007,0.5435585379600525,5.035842848088132,0.45044320508911095,1.2136966834465663,0.38583651185035706,0.1577630490064621,0.07661806046962738,0.3797823488712311,0.59375,0.53125,0.53125,1.0,0.4018676228144842,0.6061499998582679,0.4018676228144842,1.0,0.34331199259458056,0.6061499998582679,0.34331199259458056,1.0,0.4562899884497708,0.6845585703849792,0.6512412130832672,0.6869408488273621,0.75
