{
  "best_val_acc": 0.8115724536287189,
  "final_val_acc": 0.8085924724358767,
  "method": "baseline_cagrad",
  "num_eval_points": 14
}