{
  "best_val_acc": 0.8308284486958838,
  "final_val_acc": 0.7924042827219808,
  "method": "baseline_cagrad",
  "num_eval_points": 14
}