{
  "best_val_acc": 0.7736235397412908,
  "final_val_acc": 0.7736235397412908,
  "method": "baseline_avg",
  "num_eval_points": 14
}