{
  "best_val_acc": 0.8385656817262154,
  "final_val_acc": 0.8279881626933395,
  "method": "baseline_cagrad",
  "num_eval_points": 14
}