{
  "best_val_acc": 0.7870318969704196,
  "final_val_acc": 0.7870318969704196,
  "method": "baseline_avg",
  "num_eval_points": 14
}