{
  "best_val_acc": 0.7761356325374463,
  "final_val_acc": 0.7649874077511217,
  "method": "baseline_avg",
  "num_eval_points": 14
}