{
  "best_val_acc": 0.7870055782834541,
  "final_val_acc": 0.7870055782834541,
  "method": "ours",
  "num_eval_points": 14
}