{
  "best_val_acc": 0.7635819921294259,
  "final_val_acc": 0.7194700177133502,
  "method": "ours",
  "num_eval_points": 14
}