{
  "best_val_acc": 0.7641526978828748,
  "final_val_acc": 0.7328351853748388,
  "method": "ours",
  "num_eval_points": 14
}