method,val_acc_last_mean,val_acc_last_std,val_loss_last_mean,val_loss_last_std
ours,0.746436927123881,0.029200668021300145,0.5518484276752315,0.05133967853259042
baseline_avg,0.7752142814876107,0.009069646105280667,0.5072503242863574,0.037390084549504675
baseline_cagrad,0.8096616392837324,0.01454671708130809,0.4525244570772604,0.03841887079672297
