{
  "baseline_avg": {
    "num_common_steps": 14,
    "seeds": [
      2,
      3,
      5
    ],
    "steps": [
      30,
      60,
      90,
      120,
      150,
      180,
      210,
      240,
      270,
      300,
      330,
      360,
      390,
      400
    ],
    "train_acc_last_mean": 0.8021308982295682,
    "train_acc_last_std": 0.012538702524980874,
    "train_loss_last_mean": 0.4574162371046737,
    "train_loss_last_std": 0.026184376230008802,
    "val_acc_last_mean": 0.7752142814876107,
    "val_acc_last_std": 0.009069646105280667,
    "val_loss_last_mean": 0.5072503242863574,
    "val_loss_last_std": 0.037390084549504675
  },
  "baseline_cagrad": {
    "num_common_steps": 14,
    "seeds": [
      2,
      3,
      5
    ],
    "steps": [
      30,
      60,
      90,
      120,
      150,
      180,
      210,
      240,
      270,
      300,
      330,
      360,
      390,
      400
    ],
    "train_acc_last_mean": 0.8569759449260591,
    "train_acc_last_std": 0.0147242807661894,
    "train_loss_last_mean": 0.3392188262734323,
    "train_loss_last_std": 0.02847126093597082,
    "val_acc_last_mean": 0.8096616392837324,
    "val_acc_last_std": 0.01454671708130809,
    "val_loss_last_mean": 0.4525244570772604,
    "val_loss_last_std": 0.03841887079672297
  },
  "ours": {
    "num_common_steps": 14,
    "seeds": [
      2,
      3,
      5
    ],
    "steps": [
      30,
      60,
      90,
      120,
      150,
      180,
      210,
      240,
      270,
      300,
      330,
      360,
      390,
      400
    ],
    "train_acc_last_mean": 0.7715755101693582,
    "train_acc_last_std": 0.028270247545902922,
    "train_loss_last_mean": 0.5005263999918261,
    "train_loss_last_std": 0.04358752575487955,
    "val_acc_last_mean": 0.746436927123881,
    "val_acc_last_std": 0.029200668021300145,
    "val_loss_last_mean": 0.5518484276752315,
    "val_loss_last_std": 0.05133967853259042
  }
}