{
  "baseline": {
    "num_common_steps": 20,
    "seeds": [
      2,
      3,
      5,
      7,
      11
    ],
    "steps": [
      50,
      100,
      150,
      200,
      250,
      300,
      350,
      400,
      450,
      500,
      550,
      600,
      650,
      700,
      750,
      800,
      850,
      900,
      950,
      1000
    ],
    "train_acc_last_mean": 0.984016064257028,
    "train_acc_last_std": 0.01397774995882342,
    "train_loss_last_mean": 0.08627828038524243,
    "train_loss_last_std": 0.07879393308285705,
    "val_acc_last_mean": 0.7328519855595668,
    "val_acc_last_std": 0.023507322160432786,
    "val_loss_last_mean": 2.045162564565544,
    "val_loss_last_std": 0.4077417322825176
  },
  "cagrad": {
    "num_common_steps": 20,
    "seeds": [
      2,
      3,
      5,
      7,
      11
    ],
    "steps": [
      50,
      100,
      150,
      200,
      250,
      300,
      350,
      400,
      450,
      500,
      550,
      600,
      650,
      700,
      750,
      800,
      850,
      900,
      950,
      1000
    ],
    "train_acc_last_mean": 0.983855421686747,
    "train_acc_last_std": 0.005838644769602022,
    "train_loss_last_mean": 0.08071443560010848,
    "train_loss_last_std": 0.03614128799619433,
    "val_acc_last_mean": 0.7191335740072201,
    "val_acc_last_std": 0.02809397322504508,
    "val_loss_last_mean": 1.9640614644275451,
    "val_loss_last_std": 0.3682317907885882
  },
  "ours": {
    "num_common_steps": 20,
    "seeds": [
      2,
      3,
      5,
      7,
      11
    ],
    "steps": [
      50,
      100,
      150,
      200,
      250,
      300,
      350,
      400,
      450,
      500,
      550,
      600,
      650,
      700,
      750,
      800,
      850,
      900,
      950,
      1000
    ],
    "train_acc_last_mean": 0.9905220883534136,
    "train_acc_last_std": 0.0026347340509006853,
    "train_loss_last_mean": 0.03606848703394858,
    "train_loss_last_std": 0.010356502982768528,
    "val_acc_last_mean": 0.7552346570397112,
    "val_acc_last_std": 0.015384314622861026,
    "val_loss_last_mean": 1.4687827821413522,
    "val_loss_last_std": 0.11486339875438925
  }
}