ts_epoch,event,phase,completed_jobs,total_jobs,failed_jobs,percent,eta_sec,elapsed_sec
1774161228.118182,init,,0,0,0,0.0,,1.6450881958007812e-05
1774161228.1185167,pipeline_start,,0,0,0,0.0,,0.0002899169921875
1774161228.119125,lock_wait,,0,0,0,0.0,,0.0005879402160644531
1774161228.1193516,lock_acquired,,0,0,0,0.0,,0.0012102127075195312
1774161228.119537,method_start,,0,0,0,0.0,,0.001413583755493164
1774161228.1197817,lock_wait,,0,0,0,0.0,,0.0016472339630126953
1774161228.1199808,lock_acquired,,0,0,0,0.0,,0.00185394287109375
1774161228.1201766,lock_released,,0,0,0,0.0,,0.0020494461059570312
1774161228.1213987,lock_wait,,0,0,0,0.0,,0.0032520294189453125
1774161228.1216028,lock_acquired,,0,0,0,0.0,,0.003473043441772461
1774161228.1217957,plan_add,,0,64,0,0.0,,0.003663778305053711
1774161228.1219838,phase_start,baseline:coord:train.lr,0,64,0,0.0,,0.0038573741912841797
1774161305.8721466,group_slots,baseline:coord:train.lr,0,64,0,0.0,,77.7537522315979
1774161305.8865159,group_start,baseline:coord:train.lr,0,64,0,0.0,,77.75427985191345
1774162505.4918013,job_done,baseline:coord:train.lr,1,64,0,1.5625,80474.5225610733,1277.3733739852905
1774162507.0360467,job_done,baseline:coord:train.lr,2,64,0,3.125,39646.44949245453,1278.9177255630493
1774162509.5852873,job_done,baseline:coord:train.lr,3,64,0,4.6875,26056.493829488754,1281.466909646988
1774162509.7117934,job_done,baseline:coord:train.lr,4,64,0,6.25,19223.8967192173,1281.5931146144867
1774162509.7132785,job_done,baseline:coord:train.lr,5,64,0,7.8125,15122.810329341888,1281.5940957069397
1774162509.7825768,job_done,baseline:coord:train.lr,6,64,0,9.375,12389.421298980713,1281.6642723083496
1774163696.958855,job_done,baseline:coord:train.lr,7,64,0,10.9375,20103.41508742741,2468.840449333191
1774163703.15745,job_done,baseline:coord:train.lr,8,64,0,12.5,17325.2743871212,2475.0391981601715
1774163708.5047219,job_done,baseline:coord:train.lr,9,64,0,14.0625,15157.91697912746,2480.3864147663116
1774163709.5819902,job_done,baseline:coord:train.lr,10,64,0,15.625,13399.903792333604,2481.4636652469635
1774163709.839426,job_done,baseline:coord:train.lr,11,64,0,17.1875,11957.383432865143,2481.7210898399353
1774163709.9060588,job_done,baseline:coord:train.lr,12,64,0,18.75,10754.413595755894,2481.787752866745
1774164865.2149785,job_done,baseline:coord:train.lr,13,64,0,20.3125,14268.610026763035,3637.096673488617
1774164892.4933667,job_done,baseline:coord:train.lr,14,64,0,21.875,13087.053937571389,3664.375102519989
1774164905.4995673,job_done,baseline:coord:train.lr,15,64,0,23.4375,12012.733165311814,3677.3672955036163
1774164907.4869804,job_done,baseline:coord:train.lr,16,64,0,25.0,11038.10562801361,3679.3685426712036
1774164908.2019506,job_done,baseline:coord:train.lr,17,64,0,26.5625,10174.349035641726,3680.083693742752
1774164908.2687724,job_done,baseline:coord:train.lr,18,64,0,28.125,9404.829042302237,3680.150494813919
1774166041.2012715,job_done,baseline:coord:train.lr,19,64,0,29.6875,11399.406982597551,4813.082948207855
1774166070.369595,job_done,baseline:coord:train.lr,20,64,0,31.25,10652.952850770951,4842.251295804977
1774166101.085515,job_done,baseline:coord:train.lr,21,64,0,32.8125,9977.980045681907,4872.966999053955
1774166104.1917984,job_done,baseline:coord:train.lr,22,64,0,34.375,9308.86742734909,4876.073414325714
1774166105.3960576,job_done,baseline:coord:train.lr,23,64,0,35.9375,8694.277779288914,4877.277778625488
1774166105.455994,job_done,baseline:coord:train.lr,24,64,0,37.5,8128.895717859268,4877.337430715561
1774167218.6275387,job_done,baseline:coord:train.lr,25,64,0,39.0625,9345.1944901371,5990.509288549423
1774167247.8362556,job_done,baseline:coord:train.lr,26,64,0,40.625,8798.049183111923,6019.717862129211
1774167295.171344,job_done,baseline:coord:train.lr,27,64,0,42.1875,8314.109698322085,6067.053023099899
1774167300.3480759,job_done,baseline:coord:train.lr,28,64,0,43.75,7807.152612856456,6072.229809999466
1774167301.6392107,job_done,baseline:coord:train.lr,29,64,0,45.3125,7330.1115291694105,6073.520981311798
1774167301.6991816,job_done,baseline:coord:train.lr,30,64,0,46.875,6883.391804154714,6073.581003665924
1774168398.6031868,job_done,baseline:coord:train.lr,31,64,0,48.4375,7633.096842227443,7170.484912395477
1774168428.0032256,job_done,baseline:coord:train.lr,32,64,0,50.0,7199.884915113449,7199.884915113449
1774168487.3648064,job_done,baseline:coord:train.lr,33,64,0,51.5625,6819.292162201621,7259.246495246887
1774168495.865592,job_done,baseline:coord:train.lr,34,64,0,53.125,6412.71817424718,7267.747264146805
1774168498.164972,job_done,baseline:coord:train.lr,35,64,0,54.6875,6023.752930218832,7270.046639919281
1774168498.226003,job_done,baseline:coord:train.lr,36,64,0,56.25,5654.52830836508,7270.107825040817
1774169581.187181,job_done,baseline:coord:train.lr,37,64,0,57.8125,6095.482685662605,8353.068865537643
1774169610.7975924,job_done,baseline:coord:train.lr,38,64,0,59.375,5735.517394141148,8382.679268360138
1774169675.646282,job_done,baseline:coord:train.lr,39,64,0,60.9375,5415.0820560944385,8447.528007507324
1774169689.5091732,job_done,baseline:coord:train.lr,40,64,0,62.5,5076.834538221359,8461.390897035599
1774169692.7872934,job_done,baseline:coord:train.lr,41,64,0,64.0625,4748.47285173579,8464.668996572495
1774169692.9114313,job_done,baseline:coord:train.lr,42,64,0,65.625,4433.9391983350115,8464.793015003204
1774170767.193628,job_done,baseline:coord:train.lr,43,64,0,67.1875,4658.618172784185,9539.07530617714
1774170796.8217134,job_done,baseline:coord:train.lr,44,64,0,68.75,4349.4105745445595,9568.703263998032
1774170862.123605,job_done,baseline:coord:train.lr,45,64,0,70.3125,4067.691127692329,9634.0053024292
1774170883.110663,job_done,baseline:coord:train.lr,46,64,0,71.875,3778.040460565816,9654.99228811264
1774170888.0387442,job_done,baseline:coord:train.lr,47,64,0,73.4375,3494.013747869654,9659.920361757278
1774170888.097842,job_done,baseline:coord:train.lr,48,64,0,75.0,3219.9931823412576,9659.979547023773
1774171953.4223197,job_done,baseline:coord:train.lr,49,64,0,76.5625,3283.2563299305584,10725.304011106491
1774171983.0862544,job_done,baseline:coord:train.lr,50,64,0,78.125,3011.3910252952574,10754.967947483063
1774172048.7274284,job_done,baseline:coord:train.lr,51,64,0,79.6875,2758.1944782593673,10820.609107017517
1774172076.255996,job_done,baseline:coord:train.lr,52,64,0,81.25,2503.416390565725,10848.137692451477
1774172083.0862358,job_done,baseline:coord:train.lr,53,64,0,82.8125,2252.9178705980194,10854.967921972275
1774172083.1450443,job_done,baseline:coord:train.lr,54,64,0,84.375,2010.1901370507699,10855.026740074158
1774173140.3834171,job_done,baseline:coord:train.lr,55,64,0,85.9375,1949.2797393842177,11912.265074014664
1774173170.19815,job_done,baseline:coord:train.lr,56,64,0,87.5,1706.0113931724004,11942.079752206802
1774173236.1019573,job_done,baseline:coord:train.lr,57,64,0,89.0625,1474.6646605249036,12007.983664274216
1774173268.8017402,job_done,baseline:coord:train.lr,58,64,0,90.625,1245.586512294309,12040.669618844986
1774173277.7614453,job_done,baseline:coord:train.lr,59,64,0,92.1875,1021.1561910378731,12049.643054246902
1774173277.821407,job_done,baseline:coord:train.lr,60,64,0,93.75,803.3135379155477,12049.703068733215
1774173981.7620025,job_done,baseline:coord:train.lr,61,64,0,95.3125,627.2283787649186,12753.643701553345
1774173997.847144,job_done,baseline:coord:train.lr,62,64,0,96.875,411.9267366701557,12769.728836774826
1774174020.7542279,job_done,baseline:coord:train.lr,63,64,0,98.4375,203.0577129750025,12792.635917425156
1774174027.2908323,job_done,baseline:coord:train.lr,64,64,0,100.0,,12799.172523736954
1774174027.2916877,group_end,baseline:coord:train.lr,64,64,0,100.0,,12799.173489809036
1774174027.2920277,phase_end,,64,64,0,100.0,,12799.173797369003
1774174028.1080956,lock_released,,64,64,0,100.0,,12799.989812850952
1774174028.1120386,lock_wait,,64,64,0,100.0,,12799.99378490448
1774174028.1125019,lock_acquired,,64,64,0,100.0,,12799.994232654572
1774174028.112876,plan_add,,64,128,0,50.0,12799.99462723732,12799.99462723732
1774174028.1132495,phase_start,baseline:coord:train.weight_decay,64,128,0,50.0,12799.99500155449,12799.99500155449
1774174105.7402802,group_slots,baseline:coord:train.weight_decay,64,128,0,50.0,12877.621898174286,12877.621898174286
1774174105.7407079,group_start,baseline:coord:train.weight_decay,64,128,0,50.0,12877.622439622879,12877.622439622879
1774175303.3715754,job_done,baseline:coord:train.weight_decay,65,128,0,50.78125,13642.168565236603,14075.253281593323
1774175307.1937237,job_done,baseline:coord:train.weight_decay,66,128,0,51.5625,13225.79813135754,14079.0754301548
1774175309.5295336,job_done,baseline:coord:train.weight_decay,67,128,0,52.34375,12820.38929415461,14081.411191940308
1774175309.6369655,job_done,baseline:coord:train.weight_decay,68,128,0,53.125,12424.869422561982,14081.51867890358
1774175309.8346753,job_done,baseline:coord:train.weight_decay,69,128,0,53.90625,12040.887926367746,14081.716388463974
1774175309.8891592,job_done,baseline:coord:train.weight_decay,70,128,0,54.6875,11667.752983828952,14081.770842552185
1774176483.9017777,job_done,baseline:coord:train.weight_decay,71,128,0,55.46875,12247.600814641362,15255.783470869064
1774176502.3636808,job_done,baseline:coord:train.weight_decay,72,128,0,56.25,11879.968633280861,15274.24538564682
1774176508.558877,job_done,baseline:coord:train.weight_decay,73,128,0,57.03125,11512.66067099898,15280.44052696228
1774176509.732037,job_done,baseline:coord:train.weight_decay,74,128,0,57.8125,11151.447856123383,15281.613728761673
1774176509.944892,job_done,baseline:coord:train.weight_decay,75,128,0,58.59375,10799.157468264899,15281.826606035233
1774176510.0046895,job_done,baseline:coord:train.weight_decay,76,128,0,59.375,10456.027568315205,15281.886445999146
1774177645.4052122,job_done,baseline:coord:train.weight_decay,77,128,0,60.15625,10873.78742335369,16417.286894083023
1774177689.649443,job_done,baseline:coord:train.weight_decay,78,128,0,60.9375,10552.263560203404,16461.531153917313
1774177705.1693943,job_done,baseline:coord:train.weight_decay,79,128,0,61.71875,10219.943066352529,16477.051066160202
1774177707.5792942,job_done,baseline:coord:train.weight_decay,80,128,0,62.5,9887.676623010635,16479.46103835106
1774177708.134036,job_done,baseline:coord:train.weight_decay,81,128,0,63.28125,9562.478282260307,16480.015763044357
1774177708.2014523,job_done,baseline:coord:train.weight_decay,82,128,0,64.0625,9244.92463112459,16480.08303809166
1774178822.568361,job_done,baseline:coord:train.weight_decay,83,128,0,64.84375,9539.159695326563,17594.45010471344
1774178867.578372,job_done,baseline:coord:train.weight_decay,84,128,0,65.625,9239.717131887162,17639.459979057312
1774178900.8821533,job_done,baseline:coord:train.weight_decay,85,128,0,66.40625,8940.339366876377,17672.76386475563
1774178904.994934,job_done,baseline:coord:train.weight_decay,86,128,0,67.1875,8632.893131283827,17676.876411676407
1774178905.9794836,job_done,baseline:coord:train.weight_decay,87,128,0,67.96875,8330.94601505104,17677.86105632782
1774178906.039467,job_done,baseline:coord:train.weight_decay,88,128,0,68.75,8035.418704097921,17677.921149015427
1774180000.6629107,job_done,baseline:coord:train.weight_decay,89,128,0,69.53125,8226.171234232655,18772.54461145401
1774180045.6421819,job_done,baseline:coord:train.weight_decay,90,128,0,70.3125,7945.176746214761,18817.523872613907
1774180093.8639278,job_done,baseline:coord:train.weight_decay,91,128,0,71.09375,7670.687739238634,18865.745520830154
1774180100.3718097,job_done,baseline:coord:train.weight_decay,92,128,0,71.875,7384.794823470323,18872.253437757492
1774180102.0043397,job_done,baseline:coord:train.weight_decay,93,128,0,72.65625,7103.07538394005,18873.886020183563
1774180102.0639746,job_done,baseline:coord:train.weight_decay,94,128,0,73.4375,6826.746322170216,18873.945714235306
1774181181.932674,job_done,baseline:coord:train.weight_decay,95,128,0,74.21875,6931.324956540057,19953.81426882744
1774181227.0609362,job_done,baseline:coord:train.weight_decay,96,128,0,75.0,6666.314190705617,19998.94257211685
1774181284.5222142,job_done,baseline:coord:train.weight_decay,97,128,0,75.78125,6409.77853791001,20056.40381217003
1774181295.4368708,job_done,baseline:coord:train.weight_decay,98,128,0,76.5625,6143.0567006918845,20067.31855559349
1774181297.4989848,job_done,baseline:coord:train.weight_decay,99,128,0,77.34375,5878.909460508462,20069.380572080612
1774181297.560666,job_done,baseline:coord:train.weight_decay,100,128,0,78.125,5619.443857707977,20069.44234895706
1774182366.0672479,job_done,baseline:coord:train.weight_decay,101,128,0,78.90625,5650.73884340088,21137.949006795883
1774182411.4117396,job_done,baseline:coord:train.weight_decay,102,128,0,79.6875,5399.663036365135,21183.29345035553
1774182471.3122718,job_done,baseline:coord:train.weight_decay,103,128,0,80.46875,5156.115021809791,21243.19388985634
1774182489.2043648,job_done,baseline:coord:train.weight_decay,104,128,0,81.25,4906.404444804559,21261.08592748642
1774182492.165597,job_done,baseline:coord:train.weight_decay,105,128,0,82.03125,4657.838929739452,21264.04728794098
1774182492.2847464,job_done,baseline:coord:train.weight_decay,106,128,0,82.8125,4413.31757885555,21264.166516304016
1774183551.831564,job_done,baseline:coord:train.weight_decay,107,128,0,83.59375,4381.289498839423,22323.71316075325
1774183597.1389372,job_done,baseline:coord:train.weight_decay,108,128,0,84.375,4142.411208064467,22369.020523548126
1774183657.4560144,job_done,baseline:coord:train.weight_decay,109,128,0,85.15625,3909.7010748911343,22429.337745428085
1774183683.100138,job_done,baseline:coord:train.weight_decay,110,128,0,85.9375,3674.451578170603,22454.98186659813
1774183687.3613691,job_done,baseline:coord:train.weight_decay,111,128,0,86.71875,3439.703887488391,22459.24303007126
1774183687.4429421,job_done,baseline:coord:train.weight_decay,112,128,0,87.5,3208.474948099681,22459.32463669777
1774184737.786989,job_done,baseline:coord:train.weight_decay,113,128,0,88.28125,3120.752471347826,23509.668617486954
1774184783.1273143,job_done,baseline:coord:train.weight_decay,114,128,0,89.0625,2892.7204018475713,23555.008986473083
1774184843.5302787,job_done,baseline:coord:train.weight_decay,115,128,0,89.84375,2669.5683123899544,23615.411994218826
1774184876.3788562,job_done,baseline:coord:train.weight_decay,116,128,0,90.625,2446.3717708998715,23648.26045203209
1774184882.60027,job_done,baseline:coord:train.weight_decay,117,128,0,91.40625,2223.925643761953,23654.481847286224
1774184882.6586475,job_done,baseline:coord:train.weight_decay,118,128,0,92.1875,2004.6220632124755,23654.54034590721
1774185924.0675213,job_done,baseline:coord:train.weight_decay,119,128,0,92.96875,1867.7608678260772,24695.94925236702
1774185969.5058296,job_done,baseline:coord:train.weight_decay,120,128,0,93.75,1649.4258341948191,24741.387512922287
1774186030.1349232,job_done,baseline:coord:train.weight_decay,121,128,0,94.53125,1434.827408081244,24802.016625404358
1774186068.4288225,job_done,baseline:coord:train.weight_decay,122,128,0,95.3125,1221.6546110911447,24840.310425519943
1774186076.6334267,job_done,baseline:coord:train.weight_decay,123,128,0,96.09375,1010.1022411168105,24848.51513147354
1774186076.7533612,job_done,baseline:coord:train.weight_decay,124,128,0,96.875,801.5688726825099,24848.635053157806
1774186770.7971053,job_done,baseline:coord:train.weight_decay,125,128,0,97.65625,613.0242922267914,25542.678842782974
1774186794.8939319,job_done,baseline:coord:train.weight_decay,126,128,0,98.4375,405.8218355822185,25566.775641679764
1774186815.8936942,job_done,baseline:coord:train.weight_decay,127,128,0,99.21875,201.4785462045294,25587.775367975235
1774186823.3805835,job_done,baseline:coord:train.weight_decay,128,128,0,100.0,,25595.262167930603
1774186823.3817303,group_end,baseline:coord:train.weight_decay,128,128,0,100.0,,25595.263438224792
1774186823.3820977,phase_end,,128,128,0,100.0,,25595.263852357864
1774186824.3223796,lock_released,,128,128,0,100.0,,25596.20406985283
1774186824.3263526,lock_wait,,128,128,0,100.0,,25596.208057165146
1774186824.3267622,lock_acquired,,128,128,0,100.0,,25596.20852804184
1774186824.3271196,plan_add,,128,192,0,66.66666666666667,12798.104441165922,25596.208882331848
1774186824.3275037,phase_start,baseline:coord:train.grad_clip,128,192,0,66.66666666666667,12798.104623913765,25596.20924782753
1774186901.8566515,group_slots,baseline:coord:train.grad_clip,128,192,0,66.66666666666667,12836.869181275368,25673.738362550735
1774186901.856928,group_start,baseline:coord:train.grad_clip,128,192,0,66.66666666666667,12836.869374155998,25673.738748311996
1774188103.0355234,job_done,baseline:coord:train.grad_clip,129,192,0,67.1875,13124.959497163463,26874.917065620422
1774188106.0189137,job_done,baseline:coord:train.grad_clip,130,192,0,67.70833333333333,12818.691079128705,26877.900649785995
1774188106.238466,job_done,baseline:coord:train.grad_clip,131,192,0,68.22916666666667,12515.765830893553,26878.120063066483
1774188107.4790733,job_done,baseline:coord:train.grad_clip,132,192,0,68.75,12217.891262227839,26879.360776901245
1774188107.5795681,job_done,baseline:coord:train.grad_clip,133,192,0,69.27083333333333,11923.97151093734,26879.46120262146
1774188107.6333103,job_done,baseline:coord:train.grad_clip,134,192,0,69.79166666666667,11634.416942717426,26879.51500558853
1774189292.9190629,job_done,baseline:coord:train.grad_clip,135,192,0,70.3125,11849.58252913157,28064.800726890564
1774189303.714263,job_done,baseline:coord:train.grad_clip,136,192,0,70.83333333333333,11560.539526939392,28075.595993995667
1774189304.5398636,job_done,baseline:coord:train.grad_clip,137,192,0,71.35416666666667,11271.556026570117,28076.42137527466
1774189307.4483426,job_done,baseline:coord:train.grad_clip,138,192,0,71.875,10987.563923089401,28079.330025672913
1774189307.7117844,job_done,baseline:coord:train.grad_clip,139,192,0,72.39583333333333,10706.607595668424,28079.593505620956
1774189307.7793083,job_done,baseline:coord:train.grad_clip,140,192,0,72.91666666666667,10429.5883790493,28079.66102051735
1774190449.6904368,job_done,baseline:coord:train.grad_clip,141,192,0,73.4375,10569.504800030527,29221.57209420204
1774190499.5227811,job_done,baseline:coord:train.grad_clip,142,192,0,73.95833333333333,10306.832541882153,29271.404418945312
1774190501.2164757,job_done,baseline:coord:train.grad_clip,143,192,0,74.47916666666667,10030.642029558863,29273.09816789627
1774190505.7050455,job_done,baseline:coord:train.grad_clip,144,192,0,75.0,9759.195597171783,29277.58679151535
1774190506.236153,job_done,baseline:coord:train.grad_clip,145,192,0,75.52083333333333,9490.148584148801,29278.117972373962
1774190506.2945783,job_done,baseline:coord:train.grad_clip,146,192,0,76.04166666666667,9224.630901976807,29278.176341056824
1774191610.4026017,job_done,baseline:coord:train.grad_clip,147,192,0,76.5625,9300.699264808576,30382.28426504135
1774191691.4240222,job_done,baseline:coord:train.grad_clip,148,192,0,77.08333333333333,9056.658467460324,30463.305754184723
1774191695.9719315,job_done,baseline:coord:train.grad_clip,149,192,0,77.60416666666667,8792.736291171721,30467.85366010666
1774191702.0920033,job_done,baseline:coord:train.grad_clip,150,192,0,78.125,8532.712655572892,30473.973769903183
1774191702.5716228,job_done,baseline:coord:train.grad_clip,151,192,0,78.64583333333333,8274.520451029404,30474.45336842537
1774191702.7802703,job_done,baseline:coord:train.grad_clip,152,192,0,79.16666666666667,8019.64788995291,30474.66198182106
1774192784.5455506,job_done,baseline:coord:train.grad_clip,153,192,0,79.6875,8043.795174542594,31556.427223205566
1774192877.2686603,job_done,baseline:coord:train.grad_clip,154,192,0,80.20833333333333,7809.530581864444,31649.15025281906
1774192887.9183834,job_done,baseline:coord:train.grad_clip,155,192,0,80.72916666666667,7557.500654768174,31659.800040245056
1774192897.1912098,job_done,baseline:coord:train.grad_clip,156,192,0,81.25,7308.247598042855,31669.07292485237
1774192898.1108024,job_done,baseline:coord:train.grad_clip,157,192,0,81.77083333333333,7060.18939867141,31669.992445468903
1774192898.223832,job_done,baseline:coord:train.grad_clip,158,192,0,82.29166666666667,6815.085984329634,31670.105456590652
1774193967.2819412,job_done,baseline:coord:train.grad_clip,159,192,0,82.8125,6794.920768985208,32739.16370511055
1774194061.5841303,job_done,baseline:coord:train.grad_clip,160,192,0,83.33333333333333,6566.693166208267,32833.465831041336
1774194075.9207737,job_done,baseline:coord:train.grad_clip,161,192,0,83.85416666666667,6324.732130475666,32847.80235505104
1774194091.6633031,job_done,baseline:coord:train.grad_clip,162,192,0,84.375,6085.8416656211575,32863.54499435425
1774194093.7272522,job_done,baseline:coord:train.grad_clip,163,192,0,84.89583333333333,5847.255585897188,32865.60898280144
1774194093.791795,job_done,baseline:coord:train.grad_clip,164,192,0,85.41666666666667,5611.212548709497,32865.6734995842
1774195153.0079763,job_done,baseline:coord:train.grad_clip,165,192,0,85.9375,5551.345591046594,33924.889723062515
1774195247.5637653,job_done,baseline:coord:train.grad_clip,166,192,0,86.45833333333333,5328.34683660714,34019.445187568665
1774195261.515796,job_done,baseline:coord:train.grad_clip,167,192,0,86.97916666666667,5094.819968974519,34033.39739274979
1774195286.1099114,job_done,baseline:coord:train.grad_clip,168,192,0,87.5,4865.42737708773,34057.991639614105
1774195289.3054457,job_done,baseline:coord:train.grad_clip,169,192,0,88.02083333333333,4635.54618358471,34061.18717503548
1774195289.4313207,job_done,baseline:coord:train.grad_clip,170,192,0,88.54166666666667,4407.934639414619,34061.31312274933
1774196338.7466724,job_done,baseline:coord:train.grad_clip,171,192,0,89.0625,4311.831554304089,35110.62837076187
1774196433.327735,job_done,baseline:coord:train.grad_clip,172,192,0,89.58333333333333,4093.629007394924,35205.209463596344
1774196447.0884488,job_done,baseline:coord:train.grad_clip,173,192,0,90.10416666666667,3867.9793799543654,35218.97014379501
1774196479.944088,job_done,baseline:coord:train.grad_clip,174,192,0,90.625,3646.7405861575025,35251.825666189194
1774196484.4957888,job_done,baseline:coord:train.grad_clip,175,192,0,91.14583333333333,3424.905240870885,35256.37747955322
1774196484.702999,job_done,baseline:coord:train.grad_clip,176,192,0,91.66666666666667,3205.144073117863,35256.58480429649
1774197524.6480079,job_done,baseline:coord:train.grad_clip,177,192,0,92.1875,3075.977085364067,36296.52960729599
1774197619.5137222,job_done,baseline:coord:train.grad_clip,178,192,0,92.70833333333333,2862.2445893394815,36391.39549303055
1774197632.8970132,job_done,baseline:coord:train.grad_clip,179,192,0,93.22916666666667,2643.922469349547,36404.778616428375
1774197672.6735718,job_done,baseline:coord:train.grad_clip,180,192,0,93.75,2429.637017583847,36444.555263757706
1774197678.8792808,job_done,baseline:coord:train.grad_clip,181,192,0,94.27083333333333,2215.2396209964436,36450.76103639603
1774197679.08581,job_done,baseline:coord:train.grad_clip,182,192,0,94.79166666666667,2002.8004187280007,36450.96762084961
1774198711.3867483,job_done,baseline:coord:train.grad_clip,183,192,0,95.3125,1843.439433117382,37483.268473386765
1774198806.6827097,job_done,baseline:coord:train.grad_clip,184,192,0,95.83333333333333,1633.8506256704743,37578.564390420914
1774198819.732579,job_done,baseline:coord:train.grad_clip,185,192,0,96.35416666666667,1422.385407822841,37591.61434960365
1774198864.9163935,job_done,baseline:coord:train.grad_clip,186,192,0,96.875,1214.0902610978774,37636.798094034195
1774198873.0805156,job_done,baseline:coord:train.grad_clip,187,192,0,97.39583333333333,1006.5497910721417,37644.9621860981
1774198873.2020652,job_done,baseline:coord:train.grad_clip,188,192,0,97.91666666666667,800.9592307527014,37645.08384537697
1774199560.614897,job_done,baseline:coord:train.grad_clip,189,192,0,98.4375,608.4521051853421,38332.48262667656
1774199609.7320683,job_done,baseline:coord:train.grad_clip,190,192,0,98.95833333333333,404.0169873137223,38381.61379480362
1774199614.7951481,job_done,baseline:coord:train.grad_clip,191,192,0,99.47916666666667,200.9773659194327,38386.67689061165
1774199623.508362,job_done,baseline:coord:train.grad_clip,192,192,0,100.0,,38395.390063762665
1774199623.5226932,group_end,baseline:coord:train.grad_clip,192,192,0,100.0,,38395.3909907341
1774199623.5228858,phase_end,,192,192,0,100.0,,38395.40474843979
1774199624.3234744,lock_released,,192,192,0,100.0,,38396.20507025719
1774199624.3277774,lock_wait,,192,192,0,100.0,,38396.20951414108
1774199624.3282049,lock_acquired,,192,192,0,100.0,,38396.20996642113
1774199624.3285887,plan_add,,192,246,0,78.04878048780488,10798.934159137309,38396.21034359932
1774199624.32894,phase_start,baseline:local_var_topk,192,246,0,78.04878048780488,10798.934261664748,38396.21070814133
1774199701.8594759,group_slots,baseline:local_var_topk,192,246,0,78.04878048780488,10820.739704579115,38473.74117183685
1774199701.859731,group_start,baseline:local_var_topk,192,246,0,78.04878048780488,10820.73981488496,38473.741564035416
1774200902.4575424,job_done,baseline:local_var_topk,193,246,0,78.45528455284553,10895.025797946466,39674.3392264843
1774200902.578331,job_done,baseline:local_var_topk,194,246,0,78.86178861788618,10634.391340024693,39674.45999932289
1774200904.5026286,job_done,baseline:local_var_topk,195,246,0,79.26829268292683,10376.90050954085,39676.38430118561
1774200905.1307545,job_done,baseline:local_var_topk,196,246,0,79.67479674796748,10121.686860554073,39677.01249337196
1774200905.428882,job_done,baseline:local_var_topk,197,246,0,80.08130081300813,9868.975664215039,39677.31032347679
1774200905.4302382,job_done,baseline:local_var_topk,198,246,0,80.48780487804878,9618.742081671051,39677.31108689308
1774202101.9763834,job_done,baseline:local_var_topk,199,246,0,80.89430894308943,9653.62477697799,40873.85809826851
1774202102.0376105,job_done,baseline:local_var_topk,200,246,0,81.30081300813008,9401.001461720467,40873.91939878464
1774202105.1793518,job_done,baseline:local_var_topk,201,246,0,81.70731707317073,9151.580811738968,40877.06095910072
1774202105.9076428,job_done,baseline:local_var_topk,202,246,0,82.11382113821138,8904.072893765893,40877.789194107056
1774202106.3158045,job_done,baseline:local_var_topk,203,246,0,82.52032520325203,8658.92852402673,40878.19745063782
1774202106.3972063,job_done,baseline:local_var_topk,204,246,0,82.92682926829268,8416.116234281484,40878.27885222435
1774203298.78441,job_done,baseline:local_var_topk,205,246,0,83.33333333333333,8414.133233165741,42070.666165828705
1774203298.848313,job_done,baseline:local_var_topk,206,246,0,83.73983739837398,8169.073793401995,42070.73003602028
1774203304.164199,job_done,baseline:local_var_topk,207,246,0,84.14634146341463,7927.370644030363,42076.04418754578
1774203304.7769284,job_done,baseline:local_var_topk,208,246,0,84.55284552845528,7687.081860633996,42076.65860557556
1774203305.1977134,job_done,baseline:local_var_topk,209,246,0,84.95934959349593,7449.052338540839,42077.07942581177
1774203305.2530055,job_done,baseline:local_var_topk,210,246,0,85.36585365853658,7213.2230974878585,42077.13473534584
1774204491.0445683,job_done,baseline:local_var_topk,211,246,0,85.77235772357723,7176.31479444662,43262.926332235336
1774204491.5357368,job_done,baseline:local_var_topk,212,246,0,86.17886178861788,6938.472628480984,43263.4175658226
1774204501.4289708,job_done,baseline:local_var_topk,213,246,0,86.58536585365853,6704.3157454208595,43273.310720443726
1774204502.9061093,job_done,baseline:local_var_topk,214,246,0,86.99186991869918,6470.996312506844,43274.78783988953
1774204503.015533,job_done,baseline:local_var_topk,215,246,0,87.39837398373983,6239.636363031697,43274.89735651016
1774204503.2148387,job_done,baseline:local_var_topk,216,246,0,87.8048780487805,6010.430075956715,43275.09654688835
1774205675.8838542,job_done,baseline:local_var_topk,217,246,0,88.21138211382114,5940.02396644645,44447.765542030334
1774205675.9459941,job_done,baseline:local_var_topk,218,246,0,88.6178861788618,5708.895297658552,44447.827674627304
1774205695.4123082,job_done,baseline:local_var_topk,219,246,0,89.02439024390245,5482.269132329992,44467.29407334328
1774205698.6557848,job_done,baseline:local_var_topk,220,246,0,89.4308943089431,5255.60897844488,44470.53750991821
1774205698.9861374,job_done,baseline:local_var_topk,221,246,0,89.83739837398375,5030.641157648682,44470.86783361435
1774205699.1303823,job_done,baseline:local_var_topk,222,246,0,90.2439024390244,4807.676976977168,44471.0120370388
1774206857.206511,job_done,baseline:local_var_topk,223,246,0,90.65040650406505,4706.1391101396675,45629.08789396286
1774206857.2673423,job_done,baseline:local_var_topk,224,246,0,91.0569105691057,4481.43427787934,45629.1490111351
1774206888.424257,job_done,baseline:local_var_topk,225,246,0,91.46341463414635,4261.628554747899,45660.30594372749
1774206894.290457,job_done,baseline:local_var_topk,226,246,0,91.869918699187,4041.2541700886413,45666.17212200165
1774206895.0939927,job_done,baseline:local_var_topk,227,246,0,92.27642276422765,3822.3459871844575,45666.97574162483
1774206895.1534884,job_done,baseline:local_var_topk,228,246,0,92.6829268292683,3605.292257572475,45667.035262584686
1774208040.1150076,job_done,baseline:local_var_topk,229,246,0,93.08943089430895,3475.1263859074193,46811.99661016464
1774208040.1749344,job_done,baseline:local_var_topk,230,246,0,93.4959349593496,3256.4908970376723,46812.056644916534
1774208078.420014,job_done,baseline:local_var_topk,231,246,0,93.90243902439025,3042.22738730443,46850.30176448822
1774208087.795178,job_done,baseline:local_var_topk,232,246,0,94.3089430894309,2827.739118652097,46859.67682337761
1774208089.0889666,job_done,baseline:local_var_topk,233,246,0,94.71544715447155,2614.5605852511817,46860.97048950195
1774208089.1795142,job_done,baseline:local_var_topk,234,246,0,95.1219512195122,2403.131350871844,46861.06134200096
1774209226.7755976,job_done,baseline:local_var_topk,235,246,0,95.52845528455285,2246.7456560520413,47998.65719747543
1774209227.0404518,job_done,baseline:local_var_topk,236,246,0,95.9349593495935,2033.8526326619972,47998.922130823135
1774209265.3564758,job_done,baseline:local_var_topk,237,246,0,96.34146341463415,1824.1989128921605,48037.23803949356
1774209280.9290113,job_done,baseline:local_var_topk,238,246,0,96.7479674796748,1615.2205284343045,48052.81072092056
1774209283.0234962,job_done,baseline:local_var_topk,239,246,0,97.15447154471545,1407.4658401780548,48054.905114650726
1774209283.1437936,job_done,baseline:local_var_topk,240,246,0,97.5609756097561,1201.3756365597249,48055.02546238899
1774210415.140928,job_done,baseline:local_var_topk,241,246,0,97.96747967479675,1020.4776485233385,49187.02265882492
1774210415.6145897,job_done,baseline:local_var_topk,242,246,0,98.3739837398374,813.0164668067428,49187.49624180794
1774210442.327726,job_done,baseline:local_var_topk,243,246,0,98.78048780487805,607.5828329339439,49214.20946764946
1774210455.6113927,job_done,baseline:local_var_topk,244,246,0,99.1869918699187,403.50404151150434,49227.493064403534
1774210456.931712,job_done,baseline:local_var_topk,245,246,0,99.59349593495935,200.93393171952698,49228.8132712841
1774210457.0094247,job_done,baseline:local_var_topk,246,246,0,100.0,,49228.891102552414
1774210457.0101569,group_end,baseline:local_var_topk,246,246,0,100.0,,49228.89187216759
1774210457.010536,phase_end,,246,246,0,100.0,,49228.89226436615
1774210457.847644,lock_released,,246,246,0,100.0,,49229.72935676575
1774210457.8638062,method_done,,246,246,0,100.0,,49229.74556517601
1774210457.86419,method_start,,246,246,0,100.0,,49229.74594640732
1774210457.8646774,lock_wait,,246,246,0,100.0,,49229.74642825127
1774210457.8650665,lock_acquired,,246,246,0,100.0,,49229.74683356285
1774210457.865453,lock_released,,246,246,0,100.0,,49229.74719929695
1774210457.867201,lock_wait,,246,246,0,100.0,,49229.74894571304
1774210457.8676097,lock_acquired,,246,246,0,100.0,,49229.74936771393
1774210457.8679733,plan_add,,246,286,0,86.01398601398601,8004.83735460576,49229.749730825424
1774210457.8683436,phase_start,cagrad:coord:train.lr,246,286,0,86.01398601398601,8004.837414113486,49229.75009679794
1774210536.1324584,group_slots,cagrad:coord:train.lr,246,286,0,86.01398601398601,8017.563257837683,49308.01403570175
1774210536.1328385,group_start,cagrad:coord:train.lr,246,286,0,86.01398601398601,8017.563347777701,49308.014588832855
1774211780.581813,job_done,cagrad:coord:train.lr,247,286,0,86.36363636363636,7981.9679219597265,50552.463505744934
1774211788.3074539,job_done,cagrad:coord:train.lr,248,286,0,86.7132867132867,7747.12574419283,50560.18906736374
1774211791.6162632,job_done,cagrad:coord:train.lr,249,286,0,87.06293706293707,7513.4514903284935,50563.49786734581
1774211791.7327678,job_done,cagrad:coord:train.lr,250,286,0,87.41258741258741,7281.160477775573,50563.61442899704
1774211792.1167543,job_done,cagrad:coord:train.lr,251,286,0,87.76223776223776,7050.756755948542,50563.9984498024
1774211792.2354045,job_done,cagrad:coord:train.lr,252,286,0,88.1118881118881,6822.142794141694,50564.117180109024
1774212879.8788793,job_done,cagrad:coord:train.lr,253,286,0,88.46153846153847,6737.186159755873,51651.76055812836
1774213007.1943734,job_done,cagrad:coord:train.lr,254,286,0,88.81118881118881,6523.348168260469,51779.076085567474
1774213028.9931264,job_done,cagrad:coord:train.lr,255,286,0,89.16083916083916,6297.359567281311,51800.860956668854
1774213029.2010827,job_done,cagrad:coord:train.lr,256,286,0,89.5104895104895,6070.439399806783,51801.08287835121
1774213029.443771,job_done,cagrad:coord:train.lr,257,286,0,89.86013986013987,5845.285750273138,51801.32544207573
1774213029.9649196,job_done,cagrad:coord:train.lr,258,286,0,90.20979020979021,5621.905840507774,51801.8466732502
1774213964.999088,job_done,cagrad:coord:train.lr,259,286,0,90.55944055944056,5497.667108909504,52736.88078546524
1774214159.856263,job_done,cagrad:coord:train.lr,260,286,0,90.9090909090909,5293.173798799515,52931.73798799515
1774214254.898774,job_done,cagrad:coord:train.lr,261,286,0,91.25874125874125,5079.1935349561245,53026.78050494194
1774214256.3784254,job_done,cagrad:coord:train.lr,262,286,0,91.60839160839161,4857.5505436977355,53028.260102033615
1774214256.4385993,job_done,cagrad:coord:train.lr,263,286,0,91.95804195804196,4637.457634531499,53028.31990790367
1774214256.6886723,job_done,cagrad:coord:train.lr,264,286,0,92.3076923076923,4419.04754002889,53028.57048034668
1774215100.9522963,job_done,cagrad:coord:train.lr,265,286,0,92.65734265734265,4269.166851973084,53872.81979870796
1774215269.9651504,job_done,cagrad:coord:train.lr,266,286,0,93.00699300699301,4063.296747422756,54041.846740722656
1774215477.1482694,job_done,cagrad:coord:train.lr,267,286,0,93.35664335664336,3860.417864827181,54249.02999520302
1774215482.5423398,job_done,cagrad:coord:train.lr,268,286,0,93.7062937062937,3643.9538534701755,54254.424040555954
1774215483.3177106,job_done,cagrad:coord:train.lr,269,286,0,94.05594405594405,3428.767250403152,54255.199432849884
1774215483.3776903,job_done,cagrad:coord:train.lr,270,286,0,94.4055944055944,3215.1264836064092,54255.259410858154
1774216313.2551095,job_done,cagrad:coord:train.lr,271,286,0,94.75524475524476,3048.9928106364287,55085.13677883148
1774216336.6020842,job_done,cagrad:coord:train.lr,272,286,0,95.1048951048951,2836.4660767229166,55108.48377633095
1774216662.6858828,job_done,cagrad:coord:train.lr,273,286,0,95.45454545454545,2639.740648394539,55434.553616285324
1774216708.0021305,job_done,cagrad:coord:train.lr,274,286,0,95.8041958041958,2429.775933798212,55479.883821725845
1774216711.2799969,job_done,cagrad:coord:train.lr,275,286,0,96.15384615384616,2219.326469945908,55483.16174864769
1774216711.7538166,job_done,cagrad:coord:train.lr,276,286,0,96.5034965034965,2010.2766529719033,55483.635622024536
1774217536.8387449,job_done,cagrad:coord:train.lr,277,286,0,96.85314685314685,1829.5252126089504,56308.72043251991
1774217543.239191,job_done,cagrad:coord:train.lr,278,286,0,97.2027972027972,1620.579017886155,56315.120871543884
1774217708.7103093,job_done,cagrad:coord:train.lr,279,286,0,97.55244755244755,1417.075784743046,56480.5919919014
1774217933.3896072,job_done,cagrad:coord:train.lr,280,286,0,97.9020979020979,1215.11295574052,56705.27126789093
1774217941.958797,job_done,cagrad:coord:train.lr,281,286,0,98.25174825174825,1009.1430690746715,56713.840481996536
1774217942.2706022,job_done,cagrad:coord:train.lr,282,286,0,98.6013986013986,804.4560618637302,56714.152361392975
1774218500.1255677,job_done,cagrad:coord:train.lr,283,286,0,98.95104895104895,607.1237519419235,57272.007266521454
1774218501.7150834,job_done,cagrad:coord:train.lr,284,286,0,99.3006993006993,403.33518799090047,57273.59669470787
1774218512.4400415,job_done,cagrad:coord:train.lr,285,286,0,99.65034965034965,200.9976200689349,57284.321719646454
1774218585.8225336,job_done,cagrad:coord:train.lr,286,286,0,100.0,,57357.70421004295
1774218585.8231235,group_end,cagrad:coord:train.lr,286,286,0,100.0,,57357.70496559143
1774218585.823307,phase_end,,286,286,0,100.0,,57357.70518016815
1774218586.602273,lock_released,,286,286,0,100.0,,57358.48399400711
1774218586.605021,lock_wait,,286,286,0,100.0,,57358.48676753044
1774218586.605466,lock_acquired,,286,286,0,100.0,,57358.48720884323
1774218586.6058443,plan_add,,286,324,0,88.27160493827161,7621.057792131718,57358.4875934124
1774218586.606222,phase_start,cagrad:coord:train.weight_decay,286,324,0,88.27160493827161,7621.057842594761,57358.487973213196
1774218665.0408392,group_slots,cagrad:coord:train.weight_decay,286,324,0,88.27160493827161,7631.479219386627,57436.92254590988
1774218665.0410855,group_start,cagrad:coord:train.weight_decay,286,324,0,88.27160493827161,7631.479270134772,57436.922927856445
1774219913.6386726,job_done,cagrad:coord:train.weight_decay,287,324,0,88.58024691358025,7565.7291091477,58685.5203871727
1774219919.4413702,job_done,cagrad:coord:train.weight_decay,288,324,0,88.88888888888889,7336.415376096963,58691.32300877571
1774219919.9785655,job_done,cagrad:coord:train.weight_decay,289,324,0,89.19753086419753,7108.010762492679,58691.86029601097
1774219920.1089857,job_done,cagrad:coord:train.weight_decay,290,324,0,89.50617283950618,6881.129945033173,58691.99070763588
1774219920.247189,job_done,cagrad:coord:train.weight_decay,291,324,0,89.81481481481481,6655.808432234931,58692.1289024353
1774219920.32717,job_done,cagrad:coord:train.weight_decay,292,324,0,90.12345679012346,6432.02289390564,58692.20890688896
1774221027.0730686,job_done,cagrad:coord:train.weight_decay,293,324,0,90.4320987654321,6326.85186376832,59798.9547123909
1774221157.1212647,job_done,cagrad:coord:train.weight_decay,294,324,0,90.74074074074075,6115.204383791709,59929.00296115875
1774221160.698261,job_done,cagrad:coord:train.weight_decay,295,324,0,91.04938271604938,5891.677356229395,59932.58000302315
1774221160.7875059,job_done,cagrad:coord:train.weight_decay,296,324,0,91.35802469135803,5669.306543662741,59932.669175863266
1774221160.9729226,job_done,cagrad:coord:train.weight_decay,297,324,0,91.66666666666667,5448.441329154101,59932.854620695114
1774221161.1998365,job_done,cagrad:coord:train.weight_decay,298,324,0,91.9753086419753,5229.0608090906335,59933.08158111572
1774222029.0957918,job_done,cagrad:coord:train.weight_decay,299,324,0,92.28395061728395,5083.69376880668,60800.9774749279
1774222371.2590578,job_done,cagrad:coord:train.weight_decay,300,324,0,92.5925925925926,4891.45125837326,61143.140729665756
1774222395.7556965,job_done,cagrad:coord:train.weight_decay,301,324,0,92.90123456790124,4673.939059931575,61167.63726258278
1774222395.980243,job_done,cagrad:coord:train.weight_decay,302,324,0,93.20987654320987,4455.936966834479,61167.8619992733
1774222396.0721068,job_done,cagrad:coord:train.weight_decay,303,324,0,93.51851851851852,4239.363137443467,61167.95384025574
1774222396.2400367,job_done,cagrad:coord:train.weight_decay,304,324,0,93.82716049382717,4024.2185352193683,61168.1217353344
1774223224.9059176,job_done,cagrad:coord:train.weight_decay,305,324,0,94.1358024691358,3862.0949668376174,61996.787625551224
1774223415.1115541,job_done,cagrad:coord:train.weight_decay,306,324,0,94.44444444444444,3658.05841904528,62186.99312376976
1774223631.4823594,job_done,cagrad:coord:train.weight_decay,307,324,0,94.75308641975309,3455.5608731139364,62403.36400270462
1774223633.5077047,job_done,cagrad:coord:train.weight_decay,308,324,0,95.06172839506173,3241.8384043210513,62405.38928318024
1774223633.60114,job_done,cagrad:coord:train.weight_decay,309,324,0,95.37037037037037,3029.3923707494455,62405.48283743858
1774223633.7258782,job_done,cagrad:coord:train.weight_decay,310,324,0,95.67901234567901,2818.3177612120107,62405.60756969452
1774224431.718569,job_done,cagrad:coord:train.weight_decay,311,324,0,95.98765432098766,2641.951134795928,63203.60022473335
1774224475.2187915,job_done,cagrad:coord:train.weight_decay,312,324,0,96.29629629629629,2432.5807818632857,63247.100328445435
1774224863.9980931,job_done,cagrad:coord:train.weight_decay,313,324,0,96.60493827160494,2236.4047223554253,63635.87982702255
1774224868.1095335,job_done,cagrad:coord:train.weight_decay,314,324,0,96.91358024691358,2026.7513138093768,63639.991253614426
1774224868.2343533,job_done,cagrad:coord:train.weight_decay,315,324,0,97.22222222222223,1818.2890325410024,63640.11613893509
1774224868.3367696,job_done,cagrad:coord:train.weight_decay,316,324,0,97.53086419753086,1611.1447671334956,63640.21830177307
1774225486.0990999,job_done,cagrad:coord:train.weight_decay,317,324,0,97.8395061728395,1418.945948110394,64257.98079299927
1774225694.1515856,job_done,cagrad:coord:train.weight_decay,318,324,0,98.14814814814815,1216.3402484587905,64466.03316831589
1774226082.593257,job_done,cagrad:coord:train.weight_decay,319,324,0,98.45679012345678,1016.5278212403804,64854.47499513626
1774226101.9610944,job_done,cagrad:coord:train.weight_decay,320,324,0,98.76543209876543,810.9230342358351,64873.842738866806
1774226102.2263572,job_done,cagrad:coord:train.weight_decay,321,324,0,99.07407407407408,606.3000754485621,64874.10807299614
1774226102.4432652,job_done,cagrad:coord:train.weight_decay,322,324,0,99.38271604938272,402.9461184999217,64874.325078487396
1774226268.1743784,job_done,cagrad:coord:train.weight_decay,323,324,0,99.69135802469135,201.3624026288189,65040.056049108505
1774226330.551692,job_done,cagrad:coord:train.weight_decay,324,324,0,100.0,,65102.43341231346
1774226330.552548,group_end,cagrad:coord:train.weight_decay,324,324,0,100.0,,65102.43440437317
1774226330.552732,phase_end,,324,324,0,100.0,,65102.43459773064
1774226331.523594,lock_released,,324,324,0,100.0,,65103.40528702736
1774226331.5263011,lock_wait,,324,324,0,100.0,,65103.40805077553
1774226331.5267339,lock_acquired,,324,324,0,100.0,,65103.408494472504
1774226331.5271068,plan_add,,324,362,0,89.50276243093923,7635.584988910475,65103.40885281563
1774226331.5274835,phase_start,cagrad:coord:train.grad_clip,324,362,0,89.50276243093923,7635.585033287237,65103.40923118591
1774226410.0903175,group_slots,cagrad:coord:train.grad_clip,324,362,0,89.50276243093923,7644.799187436516,65181.97201919556
1774226410.090593,group_start,cagrad:coord:train.grad_clip,324,362,0,89.50276243093923,7644.799235308612,65181.972427368164
1774227667.6568623,job_done,cagrad:coord:train.grad_clip,325,362,0,89.77900552486187,7563.885928413685,66439.53856039047
1774227669.477519,job_done,cagrad:coord:train.grad_clip,326,362,0,90.05524861878453,7337.0826155978475,66441.35924124718
1774227669.7090943,job_done,cagrad:coord:train.grad_clip,327,362,0,90.33149171270718,7111.485241170323,66441.5906817913
1774227670.1326647,job_done,cagrad:coord:train.grad_clip,328,362,0,90.60773480662984,6887.281979919933,66442.01439452171
1774227670.2271655,job_done,cagrad:coord:train.grad_clip,329,362,0,90.88397790055248,6664.406061583377,66442.10891699791
1774227670.3247209,job_done,cagrad:coord:train.grad_clip,330,362,0,91.16022099447514,6442.880634169145,66442.20653986931
1774228864.4391084,job_done,cagrad:coord:train.grad_clip,331,362,0,91.43646408839778,6334.5194775784485,67636.32087349892
1774228920.4706838,job_done,cagrad:coord:train.grad_clip,332,362,0,91.71270718232044,6116.778832192881,67692.35240960121
1774228921.6186907,job_done,cagrad:coord:train.grad_clip,333,362,0,91.98895027624309,5895.229767954744,67693.5004389286
1774228921.6836343,job_done,cagrad:coord:train.grad_clip,334,362,0,92.26519337016575,5674.909679138732,67693.56545829773
1774228921.7430823,job_done,cagrad:coord:train.grad_clip,335,362,0,92.54143646408839,5455.904077633103,67693.62466692924
1774228921.9831061,job_done,cagrad:coord:train.grad_clip,336,362,0,92.81767955801105,5238.215729842584,67693.86481642723
1774229842.4516194,job_done,cagrad:coord:train.grad_clip,337,362,0,93.0939226519337,5090.084072867911,68614.33330225945
1774230153.0880213,job_done,cagrad:coord:train.grad_clip,338,362,0,93.37016574585635,4894.080692048608,68924.96974635124
1774230161.0748687,job_done,cagrad:coord:train.grad_clip,339,362,0,93.646408839779,4676.867258999551,68932.95655655861
1774230161.3018389,job_done,cagrad:coord:train.grad_clip,340,362,0,93.92265193370166,4460.382462832507,68933.18351650238
1774230161.6098168,job_done,cagrad:coord:train.grad_clip,341,362,0,94.1988950276243,4245.171034882145,68933.4915664196
1774230161.7437162,job_done,cagrad:coord:train.grad_clip,342,362,0,94.47513812154696,4031.2061654196846,68933.6254286766
1774230994.6520061,job_done,cagrad:coord:train.grad_clip,343,362,0,94.7513812154696,3864.618484297577,69766.53369021416
1774231243.9881597,job_done,cagrad:coord:train.grad_clip,344,362,0,95.02762430939227,3663.621100615623,70015.86992287636
1774231394.5683732,job_done,cagrad:coord:train.grad_clip,345,362,0,95.30386740331491,3457.477246696362,70166.45000648499
1774231395.9631867,job_done,cagrad:coord:train.grad_clip,346,362,0,95.58011049723757,3244.75583355413,70167.84490060806
1774231396.2712698,job_done,cagrad:coord:train.grad_clip,347,362,0,95.85635359116021,3033.2054598118452,70168.15297031403
1774231396.6112885,job_done,cagrad:coord:train.grad_clip,348,362,0,96.13259668508287,2822.870409447571,70168.49303483963
1774232204.516907,job_done,cagrad:coord:train.grad_clip,349,362,0,96.40883977900552,2643.8200075503405,70976.39866423607
1774232268.7065172,job_done,cagrad:coord:train.grad_clip,350,362,0,96.68508287292818,2435.6773090144566,71040.58817958832
1774232627.6079223,job_done,cagrad:coord:train.grad_clip,351,362,0,96.96132596685082,2237.590842230707,71399.48960208893
1774232630.0805345,job_done,cagrad:coord:train.grad_clip,352,362,0,97.23756906077348,2028.4648352387278,71401.96220040321
1774232630.3443198,job_done,cagrad:coord:train.grad_clip,353,362,0,97.51381215469613,1820.453354680842,71402.22602248192
1774232630.5978737,job_done,cagrad:coord:train.grad_clip,354,362,0,97.79005524861878,1613.6153593871554,71402.47965288162
1774233330.1871862,job_done,cagrad:coord:train.grad_clip,355,362,0,98.06629834254143,1421.7309362230167,72102.06890845299
1774233461.586512,job_done,cagrad:coord:train.grad_clip,356,362,0,98.34254143646409,1217.4180013329794,72233.46807909012
1774233847.6037307,job_done,cagrad:coord:train.grad_clip,357,362,0,98.61878453038673,1017.0796274036921,72619.48539662361
1774233864.6050913,job_done,cagrad:coord:train.grad_clip,358,362,0,98.89502762430939,811.5808530386599,72636.48634696007
1774233865.6294172,job_done,cagrad:coord:train.grad_clip,359,362,0,99.17127071823204,606.9986997215198,72637.51106667519
1774233865.7508562,job_done,cagrad:coord:train.grad_clip,360,362,0,99.4475138121547,403.54240305423735,72637.63254976273
1774234056.8480148,job_done,cagrad:coord:train.grad_clip,361,362,0,99.72375690607734,201.74163353872433,72828.72970747948
1774234107.7511983,job_done,cagrad:coord:train.grad_clip,362,362,0,100.0,,72879.63294959068
1774234107.7522142,group_end,cagrad:coord:train.grad_clip,362,362,0,100.0,,72879.63397741318
1774234107.7526498,phase_end,,362,362,0,100.0,,72879.63437914848
1774234108.6924753,lock_released,,362,362,0,100.0,,72880.57418107986
1774234108.6952307,lock_wait,,362,362,0,100.0,,72880.57697343826
1774234108.6956642,lock_acquired,,362,362,0,100.0,,72880.57742547989
1774234108.6960235,plan_add,,362,400,0,90.5,7650.447391496838,72880.57778215408
1774234108.6963983,phase_start,cagrad:coord:method.baseline_cagrad.c,362,400,0,90.5,7650.447429488377,72880.57814407349
1774234187.0665114,group_slots,cagrad:coord:method.baseline_cagrad.c,362,400,0,90.5,7658.674108752888,72958.94808864594
1774234187.0668876,group_start,cagrad:coord:method.baseline_cagrad.c,362,400,0,90.5,7658.674167492113,72958.94864821434
1774235431.0024507,job_done,cagrad:coord:method.baseline_cagrad.c,363,400,0,90.75,7563.379367959729,74202.88406944275
1774235442.8709533,job_done,cagrad:coord:method.baseline_cagrad.c,364,400,0,91.0,7339.9205876575725,74214.75260853767
1774235443.294781,job_done,cagrad:coord:method.baseline_cagrad.c,365,400,0,91.25,7116.523770071056,74215.17645931244
1774235443.4216888,job_done,cagrad:coord:method.baseline_cagrad.c,366,400,0,91.5,6894.317811225933,74215.30349731445
1774235443.6637876,job_done,cagrad:coord:method.baseline_cagrad.c,367,400,0,91.75,6673.332405169588,74215.54523324966
1774235443.7231832,job_done,cagrad:coord:method.baseline_cagrad.c,368,400,0,92.0,6453.530863533849,74215.60493063927
1774236496.9087121,job_done,cagrad:coord:method.baseline_cagrad.c,369,400,0,92.25,6323.394313666879,75268.79037880898
1774236678.6679487,job_done,cagrad:coord:method.baseline_cagrad.c,370,400,0,92.5,6117.612132910135,75450.549639225
1774236682.9860694,job_done,cagrad:coord:method.baseline_cagrad.c,371,400,0,92.75,5898.088297510404,75454.85373711586
1774236683.1005769,job_done,cagrad:coord:method.baseline_cagrad.c,372,400,0,93.0,5679.4072731797405,75454.9823436737
1774236683.1982033,job_done,cagrad:coord:method.baseline_cagrad.c,373,400,0,93.25,5461.895857570638,75455.07981014252
1774236683.2575827,job_done,cagrad:coord:method.baseline_cagrad.c,374,400,0,93.5,5245.544433676623,75455.13916134834
1774237527.971086,job_done,cagrad:coord:method.baseline_cagrad.c,375,400,0,93.75,5086.656829261779,76299.8524389267
1774237863.1790836,job_done,cagrad:coord:method.baseline_cagrad.c,376,400,0,94.0,4891.5996257650095,76635.06080365181
1774237916.1591873,job_done,cagrad:coord:method.baseline_cagrad.c,377,400,0,94.25,4678.5807391073095,76688.04081058502
1774237916.6403525,job_done,cagrad:coord:method.baseline_cagrad.c,378,400,0,94.5,4463.353135235096,76688.52205085754
1774237916.7017953,job_done,cagrad:coord:method.baseline_cagrad.c,379,400,0,94.75,4249.235501028931,76688.58356618881
1774237916.9080727,job_done,cagrad:coord:method.baseline_cagrad.c,380,400,0,95.0,4036.2520901403927,76688.78971266747
1774238745.9658473,job_done,cagrad:coord:method.baseline_cagrad.c,381,400,0,95.25,3865.7194328477062,77517.84757447243
1774238864.3899117,job_done,cagrad:coord:method.baseline_cagrad.c,382,400,0,95.5,3658.253635917035,77636.27160668373
1774239152.8654284,job_done,cagrad:coord:method.baseline_cagrad.c,383,400,0,95.75,3458.8007847204535,77924.74709105492
1774239154.5764341,job_done,cagrad:coord:method.baseline_cagrad.c,384,400,0,96.0,3246.935754319032,77926.45810365677
1774239154.8231566,job_done,cagrad:coord:method.baseline_cagrad.c,385,400,0,96.25,3036.1053887063804,77926.7049767971
1774239155.0545857,job_done,cagrad:coord:method.baseline_cagrad.c,386,400,0,96.5,2826.3655554457646,77926.93602871895
1774239917.5775268,job_done,cagrad:coord:method.baseline_cagrad.c,387,400,0,96.75,2643.3151683634874,78689.45924282074
1774239986.4067018,job_done,cagrad:coord:method.baseline_cagrad.c,388,400,0,97.0,2435.8233456882003,78758.28817725182
1774240376.761876,job_done,cagrad:coord:method.baseline_cagrad.c,389,400,0,97.25,2238.136447900978,79148.64347577095
1774240387.1960728,job_done,cagrad:coord:method.baseline_cagrad.c,390,400,0,97.5,2029.7199428570577,79159.07777142525
1774240387.5151916,job_done,cagrad:coord:method.baseline_cagrad.c,391,400,0,97.75,1822.0833047283886,79159.39690542221
1774240387.5807564,job_done,cagrad:coord:method.baseline_cagrad.c,392,400,0,98.0,1615.4992336691644,79159.46244978905
1774240964.7795143,job_done,cagrad:coord:method.baseline_cagrad.c,393,400,0,98.25,1420.2458737369711,79736.6611969471
1774241201.999671,job_done,cagrad:coord:method.baseline_cagrad.c,394,400,0,98.5,1217.8763670509843,79973.88143634796
1774241560.9831603,job_done,cagrad:coord:method.baseline_cagrad.c,395,400,0,98.75,1016.8717069595675,80332.86484980583
1774241610.0313935,job_done,cagrad:coord:method.baseline_cagrad.c,396,400,0,99.0,811.9385160027127,80381.91308426857
1774241610.1087549,job_done,cagrad:coord:method.baseline_cagrad.c,397,400,0,99.25,607.4205826547945,80381.99043798447
1774241610.301585,job_done,cagrad:coord:method.baseline_cagrad.c,398,400,0,99.5,403.9305695792538,80382.18334627151
1774241771.1611543,job_done,cagrad:coord:method.baseline_cagrad.c,399,400,0,99.75,201.86226277363332,80543.04284667969
1774241835.5125904,job_done,cagrad:coord:method.baseline_cagrad.c,400,400,0,100.0,,80607.39426732063
1774241835.5270972,group_end,cagrad:coord:method.baseline_cagrad.c,400,400,0,100.0,,80607.39532184601
1774241835.5274923,phase_end,,400,400,0,100.0,,80607.40921378136
1774241836.3398256,lock_released,,400,400,0,100.0,,80608.22154855728
1774241836.3426723,lock_wait,,400,400,0,100.0,,80608.22441411018
1774241836.3431137,lock_acquired,,400,400,0,100.0,,80608.22486639023
1774241836.3435054,plan_add,,400,438,0,91.32420091324201,7657.781397799254,80608.22523999214
1774241836.3438826,phase_start,cagrad:coord:method.baseline_cagrad.inner_lr,400,438,0,91.32420091324201,7657.781435216666,80608.22563385963
1774241914.688064,group_slots,cagrad:coord:method.baseline_cagrad.inner_lr,400,438,0,91.32420091324201,7665.224127887487,80686.56976723671
1774241914.6883202,group_start,cagrad:coord:method.baseline_cagrad.inner_lr,400,438,0,91.32420091324201,7665.2241644895075,80686.57015252113
1774243164.933126,job_done,cagrad:coord:method.baseline_cagrad.inner_lr,401,438,0,91.55251141552512,7560.254730565886,81936.81478261948
1774243168.1755075,job_done,cagrad:coord:method.baseline_cagrad.inner_lr,402,438,0,91.78082191780823,7337.915574842425,81940.05725240707
1774243172.4299166,job_done,cagrad:coord:method.baseline_cagrad.inner_lr,403,438,0,92.00913242009132,7116.751629963111,81944.31162500381
1774243172.6458201,job_done,cagrad:coord:method.baseline_cagrad.inner_lr,404,438,0,92.23744292237443,6896.3216240288,81944.52753257751
1774243172.7002096,job_done,cagrad:coord:method.baseline_cagrad.inner_lr,405,438,0,92.46575342465754,6676.96593473929,81944.58192634583
1774243172.7610495,job_done,cagrad:coord:method.baseline_cagrad.inner_lr,406,438,0,92.69406392694064,6458.6910564065565,81944.64277815819
1774244308.6868608,job_done,cagrad:coord:method.baseline_cagrad.inner_lr,407,438,0,92.92237442922375,6328.00399181591,83080.5685377121
1774244387.5952666,job_done,cagrad:coord:method.baseline_cagrad.inner_lr,408,438,0,93.15068493150685,6114.6674258042785,83159.47699093819
1774244408.7185566,job_done,cagrad:coord:method.baseline_cagrad.inner_lr,409,438,0,93.37899543378995,5897.89097049417,83180.60023903847
1774244409.543787,job_done,cagrad:coord:method.baseline_cagrad.inner_lr,410,438,0,93.60730593607306,5680.682712231613,83181.42542910576
1774244409.6407733,job_done,cagrad:coord:method.baseline_cagrad.inner_lr,411,438,0,93.83561643835617,5464.479576441494,83181.52244138718
1774244409.90322,job_done,cagrad:coord:method.baseline_cagrad.inner_lr,412,438,0,94.06392694063926,5249.335941867921,83181.78492498398
1774245394.687159,job_done,cagrad:coord:method.baseline_cagrad.inner_lr,413,438,0,94.29223744292237,5094.828619607712,84166.56879591942
1774245540.1112757,job_done,cagrad:coord:method.baseline_cagrad.inner_lr,414,438,0,94.52054794520548,4887.651770688485,84311.99304437637
1774245632.2823784,job_done,cagrad:coord:method.baseline_cagrad.inner_lr,415,438,0,94.74885844748859,4677.821134391463,84404.16394662857
1774245636.428073,job_done,cagrad:coord:method.baseline_cagrad.inner_lr,416,438,0,94.9771689497717,4463.9002507718715,84408.29565095901
1774245636.5054688,job_done,cagrad:coord:method.baseline_cagrad.inner_lr,417,438,0,95.20547945205479,4250.782087689681,84408.38716983795
1774245636.729632,job_done,cagrad:coord:method.baseline_cagrad.inner_lr,418,438,0,95.4337899543379,4038.689535964619,84408.61130166054
1774246523.6142964,job_done,cagrad:coord:method.baseline_cagrad.inner_lr,419,438,0,95.662100456621,3867.8148556933484,85295.49602818489
1774246669.240052,job_done,cagrad:coord:method.baseline_cagrad.inner_lr,420,438,0,95.89041095890411,3661.762362057822,85441.12178134918
1774246849.2404652,job_done,cagrad:coord:method.baseline_cagrad.inner_lr,421,438,0,96.11872146118722,3457.384980359723,85621.12216067314
1774246860.4433656,job_done,cagrad:coord:method.baseline_cagrad.inner_lr,422,438,0,96.34703196347031,3246.723224730288,85632.32505226135
1774246860.5604253,job_done,cagrad:coord:method.baseline_cagrad.inner_lr,423,438,0,96.57534246575342,3036.6114214379736,85632.44208455086
1774246860.7905533,job_done,cagrad:coord:method.baseline_cagrad.inner_lr,424,438,0,96.80365296803653,2827.493894756965,85632.67224121094
1774247696.2471306,job_done,cagrad:coord:method.baseline_cagrad.inner_lr,425,438,0,97.03196347031964,2644.907471762825,86468.12888455391
1774247799.1383655,job_done,cagrad:coord:method.baseline_cagrad.inner_lr,426,438,0,97.26027397260275,2438.620283865593,86571.02007722855
1774248020.6458244,job_done,cagrad:coord:method.baseline_cagrad.inner_lr,427,438,0,97.48858447488584,2235.8730725214687,86792.5274515152
1774248081.9488912,job_done,cagrad:coord:method.baseline_cagrad.inner_lr,428,438,0,97.71689497716895,2029.295104223991,86853.83046078682
1774248082.7062085,job_done,cagrad:coord:method.baseline_cagrad.inner_lr,429,438,0,97.94520547945206,1822.1242215516684,86854.58789396286
1774248083.014719,job_done,cagrad:coord:method.baseline_cagrad.inner_lr,430,438,0,98.17351598173516,1615.9050464186557,86854.89624500275
1774248910.4551597,job_done,cagrad:coord:method.baseline_cagrad.inner_lr,431,438,0,98.40182648401826,1424.07507666579,87682.33686327934
1774248936.2427816,job_done,cagrad:coord:method.baseline_cagrad.inner_lr,432,438,0,98.63013698630137,1218.1683941119247,87708.12437605858
1774249144.0995169,job_done,cagrad:coord:method.baseline_cagrad.inner_lr,433,438,0,98.85844748858447,1015.1960878118907,87915.98120450974
1774249285.1300948,job_done,cagrad:coord:method.baseline_cagrad.inner_lr,434,438,0,99.08675799086758,811.5853625486524,88057.01183652878
1774249285.980361,job_done,cagrad:coord:method.baseline_cagrad.inner_lr,435,438,0,99.31506849315069,607.2956005540387,88057.86208033562
1774249286.0451653,job_done,cagrad:coord:method.baseline_cagrad.inner_lr,436,438,0,99.54337899543378,403.93544408925084,88057.92681145668
1774249589.5798635,job_done,cagrad:coord:method.baseline_cagrad.inner_lr,437,438,0,99.77168949771689,202.20014092142029,88361.46158266068
1774249595.083851,job_done,cagrad:coord:method.baseline_cagrad.inner_lr,438,438,0,100.0,,88366.96557569504
1774249595.0982547,group_end,cagrad:coord:method.baseline_cagrad.inner_lr,438,438,0,100.0,,88366.9665529728
1774249595.0984821,phase_end,,438,438,0,100.0,,88366.98032569885
1774249595.9403484,lock_released,,438,438,0,100.0,,88367.82205224037
1774249595.9441607,lock_wait,,438,438,0,100.0,,88367.82590031624
1774249595.944597,lock_acquired,,438,438,0,100.0,,88367.82635617256
1774249595.9449475,plan_add,,438,492,0,89.02439024390245,10894.663567601818,88367.82671499252
1774249595.9453065,phase_start,cagrad:local_var_topk,438,492,0,89.02439024390245,10894.66361142838,88367.82707047462
1774249674.2586374,group_slots,cagrad:local_var_topk,438,492,0,89.02439024390245,10904.318672624351,88446.14034461975
1774249674.2589045,group_start,cagrad:local_var_topk,438,492,0,89.02439024390245,10904.3187204779,88446.1407327652
1774250916.1668346,job_done,cagrad:local_var_topk,439,492,0,89.22764227642277,10827.942075651164,89688.04851341248
1774250927.1570327,job_done,cagrad:local_var_topk,440,492,0,89.4308943089431,10600.793797404116,89699.02443957329
1774250928.5858543,job_done,cagrad:local_var_topk,441,492,0,89.63414634146342,10373.523455741453,89700.46752905846
1774250928.642693,job_done,cagrad:local_var_topk,442,492,0,89.83739837398375,10147.11814449923,89700.5243973732
1774250928.8678617,job_done,cagrad:local_var_topk,443,492,0,90.04065040650407,9921.753335450627,89700.74954295158
1774250928.9211602,job_done,cagrad:local_var_topk,444,492,0,90.2439024390244,9697.38408202094,89700.8027586937
1774251993.9566529,job_done,cagrad:local_var_topk,445,492,0,90.44715447154472,9586.504274469547,90765.83834338188
1774252157.0015385,job_done,cagrad:local_var_topk,446,492,0,90.65040650406505,9378.315315116146,90928.88327264786
1774252164.0596218,job_done,cagrad:local_var_topk,447,492,0,90.85365853658537,9154.624960630532,90935.94127559662
1774252164.651001,job_done,cagrad:local_var_topk,448,492,0,91.0569105691057,8931.26660528992,90936.53270840645
1774252164.9523897,job_done,cagrad:local_var_topk,449,492,0,91.26016260162602,8708.872749845275,90936.83406233788
1774252164.9545426,job_done,cagrad:local_var_topk,450,492,0,91.46341463414635,8487.438049694698,90936.8362467289
1774253040.0574102,job_done,cagrad:local_var_topk,451,492,0,91.66666666666667,8346.539906545118,91811.93897199631
1774253342.1556866,job_done,cagrad:local_var_topk,452,492,0,91.869918699187,8151.684729567672,92114.03744411469
1774253390.0494,job_done,cagrad:local_var_topk,453,492,0,92.07317073170732,7934.470886295205,92161.93106389046
1774253392.4032822,job_done,cagrad:local_var_topk,454,492,0,92.27642276422765,7714.191253218882,92164.2849726677
1774253392.5304928,job_done,cagrad:local_var_topk,455,492,0,92.47967479674797,7494.688457827516,92164.41211652756
1774253392.752177,job_done,cagrad:local_var_topk,456,492,0,92.6829268292683,7276.155307700759,92164.63389754295
1774254227.3424528,job_done,cagrad:local_var_topk,457,492,0,92.88617886178862,7122.478868314422,92999.22408056259
1774254394.7657256,job_done,cagrad:local_var_topk,458,492,0,93.08943089430895,6916.301340160411,93166.64746451378
1774254608.6067042,job_done,cagrad:local_var_topk,459,492,0,93.29268292682927,6713.629884074716,93380.48838758469
1774254623.585427,job_done,cagrad:local_var_topk,460,492,0,93.4959349593496,6497.075954453842,93395.46684527397
1774254624.8421705,job_done,cagrad:local_var_topk,461,492,0,93.69918699186992,6280.47384065144,93396.72388839722
1774254624.9041371,job_done,cagrad:local_var_topk,462,492,0,93.90243902439025,6064.726360804075,93396.78595638275
1774255439.465628,job_done,cagrad:local_var_topk,463,492,0,94.10569105691057,5900.926719961104,94211.34728765488
1774255485.5933735,job_done,cagrad:local_var_topk,464,492,0,94.3089430894309,5687.95108313396,94257.4750919342
1774255780.029128,job_done,cagrad:local_var_topk,465,492,0,94.51219512195122,5490.110945163235,94551.9107222557
1774255847.406367,job_done,cagrad:local_var_topk,466,492,0,94.71544715447155,5279.187742841091,94619.2880063057
1774255848.8451915,job_done,cagrad:local_var_topk,467,492,0,94.91869918699187,5065.349406118822,94620.72690629959
1774255849.056192,job_done,cagrad:local_var_topk,468,492,0,95.1219512195122,4852.355789441329,94620.93789410591
1774256639.4784071,job_done,cagrad:local_var_topk,469,492,0,95.32520325203252,4679.021918094489,95411.3599820137
1774256677.6130836,job_done,cagrad:local_var_topk,470,492,0,95.52845528455285,4467.848694455371,95449.494836092
1774256872.2550173,job_done,cagrad:local_var_topk,471,492,0,95.73170731707317,4264.388260814035,95644.13670682907
1774257073.5492616,job_done,cagrad:local_var_topk,472,492,0,95.9349593495935,4061.247072623948,95845.43091392517
1774257074.4006538,job_done,cagrad:local_var_topk,473,492,0,96.13821138211382,3850.062081351089,95846.28234100342
1774257075.3126693,job_done,cagrad:local_var_topk,474,492,0,96.34146341463415,3639.766872511634,95847.19430947304
1774257784.3526237,job_done,cagrad:local_var_topk,475,492,0,96.54471544715447,3455.6968076575426,96556.23433160782
1774257893.5330107,job_done,cagrad:local_var_topk,476,492,0,96.7479674796748,3249.2576356535196,96665.41466069221
1774258004.0386589,job_done,cagrad:local_var_topk,477,492,0,96.95121951219512,3043.267935979291,96775.92036414146
1774258297.0777216,job_done,cagrad:local_var_topk,478,492,0,97.15447154471545,2843.0239160170618,97068.95941829681
1774258298.419068,job_done,cagrad:local_var_topk,479,492,0,97.35772357723577,2634.4758039546164,97070.30077648163
1774258298.6427903,job_done,cagrad:local_var_topk,480,492,0,97.5609756097561,2426.7631087958816,97070.52435183525
1774258916.4468288,job_done,cagrad:local_var_topk,481,492,0,97.76422764227642,2234.036616677306,97688.3284201622
1774259106.629421,job_done,cagrad:local_var_topk,482,492,0,97.96747967479675,2030.6745020136298,97878.51099705696
1774259144.623317,job_done,cagrad:local_var_topk,483,492,0,98.17073170731707,1824.5311481819388,97916.50495243073
1774259519.722791,job_done,cagrad:local_var_topk,484,492,0,98.3739837398374,1624.6546156229067,98291.60424518585
1774259522.7329996,job_done,cagrad:local_var_topk,485,492,0,98.57723577235772,1418.6851612046821,98294.61474061012
1774259523.0321705,job_done,cagrad:local_var_topk,486,492,0,98.78048780487805,1213.517455274676,98294.91387724876
1774260014.5587747,job_done,cagrad:local_var_topk,487,492,0,98.98373983739837,1014.2345022934908,98786.440523386
1774260262.6536515,job_done,cagrad:local_var_topk,488,492,0,99.1869918699187,811.7584852859623,99034.53520488739
1774260291.1446767,job_done,cagrad:local_var_topk,489,492,0,99.39024390243902,607.7486284539743,99063.02643799782
1774260499.714196,job_done,cagrad:local_var_topk,490,492,0,99.59349593495935,405.1901872946292,99271.59588718414
1774260505.1404982,job_done,cagrad:local_var_topk,491,492,0,99.79674796747967,202.19352783447857,99277.02216672897
1774260505.2570982,job_done,cagrad:local_var_topk,492,492,0,100.0,,99277.1388039589
1774260505.2578378,group_end,cagrad:local_var_topk,492,492,0,100.0,,99277.13956642151
1774260505.2581735,phase_end,,492,492,0,100.0,,99277.13994240761
1774260505.9880273,lock_released,,492,492,0,100.0,,99277.86972522736
1774260506.0052629,method_done,,492,492,0,100.0,,99277.8870229721
1774260506.0056393,method_start,,492,492,0,100.0,,99277.88739919662
1774260506.006098,lock_wait,,492,492,0,100.0,,99277.88786268234
1774260506.0065234,lock_acquired,,492,492,0,100.0,,99277.88826370239
1774260506.0068839,lock_released,,492,492,0,100.0,,99277.88865566254
1774260506.0088758,lock_wait,,492,492,0,100.0,,99277.89062643051
1774260506.009262,lock_acquired,,492,492,0,100.0,,99277.89103198051
1774260506.0096357,plan_add,,492,540,0,91.11111111111111,9685.647941100888,99277.8913962841
1774260506.0099976,phase_start,ours:coord:train.lr,492,540,0,91.11111111111111,9685.647976875305,99277.89176297188
1774260584.1815348,group_slots,ours:coord:train.lr,492,540,0,91.11111111111111,9693.274460211032,99356.06321716309
1774260584.181803,group_start,ours:coord:train.lr,492,540,0,91.11111111111111,9693.27450061426,99356.06363129616
1774261839.3011048,job_done,ours:coord:train.lr,493,540,0,91.29629629629629,9591.73547867394,100611.18278694153
1774261839.5681443,job_done,ours:coord:train.lr,494,540,0,91.48148148148148,9368.677518846534,100611.44987630844
1774261842.5370138,job_done,ours:coord:train.lr,495,540,0,91.66666666666667,9146.765337510542,100614.41871261597
1774261843.272388,job_done,ours:coord:train.lr,496,540,0,91.85185185185185,8925.53785389085,100615.15398931503
1774261843.6045346,job_done,ours:coord:train.lr,497,540,0,92.03703703703704,8705.162793495765,100615.48624110222
1774261843.6657825,job_done,ours:coord:train.lr,498,540,0,92.22222222222223,8485.648580950427,100615.54745984077
1774263091.6996238,job_done,ours:coord:train.lr,499,540,0,92.4074074074074,8369.552774594638,101863.58132982254
1774263092.3263037,job_done,ours:coord:train.lr,500,540,0,92.5925925925926,8149.1366415596,101864.20801949501
1774263097.1937761,job_done,ours:coord:train.lr,501,540,0,92.77777777777777,7929.92802280152,101869.0753698349
1774263098.7355013,job_done,ours:coord:train.lr,502,540,0,92.96296296296296,7711.321619662631,101870.61718606949
1774263098.8104386,job_done,ours:coord:train.lr,503,540,0,93.14814814814815,7493.470403059339,101870.69223618507
1774263098.94097,job_done,ours:coord:train.lr,504,540,0,93.33333333333333,7276.487333723477,101870.82267212868
1774264334.9172134,job_done,ours:coord:train.lr,505,540,0,93.51851851851852,7146.015764777023,103106.79889178276
1774264337.0588353,job_done,ours:coord:train.lr,506,540,0,93.70370370370371,6928.268730371837,103108.94051671028
1774264348.24388,job_done,ours:coord:train.lr,507,540,0,93.88888888888889,6711.9608364796495,103120.12557864189
1774264350.8070052,job_done,ours:coord:train.lr,508,540,0,94.07407407407408,6495.917399729331,103122.68872070312
1774264351.683885,job_done,ours:coord:train.lr,509,540,0,94.25925925925925,6280.610085595098,103123.56559896469
1774264351.9006639,job_done,ours:coord:train.lr,510,540,0,94.44444444444444,6066.10483789444,103123.78224420547
1774265574.381497,job_done,ours:coord:train.lr,511,540,0,94.62962962962963,5921.803584963374,104346.26316952705
1774265576.314046,job_done,ours:coord:train.lr,512,540,0,94.81481481481481,5706.541948271915,104348.1956255436
1774265597.8788652,job_done,ours:coord:train.lr,513,540,0,95.0,5493.145274199937,104369.76020979881
1774265601.4983542,job_done,ours:coord:train.lr,514,540,0,95.18518518518519,5279.587317327581,104373.38004255295
1774265603.2457817,job_done,ours:coord:train.lr,515,540,0,95.37037037037037,5066.7537613748345,104375.1274843216
1774265603.4879043,job_done,ours:coord:train.lr,516,540,0,95.55555555555556,4854.668349132981,104375.3695063591
1774266812.1248085,job_done,ours:coord:train.lr,517,540,0,95.74074074074075,4697.160832154681,105584.00653147697
1774266814.5966563,job_done,ours:coord:train.lr,518,540,0,95.92592592592592,4484.367808088833,105586.47839045525
1774266844.3622086,job_done,ours:coord:train.lr,519,540,0,96.11111111111111,4273.4896335905,105616.24380159378
1774266849.626687,job_done,ours:coord:train.lr,520,540,0,96.29629629629629,4062.3657057743803,105621.5083501339
1774266852.7880216,job_done,ours:coord:train.lr,521,540,0,96.48148148148148,3851.955328209158,105624.66978931427
1774266853.1503882,job_done,ours:coord:train.lr,522,540,0,96.66666666666667,3642.242481930503,105625.03197598457
1774268048.7946317,job_done,ours:coord:train.lr,523,540,0,96.85185185185185,3472.182596900495,106820.67636346817
1774268052.469745,job_done,ours:coord:train.lr,524,540,0,97.03703703703704,3261.812257817683,106824.35144352913
1774268090.8755145,job_done,ours:coord:train.lr,525,540,0,97.22222222222223,3053.2216328212194,106862.75714874268
1774268099.5772417,job_done,ours:coord:train.lr,526,540,0,97.4074074074074,2844.48749706863,106871.45881843567
1774268103.568674,job_done,ours:coord:train.lr,527,540,0,97.5925925925926,2636.396309115629,106875.45037722588
1774268103.8956742,job_done,ours:coord:train.lr,528,540,0,97.77777777777777,2428.994939863682,106875.777354002
1774269286.3270483,job_done,ours:coord:train.lr,529,540,0,97.96296296296296,2246.9570828786646,108058.20880389214
1774269289.976944,job_done,ours:coord:train.lr,530,540,0,98.14814814814815,2038.9029879345085,108061.85836052895
1774269334.4870083,job_done,ours:coord:train.lr,531,540,0,98.33333333333333,1832.311333664393,108106.36868619919
1774269347.4033651,job_done,ours:coord:train.lr,532,540,0,98.51851851851852,1625.8539103063426,108119.28503537178
1774269352.8488414,job_done,ours:coord:train.lr,533,540,0,98.70370370370371,1420.0246033646154,108124.73051333427
1774269353.3212273,job_done,ours:coord:train.lr,534,540,0,98.88888888888889,1214.8899209767246,108125.20296692848
1774270525.9774559,job_done,ours:coord:train.lr,535,540,0,99.07407407407408,1021.4753197197603,109297.85921001434
1774270529.8584447,job_done,ours:coord:train.lr,536,540,0,99.25925925925925,815.6846278300925,109301.7401292324
1774270565.5581927,job_done,ours:coord:train.lr,537,540,0,99.44444444444444,610.8236864518852,109337.43987488747
1774270575.6733572,job_done,ours:coord:train.lr,538,540,0,99.62962962962963,406.4964870635461,109347.55502009392
1774270578.7692115,job_done,ours:coord:train.lr,539,540,0,99.81481481481481,202.87690334107748,109350.65090084076
1774270579.0090249,job_done,ours:coord:train.lr,540,540,0,100.0,,109350.89084124565
1774270579.0096128,group_end,ours:coord:train.lr,540,540,0,100.0,,109350.89141440392
1774270579.0097935,phase_end,,540,540,0,100.0,,109350.89166688919
1774270579.8725438,lock_released,,540,540,0,100.0,,109351.75423502922
1774270579.8756495,lock_wait,,540,540,0,100.0,,109351.75739264488
1774270579.8760703,lock_acquired,,540,540,0,100.0,,109351.7578356266
1774270579.8764412,plan_add,,540,588,0,91.83673469387755,9720.156283484566,109351.75818920135
1774270579.8768008,phase_start,ours:coord:train.weight_decay,540,588,0,91.83673469387755,9720.156316884359,109351.75856494904
1774270657.8310118,group_slots,ours:coord:train.weight_decay,540,588,0,91.83673469387755,9727.085565461053,109429.71261143684
1774270657.8314056,group_start,ours:coord:train.weight_decay,540,588,0,91.83673469387755,9727.085612551371,109429.71314120293
1774271911.978309,job_done,ours:coord:train.weight_decay,541,588,0,92.00680272108843,9615.788197859818,110683.85989451408
1774271912.4674914,job_done,ours:coord:train.weight_decay,542,588,0,92.17687074829932,9393.87465620129,110684.34921002388
1774271914.433428,job_done,ours:coord:train.weight_decay,543,588,0,92.34693877551021,9172.89903890362,110686.31506943703
1774271915.7039208,job_done,ours:coord:train.weight_decay,544,588,0,92.51700680272108,8952.672365874052,110687.58561444283
1774271915.9466496,job_done,ours:coord:train.weight_decay,545,588,0,92.68707482993197,8733.168108485597,110687.82835173607
1774271916.0504782,job_done,ours:coord:train.weight_decay,546,588,0,92.85714285714286,8514.456321679629,110687.93218183517
1774273159.8040504,job_done,ours:coord:train.weight_decay,547,588,0,93.02721088435374,8389.760714825155,111931.68563437462
1774273162.3209357,job_done,ours:coord:train.weight_decay,548,588,0,93.19727891156462,8170.379753652281,111934.20262503624
1774273167.9567134,job_done,ours:coord:train.weight_decay,549,588,0,93.36734693877551,7952.01037527173,111939.83835959435
1774273170.9055505,job_done,ours:coord:train.weight_decay,550,588,0,93.5374149659864,7734.2289376874405,111942.78725600243
1774273171.1111917,job_done,ours:coord:train.weight_decay,551,588,0,93.70748299319727,7517.0430795756965,111942.99288773537
1774273171.20826,job_done,ours:coord:train.weight_decay,552,588,0,93.87755102040816,7300.6363085715675,111943.09006476402
1774274394.2041135,job_done,ours:coord:train.weight_decay,553,588,0,94.04761904761905,7162.410494179665,113166.08580803871
1774274402.3972888,job_done,ours:coord:train.weight_decay,554,588,0,94.21768707482993,6945.713871966201,113174.27897262573
1774274416.6616118,job_done,ours:coord:train.weight_decay,555,588,0,94.38775510204081,6730.129594570883,113188.54318141937
1774274424.4447958,job_done,ours:coord:train.weight_decay,556,588,0,94.5578231292517,6514.896476128119,113196.32627272606
1774274424.8148499,job_done,ours:coord:train.weight_decay,557,588,0,94.72789115646259,6299.995672071429,113196.69643044472
1774274424.8717794,job_done,ours:coord:train.weight_decay,558,588,0,94.89795918367346,6085.846965466776,113196.75355768204
1774275627.5544438,job_done,ours:coord:train.weight_decay,559,588,0,95.06802721088435,5934.853746604834,114399.42221903801
1774275640.690458,job_done,ours:coord:train.weight_decay,560,588,0,95.23809523809524,5720.628607809544,114412.57215619087
1774275661.948534,job_done,ours:coord:train.weight_decay,561,588,0,95.40816326530613,5507.510542386356,114433.83015847206
1774275674.583099,job_done,ours:coord:train.weight_decay,562,588,0,95.578231292517,5294.676307136902,114446.46479272842
1774275676.337666,job_done,ours:coord:train.weight_decay,563,588,0,95.74829931972789,5082.070134683358,114448.21943306923
1774275676.4035933,job_done,ours:coord:train.weight_decay,564,588,0,95.91836734693878,4870.139799412261,114448.28528618813
1774276860.1849093,job_done,ours:coord:train.weight_decay,565,588,0,96.08843537414965,4707.146075286275,115632.0666320324
1774276879.8218513,job_done,ours:coord:train.weight_decay,566,588,0,96.25850340136054,4495.295898893276,115651.7035806179
1774276905.0651622,job_done,ours:coord:train.weight_decay,567,588,0,96.42857142857143,4284.331364887732,115676.94685196877
1774276923.8581815,job_done,ours:coord:train.weight_decay,568,588,0,96.59863945578232,4073.7936548112143,115695.73979663849
1774276926.8587847,job_done,ours:coord:train.weight_decay,569,588,0,96.7687074829932,3863.402579447507,115698.74040555954
1774276926.915944,job_done,ours:coord:train.weight_decay,570,588,0,96.93877551020408,3653.64623381966,115698.79740428925
1774278095.6924937,job_done,ours:coord:train.weight_decay,571,588,0,97.10884353741497,3479.419897264023,116867.57419633865
1774278117.1173065,job_done,ours:coord:train.weight_decay,572,588,0,97.27891156462584,3269.6223509194965,116888.99904537201
1774278146.768122,job_done,ours:coord:train.weight_decay,573,588,0,97.44897959183673,3060.6976361299685,116918.6497001648
1774278172.5460832,job_done,ours:coord:train.weight_decay,574,588,0,97.61904761904762,2852.3031135303218,116944.4276547432
1774278177.3400335,job_done,ours:coord:train.weight_decay,575,588,0,97.78911564625851,2644.069046013459,116949.20780444145
1774278177.4554482,job_done,ours:coord:train.weight_decay,576,588,0,97.95918367346938,2436.4445235282183,116949.33712935448
1774279332.7380552,job_done,ours:coord:train.weight_decay,577,588,0,98.12925170068027,2251.561208587792,118104.61975955963
1774279355.4891949,job_done,ours:coord:train.weight_decay,578,588,0,98.29931972789116,2043.726140640186,118127.37092900276
1774279388.488461,job_done,ours:coord:train.weight_decay,579,588,0,98.46938775510205,1836.6896910963899,118160.37012720108
1774279421.1389,job_done,ours:coord:train.weight_decay,580,588,0,98.63945578231292,1630.2485597150078,118193.02057933807
1774279427.9817924,job_done,ours:coord:train.weight_decay,581,588,0,98.80952380952381,1424.0947411577386,118199.8635160923
1774279428.043875,job_done,ours:coord:train.weight_decay,582,588,0,98.9795918367347,1218.5559349182954,118199.92568707466
1774280570.3819804,job_done,ours:coord:train.weight_decay,583,588,0,99.14965986394557,1023.5185560517613,119342.26363563538
1774280592.6338477,job_done,ours:coord:train.weight_decay,584,588,0,99.31972789115646,817.565175272014,119364.51558971405
1774280618.2065465,job_done,ours:coord:train.weight_decay,585,588,0,99.48979591836735,612.2568626293769,119390.0882127285
1774280639.9145644,job_done,ours:coord:train.weight_decay,586,588,0,99.65986394557824,407.54879252902475,119411.79621100426
1774280643.6252747,job_done,ours:coord:train.weight_decay,587,588,0,99.82993197278911,203.4335721871313,119415.50687384605
1774280643.7106133,job_done,ours:coord:train.weight_decay,588,588,0,100.0,,119415.59234261513
1774280643.711313,group_end,ours:coord:train.weight_decay,588,588,0,100.0,,119415.59304642677
1774280643.711668,phase_end,,588,588,0,100.0,,119415.59343266487
1774280644.5640607,lock_released,,588,588,0,100.0,,119416.4456846714
1774280644.5676227,lock_wait,,588,588,0,100.0,,119416.44937205315
1774280644.5680518,lock_acquired,,588,588,0,100.0,,119416.44980955124
1774280644.5684316,plan_add,,588,636,0,92.45283018867924,9748.281647195621,119416.45017814636
1774280644.5687907,phase_start,ours:coord:train.grad_clip,588,636,0,92.45283018867924,9748.281678238693,119416.450558424
1774280722.2895517,group_slots,ours:coord:train.grad_clip,588,636,0,92.45283018867924,9754.626223622538,119494.17123937607
1774280722.2898107,group_start,ours:coord:train.grad_clip,588,636,0,92.45283018867924,9754.626257195765,119494.17165064812
1774281973.5539868,job_done,ours:coord:train.grad_clip,589,636,0,92.61006289308176,9635.034768312207,120745.43571352959
1774281976.4599938,job_done,ours:coord:train.grad_clip,590,636,0,92.76729559748428,9414.27748669608,120748.34167718887
1774281980.9498572,job_done,ours:coord:train.grad_clip,591,636,0,92.9245283018868,9194.37803790049,120752.83156442642
1774281981.0521383,job_done,ours:coord:train.grad_clip,592,636,0,93.08176100628931,8974.880219630293,120752.93386411667
1774281981.1707,job_done,ours:coord:train.grad_clip,593,636,0,93.23899371069183,8756.123529320423,120753.05239272118
1774281981.2772055,job_done,ours:coord:train.grad_clip,594,636,0,93.39622641509433,8538.102140147277,120753.15883922577
1774283211.570482,job_done,ours:coord:train.grad_clip,595,636,0,93.55345911949685,8405.582420499786,121983.45219993591
1774283223.1446588,job_done,ours:coord:train.grad_clip,596,636,0,93.71069182389937,8187.585661075259,121995.02635002136
1774283236.2837133,job_done,ours:coord:train.grad_clip,597,636,0,93.86792452830188,7970.382663513547,122008.16538763046
1774283237.35345,job_done,ours:coord:train.grad_clip,598,636,0,94.0251572327044,7753.0952102827,122009.2351512909
1774283237.9390843,job_done,ours:coord:train.grad_clip,599,636,0,94.18238993710692,7536.499768155247,122009.82057094574
1774283237.9924738,job_done,ours:coord:train.grad_clip,600,636,0,94.33962264150944,7320.592449803353,122009.8741633892
1774284439.0736008,job_done,ours:coord:train.grad_clip,601,636,0,94.49685534591195,7175.346817994078,123210.9553604126
1774284458.443569,job_done,ours:coord:train.grad_clip,602,636,0,94.65408805031447,6959.852255804593,123230.3252351284
1774284487.348953,job_done,ours:coord:train.grad_clip,603,636,0,94.81132075471699,6745.5300296325595,123259.23054146767
1774284489.836308,job_done,ours:coord:train.grad_clip,604,636,0,94.96855345911949,6530.422144277207,123261.71797323227
1774284491.4722197,job_done,ours:coord:train.grad_clip,605,636,0,95.12578616352201,6315.973506081794,123263.35390901566
1774284491.5308447,job_done,ours:coord:train.grad_clip,606,636,0,95.28301886792453,6102.149136951654,123263.41256642342
1774285657.3946404,job_done,ours:coord:train.grad_clip,607,636,0,95.44025157232704,5944.726550503658,124429.27641916275
1774285691.0763967,job_done,ours:coord:train.grad_clip,608,636,0,95.59748427672956,5731.84675454309,124462.95809864998
1774285738.9257522,job_done,ours:coord:train.grad_clip,609,636,0,95.75471698113208,5520.183581064487,124510.80743956566
1774285742.6790614,job_done,ours:coord:train.grad_clip,610,636,0,95.9119496855346,5307.177999404219,124514.56075525284
1774285745.3789454,job_done,ours:coord:train.grad_clip,611,636,0,96.06918238993711,5094.814265106002,124517.26063919067
1774285745.4380314,job_done,ours:coord:train.grad_clip,612,636,0,96.22641509433963,4883.032149268131,124517.31980633736
1774286887.8114932,job_done,ours:coord:train.grad_clip,613,636,0,96.38364779874213,4714.800887944453,125659.69323086739
1774286920.7626238,job_done,ours:coord:train.grad_clip,614,636,0,96.54088050314465,4503.645234931952,125692.64428400993
1774286987.4161735,job_done,ours:coord:train.grad_clip,615,636,0,96.69811320754717,4294.219927314432,125759.29787135124
1774286993.2066689,job_done,ours:coord:train.grad_clip,616,636,0,96.85534591194968,4083.2820891327674,125765.08834528923
1774286996.9100976,job_done,ours:coord:train.grad_clip,617,636,0,97.0125786163522,3872.94496569448,125768.79178071022
1774286996.9711936,job_done,ours:coord:train.grad_clip,618,636,0,97.16981132075472,3663.17047467741,125768.85296392441
1774288120.6153975,job_done,ours:coord:train.grad_clip,619,636,0,97.32704402515724,3484.930878424298,126892.48316144943
1774288153.077043,job_done,ours:coord:train.grad_clip,620,636,0,97.48427672955975,3275.4828056889196,126924.95872044563
1774288232.6390676,job_done,ours:coord:train.grad_clip,621,636,0,97.64150943396227,3067.742044787476,127004.52065420151
1774288242.0727081,job_done,ours:coord:train.grad_clip,622,636,0,97.79874213836477,2858.8349873712973,127013.95443892479
1774288247.3051398,job_done,ours:coord:train.grad_clip,623,636,0,97.95597484276729,2650.480624091759,127019.1868314743
1774288247.367203,job_done,ours:coord:train.grad_clip,624,636,0,98.11320754716981,2442.6778626671203,127019.24885869026
1774289357.0592055,job_done,ours:coord:train.grad_clip,625,636,0,98.27044025157232,2255.0693596401215,128128.94088864326
1774289389.6889706,job_done,ours:coord:train.grad_clip,626,636,0,98.42767295597484,2047.309435621237,128161.57066988945
1774289476.69848,job_done,ours:coord:train.grad_clip,627,636,0,98.58490566037736,1840.8887100733068,128248.58013510704
1774289490.733688,job_done,ours:coord:train.grad_clip,628,636,0,98.74213836477988,1633.918667945133,128262.61543369293
1774289498.0775745,job_done,ours:coord:train.grad_clip,629,636,0,98.8993710691824,1427.4876225218295,128269.95922374725
1774289498.1393776,job_done,ours:coord:train.grad_clip,630,636,0,99.05660377358491,1221.6192492507753,128270.0211713314
1774290593.2940004,job_done,ours:coord:train.grad_clip,631,636,0,99.21383647798743,1025.0806313687006,129365.17567873001
1774290623.4663887,job_done,ours:coord:train.grad_clip,632,636,0,99.37106918238993,818.9578993229927,129395.34809303284
1774290688.2044873,job_done,ours:coord:train.grad_clip,633,636,0,99.52830188679245,613.5548456980719,129460.07244229317
1774290698.7843583,job_done,ours:coord:train.grad_clip,634,636,0,99.68553459119497,408.424814147528,129470.66608476639
1774290703.3617423,job_done,ours:coord:train.grad_clip,635,636,0,99.84276729559748,203.89799927764054,129475.22954130173
1774290703.397049,job_done,ours:coord:train.grad_clip,636,636,0,100.0,,129475.27889466286
1774290703.3975823,group_end,ours:coord:train.grad_clip,636,636,0,100.0,,129475.27943658829
1774290703.397756,phase_end,,636,636,0,100.0,,129475.27962946892
1774290704.3806825,lock_released,,636,636,0,100.0,,129476.26240825653
1774290704.3839903,lock_wait,,636,636,0,100.0,,129476.26573967934
1774290704.3844283,lock_acquired,,636,636,0,100.0,,129476.26617312431
1774290704.3847947,plan_add,,636,684,0,92.98245614035088,9771.793701585733,129476.26654601097
1774290704.3851488,phase_start,ours:coord:method.ours.lambda_align,636,684,0,92.98245614035088,9771.793729440222,129476.26691508293
1774290782.159423,group_slots,ours:coord:method.ours.lambda_align,636,684,0,92.98245614035088,9777.663481640366,129554.04113173485
1774290782.1596842,group_start,ours:coord:method.ours.lambda_align,636,684,0,92.98245614035088,9777.663510682449,129554.04151654243
1774292038.1520023,job_done,ours:coord:method.ours.lambda_align,637,684,0,93.12865497076024,9651.603740890136,130810.03367972374
1774292038.956118,job_done,ours:coord:method.ours.lambda_align,638,684,0,93.27485380116958,9431.502414973926,130810.83784246445
1774292040.3294811,job_done,ours:coord:method.ours.lambda_align,639,684,0,93.42105263157895,9212.127545501146,130812.21114611626
1774292041.575281,job_done,ours:coord:method.ours.lambda_align,640,684,0,93.5672514619883,8993.425169669092,130813.4570133686
1774292041.8741715,job_done,ours:coord:method.ours.lambda_align,641,684,0,93.71345029239767,8775.337753790218,130813.75581812859
1774292041.9265194,job_done,ours:coord:method.ours.lambda_align,642,684,0,93.85964912280701,8557.912685911233,130813.80819892883
1774293289.2800865,job_done,ours:coord:method.ours.lambda_align,643,684,0,94.00584795321637,8420.696163243121,132061.1617796421
1774293293.2835505,job_done,ours:coord:method.ours.lambda_align,644,684,0,94.15204678362574,8202.805292784056,132065.16521382332
1774293295.8730059,job_done,ours:coord:method.ours.lambda_align,645,684,0,94.29824561403508,7985.49214473436,132067.75470137596
1774293297.9287388,job_done,ours:coord:method.ours.lambda_align,646,684,0,94.44444444444444,7768.812381996828,132069.81049394608
1774293298.0247707,job_done,ours:coord:method.ours.lambda_align,647,684,0,94.5906432748538,7552.683987650289,132069.90648674965
1774293298.0768287,job_done,ours:coord:method.ours.lambda_align,648,684,0,94.73684210526316,7337.2199142376585,132069.95845627785
1774294527.569893,job_done,ours:coord:method.ours.lambda_align,649,684,0,94.88304093567251,7188.722350117972,133299.45157790184
1774294540.629632,job_done,ours:coord:method.ours.lambda_align,650,684,0,95.02923976608187,6973.269824843774,133312.51135730743
1774294548.110741,job_done,ours:coord:method.ours.lambda_align,651,684,0,95.17543859649123,6758.15629958667,133319.99245548248
1774294552.7705684,job_done,ours:coord:method.ours.lambda_align,652,684,0,95.32163742690058,6543.54054030904,133324.6385087967
1774294552.8151174,job_done,ours:coord:method.ours.lambda_align,653,684,0,95.46783625730994,6329.350075632653,133324.69675445557
1774294553.0607665,job_done,ours:coord:method.ours.lambda_align,654,684,0,95.6140350877193,6115.823044273831,133324.94236516953
1774295750.5500264,job_done,ours:coord:method.ours.lambda_align,655,684,0,95.76023391812865,5955.954987887754,134522.43162298203
1774295777.9072764,job_done,ours:coord:method.ours.lambda_align,656,684,0,95.90643274853801,5742.978793551282,134549.78887748718
1774295797.2677712,job_done,ours:coord:method.ours.lambda_align,657,684,0,96.05263157894737,5530.2390208179,134569.1495065689
1774295805.3468196,job_done,ours:coord:method.ours.lambda_align,658,684,0,96.19883040935673,5317.6412498074105,134577.2285528183
1774295806.2675638,job_done,ours:coord:method.ours.lambda_align,659,684,0,96.34502923976608,5105.392610022802,134578.14920020103
1774295806.332292,job_done,ours:coord:method.ours.lambda_align,660,684,0,96.49122807017544,4893.753237446871,134578.21402978897
1774296976.6905084,job_done,ours:coord:method.ours.lambda_align,661,684,0,96.6374269005848,4723.475279917696,135748.57217502594
1774297013.6719553,job_done,ours:coord:method.ours.lambda_align,662,684,0,96.78362573099415,4512.510847306324,135785.55367803574
1774297042.4419906,job_done,ours:coord:method.ours.lambda_align,663,684,0,96.9298245614035,4301.811156376455,135814.32365131378
1774297055.778791,job_done,ours:coord:method.ours.lambda_align,664,684,0,97.07602339181287,4091.194592965655,135827.66048645973
1774297057.5600767,job_done,ours:coord:method.ours.lambda_align,665,684,0,97.22222222222223,3880.8411924157826,135829.44173455238
1774297057.6236682,job_done,ours:coord:method.ours.lambda_align,666,684,0,97.36842105263158,3671.067712990013,135829.5053806305
1774298210.533574,job_done,ours:coord:method.ours.lambda_align,667,684,0,97.51461988304094,3491.305935853961,136982.41524791718
1774298250.2114842,job_done,ours:coord:method.ours.lambda_align,668,684,0,97.6608187134503,3281.9663031343925,137022.0931558609
1774298284.9034176,job_done,ours:coord:method.ours.lambda_align,669,684,0,97.80701754385964,3073.0220874702986,137056.7851011753
1774298305.4591458,job_done,ours:coord:method.ours.lambda_align,670,684,0,97.953216374269,2864.3026453366924,137077.34088397026
1774298308.0005753,job_done,ours:coord:method.ours.lambda_align,671,684,0,98.09941520467837,2655.795036012121,137079.88224339485
1774298308.3206005,job_done,ours:coord:method.ours.lambda_align,672,684,0,98.24561403508773,2447.8607548815867,137080.20227336884
1774299446.1277723,job_done,ours:coord:method.ours.lambda_align,673,684,0,98.39181286549707,2259.135370923364,138218.00951194763
1774299486.3951976,job_done,ours:coord:method.ours.lambda_align,674,684,0,98.53801169590643,2051.3097460758086,138258.2768855095
1774299526.0828233,job_done,ours:coord:method.ours.lambda_align,675,684,0,98.6842105263158,1843.9728610833486,138297.96458125114
1774299554.3450186,job_done,ours:coord:method.ours.lambda_align,676,684,0,98.83040935672514,1636.9967656699864,138326.22669911385
1774299558.7330208,job_done,ours:coord:method.ours.lambda_align,677,684,0,98.9766081871345,1430.3017748751001,138330.61451292038
1774299558.7948031,job_done,ours:coord:method.ours.lambda_align,678,684,0,99.12280701754386,1224.1652787913265,138330.67650341988
1774300682.5762053,job_done,ours:coord:method.ours.lambda_align,679,684,0,99.26900584795321,1026.9105886236732,139454.45793509483
1774300719.551089,job_done,ours:coord:method.ours.lambda_align,680,684,0,99.41520467836257,820.5378398811116,139491.43277978897
1774300751.2640548,job_done,ours:coord:method.ours.lambda_align,681,684,0,99.56140350877193,614.6394087995201,139523.14579749107
1774300770.5384116,job_done,ours:coord:method.ours.lambda_align,682,684,0,99.70760233918129,409.2153082054731,139542.42009806633
1774300773.2817633,job_done,ours:coord:method.ours.lambda_align,683,684,0,99.85380116959064,204.31209882007337,139545.1634941101
1774300773.366747,job_done,ours:coord:method.ours.lambda_align,684,684,0,100.0,,139545.24856233597
1774300773.3672607,group_end,ours:coord:method.ours.lambda_align,684,684,0,100.0,,139545.24910235405
1774300773.3674567,phase_end,,684,684,0,100.0,,139545.2493197918
1774300774.182712,lock_released,,684,684,0,100.0,,139546.06426858902
1774300774.1866086,lock_wait,,684,684,0,100.0,,139546.06834888458
1774300774.1870413,lock_acquired,,684,684,0,100.0,,139546.0687983036
1774300774.187428,plan_add,,684,738,0,92.6829268292683,11016.794934680587,139546.06917262077
1774300774.1877992,phase_start,ours:local_var_topk,684,738,0,92.6829268292683,11016.794965078956,139546.06955766678
1774300851.9396544,group_slots,ours:local_var_topk,684,738,0,92.6829268292683,11022.933256048904,139623.82124328613
1774300851.9400542,group_start,ours:local_var_topk,684,738,0,92.6829268292683,11022.933301034727,139623.82181310654
1774302105.2546167,job_done,ours:local_var_topk,685,738,0,92.81842818428184,10899.982807863542,140877.1362903118
1774302107.6022785,job_done,ours:local_var_topk,686,738,0,92.95392953929539,10678.911323486194,140879.48399829865
1774302109.3258004,job_done,ours:local_var_topk,687,738,0,93.08943089430895,10458.430250966392,140881.207498312
1774302111.3800883,job_done,ours:local_var_topk,688,738,0,93.22493224932249,10238.609137420737,140883.26173090935
1774302111.6896112,job_done,ours:local_var_topk,689,738,0,93.36043360433604,10019.296068100175,140883.57124328613
1774302111.7526727,job_done,ours:local_var_topk,690,738,0,93.4959349593496,9800.600654038139,140883.63440179825
1774303350.0538573,job_done,ours:local_var_topk,691,738,0,93.63143631436314,9666.759726410493,142121.9355521202
1774303358.631195,job_done,ours:local_var_topk,692,738,0,93.76693766937669,9447.982070301308,142130.51288366318
1774303362.6635575,job_done,ours:local_var_topk,693,738,0,93.90243902439025,9229.51592809194,142134.5452926159
1774303364.7306013,job_done,ours:local_var_topk,694,738,0,94.03794037940379,9011.543141135564,142136.61227154732
1774303365.9994485,job_done,ours:local_var_topk,695,738,0,94.17344173441734,8794.14228622656,142137.8811378479
1774303366.222632,job_done,ours:local_var_topk,696,738,0,94.3089430894309,8577.299399040896,142138.10432696342
1774304577.2125063,job_done,ours:local_var_topk,697,738,0,94.44444444444444,8432.299657555188,143349.0941784382
1774304605.1091638,job_done,ours:local_var_topk,698,738,0,94.57994579945799,8216.446461978136,143376.99076151848
1774304613.9918358,job_done,ours:local_var_topk,699,738,0,94.71544715447155,8000.070193382803,143385.87346601486
1774304616.3483193,job_done,ours:local_var_topk,700,738,0,94.8509485094851,7783.932488355637,143388.23004865646
1774304618.7515292,job_done,ours:local_var_topk,701,738,0,94.98644986449864,7568.407164846779,143390.6330420971
1774304618.8150618,job_done,ours:local_var_topk,702,738,0,95.1219512195122,7353.36906402539,143390.6967484951
1774305799.438182,job_done,ours:local_var_topk,703,738,0,95.25745257452574,7197.7186249482675,144571.31980967522
1774305844.0172977,job_done,ours:local_var_topk,704,738,0,95.39295392953929,6984.290576309643,144615.8989918232
1774305864.1051612,job_done,ours:local_var_topk,705,738,0,95.52845528455285,6770.195132665432,144635.98692512512
1774305868.191733,job_done,ours:local_var_topk,706,738,0,95.6639566395664,6555.924003763173,144640.07333302498
1774305871.8845758,job_done,ours:local_var_topk,707,738,0,95.79945799457994,6342.230203476114,144643.76625347137
1774305871.9430273,job_done,ours:local_var_topk,708,738,0,95.9349593495935,6128.975620532439,144643.82464456558
1774307025.2411053,job_done,ours:local_var_topk,709,738,0,96.07046070460704,5963.49303507334,145797.12282299995
1774307078.7480028,job_done,ours:local_var_topk,710,738,0,96.2059620596206,5751.855820252862,145850.62972784042
1774307111.0412877,job_done,ours:local_var_topk,711,738,0,96.34146341463415,5539.857832413685,145882.92292022705
1774307118.544812,job_done,ours:local_var_topk,712,738,0,96.4769647696477,5327.459394979343,145890.42650866508
1774307123.414555,job_done,ours:local_var_topk,713,738,0,96.61246612466125,5115.542856297687,145895.28226161003
1774307123.46269,job_done,ours:local_var_topk,714,738,0,96.7479674796748,4904.045191909085,145895.34445929527
1774308257.8438847,job_done,ours:local_var_topk,715,738,0,96.88346883468834,4729.627536330857,147029.7255859375
1774308312.7791636,job_done,ours:local_var_topk,716,738,0,97.0189701897019,4519.361088574931,147084.6608827114
1774308355.2696302,job_done,ours:local_var_topk,717,738,0,97.15447154471545,4309.163424430033,147127.1512055397
1774308367.1722093,job_done,ours:local_var_topk,718,738,0,97.289972899729,4098.58088912406,147139.05391955376
1774308374.134701,job_done,ours:local_var_topk,719,738,0,97.42547425474255,3888.4204614822324,147146.01641082764
1774308374.1936986,job_done,ours:local_var_topk,720,738,0,97.5609756097561,3678.651887208223,147146.07548832893
1774309494.5669165,job_done,ours:local_var_topk,721,738,0,97.69647696476964,3495.880202932596,148266.4486067295
1774309549.6562207,job_done,ours:local_var_topk,722,738,0,97.8319783197832,3286.903888401232,148321.5379641056
1774309598.610342,job_done,ours:local_var_topk,723,738,0,97.96747967479675,3078.22597573407,148370.49203038216
1774309614.7266438,job_done,ours:local_var_topk,724,738,0,98.1029810298103,2869.354305636817,148386.60837721825
1774309625.1232007,job_done,ours:local_var_topk,725,738,0,98.23848238482385,2660.9118095115136,148397.00476121902
1774309625.1824336,job_done,ours:local_var_topk,726,738,0,98.3739837398374,2452.8440341476567,148397.06406593323
1774310732.1010933,job_done,ours:local_var_topk,727,738,0,98.50948509485094,2262.0960241931666,149503.98268985748
1774310787.1358666,job_done,ours:local_var_topk,728,738,0,98.6449864498645,2054.382109913852,149559.01760172844
1774310841.1307378,job_done,ours:local_var_topk,729,738,0,98.78048780487805,1847.0742274920146,149613.01242685318
1774310860.2639828,job_done,ours:local_var_topk,730,738,0,98.9159891598916,1639.8043360984489,149632.14566898346
1774310874.4835649,job_done,ours:local_var_topk,731,738,0,99.05149051490515,1433.0021281933818,149646.36510133743
1774310874.5453002,job_done,ours:local_var_topk,732,738,0,99.1869918699187,1226.6100569044957,149646.42694234848
1774311971.0331051,job_done,ours:local_var_topk,733,738,0,99.32249322493224,1028.259991953838,150742.91482043266
1774312020.117804,job_done,ours:local_var_topk,734,738,0,99.4579945799458,821.7547659263299,150791.99954748154
1774312061.2445586,job_done,ours:local_var_topk,735,738,0,99.59349593495935,615.6454133423008,150833.12626886368
1774312073.4181473,job_done,ours:local_var_topk,736,738,0,99.7289972899729,409.9057060642087,150845.2998316288
1774312080.943815,job_done,ours:local_var_topk,737,738,0,99.86449864498645,204.68497358798334,150852.82553434372
1774312081.021127,job_done,ours:local_var_topk,738,738,0,100.0,,150852.90285778046
1774312081.021881,group_end,ours:local_var_topk,738,738,0,100.0,,150852.90362215042
1774312081.0222054,phase_end,,738,738,0,100.0,,150852.9039797783
1774312081.8046486,lock_released,,738,738,0,100.0,,150853.68637394905
1774312081.8204665,method_done,,738,738,0,100.0,,150853.7022137642
1774312082.2605436,method_start,,738,738,0,100.0,,150854.1423933506
1774312082.261129,lock_wait,,738,738,0,100.0,,150854.14267730713
1774312082.2613852,lock_acquired,,738,738,0,100.0,,150854.14322209358
1774312082.2617183,plan_add,,738,743,0,99.32705248990578,1022.0470423992411,150854.14345812798
1774312082.2619293,phase_start,final:baseline,738,743,0,99.32705248990578,1022.0470446865086,150854.14379572868
1774312159.9696114,group_slots,final:baseline,738,743,0,99.32705248990578,1022.5735183346885,150931.85130620003
1774312159.9698699,group_start,final:baseline,738,743,0,99.32705248990578,1022.5735210451653,150931.8517062664
1774318779.642477,job_done,final:baseline,739,743,0,99.46164199192464,852.7822677589076,157551.52396845818
1774318782.184961,job_done,final:baseline,740,743,0,99.59623149394348,638.7326452625764,157554.0524981022
1774318784.8721266,job_done,final:baseline,741,743,0,99.73082099596232,425.25439632212425,157556.75383734703
1774318787.6922033,job_done,final:baseline,742,743,0,99.86541049798116,212.3444205998089,157559.5600850582
1774318787.7597315,job_done,final:baseline,743,743,0,100.0,,157559.64153409004
1774318787.7602615,group_end,final:baseline,743,743,0,100.0,,157559.6420929432
1774318787.7604847,phase_end,,743,743,0,100.0,,157559.6423316002
1774318788.5998807,lock_released,,743,743,0,100.0,,157560.48161005974
1774318788.6005464,method_done,,743,743,0,100.0,,157560.48200273514
1774318788.6008565,method_start,,743,743,0,100.0,,157560.48264312744
1774318788.6013854,lock_wait,,743,743,0,100.0,,157560.4831342697
1774318788.6017957,lock_acquired,,743,743,0,100.0,,157560.4835639
1774318788.6021445,plan_add,,743,748,0,99.33155080213903,1060.29935338295,157560.48391270638
1774318788.6025088,phase_start,final:cagrad,743,748,0,99.33155080213903,1060.2993557430693,157560.4842634201
1774318866.9585078,group_slots,final:cagrad,743,748,0,99.33155080213903,1060.8266500637317,157638.84019947052
1774318866.9587722,group_start,final:cagrad,743,748,0,99.33155080213903,1060.8266528105191,157638.84060764313
1774325401.874384,job_done,final:cagrad,744,748,0,99.46524064171123,882.6546024007181,164173.75604653358
1774325428.8645344,job_done,final:cagrad,745,748,0,99.59893048128342,661.2110584239831,164200.74617528915
1774325563.9507024,job_done,final:cagrad,746,748,0,99.73262032085562,440.5786390656121,164335.8323714733
1774325601.1919696,job_done,final:cagrad,747,748,0,99.8663101604278,220.04427518295634,164373.0735616684
1774325601.5614254,job_done,final:cagrad,748,748,0,100.0,,164373.44310808182
1774325601.5621557,group_end,final:cagrad,748,748,0,100.0,,164373.4438867569
1774325601.5625002,phase_end,,748,748,0,100.0,,164373.44425845146
1774325602.3896616,lock_released,,748,748,0,100.0,,164374.2713778019
1774325602.3903158,method_done,,748,748,0,100.0,,164374.2717921734
1774325602.390645,method_start,,748,748,0,100.0,,164374.27242827415
1774325602.391157,lock_wait,,748,748,0,100.0,,164374.27291989326
1774325602.391565,lock_acquired,,748,748,0,100.0,,164374.27333045006
1774325602.3919172,plan_add,,748,753,0,99.33598937583001,1098.7585139163036,164374.27368187904
1774325602.392268,phase_start,final:ours,748,753,0,99.33598937583001,1098.7585162845526,164374.27403616905
1774325679.9256272,group_slots,final:ours,748,753,0,99.33598937583001,1099.2767861453606,164451.80720734596
1774325679.9260023,group_start,final:ours,748,753,0,99.33598937583001,1099.2767898730415,164451.80776500702
1774332579.4269836,job_done,final:ours,749,753,0,99.46879150066401,915.0937712087492,171351.30865883827
1774332603.3512769,job_done,final:ours,750,753,0,99.60159362549801,685.50093187809,171375.23296952248
1774332609.9554877,job_done,final:ours,751,753,0,99.734395750332,456.4096861596749,171381.83715295792
1774332612.8962839,job_done,final:ours,752,753,0,99.867197875166,227.90528973271236,171384.7778789997
1774332612.9814196,job_done,final:ours,753,753,0,100.0,,171384.86313295364
1774332612.9820638,group_end,final:ours,753,753,0,100.0,,171384.86380410194
1774332612.9824064,phase_end,,753,753,0,100.0,,171384.8641629219
1774332613.8757944,lock_released,,753,753,0,100.0,,171385.75751280785
1774332613.87647,method_done,,753,753,0,100.0,,171385.75791549683
1774332617.7924993,pipeline_done,,753,753,0,100.0,,171389.67428970337
1774332618.5270562,lock_released,,753,753,0,100.0,,171390.40887403488
