step,train_step_loss,train_acc,train_loss,val_acc,val_loss,avg_intra_expert_coherence,expert_diversity_e0,expert_diversity_e1,expert_diversity_e2,expert_diversity_e3,expert_diversity_mean,expert_purity_e0,expert_purity_e1,expert_purity_e2,expert_purity_e3,expert_purity_mean,inter_expert_similarity,inter_expert_similarity_e0_e0,inter_expert_similarity_e0_e1,inter_expert_similarity_e0_e2,inter_expert_similarity_e0_e3,inter_expert_similarity_e1_e0,inter_expert_similarity_e1_e1,inter_expert_similarity_e1_e2,inter_expert_similarity_e1_e3,inter_expert_similarity_e2_e0,inter_expert_similarity_e2_e1,inter_expert_similarity_e2_e2,inter_expert_similarity_e2_e3,inter_expert_similarity_e3_e0,inter_expert_similarity_e3_e1,inter_expert_similarity_e3_e2,inter_expert_similarity_e3_e3,intra_expert_coherence_e0,intra_expert_coherence_e1,intra_expert_coherence_e2,intra_expert_coherence_e3,load_cv,load_max_min_ratio,overall_task_conflict_cos,router_entropy,router_load_e0,router_load_e1,router_load_e2,router_load_e3,task_acc__glue_rte,task_conflict_t0_t0,task_grad_norm_cv,task_loss__glue_rte,utilization_ratio
50.0,0.6915113925933838,0.4983935742971888,0.7188500978243656,0.4729241877256318,0.734965466790729,1.0,0.0,0.0,0.0,0.0,0.0,1.0,1.0,1.0,1.0,1.0,0.052007487298738796,1.0,0.0,0.0,0.0,0.0,1.0,0.31204492379243276,0.0,0.0,0.31204492379243276,1.0,0.0,0.0,0.0,0.0,1.0,1.0,1.0,1.0,1.0,1.0024500490695267,524764180183.41064,1.0,0.691920153070443,0.0,0.4752357602119446,0.5247641801834106,0.0,0.4729241877256318,1.0,0.0,0.734965466790729,0.5
100.0,0.709296464920044,0.5016064257028112,0.6946778267621995,0.5270758122743683,0.6904591404729419,1.0,0.0,0.0,0.0,0.0,0.0,1.0,1.0,1.0,1.0,1.0,0.044263997825064294,1.0,0.0,0.0,0.0,0.0,1.0,0.26558398695038576,0.0,0.0,0.26558398695038576,1.0,0.0,0.0,0.0,0.0,1.0,1.0,1.0,1.0,1.0,1.0003189444732037,508929908275.60425,1.0,0.6929876830173314,0.0,0.491070032119751,0.5089299082756042,0.0,0.5270758122743683,1.0,0.0,0.6904591404729419,0.5
150.0,0.735520213842392,0.4983935742971888,0.6931656700296279,0.4729241877256318,0.6934108088413874,1.0,0.0,0.0,0.0,0.0,0.0,1.0,1.0,1.0,1.0,1.0,0.038981136715190434,1.0,0.0,0.0,0.0,0.0,1.0,0.2338868202911426,0.0,0.0,0.2338868202911426,1.0,0.0,0.0,0.0,0.0,1.0,1.0,1.0,1.0,1.0,1.0009797811508179,515654623508.45337,1.0,0.6926569671837431,0.0,0.48434537649154663,0.5156546235084534,0.0,0.4729241877256318,1.0,0.0,0.6934108088413874,0.5
