step,train_step_loss,train_acc,train_loss,val_acc,val_loss,avg_intra_expert_coherence,expert_diversity_e0,expert_diversity_e1,expert_diversity_e2,expert_diversity_e3,expert_diversity_mean,expert_purity_e0,expert_purity_e1,expert_purity_e2,expert_purity_e3,expert_purity_mean,inter_expert_similarity,inter_expert_similarity_e0_e0,inter_expert_similarity_e0_e1,inter_expert_similarity_e0_e2,inter_expert_similarity_e0_e3,inter_expert_similarity_e1_e0,inter_expert_similarity_e1_e1,inter_expert_similarity_e1_e2,inter_expert_similarity_e1_e3,inter_expert_similarity_e2_e0,inter_expert_similarity_e2_e1,inter_expert_similarity_e2_e2,inter_expert_similarity_e2_e3,inter_expert_similarity_e3_e0,inter_expert_similarity_e3_e1,inter_expert_similarity_e3_e2,inter_expert_similarity_e3_e3,intra_expert_coherence_e0,intra_expert_coherence_e1,intra_expert_coherence_e2,intra_expert_coherence_e3,load_cv,load_max_min_ratio,overall_task_conflict_cos,router_entropy,router_load_e0,router_load_e1,router_load_e2,router_load_e3,task_acc__glue_rte,task_conflict_t0_t0,task_grad_norm_cv,task_loss__glue_rte,utilization_ratio
50.0,0.6211325824260712,0.5016064257028112,0.7039454384874074,0.5270758122743683,0.6932535552316241,1.0,0.0,0.0,0.0,0.0,0.0,1.0,1.0,1.0,1.0,1.0,-0.03460773056843732,1.0,0.0,0.0,0.0,0.0,1.0,0.0,0.0,0.0,0.0,1.0,-0.20764638341062394,0.0,0.0,-0.20764638341062394,1.0,1.0,1.0,1.0,1.0,1.0078353881835938,544345319271.08765,1.0,0.6892090058929223,0.0,0.0,0.5443453192710876,0.45565471053123474,0.5270758122743683,1.0,0.0,0.6932535552316241,0.5
100.0,0.7363401055335999,0.4983935742971888,0.7189251449245673,0.4729241877256318,0.7349220911661783,1.0,0.0,0.0,0.0,0.0,0.0,1.0,1.0,1.0,1.0,1.0,0.0076347125940766335,1.0,0.0,0.0,0.0,0.0,1.0,0.0,0.0,0.0,0.0,1.0,0.0458082755644598,0.0,0.0,0.0458082755644598,1.0,1.0,1.0,1.0,1.0,1.0000648498535156,504028379917.1448,1.0,0.6931147274127506,0.0,0.0,0.5040283799171448,0.4959716200828552,0.4729241877256318,1.0,0.0,0.7349220911661783,0.5
150.0,0.7055990993976593,0.5016064257028112,0.6942846997426106,0.5270758122743683,0.6906214538547728,1.0,0.0,0.0,0.0,0.0,0.0,1.0,1.0,1.0,1.0,1.0,-0.017240332355873304,1.0,0.0,0.0,0.0,0.0,1.0,0.0,0.0,0.0,0.0,1.0,-0.10344199413523983,0.0,0.0,-0.10344199413523983,1.0,1.0,1.0,1.0,1.0,1.0095833539962769,549064397811.88965,1.0,0.6883247922904224,0.0,0.0,0.5490643978118896,0.45093563199043274,0.5270758122743683,1.0,0.0,0.6906214538547728,0.5
