step,train_step_loss,train_acc,train_loss,val_acc,val_loss,avg_intra_expert_coherence,expert_diversity_e0,expert_diversity_e1,expert_diversity_e2,expert_diversity_e3,expert_diversity_mean,expert_purity_e0,expert_purity_e1,expert_purity_e2,expert_purity_e3,expert_purity_mean,inter_expert_similarity,inter_expert_similarity_e0_e0,inter_expert_similarity_e0_e1,inter_expert_similarity_e0_e2,inter_expert_similarity_e0_e3,inter_expert_similarity_e1_e0,inter_expert_similarity_e1_e1,inter_expert_similarity_e1_e2,inter_expert_similarity_e1_e3,inter_expert_similarity_e2_e0,inter_expert_similarity_e2_e1,inter_expert_similarity_e2_e2,inter_expert_similarity_e2_e3,inter_expert_similarity_e3_e0,inter_expert_similarity_e3_e1,inter_expert_similarity_e3_e2,inter_expert_similarity_e3_e3,intra_expert_coherence_e0,intra_expert_coherence_e1,intra_expert_coherence_e2,intra_expert_coherence_e3,load_cv,load_max_min_ratio,overall_task_conflict_cos,router_entropy,router_load_e0,router_load_e1,router_load_e2,router_load_e3,task_acc__glue_rte,task_conflict_t0_t0,task_grad_norm_cv,task_loss__glue_rte,utilization_ratio
50.0,0.5790772438049316,0.5100401606425703,0.6756569138513162,0.5342960288808665,0.6721333232190874,1.0,0.0,0.0,0.0,0.0,0.0,1.0,1.0,1.0,1.0,1.0,0.014348941399704156,1.0,0.0,0.08609364839822493,0.0,0.0,1.0,0.0,0.0,0.08609364839822493,0.0,1.0,0.0,0.0,0.0,0.0,1.0,1.0,1.0,1.0,1.0,1.0001779198752594,506668806076.0498,1.0,0.6919640659855592,0.5066688060760498,0.0,0.4933311343193054,0.0,0.5342960288808665,1.0,0.0,0.6721333232190874,0.5
100.0,0.660251796245575,0.6642570281124498,0.6445997168620428,0.6209386281588448,0.6624503599272834,1.0,0.0,0.0,0.0,0.0,0.0,1.0,1.0,1.0,1.0,1.0,0.021064450658721406,1.0,0.0,0.12638670395232843,0.0,0.0,1.0,0.0,0.0,0.12638670395232843,0.0,1.0,0.0,0.0,0.0,0.0,1.0,1.0,1.0,1.0,1.0,1.0011931657791138,517276048660.2783,1.0,0.691326267882805,0.5172760486602783,0.0,0.4827239513397217,0.0,0.6209386281588448,1.0,0.0,0.6624503599272834,0.5
150.0,0.6100282669067383,0.689156626506024,0.6239689722848245,0.6606498194945848,0.6369055426783032,1.0,0.0,0.0,0.0,0.0,0.0,1.0,1.0,1.0,1.0,1.0,0.00876570989853292,1.0,0.0,0.052594259391197516,0.0,0.0,1.0,0.0,0.0,0.052594259391197516,0.0,1.0,0.0,0.0,0.0,0.0,1.0,1.0,1.0,1.0,1.0,1.0002412796020508,507765352725.98267,1.0,0.6922555692789787,0.5077653527259827,0.0,0.4922347068786621,0.0,0.6606498194945848,1.0,0.0,0.6369055426783032,0.5
