step,train_step_loss,train_acc,train_loss,val_acc,val_loss,avg_intra_expert_coherence,expert_diversity_e0,expert_diversity_e1,expert_diversity_e2,expert_diversity_e3,expert_diversity_mean,expert_purity_e0,expert_purity_e1,expert_purity_e2,expert_purity_e3,expert_purity_mean,inter_expert_similarity,inter_expert_similarity_e0_e0,inter_expert_similarity_e0_e1,inter_expert_similarity_e0_e2,inter_expert_similarity_e0_e3,inter_expert_similarity_e1_e0,inter_expert_similarity_e1_e1,inter_expert_similarity_e1_e2,inter_expert_similarity_e1_e3,inter_expert_similarity_e2_e0,inter_expert_similarity_e2_e1,inter_expert_similarity_e2_e2,inter_expert_similarity_e2_e3,inter_expert_similarity_e3_e0,inter_expert_similarity_e3_e1,inter_expert_similarity_e3_e2,inter_expert_similarity_e3_e3,intra_expert_coherence_e0,intra_expert_coherence_e1,intra_expert_coherence_e2,intra_expert_coherence_e3,load_cv,load_max_min_ratio,overall_task_conflict_cos,router_entropy,router_load_e0,router_load_e1,router_load_e2,router_load_e3,task_acc__glue_mrpc,task_conflict_t0_t0,task_grad_norm_cv,task_loss__glue_mrpc,utilization_ratio
50.0,0.5515467822551727,0.6744820065430752,0.6381609454103138,0.6838235294117647,0.6343872908216256,1.0,0.0,0.0,0.0,0.0,0.0,1.0,1.0,1.0,1.0,1.0,-0.018369329146391448,1.0,-0.1102159748783487,0.0,0.0,-0.1102159748783487,1.0,0.0,0.0,0.0,0.0,1.0,0.0,0.0,0.0,0.0,1.0,1.0,1.0,1.0,1.0,1.67035901678527,973034977912.9028,1.0,0.12402737973367467,0.9730349779129028,0.02696467563509941,0.0,0.0,0.6838235294117647,1.0,0.0,0.6343872908216256,0.25
100.0,0.7156174778938293,0.6744820065430752,0.6316463977098465,0.6838235294117647,0.6272244012126555,1.0,0.0,0.0,0.0,0.0,0.0,1.0,1.0,1.0,1.0,1.0,0.031938788459366554,1.0,0.19163273075619933,0.0,0.0,0.19163273075619933,1.0,0.0,0.0,0.0,0.0,1.0,0.0,0.0,0.0,0.0,1.0,1.0,1.0,1.0,1.0,1.7280908394401309,998283684253.6926,1.0,0.012639843256157987,0.9982836842536926,0.0017157249385491014,0.0,0.0,0.6838235294117647,1.0,0.0,0.6272244012126555,0.25
150.0,0.6746265888214111,0.6744820065430752,0.632190523976865,0.6838235294117647,0.6248237100931314,1.0,0.0,0.0,0.0,0.0,0.0,1.0,1.0,1.0,1.0,1.0,-0.018555659296874177,1.0,0.0,0.0,0.0,0.0,1.0,0.0,0.0,0.0,0.0,1.0,-0.11133395578124505,0.0,0.0,-0.11133395578124505,1.0,1.0,1.0,1.0,1.0,1.0640084819803812,628507733345.0317,1.0,0.6597449779510498,0.0,0.0,0.6285077333450317,0.3714921474456787,0.6838235294117647,1.0,0.0,0.6248237100931314,0.5
