step,train_step_loss,train_acc,train_loss,val_acc,val_loss,avg_intra_expert_coherence,expert_diversity_e0,expert_diversity_e1,expert_diversity_e2,expert_diversity_e3,expert_diversity_mean,expert_purity_e0,expert_purity_e1,expert_purity_e2,expert_purity_e3,expert_purity_mean,inter_expert_similarity,inter_expert_similarity_e0_e0,inter_expert_similarity_e0_e1,inter_expert_similarity_e0_e2,inter_expert_similarity_e0_e3,inter_expert_similarity_e1_e0,inter_expert_similarity_e1_e1,inter_expert_similarity_e1_e2,inter_expert_similarity_e1_e3,inter_expert_similarity_e2_e0,inter_expert_similarity_e2_e1,inter_expert_similarity_e2_e2,inter_expert_similarity_e2_e3,inter_expert_similarity_e3_e0,inter_expert_similarity_e3_e1,inter_expert_similarity_e3_e2,inter_expert_similarity_e3_e3,intra_expert_coherence_e0,intra_expert_coherence_e1,intra_expert_coherence_e2,intra_expert_coherence_e3,load_cv,load_max_min_ratio,overall_task_conflict_cos,router_entropy,router_load_e0,router_load_e1,router_load_e2,router_load_e3,task_acc__glue_mrpc,task_conflict_t0_t0,task_grad_norm_cv,task_loss__glue_mrpc,utilization_ratio
50.0,0.7549747824668884,0.3255179934569248,0.7828021804923596,0.3161764705882353,0.7856504825445322,1.0,0.0,0.0,0.0,0.0,0.0,1.0,1.0,1.0,1.0,1.0,-0.015067911747700195,1.0,0.0,0.0,0.0,0.0,1.0,0.0,-0.09040747048620117,0.0,0.0,1.0,0.0,0.0,-0.09040747048620117,0.0,1.0,1.0,1.0,1.0,1.0,1.629191933063539,954734742641.449,1.0,0.18433205754149193,0.0,0.954734742641449,0.0,0.045265696942806244,0.3161764705882353,1.0,0.0,0.7856504825445322,0.25
100.0,0.6639498770236969,0.6744820065430752,0.6429994040209314,0.6838235294117647,0.6390597212773103,1.0,0.0,0.0,0.0,0.0,0.0,1.0,1.0,1.0,1.0,1.0,0.03655955604822393,1.0,0.0,0.0,0.0,0.0,1.0,0.0,0.2193573362893436,0.0,0.0,1.0,0.0,0.0,0.2193573362893436,0.0,1.0,1.0,1.0,1.0,1.0,1.7189977986828338,994337797164.917,1.0,0.03494546423647918,0.0,0.994337797164917,0.0,0.005662861280143261,0.6838235294117647,1.0,0.0,0.6390597212773103,0.25
150.0,0.6381599009037018,0.6744820065430752,0.6526376332277837,0.6838235294117647,0.6431640455356011,1.0,0.0,0.0,0.0,0.0,0.0,1.0,1.0,1.0,1.0,1.0,-0.04765654986207756,1.0,0.0,0.0,0.0,0.0,1.0,0.0,-0.28593929917246536,0.0,0.0,1.0,0.0,0.0,-0.28593929917246536,0.0,1.0,1.0,1.0,1.0,1.0,1.7249919831771892,996940553188.324,1.0,0.020768700934508267,0.0,0.996940553188324,0.0,0.003059661015868187,0.6838235294117647,1.0,0.0,0.6431640455356011,0.25
