step,train_step_loss,train_acc,train_loss,val_acc,val_loss,avg_intra_expert_coherence,expert_diversity_e0,expert_diversity_e1,expert_diversity_e2,expert_diversity_e3,expert_diversity_mean,expert_purity_e0,expert_purity_e1,expert_purity_e2,expert_purity_e3,expert_purity_mean,inter_expert_similarity,inter_expert_similarity_e0_e0,inter_expert_similarity_e0_e1,inter_expert_similarity_e0_e2,inter_expert_similarity_e0_e3,inter_expert_similarity_e1_e0,inter_expert_similarity_e1_e1,inter_expert_similarity_e1_e2,inter_expert_similarity_e1_e3,inter_expert_similarity_e2_e0,inter_expert_similarity_e2_e1,inter_expert_similarity_e2_e2,inter_expert_similarity_e2_e3,inter_expert_similarity_e3_e0,inter_expert_similarity_e3_e1,inter_expert_similarity_e3_e2,inter_expert_similarity_e3_e3,intra_expert_coherence_e0,intra_expert_coherence_e1,intra_expert_coherence_e2,intra_expert_coherence_e3,load_cv,load_max_min_ratio,overall_task_conflict_cos,router_entropy,router_load_e0,router_load_e1,router_load_e2,router_load_e3,task_acc__glue_rte,task_conflict_t0_t0,task_grad_norm_cv,task_loss__glue_rte,utilization_ratio
50.0,0.5075938403606415,0.6048192771084338,0.6889200716637648,0.6028880866425993,0.6817103260093265,1.0,0.0,0.0,0.0,0.0,0.0,1.0,1.0,1.0,1.0,1.0,0.0039969545820302205,1.0,0.02398172749218132,0.0,0.0,0.02398172749218132,1.0,0.0,0.0,0.0,0.0,1.0,0.0,0.0,0.0,0.0,1.0,1.0,1.0,1.0,1.0,1.095229983329773,657927513122.5586,1.0,0.6203388220997064,0.6579275131225586,0.342072457075119,0.0,0.0,0.6028880866425993,1.0,0.0,0.6817103260093265,0.5
100.0,0.665464460849762,0.6726907630522089,0.6289100208152564,0.628158844765343,0.650589245888922,1.0,0.0,0.0,0.0,0.0,0.0,1.0,1.0,1.0,1.0,1.0,0.004647251404754477,1.0,0.02788350842852686,0.0,0.0,0.02788350842852686,1.0,0.0,0.0,0.0,0.0,1.0,0.0,0.0,0.0,0.0,1.0,1.0,1.0,1.0,1.0,0.9973156448978955,504706680774.6887,1.0,0.6863215141778388,0.5047066807746887,0.4938914179801941,0.0,0.0014018118381500244,0.628158844765343,1.0,0.0,0.650589245888922,0.5
150.0,0.67636638879776,0.6730923694779116,0.6169156386493108,0.6678700361010831,0.6229096758696768,1.0,0.0,0.0,0.0,0.0,0.0,1.0,1.0,1.0,1.0,1.0,0.00407428807587782,1.0,0.02444572845526692,0.0,0.0,0.02444572845526692,1.0,0.0,0.0,0.0,0.0,1.0,0.0,0.0,0.0,0.0,1.0,1.0,1.0,1.0,1.0,1.0053398615526987,536585628986.35864,1.0,0.6865401009790304,0.5365856289863586,0.4634142816066742,0.0,0.0,0.6678700361010831,1.0,0.0,0.6229096758696768,0.5
