step,train_step_loss,train_acc,train_loss,val_acc,val_loss,avg_intra_expert_coherence,expert_diversity_e0,expert_diversity_e1,expert_diversity_e2,expert_diversity_e3,expert_diversity_mean,expert_purity_e0,expert_purity_e1,expert_purity_e2,expert_purity_e3,expert_purity_mean,inter_expert_similarity,inter_expert_similarity_e0_e0,inter_expert_similarity_e0_e1,inter_expert_similarity_e0_e2,inter_expert_similarity_e0_e3,inter_expert_similarity_e1_e0,inter_expert_similarity_e1_e1,inter_expert_similarity_e1_e2,inter_expert_similarity_e1_e3,inter_expert_similarity_e2_e0,inter_expert_similarity_e2_e1,inter_expert_similarity_e2_e2,inter_expert_similarity_e2_e3,inter_expert_similarity_e3_e0,inter_expert_similarity_e3_e1,inter_expert_similarity_e3_e2,inter_expert_similarity_e3_e3,intra_expert_coherence_e0,intra_expert_coherence_e1,intra_expert_coherence_e2,intra_expert_coherence_e3,load_cv,load_max_min_ratio,overall_task_conflict_cos,router_entropy,router_load_e0,router_load_e1,router_load_e2,router_load_e3,task_acc__glue_mrpc,task_conflict_t0_t0,task_grad_norm_cv,task_loss__glue_mrpc,utilization_ratio
50.0,0.5342559516429901,0.7674482006543075,0.4973369030524855,0.7598039215686274,0.501414893911435,1.0,0.0,0.0,0.0,0.0,0.0,1.0,1.0,1.0,1.0,1.0,-0.013629309068625653,1.0,0.0,0.0,0.0,0.0,1.0,0.0,-0.08177585441175392,0.0,0.0,1.0,0.0,0.0,-0.08177585441175392,0.0,1.0,1.0,1.0,1.0,1.0,1.0072216987609863,542566776275.63477,1.0,0.6886478568993363,0.0,0.5425667762756348,0.0,0.45743328332901,0.7598039215686274,1.0,0.0,0.501414893911435,0.5
100.0,0.5211039781570435,0.8274263904034896,0.38769768627117507,0.8161764705882353,0.4043431216134475,1.0,0.0,0.0,0.0,0.0,0.0,1.0,1.0,1.0,1.0,1.0,0.07052623909954102,1.0,0.0,0.0,0.0,0.0,1.0,0.0,0.4231574345972461,0.0,0.0,1.0,0.0,0.0,0.4231574345972461,0.0,1.0,1.0,1.0,1.0,1.0,0.8849138021469116,526799678802.49023,1.0,0.690887869573107,0.0,0.5267996788024902,0.0688340961933136,0.40436628460884094,0.8161764705882353,1.0,0.0,0.4043431216134475,0.5
150.0,1.0798893570899963,0.8672300981461287,0.36358298286390694,0.8602941176470589,0.42217609780625653,1.0,0.0,0.0,0.0,0.0,0.0,1.0,1.0,1.0,1.0,1.0,-0.04664682862915473,1.0,0.0,0.0,0.0,0.0,1.0,0.0,-0.2798809717749284,0.0,0.0,1.0,0.0,0.0,-0.2798809717749284,0.0,1.0,1.0,1.0,1.0,1.0,0.9828708192264057,547718763351.4404,1.0,0.6879256192375632,0.0,0.5477187633514404,0.014913518913090229,0.43736782670021057,0.8602941176470589,1.0,0.0,0.42217609780625653,0.5
