step,train_step_loss,train_acc,train_loss,val_acc,val_loss,avg_intra_expert_coherence,expert_diversity_e0,expert_diversity_e1,expert_diversity_e2,expert_diversity_e3,expert_diversity_mean,expert_purity_e0,expert_purity_e1,expert_purity_e2,expert_purity_e3,expert_purity_mean,inter_expert_similarity,inter_expert_similarity_e0_e0,inter_expert_similarity_e0_e1,inter_expert_similarity_e0_e2,inter_expert_similarity_e0_e3,inter_expert_similarity_e1_e0,inter_expert_similarity_e1_e1,inter_expert_similarity_e1_e2,inter_expert_similarity_e1_e3,inter_expert_similarity_e2_e0,inter_expert_similarity_e2_e1,inter_expert_similarity_e2_e2,inter_expert_similarity_e2_e3,inter_expert_similarity_e3_e0,inter_expert_similarity_e3_e1,inter_expert_similarity_e3_e2,inter_expert_similarity_e3_e3,intra_expert_coherence_e0,intra_expert_coherence_e1,intra_expert_coherence_e2,intra_expert_coherence_e3,load_cv,load_max_min_ratio,overall_task_conflict_cos,router_entropy,router_load_e0,router_load_e1,router_load_e2,router_load_e3,task_acc__glue_mrpc,task_conflict_t0_t0,task_grad_norm_cv,task_loss__glue_mrpc,utilization_ratio
50.0,0.39515095949172974,0.8042529989094874,0.41971137729351937,0.8014705882352942,0.40202574245631695,1.0,0.0,0.0,0.0,0.0,0.0,1.0,1.0,1.0,1.0,1.0,-0.03703627647793905,1.0,0.0,0.0,0.0,0.0,1.0,0.0,0.0,0.0,0.0,1.0,-0.22221765886763428,0.0,0.0,-0.22221765886763428,1.0,1.0,1.0,1.0,1.0,1.0033032894134521,528760731220.24536,1.0,0.6878446258750617,0.0,0.0,0.5287607312202454,0.47123926877975464,0.8014705882352942,1.0,0.0,0.40202574245631695,0.5
100.0,0.4551127254962921,0.8579607415485279,0.3563570325789244,0.8480392156862745,0.37509342884788144,1.0,0.0,0.0,0.0,0.0,0.0,1.0,1.0,1.0,1.0,1.0,-0.04899949850161323,1.0,0.0,0.0,0.0,0.0,1.0,0.0,0.0,0.0,0.0,1.0,-0.2939969910096794,0.0,0.0,-0.2939969910096794,1.0,1.0,1.0,1.0,1.0,1.0011566877365112,517009377479.5532,1.0,0.6918985189176073,0.0,0.0,0.5170093774795532,0.48299065232276917,0.8480392156862745,1.0,0.0,0.37509342884788144,0.5
150.0,0.5355258584022522,0.8336968375136314,0.4119721709386162,0.7941176470588235,0.45303729463082093,1.0,0.0,0.0,0.0,0.0,0.0,1.0,1.0,1.0,1.0,1.0,-0.05533560739942916,1.0,0.0,0.0,0.0,0.0,1.0,0.0,0.0,0.0,0.0,1.0,-0.33201364439657494,0.0,0.0,-0.33201364439657494,1.0,1.0,1.0,1.0,1.0,1.053027629852295,621158778667.45,1.0,0.6577951499060088,0.0,0.002848562551662326,0.62115877866745,0.37599265575408936,0.7941176470588235,1.0,0.0,0.45303729463082093,0.5
