step,train_step_loss,train_acc,train_loss,val_acc,val_loss,avg_intra_expert_coherence,expert_diversity_e0,expert_diversity_e1,expert_diversity_e2,expert_diversity_e3,expert_diversity_mean,expert_purity_e0,expert_purity_e1,expert_purity_e2,expert_purity_e3,expert_purity_mean,inter_expert_similarity,inter_expert_similarity_e0_e0,inter_expert_similarity_e0_e1,inter_expert_similarity_e0_e2,inter_expert_similarity_e0_e3,inter_expert_similarity_e1_e0,inter_expert_similarity_e1_e1,inter_expert_similarity_e1_e2,inter_expert_similarity_e1_e3,inter_expert_similarity_e2_e0,inter_expert_similarity_e2_e1,inter_expert_similarity_e2_e2,inter_expert_similarity_e2_e3,inter_expert_similarity_e3_e0,inter_expert_similarity_e3_e1,inter_expert_similarity_e3_e2,inter_expert_similarity_e3_e3,intra_expert_coherence_e0,intra_expert_coherence_e1,intra_expert_coherence_e2,intra_expert_coherence_e3,load_cv,load_max_min_ratio,overall_task_conflict_cos,router_entropy,router_load_e0,router_load_e1,router_load_e2,router_load_e3,task_acc__glue_mrpc,task_conflict_t0_t0,task_grad_norm_cv,task_loss__glue_mrpc,utilization_ratio
50.0,0.5706438720226288,0.6744820065430752,0.6316057713135429,0.6838235294117647,0.6271723600534292,1.0,0.0,0.0,0.0,0.0,0.0,1.0,1.0,1.0,1.0,1.0,0.009066734701188978,1.0,0.0,0.0,0.0,0.0,1.0,0.0,0.0,0.0,0.0,1.0,0.05440040820713387,0.0,0.0,0.05440040820713387,1.0,1.0,1.0,1.0,1.0,1.0705644916142245,635142803192.1387,1.0,0.6561618447303772,0.0,0.0,0.6351428031921387,0.3648574650287628,0.6838235294117647,1.0,0.0,0.6271723600534292,0.5
100.0,0.6594462692737579,0.6744820065430752,0.6494953975729321,0.6838235294117647,0.6463207327402555,1.0,0.0,0.0,0.0,0.0,0.0,1.0,1.0,1.0,1.0,1.0,0.00838090262055348,1.0,0.0,0.0,0.0,0.0,1.0,0.0,0.0,0.0,0.0,1.0,0.050285415723320875,0.0,0.0,0.050285415723320875,1.0,1.0,1.0,1.0,1.0,1.0023432970046997,524217784404.75464,1.0,0.6919736862182617,0.0,0.0,0.5242177844047546,0.47578224539756775,0.6838235294117647,1.0,0.0,0.6463207327402555,0.5
150.0,0.6272070109844208,0.6744820065430752,0.6323779066619666,0.6838235294117647,0.6255986868188932,1.0,0.0,0.0,0.0,0.0,0.0,1.0,1.0,1.0,1.0,1.0,0.012375222383831187,1.0,0.0,0.0,0.0,0.0,1.0,0.0,0.0,0.0,0.0,1.0,0.07425133430298712,0.0,0.0,0.07425133430298712,1.0,1.0,1.0,1.0,1.0,1.1367061627052413,691082477569.5801,1.0,0.6182317137718201,0.0,0.0,0.6910824775695801,0.30891716480255127,0.6838235294117647,1.0,0.0,0.6255986868188932,0.5
