method,seed,step,router_entropy,router_load_e0,router_load_e1,router_load_e2,router_load_e3
baseline,1,1.0,1.3251313111361336,0.24414224922657013,0.1304810792207718,0.30620086193084717,0.31917575001716614
ours,1,1.0,1.2713911065868302,0.18212515115737915,0.11362647265195847,0.28688690066337585,0.41736143827438354
