method,val_acc_last_mean,val_acc_last_std,val_loss_last_mean,val_loss_last_std
baseline,0.6911764705882353,0.0,0.5981232220163712,0.0
ours,0.6838235294117647,0.0,0.6110924172859925,0.0
