step,train_step_loss,train_acc,train_loss,val_acc,val_loss,avg_intra_expert_coherence,expert_diversity_e0,expert_diversity_e1,expert_diversity_e2,expert_diversity_e3,expert_diversity_mean,expert_purity_e0,expert_purity_e1,expert_purity_e2,expert_purity_e3,expert_purity_mean,inter_expert_similarity,inter_expert_similarity_e0_e0,inter_expert_similarity_e0_e1,inter_expert_similarity_e0_e2,inter_expert_similarity_e0_e3,inter_expert_similarity_e1_e0,inter_expert_similarity_e1_e1,inter_expert_similarity_e1_e2,inter_expert_similarity_e1_e3,inter_expert_similarity_e2_e0,inter_expert_similarity_e2_e1,inter_expert_similarity_e2_e2,inter_expert_similarity_e2_e3,inter_expert_similarity_e3_e0,inter_expert_similarity_e3_e1,inter_expert_similarity_e3_e2,inter_expert_similarity_e3_e3,intra_expert_coherence_e0,intra_expert_coherence_e1,intra_expert_coherence_e2,intra_expert_coherence_e3,load_cv,load_max_min_ratio,overall_task_conflict_cos,router_entropy,router_load_e0,router_load_e1,router_load_e2,router_load_e3,task_acc__glue_rte,task_conflict_t0_t0,task_grad_norm_cv,task_loss__glue_rte,utilization_ratio
50.0,0.5927117764949799,0.5244979919678715,0.6777255311990396,0.555956678700361,0.6755282282829285,1.0,0.0,0.0,0.0,0.0,0.0,1.0,1.0,1.0,1.0,1.0,0.0030888923015316787,1.0,0.0,0.0,0.0,0.0,1.0,0.01853335380919007,0.0,0.0,0.01853335380919007,1.0,0.0,0.0,0.0,0.0,1.0,1.0,1.0,1.0,1.0,1.0001718997955322,506554245948.7915,1.0,0.6928982347357574,0.0,0.49344581365585327,0.5065542459487915,0.0,0.555956678700361,1.0,0.0,0.6755282282829285,0.5
100.0,0.6575549840927124,0.6843373493975904,0.6506153394396489,0.6173285198555957,0.6724548174275292,1.0,0.0,0.0,0.0,0.0,0.0,1.0,1.0,1.0,1.0,1.0,0.05701795324994071,1.0,0.0,0.0,0.0,0.0,1.0,0.34210771949964425,0.0,0.0,0.34210771949964425,1.0,0.0,0.0,0.0,0.0,1.0,1.0,1.0,1.0,1.0,0.9969039563055091,508448243141.1743,1.0,0.692801637339678,0.0,0.5084482431411743,0.4898284375667572,0.0017233950784429908,0.6173285198555957,1.0,0.0,0.6724548174275292,0.5
150.0,0.693109780550003,0.5285140562248996,0.6635415367973156,0.5487364620938628,0.67208265264829,1.0,0.0,0.0,0.0,0.0,0.0,1.0,1.0,1.0,1.0,1.0,0.012987837569719211,1.0,0.0,0.0,0.0,0.0,1.0,0.07792702541831527,0.0,0.0,0.07792702541831527,1.0,0.0,0.0,0.0,0.0,1.0,1.0,1.0,1.0,1.0,1.0001568794250488,506262600421.9055,1.0,0.6928918533807197,0.0,0.5062626004219055,0.4937373995780945,0.0,0.5487364620938628,1.0,0.0,0.67208265264829,0.5
