step,train_step_loss,train_acc,train_loss,val_acc,val_loss,avg_intra_expert_coherence,expert_diversity_e0,expert_diversity_e1,expert_diversity_e2,expert_diversity_e3,expert_diversity_mean,expert_purity_e0,expert_purity_e1,expert_purity_e2,expert_purity_e3,expert_purity_mean,inter_expert_similarity,inter_expert_similarity_e0_e0,inter_expert_similarity_e0_e1,inter_expert_similarity_e0_e2,inter_expert_similarity_e0_e3,inter_expert_similarity_e1_e0,inter_expert_similarity_e1_e1,inter_expert_similarity_e1_e2,inter_expert_similarity_e1_e3,inter_expert_similarity_e2_e0,inter_expert_similarity_e2_e1,inter_expert_similarity_e2_e2,inter_expert_similarity_e2_e3,inter_expert_similarity_e3_e0,inter_expert_similarity_e3_e1,inter_expert_similarity_e3_e2,inter_expert_similarity_e3_e3,intra_expert_coherence_e0,intra_expert_coherence_e1,intra_expert_coherence_e2,intra_expert_coherence_e3,load_cv,load_max_min_ratio,overall_task_conflict_cos,router_entropy,router_load_e0,router_load_e1,router_load_e2,router_load_e3,task_acc__glue_rte,task_conflict_t0_t0,task_grad_norm_cv,task_loss__glue_rte,utilization_ratio
50.0,0.7227780222892761,0.5502008032128514,0.6808806026975314,0.5090252707581228,0.7012021359470155,1.0,0.0,0.0,0.0,0.0,0.0,1.0,1.0,1.0,1.0,1.0,-0.037745659120257284,1.0,-0.2264739547215437,0.0,0.0,-0.2264739547215437,1.0,0.0,0.0,0.0,0.0,1.0,0.0,0.0,0.0,0.0,1.0,1.0,1.0,1.0,1.0,1.0106561196632529,551751375198.3643,1.0,0.6876002511392862,0.4482485353946686,0.5517513751983643,0.0,0.0,0.5090252707581228,1.0,0.0,0.7012021359470155,0.5
100.0,0.7344163358211517,0.6449799196787148,0.6231357043370223,0.6101083032490975,0.6438108715746138,1.0,0.0,0.0,0.0,0.0,0.0,1.0,1.0,1.0,1.0,1.0,-0.018407682512007927,1.0,-0.11044609507204756,0.0,0.0,-0.11044609507204756,1.0,0.0,0.0,0.0,0.0,1.0,0.0,0.0,0.0,0.0,1.0,1.0,1.0,1.0,1.0,1.012954831123352,557093799114.2273,1.0,0.6863102637473426,0.4429061710834503,0.5570937991142273,0.0,0.0,0.6101083032490975,1.0,0.0,0.6438108715746138,0.5
150.0,0.5872907340526581,0.6867469879518072,0.5981017409990995,0.6498194945848376,0.62899768518077,1.0,0.0,0.0,0.0,0.0,0.0,1.0,1.0,1.0,1.0,1.0,-0.00867175226567716,1.0,-0.05203051359406296,0.0,0.0,-0.05203051359406296,1.0,0.0,0.0,0.0,0.0,1.0,0.0,0.0,0.0,0.0,1.0,1.0,1.0,1.0,1.0,1.0055711269378662,537371754646.3013,1.0,0.6900971830967101,0.46262824535369873,0.5373717546463013,0.0,0.0,0.6498194945848376,1.0,0.0,0.62899768518077,0.5
