step,train_step_loss,train_acc,train_loss,val_acc,val_loss,avg_intra_expert_coherence,expert_diversity_e0,expert_diversity_e1,expert_diversity_e2,expert_diversity_e3,expert_diversity_mean,expert_purity_e0,expert_purity_e1,expert_purity_e2,expert_purity_e3,expert_purity_mean,inter_expert_similarity,inter_expert_similarity_e0_e0,inter_expert_similarity_e0_e1,inter_expert_similarity_e0_e2,inter_expert_similarity_e0_e3,inter_expert_similarity_e1_e0,inter_expert_similarity_e1_e1,inter_expert_similarity_e1_e2,inter_expert_similarity_e1_e3,inter_expert_similarity_e2_e0,inter_expert_similarity_e2_e1,inter_expert_similarity_e2_e2,inter_expert_similarity_e2_e3,inter_expert_similarity_e3_e0,inter_expert_similarity_e3_e1,inter_expert_similarity_e3_e2,inter_expert_similarity_e3_e3,intra_expert_coherence_e0,intra_expert_coherence_e1,intra_expert_coherence_e2,intra_expert_coherence_e3,load_cv,load_max_min_ratio,overall_task_conflict_cos,router_entropy,router_load_e0,router_load_e1,router_load_e2,router_load_e3,task_acc__glue_cola,task_acc__glue_mrpc,task_acc__glue_rte,task_conflict_t0_t0,task_conflict_t0_t1,task_conflict_t0_t2,task_conflict_t1_t0,task_conflict_t1_t1,task_conflict_t1_t2,task_conflict_t2_t0,task_conflict_t2_t1,task_conflict_t2_t2,task_grad_norm_cv,task_loss__glue_cola,task_loss__glue_mrpc,task_loss__glue_rte,utilization_ratio
1.0,0.737267384926478,0.5847846211171435,0.6650224011134598,0.5747525760641442,0.6652197338187381,-0.09107282724114876,0.9084794659796168,0.858404475430748,0.9907321404001898,0.9741194171592612,0.9329338747424539,0.4690626561641693,0.5910869240760803,0.38330361247062683,0.40809375047683716,0.4628867357969284,0.023011903893584897,1.0,-0.09031318473071187,0.1294038817438717,0.32234943064868127,-0.09031318473071187,1.0,-0.2923634592297303,0.023938276823391974,0.1294038817438717,-0.2923634592297303,1.0,0.04505647810600661,0.32234943064868127,0.023938276823391974,0.04505647810600661,1.0,-0.16941367704398672,-0.1161051488421439,-0.2131001680583008,0.13432768497983638,0.3005211470647524,2.0146488120545256,-0.06940154592234955,1.308409190081336,0.18684548139572144,0.3187790513038635,0.33038461208343506,0.16399116814136505,0.5771812080536913,0.6813725490196079,0.4657039711191336,1.0,0.7323795786863537,-0.5641280889291098,0.7323795786863537,1.0,-0.3764561275242926,-0.5641280889291098,-0.3764561275242926,1.0,0.22485370873892715,0.6830005359103661,0.5853056916419197,0.7273529739039285,1.0
