{
  "completed_jobs": 10,
  "current_phase": "",
  "elapsed_sec": 2722.4129033088684,
  "eta_sec": null,
  "failed_jobs": 0,
  "percent": 100.0,
  "started_at_epoch": 1773800773.7304294,
  "total_jobs": 10,
  "updated_at_epoch": 1773803496.1433346
}