step,train_step_loss,train_acc,train_loss,val_acc,val_loss,avg_intra_expert_coherence,expert_diversity_e0,expert_diversity_e1,expert_diversity_e2,expert_diversity_e3,expert_diversity_mean,expert_purity_e0,expert_purity_e1,expert_purity_e2,expert_purity_e3,expert_purity_mean,inter_expert_similarity,inter_expert_similarity_e0_e0,inter_expert_similarity_e0_e1,inter_expert_similarity_e0_e2,inter_expert_similarity_e0_e3,inter_expert_similarity_e1_e0,inter_expert_similarity_e1_e1,inter_expert_similarity_e1_e2,inter_expert_similarity_e1_e3,inter_expert_similarity_e2_e0,inter_expert_similarity_e2_e1,inter_expert_similarity_e2_e2,inter_expert_similarity_e2_e3,inter_expert_similarity_e3_e0,inter_expert_similarity_e3_e1,inter_expert_similarity_e3_e2,inter_expert_similarity_e3_e3,intra_expert_coherence_e0,intra_expert_coherence_e1,intra_expert_coherence_e2,intra_expert_coherence_e3,load_cv,load_max_min_ratio,overall_task_conflict_cos,router_entropy,router_load_e0,router_load_e1,router_load_e2,router_load_e3,task_acc__glue_rte,task_conflict_t0_t0,task_grad_norm_cv,task_loss__glue_rte,utilization_ratio
50.0,0.6867082417011261,0.6072289156626506,0.6737447666816222,0.5812274368231047,0.6823636210627027,1.0,0.0,0.0,0.0,0.0,0.0,1.0,1.0,1.0,1.0,1.0,0.045380937209681275,1.0,0.0,0.0,0.0,0.0,1.0,0.0,0.27228562325808764,0.0,0.0,1.0,0.0,0.0,0.27228562325808764,0.0,1.0,1.0,1.0,1.0,1.0,1.0353127717971802,594784259796.1426,1.0,0.6745564180160688,0.0,0.4052157700061798,0.0,0.5947842597961426,0.5812274368231047,1.0,0.0,0.6823636210627027,0.5
100.0,0.7292998135089874,0.678714859437751,0.6004046961092032,0.6678700361010831,0.6428997864325842,1.0,0.0,0.0,0.0,0.0,0.0,1.0,1.0,1.0,1.0,1.0,0.06527308259488679,1.0,0.0,0.0,0.0,0.0,1.0,0.0,0.39163849556932073,0.0,0.0,1.0,0.0,0.0,0.39163849556932073,0.0,1.0,1.0,1.0,1.0,1.0,1.0545806884765625,618395805358.8867,1.0,0.6623921807492252,0.0,0.3816041648387909,0.0,0.6183958053588867,0.6678700361010831,1.0,0.0,0.6428997864325842,0.5
150.0,0.6134438514709473,0.7305220883534137,0.5751016303705863,0.6498194945848376,0.6277701813313696,1.0,0.0,0.0,0.0,0.0,0.0,1.0,1.0,1.0,1.0,1.0,0.05411280791919812,1.0,0.0,0.0,0.0,0.0,1.0,0.0,0.3246768475151887,0.0,0.0,1.0,0.0,0.0,0.3246768475151887,0.0,1.0,1.0,1.0,1.0,1.0,1.0498623281635242,613032579421.9971,1.0,0.6654264866660218,0.0,0.38696736097335815,0.0,0.6130325794219971,0.6498194945848376,1.0,0.0,0.6277701813313696,0.5
