step,train_step_loss,train_acc,train_loss,val_acc,val_loss,avg_intra_expert_coherence,expert_diversity_e0,expert_diversity_e1,expert_diversity_e2,expert_diversity_e3,expert_diversity_mean,expert_purity_e0,expert_purity_e1,expert_purity_e2,expert_purity_e3,expert_purity_mean,inter_expert_similarity,inter_expert_similarity_e0_e0,inter_expert_similarity_e0_e1,inter_expert_similarity_e0_e2,inter_expert_similarity_e0_e3,inter_expert_similarity_e1_e0,inter_expert_similarity_e1_e1,inter_expert_similarity_e1_e2,inter_expert_similarity_e1_e3,inter_expert_similarity_e2_e0,inter_expert_similarity_e2_e1,inter_expert_similarity_e2_e2,inter_expert_similarity_e2_e3,inter_expert_similarity_e3_e0,inter_expert_similarity_e3_e1,inter_expert_similarity_e3_e2,inter_expert_similarity_e3_e3,intra_expert_coherence_e0,intra_expert_coherence_e1,intra_expert_coherence_e2,intra_expert_coherence_e3,load_cv,load_max_min_ratio,overall_task_conflict_cos,router_entropy,router_load_e0,router_load_e1,router_load_e2,router_load_e3,task_acc__glue_mrpc,task_conflict_t0_t0,task_grad_norm_cv,task_loss__glue_mrpc,utilization_ratio
50.0,0.5457344800233841,0.6761177753544165,0.5564235574201397,0.6838235294117647,0.5448147210364158,1.0,0.0,0.0,0.0,0.0,0.0,1.0,1.0,1.0,1.0,1.0,0.006136191694772658,1.0,0.0,0.0,0.0,0.0,1.0,0.0,0.036817150168635945,0.0,0.0,1.0,0.0,0.0,0.036817150168635945,0.0,1.0,1.0,1.0,1.0,1.0,1.3187838792800903,803971827030.1819,1.0,0.4421068932495865,0.0,0.1960282176733017,0.0,0.8039718270301819,0.6838235294117647,1.0,0.0,0.5448147210364158,0.5
100.0,0.5573184788227081,0.7919847328244275,0.4831319510612799,0.7671568627450981,0.48717411435567415,1.0,0.0,0.0,0.0,0.0,0.0,1.0,1.0,1.0,1.0,1.0,0.0032939119726655424,1.0,0.0,0.0,0.0,0.0,1.0,0.0,0.019763471835993255,0.0,0.0,1.0,0.0,0.0,0.019763471835993255,0.0,1.0,1.0,1.0,1.0,1.0,1.0702255493805795,634806513786.3159,1.0,0.6424832601173252,0.0,0.36519330739974976,0.0,0.6348065137863159,0.7671568627450981,1.0,0.0,0.48717411435567415,0.5
150.0,0.5354506224393845,0.8421483097055616,0.3934868762107647,0.8480392156862745,0.3794614869671372,1.0,0.0,0.0,0.0,0.0,0.0,1.0,1.0,1.0,1.0,1.0,0.008182005652861988,1.0,0.0,0.0,0.0,0.0,1.0,0.0,0.04909203391717192,0.0,0.0,1.0,0.0,0.0,0.04909203391717192,0.0,1.0,1.0,1.0,1.0,1.0,1.3569161125321523,824377477169.0369,1.0,0.3980076283800836,0.00038883500383235514,0.17523357272148132,0.0,0.8243774771690369,0.8480392156862745,1.0,0.0,0.3794614869671372,0.5
