step,train_step_loss,train_acc,train_loss,val_acc,val_loss,avg_intra_expert_coherence,expert_diversity_e0,expert_diversity_e1,expert_diversity_e2,expert_diversity_e3,expert_diversity_mean,expert_purity_e0,expert_purity_e1,expert_purity_e2,expert_purity_e3,expert_purity_mean,inter_expert_similarity,inter_expert_similarity_e0_e0,inter_expert_similarity_e0_e1,inter_expert_similarity_e0_e2,inter_expert_similarity_e0_e3,inter_expert_similarity_e1_e0,inter_expert_similarity_e1_e1,inter_expert_similarity_e1_e2,inter_expert_similarity_e1_e3,inter_expert_similarity_e2_e0,inter_expert_similarity_e2_e1,inter_expert_similarity_e2_e2,inter_expert_similarity_e2_e3,inter_expert_similarity_e3_e0,inter_expert_similarity_e3_e1,inter_expert_similarity_e3_e2,inter_expert_similarity_e3_e3,intra_expert_coherence_e0,intra_expert_coherence_e1,intra_expert_coherence_e2,intra_expert_coherence_e3,load_cv,load_max_min_ratio,overall_task_conflict_cos,router_entropy,router_load_e0,router_load_e1,router_load_e2,router_load_e3,task_acc__glue_cola,task_acc__glue_mrpc,task_acc__glue_rte,task_conflict_t0_t0,task_conflict_t0_t1,task_conflict_t0_t2,task_conflict_t1_t0,task_conflict_t1_t1,task_conflict_t1_t2,task_conflict_t2_t0,task_conflict_t2_t1,task_conflict_t2_t2,task_grad_norm_cv,task_loss__glue_cola,task_loss__glue_mrpc,task_loss__glue_rte,utilization_ratio
1.0,1.0723965562647209,0.6200854971162438,1.6834615606511225,0.6037527263467595,1.7682871694002973,0.9676276536223135,0.9271512011725913,0.2626996727803514,0.7702078424206702,0.2631631417166206,0.5558054645225584,0.4405518174171448,0.9189091324806213,0.6335738897323608,0.9173642992973328,0.7275997847318649,0.05017491907879253,1.0,0.12833041085465058,-0.08878083422725509,0.0173374648283785,0.12833041085465058,1.0,-0.06071680222608271,0.3425033148303514,-0.08878083422725509,-0.06071680222608271,1.0,-0.037624039587287494,0.0173374648283785,0.3425033148303514,-0.037624039587287494,1.0,0.9853428382655034,0.9778775172152715,0.9535790858739545,0.9537111731345247,1.6623850054696219,208.21735230449735,0.9636822135676297,0.08584569485241512,0.969807505607605,0.0046576689928770065,0.014516615308821201,0.011017914861440659,0.6912751677852349,0.6470588235294118,0.4729241877256318,1.0,0.9572016662248848,0.9921277807858516,0.9572016662248848,1.0,0.9417171936921527,0.9921277807858516,0.9417171936921527,1.0,0.34576864422341164,1.742939142115949,1.1250500421898038,2.4368723238951393,0.25
