step,train_step_loss,train_acc,train_loss,val_acc,val_loss,avg_intra_expert_coherence,expert_diversity_e0,expert_diversity_e1,expert_diversity_e2,expert_diversity_e3,expert_diversity_mean,expert_purity_e0,expert_purity_e1,expert_purity_e2,expert_purity_e3,expert_purity_mean,inter_expert_similarity,inter_expert_similarity_e0_e0,inter_expert_similarity_e0_e1,inter_expert_similarity_e0_e2,inter_expert_similarity_e0_e3,inter_expert_similarity_e1_e0,inter_expert_similarity_e1_e1,inter_expert_similarity_e1_e2,inter_expert_similarity_e1_e3,inter_expert_similarity_e2_e0,inter_expert_similarity_e2_e1,inter_expert_similarity_e2_e2,inter_expert_similarity_e2_e3,inter_expert_similarity_e3_e0,inter_expert_similarity_e3_e1,inter_expert_similarity_e3_e2,inter_expert_similarity_e3_e3,intra_expert_coherence_e0,intra_expert_coherence_e1,intra_expert_coherence_e2,intra_expert_coherence_e3,load_cv,load_max_min_ratio,overall_task_conflict_cos,router_entropy,router_load_e0,router_load_e1,router_load_e2,router_load_e3,task_acc__glue_rte,task_conflict_t0_t0,task_grad_norm_cv,task_loss__glue_rte,utilization_ratio
50.0,0.5995316505432129,0.6445783132530121,0.6290443310561853,0.6137184115523465,0.6579200095600553,1.0,0.0,0.0,0.0,0.0,0.0,1.0,1.0,1.0,1.0,1.0,0.0775948335915105,1.0,0.0,0.0,0.0,0.0,1.0,0.0,0.46556900154906294,0.0,0.0,1.0,0.0,0.0,0.46556900154906294,0.0,1.0,1.0,1.0,1.0,1.0,1.0001345872879028,527255892753.6011,1.0,0.6902526690211107,0.0,0.4712390601634979,0.001505087479017675,0.5272558927536011,0.6137184115523465,1.0,0.0,0.6579200095600553,0.5
100.0,0.5125762820243835,0.6694779116465863,0.6130163165430228,0.628158844765343,0.6296975165605545,1.0,0.0,0.0,0.0,0.0,0.0,1.0,1.0,1.0,1.0,1.0,-0.08948627457105808,1.0,0.0,0.0,0.0,0.0,1.0,0.0,-0.5369176474263485,0.0,0.0,1.0,0.0,0.0,-0.5369176474263485,0.0,1.0,1.0,1.0,1.0,1.0,1.010154128074646,550511658191.6809,1.0,0.6869542022044047,0.0,0.4494883716106415,0.0,0.5505116581916809,0.628158844765343,1.0,0.0,0.6296975165605545,0.5
150.0,0.5882392525672913,0.7072289156626506,0.5845778449987754,0.6462093862815884,0.620634434123834,1.0,0.0,0.0,0.0,0.0,0.0,1.0,1.0,1.0,1.0,1.0,-0.0888766375111406,1.0,0.0,0.0,0.0,0.0,1.0,0.0,-0.5332598250668436,0.0,0.0,1.0,0.0,0.0,-0.5332598250668436,0.0,1.0,1.0,1.0,1.0,1.0,1.0102690470539388,550797820091.2476,1.0,0.6873389400730064,0.0,0.4492020905017853,0.0,0.5507978200912476,0.6462093862815884,1.0,0.0,0.620634434123834,0.5
