step,train_step_loss,train_acc,train_loss,val_acc,val_loss,alignment_reward,l_conflict,l_conflict_e0,l_conflict_e1,l_conflict_e2,l_conflict_e3,router_conflict_grad_l2,router_entropy,router_load_e0,router_load_e1,router_load_e2,router_load_e3
30.0,0.5979954153299333,0.6690538399793401,0.605992955216362,0.6664531592525396,0.6014203530708806,0.3775332570075989,-0.3775332570075989,-0.05174862593412399,-0.16252776980400085,-0.05706238001585007,-0.10619446635246277,0.0,0.6841823689087674,0.019268564879894257,0.39499637484550476,0.23793527483940125,0.3477996587753296
50.0,0.5424419641494752,0.699019924398542,0.552239264236424,0.6826383401469521,0.5584163482694977,0.3650687634944916,-0.3650687634944916,-0.11779932677745819,-0.0698603093624115,-0.02883816882967949,-0.1485709547996521,0.0,0.6764897441284524,0.06732777506113052,0.4287934899330139,0.16216504573822021,0.34171372652053833
