step,train_step_loss,train_acc,train_loss,val_acc,val_loss,avg_intra_expert_coherence,expert_diversity_e0,expert_diversity_e1,expert_diversity_e2,expert_diversity_e3,expert_diversity_mean,expert_purity_e0,expert_purity_e1,expert_purity_e2,expert_purity_e3,expert_purity_mean,inter_expert_similarity,inter_expert_similarity_e0_e0,inter_expert_similarity_e0_e1,inter_expert_similarity_e0_e2,inter_expert_similarity_e0_e3,inter_expert_similarity_e1_e0,inter_expert_similarity_e1_e1,inter_expert_similarity_e1_e2,inter_expert_similarity_e1_e3,inter_expert_similarity_e2_e0,inter_expert_similarity_e2_e1,inter_expert_similarity_e2_e2,inter_expert_similarity_e2_e3,inter_expert_similarity_e3_e0,inter_expert_similarity_e3_e1,inter_expert_similarity_e3_e2,inter_expert_similarity_e3_e3,intra_expert_coherence_e0,intra_expert_coherence_e1,intra_expert_coherence_e2,intra_expert_coherence_e3,load_cv,load_max_min_ratio,overall_task_conflict_cos,router_entropy,router_load_e0,router_load_e1,router_load_e2,router_load_e3,task_acc__glue_mrpc,task_conflict_t0_t0,task_grad_norm_cv,task_loss__glue_mrpc,utilization_ratio
50.0,0.6135886013507843,0.7066521264994547,0.5336986851109111,0.7107843137254902,0.528236848803667,1.0,0.0,0.0,0.0,0.0,0.0,1.0,1.0,1.0,1.0,1.0,-0.045780648976849296,1.0,0.0,-0.27468389386109576,0.0,0.0,1.0,0.0,0.0,-0.27468389386109576,0.0,1.0,0.0,0.0,0.0,0.0,1.0,1.0,1.0,1.0,1.0,0.9785366654396057,507117986679.07715,1.0,0.6911009351412455,0.48175835609436035,0.011123660951852798,0.5071179866790771,0.0,0.7107843137254902,1.0,0.0,0.528236848803667,0.5
100.0,0.563468724489212,0.8017993456924755,0.42821750592278396,0.8161764705882353,0.42603667080402374,1.0,0.0,0.0,0.0,0.0,0.0,1.0,1.0,1.0,1.0,1.0,-0.032241862046621474,1.0,0.0,-0.19345117227972883,0.0,0.0,1.0,0.0,0.0,-0.19345117227972883,0.0,1.0,0.0,0.0,0.0,0.0,1.0,1.0,1.0,1.0,1.0,0.999701976776123,555190622806.5491,1.0,0.6823626254119125,0.4376797676086426,0.007129652425646782,0.5551906228065491,0.0,0.8161764705882353,1.0,0.0,0.42603667080402374,0.5
150.0,0.5009991079568863,0.829062159214831,0.38642677344867715,0.8112745098039216,0.42929409781041056,1.0,0.0,0.0,0.0,0.0,0.0,1.0,1.0,1.0,1.0,1.0,-0.033795673571532715,1.0,0.0,-0.2027740414291963,0.0,0.0,1.0,0.0,0.0,-0.2027740414291963,0.0,1.0,0.0,0.0,0.0,0.0,1.0,1.0,1.0,1.0,1.0,1.0003758668899536,545239031314.84985,1.0,0.6846749513756996,0.45042598247528076,0.004334965720772743,0.5452390313148499,0.0,0.8112745098039216,1.0,0.0,0.42929409781041056,0.5
