step,train_step_loss,train_acc,train_loss,val_acc,val_loss,avg_intra_expert_coherence,expert_diversity_e0,expert_diversity_e1,expert_diversity_e2,expert_diversity_e3,expert_diversity_mean,expert_purity_e0,expert_purity_e1,expert_purity_e2,expert_purity_e3,expert_purity_mean,inter_expert_similarity,inter_expert_similarity_e0_e0,inter_expert_similarity_e0_e1,inter_expert_similarity_e0_e2,inter_expert_similarity_e0_e3,inter_expert_similarity_e1_e0,inter_expert_similarity_e1_e1,inter_expert_similarity_e1_e2,inter_expert_similarity_e1_e3,inter_expert_similarity_e2_e0,inter_expert_similarity_e2_e1,inter_expert_similarity_e2_e2,inter_expert_similarity_e2_e3,inter_expert_similarity_e3_e0,inter_expert_similarity_e3_e1,inter_expert_similarity_e3_e2,inter_expert_similarity_e3_e3,intra_expert_coherence_e0,intra_expert_coherence_e1,intra_expert_coherence_e2,intra_expert_coherence_e3,load_cv,load_max_min_ratio,overall_task_conflict_cos,router_entropy,router_load_e0,router_load_e1,router_load_e2,router_load_e3,task_acc__glue_rte,task_conflict_t0_t0,task_grad_norm_cv,task_loss__glue_rte,utilization_ratio
50.0,0.541425883769989,0.5730923694779116,0.6742266416740723,0.5595667870036101,0.6769654320345985,1.0,0.0,0.0,0.0,0.0,0.0,1.0,1.0,1.0,1.0,1.0,0.0033126335622288474,1.0,0.0,0.0,0.0,0.0,1.0,0.0,0.0,0.0,0.0,1.0,0.019875801373373084,0.0,0.0,0.019875801373373084,1.0,1.0,1.0,1.0,1.0,1.1147782802581787,211.48681847891694,1.0,0.6074078358467736,0.012354055419564247,0.003249069908633828,0.6871354579925537,0.29726138710975647,0.5595667870036101,1.0,0.0,0.6769654320345985,0.5
100.0,0.6057291328907013,0.7309236947791165,0.5811689293728425,0.6714801444043321,0.6126749813556671,1.0,0.0,0.0,0.0,0.0,0.0,1.0,1.0,1.0,1.0,1.0,0.005331141845320657,1.0,0.0,0.0,0.0,0.0,1.0,0.0,0.0,0.0,0.0,1.0,0.03198685107192394,0.0,0.0,0.03198685107192394,1.0,1.0,1.0,1.0,1.0,1.1873539686203003,726332008838.6536,1.0,0.5798946167157445,0.0,0.0,0.7263320088386536,0.2736680209636688,0.6714801444043321,1.0,0.0,0.6126749813556671,0.5
150.0,0.6247941255569458,0.7024096385542169,0.6283046027788749,0.6750902527075813,0.6418931997484632,1.0,0.0,0.0,0.0,0.0,0.0,1.0,1.0,1.0,1.0,1.0,0.007313262553682041,1.0,0.0,0.0,0.0,0.0,1.0,0.0,0.0,0.0,0.0,1.0,0.043879575322092246,0.0,0.0,0.043879575322092246,1.0,1.0,1.0,1.0,1.0,1.0123908519744873,555829107761.383,1.0,0.6841446329109936,0.0,0.0,0.5558291077613831,0.44417092204093933,0.6750902527075813,1.0,0.0,0.6418931997484632,0.5
