step,train_step_loss,train_acc,train_loss,val_acc,val_loss,avg_intra_expert_coherence,expert_diversity_e0,expert_diversity_e1,expert_diversity_e2,expert_diversity_e3,expert_diversity_mean,expert_purity_e0,expert_purity_e1,expert_purity_e2,expert_purity_e3,expert_purity_mean,inter_expert_similarity,inter_expert_similarity_e0_e0,inter_expert_similarity_e0_e1,inter_expert_similarity_e0_e2,inter_expert_similarity_e0_e3,inter_expert_similarity_e1_e0,inter_expert_similarity_e1_e1,inter_expert_similarity_e1_e2,inter_expert_similarity_e1_e3,inter_expert_similarity_e2_e0,inter_expert_similarity_e2_e1,inter_expert_similarity_e2_e2,inter_expert_similarity_e2_e3,inter_expert_similarity_e3_e0,inter_expert_similarity_e3_e1,inter_expert_similarity_e3_e2,inter_expert_similarity_e3_e3,intra_expert_coherence_e0,intra_expert_coherence_e1,intra_expert_coherence_e2,intra_expert_coherence_e3,load_cv,load_max_min_ratio,overall_task_conflict_cos,router_entropy,router_load_e0,router_load_e1,router_load_e2,router_load_e3,task_acc__glue_cola,task_acc__glue_mrpc,task_acc__glue_rte,task_conflict_t0_t0,task_conflict_t0_t1,task_conflict_t0_t2,task_conflict_t1_t0,task_conflict_t1_t1,task_conflict_t1_t2,task_conflict_t2_t0,task_conflict_t2_t1,task_conflict_t2_t2,task_grad_norm_cv,task_loss__glue_cola,task_loss__glue_mrpc,task_loss__glue_rte,utilization_ratio
1.0,0.6125946889321009,0.628033683901918,0.6518953482408999,0.6208211060452092,0.6566315263052757,0.8225802738822334,0.9607238763570675,0.9472950233012162,0.9575478188177992,0.9505276140136296,0.9540235831224282,0.44882503151893616,0.45949241518974304,0.4812355935573578,0.4868852496147156,0.46910957247018814,0.0378134472805664,1.0,0.17090141661945712,0.4633266898682936,-0.30628685984459875,0.17090141661945712,1.0,0.2928373253628299,0.03970403753812397,0.4633266898682936,0.2928373253628299,1.0,-0.4336019258607076,-0.30628685984459875,0.03970403753812397,-0.4336019258607076,1.0,0.8396312752773815,0.6663577191011671,0.916154540911243,0.8681775602391418,0.3400334799209881,2.6659953167957586,0.6878702379062306,1.3127081584599283,0.21528588235378265,0.31841129064559937,0.3391062021255493,0.12719684839248657,0.6912751677852349,0.6838235294117647,0.48736462093862815,1.0,0.8277811794515902,0.6185501507795887,0.8277811794515902,1.0,0.617279383487513,0.6185501507795887,0.617279383487513,1.0,0.2074524751932935,0.6195862414955183,0.6249637776145748,0.7253445598057338,1.0
