step,train_step_loss,train_acc,train_loss,val_acc,val_loss,avg_intra_expert_coherence,expert_diversity_e0,expert_diversity_e1,expert_diversity_e2,expert_diversity_e3,expert_diversity_mean,expert_purity_e0,expert_purity_e1,expert_purity_e2,expert_purity_e3,expert_purity_mean,inter_expert_similarity,inter_expert_similarity_e0_e0,inter_expert_similarity_e0_e1,inter_expert_similarity_e0_e2,inter_expert_similarity_e0_e3,inter_expert_similarity_e1_e0,inter_expert_similarity_e1_e1,inter_expert_similarity_e1_e2,inter_expert_similarity_e1_e3,inter_expert_similarity_e2_e0,inter_expert_similarity_e2_e1,inter_expert_similarity_e2_e2,inter_expert_similarity_e2_e3,inter_expert_similarity_e3_e0,inter_expert_similarity_e3_e1,inter_expert_similarity_e3_e2,inter_expert_similarity_e3_e3,intra_expert_coherence_e0,intra_expert_coherence_e1,intra_expert_coherence_e2,intra_expert_coherence_e3,load_cv,load_max_min_ratio,overall_task_conflict_cos,router_entropy,router_load_e0,router_load_e1,router_load_e2,router_load_e3,task_acc__amazon_polarity,task_acc__glue_sst2,task_acc__yelp_polarity,task_conflict_t0_t0,task_conflict_t0_t1,task_conflict_t0_t2,task_conflict_t1_t0,task_conflict_t1_t1,task_conflict_t1_t2,task_conflict_t2_t0,task_conflict_t2_t1,task_conflict_t2_t2,task_grad_norm_cv,task_loss__amazon_polarity,task_loss__glue_sst2,task_loss__yelp_polarity,utilization_ratio
1.0,0.6985440154870352,0.4427083333333333,0.6968735183278719,0.4583333333333333,0.7056591485937437,0.1625553857263676,0.807914926363643,0.9853526997248646,0.9336914708043597,0.9291547107867031,0.9140284519198927,0.6473374366760254,0.3960484266281128,0.5113628506660461,0.5244988203048706,0.5198118835687637,-0.01658191221597623,1.0,0.07611928191329245,0.32528244146032964,-0.18742741396048812,0.07611928191329245,1.0,-0.2424128699393505,-0.20859731219577404,0.32528244146032964,-0.2424128699393505,1.0,0.13754439942613314,-0.18742741396048812,-0.20859731219577404,0.13754439942613314,1.0,-0.09274068148505903,0.3221894912296797,0.20898229337518923,0.2117904397856605,0.4253435730934143,2.9531161044152383,0.20507321730480302,1.290447399020195,0.14269918203353882,0.2517147958278656,0.4214072525501251,0.18417876958847046,0.46875,0.40625,0.5,1.0,0.18037460449024184,0.20852303969896818,0.18037460449024184,1.0,0.2263220077251991,0.20852303969896818,0.2263220077251991,1.0,0.25638262693840974,0.695449985563755,0.7156160324811935,0.7059114277362823,1.0
