step,train_step_loss,train_acc,train_loss,val_acc,val_loss,avg_intra_expert_coherence,expert_diversity_e0,expert_diversity_e1,expert_diversity_e2,expert_diversity_e3,expert_diversity_mean,expert_purity_e0,expert_purity_e1,expert_purity_e2,expert_purity_e3,expert_purity_mean,inter_expert_similarity,inter_expert_similarity_e0_e0,inter_expert_similarity_e0_e1,inter_expert_similarity_e0_e2,inter_expert_similarity_e0_e3,inter_expert_similarity_e1_e0,inter_expert_similarity_e1_e1,inter_expert_similarity_e1_e2,inter_expert_similarity_e1_e3,inter_expert_similarity_e2_e0,inter_expert_similarity_e2_e1,inter_expert_similarity_e2_e2,inter_expert_similarity_e2_e3,inter_expert_similarity_e3_e0,inter_expert_similarity_e3_e1,inter_expert_similarity_e3_e2,inter_expert_similarity_e3_e3,intra_expert_coherence_e0,intra_expert_coherence_e1,intra_expert_coherence_e2,intra_expert_coherence_e3,load_cv,load_max_min_ratio,overall_task_conflict_cos,router_entropy,router_load_e0,router_load_e1,router_load_e2,router_load_e3,task_acc__glue_sst2,task_conflict_t0_t0,task_grad_norm_cv,task_loss__glue_sst2,utilization_ratio
50.0,0.7382860481739044,0.5578256544269403,0.6871191381133933,0.5091743119266054,0.7020229930227453,1.0,0.0,0.0,0.0,0.0,0.0,1.0,1.0,1.0,1.0,1.0,0.0013402682696890295,1.0,0.0,0.0,0.0,0.0,1.0,0.008041609618134177,0.0,0.0,0.008041609618134177,1.0,0.0,0.0,0.0,0.0,1.0,1.0,1.0,1.0,1.0,1.0454660654067993,607818841934.2041,1.0,0.6697135879359114,0.0,0.6078188419342041,0.3921811282634735,0.0,0.5091743119266054,1.0,0.0,0.7020229930227453,0.5
100.0,0.6591505110263824,0.5578256544269403,0.6866353878286842,0.5091743119266054,0.6999937046657909,1.0,0.0,0.0,0.0,0.0,0.0,1.0,1.0,1.0,1.0,1.0,0.033275100509569396,1.0,0.0,0.0,0.0,0.0,1.0,0.1996506030574164,0.0,0.0,0.1996506030574164,1.0,0.0,0.0,0.0,0.0,1.0,1.0,1.0,1.0,1.0,1.0019621846720952,522159457206.7261,1.0,0.6921648383140564,0.0,0.5221594572067261,0.4778406620025635,0.0,0.5091743119266054,1.0,0.0,0.6999937046657909,0.5
150.0,0.6875301599502563,0.5578256544269403,0.686742760145466,0.5091743119266054,0.6956679750572551,1.0,0.0,0.0,0.0,0.0,0.0,1.0,1.0,1.0,1.0,1.0,0.01788596514927309,1.0,0.0,0.0,0.0,0.0,1.0,0.10731579089563854,0.0,0.0,0.10731579089563854,1.0,0.0,0.0,0.0,0.0,1.0,1.0,1.0,1.0,1.0,1.0532246637732994,616877436637.8784,1.0,0.6655725136809393,0.0,0.6168774366378784,0.38312292098999023,0.0,0.5091743119266054,1.0,0.0,0.6956679750572551,0.5
