step,train_step_loss,train_acc,train_loss,val_acc,val_loss,avg_intra_expert_coherence,expert_diversity_e0,expert_diversity_e1,expert_diversity_e2,expert_diversity_e3,expert_diversity_mean,expert_purity_e0,expert_purity_e1,expert_purity_e2,expert_purity_e3,expert_purity_mean,inter_expert_similarity,inter_expert_similarity_e0_e0,inter_expert_similarity_e0_e1,inter_expert_similarity_e0_e2,inter_expert_similarity_e0_e3,inter_expert_similarity_e1_e0,inter_expert_similarity_e1_e1,inter_expert_similarity_e1_e2,inter_expert_similarity_e1_e3,inter_expert_similarity_e2_e0,inter_expert_similarity_e2_e1,inter_expert_similarity_e2_e2,inter_expert_similarity_e2_e3,inter_expert_similarity_e3_e0,inter_expert_similarity_e3_e1,inter_expert_similarity_e3_e2,inter_expert_similarity_e3_e3,intra_expert_coherence_e0,intra_expert_coherence_e1,intra_expert_coherence_e2,intra_expert_coherence_e3,load_cv,load_max_min_ratio,overall_task_conflict_cos,router_entropy,router_load_e0,router_load_e1,router_load_e2,router_load_e3,task_acc__glue_sst2,task_conflict_t0_t0,task_grad_norm_cv,task_loss__glue_sst2,utilization_ratio
50.0,0.6393190622329712,0.5578256544269403,0.6920115056945423,0.5091743119266054,0.7137187117880041,1.0,0.0,0.0,0.0,0.0,0.0,1.0,1.0,1.0,1.0,1.0,-0.04123620557684459,1.0,0.0,-0.24741723346106756,0.0,0.0,1.0,0.0,0.0,-0.24741723346106756,0.0,1.0,0.0,0.0,0.0,0.0,1.0,1.0,1.0,1.0,1.0,1.00008237360926,504540503025.05493,1.0,0.693105936050415,0.49545958638191223,0.0,0.5045405030250549,0.0,0.5091743119266054,1.0,0.0,0.7137187117880041,0.5
100.0,0.6966343224048615,0.5578256544269403,0.6868704722004095,0.5091743119266054,0.6953568052161824,1.0,0.0,0.0,0.0,0.0,0.0,1.0,1.0,1.0,1.0,1.0,-0.032707078887474185,1.0,0.0,-0.19624247332484512,0.0,0.0,1.0,0.0,0.0,-0.19624247332484512,0.0,1.0,0.0,0.0,0.0,0.0,1.0,1.0,1.0,1.0,1.0,1.036660746134831,596608161926.2695,1.0,0.6743626594543457,0.40339142084121704,0.0,0.5966081619262695,0.0,0.5091743119266054,1.0,0.0,0.6953568052161824,0.5
150.0,0.6986345052719116,0.5578256544269403,0.6919858355774166,0.5091743119266054,0.6930112421512604,1.0,0.0,0.0,0.0,0.0,0.0,1.0,1.0,1.0,1.0,1.0,0.011297546406701305,1.0,0.0,0.06778527844020783,0.0,0.0,1.0,0.0,0.0,0.06778527844020783,0.0,1.0,0.0,0.0,0.0,0.0,1.0,1.0,1.0,1.0,1.0,1.0308247804641724,588458895683.2886,1.0,0.6774146556854248,0.4115411043167114,0.0,0.5884588956832886,0.0,0.5091743119266054,1.0,0.0,0.6930112421512604,0.5
