{
  "best_val_acc": 0.6336736121531694,
  "final_val_acc": 0.6336736121531694,
  "method": "ours",
  "num_eval_points": 5
}