step,train_step_loss,train_acc,train_loss,val_acc,val_loss,router_entropy,router_load_e0,router_load_e1,router_load_e2,router_load_e3
10.0,0.7458162754774094,0.6282748633110493,0.6520664666067871,0.6205015151215915,0.6554511883142856,1.302050799269367,0.3839084804058075,0.2767791748046875,0.15335780382156372,0.18595467507839203
20.0,0.5839554468790691,0.6487102702072699,0.6361583381539664,0.6548763530157862,0.6385682035584065,1.2958034307316497,0.38489440083503723,0.28426653146743774,0.14795534312725067,0.18288376927375793
30.0,0.6515067915121715,0.6444366421014875,0.63188640049018,0.6365091502159462,0.6390132936897596,1.2854701613110524,0.3902735412120819,0.28952932357788086,0.1431664526462555,0.17703063786029816
40.0,0.6874163721998533,0.6493744195284559,0.6170535503352469,0.6617799083386898,0.6228273017080419,1.274925484287518,0.39358022809028625,0.29412999749183655,0.1407966911792755,0.17149314284324646
50.0,0.9978002309799194,0.6361253586779779,0.639234100286087,0.6534395257711383,0.6422136556718052,1.267069924208853,0.3830345571041107,0.3091495633125305,0.1372712254524231,0.17054502665996552
