{
  "best_val_acc": 0.6617799083386898,
  "final_val_acc": 0.6534395257711383,
  "method": "ours",
  "num_eval_points": 5
}