{
  "best_val_acc": 0.6595416605330864,
  "final_val_acc": 0.6307840708707748,
  "method": "ours",
  "num_eval_points": 5
}