{
  "completed_jobs": 8,
  "current_phase": "",
  "elapsed_sec": 524.0749638080597,
  "eta_sec": null,
  "failed_jobs": 0,
  "percent": 100.0,
  "started_at_epoch": 1773667786.534438,
  "total_jobs": 8,
  "updated_at_epoch": 1773668310.6094074
}