step,train_step_loss,train_acc,train_loss,val_acc,val_loss,avg_intra_expert_coherence,expert_diversity_e0,expert_diversity_e1,expert_diversity_e2,expert_diversity_e3,expert_diversity_mean,expert_purity_e0,expert_purity_e1,expert_purity_e2,expert_purity_e3,expert_purity_mean,inter_expert_similarity,inter_expert_similarity_e0_e0,inter_expert_similarity_e0_e1,inter_expert_similarity_e0_e2,inter_expert_similarity_e0_e3,inter_expert_similarity_e1_e0,inter_expert_similarity_e1_e1,inter_expert_similarity_e1_e2,inter_expert_similarity_e1_e3,inter_expert_similarity_e2_e0,inter_expert_similarity_e2_e1,inter_expert_similarity_e2_e2,inter_expert_similarity_e2_e3,inter_expert_similarity_e3_e0,inter_expert_similarity_e3_e1,inter_expert_similarity_e3_e2,inter_expert_similarity_e3_e3,intra_expert_coherence_e0,intra_expert_coherence_e1,intra_expert_coherence_e2,intra_expert_coherence_e3,load_cv,load_max_min_ratio,overall_task_conflict_cos,router_entropy,router_load_e0,router_load_e1,router_load_e2,router_load_e3,task_acc__glue_sst2,task_conflict_t0_t0,task_grad_norm_cv,task_loss__glue_sst2,utilization_ratio
50.0,0.624839574098587,0.5578256544269403,0.7124016516707006,0.5091743119266054,0.7463543257930062,1.0,0.0,0.0,0.0,0.0,0.0,1.0,1.0,1.0,1.0,1.0,-0.00719869261220496,1.0,0.0,0.0,-0.04319215567322976,0.0,1.0,0.0,0.0,0.0,0.0,1.0,0.0,-0.04319215567322976,0.0,0.0,1.0,1.0,1.0,1.0,1.0,1.7319354199593304,999948859214.7827,1.0,0.0005446571249027797,4.994777555111796e-05,0.0,0.0,0.9999488592147827,0.5091743119266054,1.0,0.0,0.7463543257930062,0.25
100.0,0.7648345530033112,0.5578256544269403,0.6881300343541238,0.5091743119266054,0.7051098482175306,1.0,0.0,0.0,0.0,0.0,0.0,1.0,1.0,1.0,1.0,1.0,0.017560014492372055,1.0,0.0,0.0,0.10536008695423234,0.0,1.0,0.0,0.0,0.0,0.0,1.0,0.0,0.10536008695423234,0.0,0.0,1.0,1.0,1.0,1.0,1.0,1.7293174464059387,998816907405.8533,1.0,0.009162227221585195,0.0011840235674753785,0.0,0.0,0.9988169074058533,0.5091743119266054,1.0,0.0,0.7051098482175306,0.25
150.0,0.6948914527893066,0.5578256544269403,0.6869198825396154,0.5091743119266054,0.6952307576482947,1.0,0.0,0.0,0.0,0.0,0.0,1.0,1.0,1.0,1.0,1.0,-0.018470232614079006,1.0,0.0,0.0,0.0,0.0,1.0,0.0,-0.11082139568447404,0.0,0.0,1.0,0.0,0.0,-0.11082139568447404,0.0,1.0,1.0,1.0,1.0,1.0,1.7261052344221715,997422933578.4912,1.0,0.017933813837963507,0.0,0.002576718805357814,0.0,0.9974229335784912,0.5091743119266054,1.0,0.0,0.6952307576482947,0.25
