step,train_step_loss,train_acc,train_loss,val_acc,val_loss,avg_intra_expert_coherence,expert_diversity_e0,expert_diversity_e1,expert_diversity_e2,expert_diversity_e3,expert_diversity_mean,expert_purity_e0,expert_purity_e1,expert_purity_e2,expert_purity_e3,expert_purity_mean,inter_expert_similarity,inter_expert_similarity_e0_e0,inter_expert_similarity_e0_e1,inter_expert_similarity_e0_e2,inter_expert_similarity_e0_e3,inter_expert_similarity_e1_e0,inter_expert_similarity_e1_e1,inter_expert_similarity_e1_e2,inter_expert_similarity_e1_e3,inter_expert_similarity_e2_e0,inter_expert_similarity_e2_e1,inter_expert_similarity_e2_e2,inter_expert_similarity_e2_e3,inter_expert_similarity_e3_e0,inter_expert_similarity_e3_e1,inter_expert_similarity_e3_e2,inter_expert_similarity_e3_e3,intra_expert_coherence_e0,intra_expert_coherence_e1,intra_expert_coherence_e2,intra_expert_coherence_e3,load_cv,load_max_min_ratio,overall_task_conflict_cos,router_entropy,router_load_e0,router_load_e1,router_load_e2,router_load_e3,task_acc__glue_sst2,task_conflict_t0_t0,task_grad_norm_cv,task_loss__glue_sst2,utilization_ratio
50.0,0.7645537257194519,0.44217434557305973,0.8239725251591404,0.4908256880733945,0.783716266263615,1.0,0.0,0.0,0.0,0.0,0.0,1.0,1.0,1.0,1.0,1.0,-0.08370106189880565,1.0,0.0,0.0,-0.5022063713928339,0.0,1.0,0.0,0.0,0.0,0.0,1.0,0.0,-0.5022063713928339,0.0,0.0,1.0,1.0,1.0,1.0,1.0,1.7320507764816284,1000000000000.0,1.0,8.316496229047207e-07,4.9433005244736705e-08,0.0,0.0,1.0,0.4908256880733945,1.0,0.0,0.783716266263615,0.25
100.0,0.6825059056282043,0.44217434557305973,0.6973844363259023,0.4908256880733945,0.6942476890303871,1.0,0.0,0.0,0.0,0.0,0.0,1.0,1.0,1.0,1.0,1.0,0.06856987017245268,1.0,0.0,0.0,0.0,0.0,1.0,0.0,0.41141922103471606,0.0,0.0,1.0,0.0,0.0,0.41141922103471606,0.0,1.0,1.0,1.0,1.0,1.0,1.7310100884389457,999549746513.3667,1.0,0.003922908759137632,0.0,0.0004506744153331965,0.0,0.9995497465133667,0.4908256880733945,1.0,0.0,0.6942476890303871,0.25
150.0,0.6861724555492401,0.5578256544269403,0.68709074806714,0.5091743119266054,0.6948889602314342,1.0,0.0,0.0,0.0,0.0,0.0,1.0,1.0,1.0,1.0,1.0,-0.046723858163210584,1.0,0.0,0.0,0.0,0.0,1.0,0.0,-0.2803431489792635,0.0,0.0,1.0,0.0,0.0,-0.2803431489792635,0.0,1.0,1.0,1.0,1.0,1.0,1.7288896412331267,998628973960.8765,1.0,0.010397902689874172,0.0,0.0013694701483473182,0.0,0.9986289739608765,0.5091743119266054,1.0,0.0,0.6948889602314342,0.25
