step,train_step_loss,train_acc,train_loss,val_acc,val_loss,alignment_reward,l_conflict,l_conflict_e0,l_conflict_e1,l_conflict_e2,l_conflict_e3,router_conflict_grad_l2,router_entropy,router_load_e0,router_load_e1,router_load_e2,router_load_e3
5.0,0.6884373525778453,0.6330457469138252,0.6473144559848946,0.6221548501163361,0.6534160741542486,0.035860538482666016,-0.035860538482666016,-0.007137758657336235,-0.016366122290492058,-0.006265976466238499,-0.006090683396905661,0.0,1.2789114335620846,0.2499849498271942,0.4229521155357361,0.17365409433841705,0.15340884029865265
