step,train_step_loss,train_acc,train_loss,val_acc,val_loss,router_entropy,router_load_e0,router_load_e1,router_load_e2,router_load_e3
30.0,0.6950021237134933,0.6279678435958795,0.6570910783848577,0.6188839466201038,0.6685941026366375,0.6023315302337762,0.07595755159854889,0.6976686120033264,0.11956948786973953,0.10680451989173889
50.0,0.6661437650521597,0.634913549214931,0.6473525125016387,0.624503013151731,0.6569914707184966,0.6041118347396454,0.08700863271951675,0.6958949565887451,0.11085301637649536,0.10624334216117859
