step,train_step_loss,train_acc,train_loss,val_acc,val_loss,router_entropy,router_load_e0,router_load_e1,router_load_e2,router_load_e3
30.0,0.6706118086973826,0.6225640956913021,0.663331290401077,0.6153549576737147,0.6642214311242266,0.6104357339165829,0.16769610345363617,0.09980804473161697,0.05607769265770912,0.6764184236526489
50.0,0.6603573163350424,0.6351577234461319,0.6535322993572984,0.627343564971034,0.6540525734983673,0.6093343706042679,0.1699063926935196,0.09759527444839478,0.05256856977939606,0.6799299716949463
