step,train_step_loss,train_acc,train_loss,val_acc,val_loss,avg_intra_expert_coherence,expert_diversity_e0,expert_diversity_e1,expert_diversity_e2,expert_diversity_e3,expert_diversity_mean,expert_purity_e0,expert_purity_e1,expert_purity_e2,expert_purity_e3,expert_purity_mean,inter_expert_similarity,inter_expert_similarity_e0_e0,inter_expert_similarity_e0_e1,inter_expert_similarity_e0_e2,inter_expert_similarity_e0_e3,inter_expert_similarity_e1_e0,inter_expert_similarity_e1_e1,inter_expert_similarity_e1_e2,inter_expert_similarity_e1_e3,inter_expert_similarity_e2_e0,inter_expert_similarity_e2_e1,inter_expert_similarity_e2_e2,inter_expert_similarity_e2_e3,inter_expert_similarity_e3_e0,inter_expert_similarity_e3_e1,inter_expert_similarity_e3_e2,inter_expert_similarity_e3_e3,intra_expert_coherence_e0,intra_expert_coherence_e1,intra_expert_coherence_e2,intra_expert_coherence_e3,load_cv,load_max_min_ratio,overall_task_conflict_cos,router_entropy,router_load_e0,router_load_e1,router_load_e2,router_load_e3,task_acc__glue_mrpc,task_conflict_t0_t0,task_grad_norm_cv,task_loss__glue_mrpc,utilization_ratio
50.0,0.5666046142578125,0.702835332606325,0.5571163011309893,0.7058823529411765,0.5429283426358149,1.0,0.0,0.0,0.0,0.0,0.0,1.0,1.0,1.0,1.0,1.0,0.025414917874077583,1.0,0.03492875274617091,0.0,0.062179313875522245,0.03492875274617091,1.0,0.0,0.05538144062277233,0.0,0.0,1.0,0.0,0.062179313875522245,0.05538144062277233,0.0,1.0,1.0,1.0,1.0,1.0,1.1765329837799072,751203775405.8838,1.0,0.5351005558874092,0.14440537989139557,0.10439086705446243,0.0,0.7512037754058838,0.7058823529411765,1.0,0.0,0.5429283426358149,0.5
100.0,0.5254123508930206,0.7881679389312977,0.4653659373845743,0.8063725490196079,0.45744396631534284,1.0,0.0,0.0,0.0,0.0,0.0,1.0,1.0,1.0,1.0,1.0,-0.001134596947535875,1.0,0.0,0.0,-0.00680758168521525,0.0,1.0,0.0,0.0,0.0,0.0,1.0,0.0,-0.00680758168521525,0.0,0.0,1.0,1.0,1.0,1.0,1.0,1.2360933108441008,756886720657.3486,1.0,0.5352088306464401,0.24311314523220062,0.0,0.0,0.7568867206573486,0.8063725490196079,1.0,0.0,0.45744396631534284,0.5
150.0,0.448140449821949,0.836423118865867,0.36706514498623816,0.8308823529411765,0.3651002332424888,1.0,0.0,0.0,0.0,0.0,0.0,1.0,1.0,1.0,1.0,1.0,0.013414222564344755,1.0,0.0,0.0,0.08048533538606853,0.0,1.0,0.0,0.0,0.0,0.0,1.0,0.0,0.08048533538606853,0.0,0.0,1.0,1.0,1.0,1.0,1.0,1.359109954940086,825419008731.842,1.0,0.4060932988045262,0.17458106577396393,0.0,0.0,0.825419008731842,0.8308823529411765,1.0,0.0,0.3651002332424888,0.5
