step,train_step_loss,train_acc,train_loss,val_acc,val_loss,avg_intra_expert_coherence,expert_diversity_e0,expert_diversity_e1,expert_diversity_e2,expert_diversity_e3,expert_diversity_mean,expert_purity_e0,expert_purity_e1,expert_purity_e2,expert_purity_e3,expert_purity_mean,inter_expert_similarity,inter_expert_similarity_e0_e0,inter_expert_similarity_e0_e1,inter_expert_similarity_e0_e2,inter_expert_similarity_e0_e3,inter_expert_similarity_e1_e0,inter_expert_similarity_e1_e1,inter_expert_similarity_e1_e2,inter_expert_similarity_e1_e3,inter_expert_similarity_e2_e0,inter_expert_similarity_e2_e1,inter_expert_similarity_e2_e2,inter_expert_similarity_e2_e3,inter_expert_similarity_e3_e0,inter_expert_similarity_e3_e1,inter_expert_similarity_e3_e2,inter_expert_similarity_e3_e3,intra_expert_coherence_e0,intra_expert_coherence_e1,intra_expert_coherence_e2,intra_expert_coherence_e3,load_cv,load_max_min_ratio,overall_task_conflict_cos,router_entropy,router_load_e0,router_load_e1,router_load_e2,router_load_e3,task_acc__glue_sst2,task_conflict_t0_t0,task_grad_norm_cv,task_loss__glue_sst2,utilization_ratio
50.0,0.3457983061671257,0.8749350398669616,0.34196728806734755,0.8577981651376146,0.3757257103411989,1.0,0.0,0.0,0.0,0.0,0.0,1.0,1.0,1.0,1.0,1.0,0.09284190774045427,1.0,0.0,0.0,0.0,0.0,1.0,0.5570514464427256,0.0,0.0,0.5570514464427256,1.0,0.0,0.0,0.0,0.0,1.0,1.0,1.0,1.0,1.0,1.0015571115544901,541402220726.0132,1.0,0.6812939638391547,0.002906674984842539,0.5414022207260132,0.45569121837615967,0.0,0.8577981651376146,1.0,0.0,0.3757257103411989,0.5
100.0,0.6407293528318405,0.7996258296336991,0.55827866510362,0.7029816513761468,0.8397619607604363,1.0,0.0,0.0,0.0,0.0,0.0,1.0,1.0,1.0,1.0,1.0,0.06757222681341454,1.0,0.0,0.0,0.0,0.0,1.0,0.40543336088048726,0.0,0.0,0.40543336088048726,1.0,0.0,0.0,0.0,0.0,1.0,1.0,1.0,1.0,1.0,1.001784086227417,521128892898.5596,1.0,0.6864691250914827,0.0,0.5211288928985596,0.47887107729911804,0.0,0.7029816513761468,1.0,0.0,0.8397619607604363,0.5
150.0,0.46054237335920334,0.8895455017891877,0.30410069053253763,0.8910550458715596,0.30549371699717914,1.0,0.0,0.0,0.0,0.0,0.0,1.0,1.0,1.0,1.0,1.0,0.00792226629596194,1.0,0.0,0.0,0.0,0.0,1.0,0.04753359777577164,0.0,0.0,0.04753359777577164,1.0,0.0,0.0,0.0,0.0,1.0,1.0,1.0,1.0,1.0,1.000011920928955,501726210117.3401,1.0,0.6893164652203201,0.0,0.5017262101173401,0.4982738196849823,0.0,0.8910550458715596,1.0,0.0,0.30549371699717914,0.5
