step,train_step_loss,train_acc,train_loss,val_acc,val_loss,avg_intra_expert_coherence,expert_diversity_e0,expert_diversity_e1,expert_diversity_e2,expert_diversity_e3,expert_diversity_mean,expert_purity_e0,expert_purity_e1,expert_purity_e2,expert_purity_e3,expert_purity_mean,inter_expert_similarity,inter_expert_similarity_e0_e0,inter_expert_similarity_e0_e1,inter_expert_similarity_e0_e2,inter_expert_similarity_e0_e3,inter_expert_similarity_e1_e0,inter_expert_similarity_e1_e1,inter_expert_similarity_e1_e2,inter_expert_similarity_e1_e3,inter_expert_similarity_e2_e0,inter_expert_similarity_e2_e1,inter_expert_similarity_e2_e2,inter_expert_similarity_e2_e3,inter_expert_similarity_e3_e0,inter_expert_similarity_e3_e1,inter_expert_similarity_e3_e2,inter_expert_similarity_e3_e3,intra_expert_coherence_e0,intra_expert_coherence_e1,intra_expert_coherence_e2,intra_expert_coherence_e3,load_cv,load_max_min_ratio,overall_task_conflict_cos,router_entropy,router_load_e0,router_load_e1,router_load_e2,router_load_e3,task_acc__glue_rte,task_conflict_t0_t0,task_grad_norm_cv,task_loss__glue_rte,utilization_ratio
50.0,0.6990269124507904,0.6337349397590362,0.6488650272289912,0.592057761732852,0.6633160064617792,1.0,0.0,0.0,0.0,0.0,0.0,1.0,1.0,1.0,1.0,1.0,0.04839331474639665,1.0,0.0,0.0,0.2903598884783799,0.0,1.0,0.0,0.0,0.0,0.0,1.0,0.0,0.2903598884783799,0.0,0.0,1.0,1.0,1.0,1.0,1.0,1.0017603635787964,520987749099.73145,1.0,0.6912217837378436,0.5209877490997314,0.0,0.0,0.47901228070259094,0.592057761732852,1.0,0.0,0.6633160064617792,0.5
100.0,0.6660219728946686,0.7301204819277108,0.5994281843304634,0.6750902527075813,0.6256156216065089,1.0,0.0,0.0,0.0,0.0,0.0,1.0,1.0,1.0,1.0,1.0,0.061002891229415275,1.0,0.0,0.0,0.36601734737649166,0.0,1.0,0.0,0.0,0.0,0.0,1.0,0.0,0.36601734737649166,0.0,0.0,1.0,1.0,1.0,1.0,1.0,1.0002529621124268,507951855659.48486,1.0,0.6922742502784041,0.5079518556594849,0.0,0.0,0.4920481741428375,0.6750902527075813,1.0,0.0,0.6256156216065089,0.5
150.0,0.5202616751194,0.7526104417670683,0.5319593168413028,0.6967509025270758,0.5912096028526624,1.0,0.0,0.0,0.0,0.0,0.0,1.0,1.0,1.0,1.0,1.0,0.02008291203554706,1.0,0.0,0.0,0.12049747221328236,0.0,1.0,0.0,0.0,0.0,0.0,1.0,0.0,0.12049747221328236,0.0,0.0,1.0,1.0,1.0,1.0,1.0,1.0054351091384888,536911547183.9905,1.0,0.6894087343870087,0.5369115471839905,0.0,0.0,0.4630884528160095,0.6967509025270758,1.0,0.0,0.5912096028526624,0.5
