step,train_step_loss,train_acc,train_loss,val_acc,val_loss,alignment_reward,l_conflict,l_conflict_e0,l_conflict_e1,l_conflict_e2,l_conflict_e3,router_conflict_grad_l2,router_entropy,router_load_e0,router_load_e1,router_load_e2,router_load_e3
5.0,0.5623342394828796,0.7066521264994547,0.5710117930951326,0.7058823529411765,0.5744544611527369,0.038196664303541183,-0.038196664303541183,-0.004311141557991505,-0.008893534541130066,-0.01229475624859333,-0.012697231955826283,0.0,1.315022026791292,0.1315501183271408,0.20991024374961853,0.32229942083358765,0.33624017238616943
