step,train_step_loss,train_acc,train_loss,val_acc,val_loss,avg_intra_expert_coherence,expert_diversity_e0,expert_diversity_e1,expert_diversity_e2,expert_diversity_e3,expert_diversity_mean,expert_purity_e0,expert_purity_e1,expert_purity_e2,expert_purity_e3,expert_purity_mean,inter_expert_similarity,inter_expert_similarity_e0_e0,inter_expert_similarity_e0_e1,inter_expert_similarity_e0_e2,inter_expert_similarity_e0_e3,inter_expert_similarity_e1_e0,inter_expert_similarity_e1_e1,inter_expert_similarity_e1_e2,inter_expert_similarity_e1_e3,inter_expert_similarity_e2_e0,inter_expert_similarity_e2_e1,inter_expert_similarity_e2_e2,inter_expert_similarity_e2_e3,inter_expert_similarity_e3_e0,inter_expert_similarity_e3_e1,inter_expert_similarity_e3_e2,inter_expert_similarity_e3_e3,intra_expert_coherence_e0,intra_expert_coherence_e1,intra_expert_coherence_e2,intra_expert_coherence_e3,load_cv,load_max_min_ratio,overall_task_conflict_cos,router_entropy,router_load_e0,router_load_e1,router_load_e2,router_load_e3,task_acc__glue_sst2,task_conflict_t0_t0,task_grad_norm_cv,task_loss__glue_sst2,utilization_ratio
50.0,0.5327484011650085,0.8476295119452405,0.38002444333186697,0.8876146788990825,0.32802663492885503,1.0,0.0,0.0,0.0,0.0,0.0,1.0,1.0,1.0,1.0,1.0,0.006599615214345379,1.0,0.0,0.0,0.039597691286072274,0.0,1.0,0.0,0.0,0.0,0.0,1.0,0.0,0.039597691286072274,0.0,0.0,1.0,1.0,1.0,1.0,1.0,0.994737446308136,1162.1414797952975,1.0,0.686229730417969,0.49036741256713867,0.0004361454339232296,0.0023337278980761766,0.5068626999855042,0.8876146788990825,1.0,0.0,0.32802663492885503,0.5
100.0,0.5135844200849533,0.8204130722059719,0.42719989843055994,0.8325688073394495,0.3934513888237151,1.0,0.0,0.0,0.0,0.0,0.0,1.0,1.0,1.0,1.0,1.0,0.03514035694749785,1.0,0.0,0.0,0.2108421416849871,0.0,1.0,0.0,0.0,0.0,0.0,1.0,0.0,0.2108421416849871,0.0,0.0,1.0,1.0,1.0,1.0,1.0,1.0182266235351562,567809879779.8157,1.0,0.6799315821140184,0.4321901500225067,0.0,0.0,0.5678098797798157,0.8325688073394495,1.0,0.0,0.3934513888237151,0.5
150.0,0.12853481248021126,0.8702727583186091,0.3249875887352398,0.9002293577981652,0.26829445870085195,1.0,0.0,0.0,0.0,0.0,0.0,1.0,1.0,1.0,1.0,1.0,0.04632246552666774,1.0,0.0,0.0,0.2779347931600064,0.0,1.0,0.0,0.0,0.0,0.0,1.0,0.0,0.2779347931600064,0.0,0.0,1.0,1.0,1.0,1.0,1.0,1.006081461906433,1217.4752117827072,1.0,0.6855421427193038,0.4549202620983124,0.0004469479317776859,0.0004847679228987545,0.5441480278968811,0.9002293577981652,1.0,0.0,0.26829445870085195,0.5
