{
  "best_val_acc": 0.6851367575192152,
  "final_val_acc": 0.6707262315194292,
  "method": "ours",
  "num_eval_points": 5
}