{
  "best_val_acc": 0.6922377383423345,
  "final_val_acc": 0.6778588106027993,
  "method": "ours",
  "num_eval_points": 5
}