{
  "best_val_acc": 0.6966563650795687,
  "final_val_acc": 0.6966563650795687,
  "method": "ours",
  "num_eval_points": 5
}