step,train_step_loss,train_acc,train_loss,val_acc,val_loss,avg_intra_expert_coherence,expert_diversity_e0,expert_diversity_e1,expert_diversity_e2,expert_diversity_e3,expert_diversity_mean,expert_purity_e0,expert_purity_e1,expert_purity_e2,expert_purity_e3,expert_purity_mean,inter_expert_similarity,inter_expert_similarity_e0_e0,inter_expert_similarity_e0_e1,inter_expert_similarity_e0_e2,inter_expert_similarity_e0_e3,inter_expert_similarity_e1_e0,inter_expert_similarity_e1_e1,inter_expert_similarity_e1_e2,inter_expert_similarity_e1_e3,inter_expert_similarity_e2_e0,inter_expert_similarity_e2_e1,inter_expert_similarity_e2_e2,inter_expert_similarity_e2_e3,inter_expert_similarity_e3_e0,inter_expert_similarity_e3_e1,inter_expert_similarity_e3_e2,inter_expert_similarity_e3_e3,intra_expert_coherence_e0,intra_expert_coherence_e1,intra_expert_coherence_e2,intra_expert_coherence_e3,load_cv,load_max_min_ratio,overall_task_conflict_cos,router_entropy,router_load_e0,router_load_e1,router_load_e2,router_load_e3,task_acc__glue_mrpc,task_conflict_t0_t0,task_grad_norm_cv,task_loss__glue_mrpc,utilization_ratio
50.0,0.48432594537734985,0.675845147219193,0.5790751894531043,0.6838235294117647,0.569706403865264,1.0,0.0,0.0,0.0,0.0,0.0,1.0,1.0,1.0,1.0,1.0,-0.04582191849033518,1.0,0.0,0.0,0.0,0.0,1.0,0.0,0.0,0.0,0.0,1.0,-0.27493151094201107,0.0,0.0,-0.27493151094201107,1.0,1.0,1.0,1.0,1.0,1.0000091791152954,501512527465.8203,1.0,0.6923594287797517,0.0,0.0,0.5015125274658203,0.4984874725341797,0.6838235294117647,1.0,0.0,0.569706403865264,0.5
100.0,0.6388460099697113,0.7036532170119957,0.5404814793039923,0.7132352941176471,0.5324043969695385,1.0,0.0,0.0,0.0,0.0,0.0,1.0,1.0,1.0,1.0,1.0,-0.03978562098546794,1.0,0.0,0.0,0.0,0.0,1.0,0.0,0.0,0.0,0.0,1.0,-0.23871372591280762,0.0,0.0,-0.23871372591280762,1.0,1.0,1.0,1.0,1.0,1.0000740885778718,504302620887.75635,1.0,0.6917097101024553,0.0,0.0,0.5043026208877563,0.4956973195075989,0.7132352941176471,1.0,0.0,0.5324043969695385,0.5
150.0,0.5836138427257538,0.7489094874591058,0.5073779497619556,0.7450980392156863,0.5009425276747117,1.0,0.0,0.0,0.0,0.0,0.0,1.0,1.0,1.0,1.0,1.0,-0.03048424510639405,1.0,0.0,0.0,0.0,0.0,1.0,0.0,0.0,0.0,0.0,1.0,-0.1829054706383643,0.0,0.0,-0.1829054706383643,1.0,1.0,1.0,1.0,1.0,0.9929110407829285,500662207603.4546,1.0,0.690898087679171,0.0035628839395940304,0.0,0.5006622076034546,0.49577489495277405,0.7450980392156863,1.0,0.0,0.5009425276747117,0.5
