step,train_step_loss,train_acc,train_loss,val_acc,val_loss,avg_intra_expert_coherence,expert_diversity_e0,expert_diversity_e1,expert_diversity_e2,expert_diversity_e3,expert_diversity_mean,expert_purity_e0,expert_purity_e1,expert_purity_e2,expert_purity_e3,expert_purity_mean,inter_expert_similarity,inter_expert_similarity_e0_e0,inter_expert_similarity_e0_e1,inter_expert_similarity_e0_e2,inter_expert_similarity_e0_e3,inter_expert_similarity_e1_e0,inter_expert_similarity_e1_e1,inter_expert_similarity_e1_e2,inter_expert_similarity_e1_e3,inter_expert_similarity_e2_e0,inter_expert_similarity_e2_e1,inter_expert_similarity_e2_e2,inter_expert_similarity_e2_e3,inter_expert_similarity_e3_e0,inter_expert_similarity_e3_e1,inter_expert_similarity_e3_e2,inter_expert_similarity_e3_e3,intra_expert_coherence_e0,intra_expert_coherence_e1,intra_expert_coherence_e2,intra_expert_coherence_e3,load_cv,load_max_min_ratio,overall_task_conflict_cos,router_entropy,router_load_e0,router_load_e1,router_load_e2,router_load_e3,task_acc__glue_mrpc,task_conflict_t0_t0,task_grad_norm_cv,task_loss__glue_mrpc,utilization_ratio
50.0,0.38563185930252075,0.7810796074154853,0.45684560948739883,0.7892156862745098,0.44443968339608264,1.0,0.0,0.0,0.0,0.0,0.0,1.0,1.0,1.0,1.0,1.0,0.0005000556118266898,1.0,0.0,0.0,0.0,0.0,1.0,0.0,0.0030003336709601386,0.0,0.0,1.0,0.0,0.0,0.0030003336709601386,0.0,1.0,1.0,1.0,1.0,1.0,1.0007073879241943,513300597667.6941,1.0,0.6878823404218636,0.0,0.4866993725299835,0.0,0.5133005976676941,0.7892156862745098,1.0,0.0,0.44443968339608264,0.5
100.0,0.49755021929740906,0.8328789531079608,0.3881082633915155,0.8137254901960784,0.3930985855941589,1.0,0.0,0.0,0.0,0.0,0.0,1.0,1.0,1.0,1.0,1.0,-0.05870582528826668,1.0,0.0,0.0,0.0,0.0,1.0,0.0,-0.35223495172960007,0.0,0.0,1.0,0.0,0.0,-0.35223495172960007,0.0,1.0,1.0,1.0,1.0,1.0,0.9993912577629089,517048358917.2363,1.0,0.6861245480238223,0.0,0.48203304409980774,0.0009185751550830901,0.5170483589172363,0.8137254901960784,1.0,0.0,0.3930985855941589,0.5
150.0,0.4532999098300934,0.8503271537622683,0.34669416895055255,0.8529411764705882,0.34537924797489095,1.0,0.0,0.0,0.0,0.0,0.0,1.0,1.0,1.0,1.0,1.0,-0.002870196385937881,1.0,0.0,0.0,0.0,0.0,1.0,0.0,-0.017221178315627285,0.0,0.0,1.0,0.0,0.0,-0.017221178315627285,0.0,1.0,1.0,1.0,1.0,1.0,1.005122423171997,535831212997.4365,1.0,0.6829984071207982,0.0,0.46416884660720825,0.0,0.5358312129974365,0.8529411764705882,1.0,0.0,0.34537924797489095,0.5
