step,train_step_loss,train_acc,train_loss,val_acc,val_loss,alignment_reward,l_conflict,l_conflict_e0,l_conflict_e1,l_conflict_e2,l_conflict_e3,router_conflict_grad_l2,router_entropy,router_load_e0,router_load_e1,router_load_e2,router_load_e3
30.0,0.706474910179774,0.625745881252294,0.6898255029513148,0.6160076283075439,0.6901111126769374,0.3484801650047302,-0.3484801650047302,-0.0,-0.21423961222171783,-0.13424056768417358,-0.0,0.0,0.6541885815008923,0.0,0.6386538743972778,0.36134573817253113,0.0
50.0,0.6420902113119762,0.625745881252294,0.7640031891415767,0.6160076283075439,0.7793309483614141,0.3580779731273651,-0.3580779731273651,-0.0,-0.0,-0.34529322385787964,-0.01278475672006607,0.0,0.10285638993674959,0.0,0.0,0.9787539839744568,0.02124779298901558
