step,train_step_loss,train_acc,train_loss,val_acc,val_loss,alignment_reward,l_conflict,l_conflict_e0,l_conflict_e1,l_conflict_e2,l_conflict_e3,router_conflict_grad_l2,router_entropy,router_load_e0,router_load_e1,router_load_e2,router_load_e3
30.0,0.7810054073731105,0.625745881252294,0.711939820711518,0.6160076283075439,0.7253778093769522,1.0398454666137695,-1.0398454666137695,-0.0,-0.9681840538978577,-0.0,-0.07166140526533127,0.0,0.23488305822980624,0.0,0.9370985627174377,0.0,0.06290343403816223
50.0,0.6597773333390555,0.625745881252294,0.678789613326054,0.6160076283075439,0.6802153213263016,0.8681955337524414,-0.8681955337524414,-0.0,-0.7235879898071289,-0.0,-0.1446075588464737,0.0,0.44879069013728035,0.0,0.8344286680221558,0.0,0.16556929051876068
