step,train_step_loss,train_acc,train_loss,val_acc,val_loss,avg_intra_expert_coherence,expert_diversity_e0,expert_diversity_e1,expert_diversity_e2,expert_diversity_e3,expert_diversity_mean,expert_purity_e0,expert_purity_e1,expert_purity_e2,expert_purity_e3,expert_purity_mean,inter_expert_similarity,inter_expert_similarity_e0_e0,inter_expert_similarity_e0_e1,inter_expert_similarity_e0_e2,inter_expert_similarity_e0_e3,inter_expert_similarity_e1_e0,inter_expert_similarity_e1_e1,inter_expert_similarity_e1_e2,inter_expert_similarity_e1_e3,inter_expert_similarity_e2_e0,inter_expert_similarity_e2_e1,inter_expert_similarity_e2_e2,inter_expert_similarity_e2_e3,inter_expert_similarity_e3_e0,inter_expert_similarity_e3_e1,inter_expert_similarity_e3_e2,inter_expert_similarity_e3_e3,intra_expert_coherence_e0,intra_expert_coherence_e1,intra_expert_coherence_e2,intra_expert_coherence_e3,load_cv,load_max_min_ratio,overall_task_conflict_cos,router_entropy,router_load_e0,router_load_e1,router_load_e2,router_load_e3,task_acc__glue_rte,task_conflict_t0_t0,task_grad_norm_cv,task_loss__glue_rte,utilization_ratio
50.0,0.6825630962848663,0.5405622489959839,0.6866535511918557,0.5415162454873647,0.6945281939374076,1.0,0.0,0.0,0.0,0.0,0.0,1.0,1.0,1.0,1.0,1.0,0.010468752215447194,1.0,0.0,0.0,0.06281251329268317,0.0,1.0,0.0,0.0,0.0,0.0,1.0,0.0,0.06281251329268317,0.0,0.0,1.0,1.0,1.0,1.0,1.0,1.0737838745117188,638298451900.4822,1.0,0.6539957910668549,0.3617016077041626,0.0,0.0,0.6382984519004822,0.5415162454873647,1.0,0.0,0.6945281939374076,0.5
100.0,0.6772314310073853,0.6405622489959839,0.6426419047782054,0.6137184115523465,0.6503652218315337,1.0,0.0,0.0,0.0,0.0,0.0,1.0,1.0,1.0,1.0,1.0,0.01015012296005639,1.0,0.0,0.0,0.06090073776033834,0.0,1.0,0.0,0.0,0.0,0.0,1.0,0.0,0.06090073776033834,0.0,0.0,1.0,1.0,1.0,1.0,1.0,1.0752469390925097,641189217567.4438,1.0,0.6518439506365504,0.3576505780220032,0.0011601216392591596,0.0,0.6411892175674438,0.6137184115523465,1.0,0.0,0.6503652218315337,0.5
150.0,0.6318274438381195,0.6927710843373494,0.6173057961731385,0.6425992779783394,0.6396067059702344,1.0,0.0,0.0,0.0,0.0,0.0,1.0,1.0,1.0,1.0,1.0,-0.0036868544249456284,1.0,0.0,0.0,-0.02212112654967377,0.0,1.0,0.0,0.0,0.0,0.0,1.0,0.0,-0.02212112654967377,0.0,0.0,1.0,1.0,1.0,1.0,1.0,1.0782810542918508,642605125904.0833,1.0,0.6508964545459954,0.3573947846889496,0.0,0.0,0.6426051259040833,0.6425992779783394,1.0,0.0,0.6396067059702344,0.5
