step,train_step_loss,train_acc,train_loss,val_acc,val_loss,router_entropy,router_load_e0,router_load_e1,router_load_e2,router_load_e3
30.0,1.1096918384234111,0.3275553385416667,1.1116798017174006,0.333984375,1.1076873987913132,1.370748373369376,0.29482775926589966,0.24299925565719604,0.1914987415075302,0.2706742584705353
60.0,1.0984184940656025,0.3304036458333333,1.1043395002683003,0.3427734375,1.1010131587584813,1.3710997651020687,0.29471534490585327,0.24251841008663177,0.1926751732826233,0.2700910270214081
90.0,1.10163880387942,0.32421875,1.1036244078228872,0.3395182291666667,1.100588860611121,1.371122640868028,0.295009046792984,0.24269044399261475,0.19276393949985504,0.2695365250110626
100.0,1.1142654816309612,0.3253580729166667,1.1034877989441156,0.3460286458333333,1.1005087867379189,1.3711104318499565,0.2950967252254486,0.24265913665294647,0.19275788962841034,0.2694862186908722
