step,train_step_loss,train_acc,train_loss,val_acc,val_loss,alignment_reward,l_conflict,l_conflict_e0,l_conflict_e1,l_conflict_e2,l_conflict_e3,router_conflict_grad_l2,router_entropy,router_load_e0,router_load_e1,router_load_e2,router_load_e3
5.0,0.6317055225372314,0.6744820065430752,0.6231955359811369,0.6838235294117647,0.6145642571724378,0.027316173538565636,-0.027316173538565636,-0.011012010276317596,-0.003805269254371524,-0.011293306946754456,-0.0012055871775373816,0.0,1.2970931950737448,0.30516189336776733,0.21571840345859528,0.3645861744880676,0.11453354358673096
