step,train_step_loss,train_acc,train_loss,val_acc,val_loss,avg_intra_expert_coherence,expert_diversity_e0,expert_diversity_e1,expert_diversity_e2,expert_diversity_e3,expert_diversity_mean,expert_purity_e0,expert_purity_e1,expert_purity_e2,expert_purity_e3,expert_purity_mean,inter_expert_similarity,inter_expert_similarity_e0_e0,inter_expert_similarity_e0_e1,inter_expert_similarity_e0_e2,inter_expert_similarity_e0_e3,inter_expert_similarity_e1_e0,inter_expert_similarity_e1_e1,inter_expert_similarity_e1_e2,inter_expert_similarity_e1_e3,inter_expert_similarity_e2_e0,inter_expert_similarity_e2_e1,inter_expert_similarity_e2_e2,inter_expert_similarity_e2_e3,inter_expert_similarity_e3_e0,inter_expert_similarity_e3_e1,inter_expert_similarity_e3_e2,inter_expert_similarity_e3_e3,intra_expert_coherence_e0,intra_expert_coherence_e1,intra_expert_coherence_e2,intra_expert_coherence_e3,load_cv,load_max_min_ratio,overall_task_conflict_cos,router_entropy,router_load_e0,router_load_e1,router_load_e2,router_load_e3,task_acc__glue_sst2,task_conflict_t0_t0,task_grad_norm_cv,task_loss__glue_sst2,utilization_ratio
50.0,0.6280634850263596,0.855855320791697,0.362084824023348,0.8474770642201835,0.38174184862185606,1.0,0.0,0.0,0.0,0.0,0.0,1.0,1.0,1.0,1.0,1.0,0.007167872866350962,1.0,0.0,0.04300723719810577,0.0,0.0,1.0,0.0,0.0,0.04300723719810577,0.0,1.0,0.0,0.0,0.0,0.0,1.0,1.0,1.0,1.0,1.0,1.0012528896331787,540406942367.5537,1.0,0.6874937158112132,0.456704318523407,0.002888796152547002,0.5404069423675537,0.0,0.8474770642201835,1.0,0.0,0.38174184862185606,0.5
100.0,0.40408433973789215,0.8653877563141249,0.34607679586627493,0.9002293577981652,0.2862613420594822,1.0,0.0,0.0,0.0,0.0,0.0,1.0,1.0,1.0,1.0,1.0,-0.006031179597547031,1.0,0.0,-0.03618707758528219,0.0,0.0,1.0,0.0,0.0,-0.03618707758528219,0.0,1.0,0.0,0.0,0.0,0.0,1.0,1.0,1.0,1.0,1.0,1.0064995888769381,562558352947.2351,1.0,0.6832112708222975,0.4321579337120056,0.005283654667437077,0.5625583529472351,0.0,0.9002293577981652,1.0,0.0,0.2862613420594822,0.5
150.0,0.2786598354578018,0.8682088820917905,0.30376363358174996,0.9013761467889908,0.2661951556801796,1.0,0.0,0.0,0.0,0.0,0.0,1.0,1.0,1.0,1.0,1.0,-0.025526296825928937,1.0,0.0,-0.1531577809555736,0.0,0.0,1.0,0.0,0.0,-0.1531577809555736,0.0,1.0,0.0,0.0,0.0,0.0,1.0,1.0,1.0,1.0,1.0,0.9943948984146118,512329936027.52686,1.0,0.6911801810658306,0.48447200655937195,0.003198066959157586,0.5123299360275269,0.0,0.9013761467889908,1.0,0.0,0.2661951556801796,0.5
