step,train_step_loss,train_acc,train_loss,val_acc,val_loss,avg_intra_expert_coherence,expert_diversity_e0,expert_diversity_e1,expert_diversity_e2,expert_diversity_e3,expert_diversity_mean,expert_purity_e0,expert_purity_e1,expert_purity_e2,expert_purity_e3,expert_purity_mean,inter_expert_similarity,inter_expert_similarity_e0_e0,inter_expert_similarity_e0_e1,inter_expert_similarity_e0_e2,inter_expert_similarity_e0_e3,inter_expert_similarity_e1_e0,inter_expert_similarity_e1_e1,inter_expert_similarity_e1_e2,inter_expert_similarity_e1_e3,inter_expert_similarity_e2_e0,inter_expert_similarity_e2_e1,inter_expert_similarity_e2_e2,inter_expert_similarity_e2_e3,inter_expert_similarity_e3_e0,inter_expert_similarity_e3_e1,inter_expert_similarity_e3_e2,inter_expert_similarity_e3_e3,intra_expert_coherence_e0,intra_expert_coherence_e1,intra_expert_coherence_e2,intra_expert_coherence_e3,load_cv,load_max_min_ratio,overall_task_conflict_cos,router_entropy,router_load_e0,router_load_e1,router_load_e2,router_load_e3,task_acc__glue_mrpc,task_conflict_t0_t0,task_grad_norm_cv,task_loss__glue_mrpc,utilization_ratio
50.0,0.5434703677892685,0.7868047982551799,0.47270237965428313,0.7671568627450981,0.4793463721871376,1.0,0.0,0.0,0.0,0.0,0.0,1.0,1.0,1.0,1.0,1.0,-0.142884064264826,1.0,-0.29215182722285876,-0.1907118404442554,-0.18958196989003806,-0.29215182722285876,1.0,-0.5586005079126196,0.2948471143084836,-0.1907118404442554,-0.5586005079126196,1.0,0.07889464557233225,-0.18958196989003806,0.2948471143084836,0.07889464557233225,1.0,1.0,1.0,1.0,1.0,0.5134323239326477,4.31270899069707,1.0,1.254350966098262,0.4554632604122162,0.10560955107212067,0.19738997519016266,0.2415372133255005,0.7671568627450981,1.0,0.0,0.4793463721871376,0.75
100.0,0.34205959737300873,0.8481461286804798,0.34103505595222766,0.8186274509803921,0.37066147891947854,1.0,0.0,0.0,0.0,0.0,0.0,1.0,1.0,1.0,1.0,1.0,-0.06805216928938734,1.0,-0.17086874008720795,-0.15335307046207636,-0.16965647393275401,-0.17086874008720795,1.0,-0.43866196488850884,0.3599962718436085,-0.15335307046207636,-0.43866196488850884,1.0,0.16423096179061467,-0.16965647393275401,0.3599962718436085,0.16423096179061467,1.0,1.0,1.0,1.0,1.0,0.6292445438649978,5.695009214574999,1.0,1.1915750480165668,0.5063880681991577,0.08891786634922028,0.16517673432826996,0.23951727151870728,0.8186274509803921,1.0,0.0,0.37066147891947854,0.75
