step,train_step_loss,train_acc,train_loss,val_acc,val_loss,avg_intra_expert_coherence,expert_diversity_e0,expert_diversity_e1,expert_diversity_e2,expert_diversity_e3,expert_diversity_mean,expert_purity_e0,expert_purity_e1,expert_purity_e2,expert_purity_e3,expert_purity_mean,inter_expert_similarity,inter_expert_similarity_e0_e0,inter_expert_similarity_e0_e1,inter_expert_similarity_e0_e2,inter_expert_similarity_e0_e3,inter_expert_similarity_e1_e0,inter_expert_similarity_e1_e1,inter_expert_similarity_e1_e2,inter_expert_similarity_e1_e3,inter_expert_similarity_e2_e0,inter_expert_similarity_e2_e1,inter_expert_similarity_e2_e2,inter_expert_similarity_e2_e3,inter_expert_similarity_e3_e0,inter_expert_similarity_e3_e1,inter_expert_similarity_e3_e2,inter_expert_similarity_e3_e3,intra_expert_coherence_e0,intra_expert_coherence_e1,intra_expert_coherence_e2,intra_expert_coherence_e3,load_cv,load_max_min_ratio,overall_task_conflict_cos,router_entropy,router_load_e0,router_load_e1,router_load_e2,router_load_e3,task_acc__glue_mrpc,task_conflict_t0_t0,task_grad_norm_cv,task_loss__glue_mrpc,utilization_ratio
50.0,0.4978208839893341,0.6744820065430752,0.6345916862721028,0.6838235294117647,0.627450894850951,1.0,0.0,0.0,0.0,0.0,0.0,1.0,1.0,1.0,1.0,1.0,0.1316616283007934,1.0,0.2229215085334413,0.2804564597514367,0.20658386003427656,0.2229215085334413,1.0,0.004302155935415087,0.07863584675122683,0.2804564597514367,0.004302155935415087,1.0,-0.0029300612010360523,0.20658386003427656,0.07863584675122683,-0.0029300612010360523,1.0,1.0,1.0,1.0,1.0,0.5655900835990906,4.011654721402326,1.0,1.2351840524112476,0.4757554531097412,0.11859332025051117,0.26319512724876404,0.14245611429214478,0.6838235294117647,1.0,0.0,0.627450894850951,0.75
100.0,0.7764805555343628,0.6744820065430752,0.6986229010574195,0.6838235294117647,0.6874316658538121,1.0,0.0,0.0,0.0,0.0,0.0,1.0,1.0,1.0,1.0,1.0,-0.039416916978511636,1.0,-0.10933608184337126,0.1164448293610435,-0.2166624198182294,-0.10933608184337126,1.0,0.01908594190658079,0.027291755979188252,0.1164448293610435,0.01908594190658079,1.0,-0.07332552745628172,-0.2166624198182294,0.027291755979188252,-0.07332552745628172,1.0,1.0,1.0,1.0,1.0,0.7630176998983442,4.721614224968756,1.0,1.139715818797841,0.5795554518699646,0.12274519354104996,0.1607995629310608,0.13689970970153809,0.6838235294117647,1.0,0.0,0.6874316658538121,0.75
