step,train_step_loss,train_acc,train_loss,val_acc,val_loss,avg_intra_expert_coherence,expert_diversity_e0,expert_diversity_e1,expert_diversity_e2,expert_diversity_e3,expert_diversity_mean,expert_purity_e0,expert_purity_e1,expert_purity_e2,expert_purity_e3,expert_purity_mean,inter_expert_similarity,inter_expert_similarity_e0_e0,inter_expert_similarity_e0_e1,inter_expert_similarity_e0_e2,inter_expert_similarity_e0_e3,inter_expert_similarity_e1_e0,inter_expert_similarity_e1_e1,inter_expert_similarity_e1_e2,inter_expert_similarity_e1_e3,inter_expert_similarity_e2_e0,inter_expert_similarity_e2_e1,inter_expert_similarity_e2_e2,inter_expert_similarity_e2_e3,inter_expert_similarity_e3_e0,inter_expert_similarity_e3_e1,inter_expert_similarity_e3_e2,inter_expert_similarity_e3_e3,intra_expert_coherence_e0,intra_expert_coherence_e1,intra_expert_coherence_e2,intra_expert_coherence_e3,load_cv,load_max_min_ratio,overall_task_conflict_cos,router_entropy,router_load_e0,router_load_e1,router_load_e2,router_load_e3,task_acc__glue_mrpc,task_conflict_t0_t0,task_grad_norm_cv,task_loss__glue_mrpc,utilization_ratio
50.0,0.6605028808116913,0.3255179934569248,0.6969854409280031,0.3161764705882353,0.6971269158216623,1.0,0.0,0.0,0.0,0.0,0.0,1.0,1.0,1.0,1.0,1.0,0.2680834336966413,1.0,0.33427911278134737,0.17653953483848514,0.16637690183473236,0.33427911278134737,1.0,0.2050985230685462,0.47938200236504497,0.17653953483848514,0.2050985230685462,1.0,0.24682452729169127,0.16637690183473236,0.47938200236504497,0.24682452729169127,1.0,1.0,1.0,1.0,1.0,0.505383312702179,4.738194151248038,1.0,1.2453210073358871,0.38914209604263306,0.17520427703857422,0.08212877810001373,0.3535248935222626,0.3161764705882353,1.0,0.0,0.6971269158216623,0.75
100.0,0.6684669256210327,0.6744820065430752,0.6797470841718757,0.6838235294117647,0.6790023297071457,1.0,0.0,0.0,0.0,0.0,0.0,1.0,1.0,1.0,1.0,1.0,0.0754408324015528,1.0,-0.06738174562032974,0.08153581205070963,-0.24644313582899974,-0.06738174562032974,1.0,0.3718202510634939,0.0356964392498384,0.08153581205070963,0.3718202510634939,1.0,0.2774173734946044,-0.24644313582899974,0.0356964392498384,0.2774173734946044,1.0,1.0,1.0,1.0,1.0,0.22262755036354065,1.7772232378426207,1.0,1.3616620489195281,0.27413734793663025,0.18482618033885956,0.3284773826599121,0.21255913376808167,0.6838235294117647,1.0,0.0,0.6790023297071457,1.0
