step,train_step_loss,train_acc,train_loss,val_acc,val_loss,avg_intra_expert_coherence,expert_diversity_e0,expert_diversity_e1,expert_diversity_e2,expert_diversity_e3,expert_diversity_mean,expert_purity_e0,expert_purity_e1,expert_purity_e2,expert_purity_e3,expert_purity_mean,inter_expert_similarity,inter_expert_similarity_e0_e0,inter_expert_similarity_e0_e1,inter_expert_similarity_e0_e2,inter_expert_similarity_e0_e3,inter_expert_similarity_e1_e0,inter_expert_similarity_e1_e1,inter_expert_similarity_e1_e2,inter_expert_similarity_e1_e3,inter_expert_similarity_e2_e0,inter_expert_similarity_e2_e1,inter_expert_similarity_e2_e2,inter_expert_similarity_e2_e3,inter_expert_similarity_e3_e0,inter_expert_similarity_e3_e1,inter_expert_similarity_e3_e2,inter_expert_similarity_e3_e3,intra_expert_coherence_e0,intra_expert_coherence_e1,intra_expert_coherence_e2,intra_expert_coherence_e3,load_cv,load_max_min_ratio,overall_task_conflict_cos,router_entropy,router_load_e0,router_load_e1,router_load_e2,router_load_e3,task_acc__glue_rte,task_conflict_t0_t0,task_grad_norm_cv,task_loss__glue_rte,utilization_ratio
50.0,0.5974538028240204,0.5204819277108433,0.6836067164937655,0.5342960288808665,0.6831460545460383,1.0,0.0,0.0,0.0,0.0,0.0,1.0,1.0,1.0,1.0,1.0,-0.007493156493023317,1.0,0.0,-0.044958938958139905,0.0,0.0,1.0,0.0,0.0,-0.044958938958139905,0.0,1.0,0.0,0.0,0.0,0.0,1.0,1.0,1.0,1.0,1.0,1.0000882148742676,504695713520.05005,1.0,0.6929065974610807,0.49530431628227234,0.0,0.50469571352005,0.0,0.5342960288808665,1.0,0.0,0.6831460545460383,0.5
100.0,0.6299121379852295,0.714859437751004,0.6053631802973075,0.6498194945848376,0.6423955981930097,1.0,0.0,0.0,0.0,0.0,0.0,1.0,1.0,1.0,1.0,1.0,-0.0023130843337752973,1.0,0.0,-0.013878506002651784,0.0,0.0,1.0,0.0,0.0,-0.013878506002651784,0.0,1.0,0.0,0.0,0.0,0.0,1.0,1.0,1.0,1.0,1.0,1.0004547834396362,510663986206.0547,1.0,0.6926038592300691,0.4893359839916229,0.0,0.5106639862060547,0.0,0.6498194945848376,1.0,0.0,0.6423955981930097,0.5
150.0,0.6111128926277161,0.729718875502008,0.5873832426201074,0.6967509025270758,0.6261747032403946,1.0,0.0,0.0,0.0,0.0,0.0,1.0,1.0,1.0,1.0,1.0,-0.021231920002258375,1.0,0.0,-0.12739152001355025,0.0,0.0,1.0,0.0,0.0,-0.12739152001355025,0.0,1.0,0.0,0.0,0.0,0.0,1.0,1.0,1.0,1.0,1.0,1.0011717081069946,517120242118.83545,1.0,0.692262504935695,0.48287975788116455,0.0,0.5171202421188354,0.0,0.6967509025270758,1.0,0.0,0.6261747032403946,0.5
