step,train_step_loss,train_acc,train_loss,val_acc,val_loss,router_entropy,router_load_e0,router_load_e1,router_load_e2,router_load_e3
30.0,1.1047488898038864,0.32958984375,1.105360982939601,0.3411458333333333,1.102595920364062,1.3620282833774884,0.3186143934726715,0.17841081321239471,0.24174411594867706,0.2612306773662567
60.0,1.1011149634917576,0.3453776041666667,1.0978330168873072,0.3444010416666667,1.0988002642989159,1.3602207203706105,0.31890174746513367,0.17644397914409637,0.23348112404346466,0.27117326855659485
90.0,1.10550253589948,0.3556315104166667,1.096105782315135,0.3492838541666667,1.0984915966788928,1.3613590051730473,0.3149993121623993,0.17874185740947723,0.23114460706710815,0.2751142084598541
100.0,1.1078867067893345,0.3570149739583333,1.0956858868400257,0.3541666666666667,1.0981867363055546,1.3622454851865768,0.3108825981616974,0.1789635866880417,0.2327262908220291,0.2774275839328766
