step,train_step_loss,train_acc,train_loss,val_acc,val_loss,avg_intra_expert_coherence,expert_diversity_e0,expert_diversity_e1,expert_diversity_e2,expert_diversity_e3,expert_diversity_mean,expert_purity_e0,expert_purity_e1,expert_purity_e2,expert_purity_e3,expert_purity_mean,inter_expert_similarity,inter_expert_similarity_e0_e0,inter_expert_similarity_e0_e1,inter_expert_similarity_e0_e2,inter_expert_similarity_e0_e3,inter_expert_similarity_e1_e0,inter_expert_similarity_e1_e1,inter_expert_similarity_e1_e2,inter_expert_similarity_e1_e3,inter_expert_similarity_e2_e0,inter_expert_similarity_e2_e1,inter_expert_similarity_e2_e2,inter_expert_similarity_e2_e3,inter_expert_similarity_e3_e0,inter_expert_similarity_e3_e1,inter_expert_similarity_e3_e2,inter_expert_similarity_e3_e3,intra_expert_coherence_e0,intra_expert_coherence_e1,intra_expert_coherence_e2,intra_expert_coherence_e3,load_cv,load_max_min_ratio,overall_task_conflict_cos,router_entropy,router_load_e0,router_load_e1,router_load_e2,router_load_e3,task_acc__glue_rte,task_conflict_t0_t0,task_grad_norm_cv,task_loss__glue_rte,utilization_ratio
50.0,0.5911736190319061,0.5016064257028112,0.6962361617348133,0.5270758122743683,0.6878600269556046,1.0,0.0,0.0,0.0,0.0,0.0,1.0,1.0,1.0,1.0,1.0,0.05023825773890211,1.0,0.30142954643341263,0.0,0.0,0.30142954643341263,1.0,0.0,0.0,0.0,0.0,1.0,0.0,0.0,0.0,0.0,1.0,1.0,1.0,1.0,1.0,0.9813840389251709,73.50000360403132,1.0,0.6831797210748445,0.4072069525718689,0.5697970390319824,0.015243652276694775,0.0077523402869701385,0.5270758122743683,1.0,0.0,0.6878600269556046,0.5
100.0,0.6727802157402039,0.6550200803212851,0.6438989126911531,0.5956678700361011,0.6688647121191025,1.0,0.0,0.0,0.0,0.0,0.0,1.0,1.0,1.0,1.0,1.0,0.06999216850461225,1.0,0.41995301102767346,0.0,0.0,0.41995301102767346,1.0,0.0,0.0,0.0,0.0,1.0,0.0,0.0,0.0,0.0,1.0,1.0,1.0,1.0,1.0,1.0109975351092262,558967888355.2551,1.0,0.6858718842805939,0.4394100606441498,0.5589678883552551,0.0,0.0016219913959503174,0.5956678700361011,1.0,0.0,0.6688647121191025,0.5
150.0,0.626649796962738,0.6875502008032128,0.6217028561310891,0.6498194945848376,0.6435959173573388,1.0,0.0,0.0,0.0,0.0,0.0,1.0,1.0,1.0,1.0,1.0,0.046610938266705065,1.0,0.2796656296002304,0.0,0.0,0.2796656296002304,1.0,0.0,0.0,0.0,0.0,1.0,0.0,0.0,0.0,0.0,1.0,1.0,1.0,1.0,1.0,0.9985156059265137,361.0587664833034,1.0,0.6877740935728438,0.4442785978317261,0.5494084358215332,0.001521659316495061,0.0047913650050759315,0.6498194945848376,1.0,0.0,0.6435959173573388,0.5
