step,train_step_loss,train_acc,train_loss,val_acc,val_loss,avg_intra_expert_coherence,expert_diversity_e0,expert_diversity_e1,expert_diversity_e2,expert_diversity_e3,expert_diversity_mean,expert_purity_e0,expert_purity_e1,expert_purity_e2,expert_purity_e3,expert_purity_mean,inter_expert_similarity,inter_expert_similarity_e0_e0,inter_expert_similarity_e0_e1,inter_expert_similarity_e0_e2,inter_expert_similarity_e0_e3,inter_expert_similarity_e1_e0,inter_expert_similarity_e1_e1,inter_expert_similarity_e1_e2,inter_expert_similarity_e1_e3,inter_expert_similarity_e2_e0,inter_expert_similarity_e2_e1,inter_expert_similarity_e2_e2,inter_expert_similarity_e2_e3,inter_expert_similarity_e3_e0,inter_expert_similarity_e3_e1,inter_expert_similarity_e3_e2,inter_expert_similarity_e3_e3,intra_expert_coherence_e0,intra_expert_coherence_e1,intra_expert_coherence_e2,intra_expert_coherence_e3,load_cv,load_max_min_ratio,overall_task_conflict_cos,router_entropy,router_load_e0,router_load_e1,router_load_e2,router_load_e3,task_acc__glue_mrpc,task_conflict_t0_t0,task_grad_norm_cv,task_loss__glue_mrpc,utilization_ratio
50.0,0.48369303345680237,0.7251908396946565,0.5172769775857096,0.7377450980392157,0.5103326525825721,1.0,0.0,0.0,0.0,0.0,0.0,1.0,1.0,1.0,1.0,1.0,0.004719904711194851,1.0,0.028319428267169107,0.0,0.0,0.028319428267169107,1.0,0.0,0.0,0.0,0.0,1.0,0.0,0.0,0.0,0.0,1.0,1.0,1.0,1.0,1.0,1.009067416191101,547719180583.95386,1.0,0.6846951690374636,0.45228081941604614,0.5477191805839539,0.0,0.0,0.7377450980392157,1.0,0.0,0.5103326525825721,0.5
100.0,0.4608938694000244,0.8317884405670665,0.45899497892545615,0.8259803921568627,0.46395678245104277,1.0,0.0,0.0,0.0,0.0,0.0,1.0,1.0,1.0,1.0,1.0,0.0042499628175078595,1.0,0.025499776905047157,0.0,0.0,0.025499776905047157,1.0,0.0,0.0,0.0,0.0,1.0,0.0,0.0,0.0,0.0,1.0,1.0,1.0,1.0,1.0,1.0585739542753752,622769534587.8601,1.0,0.6595515608787537,0.37723055481910706,0.6227695345878601,0.0,0.0,0.8259803921568627,1.0,0.0,0.46395678245104277,0.5
150.0,0.6386804133653641,0.8410577971646674,0.4030646025972522,0.8333333333333334,0.4127835086188637,1.0,0.0,0.0,0.0,0.0,0.0,1.0,1.0,1.0,1.0,1.0,0.01517402095554432,1.0,0.09104412573326592,0.0,0.0,0.09104412573326592,1.0,0.0,0.0,0.0,0.0,1.0,0.0,0.0,0.0,0.0,1.0,1.0,1.0,1.0,1.0,1.0475566387176514,610326170921.3257,1.0,0.6666034763934565,0.3896738588809967,0.6103261709213257,0.0,0.0,0.8333333333333334,1.0,0.0,0.4127835086188637,0.5
