step,train_step_loss,train_acc,train_loss,val_acc,val_loss,alignment_reward,l_conflict,l_conflict_e0,l_conflict_e1,l_conflict_e2,l_conflict_e3,router_conflict_grad_l2,router_entropy,router_load_e0,router_load_e1,router_load_e2,router_load_e3
5.0,0.625588446855545,0.6853871319520175,0.626097242080647,0.7107843137254902,0.6148241483248197,0.02907918021082878,-0.02907918021082878,-0.002181906718760729,-0.007796638645231724,-0.009433522820472717,-0.009667111560702324,0.0,1.3403985944448733,0.14237140119075775,0.2731945812702179,0.30238646268844604,0.2820475697517395
