method,seed,step,router_entropy,router_load_e0,router_load_e1,router_load_e2,router_load_e3
ablation,2,5.0,1.3403985944448733,0.14237140119075775,0.2731945812702179,0.30238646268844604,0.2820475697517395
