step,train_step_loss,train_acc,train_loss,val_acc,val_loss,avg_intra_expert_coherence,expert_diversity_e0,expert_diversity_e1,expert_diversity_e2,expert_diversity_e3,expert_diversity_mean,expert_purity_e0,expert_purity_e1,expert_purity_e2,expert_purity_e3,expert_purity_mean,inter_expert_similarity,inter_expert_similarity_e0_e0,inter_expert_similarity_e0_e1,inter_expert_similarity_e0_e2,inter_expert_similarity_e0_e3,inter_expert_similarity_e1_e0,inter_expert_similarity_e1_e1,inter_expert_similarity_e1_e2,inter_expert_similarity_e1_e3,inter_expert_similarity_e2_e0,inter_expert_similarity_e2_e1,inter_expert_similarity_e2_e2,inter_expert_similarity_e2_e3,inter_expert_similarity_e3_e0,inter_expert_similarity_e3_e1,inter_expert_similarity_e3_e2,inter_expert_similarity_e3_e3,intra_expert_coherence_e0,intra_expert_coherence_e1,intra_expert_coherence_e2,intra_expert_coherence_e3,load_cv,load_max_min_ratio,overall_task_conflict_cos,router_entropy,router_load_e0,router_load_e1,router_load_e2,router_load_e3,task_acc__glue_rte,task_conflict_t0_t0,task_grad_norm_cv,task_loss__glue_rte,utilization_ratio
50.0,0.6838987171649933,0.4983935742971888,0.6966880795283195,0.4729241877256318,0.7025071597761579,1.0,0.0,0.0,0.0,0.0,0.0,1.0,1.0,1.0,1.0,1.0,-0.018428410930665395,1.0,0.0,0.0,0.0,0.0,1.0,0.0,-0.11057046558399236,0.0,0.0,1.0,0.0,0.0,-0.11057046558399236,0.0,1.0,1.0,1.0,1.0,1.0,1.7299659895978,999097228050.2319,1.0,0.0072328513925256285,0.0,0.000903068168554455,0.0,0.9990972280502319,0.4729241877256318,1.0,0.0,0.7025071597761579,0.25
100.0,0.7222484052181244,0.4983935742971888,0.693299254660423,0.4729241877256318,0.6943076070812013,1.0,0.0,0.0,0.0,0.0,0.0,1.0,1.0,1.0,1.0,1.0,-0.010247530161908576,1.0,0.0,0.0,0.0,0.0,1.0,0.0,-0.061485180971451454,0.0,0.0,1.0,0.0,0.0,-0.061485180971451454,0.0,1.0,1.0,1.0,1.0,1.0,1.7309061128441163,999504208564.7583,1.0,0.004267656799096493,0.0,0.0004957087803632021,0.0,0.9995042085647583,0.4729241877256318,1.0,0.0,0.6943076070812013,0.25
150.0,0.6800616979598999,0.5016064257028112,0.7152510092044488,0.5270758122743683,0.6999323152833514,1.0,0.0,0.0,0.0,0.0,0.0,1.0,1.0,1.0,1.0,1.0,0.010556650435171669,1.0,0.0,0.0,0.06333990261103001,0.0,1.0,0.0,0.0,0.0,0.0,1.0,0.0,0.06333990261103001,0.0,0.0,1.0,1.0,1.0,1.0,1.0,1.7303196513271748,999250292778.0151,1.0,0.006144822679379357,0.0007497997721657157,0.0,0.0,0.9992502927780151,0.5270758122743683,1.0,0.0,0.6999323152833514,0.25
