step,train_step_loss,train_acc,train_loss,val_acc,val_loss,avg_intra_expert_coherence,expert_diversity_e0,expert_diversity_e1,expert_diversity_e2,expert_diversity_e3,expert_diversity_mean,expert_purity_e0,expert_purity_e1,expert_purity_e2,expert_purity_e3,expert_purity_mean,inter_expert_similarity,inter_expert_similarity_e0_e0,inter_expert_similarity_e0_e1,inter_expert_similarity_e0_e2,inter_expert_similarity_e0_e3,inter_expert_similarity_e1_e0,inter_expert_similarity_e1_e1,inter_expert_similarity_e1_e2,inter_expert_similarity_e1_e3,inter_expert_similarity_e2_e0,inter_expert_similarity_e2_e1,inter_expert_similarity_e2_e2,inter_expert_similarity_e2_e3,inter_expert_similarity_e3_e0,inter_expert_similarity_e3_e1,inter_expert_similarity_e3_e2,inter_expert_similarity_e3_e3,intra_expert_coherence_e0,intra_expert_coherence_e1,intra_expert_coherence_e2,intra_expert_coherence_e3,load_cv,load_max_min_ratio,overall_task_conflict_cos,router_entropy,router_load_e0,router_load_e1,router_load_e2,router_load_e3,task_acc__glue_rte,task_conflict_t0_t0,task_grad_norm_cv,task_loss__glue_rte,utilization_ratio
50.0,0.7121746242046356,0.5016064257028112,0.7031837057608825,0.5270758122743683,0.6928648352622986,1.0,0.0,0.0,0.0,0.0,0.0,1.0,1.0,1.0,1.0,1.0,0.06695731095851994,1.0,0.0,0.0,0.40174386575111964,0.0,1.0,0.0,0.0,0.0,0.0,1.0,0.0,0.40174386575111964,0.0,0.0,1.0,1.0,1.0,1.0,1.0,1.7293548037159912,998832404613.4949,1.0,0.009053311932710964,0.001167875132523477,0.0,0.0,0.9988324046134949,0.5270758122743683,1.0,0.0,0.6928648352622986,0.25
100.0,0.7301912307739258,0.4983935742971888,0.6995620055076404,0.4729241877256318,0.7073885964022743,1.0,0.0,0.0,0.0,0.0,0.0,1.0,1.0,1.0,1.0,1.0,0.061757551802911044,1.0,0.0,0.0,0.3705453108174663,0.0,1.0,0.0,0.0,0.0,0.0,1.0,0.0,0.3705453108174663,0.0,0.0,1.0,1.0,1.0,1.0,1.0,1.7285602799463773,998487591743.4692,1.0,0.011331805051556563,0.0015122265322133899,0.0,0.0,0.9984875917434692,0.4729241877256318,1.0,0.0,0.7073885964022743,0.25
150.0,0.729749858379364,0.5016064257028112,0.6933391621479621,0.5270758122743683,0.6916833834515678,1.0,0.0,0.0,0.0,0.0,0.0,1.0,1.0,1.0,1.0,1.0,0.05668972587531761,1.0,0.0,0.0,0.34013835525190567,0.0,1.0,0.0,0.0,0.0,0.0,1.0,0.0,0.34013835525190567,0.0,0.0,1.0,1.0,1.0,1.0,1.0,1.7259013979552509,997334957122.8027,1.0,0.01845907826070751,0.0026651236694306135,0.0,0.0,0.9973349571228027,0.5270758122743683,1.0,0.0,0.6916833834515678,0.25
