step,train_step_loss,train_acc,train_loss,val_acc,val_loss,avg_intra_expert_coherence,expert_diversity_e0,expert_diversity_e1,expert_diversity_e2,expert_diversity_e3,expert_diversity_mean,expert_purity_e0,expert_purity_e1,expert_purity_e2,expert_purity_e3,expert_purity_mean,inter_expert_similarity,inter_expert_similarity_e0_e0,inter_expert_similarity_e0_e1,inter_expert_similarity_e0_e2,inter_expert_similarity_e0_e3,inter_expert_similarity_e1_e0,inter_expert_similarity_e1_e1,inter_expert_similarity_e1_e2,inter_expert_similarity_e1_e3,inter_expert_similarity_e2_e0,inter_expert_similarity_e2_e1,inter_expert_similarity_e2_e2,inter_expert_similarity_e2_e3,inter_expert_similarity_e3_e0,inter_expert_similarity_e3_e1,inter_expert_similarity_e3_e2,inter_expert_similarity_e3_e3,intra_expert_coherence_e0,intra_expert_coherence_e1,intra_expert_coherence_e2,intra_expert_coherence_e3,load_cv,load_max_min_ratio,overall_task_conflict_cos,router_entropy,router_load_e0,router_load_e1,router_load_e2,router_load_e3,task_acc__glue_rte,task_conflict_t0_t0,task_grad_norm_cv,task_loss__glue_rte,utilization_ratio
50.0,0.6830525994300842,0.4983935742971888,0.6991130536183332,0.4729241877256318,0.7067355844709609,1.0,0.0,0.0,0.0,0.0,0.0,1.0,1.0,1.0,1.0,1.0,0.00921383700949398,1.0,0.0,0.0,0.0,0.0,1.0,0.05528302205696388,0.0,0.0,0.05528302205696388,1.0,0.0,0.0,0.0,0.0,1.0,1.0,1.0,1.0,1.0,1.010388971613523,551095426082.6111,1.0,0.6879165404970465,0.0,0.44890445470809937,0.5510954260826111,0.0,0.4729241877256318,1.0,0.0,0.7067355844709609,0.5
100.0,0.7386347055435181,0.4983935742971888,0.6950306201974551,0.4729241877256318,0.6991536021232605,1.0,0.0,0.0,0.0,0.0,0.0,1.0,1.0,1.0,1.0,1.0,0.012072190689026303,1.0,0.0,0.0,0.0,0.0,1.0,0.07243314413415781,0.0,0.0,0.07243314413415781,1.0,0.0,0.0,0.0,0.0,1.0,1.0,1.0,1.0,1.0,1.0000576972961426,503798127174.37744,1.0,0.6931183338165283,0.0,0.49620187282562256,0.5037981271743774,0.0,0.4729241877256318,1.0,0.0,0.6991536021232605,0.5
150.0,0.7395200133323669,0.4983935742971888,0.6944003502909953,0.4729241877256318,0.6977179149786631,1.0,0.0,0.0,0.0,0.0,0.0,1.0,1.0,1.0,1.0,1.0,0.012906033366667386,1.0,0.0,0.0,0.0,0.0,1.0,0.07743620020000432,0.0,0.0,0.07743620020000432,1.0,0.0,0.0,0.0,0.0,1.0,1.0,1.0,1.0,1.0,1.0511984825134277,614574313163.7573,1.0,0.6666578988305929,0.0,0.3854256570339203,0.6145743131637573,0.0,0.4729241877256318,1.0,0.0,0.6977179149786631,0.5
