step,train_step_loss,train_acc,train_loss,val_acc,val_loss,avg_intra_expert_coherence,expert_diversity_e0,expert_diversity_e1,expert_diversity_e2,expert_diversity_e3,expert_diversity_mean,expert_purity_e0,expert_purity_e1,expert_purity_e2,expert_purity_e3,expert_purity_mean,inter_expert_similarity,inter_expert_similarity_e0_e0,inter_expert_similarity_e0_e1,inter_expert_similarity_e0_e2,inter_expert_similarity_e0_e3,inter_expert_similarity_e1_e0,inter_expert_similarity_e1_e1,inter_expert_similarity_e1_e2,inter_expert_similarity_e1_e3,inter_expert_similarity_e2_e0,inter_expert_similarity_e2_e1,inter_expert_similarity_e2_e2,inter_expert_similarity_e2_e3,inter_expert_similarity_e3_e0,inter_expert_similarity_e3_e1,inter_expert_similarity_e3_e2,inter_expert_similarity_e3_e3,intra_expert_coherence_e0,intra_expert_coherence_e1,intra_expert_coherence_e2,intra_expert_coherence_e3,load_cv,load_max_min_ratio,overall_task_conflict_cos,router_entropy,router_load_e0,router_load_e1,router_load_e2,router_load_e3,task_acc__glue_rte,task_conflict_t0_t0,task_grad_norm_cv,task_loss__glue_rte,utilization_ratio
50.0,0.7359547317028046,0.4983935742971888,0.6962219062523963,0.4729241877256318,0.7014237774742974,1.0,0.0,0.0,0.0,0.0,0.0,1.0,1.0,1.0,1.0,1.0,0.009743611350766018,1.0,0.0,0.0,0.05846166810459611,0.0,1.0,0.0,0.0,0.0,0.0,1.0,0.0,0.05846166810459611,0.0,0.0,1.0,1.0,1.0,1.0,1.0,1.2374275922775269,757688522338.8672,1.0,0.5537297415819409,0.7576885223388672,0.0,0.0,0.242311492562294,0.4729241877256318,1.0,0.0,0.7014237774742974,0.5
100.0,0.8332437574863434,0.4983935742971888,0.6934009923766821,0.4729241877256318,0.6947662714454863,1.0,0.0,0.0,0.0,0.0,0.0,1.0,1.0,1.0,1.0,1.0,0.011090725263778729,1.0,0.06654435158267237,0.0,0.0,0.06654435158267237,1.0,0.0,0.0,0.0,0.0,1.0,0.0,0.0,0.0,0.0,1.0,1.0,1.0,1.0,1.0,1.000110149383545,505249500274.6582,1.0,0.6930920561298136,0.4947504699230194,0.5052495002746582,0.0,0.0,0.4729241877256318,1.0,0.0,0.6947662714454863,0.5
150.0,0.7312589883804321,0.5016064257028112,0.6987655699635164,0.5270758122743683,0.6909134255515205,1.0,0.0,0.0,0.0,0.0,0.0,1.0,1.0,1.0,1.0,1.0,0.013466338096551601,1.0,0.0,0.08079802857930961,0.0,0.0,1.0,0.0,0.0,0.08079802857930961,0.0,1.0,0.0,0.0,0.0,0.0,1.0,1.0,1.0,1.0,1.0,1.096901797509622,659371078014.3738,1.0,0.6414516755389823,0.6593710780143738,0.0,0.3406287133693695,0.0,0.5270758122743683,1.0,0.0,0.6909134255515205,0.5
