step,train_step_loss,train_acc,train_loss,val_acc,val_loss,avg_intra_expert_coherence,expert_diversity_e0,expert_diversity_e1,expert_diversity_e2,expert_diversity_e3,expert_diversity_mean,expert_purity_e0,expert_purity_e1,expert_purity_e2,expert_purity_e3,expert_purity_mean,inter_expert_similarity,inter_expert_similarity_e0_e0,inter_expert_similarity_e0_e1,inter_expert_similarity_e0_e2,inter_expert_similarity_e0_e3,inter_expert_similarity_e1_e0,inter_expert_similarity_e1_e1,inter_expert_similarity_e1_e2,inter_expert_similarity_e1_e3,inter_expert_similarity_e2_e0,inter_expert_similarity_e2_e1,inter_expert_similarity_e2_e2,inter_expert_similarity_e2_e3,inter_expert_similarity_e3_e0,inter_expert_similarity_e3_e1,inter_expert_similarity_e3_e2,inter_expert_similarity_e3_e3,intra_expert_coherence_e0,intra_expert_coherence_e1,intra_expert_coherence_e2,intra_expert_coherence_e3,load_cv,load_max_min_ratio,overall_task_conflict_cos,router_entropy,router_load_e0,router_load_e1,router_load_e2,router_load_e3,task_acc__glue_rte,task_conflict_t0_t0,task_grad_norm_cv,task_loss__glue_rte,utilization_ratio
50.0,0.6752980947494507,0.5100401606425703,0.6903243009096537,0.51985559566787,0.6899897290600671,1.0,0.0,0.0,0.0,0.0,0.0,1.0,1.0,1.0,1.0,1.0,0.03312731791577849,1.0,0.0,0.0,0.0,0.0,1.0,0.0,0.0,0.0,0.0,1.0,0.19876390749467093,0.0,0.0,0.19876390749467093,1.0,1.0,1.0,1.0,1.0,0.9955064058303833,521481335163.11646,1.0,0.6918653408973225,0.0,0.0033298989292234182,0.5214813351631165,0.47518882155418396,0.51985559566787,1.0,0.0,0.6899897290600671,0.5
100.0,0.6805970668792725,0.5859437751004016,0.6845674214836879,0.5126353790613718,0.6893110473950704,1.0,0.0,0.0,0.0,0.0,0.0,1.0,1.0,1.0,1.0,1.0,0.02990763626340581,1.0,0.0,0.0,0.0,0.0,1.0,0.0,0.0,0.0,0.0,1.0,0.17944581758043485,0.0,0.0,0.17944581758043485,1.0,1.0,1.0,1.0,1.0,0.9948969483375549,518156647682.18994,1.0,0.6920597406931303,0.0,0.003348349593579769,0.5181566476821899,0.4784949719905853,0.5126353790613718,1.0,0.0,0.6893110473950704,0.5
150.0,0.6798785030841827,0.5734939759036145,0.680877402310188,0.5595667870036101,0.6921572354104784,1.0,0.0,0.0,0.0,0.0,0.0,1.0,1.0,1.0,1.0,1.0,0.02735727553003391,1.0,0.0,0.0,0.0,0.0,1.0,0.0,0.0,0.0,0.0,1.0,0.16414365318020346,0.0,0.0,0.16414365318020346,1.0,1.0,1.0,1.0,1.0,0.987857460975647,514665305614.47144,1.0,0.6920783321779987,0.0,0.006753872148692608,0.5146653056144714,0.4785808324813843,0.5595667870036101,1.0,0.0,0.6921572354104784,0.5
