ts_epoch,event,phase,completed_jobs,total_jobs,failed_jobs,percent,eta_sec,elapsed_sec
1774401704.6831942,init,,0,0,0,0.0,,1.5974044799804688e-05
1774401704.6834788,pipeline_start,,0,0,0,0.0,,0.0003044605255126953
1774401704.6840677,lock_wait,,0,0,0,0.0,,0.000545501708984375
1774401704.6842813,lock_acquired,,0,0,0,0.0,,0.0011489391326904297
1774401704.684483,method_start,,0,0,0,0.0,,0.0013537406921386719
1774401704.6847346,lock_wait,,0,0,0,0.0,,0.00159454345703125
1774401704.6849377,lock_acquired,,0,0,0,0.0,,0.0018036365509033203
1774401704.6851382,lock_released,,0,0,0,0.0,,0.0020029544830322266
1774401704.6863399,lock_wait,,0,0,0,0.0,,0.0031883716583251953
1774401704.6865551,lock_acquired,,0,0,0,0.0,,0.003415822982788086
1774401704.6867557,plan_add,,0,64,0,0.0,,0.0036187171936035156
1774401704.686952,phase_start,baseline:coord:train.lr,0,64,0,0.0,,0.003816843032836914
1774401718.9371889,group_slots,baseline:coord:train.lr,0,64,0,0.0,,14.253888368606567
1774401718.9377692,group_start,baseline:coord:train.lr,0,64,0,0.0,,14.254273176193237
1774401880.5172355,job_done,baseline:coord:train.lr,1,64,0,1.5625,11077.539303302765,175.83395719528198
1774401886.111793,job_done,baseline:coord:train.lr,2,64,0,3.125,5624.2825520038605,181.42846941947937
1774401887.79986,job_done,baseline:coord:train.lr,3,64,0,4.6875,3723.369829972585,183.11654901504517
1774401888.1021898,job_done,baseline:coord:train.lr,4,64,0,6.25,2751.281930208206,183.41879534721375
1774401888.2207122,job_done,baseline:coord:train.lr,5,64,0,7.8125,2165.7416436195376,183.53742742538452
1774401888.2915523,job_done,baseline:coord:train.lr,6,64,0,9.375,1774.8796430428822,183.60823893547058
1774402031.6538005,job_done,baseline:coord:train.lr,7,64,0,10.9375,2662.4729065213887,326.97035694122314
1774402047.2315018,job_done,baseline:coord:train.lr,8,64,0,12.5,2397.837193965912,342.54817056655884
1774402051.1778212,job_done,baseline:coord:train.lr,9,64,0,14.0625,2117.4665355682373,346.4945240020752
1774402052.7018425,job_done,baseline:coord:train.lr,10,64,0,15.625,1879.2999339580535,348.01850628852844
1774402053.23898,job_done,baseline:coord:train.lr,11,64,0,17.1875,1679.4048182314093,348.55571699142456
1774402053.3147142,job_done,baseline:coord:train.lr,12,64,0,18.75,1510.735840876897,348.6313478946686
1774402182.5056274,job_done,baseline:coord:train.lr,13,64,0,20.3125,1874.5338384554937,477.8223509788513
1774402203.4609158,job_done,baseline:coord:train.lr,14,64,0,21.875,1781.3482403755188,498.77750730514526
1774402213.606044,job_done,baseline:coord:train.lr,15,64,0,23.4375,1662.48092490832,508.92273211479187
1774402215.9358451,job_done,baseline:coord:train.lr,16,64,0,25.0,1533.7530462741854,511.2510154247284
1774402217.147674,job_done,baseline:coord:train.lr,17,64,0,26.5625,1416.8132661791408,512.4643728733063
1774402217.2161446,job_done,baseline:coord:train.lr,18,64,0,28.125,1309.8064781559838,512.5329697132111
1774402333.4782917,job_done,baseline:coord:train.lr,19,64,0,29.6875,1489.251247079749,628.7949709892273
1774402359.6628664,job_done,baseline:coord:train.lr,20,64,0,31.25,1440.9551303863525,654.9796047210693
1774402374.8347857,job_done,baseline:coord:train.lr,21,64,0,32.8125,1372.2149175802867,670.1514713764191
1774402378.617896,job_done,baseline:coord:train.lr,22,64,0,34.375,1286.6023141687567,673.9345455169678
1774402380.265739,job_done,baseline:coord:train.lr,23,64,0,35.9375,1204.2991115943246,675.5824284553528
1774402380.3317738,job_done,baseline:coord:train.lr,24,64,0,37.5,1126.0805010795593,675.6483006477356
1774402489.0592463,job_done,baseline:coord:train.lr,25,64,0,39.0625,1223.6264713668825,784.3759431838989
1774402514.0666356,job_done,baseline:coord:train.lr,26,64,0,40.625,1182.9447346650638,809.3832395076752
1774402533.3441398,job_done,baseline:coord:train.lr,27,64,0,42.1875,1135.5722978821507,828.66086602211
1774402540.1154733,job_done,baseline:coord:train.lr,28,64,0,43.75,1074.126914364951,835.432044506073
1774402543.5588505,job_done,baseline:coord:train.lr,29,64,0,45.3125,1012.4358941357712,838.8754551410675
1774402543.6275086,job_done,baseline:coord:train.lr,30,64,0,46.875,950.8034183343252,838.944192647934
1774402648.6708126,job_done,baseline:coord:train.lr,31,64,0,48.4375,1004.8898812340152,943.9874641895294
1774402668.891835,job_done,baseline:coord:train.lr,32,64,0,50.0,964.208571434021,964.208571434021
1774402691.0794568,job_done,baseline:coord:train.lr,33,64,0,51.5625,926.6145571939873,986.3961415290833
1774402700.677268,job_done,baseline:coord:train.lr,34,64,0,53.125,878.8182009668911,995.9939610958099
1774402706.3677344,job_done,baseline:coord:train.lr,35,64,0,54.6875,829.9671284811837,1001.6844654083252
1774402706.6223423,job_done,baseline:coord:train.lr,36,64,0,56.25,779.2859125402239,1001.9390304088593
1774402809.7122967,job_done,baseline:coord:train.lr,37,64,0,57.8125,806.3724904060365,1105.028968334198
1774402824.4571533,job_done,baseline:coord:train.lr,38,64,0,59.375,766.1611031984029,1119.773920059204
1774402849.898159,job_done,baseline:coord:train.lr,39,64,0,60.9375,734.1120892610305,1145.2148592472076
1774402860.4002135,job_done,baseline:coord:train.lr,40,64,0,62.5,693.4301502227783,1155.7169170379639
1774402867.3740966,job_done,baseline:coord:train.lr,41,64,0,64.0625,652.2411919628702,1162.6908204555511
1774402867.612246,job_done,baseline:coord:train.lr,42,64,0,65.625,609.1532932803744,1162.9290144443512
1774402969.2377114,job_done,baseline:coord:train.lr,43,64,0,67.1875,617.5730747455774,1264.5543911457062
1774402981.3366506,job_done,baseline:coord:train.lr,44,64,0,68.75,580.2969918467782,1276.653382062912
1774403009.2786615,job_done,baseline:coord:train.lr,45,64,0,70.3125,550.8291484938727,1304.5953516960144
1774403020.5531235,job_done,baseline:coord:train.lr,46,64,0,71.875,514.9055914878845,1315.8698449134827
1774403028.4508245,job_done,baseline:coord:train.lr,47,64,0,73.4375,478.809543842965,1323.7675623893738
1774403028.5670269,job_done,baseline:coord:train.lr,48,64,0,75.0,441.29456647237146,1323.8836994171143
1774403128.4515288,job_done,baseline:coord:train.lr,49,64,0,76.5625,435.84740784703473,1423.76819896698
1774403141.0687497,job_done,baseline:coord:train.lr,50,64,0,78.125,402.1879198932648,1436.3854281902313
1774403167.5299594,job_done,baseline:coord:train.lr,51,64,0,79.6875,372.88247768084204,1462.8466432094574
1774403179.0195653,job_done,baseline:coord:train.lr,52,64,0,81.25,340.2314417178814,1474.3362474441528
1774403190.8717449,job_done,baseline:coord:train.lr,53,64,0,82.8125,308.45421256209323,1486.1884787082672
1774403190.9382908,job_done,baseline:coord:train.lr,54,64,0,84.375,275.23240076171027,1486.2549641132355
1774403287.4354334,job_done,baseline:coord:train.lr,55,64,0,85.9375,258.9958100015467,1582.7521722316742
1774403299.901891,job_done,baseline:coord:train.lr,56,64,0,87.5,227.88836945806233,1595.2185862064362
1774403326.2778783,job_done,baseline:coord:train.lr,57,64,0,89.0625,199.14319724785653,1621.5946061611176
1774403338.021546,job_done,baseline:coord:train.lr,58,64,0,90.625,168.96602592797115,1633.3382506370544
1774403352.5730255,job_done,baseline:coord:train.lr,59,64,0,92.1875,139.65166920322483,1647.889696598053
1774403352.6431186,job_done,baseline:coord:train.lr,60,64,0,93.75,109.86399523417155,1647.9599285125732
1774403417.1336575,job_done,baseline:coord:train.lr,61,64,0,95.3125,84.21887292236578,1712.4504160881042
1774403423.6850903,job_done,baseline:coord:train.lr,62,64,0,96.875,55.45167049284904,1719.0017852783203
1774403433.0601385,job_done,baseline:coord:train.lr,63,64,0,98.4375,27.434554137880838,1728.376910686493
1774403436.0830448,job_done,baseline:coord:train.lr,64,64,0,100.0,,1731.399670600891
1774403436.0974429,group_end,baseline:coord:train.lr,64,64,0,100.0,,1731.4005658626556
1774403436.0978184,phase_end,,64,64,0,100.0,,1731.4145545959473
1774403436.955311,lock_released,,64,64,0,100.0,,1732.2720184326172
1774403436.959171,lock_wait,,64,64,0,100.0,,1732.275898218155
1774403436.9596052,lock_acquired,,64,64,0,100.0,,1732.2763526439667
1774403436.9599779,plan_add,,64,128,0,50.0,1732.2767276763914,1732.2767276763916
1774403436.960364,phase_start,baseline:coord:train.weight_decay,64,128,0,50.0,1732.2771019935608,1732.2771019935608
1774403451.2379613,group_slots,baseline:coord:train.weight_decay,64,128,0,50.0,1746.554678440094,1746.554678440094
1774403451.2382338,group_start,baseline:coord:train.weight_decay,64,128,0,50.0,1746.555059194565,1746.5550591945648
1774403622.8478854,job_done,baseline:coord:train.weight_decay,65,128,0,50.78125,1859.1440499159005,1918.1644959449768
1774403622.9975147,job_done,baseline:coord:train.weight_decay,66,128,0,51.5625,1802.0523016741784,1918.313740491867
1774403623.7547836,job_done,baseline:coord:train.weight_decay,67,128,0,52.34375,1747.2143848831975,1919.0715374946594
1774403623.811084,job_done,baseline:coord:train.weight_decay,68,128,0,53.125,1693.3480464009679,1919.1277859210968
1774403624.2903168,job_done,baseline:coord:train.weight_decay,69,128,0,53.90625,1641.4031353687894,1919.6070566177368
1774403624.3411481,job_done,baseline:coord:train.weight_decay,70,128,0,54.6875,1590.573674229213,1919.6578826904297
1774403788.0764694,job_done,baseline:coord:train.weight_decay,71,128,0,55.46875,1672.5831097146154,2083.3929963111877
1774403788.4088886,job_done,baseline:coord:train.weight_decay,72,128,0,56.25,1620.6754672262402,2083.725600719452
1774403790.5675385,job_done,baseline:coord:train.weight_decay,73,128,0,57.03125,1571.5566214470014,2085.8842430114746
1774403790.7160416,job_done,baseline:coord:train.weight_decay,74,128,0,57.8125,1522.2401770707722,2086.0328352451324
1774403790.955988,job_done,baseline:coord:train.weight_decay,75,128,0,58.59375,1474.299391565323,2086.2727239131927
1774403791.061533,job_done,baseline:coord:train.weight_decay,76,128,0,59.375,1427.5219478858146,2086.378231525421
1774403948.334658,job_done,baseline:coord:train.weight_decay,77,128,0,60.15625,1486.0547580595141,2243.651301383972
1774403949.4512022,job_done,baseline:coord:train.weight_decay,78,128,0,60.9375,1438.953683926509,2244.767746925354
1774403955.4624977,job_done,baseline:coord:train.weight_decay,79,128,0,61.71875,1396.0528977581216,2250.7791616916656
1774403955.5976596,job_done,baseline:coord:train.weight_decay,80,128,0,62.5,1350.5486380577088,2250.914396762848
1774403955.7484252,job_done,baseline:coord:train.weight_decay,81,128,0,63.28125,1306.1735387496005,2251.065034866333
1774403955.8296616,job_done,baseline:coord:train.weight_decay,82,128,0,64.0625,1262.8381328931669,2251.146236896515
1774404103.6500576,job_done,baseline:coord:train.weight_decay,83,128,0,64.84375,1300.6446561468654,2398.9668102264404
1774404104.807985,job_done,baseline:coord:train.weight_decay,84,128,0,65.625,1257.2081661110833,2400.1246807575226
1774404117.0744412,job_done,baseline:coord:train.weight_decay,85,128,0,66.40625,1220.3860887415267,2412.3911056518555
1774404119.808085,job_done,baseline:coord:train.weight_decay,86,128,0,67.1875,1179.4795525406682,2415.1247980594635
1774404119.9028099,job_done,baseline:coord:train.weight_decay,87,128,0,67.96875,1138.2069484749059,2415.219622373581
1774404119.9818506,job_done,baseline:coord:train.weight_decay,88,128,0,68.75,1097.8630316257477,2415.298669576645
1774404258.8822093,job_done,baseline:coord:train.weight_decay,89,128,0,69.53125,1119.2556011060651,2554.198679447174
1774404260.1359637,job_done,baseline:coord:train.weight_decay,90,128,0,70.3125,1078.9689152187773,2555.452693939209
1774404276.8242354,job_done,baseline:coord:train.weight_decay,91,128,0,71.09375,1045.8154914667318,2572.140803337097
1774404283.4499655,job_done,baseline:coord:train.weight_decay,92,128,0,71.875,1009.082600666129,2578.7666461467743
1774404284.01681,job_done,baseline:coord:train.weight_decay,93,128,0,72.65625,970.7169240008118,2579.333540916443
1774404284.0820458,job_done,baseline:coord:train.weight_decay,94,128,0,73.4375,932.9740459918976,2579.3988330364227
1774404414.6744199,job_done,baseline:coord:train.weight_decay,95,128,0,74.21875,941.3604636292708,2709.9770922660828
1774404416.8688054,job_done,baseline:coord:train.weight_decay,96,128,0,75.0,904.0618387063345,2712.1855161190033
1774404434.0497735,job_done,baseline:coord:train.weight_decay,97,128,0,75.78125,872.2717711335605,2729.3665096759796
1774404445.324097,job_done,baseline:coord:train.weight_decay,98,128,0,76.5625,838.9716727393013,2740.6407976150513
1774404446.6359012,job_done,baseline:coord:train.weight_decay,99,128,0,77.34375,803.1981454329058,2741.952289581299
1774404446.7031145,job_done,baseline:coord:train.weight_decay,100,128,0,78.125,767.7655300331115,2742.0197501182556
1774404571.8248205,job_done,baseline:coord:train.weight_decay,101,128,0,78.90625,766.4635554752728,2867.1414482593536
1774404574.6093743,job_done,baseline:coord:train.weight_decay,102,128,0,79.6875,731.5497735481636,2869.9260346889496
1774404591.533257,job_done,baseline:coord:train.weight_decay,103,128,0,80.46875,700.6917100508236,2886.8498454093933
1774404606.8451498,job_done,baseline:coord:train.weight_decay,104,128,0,81.25,669.7296712765326,2902.161908864975
1774404609.1970856,job_done,baseline:coord:train.weight_decay,105,128,0,82.03125,636.2268402985164,2904.513836145401
1774404609.439689,job_done,baseline:coord:train.weight_decay,106,128,0,82.8125,602.8739794830105,2904.7564465999603
1774404728.6038733,job_done,baseline:coord:train.weight_decay,107,128,0,83.59375,593.479737689562,3023.920568227768
1774404731.9541335,job_done,baseline:coord:train.weight_decay,108,128,0,84.375,560.6056885366087,3027.2707180976868
1774404748.8371415,job_done,baseline:coord:train.weight_decay,109,128,0,85.15625,530.6323231141502,3044.1538536548615
1774404768.6036687,job_done,baseline:coord:train.weight_decay,110,128,0,85.9375,501.3687630219893,3063.9202184677124
1774404772.4946072,job_done,baseline:coord:train.weight_decay,111,128,0,86.71875,469.84492345328806,3067.8109707832336
1774404772.5593092,job_done,baseline:coord:train.weight_decay,112,128,0,87.5,438.2679988997323,3067.875992298126
1774404887.06019,job_done,baseline:coord:train.weight_decay,113,128,0,88.28125,422.43940760604045,3182.3768706321716
1774404888.356702,job_done,baseline:coord:train.weight_decay,114,128,0,89.0625,390.9774343172709,3183.673393726349
1774404905.2961452,job_done,baseline:coord:train.weight_decay,115,128,0,89.84375,361.8084060523821,3200.6128227710724
1774404928.7315583,job_done,baseline:coord:train.weight_decay,116,128,0,90.625,333.52223016475807,3224.048224925995
1774404934.9850166,job_done,baseline:coord:train.weight_decay,117,128,0,91.40625,303.70358402301105,3230.301757335663
1774404935.2657447,job_done,baseline:coord:train.weight_decay,118,128,0,92.1875,273.77817810592,3230.5825016498566
1774405047.0352883,job_done,baseline:coord:train.weight_decay,119,128,0,92.96875,252.7829238286539,3342.3519928455353
1774405049.20753,job_done,baseline:coord:train.weight_decay,120,128,0,93.75,222.96828090349834,3344.524213552475
1774405058.0292375,job_done,baseline:coord:train.weight_decay,121,128,0,94.53125,193.9952204897384,3353.345954179764
1774405086.7451766,job_done,baseline:coord:train.weight_decay,122,128,0,95.3125,166.33091145656147,3382.0618662834167
1774405098.4820356,job_done,baseline:coord:train.weight_decay,123,128,0,96.09375,137.95929755621808,3393.798719882965
1774405098.5517898,job_done,baseline:coord:train.weight_decay,124,128,0,96.875,109.47963155469587,3393.868578195572
1774405173.542638,job_done,baseline:coord:train.weight_decay,125,128,0,97.65625,83.25262076568603,3468.8591985702515
1774405174.7837203,job_done,baseline:coord:train.weight_decay,126,128,0,98.4375,55.08095712888809,3470.1002991199493
1774405177.739154,job_done,baseline:coord:train.weight_decay,127,128,0,99.21875,27.346896618369996,3473.0558705329895
1774405184.0510278,job_done,baseline:coord:train.weight_decay,128,128,0,100.0,,3479.367730617523
1774405184.0654726,group_end,baseline:coord:train.weight_decay,128,128,0,100.0,,3479.368748664856
1774405184.0658484,phase_end,,128,128,0,100.0,,3479.3825845718384
1774405184.8954444,lock_released,,128,128,0,100.0,,3480.2121357917786
1774405184.8994834,lock_wait,,128,128,0,100.0,,3480.216215133667
1774405184.8999279,lock_acquired,,128,128,0,100.0,,3480.2166805267334
1774405184.900332,plan_add,,128,192,0,66.66666666666667,1740.1085323095324,3480.2170646190643
1774405184.900711,phase_start,baseline:coord:train.grad_clip,128,192,0,66.66666666666667,1740.108728289604,3480.2174565792084
1774405199.1185694,group_slots,baseline:coord:train.grad_clip,128,192,0,66.66666666666667,1747.2176288366315,3494.4352576732635
1774405199.1188319,group_start,baseline:coord:train.grad_clip,128,192,0,66.66666666666667,1747.2178330421448,3494.4356660842896
1774405361.1755495,job_done,baseline:coord:train.grad_clip,129,192,0,67.1875,1785.7286988358164,3656.4920976161957
1774405366.6285336,job_done,baseline:coord:train.grad_clip,130,192,0,67.70833333333333,1746.4659079221578,3661.9446456432343
1774405367.4754188,job_done,baseline:coord:train.grad_clip,131,192,0,68.22916666666667,1705.5748915745103,3662.791980266571
1774405367.816513,job_done,baseline:coord:train.grad_clip,132,192,0,68.75,1665.0605523586273,3663.13321518898
1774405367.9577758,job_done,baseline:coord:train.grad_clip,133,192,0,69.27083333333333,1625.061606292438,3663.274468421936
1774405368.0825438,job_done,baseline:coord:train.grad_clip,134,192,0,69.79166666666667,1585.6503720176754,3663.399135351181
1774405513.9600964,job_done,baseline:coord:train.grad_clip,135,192,0,70.3125,1608.3613019307454,3809.276767730713
1774405528.7590644,job_done,baseline:coord:train.grad_clip,136,192,0,70.83333333333333,1574.6194466422585,3824.0757989883423
1774405530.8122017,job_done,baseline:coord:train.grad_clip,137,192,0,71.35416666666667,1536.0369854077808,3826.128490924835
1774405532.6414344,job_done,baseline:coord:train.grad_clip,138,192,0,71.875,1497.896665210309,3827.958144426346
1774405532.905631,job_done,baseline:coord:train.grad_clip,139,192,0,72.39583333333333,1459.6819321920545,3828.2224259376526
1774405532.9679296,job_done,baseline:coord:train.grad_clip,140,192,0,72.91666666666667,1421.9342923164368,3828.2846331596375
1774405663.2427347,job_done,baseline:coord:train.grad_clip,141,192,0,73.4375,1431.819364633966,3958.5594198703766
1774405687.8457816,job_done,baseline:coord:train.grad_clip,142,192,0,73.95833333333333,1402.522017082698,3983.162528514862
1774405693.5034711,job_done,baseline:coord:train.grad_clip,143,192,0,74.47916666666667,1366.7984990139942,3988.8201093673706
1774405696.339426,job_done,baseline:coord:train.grad_clip,144,192,0,75.0,1330.5520173708599,3991.6560521125793
1774405696.7127616,job_done,baseline:coord:train.grad_clip,145,192,0,75.52083333333333,1293.9681661457853,3992.029448747635
1774405696.8519404,job_done,baseline:coord:train.grad_clip,146,192,0,76.04166666666667,1257.8065902272317,3992.1687428951263
1774405813.8979187,job_done,baseline:coord:train.grad_clip,147,192,0,76.5625,1257.9228214341767,4109.214550018311
1774405843.3221018,job_done,baseline:coord:train.grad_clip,148,192,0,77.08333333333333,1230.4061393415604,4138.638832330704
1774405854.1935372,job_done,baseline:coord:train.grad_clip,149,192,0,77.60416666666667,1197.5096578614023,4149.510209798813
1774405859.9587195,job_done,baseline:coord:train.grad_clip,150,192,0,78.125,1163.477128868103,4155.275460243225
1774405860.870977,job_done,baseline:coord:train.grad_clip,151,192,0,78.64583333333333,1128.5012889145225,4156.187673807144
1774405860.940458,job_done,baseline:coord:train.grad_clip,152,192,0,79.16666666666667,1093.7518669429578,4156.25709438324
1774405970.864752,job_done,baseline:coord:train.grad_clip,153,192,0,79.6875,1087.4580118375666,4266.181431055069
1774405999.3780138,job_done,baseline:coord:train.grad_clip,154,192,0,80.20833333333333,1059.7298793359234,4294.694774150848
1774406012.4001503,job_done,baseline:coord:train.grad_clip,155,192,0,80.72916666666667,1028.293697183363,4307.716839551926
1774406021.5153534,job_done,baseline:coord:train.grad_clip,156,192,0,81.25,996.1920237174402,4316.832102775574
1774406023.780076,job_done,baseline:coord:train.grad_clip,157,192,0,81.77083333333333,962.8559723097807,4319.096790075302
1774406023.8517232,job_done,baseline:coord:train.grad_clip,158,192,0,82.29166666666667,929.4412639261801,4319.168226480484
1774406130.88501,job_done,baseline:coord:train.grad_clip,159,192,0,82.8125,918.6456374267362,4426.201707601547
1774406154.826513,job_done,baseline:coord:train.grad_clip,160,192,0,83.33333333333333,890.0286516666412,4450.143258333206
1774406169.4856925,job_done,baseline:coord:train.grad_clip,161,192,0,83.85416666666667,859.6824498028489,4464.802400588989
1774406183.2827709,job_done,baseline:coord:train.grad_clip,162,192,0,84.375,829.3702847869308,4478.599537849426
1774406187.4659946,job_done,baseline:coord:train.grad_clip,163,192,0,84.89583333333333,797.550303244152,4482.7827389240265
1774406187.5462334,job_done,baseline:coord:train.grad_clip,164,192,0,85.41666666666667,765.3668461950814,4482.862956285477
1774406291.2420897,job_done,baseline:coord:train.grad_clip,165,192,0,85.9375,750.5277998100627,4586.55877661705
1774406310.2287083,job_done,baseline:coord:train.grad_clip,166,192,0,86.45833333333333,721.3504907826343,4605.545441150665
1774406326.941745,job_done,baseline:coord:train.grad_clip,167,192,0,86.97916666666667,691.9548551122585,4622.258432149887
1774406344.7323897,job_done,baseline:coord:train.grad_clip,168,192,0,87.5,662.8641615595137,4640.0491309165955
1774406349.9249947,job_done,baseline:coord:train.grad_clip,169,192,0,88.02083333333333,632.1926499894385,4645.24164557457
1774406349.9890609,job_done,baseline:coord:train.grad_clip,170,192,0,88.54166666666667,601.1572181168725,4645.305776357651
1774406450.510415,job_done,baseline:coord:train.grad_clip,171,192,0,89.0625,582.820873779163,4745.827115058899
1774406466.5372064,job_done,baseline:coord:train.grad_clip,172,192,0,89.58333333333333,553.703932762146,4761.853821754456
1774406485.6866484,job_done,baseline:coord:train.grad_clip,173,192,0,90.10416666666667,525.0812817791294,4781.003249883652
1774406505.3121545,job_done,baseline:coord:train.grad_clip,174,192,0,90.625,496.6167805934774,4800.628879070282
1774406511.8562832,job_done,baseline:coord:train.grad_clip,175,192,0,91.14583333333333,466.98251787866866,4807.1729781627655
1774406511.928625,job_done,baseline:coord:train.grad_clip,176,192,0,91.66666666666667,437.02229837937784,4807.245282173157
1774406609.5869389,job_done,baseline:coord:train.grad_clip,177,192,0,92.1875,415.6698059631607,4904.903710365295
1774406625.0560632,job_done,baseline:coord:train.grad_clip,178,192,0,92.70833333333333,386.9956075100416,4920.372724056244
1774406643.751689,job_done,baseline:coord:train.grad_clip,179,192,0,93.22916666666667,358.70329422790905,4939.068435907364
1774406665.244103,job_done,baseline:coord:train.grad_clip,180,192,0,93.75,330.70405330657957,4960.560799598694
1774406673.605362,job_done,baseline:coord:train.grad_clip,181,192,0,94.27083333333333,301.97868544093814,4968.9220058918
1774406673.9746587,job_done,baseline:coord:train.grad_clip,182,192,0,94.79166666666667,273.03798826186215,4969.2913863658905
1774406768.8435302,job_done,baseline:coord:train.grad_clip,183,192,0,95.3125,249.05705818973607,5064.160183191299
1774406784.4412923,job_done,baseline:coord:train.grad_clip,184,192,0,95.83333333333333,220.85903841516247,5079.757883548737
1774406801.628225,job_done,baseline:coord:train.grad_clip,185,192,0,96.35416666666667,192.85737485756744,5096.944906949997
1774406824.9851282,job_done,baseline:coord:train.grad_clip,186,192,0,96.875,165.17102595298522,5120.3018045425415
1774406835.5420666,job_done,baseline:coord:train.grad_clip,187,192,0,97.39583333333333,137.1887389797578,5130.858837842941
1774406835.7812881,job_done,baseline:coord:train.grad_clip,188,192,0,97.91666666666667,109.17229859372404,5131.098033905029
1774406899.3204658,job_done,baseline:coord:train.grad_clip,189,192,0,98.4375,82.45455771400815,5194.637135982513
1774406907.5072095,job_done,baseline:coord:train.grad_clip,190,192,0,98.95833333333333,54.766566344311364,5202.8238027095795
1774406913.482543,job_done,baseline:coord:train.grad_clip,191,192,0,99.47916666666667,27.271200162578,5208.799231052399
1774406919.0476196,job_done,baseline:coord:train.grad_clip,192,192,0,100.0,,5214.36420083046
1774406919.048341,group_end,baseline:coord:train.grad_clip,192,192,0,100.0,,5214.365060329437
1774406919.0486796,phase_end,,192,192,0,100.0,,5214.36545085907
1774406920.0107043,lock_released,,192,192,0,100.0,,5215.327424764633
1774406920.0148897,lock_wait,,192,192,0,100.0,,5215.331623315811
1774406920.015302,lock_acquired,,192,192,0,100.0,,5215.332070589066
1774406920.0156703,plan_add,,192,246,0,78.04878048780488,1466.8122469112275,5215.332433462143
1774406920.016018,phase_start,baseline:local_var_topk,192,246,0,78.04878048780488,1466.8123452812433,5215.3327832221985
1774406934.2478552,group_slots,baseline:local_var_topk,192,246,0,78.04878048780488,1470.8150298669934,5229.564550638199
1774406934.2481072,group_start,baseline:local_var_topk,192,246,0,78.04878048780488,1470.815139837563,5229.564941644669
1774407101.4919436,job_done,baseline:local_var_topk,193,246,0,78.45528455284553,1482.025182486816,5396.808683395386
1774407106.1997511,job_done,baseline:local_var_topk,194,246,0,78.86178861788618,1447.8291246866443,5401.5163497924805
1774407106.317866,job_done,baseline:local_var_topk,195,246,0,79.26829268292683,1412.7352242579825,5401.634680986404
1774407106.6678877,job_done,baseline:local_var_topk,196,246,0,79.67479674796748,1378.0573041463383,5401.984632253647
1774407106.7844489,job_done,baseline:local_var_topk,197,246,0,80.08130081300813,1343.6698329920696,5402.101165294647
1774407106.839917,job_done,baseline:local_var_topk,198,246,0,80.48780487804878,1309.6137518449264,5402.156726360321
1774407257.4399521,job_done,baseline:local_var_topk,199,246,0,80.89430894308943,1311.4550948286776,5552.756678104401
1774407270.8544106,job_done,baseline:local_var_topk,200,246,0,81.30081300813008,1280.2193261623381,5566.170983314514
1774407271.5766652,job_done,baseline:local_var_topk,201,246,0,81.70731707317073,1246.3194047159225,5566.893341064453
1774407272.3593194,job_done,baseline:local_var_topk,202,246,0,82.11382113821138,1212.7610945512752,5567.675934076309
1774407272.621108,job_done,baseline:local_var_topk,203,246,0,82.52032520325203,1179.4153995290767,5567.9378163814545
1774407272.6920729,job_done,baseline:local_var_topk,204,246,0,82.92682926829268,1146.3547692439136,5568.008879184723
1774407406.0803957,job_done,baseline:local_var_topk,205,246,0,83.33333333333333,1140.2794138431548,5701.3970692157745
1774407434.2498643,job_done,baseline:local_var_topk,206,246,0,83.73983739837398,1112.5371986685448,5729.566573143005
1774407435.5322785,job_done,baseline:local_var_topk,207,246,0,84.14634146341463,1079.7251653740373,5730.848954677582
1774407436.70929,job_done,baseline:local_var_topk,208,246,0,84.55284552845528,1047.1970596130077,5732.026010513306
1774407437.2862575,job_done,baseline:local_var_topk,209,246,0,84.95934959349593,1014.8627302715082,5732.602989912033
1774407437.366153,job_done,baseline:local_var_topk,210,246,0,85.36585365853658,982.7456537655422,5732.682980298996
1774407551.2592006,job_done,baseline:local_var_topk,211,246,0,85.77235772357723,969.8111678243249,5846.575897455215
1774407595.1875274,job_done,baseline:local_var_topk,212,246,0,86.17886178861788,944.7035104621131,5890.504241704941
1774407597.343442,job_done,baseline:local_var_topk,213,246,0,86.58536585365853,912.9473514388984,5892.6601774692535
1774407599.656071,job_done,baseline:local_var_topk,214,246,0,86.99186991869918,881.4912571416837,5894.97278213501
1774407601.1528542,job_done,baseline:local_var_topk,215,246,0,87.39837398373983,850.1886313316435,5896.469539880753
1774407601.4099002,job_done,baseline:local_var_topk,216,246,0,87.8048780487805,818.9898128310839,5896.726652383804
1774407706.3348536,job_done,baseline:local_var_topk,217,246,0,88.21138211382114,802.0640313976921,6001.651545286179
1774407753.4301302,job_done,baseline:local_var_topk,218,246,0,88.6178861788618,776.9032646494175,6048.746846199036
1774407758.7651699,job_done,baseline:local_var_topk,219,246,0,89.02439024390245,746.3936475433715,6054.081807851791
1774407761.7996566,job_done,baseline:local_var_topk,220,246,0,89.4308943089431,715.8409989140251,6057.116144657135
1774407763.5557191,job_done,baseline:local_var_topk,221,246,0,89.83739837398375,685.3928103436173,6058.872443437576
1774407763.8221693,job_done,baseline:local_var_topk,222,246,0,90.2439024390244,655.0420346131195,6059.138820171356
1774407866.0337808,job_done,baseline:local_var_topk,223,246,0,90.65040650406505,635.4755885857637,6161.350271940231
1774407910.396227,job_done,baseline:local_var_topk,224,246,0,91.0569105691057,609.4896567932198,6205.712869167328
1774407918.9839292,job_done,baseline:local_var_topk,225,246,0,91.46341463414635,580.0013863341013,6214.300567865372
1774407924.0848951,job_done,baseline:local_var_topk,226,246,0,91.869918699187,550.3895195395546,6219.401570796967
1774407925.106696,job_done,baseline:local_var_topk,227,246,0,92.27642276422765,520.652178189828,6220.423392057419
1774407925.387211,job_done,baseline:local_var_topk,228,246,0,92.6829268292683,491.10820414518054,6220.703919172287
1774408025.3757882,job_done,baseline:local_var_topk,229,246,0,93.08943089430895,469.22171426548186,6320.692503929138
1774408067.9259436,job_done,baseline:local_var_topk,230,246,0,93.4959349593496,442.6603515956713,6363.242554187775
1774408078.0946407,job_done,baseline:local_var_topk,231,246,0,93.90243902439025,413.85786963747694,6373.411192417145
1774408085.2328327,job_done,baseline:local_var_topk,232,246,0,94.3089430894309,385.0331543601792,6380.549415111542
1774408086.8834417,job_done,baseline:local_var_topk,233,246,0,94.71544715447155,356.08841231247897,6382.2000052928925
1774408086.954054,job_done,baseline:local_var_topk,234,246,0,95.1219512195122,327.29593424919324,6382.270717859268
1774408183.9864986,job_done,baseline:local_var_topk,235,246,0,95.52845528455285,303.2865305677373,6479.303153038025
1774408226.2652764,job_done,baseline:local_var_topk,236,246,0,95.9349593495935,276.3382195618193,6521.581981658936
1774408236.8100839,job_done,baseline:local_var_topk,237,246,0,96.34146341463415,248.05492229099517,6532.112953662872
1774408246.0799534,job_done,baseline:local_var_topk,238,246,0,96.7479674796748,219.8788761812098,6541.396566390991
1774408248.5042791,job_done,baseline:local_var_topk,239,246,0,97.15447154471545,191.66002597469665,6543.820886850357
1774408248.625191,job_done,baseline:local_var_topk,240,246,0,97.5609756097561,163.59854833483698,6543.941933393478
1774408342.4531567,job_done,baseline:local_var_topk,241,246,0,97.96747967479675,137.7130677146041,6637.769863843918
1774408378.4255445,job_done,baseline:local_var_topk,242,246,0,98.3739837398374,110.30978970882322,6673.742277383804
1774408386.6816676,job_done,baseline:local_var_topk,243,246,0,98.78048780487805,82.4938069773309,6681.998365163803
1774408393.0267472,job_done,baseline:local_var_topk,244,246,0,99.1869918699187,54.822487055278216,6688.343420743942
1774408394.3450096,job_done,baseline:local_var_topk,245,246,0,99.59349593495935,27.30474168232509,6689.661712169647
1774408394.4991689,job_done,baseline:local_var_topk,246,246,0,100.0,,6689.8160173892975
1774408394.4997604,group_end,baseline:local_var_topk,246,246,0,100.0,,6689.816529035568
1774408394.4999406,phase_end,,246,246,0,100.0,,6689.816812038422
1774408395.3105273,lock_released,,246,246,0,100.0,,6690.627353668213
1774408395.3185747,method_done,,246,246,0,100.0,,6690.635447740555
1774408395.3187668,method_start,,246,246,0,100.0,,6690.635634183884
1774408395.3190105,lock_wait,,246,246,0,100.0,,6690.63588309288
1774408395.3192084,lock_acquired,,246,246,0,100.0,,6690.636085033417
1774408395.3194067,lock_released,,246,246,0,100.0,,6690.636271953583
1774408395.3207061,lock_wait,,246,246,0,100.0,,6690.637451410294
1774408395.321092,lock_acquired,,246,246,0,100.0,,6690.637854576111
1774408395.3214836,plan_add,,246,286,0,86.01398601398601,1087.908651615546,6690.638207435608
1774408395.3218362,phase_start,cagrad:coord:train.lr,246,286,0,86.01398601398601,1087.9087158916443,6690.638602733612
1774408410.826389,group_slots,cagrad:coord:train.lr,246,286,0,86.01398601398601,1090.429769376429,6706.143081665039
1774408410.8267581,group_start,cagrad:coord:train.lr,246,286,0,86.01398601398601,1090.4298347380104,6706.143483638763
1774408639.0042934,job_done,cagrad:coord:train.lr,247,286,0,86.36363636363636,1094.8927892634742,6934.320998668671
1774408649.4327822,job_done,cagrad:coord:train.lr,248,286,0,86.7132867132867,1064.114835916027,6944.749455451965
1774408650.2189636,job_done,cagrad:coord:train.lr,249,286,0,87.06293706293707,1032.0675448643633,6945.535639762878
1774408650.3703635,job_done,cagrad:coord:train.lr,250,286,0,87.41258741258741,1000.1789271125793,6945.686993837357
1774408650.7435584,job_done,cagrad:coord:train.lr,251,286,0,87.76223776223776,968.574149556369,6946.060329675674
1774408650.8509893,job_done,cagrad:coord:train.lr,252,286,0,88.1118881118881,937.1813691911244,6946.167795181274
1774408822.3240528,job_done,cagrad:coord:train.lr,253,286,0,88.46153846153847,928.3879014512768,7117.640577793121
1774408873.8585172,job_done,cagrad:coord:train.lr,254,286,0,88.81118881118881,903.203157920537,7169.175065994263
1774408879.561014,job_done,cagrad:coord:train.lr,255,286,0,89.16083916083916,872.2400310852948,7174.8776750564575
1774408880.0157874,job_done,cagrad:coord:train.lr,256,286,0,89.5104895104895,840.8592744916677,7175.332475662231
1774408880.2816322,job_done,cagrad:coord:train.lr,257,286,0,89.86013986013987,809.6978673248439,7175.598341464996
1774408880.342969,job_done,cagrad:coord:train.lr,258,286,0,90.20979020979021,778.753771626672,7175.659752845764
1774409037.5211616,job_done,cagrad:coord:train.lr,259,286,0,90.55944055944056,764.4271150914859,7332.837881803513
1774409061.0998673,job_done,cagrad:coord:train.lr,260,286,0,90.9090909090909,735.6416540145874,7356.416540145874
1774409106.4616015,job_done,cagrad:coord:train.lr,261,286,0,91.25874125874125,708.9825516916326,7401.7778396606445
1774409107.038745,job_done,cagrad:coord:train.lr,262,286,0,91.60839160839161,678.078352520484,7402.355348348618
1774409108.4530656,job_done,cagrad:coord:train.lr,263,286,0,91.95804195804196,647.4779645018705,7403.769767999649
1774409108.8847418,job_done,cagrad:coord:train.lr,264,286,0,92.3076923076923,617.0167871514956,7404.201445817947
1774409244.4362125,job_done,cagrad:coord:train.lr,265,286,0,92.65734265734265,597.4898562035471,7539.752947330475
1774409264.4547663,job_done,cagrad:coord:train.lr,266,286,0,93.00699300699301,568.4038535992902,7559.77125287056
1774409325.9899833,job_done,cagrad:coord:train.lr,267,286,0,93.35664335664336,542.3401684153839,7621.306577205658
1774409332.2888472,job_done,cagrad:coord:train.lr,268,286,0,93.7062937062937,512.301854236802,7627.605385303497
1774409333.8350945,job_done,cagrad:coord:train.lr,269,286,0,94.05594405594405,482.13970368236414,7629.151781797409
1774409333.8977304,job_done,cagrad:coord:train.lr,270,286,0,94.4055944055944,452.10160121211294,7629.214520454407
1774409425.1061578,job_done,cagrad:coord:train.lr,271,286,0,94.75524475524476,427.3296508401962,7720.422358512878
1774409476.3951752,job_done,cagrad:coord:train.lr,272,286,0,95.1048951048951,400.01458246217055,7771.711887836456
1774409512.1025424,job_done,cagrad:coord:train.lr,273,286,0,95.45454545454545,371.7818605786278,7807.419072151184
1774409550.754816,job_done,cagrad:coord:train.lr,274,286,0,95.8041958041958,343.6235689385964,7846.071490764618
1774409556.6614182,job_done,cagrad:coord:train.lr,275,286,0,96.15384615384616,314.07911829948426,7851.977957487106
1774409557.1742241,job_done,cagrad:coord:train.lr,276,286,0,96.5034965034965,284.5105424652929,7852.490972042084
1774409637.2831264,job_done,cagrad:coord:train.lr,277,286,0,96.85314685314685,257.7379021524092,7932.599877357483
1774409703.0123138,job_done,cagrad:coord:train.lr,278,286,0,97.2027972027972,230.16774189214914,7998.329030752182
1774409715.6504831,job_done,cagrad:coord:train.lr,279,286,0,97.55244755244755,200.9920068744263,8010.967131137848
1774409762.5362291,job_done,cagrad:coord:train.lr,280,286,0,97.9020979020979,172.6682747227805,8057.852820396423
1774409785.2875955,job_done,cagrad:coord:train.lr,281,286,0,98.25174825174825,143.78299362718846,8080.604241847992
1774409785.6521285,job_done,cagrad:coord:train.lr,282,286,0,98.6013986013986,114.62367097367631,8080.96880364418
1774409841.6613426,job_done,cagrad:coord:train.lr,283,286,0,98.95104895104895,86.25771824378428,8136.9780876636505
1774409883.0176418,job_done,cagrad:coord:train.lr,284,286,0,99.3006993006993,57.59390423499362,8178.334401369095
1774409890.9647713,job_done,cagrad:coord:train.lr,285,286,0,99.65034965034965,28.72379453558671,8186.281442642212
1774409915.7071316,job_done,cagrad:coord:train.lr,286,286,0,100.0,,8211.023884296417
1774409915.7215376,group_end,cagrad:coord:train.lr,286,286,0,100.0,,8211.024782657623
1774409915.7218404,phase_end,,286,286,0,100.0,,8211.038629293442
1774409916.53026,lock_released,,286,286,0,100.0,,8211.846980810165
1774409916.532979,lock_wait,,286,286,0,100.0,,8211.849729537964
1774409916.533414,lock_acquired,,286,286,0,100.0,,8211.850154161453
1774409916.5337667,plan_add,,286,324,0,88.27160493827161,1091.0850351890483,8211.850528001785
1774409916.5341206,phase_start,cagrad:coord:train.weight_decay,286,324,0,88.27160493827161,1091.085082547648,8211.850884437561
1774409931.8606331,group_slots,cagrad:coord:train.weight_decay,286,324,0,88.27160493827161,1093.1214662165075,8227.177350997925
1774409931.8608465,group_start,cagrad:coord:train.weight_decay,286,324,0,88.27160493827161,1093.1215130365813,8227.177703380585
1774410163.8553054,job_done,cagrad:coord:train.weight_decay,287,324,0,88.58024691358025,1090.5552610212917,8459.171889543533
1774410171.1992269,job_done,cagrad:coord:train.weight_decay,288,324,0,88.88888888888889,1058.3144870400429,8466.515896320343
1774410171.2575524,job_done,cagrad:coord:train.weight_decay,289,324,0,89.19753086419753,1025.363667015386,8466.5742790699
1774410171.5054445,job_done,cagrad:coord:train.weight_decay,290,324,0,89.50617283950618,992.6619059546241,8466.822139024734
1774410171.6487336,job_done,cagrad:coord:train.weight_decay,291,324,0,89.81481481481481,960.1713380469489,8466.965435504913
1774410171.7387178,job_done,cagrad:coord:train.weight_decay,292,324,0,90.12345679012346,927.8964922656752,8467.055491924286
1774410348.5579946,job_done,cagrad:coord:train.weight_decay,293,324,0,90.4320987654321,914.5396375013294,8643.874638319016
1774410401.2018278,job_done,cagrad:coord:train.weight_decay,294,324,0,90.74074074074075,887.399844271796,8696.518473863602
1774410402.7426593,job_done,cagrad:coord:train.weight_decay,295,324,0,91.04938271604938,855.0634562532781,8698.059296369553
1774410402.8521068,job_done,cagrad:coord:train.weight_decay,296,324,0,91.35802469135803,822.7997427921038,8698.168709516525
1774410403.140752,job_done,cagrad:coord:train.weight_decay,297,324,0,91.66666666666667,790.7688588445836,8698.45744729042
1774410403.2974935,job_done,cagrad:coord:train.weight_decay,298,324,0,91.9753086419753,758.9394950098639,8698.614212036133
1774410562.6085362,job_done,cagrad:coord:train.weight_decay,299,324,0,92.28395061728395,740.6291902663318,8857.925115585327
1774410604.7637782,job_done,cagrad:coord:train.weight_decay,300,324,0,92.5925925925926,712.0064297866822,8900.080372333527
1774410631.8554091,job_done,cagrad:coord:train.weight_decay,301,324,0,92.90123456790124,682.1426983513309,8927.171834945679
1774410633.3731565,job_done,cagrad:coord:train.weight_decay,302,324,0,93.20987654320987,650.4343616078231,8928.689872980118
1774410634.446066,job_done,cagrad:coord:train.weight_decay,303,324,0,93.51851851851852,618.8944533673844,8929.762827157974
1774410634.6780453,job_done,cagrad:coord:train.weight_decay,304,324,0,93.82716049382717,587.4996533205635,8929.994730472565
1774410771.8024752,job_done,cagrad:coord:train.weight_decay,305,324,0,94.1358024691358,564.8369238486056,9067.119040727615
1774410790.7605302,job_done,cagrad:coord:train.weight_decay,306,324,0,94.44444444444444,534.4751313013189,9086.077232122421
1774410852.1523154,job_done,cagrad:coord:train.weight_decay,307,324,0,94.75308641975309,506.5373704961534,9147.4689848423
1774410858.124465,job_done,cagrad:coord:train.weight_decay,308,324,0,95.06172839506173,475.50343624957196,9153.44114780426
1774410858.8454726,job_done,cagrad:coord:train.weight_decay,309,324,0,95.37037037037037,444.3768020625253,9154.162122488022
1774410858.9089313,job_done,cagrad:coord:train.weight_decay,310,324,0,95.67901234567901,413.4166410661512,9154.225623607635
1774410960.4257798,job_done,cagrad:coord:train.weight_decay,311,324,0,95.98765432098766,386.8959870844409,9255.742460250854
1774411002.470065,job_done,cagrad:coord:train.weight_decay,312,324,0,96.29629629629629,357.6071846668537,9297.786801338196
1774411040.0510714,job_done,cagrad:coord:train.weight_decay,313,324,0,96.60493827160494,328.08001292475495,9335.3676404953
1774411082.0492742,job_done,cagrad:coord:train.weight_decay,314,324,0,96.91358024691358,298.6422272548554,9377.36593580246
1774411082.326193,job_done,cagrad:coord:train.weight_decay,315,324,0,97.22222222222223,267.9326535497393,9377.642874240875
1774411082.4977248,job_done,cagrad:coord:train.weight_decay,316,324,0,97.53086419753086,237.41302348994003,9377.81442785263
1774411165.6622927,job_done,cagrad:coord:train.weight_decay,317,324,0,97.8395061728395,208.9175159886056,9460.97893834114
1774411206.7989235,job_done,cagrad:coord:train.weight_decay,318,324,0,98.14814814814815,179.2851995342183,9502.115575313568
1774411242.490208,job_done,cagrad:coord:train.weight_decay,319,324,0,98.45679012345678,149.4954059153889,9537.80689740181
1774411302.7194698,job_done,cagrad:coord:train.weight_decay,320,324,0,98.76543209876543,119.97545197308064,9598.03615784645
1774411303.9057317,job_done,cagrad:coord:train.weight_decay,321,324,0,99.07407407407408,89.7123590496099,9599.222418308258
1774411304.6105006,job_done,cagrad:coord:train.weight_decay,322,324,0,99.38271604938272,59.626873248852554,9599.926593065262
1774411351.2055268,job_done,cagrad:coord:train.weight_decay,323,324,0,99.69135802469135,29.865393729401816,9646.522174596786
1774411364.807547,job_done,cagrad:coord:train.weight_decay,324,324,0,100.0,,9660.124224424362
1774411364.8218746,group_end,cagrad:coord:train.weight_decay,324,324,0,100.0,,9660.125361680984
1774411364.8222396,phase_end,,324,324,0,100.0,,9660.138982772827
1774411366.006852,lock_released,,324,324,0,100.0,,9661.32357764244
1774411366.0097234,lock_wait,,324,324,0,100.0,,9661.326470375061
1774411366.0101686,lock_acquired,,324,324,0,100.0,,9661.326911449432
1774411366.0105624,plan_add,,324,362,0,89.50276243093923,1133.118632980335,9661.327291727066
1774411366.0109386,phase_start,cagrad:coord:train.grad_clip,324,362,0,89.50276243093923,1133.1186792026333,9661.327685832977
1774411381.1378295,group_slots,cagrad:coord:train.grad_clip,324,362,0,89.50276243093923,1134.892816812904,9676.454543352127
1774411381.1381047,group_start,cagrad:coord:train.grad_clip,324,362,0,89.50276243093923,1134.8928622522471,9676.454930782318
1774411618.266777,job_done,cagrad:coord:train.grad_clip,325,362,0,89.77900552486187,1128.6233278956781,9913.583285570145
1774411619.7061894,job_done,cagrad:coord:train.grad_clip,326,362,0,90.05524861878453,1094.910497118359,9915.02283501625
1774411619.9913673,job_done,cagrad:coord:train.grad_clip,327,362,0,90.33149171270718,1061.2715066718763,9915.308076620102
1774411620.3144956,job_done,cagrad:coord:train.grad_clip,328,362,0,90.60773480662984,1027.839814231163,9915.631149053574
1774411620.3698037,job_done,cagrad:coord:train.grad_clip,329,362,0,90.88397790055248,994.5825342334875,9915.686477661133
1774411620.4375985,job_done,cagrad:coord:train.grad_clip,330,362,0,91.16022099447514,961.52769761519,9915.754381656647
1774411822.0374928,job_done,cagrad:coord:train.grad_clip,331,362,0,91.43646408839778,947.546770533046,10117.354227304459
1774411850.0121074,job_done,cagrad:coord:train.grad_clip,332,362,0,91.71270718232044,916.7465771680855,10145.328787326813
1774411853.1800663,job_done,cagrad:coord:train.grad_clip,333,362,0,91.98895027624309,883.8030247652495,10148.496801614761
1774411853.5535755,job_done,cagrad:coord:train.grad_clip,334,362,0,92.26519337016575,850.8034907929198,10148.870211601257
1774411853.6481574,job_done,cagrad:coord:train.grad_clip,335,362,0,92.54143646408839,817.9762669342667,10148.96479344368
1774411853.7031808,job_done,cagrad:coord:train.grad_clip,336,362,0,92.81767955801105,785.3408263950121,10149.01991033554
1774412011.87997,job_done,cagrad:coord:train.grad_clip,337,362,0,93.0939226519337,764.6288338506965,10307.196680307388
1774412046.2613375,job_done,cagrad:coord:train.grad_clip,338,362,0,93.37016574585635,734.3132322130823,10341.578020334244
1774412074.620342,job_done,cagrad:coord:train.grad_clip,339,362,0,93.646408839779,703.5650474912649,10369.937004327774
1774412079.80779,job_done,cagrad:coord:train.grad_clip,340,362,0,93.92265193370166,671.3315868545982,10375.124524116516
1774412079.94896,job_done,cagrad:coord:train.grad_clip,341,362,0,94.1988950276243,638.9459792260201,10375.265662670135
1774412080.2062016,job_done,cagrad:coord:train.grad_clip,342,362,0,94.47513812154696,606.7557270763909,10375.522933006287
1774412226.542142,job_done,cagrad:coord:train.grad_clip,343,362,0,94.7513812154696,582.8434913790956,10521.8588180542
1774412236.5260909,job_done,cagrad:coord:train.grad_clip,344,362,0,95.02762430939227,551.084794325884,10531.842736005783
1774412268.1876876,job_done,cagrad:coord:train.grad_clip,345,362,0,95.30386740331491,520.5205044469972,10563.504354953766
1774412304.903731,job_done,cagrad:coord:train.grad_clip,346,362,0,95.58011049723757,490.1836039372262,10600.220435142517
1774412305.9500957,job_done,cagrad:coord:train.grad_clip,347,362,0,95.85635359116021,458.2680179887271,10601.266816139221
1774412306.2498655,job_done,cagrad:coord:train.grad_clip,348,362,0,96.13259668508287,426.49980114657296,10601.566485643387
1774412428.6517727,job_done,cagrad:coord:train.grad_clip,349,362,0,96.40883977900552,399.46014085881694,10723.968396902084
1774412448.6275635,job_done,cagrad:coord:train.grad_clip,350,362,0,96.68508287292818,368.3637985447475,10743.944124221802
1774412460.2266762,job_done,cagrad:coord:train.grad_clip,351,362,0,96.96132596685082,337.0683029404393,10755.543121099472
1774412524.6318405,job_done,cagrad:coord:train.grad_clip,352,362,0,97.23756906077348,307.38490108739245,10819.948518276215
1774412529.019227,job_done,cagrad:coord:train.grad_clip,353,362,0,97.51381215469613,275.9742149212543,10824.321985244751
1774412529.1221967,job_done,cagrad:coord:train.grad_clip,354,362,0,97.79005524861878,244.6200879630396,10824.438892364502
1774412616.8211062,job_done,cagrad:coord:train.grad_clip,355,362,0,98.06629834254143,215.16891463843868,10912.137813806534
1774412653.3125587,job_done,cagrad:coord:train.grad_clip,356,362,0,98.34254143646409,184.5274586918649,10948.629215717316
1774412675.8376174,job_done,cagrad:coord:train.grad_clip,357,362,0,98.61878453038673,153.65762378655228,10971.154338359833
1774412729.3765507,job_done,cagrad:coord:train.grad_clip,358,362,0,98.89502762430939,123.18092904543742,11024.69314956665
1774412743.227172,job_done,cagrad:coord:train.grad_clip,359,362,0,99.17127071823204,92.24409954063076,11038.54391169548
1774412743.5502706,job_done,cagrad:coord:train.grad_clip,360,362,0,99.4475138121547,61.327039351728224,11038.867083311081
1774412789.5158012,job_done,cagrad:coord:train.grad_clip,361,362,0,99.72375690607734,30.70590730188956,11084.832535982132
1774412807.0665987,job_done,cagrad:coord:train.grad_clip,362,362,0,100.0,,11102.383342027664
1774412807.0810273,group_end,cagrad:coord:train.grad_clip,362,362,0,100.0,,11102.384260177612
1774412807.081409,phase_end,,362,362,0,100.0,,11102.398141145706
1774412807.8781445,lock_released,,362,362,0,100.0,,11103.194077253342
1774412807.8811126,lock_wait,,362,362,0,100.0,,11103.197842121124
1774412807.8815525,lock_acquired,,362,362,0,100.0,,11103.198290348053
1774412807.8819182,plan_add,,362,400,0,90.5,1165.529143046279,11103.1986784935
1774412807.8822782,phase_start,cagrad:coord:method.baseline_cagrad.c,362,400,0,90.5,1165.5291812380374,11103.199042320251
1774412823.0974877,group_slots,cagrad:coord:method.baseline_cagrad.c,362,400,0,90.5,1167.1263520678106,11118.414196014404
1774412823.0977426,group_start,cagrad:coord:method.baseline_cagrad.c,362,400,0,90.5,1167.1263922617582,11118.414578914642
1774413034.998758,job_done,cagrad:coord:method.baseline_cagrad.c,363,400,0,90.75,1154.8806420620479,11330.31548833847
1774413056.3706098,job_done,cagrad:coord:method.baseline_cagrad.c,364,400,0,91.0,1122.694339152221,11351.687206983566
1774413060.6006503,job_done,cagrad:coord:method.baseline_cagrad.c,365,400,0,91.25,1088.9235799802493,11355.917334079742
1774413061.5228417,job_done,cagrad:coord:method.baseline_cagrad.c,366,400,0,91.5,1055.0069411947427,11356.83942580223
1774413061.583298,job_done,cagrad:coord:method.baseline_cagrad.c,367,400,0,91.75,1021.1926348280842,11356.899908542633
1774413061.651491,job_done,cagrad:coord:method.baseline_cagrad.c,368,400,0,92.0,987.5624467186306,11356.968137264252
1774413224.4167376,job_done,cagrad:coord:method.baseline_cagrad.c,369,400,0,92.25,967.7824877180703,11519.733482837677
1774413251.080604,job_done,cagrad:coord:method.baseline_cagrad.c,370,400,0,92.5,936.1943637100426,11546.397152423859
1774413281.5006297,job_done,cagrad:coord:method.baseline_cagrad.c,371,400,0,92.75,904.9264104392008,11576.817181825638
1774413288.9051719,job_done,cagrad:coord:method.baseline_cagrad.c,372,400,0,93.0,871.9306742555351,11584.221815109253
1774413289.6390722,job_done,cagrad:coord:method.baseline_cagrad.c,373,400,0,93.25,838.5892924917288,11584.955781459808
1774413289.9370801,job_done,cagrad:coord:method.baseline_cagrad.c,374,400,0,93.5,805.3919643565296,11585.25364112854
1774413436.844499,job_done,cagrad:coord:method.baseline_cagrad.c,375,400,0,93.75,782.1440701961517,11732.161052942276
1774413446.251471,job_done,cagrad:coord:method.baseline_cagrad.c,376,400,0,94.0,749.4617892478374,11741.568031549454
1774413468.4050534,job_done,cagrad:coord:method.baseline_cagrad.c,377,400,0,94.25,717.68063390919,11763.721694946289
1774413510.2589273,job_done,cagrad:coord:method.baseline_cagrad.c,378,400,0,94.5,687.0969937528882,11805.57561993599
1774413514.9413831,job_done,cagrad:coord:method.baseline_cagrad.c,379,400,0,94.75,654.3942436498828,11810.258016347885
1774413515.3452578,job_done,cagrad:coord:method.baseline_cagrad.c,380,400,0,95.0,621.6137827697553,11810.661872625351
1774413651.1438725,job_done,cagrad:coord:method.baseline_cagrad.c,381,400,0,95.25,595.7552530490194,11946.460600614548
1774413663.8675482,job_done,cagrad:coord:method.baseline_cagrad.c,382,400,0,95.5,563.5211193199558,11959.170421123505
1774413669.2892385,job_done,cagrad:coord:method.baseline_cagrad.c,383,400,0,95.75,531.0654431161307,11964.5920419693
1774413726.5445268,job_done,cagrad:coord:method.baseline_cagrad.c,384,400,0,96.0,500.91088251272834,12021.861180305481
1774413740.454711,job_done,cagrad:coord:method.baseline_cagrad.c,385,400,0,96.25,468.9261432437154,12035.771009922028
1774413740.5258963,job_done,cagrad:coord:method.baseline_cagrad.c,386,400,0,96.5,436.5331529940966,12035.842646837234
1774413838.5966477,job_done,cagrad:coord:method.baseline_cagrad.c,387,400,0,96.75,407.5991520746118,12133.913219451904
1774413877.3244753,job_done,cagrad:coord:method.baseline_cagrad.c,388,400,0,97.0,376.4734340820116,12172.641035318375
1774413880.403592,job_done,cagrad:coord:method.baseline_cagrad.c,389,400,0,97.25,344.3005708998457,12175.720189094543
1774413909.9080987,job_done,cagrad:coord:method.baseline_cagrad.c,390,400,0,97.5,312.95448281826117,12205.224829912186
1774413954.7501144,job_done,cagrad:coord:method.baseline_cagrad.c,391,400,0,97.75,281.97084669932684,12250.066784381866
1774413954.9963524,job_done,cagrad:coord:method.baseline_cagrad.c,392,400,0,98.0,250.00639089272946,12250.313153743744
1774414037.4504592,job_done,cagrad:coord:method.baseline_cagrad.c,393,400,0,98.25,219.6676089818241,12332.767189979553
1774414087.7782457,job_done,cagrad:coord:method.baseline_cagrad.c,394,400,0,98.5,188.57505034795267,12383.094972848892
1774414095.036419,job_done,cagrad:coord:method.baseline_cagrad.c,395,400,0,98.75,156.8399123089223,12390.353072404861
1774414110.1900482,job_done,cagrad:coord:method.baseline_cagrad.c,396,400,0,99.0,125.30814936185125,12405.506786823273
1774414161.681618,job_done,cagrad:coord:method.baseline_cagrad.c,397,400,0,99.25,94.13348767499178,12456.998202323914
1774414163.7500513,job_done,cagrad:coord:method.baseline_cagrad.c,398,400,0,99.5,62.60837535762308,12459.066696166992
1774414211.6020427,job_done,cagrad:coord:method.baseline_cagrad.c,399,400,0,99.75,31.345660954788514,12506.918720960617
1774414237.5379086,job_done,cagrad:coord:method.baseline_cagrad.c,400,400,0,100.0,,12532.85460615158
1774414237.5522203,group_end,cagrad:coord:method.baseline_cagrad.c,400,400,0,100.0,,12532.855508327484
1774414237.5524476,phase_end,,400,400,0,100.0,,12532.869282484055
1774414238.3815331,lock_released,,400,400,0,100.0,,12533.698357582092
1774414238.3831728,lock_wait,,400,400,0,100.0,,12533.700037240982
1774414238.3833926,lock_acquired,,400,400,0,100.0,,12533.700261592865
1774414238.3835816,plan_add,,400,438,0,91.32420091324201,1190.701542993784,12533.700452566147
1774414238.383762,phase_start,cagrad:coord:method.baseline_cagrad.inner_lr,400,438,0,91.32420091324201,1190.70156072855,12533.700639247894
1774414253.6044312,group_slots,cagrad:coord:method.baseline_cagrad.inner_lr,400,438,0,91.32420091324201,1192.1475066423418,12548.921122550964
1774414253.6047032,group_start,cagrad:coord:method.baseline_cagrad.inner_lr,400,438,0,91.32420091324201,1192.1475448071956,12548.92152428627
1774414477.5761628,job_done,cagrad:coord:method.baseline_cagrad.inner_lr,401,438,0,91.55251141552512,1178.5462285598317,12772.892909526825
1774414490.5500953,job_done,cagrad:coord:method.baseline_cagrad.inner_lr,402,438,0,91.78082191780823,1145.0029942242068,12785.866768836975
1774414490.7727396,job_done,cagrad:coord:method.baseline_cagrad.inner_lr,403,438,0,92.00913242009132,1110.4544198217227,12786.089462518692
1774414491.0800922,job_done,cagrad:coord:method.baseline_cagrad.inner_lr,404,438,0,92.23744292237443,1076.0828924320713,12786.396721839905
1774414491.2116036,job_done,cagrad:coord:method.baseline_cagrad.inner_lr,405,438,0,92.46575342465754,1041.8652759834572,12786.528387069702
1774414491.21856,job_done,cagrad:coord:method.baseline_cagrad.inner_lr,406,438,0,92.69406392694064,1007.8057435134363,12786.535370826721
1774414659.512443,job_done,cagrad:coord:method.baseline_cagrad.inner_lr,407,438,0,92.92237442922375,986.7314577612303,12954.829138994217
1774414715.023065,job_done,cagrad:coord:method.baseline_cagrad.inner_lr,408,438,0,93.15068493150685,956.6416135780951,13010.325944662094
1774414722.0771298,job_done,cagrad:coord:method.baseline_cagrad.inner_lr,409,438,0,93.37899543378995,922.9936901905133,13017.393768548965
1774414722.4829514,job_done,cagrad:coord:method.baseline_cagrad.inner_lr,410,438,0,93.60730593607306,889.0204660811077,13017.799681901932
1774414722.5612416,job_done,cagrad:coord:method.baseline_cagrad.inner_lr,411,438,0,93.83561643835617,855.1890611213489,13017.877930402756
1774414722.6331515,job_done,cagrad:coord:method.baseline_cagrad.inner_lr,412,438,0,94.06392694063926,821.5211062466058,13017.949837446213
1774414873.8687148,job_done,cagrad:coord:method.baseline_cagrad.inner_lr,413,438,0,94.29223744292237,797.166179051988,13169.185277938843
1774414903.8245113,job_done,cagrad:coord:method.baseline_cagrad.inner_lr,414,438,0,94.52054794520548,765.1676056903341,13199.141198158264
1774414951.3717918,job_done,cagrad:coord:method.baseline_cagrad.inner_lr,415,438,0,94.74885844748859,734.1538184826633,13246.688463926315
1774414953.087165,job_done,cagrad:coord:method.baseline_cagrad.inner_lr,416,438,0,94.9771689497717,700.6367443662423,13248.403893470764
1774414953.3167346,job_done,cagrad:coord:method.baseline_cagrad.inner_lr,417,438,0,95.20547945205479,667.1973673148121,13248.63343667984
1774414953.9637957,job_done,cagrad:coord:method.baseline_cagrad.inner_lr,418,438,0,95.4337899543379,633.9368658887142,13249.280497074127
1774415076.942866,job_done,cagrad:coord:method.baseline_cagrad.inner_lr,419,438,0,95.662100456621,606.3793106705022,13372.259535312653
1774415108.608875,job_done,cagrad:coord:method.baseline_cagrad.inner_lr,420,438,0,95.89041095890411,574.4539545127324,13403.925605297089
1774415163.4991336,job_done,cagrad:coord:method.baseline_cagrad.inner_lr,421,438,0,96.11872146118722,543.4676197872027,13458.815760612488
1774415178.9177945,job_done,cagrad:coord:method.baseline_cagrad.inner_lr,422,438,0,96.34703196347031,510.87144854396445,13474.234455347061
1774415178.9918323,job_done,cagrad:coord:method.baseline_cagrad.inner_lr,423,438,0,96.57534246575342,477.81236069422243,13474.308571577072
1774415179.257593,job_done,cagrad:coord:method.baseline_cagrad.inner_lr,424,438,0,96.80365296803653,444.915182870514,13474.57410979271
1774415263.745687,job_done,cagrad:coord:method.baseline_cagrad.inner_lr,425,438,0,97.03196347031964,414.74778969091534,13559.062355279922
1774415308.4956582,job_done,cagrad:coord:method.baseline_cagrad.inner_lr,426,438,0,97.26027397260275,383.2059824231644,13603.812376022339
1774415345.4788058,job_done,cagrad:coord:method.baseline_cagrad.inner_lr,427,438,0,97.48858447488584,351.402226174464,13640.795506954193
1774415398.4564283,job_done,cagrad:coord:method.baseline_cagrad.inner_lr,428,438,0,97.71689497716895,319.94796881608875,13693.773065328598
1774415399.5564644,job_done,cagrad:coord:method.baseline_cagrad.inner_lr,429,438,0,97.94520547945206,287.3050285152622,13694.873025894165
1774415399.8444092,job_done,cagrad:coord:method.baseline_cagrad.inner_lr,430,438,0,98.17351598173516,254.79369494859566,13695.161103487015
1774415469.138656,job_done,cagrad:coord:method.baseline_cagrad.inner_lr,431,438,0,98.40182648401826,223.55263685184397,13764.455211877823
1774415488.1389928,job_done,cagrad:coord:method.baseline_cagrad.inner_lr,432,438,0,98.63013698630137,191.4368818203608,13783.455491065979
1774415555.143505,job_done,cagrad:coord:method.baseline_cagrad.inner_lr,433,438,0,98.85844748858447,159.93603021663552,13850.460216760635
1774415618.2620869,job_done,cagrad:coord:method.baseline_cagrad.inner_lr,434,438,0,99.08675799086758,128.23574899858045,13913.578766345978
1774415622.4008634,job_done,cagrad:coord:method.baseline_cagrad.inner_lr,435,438,0,99.31506849315069,95.9842593061513,13917.717599391937
1774415622.5724845,job_done,cagrad:coord:method.baseline_cagrad.inner_lr,436,438,0,99.54337899543378,63.84352727658158,13917.888946294785
1774415669.9311876,job_done,cagrad:coord:method.baseline_cagrad.inner_lr,437,438,0,99.77168949771689,31.957088948387305,13965.247870445251
1774415671.7460368,job_done,cagrad:coord:method.baseline_cagrad.inner_lr,438,438,0,100.0,,13967.06264591217
1774415671.7473676,group_end,cagrad:coord:method.baseline_cagrad.inner_lr,438,438,0,100.0,,13967.064061641693
1774415671.747738,phase_end,,438,438,0,100.0,,13967.064497232437
1774415672.9349856,lock_released,,438,438,0,100.0,,13968.251696586609
1774415672.9388616,lock_wait,,438,438,0,100.0,,13968.255609989166
1774415672.9392707,lock_acquired,,438,438,0,100.0,,13968.256040334702
1774415672.9396439,plan_add,,438,492,0,89.02439024390245,1722.1138033409643,13968.256404876709
1774415672.939996,phase_start,cagrad:local_var_topk,438,492,0,89.02439024390245,1722.1138472557066,13968.256761074066
1774415688.2161067,group_slots,cagrad:local_var_topk,438,492,0,89.02439024390245,1723.9971977194696,13983.532825946808
1774415688.2163818,group_start,cagrad:local_var_topk,438,492,0,89.02439024390245,1723.9972439269497,13983.533200740814
1774415921.2011118,job_done,cagrad:local_var_topk,439,492,0,89.22764227642277,1716.3449780490241,14216.517837047577
1774415930.2137573,job_done,cagrad:local_var_topk,440,492,0,89.4308943089431,1681.199046798186,14225.53039598465
1774415930.6647027,job_done,cagrad:local_var_topk,441,492,0,89.63414634146342,1645.1815161915865,14225.981345891953
1774415930.7578611,job_done,cagrad:local_var_topk,442,492,0,89.83739837398375,1609.2844504037055,14226.074541568756
1774415930.8856652,job_done,cagrad:local_var_topk,443,492,0,90.04065040650407,1573.5528077831657,14226.20191526413
1774415930.8872287,job_done,cagrad:local_var_topk,444,492,0,90.2439024390244,1537.9678785220997,14226.202876329422
1774416103.9872415,job_done,cagrad:local_var_topk,445,492,0,90.44715447154472,1520.8253583495537,14399.303924798965
1774416150.7386518,job_done,cagrad:local_var_topk,446,492,0,90.65040650406505,1489.9518957886462,14446.055337429047
1774416157.6859303,job_done,cagrad:local_var_topk,447,492,0,90.85365853658537,1455.000264956647,14453.002631902695
1774416158.3107357,job_done,cagrad:local_var_topk,448,492,0,91.0569105691057,1419.5526917427778,14453.627406835556
1774416158.7406037,job_done,cagrad:local_var_topk,449,492,0,91.26016260162602,1384.241575706244,14454.057383537292
1774416158.8069677,job_done,cagrad:local_var_topk,450,492,0,91.46341463414635,1349.051554403305,14454.123797178268
1774416314.3239808,job_done,cagrad:local_var_topk,451,492,0,91.66666666666667,1328.1491560068998,14609.640716075897
1774416334.6786625,job_done,cagrad:local_var_topk,452,492,0,91.869918699187,1294.6898583606283,14629.995399475098
1774416382.66365,job_done,cagrad:local_var_topk,453,492,0,92.07317073170732,1263.6671852433917,14677.980382442474
1774416386.6801374,job_done,cagrad:local_var_topk,454,492,0,92.27642276422765,1228.8895939289212,14681.996727466583
1774416387.236387,job_done,cagrad:local_var_topk,455,492,0,92.47967479674797,1193.9658366198069,14682.552855730057
1774416387.4725304,job_done,cagrad:local_var_topk,456,492,0,92.6829268292683,1159.1675805104408,14682.789353132248
1774416533.542597,job_done,cagrad:local_var_topk,457,492,0,92.88617886178862,1135.6894408717458,14828.859270811081
1774416543.2997768,job_done,cagrad:local_var_topk,458,492,0,93.08943089430895,1101.5566806022778,14838.616462230682
1774416588.3242228,job_done,cagrad:local_var_topk,459,492,0,93.29268292682927,1070.0656861962837,14883.640908002853
1774416615.1284072,job_done,cagrad:local_var_topk,460,492,0,93.4959349593496,1037.248329560653,14910.444737434387
1774416616.1294188,job_done,cagrad:local_var_topk,461,492,0,93.69918699186992,1002.7219675280267,14911.446033239365
1774416616.3854396,job_done,cagrad:local_var_topk,462,492,0,93.90243902439025,968.2923468057211,14911.702140808105
1774416730.2067788,job_done,cagrad:local_var_topk,463,492,0,94.10569105691057,941.1234995443414,15025.523458242416
1774416753.1856043,job_done,cagrad:local_var_topk,464,492,0,94.3089430894309,908.0992661365148,15048.502124547958
1774416770.2330818,job_done,cagrad:local_var_topk,465,492,0,94.51219512195122,874.7738500610475,15065.549639940262
1774416836.2970898,job_done,cagrad:local_var_topk,466,492,0,94.71544715447155,844.2531306078505,15131.613802433014
1774416836.5680468,job_done,cagrad:local_var_topk,467,492,0,94.91869918699187,810.0580730198283,15131.884804010391
1774416836.6456714,job_done,cagrad:local_var_topk,468,492,0,95.1219512195122,775.9980643834823,15131.962255477905
1774416919.887904,job_done,cagrad:local_var_topk,469,492,0,95.32520325203252,746.1614123834476,15215.204452514648
1774416946.0861647,job_done,cagrad:local_var_topk,470,492,0,95.52845528455285,713.4273687819217,15241.402878522873
1774416974.7639081,job_done,cagrad:local_var_topk,471,492,0,95.73170731707317,680.8316196408241,15270.080611944199
1774417057.0519557,job_done,cagrad:local_var_topk,472,492,0,95.9349593495935,650.5240966707973,15352.368681430817
1774417059.0665302,job_done,cagrad:local_var_topk,473,492,0,96.13821138211382,616.772259171367,15354.383083581924
1774417059.3365755,job_done,cagrad:local_var_topk,474,492,0,96.34146341463415,583.0881012783775,15354.65333366394
1774417126.8643136,job_done,cagrad:local_var_topk,475,492,0,96.54471544715447,551.9517403441981,15422.180980205536
1774417139.5702531,job_done,cagrad:local_var_topk,476,492,0,96.7479674796748,518.8197313196519,15434.887006759644
1774417165.123046,job_done,cagrad:local_var_topk,477,492,0,96.95121951219512,486.1773480934167,15460.439669370651
1774417278.1698565,job_done,cagrad:local_var_topk,478,492,0,97.15447154471545,456.12722200529345,15573.48657989502
1774417281.8713043,job_done,cagrad:local_var_topk,479,492,0,97.35772357723577,422.76293274256284,15577.18806028366
1774417282.2182033,job_done,cagrad:local_var_topk,480,492,0,97.5609756097561,389.4383731842041,15577.534927368164
1774417325.0998883,job_done,cagrad:local_var_topk,481,492,0,97.76422764227642,357.2236649504323,15620.416621923447
1774417355.1848876,job_done,cagrad:local_var_topk,482,492,0,97.96747967479675,324.69920230604305,15650.501551151276
1774417362.6895368,job_done,cagrad:local_var_topk,483,492,0,98.17073170731707,291.7640899649318,15658.00616145134
1774417478.5747306,job_done,cagrad:local_var_topk,484,492,0,98.3739837398374,260.7254784323953,15773.891445159912
1774417503.5207303,job_done,cagrad:local_var_topk,485,492,0,98.57723577235772,228.02445807260335,15798.837452173233
1774417505.548667,job_done,cagrad:local_var_topk,486,492,0,98.78048780487805,195.07241171377677,15800.865348815918
1774417510.7614589,job_done,cagrad:local_var_topk,487,492,0,98.98373983739837,162.28006364138955,15806.078198671341
1774417565.072175,job_done,cagrad:local_var_topk,488,492,0,99.1869918699187,130.0031873906245,15860.388861656189
1774417568.6518428,job_done,cagrad:local_var_topk,489,492,0,99.39024390243902,97.32496056966255,15863.968572854996
1774417637.3292782,job_done,cagrad:local_var_topk,490,492,0,99.59349593495935,65.03120789819835,15932.645935058594
1774417670.6646748,job_done,cagrad:local_var_topk,491,492,0,99.79674796747967,32.51727366350333,15965.981368780136
1774417671.820967,job_done,cagrad:local_var_topk,492,492,0,100.0,,15967.137681245804
1774417671.8216908,group_end,cagrad:local_var_topk,492,492,0,100.0,,15967.138529539108
1774417671.8218787,phase_end,,492,492,0,100.0,,15967.13874220848
1774417672.7249634,lock_released,,492,492,0,100.0,,15968.04098701477
1774417672.7413929,method_done,,492,492,0,100.0,,15968.058141946793
1774417672.7417474,method_start,,492,492,0,100.0,,15968.058519124985
1774417672.742222,lock_wait,,492,492,0,100.0,,15968.058982133865
1774417672.7426102,lock_acquired,,492,492,0,100.0,,15968.059379577637
1774417672.742964,lock_released,,492,492,0,100.0,,15968.059736013412
1774417672.7447984,lock_wait,,492,492,0,100.0,,15968.061552524567
1774417672.7451723,lock_acquired,,492,492,0,100.0,,15968.061945438385
1774417672.745536,plan_add,,492,540,0,91.11111111111111,1557.8597354191106,15968.062288045883
1774417672.7458832,phase_start,ours:coord:train.lr,492,540,0,91.11111111111111,1557.8597711004861,15968.062653779984
1774417687.379299,group_slots,ours:coord:train.lr,492,540,0,91.11111111111111,1559.2874151555502,15982.69600534439
1774417687.3795624,group_start,ours:coord:train.lr,492,540,0,91.11111111111111,1559.287454954008,15982.69641327858
1774417907.6529615,job_done,ours:coord:train.lr,493,540,0,91.29629629629629,1544.7050181639365,16202.969658613205
1774417908.6832685,job_done,ours:coord:train.lr,494,540,0,91.48148148148148,1508.8744923286592,16203.999982833862
1774417912.2380772,job_done,ours:coord:train.lr,495,540,0,91.66666666666667,1473.4140600291166,16207.554660320282
1774417912.3907683,job_done,ours:coord:train.lr,496,540,0,91.85185185185185,1437.7804989545575,16207.707442760468
1774417912.7905953,job_done,ours:coord:train.lr,497,540,0,92.03703703703704,1402.3111014246222,16208.10738158226
1774417912.873189,job_done,ours:coord:train.lr,498,540,0,92.22222222222223,1366.9557833987546,16208.190003156662
1774418117.310478,job_done,ours:coord:train.lr,499,540,0,92.4074074074074,1348.5324974189064,16412.62722468376
1774418121.9544423,job_done,ours:coord:train.lr,500,540,0,92.5925925925926,1313.3805614471437,16417.257018089294
1774418132.4457543,job_done,ours:coord:train.lr,501,540,0,92.77777777777777,1278.8078550721357,16427.762445926666
1774418132.7292514,job_done,ours:coord:train.lr,502,540,0,92.96296296296296,1243.5572646585592,16428.045969963074
1774418133.0562508,job_done,ours:coord:train.lr,503,540,0,93.14814814814815,1208.4489048939813,16428.372950315475
1774418133.7790942,job_done,ours:coord:train.lr,504,540,0,93.33333333333333,1173.5068405696325,16429.095767974854
1774418323.6480021,job_done,ours:coord:train.lr,505,540,0,93.51851851851852,1151.8094365525953,16618.964727401733
1774418330.2480652,job_done,ours:coord:train.lr,506,540,0,93.70370370370371,1117.1328099904795,16625.56476044655
1774418351.7832327,job_done,ours:coord:train.lr,507,540,0,93.88888888888889,1083.539041702564,16647.09982252121
1774418352.190146,job_done,ours:coord:train.lr,508,540,0,94.07407407407408,1048.661825945997,16647.5064868927
1774418353.2535336,job_done,ours:coord:train.lr,509,540,0,94.25925925925925,1013.9600642640839,16648.57008743286
1774418353.3565283,job_done,ours:coord:train.lr,510,540,0,94.44444444444444,979.333714541267,16648.673147201538
1774418530.1896107,job_done,ours:coord:train.lr,511,540,0,94.62962962962963,954.8721821751379,16825.506382465363
1774418536.6367884,job_done,ours:coord:train.lr,512,540,0,94.81481481481481,920.4974507745355,16831.953385591507
1774418571.3111165,job_done,ours:coord:train.lr,513,540,0,95.0,887.7172562197635,16866.627868175507
1774418571.9914439,job_done,ours:coord:train.lr,514,540,0,95.18518518518519,853.2101380528179,16867.3081138134
1774418572.487967,job_done,ours:coord:train.lr,515,540,0,95.37037037037037,818.8254682878846,16867.804646730423
1774418572.7347243,job_done,ours:coord:train.lr,516,540,0,95.55555555555556,784.560525894165,16868.05130672455
1774418736.5348492,job_done,ours:coord:train.lr,517,540,0,95.74074074074075,757.703258858428,17031.851514339447
1774418744.873448,job_done,ours:coord:train.lr,518,540,0,95.92592592592592,723.7146377029567,17040.19010591507
1774418784.3203816,job_done,ours:coord:train.lr,519,540,0,96.11111111111111,691.0835760990319,17079.63695216179
1774418788.6082096,job_done,ours:coord:train.lr,520,540,0,96.29629629629629,657.0735009541878,17083.911024808884
1774418791.227915,job_done,ours:coord:train.lr,521,540,0,96.48148148148148,623.1177460854433,17086.54451107979
1774418791.5798228,job_done,ours:coord:train.lr,522,540,0,96.66666666666667,589.2033258224355,17086.89644885063
1774418946.0109875,job_done,ours:coord:train.lr,523,540,0,96.85185185185185,560.4255631982027,17241.327620744705
1774418954.1881444,job_done,ours:coord:train.lr,524,540,0,97.03703703703704,526.7024345397949,17249.504731178284
1774418991.7181332,job_done,ours:coord:train.lr,525,540,0,97.22222222222223,493.9152811254774,17287.03483939171
1774419005.0339205,job_done,ours:coord:train.lr,526,540,0,97.4074074074074,460.4656048917952,17300.350583791733
1774419009.174846,job_done,ours:coord:train.lr,527,540,0,97.5925925925926,426.8656710732368,17304.477588891983
1774419009.739773,job_done,ours:coord:train.lr,528,540,0,97.77777777777777,393.29673936692154,17305.056532144547
1774419160.8897753,job_done,ours:coord:train.lr,529,540,0,97.96296296296296,362.98350018950174,17456.20650911331
1774419166.567266,job_done,ours:coord:train.lr,530,540,0,98.14814814814815,329.4695031822852,17461.883668661118
1774419201.4085553,job_done,ours:coord:train.lr,531,540,0,98.33333333333333,296.554662575156,17496.725091934204
1774419219.5754092,job_done,ours:coord:train.lr,532,540,0,98.51851851851852,263.3816254873921,17514.878094911575
1774419219.7158759,job_done,ours:coord:train.lr,533,540,0,98.70370370370371,230.02857057417535,17515.032588005066
1774419226.290438,job_done,ours:coord:train.lr,534,540,0,98.88888888888889,196.8719906458694,17521.607167482376
1774419377.3862464,job_done,ours:coord:train.lr,535,540,0,99.07407407407408,165.16544835589755,17672.70297408104
1774419380.778963,job_done,ours:coord:train.lr,536,540,0,99.25925925925925,131.9111608088906,17676.095548391342
1774419398.1073868,job_done,ours:coord:train.lr,537,540,0,99.44444444444444,98.84594469896241,17693.424101114273
1774419416.1055233,job_done,ours:coord:train.lr,538,540,0,99.62962962962963,65.84171803999125,17711.422152757645
1774419416.4178903,job_done,ours:coord:train.lr,539,540,0,99.81481481481481,32.860361037758594,17711.734599351883
1774419418.4041028,job_done,ours:coord:train.lr,540,540,0,100.0,,17713.720823287964
1774419418.4184177,group_end,ours:coord:train.lr,540,540,0,100.0,,17713.72180390358
1774419418.4186223,phase_end,,540,540,0,100.0,,17713.73547387123
1774419419.2800095,lock_released,,540,540,0,100.0,,17714.59667992592
1774419419.2836504,lock_wait,,540,540,0,100.0,,17714.600356817245
1774419419.2841113,lock_acquired,,540,540,0,100.0,,17714.600841999054
1774419419.284536,plan_add,,540,588,0,91.83673469387755,1574.631221516927,17714.60124206543
1774419419.2849355,phase_start,ours:coord:train.weight_decay,540,588,0,91.83673469387755,1574.6312595155505,17714.601669549942
1774419434.0000026,group_slots,ours:coord:train.weight_decay,540,588,0,91.83673469387755,1575.9392535951401,17729.316602945328
1774419434.000392,group_start,ours:coord:train.weight_decay,540,588,0,91.83673469387755,1575.9393006430732,17729.317132234573
1774419649.262747,job_done,ours:coord:train.weight_decay,541,588,0,92.00680272108843,1558.9560683540408,17944.579425096512
1774419659.6237912,job_done,ours:coord:train.weight_decay,542,588,0,92.17687074829932,1523.851041903795,17954.94053721428
1774419660.1305146,job_done,ours:coord:train.weight_decay,543,588,0,92.34693877551021,1488.020485856915,17955.447196006775
1774419660.4770892,job_done,ours:coord:train.weight_decay,544,588,0,92.51700680272108,1452.3068448077229,17955.793717622757
1774419660.621669,job_done,ours:coord:train.weight_decay,545,588,0,92.68707482993197,1416.7070728953825,17955.938482046127
1774419660.7296016,job_done,ours:coord:train.weight_decay,546,588,0,92.85714285714286,1381.2343332400687,17956.046332120895
1774419851.0599325,job_done,ours:coord:train.weight_decay,547,588,0,93.02721088435374,1360.1488809572495,18146.37653374672
1774419871.954496,job_done,ours:coord:train.weight_decay,548,588,0,93.19727891156462,1326.0781921261419,18167.271232128143
1774419880.5401552,job_done,ours:coord:train.weight_decay,549,588,0,93.36734693877551,1291.1810842772,18175.856801748276
1774419881.0141575,job_done,ours:coord:train.weight_decay,550,588,0,93.5374149659864,1255.8192243489352,18176.33087873459
1774419881.736243,job_done,ours:coord:train.weight_decay,551,588,0,93.70748299319727,1220.6006498072845,18177.052920103073
1774419881.9990098,job_done,ours:coord:train.weight_decay,552,588,0,93.87755102040816,1185.4771089294682,18177.315670251846
1774420059.1181512,job_done,ours:coord:train.weight_decay,553,588,0,94.04761904761905,1161.6730895374394,18354.434814691544
1774420078.876259,job_done,ours:coord:train.weight_decay,554,588,0,94.21768707482993,1127.6580507617566,18374.19294476509
1774420098.2973888,job_done,ours:coord:train.weight_decay,555,588,0,94.38775510204081,1093.6743472266842,18393.614021539688
1774420099.685209,job_done,ours:coord:train.weight_decay,556,588,0,94.5578231292517,1058.705138995493,18395.001790046692
1774420100.210539,job_done,ours:coord:train.weight_decay,557,588,0,94.72789115646259,1023.8085202759858,18395.527283668518
1774420100.537022,job_done,ours:coord:train.weight_decay,558,588,0,94.89795918367346,989.0243865853996,18395.853590488434
1774420264.2396476,job_done,ours:coord:train.weight_decay,559,588,0,95.06802721088435,962.8392311178935,18559.556213617325
1774420286.5316198,job_done,ours:coord:train.weight_decay,560,588,0,95.23809523809524,929.092413008213,18581.84826016426
1774420314.7516747,job_done,ours:coord:train.weight_decay,561,588,0,95.40816326530613,895.6717402310294,18610.068380355835
1774420315.9255104,job_done,ours:coord:train.weight_decay,562,588,0,95.578231292517,861.0183071827125,18611.24187064171
1774420318.6128855,job_done,ours:coord:train.weight_decay,563,588,0,95.74829931972789,826.5510431720774,18613.929492235184
1774420319.4392116,job_done,ours:coord:train.weight_decay,564,588,0,95.91836734693878,792.1172718595951,18614.755888700485
1774420470.653872,job_done,ours:coord:train.weight_decay,565,588,0,96.08843537414965,763.9244680919478,18765.97062921524
1774420493.2747118,job_done,ours:coord:train.weight_decay,566,588,0,96.25850340136054,730.2986071884843,18788.59143948555
1774420531.90714,job_done,ours:coord:train.weight_decay,567,588,0,96.42857142857143,697.3045890684481,18827.2239048481
1774420532.5968733,job_done,ours:coord:train.weight_decay,568,588,0,96.59863945578232,662.9547029649708,18827.91356420517
1774420536.610811,job_done,ours:coord:train.weight_decay,569,588,0,96.7687074829932,628.8341360071212,18831.92754673958
1774420537.3357534,job_done,ours:coord:train.weight_decay,570,588,0,96.93877551020408,594.7153428855695,18832.6525247097
1774420683.2134573,job_done,ours:coord:train.weight_decay,571,588,0,97.10884353741497,565.0350499219945,18978.53020620346
1774420700.523625,job_done,ours:coord:train.weight_decay,572,588,0,97.27891156462584,531.3521743987824,18995.84023475647
1774420745.9169326,job_done,ours:coord:train.weight_decay,573,588,0,97.44897959183673,498.46161409822435,19041.23365855217
1774420746.870989,job_done,ours:coord:train.weight_decay,574,588,0,97.61904761904762,464.4436025968412,19042.18770647049
1774420753.209736,job_done,ours:coord:train.weight_decay,575,588,0,97.78911564625851,430.66233667041945,19048.526429653168
1774420754.276662,job_done,ours:coord:train.weight_decay,576,588,0,97.95918367346938,396.8665289928516,19049.593391656876
1774420897.6375692,job_done,ours:coord:train.weight_decay,577,588,0,98.12925170068027,365.89687260350075,19192.954135656357
1774420909.7466838,job_done,ours:coord:train.weight_decay,578,588,0,98.29931972789116,332.26753029443813,19205.063251018524
1774420959.407209,job_done,ours:coord:train.weight_decay,579,588,0,98.46938775510205,299.29622671147087,19254.723918437958
1774420960.8302138,job_done,ours:coord:train.weight_decay,580,588,0,98.63945578231292,265.60202658751916,19256.14692759514
1774420970.0575247,job_done,ours:coord:train.weight_decay,581,588,0,98.80952380952381,232.11294085146434,19265.37409067154
1774420970.1219637,job_done,ours:coord:train.weight_decay,582,588,0,98.9795918367347,198.61277060656204,19265.438748836517
1774421110.1639795,job_done,ours:coord:train.weight_decay,583,588,0,99.14965986394557,166.42779337194324,19405.48070716858
1774421120.8039424,job_done,ours:coord:train.weight_decay,584,588,0,99.31972789115646,132.98712813854218,19416.120708227158
1774421156.2307112,job_done,ours:coord:train.weight_decay,585,588,0,99.48979591836735,99.751525079287,19451.547390460968
1774421157.7475574,job_done,ours:coord:train.weight_decay,586,588,0,99.65986394557824,66.39271076221921,19453.06425333023
1774421163.0638297,job_done,ours:coord:train.weight_decay,587,588,0,99.82993197278911,33.14885941152881,19458.380474567413
1774421163.5026205,job_done,ours:coord:train.weight_decay,588,588,0,100.0,,19458.819353342056
1774421163.503614,group_end,ours:coord:train.weight_decay,588,588,0,100.0,,19458.820461034775
1774421163.5039268,phase_end,,588,588,0,100.0,,19458.820683956146
1774421164.2685375,lock_released,,588,588,0,100.0,,19459.585222244263
1774421164.271871,lock_wait,,588,588,0,100.0,,19459.588619947433
1774421164.2722847,lock_acquired,,588,588,0,100.0,,19459.58905363083
1774421164.2726533,plan_add,,588,636,0,92.45283018867924,1588.5379114151,19459.589414834976
1774421164.2730012,phase_start,ours:coord:train.grad_clip,588,636,0,92.45283018867924,1588.5379403951217,19459.58976984024
1774421179.0099082,group_slots,ours:coord:train.grad_clip,588,636,0,92.45283018867924,1589.740950253545,19474.326640605927
1774421179.010183,group_start,ours:coord:train.grad_clip,588,636,0,92.45283018867924,1589.7409803818682,19474.327009677887
1774421391.286713,job_done,ours:coord:train.grad_clip,589,636,0,92.61006289308176,1570.917411652,19686.603307724
1774421397.7229662,job_done,ours:coord:train.grad_clip,590,636,0,92.76729559748428,1535.389531863746,19693.03964781761
1774421401.3089476,job_done,ours:coord:train.grad_clip,591,636,0,92.9245283018868,1499.7430663786563,19696.625605106354
1774421403.006142,job_done,ours:coord:train.grad_clip,592,636,0,93.08176100628931,1464.0645294849937,19698.32276034355
1774421403.270131,job_done,ours:coord:train.grad_clip,593,636,0,93.23899371069183,1428.3966827239797,19698.586810588837
1774421403.4551558,job_done,ours:coord:train.grad_clip,594,636,0,93.39622641509433,1392.8424572005415,19698.771894693375
1774421595.92994,job_done,ours:coord:train.grad_clip,595,636,0,93.55345911949685,1370.6573352885846,19891.246695041656
1774421611.892976,job_done,ours:coord:train.grad_clip,596,636,0,93.71069182389937,1336.0543303201664,19907.209521770477
1774421619.232557,job_done,ours:coord:train.grad_clip,597,636,0,93.86792452830188,1300.9504528249329,19914.54923939705
1774421619.3777382,job_done,ours:coord:train.grad_clip,598,636,0,94.0251572327044,1265.4822491507068,19914.694341897964
1774421622.5398145,job_done,ours:coord:train.grad_clip,599,636,0,94.18238993710692,1230.3183425814163,19917.856410980225
1774421622.6256108,job_done,ours:coord:train.grad_clip,600,636,0,94.33962264150944,1195.0765321969986,19917.94220328331
1774421802.793318,job_done,ours:coord:train.grad_clip,601,636,0,94.49685534591195,1170.4390207404106,20098.110041856766
1774421821.5152473,job_done,ours:coord:train.grad_clip,602,636,0,94.65408805031447,1136.1665870272045,20116.831923246384
1774421834.9582062,job_done,ours:coord:train.grad_clip,603,636,0,94.81132075471699,1101.6568158147347,20130.27454352379
1774421836.249533,job_done,ours:coord:train.grad_clip,604,636,0,94.96855345911949,1066.5730394527611,20131.566119670868
1774421840.0802774,job_done,ours:coord:train.grad_clip,605,636,0,95.12578616352201,1031.7310839751535,20135.396961450577
1774421840.3380828,job_done,ours:coord:train.grad_clip,606,636,0,95.28301886792453,996.8145940445438,20135.654799699783
1774422010.177772,job_done,ours:coord:train.grad_clip,607,636,0,95.44025157232704,970.1142284697323,20305.494368314743
1774422035.1009705,job_done,ours:coord:train.grad_clip,608,636,0,95.59748427672956,936.2692356156675,20330.417687654495
1774422047.141386,job_done,ours:coord:train.grad_clip,609,636,0,95.75471698113208,901.8823725954064,20342.457959651947
1774422053.7132063,job_done,ours:coord:train.grad_clip,610,636,0,95.9119496855346,867.3357034839568,20349.02996635437
1774422056.1332326,job_done,ours:coord:train.grad_clip,611,636,0,96.06918238993711,832.7107150113719,20351.44987487793
1774422056.4246626,job_done,ours:coord:train.grad_clip,612,636,0,96.22641509433963,798.1074990197724,20351.741225004196
1774422218.6176515,job_done,ours:coord:train.grad_clip,613,636,0,96.38364779874213,769.6908491742942,20513.934371471405
1774422245.4260142,job_done,ours:coord:train.grad_clip,614,636,0,96.54088050314465,735.9875230548436,20540.742688894272
1774422259.8334277,job_done,ours:coord:train.grad_clip,615,636,0,96.69811320754717,701.8831748706539,20555.150121212006
1774422269.8026655,job_done,ours:coord:train.grad_clip,616,636,0,96.85534591194968,667.6986759978456,20565.119220733643
1774422273.3640878,job_done,ours:coord:train.grad_clip,617,636,0,97.0125786163522,633.3953569897569,20568.68080329895
1774422273.9382026,job_done,ours:coord:train.grad_clip,618,636,0,97.16981132075472,599.1045114068152,20569.254891633987
1774422429.5131428,job_done,ours:coord:train.grad_clip,619,636,0,97.32704402515724,569.1794914833371,20724.82971930504
1774422455.6468616,job_done,ours:coord:train.grad_clip,620,636,0,97.48427672955975,535.5087372318391,20750.963567733765
1774422471.7093725,job_done,ours:coord:train.grad_clip,621,636,0,97.64150943396227,501.61898392985984,20767.025934696198
1774422483.3775234,job_done,ours:coord:train.grad_clip,622,636,0,97.79874213836477,467.6876499568534,20778.694162368774
1774422490.655728,job_done,ours:coord:train.grad_clip,623,636,0,97.95597484276729,433.73618090937265,20785.972362041473
1774422491.448172,job_done,ours:coord:train.grad_clip,624,636,0,98.11320754716981,399.7454763696744,20786.76477122307
1774422643.5287435,job_done,ours:coord:train.grad_clip,625,636,0,98.27044025157232,368.52367941932675,20938.845421552658
1774422664.918875,job_done,ours:coord:train.grad_clip,626,636,0,98.42767295597484,334.82804254982796,20960.235463619232
1774422681.5870905,job_done,ours:coord:train.grad_clip,627,636,0,98.58490566037736,301.1038820230219,20976.903780937195
1774422697.4349267,job_done,ours:coord:train.grad_clip,628,636,0,98.74213836477988,267.4235866540556,20992.75155234337
1774422707.0293188,job_done,ours:coord:train.grad_clip,629,636,0,98.8993710691824,233.73039964575838,21002.345911026
1774422708.6921458,job_done,ours:coord:train.grad_clip,630,636,0,99.05660377358491,200.03817857333593,21004.00875020027
1774422853.3643,job_done,ours:coord:train.grad_clip,631,636,0,99.21383647798743,167.58056392382517,21148.667167186737
1774422874.1441095,job_done,ours:coord:train.grad_clip,632,636,0,99.37106918238993,133.98392919649052,21169.4608130455
1774422886.6304033,job_done,ours:coord:train.grad_clip,633,636,0,99.52830188679245,100.38837411166368,21181.946937561035
1774422896.7636533,job_done,ours:coord:train.grad_clip,634,636,0,99.68553459119497,66.85198863146809,21192.080396175385
1774422901.889168,job_done,ours:coord:train.grad_clip,635,636,0,99.84276729559748,33.381426566792285,21197.2058699131
1774422902.459402,job_done,ours:coord:train.grad_clip,636,636,0,100.0,,21197.776226758957
1774422902.4603002,group_end,ours:coord:train.grad_clip,636,636,0,100.0,,21197.77702856064
1774422902.4606469,phase_end,,636,636,0,100.0,,21197.777416944504
1774422903.2143936,lock_released,,636,636,0,100.0,,21198.531084775925
1774422903.2177265,lock_wait,,636,636,0,100.0,,21198.534474134445
1774422903.2181556,lock_acquired,,636,636,0,100.0,,21198.53490638733
1774422903.218545,plan_add,,636,684,0,92.98245614035088,1599.8894552554725,21198.53528213501
1774422903.2188973,phase_start,ours:coord:method.ours.lambda_align,636,684,0,92.98245614035088,1599.8894839016896,21198.535661697388
1774422917.7065353,group_slots,ours:coord:method.ours.lambda_align,636,684,0,92.98245614035088,1600.9828885456302,21213.0232732296
1774422917.706789,group_start,ours:coord:method.ours.lambda_align,636,684,0,92.98245614035088,1600.98291337715,21213.023602247238
1774423139.0517614,job_done,ours:coord:method.ours.lambda_align,637,684,0,93.12865497076024,1581.4997082314273,21434.368386030197
1774423139.92642,job_done,ours:coord:method.ours.lambda_align,638,684,0,93.27485380116958,1545.4877520534312,21435.243169784546
1774423143.0492814,job_done,ours:coord:method.ours.lambda_align,639,684,0,93.42105263157895,1509.744073908094,21438.365849494934
1774423143.1050787,job_done,ours:coord:method.ours.lambda_align,640,684,0,93.5672514619883,1473.891489727795,21438.42166876793
1774423143.7263088,job_done,ours:coord:method.ours.lambda_align,641,684,0,93.71345029239767,1438.1885333875784,21439.04302096367
1774423143.839102,job_done,ours:coord:method.ours.lambda_align,642,684,0,93.85964912280701,1402.5615968793352,21439.155838012695
1774423350.6237743,job_done,ours:coord:method.ours.lambda_align,643,684,0,94.00584795321637,1380.2232635577398,21645.940450429916
1774423354.1788507,job_done,ours:coord:method.ours.lambda_align,644,684,0,94.15204678362574,1344.6891600893152,21649.495477437973
1774423363.130618,job_done,ours:coord:method.ours.lambda_align,645,684,0,94.29824561403508,1309.5805309273476,21658.44724225998
1774423363.1911874,job_done,ours:coord:method.ours.lambda_align,646,684,0,94.44444444444444,1274.0298699491163,21658.50778913498
1774423363.662443,job_done,ours:coord:method.ours.lambda_align,647,684,0,94.5906432748538,1238.6124077996662,21658.979130983353
1774423363.9197488,job_done,ours:coord:method.ours.lambda_align,648,684,0,94.73684210526316,1203.2909081909393,21659.236347436905
1774423558.6189604,job_done,ours:coord:method.ours.lambda_align,649,684,0,94.88304093567251,1178.5635498822746,21853.935539245605
1774423564.8180535,job_done,ours:coord:method.ours.lambda_align,650,684,0,95.02923976608187,1143.4532045716505,21860.134793281555
1774423579.8434522,job_done,ours:coord:method.ours.lambda_align,651,684,0,95.17543859649123,1108.8790793484807,21875.160019874573
1774423581.4526052,job_done,ours:coord:method.ours.lambda_align,652,684,0,95.32163742690058,1073.70646264948,21876.769176483154
1774423583.9754844,job_done,ours:coord:method.ours.lambda_align,653,684,0,95.46783625730994,1038.680026721078,21879.292175769806
1774423584.3234963,job_done,ours:coord:method.ours.lambda_align,654,684,0,95.6140350877193,1003.6532100624995,21879.639979362488
1774423768.830172,job_done,ours:coord:method.ours.lambda_align,655,684,0,95.76023391812865,976.8858870200529,22064.146758556366
1774423775.384423,job_done,ours:coord:method.ours.lambda_align,656,684,0,95.90643274853801,942.0421228539653,22070.701164007187
1774423795.0414565,job_done,ours:coord:method.ours.lambda_align,657,684,0,96.05263157894737,907.8229347124491,22090.35807800293
1774423798.272453,job_done,ours:coord:method.ours.lambda_align,658,684,0,96.19883040935673,872.9989627784508,22093.589134931564
1774423801.5970755,job_done,ours:coord:method.ours.lambda_align,659,684,0,96.34502923976608,838.2744229255931,22096.913788318634
1774423801.6732476,job_done,ours:coord:method.ours.lambda_align,660,684,0,96.49122807017544,803.5269070538608,22096.98994398117
1774423980.970865,job_done,ours:coord:method.ours.lambda_align,661,684,0,96.6374269005848,775.1204404589267,22276.287441015244
1774423988.9399102,job_done,ours:coord:method.ours.lambda_align,662,684,0,96.78362573099415,740.5644209543384,22284.256666898727
1774424010.3506577,job_done,ours:coord:method.ours.lambda_align,663,684,0,96.9298245614035,706.5143488003657,22305.66729784012
1774424010.9241076,job_done,ours:coord:method.ours.lambda_align,664,684,0,97.07602339181287,671.8747223213494,22306.240781068802
1774424014.7164967,job_done,ours:coord:method.ours.lambda_align,665,684,0,97.22222222222223,637.4295182704925,22310.03313946724
1774424017.2305892,job_done,ours:coord:method.ours.lambda_align,666,684,0,97.36842105263158,603.0418162088137,22312.547199726105
1774424191.841517,job_done,ours:coord:method.ours.lambda_align,667,684,0,97.51461988304094,573.1359655524659,22487.15817785263
1774424199.2866175,job_done,ours:coord:method.ours.lambda_align,668,684,0,97.6608187134503,538.7928906914716,22494.603186368942
1774424225.8287897,job_done,ours:coord:method.ours.lambda_align,669,684,0,97.80701754385964,504.95842012589287,22521.145537614822
1774424226.416583,job_done,ours:coord:method.ours.lambda_align,670,684,0,97.953216374269,470.60338211842435,22521.733287096024
1774424230.4954057,job_done,ours:coord:method.ours.lambda_align,671,684,0,98.09941520467837,436.4166226525598,22525.81183075905
1774424232.1629057,job_done,ours:coord:method.ours.lambda_align,672,684,0,98.24561403508773,402.27642164911543,22527.479612350464
1774424403.9528663,job_done,ours:coord:method.ours.lambda_align,673,684,0,98.39181286549707,371.01332035248913,22699.269508838654
1774424410.414942,job_done,ours:coord:method.ours.lambda_align,674,684,0,98.53801169590643,336.8802913678506,22705.73163819313
1774424438.396626,job_done,ours:coord:method.ours.lambda_align,675,684,0,98.6842105263158,303.1161758899689,22733.713191747665
1774424441.3160698,job_done,ours:coord:method.ours.lambda_align,676,684,0,98.83040935672514,269.07257578076695,22736.632653474808
1774424447.2115517,job_done,ours:coord:method.ours.lambda_align,677,684,0,98.9766081871345,235.15169567230708,22742.52828145027
1774424447.2825024,job_done,ours:coord:method.ours.lambda_align,678,684,0,99.12280701754386,201.26194076622482,22742.599306583405
1774424616.2134748,job_done,ours:coord:method.ours.lambda_align,679,684,0,99.26900584795321,168.71524435957681,22911.530184030533
1774424622.6694732,job_done,ours:coord:method.ours.lambda_align,680,684,0,99.41520467836257,134.81168320599724,22917.98614501953
1774424642.4877079,job_done,ours:coord:method.ours.lambda_align,681,684,0,99.56140350877193,101.04759645041915,22937.804394245148
1774424644.8693752,job_done,ours:coord:method.ours.lambda_align,682,684,0,99.70760233918129,67.27327285134548,22940.186042308807
1774424649.2967234,job_done,ours:coord:method.ours.lambda_align,683,684,0,99.85380116959064,33.59387035111557,22944.613449811935
1774424649.5565357,job_done,ours:coord:method.ours.lambda_align,684,684,0,100.0,,22944.87335205078
1774424649.5571272,group_end,ours:coord:method.ours.lambda_align,684,684,0,100.0,,22944.873900413513
1774424649.5573633,phase_end,,684,684,0,100.0,,22944.874192237854
1774424650.4574287,lock_released,,684,684,0,100.0,,22945.774013519287
1774424650.461345,lock_wait,,684,684,0,100.0,,22945.778084754944
1774424650.461759,lock_acquired,,684,684,0,100.0,,22945.77852845192
1774424650.4621267,plan_add,,684,738,0,92.6829268292683,1811.5088596720443,22945.77888917923
1774424650.4624918,phase_start,ours:local_var_topk,684,738,0,92.6829268292683,1811.508887416438,22945.779240608215
1774424665.2728536,group_slots,ours:local_var_topk,684,738,0,92.6829268292683,1812.6781227839622,22960.58955526352
1774424665.273111,group_start,ours:local_var_topk,684,738,0,92.6829268292683,1812.6781533517337,22960.58994245529
1774424882.435435,job_done,ours:local_var_topk,685,738,0,92.81842818428184,1793.3151203768098,23177.752027511597
1774424884.4849377,job_done,ours:local_var_topk,686,738,0,92.95392953929539,1757.0695041386796,23179.801535367966
1774424887.3721297,job_done,ours:local_var_topk,687,738,0,93.08943089430895,1720.9845960806551,23182.67485308647
1774424889.052023,job_done,ours:local_var_topk,688,738,0,93.22493224932249,1684.9105095447496,23184.368611335754
1774424889.5868068,job_done,ours:local_var_topk,689,738,0,93.36043360433604,1648.853797741656,23184.90340089798
1774424889.6510506,job_done,ours:local_var_topk,690,738,0,93.4959349593496,1612.8673140816065,23184.967639923096
1774425093.0584295,job_done,ours:local_var_topk,691,738,0,93.63143631436314,1590.8156655721484,23388.37499809265
1774425098.2249017,job_done,ours:local_var_topk,692,738,0,93.76693766937669,1555.0620057100505,23393.54147720337
1774425103.5101514,job_done,ours:local_var_topk,693,738,0,93.90243902439025,1519.40433437174,23398.8267493248
1774425104.883009,job_done,ours:local_var_topk,694,738,0,94.03794037940379,1483.5861404251295,23400.199578523636
1774425107.0047379,job_done,ours:local_var_topk,695,738,0,94.17344173441734,1447.913403053421,23402.321281909943
1774425107.5147052,job_done,ours:local_var_topk,696,738,0,94.3089430894309,1412.239827137569,23402.831421136856
1774425301.736947,job_done,ours:local_var_topk,697,738,0,94.44444444444444,1388.0619754651013,23597.053582906723
1774425310.4465253,job_done,ours:local_var_topk,698,738,0,94.57994579945799,1352.7657979948815,23605.76317501068
1774425319.8604252,job_done,ours:local_var_topk,699,738,0,94.71544715447155,1317.5849816778698,23615.17697930336
1774425320.3289652,job_done,ours:local_var_topk,700,738,0,94.8509485094851,1281.9921947533744,23615.645692825317
1774425324.7127678,job_done,ours:local_var_topk,701,738,0,94.98644986449864,1246.7055265369497,23620.015516281128
1774425324.7578523,job_done,ours:local_var_topk,702,738,0,95.1219512195122,1211.285877655714,23620.074614286423
1774425511.110638,job_done,ours:local_var_topk,703,738,0,95.25745257452574,1185.241069323986,23806.413478136063
1774425517.5505009,job_done,ours:local_var_topk,704,738,0,95.39295392953929,1150.0532422600822,23812.86713385582
1774425536.5368967,job_done,ours:local_var_topk,705,738,0,95.52845528455285,1115.5335731577366,23831.853608369827
1774425536.8701222,job_done,ours:local_var_topk,706,738,0,95.6639566395664,1080.2124321913245,23832.1867852211
1774425542.7466168,job_done,ours:local_var_topk,707,738,0,95.79945799457994,1045.2333191968764,23838.063118457794
1774425542.8794537,job_done,ours:local_var_topk,708,738,0,95.9349593495935,1010.0930554179821,23838.19610786438
1774425722.9900236,job_done,ours:local_var_topk,709,738,0,96.07046070460704,982.4131056035019,24018.306616306305
1774425728.3847847,job_done,ours:local_var_topk,710,738,0,96.2059620596206,947.4135653482357,24023.70112133026
1774425749.4990554,job_done,ours:local_var_topk,711,738,0,96.34146341463415,913.0942686117148,24044.81574010849
1774425751.5457487,job_done,ours:local_var_topk,712,738,0,96.4769647696477,878.115762983815,24046.86243247986
1774425758.7128494,job_done,ours:local_var_topk,713,738,0,96.61246612466125,843.4091722313184,24054.0295920372
1774425758.850524,job_done,ours:local_var_topk,714,738,0,96.7479674796748,808.5434345437699,24054.167177677155
1774425932.276116,job_done,ours:local_var_topk,715,738,0,96.88346883468834,779.349135673963,24227.59269595146
1774425940.5607457,job_done,ours:local_var_topk,716,738,0,97.0189701897019,744.6777984496601,24235.877440452576
1774425964.389111,job_done,ours:local_var_topk,717,738,0,97.15447154471545,710.5353166967257,24259.70581293106
1774425966.559363,job_done,ours:local_var_topk,718,738,0,97.289972899729,675.8182706009379,24261.87591457367
1774425973.5361142,job_done,ours:local_var_topk,719,738,0,97.42547425474255,641.3187794609097,24268.852759599686
1774425975.1350403,job_done,ours:local_var_topk,720,738,0,97.5609756097561,606.7612911820412,24270.451647281647
1774426144.045157,job_done,ours:local_var_topk,721,738,0,97.69647696476964,576.2401543976364,24439.361842393875
1774426151.5808496,job_done,ours:local_var_topk,722,738,0,97.8319783197832,541.7595035521277,24446.897597789764
1774426178.4966989,job_done,ours:local_var_topk,723,738,0,97.96747967479675,507.75546453305793,24473.813390493393
1774426181.5155234,job_done,ours:local_var_topk,724,738,0,98.1029810298103,473.30890990423234,24476.832197904587
1774426189.0765126,job_done,ours:local_var_topk,725,738,0,98.23848238482385,439.0304901642635,24484.39272069931
1774426190.2006218,job_done,ours:local_var_topk,726,738,0,98.3739837398374,404.7192907845679,24485.517092466354
1774426355.9106855,job_done,ours:local_var_topk,727,738,0,98.50948509485094,372.9896850385889,24651.227365732193
1774426362.6820078,job_done,ours:local_var_topk,728,738,0,98.6449864498645,338.7087708056628,24657.998514652252
1774426391.549813,job_done,ours:local_var_topk,729,738,0,98.78048780487805,304.7761279212104,24686.866361618042
1774426395.5354028,job_done,ours:local_var_topk,730,738,0,98.9159891598916,270.5846801104611,24690.852060079575
1774426404.7360966,job_done,ours:local_var_topk,731,738,0,99.05149051490515,236.52581251760188,24700.052707195282
1774426405.7979643,job_done,ours:local_var_topk,732,738,0,99.1869918699187,202.46815222013194,24701.114570856094
1774426568.4788067,job_done,ours:local_var_topk,733,738,0,99.32249322493224,169.602970359758,24863.795454740524
1774426574.3429208,job_done,ours:local_var_topk,734,738,0,99.4579945799458,135.52947987522677,24869.65955710411
1774426595.3418143,job_done,ours:local_var_topk,735,738,0,99.59349593495935,101.59452451102588,24890.65850520134
1774426598.9514568,job_done,ours:local_var_topk,736,738,0,99.7289972899729,67.64746743829355,24894.268017292023
1774426604.1827698,job_done,ours:local_var_topk,737,738,0,99.86449864498645,33.7849382328696,24899.499477624893
1774426604.5058796,job_done,ours:local_var_topk,738,738,0,100.0,,24899.822598457336
1774426604.5066714,group_end,ours:local_var_topk,738,738,0,100.0,,24899.823381900787
1774426604.5070007,phase_end,,738,738,0,100.0,,24899.82377409935
1774426605.8682852,lock_released,,738,738,0,100.0,,24901.184999227524
1774426605.8850553,method_done,,738,738,0,100.0,,24901.201815605164
1774426606.324223,method_start,,738,738,0,100.0,,24901.641038417816
1774426606.3248198,lock_wait,,738,738,0,100.0,,24901.641397953033
1774426606.3250573,lock_acquired,,738,738,0,100.0,,24901.641924619675
1774426606.3253708,plan_add,,738,743,0,99.32705248990578,168.71031243142073,24901.6421148777
1774426606.3255703,phase_start,final:baseline,738,743,0,99.32705248990578,168.71031460077137,24901.642435073853
1774426620.8435452,group_slots,final:baseline,738,743,0,99.32705248990578,168.8086737074503,24916.160239219666
1774426620.8438172,group_start,final:baseline,738,743,0,99.32705248990578,168.80867648092388,24916.160648584366
1774427519.443059,job_done,final:baseline,739,743,0,99.46164199192464,139.72806348916802,25814.759729623795
1774427520.298069,job_done,final:baseline,740,743,0,99.59623149394348,104.65789769952362,25815.614765882492
1774427524.0485733,job_done,final:baseline,741,743,0,99.73082099596232,69.68789538680782,25819.3652408123
1774427525.8116386,job_done,final:baseline,742,743,0,99.86541049798116,34.79936435633914,25821.12835240364
1774427525.9044826,job_done,final:baseline,743,743,0,100.0,,25821.221143245697
1774427525.9051816,group_end,final:baseline,743,743,0,100.0,,25821.221898555756
1774427525.9055247,phase_end,,743,743,0,100.0,,25821.22228384018
1774427526.6216173,lock_released,,743,743,0,100.0,,25821.93825006485
1774427526.622259,method_done,,743,743,0,100.0,,25821.93876361847
1774427526.622598,method_start,,743,743,0,100.0,,25821.93936777115
1774427526.6231527,lock_wait,,743,743,0,100.0,,25821.939894914627
1774427526.6235921,lock_acquired,,743,743,0,100.0,,25821.940336704254
1774427526.6239736,plan_add,,743,748,0,99.33155080213903,173.7681070984934,25821.94071483612
1774427526.6243773,phase_start,final:cagrad,743,748,0,99.33155080213903,173.7681096848376,25821.94109916687
1774427542.2107823,group_slots,final:cagrad,743,748,0,99.33155080213903,173.87299790838043,25837.527489185333
1774427542.2110333,group_start,final:cagrad,743,748,0,99.33155080213903,173.8730004530094,25837.5278673172
1774428801.6316755,job_done,final:cagrad,744,748,0,99.46524064171123,145.682517963071,27096.94834113121
1774428804.198868,job_done,final:cagrad,745,748,0,99.59893048128342,109.12556561559639,27099.515461206436
1774428804.9799414,job_done,final:cagrad,746,748,0,99.73262032085562,72.6549508399043,27100.2966632843
1774428807.9532669,job_done,final:cagrad,747,748,0,99.8663101604278,36.282824626728555,27103.26999616623
1774428846.4059913,job_done,final:cagrad,748,748,0,100.0,,27141.722584724426
1774428846.4067397,group_end,final:cagrad,748,748,0,100.0,,27141.72347021103
1774428846.4070585,phase_end,,748,748,0,100.0,,27141.723837852478
1774428847.362995,lock_released,,748,748,0,100.0,,27142.679728507996
1774428847.363653,method_done,,748,748,0,100.0,,27142.680109977722
1774428847.3639605,method_start,,748,748,0,100.0,,27142.680745124817
1774428847.3644881,lock_wait,,748,748,0,100.0,,27142.681231737137
1774428847.36488,lock_acquired,,748,748,0,100.0,,27142.68164873123
1774428847.3652282,plan_add,,748,753,0,99.33598937583001,181.43504005702422,27142.681992530823
1774428847.3655913,phase_start,final:ours,748,753,0,99.33598937583001,181.43504246989673,27142.68235349655
1774428862.017539,group_slots,final:ours,748,753,0,99.33598937583001,181.53298283005782,27157.334231376648
1774428862.0177803,group_start,final:ours,748,753,0,99.33598937583001,181.53298549473604,27157.334630012512
1774430019.1146111,job_done,final:ours,749,753,0,99.46879150066401,151.21191489903407,28314.43106484413
1774430021.9205341,job_done,final:ours,750,753,0,99.60159362549801,113.2689488172531,28317.23720431328
1774430059.8034363,job_done,final:ours,751,753,0,99.734395750332,75.51296947291307,28355.120037078857
1774430064.3543718,job_done,final:ours,752,753,0,99.867197875166,37.712310101440615,28359.65719628334
1774430064.435815,job_done,final:ours,753,753,0,100.0,,28359.752488851547
1774430064.4365175,group_end,final:ours,753,753,0,100.0,,28359.75323200226
1774430064.4368465,phase_end,,753,753,0,100.0,,28359.75361585617
1774430065.2199504,lock_released,,753,753,0,100.0,,28360.536693811417
1774430065.22057,method_done,,753,753,0,100.0,,28360.537034511566
1774430069.1485026,pipeline_done,,753,753,0,100.0,,28364.465306043625
1774430069.9996595,lock_released,,753,753,0,100.0,,28365.316371679306
