step,train_step_loss,train_acc,train_loss,val_acc,val_loss,alignment_reward,l_conflict,l_conflict_e0,l_conflict_e1,l_conflict_e2,l_conflict_e3,router_conflict_grad_l2,router_entropy,router_load_e0,router_load_e1,router_load_e2,router_load_e3
30.0,1.0966750383377077,0.3370768229166667,1.1009950873752434,0.3297526041666667,1.1013448362549145,0.005519120022654533,-0.005519120022654533,-0.0015539047308266163,-0.001284680562093854,-0.0013173427432775497,-0.0013631918700411916,0.0,1.3792516862352688,0.27936071157455444,0.2384278029203415,0.22584760189056396,0.25636398792266846
60.0,1.1003129531939828,0.3352864583333333,1.1008479880789916,0.3411458333333333,1.10086506853501,0.001999506726861,-0.001999506726861,-0.0006021574372425675,-0.0004650279588531703,-0.00043691470636986196,-0.0004954065661877394,0.0,1.379699466129144,0.27780669927597046,0.24042443931102753,0.22734682261943817,0.25442197918891907
90.0,1.0960019727547967,0.335205078125,1.1003562491387129,0.3352864583333333,1.1008323729038239,0.0019411752000451088,-0.0019411752000451088,-0.0005347636179067194,-0.00046199277858249843,-0.0004598002415150404,-0.0004846185620408505,0.0,1.3796406239271164,0.27809593081474304,0.2404935508966446,0.2269679754972458,0.2544424831867218
100.0,1.110608925422033,0.3331705729166667,1.1008025910705328,0.3372395833333333,1.101301794250806,0.004340005107223988,-0.004340005107223988,-0.001180676743388176,-0.0010569546138867736,-0.0010039615444839,-0.0010984120890498161,0.0,1.3797777220606804,0.27788031101226807,0.24200980365276337,0.22731177508831024,0.2527979910373688
