step,train_step_loss,train_acc,train_loss,val_acc,val_loss,alignment_reward,l_conflict,l_conflict_e0,l_conflict_e1,l_conflict_e2,l_conflict_e3,router_conflict_grad_l2,router_entropy,router_load_e0,router_load_e1,router_load_e2,router_load_e3
30.0,1.0924043158690135,0.336669921875,1.1011593397706747,0.3356119791666667,1.100809392829736,0.004141924902796745,-0.004141924902796745,-0.0010890731355175376,-0.0008216938585974276,-0.0011238543083891273,-0.0011073036585003138,0.0,1.3752985894680023,0.25677022337913513,0.1974649429321289,0.27460137009620667,0.2711634933948517
60.0,1.092601612210274,0.3439127604166667,1.1012118589133024,0.3264973958333333,1.1008637696504593,0.0021471125073730946,-0.0021471125073730946,-0.0005537379765883088,-0.0004057686892338097,-0.000602019194047898,-0.000585586647503078,0.0,1.3748862246672313,0.2574680745601654,0.19604532420635223,0.2744045853614807,0.27208200097084045
90.0,1.1009313364823663,0.3391927083333333,1.1008588895201683,0.3346354166666667,1.1007141023874283,0.002272811019793153,-0.002272811019793153,-0.0006049007060937583,-0.00044574029743671417,-0.0005907712038606405,-0.0006313987541943789,0.0,1.3752240786949794,0.25670090317726135,0.19720327854156494,0.2739521563053131,0.272143691778183
100.0,1.1029122968514762,0.345458984375,1.1005610916763544,0.330078125,1.1005523726344109,0.007514755241572857,-0.007514755241572857,-0.0019181593088433146,-0.001468347618356347,-0.002031611977145076,-0.002096636453643441,0.0,1.37507347514232,0.25732189416885376,0.19663430750370026,0.2742559015750885,0.2717878520488739
