step,train_step_loss,train_acc,train_loss,val_acc,val_loss,alignment_reward,l_conflict,l_conflict_e0,l_conflict_e1,l_conflict_e2,l_conflict_e3,router_conflict_grad_l2,router_entropy,router_load_e0,router_load_e1,router_load_e2,router_load_e3
30.0,1.1072223732868833,0.340087890625,1.1019103520860274,0.3251953125,1.104988694190979,0.004388020373880863,-0.004388020373880863,-0.0012002449948340654,-0.0008113812073133886,-0.0012113414704799652,-0.001165052643045783,0.0,1.3697673752903938,0.2544941008090973,0.1868235021829605,0.29518911242485046,0.26349326968193054
60.0,1.105677957336108,0.336669921875,1.10141621530056,0.3248697916666667,1.1043768251935642,0.007912497967481613,-0.007912497967481613,-0.0020919020753353834,-0.0014607037883251905,-0.0022697485983371735,-0.0020901430398225784,0.0,1.3692728529373805,0.25801342725753784,0.18508942425251007,0.295121431350708,0.26177576184272766
90.0,1.097163463632266,0.3394368489583333,1.1010401534537475,0.3284505208333333,1.1038768614331882,0.006071842275559902,-0.006071842275559902,-0.0015666427789255977,-0.0012200016062706709,-0.0017408001003786922,-0.001544398139230907,0.0,1.3689306726058323,0.25616487860679626,0.1846001297235489,0.29627490043640137,0.2629601061344147
100.0,1.1093789587418241,0.3399251302083333,1.1013718421260517,0.3297526041666667,1.1038646673162777,0.017112279310822487,-0.017112279310822487,-0.004412757232785225,-0.0033452454954385757,-0.0049238139763474464,-0.004430463071912527,0.0,1.3687398905555408,0.25610610842704773,0.18410997092723846,0.296419620513916,0.26336434483528137
