step,train_step_loss,train_acc,train_loss,val_acc,val_loss,avg_intra_expert_coherence,expert_diversity_e0,expert_diversity_e1,expert_diversity_e2,expert_diversity_e3,expert_diversity_mean,expert_purity_e0,expert_purity_e1,expert_purity_e2,expert_purity_e3,expert_purity_mean,inter_expert_similarity,inter_expert_similarity_e0_e0,inter_expert_similarity_e0_e1,inter_expert_similarity_e0_e2,inter_expert_similarity_e0_e3,inter_expert_similarity_e1_e0,inter_expert_similarity_e1_e1,inter_expert_similarity_e1_e2,inter_expert_similarity_e1_e3,inter_expert_similarity_e2_e0,inter_expert_similarity_e2_e1,inter_expert_similarity_e2_e2,inter_expert_similarity_e2_e3,inter_expert_similarity_e3_e0,inter_expert_similarity_e3_e1,inter_expert_similarity_e3_e2,inter_expert_similarity_e3_e3,intra_expert_coherence_e0,intra_expert_coherence_e1,intra_expert_coherence_e2,intra_expert_coherence_e3,load_cv,load_max_min_ratio,overall_task_conflict_cos,router_entropy,router_load_e0,router_load_e1,router_load_e2,router_load_e3,task_acc__glue_sst2,task_conflict_t0_t0,task_grad_norm_cv,task_loss__glue_sst2,utilization_ratio
50.0,0.19666536897420883,0.7818824332952233,0.5259956615315551,0.6743119266055045,0.7273675338449803,1.0,0.0,0.0,0.0,0.0,0.0,1.0,1.0,1.0,1.0,1.0,-0.002986106011767745,1.0,0.0,0.0,-0.017916636070606468,0.0,1.0,0.0,0.0,0.0,0.0,1.0,0.0,-0.017916636070606468,0.0,0.0,1.0,1.0,1.0,1.0,1.0,1.0163206467819599,568963825702.6672,1.0,0.6767394657528728,0.42954021692276,0.0,0.0014958925312384963,0.5689638257026672,0.6743119266055045,1.0,0.0,0.7273675338449803,0.5
100.0,0.8030124306678772,0.7779774012977179,0.48513157468382045,0.6479357798165137,0.6716463040560484,1.0,0.0,0.0,0.0,0.0,0.0,1.0,1.0,1.0,1.0,1.0,0.0010963602278241627,1.0,0.0,0.0,0.006578161366944977,0.0,1.0,0.0,0.0,0.0,0.0,1.0,0.0,0.006578161366944977,0.0,0.0,1.0,1.0,1.0,1.0,1.0,1.0463112592697144,608838915824.8901,1.0,0.6626642718227631,0.39116111397743225,0.0,0.0,0.6088389158248901,0.6479357798165137,1.0,0.0,0.6716463040560484,0.5
150.0,0.5434756278991699,0.8644077863071463,0.334483684568208,0.8600917431192661,0.32869999198751015,1.0,0.0,0.0,0.0,0.0,0.0,1.0,1.0,1.0,1.0,1.0,0.01277492358859142,1.0,0.0,0.0,0.07664954153154852,0.0,1.0,0.0,0.0,0.0,0.0,1.0,0.0,0.07664954153154852,0.0,0.0,1.0,1.0,1.0,1.0,1.0,1.054142720001068,617907106876.3733,1.0,0.6569768403648236,0.38209280371665955,0.0,0.0,0.6179071068763733,0.8600917431192661,1.0,0.0,0.32869999198751015,0.5
