step,train_step_loss,train_acc,train_loss,val_acc,val_loss,router_entropy,router_load_e0,router_load_e1,router_load_e2,router_load_e3
30.0,0.5870168929298719,0.6462868359441862,0.5954443760806987,0.6365662216396424,0.605164658272157,0.6831287443637848,0.2556259334087372,0.24123935401439667,0.22376833856105804,0.27936649322509766
50.0,0.678656687339147,0.6852876834988321,0.568463472769499,0.6832584397443063,0.5898620007631096,0.6828770125629725,0.2479970008134842,0.20054982602596283,0.2534296214580536,0.2980235517024994
