step,train_step_loss,train_acc,train_loss,val_acc,val_loss,avg_intra_expert_coherence,expert_diversity_e0,expert_diversity_e1,expert_diversity_e2,expert_diversity_e3,expert_diversity_mean,expert_purity_e0,expert_purity_e1,expert_purity_e2,expert_purity_e3,expert_purity_mean,inter_expert_similarity,inter_expert_similarity_e0_e0,inter_expert_similarity_e0_e1,inter_expert_similarity_e0_e2,inter_expert_similarity_e0_e3,inter_expert_similarity_e1_e0,inter_expert_similarity_e1_e1,inter_expert_similarity_e1_e2,inter_expert_similarity_e1_e3,inter_expert_similarity_e2_e0,inter_expert_similarity_e2_e1,inter_expert_similarity_e2_e2,inter_expert_similarity_e2_e3,inter_expert_similarity_e3_e0,inter_expert_similarity_e3_e1,inter_expert_similarity_e3_e2,inter_expert_similarity_e3_e3,intra_expert_coherence_e0,intra_expert_coherence_e1,intra_expert_coherence_e2,intra_expert_coherence_e3,load_cv,load_max_min_ratio,overall_task_conflict_cos,router_entropy,router_load_e0,router_load_e1,router_load_e2,router_load_e3,task_acc__glue_cola,task_acc__glue_mrpc,task_acc__glue_rte,task_conflict_t0_t0,task_conflict_t0_t1,task_conflict_t0_t2,task_conflict_t1_t0,task_conflict_t1_t1,task_conflict_t1_t2,task_conflict_t2_t0,task_conflict_t2_t1,task_conflict_t2_t2,task_grad_norm_cv,task_loss__glue_cola,task_loss__glue_mrpc,task_loss__glue_rte,utilization_ratio
1.0,3.208444575468699,0.3889980964232164,1.83226975327592,0.39912887153908555,1.8123460136740828,0.25722029755366527,0.35656701166731847,0.2961999724821253,0.11376924026793903,0.7089032043566785,0.36885985719351533,0.8928729295730591,0.9204106330871582,0.9769131541252136,0.6791337728500366,0.8673326224088669,0.15874565645314007,1.0,0.1043571663699104,0.17197142716210484,0.18837525735958033,0.1043571663699104,1.0,0.12471432844794332,0.15287806080828895,0.17197142716210484,0.12471432844794332,1.0,0.21017769857101262,0.18837525735958033,0.15287806080828895,0.21017769857101262,1.0,0.5451047952587055,-0.31529667421310786,-0.18433218658123654,0.9834052557503,1.491272211074829,39.058605331845605,0.8193172817363351,0.22360514565823703,0.039850641041994095,0.04160301014780998,0.02293006330728531,0.8956162929534912,0.3087248322147651,0.36519607843137253,0.5234657039711191,1.0,0.7441501596417583,0.966348947276233,0.7441501596417583,1.0,0.7474527382910141,0.966348947276233,0.7474527382910141,1.0,0.7356410120375423,2.8079660910231468,1.1175349909885257,1.5115369590105756,0.25
