step,train_step_loss,train_acc,train_loss,val_acc,val_loss,avg_intra_expert_coherence,expert_diversity_e0,expert_diversity_e1,expert_diversity_e2,expert_diversity_e3,expert_diversity_mean,expert_purity_e0,expert_purity_e1,expert_purity_e2,expert_purity_e3,expert_purity_mean,inter_expert_similarity,inter_expert_similarity_e0_e0,inter_expert_similarity_e0_e1,inter_expert_similarity_e0_e2,inter_expert_similarity_e0_e3,inter_expert_similarity_e1_e0,inter_expert_similarity_e1_e1,inter_expert_similarity_e1_e2,inter_expert_similarity_e1_e3,inter_expert_similarity_e2_e0,inter_expert_similarity_e2_e1,inter_expert_similarity_e2_e2,inter_expert_similarity_e2_e3,inter_expert_similarity_e3_e0,inter_expert_similarity_e3_e1,inter_expert_similarity_e3_e2,inter_expert_similarity_e3_e3,intra_expert_coherence_e0,intra_expert_coherence_e1,intra_expert_coherence_e2,intra_expert_coherence_e3,load_cv,load_max_min_ratio,overall_task_conflict_cos,router_entropy,router_load_e0,router_load_e1,router_load_e2,router_load_e3,task_acc__glue_rte,task_conflict_t0_t0,task_grad_norm_cv,task_loss__glue_rte,utilization_ratio
50.0,1.0648482739925385,0.4983935742971888,0.8626165054738522,0.4729241877256318,0.9053482794099383,1.0,0.0,0.0,0.0,0.0,0.0,1.0,1.0,1.0,1.0,1.0,0.016464734521203995,1.0,0.0,0.0,0.0,0.0,1.0,0.0,0.0,0.0,0.0,1.0,0.09878840712722396,0.0,0.0,0.09878840712722396,1.0,1.0,1.0,1.0,1.0,1.7320507764816284,1000000000000.0,1.0,1.743826543574557e-08,0.0,0.0,1.0,8.314082200477912e-10,0.4729241877256318,1.0,0.0,0.9053482794099383,0.25
100.0,0.7332554459571838,0.4983935742971888,0.6954861872471296,0.4729241877256318,0.700109538104799,1.0,0.0,0.0,0.0,0.0,0.0,1.0,1.0,1.0,1.0,1.0,0.0010916919935896568,1.0,0.0,0.0,0.0,0.0,1.0,0.0,0.0,0.0,0.0,1.0,0.006550151961537941,0.0,0.0,0.006550151961537941,1.0,1.0,1.0,1.0,1.0,1.7320507764816284,1000000000000.0,1.0,1.81240615789247e-07,0.0,0.0,1.0,9.82664527526822e-09,0.4729241877256318,1.0,0.0,0.700109538104799,0.25
150.0,0.6961070597171783,0.5016064257028112,0.7193777507696396,0.5270758122743683,0.7027024643288718,1.0,0.0,0.0,0.0,0.0,0.0,1.0,1.0,1.0,1.0,1.0,0.003200854898159681,1.0,0.0,0.0,0.0,0.0,1.0,0.0,0.0,0.0,0.0,1.0,0.019205129388958086,0.0,0.0,0.019205129388958086,1.0,1.0,1.0,1.0,1.0,1.7320489649597532,999999582767.4866,1.0,1.1983904837326412e-05,0.0,0.0,0.9999995827674866,7.937484269859851e-07,0.5270758122743683,1.0,0.0,0.7027024643288718,0.25
