step,train_step_loss,train_acc,train_loss,val_acc,val_loss,router_entropy,router_load_e0,router_load_e1,router_load_e2,router_load_e3
30.0,0.6112775852282842,0.6401579673766382,0.6027409508295364,0.6320685596620512,0.6137789474672926,0.6689995905315435,0.0006416171090677381,0.4093078076839447,0.0,0.5900506377220154
50.0,0.6542104929685593,0.6721466704498095,0.5767525217781775,0.6621566979387076,0.5873327550856429,0.6594643967433108,0.0007100868970155716,0.3971553146839142,0.0,0.6021344661712646
