step,train_step_loss,train_acc,train_loss,val_acc,val_loss,router_entropy,router_load_e0,router_load_e1,router_load_e2,router_load_e3
30.0,0.5645288328329722,0.6197855813741863,0.6399559049890512,0.6376600689137301,0.6344656016378244,0.6847747044154892,0.10158039629459381,0.2875312864780426,0.3744453489780426,0.2364429533481598
50.0,0.563083752989769,0.6945112353215311,0.5725757626974324,0.6796337313141847,0.5750936128428458,0.6795861921100704,0.021937092766165733,0.18982213735580444,0.5194523930549622,0.2687883973121643
