method,n_seeds,best_mean,best_std,final_mean,final_std,score_mean,score_std
ours,1,0.6838235294117647,0.0,0.6838235294117647,0.0,0.6838235294117647,0.0
baseline,1,0.5441176470588235,0.0,0.5441176470588235,0.0,0.5441176470588235,0.0
cagrad,1,0.40931372549019607,0.0,0.40931372549019607,0.0,0.40931372549019607,0.0
