method,wall_time_sec_mean,wall_time_sec_std,mean_train_step_time_sec_mean,mean_train_step_time_sec_std,peak_cuda_memory_mb_mean,peak_cuda_memory_mb_std
baseline,11.795932415872812,0.0,0.4081572969444096,0.0,3564.6376953125,0.0
cagrad,11.836021308787167,0.0,0.8616367247886956,0.0,3564.6376953125,0.0
ours,11.71277176355943,0.0,0.4535165159031749,0.0,3564.6376953125,0.0
