method,seed,step,router_entropy,router_load_e0,router_load_e1,router_load_e2,router_load_e3
baseline,1,1.0,1.2633532285690308,0.11614605039358139,0.4038967788219452,0.3153165876865387,0.1646406650543213
cagrad,1,1.0,1.3399623515559178,0.3358164429664612,0.24468664824962616,0.1501065492630005,0.269390344619751
ours,1,1.0,1.3557415242288626,0.2989448010921478,0.2035328596830368,0.30655401945114136,0.1909683793783188
