{
  "baseline": {
    "num_common_steps": 1,
    "seeds": [
      1
    ],
    "steps": [
      1
    ],
    "train_acc_last_mean": 0.5149945474372956,
    "train_acc_last_std": 0.0,
    "train_loss_last_mean": 0.6944988906383515,
    "train_loss_last_std": 0.0,
    "val_acc_last_mean": 0.5441176470588235,
    "val_acc_last_std": 0.0,
    "val_loss_last_mean": 0.6957508589212711,
    "val_loss_last_std": 0.0
  },
  "cagrad": {
    "num_common_steps": 1,
    "seeds": [
      1
    ],
    "steps": [
      1
    ],
    "train_acc_last_mean": 0.4261177753544166,
    "train_acc_last_std": 0.0,
    "train_loss_last_mean": 0.7223574536002201,
    "train_loss_last_std": 0.0,
    "val_acc_last_mean": 0.40931372549019607,
    "val_acc_last_std": 0.0,
    "val_loss_last_mean": 0.7273169652773783,
    "val_loss_last_std": 0.0
  },
  "ours": {
    "num_common_steps": 1,
    "seeds": [
      1
    ],
    "steps": [
      1
    ],
    "train_acc_last_mean": 0.6744820065430752,
    "train_acc_last_std": 0.0,
    "train_loss_last_mean": 0.6987605718166932,
    "train_loss_last_std": 0.0,
    "val_acc_last_mean": 0.6838235294117647,
    "val_acc_last_std": 0.0,
    "val_loss_last_mean": 0.6949054724895037,
    "val_loss_last_std": 0.0
  }
}