method,val_acc_last_mean,val_acc_last_std,val_loss_last_mean,val_loss_last_std
baseline,0.5441176470588235,0.0,0.6957508589212711,0.0
cagrad,0.40931372549019607,0.0,0.7273169652773783,0.0
ours,0.6838235294117647,0.0,0.6949054724895037,0.0
