step,train_step_loss,train_acc,train_loss,val_acc,val_loss,avg_intra_expert_coherence,expert_diversity_e0,expert_diversity_e1,expert_diversity_e2,expert_diversity_e3,expert_diversity_mean,expert_purity_e0,expert_purity_e1,expert_purity_e2,expert_purity_e3,expert_purity_mean,inter_expert_similarity,inter_expert_similarity_e0_e0,inter_expert_similarity_e0_e1,inter_expert_similarity_e0_e2,inter_expert_similarity_e0_e3,inter_expert_similarity_e1_e0,inter_expert_similarity_e1_e1,inter_expert_similarity_e1_e2,inter_expert_similarity_e1_e3,inter_expert_similarity_e2_e0,inter_expert_similarity_e2_e1,inter_expert_similarity_e2_e2,inter_expert_similarity_e2_e3,inter_expert_similarity_e3_e0,inter_expert_similarity_e3_e1,inter_expert_similarity_e3_e2,inter_expert_similarity_e3_e3,intra_expert_coherence_e0,intra_expert_coherence_e1,intra_expert_coherence_e2,intra_expert_coherence_e3,load_cv,load_max_min_ratio,overall_task_conflict_cos,router_entropy,router_load_e0,router_load_e1,router_load_e2,router_load_e3,task_acc__glue_mrpc,task_conflict_t0_t0,task_grad_norm_cv,task_loss__glue_mrpc,utilization_ratio
50.0,0.6356410980224609,0.7292802617230099,0.5476023954541787,0.7279411764705882,0.5393261491106107,1.0,0.0,0.0,0.0,0.0,0.0,1.0,1.0,1.0,1.0,1.0,0.0035532164826189475,1.0,0.0,0.021319298895713684,0.0,0.0,1.0,0.0,0.0,0.021319298895713684,0.0,1.0,0.0,0.0,0.0,0.0,1.0,1.0,1.0,1.0,1.0,0.9958943724632263,507735490798.9502,1.0,0.6914244843464271,0.490052193403244,0.002212279476225376,0.5077354907989502,0.0,0.7279411764705882,1.0,0.0,0.5393261491106107,0.5
100.0,0.46222925186157227,0.8178844056706652,0.43079974077965905,0.8235294117647058,0.4253641137709984,1.0,0.0,0.0,0.0,0.0,0.0,1.0,1.0,1.0,1.0,1.0,-0.013656761280081628,1.0,0.0,-0.08194056768048977,0.0,0.0,1.0,0.0,0.0,-0.08194056768048977,0.0,1.0,0.0,0.0,0.0,0.0,1.0,1.0,1.0,1.0,1.0,0.9980239866986267,509259045124.05396,1.0,0.6911146722587884,0.509259045124054,0.0,0.4895577132701874,0.001183228101581335,0.8235294117647058,1.0,0.0,0.4253641137709984,0.5
150.0,0.4688209444284439,0.85659760087241,0.34517182215400366,0.8602941176470589,0.3552481775673536,1.0,0.0,0.0,0.0,0.0,0.0,1.0,1.0,1.0,1.0,1.0,-0.010626031064659982,1.0,0.0,-0.06375618638795989,0.0,0.0,1.0,0.0,0.0,-0.06375618638795989,0.0,1.0,0.0,0.0,0.0,0.0,1.0,1.0,1.0,1.0,1.0,0.993033766746521,464.5623427696214,1.0,0.6892232906584647,0.4744165539741516,0.0034583734814077616,0.5210036039352417,0.001121493405662477,0.8602941176470589,1.0,0.0,0.3552481775673536,0.5
