step,train_step_loss,train_acc,train_loss,val_acc,val_loss,alignment_reward,l_conflict,l_conflict_e0,l_conflict_e1,l_conflict_e2,l_conflict_e3,router_conflict_grad_l2,router_entropy,router_load_e0,router_load_e1,router_load_e2,router_load_e3
30.0,0.6679648905992509,0.625745881252294,0.6586612479411409,0.6160076283075439,0.6644409679661122,0.022707384079694748,-0.022707384079694748,-0.0,-0.0,-0.010577949695289135,-0.012129433453083038,0.0,0.6912291888837461,0.0,0.0,0.4690501391887665,0.5309498310089111
50.0,0.64289195338885,0.625745881252294,0.6592277026983572,0.6160076283075439,0.6667436388108001,0.02265721932053566,-0.02265721932053566,-0.0,-0.0,-0.010454380884766579,-0.012202838435769081,0.0,0.6882708511418767,0.0,0.0,0.4506723880767822,0.5493276119232178
