step,train_step_loss,train_acc,train_loss,val_acc,val_loss,alignment_reward,l_conflict,l_conflict_e0,l_conflict_e1,l_conflict_e2,l_conflict_e3,router_conflict_grad_l2,router_entropy,router_load_e0,router_load_e1,router_load_e2,router_load_e3
30.0,0.6758657346169155,0.6181458792142659,0.6602911219257886,0.58860651287708,0.6792576772407065,0.7099926471710205,-0.7099926471710205,-0.23792600631713867,-0.4001522362232208,-0.0450628288090229,-0.0268515907227993,0.0,0.6619147185098242,0.5190652012825012,0.3529170751571655,0.12266171723604202,0.005356106907129288
50.0,0.6556891699632008,0.641399025862527,0.6329778393927303,0.632493052058934,0.6402519090093755,0.0895480215549469,-0.0895480215549469,-0.044096529483795166,-0.028006698936223984,-0.0089346868917346,-0.008510100655257702,0.0,0.5927933249622583,0.707425057888031,0.12701207399368286,0.12180524319410324,0.04375762864947319
