step,train_step_loss,train_acc,train_loss,val_acc,val_loss,avg_intra_expert_coherence,expert_diversity_e0,expert_diversity_e1,expert_diversity_e2,expert_diversity_e3,expert_diversity_mean,expert_purity_e0,expert_purity_e1,expert_purity_e2,expert_purity_e3,expert_purity_mean,inter_expert_similarity,inter_expert_similarity_e0_e0,inter_expert_similarity_e0_e1,inter_expert_similarity_e0_e2,inter_expert_similarity_e0_e3,inter_expert_similarity_e1_e0,inter_expert_similarity_e1_e1,inter_expert_similarity_e1_e2,inter_expert_similarity_e1_e3,inter_expert_similarity_e2_e0,inter_expert_similarity_e2_e1,inter_expert_similarity_e2_e2,inter_expert_similarity_e2_e3,inter_expert_similarity_e3_e0,inter_expert_similarity_e3_e1,inter_expert_similarity_e3_e2,inter_expert_similarity_e3_e3,intra_expert_coherence_e0,intra_expert_coherence_e1,intra_expert_coherence_e2,intra_expert_coherence_e3,load_cv,load_max_min_ratio,overall_task_conflict_cos,router_entropy,router_load_e0,router_load_e1,router_load_e2,router_load_e3,task_acc__glue_cola,task_acc__glue_mrpc,task_acc__glue_rte,task_conflict_t0_t0,task_conflict_t0_t1,task_conflict_t0_t2,task_conflict_t1_t0,task_conflict_t1_t1,task_conflict_t1_t2,task_conflict_t2_t0,task_conflict_t2_t1,task_conflict_t2_t2,task_grad_norm_cv,task_loss__glue_cola,task_loss__glue_mrpc,task_loss__glue_rte,utilization_ratio
1.0,5.03636622428894,0.3885437161978438,2.9769851112931724,0.3986982540453974,2.934356496355807,0.975686052485039,0.01857918043283794,0.7797926567205898,0.9867885989191638,0.809092682719339,0.6485632796979827,0.9972859621047974,0.6595941781997681,0.4033374786376953,0.5985127687454224,0.6646825969219208,-0.026285503667072163,1.0,0.02752716984695765,-0.1691404156221408,0.11034739303845408,0.02752716984695765,1.0,0.06056497093058461,0.2452646734152199,-0.1691404156221408,0.06056497093058461,1.0,-0.43227681361150844,0.11034739303845408,0.2452646734152199,-0.43227681361150844,1.0,0.9602046278205489,0.9849989164531955,0.9739597061617463,0.9835809595046654,0.7565165016959012,20.563680699263195,0.9190877572060813,0.8907652818080452,0.022630158811807632,0.4653593599796295,0.10612116008996964,0.40588927268981934,0.3087248322147651,0.3602941176470588,0.5270758122743683,1.0,0.8908518939021598,0.9694235278053381,0.8908518939021598,1.0,0.8969878499107459,0.9694235278053381,0.8969878499107459,1.0,0.5692868490545788,3.86175040434335,2.3867854268527497,2.55453365787132,0.5
