step,train_step_loss,train_acc,train_loss,val_acc,val_loss,router_entropy,router_load_e0,router_load_e1,router_load_e2,router_load_e3
30.0,0.6197995245456696,0.6305836309614411,0.6353623550342946,0.6203319127180831,0.6350332700051763,0.6761395259311905,0.07024514675140381,0.40441420674324036,0.46544498205184937,0.05989573895931244
50.0,0.6398233771324158,0.6292616816348179,0.6229819689571126,0.628925101162506,0.6241858752017893,0.67766280858605,0.09140699356794357,0.4050392806529999,0.4501289427280426,0.053424932062625885
