step,train_step_loss,train_acc,train_loss,val_acc,val_loss,router_entropy,router_load_e0,router_load_e1,router_load_e2,router_load_e3
30.0,0.6522496938705444,0.6274213690600283,0.6357577921698524,0.6153324141502926,0.6359208380901297,0.680453525511203,0.00028218713123351336,0.010424469597637653,0.5311527848243713,0.4581405818462372
50.0,0.6023490180571874,0.6311535458428426,0.6239947157563895,0.6361535269823126,0.6228421309514868,0.6806722865612419,0.0008636950515210629,0.012075613252818584,0.528168261051178,0.4588925540447235
