step,train_step_loss,train_acc,train_loss,val_acc,val_loss,avg_intra_expert_coherence,expert_diversity_e0,expert_diversity_e1,expert_diversity_e2,expert_diversity_e3,expert_diversity_mean,expert_purity_e0,expert_purity_e1,expert_purity_e2,expert_purity_e3,expert_purity_mean,inter_expert_similarity,inter_expert_similarity_e0_e0,inter_expert_similarity_e0_e1,inter_expert_similarity_e0_e2,inter_expert_similarity_e0_e3,inter_expert_similarity_e1_e0,inter_expert_similarity_e1_e1,inter_expert_similarity_e1_e2,inter_expert_similarity_e1_e3,inter_expert_similarity_e2_e0,inter_expert_similarity_e2_e1,inter_expert_similarity_e2_e2,inter_expert_similarity_e2_e3,inter_expert_similarity_e3_e0,inter_expert_similarity_e3_e1,inter_expert_similarity_e3_e2,inter_expert_similarity_e3_e3,intra_expert_coherence_e0,intra_expert_coherence_e1,intra_expert_coherence_e2,intra_expert_coherence_e3,load_cv,load_max_min_ratio,overall_task_conflict_cos,router_entropy,router_load_e0,router_load_e1,router_load_e2,router_load_e3,task_acc__glue_mrpc,task_conflict_t0_t0,task_grad_norm_cv,task_loss__glue_mrpc,utilization_ratio
50.0,0.4883652329444885,0.7014721919302072,0.563416058667328,0.6911764705882353,0.5538392812013626,1.0,0.0,0.0,0.0,0.0,0.0,1.0,1.0,1.0,1.0,1.0,0.11625301219922841,1.0,0.05037375466088059,0.2088417899301012,0.24352491189783632,0.05037375466088059,1.0,0.01678952380820857,0.14033989179998183,0.2088417899301012,0.01678952380820857,1.0,0.0376482010983621,0.24352491189783632,0.14033989179998183,0.0376482010983621,1.0,1.0,1.0,1.0,1.0,0.07570575765302687,1.2110171157884153,1.0,1.3652372967963124,0.2617291510105133,0.23761162161827087,0.2264384627342224,0.27422085404396057,0.6911764705882353,1.0,0.0,0.5538392812013626,1.0
100.0,0.5989433228969574,0.7330970556161396,0.5255144013982752,0.7279411764705882,0.5189870355220941,1.0,0.0,0.0,0.0,0.0,0.0,1.0,1.0,1.0,1.0,1.0,0.10410892127681014,1.0,-0.012237289570640396,0.17369823664787723,0.11587943039069996,-0.012237289570640396,1.0,0.047203743963351294,0.3056125922420173,0.17369823664787723,0.047203743963351294,1.0,-0.00550318601244455,0.11587943039069996,0.3056125922420173,-0.00550318601244455,1.0,1.0,1.0,1.0,1.0,0.08373377472162247,1.221283635276958,1.0,1.3598751343932807,0.2590330243110657,0.2315729707479477,0.22932414710521698,0.28006982803344727,0.7279411764705882,1.0,0.0,0.5189870355220941,1.0
