step,train_step_loss,train_acc,train_loss,val_acc,val_loss,avg_intra_expert_coherence,expert_diversity_e0,expert_diversity_e1,expert_diversity_e2,expert_diversity_e3,expert_diversity_mean,expert_purity_e0,expert_purity_e1,expert_purity_e2,expert_purity_e3,expert_purity_mean,inter_expert_similarity,inter_expert_similarity_e0_e0,inter_expert_similarity_e0_e1,inter_expert_similarity_e0_e2,inter_expert_similarity_e0_e3,inter_expert_similarity_e1_e0,inter_expert_similarity_e1_e1,inter_expert_similarity_e1_e2,inter_expert_similarity_e1_e3,inter_expert_similarity_e2_e0,inter_expert_similarity_e2_e1,inter_expert_similarity_e2_e2,inter_expert_similarity_e2_e3,inter_expert_similarity_e3_e0,inter_expert_similarity_e3_e1,inter_expert_similarity_e3_e2,inter_expert_similarity_e3_e3,intra_expert_coherence_e0,intra_expert_coherence_e1,intra_expert_coherence_e2,intra_expert_coherence_e3,load_cv,load_max_min_ratio,overall_task_conflict_cos,router_entropy,router_load_e0,router_load_e1,router_load_e2,router_load_e3,task_acc__glue_mrpc,task_conflict_t0_t0,task_grad_norm_cv,task_loss__glue_mrpc,utilization_ratio
50.0,0.5235048681497574,0.6990185387131952,0.5765209772016691,0.6985294117647058,0.5779473621111649,1.0,0.0,0.0,0.0,0.0,0.0,1.0,1.0,1.0,1.0,1.0,-0.017034407049783703,1.0,0.4591106738281652,-0.28443646103377734,0.010327878258420785,0.4591106738281652,1.0,-0.19262085950865293,0.149683781453688,-0.28443646103377734,-0.19262085950865293,1.0,-0.24427145529654595,0.010327878258420785,0.149683781453688,-0.24427145529654595,1.0,1.0,1.0,1.0,1.0,0.40035189990423914,2.5833894806832163,1.0,1.2910257367526783,0.32318493723869324,0.15867333114147186,0.3735462725162506,0.1445954144001007,0.6985294117647058,1.0,0.0,0.5779473621111649,1.0
100.0,0.5741320252418518,0.7161941112322792,0.5260471105575562,0.7156862745098039,0.524808910030585,1.0,0.0,0.0,0.0,0.0,0.0,1.0,1.0,1.0,1.0,1.0,-0.05184931850265039,1.0,0.4541769972806705,-0.17166517850946503,-0.4119599948999447,0.4541769972806705,1.0,-0.20890055508030816,-0.13248856005069024,-0.17166517850946503,-0.20890055508030816,1.0,0.15974138024383527,-0.4119599948999447,-0.13248856005069024,0.15974138024383527,1.0,1.0,1.0,1.0,1.0,0.36827032972993434,2.4526175475351586,1.0,1.3031346681071263,0.3056391775608063,0.1516404002904892,0.37191590666770935,0.1708044409751892,0.7156862745098039,1.0,0.0,0.524808910030585,1.0
