step,train_step_loss,train_acc,train_loss,val_acc,val_loss,avg_intra_expert_coherence,expert_diversity_e0,expert_diversity_e1,expert_diversity_e2,expert_diversity_e3,expert_diversity_mean,expert_purity_e0,expert_purity_e1,expert_purity_e2,expert_purity_e3,expert_purity_mean,inter_expert_similarity,inter_expert_similarity_e0_e0,inter_expert_similarity_e0_e1,inter_expert_similarity_e0_e2,inter_expert_similarity_e0_e3,inter_expert_similarity_e1_e0,inter_expert_similarity_e1_e1,inter_expert_similarity_e1_e2,inter_expert_similarity_e1_e3,inter_expert_similarity_e2_e0,inter_expert_similarity_e2_e1,inter_expert_similarity_e2_e2,inter_expert_similarity_e2_e3,inter_expert_similarity_e3_e0,inter_expert_similarity_e3_e1,inter_expert_similarity_e3_e2,inter_expert_similarity_e3_e3,intra_expert_coherence_e0,intra_expert_coherence_e1,intra_expert_coherence_e2,intra_expert_coherence_e3,load_cv,load_max_min_ratio,overall_task_conflict_cos,router_entropy,router_load_e0,router_load_e1,router_load_e2,router_load_e3,task_acc__glue_mrpc,task_conflict_t0_t0,task_grad_norm_cv,task_loss__glue_mrpc,utilization_ratio
50.0,0.5082609057426453,0.7829880043620502,0.45910076852078024,0.7941176470588235,0.45343377355199593,1.0,0.0,0.0,0.0,0.0,0.0,1.0,1.0,1.0,1.0,1.0,-0.09645450041710206,1.0,-0.1152086179125926,-0.19886808085294735,-0.31431045928749174,-0.1152086179125926,1.0,-0.29735167423493924,0.47367727608866916,-0.19886808085294735,-0.29735167423493924,1.0,-0.12666544630331059,-0.31431045928749174,0.47367727608866916,-0.12666544630331059,1.0,1.0,1.0,1.0,1.0,0.5160315036773682,3.579509684172596,1.0,1.256169040997823,0.1305120885372162,0.18771620094776154,0.46716928482055664,0.21460238099098206,0.7941176470588235,1.0,0.0,0.45343377355199593,1.0
100.0,0.20971009880304337,0.8745910577971646,0.279768844222164,0.8431372549019608,0.3514198230292935,1.0,0.0,0.0,0.0,0.0,0.0,1.0,1.0,1.0,1.0,1.0,0.005923180210420991,1.0,-0.0321289694370425,0.20030978994840062,0.2599386814746332,-0.0321289694370425,1.0,-0.5758038454935255,-0.051698163722171196,0.20030978994840062,-0.5758038454935255,1.0,0.23492158849223127,0.2599386814746332,-0.051698163722171196,0.23492158849223127,1.0,1.0,1.0,1.0,1.0,0.3777494728565216,2.796786836174617,1.0,1.2913565588932412,0.14151717722415924,0.20009258389472961,0.3957933783531189,0.26259690523147583,0.8431372549019608,1.0,0.0,0.3514198230292935,1.0
