step,train_step_loss,train_acc,train_loss,val_acc,val_loss,avg_intra_expert_coherence,expert_diversity_e0,expert_diversity_e1,expert_diversity_e2,expert_diversity_e3,expert_diversity_mean,expert_purity_e0,expert_purity_e1,expert_purity_e2,expert_purity_e3,expert_purity_mean,inter_expert_similarity,inter_expert_similarity_e0_e0,inter_expert_similarity_e0_e1,inter_expert_similarity_e0_e2,inter_expert_similarity_e0_e3,inter_expert_similarity_e1_e0,inter_expert_similarity_e1_e1,inter_expert_similarity_e1_e2,inter_expert_similarity_e1_e3,inter_expert_similarity_e2_e0,inter_expert_similarity_e2_e1,inter_expert_similarity_e2_e2,inter_expert_similarity_e2_e3,inter_expert_similarity_e3_e0,inter_expert_similarity_e3_e1,inter_expert_similarity_e3_e2,inter_expert_similarity_e3_e3,intra_expert_coherence_e0,intra_expert_coherence_e1,intra_expert_coherence_e2,intra_expert_coherence_e3,load_cv,load_max_min_ratio,overall_task_conflict_cos,router_entropy,router_load_e0,router_load_e1,router_load_e2,router_load_e3,task_acc__glue_mrpc,task_conflict_t0_t0,task_grad_norm_cv,task_loss__glue_mrpc,utilization_ratio
50.0,0.48742514848709106,0.7609051254089422,0.4728098572272321,0.7475490196078431,0.49208906436195743,1.0,0.0,0.0,0.0,0.0,0.0,1.0,1.0,1.0,1.0,1.0,0.05363734943032797,1.0,0.30066855615146465,-0.2932423666716623,0.39071960291672436,0.30066855615146465,1.0,0.35452117025481067,-0.08642904278839196,-0.2932423666716623,0.35452117025481067,1.0,-0.34441382328097764,0.39071960291672436,-0.08642904278839196,-0.34441382328097764,1.0,1.0,1.0,1.0,1.0,0.4219158682923474,2.8134574094280516,1.0,1.2875466299991982,0.16912931203842163,0.4144935607910156,0.147325336933136,0.2690518796443939,0.7475490196078431,1.0,0.0,0.49208906436195743,1.0
100.0,0.32666153460741043,0.8705016357688113,0.310213617445982,0.8529411764705882,0.3353175208545648,1.0,0.0,0.0,0.0,0.0,0.0,1.0,1.0,1.0,1.0,1.0,0.08444119260877203,1.0,0.41588648385595084,-0.3622267365891634,0.3564426812627843,0.41588648385595084,1.0,0.22528987316934387,-0.0065798529667907115,-0.3622267365891634,0.22528987316934387,1.0,-0.12216529307949264,0.3564426812627843,-0.0065798529667907115,-0.12216529307949264,1.0,1.0,1.0,1.0,1.0,0.4762297258514002,3.2647724137091254,1.0,1.2501598222582948,0.18147599697113037,0.44746217131614685,0.13705769181251526,0.23400409519672394,0.8529411764705882,1.0,0.0,0.3353175208545648,1.0
