step,train_step_loss,train_acc,train_loss,val_acc,val_loss,avg_intra_expert_coherence,expert_diversity_e0,expert_diversity_e1,expert_diversity_e2,expert_diversity_e3,expert_diversity_mean,expert_purity_e0,expert_purity_e1,expert_purity_e2,expert_purity_e3,expert_purity_mean,inter_expert_similarity,inter_expert_similarity_e0_e0,inter_expert_similarity_e0_e1,inter_expert_similarity_e0_e2,inter_expert_similarity_e0_e3,inter_expert_similarity_e1_e0,inter_expert_similarity_e1_e1,inter_expert_similarity_e1_e2,inter_expert_similarity_e1_e3,inter_expert_similarity_e2_e0,inter_expert_similarity_e2_e1,inter_expert_similarity_e2_e2,inter_expert_similarity_e2_e3,inter_expert_similarity_e3_e0,inter_expert_similarity_e3_e1,inter_expert_similarity_e3_e2,inter_expert_similarity_e3_e3,intra_expert_coherence_e0,intra_expert_coherence_e1,intra_expert_coherence_e2,intra_expert_coherence_e3,load_cv,load_max_min_ratio,overall_task_conflict_cos,router_entropy,router_load_e0,router_load_e1,router_load_e2,router_load_e3,task_acc__glue_mrpc,task_conflict_t0_t0,task_grad_norm_cv,task_loss__glue_mrpc,utilization_ratio
50.0,0.32937144488096237,0.7838058887677208,0.4511980340532635,0.7745098039215687,0.4659295170926131,1.0,0.0,0.0,0.0,0.0,0.0,1.0,1.0,1.0,1.0,1.0,-0.046550038475681337,1.0,-0.0303047837910447,-0.2916777408050803,-0.1600405638986748,-0.0303047837910447,1.0,0.4431361820913033,-0.18732809515827842,-0.2916777408050803,0.4431361820913033,1.0,-0.05308522929231307,-0.1600405638986748,-0.18732809515827842,-0.05308522929231307,1.0,1.0,1.0,1.0,1.0,0.6122830875088625,3.4596635919957093,1.0,1.2047000235202265,0.1772221028804779,0.15951231122016907,0.1487254649400711,0.5145400762557983,0.7745098039215687,1.0,0.0,0.4659295170926131,1.0
100.0,0.4700889587402344,0.8590512540894221,0.3248374591864969,0.8431372549019608,0.35035898951956856,1.0,0.0,0.0,0.0,0.0,0.0,1.0,1.0,1.0,1.0,1.0,-0.05908548659783102,1.0,-0.18222228613316171,-0.030644386435379183,0.05179660515519821,-0.18222228613316171,1.0,0.26844716991163553,-0.19502770408799702,-0.030644386435379183,0.26844716991163553,1.0,-0.26686231799728194,0.05179660515519821,-0.19502770408799702,-0.26686231799728194,1.0,1.0,1.0,1.0,1.0,0.6515877842903137,4.0120078204293845,1.0,1.174351776347441,0.18053576350212097,0.15662114322185516,0.13225102424621582,0.530592143535614,0.8431372549019608,1.0,0.0,0.35035898951956856,1.0
