step,train_step_loss,train_acc,train_loss,val_acc,val_loss,avg_intra_expert_coherence,expert_diversity_e0,expert_diversity_e1,expert_diversity_e2,expert_diversity_e3,expert_diversity_mean,expert_purity_e0,expert_purity_e1,expert_purity_e2,expert_purity_e3,expert_purity_mean,inter_expert_similarity,inter_expert_similarity_e0_e0,inter_expert_similarity_e0_e1,inter_expert_similarity_e0_e2,inter_expert_similarity_e0_e3,inter_expert_similarity_e1_e0,inter_expert_similarity_e1_e1,inter_expert_similarity_e1_e2,inter_expert_similarity_e1_e3,inter_expert_similarity_e2_e0,inter_expert_similarity_e2_e1,inter_expert_similarity_e2_e2,inter_expert_similarity_e2_e3,inter_expert_similarity_e3_e0,inter_expert_similarity_e3_e1,inter_expert_similarity_e3_e2,inter_expert_similarity_e3_e3,intra_expert_coherence_e0,intra_expert_coherence_e1,intra_expert_coherence_e2,intra_expert_coherence_e3,load_cv,load_max_min_ratio,overall_task_conflict_cos,router_entropy,router_load_e0,router_load_e1,router_load_e2,router_load_e3,task_acc__glue_rte,task_conflict_t0_t0,task_grad_norm_cv,task_loss__glue_rte,utilization_ratio
50.0,0.6194455623626709,0.623293172690763,0.6528489408966822,0.6209386281588448,0.6580385979678895,1.0,0.0,0.0,0.0,0.0,0.0,1.0,1.0,1.0,1.0,1.0,0.0046716174904511765,1.0,0.0,0.0,0.028029704942707057,0.0,1.0,0.0,0.0,0.0,0.0,1.0,0.0,0.028029704942707057,0.0,0.0,1.0,1.0,1.0,1.0,1.0,1.0003092288602318,508793711662.2925,1.0,0.6915728193758197,0.49120640754699707,0.0,0.0,0.5087937116622925,0.6209386281588448,1.0,0.0,0.6580385979678895,0.5
100.0,0.7305180430412292,0.6096385542168675,0.6762055660287539,0.5776173285198556,0.6853242119153341,1.0,0.0,0.0,0.0,0.0,0.0,1.0,1.0,1.0,1.0,1.0,0.006758063703667758,1.0,0.0,0.0,0.040548382222006546,0.0,1.0,0.0,0.0,0.0,0.0,1.0,0.0,0.040548382222006546,0.0,0.0,1.0,1.0,1.0,1.0,1.0,1.0171289443969727,565718472003.9368,1.0,0.6837533699476331,0.5657184720039368,0.0,0.0,0.4342815577983856,0.5776173285198556,1.0,0.0,0.6853242119153341,0.5
150.0,0.7391038239002228,0.5875502008032129,0.6687645227099076,0.5595667870036101,0.6849533683723874,1.0,0.0,0.0,0.0,0.0,0.0,1.0,1.0,1.0,1.0,1.0,0.007088355196737403,1.0,0.0,0.0,0.04253013118042442,0.0,1.0,0.0,0.0,0.0,0.0,1.0,0.0,0.04253013118042442,0.0,0.0,1.0,1.0,1.0,1.0,1.0,1.000778317451477,513951838016.51,1.0,0.6922129534642188,0.51395183801651,0.0,0.0,0.4860481917858124,0.5595667870036101,1.0,0.0,0.6849533683723874,0.5
