step,train_step_loss,train_acc,train_loss,val_acc,val_loss,avg_intra_expert_coherence,expert_diversity_e0,expert_diversity_e1,expert_diversity_e2,expert_diversity_e3,expert_diversity_mean,expert_purity_e0,expert_purity_e1,expert_purity_e2,expert_purity_e3,expert_purity_mean,inter_expert_similarity,inter_expert_similarity_e0_e0,inter_expert_similarity_e0_e1,inter_expert_similarity_e0_e2,inter_expert_similarity_e0_e3,inter_expert_similarity_e1_e0,inter_expert_similarity_e1_e1,inter_expert_similarity_e1_e2,inter_expert_similarity_e1_e3,inter_expert_similarity_e2_e0,inter_expert_similarity_e2_e1,inter_expert_similarity_e2_e2,inter_expert_similarity_e2_e3,inter_expert_similarity_e3_e0,inter_expert_similarity_e3_e1,inter_expert_similarity_e3_e2,inter_expert_similarity_e3_e3,intra_expert_coherence_e0,intra_expert_coherence_e1,intra_expert_coherence_e2,intra_expert_coherence_e3,load_cv,load_max_min_ratio,overall_task_conflict_cos,router_entropy,router_load_e0,router_load_e1,router_load_e2,router_load_e3,task_acc__glue_mrpc,task_conflict_t0_t0,task_grad_norm_cv,task_loss__glue_mrpc,utilization_ratio
50.0,0.3630569353699684,0.8061613958560524,0.4217384857975918,0.8014705882352942,0.4170296283868643,1.0,0.0,0.0,0.0,0.0,0.0,1.0,1.0,1.0,1.0,1.0,0.013458132547931592,1.0,-0.1643048982141009,-0.00716385187093203,0.10982193812947126,-0.1643048982141009,1.0,0.05566648880302959,0.3418283341095181,-0.00716385187093203,0.05566648880302959,1.0,-0.2550992156693965,0.10982193812947126,0.3418283341095181,-0.2550992156693965,1.0,1.0,1.0,1.0,1.0,0.3963158603091073,2.5964405754044226,1.0,1.28165120938245,0.41579103469848633,0.23231033980846405,0.16013886034488678,0.1917596161365509,0.8014705882352942,1.0,0.0,0.4170296283868643,1.0
100.0,0.5267964452505112,0.8764994547437296,0.2927763098243462,0.8725490196078431,0.3120714398817374,1.0,0.0,0.0,0.0,0.0,0.0,1.0,1.0,1.0,1.0,1.0,-0.0834415976842412,1.0,-0.0872110868596877,0.1215141961850258,0.14601808465055227,-0.0872110868596877,1.0,-0.2967657673457899,-0.14402225345627845,0.1215141961850258,-0.2967657673457899,1.0,-0.24018275927926924,0.14601808465055227,-0.14402225345627845,-0.24018275927926924,1.0,1.0,1.0,1.0,1.0,0.34088120947852246,2.4993714180088324,1.0,1.2805108626683552,0.26335766911506653,0.38100767135620117,0.15244139730930328,0.20319320261478424,0.8725490196078431,1.0,0.0,0.3120714398817374,1.0
