step,train_step_loss,train_acc,train_loss,val_acc,val_loss,avg_intra_expert_coherence,expert_diversity_e0,expert_diversity_e1,expert_diversity_e2,expert_diversity_e3,expert_diversity_mean,expert_purity_e0,expert_purity_e1,expert_purity_e2,expert_purity_e3,expert_purity_mean,inter_expert_similarity,inter_expert_similarity_e0_e0,inter_expert_similarity_e0_e1,inter_expert_similarity_e0_e2,inter_expert_similarity_e0_e3,inter_expert_similarity_e1_e0,inter_expert_similarity_e1_e1,inter_expert_similarity_e1_e2,inter_expert_similarity_e1_e3,inter_expert_similarity_e2_e0,inter_expert_similarity_e2_e1,inter_expert_similarity_e2_e2,inter_expert_similarity_e2_e3,inter_expert_similarity_e3_e0,inter_expert_similarity_e3_e1,inter_expert_similarity_e3_e2,inter_expert_similarity_e3_e3,intra_expert_coherence_e0,intra_expert_coherence_e1,intra_expert_coherence_e2,intra_expert_coherence_e3,load_cv,load_max_min_ratio,overall_task_conflict_cos,router_entropy,router_load_e0,router_load_e1,router_load_e2,router_load_e3,task_acc__glue_mrpc,task_conflict_t0_t0,task_grad_norm_cv,task_loss__glue_mrpc,utilization_ratio
50.0,0.4432385265827179,0.7840785169029444,0.4618037173929422,0.8112745098039216,0.4556994756253866,1.0,0.0,0.0,0.0,0.0,0.0,1.0,1.0,1.0,1.0,1.0,0.09868670339188179,1.0,0.42133890807288593,0.17047261727491866,0.2405709439658769,0.42133890807288593,1.0,0.13511517181506505,0.1461779871462339,0.17047261727491866,0.13511517181506505,1.0,-0.5215554079236897,0.2405709439658769,0.1461779871462339,-0.5215554079236897,1.0,1.0,1.0,1.0,1.0,0.2805013656616211,2.315297262523824,1.0,1.326228326442195,0.2668614983558655,0.23866702616214752,0.14914844930171967,0.34532299637794495,0.8112745098039216,1.0,0.0,0.4556994756253866,1.0
100.0,0.2133011370897293,0.8650490730643402,0.3020839281906576,0.8112745098039216,0.35394053153980237,1.0,0.0,0.0,0.0,0.0,0.0,1.0,1.0,1.0,1.0,1.0,0.07793315246179745,1.0,-0.22936404018443177,-0.2784912369927909,0.48197635683658446,-0.22936404018443177,1.0,0.21894319219978464,0.3242057837452752,-0.2784912369927909,0.21894319219978464,1.0,-0.04967114083363694,0.48197635683658446,0.3242057837452752,-0.04967114083363694,1.0,1.0,1.0,1.0,1.0,0.3701004904568488,2.52875475080271,1.0,1.273587991209591,0.33698493242263794,0.18123272061347961,0.13653038442134857,0.3452518582344055,0.8112745098039216,1.0,0.0,0.35394053153980237,1.0
