step,train_step_loss,train_acc,train_loss,val_acc,val_loss,avg_intra_expert_coherence,expert_diversity_e0,expert_diversity_e1,expert_diversity_e2,expert_diversity_e3,expert_diversity_mean,expert_purity_e0,expert_purity_e1,expert_purity_e2,expert_purity_e3,expert_purity_mean,inter_expert_similarity,inter_expert_similarity_e0_e0,inter_expert_similarity_e0_e1,inter_expert_similarity_e0_e2,inter_expert_similarity_e0_e3,inter_expert_similarity_e1_e0,inter_expert_similarity_e1_e1,inter_expert_similarity_e1_e2,inter_expert_similarity_e1_e3,inter_expert_similarity_e2_e0,inter_expert_similarity_e2_e1,inter_expert_similarity_e2_e2,inter_expert_similarity_e2_e3,inter_expert_similarity_e3_e0,inter_expert_similarity_e3_e1,inter_expert_similarity_e3_e2,inter_expert_similarity_e3_e3,intra_expert_coherence_e0,intra_expert_coherence_e1,intra_expert_coherence_e2,intra_expert_coherence_e3,load_cv,load_max_min_ratio,overall_task_conflict_cos,router_entropy,router_load_e0,router_load_e1,router_load_e2,router_load_e3,task_acc__glue_rte,task_conflict_t0_t0,task_grad_norm_cv,task_loss__glue_rte,utilization_ratio
50.0,0.6453293859958649,0.5024096385542168,0.6827867432664602,0.5270758122743683,0.6803809520271089,1.0,0.0,0.0,0.0,0.0,0.0,1.0,1.0,1.0,1.0,1.0,0.00523995076822226,1.0,0.0,0.0,0.0,0.0,1.0,0.03143970460933356,0.0,0.0,0.03143970460933356,1.0,0.0,0.0,0.0,0.0,1.0,1.0,1.0,1.0,1.0,1.0003482103347778,509330809116.3635,1.0,0.6925894465257114,0.0,0.4906691610813141,0.5093308091163635,0.0,0.5270758122743683,1.0,0.0,0.6803809520271089,0.5
100.0,0.6795406937599182,0.6606425702811245,0.6317272199461094,0.6101083032490975,0.6636648625135422,1.0,0.0,0.0,0.0,0.0,0.0,1.0,1.0,1.0,1.0,1.0,0.008314019780252818,1.0,0.0,0.0,0.0,0.0,1.0,0.049884118681516904,0.0,0.0,0.049884118681516904,1.0,0.0,0.0,0.0,0.0,1.0,1.0,1.0,1.0,1.0,1.001828611006058,521391212940.21606,1.0,0.690721059103735,0.0,0.5213912129402161,0.47860872745513916,0.0,0.6101083032490975,1.0,0.0,0.6636648625135422,0.5
150.0,0.5856907963752747,0.697991967871486,0.6134410528800427,0.6606498194945848,0.638809392021762,1.0,0.0,0.0,0.0,0.0,0.0,1.0,1.0,1.0,1.0,1.0,-0.0033630297275970525,1.0,-0.03844920579436248,0.016623396649412793,0.0,-0.03844920579436248,1.0,0.0016476307793673694,0.0,0.016623396649412793,0.0016476307793673694,1.0,0.0,0.0,0.0,0.0,1.0,1.0,1.0,1.0,1.0,0.8896903991699219,593367874622.345,1.0,0.6738729390857022,0.12230070680379868,0.28433144092559814,0.593367874622345,0.0,0.6606498194945848,1.0,0.0,0.638809392021762,0.5
