step,train_step_loss,train_acc,train_loss,val_acc,val_loss,avg_intra_expert_coherence,expert_diversity_e0,expert_diversity_e1,expert_diversity_e2,expert_diversity_e3,expert_diversity_mean,expert_purity_e0,expert_purity_e1,expert_purity_e2,expert_purity_e3,expert_purity_mean,inter_expert_similarity,inter_expert_similarity_e0_e0,inter_expert_similarity_e0_e1,inter_expert_similarity_e0_e2,inter_expert_similarity_e0_e3,inter_expert_similarity_e1_e0,inter_expert_similarity_e1_e1,inter_expert_similarity_e1_e2,inter_expert_similarity_e1_e3,inter_expert_similarity_e2_e0,inter_expert_similarity_e2_e1,inter_expert_similarity_e2_e2,inter_expert_similarity_e2_e3,inter_expert_similarity_e3_e0,inter_expert_similarity_e3_e1,inter_expert_similarity_e3_e2,inter_expert_similarity_e3_e3,intra_expert_coherence_e0,intra_expert_coherence_e1,intra_expert_coherence_e2,intra_expert_coherence_e3,load_cv,load_max_min_ratio,overall_task_conflict_cos,router_entropy,router_load_e0,router_load_e1,router_load_e2,router_load_e3,task_acc__glue_rte,task_conflict_t0_t0,task_grad_norm_cv,task_loss__glue_rte,utilization_ratio
50.0,0.6285945475101471,0.6341365461847389,0.6360116455417414,0.6064981949458483,0.6553228050470352,1.0,0.0,0.0,0.0,0.0,0.0,1.0,1.0,1.0,1.0,1.0,0.008165002717954457,1.0,0.048990016307726744,0.0,0.0,0.048990016307726744,1.0,0.0,0.0,0.0,0.0,1.0,0.0,0.0,0.0,0.0,1.0,1.0,1.0,1.0,1.0,1.0201924455280569,584659695625.3052,1.0,0.6733036497439718,0.4102995693683624,0.5846596956253052,0.005040714051574469,0.0,0.6064981949458483,1.0,0.0,0.6553228050470352,0.5
100.0,0.7276952266693115,0.7152610441767068,0.568862962952027,0.6895306859205776,0.6025579066740142,1.0,0.0,0.0,0.0,0.0,0.0,1.0,1.0,1.0,1.0,1.0,0.00305705879725959,1.0,0.01834235278355754,0.0,0.0,0.01834235278355754,1.0,0.0,0.0,0.0,0.0,1.0,0.0,0.0,0.0,0.0,1.0,1.0,1.0,1.0,1.0,1.0034213066101074,551172554492.9504,1.0,0.671627566272171,0.4448671340942383,0.5511725544929504,0.0,0.00396036496385932,0.6895306859205776,1.0,0.0,0.6025579066740142,0.5
150.0,0.6248655319213867,0.7726907630522089,0.5117226156477744,0.7003610108303249,0.5856712344619963,1.0,0.0,0.0,0.0,0.0,0.0,1.0,1.0,1.0,1.0,1.0,0.004835080719562444,1.0,0.029010484317374664,0.0,0.0,0.029010484317374664,1.0,0.0,0.0,0.0,0.0,1.0,0.0,0.0,0.0,0.0,1.0,1.0,1.0,1.0,1.0,1.039696455001831,600603640079.4983,1.0,0.6590638324241775,0.3993963897228241,0.6006036400794983,0.0,0.0,0.7003610108303249,1.0,0.0,0.5856712344619963,0.5
