step,train_step_loss,train_acc,train_loss,val_acc,val_loss,avg_intra_expert_coherence,expert_diversity_e0,expert_diversity_e1,expert_diversity_e2,expert_diversity_e3,expert_diversity_mean,expert_purity_e0,expert_purity_e1,expert_purity_e2,expert_purity_e3,expert_purity_mean,inter_expert_similarity,inter_expert_similarity_e0_e0,inter_expert_similarity_e0_e1,inter_expert_similarity_e0_e2,inter_expert_similarity_e0_e3,inter_expert_similarity_e1_e0,inter_expert_similarity_e1_e1,inter_expert_similarity_e1_e2,inter_expert_similarity_e1_e3,inter_expert_similarity_e2_e0,inter_expert_similarity_e2_e1,inter_expert_similarity_e2_e2,inter_expert_similarity_e2_e3,inter_expert_similarity_e3_e0,inter_expert_similarity_e3_e1,inter_expert_similarity_e3_e2,inter_expert_similarity_e3_e3,intra_expert_coherence_e0,intra_expert_coherence_e1,intra_expert_coherence_e2,intra_expert_coherence_e3,load_cv,load_max_min_ratio,overall_task_conflict_cos,router_entropy,router_load_e0,router_load_e1,router_load_e2,router_load_e3,task_acc__glue_cola,task_acc__glue_mrpc,task_acc__glue_rte,task_conflict_t0_t0,task_conflict_t0_t1,task_conflict_t0_t2,task_conflict_t1_t0,task_conflict_t1_t1,task_conflict_t1_t2,task_conflict_t2_t0,task_conflict_t2_t1,task_conflict_t2_t2,task_grad_norm_cv,task_loss__glue_cola,task_loss__glue_mrpc,task_loss__glue_rte,utilization_ratio
1.0,0.6630326310793558,0.625745881252294,0.6709066337938766,0.6160076283075439,0.6730999052491685,0.0663198185630856,0.9174756733741124,0.9440029696734792,0.9440564645954764,0.9339652389345808,0.9348750866444122,0.5025594234466553,0.4176812767982483,0.5031486749649048,0.5183900594711304,0.4854448586702347,0.039177614790519615,1.0,0.011140852526915025,0.0461713059123054,0.054817681887520515,0.011140852526915025,1.0,0.03378706729962258,0.024312244398215315,0.0461713059123054,0.03378706729962258,1.0,0.06483653671853883,0.054817681887520515,0.024312244398215315,0.06483653671853883,1.0,-0.05677993727775383,-0.15112248397243347,0.39030876476651993,0.08287293073600974,0.6347409326146921,4.9048358162010635,-0.03314963204124064,1.1881094001647499,0.5186548233032227,0.18701553344726562,0.18858617544174194,0.10574356466531754,0.6912751677852349,0.6838235294117647,0.4729241877256318,1.0,0.556745768173625,-0.4776803619414102,0.556745768173625,1.0,-0.17851430235593668,-0.4776803619414102,-0.17851430235593668,1.0,0.35092275947685636,0.6563363812351954,0.6585327036240521,0.7044306308882577,0.75
