step,train_step_loss,train_acc,train_loss,val_acc,val_loss,avg_intra_expert_coherence,expert_diversity_e0,expert_diversity_e1,expert_diversity_e2,expert_diversity_e3,expert_diversity_mean,expert_purity_e0,expert_purity_e1,expert_purity_e2,expert_purity_e3,expert_purity_mean,inter_expert_similarity,inter_expert_similarity_e0_e0,inter_expert_similarity_e0_e1,inter_expert_similarity_e0_e2,inter_expert_similarity_e0_e3,inter_expert_similarity_e1_e0,inter_expert_similarity_e1_e1,inter_expert_similarity_e1_e2,inter_expert_similarity_e1_e3,inter_expert_similarity_e2_e0,inter_expert_similarity_e2_e1,inter_expert_similarity_e2_e2,inter_expert_similarity_e2_e3,inter_expert_similarity_e3_e0,inter_expert_similarity_e3_e1,inter_expert_similarity_e3_e2,inter_expert_similarity_e3_e3,intra_expert_coherence_e0,intra_expert_coherence_e1,intra_expert_coherence_e2,intra_expert_coherence_e3,load_cv,load_max_min_ratio,overall_task_conflict_cos,router_entropy,router_load_e0,router_load_e1,router_load_e2,router_load_e3,task_acc__glue_sst2,task_conflict_t0_t0,task_grad_norm_cv,task_loss__glue_sst2,utilization_ratio
50.0,0.7395284175872803,0.5578256544269403,0.6870117224310469,0.5091743119266054,0.701625042070042,1.0,0.0,0.0,0.0,0.0,0.0,1.0,1.0,1.0,1.0,1.0,0.017891829048463145,1.0,0.10735097429077887,0.0,0.0,0.10735097429077887,1.0,0.0,0.0,0.0,0.0,1.0,0.0,0.0,0.0,0.0,1.0,1.0,1.0,1.0,1.0,1.006866693496704,541503667831.4209,1.0,0.6896981132139853,0.5415036678314209,0.4584963321685791,0.0,0.0,0.5091743119266054,1.0,0.0,0.701625042070042,0.5
100.0,0.652024507522583,0.5578256544269403,0.6917683561100246,0.5091743119266054,0.713330393487757,1.0,0.0,0.0,0.0,0.0,0.0,1.0,1.0,1.0,1.0,1.0,0.006308246482831123,1.0,0.0,0.0,0.03784947889698674,0.0,1.0,0.0,0.0,0.0,0.0,1.0,0.0,0.03784947889698674,0.0,0.0,1.0,1.0,1.0,1.0,1.0,1.0059482458799032,538619875907.89795,1.0,0.6901612303672581,0.538619875907898,0.0,0.0,0.4613800644874573,0.5091743119266054,1.0,0.0,0.713330393487757,0.5
150.0,0.6945502758026123,0.5578256544269403,0.6864379206066177,0.5091743119266054,0.6976227315989407,1.0,0.0,0.0,0.0,0.0,0.0,1.0,1.0,1.0,1.0,1.0,-0.020888418933816367,1.0,0.0,0.0,-0.1253305136028982,0.0,1.0,0.0,0.0,0.0,0.0,1.0,0.0,-0.1253305136028982,0.0,0.0,1.0,1.0,1.0,1.0,1.0,1.0046888589859009,534277677536.01074,1.0,0.6907954237876682,0.5342776775360107,0.0,0.0,0.46572238206863403,0.5091743119266054,1.0,0.0,0.6976227315989407,0.5
