step,train_step_loss,train_acc,train_loss,val_acc,val_loss,avg_intra_expert_coherence,expert_diversity_e0,expert_diversity_e1,expert_diversity_e2,expert_diversity_e3,expert_diversity_mean,expert_purity_e0,expert_purity_e1,expert_purity_e2,expert_purity_e3,expert_purity_mean,inter_expert_similarity,inter_expert_similarity_e0_e0,inter_expert_similarity_e0_e1,inter_expert_similarity_e0_e2,inter_expert_similarity_e0_e3,inter_expert_similarity_e1_e0,inter_expert_similarity_e1_e1,inter_expert_similarity_e1_e2,inter_expert_similarity_e1_e3,inter_expert_similarity_e2_e0,inter_expert_similarity_e2_e1,inter_expert_similarity_e2_e2,inter_expert_similarity_e2_e3,inter_expert_similarity_e3_e0,inter_expert_similarity_e3_e1,inter_expert_similarity_e3_e2,inter_expert_similarity_e3_e3,intra_expert_coherence_e0,intra_expert_coherence_e1,intra_expert_coherence_e2,intra_expert_coherence_e3,load_cv,load_max_min_ratio,overall_task_conflict_cos,router_entropy,router_load_e0,router_load_e1,router_load_e2,router_load_e3,task_acc__glue_sst2,task_conflict_t0_t0,task_grad_norm_cv,task_loss__glue_sst2,utilization_ratio
50.0,0.8997432887554169,0.44217434557305973,0.718118087851803,0.4908256880733945,0.704858602177013,1.0,0.0,0.0,0.0,0.0,0.0,1.0,1.0,1.0,1.0,1.0,0.08420464912338406,1.0,0.0,0.0,0.0,0.0,1.0,0.0,0.0,0.0,0.0,1.0,0.5052278947403044,0.0,0.0,0.5052278947403044,1.0,1.0,1.0,1.0,1.0,1.0397359132766724,600654602050.7812,1.0,0.6727453431951891,0.0,0.0,0.39934539794921875,0.6006546020507812,0.4908256880733945,1.0,0.0,0.704858602177013,0.5
100.0,0.730476588010788,0.5578256544269403,0.693975212341816,0.5091743119266054,0.7173630478707227,1.0,0.0,0.0,0.0,0.0,0.0,1.0,1.0,1.0,1.0,1.0,0.028797758283203512,1.0,0.0,0.0,0.0,0.0,1.0,0.0,0.0,0.0,0.0,1.0,0.17278654969922108,0.0,0.0,0.17278654969922108,1.0,1.0,1.0,1.0,1.0,1.1137188916167926,673339009284.9731,1.0,0.6317892998730371,0.0,0.0,0.3266617953777313,0.6733390092849731,0.5091743119266054,1.0,0.0,0.7173630478707227,0.5
150.0,0.6919187605381012,0.44217434557305973,0.6947477981837515,0.4908256880733945,0.6934712827205658,1.0,0.0,0.0,0.0,0.0,0.0,1.0,1.0,1.0,1.0,1.0,0.03914904484869648,1.0,0.0,0.0,0.0,0.0,1.0,0.0,0.0,0.0,0.0,1.0,0.2348942690921789,0.0,0.0,0.2348942690921789,1.0,1.0,1.0,1.0,1.0,1.1939353924797156,730619013309.4788,1.0,0.582642077305995,0.0,0.0,0.26938068866729736,0.7306190133094788,0.4908256880733945,1.0,0.0,0.6934712827205658,0.5
