step,train_step_loss,train_acc,train_loss,val_acc,val_loss,avg_intra_expert_coherence,expert_diversity_e0,expert_diversity_e1,expert_diversity_e2,expert_diversity_e3,expert_diversity_mean,expert_purity_e0,expert_purity_e1,expert_purity_e2,expert_purity_e3,expert_purity_mean,inter_expert_similarity,inter_expert_similarity_e0_e0,inter_expert_similarity_e0_e1,inter_expert_similarity_e0_e2,inter_expert_similarity_e0_e3,inter_expert_similarity_e1_e0,inter_expert_similarity_e1_e1,inter_expert_similarity_e1_e2,inter_expert_similarity_e1_e3,inter_expert_similarity_e2_e0,inter_expert_similarity_e2_e1,inter_expert_similarity_e2_e2,inter_expert_similarity_e2_e3,inter_expert_similarity_e3_e0,inter_expert_similarity_e3_e1,inter_expert_similarity_e3_e2,inter_expert_similarity_e3_e3,intra_expert_coherence_e0,intra_expert_coherence_e1,intra_expert_coherence_e2,intra_expert_coherence_e3,load_cv,load_max_min_ratio,overall_task_conflict_cos,router_entropy,router_load_e0,router_load_e1,router_load_e2,router_load_e3,task_acc__glue_rte,task_conflict_t0_t0,task_grad_norm_cv,task_loss__glue_rte,utilization_ratio
50.0,0.5563605725765228,0.5975903614457831,0.6593043530407624,0.5631768953068592,0.6627717895640267,1.0,0.0,0.0,0.0,0.0,0.0,1.0,1.0,1.0,1.0,1.0,0.00636096047277144,1.0,0.03816576283662864,0.0,0.0,0.03816576283662864,1.0,0.0,0.0,0.0,0.0,1.0,0.0,0.0,0.0,0.0,1.0,1.0,1.0,1.0,1.0,1.0030896663665771,527814209461.21216,1.0,0.6904714770265434,0.47218576073646545,0.5278142094612122,0.0,0.0,0.5631768953068592,1.0,0.0,0.6627717895640267,0.5
100.0,0.6530567407608032,0.678714859437751,0.620015412951127,0.6245487364620939,0.6532863395081626,1.0,0.0,0.0,0.0,0.0,0.0,1.0,1.0,1.0,1.0,1.0,0.006836650537194039,1.0,0.041019903223164234,0.0,0.0,0.041019903223164234,1.0,0.0,0.0,0.0,0.0,1.0,0.0,0.0,0.0,0.0,1.0,1.0,1.0,1.0,1.0,1.0585658550262451,622760772705.0781,1.0,0.6610340951582154,0.37723928689956665,0.6227607727050781,0.0,0.0,0.6245487364620939,1.0,0.0,0.6532863395081626,0.5
150.0,0.6711143851280212,0.7674698795180723,0.5606375327477088,0.7003610108303249,0.6024941561950578,1.0,0.0,0.0,0.0,0.0,0.0,1.0,1.0,1.0,1.0,1.0,0.007884245258548929,1.0,0.04730547155129357,0.0,0.0,0.04730547155129357,1.0,0.0,0.0,0.0,0.0,1.0,0.0,0.0,0.0,0.0,1.0,1.0,1.0,1.0,1.0,1.0272430181503296,583087384700.7751,1.0,0.6745082505773551,0.41691264510154724,0.5830873847007751,0.0,0.0,0.7003610108303249,1.0,0.0,0.6024941561950578,0.5
