step,train_step_loss,train_acc,train_loss,val_acc,val_loss,avg_intra_expert_coherence,expert_diversity_e0,expert_diversity_e1,expert_diversity_e2,expert_diversity_e3,expert_diversity_mean,expert_purity_e0,expert_purity_e1,expert_purity_e2,expert_purity_e3,expert_purity_mean,inter_expert_similarity,inter_expert_similarity_e0_e0,inter_expert_similarity_e0_e1,inter_expert_similarity_e0_e2,inter_expert_similarity_e0_e3,inter_expert_similarity_e1_e0,inter_expert_similarity_e1_e1,inter_expert_similarity_e1_e2,inter_expert_similarity_e1_e3,inter_expert_similarity_e2_e0,inter_expert_similarity_e2_e1,inter_expert_similarity_e2_e2,inter_expert_similarity_e2_e3,inter_expert_similarity_e3_e0,inter_expert_similarity_e3_e1,inter_expert_similarity_e3_e2,inter_expert_similarity_e3_e3,intra_expert_coherence_e0,intra_expert_coherence_e1,intra_expert_coherence_e2,intra_expert_coherence_e3,load_cv,load_max_min_ratio,overall_task_conflict_cos,router_entropy,router_load_e0,router_load_e1,router_load_e2,router_load_e3,task_acc__glue_mrpc,task_conflict_t0_t0,task_grad_norm_cv,task_loss__glue_mrpc,utilization_ratio
50.0,0.472027525305748,0.8151581243184297,0.43001391236548836,0.8259803921568627,0.4318456348891442,1.0,0.0,0.0,0.0,0.0,0.0,1.0,1.0,1.0,1.0,1.0,-0.08289517250000451,1.0,-0.17699700930749657,-0.19916327152706897,-0.43486537101879436,-0.17699700930749657,1.0,0.09653397584040475,0.1607652382271033,-0.19916327152706897,0.09653397584040475,1.0,0.05635540278582462,-0.43486537101879436,0.1607652382271033,0.05635540278582462,1.0,1.0,1.0,1.0,1.0,0.6542138457298279,4.733331843588655,1.0,1.1857414642969768,0.14097581803798676,0.5239526629447937,0.11069425940513611,0.22437725961208344,0.8259803921568627,1.0,0.0,0.4318456348891442,0.75
100.0,0.28280700743198395,0.8718647764449291,0.2909734210080427,0.8406862745098039,0.33621350625673163,1.0,0.0,0.0,0.0,0.0,0.0,1.0,1.0,1.0,1.0,1.0,-0.08139496782125982,1.0,0.23567734736401638,-0.169610696836074,-0.3845564662719025,0.23567734736401638,1.0,0.05070759235107778,-0.30309193544491425,-0.169610696836074,0.05070759235107778,1.0,0.08250435191023762,-0.3845564662719025,-0.30309193544491425,0.08250435191023762,1.0,1.0,1.0,1.0,1.0,0.4523964765544506,3.04050040649047,1.0,1.2750226937088311,0.22890998423099518,0.43892520666122437,0.1443595290184021,0.1878051608800888,0.8406862745098039,1.0,0.0,0.33621350625673163,1.0
