step,train_step_loss,train_acc,train_loss,val_acc,val_loss,avg_intra_expert_coherence,expert_diversity_e0,expert_diversity_e1,expert_diversity_e2,expert_diversity_e3,expert_diversity_mean,expert_purity_e0,expert_purity_e1,expert_purity_e2,expert_purity_e3,expert_purity_mean,inter_expert_similarity,inter_expert_similarity_e0_e0,inter_expert_similarity_e0_e1,inter_expert_similarity_e0_e2,inter_expert_similarity_e0_e3,inter_expert_similarity_e1_e0,inter_expert_similarity_e1_e1,inter_expert_similarity_e1_e2,inter_expert_similarity_e1_e3,inter_expert_similarity_e2_e0,inter_expert_similarity_e2_e1,inter_expert_similarity_e2_e2,inter_expert_similarity_e2_e3,inter_expert_similarity_e3_e0,inter_expert_similarity_e3_e1,inter_expert_similarity_e3_e2,inter_expert_similarity_e3_e3,intra_expert_coherence_e0,intra_expert_coherence_e1,intra_expert_coherence_e2,intra_expert_coherence_e3,load_cv,load_max_min_ratio,overall_task_conflict_cos,router_entropy,router_load_e0,router_load_e1,router_load_e2,router_load_e3,task_acc__glue_mrpc,task_conflict_t0_t0,task_grad_norm_cv,task_loss__glue_mrpc,utilization_ratio
50.0,0.2743378207087517,0.8102508178844057,0.3960732618022872,0.8186274509803921,0.416747093343964,1.0,0.0,0.0,0.0,0.0,0.0,1.0,1.0,1.0,1.0,1.0,0.12503095459895566,1.0,-0.04015639834701609,0.004491249643709872,0.3422951561150973,-0.04015639834701609,1.0,0.2261495252265394,0.053225635401419634,0.004491249643709872,0.2261495252265394,1.0,0.16418055955398378,0.3422951561150973,0.053225635401419634,0.16418055955398378,1.0,1.0,1.0,1.0,1.0,0.44389745593070984,2.7210452316501508,1.0,1.2790113009658515,0.24649262428283691,0.4323488473892212,0.16226781904697418,0.1588907241821289,0.8186274509803921,1.0,0.0,0.416747093343964,1.0
100.0,0.30553098767995834,0.8814067611777535,0.30153102301587553,0.8504901960784313,0.3651684160845784,1.0,0.0,0.0,0.0,0.0,0.0,1.0,1.0,1.0,1.0,1.0,0.1304186454420488,1.0,-0.17778404122886007,0.18847599795431663,0.4061183429476877,-0.17778404122886007,1.0,0.037450322092241896,0.03263453807470031,0.18847599795431663,0.037450322092241896,1.0,0.2956167128122062,0.4061183429476877,0.03263453807470031,0.2956167128122062,1.0,1.0,1.0,1.0,1.0,0.5082962815938163,3.3349032095029023,1.0,1.2527396538678337,0.20243358612060547,0.4662523567676544,0.19150419533252716,0.13980986177921295,0.8504901960784313,1.0,0.0,0.3651684160845784,1.0
