step,train_step_loss,train_acc,train_loss,val_acc,val_loss,avg_intra_expert_coherence,expert_diversity_e0,expert_diversity_e1,expert_diversity_e2,expert_diversity_e3,expert_diversity_mean,expert_purity_e0,expert_purity_e1,expert_purity_e2,expert_purity_e3,expert_purity_mean,inter_expert_similarity,inter_expert_similarity_e0_e0,inter_expert_similarity_e0_e1,inter_expert_similarity_e0_e2,inter_expert_similarity_e0_e3,inter_expert_similarity_e1_e0,inter_expert_similarity_e1_e1,inter_expert_similarity_e1_e2,inter_expert_similarity_e1_e3,inter_expert_similarity_e2_e0,inter_expert_similarity_e2_e1,inter_expert_similarity_e2_e2,inter_expert_similarity_e2_e3,inter_expert_similarity_e3_e0,inter_expert_similarity_e3_e1,inter_expert_similarity_e3_e2,inter_expert_similarity_e3_e3,intra_expert_coherence_e0,intra_expert_coherence_e1,intra_expert_coherence_e2,intra_expert_coherence_e3,load_cv,load_max_min_ratio,overall_task_conflict_cos,router_entropy,router_load_e0,router_load_e1,router_load_e2,router_load_e3,task_acc__glue_rte,task_conflict_t0_t0,task_grad_norm_cv,task_loss__glue_rte,utilization_ratio
50.0,0.6825991868972778,0.4983935742971888,0.6985374475518862,0.4729241877256318,0.705771247545878,1.0,0.0,0.0,0.0,0.0,0.0,1.0,1.0,1.0,1.0,1.0,0.01264181573124356,1.0,0.0,0.0,0.07585089438746136,0.0,1.0,0.0,0.0,0.0,0.0,1.0,0.0,0.07585089438746136,0.0,0.0,1.0,1.0,1.0,1.0,1.0,1.3881044654597126,840373873710.6323,1.0,0.4390497285106122,0.1596263349056244,0.0,0.0,0.8403738737106323,0.4729241877256318,1.0,0.0,0.705771247545878,0.5
100.0,0.7277647256851196,0.4983935742971888,0.693358885974456,0.4729241877256318,0.6945868415964974,1.0,0.0,0.0,0.0,0.0,0.0,1.0,1.0,1.0,1.0,1.0,0.0158007947300977,1.0,0.0,0.0,0.0948047683805862,0.0,1.0,0.0,0.0,0.0,0.0,1.0,0.0,0.0948047683805862,0.0,0.0,1.0,1.0,1.0,1.0,1.0,1.166296581471374,712205052375.7935,1.0,0.6001655969378751,0.2877950668334961,0.0,0.0,0.7122050523757935,0.4729241877256318,1.0,0.0,0.6945868415964974,0.5
150.0,0.699845165014267,0.5016064257028112,0.6931407185319143,0.5270758122743683,0.6929327017731137,1.0,0.0,0.0,0.0,0.0,0.0,1.0,1.0,1.0,1.0,1.0,0.009917446559201688,1.0,0.0,0.0,0.0,0.0,1.0,0.0,0.05950467935521013,0.0,0.0,1.0,0.0,0.0,0.05950467935521013,0.0,1.0,1.0,1.0,1.0,1.0,1.2486667935847782,764378964900.9705,1.0,0.5459799766540527,0.0,0.23562142252922058,0.0,0.7643789649009705,0.5270758122743683,1.0,0.0,0.6929327017731137,0.5
