step,train_step_loss,train_acc,train_loss,val_acc,val_loss,avg_intra_expert_coherence,expert_diversity_e0,expert_diversity_e1,expert_diversity_e2,expert_diversity_e3,expert_diversity_mean,expert_purity_e0,expert_purity_e1,expert_purity_e2,expert_purity_e3,expert_purity_mean,inter_expert_similarity,inter_expert_similarity_e0_e0,inter_expert_similarity_e0_e1,inter_expert_similarity_e0_e2,inter_expert_similarity_e0_e3,inter_expert_similarity_e1_e0,inter_expert_similarity_e1_e1,inter_expert_similarity_e1_e2,inter_expert_similarity_e1_e3,inter_expert_similarity_e2_e0,inter_expert_similarity_e2_e1,inter_expert_similarity_e2_e2,inter_expert_similarity_e2_e3,inter_expert_similarity_e3_e0,inter_expert_similarity_e3_e1,inter_expert_similarity_e3_e2,inter_expert_similarity_e3_e3,intra_expert_coherence_e0,intra_expert_coherence_e1,intra_expert_coherence_e2,intra_expert_coherence_e3,load_cv,load_max_min_ratio,overall_task_conflict_cos,router_entropy,router_load_e0,router_load_e1,router_load_e2,router_load_e3,task_acc__glue_rte,task_conflict_t0_t0,task_grad_norm_cv,task_loss__glue_rte,utilization_ratio
50.0,0.669595330953598,0.5016064257028112,0.6991115240332407,0.5270758122743683,0.6910847541358736,1.0,0.0,0.0,0.0,0.0,0.0,1.0,1.0,1.0,1.0,1.0,0.0071552274346223035,1.0,0.0,0.0,0.0,0.0,1.0,0.0,0.04293136460773382,0.0,0.0,1.0,0.0,0.0,0.04293136460773382,0.0,1.0,1.0,1.0,1.0,1.0,1.3698926788504528,831022202968.5974,1.0,0.45426157063095146,0.0,0.1689777374267578,0.0,0.8310222029685974,0.5270758122743683,1.0,0.0,0.6910847541358736,0.5
100.0,0.732768714427948,0.4983935742971888,0.7033029568118927,0.4729241877256318,0.7132225069734786,1.0,0.0,0.0,0.0,0.0,0.0,1.0,1.0,1.0,1.0,1.0,0.008728021197825077,1.0,0.0,0.0,0.052368127186950456,0.0,1.0,0.0,0.0,0.0,0.0,1.0,0.0,0.052368127186950456,0.0,0.0,1.0,1.0,1.0,1.0,1.0,1.2629207372665405,772710680961.6089,1.0,0.5359802469880142,0.2272893786430359,0.0,0.0,0.7727106809616089,0.4729241877256318,1.0,0.0,0.7132225069734786,0.5
150.0,0.7890123128890991,0.4983935742971888,0.6940714079218032,0.4729241877256318,0.6969369053840637,1.0,0.0,0.0,0.0,0.0,0.0,1.0,1.0,1.0,1.0,1.0,0.004093779902906022,1.0,0.0,0.0,0.0,0.0,1.0,0.0,0.0,0.0,0.0,1.0,0.024562679417436135,0.0,0.0,0.024562679417436135,1.0,1.0,1.0,1.0,1.0,1.2545486385168267,767836868762.97,1.0,0.5418770907157595,0.0,0.0,0.23216329514980316,0.76783686876297,0.4729241877256318,1.0,0.0,0.6969369053840637,0.5
