step,train_step_loss,train_acc,train_loss,val_acc,val_loss,alignment_reward,l_conflict,l_conflict_e0,l_conflict_e1,l_conflict_e2,l_conflict_e3,router_conflict_grad_l2,router_entropy,router_load_e0,router_load_e1,router_load_e2,router_load_e3
30.0,0.5794976303974788,0.6361652610825638,0.6263338705654856,0.6273481856580977,0.6344725849729117,0.25295448303222656,-0.25295448303222656,-0.08017868548631668,-0.09483472257852554,-0.07794106751680374,-0.0,0.0,0.6851219278242853,0.1575036346912384,0.5059880018234253,0.3362460434436798,0.00026224233442917466
50.0,0.6631736059983572,0.6706255859039639,0.5903268315553166,0.6640806343939784,0.6000221344706019,0.1132015809416771,-0.1132015809416771,-0.02654711715877056,-0.028850501403212547,-0.057803962379693985,-0.0,0.0,0.6849340316322114,0.16262847185134888,0.49134430289268494,0.34602731466293335,0.0
