step,train_step_loss,train_acc,train_loss,val_acc,val_loss,alignment_reward,l_conflict,l_conflict_e0,l_conflict_e1,l_conflict_e2,l_conflict_e3,router_conflict_grad_l2,router_entropy,router_load_e0,router_load_e1,router_load_e2,router_load_e3
30.0,0.6338531722625097,0.6468586405718947,0.620264200632536,0.6280269883415937,0.6262346219422051,0.30754053592681885,-0.30754053592681885,-0.1740991473197937,-0.014858376234769821,-0.11858301609754562,-0.0,0.0,0.6740735200820146,0.4738580286502838,0.020555617287755013,0.49876266717910767,0.0068238237872719765
50.0,0.5682576596736909,0.6549756495371745,0.600491187453043,0.6477525628524857,0.6071390573869208,0.052507445216178894,-0.052507445216178894,-0.020694615319371223,-0.0,-0.03181282803416252,-0.0,0.0,0.6731705668347853,0.4745154082775116,0.02570222318172455,0.4954659640789032,0.004316309001296759
