method,val_acc_last_mean,val_acc_last_std,val_loss_last_mean,val_loss_last_std
baseline,0.6160076283075439,0.0,0.6609780690239079,0.0
ablation,0.6156880373839261,0.0,0.6628465294237662,0.0
ours,0.5166511180829757,0.0,0.6911621841028031,0.0
