step,train_step_loss,train_acc,train_loss,val_acc,val_loss,alignment_reward,l_conflict,l_conflict_e0,l_conflict_e1,l_conflict_e2,l_conflict_e3,router_conflict_grad_l2,router_entropy,router_load_e0,router_load_e1,router_load_e2,router_load_e3
30.0,0.5421229650576911,0.641764719895333,0.621399389743659,0.653037390260379,0.6180918718045635,0.13539782166481018,-0.13539782166481018,-0.09384521842002869,-0.0,-0.0,-0.041552603244781494,0.0,0.6061267344350064,0.6927235722541809,0.025120429694652557,0.027609383687376976,0.2545466125011444
50.0,0.555276264746984,0.6488622494950597,0.588390204216939,0.6412406630732312,0.5996582307631751,0.05103420466184616,-0.05103420466184616,-0.03821135312318802,-0.0,-0.0,-0.012822851538658142,0.0,0.5848793995187238,0.7198124527931213,0.0060836332850158215,0.0022938717156648636,0.2718099057674408
