step,train_step_loss,train_acc,train_loss,val_acc,val_loss,alignment_reward,l_conflict,l_conflict_e0,l_conflict_e1,l_conflict_e2,l_conflict_e3,router_conflict_grad_l2,router_entropy,router_load_e0,router_load_e1,router_load_e2,router_load_e3
30.0,0.5946430017550788,0.6402795629453067,0.6170085785670906,0.6299799073070945,0.6217155013502634,0.21211397647857666,-0.21211397647857666,-0.08024899661540985,-0.04921042174100876,-0.046695638447999954,-0.035958923399448395,0.0,0.6868744983717248,0.5253134369850159,0.08024048060178757,0.20176874101161957,0.1926775723695755
50.0,0.6244236230850221,0.6856709923324212,0.5650011744861859,0.6938245541070919,0.5734759273324478,0.14864671230316162,-0.14864671230316162,-0.06357865035533905,-0.01617663912475109,-0.028962058946490288,-0.03992936760187149,0.0,0.6895047778056728,0.48018109798431396,0.08303281664848328,0.13949330151081085,0.2972927391529083
