step,train_step_loss,train_acc,train_loss,val_acc,val_loss,avg_intra_expert_coherence,expert_diversity_e0,expert_diversity_e1,expert_diversity_e2,expert_diversity_e3,expert_diversity_mean,expert_purity_e0,expert_purity_e1,expert_purity_e2,expert_purity_e3,expert_purity_mean,inter_expert_similarity,inter_expert_similarity_e0_e0,inter_expert_similarity_e0_e1,inter_expert_similarity_e0_e2,inter_expert_similarity_e0_e3,inter_expert_similarity_e1_e0,inter_expert_similarity_e1_e1,inter_expert_similarity_e1_e2,inter_expert_similarity_e1_e3,inter_expert_similarity_e2_e0,inter_expert_similarity_e2_e1,inter_expert_similarity_e2_e2,inter_expert_similarity_e2_e3,inter_expert_similarity_e3_e0,inter_expert_similarity_e3_e1,inter_expert_similarity_e3_e2,inter_expert_similarity_e3_e3,intra_expert_coherence_e0,intra_expert_coherence_e1,intra_expert_coherence_e2,intra_expert_coherence_e3,load_cv,load_max_min_ratio,overall_task_conflict_cos,router_entropy,router_load_e0,router_load_e1,router_load_e2,router_load_e3,task_acc__glue_rte,task_conflict_t0_t0,task_grad_norm_cv,task_loss__glue_rte,utilization_ratio
50.0,0.6726667582988739,0.5710843373493976,0.6793329561750094,0.5415162454873647,0.6890708638562096,1.0,0.0,0.0,0.0,0.0,0.0,1.0,1.0,1.0,1.0,1.0,-0.048263163617157157,1.0,-0.28957898170294294,0.0,0.0,-0.28957898170294294,1.0,0.0,0.0,0.0,0.0,1.0,0.0,0.0,0.0,0.0,1.0,1.0,1.0,1.0,1.0,1.0079532871190653,544679045677.18506,1.0,0.6886461159812844,0.5446790456771851,0.4553208649158478,0.0,0.0,0.5415162454873647,1.0,0.0,0.6890708638562096,0.5
100.0,0.688180148601532,0.6767068273092369,0.5968779911215488,0.6642599277978339,0.6284427659379112,1.0,0.0,0.0,0.0,0.0,0.0,1.0,1.0,1.0,1.0,1.0,-0.058404164749757785,1.0,-0.3504249884985467,0.0,0.0,-0.3504249884985467,1.0,0.0,0.0,0.0,0.0,1.0,0.0,0.0,0.0,0.0,1.0,1.0,1.0,1.0,1.0,0.9961352352934796,523357152938.8428,1.0,0.6887886945951717,0.5233571529388428,0.4734538495540619,0.0,0.0031890510581433773,0.6642599277978339,1.0,0.0,0.6284427659379112,0.5
150.0,0.590523898601532,0.7253012048192771,0.5572357518359637,0.6678700361010831,0.5991100403997633,1.0,0.0,0.0,0.0,0.0,0.0,1.0,1.0,1.0,1.0,1.0,-0.006112182946920939,1.0,-0.036673097681525636,0.0,0.0,-0.036673097681525636,1.0,0.0,0.0,0.0,0.0,1.0,0.0,0.0,0.0,0.0,1.0,1.0,1.0,1.0,1.0,0.9856209754943848,532433152198.7915,1.0,0.6882843093321211,0.5324331521987915,0.4574659466743469,0.0,0.01010090857744217,0.6678700361010831,1.0,0.0,0.5991100403997633,0.5
