step,train_step_loss,train_acc,train_loss,val_acc,val_loss,router_entropy,router_load_e0,router_load_e1,router_load_e2,router_load_e3
30.0,0.7801768978436788,0.6455768619502814,0.6133973087053306,0.6441652638894176,0.6131201545937821,1.2550488484816418,0.15494315326213837,0.4580588936805725,0.17379063367843628,0.21320730447769165
60.0,0.49491381645202637,0.6692361294044479,0.5807895538136665,0.6623514596156589,0.5887351882912139,1.258322710585263,0.16111581027507782,0.4544902443885803,0.18339771032333374,0.2009962648153305
90.0,0.45913459608952206,0.6900743338808931,0.5575634071808504,0.6774255292858468,0.5701098893647893,1.251384987461346,0.15339186787605286,0.4547337293624878,0.19444334506988525,0.19743114709854126
120.0,0.8270025675495465,0.7009842998883894,0.5607636677642633,0.6907786333910235,0.5827658620149504,1.2636690250839349,0.15019750595092773,0.42416292428970337,0.20596687495708466,0.21967262029647827
150.0,0.4523316578318675,0.7167156122577887,0.5658590998281008,0.6979657473275291,0.5954006439806343,1.2450710463303107,0.1468428373336792,0.4489061236381531,0.1927260458469391,0.2115248292684555
