{
  "best_val_acc": 0.6979657473275291,
  "final_val_acc": 0.6979657473275291,
  "method": "ours",
  "num_eval_points": 5
}