{
  "best_val_acc": 0.6943852804207317,
  "final_val_acc": 0.6943852804207317,
  "method": "ours",
  "num_eval_points": 5
}