{
  "best_val_acc": 0.6948035204681053,
  "final_val_acc": 0.6948035204681053,
  "method": "ours",
  "num_eval_points": 5
}