step,train_step_loss,train_acc,train_loss,val_acc,val_loss,router_entropy,router_load_e0,router_load_e1,router_load_e2,router_load_e3
30.0,0.6233968163530033,0.630697654851594,0.6336531378400949,0.626451577246927,0.6410602312469199,1.2509302926698216,0.45165154337882996,0.10521308332681656,0.20110251009464264,0.2420327514410019
60.0,0.5151125540335975,0.6660645866353242,0.5941446061651002,0.6565848025704276,0.6004170314071311,1.25858950421766,0.44274353981018066,0.10617295652627945,0.2171822190284729,0.2339014858007431
90.0,0.5909825662771861,0.6662762902411309,0.5922772924340388,0.6594839302231686,0.5989830480090929,1.2672378438766356,0.4262981712818146,0.11692404747009277,0.2196083962917328,0.23716910183429718
120.0,0.6573735674222311,0.6920901548139952,0.5542293536050155,0.6797341987376848,0.5659656821546531,1.286501458811539,0.4002401530742645,0.1299489587545395,0.2523508667945862,0.21745999157428741
150.0,0.6654857595761617,0.7227030210294324,0.538769046329158,0.6948035204681053,0.553513315168056,1.265400447641258,0.4094858169555664,0.1172836497426033,0.24224020540714264,0.23099030554294586
