step,train_step_loss,train_acc,train_loss,val_acc,val_loss,avg_intra_expert_coherence,expert_diversity_e0,expert_diversity_e1,expert_diversity_e2,expert_diversity_e3,expert_diversity_mean,expert_purity_e0,expert_purity_e1,expert_purity_e2,expert_purity_e3,expert_purity_mean,inter_expert_similarity,inter_expert_similarity_e0_e0,inter_expert_similarity_e0_e1,inter_expert_similarity_e0_e2,inter_expert_similarity_e0_e3,inter_expert_similarity_e1_e0,inter_expert_similarity_e1_e1,inter_expert_similarity_e1_e2,inter_expert_similarity_e1_e3,inter_expert_similarity_e2_e0,inter_expert_similarity_e2_e1,inter_expert_similarity_e2_e2,inter_expert_similarity_e2_e3,inter_expert_similarity_e3_e0,inter_expert_similarity_e3_e1,inter_expert_similarity_e3_e2,inter_expert_similarity_e3_e3,intra_expert_coherence_e0,intra_expert_coherence_e1,intra_expert_coherence_e2,intra_expert_coherence_e3,load_cv,load_max_min_ratio,overall_task_conflict_cos,router_entropy,router_load_e0,router_load_e1,router_load_e2,router_load_e3,task_acc__glue_rte,task_conflict_t0_t0,task_grad_norm_cv,task_loss__glue_rte,utilization_ratio
50.0,0.6848120391368866,0.4983935742971888,0.6998838346738082,0.4729241877256318,0.7079988386895921,1.0,0.0,0.0,0.0,0.0,0.0,1.0,1.0,1.0,1.0,1.0,0.0053431569820085794,1.0,0.032058941892051475,0.0,0.0,0.032058941892051475,1.0,0.0,0.0,0.0,0.0,1.0,0.0,0.0,0.0,0.0,1.0,1.0,1.0,1.0,1.0,1.027202844619751,583025336265.564,1.0,0.6792966562057661,0.41697466373443604,0.583025336265564,0.0,0.0,0.4729241877256318,1.0,0.0,0.7079988386895921,0.5
100.0,0.7456507682800293,0.4983935742971888,0.6952236227882214,0.4729241877256318,0.699565245045556,1.0,0.0,0.0,0.0,0.0,0.0,1.0,1.0,1.0,1.0,1.0,0.007566868884172215,1.0,0.045401213305033286,0.0,0.0,0.045401213305033286,1.0,0.0,0.0,0.0,0.0,1.0,0.0,0.0,0.0,0.0,1.0,1.0,1.0,1.0,1.0,1.0207245374589606,572351992130.2795,1.0,0.6826406506424777,0.4276478588581085,0.5723519921302795,0.0,0.0,0.4729241877256318,1.0,0.0,0.699565245045556,0.5
150.0,0.6918359100818634,0.5016064257028112,0.6946966571685596,0.5270758122743683,0.6904538621505102,1.0,0.0,0.0,0.0,0.0,0.0,1.0,1.0,1.0,1.0,1.0,0.004930064120253426,1.0,0.029580384721520553,0.0,0.0,0.029580384721520553,1.0,0.0,0.0,0.0,0.0,1.0,0.0,0.0,0.0,0.0,1.0,1.0,1.0,1.0,1.0,1.4243422927040357,858600080013.2751,1.0,0.40749708667989243,0.14140017330646515,0.8586000800132751,0.0,0.0,0.5270758122743683,1.0,0.0,0.6904538621505102,0.5
