step,train_step_loss,train_acc,train_loss,val_acc,val_loss,avg_intra_expert_coherence,expert_diversity_e0,expert_diversity_e1,expert_diversity_e2,expert_diversity_e3,expert_diversity_mean,expert_purity_e0,expert_purity_e1,expert_purity_e2,expert_purity_e3,expert_purity_mean,inter_expert_similarity,inter_expert_similarity_e0_e0,inter_expert_similarity_e0_e1,inter_expert_similarity_e0_e2,inter_expert_similarity_e0_e3,inter_expert_similarity_e1_e0,inter_expert_similarity_e1_e1,inter_expert_similarity_e1_e2,inter_expert_similarity_e1_e3,inter_expert_similarity_e2_e0,inter_expert_similarity_e2_e1,inter_expert_similarity_e2_e2,inter_expert_similarity_e2_e3,inter_expert_similarity_e3_e0,inter_expert_similarity_e3_e1,inter_expert_similarity_e3_e2,inter_expert_similarity_e3_e3,intra_expert_coherence_e0,intra_expert_coherence_e1,intra_expert_coherence_e2,intra_expert_coherence_e3,load_cv,load_max_min_ratio,overall_task_conflict_cos,router_entropy,router_load_e0,router_load_e1,router_load_e2,router_load_e3,task_acc__glue_rte,task_conflict_t0_t0,task_grad_norm_cv,task_loss__glue_rte,utilization_ratio
50.0,0.6465459167957306,0.5016064257028112,0.6962585695661031,0.5270758122743683,0.6903686192300584,1.0,0.0,0.0,0.0,0.0,0.0,1.0,1.0,1.0,1.0,1.0,0.004856230563233269,1.0,0.0,0.0,0.0,0.0,1.0,0.0,0.0,0.0,0.0,1.0,0.029137383379399612,0.0,0.0,0.029137383379399612,1.0,1.0,1.0,1.0,1.0,1.0085554133123653,546346366405.48706,1.0,0.6888450319586248,0.0,0.0,0.4536535441875458,0.5463463664054871,0.5270758122743683,1.0,0.0,0.6903686192300584,0.5
100.0,0.713001161813736,0.4983935742971888,0.6974451031058262,0.4729241877256318,0.7038034631146325,1.0,0.0,0.0,0.0,0.0,0.0,1.0,1.0,1.0,1.0,1.0,0.008117780562428326,1.0,0.0,0.0,0.0,0.0,1.0,0.0,0.0,0.0,0.0,1.0,0.04870668337456995,0.0,0.0,0.04870668337456995,1.0,1.0,1.0,1.0,1.0,1.015591977168086,562676966190.3381,1.0,0.685269697478532,0.0,0.0,0.43732312321662903,0.5626769661903381,0.4729241877256318,1.0,0.0,0.7038034631146325,0.5
150.0,0.7144443988800049,0.5016064257028112,0.6984486370896682,0.5270758122743683,0.690814756684833,1.0,0.0,0.0,0.0,0.0,0.0,1.0,1.0,1.0,1.0,1.0,0.008036503058955742,1.0,0.0,0.0,0.0,0.0,1.0,0.0,0.0,0.0,0.0,1.0,0.04821901835373445,0.0,0.0,0.04821901835373445,1.0,1.0,1.0,1.0,1.0,1.003402233529357,529188990592.95654,1.0,0.6914422021445815,0.0,0.0,0.4708109200000763,0.5291889905929565,0.5270758122743683,1.0,0.0,0.690814756684833,0.5
