step,train_step_loss,train_acc,train_loss,val_acc,val_loss,avg_intra_expert_coherence,expert_diversity_e0,expert_diversity_e1,expert_diversity_e2,expert_diversity_e3,expert_diversity_mean,expert_purity_e0,expert_purity_e1,expert_purity_e2,expert_purity_e3,expert_purity_mean,inter_expert_similarity,inter_expert_similarity_e0_e0,inter_expert_similarity_e0_e1,inter_expert_similarity_e0_e2,inter_expert_similarity_e0_e3,inter_expert_similarity_e1_e0,inter_expert_similarity_e1_e1,inter_expert_similarity_e1_e2,inter_expert_similarity_e1_e3,inter_expert_similarity_e2_e0,inter_expert_similarity_e2_e1,inter_expert_similarity_e2_e2,inter_expert_similarity_e2_e3,inter_expert_similarity_e3_e0,inter_expert_similarity_e3_e1,inter_expert_similarity_e3_e2,inter_expert_similarity_e3_e3,intra_expert_coherence_e0,intra_expert_coherence_e1,intra_expert_coherence_e2,intra_expert_coherence_e3,load_cv,load_max_min_ratio,overall_task_conflict_cos,router_entropy,router_load_e0,router_load_e1,router_load_e2,router_load_e3,task_acc__glue_mrpc,task_conflict_t0_t0,task_grad_norm_cv,task_loss__glue_mrpc,utilization_ratio
50.0,0.36616916954517365,0.7960741548527808,0.44215409885282103,0.7818627450980392,0.45110922650649,1.0,0.0,0.0,0.0,0.0,0.0,1.0,1.0,1.0,1.0,1.0,0.039794114171858505,1.0,-0.28055734573465296,-0.028464975407175328,-0.009725149911205025,-0.28055734573465296,1.0,0.3544559055524962,0.11592219688747835,-0.028464975407175328,0.3544559055524962,1.0,0.08713405364420987,-0.009725149911205025,0.11592219688747835,0.08713405364420987,1.0,1.0,1.0,1.0,1.0,0.16893455386161804,1.5753324693222415,1.0,1.3632642591700834,0.2766878604888916,0.2666916251182556,0.1773054450750351,0.2793150246143341,0.7818627450980392,1.0,0.0,0.45110922650649,1.0
100.0,0.27864018082618713,0.88113413304253,0.2872718230375777,0.8553921568627451,0.31112608299232447,1.0,0.0,0.0,0.0,0.0,0.0,1.0,1.0,1.0,1.0,1.0,0.055238259970738585,1.0,0.21784808816288329,-0.3775375805010211,0.4310479022456786,0.21784808816288329,1.0,0.06756063820498111,0.24861089845523354,-0.3775375805010211,0.06756063820498111,1.0,-0.25610038674332397,0.4310479022456786,0.24861089845523354,-0.25610038674332397,1.0,1.0,1.0,1.0,1.0,0.17085650638160224,1.6009489635098284,1.0,1.3603758765201943,0.2827233076095581,0.26790887117385864,0.17659732699394226,0.27277034521102905,0.8553921568627451,1.0,0.0,0.31112608299232447,1.0
