step,train_step_loss,train_acc,train_loss,val_acc,val_loss,avg_intra_expert_coherence,expert_diversity_e0,expert_diversity_e1,expert_diversity_e2,expert_diversity_e3,expert_diversity_mean,expert_purity_e0,expert_purity_e1,expert_purity_e2,expert_purity_e3,expert_purity_mean,inter_expert_similarity,inter_expert_similarity_e0_e0,inter_expert_similarity_e0_e1,inter_expert_similarity_e0_e2,inter_expert_similarity_e0_e3,inter_expert_similarity_e1_e0,inter_expert_similarity_e1_e1,inter_expert_similarity_e1_e2,inter_expert_similarity_e1_e3,inter_expert_similarity_e2_e0,inter_expert_similarity_e2_e1,inter_expert_similarity_e2_e2,inter_expert_similarity_e2_e3,inter_expert_similarity_e3_e0,inter_expert_similarity_e3_e1,inter_expert_similarity_e3_e2,inter_expert_similarity_e3_e3,intra_expert_coherence_e0,intra_expert_coherence_e1,intra_expert_coherence_e2,intra_expert_coherence_e3,load_cv,load_max_min_ratio,overall_task_conflict_cos,router_entropy,router_load_e0,router_load_e1,router_load_e2,router_load_e3,task_acc__glue_cola,task_acc__glue_mrpc,task_acc__glue_rte,task_conflict_t0_t0,task_conflict_t0_t1,task_conflict_t0_t2,task_conflict_t1_t0,task_conflict_t1_t1,task_conflict_t1_t2,task_conflict_t2_t0,task_conflict_t2_t1,task_conflict_t2_t2,task_grad_norm_cv,task_loss__glue_cola,task_loss__glue_mrpc,task_loss__glue_rte,utilization_ratio
1.0,4.053879737854004,0.38747100662910944,2.3527676859084985,0.4019662279016066,2.32299113719074,0.9734425006405633,0.7707415980419774,0.17401488504342746,0.29771888103814437,0.038569581051208855,0.3202612362936895,0.6364522576332092,0.9602479338645935,0.9204678535461426,0.9936687350273132,0.8777091950178146,-0.030081472538918505,1.0,-0.6276897022854983,-0.25186784620246977,0.26844668976382646,-0.6276897022854983,1.0,0.39741726316967296,0.1294860200744181,-0.25186784620246977,0.39741726316967296,1.0,-0.09628125975346047,0.26844668976382646,0.1294860200744181,-0.09628125975346047,1.0,0.9895638555470918,0.9675135464569012,0.9724909421873901,0.9642016583708698,1.573250651359558,48.02847595938341,0.9132584257426103,0.14890123464910074,0.9312198162078857,0.022112293168902397,0.01938891038298607,0.02727893739938736,0.3087248322147651,0.3700980392156863,0.5270758122743683,1.0,0.8812594535412261,0.9726571519716121,0.8812594535412261,1.0,0.8858586717149923,0.9726571519716121,0.8858586717149923,1.0,0.6406491766859734,3.593727733342702,1.4627776367991578,1.9124680414303603,0.25
