step,train_step_loss,train_acc,train_loss,val_acc,val_loss,avg_intra_expert_coherence,expert_diversity_e0,expert_diversity_e1,expert_diversity_e2,expert_diversity_e3,expert_diversity_mean,expert_purity_e0,expert_purity_e1,expert_purity_e2,expert_purity_e3,expert_purity_mean,inter_expert_similarity,inter_expert_similarity_e0_e0,inter_expert_similarity_e0_e1,inter_expert_similarity_e0_e2,inter_expert_similarity_e0_e3,inter_expert_similarity_e1_e0,inter_expert_similarity_e1_e1,inter_expert_similarity_e1_e2,inter_expert_similarity_e1_e3,inter_expert_similarity_e2_e0,inter_expert_similarity_e2_e1,inter_expert_similarity_e2_e2,inter_expert_similarity_e2_e3,inter_expert_similarity_e3_e0,inter_expert_similarity_e3_e1,inter_expert_similarity_e3_e2,inter_expert_similarity_e3_e3,intra_expert_coherence_e0,intra_expert_coherence_e1,intra_expert_coherence_e2,intra_expert_coherence_e3,load_cv,load_max_min_ratio,overall_task_conflict_cos,router_entropy,router_load_e0,router_load_e1,router_load_e2,router_load_e3,task_acc__glue_rte,task_conflict_t0_t0,task_grad_norm_cv,task_loss__glue_rte,utilization_ratio
50.0,0.5792613327503204,0.5016064257028112,0.6953469921763127,0.5270758122743683,0.6878102860516973,1.0,0.0,0.0,0.0,0.0,0.0,1.0,1.0,1.0,1.0,1.0,0.02873974858516594,1.0,0.0,0.0,0.0,0.0,1.0,0.0,0.17243849151099563,0.0,0.0,1.0,0.0,0.0,0.17243849151099563,0.0,1.0,1.0,1.0,1.0,1.0,1.0002899169921875,508513867855.072,1.0,0.6926443878063656,0.0,0.4914861023426056,0.0,0.508513867855072,0.5270758122743683,1.0,0.0,0.6878102860516973,0.5
100.0,0.6827467083930969,0.6265060240963856,0.6412291937531569,0.5595667870036101,0.6818424860636393,1.0,0.0,0.0,0.0,0.0,0.0,1.0,1.0,1.0,1.0,1.0,0.021718981146060797,1.0,0.0,0.0,0.0,0.0,1.0,0.0,0.13031388687636478,0.0,0.0,1.0,0.0,0.0,0.13031388687636478,0.0,1.0,1.0,1.0,1.0,1.0,1.0031416416168213,528047025203.70483,1.0,0.6908770726475905,0.0,0.5280470252037048,0.0,0.47195297479629517,0.5595667870036101,1.0,0.0,0.6818424860636393,0.5
150.0,0.6570907533168793,0.706425702811245,0.6103387792905172,0.6462093862815884,0.6325505144066281,1.0,0.0,0.0,0.0,0.0,0.0,1.0,1.0,1.0,1.0,1.0,0.052858087798408025,1.0,0.0,0.0,0.0,0.0,1.0,0.0,0.31714852679044814,0.0,0.0,1.0,0.0,0.0,0.31714852679044814,0.0,1.0,1.0,1.0,1.0,1.0,0.9459261233718542,520389139652.2522,1.0,0.6914387790735017,0.03019162453711033,0.5203891396522522,0.0,0.44941917061805725,0.6462093862815884,1.0,0.0,0.6325505144066281,0.5
