step,train_step_loss,train_acc,train_loss,val_acc,val_loss,avg_intra_expert_coherence,expert_diversity_e0,expert_diversity_e1,expert_diversity_e2,expert_diversity_e3,expert_diversity_mean,expert_purity_e0,expert_purity_e1,expert_purity_e2,expert_purity_e3,expert_purity_mean,inter_expert_similarity,inter_expert_similarity_e0_e0,inter_expert_similarity_e0_e1,inter_expert_similarity_e0_e2,inter_expert_similarity_e0_e3,inter_expert_similarity_e1_e0,inter_expert_similarity_e1_e1,inter_expert_similarity_e1_e2,inter_expert_similarity_e1_e3,inter_expert_similarity_e2_e0,inter_expert_similarity_e2_e1,inter_expert_similarity_e2_e2,inter_expert_similarity_e2_e3,inter_expert_similarity_e3_e0,inter_expert_similarity_e3_e1,inter_expert_similarity_e3_e2,inter_expert_similarity_e3_e3,intra_expert_coherence_e0,intra_expert_coherence_e1,intra_expert_coherence_e2,intra_expert_coherence_e3,load_cv,load_max_min_ratio,overall_task_conflict_cos,router_entropy,router_load_e0,router_load_e1,router_load_e2,router_load_e3,task_acc__glue_rte,task_conflict_t0_t0,task_grad_norm_cv,task_loss__glue_rte,utilization_ratio
50.0,0.6574668884277344,0.6052208835341365,0.6601497794000002,0.5884476534296029,0.6843112963769171,1.0,0.0,0.0,0.0,0.0,0.0,1.0,1.0,1.0,1.0,1.0,0.027059380541452016,1.0,0.06045652521833019,0.06109321639091505,0.0,0.06045652521833019,1.0,0.04080654163946687,0.0,0.06109321639091505,0.04080654163946687,1.0,0.0,0.0,0.0,0.0,1.0,1.0,1.0,1.0,1.0,0.887108564376831,471439361572.2656,1.0,0.6753781504579399,0.4714393615722656,0.4701894521713257,0.058371175080537796,0.0,0.5884476534296029,1.0,0.0,0.6843112963769171,0.5
100.0,1.0497020184993744,0.6341365461847389,0.6510536993925388,0.5595667870036101,0.6890779038270315,1.0,0.0,0.0,0.0,0.0,0.0,1.0,1.0,1.0,1.0,1.0,0.008877316216307581,1.0,0.05326389729784549,0.0,0.0,0.05326389729784549,1.0,0.0,0.0,0.0,0.0,1.0,0.0,0.0,0.0,0.0,1.0,1.0,1.0,1.0,1.0,1.0024932622909546,524982035160.0647,1.0,0.6624467605287848,0.4750179350376129,0.5249820351600647,0.0,0.0,0.5595667870036101,1.0,0.0,0.6890779038270315,0.5
150.0,0.7289028167724609,0.4983935742971888,0.6706080987476386,0.4729241877256318,0.6897327585352792,1.0,0.0,0.0,0.0,0.0,0.0,1.0,1.0,1.0,1.0,1.0,0.005982746227932546,1.0,0.03589647736759528,0.0,0.0,0.03589647736759528,1.0,0.0,0.0,0.0,0.0,1.0,0.0,0.0,0.0,0.0,1.0,1.0,1.0,1.0,1.0,1.0013346672058105,518272280693.0542,1.0,0.6877130274307857,0.5182722806930542,0.4817277491092682,0.0,0.0,0.4729241877256318,1.0,0.0,0.6897327585352792,0.5
