step,train_step_loss,train_acc,train_loss,val_acc,val_loss,alignment_reward,l_conflict,l_conflict_e0,l_conflict_e1,l_conflict_e2,l_conflict_e3,router_conflict_grad_l2,router_entropy,router_load_e0,router_load_e1,router_load_e2,router_load_e3
30.0,0.638232504328092,0.6325258786531628,0.6308104765938977,0.6186003880065017,0.6415644723659653,0.06895021349191666,-0.06895021349191666,-0.0,-0.03407036513090134,-0.0,-0.03487984836101532,0.0,0.689273555935533,0.0013422374613583088,0.4637744128704071,0.0049539715982973576,0.5299293994903564
50.0,0.7291813865303993,0.625745881252294,0.7072824359251677,0.6160076283075439,0.7241283722404265,0.36827754974365234,-0.36827754974365234,-0.1581653207540512,-0.004169980064034462,-0.013081230223178864,-0.19286100566387177,0.0,0.6880626848174466,0.40946099162101746,0.020231973379850388,0.04798212647438049,0.522324800491333
