step,train_step_loss,train_acc,train_loss,val_acc,val_loss,alignment_reward,l_conflict,l_conflict_e0,l_conflict_e1,l_conflict_e2,l_conflict_e3,router_conflict_grad_l2,router_entropy,router_load_e0,router_load_e1,router_load_e2,router_load_e3
30.0,0.6528725822766622,0.5062698108238765,0.6921553520802745,0.5072044796888058,0.6957181401845126,0.06502582132816315,-0.06502582132816315,-0.03199077397584915,-0.0,-0.0,-0.033035047352313995,0.0,0.6814690309542196,0.4858856797218323,0.002812680322676897,0.06403227895498276,0.4472695589065552
50.0,0.6352048118909202,0.625745881252294,0.6655672796460168,0.6160076283075439,0.6733044964368776,0.023850489407777786,-0.023850489407777786,-0.011461102403700352,-0.0,-0.01238938793540001,-0.0,0.0,0.6925966031849384,0.48340970277786255,0.0,0.516590416431427,0.0
