step,train_step_loss,train_acc,train_loss,val_acc,val_loss,avg_intra_expert_coherence,expert_diversity_e0,expert_diversity_e1,expert_diversity_e2,expert_diversity_e3,expert_diversity_mean,expert_purity_e0,expert_purity_e1,expert_purity_e2,expert_purity_e3,expert_purity_mean,inter_expert_similarity,inter_expert_similarity_e0_e0,inter_expert_similarity_e0_e1,inter_expert_similarity_e0_e2,inter_expert_similarity_e0_e3,inter_expert_similarity_e1_e0,inter_expert_similarity_e1_e1,inter_expert_similarity_e1_e2,inter_expert_similarity_e1_e3,inter_expert_similarity_e2_e0,inter_expert_similarity_e2_e1,inter_expert_similarity_e2_e2,inter_expert_similarity_e2_e3,inter_expert_similarity_e3_e0,inter_expert_similarity_e3_e1,inter_expert_similarity_e3_e2,inter_expert_similarity_e3_e3,intra_expert_coherence_e0,intra_expert_coherence_e1,intra_expert_coherence_e2,intra_expert_coherence_e3,load_cv,load_max_min_ratio,overall_task_conflict_cos,router_entropy,router_load_e0,router_load_e1,router_load_e2,router_load_e3,task_acc__glue_rte,task_conflict_t0_t0,task_grad_norm_cv,task_loss__glue_rte,utilization_ratio
50.0,0.6517378389835358,0.6140562248995984,0.6546422033355785,0.5812274368231047,0.6659329566690657,1.0,0.0,0.0,0.0,0.0,0.0,1.0,1.0,1.0,1.0,1.0,0.009192941296326014,1.0,0.0,0.0,0.0,0.0,1.0,0.0,0.05515764777795608,0.0,0.0,1.0,0.0,0.0,0.05515764777795608,0.0,1.0,1.0,1.0,1.0,1.0,1.0051379203796387,535885751247.406,1.0,0.6824276645261028,0.0,0.535885751247406,0.0,0.464114248752594,0.5812274368231047,1.0,0.0,0.6659329566690657,0.5
100.0,0.8198274075984955,0.6506024096385542,0.6312791925019179,0.6425992779783394,0.6472322311666276,1.0,0.0,0.0,0.0,0.0,0.0,1.0,1.0,1.0,1.0,1.0,0.005137929442128012,1.0,0.0,0.0,0.0,0.0,1.0,0.0,0.030827576652768075,0.0,0.0,1.0,0.0,0.0,0.030827576652768075,0.0,1.0,1.0,1.0,1.0,1.0,1.0096232891082764,552490770816.803,1.0,0.6491889385540133,0.0,0.4467529058456421,0.0007563420222140849,0.552490770816803,0.6425992779783394,1.0,0.0,0.6472322311666276,0.5
150.0,0.5671661496162415,0.7357429718875502,0.5541398689532891,0.6859205776173285,0.6061172170771493,1.0,0.0,0.0,0.0,0.0,0.0,1.0,1.0,1.0,1.0,1.0,0.0030989794175065853,1.0,0.0,0.0,0.0,0.0,1.0,0.0,0.018593876505039512,0.0,0.0,1.0,0.0,0.0,0.018593876505039512,0.0,1.0,1.0,1.0,1.0,1.0,1.0216156270045789,573907375335.6934,1.0,0.6576173486262022,0.0,0.4260925352573395,0.0,0.5739073753356934,0.6859205776173285,1.0,0.0,0.6061172170771493,0.5
