step,train_step_loss,train_acc,train_loss,val_acc,val_loss,alignment_reward,l_conflict,l_conflict_e0,l_conflict_e1,l_conflict_e2,l_conflict_e3,router_conflict_grad_l2,router_entropy,router_load_e0,router_load_e1,router_load_e2,router_load_e3
5.0,0.755885769923528,0.5885416666666666,0.6533505568901697,0.5208333333333334,0.689234584569931,0.2574767470359802,-0.2574767470359802,-0.07166728377342224,-0.09683192521333694,-0.029719868674874306,-0.059257689863443375,0.0,1.3320959011713664,0.276191771030426,0.3267727196216583,0.13437725603580475,0.2626582682132721
