method,val_acc_last_mean,val_acc_last_std,val_loss_last_mean,val_loss_last_std
baseline,0.6770833333333334,0.0,0.6459650099277496,0.0
ours,0.5208333333333334,0.0,0.689234584569931,0.0
