step,train_step_loss,train_acc,train_loss,val_acc,val_loss,avg_intra_expert_coherence,expert_diversity_e0,expert_diversity_e1,expert_diversity_e2,expert_diversity_e3,expert_diversity_mean,expert_purity_e0,expert_purity_e1,expert_purity_e2,expert_purity_e3,expert_purity_mean,inter_expert_similarity,inter_expert_similarity_e0_e0,inter_expert_similarity_e0_e1,inter_expert_similarity_e0_e2,inter_expert_similarity_e0_e3,inter_expert_similarity_e1_e0,inter_expert_similarity_e1_e1,inter_expert_similarity_e1_e2,inter_expert_similarity_e1_e3,inter_expert_similarity_e2_e0,inter_expert_similarity_e2_e1,inter_expert_similarity_e2_e2,inter_expert_similarity_e2_e3,inter_expert_similarity_e3_e0,inter_expert_similarity_e3_e1,inter_expert_similarity_e3_e2,inter_expert_similarity_e3_e3,intra_expert_coherence_e0,intra_expert_coherence_e1,intra_expert_coherence_e2,intra_expert_coherence_e3,load_cv,load_max_min_ratio,overall_task_conflict_cos,router_entropy,router_load_e0,router_load_e1,router_load_e2,router_load_e3,task_acc__glue_rte,task_conflict_t0_t0,task_grad_norm_cv,task_loss__glue_rte,utilization_ratio
50.0,0.6664409935474396,0.6172690763052209,0.6614952315504734,0.6064981949458483,0.6827962464756436,1.0,0.0,0.0,0.0,0.0,0.0,1.0,1.0,1.0,1.0,1.0,0.0463829576296145,1.0,0.0,0.0,0.0,0.0,1.0,0.0,0.0,0.0,0.0,1.0,0.278297745777687,0.0,0.0,0.278297745777687,1.0,1.0,1.0,1.0,1.0,1.0382535457611084,598723351955.4138,1.0,0.6715822856779133,0.0,0.0,0.4012766480445862,0.5987233519554138,0.6064981949458483,1.0,0.0,0.6827962464756436,0.5
100.0,0.7290876507759094,0.7124497991967872,0.5720504864286153,0.6678700361010831,0.612017483346992,1.0,0.0,0.0,0.0,0.0,0.0,1.0,1.0,1.0,1.0,1.0,-0.005090212190760132,1.0,0.0,0.0,0.0,0.0,1.0,0.0,0.0,0.0,0.0,1.0,-0.03054127314456079,0.0,0.0,-0.03054127314456079,1.0,1.0,1.0,1.0,1.0,1.036773920059204,596760153770.4468,1.0,0.6713758134669776,0.0,0.0,0.4032398760318756,0.5967601537704468,0.6678700361010831,1.0,0.0,0.612017483346992,0.5
150.0,0.4906690865755081,0.7072289156626506,0.5592292913928245,0.6389891696750902,0.621363972624143,1.0,0.0,0.0,0.0,0.0,0.0,1.0,1.0,1.0,1.0,1.0,0.04816621061393272,1.0,0.0,0.0,0.0,0.0,1.0,0.0,0.0,0.0,0.0,1.0,0.2889972636835963,0.0,0.0,0.2889972636835963,1.0,1.0,1.0,1.0,1.0,1.046346778113034,608881711959.8389,1.0,0.6664222465955824,0.0,0.0,0.3911183774471283,0.6088817119598389,0.6389891696750902,1.0,0.0,0.621363972624143,0.5
