step,train_step_loss,train_acc,train_loss,val_acc,val_loss,avg_intra_expert_coherence,expert_diversity_e0,expert_diversity_e1,expert_diversity_e2,expert_diversity_e3,expert_diversity_mean,expert_purity_e0,expert_purity_e1,expert_purity_e2,expert_purity_e3,expert_purity_mean,inter_expert_similarity,inter_expert_similarity_e0_e0,inter_expert_similarity_e0_e1,inter_expert_similarity_e0_e2,inter_expert_similarity_e0_e3,inter_expert_similarity_e1_e0,inter_expert_similarity_e1_e1,inter_expert_similarity_e1_e2,inter_expert_similarity_e1_e3,inter_expert_similarity_e2_e0,inter_expert_similarity_e2_e1,inter_expert_similarity_e2_e2,inter_expert_similarity_e2_e3,inter_expert_similarity_e3_e0,inter_expert_similarity_e3_e1,inter_expert_similarity_e3_e2,inter_expert_similarity_e3_e3,intra_expert_coherence_e0,intra_expert_coherence_e1,intra_expert_coherence_e2,intra_expert_coherence_e3,load_cv,load_max_min_ratio,overall_task_conflict_cos,router_entropy,router_load_e0,router_load_e1,router_load_e2,router_load_e3,task_acc__glue_cola,task_acc__glue_mrpc,task_acc__glue_rte,task_conflict_t0_t0,task_conflict_t0_t1,task_conflict_t0_t2,task_conflict_t1_t0,task_conflict_t1_t1,task_conflict_t1_t2,task_conflict_t2_t0,task_conflict_t2_t1,task_conflict_t2_t2,task_grad_norm_cv,task_loss__glue_cola,task_loss__glue_mrpc,task_loss__glue_rte,utilization_ratio
1.0,0.7598960002263387,0.6381723130280488,0.6549554876636674,0.6287168506989612,0.6617415245575883,0.33016280421793814,0.8534663407346578,0.9270505048488318,0.8889878912670679,0.9144656345582839,0.8959925928522103,0.6005318760871887,0.5212233662605286,0.5746423006057739,0.5189756155014038,0.5538432896137238,-0.04293195575055122,1.0,-0.05746671431473266,-0.17314717007425193,0.42027203956631004,-0.05746671431473266,1.0,-0.22739812660101805,0.11249389159087818,-0.17314717007425193,-0.22739812660101805,1.0,-0.3323456546704929,0.42027203956631004,0.11249389159087818,-0.3323456546704929,1.0,0.3542342897287843,0.40490386254044236,0.26643631871661627,0.29507674588590965,0.31578347086906433,2.276250577039947,0.15325213087172782,1.3214421509592622,0.19571352005004883,0.36311739683151245,0.1595243513584137,0.2816447615623474,0.7612655800575263,0.6519607843137255,0.4729241877256318,1.0,0.6332295311161518,-0.16820733347678965,0.6332295311161518,1.0,-0.005265805024178662,-0.16820733347678965,-0.005265805024178662,1.0,0.4112860853692413,0.5863173071664708,0.6581640439290627,0.7407432225772314,1.0
