step,train_step_loss,train_acc,train_loss,val_acc,val_loss,avg_intra_expert_coherence,expert_diversity_e0,expert_diversity_e1,expert_diversity_e2,expert_diversity_e3,expert_diversity_mean,expert_purity_e0,expert_purity_e1,expert_purity_e2,expert_purity_e3,expert_purity_mean,inter_expert_similarity,inter_expert_similarity_e0_e0,inter_expert_similarity_e0_e1,inter_expert_similarity_e0_e2,inter_expert_similarity_e0_e3,inter_expert_similarity_e1_e0,inter_expert_similarity_e1_e1,inter_expert_similarity_e1_e2,inter_expert_similarity_e1_e3,inter_expert_similarity_e2_e0,inter_expert_similarity_e2_e1,inter_expert_similarity_e2_e2,inter_expert_similarity_e2_e3,inter_expert_similarity_e3_e0,inter_expert_similarity_e3_e1,inter_expert_similarity_e3_e2,inter_expert_similarity_e3_e3,intra_expert_coherence_e0,intra_expert_coherence_e1,intra_expert_coherence_e2,intra_expert_coherence_e3,load_cv,load_max_min_ratio,overall_task_conflict_cos,router_entropy,router_load_e0,router_load_e1,router_load_e2,router_load_e3,task_acc__glue_rte,task_conflict_t0_t0,task_grad_norm_cv,task_loss__glue_rte,utilization_ratio
50.0,0.6151320338249207,0.5016064257028112,0.6916340343081034,0.5270758122743683,0.6839783489704132,1.0,0.0,0.0,0.0,0.0,0.0,1.0,1.0,1.0,1.0,1.0,0.0023780775556465255,1.0,0.0,0.014268465333879153,0.0,0.0,1.0,0.0,0.0,0.014268465333879153,0.0,1.0,0.0,0.0,0.0,0.0,1.0,1.0,1.0,1.0,1.0,1.034266118319764,593344926834.1064,1.0,0.6740202628318153,0.5933449268341064,0.0,0.4066549837589264,0.0,0.5270758122743683,1.0,0.0,0.6839783489704132,0.5
100.0,0.6867979466915131,0.623293172690763,0.6756618339663897,0.5992779783393501,0.6838663717110952,1.0,0.0,0.0,0.0,0.0,0.0,1.0,1.0,1.0,1.0,1.0,0.0026040747545411666,1.0,0.0,0.015624448527247,0.0,0.0,1.0,0.0,0.0,0.015624448527247,0.0,1.0,0.0,0.0,0.0,0.0,1.0,1.0,1.0,1.0,1.0,1.0014996528625488,519369781017.30347,1.0,0.6906682171115807,0.5193697810173035,0.0,0.48063021898269653,0.0,0.5992779783393501,1.0,0.0,0.6838663717110952,0.5
150.0,0.7207969725131989,0.5321285140562249,0.6760277171929677,0.5379061371841155,0.6771080791950226,1.0,0.0,0.0,0.0,0.0,0.0,1.0,1.0,1.0,1.0,1.0,0.0006847202324723303,1.0,0.0,0.0,0.004108321394833982,0.0,1.0,0.0,0.0,0.0,0.0,1.0,0.0,0.004108321394833982,0.0,0.0,1.0,1.0,1.0,1.0,1.0,0.9490728317585982,493430942296.9818,1.0,0.6916126998322966,0.48066583275794983,0.0,0.025903141126036644,0.4934309422969818,0.5379061371841155,1.0,0.0,0.6771080791950226,0.5
