step,train_step_loss,train_acc,train_loss,val_acc,val_loss,avg_intra_expert_coherence,expert_diversity_e0,expert_diversity_e1,expert_diversity_e2,expert_diversity_e3,expert_diversity_mean,expert_purity_e0,expert_purity_e1,expert_purity_e2,expert_purity_e3,expert_purity_mean,inter_expert_similarity,inter_expert_similarity_e0_e0,inter_expert_similarity_e0_e1,inter_expert_similarity_e0_e2,inter_expert_similarity_e0_e3,inter_expert_similarity_e1_e0,inter_expert_similarity_e1_e1,inter_expert_similarity_e1_e2,inter_expert_similarity_e1_e3,inter_expert_similarity_e2_e0,inter_expert_similarity_e2_e1,inter_expert_similarity_e2_e2,inter_expert_similarity_e2_e3,inter_expert_similarity_e3_e0,inter_expert_similarity_e3_e1,inter_expert_similarity_e3_e2,inter_expert_similarity_e3_e3,intra_expert_coherence_e0,intra_expert_coherence_e1,intra_expert_coherence_e2,intra_expert_coherence_e3,load_cv,load_max_min_ratio,overall_task_conflict_cos,router_entropy,router_load_e0,router_load_e1,router_load_e2,router_load_e3,task_acc__glue_mrpc,task_conflict_t0_t0,task_grad_norm_cv,task_loss__glue_mrpc,utilization_ratio
50.0,0.5723443329334259,0.7600872410032715,0.5074085235595703,0.7598039215686274,0.5045837943370526,1.0,0.0,0.0,0.0,0.0,0.0,1.0,1.0,1.0,1.0,1.0,0.002551554236935489,1.0,0.0,0.0,0.0,0.0,1.0,0.0,0.0,0.0,0.0,1.0,0.015309325421612934,0.0,0.0,0.015309325421612934,1.0,1.0,1.0,1.0,1.0,1.0024306179541718,533023357391.3574,1.0,0.6889166083990359,0.0,0.0010347868083044887,0.46594178676605225,0.5330233573913574,0.7598039215686274,1.0,0.0,0.5045837943370526,0.5
100.0,0.6307073831558228,0.8301526717557252,0.4078736782721851,0.8333333333333334,0.3997234166241609,1.0,0.0,0.0,0.0,0.0,0.0,1.0,1.0,1.0,1.0,1.0,0.039169177786483246,1.0,0.0,0.0,0.0,0.0,1.0,0.0,0.0,0.0,0.0,1.0,0.23501506671889946,0.0,0.0,0.23501506671889946,1.0,1.0,1.0,1.0,1.0,1.0035551192495298,529838621616.3635,1.0,0.6893120536617204,0.0,0.0,0.4701613187789917,0.5298386216163635,0.8333333333333334,1.0,0.0,0.3997234166241609,0.5
150.0,0.45583397150039673,0.8424209378407852,0.3606629852326992,0.8284313725490197,0.3636421086983039,1.0,0.0,0.0,0.0,0.0,0.0,1.0,1.0,1.0,1.0,1.0,-0.018658906369762907,1.0,0.0,0.0,0.0,0.0,1.0,0.0,0.0,0.0,0.0,1.0,-0.11195343821857745,0.0,0.0,-0.11195343821857745,1.0,1.0,1.0,1.0,1.0,1.0084823369979858,750.7427873360796,1.0,0.6798615479001812,0.0026478925719857216,0.0007460720953531563,0.4364977777004242,0.5601082444190979,0.8284313725490197,1.0,0.0,0.3636421086983039,0.5
