step,train_step_loss,train_acc,train_loss,val_acc,val_loss,avg_intra_expert_coherence,expert_diversity_e0,expert_diversity_e1,expert_diversity_e2,expert_diversity_e3,expert_diversity_mean,expert_purity_e0,expert_purity_e1,expert_purity_e2,expert_purity_e3,expert_purity_mean,inter_expert_similarity,inter_expert_similarity_e0_e0,inter_expert_similarity_e0_e1,inter_expert_similarity_e0_e2,inter_expert_similarity_e0_e3,inter_expert_similarity_e1_e0,inter_expert_similarity_e1_e1,inter_expert_similarity_e1_e2,inter_expert_similarity_e1_e3,inter_expert_similarity_e2_e0,inter_expert_similarity_e2_e1,inter_expert_similarity_e2_e2,inter_expert_similarity_e2_e3,inter_expert_similarity_e3_e0,inter_expert_similarity_e3_e1,inter_expert_similarity_e3_e2,inter_expert_similarity_e3_e3,intra_expert_coherence_e0,intra_expert_coherence_e1,intra_expert_coherence_e2,intra_expert_coherence_e3,load_cv,load_max_min_ratio,overall_task_conflict_cos,router_entropy,router_load_e0,router_load_e1,router_load_e2,router_load_e3,task_acc__glue_rte,task_conflict_t0_t0,task_grad_norm_cv,task_loss__glue_rte,utilization_ratio
50.0,0.6622055768966675,0.6506024096385542,0.6476451200361435,0.631768953068592,0.6563162058591843,1.0,0.0,0.0,0.0,0.0,0.0,1.0,1.0,1.0,1.0,1.0,0.060029620586716174,1.0,0.0,0.0,0.0,0.0,1.0,0.0,0.36017772352029703,0.0,0.0,1.0,0.0,0.0,0.36017772352029703,0.0,1.0,1.0,1.0,1.0,1.0,0.9769914150238037,509430885314.9414,1.0,0.6925318060368837,0.0,0.4785003066062927,0.012068772688508034,0.5094308853149414,0.631768953068592,1.0,0.0,0.6563162058591843,0.5
100.0,0.5885733067989349,0.7337349397590361,0.573920759348533,0.6570397111913358,0.6163225687212415,1.0,0.0,0.0,0.0,0.0,0.0,1.0,1.0,1.0,1.0,1.0,0.05869526675022859,1.0,0.0,0.0,0.0,0.0,1.0,0.0,0.35217160050137153,0.0,0.0,1.0,0.0,0.0,0.35217160050137153,0.0,1.0,1.0,1.0,1.0,1.0,0.9865977764129639,507098078727.72217,1.0,0.6926109592837116,0.0,0.4859495759010315,0.006952302996069193,0.5070980787277222,0.6570397111913358,1.0,0.0,0.6163225687212415,0.5
150.0,0.49910250306129456,0.738152610441767,0.5707496780615587,0.6534296028880866,0.6314061731100082,1.0,0.0,0.0,0.0,0.0,0.0,1.0,1.0,1.0,1.0,1.0,0.061571273976805035,1.0,0.0,0.0,0.0,0.0,1.0,0.0,0.3694276438608302,0.0,0.0,1.0,0.0,0.0,0.3694276438608302,0.0,1.0,1.0,1.0,1.0,1.0,1.000006914138794,501309514045.71533,1.0,0.6928624934668145,0.0,0.49869048595428467,0.0,0.5013095140457153,0.6534296028880866,1.0,0.0,0.6314061731100082,0.5
