step,train_step_loss,train_acc,train_loss,val_acc,val_loss,alignment_reward,l_conflict,l_conflict_e0,l_conflict_e1,l_conflict_e2,l_conflict_e3,router_conflict_grad_l2,router_entropy,router_load_e0,router_load_e1,router_load_e2,router_load_e3
5.0,0.6207764695088069,0.6217786395972208,0.66102454516176,0.6118529463005128,0.6723114957475597,0.2897779941558838,-0.2897779941558838,-0.05549236387014389,-0.08074603229761124,-0.06291774660348892,-0.09062185138463974,0.0,1.3335654868019953,0.18134824931621552,0.3414246737957001,0.2438058704137802,0.23342125117778778
