method,val_acc_last_mean,val_acc_last_std,val_loss_last_mean,val_loss_last_std
baseline,0.38175523522713184,0.0,0.8189363674229045,0.0
ours,0.6118529463005128,0.0,0.6723114957475597,0.0
