step,train_step_loss,train_acc,train_loss,val_acc,val_loss,avg_intra_expert_coherence,expert_diversity_e0,expert_diversity_e1,expert_diversity_e2,expert_diversity_e3,expert_diversity_mean,expert_purity_e0,expert_purity_e1,expert_purity_e2,expert_purity_e3,expert_purity_mean,inter_expert_similarity,inter_expert_similarity_e0_e0,inter_expert_similarity_e0_e1,inter_expert_similarity_e0_e2,inter_expert_similarity_e0_e3,inter_expert_similarity_e1_e0,inter_expert_similarity_e1_e1,inter_expert_similarity_e1_e2,inter_expert_similarity_e1_e3,inter_expert_similarity_e2_e0,inter_expert_similarity_e2_e1,inter_expert_similarity_e2_e2,inter_expert_similarity_e2_e3,inter_expert_similarity_e3_e0,inter_expert_similarity_e3_e1,inter_expert_similarity_e3_e2,inter_expert_similarity_e3_e3,intra_expert_coherence_e0,intra_expert_coherence_e1,intra_expert_coherence_e2,intra_expert_coherence_e3,load_cv,load_max_min_ratio,overall_task_conflict_cos,router_entropy,router_load_e0,router_load_e1,router_load_e2,router_load_e3,task_acc__glue_mrpc,task_conflict_t0_t0,task_grad_norm_cv,task_loss__glue_mrpc,utilization_ratio
50.0,0.5884993076324463,0.6744820065430752,0.6276529021237207,0.6838235294117647,0.6205826544990907,1.0,0.0,0.0,0.0,0.0,0.0,1.0,1.0,1.0,1.0,1.0,0.025613751129839255,1.0,0.0,0.06729577999149434,0.04311793979732462,0.0,1.0,0.0,0.0,0.06729577999149434,0.0,1.0,0.043268786990216565,0.04311793979732462,0.0,0.043268786990216565,1.0,1.0,1.0,1.0,1.0,1.0577800973260576,646669805049.8962,1.0,0.649241497703627,0.6466698050498962,0.0,0.3333838880062103,0.01994616910815239,0.6838235294117647,1.0,0.0,0.6205826544990907,0.5
100.0,0.6576385200023651,0.6744820065430752,0.629409094673136,0.6838235294117647,0.6211292594671249,1.0,0.0,0.0,0.0,0.0,0.0,1.0,1.0,1.0,1.0,1.0,0.009181601100307961,1.0,0.0,0.055089606601847765,0.0,0.0,1.0,0.0,0.0,0.055089606601847765,0.0,1.0,0.0,0.0,0.0,0.0,1.0,1.0,1.0,1.0,1.0,1.0480120182037354,610865473747.2534,1.0,0.6660799594486461,0.6108654737472534,0.0,0.3891345262527466,0.0,0.6838235294117647,1.0,0.0,0.6211292594671249,0.5
150.0,0.6219163239002228,0.6744820065430752,0.63142604270707,0.6838235294117647,0.6250025710234275,1.0,0.0,0.0,0.0,0.0,0.0,1.0,1.0,1.0,1.0,1.0,0.0012252492707175433,1.0,0.0,0.0,0.00735149562430526,0.0,1.0,0.0,0.0,0.0,0.0,1.0,0.0,0.00735149562430526,0.0,0.0,1.0,1.0,1.0,1.0,1.0,1.0649312734603882,629459679126.7395,1.0,0.6592426253300087,0.6294596791267395,0.0,0.0,0.3705403804779053,0.6838235294117647,1.0,0.0,0.6250025710234275,0.5
