step,train_step_loss,train_acc,train_loss,val_acc,val_loss,avg_intra_expert_coherence,expert_diversity_e0,expert_diversity_e1,expert_diversity_e2,expert_diversity_e3,expert_diversity_mean,expert_purity_e0,expert_purity_e1,expert_purity_e2,expert_purity_e3,expert_purity_mean,inter_expert_similarity,inter_expert_similarity_e0_e0,inter_expert_similarity_e0_e1,inter_expert_similarity_e0_e2,inter_expert_similarity_e0_e3,inter_expert_similarity_e1_e0,inter_expert_similarity_e1_e1,inter_expert_similarity_e1_e2,inter_expert_similarity_e1_e3,inter_expert_similarity_e2_e0,inter_expert_similarity_e2_e1,inter_expert_similarity_e2_e2,inter_expert_similarity_e2_e3,inter_expert_similarity_e3_e0,inter_expert_similarity_e3_e1,inter_expert_similarity_e3_e2,inter_expert_similarity_e3_e3,intra_expert_coherence_e0,intra_expert_coherence_e1,intra_expert_coherence_e2,intra_expert_coherence_e3,load_cv,load_max_min_ratio,overall_task_conflict_cos,router_entropy,router_load_e0,router_load_e1,router_load_e2,router_load_e3,task_acc__glue_mrpc,task_conflict_t0_t0,task_grad_norm_cv,task_loss__glue_mrpc,utilization_ratio
50.0,0.45412634313106537,0.7993456924754635,0.4646053502093191,0.8186274509803921,0.4607393816113472,1.0,0.0,0.0,0.0,0.0,0.0,1.0,1.0,1.0,1.0,1.0,-0.029910235891416018,1.0,-0.33471874543971936,0.11986010367188236,-0.15645188300300597,-0.33471874543971936,1.0,-0.16830908978448103,0.5205940949459994,0.11986010367188236,-0.16830908978448103,1.0,-0.16043589573917158,-0.15645188300300597,0.5205940949459994,-0.16043589573917158,1.0,1.0,1.0,1.0,1.0,0.9501037567915771,10.32852430254732,1.0,0.9686689213210461,0.6519590020179749,0.1974591612815857,0.06312218308448792,0.08745963126420975,0.8186274509803921,1.0,0.0,0.4607393816113472,0.5
100.0,0.2758617252111435,0.8846782988004362,0.2740111718399693,0.8480392156862745,0.34063561828448796,1.0,0.0,0.0,0.0,0.0,0.0,1.0,1.0,1.0,1.0,1.0,-0.11227482959501461,1.0,-0.3182481102541662,-0.022859092849359584,-0.26590590026376226,-0.3182481102541662,1.0,0.014302196328716946,-0.052915493914355655,-0.022859092849359584,0.014302196328716946,1.0,-0.028022576617160923,-0.26590590026376226,-0.052915493914355655,-0.028022576617160923,1.0,1.0,1.0,1.0,1.0,0.6854766828389982,6.060947864883772,1.0,1.0992928229126275,0.4927661120891571,0.32986778020858765,0.08130182325839996,0.0960642397403717,0.8480392156862745,1.0,0.0,0.34063561828448796,0.5
