step,train_step_loss,train_acc,train_loss,val_acc,val_loss,avg_intra_expert_coherence,expert_diversity_e0,expert_diversity_e1,expert_diversity_e2,expert_diversity_e3,expert_diversity_mean,expert_purity_e0,expert_purity_e1,expert_purity_e2,expert_purity_e3,expert_purity_mean,inter_expert_similarity,inter_expert_similarity_e0_e0,inter_expert_similarity_e0_e1,inter_expert_similarity_e0_e2,inter_expert_similarity_e0_e3,inter_expert_similarity_e1_e0,inter_expert_similarity_e1_e1,inter_expert_similarity_e1_e2,inter_expert_similarity_e1_e3,inter_expert_similarity_e2_e0,inter_expert_similarity_e2_e1,inter_expert_similarity_e2_e2,inter_expert_similarity_e2_e3,inter_expert_similarity_e3_e0,inter_expert_similarity_e3_e1,inter_expert_similarity_e3_e2,inter_expert_similarity_e3_e3,intra_expert_coherence_e0,intra_expert_coherence_e1,intra_expert_coherence_e2,intra_expert_coherence_e3,load_cv,load_max_min_ratio,overall_task_conflict_cos,router_entropy,router_load_e0,router_load_e1,router_load_e2,router_load_e3,task_acc__glue_mrpc,task_conflict_t0_t0,task_grad_norm_cv,task_loss__glue_mrpc,utilization_ratio
50.0,0.3888178765773773,0.8061613958560524,0.41523038628308667,0.7965686274509803,0.4203227345760052,1.0,0.0,0.0,0.0,0.0,0.0,1.0,1.0,1.0,1.0,1.0,0.04267873645176817,1.0,0.028564703179488626,-0.2473536734305942,0.27946704513081677,0.028564703179488626,1.0,0.30092612859665563,-0.19070389293801618,-0.2473536734305942,0.30092612859665563,1.0,0.08517210817225844,0.27946704513081677,-0.19070389293801618,0.08517210817225844,1.0,1.0,1.0,1.0,1.0,0.38945460319519043,2.3737092327064904,1.0,1.3000584887523277,0.22217494249343872,0.4159516394138336,0.1866406798362732,0.17523276805877686,0.7965686274509803,1.0,0.0,0.4203227345760052,1.0
100.0,0.4388673007488251,0.8546892039258451,0.35021913843634334,0.8455882352941176,0.36619986393130743,1.0,0.0,0.0,0.0,0.0,0.0,1.0,1.0,1.0,1.0,1.0,0.0351116587420199,1.0,0.21179311439994103,0.39566016190997927,0.08880146696184747,0.21179311439994103,1.0,0.03661985063371264,-0.20933882449646474,0.39566016190997927,0.03661985063371264,1.0,-0.3128658169568963,0.08880146696184747,-0.20933882449646474,-0.3128658169568963,1.0,1.0,1.0,1.0,1.0,0.5438113808631897,3.1676657172373828,1.0,1.2345496275845695,0.1529516577720642,0.4844997227191925,0.18750903010368347,0.17503949999809265,0.8455882352941176,1.0,0.0,0.36619986393130743,1.0
