step,train_step_loss,train_acc,train_loss,val_acc,val_loss,avg_intra_expert_coherence,expert_diversity_e0,expert_diversity_e1,expert_diversity_e2,expert_diversity_e3,expert_diversity_mean,expert_purity_e0,expert_purity_e1,expert_purity_e2,expert_purity_e3,expert_purity_mean,inter_expert_similarity,inter_expert_similarity_e0_e0,inter_expert_similarity_e0_e1,inter_expert_similarity_e0_e2,inter_expert_similarity_e0_e3,inter_expert_similarity_e1_e0,inter_expert_similarity_e1_e1,inter_expert_similarity_e1_e2,inter_expert_similarity_e1_e3,inter_expert_similarity_e2_e0,inter_expert_similarity_e2_e1,inter_expert_similarity_e2_e2,inter_expert_similarity_e2_e3,inter_expert_similarity_e3_e0,inter_expert_similarity_e3_e1,inter_expert_similarity_e3_e2,inter_expert_similarity_e3_e3,intra_expert_coherence_e0,intra_expert_coherence_e1,intra_expert_coherence_e2,intra_expert_coherence_e3,load_cv,load_max_min_ratio,overall_task_conflict_cos,router_entropy,router_load_e0,router_load_e1,router_load_e2,router_load_e3,task_acc__glue_mrpc,task_conflict_t0_t0,task_grad_norm_cv,task_loss__glue_mrpc,utilization_ratio
50.0,0.539621114730835,0.6744820065430752,0.6356186466372531,0.6838235294117647,0.6314573081640097,1.0,0.0,0.0,0.0,0.0,0.0,1.0,1.0,1.0,1.0,1.0,0.010317600638814201,1.0,0.0619056038328852,0.0,0.0,0.0619056038328852,1.0,0.0,0.0,0.0,0.0,1.0,0.0,0.0,0.0,0.0,1.0,1.0,1.0,1.0,1.0,1.0281555652618408,584486544132.2327,1.0,0.6788025182836196,0.5844865441322327,0.4155135154724121,0.0,0.0,0.6838235294117647,1.0,0.0,0.6314573081640097,0.5
100.0,0.6769871413707733,0.6744820065430752,0.6310104895545089,0.6838235294117647,0.6263861873975167,1.0,0.0,0.0,0.0,0.0,0.0,1.0,1.0,1.0,1.0,1.0,0.009068520504089843,1.0,0.05441112302453906,0.0,0.0,0.05441112302453906,1.0,0.0,0.0,0.0,0.0,1.0,0.0,0.0,0.0,0.0,1.0,1.0,1.0,1.0,1.0,1.0000082850461176,501439392566.6809,1.0,0.6931430370199914,0.5014393925666809,0.4985605478286743,0.0,0.0,0.6838235294117647,1.0,0.0,0.6263861873975167,0.5
150.0,0.6618005037307739,0.6744820065430752,0.6323032394051552,0.6838235294117647,0.6248392468461623,1.0,0.0,0.0,0.0,0.0,0.0,1.0,1.0,1.0,1.0,1.0,0.005437193261779626,1.0,0.0,0.032623159570677754,0.0,0.0,1.0,0.0,0.0,0.032623159570677754,0.0,1.0,0.0,0.0,0.0,0.0,1.0,1.0,1.0,1.0,1.0,1.0280742645263672,584362864494.3237,1.0,0.6788446774669722,0.5843628644943237,0.0,0.41563713550567627,0.0,0.6838235294117647,1.0,0.0,0.6248392468461623,0.5
