step,train_step_loss,train_acc,train_loss,val_acc,val_loss,avg_intra_expert_coherence,expert_diversity_e0,expert_diversity_e1,expert_diversity_e2,expert_diversity_e3,expert_diversity_mean,expert_purity_e0,expert_purity_e1,expert_purity_e2,expert_purity_e3,expert_purity_mean,inter_expert_similarity,inter_expert_similarity_e0_e0,inter_expert_similarity_e0_e1,inter_expert_similarity_e0_e2,inter_expert_similarity_e0_e3,inter_expert_similarity_e1_e0,inter_expert_similarity_e1_e1,inter_expert_similarity_e1_e2,inter_expert_similarity_e1_e3,inter_expert_similarity_e2_e0,inter_expert_similarity_e2_e1,inter_expert_similarity_e2_e2,inter_expert_similarity_e2_e3,inter_expert_similarity_e3_e0,inter_expert_similarity_e3_e1,inter_expert_similarity_e3_e2,inter_expert_similarity_e3_e3,intra_expert_coherence_e0,intra_expert_coherence_e1,intra_expert_coherence_e2,intra_expert_coherence_e3,load_cv,load_max_min_ratio,overall_task_conflict_cos,router_entropy,router_load_e0,router_load_e1,router_load_e2,router_load_e3,task_acc__glue_sst2,task_conflict_t0_t0,task_grad_norm_cv,task_loss__glue_sst2,utilization_ratio
50.0,0.8334400057792664,0.8339693239691754,0.5747791369744265,0.8451834862385321,0.5513612189076164,1.0,0.0,0.0,0.0,0.0,0.0,1.0,1.0,1.0,1.0,1.0,0.133418180806012,1.0,0.22308569998231062,0.0,0.5214587640335446,0.22308569998231062,1.0,0.0,0.0559646208202167,0.0,0.0,1.0,0.0,0.5214587640335446,0.0559646208202167,0.0,1.0,1.0,1.0,1.0,1.0,0.8041640520095825,560867428779.602,1.0,0.685364435572143,0.23799146711826324,0.20114107429981232,0.0,0.560867428779602,0.8451834862385321,1.0,0.0,0.5513612189076164,0.75
100.0,0.4632962793111801,0.8345780932159349,0.4290251105209711,0.8325688073394495,0.41103140237656505,1.0,0.0,0.0,0.0,0.0,0.0,1.0,1.0,1.0,1.0,1.0,0.06898648480393706,1.0,0.0,0.0,0.4139189088236223,0.0,1.0,0.0,0.0,0.0,0.0,1.0,0.0,0.4139189088236223,0.0,0.0,1.0,1.0,1.0,1.0,1.0,1.0184425115585327,568213820457.4585,1.0,0.6801890309797515,0.4317862093448639,0.0,0.0,0.5682138204574585,0.8325688073394495,1.0,0.0,0.41103140237656505,0.5
150.0,0.8970927000045776,0.8160625992962034,0.4829561139521081,0.801605504587156,0.5197229715910825,1.0,0.0,0.0,0.0,0.0,0.0,1.0,1.0,1.0,1.0,1.0,-0.01202627134600808,1.0,0.0,0.0,-0.07215762807604847,0.0,1.0,0.0,0.0,0.0,0.0,1.0,0.0,-0.07215762807604847,0.0,0.0,1.0,1.0,1.0,1.0,1.0,1.0089744340150875,547472834587.09717,1.0,0.6873218165625126,0.45252707600593567,0.0,0.0,0.5474728345870972,0.801605504587156,1.0,0.0,0.5197229715910825,0.5
