step,train_step_loss,train_acc,train_loss,val_acc,val_loss,avg_intra_expert_coherence,expert_diversity_e0,expert_diversity_e1,expert_diversity_e2,expert_diversity_e3,expert_diversity_mean,expert_purity_e0,expert_purity_e1,expert_purity_e2,expert_purity_e3,expert_purity_mean,inter_expert_similarity,inter_expert_similarity_e0_e0,inter_expert_similarity_e0_e1,inter_expert_similarity_e0_e2,inter_expert_similarity_e0_e3,inter_expert_similarity_e1_e0,inter_expert_similarity_e1_e1,inter_expert_similarity_e1_e2,inter_expert_similarity_e1_e3,inter_expert_similarity_e2_e0,inter_expert_similarity_e2_e1,inter_expert_similarity_e2_e2,inter_expert_similarity_e2_e3,inter_expert_similarity_e3_e0,inter_expert_similarity_e3_e1,inter_expert_similarity_e3_e2,inter_expert_similarity_e3_e3,intra_expert_coherence_e0,intra_expert_coherence_e1,intra_expert_coherence_e2,intra_expert_coherence_e3,load_cv,load_max_min_ratio,overall_task_conflict_cos,router_entropy,router_load_e0,router_load_e1,router_load_e2,router_load_e3,task_acc__glue_cola,task_acc__glue_mrpc,task_acc__glue_rte,task_conflict_t0_t0,task_conflict_t0_t1,task_conflict_t0_t2,task_conflict_t1_t0,task_conflict_t1_t1,task_conflict_t1_t2,task_conflict_t2_t0,task_conflict_t2_t1,task_conflict_t2_t2,task_grad_norm_cv,task_loss__glue_cola,task_loss__glue_mrpc,task_loss__glue_rte,utilization_ratio
1.0,0.6046456514547268,0.6193264049127457,0.7974574794314918,0.6069096736328982,0.819635471730071,0.9405090245879166,0.7513284753144265,0.8950224548461625,0.8443720954861571,0.7882553797662022,0.819744601353237,0.4924733638763428,0.5177174806594849,0.6189853549003601,0.491484135389328,0.5301650837063789,0.25796857685462454,1.0,0.2579814450634796,0.2530604444100313,0.24819580848416514,0.2579814450634796,1.0,0.255472837935237,0.26261004722328174,0.2530604444100313,0.255472837935237,1.0,0.2704908780115526,0.24819580848416514,0.26261004722328174,0.2704908780115526,1.0,0.9415444130311945,0.9693085649534154,0.9108235097751783,0.9403596105918783,1.357903242111206,46.054925944691604,0.7941394796208018,0.4568401621137228,0.024665815755724907,0.12373155355453491,0.018098054453730583,0.8335045576095581,0.6922339405560882,0.6519607843137255,0.47653429602888087,1.0,0.7655584085399747,0.9724423621066105,0.7655584085399747,1.0,0.6444176682158204,0.9724423621066105,0.6444176682158204,1.0,0.5395292244429503,0.7805698497491028,0.660046325740861,1.0182902397002493,0.25
