step,train_step_loss,train_acc,train_loss,val_acc,val_loss,avg_intra_expert_coherence,expert_diversity_e0,expert_diversity_e1,expert_diversity_e2,expert_diversity_e3,expert_diversity_mean,expert_purity_e0,expert_purity_e1,expert_purity_e2,expert_purity_e3,expert_purity_mean,inter_expert_similarity,inter_expert_similarity_e0_e0,inter_expert_similarity_e0_e1,inter_expert_similarity_e0_e2,inter_expert_similarity_e0_e3,inter_expert_similarity_e1_e0,inter_expert_similarity_e1_e1,inter_expert_similarity_e1_e2,inter_expert_similarity_e1_e3,inter_expert_similarity_e2_e0,inter_expert_similarity_e2_e1,inter_expert_similarity_e2_e2,inter_expert_similarity_e2_e3,inter_expert_similarity_e3_e0,inter_expert_similarity_e3_e1,inter_expert_similarity_e3_e2,inter_expert_similarity_e3_e3,intra_expert_coherence_e0,intra_expert_coherence_e1,intra_expert_coherence_e2,intra_expert_coherence_e3,load_cv,load_max_min_ratio,overall_task_conflict_cos,router_entropy,router_load_e0,router_load_e1,router_load_e2,router_load_e3,task_acc__glue_rte,task_conflict_t0_t0,task_grad_norm_cv,task_loss__glue_rte,utilization_ratio
50.0,0.5860521793365479,0.5196787148594377,0.6787904538787328,0.5270758122743683,0.6696095938483874,1.0,0.0,0.0,0.0,0.0,0.0,1.0,1.0,1.0,1.0,1.0,0.013653873494346906,1.0,0.0,0.0,0.0,0.0,1.0,0.08192324096608143,0.0,0.0,0.08192324096608143,1.0,0.0,0.0,0.0,0.0,1.0,1.0,1.0,1.0,1.0,1.0608850717544556,625238299369.812,1.0,0.6601812417756779,0.0,0.3747616708278656,0.625238299369812,0.0,0.5270758122743683,1.0,0.0,0.6696095938483874,0.5
100.0,0.6629832684993744,0.6473895582329318,0.6430432792657461,0.5848375451263538,0.6664297249582078,1.0,0.0,0.0,0.0,0.0,0.0,1.0,1.0,1.0,1.0,1.0,-0.018403979311530153,1.0,0.0,0.0,0.0,0.0,1.0,-0.11042387586918093,0.0,0.0,-0.11042387586918093,1.0,0.0,0.0,0.0,0.0,1.0,1.0,1.0,1.0,1.0,1.0504482418565895,613710999488.8306,1.0,0.666373032525128,0.0,0.38628894090652466,0.6137109994888306,0.0,0.5848375451263538,1.0,0.0,0.6664297249582078,0.5
150.0,0.6784370541572571,0.7389558232931727,0.5932458070226204,0.6750902527075813,0.627073370748096,1.0,0.0,0.0,0.0,0.0,0.0,1.0,1.0,1.0,1.0,1.0,0.06511788705629017,1.0,0.0,0.0,0.0,0.0,1.0,0.390707322337741,0.0,0.0,0.390707322337741,1.0,0.0,0.0,0.0,0.0,1.0,1.0,1.0,1.0,1.0,1.0384557247161865,601457238197.3267,1.0,0.6699762860790487,0.0012453320669010282,0.3972974121570587,0.6014572381973267,0.0,0.6750902527075813,1.0,0.0,0.627073370748096,0.5
