step,train_step_loss,train_acc,train_loss,val_acc,val_loss,avg_intra_expert_coherence,expert_diversity_e0,expert_diversity_e1,expert_diversity_e2,expert_diversity_e3,expert_diversity_mean,expert_purity_e0,expert_purity_e1,expert_purity_e2,expert_purity_e3,expert_purity_mean,inter_expert_similarity,inter_expert_similarity_e0_e0,inter_expert_similarity_e0_e1,inter_expert_similarity_e0_e2,inter_expert_similarity_e0_e3,inter_expert_similarity_e1_e0,inter_expert_similarity_e1_e1,inter_expert_similarity_e1_e2,inter_expert_similarity_e1_e3,inter_expert_similarity_e2_e0,inter_expert_similarity_e2_e1,inter_expert_similarity_e2_e2,inter_expert_similarity_e2_e3,inter_expert_similarity_e3_e0,inter_expert_similarity_e3_e1,inter_expert_similarity_e3_e2,inter_expert_similarity_e3_e3,intra_expert_coherence_e0,intra_expert_coherence_e1,intra_expert_coherence_e2,intra_expert_coherence_e3,load_cv,load_max_min_ratio,overall_task_conflict_cos,router_entropy,router_load_e0,router_load_e1,router_load_e2,router_load_e3,task_acc__glue_rte,task_conflict_t0_t0,task_grad_norm_cv,task_loss__glue_rte,utilization_ratio
50.0,0.6313531994819641,0.6224899598393574,0.6420668895236957,0.5956678700361011,0.6837609244717492,1.0,0.0,0.0,0.0,0.0,0.0,1.0,1.0,1.0,1.0,1.0,0.02274110067751862,1.0,0.0,0.0,0.0,0.0,1.0,0.0,0.13644660406511172,0.0,0.0,1.0,0.0,0.0,0.13644660406511172,0.0,1.0,1.0,1.0,1.0,1.0,0.9908223748207092,510389506816.864,1.0,0.6919720594633357,0.004934878554195166,0.4846756160259247,0.0,0.510389506816864,0.5956678700361011,1.0,0.0,0.6837609244717492,0.5
100.0,0.5497216880321503,0.6887550200803213,0.5872788450274712,0.6389891696750902,0.6277536575992902,1.0,0.0,0.0,0.0,0.0,0.0,1.0,1.0,1.0,1.0,1.0,-0.0020439930114904193,1.0,0.0,0.0,0.0,0.0,1.0,0.0,-0.012263958068942515,0.0,0.0,1.0,0.0,0.0,-0.012263958068942515,0.0,1.0,1.0,1.0,1.0,1.0,0.9903802275657654,507536590099.3347,1.0,0.6917986861204842,0.0050266943871974945,0.5075365900993347,0.0,0.48743677139282227,0.6389891696750902,1.0,0.0,0.6277536575992902,0.5
150.0,0.5705929100513458,0.7674698795180723,0.5433453579361622,0.6534296028880866,0.6099507626559999,1.0,0.0,0.0,0.0,0.0,0.0,1.0,1.0,1.0,1.0,1.0,-0.014682636076807353,1.0,0.0,0.0,0.0,0.0,1.0,0.0,-0.08809581646084412,0.0,0.0,1.0,0.0,0.0,-0.08809581646084412,0.0,1.0,1.0,1.0,1.0,1.0,0.9979990719556255,517917096614.83765,1.0,0.692219363222914,0.0017085580620914698,0.480374276638031,0.0,0.5179170966148376,0.6534296028880866,1.0,0.0,0.6099507626559999,0.5
