step,train_step_loss,train_acc,train_loss,val_acc,val_loss,avg_intra_expert_coherence,expert_diversity_e0,expert_diversity_e1,expert_diversity_e2,expert_diversity_e3,expert_diversity_mean,expert_purity_e0,expert_purity_e1,expert_purity_e2,expert_purity_e3,expert_purity_mean,inter_expert_similarity,inter_expert_similarity_e0_e0,inter_expert_similarity_e0_e1,inter_expert_similarity_e0_e2,inter_expert_similarity_e0_e3,inter_expert_similarity_e1_e0,inter_expert_similarity_e1_e1,inter_expert_similarity_e1_e2,inter_expert_similarity_e1_e3,inter_expert_similarity_e2_e0,inter_expert_similarity_e2_e1,inter_expert_similarity_e2_e2,inter_expert_similarity_e2_e3,inter_expert_similarity_e3_e0,inter_expert_similarity_e3_e1,inter_expert_similarity_e3_e2,inter_expert_similarity_e3_e3,intra_expert_coherence_e0,intra_expert_coherence_e1,intra_expert_coherence_e2,intra_expert_coherence_e3,load_cv,load_max_min_ratio,overall_task_conflict_cos,router_entropy,router_load_e0,router_load_e1,router_load_e2,router_load_e3,task_acc__glue_mrpc,task_conflict_t0_t0,task_grad_norm_cv,task_loss__glue_mrpc,utilization_ratio
50.0,0.5716541111469269,0.7333696837513631,0.518416726006114,0.7230392156862745,0.5111570249383266,1.0,0.0,0.0,0.0,0.0,0.0,1.0,1.0,1.0,1.0,1.0,-0.062082274063967095,1.0,0.0,0.0,-0.37249364438380256,0.0,1.0,0.0,0.0,0.0,0.0,1.0,0.0,-0.37249364438380256,0.0,0.0,1.0,1.0,1.0,1.0,1.0,1.0006229877471924,512481987476.3489,1.0,0.691582507946912,0.5124819874763489,0.0,0.0,0.48751798272132874,0.7230392156862745,1.0,0.0,0.5111570249383266,0.5
100.0,0.45263299345970154,0.8356052344601963,0.39022659529810366,0.8186274509803921,0.3902262028020162,1.0,0.0,0.0,0.0,0.0,0.0,1.0,1.0,1.0,1.0,1.0,0.01167369389349409,1.0,0.0,0.0,0.07004216336096454,0.0,1.0,0.0,0.0,0.0,0.0,1.0,0.0,0.07004216336096454,0.0,0.0,1.0,1.0,1.0,1.0,1.0,1.0056610107421875,537673294544.22,1.0,0.6891751710106345,0.53767329454422,0.0,0.0,0.46232667565345764,0.8186274509803921,1.0,0.0,0.3902262028020162,0.5
150.0,0.482401505112648,0.8252453653217012,0.38466786301654315,0.8088235294117647,0.39565051504625726,1.0,0.0,0.0,0.0,0.0,0.0,1.0,1.0,1.0,1.0,1.0,-0.08138869068032695,1.0,-0.09948776446752283,0.0,-0.3086828483110781,-0.09948776446752283,1.0,0.0,-0.0801615313033607,0.0,0.0,1.0,0.0,-0.3086828483110781,-0.0801615313033607,0.0,1.0,1.0,1.0,1.0,1.0,0.9933791160583496,584416270256.0425,1.0,0.6770114992179123,0.5844162702560425,0.022315187379717827,0.0,0.3932685852050781,0.8088235294117647,1.0,0.0,0.39565051504625726,0.5
