step,train_step_loss,train_acc,train_loss,val_acc,val_loss,avg_intra_expert_coherence,expert_diversity_e0,expert_diversity_e1,expert_diversity_e2,expert_diversity_e3,expert_diversity_mean,expert_purity_e0,expert_purity_e1,expert_purity_e2,expert_purity_e3,expert_purity_mean,inter_expert_similarity,inter_expert_similarity_e0_e0,inter_expert_similarity_e0_e1,inter_expert_similarity_e0_e2,inter_expert_similarity_e0_e3,inter_expert_similarity_e1_e0,inter_expert_similarity_e1_e1,inter_expert_similarity_e1_e2,inter_expert_similarity_e1_e3,inter_expert_similarity_e2_e0,inter_expert_similarity_e2_e1,inter_expert_similarity_e2_e2,inter_expert_similarity_e2_e3,inter_expert_similarity_e3_e0,inter_expert_similarity_e3_e1,inter_expert_similarity_e3_e2,inter_expert_similarity_e3_e3,intra_expert_coherence_e0,intra_expert_coherence_e1,intra_expert_coherence_e2,intra_expert_coherence_e3,load_cv,load_max_min_ratio,overall_task_conflict_cos,router_entropy,router_load_e0,router_load_e1,router_load_e2,router_load_e3,task_acc__glue_mrpc,task_conflict_t0_t0,task_grad_norm_cv,task_loss__glue_mrpc,utilization_ratio
50.0,0.5036535710096359,0.6744820065430752,0.6309444616022317,0.6838235294117647,0.6254418417811394,1.0,0.0,0.0,0.0,0.0,0.0,1.0,1.0,1.0,1.0,1.0,0.004605307086365618,1.0,0.02763184251819371,0.0,0.0,0.02763184251819371,1.0,0.0,0.0,0.0,0.0,1.0,0.0,0.0,0.0,0.0,1.0,1.0,1.0,1.0,1.0,1.165773014334081,711845159530.6396,1.0,0.6004913823277342,0.7118451595306396,0.2881549298763275,0.0,0.0,0.6838235294117647,1.0,0.0,0.6254418417811394,0.5
100.0,0.6892996430397034,0.6744820065430752,0.6761234475218731,0.6838235294117647,0.6753743439912796,1.0,0.0,0.0,0.0,0.0,0.0,1.0,1.0,1.0,1.0,1.0,0.007625145325005241,1.0,0.0,0.04575087195003145,0.0,0.0,1.0,0.0,0.0,0.04575087195003145,0.0,1.0,0.0,0.0,0.0,0.0,1.0,1.0,1.0,1.0,1.0,1.0735094372011573,638032078742.981,1.0,0.6545421212327247,0.638032078742981,0.0,0.36196810007095337,0.0,0.6838235294117647,1.0,0.0,0.6753743439912796,0.5
150.0,0.6588607728481293,0.6744820065430752,0.6348182982724646,0.6838235294117647,0.6294209917004292,1.0,0.0,0.0,0.0,0.0,0.0,1.0,1.0,1.0,1.0,1.0,0.00557418119371,1.0,0.03344508716226,0.0,0.0,0.03344508716226,1.0,0.0,0.0,0.0,0.0,1.0,0.0,0.0,0.0,0.0,1.0,1.0,1.0,1.0,1.0,1.116214394569397,675333440303.8025,1.0,0.6303370992342631,0.6753334403038025,0.3246665894985199,0.0,0.0,0.6838235294117647,1.0,0.0,0.6294209917004292,0.5
