step,train_step_loss,train_acc,train_loss,val_acc,val_loss,alignment_reward,l_conflict,l_conflict_e0,l_conflict_e1,l_conflict_e2,l_conflict_e3,router_conflict_grad_l2,router_entropy,router_load_e0,router_load_e1,router_load_e2,router_load_e3
5.0,2.160461833079656,0.4890545255483412,1.8831477032781763,0.4871937177297041,1.8746615287980835,136.73727416992188,-136.73727416992188,-19.34815788269043,-19.805246353149414,-94.0667953491211,-3.5170702934265137,0.0,1.0378442220389843,0.2172343134880066,0.1849149763584137,0.3237473666667938,0.27410340309143066
