ts_epoch,event,phase,completed_jobs,total_jobs,failed_jobs,percent,eta_sec,elapsed_sec
1775055532.0276659,init,,0,0,0,0.0,,1.6689300537109375e-05
1775055532.027938,pipeline_start,,0,0,0,0.0,,0.0002925395965576172
1775055532.0285459,lock_wait,,0,0,0,0.0,,0.0005271434783935547
1775055532.028776,lock_acquired,,0,0,0,0.0,,0.0011641979217529297
1775055532.029043,method_start,,0,0,0,0.0,,0.0013451576232910156
1775055532.029296,lock_wait,,0,0,0,0.0,,0.0016705989837646484
1775055532.0295181,lock_acquired,,0,0,0,0.0,,0.0018939971923828125
1775055532.0297256,lock_released,,0,0,0,0.0,,0.0021033287048339844
1775055532.0309846,lock_wait,,0,0,0,0.0,,0.003348827362060547
1775055532.031199,lock_acquired,,0,0,0,0.0,,0.003578662872314453
1775055532.0313938,plan_add,,0,64,0,0.0,,0.003770589828491211
1775055532.0315897,phase_start,baseline:coord:train.lr,0,64,0,0.0,,0.003971576690673828
1775055540.3870723,group_slots,baseline:coord:train.lr,0,64,0,0.0,,8.359281778335571
1775055540.3873267,group_start,baseline:coord:train.lr,0,64,0,0.0,,8.359679937362671
1775055599.613459,job_done,baseline:coord:train.lr,1,64,0,1.5625,4257.885043144226,67.58547687530518
1775055601.813017,job_done,baseline:coord:train.lr,2,64,0,3.125,2163.3383433818817,69.78510785102844
1775055601.927323,job_done,baseline:coord:train.lr,3,64,0,4.6875,1421.2908055782318,69.89954781532288
1775055601.981992,job_done,baseline:coord:train.lr,4,64,0,6.25,1049.313486814499,69.95423245429993
1775055657.0781348,job_done,baseline:coord:train.lr,5,64,0,7.8125,1475.5906408786773,125.05005431175232
1775055660.272349,job_done,baseline:coord:train.lr,6,64,0,9.375,1239.698063294093,128.24462723731995
1775055661.1745532,job_done,baseline:coord:train.lr,7,64,0,10.9375,1051.6240344388145,129.14681124687195
1775055661.3130393,job_done,baseline:coord:train.lr,8,64,0,12.5,904.9973270893097,129.28533244132996
1775055710.8606873,job_done,baseline:coord:train.lr,9,64,0,14.0625,1092.868054707845,178.83295440673828
1775055719.0176663,job_done,baseline:coord:train.lr,10,64,0,15.625,1009.743653011322,186.98956537246704
1775055719.3862953,job_done,baseline:coord:train.lr,11,64,0,17.1875,902.7276846495541,187.35857605934143
1775055719.6501007,job_done,baseline:coord:train.lr,12,64,0,18.75,813.0285911560059,187.6219825744629
1775055762.5499682,job_done,baseline:coord:train.lr,13,64,0,20.3125,904.3564778291262,230.52223944664001
1775055776.9003952,job_done,baseline:coord:train.lr,14,64,0,21.875,874.5451263019016,244.87263536453247
1775055777.7239306,job_done,baseline:coord:train.lr,15,64,0,23.4375,802.6072280565897,245.69609022140503
1775055777.7991571,job_done,baseline:coord:train.lr,16,64,0,25.0,737.3141477108002,245.77138257026672
1775055816.8407006,job_done,baseline:coord:train.lr,17,64,0,26.5625,787.4241058405707,284.8129744529724
1775055834.6501806,job_done,baseline:coord:train.lr,18,64,0,28.125,773.3684720463223,302.6224455833435
1775055835.9956074,job_done,baseline:coord:train.lr,19,64,0,29.6875,719.9238224405991,303.9678361415863
1775055836.26241,job_done,baseline:coord:train.lr,20,64,0,31.25,669.3159863948822,304.234539270401
1775055868.879549,job_done,baseline:coord:train.lr,21,64,0,32.8125,689.7441369351886,336.85178780555725
1775055889.6886103,job_done,baseline:coord:train.lr,22,64,0,34.375,682.806814735586,357.66071248054504
1775055893.365583,job_done,baseline:coord:train.lr,23,64,0,35.9375,644.1237462914509,361.3377113342285
1775055893.6171546,job_done,baseline:coord:train.lr,24,64,0,37.5,602.6489249865214,361.58935499191284
1775055922.5491781,job_done,baseline:coord:train.lr,25,64,0,39.0625,609.2133616447449,390.52138566970825
1775055943.5692508,job_done,baseline:coord:train.lr,26,64,0,40.625,601.4837915347172,411.5415415763855
1775055949.3832796,job_done,baseline:coord:train.lr,27,64,0,42.1875,571.93168231293,417.3555519580841
1775055949.4490156,job_done,baseline:coord:train.lr,28,64,0,43.75,536.6844573702131,417.42124462127686
1775055975.028675,job_done,baseline:coord:train.lr,29,64,0,45.3125,534.6561967915502,443.0008487701416
1775055995.7887661,job_done,baseline:coord:train.lr,30,64,0,46.875,525.595768292745,463.76097202301025
1775056003.9646695,job_done,baseline:coord:train.lr,31,64,0,48.4375,502.3844809147619,471.9369366168976
1775056004.6337562,job_done,baseline:coord:train.lr,32,64,0,50.0,472.60602617263794,472.60602617263794
1775056029.7165964,job_done,baseline:coord:train.lr,33,64,0,51.5625,467.525800632708,497.68875551223755
1775056046.3242733,job_done,baseline:coord:train.lr,34,64,0,53.125,453.79094944280735,514.296409368515
1775056060.1467576,job_done,baseline:coord:train.lr,35,64,0,54.6875,437.58434210504805,528.119033575058
1775056060.5608037,job_done,baseline:coord:train.lr,36,64,0,56.25,411.0812281502618,528.5330076217651
1775056085.1088114,job_done,baseline:coord:train.lr,37,64,0,57.8125,403.59971134727067,553.0810859203339
1775056101.9961848,job_done,baseline:coord:train.lr,38,64,0,59.375,389.9783968925476,569.9684262275696
1775056117.3849103,job_done,baseline:coord:train.lr,39,64,0,60.9375,375.228886726575,585.357063293457
1775056117.4816797,job_done,baseline:coord:train.lr,40,64,0,62.5,351.27216954231267,585.4536159038544
1775056138.8238354,job_done,baseline:coord:train.lr,41,64,0,64.0625,340.39771169569434,606.7959208488464
1775056155.3319612,job_done,baseline:coord:train.lr,42,64,0,65.625,326.49211029779343,623.3031196594238
1775056174.9576356,job_done,baseline:coord:train.lr,43,64,0,67.1875,313.98878965266914,642.9294264316559
1775056175.339027,job_done,baseline:coord:train.lr,44,64,0,68.75,292.4142074584961,643.3112564086914
1775056192.2361617,job_done,baseline:coord:train.lr,45,64,0,70.3125,278.7546145968967,660.2082977294922
1775056209.2492378,job_done,baseline:coord:train.lr,46,64,0,71.875,264.99961762842923,677.2212450504303
1775056231.9171073,job_done,baseline:coord:train.lr,47,64,0,73.4375,253.15071734468987,699.8872773647308
1775056232.9595654,job_done,baseline:coord:train.lr,48,64,0,75.0,233.6439441045125,700.9318323135376
1775056247.3191304,job_done,baseline:coord:train.lr,49,64,0,76.5625,218.96675370177445,715.2913954257965
1775056263.5254567,job_done,baseline:coord:train.lr,50,64,0,78.125,204.8192603969574,731.4973585605621
1775056288.0907865,job_done,baseline:coord:train.lr,51,64,0,79.6875,192.7219590953752,756.0630702972412
1775056288.718507,job_done,baseline:coord:train.lr,52,64,0,81.25,174.62094717759354,756.6907711029053
1775056301.3732479,job_done,baseline:coord:train.lr,53,64,0,82.8125,159.6754770728777,769.3454804420471
1775056315.2501929,job_done,baseline:coord:train.lr,54,64,0,84.375,145.04119488928052,783.2224524021149
1775056344.0669975,job_done,baseline:coord:train.lr,55,64,0,85.9375,132.8791485006159,812.0392408370972
1775056344.6369612,job_done,baseline:coord:train.lr,56,64,0,87.5,116.08702145304,812.6091501712799
1775056352.0276937,job_done,baseline:coord:train.lr,57,64,0,89.0625,100.70173113806206,819.9998106956482
1775056367.1025004,job_done,baseline:coord:train.lr,58,64,0,90.625,86.3870317524877,835.0746402740479
1775056399.3067894,job_done,baseline:coord:train.lr,59,64,0,92.1875,73.49821878691851,867.2789816856384
1775056399.4588535,job_done,baseline:coord:train.lr,60,64,0,93.75,57.82874140739441,867.4311211109161
1775056405.751235,job_done,baseline:coord:train.lr,61,64,0,95.3125,42.970001607644754,873.72336602211
1775056420.0140967,job_done,baseline:coord:train.lr,62,64,0,96.875,28.644720346696918,887.9863307476044
1775056440.5405195,job_done,baseline:coord:train.lr,63,64,0,98.4375,14.4208370655302,908.5127351284027
1775056440.8977711,job_done,baseline:coord:train.lr,64,64,0,100.0,,908.8700487613678
1775056440.9158137,group_end,baseline:coord:train.lr,64,64,0,100.0,,908.8879387378693
1775056440.916192,phase_end,,64,64,0,100.0,,908.8884556293488
1775056440.9166534,lock_released,,64,64,0,100.0,,908.8889110088348
1775056440.9214349,lock_wait,,64,64,0,100.0,,908.8936541080475
1775056440.9218962,lock_acquired,,64,64,0,100.0,,908.8941543102264
1775056440.9222784,plan_add,,64,128,0,50.0,908.8945446014403,908.8945446014404
1775056440.9226751,phase_start,baseline:coord:train.weight_decay,64,128,0,50.0,908.8949365615846,908.8949365615845
1775056449.3399305,group_slots,baseline:coord:train.weight_decay,64,128,0,50.0,917.31214594841,917.31214594841
1775056449.3402092,group_start,baseline:coord:train.weight_decay,64,128,0,50.0,917.3125536441803,917.3125536441803
1775056510.9069214,job_done,baseline:coord:train.weight_decay,65,128,0,50.78125,948.759273829827,978.8786158561707
1775056511.1726213,job_done,baseline:coord:train.weight_decay,66,128,0,51.5625,919.8027278148767,979.1448392868042
1775056511.3237908,job_done,baseline:coord:train.weight_decay,67,128,0,52.34375,891.5978587812452,979.2960088253021
1775056511.5937262,job_done,baseline:coord:train.weight_decay,68,128,0,53.125,864.3229895479539,979.5660548210144
1775056570.3758655,job_done,baseline:coord:train.weight_decay,69,128,0,53.90625,887.862836063772,1038.3480625152588
1775056572.7915704,job_done,baseline:coord:train.weight_decay,70,128,0,54.6875,862.3471311092376,1040.763778924942
1775056572.899078,job_done,baseline:coord:train.weight_decay,71,128,0,55.46875,835.629058992359,1040.8712840080261
1775056572.8999348,job_done,baseline:coord:train.weight_decay,72,128,0,56.25,809.5671125782861,1040.8720018863678
1775056626.0507653,job_done,baseline:coord:train.weight_decay,73,128,0,57.03125,824.2637889679164,1094.0228471755981
1775056631.9459333,job_done,baseline:coord:train.weight_decay,74,128,0,57.8125,802.6430125623135,1099.9182024002075
1775056632.2557206,job_done,baseline:coord:train.weight_decay,75,128,0,58.59375,777.4544417285919,1100.1713798046112
1775056632.3545892,job_done,baseline:coord:train.weight_decay,76,128,0,59.375,752.8552605854837,1100.3269193172455
1775056676.4006197,job_done,baseline:coord:train.weight_decay,77,128,0,60.15625,757.9612636968687,1144.372888326645
1775056690.0536287,job_done,baseline:coord:train.weight_decay,78,128,0,60.9375,742.323847153248,1158.0252015590668
1775056691.203186,job_done,baseline:coord:train.weight_decay,79,128,0,61.71875,718.9822508051425,1159.1754655838013
1775056691.2710872,job_done,baseline:coord:train.weight_decay,80,128,0,62.5,695.5460186004639,1159.2433643341064
1775056728.9586585,job_done,baseline:coord:train.weight_decay,81,128,0,63.28125,694.5154783961214,1196.93093085289
1775056747.000059,job_done,baseline:coord:train.weight_decay,82,128,0,64.0625,681.5698318074388,1214.9723088741302
1775056749.565926,job_done,baseline:coord:train.weight_decay,83,128,0,64.84375,660.1110445734967,1217.5381488800049
1775056749.973855,job_done,baseline:coord:train.weight_decay,84,128,0,65.625,637.9710208461398,1217.9446761608124
1775056780.5670943,job_done,baseline:coord:train.weight_decay,85,128,0,66.40625,631.6137546875897,1248.5388174057007
1775056803.5930512,job_done,baseline:coord:train.weight_decay,86,128,0,67.1875,620.9970123268837,1271.5653109550476
1775056806.3280475,job_done,baseline:coord:train.weight_decay,87,128,0,67.96875,600.5323244456588,1274.3002982139587
1775056806.4269092,job_done,baseline:coord:train.weight_decay,88,128,0,68.75,579.272301197052,1274.3990626335144
1775056831.3607059,job_done,baseline:coord:train.weight_decay,89,128,0,69.53125,569.3706330074353,1299.3329830169678
1775056856.427536,job_done,baseline:coord:train.weight_decay,90,128,0,70.3125,559.1910188410018,1324.3997814655304
1775056862.7221975,job_done,baseline:coord:train.weight_decay,91,128,0,71.09375,541.0515533620185,1330.6943609714508
1775056863.1948745,job_done,baseline:coord:train.weight_decay,92,128,0,71.875,520.8914932064388,1331.1671493053436
1775056885.567607,job_done,baseline:coord:train.weight_decay,93,128,0,72.65625,509.3967202530112,1353.539856672287
1775056908.8035266,job_done,baseline:coord:train.weight_decay,94,128,0,73.4375,497.9827086570415,1376.7757239341736
1775056917.9677227,job_done,baseline:coord:train.weight_decay,95,128,0,74.21875,481.4317853526065,1385.9399881362915
1775056918.0379424,job_done,baseline:coord:train.weight_decay,96,128,0,75.0,462.00338919957477,1386.0101675987244
1775056941.642452,job_done,baseline:coord:train.weight_decay,97,128,0,75.78125,450.49541679362665,1409.6146912574768
1775056960.2203455,job_done,baseline:coord:train.weight_decay,98,128,0,76.5625,437.2014460028434,1428.1913902759552
1775056974.8996868,job_done,baseline:coord:train.weight_decay,99,128,0,77.34375,422.6594127235991,1442.871788263321
1775056975.4329765,job_done,baseline:coord:train.weight_decay,100,128,0,78.125,404.1534429168701,1443.4051532745361
1775056995.7672586,job_done,baseline:coord:train.weight_decay,101,128,0,78.90625,391.29670434186954,1463.7395236492157
1775057015.0078573,job_done,baseline:coord:train.weight_decay,102,128,0,79.6875,378.0145370960236,1482.9801070690155
1775057036.4070837,job_done,baseline:coord:train.weight_decay,103,128,0,80.46875,365.14060288957023,1504.3792839050293
1775057036.8983057,job_done,baseline:coord:train.weight_decay,104,128,0,81.25,347.2778301605811,1504.8705973625183
1775057057.2838402,job_done,baseline:coord:train.weight_decay,105,128,0,82.03125,334.10369707516264,1525.256008386612
1775057074.2309632,job_done,baseline:coord:train.weight_decay,106,128,0,82.8125,320.07991019734794,1542.203203678131
1775057092.5807273,job_done,baseline:coord:train.weight_decay,107,128,0,83.59375,306.27675251203163,1560.5529770851135
1775057093.7177901,job_done,baseline:coord:train.weight_decay,108,128,0,84.375,289.20175706898726,1561.6894881725311
1775057111.6311555,job_done,baseline:coord:train.weight_decay,109,128,0,85.15625,275.34366841272475,1579.6031503677368
1775057129.0848281,job_done,baseline:coord:train.weight_decay,110,128,0,85.9375,261.3366158268668,1597.0570967197418
1775057151.0795083,job_done,baseline:coord:train.weight_decay,111,128,0,86.71875,247.96288029352826,1619.0517477989197
1775057151.9511666,job_done,baseline:coord:train.weight_decay,112,128,0,87.5,231.41760975973943,1619.9232683181763
1775057165.2615285,job_done,baseline:coord:train.weight_decay,113,128,0,88.28125,216.8009398046848,1633.2337465286255
1775057183.296431,job_done,baseline:coord:train.weight_decay,114,128,0,89.0625,202.78737734493458,1651.2686440944672
1775057208.3112721,job_done,baseline:coord:train.weight_decay,115,128,0,89.84375,189.49291956943014,1676.283519268036
1775057208.4144788,job_done,baseline:coord:train.weight_decay,116,128,0,90.625,173.41930690304986,1676.3866333961487
1775057221.0361643,job_done,baseline:coord:train.weight_decay,117,128,0,91.40625,158.79566505423978,1689.0084373950958
1775057238.2251472,job_done,baseline:coord:train.weight_decay,118,128,0,92.1875,144.59290660033793,1706.1962978839874
1775057263.9025946,job_done,baseline:coord:train.weight_decay,119,128,0,92.96875,130.98212899079843,1731.8748166561127
1775057264.0514033,job_done,baseline:coord:train.weight_decay,120,128,0,93.75,115.46824321746826,1732.023648262024
1775057274.2206407,job_done,baseline:coord:train.weight_decay,121,128,0,94.53125,100.78723035962129,1742.1792676448822
1775057290.4879456,job_done,baseline:coord:train.weight_decay,122,128,0,95.3125,86.48164966458181,1758.4602098464966
1775057319.2822096,job_done,baseline:coord:train.weight_decay,123,128,0,96.09375,72.6526212886097,1787.2544836997986
1775057319.8911805,job_done,baseline:coord:train.weight_decay,124,128,0,96.875,57.673012941114365,1787.8634011745453
1775057326.731419,job_done,baseline:coord:train.weight_decay,125,128,0,97.65625,43.07288634109497,1794.7035975456238
1775057341.5189998,job_done,baseline:coord:train.weight_decay,126,128,0,98.4375,28.722076779320126,1809.490837097168
1775057360.9685338,job_done,baseline:coord:train.weight_decay,127,128,0,99.21875,14.401108661035854,1828.9407999515533
1775057361.7331753,job_done,baseline:coord:train.weight_decay,128,128,0,100.0,,1829.7054405212402
1775057361.7547722,group_end,baseline:coord:train.weight_decay,128,128,0,100.0,,1829.7267508506775
1775057361.7551677,phase_end,,128,128,0,100.0,,1829.7274315357208
1775057361.75566,lock_released,,128,128,0,100.0,,1829.7279205322266
1775057361.760804,lock_wait,,128,128,0,100.0,,1829.7328944206238
1775057361.76136,lock_acquired,,128,128,0,100.0,,1829.7336146831512
1775057361.761772,plan_add,,128,192,0,66.66666666666667,914.8670130968094,1829.7340261936188
1775057361.762201,phase_start,baseline:coord:train.grad_clip,128,192,0,66.66666666666667,914.8672227859497,1829.7344455718994
1775057370.424795,group_slots,baseline:coord:train.grad_clip,128,192,0,66.66666666666667,919.1985241174698,1838.3970482349396
1775057370.4250185,group_start,baseline:coord:train.grad_clip,128,192,0,66.66666666666667,919.1986975669861,1838.3973951339722
1775057432.6662278,job_done,baseline:coord:train.grad_clip,129,192,0,67.1875,928.2187063694,1900.6383035182953
1775057433.4072022,job_done,baseline:coord:train.grad_clip,130,192,0,67.70833333333333,906.811654156905,1901.3792748451233
1775057433.6369436,job_done,baseline:coord:train.grad_clip,131,192,0,68.22916666666667,885.4820428731788,1901.60897731781
1775057433.8378494,job_done,baseline:coord:train.grad_clip,132,192,0,68.75,864.4591008533131,1901.8100218772888
1775057495.7293,job_done,baseline:coord:train.grad_clip,133,192,0,69.27083333333333,871.1157140857296,1963.7015249729156
1775057495.7858002,job_done,baseline:coord:train.grad_clip,134,192,0,69.79166666666667,849.9848598971295,1963.75812458992
1775057496.1865823,job_done,baseline:coord:train.grad_clip,135,192,0,70.3125,829.310739299986,1964.157014131546
1775057496.2690709,job_done,baseline:coord:train.grad_clip,136,192,0,70.83333333333333,808.8051876180311,1964.2411699295044
1775057559.2377026,job_done,baseline:coord:train.grad_clip,137,192,0,71.35416666666667,813.8426717441447,2027.2081096172333
1775057559.3490136,job_done,baseline:coord:train.grad_clip,138,192,0,71.875,793.2996152587559,2027.3212389945984
1775057559.665684,job_done,baseline:coord:train.grad_clip,139,192,0,72.39583333333333,773.1281370053189,2027.6379442214966
1775057559.8865623,job_done,baseline:coord:train.grad_clip,140,192,0,72.91666666666667,753.2047028745923,2027.8588154315948
1775057619.533699,job_done,baseline:coord:train.grad_clip,141,192,0,73.4375,755.0552864328345,2087.505791902542
1775057621.1297581,job_done,baseline:coord:train.grad_clip,142,192,0,73.95833333333333,735.5991951176818,2089.1017141342163
1775057621.5381782,job_done,baseline:coord:train.grad_clip,143,192,0,74.47916666666667,715.9860440484293,2089.510291814804
1775057621.6030142,job_done,baseline:coord:train.grad_clip,144,192,0,75.0,696.5250755151112,2089.575226545334
1775057677.1215491,job_done,baseline:coord:train.grad_clip,145,192,0,75.52083333333333,695.3062632149663,2145.093790769577
1775057680.9449751,job_done,baseline:coord:train.grad_clip,146,192,0,76.04166666666667,677.0561178089821,2148.9172434806824
1775057681.3587458,job_done,baseline:coord:train.grad_clip,147,192,0,76.5625,657.9584205880458,2149.330840587616
1775057681.6794598,job_done,baseline:coord:train.grad_clip,148,192,0,77.08333333333333,639.0856444449039,2149.6517131328583
1775057733.5000005,job_done,baseline:coord:train.grad_clip,149,192,0,77.60416666666667,635.3242057521871,2201.472247838974
1775057742.1117177,job_done,baseline:coord:train.grad_clip,150,192,0,78.125,618.8234209632874,2210.083646297455
1775057742.5022657,job_done,baseline:coord:train.grad_clip,151,192,0,78.64583333333333,600.1950704719846,2210.474527835846
1775057742.874641,job_done,baseline:coord:train.grad_clip,152,192,0,79.16666666666667,581.8018060608914,2210.8468630313873
1775057788.7708,job_done,baseline:coord:train.grad_clip,153,192,0,79.6875,575.2482232299506,2256.7430295944214
1775057803.1349766,job_done,baseline:coord:train.grad_clip,154,192,0,80.20833333333333,560.4029694656273,2271.106770992279
1775057804.007117,job_done,baseline:coord:train.grad_clip,155,192,0,80.72916666666667,542.3434513322768,2271.9793231487274
1775057804.2687185,job_done,baseline:coord:train.grad_clip,156,192,0,81.25,524.363292327294,2272.240933418274
1775057843.611264,job_done,baseline:coord:train.grad_clip,157,192,0,81.77083333333333,515.3211510257357,2311.5834488868713
1775057860.9126024,job_done,baseline:coord:train.grad_clip,158,192,0,82.29166666666667,501.15241545665117,2328.884754180908
1775057862.583183,job_done,baseline:coord:train.grad_clip,159,192,0,82.8125,483.7001846106547,2330.5554349422455
1775057862.8217556,job_done,baseline:coord:train.grad_clip,160,192,0,83.33333333333333,466.15880203247065,2330.7940101623535
1775057897.1651053,job_done,baseline:coord:train.grad_clip,161,192,0,83.85416666666667,455.3991082366209,2365.1373040676117
1775057918.7527578,job_done,baseline:coord:train.grad_clip,162,192,0,84.375,441.98607321138735,2386.7247953414917
1775057921.7457256,job_done,baseline:coord:train.grad_clip,163,192,0,84.89583333333333,425.1645391982026,2389.7179272174835
1775057921.8175375,job_done,baseline:coord:train.grad_clip,164,192,0,85.41666666666667,408.01288106964853,2389.78973197937
1775057950.403963,job_done,baseline:coord:train.grad_clip,165,192,0,85.9375,395.7342240636999,2418.3758137226105
1775057976.207622,job_done,baseline:coord:train.grad_clip,166,192,0,86.45833333333333,382.8233490449836,2444.179843902588
1775057978.0370522,job_done,baseline:coord:train.grad_clip,167,192,0,86.97916666666667,366.16904478587077,2446.0092191696167
1775057979.1218953,job_done,baseline:coord:train.grad_clip,168,192,0,87.5,349.5848525251661,2447.0939676761627
1775058002.7362096,job_done,baseline:coord:train.grad_clip,169,192,0,88.02083333333333,336.2502623718871,2470.708449602127
1775058032.103414,job_done,baseline:coord:train.grad_clip,170,192,0,88.54166666666667,323.53919423327727,2500.075591802597
1775058035.772789,job_done,baseline:coord:train.grad_clip,171,192,0,89.0625,307.4774599911874,2503.7450313568115
1775058036.5717714,job_done,baseline:coord:train.grad_clip,172,192,0,89.58333333333333,291.22604464375695,2504.54398393631
1775058055.7845013,job_done,baseline:coord:train.grad_clip,173,192,0,90.10416666666667,277.17558002196296,2523.7565970420837
1775058083.6152372,job_done,baseline:coord:train.grad_clip,174,192,0,90.625,263.9573225892823,2551.587451696396
1775058092.9675994,job_done,baseline:coord:train.grad_clip,175,192,0,91.14583333333333,248.7769933959416,2560.939637899399
1775058093.0439196,job_done,baseline:coord:train.grad_clip,176,192,0,91.66666666666667,232.81965416127983,2561.0161957740784
1775058110.916598,job_done,baseline:coord:train.grad_clip,177,192,0,92.1875,218.549891366797,2578.8887181282043
1775058136.0938616,job_done,baseline:coord:train.grad_clip,178,192,0,92.70833333333333,204.81418999393333,2604.066129922867
1775058151.6937447,job_done,baseline:coord:train.grad_clip,179,192,0,93.22916666666667,190.25497951321094,2619.664717912674
1775058151.789609,job_done,baseline:coord:train.grad_clip,180,192,0,93.75,174.6507616043091,2619.7614240646362
1775058164.951793,job_done,baseline:coord:train.grad_clip,181,192,0,94.27083333333333,160.01195616485006,2632.92400598526
1775058188.1760888,job_done,baseline:coord:train.grad_clip,182,192,0,94.79166666666667,145.94211173581553,2656.1464335918427
1775058207.5759625,job_done,baseline:coord:train.grad_clip,183,192,0,95.3125,131.58433780513826,2675.5482020378113
1775058208.1425679,job_done,baseline:coord:train.grad_clip,184,192,0,95.83333333333333,116.35281830248626,2676.114820957184
1775058218.3670259,job_done,baseline:coord:train.grad_clip,185,192,0,96.35416666666667,101.64526914776981,2686.3392560482025
1775058242.2624278,job_done,baseline:coord:train.grad_clip,186,192,0,96.875,87.42692079851705,2710.2345447540283
1775058264.4782016,job_done,baseline:coord:train.grad_clip,187,192,0,97.39583333333333,73.06013389067216,2732.449007511139
1775058265.1669722,job_done,baseline:coord:train.grad_clip,188,192,0,97.91666666666667,58.15189801885727,2733.1392068862915
1775058271.7253213,job_done,baseline:coord:train.grad_clip,189,192,0,98.4375,43.487259013312205,2739.697317838669
1775058293.076724,job_done,baseline:coord:train.grad_clip,190,192,0,98.95833333333333,29.063672999331825,2761.0489349365234
1775058309.0594294,job_done,baseline:coord:train.grad_clip,191,192,0,99.47916666666667,14.539432564330976,2777.031619787216
1775058309.1148858,job_done,baseline:coord:train.grad_clip,192,192,0,100.0,,2777.0871183872223
1775058309.133407,group_end,baseline:coord:train.grad_clip,192,192,0,100.0,,2777.105509519577
1775058309.1337879,phase_end,,192,192,0,100.0,,2777.1060559749603
1775058309.1342251,lock_released,,192,192,0,100.0,,2777.1064879894257
1775058309.1388156,lock_wait,,192,192,0,100.0,,2777.1110620498657
1775058309.1392555,lock_acquired,,192,192,0,100.0,,2777.1115233898163
1775058309.1396303,plan_add,,192,246,0,78.04878048780488,781.0627234429122,2777.1119055747986
1775058309.139991,phase_start,baseline:local_var_topk,192,246,0,78.04878048780488,781.0628255009651,2777.112268447876
1775058317.9529996,group_slots,baseline:local_var_topk,192,246,0,78.04878048780488,783.5414787232876,2785.9252576828003
1775058317.9532166,group_start,baseline:local_var_topk,192,246,0,78.04878048780488,783.5415742099284,2785.925597190857
1775058380.109593,job_done,baseline:local_var_topk,193,246,0,78.45528455284553,782.1147666483963,2848.07830119133
1775058381.2904656,job_done,baseline:local_var_topk,194,246,0,78.86178861788618,763.7198993741852,2849.262701511383
1775058381.3471966,job_done,baseline:local_var_topk,195,246,0,79.26829268292683,745.206621991671,2849.3194370269775
1775058381.431641,job_done,baseline:local_var_topk,196,246,0,79.67479674796748,726.8887484560208,2849.4038939476013
1775058443.1681628,job_done,baseline:local_var_topk,197,246,0,80.08130081300813,724.0907517241948,2911.1403691768646
1775058444.2610595,job_done,baseline:local_var_topk,198,246,0,80.48780487804878,705.995941104311,2912.2332570552826
1775058444.5009036,job_done,baseline:local_var_topk,199,246,0,80.89430894308943,687.8705323820737,2912.4731051921844
1775058444.86327,job_done,baseline:local_var_topk,200,246,0,81.30081300813008,669.9521764063835,2912.835549592972
1775058501.975433,job_done,baseline:local_var_topk,201,246,0,81.70731707317073,664.9136558041645,2969.947662591934
1775058506.169167,job_done,baseline:local_var_topk,202,246,0,82.11382113821138,647.8327880613874,2974.141436100006
1775058506.274564,job_done,baseline:local_var_topk,203,246,0,82.52032520325203,630.0128627422408,2974.246770620346
1775058506.2778418,job_done,baseline:local_var_topk,204,246,0,82.92682926829268,612.3451183333117,2974.2477176189423
1775058557.0417147,job_done,baseline:local_var_topk,205,246,0,83.33333333333333,605.0027995586396,3025.0139977931976
1775058563.2038682,job_done,baseline:local_var_topk,206,246,0,83.73983739837398,588.5778722485292,3031.1760420799255
1775058564.3800616,job_done,baseline:local_var_topk,207,246,0,84.14634146341463,571.3126989309338,3032.352017402649
1775058564.7635667,job_done,baseline:local_var_topk,208,246,0,84.55284552845528,554.0575083310788,3032.7358350753784
1775058608.722341,job_done,baseline:local_var_topk,209,246,0,84.95934959349593,544.6779729612707,3076.6944959163666
1775058621.5047796,job_done,baseline:local_var_topk,210,246,0,85.36585365853658,529.6245679174151,3089.4766461849213
1775058622.882659,job_done,baseline:local_var_topk,211,246,0,85.77235772357723,512.7010412408277,3090.8548486232758
1775058622.9522738,job_done,baseline:local_var_topk,212,246,0,86.17886178861788,495.71430671664905,3090.9245007038116
1775058663.442885,job_done,baseline:local_var_topk,213,246,0,86.58536585365853,485.1467334283909,3131.401643037796
1775058680.1656857,job_done,baseline:local_var_topk,214,246,0,86.99186991869918,470.7495825223833,3148.1378331184387
1775058681.2287068,job_done,baseline:local_var_topk,215,246,0,87.39837398373983,454.0708263530288,3149.2008924484253
1775058681.5643628,job_done,baseline:local_var_topk,216,246,0,87.8048780487805,437.43563615613516,3149.536580324173
1775058716.3464093,job_done,baseline:local_var_topk,217,246,0,88.21138211382114,425.55408118067794,3184.3184695243835
1775058739.4470432,job_done,baseline:local_var_topk,218,246,0,88.6178861788618,411.96209365512254,3207.419157743454
1775058741.8947291,job_done,baseline:local_var_topk,219,246,0,89.02439024390245,395.7370278508696,3209.8670036792755
1775058741.96643,job_done,baseline:local_var_topk,220,246,0,89.4308943089431,379.3563998720863,3209.9387681484222
1775058770.3501189,job_done,baseline:local_var_topk,221,246,0,89.83739837398375,366.3260594212631,3238.322365283966
1775058796.4821632,job_done,baseline:local_var_topk,222,246,0,90.2439024390244,352.9139920827505,3264.454426765442
1775058798.9419646,job_done,baseline:local_var_topk,223,246,0,90.65040650406505,336.9463086630731,3266.9142100811005
1775058799.0199592,job_done,baseline:local_var_topk,224,246,0,91.0569105691057,320.86530855510915,3266.9922325611115
1775058824.1632478,job_done,baseline:local_var_topk,225,246,0,91.46341463414635,307.2659754784902,3292.135451555252
1775058852.2052035,job_done,baseline:local_var_topk,226,246,0,91.869918699187,293.8210083531068,3320.177394390106
1775058857.162837,job_done,baseline:local_var_topk,227,246,0,92.27642276422765,278.31527389513764,3325.135114431381
1775058857.225274,job_done,baseline:local_var_topk,228,246,0,92.6829268292683,262.51560181693026,3325.19762301445
1775058876.5335593,job_done,baseline:local_var_topk,229,246,0,93.08943089430895,248.282068788745,3344.505514860153
1775058904.3161871,job_done,baseline:local_var_topk,230,246,0,93.4959349593496,234.59388445978578,3372.287089109421
1775058914.0136037,job_done,baseline:local_var_topk,231,246,0,93.90243902439025,219.60946428311334,3381.9857499599457
1775058914.1653848,job_done,baseline:local_var_topk,232,246,0,94.3089430894309,204.0945121687034,3382.137630224228
1775058931.0988588,job_done,baseline:local_var_topk,233,246,0,94.71544715447155,189.64774222026057,3399.071072101593
1775058956.2564092,job_done,baseline:local_var_topk,234,246,0,95.1219512195122,175.6014694189414,3424.2286536693573
1775058972.2557833,job_done,baseline:local_var_topk,235,246,0,95.52845528455285,161.03194699084506,3440.2279584407806
1775058972.9599032,job_done,baseline:local_var_topk,236,246,0,95.9349593495935,145.8022084781679,3440.9321200847626
1775058987.6875143,job_done,baseline:local_var_topk,237,246,0,96.34146341463415,131.2275839757316,3455.6597113609314
1775059008.375108,job_done,baseline:local_var_topk,238,246,0,96.7479674796748,116.85197333327862,3476.346206665039
1775059030.7355525,job_done,baseline:local_var_topk,239,246,0,97.15447154471545,102.47261266030029,3498.707775115967
1775059030.8105154,job_done,baseline:local_var_topk,240,246,0,97.5609756097561,87.4695711672306,3498.7828466892242
1775059037.7570608,job_done,baseline:local_var_topk,241,246,0,97.96747967479675,72.7329729305758,3505.7292952537537
1775059060.9543104,job_done,baseline:local_var_topk,242,246,0,98.3739837398374,58.32936245941919,3528.926428794861
1775059086.675694,job_done,baseline:local_var_topk,243,246,0,98.78048780487805,43.88454017521423,3554.6477541923523
1775059086.9774725,job_done,baseline:local_var_topk,244,246,0,99.1869918699187,29.138932396153937,3554.94975233078
1775059092.1520638,job_done,baseline:local_var_topk,245,246,0,99.59349593495935,14.531119440039811,3560.1242628097534
1775059102.330361,job_done,baseline:local_var_topk,246,246,0,100.0,,3570.302542448044
1775059102.3479967,group_end,baseline:local_var_topk,246,246,0,100.0,,3570.3202204704285
1775059102.348355,phase_end,,246,246,0,100.0,,3570.320638895035
1775059102.349329,lock_released,,246,246,0,100.0,,3570.3210685253143
1775059102.366578,method_done,,246,246,0,100.0,,3570.3388471603394
1775059102.36695,method_start,,246,246,0,100.0,,3570.3392250537872
1775059102.3674588,lock_wait,,246,246,0,100.0,,3570.339706659317
1775059102.3678765,lock_acquired,,246,246,0,100.0,,3570.3401465415955
1775059102.3682635,lock_released,,246,246,0,100.0,,3570.340538740158
1775059102.3704429,lock_wait,,246,246,0,100.0,,3570.3426809310913
1775059102.37084,lock_acquired,,246,246,0,100.0,,3570.3431129455566
1775059102.3712077,plan_add,,246,286,0,86.01398601398601,580.5436549923284,3570.34347820282
1775059102.3716006,phase_start,cagrad:coord:train.lr,246,286,0,86.01398601398601,580.543715740607,3570.3438518047333
1775059112.252624,group_slots,cagrad:coord:train.lr,246,286,0,86.01398601398601,582.1503291478971,3580.2245242595673
1775059112.252879,group_start,cagrad:coord:train.lr,246,286,0,86.01398601398601,582.150446380057,3580.2252452373505
1775059245.4604378,job_done,cagrad:coord:train.lr,247,286,0,86.36363636363636,586.3314640647486,3713.432605743408
1775059245.8294692,job_done,cagrad:coord:train.lr,248,286,0,86.7132867132867,569.0502661274326,3713.801736831665
1775059246.1026168,job_done,cagrad:coord:train.lr,249,286,0,87.06293706293707,551.8906363349363,3714.0748229026794
1775059246.163205,job_done,cagrad:coord:train.lr,250,286,0,87.41258741258741,534.8355026550294,3714.13543510437
1775059375.7732162,job_done,cagrad:coord:train.lr,251,286,0,87.76223776223776,535.9804438642298,3843.745468854904
1775059377.266545,job_done,cagrad:coord:train.lr,252,286,0,88.1118881118881,518.8020614177462,3845.23880815506
1775059379.540337,job_done,cagrad:coord:train.lr,253,286,0,88.46153846153847,501.84945963776624,3847.5125238895416
1775059379.951777,job_done,cagrad:coord:train.lr,254,286,0,88.81118881118881,484.77782401137466,3847.9239780902863
1775059505.7433078,job_done,cagrad:coord:train.lr,255,286,0,89.16083916083916,483.07914453394267,3973.7155437469482
1775059507.145993,job_done,cagrad:coord:train.lr,256,286,0,89.5104895104895,465.83417183719575,3975.1182663440704
1775059508.2737586,job_done,cagrad:coord:train.lr,257,286,0,89.86013986013987,448.68143903606136,3976.245856285095
1775059509.7622418,job_done,cagrad:coord:train.lr,258,286,0,90.20979020979021,431.6921139428782,3977.7344784736633
1775059636.4486105,job_done,cagrad:coord:train.lr,259,286,0,90.55944055944056,427.8739895452403,4104.420862674713
1775059637.260185,job_done,cagrad:coord:train.lr,260,286,0,90.9090909090909,410.5232460737228,4105.232460737228
1775059638.3165598,job_done,cagrad:coord:train.lr,261,286,0,91.25874125874125,393.3226673310744,4106.288646936417
1775059639.3421714,job_done,cagrad:coord:train.lr,262,286,0,91.60839160839161,376.2424101793129,4107.3129777908325
1775059767.564892,job_done,cagrad:coord:train.lr,263,286,0,91.95804195804196,370.40818155854373,4235.5370326042175
1775059767.888228,job_done,cagrad:coord:train.lr,264,286,0,92.3076923076923,352.98834125200904,4235.860095024109
1775059768.6280234,job_done,cagrad:coord:train.lr,265,286,0,92.65734265734265,335.73058896694545,4236.600289344788
1775059769.7804537,job_done,cagrad:coord:train.lr,266,286,0,93.00699300699301,318.6280022348676,4237.75242972374
1775059898.3938396,job_done,cagrad:coord:train.lr,267,286,0,93.35664335664336,310.71518930156583,4366.366081237793
1775059899.5349228,job_done,cagrad:coord:train.lr,268,286,0,93.7062937062937,293.3400351965605,4367.507190704346
1775059899.8274636,job_done,cagrad:coord:train.lr,269,286,0,94.05594405594405,276.0319528393586,4367.799724340439
1775059900.3219354,job_done,cagrad:coord:train.lr,270,286,0,94.4055944055944,258.86188403941964,4368.294293165207
1775060027.6327724,job_done,cagrad:coord:train.lr,271,286,0,94.75524475524476,248.83421313718677,4495.604784011841
1775060030.4487784,job_done,cagrad:coord:train.lr,272,286,0,95.1048951048951,231.5363726440598,4498.4209542274475
1775060031.4718623,job_done,cagrad:coord:train.lr,273,286,0,95.45454545454545,214.25924464634485,4499.444137573242
1775060031.756175,job_done,cagrad:coord:train.lr,274,286,0,95.8041958041958,197.0683970903828,4499.728400230408
1775060161.0214322,job_done,cagrad:coord:train.lr,275,286,0,96.15384615384616,185.1597433757782,4628.993584394455
1775060164.7802973,job_done,cagrad:coord:train.lr,276,286,0,96.5034965034965,167.8533535850221,4632.7525589466095
1775060165.9145203,job_done,cagrad:coord:train.lr,277,286,0,96.85314685314685,150.55949293060854,4633.886615753174
1775060166.3469558,job_done,cagrad:coord:train.lr,278,286,0,97.2027972027972,133.36170277492604,4634.31917142868
1775060288.7868826,job_done,cagrad:coord:train.lr,279,286,0,97.55244755244755,119.34520722888277,4756.758973836899
1775060292.799464,job_done,cagrad:coord:train.lr,280,286,0,97.9020979020979,102.01653406620025,4760.771589756012
1775060295.3365738,job_done,cagrad:coord:train.lr,281,286,0,98.25174825174825,84.75638442192214,4763.308804512024
1775060295.7682407,job_done,cagrad:coord:train.lr,282,286,0,98.6013986013986,67.5707870780999,4763.7404890060425
1775060417.3931284,job_done,cagrad:coord:train.lr,283,286,0,98.95104895104895,51.78832366778236,4885.365199327469
1775060420.9108284,job_done,cagrad:coord:train.lr,284,286,0,99.3006993006993,34.42875423229916,4888.883100986481
1775060422.7059102,job_done,cagrad:coord:train.lr,285,286,0,99.65034965034965,17.16027385979368,4890.678050041199
1775060423.5806177,job_done,cagrad:coord:train.lr,286,286,0,100.0,,4891.55281662941
1775060423.598201,group_end,cagrad:coord:train.lr,286,286,0,100.0,,4891.57032418251
1775060423.5985737,phase_end,,286,286,0,100.0,,4891.570838212967
1775060423.59904,lock_released,,286,286,0,100.0,,4891.571316957474
1775060423.602285,lock_wait,,286,286,0,100.0,,4891.5745368003845
1775060423.6027317,lock_acquired,,286,286,0,100.0,,4891.575004816055
1775060423.6030898,plan_add,,286,324,0,88.27160493827161,649.9295943717023,4891.57536816597
1775060423.6034796,phase_start,cagrad:coord:train.weight_decay,286,324,0,88.27160493827161,649.9296443278973,4891.575744152069
1775060433.5122964,group_slots,cagrad:coord:train.weight_decay,286,324,0,88.27160493827161,651.2461940091807,4901.484512805939
1775060433.512577,group_start,cagrad:coord:train.weight_decay,286,324,0,88.27160493827161,651.2462487487526,4901.484924793243
1775060565.1983294,job_done,cagrad:coord:train.weight_decay,287,324,0,88.58024691358025,648.8756288967066,5033.170418739319
1775060567.7530124,job_done,cagrad:coord:train.weight_decay,288,324,0,88.88888888888889,629.4656383395195,5035.725106716156
1775060568.013079,job_done,cagrad:coord:train.weight_decay,289,324,0,89.19753086419753,609.8944031367253,5035.985214471817
1775060568.0660324,job_done,cagrad:coord:train.weight_decay,290,324,0,89.50617283950618,590.4320598684508,5036.038157701492
1775060699.6758537,job_done,cagrad:coord:train.weight_decay,291,324,0,89.81481481481481,586.0219168663025,5167.647812366486
1775060701.8991354,job_done,cagrad:coord:train.weight_decay,292,324,0,90.12345679012346,566.5612166417789,5169.871101856232
1775060703.7194648,job_done,cagrad:coord:train.weight_decay,293,324,0,90.4320987654321,547.17556995662,5171.691677331924
1775060703.9717097,job_done,cagrad:coord:train.weight_decay,294,324,0,90.74074074074075,527.7493933025671,5171.944054365158
1775060833.2726827,job_done,cagrad:coord:train.weight_decay,295,324,0,91.04938271604938,521.1393315420312,5301.2449243068695
1775060838.4014487,job_done,cagrad:coord:train.weight_decay,296,324,0,91.35802469135803,501.9542639029993,5306.373646974564
1775060838.996276,job_done,cagrad:coord:train.weight_decay,297,324,0,91.66666666666667,482.4516868808053,5306.968555688858
1775060839.8070667,job_done,cagrad:coord:train.weight_decay,298,324,0,91.9753086419753,463.09484066579165,5307.779327630997
1775060968.345245,job_done,cagrad:coord:train.weight_decay,299,324,0,92.28395061728395,454.5415949063955,5436.31747508049
1775060974.119049,job_done,cagrad:coord:train.weight_decay,300,324,0,92.5925925925926,435.36730583190916,5442.091322898865
1775060974.9008498,job_done,cagrad:coord:train.weight_decay,301,324,0,92.90123456790124,415.90060169118584,5442.873091697693
1775060975.1676733,job_done,cagrad:coord:train.weight_decay,302,324,0,93.20987654320987,396.5201303216795,5443.139970779419
1775061094.7292125,job_done,cagrad:coord:train.weight_decay,303,324,0,93.51851851851852,385.5337537562493,5562.701304197311
1775061099.988607,job_done,cagrad:coord:train.weight_decay,304,324,0,93.82716049382717,366.313214302063,5567.960857391357
1775061101.5040722,job_done,cagrad:coord:train.weight_decay,305,324,0,94.1358024691358,346.9509845686741,5569.476331233978
1775061102.575277,job_done,cagrad:coord:train.weight_decay,306,324,0,94.44444444444444,327.6792595386505,5570.547412157059
1775061222.6082687,job_done,cagrad:coord:train.weight_decay,307,324,0,94.75308641975309,315.1135797407417,5690.580528259277
1775061229.3372505,job_done,cagrad:coord:train.weight_decay,308,324,0,95.06172839506173,295.9641242460771,5697.309391736984
1775061230.516327,job_done,cagrad:coord:train.weight_decay,309,324,0,95.37037037037037,276.62565207018434,5698.488432645798
1775061231.9934354,job_done,cagrad:coord:train.weight_decay,310,324,0,95.67901234567901,257.417805113331,5699.9656846523285
1775061357.0931318,job_done,cagrad:coord:train.weight_decay,311,324,0,95.98765432098766,243.49147949878042,5825.065394163132
1775061363.3911545,job_done,cagrad:coord:train.weight_decay,312,324,0,96.29629629629629,224.2832089295754,5831.363432168961
1775061365.2363536,job_done,cagrad:coord:train.weight_decay,313,324,0,96.60493827160494,205.00094148373833,5833.208607673645
1775061366.2610266,job_done,cagrad:coord:train.weight_decay,314,324,0,96.91358024691358,185.80358109656413,5834.232446432114
1775061490.2062209,job_done,cagrad:coord:train.weight_decay,315,324,0,97.22222222222223,170.2336691038949,5958.178418636322
1775061497.8503575,job_done,cagrad:coord:train.weight_decay,316,324,0,97.53086419753086,151.0334793525406,5965.822434425354
1775061498.2437396,job_done,cagrad:coord:train.weight_decay,317,324,0,97.8395061728395,131.746093791366,5966.215961694717
1775061500.925242,job_done,cagrad:coord:train.weight_decay,318,324,0,98.14814814814815,112.62070676515687,5968.897458553314
1775061621.597814,job_done,cagrad:coord:train.weight_decay,319,324,0,98.45679012345678,95.44780574248502,6089.570006370544
1775061630.2989166,job_done,cagrad:coord:train.weight_decay,320,324,0,98.76543209876543,76.2283889144659,6098.271113157272
1775061630.5996344,job_done,cagrad:coord:train.weight_decay,321,324,0,99.07407407407408,56.99599613430345,6098.571586370468
1775061632.8684635,job_done,cagrad:coord:train.weight_decay,322,324,0,99.38271604938272,37.89342022238311,6100.84065580368
1775061731.4854338,job_done,cagrad:coord:train.weight_decay,323,324,0,99.69135802469135,19.193366988893633,6199.457537412643
1775061738.8209958,job_done,cagrad:coord:train.weight_decay,324,324,0,100.0,,6206.792968034744
1775061738.8429933,group_end,cagrad:coord:train.weight_decay,324,324,0,100.0,,6206.8150317668915
1775061738.843301,phase_end,,324,324,0,100.0,,6206.815653562546
1775061738.843606,lock_released,,324,324,0,100.0,,6206.815969467163
1775061738.8462348,lock_wait,,324,324,0,100.0,,6206.818557024002
1775061738.846559,lock_acquired,,324,324,0,100.0,,6206.81890130043
1775061738.846816,plan_add,,324,362,0,89.50276243093923,727.9602723813351,6206.819164514542
1775061738.8470707,phase_start,cagrad:coord:train.grad_clip,324,362,0,89.50276243093923,727.9603023293578,6206.81941986084
1775061748.763963,group_slots,cagrad:coord:train.grad_clip,324,362,0,89.50276243093923,729.1233822754872,6216.736206769943
1775061748.7641807,group_start,cagrad:coord:train.grad_clip,324,362,0,89.50276243093923,729.1234229052508,6216.736553192139
1775061878.311184,job_done,cagrad:coord:train.grad_clip,325,362,0,89.77900552486187,722.499916332685,6346.283048868179
1775061879.6374102,job_done,cagrad:coord:train.grad_clip,326,362,0,90.05524861878453,700.963020792768,6347.609577178955
1775061880.3538542,job_done,cagrad:coord:train.grad_clip,327,362,0,90.33149171270718,679.48444004088,6348.326054096222
1775061880.824737,job_done,cagrad:coord:train.grad_clip,328,362,0,90.60773480662984,658.1070147156715,6348.79708313942
1775062007.9510052,job_done,cagrad:coord:train.grad_clip,329,362,0,90.88397790055248,649.560630293965,6475.922647476196
1775062009.4124098,job_done,cagrad:coord:train.grad_clip,330,362,0,91.16022099447514,628.1100065982703,6477.3844430446625
1775062011.3930576,job_done,cagrad:coord:train.grad_clip,331,362,0,91.43646408839778,606.8287777756636,6479.365336894989
1775062011.4490821,job_done,cagrad:coord:train.grad_clip,332,362,0,91.71270718232044,585.489889814193,6479.421447277069
1775062135.0037205,job_done,cagrad:coord:train.grad_clip,333,362,0,91.98895027624309,575.0339294453642,6602.9758105278015
1775062137.1120498,job_done,cagrad:coord:train.grad_clip,334,362,0,92.26519337016575,553.7196353838116,6605.084222078323
1775062139.6594758,job_done,cagrad:coord:train.grad_clip,335,362,0,92.54143646408839,532.5553880784049,6607.631666898727
1775062139.75548,job_done,cagrad:coord:train.grad_clip,336,362,0,92.81767955801105,511.3122693073182,6607.727787971497
1775062262.9362075,job_done,cagrad:coord:train.grad_clip,337,362,0,93.0939226519337,499.3255452338595,6730.908349752426
1775062263.7359757,job_done,cagrad:coord:train.grad_clip,338,362,0,93.37016574585635,477.99111692439874,6731.708230018616
1775062266.0407617,job_done,cagrad:coord:train.grad_clip,339,362,0,93.646408839779,456.8799324246634,6734.012917041779
1775062268.3416266,job_done,cagrad:coord:train.grad_clip,340,362,0,93.92265193370166,435.87912486300746,6736.313747882843
1775062391.5432556,job_done,cagrad:coord:train.grad_clip,341,362,0,94.1988950276243,422.43350169945325,6859.515432357788
1775062392.3338249,job_done,cagrad:coord:train.grad_clip,342,362,0,94.47513812154696,401.1874829258835,6860.305958032608
1775062392.5935018,job_done,cagrad:coord:train.grad_clip,343,362,0,94.7513812154696,380.031333618887,6860.5656542778015
1775062394.961707,job_done,cagrad:coord:train.grad_clip,344,362,0,95.02762430939227,359.10694575864215,6862.932741165161
1775062521.5968013,job_done,cagrad:coord:train.grad_clip,345,362,0,95.30386740331491,344.41354793534765,6989.569061040878
1775062522.6735,job_done,cagrad:coord:train.grad_clip,346,362,0,95.58011049723757,323.2668471915184,6990.645570516586
1775062524.55643,job_done,cagrad:coord:train.grad_clip,347,362,0,95.85635359116021,302.27069023363185,6992.52863407135
1775062524.7578304,job_done,cagrad:coord:train.grad_clip,348,362,0,96.13259668508287,281.31672835898127,6992.730104923248
1775062656.1185484,job_done,cagrad:coord:train.grad_clip,349,362,0,96.40883977900552,265.367278107941,7124.090773820877
1775062657.5121145,job_done,cagrad:coord:train.grad_clip,350,362,0,96.68508287292818,244.30231993266514,7125.4843313694
1775062657.826637,job_done,cagrad:coord:train.grad_clip,351,362,0,96.96132596685082,223.31563754978342,7125.798979997635
1775062658.523062,job_done,cagrad:coord:train.grad_clip,352,362,0,97.23756906077348,202.45725343850526,7126.495321035385
1775062784.8066618,job_done,cagrad:coord:train.grad_clip,353,362,0,97.51381215469613,184.91503762523448,7252.778697967529
1775062789.2375896,job_done,cagrad:coord:train.grad_clip,354,362,0,97.79005524861878,164.0044337935367,7257.196195363998
1775062790.7951906,job_done,cagrad:coord:train.grad_clip,355,362,0,98.06629834254143,143.13062624662695,7258.767473936081
1775062791.2254293,job_done,cagrad:coord:train.grad_clip,356,362,0,98.34254143646409,122.34602473023232,7259.197467327118
1775062907.8981638,job_done,cagrad:coord:train.grad_clip,357,362,0,98.61878453038673,103.30350744958018,7375.870431900024
1775062912.599815,job_done,cagrad:coord:train.grad_clip,358,362,0,98.89502762430939,82.4643379509782,7380.558246612549
1775062917.9264362,job_done,cagrad:coord:train.grad_clip,359,362,0,99.17127071823204,61.72048683153222,7385.884924173355
1775062917.968809,job_done,cagrad:coord:train.grad_clip,360,362,0,99.4475138121547,41.03300630648931,7385.941135168076
1775063014.9237354,job_done,cagrad:coord:train.grad_clip,361,362,0,99.72375690607734,20.72824246137096,7482.895528554916
1775063018.7774022,job_done,cagrad:coord:train.grad_clip,362,362,0,100.0,,7486.749351024628
1775063018.8048708,group_end,cagrad:coord:train.grad_clip,362,362,0,100.0,,7486.77662563324
1775063018.8052537,phase_end,,362,362,0,100.0,,7486.77755355835
1775063018.80608,lock_released,,362,362,0,100.0,,7486.778037786484
1775063018.809516,lock_wait,,362,362,0,100.0,,7486.781636953354
1775063018.809931,lock_acquired,,362,362,0,100.0,,7486.782283067703
1775063018.8102143,plan_add,,362,400,0,90.5,785.9053503874256,7486.782548427582
1775063018.8105679,phase_start,cagrad:coord:method.baseline_cagrad.c,362,400,0,90.5,785.9053829730545,7486.782858848572
1775063028.1208146,group_slots,cagrad:coord:method.baseline_cagrad.c,362,400,0,90.5,786.8826848946882,7496.092945575714
1775063028.1211903,group_start,cagrad:coord:method.baseline_cagrad.c,362,400,0,90.5,786.8827390789327,7496.093461751938
1775063152.5127904,job_done,cagrad:coord:method.baseline_cagrad.c,363,400,0,90.75,776.7435960073444,7620.48446893692
1775063155.9157844,job_done,cagrad:coord:method.baseline_cagrad.c,364,400,0,91.0,754.0108587270255,7623.887571573257
1775063156.6820462,job_done,cagrad:coord:method.baseline_cagrad.c,365,400,0,91.25,731.1312213499252,7624.654165506363
1775063156.8021636,job_done,cagrad:coord:method.baseline_cagrad.c,366,400,0,91.5,708.3123661442532,7624.774294376373
1775063275.090101,job_done,cagrad:coord:method.baseline_cagrad.c,367,400,0,91.75,696.2426590178903,7743.062298774719
1775063278.1906123,job_done,cagrad:coord:method.baseline_cagrad.c,368,400,0,92.0,673.5793787500132,7746.162855625153
1775063279.328902,job_done,cagrad:coord:method.baseline_cagrad.c,369,400,0,92.25,650.8572711608597,7747.301066398621
1775063280.1114845,job_done,cagrad:coord:method.baseline_cagrad.c,370,400,0,92.5,628.2229963379938,7748.083621501923
1775063402.83554,job_done,cagrad:coord:method.baseline_cagrad.c,371,400,0,92.75,615.2383362758512,7870.807681322098
1775063407.3578937,job_done,cagrad:coord:method.baseline_cagrad.c,372,400,0,93.0,592.7667813480541,7875.330095052719
1775063407.4123523,job_done,cagrad:coord:method.baseline_cagrad.c,373,400,0,93.25,570.0680598797172,7875.384679079056
1775063408.0393999,job_done,cagrad:coord:method.baseline_cagrad.c,374,400,0,93.5,547.530219890217,7876.011624574661
1775063528.827102,job_done,cagrad:coord:method.baseline_cagrad.c,375,400,0,93.75,533.119954999288,7996.799324989319
1775063535.8168054,job_done,cagrad:coord:method.baseline_cagrad.c,376,400,0,94.0,510.88013309620794,8003.788751840591
1775063535.8853056,job_done,cagrad:coord:method.baseline_cagrad.c,377,400,0,94.25,488.29898083115125,8003.857207536697
1775063535.9425445,job_done,cagrad:coord:method.baseline_cagrad.c,378,400,0,94.5,465.8363112318453,8003.914802074432
1775063656.6208904,job_done,cagrad:coord:method.baseline_cagrad.c,379,400,0,94.75,450.17534660475235,8124.593160152435
1775063663.4265456,job_done,cagrad:coord:method.baseline_cagrad.c,380,400,0,95.0,427.9683505484932,8131.3986604213715
1775063664.8752828,job_done,cagrad:coord:method.baseline_cagrad.c,381,400,0,95.25,405.5750744536793,8132.847545623779
1775063665.4287987,job_done,cagrad:coord:method.baseline_cagrad.c,382,400,0,95.5,383.2492647470604,8133.401062965393
1775063788.0794265,job_done,cagrad:coord:method.baseline_cagrad.c,383,400,0,95.75,366.4566000410533,8256.051636219025
1775063796.8324766,job_done,cagrad:coord:method.baseline_cagrad.c,384,400,0,96.0,344.3668626944224,8264.804704666138
1775063797.934806,job_done,cagrad:coord:method.baseline_cagrad.c,385,400,0,96.25,322.04832581111367,8265.907029151917
1775063798.3717225,job_done,cagrad:coord:method.baseline_cagrad.c,386,400,0,96.5,299.81558398261586,8266.343958377838
1775063916.3615813,job_done,cagrad:coord:method.baseline_cagrad.c,387,400,0,96.75,281.6442883784765,8384.333815574646
1775063929.1884098,job_done,cagrad:coord:method.baseline_cagrad.c,388,400,0,97.0,259.7059935638585,8397.160458564758
1775063930.9124074,job_done,cagrad:coord:method.baseline_cagrad.c,389,400,0,97.25,237.50055634638338,8398.88331079483
1775063930.9819822,job_done,cagrad:coord:method.baseline_cagrad.c,390,400,0,97.5,215.35776980106647,8398.953022241592
1775064046.1653256,job_done,cagrad:coord:method.baseline_cagrad.c,391,400,0,97.75,195.9775888291771,8514.137470245361
1775064057.0888863,job_done,cagrad:coord:method.baseline_cagrad.c,392,400,0,98.0,173.98083944223364,8525.061132669449
1775064060.7296674,job_done,cagrad:coord:method.baseline_cagrad.c,393,400,0,98.25,151.9107201900191,8528.701862096786
1775064060.7924669,job_done,cagrad:coord:method.baseline_cagrad.c,394,400,0,98.5,129.87966593873077,8528.764729976654
1775064177.836714,job_done,cagrad:coord:method.baseline_cagrad.c,395,400,0,98.75,109.44061947170692,8645.808938264847
1775064189.5630774,job_done,cagrad:coord:method.baseline_cagrad.c,396,400,0,99.0,87.44985052551885,8657.535202026367
1775064193.145138,job_done,cagrad:coord:method.baseline_cagrad.c,397,400,0,99.25,65.44924888622852,8661.117269277573
1775064193.8815477,job_done,cagrad:coord:method.baseline_cagrad.c,398,400,0,99.5,43.526903586171976,8661.853813648224
1775064290.3138134,job_done,cagrad:coord:method.baseline_cagrad.c,399,400,0,99.75,21.950591400452424,8758.285968780518
1775064299.1788511,job_done,cagrad:coord:method.baseline_cagrad.c,400,400,0,100.0,,8767.150953769684
1775064299.2002008,group_end,cagrad:coord:method.baseline_cagrad.c,400,400,0,100.0,,8767.172248363495
1775064299.2005064,phase_end,,400,400,0,100.0,,8767.172833681107
1775064299.201487,lock_released,,400,400,0,100.0,,8767.173184156418
1775064299.2042243,lock_wait,,400,400,0,100.0,,8767.176513671875
1775064299.2045999,lock_acquired,,400,400,0,100.0,,8767.176947593689
1775064299.2048552,plan_add,,400,438,0,91.32420091324201,832.8818343698978,8767.177203893661
1775064299.205103,phase_start,cagrad:coord:method.baseline_cagrad.inner_lr,400,438,0,91.32420091324201,832.8818590807915,8767.177464008331
1775064309.1440322,group_slots,cagrad:coord:method.baseline_cagrad.inner_lr,400,438,0,91.32420091324201,833.8259991562367,8777.115780591965
1775064309.1443472,group_start,cagrad:coord:method.baseline_cagrad.inner_lr,400,438,0,91.32420091324201,833.8260851800442,8777.116686105728
1775064440.52801,job_done,cagrad:coord:method.baseline_cagrad.inner_lr,401,438,0,91.55251141552512,821.9812805230481,8908.499824047089
1775064441.6220522,job_done,cagrad:coord:method.baseline_cagrad.inner_lr,402,438,0,91.78082191780823,797.8741141148467,8909.594274282455
1775064442.302524,job_done,cagrad:coord:method.baseline_cagrad.inner_lr,403,438,0,92.00913242009132,773.8451994175356,8910.274724721909
1775064442.4407675,job_done,cagrad:coord:method.baseline_cagrad.inner_lr,404,438,0,92.23744292237443,749.8862515322053,8910.413106441498
1775064573.3676867,job_done,cagrad:coord:method.baseline_cagrad.inner_lr,405,438,0,92.46575342465754,736.701763511587,9041.339824914932
1775064575.3090408,job_done,cagrad:coord:method.baseline_cagrad.inner_lr,406,438,0,92.69406392694064,712.77093175127,9043.281196594238
1775064576.3471434,job_done,cagrad:coord:method.baseline_cagrad.inner_lr,407,438,0,92.92237442922375,688.8793563075382,9044.319290876389
1775064576.4428234,job_done,cagrad:coord:method.baseline_cagrad.inner_lr,408,438,0,93.15068493150685,665.0305215576116,9044.415093183517
1775064705.1201901,job_done,cagrad:coord:method.baseline_cagrad.inner_lr,409,438,0,93.37899543378995,650.4148670886723,9173.092435836792
1775064707.671391,job_done,cagrad:coord:method.baseline_cagrad.inner_lr,410,438,0,93.60730593607306,626.6293125106067,9175.643504619598
1775064709.9050019,job_done,cagrad:coord:method.baseline_cagrad.inner_lr,411,438,0,93.83561643835617,602.9262323135878,9177.877091884613
1775064709.9724145,job_done,cagrad:coord:method.baseline_cagrad.inner_lr,412,438,0,94.06392694063926,579.1906823486958,9177.944658756256
1775064836.728171,job_done,cagrad:coord:method.baseline_cagrad.inner_lr,413,438,0,94.29223744292237,563.2385225763621,9304.700392961502
1775064838.5049946,job_done,cagrad:coord:method.baseline_cagrad.inner_lr,414,438,0,94.52054794520548,539.5059276110884,9306.477251291275
1775064840.8140993,job_done,cagrad:coord:method.baseline_cagrad.inner_lr,415,438,0,94.74885844748859,515.908632852945,9308.78620147705
1775064842.3255959,job_done,cagrad:coord:method.baseline_cagrad.inner_lr,416,438,0,94.9771689497717,492.3715059539446,9310.297567129135
1775064967.4621732,job_done,cagrad:coord:method.baseline_cagrad.inner_lr,417,438,0,95.20547945205479,475.1657426168593,9435.434031963348
1775064968.379083,job_done,cagrad:coord:method.baseline_cagrad.inner_lr,418,438,0,95.4337899543379,451.50006523543,9436.351363420486
1775064969.3462768,job_done,cagrad:coord:method.baseline_cagrad.inner_lr,419,438,0,95.662100456621,427.9452321825278,9437.318541288376
1775064971.1177537,job_done,cagrad:coord:method.baseline_cagrad.inner_lr,420,438,0,95.89041095890411,404.532430427415,9439.09004330635
1775065096.2140908,job_done,cagrad:coord:method.baseline_cagrad.inner_lr,421,438,0,96.11872146118722,386.20228711952785,9564.186051607132
1775065098.056323,job_done,cagrad:coord:method.baseline_cagrad.inner_lr,422,438,0,96.34703196347031,362.69302656526247,9566.028575658798
1775065098.9245696,job_done,cagrad:coord:method.baseline_cagrad.inner_lr,423,438,0,96.57534246575342,339.25165518801265,9566.896676301956
1775065100.4279203,job_done,cagrad:coord:method.baseline_cagrad.inner_lr,424,438,0,96.80365296803653,315.93774083537875,9568.400151014328
1775065227.0271587,job_done,cagrad:coord:method.baseline_cagrad.inner_lr,425,438,0,97.03196347031964,296.55250748073354,9694.98582148552
1775065227.1634576,job_done,cagrad:coord:method.baseline_cagrad.inner_lr,426,438,0,97.26027397260275,273.10241325136644,9695.135670423508
1775065230.1605556,job_done,cagrad:coord:method.baseline_cagrad.inner_lr,427,438,0,97.48858447488584,249.8347994840117,9698.132670879364
1775065231.1254764,job_done,cagrad:coord:method.baseline_cagrad.inner_lr,428,438,0,97.71689497716895,226.61443325960747,9699.0977435112
1775065358.9237998,job_done,cagrad:coord:method.baseline_cagrad.inner_lr,429,438,0,97.94520547945206,206.15865621033248,9826.895946025848
1775065360.016887,job_done,cagrad:coord:method.baseline_cagrad.inner_lr,430,438,0,98.17351598173516,182.8463070181913,9827.989002227783
1775065362.1673207,job_done,cagrad:coord:method.baseline_cagrad.inner_lr,431,438,0,98.40182648401826,159.65423940893115,9830.139597892761
1775065363.2488341,job_done,cagrad:coord:method.baseline_cagrad.inner_lr,432,438,0,98.63013698630137,136.54473608732224,9831.220998287201
1775065487.1430173,job_done,cagrad:coord:method.baseline_cagrad.inner_lr,433,438,0,98.85844748858447,114.95514203714718,9955.115300416946
1775065488.6637228,job_done,cagrad:coord:method.baseline_cagrad.inner_lr,434,438,0,99.08675799086758,91.76622898128176,9956.63584446907
1775065491.3675244,job_done,cagrad:coord:method.baseline_cagrad.inner_lr,435,438,0,99.31506849315069,68.68510085796487,9959.339624404907
1775065492.027474,job_done,cagrad:coord:method.baseline_cagrad.inner_lr,436,438,0,99.54337899543378,45.68807245613238,9959.99979543686
1775065597.3231783,job_done,cagrad:coord:method.baseline_cagrad.inner_lr,437,438,0,99.77168949771689,23.032709051324247,10065.293855428696
1775065598.6450896,job_done,cagrad:coord:method.baseline_cagrad.inner_lr,438,438,0,100.0,,10066.61736369133
1775065598.663031,group_end,cagrad:coord:method.baseline_cagrad.inner_lr,438,438,0,100.0,,10066.635298967361
1775065598.663246,phase_end,,438,438,0,100.0,,10066.635621547699
1775065598.6634881,lock_released,,438,438,0,100.0,,10066.635863304138
1775065598.6657784,lock_wait,,438,438,0,100.0,,10066.638149023056
1775065598.6660116,lock_acquired,,438,438,0,100.0,,10066.638397216797
1775065598.666197,plan_add,,438,492,0,89.02439024390245,1241.092428357634,10066.638585567474
1775065598.6663904,phase_start,cagrad:local_var_topk,438,492,0,89.02439024390245,1241.0924514025858,10066.63877248764
1775065608.736769,group_slots,cagrad:local_var_topk,438,492,0,89.02439024390245,1242.3339927229163,10076.709052085876
1775065608.7369878,group_start,cagrad:local_var_topk,438,492,0,89.02439024390245,1242.3340315230905,10076.7093667984
1775065741.7221315,job_done,cagrad:local_var_topk,439,492,0,89.22764227642277,1232.6054421166352,10209.694133758545
1775065743.925131,job_done,cagrad:local_var_topk,440,492,0,89.4308943089431,1206.8605781663548,10211.897199869156
1775065744.0995262,job_done,cagrad:local_var_topk,441,492,0,89.63414634146342,1180.987873675872,10212.071613550186
1775065744.2475722,job_done,cagrad:local_var_topk,442,492,0,89.83739837398375,1155.2284825441525,10212.219785690308
1775065870.2877505,job_done,cagrad:local_var_topk,443,492,0,90.04065040650407,1143.5095559151393,10338.259862661362
1775065872.0675974,job_done,cagrad:local_var_topk,444,492,0,90.2439024390244,1117.8421459713497,10340.039850234985
1775065874.7060804,job_done,cagrad:local_var_topk,445,492,0,90.44715447154472,1092.3727633278022,10342.678291082382
1775065875.669054,job_done,cagrad:local_var_topk,446,492,0,90.65040650406505,1066.8329631726303,10343.641338586807
1775066002.7674499,job_done,cagrad:local_var_topk,447,492,0,90.85365853658537,1054.1013074081216,10470.739653587341
1775066004.1733391,job_done,cagrad:local_var_topk,448,492,0,91.0569105691057,1028.5143008977175,10472.145609140396
1775066006.9822776,job_done,cagrad:local_var_topk,449,492,0,91.26016260162602,1003.1680614374794,10474.940920591354
1775066007.8366985,job_done,cagrad:local_var_topk,450,492,0,91.46341463414635,977.7421659024557,10475.808920383453
1775066133.9310937,job_done,cagrad:local_var_topk,451,492,0,91.66666666666667,963.8093971339139,10601.903368473053
1775066139.1322348,job_done,cagrad:local_var_topk,452,492,0,91.869918699187,938.6818158943041,10607.104519605637
1775066139.2952836,job_done,cagrad:local_var_topk,453,492,0,92.07317073170732,913.2084652461753,10607.26755785942
1775066142.0547698,job_done,cagrad:local_var_topk,454,492,0,92.27642276422765,888.0639272712925,10610.026920557022
1775066268.02843,job_done,cagrad:local_var_topk,455,492,0,92.47967479674797,873.0374181061001,10736.000682115555
1775066273.373997,job_done,cagrad:local_var_topk,456,492,0,92.6829268292683,848.0010202307451,10741.346256256104
1775066274.128599,job_done,cagrad:local_var_topk,457,492,0,92.88617886178862,822.6991691631092,10742.100580215454
1775066275.6661427,job_done,cagrad:local_var_topk,458,492,0,93.08943089430895,797.5626728201537,10743.638357400894
1775066402.2934093,job_done,cagrad:local_var_topk,459,492,0,93.29268292682927,781.5223596251868,10870.265547513962
1775066407.1795,job_done,cagrad:local_var_topk,460,492,0,93.4959349593496,756.5322943977687,10875.151731967926
1775066409.5212421,job_done,cagrad:local_var_topk,461,492,0,93.69918699186992,731.4583253736351,10877.493161201477
1775066410.2170558,job_done,cagrad:local_var_topk,462,492,0,93.90243902439025,706.375923450891,10878.189221143723
1775066532.8960729,job_done,cagrad:local_var_topk,463,492,0,94.10569105691057,689.0392679447232,11000.868312358856
1775066536.2699645,job_done,cagrad:local_var_topk,464,492,0,94.3089430894309,664.0490989602845,11004.242211341858
1775066540.2937832,job_done,cagrad:local_var_topk,465,492,0,94.51219512195122,639.1896381439701,11008.265990257263
1775066541.2401447,job_done,cagrad:local_var_topk,466,492,0,94.71544715447155,614.247902649155,11009.21240901947
1775066662.2319176,job_done,cagrad:local_var_topk,467,492,0,94.91869918699187,595.8353405463364,11130.204161405563
1775066665.020021,job_done,cagrad:local_var_topk,468,492,0,95.1219512195122,570.9226654737424,11132.991976737976
1775066668.5529337,job_done,cagrad:local_var_topk,469,492,0,95.32520325203252,546.1408925478393,11136.525156736374
1775066670.2977598,job_done,cagrad:local_var_topk,470,492,0,95.52845528455285,521.3658289158598,11138.269981384277
1775066792.1583881,job_done,cagrad:local_var_topk,471,492,0,95.73170731707317,502.04404046732907,11260.130621910095
1775066794.0874553,job_done,cagrad:local_var_topk,472,492,0,95.9349593495935,477.2059172189842,11262.059646368027
1775066799.419618,job_done,cagrad:local_var_topk,473,492,0,96.13821138211382,452.60135879123436,11267.391721487045
1775066801.4925408,job_done,cagrad:local_var_topk,474,492,0,96.34146341463415,427.9543588825419,11269.464783906937
1775066927.8245118,job_done,cagrad:local_var_topk,475,492,0,96.54471544715447,407.84955509788114,11395.796392440796
1775066928.1091566,job_done,cagrad:local_var_topk,476,492,0,96.7479674796748,383.0615337435939,11396.080628871918
1775066933.724873,job_done,cagrad:local_var_topk,477,492,0,96.95121951219512,358.543929866275,11401.696969747543
1775066934.3157587,job_done,cagrad:local_var_topk,478,492,0,97.15447154471545,333.95822464571836,11402.287955760956
1775067062.2736385,job_done,cagrad:local_var_topk,479,492,0,97.35772357723577,312.9294272663698,11530.245820045471
1775067063.2132587,job_done,cagrad:local_var_topk,480,492,0,97.5609756097561,288.2796305000782,11531.185220003128
1775067069.1907325,job_done,cagrad:local_var_topk,481,492,0,97.76422764227642,263.8436427265096,11537.162922859192
1775067069.6302524,job_done,cagrad:local_var_topk,482,492,0,97.96747967479675,239.36933550102583,11537.601971149445
1775067195.663923,job_done,cagrad:local_var_topk,483,492,0,98.17073170731707,217.33482399786482,11663.635554552078
1775067196.1840096,job_done,cagrad:local_var_topk,484,492,0,98.3739837398374,192.79597042414767,11664.156210660934
1775067201.7222772,job_done,cagrad:local_var_topk,485,492,0,98.57723577235772,168.42858084550838,11669.694530010223
1775067202.1132607,job_done,cagrad:local_var_topk,486,492,0,98.78048780487805,144.07512780766427,11670.085352420807
1775067323.4465468,job_done,cagrad:local_var_topk,487,492,0,98.98373983739837,121.06179463545155,11791.418797492981
1775067324.1942809,job_done,cagrad:local_var_topk,488,492,0,99.1869918699187,96.65710291510723,11792.166555643082
1775067331.749897,job_done,cagrad:local_var_topk,489,492,0,99.39024390243902,72.39093321525246,11799.722114086151
1775067332.1510613,job_done,cagrad:local_var_topk,490,492,0,99.59349593495935,48.163768316774956,11800.123237609863
1775067435.2865095,job_done,cagrad:local_var_topk,491,492,0,99.79674796747967,24.242889501412385,11903.258745193481
1775067435.3471205,job_done,cagrad:local_var_topk,492,492,0,100.0,,11903.319486618042
1775067435.3652227,group_end,cagrad:local_var_topk,492,492,0,100.0,,11903.337552070618
1775067435.3654132,phase_end,,492,492,0,100.0,,11903.33779501915
1775067435.3656354,lock_released,,492,492,0,100.0,,11903.338021755219
1775067435.37479,method_done,,492,492,0,100.0,,11903.34717965126
1775067435.3749647,method_start,,492,492,0,100.0,,11903.347353696823
1775067435.375222,lock_wait,,492,492,0,100.0,,11903.347605228424
1775067435.3754447,lock_acquired,,492,492,0,100.0,,11903.347824335098
1775067435.3756359,lock_released,,492,492,0,100.0,,11903.34803056717
1775067435.37685,lock_wait,,492,492,0,100.0,,11903.349232435226
1775067435.3770475,lock_acquired,,492,492,0,100.0,,11903.349439620972
1775067435.377231,plan_add,,492,540,0,91.11111111111111,1161.3024020543912,11903.34962105751
1775067435.3774188,phase_start,ours:coord:train.lr,492,540,0,91.11111111111111,1161.3024200579014,11903.34980559349
1775067443.842476,group_slots,ours:coord:train.lr,492,540,0,91.11111111111111,1162.1282520061586,11911.814583063126
1775067443.8428442,group_start,ours:coord:train.lr,492,540,0,91.11111111111111,1162.1283048071512,11911.8151242733
1775067507.1464794,job_done,ours:coord:train.lr,493,540,0,91.29629629629629,1141.644160132379,11975.118530750275
1775067507.6687157,job_done,ours:coord:train.lr,494,540,0,91.48148148148148,1115.1406384759587,11975.640769720078
1775067507.9377122,job_done,ours:coord:train.lr,495,540,0,91.66666666666667,1088.7190862785685,11975.909949064255
1775067507.9907427,job_done,ours:coord:train.lr,496,540,0,91.85185185185185,1062.3838177150296,11975.963036060333
1775067569.951201,job_done,ours:coord:train.lr,497,540,0,92.03703703703704,1041.510477019028,12037.92342042923
1775067570.3634076,job_done,ours:coord:train.lr,498,540,0,92.22222222222223,1015.28131738341,12038.33562040329
1775067570.4883063,job_done,ours:coord:train.lr,499,540,0,92.4074074074074,989.1320360595573,12038.460633993149
1775067570.5409482,job_done,ours:coord:train.lr,500,540,0,92.5925925925926,963.0810621833801,12038.513277292252
1775067629.0101564,job_done,ours:coord:train.lr,501,540,0,92.77777777777777,941.6812587640956,12096.982324123383
1775067631.8528519,job_done,ours:coord:train.lr,502,540,0,92.96296296296296,915.9230109676422,12099.825039625168
1775067632.7511315,job_done,ours:coord:train.lr,503,540,0,93.14814814814815,890.1128500621787,12100.723340034485
1775067632.813287,job_done,ours:coord:train.lr,504,540,0,93.33333333333333,864.3417957169669,12100.785140037537
1775067685.9583344,job_done,ours:coord:train.lr,505,540,0,93.51851851851852,842.3516238042623,12153.930572032928
1775067690.635049,job_done,ours:coord:train.lr,506,540,0,93.70370370370371,816.9805902935299,12158.593490839005
1775067692.4916754,job_done,ours:coord:train.lr,507,540,0,93.88888888888889,791.5094704994789,12160.463683128357
1775067692.647063,job_done,ours:coord:train.lr,508,540,0,94.07407407407408,766.0232551154189,12160.619174957275
1775067738.606975,job_done,ours:coord:train.lr,509,540,0,94.25925925925925,743.4262352261421,12206.579152584076
1775067748.3765135,job_done,ours:coord:train.lr,510,540,0,94.44444444444444,718.6087431767407,12216.348634004593
1775067751.8247254,job_done,ours:coord:train.lr,511,540,0,94.62962962962963,693.4913913797725,12219.796586036682
1775067751.9166472,job_done,ours:coord:train.lr,512,540,0,94.81481481481481,668.2751539200544,12219.888528823853
1775067792.6513271,job_done,ours:coord:train.lr,513,540,0,95.0,645.2959704148142,12260.62343788147
1775067803.626967,job_done,ours:coord:train.lr,514,540,0,95.18518518518519,620.7423746261151,12271.599252223969
1775067809.7305372,job_done,ours:coord:train.lr,515,540,0,95.37037037037037,596.0049830709846,12277.702651262283
1775067810.4569616,job_done,ours:coord:train.lr,516,540,0,95.55555555555556,571.0897266365761,12278.429122686386
1775067847.4849002,job_done,ours:coord:train.lr,517,540,0,95.74074074074075,547.8830025887812,12315.4570581913
1775067857.0266848,job_done,ours:coord:train.lr,518,540,0,95.92592592592592,523.4555484539753,12324.998822689056
1775067868.3513865,job_done,ours:coord:train.lr,519,540,0,96.11111111111111,499.1576032018386,12336.323621988297
1775067868.5847445,job_done,ours:coord:train.lr,520,540,0,96.29629629629629,474.4829657169489,12336.55710864067
1775067909.6707401,job_done,ours:coord:train.lr,521,540,0,96.48148148148148,451.39196964875293,12377.64295721054
1775067916.6064277,job_done,ours:coord:train.lr,522,540,0,96.66666666666667,427.05443250721896,12384.57854270935
1775067930.9834294,job_done,ours:coord:train.lr,523,540,0,96.85185185185185,403.02532432275336,12398.955565929413
1775067931.059226,job_done,ours:coord:train.lr,524,540,0,97.03703703703704,378.5963786540141,12399.03140091896
1775067963.1980605,job_done,ours:coord:train.lr,525,540,0,97.22222222222223,355.176291172845,12431.170191049576
1775067970.8175907,job_done,ours:coord:train.lr,526,540,0,97.4074074074074,331.0704490576407,12438.789728879929
1775067989.0176847,job_done,ours:coord:train.lr,527,540,0,97.5925925925926,307.2881773979433,12456.989960670471
1775067989.297005,job_done,ours:coord:train.lr,528,540,0,97.77777777777777,283.119755609469,12457.269246816635
1775068015.1062615,job_done,ours:coord:train.lr,529,540,0,97.96296296296296,259.5725189751623,12483.078412532806
1775068026.2975295,job_done,ours:coord:train.lr,530,540,0,98.14814814814815,235.7409270889354,12494.269135713577
1775068047.768609,job_done,ours:coord:train.lr,531,540,0,98.33333333333333,212.1311975050781,12515.740652799606
1775068048.1296062,job_done,ours:coord:train.lr,532,540,0,98.51851851851852,188.21205582296042,12516.101712226868
1775068068.9591515,job_done,ours:coord:train.lr,533,540,0,98.70370370370371,164.6501290194313,12536.931252479553
1775068080.4056344,job_done,ours:coord:train.lr,534,540,0,98.88888888888889,140.99300863769616,12548.37776875496
1775068106.913331,job_done,ours:coord:train.lr,535,540,0,99.07407407407408,117.52229475529394,12574.885538816452
1775068107.060834,job_done,ours:coord:train.lr,536,540,0,99.25925925925925,93.84352967276502,12575.032976150513
1775068125.3283994,job_done,ours:coord:train.lr,537,540,0,99.44444444444444,70.35363439607887,12593.300556898117
1775068132.7062006,job_done,ours:coord:train.lr,538,540,0,99.62962962962963,46.84267030418141,12600.678311824799
1775068153.1933968,job_done,ours:coord:train.lr,539,540,0,99.81481481481481,23.41589106345663,12621.165283203125
1775068153.2986388,job_done,ours:coord:train.lr,540,540,0,100.0,,12621.269925355911
1775068153.3377488,group_end,ours:coord:train.lr,540,540,0,100.0,,12621.308818101883
1775068153.3389697,phase_end,,540,540,0,100.0,,12621.310736894608
1775068153.3403606,lock_released,,540,540,0,100.0,,12621.31222319603
1775068153.3584123,lock_wait,,540,540,0,100.0,,12621.329591035843
1775068153.3600826,lock_acquired,,540,540,0,100.0,,12621.331738948822
1775068153.3612645,plan_add,,540,588,0,91.83673469387755,1121.896276028951,12621.333105325699
1775068153.362507,phase_start,ours:coord:train.weight_decay,540,588,0,91.83673469387755,1121.8963802337646,12621.334277629852
1775068161.7846246,group_slots,ours:coord:train.weight_decay,540,588,0,91.83673469387755,1122.6450404485067,12629.7567050457
1775068161.7849915,group_start,ours:coord:train.weight_decay,540,588,0,91.83673469387755,1122.6450906329685,12629.757269620895
1775068224.7470386,job_done,ours:coord:train.weight_decay,541,588,0,92.00680272108843,1102.6946213650835,12692.71893954277
1775068225.6424847,job_done,ours:coord:train.weight_decay,542,588,0,92.17687074829932,1077.3178540085514,12693.614714622498
1775068225.7050233,job_done,ours:coord:train.weight_decay,543,588,0,92.34693877551021,1051.9622040387676,12693.677262067795
1775068225.769453,job_done,ours:coord:train.weight_decay,544,588,0,92.51700680272108,1026.699693444897,12693.741664409637
1775068284.3728957,job_done,ours:coord:train.weight_decay,545,588,0,92.68707482993197,1006.1483204259785,12752.344991445541
1775068287.8777072,job_done,ours:coord:train.weight_decay,546,588,0,92.85714285714286,981.2192250948685,12755.849926233292
1775068288.1181335,job_done,ours:coord:train.weight_decay,547,588,0,93.02721088435374,956.1237774984929,12756.09039735794
1775068288.1745074,job_done,ours:coord:train.weight_decay,548,588,0,93.19727891156462,931.1056106281976,12756.146865606308
1775068340.8462422,job_done,ours:coord:train.weight_decay,549,588,0,93.36734693877551,909.9160651756765,12808.818455934525
1775068347.3757079,job_done,ours:coord:train.weight_decay,550,588,0,93.5374149659864,885.4240283862028,12815.347779273987
1775068348.9886456,job_done,ours:coord:train.weight_decay,551,588,0,93.70748299319727,860.6670667333308,12816.960912704468
1775068349.0608165,job_done,ours:coord:train.weight_decay,552,588,0,93.87755102040816,835.893465772919,12817.033141851425
1775068393.675573,job_done,ours:coord:train.weight_decay,553,588,0,94.04761904761905,814.0283426151999,12861.64781332016
1775068403.2773106,job_done,ours:coord:train.weight_decay,554,588,0,94.21768707482993,789.9322742985473,12871.249410629272
1775068407.6074889,job_done,ours:coord:train.weight_decay,555,588,0,94.38775510204081,765.5742073381269,12875.566214323044
1775068408.4521244,job_done,ours:coord:train.weight_decay,556,588,0,94.5578231292517,741.0891740785229,12876.424399614334
1775068449.153644,job_done,ours:coord:train.weight_decay,557,588,0,94.72789115646259,718.9064647282476,12917.12583398819
1775068456.9524772,job_done,ours:coord:train.weight_decay,558,588,0,94.89795918367346,694.8884187975237,12924.924589633942
1775068463.895491,job_done,ours:coord:train.weight_decay,559,588,0,95.06802721088435,670.8840140289825,12931.867718696594
1775068465.661884,job_done,ours:coord:train.weight_decay,560,588,0,95.23809523809524,646.681707751751,12933.634155035019
1775068505.3091965,job_done,ours:coord:train.weight_decay,561,588,0,95.40816326530613,624.382524654827,12973.28134560585
1775068510.2479007,job_done,ours:coord:train.weight_decay,562,588,0,95.578231292517,600.415869560106,12978.21994972229
1775068521.0776575,job_done,ours:coord:train.weight_decay,563,588,0,95.74829931972789,576.7784078421855,12989.049744606018
1775068521.7085295,job_done,ours:coord:train.weight_decay,564,588,0,95.91836734693878,552.7523672225627,12989.680629730225
1775068562.8907523,job_done,ours:coord:train.weight_decay,565,588,0,96.08843537414965,530.4599038204261,13030.862854719162
1775068567.927771,job_done,ours:coord:train.weight_decay,566,588,0,96.25850340136054,506.6957564682505,13035.899916410446
1775068584.4426613,job_done,ours:coord:train.weight_decay,567,588,0,96.42857142857143,483.42277269893225,13052.41486287117
1775068586.0740888,job_done,ours:coord:train.weight_decay,568,588,0,96.59863945578232,459.6495054473339,13054.045954704285
1775068622.0612464,job_done,ours:coord:train.weight_decay,569,588,0,96.7687074829932,437.1012903143945,13090.033378362656
1775068625.6834254,job_done,ours:coord:train.weight_decay,570,588,0,96.93877551020408,413.4838582239653,13093.655510425568
1775068640.900876,job_done,ours:coord:train.weight_decay,571,588,0,97.10884353741497,390.28168762335633,13108.873154878616
1775068643.4388788,job_done,ours:coord:train.weight_decay,572,588,0,97.27891156462584,366.75275866635195,13111.411122322083
1775068678.2536488,job_done,ours:coord:train.weight_decay,573,588,0,97.44897959183673,344.14203612592206,13146.225780010223
1775068682.334208,job_done,ours:coord:train.weight_decay,574,588,0,97.61904761904762,320.739178674977,13150.306325674057
1775068699.0502496,job_done,ours:coord:train.weight_decay,575,588,0,97.78911564625851,297.6892049524059,13167.022526741028
1775068700.503717,job_done,ours:coord:train.weight_decay,576,588,0,97.95918367346938,274.343246648709,13168.475839138031
1775068733.349822,job_done,ours:coord:train.weight_decay,577,588,0,98.12925170068027,251.67164926842963,13201.321966171265
1775068738.29163,job_done,ours:coord:train.weight_decay,578,588,0,98.29931972789116,228.48207447768084,13206.263904809952
1775068756.6745121,job_done,ours:coord:train.weight_decay,579,588,0,98.46938775510205,205.56445535971093,13224.646628141403
1775068758.0669138,job_done,ours:coord:train.weight_decay,580,588,0,98.63945578231292,182.42812555905047,13226.039103031158
1775068787.8346431,job_done,ours:coord:train.weight_decay,581,588,0,98.80952380952381,159.70851500350307,13255.806745290756
1775068793.8430767,job_done,ours:coord:train.weight_decay,582,588,0,98.9795918367347,136.71974554750108,13261.815318107605
1775068814.5103307,job_done,ours:coord:train.weight_decay,583,588,0,99.14965986394557,113.9149424305911,13282.482287406921
1775068815.1476493,job_done,ours:coord:train.weight_decay,584,588,0,99.31972789115646,90.98027322880209,13283.119891405106
1775068841.1176684,job_done,ours:coord:train.weight_decay,585,588,0,99.48979591836735,68.25174234585884,13309.089757442474
1775068849.7494004,job_done,ours:coord:train.weight_decay,586,588,0,99.65986394557824,45.45297446104446,13317.721517086029
1775068864.11335,job_done,ours:coord:train.weight_decay,587,588,0,99.82993197278911,22.712241024946636,13332.085481643677
1775068864.426415,job_done,ours:coord:train.weight_decay,588,588,0,100.0,,13332.398552179337
1775068864.440613,group_end,ours:coord:train.weight_decay,588,588,0,100.0,,13332.412848949432
1775068864.4408228,phase_end,,588,588,0,100.0,,13332.413207530975
1775068864.4410572,lock_released,,588,588,0,100.0,,13332.413435697556
1775068864.444135,lock_wait,,588,588,0,100.0,,13332.416377544403
1775068864.4445834,lock_acquired,,588,588,0,100.0,,13332.416840553284
1775068864.4449494,plan_add,,588,636,0,92.45283018867924,1088.3605896891381,13332.41722369194
1775068864.4453168,phase_start,ours:coord:train.grad_clip,588,636,0,92.45283018867924,1088.3606200315514,13332.417595386505
1775068872.7563307,group_slots,ours:coord:train.grad_clip,588,636,0,92.45283018867924,1089.039056018907,13340.728436231613
1775068872.7567267,group_start,ours:coord:train.grad_clip,588,636,0,92.45283018867924,1089.039101736886,13340.728996276855
1775068936.4707203,job_done,ours:coord:train.grad_clip,589,636,0,92.61006289308176,1069.624464357648,13404.44275546074
1775068936.5715694,job_done,ours:coord:train.grad_clip,590,636,0,92.76729559748428,1045.1000199819014,13404.543734550476
1775068936.7608979,job_done,ours:coord:train.grad_clip,591,636,0,92.9245283018868,1020.6649551597343,13404.733077764511
1775068936.8264518,job_done,ours:coord:train.grad_clip,592,636,0,93.08176100628931,996.3026132470853,13404.798796415329
1775069000.3987362,job_done,ours:coord:train.grad_clip,593,636,0,93.23899371069183,976.6272336552156,13468.370919942856
1775069000.455072,job_done,ours:coord:train.grad_clip,594,636,0,93.39622641509433,952.3130356133586,13468.427217960358
1775069000.5375514,job_done,ours:coord:train.grad_clip,595,636,0,93.55345911949685,928.0821759524466,13468.509626626968
1775069000.6035814,job_done,ours:coord:train.grad_clip,596,636,0,93.71069182389937,903.9312602849615,13468.575778245926
1775069063.8793602,job_done,ours:coord:train.grad_clip,597,636,0,93.86792452830188,883.9903058658293,13531.851605176926
1775069064.1496341,job_done,ours:coord:train.grad_clip,598,636,0,94.0251572327044,859.9007148240322,13532.121775388718
1775069064.2796876,job_done,ours:coord:train.grad_clip,599,636,0,94.18238993710692,835.882006723614,13532.251946687698
1775069064.2822552,job_done,ours:coord:train.grad_clip,600,636,0,94.33962264150944,811.9352761030198,13532.254601716995
1775069127.1244597,job_done,ours:coord:train.grad_clip,601,636,0,94.49685534591195,791.7277534115136,13595.09656572342
1775069127.7231479,job_done,ours:coord:train.grad_clip,602,636,0,94.65408805031447,767.8631961836767,13595.69541478157
1775069127.7907822,job_done,ours:coord:train.grad_clip,603,636,0,94.81132075471699,744.0467372545555,13595.76310801506
1775069127.8531156,job_done,ours:coord:train.grad_clip,604,636,0,94.96855345911949,720.3086333495892,13595.825454473495
1775069187.8868003,job_done,ours:coord:train.grad_clip,605,636,0,95.12578616352201,699.7217036712268,13655.859055519104
1775069190.2761924,job_done,ours:coord:train.grad_clip,606,636,0,95.28301886792453,676.1509069121711,13658.248319625854
1775069190.5411496,job_done,ours:coord:train.grad_clip,607,636,0,95.44025157232704,652.5484211947615,13658.51350569725
1775069190.8764722,job_done,ours:coord:train.grad_clip,608,636,0,95.59748427672956,629.025929347465,13658.848751544952
1775069248.4434793,job_done,ours:coord:train.grad_clip,609,636,0,95.75471698113208,608.1169460735885,13716.415561437607
1775069254.640169,job_done,ours:coord:train.grad_clip,610,636,0,95.9119496855346,584.8982352741428,13722.612442970276
1775069254.7507336,job_done,ours:coord:train.grad_clip,611,636,0,96.06918238993711,561.4862123799987,13722.72303056717
1775069254.8982265,job_done,ours:coord:train.grad_clip,612,636,0,96.22641509433963,538.1517840086245,13722.870492219925
1775069301.5590549,job_done,ours:coord:train.grad_clip,613,636,0,96.38364779874213,516.6382020223783,13769.531210422516
1775069314.2294421,job_done,ours:coord:train.grad_clip,614,636,0,96.54088050314465,493.8248138777208,13782.201623678207
1775069314.5071437,job_done,ours:coord:train.grad_clip,615,636,0,96.69811320754717,470.6212434710526,13782.479273080826
1775069314.5729485,job_done,ours:coord:train.grad_clip,616,636,0,96.85534591194968,447.4852318887587,13782.545142173767
1775069357.5781558,job_done,ours:coord:train.grad_clip,617,636,0,97.0125786163522,425.74628540376017,13825.550426006317
1775069375.3131754,job_done,ours:coord:train.grad_clip,618,636,0,97.16981132075472,403.2024887371989,13843.28544664383
1775069375.7106934,job_done,ours:coord:train.grad_clip,619,636,0,97.32704402515724,380.19807758431443,13843.68294262886
1775069375.8232186,job_done,ours:coord:train.grad_clip,620,636,0,97.48427672955975,357.25923915370817,13843.795517206192
1775069410.6350117,job_done,ours:coord:train.grad_clip,621,636,0,97.64150943396227,335.2320483744432,13878.60680270195
1775069436.154035,job_done,ours:coord:train.grad_clip,622,636,0,97.79874213836477,312.95430238070594,13904.112577199936
1775069436.5471244,job_done,ours:coord:train.grad_clip,623,636,0,97.95597484276729,290.14245940249765,13904.519400596619
1775069436.6296716,job_done,ours:coord:train.grad_clip,624,636,0,98.11320754716981,267.39619116599744,13904.601940631866
1775069464.4700918,job_done,ours:coord:train.grad_clip,625,636,0,98.27044025157232,245.2109832057953,13932.442227602005
1775069492.7549202,job_done,ours:coord:train.grad_clip,626,636,0,98.42767295597484,223.0148112735809,13960.727185726166
1775069495.1508517,job_done,ours:coord:train.grad_clip,627,636,0,98.58490566037736,200.42758955339497,13963.122072219849
1775069495.430944,job_done,ours:coord:train.grad_clip,628,636,0,98.74213836477988,177.87774656077102,13963.403105020523
1775069517.82189,job_done,ours:coord:train.grad_clip,629,636,0,98.8993710691824,155.64476533155943,13985.79391336441
1775069548.440661,job_done,ours:coord:train.grad_clip,630,636,0,99.05660377358491,133.4896459920066,14016.41282916069
1775069553.3360903,job_done,ours:coord:train.grad_clip,631,636,0,99.21383647798743,111.10376061803754,14021.294589996338
1775069553.382376,job_done,ours:coord:train.grad_clip,632,636,0,99.37106918238993,88.74275146858602,14021.35473203659
1775069571.8856153,job_done,ours:coord:train.grad_clip,633,636,0,99.52830188679245,66.53961022205263,14039.857756853104
1775069596.986078,job_done,ours:coord:train.grad_clip,634,636,0,99.68553459119497,44.36895358900919,14064.958287715912
1775069603.1048753,job_done,ours:coord:train.grad_clip,635,636,0,99.84276729559748,22.159176619597307,14071.07715344429
1775069603.332935,job_done,ours:coord:train.grad_clip,636,636,0,100.0,,14071.305273294449
1775069603.3499808,group_end,ours:coord:train.grad_clip,636,636,0,100.0,,14071.32210636139
1775069603.3503587,phase_end,,636,636,0,100.0,,14071.322623491287
1775069603.3508203,lock_released,,636,636,0,100.0,,14071.323070526123
1775069603.3545575,lock_wait,,636,636,0,100.0,,14071.326792955399
1775069603.3549929,lock_acquired,,636,636,0,100.0,,14071.327261686325
1775069603.3553612,plan_add,,636,684,0,92.98245614035088,1061.9869907127236,14071.327626943588
1775069603.355752,phase_start,ours:coord:method.ours.lambda_align,636,684,0,92.98245614035088,1061.9870204925537,14071.328021526337
1775069611.8205664,group_slots,ours:coord:method.ours.lambda_align,636,684,0,92.98245614035088,1062.6258704167492,14079.792783021927
1775069611.820846,group_start,ours:coord:method.ours.lambda_align,636,684,0,92.98245614035088,1062.6259010422905,14079.793188810349
1775069676.3230858,job_done,ours:coord:method.ours.lambda_align,637,684,0,93.12865497076024,1043.6134423281371,14144.292824745178
1775069676.8788676,job_done,ours:coord:method.ours.lambda_align,638,684,0,93.27485380116958,1019.8482003899578,14144.851127147675
1775069676.9355366,job_done,ours:coord:method.ours.lambda_align,639,684,0,93.42105263157895,996.1202642615413,14144.907752513885
1775069676.9909854,job_done,ours:coord:method.ours.lambda_align,640,684,0,93.5672514619883,972.4662295460702,14144.963338851929
1775069733.8705266,job_done,ours:coord:method.ours.lambda_align,641,684,0,93.71345029239767,952.6977122585041,14201.84264087677
1775069737.838504,job_done,ours:coord:method.ours.lambda_align,642,684,0,93.85964912280701,929.3520942380495,14205.810583353043
1775069738.4843411,job_done,ours:coord:method.ours.lambda_align,643,684,0,94.00584795321637,905.8549194220992,14206.456419229507
1775069738.5693552,job_done,ours:coord:method.ours.lambda_align,644,684,0,94.15204678362574,882.3938233659874,14206.540556192398
1775069788.480977,job_done,ours:coord:method.ours.lambda_align,645,684,0,94.29824561403508,862.0180959878966,14256.453125953674
1775069795.2324371,job_done,ours:coord:method.ours.lambda_align,646,684,0,94.44444444444444,839.0120402083678,14263.204683542252
1775069796.7626429,job_done,ours:coord:method.ours.lambda_align,647,684,0,94.5906432748538,815.7576382985624,14264.734918355942
1775069797.0166488,job_done,ours:coord:method.ours.lambda_align,648,684,0,94.73684210526316,792.4993544949425,14264.988380908966
1775069840.8539536,job_done,ours:coord:method.ours.lambda_align,649,684,0,94.88304093567251,771.6624243123505,14308.826096534729
1775069851.8572123,job_done,ours:coord:method.ours.lambda_align,650,684,0,95.02923976608187,749.0372112633631,14319.829038858414
1775069853.7715256,job_done,ours:coord:method.ours.lambda_align,651,684,0,95.17543859649123,725.9870121984437,14321.743786096573
1775069854.5976846,job_done,ours:coord:method.ours.lambda_align,652,684,0,95.32163742690058,702.9482123369088,14322.569826364517
1775069894.3065593,job_done,ours:coord:method.ours.lambda_align,653,684,0,95.46783625730994,681.8233429527575,14362.278804779053
1775069907.3459873,job_done,ours:coord:method.ours.lambda_align,654,684,0,95.6140350877193,659.41826883806,14375.318260669708
1775069911.0292492,job_done,ours:coord:method.ours.lambda_align,655,684,0,95.76023391812865,636.6275422038013,14379.00138425827
1775069911.8999155,job_done,ours:coord:method.ours.lambda_align,656,684,0,95.90643274853801,613.7750272489176,14379.87206697464
1775069947.6350555,job_done,ours:coord:method.ours.lambda_align,657,684,0,96.05263157894737,592.4222160855385,14415.607258081436
1775069961.8539405,job_done,ours:coord:method.ours.lambda_align,658,684,0,96.19883040935673,570.1755031836432,14429.826195955276
1775069968.8511975,job_done,ours:coord:method.ours.lambda_align,659,684,0,96.34502923976608,547.6791892500314,14436.823428630829
1775069970.0555363,job_done,ours:coord:method.ours.lambda_align,660,684,0,96.49122807017544,525.0191921841014,14438.02778506279
1775070001.5825782,job_done,ours:coord:method.ours.lambda_align,661,684,0,96.6374269005848,503.4792099954862,14469.554687261581
1775070014.2578604,job_done,ours:coord:method.ours.lambda_align,662,684,0,96.78362573099415,481.2825681032371,14482.23000383377
1775070025.1281474,job_done,ours:coord:method.ours.lambda_align,663,684,0,96.9298245614035,459.0574755226325,14493.100298643112
1775070025.6188056,job_done,ours:coord:method.ours.lambda_align,664,684,0,97.07602339181287,436.55394810509966,14493.59107708931
1775070055.4797816,job_done,ours:coord:method.ours.lambda_align,665,684,0,97.22222222222223,414.9557685375214,14523.451898813248
1775070066.5324557,job_done,ours:coord:method.ours.lambda_align,666,684,0,97.36842105263158,392.82444984204056,14534.504644155502
1775070080.3440828,job_done,ours:coord:method.ours.lambda_align,667,684,0,97.51461988304094,370.79666653029744,14548.316269159317
1775070082.2312791,job_done,ours:coord:method.ours.lambda_align,668,684,0,97.6608187134503,348.50786756184283,14550.20347070694
1775070107.4999142,job_done,ours:coord:method.ours.lambda_align,669,684,0,97.80701754385964,326.8043061008368,14575.47205209732
1775070120.205263,job_done,ours:coord:method.ours.lambda_align,670,684,0,97.953216374269,304.82759045914037,14588.177543401718
1775070138.0847726,job_done,ours:coord:method.ours.lambda_align,671,684,0,98.09941520467837,282.97874806463807,14606.056919336319
1775070140.3263314,job_done,ours:coord:method.ours.lambda_align,672,684,0,98.24561403508773,260.8624728322029,14608.298478603363
1775070167.3106725,job_done,ours:coord:method.ours.lambda_align,673,684,0,98.39181286549707,239.20967256721735,14635.282694339752
1775070182.5038137,job_done,ours:coord:method.ours.lambda_align,674,684,0,98.53801169590643,217.36611140941653,14650.475908994675
1775070196.3304286,job_done,ours:coord:method.ours.lambda_align,675,684,0,98.6842105263158,195.52403547286988,14664.30266046524
1775070199.345726,job_done,ours:coord:method.ours.lambda_align,676,684,0,98.83040935672514,173.57772305731237,14667.317598342896
1775070222.5391417,job_done,ours:coord:method.ours.lambda_align,677,684,0,98.9766081871345,151.89598152309964,14690.511355876923
1775070237.7133353,job_done,ours:coord:method.ours.lambda_align,678,684,0,99.12280701754386,130.13880963663084,14705.685488939285
1775070251.351362,job_done,ours:coord:method.ours.lambda_align,679,684,0,99.26900584795321,108.38971660133664,14719.323514461517
1775070257.2412474,job_done,ours:coord:method.ours.lambda_align,680,684,0,99.41520467836257,86.61890187403735,14725.21331858635
1775070278.1495168,job_done,ours:coord:method.ours.lambda_align,681,684,0,99.56140350877193,64.96088836896787,14746.121659755707
1775070290.966076,job_done,ours:coord:method.ours.lambda_align,682,684,0,99.70760233918129,43.281344134786615,14758.938349962234
1775070298.954752,job_done,ours:coord:method.ours.lambda_align,683,684,0,99.85380116959064,21.620683313986916,14766.926703453064
1775070303.446818,job_done,ours:coord:method.ours.lambda_align,684,684,0,100.0,,14771.419091939926
1775070303.4675732,group_end,ours:coord:method.ours.lambda_align,684,684,0,100.0,,14771.439686536789
1775070303.4679573,phase_end,,684,684,0,100.0,,14771.44023013115
1775070303.4683886,lock_released,,684,684,0,100.0,,14771.44065117836
1775070303.4728272,lock_wait,,684,684,0,100.0,,14771.445075511932
1775070303.4732585,lock_acquired,,684,684,0,100.0,,14771.445538043976
1775070303.473636,plan_add,,684,738,0,92.6829268292683,1166.166782291312,14771.445909023285
1775070303.4739957,phase_start,ours:local_var_topk,684,738,0,92.6829268292683,1166.166811390927,14771.446277618408
1775070311.9900076,group_slots,ours:local_var_topk,684,738,0,92.6829268292683,1166.8391221197028,14779.962213516235
1775070311.990291,group_start,ours:local_var_topk,684,738,0,92.6829268292683,1166.8391550214667,14779.962630271912
1775070374.560545,job_done,ours:local_var_topk,685,738,0,92.81842818428184,1148.4003071844143,14842.532272100449
1775070375.6460044,job_done,ours:local_var_topk,686,738,0,92.95392953929539,1125.1722268488247,14843.618223428726
1775070375.7620513,job_done,ours:local_var_topk,687,738,0,93.08943089430895,1101.9366089027521,14843.734319925308
1775070375.762754,job_done,ours:local_var_topk,688,738,0,93.22493224932249,1078.7598131007926,14843.735028266907
1775070433.6082063,job_done,ours:local_var_topk,689,738,0,93.36043360433604,1059.7640658566843,14901.580436229706
1775070437.823337,job_done,ours:local_var_topk,690,738,0,93.4959349593496,1036.9249098238738,14905.795578718185
1775070437.8804493,job_done,ours:local_var_topk,691,738,0,93.63143631436314,1013.856841995126,14905.852719545364
1775070437.9368634,job_done,ours:local_var_topk,692,738,0,93.76693766937669,990.855229305394,14905.909101724625
1775070491.3884287,job_done,ours:local_var_topk,693,738,0,93.90243902439025,971.3870547034525,14959.360642433167
1775070498.1787968,job_done,ours:local_var_topk,694,738,0,94.03794037940379,948.8626000146013,14966.151009321213
1775070498.4820242,job_done,ours:local_var_topk,695,738,0,94.17344173441734,925.9820687005845,14966.454366207123
1775070498.6513226,job_done,ours:local_var_topk,696,738,0,94.3089430894309,903.1583214813265,14966.623613119125
1775070544.0187738,job_done,ours:local_var_topk,697,738,0,94.44444444444444,883.0582969469183,15011.99104809761
1775070558.2884884,job_done,ours:local_var_topk,698,738,0,94.57994579945799,861.1037675562424,15026.26074385643
1775070560.2684734,job_done,ours:local_var_topk,699,738,0,94.71544715447155,838.4855328046201,15028.240703344345
1775070560.3371902,job_done,ours:local_var_topk,700,738,0,94.8509485094851,815.8225148848124,15028.30948472023
1775070598.8590553,job_done,ours:local_var_topk,701,738,0,94.98644986449864,795.2535796767464,15066.831333875656
1775070616.3827496,job_done,ours:local_var_topk,702,738,0,95.1219512195122,773.5566672545214,15084.355011463165
1775070618.5749161,job_done,ours:local_var_topk,703,738,0,95.25745257452574,751.1083233017331,15086.547179460526
1775070619.30044,job_done,ours:local_var_topk,704,738,0,95.39295392953929,728.6466921066695,15087.272683620453
1775070654.2968452,job_done,ours:local_var_topk,705,738,0,95.52845528455285,707.8508936496492,15122.26909160614
1775070672.5119264,job_done,ours:local_var_topk,706,738,0,95.6639566395664,686.2542409059347,15140.484189987183
1775070678.0439694,job_done,ours:local_var_topk,707,738,0,95.79945799457994,664.1110346533115,15146.016177415848
1775070678.3760095,job_done,ours:local_var_topk,708,738,0,95.9349593495935,641.7944051754677,15146.347962141037
1775070709.328636,job_done,ours:local_var_topk,709,738,0,96.07046070460704,620.7922740043134,15177.30076789856
1775070727.2619982,job_done,ours:local_var_topk,710,738,0,96.2059620596206,599.2486751207164,15195.234261989594
1775070735.1746318,job_done,ours:local_var_topk,711,738,0,96.34146341463415,577.3346924480003,15203.146901130676
1775070735.4483018,job_done,ours:local_var_topk,712,738,0,96.4769647696477,555.1810847353399,15203.420474290848
1775070762.949822,job_done,ours:local_var_topk,713,738,0,96.61246612466125,534.043546813066,15230.921955108643
1775070780.1408072,job_done,ours:local_var_topk,714,738,0,96.7479674796748,512.5416119359121,15248.112955093384
1775070792.7761075,job_done,ours:local_var_topk,715,738,0,96.88346883468834,490.9051926416117,15260.748379945755
1775070793.3688927,job_done,ours:local_var_topk,716,738,0,97.0189701897019,468.92388612198425,15261.341021060944
1775070819.0633368,job_done,ours:local_var_topk,717,738,0,97.15447154471545,447.7374413053361,15287.035495996475
1775070839.6806355,job_done,ours:local_var_topk,718,738,0,97.289972899729,426.39701260165583,15307.652752399445
1775070855.676494,job_done,ours:local_var_topk,719,738,0,97.42547425474255,404.93647501465347,15323.648712396622
1775070857.9070756,job_done,ours:local_var_topk,720,738,0,97.5609756097561,383.1469839155674,15325.879356622696
1775070880.6351902,job_done,ours:local_var_topk,721,738,0,97.69647696476964,361.89504431355516,15348.607467651367
1775070896.2587225,job_done,ours:local_var_topk,722,738,0,97.8319783197832,340.48157275086294,15364.23097038269
1775070912.5174084,job_done,ours:local_var_topk,723,738,0,97.96747967479675,319.09728928225667,15380.48934340477
1775070915.299526,job_done,ours:local_var_topk,724,738,0,98.1029810298103,297.46658159356093,15383.271790981293
1775070937.395787,job_done,ours:local_var_topk,725,738,0,98.23848238482385,276.23418535396974,15405.368029356003
1775070953.140821,job_done,ours:local_var_topk,726,738,0,98.3739837398374,254.89442919502574,15421.112966299057
1775070970.3635216,job_done,ours:local_var_topk,727,738,0,98.50948509485094,233.59242354724887,15438.335628986359
1775070971.9092128,job_done,ours:local_var_topk,728,738,0,98.6449864498645,212.08628253949865,15439.881368875504
1775070994.3560371,job_done,ours:local_var_topk,729,738,0,98.78048780487805,190.89294213718836,15462.328313112259
1775071009.9561534,job_done,ours:local_var_topk,730,738,0,98.9159891598916,169.6211328297445,15477.928370714188
1775071027.4034631,job_done,ours:local_var_topk,731,738,0,99.05149051490515,148.38252959042666,15495.375590085983
1775071028.6908076,job_done,ours:local_var_topk,732,738,0,99.1869918699187,127.0218276547604,15496.662973880768
1775071051.080422,job_done,ours:local_var_topk,733,738,0,99.32249322493224,105.85984078305805,15519.05265879631
1775071067.0995054,job_done,ours:local_var_topk,734,738,0,99.4579945799458,84.65979056657173,15535.071568965912
1775071085.0320003,job_done,ours:local_var_topk,735,738,0,99.59349593495935,63.481649798763044,15553.004200696945
1775071086.2517126,job_done,ours:local_var_topk,736,738,0,99.7289972899729,42.266912836095564,15554.223923683167
1775071100.8141901,job_done,ours:local_var_topk,737,738,0,99.86449864498645,21.12454049752234,15568.786346673965
1775071109.1938362,job_done,ours:local_var_topk,738,738,0,100.0,,15577.16593503952
1775071109.215717,group_end,ours:local_var_topk,738,738,0,100.0,,15577.187937259674
1775071109.21606,phase_end,,738,738,0,100.0,,15577.1883456707
1775071109.217045,lock_released,,738,738,0,100.0,,15577.188753604889
1775071109.2344942,method_done,,738,738,0,100.0,,15577.206763505936
1775071109.7191603,method_start,,738,738,0,100.0,,15577.691498756409
1775071109.7197428,lock_wait,,738,738,0,100.0,,15577.6918592453
1775071109.7199657,lock_acquired,,738,738,0,100.0,,15577.69235253334
1775071109.7202077,plan_add,,738,743,0,99.32705248990578,105.53992237017407,15577.692541837692
1775071109.7204034,phase_start,final:baseline,738,743,0,99.32705248990578,105.53992402747394,15577.692786455154
1775071118.2378433,group_slots,final:baseline,738,743,0,99.32705248990578,105.59762850524933,15586.209967374802
1775071118.2382326,group_start,final:baseline,738,743,0,99.32705248990578,105.59763209929633,15586.21049785614
1775071484.5332365,job_done,final:baseline,739,743,0,99.46164199192464,86.34644294656178,15952.505334377289
1775071492.0258572,job_done,final:baseline,740,743,0,99.59623149394348,64.70269482329086,15959.998056411743
1775071493.2481298,job_done,final:baseline,741,743,0,99.73082099596232,43.08021689555262,15961.220359802246
1775071493.335432,job_done,final:baseline,742,743,0,99.86541049798116,21.511196267572696,15961.30763053894
1775071652.6969824,job_done,final:baseline,743,743,0,100.0,,16120.668807268143
1775071652.720281,group_end,final:baseline,743,743,0,100.0,,16120.692286014557
1775071652.7205954,phase_end,,743,743,0,100.0,,16120.692950725555
1775071652.7215133,lock_released,,743,743,0,100.0,,16120.693265199661
1775071652.7217708,method_done,,743,743,0,100.0,,16120.694131612778
1775071652.721985,method_start,,743,743,0,100.0,,16120.694350481033
1775071652.722436,lock_wait,,743,743,0,100.0,,16120.694783210754
1775071652.7227218,lock_acquired,,743,743,0,100.0,,16120.695083379745
1775071652.7229767,plan_add,,743,748,0,99.33155080213903,108.48381781642242,16120.69532752037
1775071652.7232163,phase_start,final:cagrad,743,748,0,99.33155080213903,108.48381949305374,16120.695576667786
1775071662.9882705,group_slots,final:cagrad,743,748,0,99.33155080213903,108.55289702620834,16130.960498094559
1775071662.988543,group_start,final:cagrad,743,748,0,99.33155080213903,108.55289966870767,16130.960890769958
1775072434.9902785,job_done,final:cagrad,744,748,0,99.46524064171123,90.87614008431794,16902.962055683136
1775072444.3674693,job_done,final:cagrad,745,748,0,99.59893048128342,68.10338111179787,16912.339642763138
1775072444.8788724,job_done,final:cagrad,746,748,0,99.73262032085562,45.3427640138938,16912.85097718239
1775072445.2654974,job_done,final:cagrad,747,748,0,99.8663101604278,22.641549825668335,16913.237719774246
1775073028.3943353,job_done,final:cagrad,748,748,0,100.0,,17496.366450309753
1775073028.4099844,group_end,final:cagrad,748,748,0,100.0,,17496.382167577744
1775073028.4104128,phase_end,,748,748,0,100.0,,17496.38263630867
1775073028.4108398,lock_released,,748,748,0,100.0,,17496.383108854294
1775073028.4113941,method_done,,748,748,0,100.0,,17496.383499622345
1775073028.4117415,method_start,,748,748,0,100.0,,17496.38401412964
1775073028.4123352,lock_wait,,748,748,0,100.0,,17496.384602308273
1775073028.4127727,lock_acquired,,748,748,0,100.0,,17496.38504076004
1775073028.4131336,plan_add,,748,753,0,99.33598937583001,116.95444789481036,17496.38540506363
1775073028.4135342,phase_start,final:ours,748,753,0,99.33598937583001,116.95445035230667,17496.385772705078
1775073036.919102,group_slots,final:ours,748,753,0,99.33598937583001,117.0113050108925,17504.891229629517
1775073036.9194996,group_start,final:ours,748,753,0,99.33598937583001,117.01130844851866,17504.89174389839
1775073404.9788258,job_done,final:ours,749,753,0,99.46879150066401,95.4496713480421,17872.950959920883
1775073412.857725,job_done,final:ours,750,753,0,99.60159362549801,71.52331937885285,17880.82984471321
1775073418.9451709,job_done,final:ours,751,753,0,99.734395750332,47.634932833568705,17886.91727900505
1775073419.4796073,job_done,final:ours,752,753,0,99.867197875166,23.786505078698728,17887.451819181442
1775073583.2774744,job_done,final:ours,753,753,0,100.0,,18051.249527931213
1775073583.2984393,group_end,final:ours,753,753,0,100.0,,18051.27061033249
1775073583.298651,phase_end,,753,753,0,100.0,,18051.27102947235
1775073583.2988966,lock_released,,753,753,0,100.0,,18051.271270751953
1775073583.2996306,method_done,,753,753,0,100.0,,18051.271486759186
1775073587.5305486,pipeline_done,,753,753,0,100.0,,18055.502752542496
1775073587.53087,lock_released,,753,753,0,100.0,,18055.503225564957
