step,train_step_loss,train_acc,train_loss,val_acc,val_loss,avg_intra_expert_coherence,expert_diversity_e0,expert_diversity_e1,expert_diversity_e2,expert_diversity_e3,expert_diversity_mean,expert_purity_e0,expert_purity_e1,expert_purity_e2,expert_purity_e3,expert_purity_mean,inter_expert_similarity,inter_expert_similarity_e0_e0,inter_expert_similarity_e0_e1,inter_expert_similarity_e0_e2,inter_expert_similarity_e0_e3,inter_expert_similarity_e1_e0,inter_expert_similarity_e1_e1,inter_expert_similarity_e1_e2,inter_expert_similarity_e1_e3,inter_expert_similarity_e2_e0,inter_expert_similarity_e2_e1,inter_expert_similarity_e2_e2,inter_expert_similarity_e2_e3,inter_expert_similarity_e3_e0,inter_expert_similarity_e3_e1,inter_expert_similarity_e3_e2,inter_expert_similarity_e3_e3,intra_expert_coherence_e0,intra_expert_coherence_e1,intra_expert_coherence_e2,intra_expert_coherence_e3,load_cv,load_max_min_ratio,overall_task_conflict_cos,router_entropy,router_load_e0,router_load_e1,router_load_e2,router_load_e3,task_acc__glue_sst2,task_conflict_t0_t0,task_grad_norm_cv,task_loss__glue_sst2,utilization_ratio
50.0,0.4843960702419281,0.8138650907957059,0.4370788994088167,0.8279816513761468,0.4172127823938023,1.0,0.0,0.0,0.0,0.0,0.0,1.0,1.0,1.0,1.0,1.0,-0.041229562060470654,1.0,0.0,0.0,0.0,0.0,1.0,-0.24737737236282392,0.0,0.0,-0.24737737236282392,1.0,0.0,0.0,0.0,0.0,1.0,1.0,1.0,1.0,1.0,0.966206967830658,531379222869.87305,1.0,0.6885821704470784,0.02074265293776989,0.531379222869873,0.4478781819343567,0.0,0.8279816513761468,1.0,0.0,0.4172127823938023,0.5
100.0,0.4717179834842682,0.88711042480215,0.31330328367256743,0.9071100917431193,0.2698310780423609,1.0,0.0,0.0,0.0,0.0,0.0,1.0,1.0,1.0,1.0,1.0,-0.0358596124388583,1.0,0.0,0.0,0.0,0.0,1.0,-0.2151576746331498,0.0,0.0,-0.2151576746331498,1.0,0.0,0.0,0.0,0.0,1.0,1.0,1.0,1.0,1.0,0.9983086584990417,508601367473.6023,1.0,0.6873651436709483,0.0010123996762558818,0.5086013674736023,0.4903861880302429,0.0,0.9071100917431193,1.0,0.0,0.2698310780423609,0.5
150.0,0.2751764617860317,0.8550535271496236,0.34732382631354086,0.8990825688073395,0.2551668030633168,1.0,0.0,0.0,0.0,0.0,0.0,1.0,1.0,1.0,1.0,1.0,-0.07693742751524546,1.0,0.0,0.0,0.0,0.0,1.0,-0.46162456509147276,0.0,0.0,-0.46162456509147276,1.0,0.0,0.0,0.0,0.0,1.0,1.0,1.0,1.0,1.0,0.975326418876648,627.6651479693876,1.0,0.682993616532842,0.0008540358394384384,0.5360485315322876,0.44746196269989014,0.015635542571544647,0.8990825688073395,1.0,0.0,0.2551668030633168,0.5
