step,train_step_loss,train_acc,train_loss,val_acc,val_loss,avg_intra_expert_coherence,expert_diversity_e0,expert_diversity_e1,expert_diversity_e2,expert_diversity_e3,expert_diversity_mean,expert_purity_e0,expert_purity_e1,expert_purity_e2,expert_purity_e3,expert_purity_mean,inter_expert_similarity,inter_expert_similarity_e0_e0,inter_expert_similarity_e0_e1,inter_expert_similarity_e0_e2,inter_expert_similarity_e0_e3,inter_expert_similarity_e1_e0,inter_expert_similarity_e1_e1,inter_expert_similarity_e1_e2,inter_expert_similarity_e1_e3,inter_expert_similarity_e2_e0,inter_expert_similarity_e2_e1,inter_expert_similarity_e2_e2,inter_expert_similarity_e2_e3,inter_expert_similarity_e3_e0,inter_expert_similarity_e3_e1,inter_expert_similarity_e3_e2,inter_expert_similarity_e3_e3,intra_expert_coherence_e0,intra_expert_coherence_e1,intra_expert_coherence_e2,intra_expert_coherence_e3,load_cv,load_max_min_ratio,overall_task_conflict_cos,router_entropy,router_load_e0,router_load_e1,router_load_e2,router_load_e3,task_acc__glue_cola,task_acc__glue_mrpc,task_acc__glue_rte,task_conflict_t0_t0,task_conflict_t0_t1,task_conflict_t0_t2,task_conflict_t1_t0,task_conflict_t1_t1,task_conflict_t1_t2,task_conflict_t2_t0,task_conflict_t2_t1,task_conflict_t2_t2,task_grad_norm_cv,task_loss__glue_cola,task_loss__glue_mrpc,task_loss__glue_rte,utilization_ratio
1.0,0.9497436781724294,0.43344522453772255,0.7203226474927792,0.42756868857752356,0.7206453716714809,-0.2046566634057738,0.9687892395561202,0.8982875439949617,0.8648865842548277,0.9020530222569259,0.9085040975157088,0.4596389830112457,0.5621170997619629,0.5742601156234741,0.5592170357704163,0.5388083085417747,0.015395416001406972,1.0,0.3964564063002105,-0.04456952603509345,-0.0027071484738136497,0.3964564063002105,1.0,-0.10875825809824911,0.10666604715944254,-0.04456952603509345,-0.10875825809824911,1.0,-0.254715024844055,-0.0027071484738136497,0.10666604715944254,-0.254715024844055,1.0,-0.27190838367678843,-0.1830760848082479,-0.2490399729091206,-0.11460221222893814,0.33172746461092584,2.0462840063164056,-0.2482761880726325,1.3188215928773086,0.34102898836135864,0.1678973287343979,0.1666577011346817,0.3244157135486603,0.3825503355704698,0.4019607843137255,0.4981949458483754,1.0,-0.6496118935100867,-0.6016076707068247,-0.6496118935100867,1.0,0.506390999999014,-0.6016076707068247,0.506390999999014,1.0,0.33574275031997775,0.7382717858289034,0.7168803361116671,0.7067839930738722,1.0
