ts_epoch,event,phase,completed_jobs,total_jobs,failed_jobs,percent,eta_sec,elapsed_sec
1775073589.243714,init,,0,0,0,0.0,,1.5974044799804688e-05
1775073589.2439656,pipeline_start,,0,0,0,0.0,,0.0002815723419189453
1775073589.2441905,lock_wait,,0,0,0,0.0,,0.0005123615264892578
1775073589.2444196,lock_acquired,,0,0,0,0.0,,0.000743865966796875
1775073589.2446024,method_start,,0,0,0,0.0,,0.0009374618530273438
1775073589.2448409,lock_wait,,0,0,0,0.0,,0.0011723041534423828
1775073589.2450428,lock_acquired,,0,0,0,0.0,,0.0013778209686279297
1775073589.2452438,lock_released,,0,0,0,0.0,,0.0015761852264404297
1775073589.2464507,lock_wait,,0,0,0,0.0,,0.0027692317962646484
1775073589.246654,lock_acquired,,0,0,0,0.0,,0.0029878616333007812
1775073589.2468317,plan_add,,0,64,0,0.0,,0.0031709671020507812
1775073589.247015,phase_start,baseline:coord:train.lr,0,64,0,0.0,,0.0033540725708007812
1775073596.1994388,group_slots,baseline:coord:train.lr,0,64,0,0.0,,6.95547080039978
1775073596.2137253,group_start,baseline:coord:train.lr,0,64,0,0.0,,6.956044673919678
1775073642.2218692,job_done,baseline:coord:train.lr,1,64,0,1.5625,3337.569835424423,52.977298974990845
1775073643.181436,job_done,baseline:coord:train.lr,2,64,0,3.125,1672.0557594299316,53.93728256225586
1775073643.31969,job_done,baseline:coord:train.lr,3,64,0,4.6875,1099.5428943634033,54.07588005065918
1775073643.3778124,job_done,baseline:coord:train.lr,4,64,0,6.25,812.0088243484497,54.13392162322998
1775073685.5855575,job_done,baseline:coord:train.lr,5,64,0,7.8125,1136.8298608779908,96.34151363372803
1775073687.9830613,job_done,baseline:coord:train.lr,6,64,0,9.375,954.478819211324,98.7391881942749
1775073688.1871552,job_done,baseline:coord:train.lr,7,64,0,10.9375,805.6812523433141,98.94331169128418
1775073688.239973,job_done,baseline:coord:train.lr,8,64,0,12.5,692.97265958786,98.99609422683716
1775073725.617014,job_done,baseline:coord:train.lr,9,64,0,14.0625,833.391537004047,136.37316060066223
1775073730.4187546,job_done,baseline:coord:train.lr,10,64,0,15.625,762.3448117733002,141.17496514320374
1775073732.0211458,job_done,baseline:coord:train.lr,11,64,0,17.1875,687.9272878603501,142.77736163139343
1775073732.0915048,job_done,baseline:coord:train.lr,12,64,0,18.75,619.0062552293142,142.84759736061096
1775073761.8562083,job_done,baseline:coord:train.lr,13,64,0,20.3125,677.1717831538274,172.6124153137207
1775073770.8856573,job_done,baseline:coord:train.lr,14,64,0,21.875,648.7206143992288,181.64177203178406
1775073774.9128356,job_done,baseline:coord:train.lr,15,64,0,23.4375,606.5184363047282,185.66890907287598
1775073775.2555447,job_done,baseline:coord:train.lr,16,64,0,25.0,558.035028219223,186.01167607307434
1775073800.4666777,job_done,baseline:coord:train.lr,17,64,0,26.5625,583.9680166244507,211.22247409820557
1775073810.493531,job_done,baseline:coord:train.lr,18,64,0,28.125,565.415931251314,221.24971222877502
1775073816.751966,job_done,baseline:coord:train.lr,19,64,0,29.6875,538.8350494284379,227.508131980896
1775073817.0695002,job_done,baseline:coord:train.lr,20,64,0,31.25,501.2165920257568,227.8257236480713
1775073837.8913212,job_done,baseline:coord:train.lr,21,64,0,32.8125,509.13538358325053,248.64751291275024
1775073848.6365418,job_done,baseline:coord:train.lr,22,64,0,34.375,495.20425128936773,259.39270305633545
1775073859.1171486,job_done,baseline:coord:train.lr,23,64,0,35.9375,481.0785985407622,269.87336015701294
1775073859.354836,job_done,baseline:coord:train.lr,24,64,0,37.5,450.18512686093646,270.1110761165619
1775073877.8850849,job_done,baseline:coord:train.lr,25,64,0,39.0625,450.2803781032562,288.64126801490784
1775073888.613029,job_done,baseline:coord:train.lr,26,64,0,40.625,437.5396383175483,299.3692262172699
1775073903.9777393,job_done,baseline:coord:train.lr,27,64,0,42.1875,431.30204780013474,314.7339267730713
1775073904.2111802,job_done,baseline:coord:train.lr,28,64,0,43.75,404.95809623173307,314.9674081802368
1775073923.8774405,job_done,baseline:coord:train.lr,29,64,0,45.3125,403.8679914638914,334.63347864151
1775073933.8728366,job_done,baseline:coord:train.lr,30,64,0,46.875,390.57947815259297,344.62895131111145
1775073947.7784297,job_done,baseline:coord:train.lr,31,64,0,48.4375,381.6657500728484,358.5344924926758
1775073948.413107,job_done,baseline:coord:train.lr,32,64,0,50.0,359.16935563087463,359.16935563087463
1775073963.0369384,job_done,baseline:coord:train.lr,33,64,0,51.5625,351.1389184142604,373.79304218292236
1775073973.8071434,job_done,baseline:coord:train.lr,34,64,0,53.125,339.32051623568816,384.5632517337799
1775073990.4669397,job_done,baseline:coord:train.lr,35,64,0,54.6875,332.44199788911004,401.22310090065
1775073990.5368469,job_done,baseline:coord:train.lr,36,64,0,56.25,312.11681744787427,401.2930510044098
1775074002.6331878,job_done,baseline:coord:train.lr,37,64,0,57.8125,301.6625198286933,413.3893790245056
1775074013.8442938,job_done,baseline:coord:train.lr,38,64,0,59.375,290.515320740248,424.5993149280548
1775074032.4407485,job_done,baseline:coord:train.lr,39,64,0,60.9375,284.10054506399695,443.1968502998352
1775074033.3934429,job_done,baseline:coord:train.lr,40,64,0,62.5,266.4897684574127,444.14961409568787
1775074043.8771434,job_done,baseline:coord:train.lr,41,64,0,64.0625,255.03822642419397,454.6333601474762
1775074054.5047908,job_done,baseline:coord:train.lr,42,64,0,65.625,243.70810647237866,465.2609305381775
1775074074.0158913,job_done,baseline:coord:train.lr,43,64,0,67.1875,236.74917360239252,484.7721173763275
1775074074.5389748,job_done,baseline:coord:train.lr,44,64,0,68.75,220.58872981504962,485.29520559310913
1775074083.7082453,job_done,baseline:coord:train.lr,45,64,0,70.3125,208.7738627327813,494.46441173553467
1775074092.3557727,job_done,baseline:coord:train.lr,46,64,0,71.875,196.86987348224807,503.11189889907837
1775074114.8508894,job_done,baseline:coord:train.lr,47,64,0,73.4375,190.1131918125964,525.6070597171783
1775074115.5443068,job_done,baseline:coord:train.lr,48,64,0,75.0,175.43351276715597,526.3005383014679
1775074121.254891,job_done,baseline:coord:train.lr,49,64,0,76.5625,162.8605461607174,532.0111174583435
1775074130.9314857,job_done,baseline:coord:train.lr,50,64,0,78.125,151.6725461959839,541.6876649856567
1775074155.7479143,job_done,baseline:coord:train.lr,51,64,0,79.6875,144.4029924729291,566.5040473937988
1775074157.2648692,job_done,baseline:coord:train.lr,52,64,0,81.25,131.08178511032693,568.0210688114166
1775074161.1613097,job_done,baseline:coord:train.lr,53,64,0,82.8125,118.69986418508134,571.9175274372101
1775074170.6172068,job_done,baseline:coord:train.lr,54,64,0,84.375,107.6617384839941,581.3733878135681
1775074196.0248873,job_done,baseline:coord:train.lr,55,64,0,85.9375,99.29144797325135,606.7810709476471
1775074199.1706557,job_done,baseline:coord:train.lr,56,64,0,87.5,87.13241093499319,609.9268765449524
1775074201.0238144,job_done,baseline:coord:train.lr,57,64,0,89.0625,75.13086650246068,611.7799129486084
1775074208.9338756,job_done,baseline:coord:train.lr,58,64,0,90.625,64.10586434397204,619.6900219917297
1775074235.0750458,job_done,baseline:coord:train.lr,59,64,0,92.1875,54.731459981304106,645.8312277793884
1775074240.4323635,job_done,baseline:coord:train.lr,60,64,0,93.75,43.412570063273115,651.1885509490967
1775074241.0877159,job_done,baseline:coord:train.lr,61,64,0,95.3125,32.05790258235619,651.8440191745758
1775074247.5422535,job_done,baseline:coord:train.lr,62,64,0,96.875,21.235431809579172,658.2983860969543
1775074262.6104467,job_done,baseline:coord:train.lr,63,64,0,98.4375,10.688358178214422,673.3665652275085
1775074266.322511,job_done,baseline:coord:train.lr,64,64,0,100.0,,677.0785820484161
1775074266.3462546,group_end,baseline:coord:train.lr,64,64,0,100.0,,677.102293252945
1775074266.3466492,phase_end,,64,64,0,100.0,,677.102860212326
1775074266.3476794,lock_released,,64,64,0,100.0,,677.1033139228821
1775074266.3526814,lock_wait,,64,64,0,100.0,,677.1087234020233
1775074266.3531978,lock_acquired,,64,64,0,100.0,,677.1093740463257
1775074266.3536308,plan_add,,64,128,0,50.0,677.1098110675812,677.1098110675812
1775074266.3540304,phase_start,baseline:coord:train.weight_decay,64,128,0,50.0,677.1102414131165,677.1102414131165
1775074273.6136718,group_slots,baseline:coord:train.weight_decay,64,128,0,50.0,684.3698091506958,684.3698091506958
1775074273.6139486,group_start,baseline:coord:train.weight_decay,64,128,0,50.0,684.370240688324,684.370240688324
1775074319.6940222,job_done,baseline:coord:train.weight_decay,65,128,0,50.78125,707.9746745879834,730.45006108284
1775074320.0825908,job_done,baseline:coord:train.weight_decay,66,128,0,51.5625,686.545487837358,730.8387451171875
1775074320.5880587,job_done,baseline:coord:train.weight_decay,67,128,0,52.34375,665.850702047348,731.3442137241364
1775074320.6491287,job_done,baseline:coord:train.weight_decay,68,128,0,53.125,645.3577311599956,731.405428647995
1775074363.7691855,job_done,baseline:coord:train.weight_decay,69,128,0,53.90625,662.2752665333126,774.5253117084503
1775074365.840461,job_done,baseline:coord:train.weight_decay,70,128,0,54.6875,643.4657942363194,776.5966482162476
1775074366.1577265,job_done,baseline:coord:train.weight_decay,71,128,0,55.46875,623.719652461334,776.9139530658722
1775074366.2176194,job_done,baseline:coord:train.weight_decay,72,128,0,56.25,604.3130020565457,776.9738597869873
1775074403.0411203,job_done,baseline:coord:train.weight_decay,73,128,0,57.03125,613.1349909305573,813.7973515987396
1775074410.4320061,job_done,baseline:coord:train.weight_decay,74,128,0,57.8125,599.2454597692232,821.1882226467133
1775074410.7594779,job_done,baseline:coord:train.weight_decay,75,128,0,58.59375,580.4988116296133,821.4605824947357
1775074410.7754614,job_done,baseline:coord:train.weight_decay,76,128,0,59.375,562.10066189264,821.53173661232
1775074439.3243177,job_done,baseline:coord:train.weight_decay,77,128,0,60.15625,563.0312659059251,850.0668132305145
1775074454.418026,job_done,baseline:coord:train.weight_decay,78,128,0,60.9375,554.5988720196945,865.1742403507233
1775074455.3420782,job_done,baseline:coord:train.weight_decay,79,128,0,61.71875,537.2000087846684,866.0979733467102
1775074455.5719109,job_done,baseline:coord:train.weight_decay,80,128,0,62.5,519.7968757152557,866.3281261920929
1775074474.8009646,job_done,baseline:coord:train.weight_decay,81,128,0,63.28125,513.8418103530083,885.5571625232697
1775074496.8037055,job_done,baseline:coord:train.weight_decay,82,128,0,64.0625,509.118978884162,907.5599188804626
1775074499.0330985,job_done,baseline:coord:train.weight_decay,83,128,0,64.84375,493.2592697459531,909.7893197536469
1775074499.1636798,job_done,baseline:coord:train.weight_decay,84,128,0,65.625,476.62475857280543,909.9199936389923
1775074512.6312912,job_done,baseline:coord:train.weight_decay,85,128,0,66.40625,467.1254372204051,923.3874921798706
1775074538.0600872,job_done,baseline:coord:train.weight_decay,86,128,0,67.1875,463.37535209988437,948.8161971569061
1775074541.9223332,job_done,baseline:coord:train.weight_decay,87,128,0,67.96875,448.9634529146655,952.6785464286804
1775074542.1661952,job_done,baseline:coord:train.weight_decay,88,128,0,68.75,433.14659335396505,952.9225053787231
1775074550.542722,job_done,baseline:coord:train.weight_decay,89,128,0,69.53125,421.24335392941254,961.2989358901978
1775074577.7115915,job_done,baseline:coord:train.weight_decay,90,128,0,70.3125,417.3530649291144,988.467785358429
1775074583.2502422,job_done,baseline:coord:train.weight_decay,91,128,0,71.09375,404.15643928339193,994.006377696991
1775074583.4056735,job_done,baseline:coord:train.weight_decay,92,128,0,71.875,389.01989855973613,994.1619629859924
1775074589.741595,job_done,baseline:coord:train.weight_decay,93,128,0,72.65625,376.531423330307,1000.4977819919586
1775074616.1328225,job_done,baseline:coord:train.weight_decay,94,128,0,73.4375,371.42794123609013,1026.889014005661
1775074628.5706203,job_done,baseline:coord:train.weight_decay,95,128,0,74.21875,361.02932706883075,1039.3268506526947
1775074628.8082402,job_done,baseline:coord:train.weight_decay,96,128,0,75.0,346.5215160051982,1039.5645480155945
1775074634.5444493,job_done,baseline:coord:train.weight_decay,97,128,0,75.78125,334.06514128950454,1045.30060338974
1775074661.5612752,job_done,baseline:coord:train.weight_decay,98,128,0,76.5625,328.26046038647087,1072.3175039291382
1775074672.7527683,job_done,baseline:coord:train.weight_decay,99,128,0,77.34375,317.3915221281726,1083.5089893341064
1775074672.823608,job_done,baseline:coord:train.weight_decay,100,128,0,78.125,303.40233655929563,1083.579773426056
1775074675.298308,job_done,baseline:coord:train.weight_decay,101,128,0,78.90625,290.33139687481497,1086.0544846057892
1775074697.1747513,job_done,baseline:coord:train.weight_decay,102,128,0,79.6875,282.4137565996133,1107.9308912754059
1775074717.1945293,job_done,baseline:coord:train.weight_decay,103,128,0,80.46875,273.7744397908738,1127.9506919384003
1775074717.312218,job_done,baseline:coord:train.weight_decay,104,128,0,81.25,260.32347772671625,1128.0684034824371
1775074717.5855806,job_done,baseline:coord:train.weight_decay,105,128,0,82.03125,247.16059896151222,1128.341864824295
1775074735.7885559,job_done,baseline:coord:train.weight_decay,106,128,0,82.8125,237.9621162369566,1146.5447418689728
1775074761.783433,job_done,baseline:coord:train.weight_decay,107,128,0,83.59375,230.12459240672743,1172.539589881897
1775074762.0900583,job_done,baseline:coord:train.weight_decay,108,128,0,84.375,217.19375694239582,1172.8462874889374
1775074762.1509044,job_done,baseline:coord:train.weight_decay,109,128,0,85.15625,204.4517038459078,1172.9071431159973
1775074770.970256,job_done,baseline:coord:train.weight_decay,110,128,0,85.9375,193.3734229477969,1181.72647356987
1775074805.0424979,job_done,baseline:coord:train.weight_decay,111,128,0,86.71875,186.20332031636624,1215.7981503009796
1775074806.9681287,job_done,baseline:coord:train.weight_decay,112,128,0,87.5,173.9606149877821,1217.7243049144745
1775074807.0389705,job_done,baseline:coord:train.weight_decay,113,128,0,88.28125,161.65423662261625,1217.795249223709
1775074809.528001,job_done,baseline:coord:train.weight_decay,114,128,0,89.0625,149.85946130752563,1220.2841849327087
1775074844.5676606,job_done,baseline:coord:train.weight_decay,115,128,0,89.84375,141.90615520269972,1255.323680639267
1775074850.8379688,job_done,baseline:coord:train.weight_decay,116,128,0,90.625,130.50974042662259,1261.5941574573517
1775074851.0941367,job_done,baseline:coord:train.weight_decay,117,128,0,91.40625,118.6354939265129,1261.8502535820007
1775074851.4305758,job_done,baseline:coord:train.weight_decay,118,128,0,92.1875,106.96496858435162,1262.1866292953491
1775074882.4355595,job_done,baseline:coord:train.weight_decay,119,128,0,92.96875,97.80441754805942,1293.1917431354523
1775074896.027499,job_done,baseline:coord:train.weight_decay,120,128,0,93.75,87.11890425682067,1306.7835638523102
1775074896.3834682,job_done,baseline:coord:train.weight_decay,121,128,0,94.53125,75.61964929005332,1307.1396520137787
1775074896.3840492,job_done,baseline:coord:train.weight_decay,122,128,0,95.3125,64.28559026170949,1307.1403353214264
1775074916.549346,job_done,baseline:coord:train.weight_decay,123,128,0,96.09375,53.95550562114251,1327.3054382801056
1775074938.240945,job_done,baseline:coord:train.weight_decay,124,128,0,96.875,43.516030957621915,1348.9969596862793
1775074940.307654,job_done,baseline:coord:train.weight_decay,125,128,0,97.65625,32.42553224372864,1351.0638434886932
1775074940.3665218,job_done,baseline:coord:train.weight_decay,126,128,0,98.4375,21.44639426942856,1351.122838973999
1775074950.4684384,job_done,baseline:coord:train.weight_decay,127,128,0,99.21875,10.718302987691924,1361.2244794368744
1775074961.0761406,job_done,baseline:coord:train.weight_decay,128,128,0,100.0,,1371.8322331905365
1775074961.0967166,group_end,baseline:coord:train.weight_decay,128,128,0,100.0,,1371.8528046607971
1775074961.0970864,phase_end,,128,128,0,100.0,,1371.853318452835
1775074961.0980933,lock_released,,128,128,0,100.0,,1371.853718996048
1775074961.1024013,lock_wait,,128,128,0,100.0,,1371.8585772514343
1775074961.1028419,lock_acquired,,128,128,0,100.0,,1371.859053850174
1775074961.1032119,plan_add,,128,192,0,66.66666666666667,685.9297119379044,1371.8594238758087
1775074961.1036153,phase_start,baseline:coord:train.grad_clip,128,192,0,66.66666666666667,685.929903626442,1371.859807252884
1775074968.2641997,group_slots,baseline:coord:train.grad_clip,128,192,0,66.66666666666667,689.5101336240768,1379.0202672481537
1775074968.2645829,group_start,baseline:coord:train.grad_clip,128,192,0,66.66666666666667,689.5103942155838,1379.0207884311676
1775075013.0238602,job_done,baseline:coord:train.grad_clip,129,192,0,67.1875,695.3343135645223,1423.7797849178314
1775075014.518249,job_done,baseline:coord:train.grad_clip,130,192,0,67.70833333333333,679.7462512823251,1425.2743978500366
1775075014.6018317,job_done,baseline:coord:train.grad_clip,131,192,0,68.22916666666667,663.7163103045398,1425.3579778671265
1775075014.6589324,job_done,baseline:coord:train.grad_clip,132,192,0,68.75,647.9156390103426,1425.414405822754
1775075055.0670145,job_done,baseline:coord:train.grad_clip,133,192,0,69.27083333333333,650.2523960350151,1465.8231978416443
1775075058.3718672,job_done,baseline:coord:train.grad_clip,134,192,0,69.79166666666667,635.8912441161142,1469.1280467510223
1775075059.2121177,job_done,baseline:coord:train.grad_clip,135,192,0,70.3125,620.6532557911343,1469.968237400055
1775075059.4482381,job_done,baseline:coord:train.grad_clip,136,192,0,70.83333333333333,605.3782929813161,1470.2044258117676
1775075092.9075036,job_done,baseline:coord:train.grad_clip,137,192,0,71.35416666666667,603.6606082864051,1503.6636970043182
1775075101.5869122,job_done,baseline:coord:train.grad_clip,138,192,0,71.875,591.7864327016084,1512.3431057929993
1775075102.1498377,job_done,baseline:coord:train.grad_clip,139,192,0,72.39583333333333,576.8634609009722,1512.9060578346252
1775075102.3900023,job_done,baseline:coord:train.grad_clip,140,192,0,72.91666666666667,562.0257292815618,1513.1461942195892
1775075128.9468758,job_done,baseline:coord:train.grad_clip,141,192,0,73.4375,556.9132917586793,1539.7014536857605
1775075144.9622939,job_done,baseline:coord:train.grad_clip,142,192,0,73.95833333333333,547.7881863083638,1555.7184491157532
1775075145.8136067,job_done,baseline:coord:train.grad_clip,143,192,0,74.47916666666667,533.3700632065326,1556.5697762966156
1775075145.9618533,job_done,baseline:coord:train.grad_clip,144,192,0,75.0,518.9060055414835,1556.7180166244507
1775075164.828602,job_done,baseline:coord:train.grad_clip,145,192,0,75.52083333333333,510.70678039583663,1575.5847480297089
1775075185.2067988,job_done,baseline:coord:train.grad_clip,146,192,0,76.04166666666667,502.8376103035391,1595.9628500938416
1775075189.1451538,job_done,baseline:coord:train.grad_clip,147,192,0,76.5625,489.76560495337657,1599.9009761810303
1775075189.5238547,job_done,baseline:coord:train.grad_clip,148,192,0,77.08333333333333,475.75894301002086,1600.2800810337067
1775075203.063998,job_done,baseline:coord:train.grad_clip,149,192,0,77.60416666666667,465.7333357718167,1613.820163488388
1775075222.1562257,job_done,baseline:coord:train.grad_clip,150,192,0,78.125,457.21537680625914,1632.9120600223541
1775075232.0344474,job_done,baseline:coord:train.grad_clip,151,192,0,78.64583333333333,446.05573050549486,1642.7906172275543
1775075232.5329938,job_done,baseline:coord:train.grad_clip,152,192,0,79.16666666666667,432.44452231808714,1643.289184808731
1775075240.9246798,job_done,baseline:coord:train.grad_clip,153,192,0,79.6875,421.01667838938096,1651.6808152198792
1775075260.7351892,job_done,baseline:coord:train.grad_clip,154,192,0,80.20833333333333,412.44593345964114,1671.4914145469666
1775075274.191481,job_done,baseline:coord:train.grad_clip,155,192,0,80.72916666666667,402.2132830696721,1684.9475371837616
1775075274.2919004,job_done,baseline:coord:train.grad_clip,156,192,0,81.25,388.8572442164788,1685.048058271408
1775075279.238302,job_done,baseline:coord:train.grad_clip,157,192,0,81.77083333333333,376.7503463994166,1689.9944109916687
1775075297.85344,job_done,baseline:coord:train.grad_clip,158,192,0,82.29166666666667,367.6754682184775,1708.6095287799835
1775075317.464553,job_done,baseline:coord:train.grad_clip,159,192,0,82.8125,358.68731049771577,1728.2206778526306
1775075317.540761,job_done,baseline:coord:train.grad_clip,160,192,0,83.33333333333333,345.65940203666685,1728.2970101833344
1775075319.2070413,job_done,baseline:coord:train.grad_clip,161,192,0,83.85416666666667,333.0985165767788,1729.9632635116577
1775075339.998351,job_done,baseline:coord:train.grad_clip,162,192,0,84.375,324.21380687642977,1750.754557132721
1775075365.961597,job_done,baseline:coord:train.grad_clip,163,192,0,84.89583333333333,316.10316558118245,1776.717792749405
1775075366.0553882,job_done,baseline:coord:train.grad_clip,164,192,0,85.41666666666667,303.3580708794478,1776.811558008194
1775075366.4857852,job_done,baseline:coord:train.grad_clip,165,192,0,85.9375,290.82140079845084,1777.2418937683105
1775075373.0581796,job_done,baseline:coord:train.grad_clip,166,192,0,86.45833333333333,279.392619437482,1783.8144164085388
1775075409.1456254,job_done,baseline:coord:train.grad_clip,167,192,0,86.97916666666667,272.44039474133245,1819.9018368721008
1775075410.5199833,job_done,baseline:coord:train.grad_clip,168,192,0,87.5,260.1822920186179,1821.2760441303253
1775075410.9017115,job_done,baseline:coord:train.grad_clip,169,192,0,88.02083333333333,247.91793744380655,1821.657888174057
1775075413.1269639,job_done,baseline:coord:train.grad_clip,170,192,0,88.54166666666667,236.03194099033578,1823.8831803798676
1775075453.0124412,job_done,baseline:coord:train.grad_clip,171,192,0,89.0625,228.8838544310185,1863.7685289382935
1775075453.34826,job_done,baseline:coord:train.grad_clip,172,192,0,89.58333333333333,216.75628138142963,1864.1040198802948
1775075454.215101,job_done,baseline:coord:train.grad_clip,173,192,0,90.10416666666667,204.82343881667694,1864.9713113307953
1775075455.392226,job_done,baseline:coord:train.grad_clip,174,192,0,90.625,193.04981165096677,1866.1481792926788
1775075497.9318914,job_done,baseline:coord:train.grad_clip,175,192,0,91.14583333333333,185.4154159246172,1908.6881051063538
1775075498.1540835,job_done,baseline:coord:train.grad_clip,176,192,0,91.66666666666667,173.5372974872589,1908.910272359848
1775075498.397659,job_done,baseline:coord:train.grad_clip,177,192,0,92.1875,161.7927003108849,1909.1538636684418
1775075498.7152457,job_done,baseline:coord:train.grad_clip,178,192,0,92.70833333333333,150.1831194443649,1909.4710900783539
1775075541.7071292,job_done,baseline:coord:train.grad_clip,179,192,0,93.22916666666667,141.79890580417057,1952.461856842041
1775075543.509491,job_done,baseline:coord:train.grad_clip,180,192,0,93.75,130.28437101046245,1954.2655651569366
1775075543.5700617,job_done,baseline:coord:train.grad_clip,181,192,0,94.27083333333333,118.77120329398475,1954.3261632919312
1775075543.6591952,job_done,baseline:coord:train.grad_clip,182,192,0,94.79166666666667,107.38545709913905,1954.4153192043304
1775075581.876391,job_done,baseline:coord:train.grad_clip,183,192,0,95.3125,97.99832312787166,1992.6325702667236
1775075587.3254237,job_done,baseline:coord:train.grad_clip,184,192,0,95.83333333333333,86.87309382272804,1998.0811579227448
1775075588.1135316,job_done,baseline:coord:train.grad_clip,185,192,0,96.35416666666667,75.63288558109386,1998.8691189289093
1775075588.1831696,job_done,baseline:coord:train.grad_clip,186,192,0,96.875,64.4818925165361,1998.938668012619
1775075619.6137476,job_done,baseline:coord:train.grad_clip,187,192,0,97.39583333333333,54.28796494070859,2030.3698887825012
1775075631.0373528,job_done,baseline:coord:train.grad_clip,188,192,0,97.91666666666667,43.4424166780837,2041.793583869934
1775075631.9719586,job_done,baseline:coord:train.grad_clip,189,192,0,98.4375,32.424255670063076,2042.728107213974
1775075632.0991323,job_done,baseline:coord:train.grad_clip,190,192,0,98.95833333333333,21.503740478816784,2042.8553454875946
1775075647.8383536,job_done,baseline:coord:train.grad_clip,191,192,0,99.47916666666667,10.777982045218582,2058.5945706367493
1775075654.7669508,job_done,baseline:coord:train.grad_clip,192,192,0,100.0,,2065.5223319530487
1775075654.811915,group_end,baseline:coord:train.grad_clip,192,192,0,100.0,,2065.567328929901
1775075654.813239,phase_end,,192,192,0,100.0,,2065.568727016449
1775075654.8143148,lock_released,,192,192,0,100.0,,2065.5702583789825
1775075654.8260038,lock_wait,,192,192,0,100.0,,2065.5819475650787
1775075654.8264005,lock_acquired,,192,192,0,100.0,,2065.582710504532
1775075654.8266337,plan_add,,192,246,0,78.04878048780488,580.9452049210668,2065.5829508304596
1775075654.8268564,phase_start,baseline:local_var_topk,192,246,0,78.04878048780488,580.9452691599727,2065.5831792354584
1775075661.986838,group_slots,baseline:local_var_topk,192,246,0,78.04878048780488,582.9589689597487,2072.7430007457733
1775075661.9870937,group_start,baseline:local_var_topk,192,246,0,78.04878048780488,582.959078527987,2072.7433903217316
1775075707.1442704,job_done,baseline:local_var_topk,193,246,0,78.45528455284553,581.5989448208883,2117.898044347763
1775075707.829784,job_done,baseline:local_var_topk,194,246,0,78.86178861788618,567.8683771497195,2118.5858685970306
1775075707.9554296,job_done,baseline:local_var_topk,195,246,0,79.26829268292683,554.1245690822601,2118.711587667465
1775075708.0839255,job_done,baseline:local_var_topk,196,246,0,79.67479674796748,540.5204305843431,2118.840087890625
1775075750.556067,job_done,baseline:local_var_topk,197,246,0,80.08130081300813,537.5852775852087,2161.3122384548187
1775075752.483562,job_done,baseline:local_var_topk,198,246,0,80.48780487804878,524.4216945532596,2163.239490032196
1775075752.8538084,job_done,baseline:local_var_topk,199,246,0,80.89430894308943,511.0033465378249,2163.6099140644073
1775075753.1090076,job_done,baseline:local_var_topk,200,246,0,81.30081300813008,497.6890033578873,2163.865231990814
1775075790.5811164,job_done,baseline:local_var_topk,201,246,0,81.70731707317073,492.83671665547496,2201.337334394455
1775075796.2092552,job_done,baseline:local_var_topk,202,246,0,82.11382113821138,480.7251257235461,2206.9653499126434
1775075796.638697,job_done,baseline:local_var_topk,203,246,0,82.52032520325203,467.5762594215975,2207.3948991298676
1775075796.712769,job_done,baseline:local_var_topk,204,246,0,82.92682926829268,454.4789030972649,2207.468957901001
1775075828.4498081,job_done,baseline:local_var_topk,205,246,0,83.33333333333333,447.8412067890167,2239.2060339450836
1775075840.5692499,job_done,baseline:local_var_topk,206,246,0,83.73983739837398,437.1505775266481,2251.3254742622375
1775075841.0878215,job_done,baseline:local_var_topk,207,246,0,84.14634146341463,424.2604697165282,2251.844031572342
1775075841.3057406,job_done,baseline:local_var_topk,208,246,0,84.55284552845528,411.43440968944475,2252.062031984329
1775075864.1573305,job_done,baseline:local_var_topk,209,246,0,84.95934959349593,402.7334558655771,2274.899791240692
1775075884.45105,job_done,baseline:local_var_topk,210,246,0,85.36585365853658,393.4640880857195,2295.2071805000305
1775075884.6969843,job_done,baseline:local_var_topk,211,246,0,85.77235772357723,380.76237698866856,2295.4531869888306
1775075884.7642465,job_done,baseline:local_var_topk,212,246,0,86.17886178861788,368.1495030533593,2295.520430803299
1775075899.8461204,job_done,baseline:local_var_topk,213,246,0,86.58536585365853,357.9806416001118,2310.6023230552673
1775075929.1567738,job_done,baseline:local_var_topk,214,246,0,86.99186991869918,349.89353261929807,2339.912999391556
1775075929.539549,job_done,baseline:local_var_topk,215,246,0,87.39837398373983,337.43799219020576,2340.295752286911
1775075929.6286962,job_done,baseline:local_var_topk,216,246,0,87.8048780487805,325.0534571872817,2340.3848917484283
1775075935.3172302,job_done,baseline:local_var_topk,217,246,0,88.21138211382114,313.5305548944781,2346.073462486267
1775075972.2143114,job_done,baseline:local_var_topk,218,246,0,88.6178861788618,306.0695849864855,2382.9703402519226
1775075973.2067702,job_done,baseline:local_var_topk,219,246,0,89.02439024390245,293.9132321795372,2383.962883234024
1775075973.4794238,job_done,baseline:local_var_topk,220,246,0,89.4308943089431,281.7733021541075,2384.235633611679
1775075975.738595,job_done,baseline:local_var_topk,221,246,0,89.83739837398375,269.96547191391164,2386.494771718979
1775076015.6281734,job_done,baseline:local_var_topk,222,246,0,90.2439024390244,262.3118239995596,2426.384371995926
1775076017.6427586,job_done,baseline:local_var_topk,223,246,0,90.65040650406505,250.462674909643,2428.398978471756
1775076017.7795599,job_done,baseline:local_var_topk,224,246,0,91.0569105691057,238.5169051566294,2428.5357615947723
1775076018.290543,job_done,baseline:local_var_topk,225,246,0,91.46341463414635,226.71102437655134,2429.046689748764
1775076061.9350042,job_done,baseline:local_var_topk,226,246,0,91.869918699187,218.82220934977573,2472.690965652466
1775076067.6442368,job_done,baseline:local_var_topk,227,246,0,92.27642276422765,207.44320803381797,2478.4004328250885
1775076068.2052608,job_done,baseline:local_var_topk,228,246,0,92.6829268292683,195.70748310967494,2478.9614527225494
1775076068.2737346,job_done,baseline:local_var_topk,229,246,0,93.08943089430895,184.0327927576923,2479.0299730300903
1775076097.0846875,job_done,baseline:local_var_topk,230,246,0,93.4959349593496,174.45848725360375,2507.8407542705536
1775076110.2085376,job_done,baseline:local_var_topk,231,246,0,93.90243902439025,163.69896761782758,2520.9641013145447
1775076111.1240277,job_done,baseline:local_var_topk,232,246,0,94.3089430894309,152.18242496457592,2521.8801851272583
1775076111.3520987,job_done,baseline:local_var_topk,233,246,0,94.71544715447155,140.71848556719112,2522.1082413196564
1775076132.5864298,job_done,baseline:local_var_topk,234,246,0,95.1219512195122,130.4278268691821,2543.342623949051
1775076152.5015066,job_done,baseline:local_var_topk,235,246,0,95.52845528455285,119.98227545149783,2563.2577028274536
1775076153.358462,job_done,baseline:local_var_topk,236,246,0,95.9349593495935,108.64892296871896,2564.1145820617676
1775076153.7717457,job_done,baseline:local_var_topk,237,246,0,96.34146341463415,97.38713607607008,2564.5279166698456
1775076169.0205557,job_done,baseline:local_var_topk,238,246,0,96.7479674796748,86.71518142283463,2579.7766473293304
1775076194.7077374,job_done,baseline:local_var_topk,239,246,0,97.15447154471545,76.31066013779102,2605.463967561722
1775076195.9233837,job_done,baseline:local_var_topk,240,246,0,97.5609756097561,65.16697698831558,2606.6790795326233
1775076196.4843926,job_done,baseline:local_var_topk,241,246,0,97.96747967479675,54.09212745571532,2607.2405433654785
1775076205.122965,job_done,baseline:local_var_topk,242,246,0,98.3739837398374,43.23767059105487,2615.8790707588196
1775076237.9956977,job_done,baseline:local_var_topk,243,246,0,98.78048780487805,32.7006374788873,2648.751635789871
1775076238.5627367,job_done,baseline:local_var_topk,244,246,0,99.1869918699187,21.715728937602435,2649.318930387497
1775076238.6311185,job_done,baseline:local_var_topk,245,246,0,99.59349593495935,10.813826163934202,2649.3874101638794
1775076242.8250852,job_done,baseline:local_var_topk,246,246,0,100.0,,2653.5812747478485
1775076242.8414614,group_end,baseline:local_var_topk,246,246,0,100.0,,2653.597681045532
1775076242.8416567,phase_end,,246,246,0,100.0,,2653.5979928970337
1775076242.8418767,lock_released,,246,246,0,100.0,,2653.598211288452
1775076242.8505912,method_done,,246,246,0,100.0,,2653.606926679611
1775076242.8507736,method_start,,246,246,0,100.0,,2653.607112646103
1775076242.851029,lock_wait,,246,246,0,100.0,,2653.6073615550995
1775076242.8512363,lock_acquired,,246,246,0,100.0,,2653.6075744628906
1775076242.85144,lock_released,,246,246,0,100.0,,2653.6077728271484
1775076242.852579,lock_wait,,246,246,0,100.0,,2653.608901500702
1775076242.8527873,lock_acquired,,246,246,0,100.0,,2653.6091237068176
1775076242.8529747,plan_add,,246,286,0,86.01398601398601,431.481188603533,2653.609309911728
1775076242.8531604,phase_start,cagrad:coord:train.lr,246,286,0,86.01398601398601,431.48121919089215,2653.609498023987
1775076250.5099099,group_slots,cagrad:coord:train.lr,246,286,0,86.01398601398601,432.7261898769596,2661.2660677433014
1775076250.5101736,group_start,cagrad:coord:train.lr,246,286,0,86.01398601398601,432.7262545407303,2661.2664654254913
1775076344.9826198,job_done,cagrad:coord:train.lr,247,286,0,86.36363636363636,435.11663893649455,2755.7387132644653
1775076346.4078012,job_done,cagrad:coord:train.lr,248,286,0,86.7132867132867,422.4686702278353,2757.163953065872
1775076346.9649124,job_done,cagrad:coord:train.lr,249,286,0,87.06293706293707,409.78185698114726,2757.721145629883
1775076347.163963,job_done,cagrad:coord:train.lr,250,286,0,87.41258741258741,397.14050284194946,2757.920158624649
1775076432.0592105,job_done,cagrad:coord:train.lr,251,286,0,87.76223776223776,396.4085223617782,2842.8154032230377
1775076433.0889418,job_done,cagrad:coord:train.lr,252,286,0,88.1118881118881,383.69339206294404,2843.845141172409
1775076435.61924,job_done,cagrad:coord:train.lr,253,286,0,88.46153846153847,371.2663632475811,2846.375451564789
1775076435.7516124,job_done,cagrad:coord:train.lr,254,286,0,88.81118881118881,358.61514366330124,2846.5077028274536
1775076526.6929762,job_done,cagrad:coord:train.lr,255,286,0,89.16083916083916,357.10152443250024,2937.448023557663
1775076527.323783,job_done,cagrad:coord:train.lr,256,286,0,89.5104895104895,344.30624982342124,2938.0799984931946
1775076528.6169999,job_done,cagrad:coord:train.lr,257,286,0,89.86013986013987,331.68024440498203,2939.373200416565
1775076529.342451,job_done,cagrad:coord:train.lr,258,286,0,90.20979020979021,319.08047123472824,2940.09862780571
1775076619.3780267,job_done,cagrad:coord:train.lr,259,286,0,90.55944055944056,315.8827081352587,3030.134126186371
1775076621.8717039,job_done,cagrad:coord:train.lr,260,286,0,90.9090909090909,303.26279361248015,3032.6279361248016
1775076622.528948,job_done,cagrad:coord:train.lr,261,286,0,91.25874125874125,290.5445483909256,3033.2850852012634
1775076622.6021495,job_done,cagrad:coord:train.lr,262,286,0,91.60839160839161,277.8648916346426,3033.3584003448486
1775076703.4271793,job_done,cagrad:coord:train.lr,263,286,0,91.95804195804196,272.343030720156,3114.183351278305
1775076705.721313,job_done,cagrad:coord:train.lr,264,286,0,92.3076923076923,259.7064310312271,3116.4771723747253
1775076706.726289,job_done,cagrad:coord:train.lr,265,286,0,92.65734265734265,247.0457716887852,3117.4823570251465
1775076707.1280825,job_done,cagrad:coord:train.lr,266,286,0,93.00699300699301,234.4273611656705,3117.883903503418
1775076796.5904996,job_done,cagrad:coord:train.lr,267,286,0,93.35664335664336,228.23815052161055,3207.3466415405273
1775076797.0116901,job_done,cagrad:coord:train.lr,268,286,0,93.7062937062937,215.44709752033006,3207.767896413803
1775076798.9769673,job_done,cagrad:coord:train.lr,269,286,0,94.05594405594405,202.84559095747852,3209.733174562454
1775076799.3256445,job_done,cagrad:coord:train.lr,270,286,0,94.4055944055944,190.22707714504665,3210.0819268226624
1775076888.6389012,job_done,cagrad:coord:train.lr,271,286,0,94.75524475524476,182.62333423009218,3299.394905090332
1775076888.915886,job_done,cagrad:coord:train.lr,272,286,0,95.1048951048951,169.83605532260503,3299.6719319820404
1775076889.2633035,job_done,cagrad:coord:train.lr,273,286,0,95.45454545454545,157.14378411429269,3300.0194664001465
1775076890.0706608,job_done,cagrad:coord:train.lr,274,286,0,95.8041958041958,144.5617579508872,3300.8268065452576
1775076984.0860167,job_done,cagrad:coord:train.lr,275,286,0,96.15384615384616,135.79368752479553,3394.8421881198883
1775076984.886175,job_done,cagrad:coord:train.lr,276,286,0,96.5034965034965,123.03052123042121,3395.6423859596252
1775076985.531017,job_done,cagrad:coord:train.lr,277,286,0,96.85314685314685,110.34868336154236,3396.2872545719147
1775076985.9046557,job_done,cagrad:coord:train.lr,278,286,0,97.2027972027972,97.74563292633717,3396.660744190216
1775077079.9648051,job_done,cagrad:coord:train.lr,279,286,0,97.55244755244755,87.58080864807184,3490.7208018302917
1775077082.178355,job_done,cagrad:coord:train.lr,280,286,0,97.9020979020979,74.84859553405217,3492.934458255768
1775077084.1287348,job_done,cagrad:coord:train.lr,281,286,0,98.25174825174825,62.186564898575746,3494.8849472999573
1775077084.1884286,job_done,cagrad:coord:train.lr,282,286,0,98.6013986013986,49.57368220674231,3494.9445955753326
1775077177.3794136,job_done,cagrad:coord:train.lr,283,286,0,98.95104895104895,38.036772685842884,3588.1355566978455
1775077180.0176053,job_done,cagrad:coord:train.lr,284,286,0,99.3006993006993,25.28713820685803,3590.7736253738403
1775077181.8444273,job_done,cagrad:coord:train.lr,285,286,0,99.65034965034965,12.6056159253706,3592.6005387306213
1775077181.9441745,job_done,cagrad:coord:train.lr,286,286,0,100.0,,3592.7003705501556
1775077181.9616113,group_end,cagrad:coord:train.lr,286,286,0,100.0,,3592.7176887989044
1775077181.961987,phase_end,,286,286,0,100.0,,3592.7182075977325
1775077181.9624605,lock_released,,286,286,0,100.0,,3592.7186646461487
1775077181.9655983,lock_wait,,286,286,0,100.0,,3592.7217857837677
1775077181.9660265,lock_acquired,,286,286,0,100.0,,3592.722249984741
1775077181.9664056,plan_add,,286,324,0,88.27160493827161,477.3547524722306,3592.7226107120514
1775077181.9667785,phase_start,cagrad:coord:train.weight_decay,286,324,0,88.27160493827161,477.3548036321893,3592.7229957580566
1775077189.9789798,group_slots,cagrad:coord:train.weight_decay,286,324,0,88.27160493827161,478.41935909211224,3600.7351763248444
1775077189.9791925,group_start,cagrad:coord:train.weight_decay,286,324,0,88.27160493827161,478.4194047717781,3600.7355201244354
1775077291.9357362,job_done,cagrad:coord:train.weight_decay,287,324,0,88.58024691358025,477.35051656433933,3702.691844701767
1775077292.0871246,job_done,cagrad:coord:train.weight_decay,288,324,0,88.88888888888889,462.8554274737835,3702.843419790268
1775077292.1499472,job_done,cagrad:coord:train.weight_decay,289,324,0,89.19753086419753,448.44883815639986,3702.90612077713
1775077292.450243,job_done,cagrad:coord:train.weight_decay,290,324,0,89.50617283950618,434.1690407325481,3703.2065238952637
1775077384.563754,job_done,cagrad:coord:train.weight_decay,291,324,0,89.81481481481481,430.3971059322357,3795.319934129715
1775077386.081304,job_done,cagrad:coord:train.weight_decay,292,324,0,90.12345679012346,416.09177853309944,3796.8374791145325
1775077386.1732006,job_done,cagrad:coord:train.weight_decay,293,324,0,90.4320987654321,401.7229082454187,3796.929423093796
1775077386.3068068,job_done,cagrad:coord:train.weight_decay,294,324,0,90.74074074074075,387.45539331922726,3797.062854528427
1775077485.0988014,job_done,cagrad:coord:train.weight_decay,295,324,0,91.04938271604938,382.98235790285014,3895.855020046234
1775077487.1849694,job_done,cagrad:coord:train.weight_decay,296,324,0,91.35802469135803,368.72416553948375,3897.941178560257
1775077489.969456,job_done,cagrad:coord:train.weight_decay,297,324,0,91.66666666666667,354.6114195476879,3900.7256150245667
1775077490.3126664,job_done,cagrad:coord:train.weight_decay,298,324,0,91.9753086419753,340.36170199253417,3901.068738222122
1775077581.5422235,job_done,cagrad:coord:train.weight_decay,299,324,0,92.28395061728395,333.8042022193156,3992.2982585430145
1775077584.1678295,job_done,cagrad:coord:train.weight_decay,300,324,0,92.5925925925926,319.59391870498655,3994.923983812332
1775077586.9715931,job_done,cagrad:coord:train.weight_decay,301,324,0,92.90123456790124,305.474216374844,3997.727788209915
1775077587.703767,job_done,cagrad:coord:train.weight_decay,302,324,0,93.20987654320987,291.2781633446548,3998.4547877311707
1775077677.7549942,job_done,cagrad:coord:train.weight_decay,303,324,0,93.51851851851852,283.36216177798735,4088.511191368103
1775077680.1345036,job_done,cagrad:coord:train.weight_decay,304,324,0,93.82716049382717,269.1375403341494,4090.890613079071
1775077684.9504282,job_done,cagrad:coord:train.weight_decay,305,324,0,94.1358024691358,255.14237657531362,4095.706571340561
1775077685.3542182,job_done,cagrad:coord:train.weight_decay,306,324,0,94.44444444444444,240.94767137134775,4096.110413312912
1775077774.7257261,job_done,cagrad:coord:train.weight_decay,307,324,0,94.75308641975309,231.76935782028718,4185.481932401657
1775077775.62384,job_done,cagrad:coord:train.weight_decay,308,324,0,95.06172839506173,217.47428157112816,4186.379920244217
1775077783.6358917,job_done,cagrad:coord:train.weight_decay,309,324,0,95.37037037037037,203.61126720326618,4194.392104387283
1775077783.7076683,job_done,cagrad:coord:train.weight_decay,310,324,0,95.67901234567901,189.42737671175308,4194.463341474533
1775077873.853974,job_done,cagrad:coord:train.weight_decay,311,324,0,95.98765432098766,179.0994588730803,4284.6101315021515
1775077875.706926,job_done,cagrad:coord:train.weight_decay,312,324,0,96.29629629629629,164.8639667400947,4286.463135242462
1775077882.5065205,job_done,cagrad:coord:train.weight_decay,313,324,0,96.60493827160494,150.88143708759222,4293.262709856033
1775077883.1673348,job_done,cagrad:coord:train.weight_decay,314,324,0,96.91358024691358,136.74915726777095,4293.923538208008
1775077968.2938294,job_done,cagrad:coord:train.weight_decay,315,324,0,97.22222222222223,125.1157113960811,4379.049898862839
1775077968.7598538,job_done,cagrad:coord:train.weight_decay,316,324,0,97.53086419753086,110.87382256833813,4379.515991449356
1775077977.4252462,job_done,cagrad:coord:train.weight_decay,317,324,0,97.8395061728395,96.89990322747816,4388.18133187294
1775077977.6730988,job_done,cagrad:coord:train.weight_decay,318,324,0,98.14814814814815,82.800550825191,4388.429193735123
1775078066.096066,job_done,cagrad:coord:train.weight_decay,319,324,0,98.45679012345678,70.17009839368839,4476.852277517319
1775078066.203989,job_done,cagrad:coord:train.weight_decay,320,324,0,98.76543209876543,55.96200136244297,4476.960108995438
1775078074.3711255,job_done,cagrad:coord:train.weight_decay,321,324,0,99.07407407407408,41.917077387604756,4485.127280473709
1775078074.4434502,job_done,cagrad:coord:train.weight_decay,322,324,0,99.38271604938272,27.85838287217276,4485.199642419815
1775078136.6861331,job_done,cagrad:coord:train.weight_decay,323,324,0,99.69135802469135,14.078768847527519,4547.442337751389
1775078137.0082133,job_done,cagrad:coord:train.weight_decay,324,324,0,100.0,,4547.764367580414
1775078137.0260367,group_end,cagrad:coord:train.weight_decay,324,324,0,100.0,,4547.782116889954
1775078137.0264173,phase_end,,324,324,0,100.0,,4547.782625436783
1775078137.0268388,lock_released,,324,324,0,100.0,,4547.783052921295
1775078137.0300183,lock_wait,,324,324,0,100.0,,4547.78621339798
1775078137.0305002,lock_acquired,,324,324,0,100.0,,4547.78667140007
1775078137.030877,plan_add,,324,362,0,89.50276243093923,533.3824365727695,4547.787090778351
1775078137.0312533,phase_start,cagrad:coord:train.grad_clip,324,362,0,89.50276243093923,533.3824819561876,4547.787477731705
1775078145.1921096,group_slots,cagrad:coord:train.grad_clip,324,362,0,89.50276243093923,534.3396005704079,4555.948173284531
1775078145.1924992,group_start,cagrad:coord:train.grad_clip,324,362,0,89.50276243093923,534.3396622560642,4555.948699235916
1775078241.8825636,job_done,cagrad:coord:train.grad_clip,325,362,0,89.77900552486187,529.6850050001879,4652.638557434082
1775078242.4872768,job_done,cagrad:coord:train.grad_clip,326,362,0,90.05524861878453,513.8551015561344,4653.243419647217
1775078245.1782005,job_done,cagrad:coord:train.grad_clip,327,362,0,90.33149171270718,498.3415850003561,4655.934237003326
1775078245.3056762,job_done,cagrad:coord:train.grad_clip,328,362,0,90.60773480662984,482.64056081742774,4656.06188082695
1775078337.7244592,job_done,cagrad:coord:train.grad_clip,329,362,0,90.88397790055248,476.2913685004399,4748.480613231659
1775078338.1703606,job_done,cagrad:coord:train.grad_clip,330,362,0,91.16022099447514,460.50196200284086,4748.926483154297
1775078341.098276,job_done,cagrad:coord:train.grad_clip,331,362,0,91.43646408839778,445.03772160293835,4751.854382276535
1775078342.0256627,job_done,cagrad:coord:train.grad_clip,332,362,0,91.71270718232044,429.4682301167982,4752.7817466259
1775078435.5307572,job_done,cagrad:coord:train.grad_clip,333,362,0,91.98895027624309,422.04897955946024,4846.286558389664
1775078435.9111633,job_done,cagrad:coord:train.grad_clip,334,362,0,92.26519337016575,406.3074371629133,4846.667286157608
1775078437.5185995,job_done,cagrad:coord:train.grad_clip,335,362,0,92.54143646408839,390.7564276339403,4848.274194717407
1775078440.2703335,job_done,cagrad:coord:train.grad_clip,336,362,0,92.81767955801105,375.3770416648615,4851.026384592056
1775078538.3388782,job_done,cagrad:coord:train.grad_clip,337,362,0,93.0939226519337,367.14354760569,4949.095021724701
1775078538.6895795,job_done,cagrad:coord:train.grad_clip,338,362,0,93.37016574585635,351.43991109182144,4949.445414543152
1775078540.4561648,job_done,cagrad:coord:train.grad_clip,339,362,0,93.646408839779,335.9229146231592,4951.211654663086
1775078540.640015,job_done,cagrad:coord:train.grad_clip,340,362,0,93.92265193370166,320.3844589163275,4951.396183252335
1775078636.034459,job_done,cagrad:coord:train.grad_clip,341,362,0,94.1988950276243,310.79941057599535,5046.790428876877
1775078636.4534953,job_done,cagrad:coord:train.grad_clip,342,362,0,94.47513812154696,295.15845941521275,5047.209656000137
1775078636.9106057,job_done,cagrad:coord:train.grad_clip,343,362,0,94.7513812154696,279.6083615688124,5047.666737794876
1775078637.5056748,job_done,cagrad:coord:train.grad_clip,344,362,0,95.02762430939227,264.15323823967645,5048.261886358261
1775078735.4346678,job_done,cagrad:coord:train.grad_clip,345,362,0,95.30386740331491,253.580414208813,5146.190758943558
1775078737.3613107,job_done,cagrad:coord:train.grad_clip,346,362,0,95.58011049723757,238.0632373280608,5148.117507219315
1775078737.6429696,job_done,cagrad:coord:train.grad_clip,347,362,0,95.85635359116021,222.55327400281726,5148.399071931839
1775078737.7031746,job_done,cagrad:coord:train.grad_clip,348,362,0,96.13259668508287,207.12192764775506,5148.459344387054
1775078828.145089,job_done,cagrad:coord:train.grad_clip,349,362,0,96.40883977900552,195.14531947411916,5238.901268959045
1775078832.4592204,job_done,cagrad:coord:train.grad_clip,350,362,0,96.68508287292818,179.7669100325448,5243.2015426158905
1775078833.7596505,job_done,cagrad:coord:train.grad_clip,351,362,0,96.96132596685082,164.35804450613819,5244.515783786774
1775078834.27065,job_done,cagrad:coord:train.grad_clip,352,362,0,97.23756906077348,149.0064446424896,5245.026851415634
1775078928.0706935,job_done,cagrad:coord:train.grad_clip,353,362,0,97.51381215469613,136.11739828228613,5338.826843738556
1775078932.683555,job_done,cagrad:coord:train.grad_clip,354,362,0,97.79005524861878,120.75570110816741,5343.4397740364075
1775078933.5961483,job_done,cagrad:coord:train.grad_clip,355,362,0,98.06629834254143,105.38159571365571,5344.352354049683
1775078934.3257632,job_done,cagrad:coord:train.grad_clip,356,362,0,98.34254143646409,90.08565056859779,5345.081933736801
1775079025.6457632,job_done,cagrad:coord:train.grad_clip,357,362,0,98.61878453038673,76.14008214293408,5436.401865005493
1775079030.3685534,job_done,cagrad:coord:train.grad_clip,358,362,0,98.89502762430939,60.79469002558532,5441.1247572898865
1775079030.902022,job_done,cagrad:coord:train.grad_clip,359,362,0,99.17127071823204,45.47346307507465,5441.6577479839325
1775079031.3782868,job_done,cagrad:coord:train.grad_clip,360,362,0,99.4475138121547,30.23407864967982,5442.134156942368
1775079094.0559244,job_done,cagrad:coord:train.grad_clip,361,362,0,99.72375690607734,15.248787022033225,5504.812114953995
1775079098.2843359,job_done,cagrad:coord:train.grad_clip,362,362,0,100.0,,5509.02677822113
1775079098.302023,group_end,cagrad:coord:train.grad_clip,362,362,0,100.0,,5509.058088064194
1775079098.302418,phase_end,,362,362,0,100.0,,5509.058610916138
1775079098.302871,lock_released,,362,362,0,100.0,,5509.0590670108795
1775079098.3060074,lock_wait,,362,362,0,100.0,,5509.062195301056
1775079098.3064573,lock_acquired,,362,362,0,100.0,,5509.062656402588
1775079098.306837,plan_add,,362,400,0,90.5,578.2994355404575,5509.063043832779
1775079098.307211,phase_start,cagrad:coord:method.baseline_cagrad.c,362,400,0,90.5,578.2994760847882,5509.063430070877
1775079106.475232,group_slots,cagrad:coord:method.baseline_cagrad.c,362,400,0,90.5,579.1568597390507,5517.231137514114
1775079106.475619,group_start,cagrad:coord:method.baseline_cagrad.c,362,400,0,90.5,579.1569329440923,5517.231834888458
1775079201.9743524,job_done,cagrad:coord:method.baseline_cagrad.c,363,400,0,90.75,572.0964142291014,5612.729685544968
1775079203.5537996,job_done,cagrad:coord:method.baseline_cagrad.c,364,400,0,91.0,555.2614304521582,5614.310019016266
1775079204.176496,job_done,cagrad:coord:method.baseline_cagrad.c,365,400,0,91.25,538.418203415936,5614.93269276619
1775079204.2349527,job_done,cagrad:coord:method.baseline_cagrad.c,366,400,0,91.5,521.611181644794,5614.990955352783
1775079291.3762808,job_done,cagrad:coord:method.baseline_cagrad.c,367,400,0,91.75,512.7258032674036,5702.13241815567
1775079295.316836,job_done,cagrad:coord:method.baseline_cagrad.c,368,400,0,92.0,496.18025926921683,5706.072981595993
1775079299.1055262,job_done,cagrad:coord:method.baseline_cagrad.c,369,400,0,92.25,479.6902695916856,5709.861596107483
1775079299.4202883,job_done,cagrad:coord:method.baseline_cagrad.c,370,400,0,92.5,462.9872248881572,5710.1757736206055
1775079381.1770859,job_done,cagrad:coord:method.baseline_cagrad.c,371,400,0,92.75,452.7387105506064,5791.93315911293
1775079384.1006165,job_done,cagrad:coord:method.baseline_cagrad.c,372,400,0,93.0,436.1720120599193,5794.8567316532135
1775079389.2907505,job_done,cagrad:coord:method.baseline_cagrad.c,373,400,0,93.25,419.84252146741346,5800.04668545723
1775079389.3527372,job_done,cagrad:coord:method.baseline_cagrad.c,374,400,0,93.5,403.21611993070593,5800.108802080154
1775079477.512608,job_done,cagrad:coord:method.baseline_cagrad.c,375,400,0,93.75,392.5512499332428,5888.268748998642
1775079478.3594356,job_done,cagrad:coord:method.baseline_cagrad.c,376,400,0,94.0,375.90098974045287,5889.115505933762
1775079484.2798367,job_done,cagrad:coord:method.baseline_cagrad.c,377,400,0,94.25,359.6441096506954,5895.036058187485
1775079484.7741013,job_done,cagrad:coord:method.baseline_cagrad.c,378,400,0,94.5,343.12609413187334,5895.530162811279
1775079571.7760098,job_done,cagrad:coord:method.baseline_cagrad.c,379,400,0,94.75,331.4859520621539,5982.532182455063
1775079572.9657993,job_done,cagrad:coord:method.baseline_cagrad.c,380,400,0,95.0,314.9327366854015,5983.721997022629
1775079578.830802,job_done,cagrad:coord:method.baseline_cagrad.c,381,400,0,95.25,298.69330251873953,5989.586750507355
1775079580.1815228,job_done,cagrad:coord:method.baseline_cagrad.c,382,400,0,95.5,282.29549503326416,5990.937727928162
1775079670.062246,job_done,cagrad:coord:method.baseline_cagrad.c,383,400,0,95.75,269.9057787902673,6080.818428039551
1775079670.134248,job_done,cagrad:coord:method.baseline_cagrad.c,384,400,0,96.0,253.37043341000873,6080.89040184021
1775079678.3170567,job_done,cagrad:coord:method.baseline_cagrad.c,385,400,0,96.25,237.23660703448508,6089.072913885117
1775079678.9930003,job_done,cagrad:coord:method.baseline_cagrad.c,386,400,0,96.5,220.87173295762253,6089.749208688736
1775079770.4502907,job_done,cagrad:coord:method.baseline_cagrad.c,387,400,0,96.75,207.63742616872761,6181.206455945969
1775079770.7557209,job_done,cagrad:coord:method.baseline_cagrad.c,388,400,0,97.0,191.1807811850125,6181.511924982071
1775079777.7290423,job_done,cagrad:coord:method.baseline_cagrad.c,389,400,0,97.25,174.99572598045464,6188.485218763351
1775079777.9174087,job_done,cagrad:coord:method.baseline_cagrad.c,390,400,0,97.5,158.68393876613715,6188.673611879349
1775079866.7046688,job_done,cagrad:coord:method.baseline_cagrad.c,391,400,0,97.75,144.49397922659773,6277.460653066635
1775079867.7210033,job_done,cagrad:coord:method.baseline_cagrad.c,392,400,0,98.0,128.132186772872,6278.4771518707275
1775079874.3211625,job_done,cagrad:coord:method.baseline_cagrad.c,393,400,0,98.25,111.94794230910051,6285.077332496643
1775079874.9116037,job_done,cagrad:coord:method.baseline_cagrad.c,394,400,0,98.5,95.72081934013947,6285.667136669159
1775079963.4498994,job_done,cagrad:coord:method.baseline_cagrad.c,395,400,0,98.75,80.68614958207819,6374.205816984177
1775079963.5196564,job_done,cagrad:coord:method.baseline_cagrad.c,396,400,0,99.0,64.38662305263557,6374.275682210922
1775079969.4063065,job_done,cagrad:coord:method.baseline_cagrad.c,397,400,0,99.25,48.21281477065771,6380.162487983704
1775079970.1860454,job_done,cagrad:coord:method.baseline_cagrad.c,398,400,0,99.5,32.065035631908245,6380.942090749741
1775080032.414976,job_done,cagrad:coord:method.baseline_cagrad.c,399,400,0,99.75,16.148298505553626,6443.171103715897
1775080032.6686294,job_done,cagrad:coord:method.baseline_cagrad.c,400,400,0,100.0,,6443.4247851371765
1775080032.6810145,group_end,cagrad:coord:method.baseline_cagrad.c,400,400,0,100.0,,6443.437322854996
1775080032.681199,phase_end,,400,400,0,100.0,,6443.437534332275
1775080032.6814423,lock_released,,400,400,0,100.0,,6443.437752723694
1775080032.6837976,lock_wait,,400,400,0,100.0,,6443.440025806427
1775080032.6841629,lock_acquired,,400,400,0,100.0,,6443.440434455872
1775080032.6844578,plan_add,,400,438,0,91.32420091324201,612.1268677735329,6443.440713405609
1775080032.6847355,phase_start,cagrad:coord:method.baseline_cagrad.inner_lr,400,438,0,91.32420091324201,612.1268967425824,6443.441018342972
1775080040.492205,group_slots,cagrad:coord:method.baseline_cagrad.inner_lr,400,438,0,91.32420091324201,612.8685953474045,6451.248372077942
1775080040.4924839,group_start,cagrad:coord:method.baseline_cagrad.inner_lr,400,438,0,91.32420091324201,612.868632606268,6451.2487642765045
1775080140.2661686,job_done,cagrad:coord:method.baseline_cagrad.inner_lr,401,438,0,91.55251141552512,604.458379860828,6551.021900653839
1775080140.6368594,job_done,cagrad:coord:method.baseline_cagrad.inner_lr,402,438,0,91.78082191780823,586.6919238247089,6551.3931493759155
1775080140.6998987,job_done,cagrad:coord:method.baseline_cagrad.inner_lr,403,438,0,92.00913242009132,568.9850205109078,6551.45609331131
1775080140.7653303,job_done,cagrad:coord:method.baseline_cagrad.inner_lr,404,438,0,92.23744292237443,551.3656711023633,6551.521503686905
1775080239.0442185,job_done,cagrad:coord:method.baseline_cagrad.inner_lr,405,438,0,92.46575342465754,541.8355822439547,6649.800327539444
1775080240.2765918,job_done,cagrad:coord:method.baseline_cagrad.inner_lr,406,438,0,92.69406392694064,524.2193231817537,6651.0326628685
1775080240.3313613,job_done,cagrad:coord:method.baseline_cagrad.inner_lr,407,438,0,92.92237442922375,506.5938855441841,6651.087465047836
1775080240.5781562,job_done,cagrad:coord:method.baseline_cagrad.inner_lr,408,438,0,93.15068493150685,489.0686989181182,6651.3343052864075
1775080334.1986558,job_done,cagrad:coord:method.baseline_cagrad.inner_lr,409,438,0,93.37899543378995,478.24861768580297,6744.954642534256
1775080337.7673538,job_done,cagrad:coord:method.baseline_cagrad.inner_lr,410,438,0,93.60730593607306,460.87475120032707,6748.523142576218
1775080338.0195458,job_done,cagrad:coord:method.baseline_cagrad.inner_lr,411,438,0,93.83561643835617,443.3502291780319,6748.775710821152
1775080338.5824645,job_done,cagrad:coord:method.baseline_cagrad.inner_lr,412,438,0,94.06392694063926,425.9291356535791,6749.338611125946
1775080427.9022317,job_done,cagrad:coord:method.baseline_cagrad.inner_lr,413,438,0,94.29223744292237,413.9623517851564,6838.658051490784
1775080436.381945,job_done,cagrad:coord:method.baseline_cagrad.inner_lr,414,438,0,94.52054794520548,396.9355396187824,6847.138058423996
1775080437.8780353,job_done,cagrad:coord:method.baseline_cagrad.inner_lr,415,438,0,94.74885844748859,379.5628425276423,6848.633897781372
1775080437.9721463,job_done,cagrad:coord:method.baseline_cagrad.inner_lr,416,438,0,94.9771689497717,362.1923336042808,6848.727762699127
1775080524.6715274,job_done,cagrad:coord:method.baseline_cagrad.inner_lr,417,438,0,95.20547945205479,349.2661389052439,6935.427615404129
1775080535.9450905,job_done,cagrad:coord:method.baseline_cagrad.inner_lr,418,438,0,95.4337899543379,332.3773985730404,6946.687630176544
1775080536.3389668,job_done,cagrad:coord:method.baseline_cagrad.inner_lr,419,438,0,95.662100456621,315.02339436103165,6947.094854593277
1775080538.429172,job_done,cagrad:coord:method.baseline_cagrad.inner_lr,420,438,0,95.89041095890411,297.8222308056695,6949.185385465622
1775080617.573674,job_done,cagrad:coord:method.baseline_cagrad.inner_lr,421,438,0,96.11872146118722,283.80429187126794,7028.3298163414
1775080633.9763188,job_done,cagrad:coord:method.baseline_cagrad.inner_lr,422,438,0,96.34703196347031,267.0988613779511,7044.73246884346
1775080634.502266,job_done,cagrad:coord:method.baseline_cagrad.inner_lr,423,438,0,96.57534246575342,249.8318599640055,7045.258450984955
1775080634.6944094,job_done,cagrad:coord:method.baseline_cagrad.inner_lr,424,438,0,96.80365296803653,232.6328027405829,7045.450597286224
1775080713.2091877,job_done,cagrad:coord:method.baseline_cagrad.inner_lr,425,438,0,97.03196347031964,217.90952926186955,7123.965379714966
1775080729.559743,job_done,cagrad:coord:method.baseline_cagrad.inner_lr,426,438,0,97.26027397260275,201.13566099757878,7140.315965414047
1775080729.791751,job_done,cagrad:coord:method.baseline_cagrad.inner_lr,427,438,0,97.48858447488584,183.94854429845788,7140.54803776741
1775080730.1023834,job_done,cagrad:coord:method.baseline_cagrad.inner_lr,428,438,0,97.71689497716895,166.84249059062137,7140.858597278595
1775080811.3090947,job_done,cagrad:coord:method.baseline_cagrad.inner_lr,429,438,0,97.94520547945206,151.51185914519783,7222.065285921097
1775080827.7212079,job_done,cagrad:coord:method.baseline_cagrad.inner_lr,430,438,0,98.17351598173516,134.66934707996458,7238.477405548096
1775080828.3354158,job_done,cagrad:coord:method.baseline_cagrad.inner_lr,431,438,0,98.40182648401826,117.57225200416318,7239.091516256332
1775080828.5745058,job_done,cagrad:coord:method.baseline_cagrad.inner_lr,432,438,0,98.63013698630137,100.54625193609132,7239.330139398575
1775080907.4519117,job_done,cagrad:coord:method.baseline_cagrad.inner_lr,433,438,0,98.85844748858447,84.50586716242255,7318.208096265793
1775080925.7396994,job_done,cagrad:coord:method.baseline_cagrad.inner_lr,434,438,0,99.08675799086758,67.61734767773184,7336.482223033905
1775080927.1255398,job_done,cagrad:coord:method.baseline_cagrad.inner_lr,435,438,0,99.31506849315069,50.60608085270586,7337.881723642349
1775080928.4792202,job_done,cagrad:coord:method.baseline_cagrad.inner_lr,436,438,0,99.54337899543378,33.666216248766,7339.235142230988
1775080983.9200332,job_done,cagrad:coord:method.baseline_cagrad.inner_lr,437,438,0,99.77168949771689,16.921453389204885,7394.675131082535
1775080995.2700918,job_done,cagrad:coord:method.baseline_cagrad.inner_lr,438,438,0,100.0,,7406.026187181473
1775080995.2881505,group_end,cagrad:coord:method.baseline_cagrad.inner_lr,438,438,0,100.0,,7406.044241428375
1775080995.2885299,phase_end,,438,438,0,100.0,,7406.0447318553925
1775080995.28945,lock_released,,438,438,0,100.0,,7406.045174121857
1775080995.293804,lock_wait,,438,438,0,100.0,,7406.04999423027
1775080995.294247,lock_acquired,,438,438,0,100.0,,7406.0504591465
1775080995.2946532,plan_add,,438,490,0,89.38775510204081,879.2571812176814,7406.050872564316
1775080995.2950165,phase_start,cagrad:local_var_topk,438,490,0,89.38775510204081,879.2572250910546,7406.051242113113
1775081003.1670144,group_slots,cagrad:local_var_topk,438,490,0,89.38775510204081,880.1917486038383,7413.922805547714
1775081003.1673136,group_start,cagrad:local_var_topk,438,490,0,89.38775510204081,880.1918439647378,7413.923608779907
1775081105.5610116,job_done,cagrad:local_var_topk,439,490,0,89.59183673469387,873.1940094414496,7516.317061662674
1775081107.0428069,job_done,cagrad:local_var_topk,440,490,0,89.79591836734694,854.2953434857454,7517.799022674561
1775081107.1931605,job_done,cagrad:local_var_topk,441,490,0,90.0,835.327698469162,7517.949286222458
1775081107.6649253,job_done,cagrad:local_var_topk,442,490,0,90.20408163265306,816.4801229934347,7518.421132564545
1775081195.6440866,job_done,cagrad:local_var_topk,443,490,0,90.40816326530613,806.9995715359802,7606.400216817856
1775081200.3971236,job_done,cagrad:local_var_topk,444,490,0,90.61224489795919,788.5428973361179,7611.153182983398
1775081200.7520194,job_done,cagrad:local_var_topk,445,490,0,90.81632653061224,769.7030754089355,7611.508190155029
1775081200.8776484,job_done,cagrad:local_var_topk,446,490,0,91.0204081632653,750.9235223248401,7611.633885383606
1775081290.5718186,job_done,cagrad:local_var_topk,447,490,0,91.22448979591837,740.8436369234549,7701.328039646149
1775081297.236527,job_done,cagrad:local_var_topk,448,490,0,91.42857142857143,722.6243141368032,7707.9926841259
1775081299.0625114,job_done,cagrad:local_var_topk,449,490,0,91.63265306122449,704.0144854696397,7709.817170143127
1775081299.2915473,job_done,cagrad:local_var_topk,450,490,0,91.83673469387755,685.337578370836,7710.0477566719055
1775081389.888451,job_done,cagrad:local_var_topk,451,490,0,92.04081632653062,674.5568485159567,7800.64458155632
1775081398.1540139,job_done,cagrad:local_var_topk,452,490,0,92.24489795918367,656.5013028362156,7808.910233736038
1775081399.5499325,job_done,cagrad:local_var_topk,453,490,0,92.44897959183673,637.927840739686,7810.305725812912
1775081400.2127612,job_done,cagrad:local_var_topk,454,490,0,92.65306122448979,619.3719824631308,7810.968889951706
1775081489.0434282,job_done,cagrad:local_var_topk,455,490,0,92.85714285714286,607.6768584434803,7899.7991597652435
1775081494.5231013,job_done,cagrad:local_var_topk,456,490,0,93.06122448979592,589.428720374902,7905.27930855751
1775081496.1604826,job_done,cagrad:local_var_topk,457,490,0,93.26530612244898,570.9589661878882,7906.916592359543
1775081497.323052,job_done,cagrad:local_var_topk,458,490,0,93.46938775510205,552.5295469792129,7908.079141139984
1775081589.8068645,job_done,cagrad:local_var_topk,459,490,0,93.6734693877551,540.34302997693,8000.562927722931
1775081598.3089654,job_done,cagrad:local_var_topk,460,490,0,93.87755102040816,522.330337068309,8009.065168380737
1775081598.675609,job_done,cagrad:local_var_topk,461,490,0,94.08163265306122,503.8470958106688,8009.431419610977
1775081599.6055005,job_done,cagrad:local_var_topk,462,490,0,94.28571428571429,485.47643379731613,8010.361157655716
1775081685.4859612,job_done,cagrad:local_var_topk,463,490,0,94.48979591836735,472.1350734300799,8096.242185115814
1775081691.8137093,job_done,cagrad:local_var_topk,464,490,0,94.6938775510204,454.0233135243942,8102.569902896881
1775081696.5262382,job_done,cagrad:local_var_topk,465,490,0,94.89795918367346,435.8754010867047,8107.2824602127075
1775081696.7571301,job_done,cagrad:local_var_topk,466,490,0,95.10204081632654,417.5543314111079,8107.513268232346
1775081783.3089702,job_done,cagrad:local_var_topk,467,490,0,95.3061224489796,403.56209427896863,8194.065131664276
1775081789.4039454,job_done,cagrad:local_var_topk,468,490,0,95.51020408163265,385.4776128601824,8200.160128116608
1775081795.7823908,job_done,cagrad:local_var_topk,469,490,0,95.71428571428571,367.45695242952945,8206.538604259491
1775081796.17169,job_done,cagrad:local_var_topk,470,490,0,95.91836734693878,349.23097430898787,8206.927896261215
1775081872.2787313,job_done,cagrad:local_var_topk,471,490,0,96.12244897959184,334.135165594186,8283.0348944664
1775081879.0061276,job_done,cagrad:local_var_topk,472,490,0,96.3265306122449,316.13500238475154,8289.762284755707
1775081887.3856444,job_done,cagrad:local_var_topk,473,490,0,96.53061224489795,298.2418674999261,8298.141372203827
1775081887.8182242,job_done,cagrad:local_var_topk,474,490,0,96.73469387755102,280.12065258911394,8298.5743329525
1775081966.899885,job_done,cagrad:local_var_topk,475,490,0,96.93877551020408,264.5575610537278,8377.656100034714
1775081975.800708,job_done,cagrad:local_var_topk,476,490,0,97.14285714285714,246.66343732441172,8386.556869029999
1775081985.0111237,job_done,cagrad:local_var_topk,477,490,0,97.34693877551021,228.8154331408207,8395.766277551651
1775081986.2787232,job_done,cagrad:local_var_topk,478,490,0,97.55102040816327,210.80421724678584,8397.034653663635
1775082062.690867,job_done,cagrad:local_var_topk,479,490,0,97.75510204081633,194.58855288063558,8473.446984529495
1775082074.9486868,job_done,cagrad:local_var_topk,480,490,0,97.95918367346938,176.785518626372,8485.704894065857
1775082086.4959488,job_done,cagrad:local_var_topk,481,490,0,98.16326530612245,158.99224208050606,8497.252048969269
1775082086.5744987,job_done,cagrad:local_var_topk,482,490,0,98.36734693877551,141.03453389242972,8497.33066701889
1775082157.6292834,job_done,cagrad:local_var_topk,483,490,0,98.57142857142857,124.1795000580774,8568.38550400734
1775082167.3323958,job_done,cagrad:local_var_topk,484,490,0,98.77551020408163,106.33977565982124,8578.075236558914
1775082180.1233623,job_done,cagrad:local_var_topk,485,490,0,98.9795918367347,88.56576842868452,8590.879537582397
1775082181.6850405,job_done,cagrad:local_var_topk,486,490,0,99.18367346938776,70.71968122176182,8592.441268444061
1775082257.2406766,job_done,cagrad:local_var_topk,487,490,0,99.38775510204081,53.396284751089205,8667.996891260147
1775082266.3652244,job_done,cagrad:local_var_topk,488,490,0,99.59183673469387,35.561973054878045,8677.121425390244
1775082273.6884878,job_done,cagrad:local_var_topk,489,490,0,99.79591836734694,17.759600394098793,8684.44459271431
1775082275.6322534,job_done,cagrad:local_var_topk,490,490,0,100.0,,8686.388349533081
1775082275.6497595,group_end,cagrad:local_var_topk,490,490,0,100.0,,8686.405840158463
1775082275.6501174,phase_end,,490,490,0,100.0,,8686.406343698502
1775082275.651057,lock_released,,490,490,0,100.0,,8686.406758785248
1775082275.66818,method_done,,490,490,0,100.0,,8686.424404621124
1775082275.6685412,method_start,,490,490,0,100.0,,8686.424758434296
1775082275.6690242,lock_wait,,490,490,0,100.0,,8686.425243616104
1775082275.669437,lock_acquired,,490,490,0,100.0,,8686.42565369606
1775082275.6698103,lock_released,,490,490,0,100.0,,8686.426038503647
1775082275.672055,lock_wait,,490,490,0,100.0,,8686.428263902664
1775082275.672453,lock_acquired,,490,490,0,100.0,,8686.42867064476
1775082275.6728182,plan_add,,490,538,0,91.07806691449814,850.9154976046815,8686.42903804779
1775082275.6731803,phase_start,ours:coord:train.lr,490,538,0,91.07806691449814,850.9155335951824,8686.429405450821
1775082282.7420425,group_slots,ours:coord:train.lr,490,538,0,91.07806691449814,851.6079426745979,8693.49774813652
1775082282.7423847,group_start,ours:coord:train.lr,490,538,0,91.07806691449814,851.6080305371966,8693.498645067215
1775082326.3488407,job_done,ours:coord:train.lr,491,538,0,91.2639405204461,836.3419944361125,8737.104665279388
1775082331.8449824,job_done,ours:coord:train.lr,492,538,0,91.44981412639405,817.39767121881,8742.601179122925
1775082331.9014814,job_done,ours:coord:train.lr,493,538,0,91.635687732342,798.0113447292823,8742.657621145248
1775082331.9751232,job_done,ours:coord:train.lr,494,538,0,91.82156133828997,778.7048110517895,8742.73128771782
1775082366.1342056,job_done,ours:coord:train.lr,495,538,0,92.00743494423791,762.4369433976183,8776.890394926071
1775082376.7866907,job_done,ours:coord:train.lr,496,538,0,92.19330855018588,744.1064528063421,8787.542871236801
1775082377.4069946,job_done,ours:coord:train.lr,497,538,0,92.37918215613382,724.9792343965719,8788.162914514542
1775082377.6897407,job_done,ours:coord:train.lr,498,538,0,92.56505576208178,705.8992704904701,8788.445917606354
1775082405.4932477,job_done,ours:coord:train.lr,499,538,0,92.75092936802974,689.0455356905599,8816.249289989471
1775082419.529834,job_done,ours:coord:train.lr,500,538,0,92.93680297397769,671.1017299308777,8830.285920143127
1775082421.9583938,job_done,ours:coord:train.lr,501,538,0,93.12267657992565,652.3162439135972,8832.714545965195
1775082422.0171654,job_done,ours:coord:train.lr,502,538,0,93.3085501858736,633.4259778721874,8832.773358106613
1775082451.5598826,job_done,ours:coord:train.lr,503,538,0,93.49442379182156,616.6620553748508,8862.314681529999
1775082466.2761986,job_done,ours:coord:train.lr,504,538,0,93.68029739776952,598.8474011241443,8877.03206372261
1775082469.9575396,job_done,ours:coord:train.lr,505,538,0,93.86617100371747,580.3238661246725,8880.713708877563
1775082470.042692,job_done,ours:coord:train.lr,506,538,0,94.05204460966543,561.6315485083538,8880.798860788345
1775082490.859016,job_done,ours:coord:train.lr,507,538,0,94.23791821561338,544.2802153814004,8901.61513543129
1775082507.0392628,job_done,ours:coord:train.lr,508,538,0,94.42379182156134,526.6414582306944,8917.795359373093
1775082511.9661796,job_done,ours:coord:train.lr,509,538,0,94.6096654275093,508.36728855622073,8922.72240948677
1775082512.370603,job_done,ours:coord:train.lr,510,538,0,94.79553903345725,489.8971553335003,8923.126757860184
1775082530.969634,job_done,ours:coord:train.lr,511,538,0,94.9814126394052,472.45909209447365,8941.725780010223
1775082545.3880725,job_done,ours:coord:train.lr,512,538,0,95.16728624535315,454.8041951060295,8956.144149780273
1775082554.5081093,job_done,ours:coord:train.lr,513,538,0,95.35315985130111,436.90371307713247,8965.264192342758
1775082554.5834928,job_done,ours:coord:train.lr,514,538,0,95.53903345724908,418.6150783026729,8965.33959364891
1775082570.5529215,job_done,ours:coord:train.lr,515,538,0,95.72490706319702,401.10700613086664,8981.309050321579
1775082585.724018,job_done,ours:coord:train.lr,516,538,0,95.91078066914498,383.5708472959755,8996.47987294197
1775082597.541853,job_done,ours:coord:train.lr,517,538,0,96.09665427509293,365.90765788891787,9008.298053741455
1775082597.7720296,job_done,ours:coord:train.lr,518,538,0,96.28252788104089,347.81961986917327,9008.528154611588
1775082610.077041,job_done,ours:coord:train.lr,519,538,0,96.46840148698885,330.24245091945454,9020.83326458931
1775082625.6500406,job_done,ours:coord:train.lr,520,538,0,96.6542750929368,312.798676267037,9036.406203269958
1775082639.7139916,job_done,ours:coord:train.lr,521,538,0,96.84014869888476,295.31284490061813,9050.470129013062
1775082640.9898782,job_done,ours:coord:train.lr,522,538,0,97.02602230483271,277.4481562545016,9051.746097803116
1775082649.6653793,job_done,ours:coord:train.lr,523,538,0,97.21189591078067,259.85912756983686,9060.42158126831
1775082664.8314445,job_done,ours:coord:train.lr,524,538,0,97.39776951672863,242.47752898522006,9075.587513446808
1775082681.6381602,job_done,ours:coord:train.lr,525,538,0,97.58364312267658,225.14500378608705,9092.3943836689
1775082682.5394564,job_done,ours:coord:train.lr,526,538,0,97.76951672862454,207.4516086759676,9093.295513629913
1775082688.8524067,job_done,ours:coord:train.lr,527,538,0,97.95539033457248,189.93490174961272,9099.608474731445
1775082705.1867216,job_done,ours:coord:train.lr,528,538,0,98.14126394052045,172.65043367039073,9115.94289779663
1775082722.5188577,job_done,ours:coord:train.lr,529,538,0,98.3271375464684,155.38653004868044,9133.274932861328
1775082723.8831706,job_done,ours:coord:train.lr,530,538,0,98.51301115241635,137.88134724958888,9134.639255285263
1775082728.872068,job_done,ours:coord:train.lr,531,538,0,98.69888475836431,120.48473825203273,9139.62800168991
1775082744.627909,job_done,ours:coord:train.lr,532,538,0,98.88475836431226,103.25621068567261,9155.384014129639
1775082764.0320153,job_done,ours:coord:train.lr,533,538,0,99.07063197026022,86.06743162389544,9174.788211107254
1775082764.9527702,job_done,ours:coord:train.lr,534,538,0,99.25650557620818,68.73190157422412,9175.70886015892
1775082769.3297052,job_done,ours:coord:train.lr,535,538,0,99.44237918215613,51.47711519259158,9180.085542678833
1775082781.7799127,job_done,ours:coord:train.lr,536,538,0,99.62825278810409,34.30050790932641,9192.536119699478
1775082795.3944063,job_done,ours:coord:train.lr,537,538,0,99.81412639405204,17.143669635445935,9206.150594234467
1775082795.5280328,job_done,ours:coord:train.lr,538,538,0,100.0,,9206.284314870834
1775082795.5457425,group_end,ours:coord:train.lr,538,538,0,100.0,,9206.301798582077
1775082795.5460975,phase_end,,538,538,0,100.0,,9206.30232167244
1775082795.5465708,lock_released,,538,538,0,100.0,,9206.302771806717
1775082795.5500777,lock_wait,,538,538,0,100.0,,9206.306271791458
1775082795.5505192,lock_acquired,,538,538,0,100.0,,9206.306728363037
1775082795.550879,plan_add,,538,586,0,91.80887372013652,821.3805594107475,9206.307103395462
1775082795.5512378,phase_start,ours:coord:train.weight_decay,538,586,0,91.80887372013652,821.3805917009545,9206.307465314865
1775082802.5076964,group_slots,ours:coord:train.weight_decay,538,586,0,91.80887372013652,822.0012356853839,9213.263849973679
1775082802.5079675,group_start,ours:coord:train.weight_decay,538,586,0,91.80887372013652,822.0012729531327,9213.26426768303
1775082846.6762989,job_done,ours:coord:train.weight_decay,539,586,0,91.97952218430034,807.2343644958702,9257.432392835617
1775082849.0792463,job_done,ours:coord:train.weight_decay,540,586,0,92.15017064846417,788.8007939312193,9259.835407018661
1775082849.3097184,job_done,ours:coord:train.weight_decay,541,586,0,92.32081911262799,770.2457851050301,9260.065994262695
1775082849.3622243,job_done,ours:coord:train.weight_decay,542,586,0,92.4914675767918,751.7439292946425,9260.118401765823
1775082887.5910037,job_done,ours:coord:train.weight_decay,543,586,0,92.66211604095564,736.3331925561635,9298.347059488297
1775082893.6274376,job_done,ours:coord:train.weight_decay,544,586,0,92.83276450511946,718.3531441337922,9304.383581161499
1775082893.9854093,job_done,ours:coord:train.weight_decay,545,586,0,93.00341296928327,699.9897356584531,9304.741608142853
1775082894.0867074,job_done,ours:coord:train.weight_decay,546,586,0,93.1740614334471,681.6734749406249,9304.84293293953
1775082927.3352363,job_done,ours:coord:train.weight_decay,547,586,0,93.34470989761093,665.7871329492364,9338.091326236725
1775082936.384221,job_done,ours:coord:train.weight_decay,548,586,0,93.51535836177474,648.1593637553445,9347.140298366547
1775082938.3966742,job_done,ours:coord:train.weight_decay,549,586,0,93.68600682593856,630.0886268072875,9349.152868032455
1775082938.7302387,job_done,ours:coord:train.weight_decay,550,586,0,93.8566552901024,611.9663794482838,9349.486352682114
1775082965.477395,job_done,ours:coord:train.weight_decay,551,586,0,94.02730375426621,595.5865229322776,9376.233546733856
1775082977.4506574,job_done,ours:coord:train.weight_decay,552,586,0,94.19795221843003,578.2591099687245,9388.206726551056
1775082982.2140646,job_done,ours:coord:train.weight_decay,553,586,0,94.36860068259385,560.5208313301287,9392.970294713974
1775082982.8329158,job_done,ours:coord:train.weight_decay,554,586,0,94.53924914675768,542.5899831310506,9393.589082956314
1775083005.8608952,job_done,ours:coord:train.weight_decay,555,586,0,94.7098976109215,525.9732077736038,9416.61710691452
1775083017.553145,job_done,ours:coord:train.weight_decay,556,586,0,94.88054607508532,508.7217247657639,9428.309298992157
1775083024.5184205,job_done,ours:coord:train.weight_decay,557,586,0,95.05119453924915,491.2440923873997,9435.274464130402
1775083024.63853,job_done,ours:coord:train.weight_decay,558,586,0,95.22184300341297,473.46065473043785,9435.394476413727
1775083044.5829606,job_done,ours:coord:train.weight_decay,559,586,0,95.39249146757679,456.6979495950163,9455.339030504227
1775083056.1668296,job_done,ours:coord:train.weight_decay,560,586,0,95.56313993174061,439.53569255386077,9466.922608852386
1775083066.958835,job_done,ours:coord:train.weight_decay,561,586,0,95.73378839590444,422.35805008713146,9477.71464395523
1775083067.1506412,job_done,ours:coord:train.weight_decay,562,586,0,95.90443686006826,404.7504652437366,9477.906727790833
1775083084.8880794,job_done,ours:coord:train.weight_decay,563,586,0,96.07508532423208,387.9215249629893,9495.644284963608
1775083096.611653,job_done,ours:coord:train.weight_decay,564,586,0,96.24573378839591,370.85476772751366,9507.367681741714
1775083109.6973834,job_done,ours:coord:train.weight_decay,565,586,0,96.41638225255973,353.8575668727402,9520.453584909439
1775083109.9362683,job_done,ours:coord:train.weight_decay,566,586,0,96.58703071672355,336.4202256337493,9520.692385435104
1775083124.652212,job_done,ours:coord:train.weight_decay,567,586,0,96.75767918088737,319.5286775997707,9535.408431529999
1775083136.2818434,job_done,ours:coord:train.weight_decay,568,586,0,96.9283276450512,302.5469811206133,9547.03807091713
1775083151.6466246,job_done,ours:coord:train.weight_decay,569,586,0,97.09897610921502,285.69568710000317,9562.402703523636
1775083151.9393258,job_done,ours:coord:train.weight_decay,570,586,0,97.26962457337883,268.42654210810076,9562.69556260109
1775083164.682182,job_done,ours:coord:train.weight_decay,571,586,0,97.44027303754267,251.54390801481526,9575.438098430634
1775083176.1753645,job_done,ours:coord:train.weight_decay,572,586,0,97.61092150170649,234.6451755628719,9586.931458711624
1775083195.4512944,job_done,ours:coord:train.weight_decay,573,586,0,97.7815699658703,217.94187984208577,9606.207473039627
1775083195.7060797,job_done,ours:coord:train.weight_decay,574,586,0,97.95221843003414,200.83196323507755,9606.46224141121
1775083204.862755,job_done,ours:coord:train.weight_decay,575,586,0,98.12286689419795,183.95096953226172,9615.618861913681
1775083215.8052583,job_done,ours:coord:train.weight_decay,576,586,0,98.29351535836177,167.12780246718063,9626.561422109604
1775083237.4050763,job_done,ours:coord:train.weight_decay,577,586,0,98.46416382252559,150.49125004641104,9648.161252975464
1775083237.6525466,job_done,ours:coord:train.weight_decay,578,586,0,98.63481228668942,133.54198930007774,9648.408726930618
1775083244.0801852,job_done,ours:coord:train.weight_decay,579,586,0,98.80546075085324,116.72513583245878,9654.836235284805
1775083255.3225808,job_done,ours:coord:train.weight_decay,580,586,0,98.97610921501706,99.99391845999092,9666.07878446579
1775083279.1669204,job_done,ours:coord:train.weight_decay,581,586,0,99.1467576791809,83.39004328246781,9689.92302942276
1775083279.5511498,job_done,ours:coord:train.weight_decay,582,586,0,99.31740614334471,66.60005059193091,9690.307361125946
1775083284.4824522,job_done,ours:coord:train.weight_decay,583,586,0,99.48805460750853,49.88973549504223,9695.238597869873
1775083295.1007082,job_done,ours:coord:train.weight_decay,584,586,0,99.65870307167235,33.239235478721255,9705.856759786606
1775083315.9055398,job_done,ours:coord:train.weight_decay,585,586,0,99.82935153583618,16.62677205688933,9726.661653280258
1775083316.2873385,job_done,ours:coord:train.weight_decay,586,586,0,100.0,,9727.043628454208
1775083316.3048341,group_end,ours:coord:train.weight_decay,586,586,0,100.0,,9727.060903072357
1775083316.305187,phase_end,,586,586,0,100.0,,9727.06141448021
1775083316.3056233,lock_released,,586,586,0,100.0,,9727.06184053421
1775083316.3092513,lock_wait,,586,586,0,100.0,,9727.065442323685
1775083316.3096957,lock_acquired,,586,586,0,100.0,,9727.065913438797
1775083316.3100574,plan_add,,586,634,0,92.42902208201893,796.7562822921284,9727.066279649734
1775083316.310427,phase_start,ours:coord:train.grad_clip,586,634,0,92.42902208201893,796.7563121717537,9727.06664443016
1775083323.1703088,group_slots,ours:coord:train.grad_clip,586,634,0,92.42902208201893,797.3182097360136,9733.926477193832
1775083323.1705425,group_start,ours:coord:train.grad_clip,586,634,0,92.42902208201893,797.3182419200806,9733.92687010765
1775083367.229053,job_done,ours:coord:train.grad_clip,587,634,0,92.58675078864353,782.9051074559278,9777.985065460205
1775083369.2985947,job_done,ours:coord:train.grad_clip,588,634,0,92.74447949526814,765.1063213096994,9780.054715871811
1775083370.122231,job_done,ours:coord:train.grad_clip,589,634,0,92.90220820189275,747.265748923015,9780.878358125687
1775083370.1852643,job_done,ours:coord:train.grad_clip,590,634,0,93.05993690851734,729.4261496349917,9780.941551923752
1775083408.4010637,job_done,ours:coord:train.grad_clip,591,634,0,93.21766561514195,714.4225971210628,9819.15709066391
1775083413.1391788,job_done,ours:coord:train.grad_clip,592,634,0,93.37539432176656,696.965549104117,9823.895358800888
1775083413.905614,job_done,ours:coord:train.grad_clip,593,634,0,93.53312302839117,679.2767815513514,9824.661742925644
1775083414.3176274,job_done,ours:coord:train.grad_clip,594,634,0,93.69085173501577,661.6211311744921,9825.073797941208
1775083447.1721034,job_done,ours:coord:train.grad_clip,595,634,0,93.84858044164038,646.1499191312229,9857.928253412247
1775083455.3479674,job_done,ours:coord:train.grad_clip,596,634,0,94.00630914826499,629.0469006419981,9866.10402059555
1775083457.7425559,job_done,ours:coord:train.grad_clip,597,634,0,94.16403785488959,611.6154886993331,9868.498560905457
1775083458.430764,job_done,ours:coord:train.grad_clip,598,634,0,94.3217665615142,594.1316422586856,9869.186724185944
1775083486.9551003,job_done,ours:coord:train.grad_clip,599,634,0,94.4794952681388,578.3303766776007,9897.711303710938
1775083496.3412223,job_done,ours:coord:train.grad_clip,600,634,0,94.6372239747634,561.402181444168,9907.097319602966
1775083501.4882233,job_done,ours:coord:train.grad_clip,601,634,0,94.79495268138801,544.2663304147228,9912.244381189346
1775083501.6147249,job_done,ours:coord:train.grad_clip,602,634,0,94.95268138801262,526.9034394299073,9912.370954275131
1775083526.4782119,job_done,ours:coord:train.grad_clip,603,634,0,95.11041009463722,510.8694319001478,9937.234433412552
1775083535.5402176,job_done,ours:coord:train.grad_clip,604,634,0,95.26813880126183,494.02132301141097,9946.295969963074
1775083544.7588832,job_done,ours:coord:train.grad_clip,605,634,0,95.42586750788644,477.2064995887851,9955.51490521431
1775083544.9922137,job_done,ours:coord:train.grad_clip,606,634,0,95.58359621451105,460.0015714333789,9955.748296022415
1775083565.4467144,job_done,ours:coord:train.grad_clip,607,634,0,95.74132492113564,443.7520123989225,9976.202649116516
1775083575.8873253,job_done,ours:coord:train.grad_clip,608,634,0,95.89905362776025,427.06041252691494,9986.643492937088
1775083587.8264089,job_done,ours:coord:train.grad_clip,609,634,0,96.05678233438486,410.45083975165545,9998.582456350327
1775083588.1347327,job_done,ours:coord:train.grad_clip,610,634,0,96.21451104100946,393.39898174160817,9998.89078593254
1775083606.220257,job_done,ours:coord:train.grad_clip,611,634,0,96.37223974763407,377.07112362380894,10016.976371049881
1775083617.551106,job_done,ours:coord:train.grad_clip,612,634,0,96.52996845425868,360.4947010294285,10028.307137727737
1775083630.8171535,job_done,ours:coord:train.grad_clip,613,634,0,96.68769716088327,344.00144798020557,10041.566076755524
1775083631.11887,job_done,ours:coord:train.grad_clip,614,634,0,96.84542586750788,327.0969038444544,10041.87494802475
1775083648.0215802,job_done,ours:coord:train.grad_clip,615,634,0,97.0031545741325,310.7589805928672,10058.777529716492
1775083658.8965704,job_done,ours:coord:train.grad_clip,616,634,0,97.1608832807571,294.2431000680118,10069.652757883072
1775083674.280777,job_done,ours:coord:train.grad_clip,617,634,0,97.3186119873817,277.86973752774526,10085.036944389343
1775083674.3395674,job_done,ours:coord:train.grad_clip,618,634,0,97.47634069400631,261.10280222105746,10085.095735788345
1775083687.7776842,job_done,ours:coord:train.grad_clip,619,634,0,97.63406940063092,244.71406804147946,10098.533874511719
1775083699.826953,job_done,ours:coord:train.grad_clip,620,634,0,97.79179810725552,228.3034894104927,10110.583102464676
1775083720.1624844,job_done,ours:coord:train.grad_clip,621,634,0,97.94952681388013,212.08041693814903,10130.918378353119
1775083720.2445042,job_done,ours:coord:train.grad_clip,622,634,0,98.10725552050474,195.4533831329591,10131.00035905838
1775083728.424104,job_done,ours:coord:train.grad_clip,623,634,0,98.26498422712933,179.02220620313005,10139.166769504547
1775083740.9679058,job_done,ours:coord:train.grad_clip,624,634,0,98.42271293375394,162.68788472582133,10151.72400689125
1775083762.918443,job_done,ours:coord:train.grad_clip,625,634,0,98.58044164037855,146.50091438598633,10173.67461013794
1775083763.6316283,job_done,ours:coord:train.grad_clip,626,634,0,98.73817034700315,130.02412405105443,10174.38770699501
1775083768.7507982,job_done,ours:coord:train.grad_clip,627,634,0,98.89589905362776,113.64680748084706,10179.506898641586
1775083781.121734,job_done,ours:coord:train.grad_clip,628,634,0,99.05362776025237,97.3746290814345,10191.877843856812
1775083804.8161838,job_done,ours:coord:train.grad_clip,629,634,0,99.21135646687698,81.20486666553539,10215.572226524353
1775083806.3226247,job_done,ours:coord:train.grad_clip,630,634,0,99.36908517350157,64.87034105573382,10217.078716278076
1775083810.1709287,job_done,ours:coord:train.grad_clip,631,634,0,99.52681388012618,48.59394770567844,10220.927000761032
1775083820.5675573,job_done,ours:coord:train.grad_clip,632,634,0,99.6845425867508,32.3775633166108,10231.310008049011
1775083836.1140919,job_done,ours:coord:train.grad_clip,633,634,0,99.84227129337539,16.187788371226233,10246.870038986206
1775083837.0300322,job_done,ours:coord:train.grad_clip,634,634,0,100.0,,10247.78615784645
1775083837.0484006,group_end,ours:coord:train.grad_clip,634,634,0,100.0,,10247.804455757141
1775083837.0487657,phase_end,,634,634,0,100.0,,10247.804986000061
1775083837.0491908,lock_released,,634,634,0,100.0,,10247.805409908295
1775083837.053123,lock_wait,,634,634,0,100.0,,10247.809321403503
1775083837.0535793,lock_acquired,,634,634,0,100.0,,10247.809782981873
1775083837.0539513,plan_add,,634,682,0,92.96187683284458,775.8594446814022,10247.810165166855
1775083837.0543108,phase_start,ours:coord:method.ours.lambda_align,634,682,0,92.96187683284458,775.8594732555305,10247.810542583466
1775083844.572305,group_slots,ours:coord:method.ours.lambda_align,634,682,0,92.96187683284458,776.4286577062276,10255.328520536423
1775083844.572538,group_start,ours:coord:method.ours.lambda_align,634,682,0,92.96187683284458,776.4286836088644,10255.328862667084
1775083889.071543,job_done,ours:coord:method.ours.lambda_align,635,682,0,93.10850439882698,762.3494424331845,10299.827573299408
1775083891.37536,job_done,ours:coord:method.ours.lambda_align,636,682,0,93.25513196480938,745.12271405316,10302.131437778473
1775083891.6934252,job_done,ours:coord:method.ours.lambda_align,637,682,0,93.4017595307918,727.802536642907,10302.449240922928
1775083891.9845743,job_done,ours:coord:method.ours.lambda_align,638,682,0,93.54838709677419,710.5338406727232,10302.740689754486
1775083929.18171,job_done,ours:coord:method.ours.lambda_align,639,682,0,93.69501466275659,695.8017593717351,10339.937772989273
1775083937.3409956,job_done,ours:coord:method.ours.lambda_align,640,682,0,93.841642228739,679.0938795268535,10348.097211837769
1775083937.4508786,job_done,ours:coord:method.ours.lambda_align,641,682,0,93.9882697947214,661.8977950534285,10348.20699095726
1775083937.5927625,job_done,ours:coord:method.ours.lambda_align,642,682,0,94.13489736070382,644.7569204639423,10348.348573446274
1775083969.983035,job_done,ours:coord:method.ours.lambda_align,643,682,0,94.28152492668622,629.6249321619423,10380.73926615715
1775083987.676128,job_done,ours:coord:method.ours.lambda_align,644,682,0,94.42815249266862,613.5720925368137,10398.43230509758
1775083989.3428025,job_done,ours:coord:method.ours.lambda_align,645,682,0,94.57478005865103,596.5948278870693,10400.099026679993
1775083989.6694968,job_done,ours:coord:method.ours.lambda_align,646,682,0,94.72140762463343,579.5901449708377,10400.4231569767
1775084010.6785774,job_done,ours:coord:method.ours.lambda_align,647,682,0,94.86803519061584,563.7561236043249,10421.434627771378
1775084030.2331612,job_done,ours:coord:method.ours.lambda_align,648,682,0,95.01466275659824,547.8296836305548,10440.98926448822
1775084033.452721,job_done,ours:coord:method.ours.lambda_align,649,682,0,95.16129032258064,531.0614697569508,10444.208905220032
1775084033.8731894,job_done,ours:coord:method.ours.lambda_align,650,682,0,95.30791788856305,514.197138624925,10444.629378318787
1775084048.3638554,job_done,ours:coord:method.ours.lambda_align,651,682,0,95.45454545454545,498.05333042144775,10459.119938850403
1775084071.3886845,job_done,ours:coord:method.ours.lambda_align,652,682,0,95.60117302052785,482.30727795808593,10482.144840955734
1775084077.2603896,job_done,ours:coord:method.ours.lambda_align,653,682,0,95.74780058651027,465.77715264600783,10488.016575098038
1775084077.5698822,job_done,ours:coord:method.ours.lambda_align,654,682,0,95.89442815249267,449.04148275480355,10488.326061487198
1775084087.394589,job_done,ours:coord:method.ours.lambda_align,655,682,0,96.04105571847508,432.7481928960057,10498.15060544014
1775084110.8926113,job_done,ours:coord:method.ours.lambda_align,656,682,0,96.18768328445748,417.0165617873029,10521.648635864258
1775084120.1068342,job_done,ours:coord:method.ours.lambda_align,657,682,0,96.33431085043988,400.7177678326675,10530.862938642502
1775084120.1768289,job_done,ours:coord:method.ours.lambda_align,658,682,0,96.48093841642229,384.1069746742133,10530.93288898468
1775084126.4212496,job_done,ours:coord:method.ours.lambda_align,659,682,0,96.62756598240469,367.76188186303983,10537.177397727966
1775084152.0652611,job_done,ours:coord:method.ours.lambda_align,660,682,0,96.7741935483871,352.09404632250465,10562.82138967514
1775084162.6366167,job_done,ours:coord:method.ours.lambda_align,661,682,0,96.9208211143695,335.91716548967287,10573.392685174942
1775084163.4946866,job_done,ours:coord:method.ours.lambda_align,662,682,0,97.0674486803519,319.4637733643869,10574.250898361206
1775084167.5865245,job_done,ours:coord:method.ours.lambda_align,663,682,0,97.21407624633432,303.1500875734096,10578.342529535294
1775084193.1434188,job_done,ours:coord:method.ours.lambda_align,664,682,0,97.36070381231671,287.45510711871,10603.899507045746
1775084205.5244713,job_done,ours:coord:method.ours.lambda_align,665,682,0,97.50733137829911,271.3932926303462,10616.267035245895
1775084206.386987,job_done,ours:coord:method.ours.lambda_align,666,682,0,97.65395894428153,255.06650459587394,10617.143253803253
1775084209.7054029,job_done,ours:coord:method.ours.lambda_align,667,682,0,97.80058651026393,238.84096528815363,10620.461589813232
1775084233.060259,job_done,ours:coord:method.ours.lambda_align,668,682,0,97.94721407624634,223.0739967730231,10643.816417455673
1775084247.7835574,job_done,ours:coord:method.ours.lambda_align,669,682,0,98.09384164222874,207.11661717603027,10658.539760828018
1775084249.9483209,job_done,ours:coord:method.ours.lambda_align,670,682,0,98.24046920821114,190.93799051455596,10660.704470396042
1775084251.818187,job_done,ours:coord:method.ours.lambda_align,671,682,0,98.38709677419355,174.79629955135408,10662.574272632599
1775084272.5347748,job_done,ours:coord:method.ours.lambda_align,672,682,0,98.53372434017595,158.97754396001497,10683.290954113007
1775084290.816802,job_done,ours:coord:method.ours.lambda_align,673,682,0,98.68035190615836,143.11167283717094,10701.572868824005
1775084292.7169447,job_done,ours:coord:method.ours.lambda_align,674,682,0,98.82697947214076,127.04418884469777,10703.472910165787
1775084294.5748081,job_done,ours:coord:method.ours.lambda_align,675,682,0,98.97360703812316,111.01824769761828,10705.33102798462
1775084312.1966352,job_done,ours:coord:method.ours.lambda_align,676,682,0,99.12023460410558,95.17413729958281,10722.952802419662
1775084331.1902564,job_done,ours:coord:method.ours.lambda_align,677,682,0,99.26686217008798,79.33490665483686,10741.94636106491
1775084335.419749,job_done,ours:coord:method.ours.lambda_align,678,682,0,99.41348973607037,63.399267337315194,10746.175813674927
1775084336.4887059,job_done,ours:coord:method.ours.lambda_align,679,682,0,99.56011730205279,47.48414555354392,10747.244943618774
1775084350.4155922,job_done,ours:coord:method.ours.lambda_align,680,682,0,99.70674486803519,31.65050473143073,10761.171608686447
1775084362.7600052,job_done,ours:coord:method.ours.lambda_align,681,682,0,99.8533724340176,15.82014105848629,10773.516060829163
1775084365.785348,job_done,ours:coord:method.ours.lambda_align,682,682,0,100.0,,10776.541011571884
1775084365.8119442,group_end,ours:coord:method.ours.lambda_align,682,682,0,100.0,,10776.56789803505
1775084365.8122146,phase_end,,682,682,0,100.0,,10776.568531751633
1775084365.812532,lock_released,,682,682,0,100.0,,10776.56883764267
1775084365.8172112,lock_wait,,682,682,0,100.0,,10776.573084115982
1775084365.817716,lock_acquired,,682,682,0,100.0,,10776.573989152908
1775084365.8180249,plan_add,,682,736,0,92.66304347826087,853.2771428218686,10776.574285268784
1775084365.8183906,phase_start,ours:local_var_topk,682,736,0,92.66304347826087,853.2771693073059,10776.57461977005
1775084373.2776756,group_slots,ours:local_var_topk,682,736,0,92.66304347826087,853.8677720051707,10784.03371310234
1775084373.2780576,group_start,ours:local_var_topk,682,736,0,92.66304347826087,853.8678162734179,10784.034272193909
1775084417.5143538,job_done,ours:local_var_topk,683,736,0,92.79891304347827,840.2610853524718,10828.270213127136
1775084420.3795176,job_done,ours:local_var_topk,684,736,0,92.93478260869566,823.4196637095067,10831.135576486588
1775084420.4441473,job_done,ours:local_var_topk,685,736,0,93.07065217391305,806.4105326262704,10831.200291156769
1775084420.5024104,job_done,ours:local_var_topk,686,736,0,93.20652173913044,789.4503386131876,10831.258645772934
1775084457.3151836,job_done,ours:local_var_topk,687,736,0,93.34239130434783,775.1608332626338,10868.071274518967
1775084464.0240953,job_done,ours:local_var_topk,688,736,0,93.47826086956522,758.7055937855743,10874.780177593231
1775084465.3347354,job_done,ours:local_var_topk,689,736,0,93.61413043478261,741.9104083380263,10876.090879678726
1775084465.4024897,job_done,ours:local_var_topk,690,736,0,93.75,725.0772447903951,10876.158671855927
1775084494.568596,job_done,ours:local_var_topk,691,736,0,93.88586956521739,710.1875774249671,10905.324800014496
1775084507.0707986,job_done,ours:local_var_topk,692,736,0,94.02173913043478,694.1970932525016,10917.827012062073
1775084509.7007053,job_done,ours:local_var_topk,693,736,0,94.15760869565217,677.6040943522131,10920.456683397293
1775084509.7570248,job_done,ours:local_var_topk,694,736,0,94.29347826086956,660.8956145168381,10920.513249397278
1775084532.967189,job_done,ours:local_var_topk,695,736,0,94.42934782608695,645.6009417794592,10943.723281383514
1775084548.909318,job_done,ours:local_var_topk,696,736,0,94.56521739130434,629.8650610583952,10959.652062416077
1775084553.1826444,job_done,ours:local_var_topk,697,736,0,94.70108695652173,613.477203236762,10963.938734769821
1775084553.2702897,job_done,ours:local_var_topk,698,736,0,94.83695652173913,596.8954236186337,10964.026465415955
1775084572.683928,job_done,ours:local_var_topk,699,736,0,94.97282608695652,581.38380983118,10983.440083026886
1775084587.909523,job_done,ours:local_var_topk,700,736,0,95.1086956521739,565.6456573963166,10998.665560483932
1775084595.6560407,job_done,ours:local_var_topk,701,736,0,95.2445652173913,549.5355541763904,11006.41209936142
1775084595.7525318,job_done,ours:local_var_topk,702,736,0,95.3804347826087,533.0787659037826,11006.508637189865
1775084613.1561108,job_done,ours:local_var_topk,703,736,0,95.5163043478261,517.4809314061703,11023.911962985992
1775084628.2728167,job_done,ours:local_var_topk,704,736,0,95.65217391304348,501.7740475264462,11039.029045581818
1775084642.8935127,job_done,ours:local_var_topk,705,736,0,95.78804347826087,486.04700903588156,11053.649721622467
1775084643.7159295,job_done,ours:local_var_topk,706,736,0,95.92391304347827,469.73677111077245,11054.47201347351
1775084661.7824411,job_done,ours:local_var_topk,707,736,0,96.05978260869566,454.1776811031169,11072.538639307022
1775084674.5959222,job_done,ours:local_var_topk,708,736,0,96.19565217391305,438.4032228989789,11085.338636159897
1775084687.1662843,job_done,ours:local_var_topk,709,736,0,96.33152173913044,422.62892488263054,11097.922508955002
1775084687.4191973,job_done,ours:local_var_topk,710,736,0,96.46739130434783,406.41205560993143,11098.175364732742
1775084702.4809058,job_done,ours:local_var_topk,711,736,0,96.60326086956522,390.76079774003495,11113.237087726593
1775084714.8381531,job_done,ours:local_var_topk,712,736,0,96.73913043478261,375.02003325237314,11125.594319820404
1775084730.2984707,job_done,ours:local_var_topk,713,736,0,96.875,359.3888602179865,11141.054666757584
1775084730.4194887,job_done,ours:local_var_topk,714,736,0,97.01086956521739,343.285521889935,11141.175574064255
1775084741.936877,job_done,ours:local_var_topk,715,736,0,97.14673913043478,327.56161184744406,11152.692974805832
1775084754.465653,job_done,ours:local_var_topk,716,736,0,97.28260869565217,311.8777021282878,11165.221736192703
1775084774.292107,job_done,ours:local_var_topk,717,736,0,97.41847826086956,296.3959746546991,11185.048096179962
1775084774.5951023,job_done,ours:local_var_topk,718,736,0,97.55434782608695,280.412704073287,11185.351195812225
1775084780.4197624,job_done,ours:local_var_topk,719,736,0,97.69021739130434,264.60360291272775,11191.175911426544
1775084795.233734,job_done,ours:local_var_topk,720,736,0,97.82608695652173,249.021698501375,11205.976432561874
1775084816.3573182,job_done,ours:local_var_topk,721,736,0,97.96195652173913,233.57378749675462,11227.113385677338
1775084816.5999126,job_done,ours:local_var_topk,722,736,0,98.09782608695652,217.70496466285303,11227.356034755707
1775084821.314715,job_done,ours:local_var_topk,723,736,0,98.2336956521739,201.9597716578804,11232.070377588272
1775084835.054885,job_done,ours:local_var_topk,724,736,0,98.3695652173913,186.3946572430226,11245.810986995697
1775084859.6022995,job_done,ours:local_var_topk,725,736,0,98.5054347826087,170.99854273697426,11270.358498573303
1775084859.9650366,job_done,ours:local_var_topk,726,736,0,98.6413043478261,155.2440894865136,11270.720896720886
1775084863.2290585,job_done,ours:local_var_topk,727,736,0,98.77717391304348,139.56790551588327,11273.985256671906
1775084874.5896046,job_done,ours:local_var_topk,728,736,0,98.91304347826087,124.01478747745138,11285.345660448074
1775084902.1733308,job_done,ours:local_var_topk,729,736,0,99.04891304347827,108.6288217072297,11312.915860652924
1775084903.3395572,job_done,ours:local_var_topk,730,736,0,99.18478260869566,92.99256621778827,11314.095556497574
1775084906.006894,job_done,ours:local_var_topk,731,736,0,99.32065217391305,77.4060376316676,11316.762701749802
1775084915.6023154,job_done,ours:local_var_topk,732,736,0,99.45652173913044,61.89266894423897,11326.35841679573
1775084945.1014726,job_done,ours:local_var_topk,733,736,0,99.59239130434783,46.47690709811441,11355.857634305954
1775084947.3228896,job_done,ours:local_var_topk,734,736,0,99.72826086956522,30.948444272257003,11358.07904791832
1775084948.1101954,job_done,ours:local_var_topk,735,736,0,99.86413043478261,15.454240096345238,11358.866470813751
1775084952.915458,job_done,ours:local_var_topk,736,736,0,100.0,,11363.671604633331
1775084952.9332645,group_end,ours:local_var_topk,736,736,0,100.0,,11363.689460515976
1775084952.9334843,phase_end,,736,736,0,100.0,,11363.689800739288
1775084952.9338748,lock_released,,736,736,0,100.0,,11363.69009423256
1775084952.950456,method_done,,736,736,0,100.0,,11363.706678152084
1775084953.5019872,method_start,,736,736,0,100.0,,11364.257877111435
1775084953.5025406,lock_wait,,736,736,0,100.0,,11364.258798122406
1775084953.502826,lock_acquired,,736,736,0,100.0,,11364.259140014648
1775084953.5030901,plan_add,,736,741,0,99.32523616734143,77.20284912411286,11364.259391069412
1775084953.5033503,phase_start,final:baseline,736,741,0,99.32523616734143,77.20285088633715,11364.259650468826
1775084960.916245,group_slots,final:baseline,736,741,0,99.32523616734143,77.25320952580026,11371.6724421978
1775084960.916491,group_start,final:baseline,736,741,0,99.32523616734143,77.25321189540882,11371.67279100418
1775085220.816167,job_done,final:baseline,737,741,0,99.46018893387314,63.129291675469275,11631.571991205215
1775085230.2224326,job_done,final:baseline,738,741,0,99.59514170040485,47.321051003487135,11640.978546857834
1775085231.8661592,job_done,final:baseline,739,741,0,99.73009446693658,31.50912660771681,11642.622281551361
1775085232.267414,job_done,final:baseline,740,741,0,99.86504723346829,15.733815188665648,11643.02323961258
1775085335.1816964,job_done,final:baseline,741,741,0,100.0,,11745.925032377243
1775085335.2316208,group_end,final:baseline,741,741,0,100.0,,11745.987761735916
1775085335.2318413,phase_end,,741,741,0,100.0,,11745.988172531128
1775085335.2320802,lock_released,,741,741,0,100.0,,11745.98840713501
1775085335.2322826,method_done,,741,741,0,100.0,,11745.988615512848
1775085335.2324772,method_start,,741,741,0,100.0,,11745.988795995712
1775085335.2328172,lock_wait,,741,741,0,100.0,,11745.98914217949
1775085335.2330525,lock_acquired,,741,741,0,100.0,,11745.989385604858
1775085335.2332454,plan_add,,741,746,0,99.32975871313673,79.25768945059474,11745.98957657814
1775085335.233451,phase_start,final:cagrad,741,746,0,99.32975871313673,79.25769075369223,11745.98976969719
1775085343.308132,group_slots,final:cagrad,741,746,0,99.32975871313673,79.31217142444874,11754.063805103302
1775085343.3085556,group_start,final:cagrad,741,746,0,99.32975871313673,79.31217798176404,11754.06477689743
1775085916.8970435,job_done,final:cagrad,742,746,0,99.46380697050938,66.45635001935727,12327.652928590775
1775085929.4804137,job_done,final:cagrad,743,746,0,99.59785522788204,49.8259880757749,12340.23638010025
1775085935.9936354,job_done,final:cagrad,744,746,0,99.73190348525469,33.190187561255634,12346.749772787094
1775085936.5146286,job_done,final:cagrad,745,746,0,99.86595174262735,16.57351777793577,12347.270744562149
1775086261.4688303,job_done,final:cagrad,746,746,0,100.0,,12672.224816799164
1775086261.4864779,group_end,final:cagrad,746,746,0,100.0,,12672.242519140244
1775086261.4868414,phase_end,,746,746,0,100.0,,12672.243058919907
1775086261.4878333,lock_released,,746,746,0,100.0,,12672.243481874466
1775086261.4882395,method_done,,746,746,0,100.0,,12672.24445772171
1775086261.4885888,method_start,,746,746,0,100.0,,12672.244804859161
1775086261.489214,lock_wait,,746,746,0,100.0,,12672.245421648026
1775086261.489683,lock_acquired,,746,746,0,100.0,,12672.245897769928
1775086261.4900458,plan_add,,746,751,0,99.33422103861518,84.93462649491134,12672.246273040771
1775086261.490416,phase_start,final:ours,746,751,0,99.33422103861518,84.93462891904662,12672.246634721756
1775086268.9492908,group_slots,final:ours,746,751,0,99.33422103861518,84.98462130173282,12679.705498218536
1775086268.9495153,group_start,final:ours,746,751,0,99.33422103861518,84.9846235916378,12679.70583987236
1775086542.019796,job_done,final:ours,747,751,0,99.46737683089215,69.35890584713324,12952.775666952133
1775086547.6156096,job_done,final:ours,748,751,0,99.6005326231691,51.97207869533549,12958.371621370316
1775086550.3877056,job_done,final:ours,749,751,0,99.73368841544607,34.609195488317305,12961.143710374832
1775086550.471592,job_done,final:ours,750,751,0,99.86684420772303,17.28163665676117,12961.227492570877
1775086657.79095,job_done,final:ours,751,751,0,100.0,,13068.547105312347
1775086657.808674,group_end,final:ours,751,751,0,100.0,,13068.564776420593
1775086657.8090365,phase_end,,751,751,0,100.0,,13068.565267324448
1775086657.8100066,lock_released,,751,751,0,100.0,,13068.56567645073
1775086657.8103967,method_done,,751,751,0,100.0,,13068.566608667374
1775086662.1345038,pipeline_done,,751,751,0,100.0,,13072.890676021576
1775086662.1488779,lock_released,,751,751,0,100.0,,13072.891093969345
