step,train_step_loss,train_acc,train_loss,val_acc,val_loss,avg_intra_expert_coherence,expert_diversity_e0,expert_diversity_e1,expert_diversity_e2,expert_diversity_e3,expert_diversity_mean,expert_purity_e0,expert_purity_e1,expert_purity_e2,expert_purity_e3,expert_purity_mean,inter_expert_similarity,inter_expert_similarity_e0_e0,inter_expert_similarity_e0_e1,inter_expert_similarity_e0_e2,inter_expert_similarity_e0_e3,inter_expert_similarity_e1_e0,inter_expert_similarity_e1_e1,inter_expert_similarity_e1_e2,inter_expert_similarity_e1_e3,inter_expert_similarity_e2_e0,inter_expert_similarity_e2_e1,inter_expert_similarity_e2_e2,inter_expert_similarity_e2_e3,inter_expert_similarity_e3_e0,inter_expert_similarity_e3_e1,inter_expert_similarity_e3_e2,inter_expert_similarity_e3_e3,intra_expert_coherence_e0,intra_expert_coherence_e1,intra_expert_coherence_e2,intra_expert_coherence_e3,load_cv,load_max_min_ratio,overall_task_conflict_cos,router_entropy,router_load_e0,router_load_e1,router_load_e2,router_load_e3,task_acc__glue_mrpc,task_conflict_t0_t0,task_grad_norm_cv,task_loss__glue_mrpc,utilization_ratio
50.0,0.513805478811264,0.7118320610687023,0.5382077615870082,0.7132352941176471,0.5376666331520448,1.0,0.0,0.0,0.0,0.0,0.0,1.0,1.0,1.0,1.0,1.0,0.06505956074315648,1.0,0.3903573644589389,0.0,0.0,0.3903573644589389,1.0,0.0,0.0,0.0,0.0,1.0,0.0,0.0,0.0,0.0,1.0,1.0,1.0,1.0,1.0,1.0007425546646118,513626873493.1946,1.0,0.6916677449263778,0.4863731861114502,0.5136268734931946,0.0,0.0,0.7132352941176471,1.0,0.0,0.5376666331520448,0.5
100.0,0.5574992895126343,0.7966194111232279,0.4345010852036269,0.7990196078431373,0.4392533777998044,1.0,0.0,0.0,0.0,0.0,0.0,1.0,1.0,1.0,1.0,1.0,-0.06444570189365455,1.0,-0.38667421136192726,0.0,0.0,-0.38667421136192726,1.0,0.0,0.0,0.0,0.0,1.0,0.0,0.0,0.0,0.0,1.0,1.0,1.0,1.0,1.0,1.0013489723205566,518370926380.1575,1.0,0.6902545328233757,0.5183709263801575,0.48162904381752014,0.0,0.0,0.7990196078431373,1.0,0.0,0.4392533777998044,0.5
150.0,0.7612036466598511,0.8492366412213741,0.3594621149742085,0.8578431372549019,0.3664576211371101,1.0,0.0,0.0,0.0,0.0,0.0,1.0,1.0,1.0,1.0,1.0,0.06479771692062986,1.0,0.38878630152377913,0.0,0.0,0.38878630152377913,1.0,0.0,0.0,0.0,0.0,1.0,0.0,0.0,0.0,0.0,1.0,1.0,1.0,1.0,1.0,1.0017250181272637,520775616168.9758,1.0,0.688924981098549,0.4792243242263794,0.5207756161689758,0.0,0.0,0.8578431372549019,1.0,0.0,0.3664576211371101,0.5
