step,train_step_loss,train_acc,train_loss,val_acc,val_loss,avg_intra_expert_coherence,expert_diversity_e0,expert_diversity_e1,expert_diversity_e2,expert_diversity_e3,expert_diversity_mean,expert_purity_e0,expert_purity_e1,expert_purity_e2,expert_purity_e3,expert_purity_mean,inter_expert_similarity,inter_expert_similarity_e0_e0,inter_expert_similarity_e0_e1,inter_expert_similarity_e0_e2,inter_expert_similarity_e0_e3,inter_expert_similarity_e1_e0,inter_expert_similarity_e1_e1,inter_expert_similarity_e1_e2,inter_expert_similarity_e1_e3,inter_expert_similarity_e2_e0,inter_expert_similarity_e2_e1,inter_expert_similarity_e2_e2,inter_expert_similarity_e2_e3,inter_expert_similarity_e3_e0,inter_expert_similarity_e3_e1,inter_expert_similarity_e3_e2,inter_expert_similarity_e3_e3,intra_expert_coherence_e0,intra_expert_coherence_e1,intra_expert_coherence_e2,intra_expert_coherence_e3,load_cv,load_max_min_ratio,overall_task_conflict_cos,router_entropy,router_load_e0,router_load_e1,router_load_e2,router_load_e3,task_acc__glue_mrpc,task_conflict_t0_t0,task_grad_norm_cv,task_loss__glue_mrpc,utilization_ratio
50.0,0.3353729844093323,0.8031624863685932,0.42525457396455435,0.7867647058823529,0.4195142975793435,1.0,0.0,0.0,0.0,0.0,0.0,1.0,1.0,1.0,1.0,1.0,-0.02001570617013551,1.0,0.0,0.0,-0.12009423702081307,0.0,1.0,0.0,0.0,0.0,0.0,1.0,0.0,-0.12009423702081307,0.0,0.0,1.0,1.0,1.0,1.0,1.0,1.0371992588043213,597328245639.801,1.0,0.672835298613006,0.597328245639801,0.0,0.0,0.40267178416252136,0.7867647058823529,1.0,0.0,0.4195142975793435,0.5
100.0,0.5344207584857941,0.8170665212649946,0.45542418007617413,0.8284313725490197,0.44395577191160274,1.0,0.0,0.0,0.0,0.0,0.0,1.0,1.0,1.0,1.0,1.0,-0.05844056137836148,1.0,0.0,0.0,-0.3506433682701689,0.0,1.0,0.0,0.0,0.0,0.0,1.0,0.0,-0.3506433682701689,0.0,0.0,1.0,1.0,1.0,1.0,1.0,1.0254523754119873,580275058746.3379,1.0,0.6782200184522891,0.5802750587463379,0.0,0.0,0.4197249412536621,0.8284313725490197,1.0,0.0,0.44395577191160274,0.5
150.0,0.2931707054376602,0.8560523446019629,0.33966560579188493,0.8529411764705882,0.3469557441197909,1.0,0.0,0.0,0.0,0.0,0.0,1.0,1.0,1.0,1.0,1.0,-0.04246563597790032,1.0,0.0,0.0,-0.2547938158674019,0.0,1.0,0.0,0.0,0.0,0.0,1.0,0.0,-0.2547938158674019,0.0,0.0,1.0,1.0,1.0,1.0,1.0,1.0411810874938965,602504968643.1885,1.0,0.6703029683991975,0.6025049686431885,0.0,0.0,0.3974950313568115,0.8529411764705882,1.0,0.0,0.3469557441197909,0.5
