step,train_step_loss,train_acc,train_loss,val_acc,val_loss,avg_intra_expert_coherence,expert_diversity_e0,expert_diversity_e1,expert_diversity_e2,expert_diversity_e3,expert_diversity_mean,expert_purity_e0,expert_purity_e1,expert_purity_e2,expert_purity_e3,expert_purity_mean,inter_expert_similarity,inter_expert_similarity_e0_e0,inter_expert_similarity_e0_e1,inter_expert_similarity_e0_e2,inter_expert_similarity_e0_e3,inter_expert_similarity_e1_e0,inter_expert_similarity_e1_e1,inter_expert_similarity_e1_e2,inter_expert_similarity_e1_e3,inter_expert_similarity_e2_e0,inter_expert_similarity_e2_e1,inter_expert_similarity_e2_e2,inter_expert_similarity_e2_e3,inter_expert_similarity_e3_e0,inter_expert_similarity_e3_e1,inter_expert_similarity_e3_e2,inter_expert_similarity_e3_e3,intra_expert_coherence_e0,intra_expert_coherence_e1,intra_expert_coherence_e2,intra_expert_coherence_e3,load_cv,load_max_min_ratio,overall_task_conflict_cos,router_entropy,router_load_e0,router_load_e1,router_load_e2,router_load_e3,task_acc__glue_mrpc,task_conflict_t0_t0,task_grad_norm_cv,task_loss__glue_mrpc,utilization_ratio
50.0,0.5104740709066391,0.7622682660850599,0.5001516523892465,0.75,0.5010302399213498,1.0,0.0,0.0,0.0,0.0,0.0,1.0,1.0,1.0,1.0,1.0,0.07012241512114695,1.0,0.0,0.0,0.0,0.0,1.0,0.0,0.0,0.0,0.0,1.0,0.4207344907268817,0.0,0.0,0.4207344907268817,1.0,1.0,1.0,1.0,1.0,0.9776823547265107,118.14025936277274,1.0,0.6905434435489131,0.0043447730131447315,0.00757835665717721,0.47478437423706055,0.5132926106452942,0.75,1.0,0.0,0.5010302399213498,0.5
100.0,0.5733429789543152,0.8178844056706652,0.3944313405648522,0.8088235294117647,0.39259332346801573,1.0,0.0,0.0,0.0,0.0,0.0,1.0,1.0,1.0,1.0,1.0,0.03319560142438637,1.0,0.0,0.0,0.0,0.0,1.0,0.0,0.0,0.0,0.0,1.0,0.19917360854631824,0.0,0.0,0.19917360854631824,1.0,1.0,1.0,1.0,1.0,0.9825141419478739,112.78824601334601,1.0,0.689078759913351,0.004488413687795401,0.004488292150199413,0.5062265992164612,0.4847966432571411,0.8088235294117647,1.0,0.0,0.39259332346801573,0.5
150.0,0.4348102807998657,0.8647764449291166,0.3286998145606207,0.8431372549019608,0.33979888016787857,1.0,0.0,0.0,0.0,0.0,0.0,1.0,1.0,1.0,1.0,1.0,0.07448195254304688,1.0,0.0,0.0,0.0,0.0,1.0,0.0,0.0,0.0,0.0,1.0,0.44689171525828125,0.0,0.0,0.44689171525828125,1.0,1.0,1.0,1.0,1.0,0.9945367574691772,468.7585663798959,1.0,0.6880740850579505,0.0011232167016714811,0.003271657507866621,0.5265174508094788,0.469087690114975,0.8431372549019608,1.0,0.0,0.33979888016787857,0.5
