step,train_step_loss,train_acc,train_loss,val_acc,val_loss,router_entropy,router_load_e0,router_load_e1,router_load_e2,router_load_e3
30.0,0.6869252026081085,0.625745881252294,0.66101671570567,0.6160076283075439,0.66660871687014,0.6866778433322906,0.0,0.0,0.44318756461143494,0.5568125247955322
50.0,0.6338219394286474,0.625745881252294,0.6759040278973183,0.6160076283075439,0.6847702400023196,0.6599149105863439,0.0,0.0,0.37181568145751953,0.6281836032867432
