step,train_step_loss,train_acc,train_loss,val_acc,val_loss,router_entropy,router_load_e0,router_load_e1,router_load_e2,router_load_e3
30.0,0.6660145074129105,0.6355716936890555,0.6375244755676708,0.6305837157305358,0.6424339350204537,0.6619642692169657,0.22747494280338287,0.019510779529809952,0.15475836396217346,0.5982558727264404
50.0,0.6312995702028275,0.6503996515057221,0.6214267721401949,0.6329978182891568,0.6240148887162813,0.6600594140451264,0.23830470442771912,0.02150011993944645,0.13753892481327057,0.6026563048362732
