step,train_step_loss,train_acc,train_loss,val_acc,val_loss,avg_intra_expert_coherence,expert_diversity_e0,expert_diversity_e1,expert_diversity_e2,expert_diversity_e3,expert_diversity_mean,expert_purity_e0,expert_purity_e1,expert_purity_e2,expert_purity_e3,expert_purity_mean,inter_expert_similarity,inter_expert_similarity_e0_e0,inter_expert_similarity_e0_e1,inter_expert_similarity_e0_e2,inter_expert_similarity_e0_e3,inter_expert_similarity_e1_e0,inter_expert_similarity_e1_e1,inter_expert_similarity_e1_e2,inter_expert_similarity_e1_e3,inter_expert_similarity_e2_e0,inter_expert_similarity_e2_e1,inter_expert_similarity_e2_e2,inter_expert_similarity_e2_e3,inter_expert_similarity_e3_e0,inter_expert_similarity_e3_e1,inter_expert_similarity_e3_e2,inter_expert_similarity_e3_e3,intra_expert_coherence_e0,intra_expert_coherence_e1,intra_expert_coherence_e2,intra_expert_coherence_e3,load_cv,load_max_min_ratio,overall_task_conflict_cos,router_entropy,router_load_e0,router_load_e1,router_load_e2,router_load_e3,task_acc__glue_mrpc,task_conflict_t0_t0,task_grad_norm_cv,task_loss__glue_mrpc,utilization_ratio
50.0,0.49497175216674805,0.6744820065430752,0.6324160658147024,0.6838235294117647,0.6256271658035425,1.0,0.0,0.0,0.0,0.0,0.0,1.0,1.0,1.0,1.0,1.0,-0.025342819433796498,1.0,0.0,0.0,-0.15205691660277898,0.0,1.0,0.0,0.0,0.0,0.0,1.0,0.0,-0.15205691660277898,0.0,0.0,1.0,1.0,1.0,1.0,1.0,1.011048436164856,552700698375.7019,1.0,0.6875821305256263,0.5527006983757019,0.0,0.0,0.4472992718219757,0.6838235294117647,1.0,0.0,0.6256271658035425,0.5
100.0,0.6958488821983337,0.6744820065430752,0.6304470421827357,0.6838235294117647,0.624852176469106,1.0,0.0,0.0,0.0,0.0,0.0,1.0,1.0,1.0,1.0,1.0,-0.01331046699613527,1.0,0.0,0.0,-0.07986280197681161,0.0,1.0,0.0,0.0,0.0,0.0,1.0,0.0,-0.07986280197681161,0.0,0.0,1.0,1.0,1.0,1.0,1.0,1.0054314136505127,536899030208.58765,1.0,0.6904216210047404,0.5368990302085876,0.0,0.0,0.46310096979141235,0.6838235294117647,1.0,0.0,0.624852176469106,0.5
150.0,0.658086359500885,0.6744820065430752,0.6346579782988714,0.6838235294117647,0.6292175570359597,1.0,0.0,0.0,0.0,0.0,0.0,1.0,1.0,1.0,1.0,1.0,-0.00370496682462899,1.0,0.0,0.0,-0.02222980094777394,0.0,1.0,0.0,0.0,0.0,0.0,1.0,0.0,-0.02222980094777394,0.0,0.0,1.0,1.0,1.0,1.0,1.0,1.0189683437347412,569188594818.1152,1.0,0.6835422726238475,0.5691885948181152,0.0,0.0,0.43081140518188477,0.6838235294117647,1.0,0.0,0.6292175570359597,0.5
