step,train_step_loss,train_acc,train_loss,val_acc,val_loss,avg_intra_expert_coherence,expert_diversity_e0,expert_diversity_e1,expert_diversity_e2,expert_diversity_e3,expert_diversity_mean,expert_purity_e0,expert_purity_e1,expert_purity_e2,expert_purity_e3,expert_purity_mean,inter_expert_similarity,inter_expert_similarity_e0_e0,inter_expert_similarity_e0_e1,inter_expert_similarity_e0_e2,inter_expert_similarity_e0_e3,inter_expert_similarity_e1_e0,inter_expert_similarity_e1_e1,inter_expert_similarity_e1_e2,inter_expert_similarity_e1_e3,inter_expert_similarity_e2_e0,inter_expert_similarity_e2_e1,inter_expert_similarity_e2_e2,inter_expert_similarity_e2_e3,inter_expert_similarity_e3_e0,inter_expert_similarity_e3_e1,inter_expert_similarity_e3_e2,inter_expert_similarity_e3_e3,intra_expert_coherence_e0,intra_expert_coherence_e1,intra_expert_coherence_e2,intra_expert_coherence_e3,load_cv,load_max_min_ratio,overall_task_conflict_cos,router_entropy,router_load_e0,router_load_e1,router_load_e2,router_load_e3,task_acc__glue_rte,task_conflict_t0_t0,task_grad_norm_cv,task_loss__glue_rte,utilization_ratio
50.0,0.6577674150466919,0.6401606425702812,0.6377843276812479,0.5848375451263538,0.6627528866132101,1.0,0.0,0.0,0.0,0.0,0.0,1.0,1.0,1.0,1.0,1.0,0.01091373606295796,1.0,0.0,0.0,0.06548241637774777,0.0,1.0,0.0,0.0,0.0,0.0,1.0,0.0,0.06548241637774777,0.0,0.0,1.0,1.0,1.0,1.0,1.0,1.0530315073151295,634863138198.8525,1.0,0.6478616046561231,0.35213425755500793,0.013002541847527027,0.0,0.6348631381988525,0.5848375451263538,1.0,0.0,0.6627528866132101,0.5
100.0,0.6913623809814453,0.7076305220883534,0.595609461535246,0.6750902527075813,0.6173861631088786,1.0,0.0,0.0,0.0,0.0,0.0,1.0,1.0,1.0,1.0,1.0,0.009551970232466584,1.0,0.0,0.0,0.057311821394799504,0.0,1.0,0.0,0.0,0.0,0.0,1.0,0.0,0.057311821394799504,0.0,0.0,1.0,1.0,1.0,1.0,1.0,1.0437889099121094,605768203735.3516,1.0,0.6620385569355548,0.3942318260669708,0.0,0.0,0.6057682037353516,0.6750902527075813,1.0,0.0,0.6173861631088786,0.5
150.0,0.5637903064489365,0.7542168674698795,0.5281568494362708,0.6714801444043321,0.6163336576686965,1.0,0.0,0.0,0.0,0.0,0.0,1.0,1.0,1.0,1.0,1.0,0.004055725030753796,1.0,0.0,0.0,0.024334350184522777,0.0,1.0,0.0,0.0,0.0,0.0,1.0,0.0,0.024334350184522777,0.0,0.0,1.0,1.0,1.0,1.0,1.0,1.0003759860992432,509694993495.94116,1.0,0.6371970271375635,0.4903050363063812,0.0,0.0,0.5096949934959412,0.6714801444043321,1.0,0.0,0.6163336576686965,0.5
