step,train_step_loss,train_acc,train_loss,val_acc,val_loss,avg_intra_expert_coherence,expert_diversity_e0,expert_diversity_e1,expert_diversity_e2,expert_diversity_e3,expert_diversity_mean,expert_purity_e0,expert_purity_e1,expert_purity_e2,expert_purity_e3,expert_purity_mean,inter_expert_similarity,inter_expert_similarity_e0_e0,inter_expert_similarity_e0_e1,inter_expert_similarity_e0_e2,inter_expert_similarity_e0_e3,inter_expert_similarity_e1_e0,inter_expert_similarity_e1_e1,inter_expert_similarity_e1_e2,inter_expert_similarity_e1_e3,inter_expert_similarity_e2_e0,inter_expert_similarity_e2_e1,inter_expert_similarity_e2_e2,inter_expert_similarity_e2_e3,inter_expert_similarity_e3_e0,inter_expert_similarity_e3_e1,inter_expert_similarity_e3_e2,inter_expert_similarity_e3_e3,intra_expert_coherence_e0,intra_expert_coherence_e1,intra_expert_coherence_e2,intra_expert_coherence_e3,load_cv,load_max_min_ratio,overall_task_conflict_cos,router_entropy,router_load_e0,router_load_e1,router_load_e2,router_load_e3,task_acc__glue_sst2,task_conflict_t0_t0,task_grad_norm_cv,task_loss__glue_sst2,utilization_ratio
50.0,1.0354391932487488,0.44217434557305973,0.7576321128499196,0.4908256880733945,0.7320406100966713,1.0,0.0,0.0,0.0,0.0,0.0,1.0,1.0,1.0,1.0,1.0,0.03365816530816235,1.0,0.0,0.0,0.0,0.0,1.0,0.0,0.20194899184897408,0.0,0.0,1.0,0.0,0.0,0.20194899184897408,0.0,1.0,1.0,1.0,1.0,1.0,1.0044878726587143,533533275127.4109,1.0,0.6908965203740182,0.0,0.46646663546562195,0.0,0.5335332751274109,0.4908256880733945,1.0,0.0,0.7320406100966713,0.5
100.0,0.7805025279521942,0.5578256544269403,0.7100366813482412,0.5091743119266054,0.7428833975033327,1.0,0.0,0.0,0.0,0.0,0.0,1.0,1.0,1.0,1.0,1.0,0.015122053983331786,1.0,0.0,0.0,0.0,0.0,1.0,0.0,0.09073232389999071,0.0,0.0,1.0,0.0,0.0,0.09073232389999071,0.0,1.0,1.0,1.0,1.0,1.0,1.000028133392334,502652108669.281,1.0,0.6931331146747695,0.0,0.4973479211330414,0.0,0.502652108669281,0.5091743119266054,1.0,0.0,0.7428833975033327,0.5
150.0,0.6981162428855896,0.5578256544269403,0.6905441796553107,0.5091743119266054,0.6930070508610119,1.0,0.0,0.0,0.0,0.0,0.0,1.0,1.0,1.0,1.0,1.0,0.0388790646781222,1.0,0.0,0.0,0.0,0.0,1.0,0.0,0.2332743880687332,0.0,0.0,1.0,0.0,0.0,0.2332743880687332,0.0,1.0,1.0,1.0,1.0,1.0,1.0077348938304311,544059097766.8762,1.0,0.6892598085447189,0.0,0.5440590977668762,0.0,0.4559410512447357,0.5091743119266054,1.0,0.0,0.6930070508610119,0.5
