step,train_step_loss,train_acc,train_loss,val_acc,val_loss,avg_intra_expert_coherence,expert_diversity_e0,expert_diversity_e1,expert_diversity_e2,expert_diversity_e3,expert_diversity_mean,expert_purity_e0,expert_purity_e1,expert_purity_e2,expert_purity_e3,expert_purity_mean,inter_expert_similarity,inter_expert_similarity_e0_e0,inter_expert_similarity_e0_e1,inter_expert_similarity_e0_e2,inter_expert_similarity_e0_e3,inter_expert_similarity_e1_e0,inter_expert_similarity_e1_e1,inter_expert_similarity_e1_e2,inter_expert_similarity_e1_e3,inter_expert_similarity_e2_e0,inter_expert_similarity_e2_e1,inter_expert_similarity_e2_e2,inter_expert_similarity_e2_e3,inter_expert_similarity_e3_e0,inter_expert_similarity_e3_e1,inter_expert_similarity_e3_e2,inter_expert_similarity_e3_e3,intra_expert_coherence_e0,intra_expert_coherence_e1,intra_expert_coherence_e2,intra_expert_coherence_e3,load_cv,load_max_min_ratio,overall_task_conflict_cos,router_entropy,router_load_e0,router_load_e1,router_load_e2,router_load_e3,task_acc__glue_sst2,task_conflict_t0_t0,task_grad_norm_cv,task_loss__glue_sst2,utilization_ratio
50.0,0.7267751395702362,0.5578256544269403,0.6871034644915769,0.5091743119266054,0.7015005366368727,1.0,0.0,0.0,0.0,0.0,0.0,1.0,1.0,1.0,1.0,1.0,-0.05756491103350995,1.0,0.0,0.0,-0.3453894662010597,0.0,1.0,0.0,0.0,0.0,0.0,1.0,0.0,-0.3453894662010597,0.0,0.0,1.0,1.0,1.0,1.0,1.0,1.0118651404220034,554624736309.0515,1.0,0.6871670561099271,0.4453751742839813,0.0,0.0,0.5546247363090515,0.5091743119266054,1.0,0.0,0.7015005366368727,0.5
100.0,0.6573666930198669,0.5578256544269403,0.6870846879241586,0.5091743119266054,0.7020063324408098,1.0,0.0,0.0,0.0,0.0,0.0,1.0,1.0,1.0,1.0,1.0,-0.061949918588940354,1.0,0.0,0.0,-0.3716995115336421,0.0,1.0,0.0,0.0,0.0,0.0,1.0,0.0,-0.3716995115336421,0.0,0.0,1.0,1.0,1.0,1.0,1.0,1.024791546103819,579212903976.4404,1.0,0.6805447356416545,0.4207867980003357,0.0,0.0,0.5792129039764404,0.5091743119266054,1.0,0.0,0.7020063324408098,0.5
150.0,0.7042161226272583,0.5578256544269403,0.6864536979419319,0.5091743119266054,0.6973253456029025,1.0,0.0,0.0,0.0,0.0,0.0,1.0,1.0,1.0,1.0,1.0,-0.05200727408148883,1.0,0.0,0.0,-0.31204364448893296,0.0,1.0,0.0,0.0,0.0,0.0,1.0,0.0,-0.31204364448893296,0.0,0.0,1.0,1.0,1.0,1.0,1.0,1.0092496871948242,548198640346.5271,1.0,0.688493766369076,0.4518013596534729,0.0,0.0,0.5481986403465271,0.5091743119266054,1.0,0.0,0.6973253456029025,0.5
