step,train_step_loss,train_acc,train_loss,val_acc,val_loss,avg_intra_expert_coherence,expert_diversity_e0,expert_diversity_e1,expert_diversity_e2,expert_diversity_e3,expert_diversity_mean,expert_purity_e0,expert_purity_e1,expert_purity_e2,expert_purity_e3,expert_purity_mean,inter_expert_similarity,inter_expert_similarity_e0_e0,inter_expert_similarity_e0_e1,inter_expert_similarity_e0_e2,inter_expert_similarity_e0_e3,inter_expert_similarity_e1_e0,inter_expert_similarity_e1_e1,inter_expert_similarity_e1_e2,inter_expert_similarity_e1_e3,inter_expert_similarity_e2_e0,inter_expert_similarity_e2_e1,inter_expert_similarity_e2_e2,inter_expert_similarity_e2_e3,inter_expert_similarity_e3_e0,inter_expert_similarity_e3_e1,inter_expert_similarity_e3_e2,inter_expert_similarity_e3_e3,intra_expert_coherence_e0,intra_expert_coherence_e1,intra_expert_coherence_e2,intra_expert_coherence_e3,load_cv,load_max_min_ratio,overall_task_conflict_cos,router_entropy,router_load_e0,router_load_e1,router_load_e2,router_load_e3,task_acc__glue_rte,task_conflict_t0_t0,task_grad_norm_cv,task_loss__glue_rte,utilization_ratio
50.0,0.6309599876403809,0.5016064257028112,0.690342905315069,0.5270758122743683,0.68636621038119,1.0,0.0,0.0,0.0,0.0,0.0,1.0,1.0,1.0,1.0,1.0,-0.03591427616219131,1.0,0.0,-0.21548565697314787,0.0,0.0,1.0,0.0,0.0,-0.21548565697314787,0.0,1.0,0.0,0.0,0.0,0.0,1.0,1.0,1.0,1.0,1.0,0.9663481156411033,505098044872.28394,1.0,0.6927109711437018,0.5050980448722839,0.0,0.4775262176990509,0.017375782132148743,0.5270758122743683,1.0,0.0,0.68636621038119,0.5
100.0,0.65754434466362,0.6120481927710844,0.6517253185311953,0.5703971119133574,0.6778251826763153,1.0,0.0,0.0,0.0,0.0,0.0,1.0,1.0,1.0,1.0,1.0,-0.03403850803856179,1.0,0.0,-0.20423104823137073,0.0,0.0,1.0,0.0,0.0,-0.20423104823137073,0.0,1.0,0.0,0.0,0.0,0.0,1.0,1.0,1.0,1.0,1.0,0.9104284590738093,523939251899.71924,1.0,0.6914310042178158,0.5239392518997192,0.0,0.4242972433567047,0.05176347866654396,0.5703971119133574,1.0,0.0,0.6778251826763153,0.5
150.0,0.6281189918518066,0.6827309236947792,0.6246385939801351,0.6570397111913358,0.6477587587303586,1.0,0.0,0.0,0.0,0.0,0.0,1.0,1.0,1.0,1.0,1.0,-0.05973287768326291,1.0,0.0,-0.35839726609957745,0.0,0.0,1.0,0.0,0.0,-0.35839726609957745,0.0,1.0,0.0,0.0,0.0,0.0,1.0,1.0,1.0,1.0,1.0,0.9831965555665824,525420367717.7429,1.0,0.6912636679432452,0.5254203677177429,0.0,0.46421417593955994,0.010365400463342667,0.6570397111913358,1.0,0.0,0.6477587587303586,0.5
