step,train_step_loss,train_acc,train_loss,val_acc,val_loss,avg_intra_expert_coherence,expert_diversity_e0,expert_diversity_e1,expert_diversity_e2,expert_diversity_e3,expert_diversity_mean,expert_purity_e0,expert_purity_e1,expert_purity_e2,expert_purity_e3,expert_purity_mean,inter_expert_similarity,inter_expert_similarity_e0_e0,inter_expert_similarity_e0_e1,inter_expert_similarity_e0_e2,inter_expert_similarity_e0_e3,inter_expert_similarity_e1_e0,inter_expert_similarity_e1_e1,inter_expert_similarity_e1_e2,inter_expert_similarity_e1_e3,inter_expert_similarity_e2_e0,inter_expert_similarity_e2_e1,inter_expert_similarity_e2_e2,inter_expert_similarity_e2_e3,inter_expert_similarity_e3_e0,inter_expert_similarity_e3_e1,inter_expert_similarity_e3_e2,inter_expert_similarity_e3_e3,intra_expert_coherence_e0,intra_expert_coherence_e1,intra_expert_coherence_e2,intra_expert_coherence_e3,load_cv,load_max_min_ratio,overall_task_conflict_cos,router_entropy,router_load_e0,router_load_e1,router_load_e2,router_load_e3,task_acc__glue_rte,task_conflict_t0_t0,task_grad_norm_cv,task_loss__glue_rte,utilization_ratio
50.0,0.6607972085475922,0.6196787148594377,0.6631422233123045,0.6028880866425993,0.66818239291509,1.0,0.0,0.0,0.0,0.0,0.0,1.0,1.0,1.0,1.0,1.0,0.0425645212297589,1.0,0.0,0.0,0.0,0.0,1.0,0.0,0.0,0.0,0.0,1.0,0.2553871273785534,0.0,0.0,0.2553871273785534,1.0,1.0,1.0,1.0,1.0,1.0069348812103271,541710257530.2124,1.0,0.6882664778602683,0.0,0.0,0.5417102575302124,0.4582897424697876,0.6028880866425993,1.0,0.0,0.66818239291509,0.5
100.0,0.8251374065876007,0.6919678714859437,0.5928252717241264,0.6425992779783394,0.6274803347057767,1.0,0.0,0.0,0.0,0.0,0.0,1.0,1.0,1.0,1.0,1.0,0.04161958628435544,1.0,0.0,0.0,0.0,0.0,1.0,0.0,0.0,0.0,0.0,1.0,0.24971751770613265,0.0,0.0,0.24971751770613265,1.0,1.0,1.0,1.0,1.0,1.0010229349136353,548826813697.81494,1.0,0.6841739954070494,0.0,0.004767414648085833,0.5488268136978149,0.4464057981967926,0.6425992779783394,1.0,0.0,0.6274803347057767,0.5
150.0,0.6101572215557098,0.7518072289156627,0.5448442912254579,0.6750902527075813,0.6018318343493674,1.0,0.0,0.0,0.0,0.0,0.0,1.0,1.0,1.0,1.0,1.0,-0.0034205877225864764,1.0,0.0,0.0,0.0,0.0,1.0,0.0,0.0,0.0,0.0,1.0,-0.02052352633551886,0.0,0.0,-0.02052352633551886,1.0,1.0,1.0,1.0,1.0,1.0018082857131958,543800532817.8406,1.0,0.6862053173974103,0.0,0.003236492397263646,0.5438005328178406,0.4529629945755005,0.6750902527075813,1.0,0.0,0.6018318343493674,0.5
