step,train_step_loss,train_acc,train_loss,val_acc,val_loss,avg_intra_expert_coherence,expert_diversity_e0,expert_diversity_e1,expert_diversity_e2,expert_diversity_e3,expert_diversity_mean,expert_purity_e0,expert_purity_e1,expert_purity_e2,expert_purity_e3,expert_purity_mean,inter_expert_similarity,inter_expert_similarity_e0_e0,inter_expert_similarity_e0_e1,inter_expert_similarity_e0_e2,inter_expert_similarity_e0_e3,inter_expert_similarity_e1_e0,inter_expert_similarity_e1_e1,inter_expert_similarity_e1_e2,inter_expert_similarity_e1_e3,inter_expert_similarity_e2_e0,inter_expert_similarity_e2_e1,inter_expert_similarity_e2_e2,inter_expert_similarity_e2_e3,inter_expert_similarity_e3_e0,inter_expert_similarity_e3_e1,inter_expert_similarity_e3_e2,inter_expert_similarity_e3_e3,intra_expert_coherence_e0,intra_expert_coherence_e1,intra_expert_coherence_e2,intra_expert_coherence_e3,load_cv,load_max_min_ratio,overall_task_conflict_cos,router_entropy,router_load_e0,router_load_e1,router_load_e2,router_load_e3,task_acc__glue_rte,task_conflict_t0_t0,task_grad_norm_cv,task_loss__glue_rte,utilization_ratio
50.0,0.6746308505535126,0.5775100401606426,0.6766415503544686,0.5306859205776173,0.6891582111517588,1.0,0.0,0.0,0.0,0.0,0.0,1.0,1.0,1.0,1.0,1.0,0.02592438645903122,1.0,0.04991645199601261,0.0,0.06534275295389463,0.04991645199601261,1.0,0.0,0.04028711380428007,0.0,0.0,1.0,0.0,0.06534275295389463,0.04028711380428007,0.0,1.0,1.0,1.0,1.0,1.0,0.9810326684136789,595317602157.5928,1.0,0.6679759473146515,0.037539348006248474,0.36714300513267517,0.0,0.5953176021575928,0.5306859205776173,1.0,0.0,0.6891582111517588,0.5
100.0,0.7137502431869507,0.5979919678714859,0.6844603255773202,0.5379061371841155,0.6891597128576703,1.0,0.0,0.0,0.0,0.0,0.0,1.0,1.0,1.0,1.0,1.0,0.006118171082492929,1.0,0.0,0.0,0.0,0.0,1.0,0.0,0.036709026494957574,0.0,0.0,1.0,0.0,0.0,0.036709026494957574,0.0,1.0,1.0,1.0,1.0,1.0,1.0081188678741455,545143783092.4988,1.0,0.6884358591981743,0.0,0.4548562467098236,0.0,0.5451437830924988,0.5379061371841155,1.0,0.0,0.6891597128576703,0.5
150.0,0.6974117755889893,0.5016064257028112,0.6938445849296374,0.5270758122743683,0.69000054233604,1.0,0.0,0.0,0.0,0.0,0.0,1.0,1.0,1.0,1.0,1.0,0.010529810374867077,1.0,0.0,0.0,0.06317886224920247,0.0,1.0,0.0,0.0,0.0,0.0,1.0,0.0,0.06317886224920247,0.0,0.0,1.0,1.0,1.0,1.0,1.0,1.0841790437698364,648089528083.8013,1.0,0.6485892753738789,0.3519105017185211,0.0,0.0,0.6480895280838013,0.5270758122743683,1.0,0.0,0.69000054233604,0.5
