step,train_step_loss,train_acc,train_loss,val_acc,val_loss,avg_intra_expert_coherence,expert_diversity_e0,expert_diversity_e1,expert_diversity_e2,expert_diversity_e3,expert_diversity_mean,expert_purity_e0,expert_purity_e1,expert_purity_e2,expert_purity_e3,expert_purity_mean,inter_expert_similarity,inter_expert_similarity_e0_e0,inter_expert_similarity_e0_e1,inter_expert_similarity_e0_e2,inter_expert_similarity_e0_e3,inter_expert_similarity_e1_e0,inter_expert_similarity_e1_e1,inter_expert_similarity_e1_e2,inter_expert_similarity_e1_e3,inter_expert_similarity_e2_e0,inter_expert_similarity_e2_e1,inter_expert_similarity_e2_e2,inter_expert_similarity_e2_e3,inter_expert_similarity_e3_e0,inter_expert_similarity_e3_e1,inter_expert_similarity_e3_e2,inter_expert_similarity_e3_e3,intra_expert_coherence_e0,intra_expert_coherence_e1,intra_expert_coherence_e2,intra_expert_coherence_e3,load_cv,load_max_min_ratio,overall_task_conflict_cos,router_entropy,router_load_e0,router_load_e1,router_load_e2,router_load_e3,task_acc__glue_rte,task_conflict_t0_t0,task_grad_norm_cv,task_loss__glue_rte,utilization_ratio
50.0,0.6453238129615784,0.5016064257028112,0.6963576961022157,0.5270758122743683,0.6901462955607308,1.0,0.0,0.0,0.0,0.0,0.0,1.0,1.0,1.0,1.0,1.0,0.0036593836152134973,1.0,0.0,0.0,0.021956301691280985,0.0,1.0,0.0,0.0,0.0,0.0,1.0,0.0,0.021956301691280985,0.0,0.0,1.0,1.0,1.0,1.0,1.0,1.0187631845474243,568809926509.8572,1.0,0.683578224388701,0.4311901032924652,0.0,0.0,0.5688099265098572,0.5270758122743683,1.0,0.0,0.6901462955607308,0.5
100.0,0.6924514174461365,0.5746987951807229,0.6920967000417221,0.5595667870036101,0.6920952846606573,1.0,0.0,0.0,0.0,0.0,0.0,1.0,1.0,1.0,1.0,1.0,0.004131626583710118,1.0,0.0,0.0,0.024789759502260707,0.0,1.0,0.0,0.0,0.0,0.0,1.0,0.0,0.024789759502260707,0.0,0.0,1.0,1.0,1.0,1.0,1.0,1.0014734268188477,519200086593.6279,1.0,0.6923313648692107,0.4807998836040497,0.0,0.0,0.5192000865936279,0.5595667870036101,1.0,0.0,0.6920952846606573,0.5
150.0,0.6902364790439606,0.5072289156626506,0.6921360940887378,0.5379061371841155,0.6916198862923516,1.0,0.0,0.0,0.0,0.0,0.0,1.0,1.0,1.0,1.0,1.0,0.002962726722977385,1.0,0.0,0.0,0.01777636033786431,0.0,1.0,0.0,0.0,0.0,0.0,1.0,0.0,0.01777636033786431,0.0,0.0,1.0,1.0,1.0,1.0,1.0,1.0087259417012895,546808242797.85156,1.0,0.6886832963688709,0.45319169759750366,0.0,0.0,0.5468082427978516,0.5379061371841155,1.0,0.0,0.6916198862923516,0.5
