step,train_step_loss,train_acc,train_loss,val_acc,val_loss,avg_intra_expert_coherence,expert_diversity_e0,expert_diversity_e1,expert_diversity_e2,expert_diversity_e3,expert_diversity_mean,expert_purity_e0,expert_purity_e1,expert_purity_e2,expert_purity_e3,expert_purity_mean,inter_expert_similarity,inter_expert_similarity_e0_e0,inter_expert_similarity_e0_e1,inter_expert_similarity_e0_e2,inter_expert_similarity_e0_e3,inter_expert_similarity_e1_e0,inter_expert_similarity_e1_e1,inter_expert_similarity_e1_e2,inter_expert_similarity_e1_e3,inter_expert_similarity_e2_e0,inter_expert_similarity_e2_e1,inter_expert_similarity_e2_e2,inter_expert_similarity_e2_e3,inter_expert_similarity_e3_e0,inter_expert_similarity_e3_e1,inter_expert_similarity_e3_e2,inter_expert_similarity_e3_e3,intra_expert_coherence_e0,intra_expert_coherence_e1,intra_expert_coherence_e2,intra_expert_coherence_e3,load_cv,load_max_min_ratio,overall_task_conflict_cos,router_entropy,router_load_e0,router_load_e1,router_load_e2,router_load_e3,task_acc__glue_rte,task_conflict_t0_t0,task_grad_norm_cv,task_loss__glue_rte,utilization_ratio
50.0,0.6454847157001495,0.5016064257028112,0.6948937683533399,0.5270758122743683,0.6903973817825317,1.0,0.0,0.0,0.0,0.0,0.0,1.0,1.0,1.0,1.0,1.0,0.010745593263415072,1.0,0.0,0.06447355958049043,0.0,0.0,1.0,0.0,0.0,0.06447355958049043,0.0,1.0,0.0,0.0,0.0,0.0,1.0,1.0,1.0,1.0,1.0,1.0002652406692505,508144497871.3989,1.0,0.6930144401233549,0.5081444978713989,0.0,0.4918555021286011,0.0,0.5270758122743683,1.0,0.0,0.6903973817825317,0.5
100.0,0.6908267736434937,0.4983935742971888,0.6932813281814257,0.4729241877256318,0.6944011896848679,1.0,0.0,0.0,0.0,0.0,0.0,1.0,1.0,1.0,1.0,1.0,0.011223352817880611,1.0,0.0,0.06734011690728367,0.0,0.0,1.0,0.0,0.0,0.06734011690728367,0.0,1.0,0.0,0.0,0.0,0.0,1.0,1.0,1.0,1.0,1.0,1.0024893286811505,524961650371.5515,1.0,0.6918983924259778,0.5249616503715515,0.0,0.4750382602214813,0.0,0.4729241877256318,1.0,0.0,0.6944011896848679,0.5
150.0,0.7034522891044617,0.5016064257028112,0.6944780276371882,0.5270758122743683,0.6905394030941857,1.0,0.0,0.0,0.0,0.0,0.0,1.0,1.0,1.0,1.0,1.0,0.012731491879847859,1.0,0.0,0.07638895127908715,0.0,0.0,1.0,0.0,0.0,0.07638895127908715,0.0,1.0,0.0,0.0,0.0,0.0,1.0,1.0,1.0,1.0,1.0,1.082810640335083,646832764148.7122,1.0,0.6493851974983078,0.35316723585128784,0.0,0.6468327641487122,0.0,0.5270758122743683,1.0,0.0,0.6905394030941857,0.5
