step,train_step_loss,train_acc,train_loss,val_acc,val_loss,alignment_reward,l_conflict,l_conflict_e0,l_conflict_e1,l_conflict_e2,l_conflict_e3,router_conflict_grad_l2,router_entropy,router_load_e0,router_load_e1,router_load_e2,router_load_e3
5.0,0.568596641222636,0.6259837829932945,0.6548828870716874,0.6156880373839261,0.6628465294237662,0.2262812852859497,-0.2262812852859497,-0.031030714511871338,-0.058078739792108536,-0.08313696086406708,-0.05403488129377365,0.0,1.3537275479347617,0.19310696423053741,0.2681784927845001,0.2866474688053131,0.25206711888313293
