method,seed,step,router_entropy,router_load_e0,router_load_e1,router_load_e2,router_load_e3
ablation,2,5.0,1.3537275479347617,0.19310696423053741,0.2681784927845001,0.2866474688053131,0.25206711888313293
