step,train_step_loss,train_acc,train_loss,val_acc,val_loss,avg_intra_expert_coherence,expert_diversity_e0,expert_diversity_e1,expert_diversity_e2,expert_diversity_e3,expert_diversity_mean,expert_purity_e0,expert_purity_e1,expert_purity_e2,expert_purity_e3,expert_purity_mean,inter_expert_similarity,inter_expert_similarity_e0_e0,inter_expert_similarity_e0_e1,inter_expert_similarity_e0_e2,inter_expert_similarity_e0_e3,inter_expert_similarity_e1_e0,inter_expert_similarity_e1_e1,inter_expert_similarity_e1_e2,inter_expert_similarity_e1_e3,inter_expert_similarity_e2_e0,inter_expert_similarity_e2_e1,inter_expert_similarity_e2_e2,inter_expert_similarity_e2_e3,inter_expert_similarity_e3_e0,inter_expert_similarity_e3_e1,inter_expert_similarity_e3_e2,inter_expert_similarity_e3_e3,intra_expert_coherence_e0,intra_expert_coherence_e1,intra_expert_coherence_e2,intra_expert_coherence_e3,load_cv,load_max_min_ratio,overall_task_conflict_cos,router_entropy,router_load_e0,router_load_e1,router_load_e2,router_load_e3,task_acc__glue_mrpc,task_conflict_t0_t0,task_grad_norm_cv,task_loss__glue_mrpc,utilization_ratio
50.0,0.8182977437973022,0.3255179934569248,0.905698255157989,0.3161764705882353,0.9113026181092629,1.0,0.0,0.0,0.0,0.0,0.0,1.0,1.0,1.0,1.0,1.0,-0.04529435457032552,1.0,0.0,-0.2717661274219531,0.0,0.0,1.0,0.0,0.0,-0.2717661274219531,0.0,1.0,0.0,0.0,0.0,0.0,1.0,1.0,1.0,1.0,1.0,1.7230297125471665,996088981628.418,1.0,0.025588045444558647,0.003911417908966541,0.0,0.996088981628418,0.0,0.3161764705882353,1.0,0.0,0.9113026181092629,0.25
100.0,0.6608951091766357,0.6744820065430752,0.6338113821071127,0.6838235294117647,0.6281166947804965,1.0,0.0,0.0,0.0,0.0,0.0,1.0,1.0,1.0,1.0,1.0,-0.03577403794666534,1.0,0.0,0.0,0.0,0.0,1.0,-0.21464422767999203,0.0,0.0,-0.21464422767999203,1.0,0.0,0.0,0.0,0.0,1.0,1.0,1.0,1.0,1.0,1.7305140909468586,999335050582.8857,1.0,0.005533791795446008,0.0,0.0006655468023382127,0.9993350505828857,0.0,0.6838235294117647,1.0,0.0,0.6281166947804965,0.25
150.0,0.6288649141788483,0.6744820065430752,0.6441654704187227,0.6838235294117647,0.635508849643744,1.0,0.0,0.0,0.0,0.0,0.0,1.0,1.0,1.0,1.0,1.0,-0.01737041626408133,1.0,0.0,0.0,0.0,0.0,1.0,-0.10422249758448798,0.0,0.0,-0.10422249758448798,1.0,0.0,0.0,0.0,0.0,1.0,1.0,1.0,1.0,1.0,1.7238570576395713,996448218822.4792,1.0,0.023580985362915433,0.0,0.0035522044636309147,0.9964482188224792,0.0,0.6838235294117647,1.0,0.0,0.635508849643744,0.25
