step,train_step_loss,train_acc,train_loss,val_acc,val_loss,avg_intra_expert_coherence,expert_diversity_e0,expert_diversity_e1,expert_diversity_e2,expert_diversity_e3,expert_diversity_mean,expert_purity_e0,expert_purity_e1,expert_purity_e2,expert_purity_e3,expert_purity_mean,inter_expert_similarity,inter_expert_similarity_e0_e0,inter_expert_similarity_e0_e1,inter_expert_similarity_e0_e2,inter_expert_similarity_e0_e3,inter_expert_similarity_e1_e0,inter_expert_similarity_e1_e1,inter_expert_similarity_e1_e2,inter_expert_similarity_e1_e3,inter_expert_similarity_e2_e0,inter_expert_similarity_e2_e1,inter_expert_similarity_e2_e2,inter_expert_similarity_e2_e3,inter_expert_similarity_e3_e0,inter_expert_similarity_e3_e1,inter_expert_similarity_e3_e2,inter_expert_similarity_e3_e3,intra_expert_coherence_e0,intra_expert_coherence_e1,intra_expert_coherence_e2,intra_expert_coherence_e3,load_cv,load_max_min_ratio,overall_task_conflict_cos,router_entropy,router_load_e0,router_load_e1,router_load_e2,router_load_e3,task_acc__glue_mrpc,task_conflict_t0_t0,task_grad_norm_cv,task_loss__glue_mrpc,utilization_ratio
50.0,0.49691322445869446,0.6744820065430752,0.6309091268674187,0.6838235294117647,0.625371399980325,1.0,0.0,0.0,0.0,0.0,0.0,1.0,1.0,1.0,1.0,1.0,0.00303591022229731,1.0,0.01821546133378386,0.0,0.0,0.01821546133378386,1.0,0.0,0.0,0.0,0.0,1.0,0.0,0.0,0.0,0.0,1.0,1.0,1.0,1.0,1.0,1.7198943901439703,994727134704.5898,1.0,0.032917719772633386,0.9947271347045898,0.0052731819450855255,0.0,0.0,0.6838235294117647,1.0,0.0,0.625371399980325,0.25
100.0,0.6615478694438934,0.6744820065430752,0.6316071968363679,0.6838235294117647,0.6271741900306481,1.0,0.0,0.0,0.0,0.0,0.0,1.0,1.0,1.0,1.0,1.0,0.0017661610779708982,1.0,0.010596966467825389,0.0,0.0,0.010596966467825389,1.0,0.0,0.0,0.0,0.0,1.0,0.0,0.0,0.0,0.0,1.0,1.0,1.0,1.0,1.0,1.7086233445266816,989821195602.417,1.0,0.05682454579601101,0.989821195602417,0.010179436765611172,0.0,0.0,0.6838235294117647,1.0,0.0,0.6271741900306481,0.25
150.0,0.6929994225502014,0.6744820065430752,0.655947742384413,0.6838235294117647,0.6443960294127464,1.0,0.0,0.0,0.0,0.0,0.0,1.0,1.0,1.0,1.0,1.0,-0.030773517373445917,1.0,0.0,-0.1846411042406755,0.0,0.0,1.0,0.0,0.0,-0.1846411042406755,0.0,1.0,0.0,0.0,0.0,0.0,1.0,1.0,1.0,1.0,1.0,1.667556881904602,971797883510.5896,1.0,0.12843584459201962,0.9717978835105896,0.0,0.02820209041237831,0.0,0.6838235294117647,1.0,0.0,0.6443960294127464,0.25
