step,train_step_loss,train_acc,train_loss,val_acc,val_loss,avg_intra_expert_coherence,expert_diversity_e0,expert_diversity_e1,expert_diversity_e2,expert_diversity_e3,expert_diversity_mean,expert_purity_e0,expert_purity_e1,expert_purity_e2,expert_purity_e3,expert_purity_mean,inter_expert_similarity,inter_expert_similarity_e0_e0,inter_expert_similarity_e0_e1,inter_expert_similarity_e0_e2,inter_expert_similarity_e0_e3,inter_expert_similarity_e1_e0,inter_expert_similarity_e1_e1,inter_expert_similarity_e1_e2,inter_expert_similarity_e1_e3,inter_expert_similarity_e2_e0,inter_expert_similarity_e2_e1,inter_expert_similarity_e2_e2,inter_expert_similarity_e2_e3,inter_expert_similarity_e3_e0,inter_expert_similarity_e3_e1,inter_expert_similarity_e3_e2,inter_expert_similarity_e3_e3,intra_expert_coherence_e0,intra_expert_coherence_e1,intra_expert_coherence_e2,intra_expert_coherence_e3,load_cv,load_max_min_ratio,overall_task_conflict_cos,router_entropy,router_load_e0,router_load_e1,router_load_e2,router_load_e3,task_acc__glue_cola,task_acc__glue_mrpc,task_acc__glue_rte,task_conflict_t0_t0,task_conflict_t0_t1,task_conflict_t0_t2,task_conflict_t1_t0,task_conflict_t1_t1,task_conflict_t1_t2,task_conflict_t2_t0,task_conflict_t2_t1,task_conflict_t2_t2,task_grad_norm_cv,task_loss__glue_cola,task_loss__glue_mrpc,task_loss__glue_rte,utilization_ratio
1.0,0.7331665953000387,0.6161409951662545,0.6855870104031552,0.6018876315416853,0.6867287862072396,-0.17095576713939042,0.928641029324766,0.954282458396576,0.8798558306426726,0.8401299915753636,0.9007273274848445,0.49475470185279846,0.44547754526138306,0.49516090750694275,0.5934200882911682,0.5072033107280731,-0.013185877676933447,1.0,0.017956600453678542,-0.004601203642959331,0.00225012013239593,0.017956600453678542,1.0,-0.03220836006222075,-0.04283956987506171,-0.004601203642959331,-0.03220836006222075,1.0,-0.019672853067433372,0.00225012013239593,-0.04283956987506171,-0.019672853067433372,1.0,-0.25349932676374903,-0.05647186658498569,-0.18904410774007116,-0.18480776746875585,0.11906077535771589,1.3601549122905718,-0.199066320653838,1.3529737095038097,0.2148059457540512,0.26236554980278015,0.29216936230659485,0.23065881431102753,0.6903163950143816,0.6568627450980392,0.4584837545126354,1.0,-0.08630792790843834,-0.5923304241504146,-0.08630792790843834,1.0,0.08143939009733894,-0.5923304241504146,0.08143939009733894,1.0,0.37525317659796603,0.6790303455964299,0.6847643121784809,0.6963917008468083,1.0
