step,train_step_loss,train_acc,train_loss,val_acc,val_loss,avg_intra_expert_coherence,expert_diversity_e0,expert_diversity_e1,expert_diversity_e2,expert_diversity_e3,expert_diversity_mean,expert_purity_e0,expert_purity_e1,expert_purity_e2,expert_purity_e3,expert_purity_mean,inter_expert_similarity,inter_expert_similarity_e0_e0,inter_expert_similarity_e0_e1,inter_expert_similarity_e0_e2,inter_expert_similarity_e0_e3,inter_expert_similarity_e1_e0,inter_expert_similarity_e1_e1,inter_expert_similarity_e1_e2,inter_expert_similarity_e1_e3,inter_expert_similarity_e2_e0,inter_expert_similarity_e2_e1,inter_expert_similarity_e2_e2,inter_expert_similarity_e2_e3,inter_expert_similarity_e3_e0,inter_expert_similarity_e3_e1,inter_expert_similarity_e3_e2,inter_expert_similarity_e3_e3,intra_expert_coherence_e0,intra_expert_coherence_e1,intra_expert_coherence_e2,intra_expert_coherence_e3,load_cv,load_max_min_ratio,overall_task_conflict_cos,router_entropy,router_load_e0,router_load_e1,router_load_e2,router_load_e3,task_acc__glue_sst2,task_conflict_t0_t0,task_grad_norm_cv,task_loss__glue_sst2,utilization_ratio
50.0,0.7153781652450562,0.5578256544269403,0.6865391787822909,0.5091743119266054,0.6965461974794215,1.0,0.0,0.0,0.0,0.0,0.0,1.0,1.0,1.0,1.0,1.0,-0.027491224445068237,1.0,0.0,-0.16494734667040942,0.0,0.0,1.0,0.0,0.0,-0.16494734667040942,0.0,1.0,0.0,0.0,0.0,0.0,1.0,1.0,1.0,1.0,1.0,1.0015721918089504,519833505153.656,1.0,0.6923601873424075,0.4801664352416992,0.0,0.519833505153656,0.0,0.5091743119266054,1.0,0.0,0.6965461974794215,0.5
100.0,0.65699702501297,0.5578256544269403,0.6864284760949164,0.5091743119266054,0.6978974618694999,1.0,0.0,0.0,0.0,0.0,0.0,1.0,1.0,1.0,1.0,1.0,0.02696313130785204,1.0,0.0,0.0,0.0,0.0,1.0,0.16177878784711225,0.0,0.0,0.16177878784711225,1.0,0.0,0.0,0.0,0.0,1.0,1.0,1.0,1.0,1.0,1.0064407587051392,540191888809.2041,1.0,0.6899128556251526,0.0,0.4598081111907959,0.5401918888092041,0.0,0.5091743119266054,1.0,0.0,0.6978974618694999,0.5
150.0,0.7073952257633209,0.5578256544269403,0.6864719511565007,0.5091743119266054,0.697050865129991,1.0,0.0,0.0,0.0,0.0,0.0,1.0,1.0,1.0,1.0,1.0,-0.07255174231615455,1.0,0.0,-0.4353104538969273,0.0,0.0,1.0,0.0,0.0,-0.4353104538969273,0.0,1.0,0.0,0.0,0.0,0.0,1.0,1.0,1.0,1.0,1.0,1.0415846730223104,603016197681.427,1.0,0.6717695593833923,0.3969837427139282,0.0,0.603016197681427,0.0,0.5091743119266054,1.0,0.0,0.697050865129991,0.5
