step,train_step_loss,train_acc,train_loss,val_acc,val_loss,avg_intra_expert_coherence,expert_diversity_e0,expert_diversity_e1,expert_diversity_e2,expert_diversity_e3,expert_diversity_mean,expert_purity_e0,expert_purity_e1,expert_purity_e2,expert_purity_e3,expert_purity_mean,inter_expert_similarity,inter_expert_similarity_e0_e0,inter_expert_similarity_e0_e1,inter_expert_similarity_e0_e2,inter_expert_similarity_e0_e3,inter_expert_similarity_e1_e0,inter_expert_similarity_e1_e1,inter_expert_similarity_e1_e2,inter_expert_similarity_e1_e3,inter_expert_similarity_e2_e0,inter_expert_similarity_e2_e1,inter_expert_similarity_e2_e2,inter_expert_similarity_e2_e3,inter_expert_similarity_e3_e0,inter_expert_similarity_e3_e1,inter_expert_similarity_e3_e2,inter_expert_similarity_e3_e3,intra_expert_coherence_e0,intra_expert_coherence_e1,intra_expert_coherence_e2,intra_expert_coherence_e3,load_cv,load_max_min_ratio,overall_task_conflict_cos,router_entropy,router_load_e0,router_load_e1,router_load_e2,router_load_e3,task_acc__glue_sst2,task_conflict_t0_t0,task_grad_norm_cv,task_loss__glue_sst2,utilization_ratio
50.0,0.9534289836883545,0.44217434557305973,0.7206808378818199,0.4908256880733945,0.7064444975419478,1.0,0.0,0.0,0.0,0.0,0.0,1.0,1.0,1.0,1.0,1.0,0.003908792466298851,1.0,0.0,0.0,0.0,0.0,1.0,0.0,0.023452754797793105,0.0,0.0,1.0,0.0,0.0,0.023452754797793105,0.0,1.0,1.0,1.0,1.0,1.0,1.0066306575225217,540781974792.48047,1.0,0.689817213684047,0.0,0.45921820402145386,0.0,0.5407819747924805,0.4908256880733945,1.0,0.0,0.7064444975419478,0.5
100.0,0.7049400806427002,0.5578256544269403,0.6870179347003724,0.5091743119266054,0.7015999219634316,1.0,0.0,0.0,0.0,0.0,0.0,1.0,1.0,1.0,1.0,1.0,-0.005925267194484843,1.0,0.0,0.0,0.0,0.0,1.0,0.0,-0.03555160316690906,0.0,0.0,1.0,0.0,0.0,-0.03555160316690906,0.0,1.0,1.0,1.0,1.0,1.0,1.0075550088351974,543541789054.8706,1.0,0.6893505454063416,0.0,0.45645806193351746,0.0,0.5435417890548706,0.5091743119266054,1.0,0.0,0.7015999219634316,0.5
150.0,0.6938585638999939,0.5578256544269403,0.6884361849473944,0.5091743119266054,0.6935807997530157,1.0,0.0,0.0,0.0,0.0,0.0,1.0,1.0,1.0,1.0,1.0,0.01029806129285225,1.0,0.0,0.0,0.0617883677571135,0.0,1.0,0.0,0.0,0.0,0.0,1.0,0.0,0.0617883677571135,0.0,0.0,1.0,1.0,1.0,1.0,1.0,1.1850934955644898,724846124649.0479,1.0,0.5883174697193531,0.2751536965370178,0.0,0.0,0.7248461246490479,0.5091743119266054,1.0,0.0,0.6935807997530157,0.5
