step,train_step_loss,train_acc,train_loss,val_acc,val_loss,avg_intra_expert_coherence,expert_diversity_e0,expert_diversity_e1,expert_diversity_e2,expert_diversity_e3,expert_diversity_mean,expert_purity_e0,expert_purity_e1,expert_purity_e2,expert_purity_e3,expert_purity_mean,inter_expert_similarity,inter_expert_similarity_e0_e0,inter_expert_similarity_e0_e1,inter_expert_similarity_e0_e2,inter_expert_similarity_e0_e3,inter_expert_similarity_e1_e0,inter_expert_similarity_e1_e1,inter_expert_similarity_e1_e2,inter_expert_similarity_e1_e3,inter_expert_similarity_e2_e0,inter_expert_similarity_e2_e1,inter_expert_similarity_e2_e2,inter_expert_similarity_e2_e3,inter_expert_similarity_e3_e0,inter_expert_similarity_e3_e1,inter_expert_similarity_e3_e2,inter_expert_similarity_e3_e3,intra_expert_coherence_e0,intra_expert_coherence_e1,intra_expert_coherence_e2,intra_expert_coherence_e3,load_cv,load_max_min_ratio,overall_task_conflict_cos,router_entropy,router_load_e0,router_load_e1,router_load_e2,router_load_e3,task_acc__glue_rte,task_conflict_t0_t0,task_grad_norm_cv,task_loss__glue_rte,utilization_ratio
50.0,0.6261035799980164,0.6457831325301204,0.6446464492724492,0.592057761732852,0.6640554360217519,1.0,0.0,0.0,0.0,0.0,0.0,1.0,1.0,1.0,1.0,1.0,-0.015440177433309122,1.0,0.0,0.0,-0.09264106459985473,0.0,1.0,0.0,0.0,0.0,0.0,1.0,0.0,-0.09264106459985473,0.0,0.0,1.0,1.0,1.0,1.0,1.0,1.002724528312683,526116490364.0747,1.0,0.689926629462397,0.5261164903640747,0.0,0.0,0.4738835096359253,0.592057761732852,1.0,0.0,0.6640554360217519,0.5
100.0,0.5690325796604156,0.727710843373494,0.5790475192360389,0.6750902527075813,0.6135651278826926,1.0,0.0,0.0,0.0,0.0,0.0,1.0,1.0,1.0,1.0,1.0,0.011109904535270243,1.0,0.0,0.0,0.06665942721162146,0.0,1.0,0.0,0.0,0.0,0.0,1.0,0.0,0.06665942721162146,0.0,0.0,1.0,1.0,1.0,1.0,1.0,1.0008865594863892,514891266822.81494,1.0,0.6905279891155257,0.5148912668228149,0.0,0.0,0.48510873317718506,0.6750902527075813,1.0,0.0,0.6135651278826926,0.5
150.0,0.5170148462057114,0.7598393574297189,0.5293841844567886,0.7292418772563177,0.5887816556625896,1.0,0.0,0.0,0.0,0.0,0.0,1.0,1.0,1.0,1.0,1.0,-0.0966776587427939,1.0,0.0,0.0,-0.5800659524567634,0.0,1.0,0.0,0.0,0.0,0.0,1.0,0.0,-0.5800659524567634,0.0,0.0,1.0,1.0,1.0,1.0,1.0,1.0012483596801758,517671644687.6526,1.0,0.6902687299983166,0.5176716446876526,0.0,0.0,0.482328325510025,0.7292418772563177,1.0,0.0,0.5887816556625896,0.5
