step,train_step_loss,train_acc,train_loss,val_acc,val_loss,avg_intra_expert_coherence,expert_diversity_e0,expert_diversity_e1,expert_diversity_e2,expert_diversity_e3,expert_diversity_mean,expert_purity_e0,expert_purity_e1,expert_purity_e2,expert_purity_e3,expert_purity_mean,inter_expert_similarity,inter_expert_similarity_e0_e0,inter_expert_similarity_e0_e1,inter_expert_similarity_e0_e2,inter_expert_similarity_e0_e3,inter_expert_similarity_e1_e0,inter_expert_similarity_e1_e1,inter_expert_similarity_e1_e2,inter_expert_similarity_e1_e3,inter_expert_similarity_e2_e0,inter_expert_similarity_e2_e1,inter_expert_similarity_e2_e2,inter_expert_similarity_e2_e3,inter_expert_similarity_e3_e0,inter_expert_similarity_e3_e1,inter_expert_similarity_e3_e2,inter_expert_similarity_e3_e3,intra_expert_coherence_e0,intra_expert_coherence_e1,intra_expert_coherence_e2,intra_expert_coherence_e3,load_cv,load_max_min_ratio,overall_task_conflict_cos,router_entropy,router_load_e0,router_load_e1,router_load_e2,router_load_e3,task_acc__glue_mrpc,task_conflict_t0_t0,task_grad_norm_cv,task_loss__glue_mrpc,utilization_ratio
50.0,0.2958894968032837,0.8206106870229007,0.3827880551957566,0.8014705882352942,0.40347017834966,1.0,0.0,0.0,0.0,0.0,0.0,1.0,1.0,1.0,1.0,1.0,0.18367296523693255,1.0,0.17833887002389542,-0.0956567329916988,0.3036122677436907,0.17833887002389542,1.0,0.06328628705554329,0.23894408615492674,-0.0956567329916988,0.06328628705554329,1.0,0.4135130134352379,0.3036122677436907,0.23894408615492674,0.4135130134352379,1.0,1.0,1.0,1.0,1.0,0.5524010720731106,3.655654187296779,1.0,1.1935440559013217,0.40432968735694885,0.11060392111539841,0.1142243891954422,0.37084195017814636,0.8014705882352942,1.0,0.0,0.40347017834966,0.5
100.0,0.325414776802063,0.8830425299890948,0.2953340287806223,0.8529411764705882,0.3451809592258472,1.0,0.0,0.0,0.0,0.0,0.0,1.0,1.0,1.0,1.0,1.0,0.17427893460013869,1.0,0.07920715326302363,-0.06804311540239064,0.32977516202462465,0.07920715326302363,1.0,0.3151391688707311,0.13427896691064292,-0.06804311540239064,0.3151391688707311,1.0,0.2553162719342004,0.32977516202462465,0.13427896691064292,0.2553162719342004,1.0,1.0,1.0,1.0,1.0,0.4580940554254121,2.8289390114401343,1.0,1.2297665979347976,0.3682282865047455,0.14097891747951508,0.13016480207443237,0.3606278896331787,0.8529411764705882,1.0,0.0,0.3451809592258472,1.0
