step,train_step_loss,train_acc,train_loss,val_acc,val_loss,avg_intra_expert_coherence,expert_diversity_e0,expert_diversity_e1,expert_diversity_e2,expert_diversity_e3,expert_diversity_mean,expert_purity_e0,expert_purity_e1,expert_purity_e2,expert_purity_e3,expert_purity_mean,inter_expert_similarity,inter_expert_similarity_e0_e0,inter_expert_similarity_e0_e1,inter_expert_similarity_e0_e2,inter_expert_similarity_e0_e3,inter_expert_similarity_e1_e0,inter_expert_similarity_e1_e1,inter_expert_similarity_e1_e2,inter_expert_similarity_e1_e3,inter_expert_similarity_e2_e0,inter_expert_similarity_e2_e1,inter_expert_similarity_e2_e2,inter_expert_similarity_e2_e3,inter_expert_similarity_e3_e0,inter_expert_similarity_e3_e1,inter_expert_similarity_e3_e2,inter_expert_similarity_e3_e3,intra_expert_coherence_e0,intra_expert_coherence_e1,intra_expert_coherence_e2,intra_expert_coherence_e3,load_cv,load_max_min_ratio,overall_task_conflict_cos,router_entropy,router_load_e0,router_load_e1,router_load_e2,router_load_e3,task_acc__glue_mrpc,task_conflict_t0_t0,task_grad_norm_cv,task_loss__glue_mrpc,utilization_ratio
50.0,0.4673595428466797,0.7963467829880043,0.43981419581434,0.7916666666666666,0.4409534140275075,1.0,0.0,0.0,0.0,0.0,0.0,1.0,1.0,1.0,1.0,1.0,0.05198235893506278,1.0,-0.42659953516679494,-0.1522485781489341,0.2945955671437756,-0.42659953516679494,1.0,0.24503063845799414,0.23443857336494198,-0.1522485781489341,0.24503063845799414,1.0,0.11667748795939395,0.2945955671437756,0.23443857336494198,0.11667748795939395,1.0,1.0,1.0,1.0,1.0,0.33385610580444336,2.0896665716131473,1.0,1.3171169033237533,0.19431690871715546,0.22542618215084076,0.1878056824207306,0.3924512565135956,0.7916666666666666,1.0,0.0,0.4409534140275075,1.0
100.0,0.19676335155963898,0.8868593238822247,0.2703321113291642,0.8651960784313726,0.3014199562514058,1.0,0.0,0.0,0.0,0.0,0.0,1.0,1.0,1.0,1.0,1.0,0.09907075006862898,1.0,-0.34917842262410403,-0.24218344266313283,-0.10016400113225873,-0.34917842262410403,1.0,0.27963414805953746,0.386784476362311,-0.24218344266313283,0.27963414805953746,1.0,0.619531742409421,-0.10016400113225873,0.386784476362311,0.619531742409421,1.0,1.0,1.0,1.0,1.0,0.23966461420059204,1.7311258957411655,1.0,1.334962010383606,0.20003384351730347,0.3133646547794342,0.18101783096790314,0.3055836856365204,0.8651960784313726,1.0,0.0,0.3014199562514058,1.0
