step,train_step_loss,train_acc,train_loss,val_acc,val_loss,avg_intra_expert_coherence,expert_diversity_e0,expert_diversity_e1,expert_diversity_e2,expert_diversity_e3,expert_diversity_mean,expert_purity_e0,expert_purity_e1,expert_purity_e2,expert_purity_e3,expert_purity_mean,inter_expert_similarity,inter_expert_similarity_e0_e0,inter_expert_similarity_e0_e1,inter_expert_similarity_e0_e2,inter_expert_similarity_e0_e3,inter_expert_similarity_e1_e0,inter_expert_similarity_e1_e1,inter_expert_similarity_e1_e2,inter_expert_similarity_e1_e3,inter_expert_similarity_e2_e0,inter_expert_similarity_e2_e1,inter_expert_similarity_e2_e2,inter_expert_similarity_e2_e3,inter_expert_similarity_e3_e0,inter_expert_similarity_e3_e1,inter_expert_similarity_e3_e2,inter_expert_similarity_e3_e3,intra_expert_coherence_e0,intra_expert_coherence_e1,intra_expert_coherence_e2,intra_expert_coherence_e3,load_cv,load_max_min_ratio,overall_task_conflict_cos,router_entropy,router_load_e0,router_load_e1,router_load_e2,router_load_e3,task_acc__glue_rte,task_conflict_t0_t0,task_grad_norm_cv,task_loss__glue_rte,utilization_ratio
50.0,0.6748815476894379,0.5855421686746988,0.6695796498885521,0.5740072202166066,0.6858758197890388,1.0,0.0,0.0,0.0,0.0,0.0,1.0,1.0,1.0,1.0,1.0,-0.02780786907153526,1.0,0.0,0.0,0.0,0.0,1.0,-0.16684721442921155,0.0,0.0,-0.16684721442921155,1.0,0.0,0.0,0.0,0.0,1.0,1.0,1.0,1.0,1.0,1.0080654621124268,544994413852.69165,1.0,0.6879557754158543,0.0,0.5449944138526917,0.45500561594963074,0.0,0.5740072202166066,1.0,0.0,0.6858758197890388,0.5
100.0,0.7189730703830719,0.7016064257028113,0.5892108883613195,0.6931407942238267,0.6213993744717704,1.0,0.0,0.0,0.0,0.0,0.0,1.0,1.0,1.0,1.0,1.0,-0.07733888077209637,1.0,0.0,0.0,0.0,0.0,1.0,-0.4640332846325782,0.0,0.0,-0.4640332846325782,1.0,0.0,0.0,0.0,0.0,1.0,1.0,1.0,1.0,1.0,1.0124075427541188,555867016315.4602,1.0,0.683827092931589,0.0,0.5558670163154602,0.44413289427757263,0.0,0.6931407942238267,1.0,0.0,0.6213993744717704,0.5
150.0,0.6068912446498871,0.7397590361445783,0.5612587646414072,0.6823104693140795,0.6087362956669595,1.0,0.0,0.0,0.0,0.0,0.0,1.0,1.0,1.0,1.0,1.0,-0.016860004908327304,1.0,0.0,0.0,0.0,0.0,1.0,-0.10116002944996381,0.0,0.0,-0.10116002944996381,1.0,0.0,0.0,0.0,0.0,1.0,1.0,1.0,1.0,1.0,1.0274720191955566,583440542221.0693,1.0,0.6770475401344712,0.0,0.5834405422210693,0.41655948758125305,0.0,0.6823104693140795,1.0,0.0,0.6087362956669595,0.5
