step,train_step_loss,train_acc,train_loss,val_acc,val_loss,alignment_reward,l_conflict,l_conflict_e0,l_conflict_e1,l_conflict_e2,l_conflict_e3,router_conflict_grad_l2,router_entropy,router_load_e0,router_load_e1,router_load_e2,router_load_e3
5.0,0.6736760636170707,0.6292232829879107,0.6500290598527535,0.6173249539520539,0.654848226886325,0.12584814429283142,-0.12584814429283142,-0.06313910335302353,-0.01596602238714695,-0.02155093476176262,-0.025192085653543472,0.0,1.237891973030788,0.4663850665092468,0.1101115271449089,0.20448672771453857,0.21901661157608032
