step,train_step_loss,train_acc,train_loss,val_acc,val_loss,avg_intra_expert_coherence,expert_diversity_e0,expert_diversity_e1,expert_diversity_e2,expert_diversity_e3,expert_diversity_mean,expert_purity_e0,expert_purity_e1,expert_purity_e2,expert_purity_e3,expert_purity_mean,inter_expert_similarity,inter_expert_similarity_e0_e0,inter_expert_similarity_e0_e1,inter_expert_similarity_e0_e2,inter_expert_similarity_e0_e3,inter_expert_similarity_e1_e0,inter_expert_similarity_e1_e1,inter_expert_similarity_e1_e2,inter_expert_similarity_e1_e3,inter_expert_similarity_e2_e0,inter_expert_similarity_e2_e1,inter_expert_similarity_e2_e2,inter_expert_similarity_e2_e3,inter_expert_similarity_e3_e0,inter_expert_similarity_e3_e1,inter_expert_similarity_e3_e2,inter_expert_similarity_e3_e3,intra_expert_coherence_e0,intra_expert_coherence_e1,intra_expert_coherence_e2,intra_expert_coherence_e3,load_cv,load_max_min_ratio,overall_task_conflict_cos,router_entropy,router_load_e0,router_load_e1,router_load_e2,router_load_e3,task_acc__amazon_polarity,task_acc__glue_sst2,task_acc__yelp_polarity,task_conflict_t0_t0,task_conflict_t0_t1,task_conflict_t0_t2,task_conflict_t1_t0,task_conflict_t1_t1,task_conflict_t1_t2,task_conflict_t2_t0,task_conflict_t2_t1,task_conflict_t2_t2,task_grad_norm_cv,task_loss__amazon_polarity,task_loss__glue_sst2,task_loss__yelp_polarity,utilization_ratio
1.0,0.7115773657957712,0.5625,0.6874949360887209,0.5208333333333334,0.6890888884663582,0.004001645466916375,0.9646664412573672,0.9906368695249087,0.9850617871774516,0.9104101118206633,0.9626938024450977,0.46373623609542847,0.3978269398212433,0.409377783536911,0.549232006072998,0.4550432413816452,0.015883462565393677,1.0,0.012746466779959706,0.019745702694175804,0.008902150336173848,0.012746466779959706,1.0,0.033713622075774226,0.016370419028797756,0.019745702694175804,0.033713622075774226,1.0,0.003822414477480734,0.008902150336173848,0.016370419028797756,0.003822414477480734,1.0,-0.08786345915006873,0.17162217914546143,-0.07562333522882903,0.007871197101101816,0.2669633488037198,2.198810396636212,-0.005203743987064635,1.3359568417072296,0.31447646021842957,0.2456342577934265,0.29686805605888367,0.14302118122577667,0.5,0.5625,0.5,1.0,-0.17635744893689453,-0.21704567596920873,-0.17635744893689453,1.0,0.3777918929449094,-0.21704567596920873,0.3777918929449094,1.0,0.22052826857185626,0.6882175877690315,0.6871495023369789,0.6918995752930641,1.0
