step,train_step_loss,train_acc,train_loss,val_acc,val_loss,avg_intra_expert_coherence,expert_diversity_e0,expert_diversity_e1,expert_diversity_e2,expert_diversity_e3,expert_diversity_mean,expert_purity_e0,expert_purity_e1,expert_purity_e2,expert_purity_e3,expert_purity_mean,inter_expert_similarity,inter_expert_similarity_e0_e0,inter_expert_similarity_e0_e1,inter_expert_similarity_e0_e2,inter_expert_similarity_e0_e3,inter_expert_similarity_e1_e0,inter_expert_similarity_e1_e1,inter_expert_similarity_e1_e2,inter_expert_similarity_e1_e3,inter_expert_similarity_e2_e0,inter_expert_similarity_e2_e1,inter_expert_similarity_e2_e2,inter_expert_similarity_e2_e3,inter_expert_similarity_e3_e0,inter_expert_similarity_e3_e1,inter_expert_similarity_e3_e2,inter_expert_similarity_e3_e3,intra_expert_coherence_e0,intra_expert_coherence_e1,intra_expert_coherence_e2,intra_expert_coherence_e3,load_cv,load_max_min_ratio,overall_task_conflict_cos,router_entropy,router_load_e0,router_load_e1,router_load_e2,router_load_e3,task_acc__glue_rte,task_conflict_t0_t0,task_grad_norm_cv,task_loss__glue_rte,utilization_ratio
50.0,0.5878985822200775,0.5016064257028112,0.69693490366141,0.5270758122743683,0.6884921954737769,1.0,0.0,0.0,0.0,0.0,0.0,1.0,1.0,1.0,1.0,1.0,0.09883470907518309,1.0,0.0,0.0,0.0,0.0,1.0,0.0,0.5930082544510985,0.0,0.0,1.0,0.0,0.0,0.5930082544510985,0.0,1.0,1.0,1.0,1.0,1.0,1.000028133392334,502652883529.6631,1.0,0.6927628129828277,0.0,0.5026528835296631,0.0,0.4973471164703369,0.5270758122743683,1.0,0.0,0.6884921954737769,0.5
100.0,0.6750382483005524,0.5863453815261044,0.6547087810933591,0.5306859205776173,0.686042469408777,1.0,0.0,0.0,0.0,0.0,0.0,1.0,1.0,1.0,1.0,1.0,0.014511472871668665,1.0,0.0,0.0,0.0,0.0,1.0,0.0,0.08706883723001199,0.0,0.0,1.0,0.0,0.0,0.08706883723001199,0.0,1.0,1.0,1.0,1.0,1.0,1.0002397298812866,507741391658.78296,1.0,0.6925159042923029,0.0,0.507741391658783,0.0,0.49225860834121704,0.5306859205776173,1.0,0.0,0.686042469408777,0.5
150.0,0.6558449864387512,0.6783132530120481,0.6345962524987184,0.6137184115523465,0.6542870253324509,1.0,0.0,0.0,0.0,0.0,0.0,1.0,1.0,1.0,1.0,1.0,0.048841388275805926,1.0,0.0,0.0,0.0,0.0,1.0,0.0,0.29304832965483557,0.0,0.0,1.0,0.0,0.0,0.29304832965483557,0.0,1.0,1.0,1.0,1.0,1.0,1.0001378059387207,505869150161.74316,1.0,0.6925905138146576,0.0,0.5058691501617432,0.0,0.4941308796405792,0.6137184115523465,1.0,0.0,0.6542870253324509,0.5
