step,train_step_loss,train_acc,train_loss,val_acc,val_loss,avg_intra_expert_coherence,expert_diversity_e0,expert_diversity_e1,expert_diversity_e2,expert_diversity_e3,expert_diversity_mean,expert_purity_e0,expert_purity_e1,expert_purity_e2,expert_purity_e3,expert_purity_mean,inter_expert_similarity,inter_expert_similarity_e0_e0,inter_expert_similarity_e0_e1,inter_expert_similarity_e0_e2,inter_expert_similarity_e0_e3,inter_expert_similarity_e1_e0,inter_expert_similarity_e1_e1,inter_expert_similarity_e1_e2,inter_expert_similarity_e1_e3,inter_expert_similarity_e2_e0,inter_expert_similarity_e2_e1,inter_expert_similarity_e2_e2,inter_expert_similarity_e2_e3,inter_expert_similarity_e3_e0,inter_expert_similarity_e3_e1,inter_expert_similarity_e3_e2,inter_expert_similarity_e3_e3,intra_expert_coherence_e0,intra_expert_coherence_e1,intra_expert_coherence_e2,intra_expert_coherence_e3,load_cv,load_max_min_ratio,overall_task_conflict_cos,router_entropy,router_load_e0,router_load_e1,router_load_e2,router_load_e3,task_acc__glue_rte,task_conflict_t0_t0,task_grad_norm_cv,task_loss__glue_rte,utilization_ratio
50.0,0.6435419619083405,0.6333333333333333,0.644554131038678,0.5992779783393501,0.6702228503094779,1.0,0.0,0.0,0.0,0.0,0.0,1.0,1.0,1.0,1.0,1.0,0.012435946831660978,1.0,0.07461568098996586,0.0,0.0,0.07461568098996586,1.0,0.0,0.0,0.0,0.0,1.0,0.0,0.0,0.0,0.0,1.0,1.0,1.0,1.0,1.0,1.0286798477172852,591986358165.741,1.0,0.6750617199426093,0.591986358165741,0.40507909655570984,0.002934551564976573,0.0,0.5992779783393501,1.0,0.0,0.6702228503094779,0.5
100.0,0.9181854724884033,0.7136546184738956,0.5512877512627687,0.6245487364620939,0.6445169217056699,1.0,0.0,0.0,0.0,0.0,0.0,1.0,1.0,1.0,1.0,1.0,0.04499759204106996,1.0,0.2699855522464198,0.0,0.0,0.2699855522464198,1.0,0.0,0.0,0.0,0.0,1.0,0.0,0.0,0.0,0.0,1.0,1.0,1.0,1.0,1.0,1.054438591003418,626182734966.2781,1.0,0.6584342412569893,0.6261827349662781,0.3685479462146759,0.005269261077046394,0.0,0.6245487364620939,1.0,0.0,0.6445169217056699,0.5
150.0,0.5550327003002167,0.702008032128514,0.5770479198736258,0.631768953068592,0.653044669992394,1.0,0.0,0.0,0.0,0.0,0.0,1.0,1.0,1.0,1.0,1.0,0.051453135889523875,1.0,0.30871881533714324,0.0,0.0,0.30871881533714324,1.0,0.0,0.0,0.0,0.0,1.0,0.0,0.0,0.0,0.0,1.0,1.0,1.0,1.0,1.0,1.020234227180481,582309007644.6533,1.0,0.6771974357026579,0.5823090076446533,0.41366589069366455,0.004025097005069256,0.0,0.631768953068592,1.0,0.0,0.653044669992394,0.5
