step,train_step_loss,train_acc,train_loss,val_acc,val_loss,avg_intra_expert_coherence,expert_diversity_e0,expert_diversity_e1,expert_diversity_e2,expert_diversity_e3,expert_diversity_mean,expert_purity_e0,expert_purity_e1,expert_purity_e2,expert_purity_e3,expert_purity_mean,inter_expert_similarity,inter_expert_similarity_e0_e0,inter_expert_similarity_e0_e1,inter_expert_similarity_e0_e2,inter_expert_similarity_e0_e3,inter_expert_similarity_e1_e0,inter_expert_similarity_e1_e1,inter_expert_similarity_e1_e2,inter_expert_similarity_e1_e3,inter_expert_similarity_e2_e0,inter_expert_similarity_e2_e1,inter_expert_similarity_e2_e2,inter_expert_similarity_e2_e3,inter_expert_similarity_e3_e0,inter_expert_similarity_e3_e1,inter_expert_similarity_e3_e2,inter_expert_similarity_e3_e3,intra_expert_coherence_e0,intra_expert_coherence_e1,intra_expert_coherence_e2,intra_expert_coherence_e3,load_cv,load_max_min_ratio,overall_task_conflict_cos,router_entropy,router_load_e0,router_load_e1,router_load_e2,router_load_e3,task_acc__glue_mrpc,task_conflict_t0_t0,task_grad_norm_cv,task_loss__glue_mrpc,utilization_ratio
50.0,0.3757975548505783,0.8214285714285714,0.3937066480517387,0.821078431372549,0.3940770780810943,1.0,0.0,0.0,0.0,0.0,0.0,1.0,1.0,1.0,1.0,1.0,-0.08404961463762743,1.0,-0.2395768377848418,-0.17021695594849434,0.011811249497726812,-0.2395768377848418,1.0,0.1075357694483852,-0.28285457377258505,-0.17021695594849434,0.1075357694483852,1.0,0.06900366073404468,0.011811249497726812,-0.28285457377258505,0.06900366073404468,1.0,1.0,1.0,1.0,1.0,0.38737261295318604,2.467425869109866,1.0,1.2939122471154905,0.3142446279525757,0.15182046592235565,0.15932917594909668,0.3746057450771332,0.821078431372549,1.0,0.0,0.3940770780810943,1.0
100.0,0.2167411670088768,0.8814067611777535,0.27153301773511845,0.8455882352941176,0.33519641696833646,1.0,0.0,0.0,0.0,0.0,0.0,1.0,1.0,1.0,1.0,1.0,-0.032186798183670366,1.0,-0.10670970273758956,-0.030560891864156337,-0.12121061056592278,-0.10670970273758956,1.0,0.39246124592859966,-0.3102762074591644,-0.030560891864156337,0.39246124592859966,1.0,-0.016824622403788732,-0.12121061056592278,-0.3102762074591644,-0.016824622403788732,1.0,1.0,1.0,1.0,1.0,0.28184187412261963,2.226795568975734,1.0,1.3272110247144513,0.2914680540561676,0.22063815593719482,0.15120072662830353,0.3366931080818176,0.8455882352941176,1.0,0.0,0.33519641696833646,1.0
