step,train_step_loss,train_acc,train_loss,val_acc,val_loss,avg_intra_expert_coherence,expert_diversity_e0,expert_diversity_e1,expert_diversity_e2,expert_diversity_e3,expert_diversity_mean,expert_purity_e0,expert_purity_e1,expert_purity_e2,expert_purity_e3,expert_purity_mean,inter_expert_similarity,inter_expert_similarity_e0_e0,inter_expert_similarity_e0_e1,inter_expert_similarity_e0_e2,inter_expert_similarity_e0_e3,inter_expert_similarity_e1_e0,inter_expert_similarity_e1_e1,inter_expert_similarity_e1_e2,inter_expert_similarity_e1_e3,inter_expert_similarity_e2_e0,inter_expert_similarity_e2_e1,inter_expert_similarity_e2_e2,inter_expert_similarity_e2_e3,inter_expert_similarity_e3_e0,inter_expert_similarity_e3_e1,inter_expert_similarity_e3_e2,inter_expert_similarity_e3_e3,intra_expert_coherence_e0,intra_expert_coherence_e1,intra_expert_coherence_e2,intra_expert_coherence_e3,load_cv,load_max_min_ratio,overall_task_conflict_cos,router_entropy,router_load_e0,router_load_e1,router_load_e2,router_load_e3,task_acc__glue_mrpc,task_conflict_t0_t0,task_grad_norm_cv,task_loss__glue_mrpc,utilization_ratio
50.0,0.5268578380346298,0.777535441657579,0.4739773468316897,0.7867647058823529,0.4681670293211937,1.0,0.0,0.0,0.0,0.0,0.0,1.0,1.0,1.0,1.0,1.0,0.009423416335469741,1.0,0.0,0.0,0.0,0.0,1.0,0.0,0.0,0.0,0.0,1.0,0.05654049801281845,0.0,0.0,0.05654049801281845,1.0,1.0,1.0,1.0,1.0,1.2881929025879981,787106394767.7612,1.0,0.4746510555931166,0.0,0.0,0.7871063947677612,0.21289348602294922,0.7867647058823529,1.0,0.0,0.4681670293211937,0.5
100.0,0.46205955743789673,0.8484187568157033,0.40793962796097216,0.8406862745098039,0.41926395864440846,1.0,0.0,0.0,0.0,0.0,0.0,1.0,1.0,1.0,1.0,1.0,0.00847759674477467,1.0,0.0,0.0,0.0,0.0,1.0,0.0,0.0,0.0,0.0,1.0,0.05086558046864802,0.0,0.0,0.05086558046864802,1.0,1.0,1.0,1.0,1.0,1.0818729498234927,645966172218.3228,1.0,0.6487894268596873,0.0,0.0,0.6459661722183228,0.3540336787700653,0.8406862745098039,1.0,0.0,0.41926395864440846,0.5
150.0,0.426184818148613,0.8334242093784079,0.4342398701802544,0.8308823529411765,0.4630678377758998,1.0,0.0,0.0,0.0,0.0,0.0,1.0,1.0,1.0,1.0,1.0,0.013476070407228882,1.0,0.0,0.0,0.0,0.0,1.0,0.0,0.0,0.0,0.0,1.0,0.0808564224433733,0.0,0.0,0.0808564224433733,1.0,1.0,1.0,1.0,1.0,1.0001506805419922,506139039993.28613,1.0,0.6921037447218802,0.0,0.0,0.5061390399932861,0.49386096000671387,0.8308823529411765,1.0,0.0,0.4630678377758998,0.5
