step,train_step_loss,train_acc,train_loss,val_acc,val_loss,router_entropy,router_load_e0,router_load_e1,router_load_e2,router_load_e3
30.0,0.6787004619836807,0.6269810213710804,0.6288395760453859,0.6137508779588204,0.6412834735614893,0.6846834880610307,0.005841502454131842,0.49925458431243896,0.0005375081091187894,0.49436643719673157
50.0,0.635932539900144,0.6426188071456909,0.6131379619773663,0.6321787407086014,0.6249896671962142,0.6848641131763105,0.014005609788000584,0.5020872950553894,0.0034631146118044853,0.48044389486312866
