step,train_step_loss,train_acc,train_loss,val_acc,val_loss,router_entropy,router_load_e0,router_load_e1,router_load_e2,router_load_e3
30.0,0.6412455985943476,0.6405171660397916,0.6296415435812469,0.6453993860605647,0.6303040972200425,0.6344182529935131,0.2624138295650482,0.04822495952248573,0.6569079756736755,0.03245343267917633
50.0,0.6089352965354919,0.6423042120473069,0.6133071755434876,0.6510155229521686,0.6138983640074072,0.6435653676313383,0.27283284068107605,0.044335104525089264,0.6418453454971313,0.04098653420805931
