{
  "best_val_acc": 0.6943916713342958,
  "final_val_acc": 0.6736288685189548,
  "method": "ours",
  "num_eval_points": 5
}