{
  "best_val_acc": 0.6869420378978686,
  "final_val_acc": 0.6869420378978686,
  "method": "ours",
  "num_eval_points": 5
}