{
  "best_val_acc": 0.6997849095622387,
  "final_val_acc": 0.6997849095622387,
  "method": "ours",
  "num_eval_points": 5
}