step,train_step_loss,train_acc,train_loss,val_acc,val_loss,router_entropy,router_load_e0,router_load_e1,router_load_e2,router_load_e3
30.0,0.6800940235455831,0.625745881252294,0.6708778021985878,0.6160076283075439,0.6732888877753349,0.6387929913622362,0.0,0.6633439660072327,0.33665716648101807,0.0
50.0,0.6620447635650635,0.625745881252294,0.6623333992978823,0.6160076283075439,0.6666776706763345,0.6872273090261,0.4456482529640198,0.5543517470359802,0.0,0.0
