step,train_step_loss,train_acc,train_loss,val_acc,val_loss,avg_intra_expert_coherence,expert_diversity_e0,expert_diversity_e1,expert_diversity_e2,expert_diversity_e3,expert_diversity_mean,expert_purity_e0,expert_purity_e1,expert_purity_e2,expert_purity_e3,expert_purity_mean,inter_expert_similarity,inter_expert_similarity_e0_e0,inter_expert_similarity_e0_e1,inter_expert_similarity_e0_e2,inter_expert_similarity_e0_e3,inter_expert_similarity_e1_e0,inter_expert_similarity_e1_e1,inter_expert_similarity_e1_e2,inter_expert_similarity_e1_e3,inter_expert_similarity_e2_e0,inter_expert_similarity_e2_e1,inter_expert_similarity_e2_e2,inter_expert_similarity_e2_e3,inter_expert_similarity_e3_e0,inter_expert_similarity_e3_e1,inter_expert_similarity_e3_e2,inter_expert_similarity_e3_e3,intra_expert_coherence_e0,intra_expert_coherence_e1,intra_expert_coherence_e2,intra_expert_coherence_e3,load_cv,load_max_min_ratio,overall_task_conflict_cos,router_entropy,router_load_e0,router_load_e1,router_load_e2,router_load_e3,task_acc__glue_mrpc,task_conflict_t0_t0,task_grad_norm_cv,task_loss__glue_mrpc,utilization_ratio
50.0,0.6638786494731903,0.7350054525627044,0.5489036161614501,0.7279411764705882,0.555345454468177,1.0,0.0,0.0,0.0,0.0,0.0,1.0,1.0,1.0,1.0,1.0,-0.0862295343393779,1.0,0.0,0.0,0.0,0.0,1.0,-0.5173772060362674,0.0,0.0,-0.5173772060362674,1.0,0.0,0.0,0.0,0.0,1.0,1.0,1.0,1.0,1.0,0.9740267426935741,514349937438.96484,1.0,0.6924595447147593,0.0,0.47162434458732605,0.5143499374389648,0.014025752432644367,0.7279411764705882,1.0,0.0,0.555345454468177,0.5
100.0,0.6916108131408691,0.6744820065430752,0.6302686823451,0.6838235294117647,0.6252286829627477,1.0,0.0,0.0,0.0,0.0,0.0,1.0,1.0,1.0,1.0,1.0,0.07008746301498359,1.0,0.0,0.0,0.0,0.0,1.0,0.0,0.4205247780899015,0.0,0.0,1.0,0.0,0.0,0.4205247780899015,0.0,1.0,1.0,1.0,1.0,1.0,1.0002087354660034,507223129272.46094,1.0,0.6930428299249387,0.0,0.49277690052986145,0.0,0.5072231292724609,0.6838235294117647,1.0,0.0,0.6252286829627477,0.5
150.0,0.6586038768291473,0.6744820065430752,0.6326833612892939,0.6838235294117647,0.626530528641664,1.0,0.0,0.0,0.0,0.0,0.0,1.0,1.0,1.0,1.0,1.0,-0.06785494375005292,1.0,0.0,0.0,0.0,0.0,1.0,0.0,0.0,0.0,0.0,1.0,-0.4071296625003175,0.0,0.0,-0.4071296625003175,1.0,1.0,1.0,1.0,1.0,1.0000094771390842,501543581485.7483,1.0,0.6931424094181434,0.0,0.0,0.5015435814857483,0.49845635890960693,0.6838235294117647,1.0,0.0,0.626530528641664,0.5
