ts_epoch,event,phase,completed_jobs,total_jobs,failed_jobs,percent,eta_sec,elapsed_sec
1774665900.4241996,init,,0,0,0,0.0,,1.621246337890625e-05
1774665900.424484,pipeline_start,,0,0,0,0.0,,0.0002951622009277344
1774665900.4251175,lock_wait,,0,0,0,0.0,,0.0005435943603515625
1774665900.4253561,lock_acquired,,0,0,0,0.0,,0.0011897087097167969
1774665900.425541,method_start,,0,0,0,0.0,,0.0013988018035888672
1774665900.4257991,lock_wait,,0,0,0,0.0,,0.0016417503356933594
1774665900.4260235,lock_acquired,,0,0,0,0.0,,0.001873016357421875
1774665900.426237,lock_released,,0,0,0,0.0,,0.0020737648010253906
1774665900.426861,lock_wait,,0,0,0,0.0,,0.0027010440826416016
1774665900.4270678,lock_acquired,,0,0,0,0.0,,0.002920866012573242
1774665900.4272532,plan_add,,0,24,0,0.0,,0.003107786178588867
1774665900.427468,phase_start,baseline:coord:train.lr,0,24,0,0.0,,0.0033121109008789062
1774665980.6553838,group_slots,baseline:coord:train.lr,0,24,0,0.0,,80.22927165031433
1774665980.6557252,group_start,baseline:coord:train.lr,0,24,0,0.0,,80.23153376579285
1774666309.9302452,job_done,baseline:coord:train.lr,1,24,0,4.166666666666667,9418.632424116135,409.5057575702667
1774666311.028196,job_done,baseline:coord:train.lr,2,24,0,8.333333333333334,4516.641745567322,410.6037950515747
1774666313.1945953,job_done,baseline:coord:train.lr,3,24,0,12.5,2889.3887197971344,412.76981711387634
1774666314.176416,job_done,baseline:coord:train.lr,4,24,0,16.666666666666668,2068.759688138962,413.75193762779236
1774666644.1412678,job_done,baseline:coord:train.lr,5,24,0,20.833333333333332,2826.1233570098875,743.7166728973389
1774666648.7227118,job_done,baseline:coord:train.lr,6,24,0,25.0,2244.895234823227,748.2984116077423
1774666649.553696,job_done,baseline:coord:train.lr,7,24,0,29.166666666666668,1819.3143092904772,749.1294214725494
1774666650.3356757,job_done,baseline:coord:train.lr,8,24,0,33.333333333333336,1499.822765827179,749.9113829135895
1774666960.4095263,job_done,baseline:coord:train.lr,9,24,0,37.5,1766.6409488519032,1059.984569311142
1774666970.0106394,job_done,baseline:coord:train.lr,10,24,0,41.666666666666664,1497.420902967453,1069.5863592624664
1774666970.5003157,job_done,baseline:coord:train.lr,11,24,0,45.833333333333336,1264.6352588913658,1070.075988292694
1774666970.9515867,job_done,baseline:coord:train.lr,12,24,0,50.0,1070.5271475315094,1070.5271475315094
1774667271.832211,job_done,baseline:coord:train.lr,13,24,0,54.166666666666664,1160.42208807285,1371.4079222679138
1774667299.3909266,job_done,baseline:coord:train.lr,14,24,0,58.333333333333336,999.2618666376386,1398.966613292694
1774667304.3726528,job_done,baseline:coord:train.lr,15,24,0,62.5,842.3690135478973,1403.9483559131622
1774667304.7361605,job_done,baseline:coord:train.lr,16,24,0,66.66666666666667,702.1558409929276,1404.311681985855
1774667548.8874757,job_done,baseline:coord:train.lr,17,24,0,70.83333333333333,678.7789439313551,1648.463149547577
1774667606.6976182,job_done,baseline:coord:train.lr,18,24,0,75.0,568.7575182914734,1706.2725548744202
1774667611.0553772,job_done,baseline:coord:train.lr,19,24,0,79.16666666666667,450.1660726572338,1710.6310760974884
1774667615.1578872,job_done,baseline:coord:train.lr,20,24,0,83.33333333333333,342.94666757583616,1714.733337879181
1774667830.8215835,job_done,baseline:coord:train.lr,21,24,0,87.5,275.7710342066629,1930.39723944664
1774667912.7941358,job_done,baseline:coord:train.lr,22,24,0,91.66666666666667,182.9427110715346,2012.3698217868805
1774667919.9739828,job_done,baseline:coord:train.lr,23,24,0,95.83333333333333,87.80650505812272,2019.5496163368225
1774667921.2131133,job_done,baseline:coord:train.lr,24,24,0,100.0,,2020.7888596057892
1774667921.2317438,group_end,baseline:coord:train.lr,24,24,0,100.0,,2020.8073420524597
1774667921.2320993,phase_end,,24,24,0,100.0,,2020.807847738266
1774667921.2325304,lock_released,,24,24,0,100.0,,2020.808253288269
1774667921.2347243,lock_wait,,24,24,0,100.0,,2020.8104474544525
1774667921.2351544,lock_acquired,,24,24,0,100.0,,2020.8108971118927
1774667921.2355273,plan_add,,24,48,0,50.0,2020.811255455017,2020.811255455017
1774667921.235907,phase_start,baseline:coord:train.weight_decay,24,48,0,50.0,2020.8116488456726,2020.8116488456726
1774668000.5467784,group_slots,baseline:coord:train.weight_decay,24,48,0,50.0,2100.122278690338,2100.122278690338
1774668000.5471752,group_start,baseline:coord:train.weight_decay,24,48,0,50.0,2100.1229124069214,2100.1229124069214
1774668329.1359494,job_done,baseline:coord:train.weight_decay,25,48,0,52.083333333333336,2234.4116545295715,2428.7083201408386
1774668331.0842955,job_done,baseline:coord:train.weight_decay,26,48,0,54.166666666666664,2056.71209694789,2430.6597509384155
1774668333.3560815,job_done,baseline:coord:train.weight_decay,27,48,0,56.25,1892.2801970110997,2432.931681871414
1774668333.44702,job_done,baseline:coord:train.weight_decay,28,48,0,58.333333333333336,1737.8733445916855,2433.02268242836
1774668667.7652748,job_done,baseline:coord:train.weight_decay,29,48,0,60.416666666666664,1813.085324418956,2767.3407583236694
1774668670.085119,job_done,baseline:coord:train.weight_decay,30,48,0,62.5,1661.7963891506197,2769.660648584366
1774668672.7957702,job_done,baseline:coord:train.weight_decay,31,48,0,64.58333333333333,1520.3327019829903,2772.3713977336884
1774668979.5445466,job_done,baseline:coord:train.weight_decay,32,48,0,66.66666666666667,1539.5600538253786,3079.120107650757
1774668987.2993772,job_done,baseline:coord:train.weight_decay,33,48,0,68.75,1403.1248329986227,3086.8746325969696
1774668989.1544063,job_done,baseline:coord:train.weight_decay,34,48,0,70.83333333333333,1271.8299907796522,3088.729977607727
1774668990.8101923,job_done,baseline:coord:train.weight_decay,35,48,0,72.91666666666667,1147.8575331347329,3090.3856661319733
1774669296.0605257,job_done,baseline:coord:train.weight_decay,36,48,0,75.0,1131.8787404696147,3395.636221408844
1774669318.1060932,job_done,baseline:coord:train.weight_decay,37,48,0,77.08333333333333,1016.0675598608481,3417.6817922592163
1774669322.8807876,job_done,baseline:coord:train.weight_decay,38,48,0,79.16666666666667,900.6464259248031,3422.4564185142517
1774669323.9850564,job_done,baseline:coord:train.weight_decay,39,48,0,81.25,790.0524541414701,3423.560634613037
1774669573.154969,job_done,baseline:coord:train.weight_decay,40,48,0,83.33333333333333,734.5461250782014,3672.7306253910065
1774669621.7600007,job_done,baseline:coord:train.weight_decay,41,48,0,85.41666666666667,635.3499494529352,3721.3354182243347
1774669631.47077,job_done,baseline:coord:train.weight_decay,42,48,0,87.5,533.0064596789224,3731.0452177524567
1774669632.4171615,job_done,baseline:coord:train.weight_decay,43,48,0,89.58333333333333,433.95264337229173,3731.992733001709
1774669859.0752811,job_done,baseline:coord:train.weight_decay,44,48,0,91.66666666666667,359.8773609941656,3958.6509709358215
1774669934.7633488,job_done,baseline:coord:train.weight_decay,45,48,0,93.75,268.9559357802073,4034.3390367031097
1774669954.263514,job_done,baseline:coord:train.weight_decay,46,48,0,95.83333333333333,176.2538785416147,4053.839206457138
1774669954.8559685,job_done,baseline:coord:train.weight_decay,47,48,0,97.91666666666667,86.26448628750254,4054.430855512619
1774670055.6244404,job_done,baseline:coord:train.weight_decay,48,48,0,100.0,,4155.199992895126
1774670055.638851,group_end,baseline:coord:train.weight_decay,48,48,0,100.0,,4155.213138341904
1774670055.6390958,phase_end,,48,48,0,100.0,,4155.214916467667
1774670055.6394093,lock_released,,48,48,0,100.0,,4155.215206623077
1774670055.6406884,lock_wait,,48,48,0,100.0,,4155.216523647308
1774670055.6425362,lock_acquired,,48,48,0,100.0,,4155.216920614243
1774670055.6427343,plan_add,,48,72,0,66.66666666666667,2077.6092932224274,4155.218586444855
1774670055.6429513,phase_start,baseline:coord:train.grad_clip,48,72,0,66.66666666666667,2077.6093949079514,4155.218789815903
1774670132.807138,group_slots,baseline:coord:train.grad_clip,48,72,0,66.66666666666667,2116.1906999349594,4232.381399869919
1774670132.8092227,group_start,baseline:coord:train.grad_clip,48,72,0,66.66666666666667,2116.1919399499893,4232.383879899979
1774670460.4273193,job_done,baseline:coord:train.grad_clip,49,72,0,68.05555555555556,2140.4093338518724,4560.002493858337
1774670463.4351606,job_done,baseline:coord:train.grad_clip,50,72,0,69.44444444444444,2007.7246691799162,4563.010611772537
1774670463.9782376,job_done,baseline:coord:train.grad_clip,51,72,0,70.83333333333333,1879.1103994706098,4563.553827285767
1774670464.506361,job_done,baseline:coord:train.grad_clip,52,72,0,72.22222222222223,1755.4160381280458,4564.081699132919
1774670759.6291907,job_done,baseline:coord:train.grad_clip,53,72,0,73.61111111111111,1741.9790408296406,4859.204692840576
1774670770.285577,job_done,baseline:coord:train.grad_clip,54,72,0,75.0,1623.2870656649272,4869.8611969947815
1774670770.7054057,job_done,baseline:coord:train.grad_clip,55,72,0,76.38888888888889,1505.3596148750999,4870.2811069488525
1774670771.271193,job_done,baseline:coord:train.grad_clip,56,72,0,77.77777777777777,1391.6705568858556,4870.846949100494
1774671018.978411,job_done,baseline:coord:train.grad_clip,57,72,0,79.16666666666667,1346.9878711198505,5118.553910255432
1774671049.1476102,job_done,baseline:coord:train.grad_clip,58,72,0,80.55555555555556,1242.7952754497528,5148.723284006119
1774671049.7523968,job_done,baseline:coord:train.grad_clip,59,72,0,81.94444444444444,1134.5977232981536,5149.328128814697
1774671050.0322633,job_done,baseline:coord:train.grad_clip,60,72,0,83.33333333333333,1029.9216006278991,5149.608003139496
1774671272.4924908,job_done,baseline:coord:train.grad_clip,61,72,0,84.72222222222223,968.7336164341598,5372.068236589432
1774671332.6348505,job_done,baseline:coord:train.grad_clip,62,72,0,86.11111111111111,876.1628694303574,5432.209790468216
1774671333.182139,job_done,baseline:coord:train.grad_clip,63,72,0,87.5,776.1082574299403,5432.7578020095825
1774671333.4329603,job_done,baseline:coord:train.grad_clip,64,72,0,88.88888888888889,679.1259822845459,5433.007858276367
1774671516.3380463,job_done,baseline:coord:train.grad_clip,65,72,0,90.27777777777777,604.7907161272489,5615.9137926101685
1774671613.3612273,job_done,baseline:coord:train.grad_clip,66,72,0,91.66666666666667,519.3579057563435,5712.936963319778
1774671616.721508,job_done,baseline:coord:train.grad_clip,67,72,0,93.05555555555556,426.58934559395067,5716.297230958939
1774671617.05405,job_done,baseline:coord:train.grad_clip,68,72,0,94.44444444444444,336.2723405220929,5716.62978887558
1774671768.7828417,job_done,baseline:coord:train.grad_clip,69,72,0,95.83333333333333,255.1460213246553,5868.3584904670715
1774671861.5557997,job_done,baseline:coord:train.grad_clip,70,72,0,97.22222222222223,170.318043756485,5961.1315314769745
1774671867.468889,job_done,baseline:coord:train.grad_clip,71,72,0,98.61111111111111,84.04288175408269,5967.044604539871
1774671868.3796124,job_done,baseline:coord:train.grad_clip,72,72,0,100.0,,5967.955362081528
1774671868.3985097,group_end,baseline:coord:train.grad_clip,72,72,0,100.0,,5967.974103927612
1774671868.398867,phase_end,,72,72,0,100.0,,5967.974611997604
1774671868.3992724,lock_released,,72,72,0,100.0,,5967.9750146865845
1774671868.457171,lock_wait,,72,72,0,100.0,,5968.032856225967
1774671868.457448,lock_acquired,,72,72,0,100.0,,5968.0332889556885
1774671868.4576433,plan_add,,72,126,0,57.142857142857146,4476.025122106075,5968.033496141434
1774671868.4578445,phase_start,baseline:local_var_topk,72,126,0,57.142857142857146,4476.025269269943,5968.033692359924
1774671929.912402,group_slots,baseline:local_var_topk,72,126,0,57.142857142857146,4522.116063952446,6029.488085269928
1774671929.9126232,group_start,baseline:local_var_topk,72,126,0,57.142857142857146,4522.116352915764,6029.488470554352
1774672220.1497824,job_done,baseline:local_var_topk,73,126,0,57.93650793650794,4588.293625328639,6319.725182056427
1774672220.2459989,job_done,baseline:local_var_topk,74,126,0,58.73015873015873,4440.955809696301,6319.821729183197
1774672220.3163786,job_done,baseline:local_var_topk,75,126,0,59.523809523809526,4297.526622066498,6319.8920912742615
1774672220.405218,job_done,baseline:local_var_topk,76,126,0,60.317460317460316,4157.882170457589,6319.980899095535
1774672505.7954798,job_done,baseline:local_var_topk,77,126,0,61.111111111111114,4203.418000763113,6605.37114405632
1774672507.508246,job_done,baseline:local_var_topk,78,126,0,61.904761904761905,4065.8977925227236,6607.083912849426
1774672507.8708925,job_done,baseline:local_var_topk,79,126,0,62.698412698412696,3931.01252691957,6607.44658780098
1774672508.797379,job_done,baseline:local_var_topk,80,126,0,63.492063492063494,3799.8145063400266,6608.3730545043945
1774672788.1758006,job_done,baseline:local_var_topk,81,126,0,64.28571428571429,3826.52860628234,6887.751491308212
1774672797.4073627,job_done,baseline:local_var_topk,82,126,0,65.07936507936508,3700.820117194478,6896.982945680618
1774672799.7562692,job_done,baseline:local_var_topk,83,126,0,65.87301587301587,3574.3527188243634,6899.331992149353
1774672800.0651693,job_done,baseline:local_var_topk,84,126,0,66.66666666666667,3449.8203558921814,6899.640711784363
1774673049.2212684,job_done,baseline:local_var_topk,85,126,0,67.46031746031746,3448.2432200347675,7148.796919584274
1774673072.3994007,job_done,baseline:local_var_topk,86,126,0,68.25396825396825,3335.8021981217144,7171.974725961685
1774673078.1647758,job_done,baseline:local_var_topk,87,126,0,69.04761904761905,3217.607824013151,7177.740530490875
1774673078.2494488,job_done,baseline:local_var_topk,88,126,0,69.84126984126983,3099.5153257955203,7177.824965000153
1774673303.7982967,job_done,baseline:local_var_topk,89,126,0,70.63492063492063,3077.807164703862,7403.373990774155
1774673347.4795609,job_done,baseline:local_var_topk,90,126,0,71.42857142857143,2978.8221091270448,7447.055272817612
1774673357.5731828,job_done,baseline:local_var_topk,91,126,0,72.22222222222223,2868.1341985555796,7457.148916244507
1774673358.0025506,job_done,baseline:local_var_topk,92,126,0,73.01587301587301,2756.0615613356877,7457.578342437744
1774673554.5336788,job_done,baseline:local_var_topk,93,126,0,73.80952380952381,2715.9743118670676,7654.109424352646
1774673612.3724926,job_done,baseline:local_var_topk,94,126,0,74.60317460317461,2625.339420562095,7711.934547901154
1774673628.6728044,job_done,baseline:local_var_topk,95,126,0,75.39682539682539,2521.8495130513843,7728.248507738113
1774673628.978368,job_done,baseline:local_var_topk,96,126,0,76.19047619047619,2415.1731545478106,7728.554094552994
1774673813.4439712,job_done,baseline:local_var_topk,97,126,0,76.98412698412699,2365.7440419811564,7913.005933523178
1774673878.29577,job_done,baseline:local_var_topk,98,126,0,77.77777777777777,2279.391857896532,7977.871502637863
1774673907.9356997,job_done,baseline:local_var_topk,99,126,0,78.57142857142857,2183.8667088421907,8007.5112657547
1774673908.113445,job_done,baseline:local_var_topk,100,126,0,79.36507936507937,2081.9991837358475,8007.689168214798
1774674069.5796366,job_done,baseline:local_var_topk,101,126,0,80.15873015873017,2022.0680788601978,8169.1550385952
1774674136.541538,job_done,baseline:local_var_topk,102,126,0,80.95238095238095,1937.909940775703,8236.117248296738
1774674181.690518,job_done,baseline:local_var_topk,103,126,0,81.74603174603175,1849.2147886081805,8281.26622724533
1774674182.5207932,job_done,baseline:local_var_topk,104,126,0,82.53968253968254,1751.9819606817684,8282.096541404724
1774674335.8585176,job_done,baseline:local_var_topk,105,126,0,83.33333333333333,1687.0868265628815,8435.434132814407
1774674392.2122667,job_done,baseline:local_var_topk,106,126,0,84.12698412698413,1602.2241456553622,8491.78797197342
1774674462.5692484,job_done,baseline:local_var_topk,107,126,0,84.92063492063492,1520.38080499551,8562.144533395767
1774674464.501482,job_done,baseline:local_var_topk,108,126,0,85.71428571428571,1427.3462026516597,8564.077215909958
1774674608.498709,job_done,baseline:local_var_topk,109,126,0,86.5079365079365,1358.1400348068378,8708.074340820312
1774674637.7079916,job_done,baseline:local_var_topk,110,126,0,87.3015873015873,1270.877635713057,8737.283745527267
1774674739.5625286,job_done,baseline:local_var_topk,111,126,0,88.0952380952381,1194.4781422292865,8839.13825249672
1774674740.6474848,job_done,baseline:local_var_topk,112,126,0,88.88888888888889,1105.0278992652893,8840.223194122314
1774674889.9077473,job_done,baseline:local_var_topk,113,126,0,89.68253968253968,1034.1883576570358,8989.483416557312
1774674896.1855624,job_done,baseline:local_var_topk,114,126,0,90.47619047619048,946.922223869123,8995.761126756668
1774675022.5419767,job_done,baseline:local_var_topk,115,126,0,91.26984126984127,872.5503815443619,9122.117625236511
1774675024.172446,job_done,baseline:local_var_topk,116,126,0,92.06349206349206,786.5300132488383,9123.748153686523
1774675171.93335,job_done,baseline:local_var_topk,117,126,0,92.85714285714286,713.1929979691139,9271.50897359848
1774675173.441996,job_done,baseline:local_var_topk,118,126,0,93.65079365079364,628.6791660341166,9273.01769900322
1774675302.4080527,job_done,baseline:local_var_topk,119,126,0,94.44444444444444,553.0578668959,9401.9837372303
1774675304.469077,job_done,baseline:local_var_topk,120,126,0,95.23809523809524,470.20224171876913,9404.044834375381
1774675453.9490924,job_done,baseline:local_var_topk,121,126,0,96.03174603174604,394.7737517041608,9553.524791240692
1774675454.2267277,job_done,baseline:local_var_topk,122,126,0,96.82539682539682,313.2394248540284,9553.802458047867
1774675581.0740612,job_done,baseline:local_var_topk,123,126,0,97.61904761904762,236.11340187817086,9680.649477005005
1774675585.9010925,job_done,baseline:local_var_topk,124,126,0,98.41269841269842,156.21736147711354,9685.47641158104
1774675670.6164324,job_done,baseline:local_var_topk,125,126,0,99.2063492063492,78.16152661895752,9770.19082736969
1774675672.0000997,job_done,baseline:local_var_topk,126,126,0,100.0,,9771.575847864151
1774675672.01696,group_end,baseline:local_var_topk,126,126,0,100.0,,9771.592695713043
1774675672.0171974,phase_end,,126,126,0,100.0,,9771.593008995056
1774675672.017445,lock_released,,126,126,0,100.0,,9771.593277454376
1774675672.022132,method_done,,126,126,0,100.0,,9771.597977161407
1774675672.0223422,method_start,,126,126,0,100.0,,9771.598167419434
1774675672.022608,lock_wait,,126,126,0,100.0,,9771.598457098007
1774675672.0228233,lock_acquired,,126,126,0,100.0,,9771.598676919937
1774675672.0230243,lock_released,,126,126,0,100.0,,9771.598878622055
1774675672.0238216,lock_wait,,126,126,0,100.0,,9771.599667787552
1774675672.0240345,lock_acquired,,126,126,0,100.0,,9771.599889278412
1774675672.024223,plan_add,,126,150,0,84.0,1861.2571572803317,9771.60007572174
1774675672.024428,phase_start,cagrad:coord:train.lr,126,150,0,84.0,1861.2571936561949,9771.600266695023
1774676273.1431131,probe_fallback,cagrad:coord:train.lr,126,150,0,84.0,1975.7559423900786,10372.718697547913
1774676273.1652722,group_slots,cagrad:coord:train.lr,126,150,0,84.0,1975.760161127363,10372.740845918655
1774676273.1657093,group_start,cagrad:coord:train.lr,126,150,0,84.0,1975.7602723439534,10372.741429805756
1774677562.9067512,job_done,cagrad:coord:train.lr,127,150,0,84.66666666666667,2112.1031131387695,11662.482407331467
1774678289.2176003,init,,0,0,0,0.0,,1.0967254638671875e-05
1774678289.2179234,pipeline_start,,0,0,0,0.0,,0.0004088878631591797
1774678289.2181358,lock_wait,,0,0,0,0.0,,0.0006313323974609375
1774678289.2183363,lock_acquired,,0,0,0,0.0,,0.0008330345153808594
1774678289.2185235,method_start,,0,0,0,0.0,,0.001026153564453125
1774678289.218733,lock_wait,,0,0,0,0.0,,0.0012345314025878906
1774678289.2189186,lock_acquired,,0,0,0,0.0,,0.0014257431030273438
1774678289.219109,lock_released,,0,0,0,0.0,,0.0016133785247802734
1774678289.2197278,lock_wait,,0,0,0,0.0,,0.002221345901489258
1774678289.2199128,lock_acquired,,0,0,0,0.0,,0.002421855926513672
1774678289.220092,plan_add,,0,24,0,0.0,,0.0026001930236816406
1774678289.2203329,phase_start,baseline:coord:train.lr,0,24,0,0.0,,0.002786397933959961
1774678289.2448373,group_slots,baseline:coord:train.lr,0,24,0,0.0,,0.027192354202270508
1774678289.2450972,group_start,baseline:coord:train.lr,0,24,0,0.0,,0.027564525604248047
1774678289.283233,job_done,baseline:coord:train.lr,1,24,0,4.166666666666667,1.5063414573669434,0.06549310684204102
1774678289.2835684,job_done,baseline:coord:train.lr,2,24,0,8.333333333333334,0.7264587879180908,0.06604170799255371
1774678289.2840972,job_done,baseline:coord:train.lr,3,24,0,12.5,0.46460843086242676,0.06637263298034668
1774678289.2844968,job_done,baseline:coord:train.lr,4,24,0,16.666666666666668,0.3339982032775879,0.06679964065551758
1774678289.285001,job_done,baseline:coord:train.lr,5,24,0,20.833333333333332,0.2559224128723145,0.06734800338745117
1774678289.2852154,job_done,baseline:coord:train.lr,6,24,0,25.0,0.2031111717224121,0.0677037239074707
1774678289.2859354,job_done,baseline:coord:train.lr,7,24,0,29.166666666666668,0.1657759121486119,0.06826066970825195
1774678289.2864902,job_done,baseline:coord:train.lr,8,24,0,33.333333333333336,0.1374211311340332,0.0687105655670166
1774678289.2869015,job_done,baseline:coord:train.lr,9,24,0,37.5,0.11540969212849936,0.06924581527709961
1774678289.2871132,job_done,baseline:coord:train.lr,10,24,0,41.666666666666664,0.09744215011596681,0.06960153579711914
1774678289.287725,job_done,baseline:coord:train.lr,11,24,0,45.833333333333336,0.08277734843167392,0.07004237174987793
1774678289.287955,job_done,baseline:coord:train.lr,12,24,0,50.0,0.07043290138244629,0.07043290138244629
1774678289.2886188,job_done,baseline:coord:train.lr,13,24,0,54.166666666666664,0.06006187659043532,0.07098221778869629
1774678289.288932,job_done,baseline:coord:train.lr,14,24,0,58.333333333333336,0.0509420463017055,0.0713188648223877
1774678289.2895017,job_done,baseline:coord:train.lr,15,24,0,62.5,0.043111753463745114,0.0718529224395752
1774678289.2899384,job_done,baseline:coord:train.lr,16,24,0,66.66666666666667,0.03610110282897949,0.07220220565795898
1774678289.2904072,job_done,baseline:coord:train.lr,17,24,0,70.83333333333333,0.029952189501594097,0.07274103164672852
1774678289.2907925,job_done,baseline:coord:train.lr,18,24,0,75.0,0.024371306101481117,0.07311391830444336
1774678289.2912576,job_done,baseline:coord:train.lr,19,24,0,79.16666666666667,0.01937263890316612,0.07361602783203125
1774678289.291484,job_done,baseline:coord:train.lr,20,24,0,83.33333333333333,0.014793729782104494,0.07396864891052246
1774678289.2921755,job_done,baseline:coord:train.lr,21,24,0,87.5,0.01065070288521903,0.0745549201965332
1774678289.2925663,job_done,baseline:coord:train.lr,22,24,0,91.66666666666667,0.0068231495943936425,0.07505464553833008
1774678289.292769,job_done,baseline:coord:train.lr,23,24,0,95.83333333333333,0.003272357194320015,0.07526421546936035
1774678289.2929657,job_done,baseline:coord:train.lr,24,24,0,100.0,,0.07546496391296387
1774678289.3061225,group_end,baseline:coord:train.lr,24,24,0,100.0,,0.08858275413513184
1774678289.3063447,phase_end,,24,24,0,100.0,,0.08882331848144531
1774678289.3065915,lock_released,,24,24,0,100.0,,0.08908891677856445
1774678289.3077898,lock_wait,,24,24,0,100.0,,0.09028744697570801
1774678289.3079867,lock_acquired,,24,24,0,100.0,,0.09049272537231445
1774678289.308162,plan_add,,24,48,0,50.0,0.09067296981811523,0.09067296981811523
1774678289.3083653,phase_start,baseline:coord:train.weight_decay,24,48,0,50.0,0.09085011482238771,0.0908501148223877
1774678289.3324885,group_slots,baseline:coord:train.weight_decay,24,48,0,50.0,0.11484932899475098,0.11484932899475098
1774678289.3327444,group_start,baseline:coord:train.weight_decay,24,48,0,50.0,0.11521553993225098,0.11521553993225098
1774678289.3690884,job_done,baseline:coord:train.weight_decay,25,48,0,52.083333333333336,0.1391893768310547,0.1512928009033203
1774678289.3694031,job_done,baseline:coord:train.weight_decay,26,48,0,54.166666666666664,0.12851568368765023,0.15188217163085938
1774678289.3702314,job_done,baseline:coord:train.weight_decay,27,48,0,56.25,0.11862291230095758,0.15251517295837402
1774678289.3704572,job_done,baseline:coord:train.weight_decay,28,48,0,58.333333333333336,0.10924203055245535,0.1529388427734375
1774678289.3711047,job_done,baseline:coord:train.weight_decay,29,48,0,60.416666666666664,0.1005826078612229,0.15352082252502441
1774678289.3717184,job_done,baseline:coord:train.weight_decay,30,48,0,62.5,0.09237112998962402,0.15395188331604004
1774678289.372217,job_done,baseline:coord:train.weight_decay,31,48,0,64.58333333333333,0.0847515675329393,0.15454697608947754
1774678289.372427,job_done,baseline:coord:train.weight_decay,32,48,0,66.66666666666667,0.07745921611785889,0.15491843223571777
1774678289.3729477,job_done,baseline:coord:train.weight_decay,33,48,0,68.75,0.07059162313287909,0.15530157089233398
1774678289.3731487,job_done,baseline:coord:train.weight_decay,34,48,0,70.83333333333333,0.06408946654375862,0.15564584732055664
1774678289.373946,job_done,baseline:coord:train.weight_decay,35,48,0,72.91666666666667,0.05800684520176479,0.1561722755432129
1774678289.37433,job_done,baseline:coord:train.weight_decay,36,48,0,75.0,0.052236318588256836,0.1567089557647705
1774678289.3745337,job_done,baseline:coord:train.weight_decay,37,48,0,77.08333333333333,0.04668561832324879,0.15703344345092773
1774678289.3748386,job_done,baseline:coord:train.weight_decay,38,48,0,79.16666666666667,0.04140395867197137,0.1573350429534912
1774678289.3753173,job_done,baseline:coord:train.weight_decay,39,48,0,81.25,0.03638203327472393,0.1576554775238037
1774678289.3762462,job_done,baseline:coord:train.weight_decay,40,48,0,83.33333333333333,0.03173060417175293,0.15865302085876465
1774678289.376453,job_done,baseline:coord:train.weight_decay,41,48,0,85.41666666666667,0.027138308780949288,0.15895295143127441
1774678289.3768773,job_done,baseline:coord:train.weight_decay,42,48,0,87.5,0.022748334067208425,0.15923833847045898
1774678289.377081,job_done,baseline:coord:train.weight_decay,43,48,0,89.58333333333333,0.018555896226749864,0.15958070755004883
1774678289.3777692,job_done,baseline:coord:train.weight_decay,44,48,0,91.66666666666667,0.014568177136507902,0.16024994850158691
1774678289.3779697,job_done,baseline:coord:train.weight_decay,45,48,0,93.75,0.010697682698567709,0.16046524047851562
1774678289.3784854,job_done,baseline:coord:train.weight_decay,46,48,0,95.83333333333333,0.006999109102332073,0.1609795093536377
1774678289.3788497,job_done,baseline:coord:train.weight_decay,47,48,0,97.91666666666667,0.0034326949018113158,0.16133666038513184
1774678289.379061,job_done,baseline:coord:train.weight_decay,48,48,0,100.0,,0.16156291961669922
1774678289.3925207,group_end,baseline:coord:train.weight_decay,48,48,0,100.0,,0.17500782012939453
1774678289.392701,phase_end,,48,48,0,100.0,,0.17520666122436523
1774678289.3929095,lock_released,,48,48,0,100.0,,0.1754162311553955
1774678289.3941107,lock_wait,,48,48,0,100.0,,0.1766066551208496
1774678289.3943076,lock_acquired,,48,48,0,100.0,,0.17681145668029785
1774678289.3945055,plan_add,,48,72,0,66.66666666666667,0.08850252628326417,0.17700505256652832
1774678289.39469,phase_start,baseline:coord:train.grad_clip,48,72,0,66.66666666666667,0.08859777450561523,0.17719554901123047
1774678289.4187899,group_slots,baseline:coord:train.grad_clip,48,72,0,66.66666666666667,0.1005781888961792,0.2011563777923584
1774678289.419013,group_start,baseline:coord:train.grad_clip,48,72,0,66.66666666666667,0.1007530689239502,0.2015061378479004
1774678289.4564946,job_done,baseline:coord:train.grad_clip,49,72,0,68.05555555555556,0.11200375946200623,0.2386167049407959
1774678289.4570372,job_done,baseline:coord:train.grad_clip,50,72,0,69.44444444444444,0.10531896591186522,0.23936128616333008
1774678289.4572456,job_done,baseline:coord:train.grad_clip,51,72,0,70.83333333333333,0.09871466019574333,0.23973560333251953
1774678289.4601123,job_done,baseline:coord:train.grad_clip,52,72,0,72.22222222222223,0.0922857798062838,0.2399430274963379
1774678289.4606378,job_done,baseline:coord:train.grad_clip,53,72,0,73.61111111111111,0.08710450046467332,0.24297571182250977
1774678289.4611995,job_done,baseline:coord:train.grad_clip,54,72,0,75.0,0.08122595151265463,0.24367785453796387
1774678289.461802,job_done,baseline:coord:train.grad_clip,55,72,0,76.38888888888889,0.0754738070748069,0.24417996406555176
1774678289.4619994,job_done,baseline:coord:train.grad_clip,56,72,0,77.77777777777777,0.06985793794904437,0.24450278282165527
1774678289.4621952,job_done,baseline:coord:train.grad_clip,57,72,0,79.16666666666667,0.06439478773819773,0.24470019340515137
1774678289.4627664,job_done,baseline:coord:train.grad_clip,58,72,0,80.55555555555556,0.05916489403823326,0.24511170387268066
1774678289.4634607,job_done,baseline:coord:train.grad_clip,59,72,0,81.94444444444444,0.054179236040276996,0.24589037895202637
1774678289.4637325,job_done,baseline:coord:train.grad_clip,60,72,0,83.33333333333333,0.049244689941406246,0.24622344970703125
1774678289.464171,job_done,baseline:coord:train.grad_clip,61,72,0,84.72222222222223,0.04445323006051485,0.24651336669921875
1774678289.4643693,job_done,baseline:coord:train.grad_clip,62,72,0,86.11111111111111,0.03981732553051364,0.24686741828918457
1774678289.4649684,job_done,baseline:coord:train.grad_clip,63,72,0,87.5,0.035331317356654575,0.24731922149658203
1774678289.4651668,job_done,baseline:coord:train.grad_clip,64,72,0,88.88888888888889,0.030958473682403564,0.24766778945922852
1774678289.4657729,job_done,baseline:coord:train.grad_clip,65,72,0,90.27777777777777,0.026712868763850282,0.2480480670928955
1774678289.466166,job_done,baseline:coord:train.grad_clip,66,72,0,91.66666666666667,0.022592002695257015,0.24851202964782715
1774678289.4666374,job_done,baseline:coord:train.grad_clip,67,72,0,93.05555555555556,0.01857663268473611,0.24892687797546387
1774678289.4672136,job_done,baseline:coord:train.grad_clip,68,72,0,94.44444444444444,0.014670245787676645,0.24939417839050293
1774678289.4676473,job_done,baseline:coord:train.grad_clip,69,72,0,95.83333333333333,0.010868580444999363,0.24997735023498535
1774678289.4678464,job_done,baseline:coord:train.grad_clip,70,72,0,97.22222222222223,0.007152754919869559,0.25034642219543457
1774678289.468042,job_done,baseline:coord:train.grad_clip,71,72,0,98.61111111111111,0.0035288333892822266,0.2505471706390381
1774678289.4684978,job_done,baseline:coord:train.grad_clip,72,72,0,100.0,,0.250993013381958
1774678289.4817195,group_end,baseline:coord:train.grad_clip,72,72,0,100.0,,0.26418614387512207
1774678289.4819317,phase_end,,72,72,0,100.0,,0.2644181251525879
1774678289.482181,lock_released,,72,72,0,100.0,,0.2646641731262207
1774678289.5252059,lock_wait,,72,72,0,100.0,,0.3075892925262451
1774678289.525442,lock_acquired,,72,72,0,100.0,,0.3079347610473633
1774678289.5256276,plan_add,,72,126,0,57.142857142857146,0.2311002016067505,0.308133602142334
1774678289.5258222,phase_start,baseline:local_var_topk,72,126,0,57.142857142857146,0.23124128580093384,0.3083217144012451
1774678289.5546532,group_slots,baseline:local_var_topk,72,126,0,57.142857142857146,0.25277405977249146,0.3370320796966553
1774678289.5548782,group_start,baseline:local_var_topk,72,126,0,57.142857142857146,0.2530238628387451,0.33736515045166016
1774678289.59916,job_done,baseline:local_var_topk,73,126,0,57.93650793650794,0.2768704042042771,0.3813498020172119
1774678289.599526,job_done,baseline:local_var_topk,74,126,0,58.73015873015873,0.26842235874485326,0.3819856643676758
1774678289.5997534,job_done,baseline:local_var_topk,75,126,0,59.523809523809526,0.25991886138916015,0.3822336196899414
1774678289.5999868,job_done,baseline:local_var_topk,76,126,0,60.317460317460316,0.2516192825216996,0.3824613094329834
1774678289.6020758,job_done,baseline:local_var_topk,77,126,0,61.111111111111114,0.2446947314522483,0.3845202922821045
1774678289.6023102,job_done,baseline:local_var_topk,78,126,0,61.904761904761905,0.23679410494290867,0.38479042053222656
1774678289.6025493,job_done,baseline:local_var_topk,79,126,0,62.698412698412696,0.22906679744961897,0.3850271701812744
1774678289.6055217,job_done,baseline:local_var_topk,80,126,0,63.492063492063494,0.22308725714683533,0.38797783851623535
1774678289.6065059,job_done,baseline:local_var_topk,81,126,0,64.28571428571429,0.2160942554473877,0.38896965980529785
1774678289.6067417,job_done,baseline:local_var_topk,82,126,0,65.07936507936508,0.20885141884408345,0.3892230987548828
1774678289.6069758,job_done,baseline:local_var_topk,83,126,0,65.87301587301587,0.20176823167915803,0.38945960998535156
1774678289.6097283,job_done,baseline:local_var_topk,84,126,0,66.66666666666667,0.1960892677307129,0.3921785354614258
1774678289.6099887,job_done,baseline:local_var_topk,85,126,0,67.46031746031746,0.18929462713353773,0.3924400806427002
1774678289.6102192,job_done,baseline:local_var_topk,86,126,0,68.25396825396825,0.18264992292537247,0.3926973342895508
1774678289.6125317,job_done,baseline:local_var_topk,87,126,0,69.04761904761905,0.17706371997964793,0.3949882984161377
1774678289.612819,job_done,baseline:local_var_topk,88,126,0,69.84126984126983,0.17067462747747247,0.3952465057373047
1774678289.6130455,job_done,baseline:local_var_topk,89,126,0,70.63492063492063,0.16443252563476562,0.3955268859863281
1774678289.6132662,job_done,baseline:local_var_topk,90,126,0,71.42857142857143,0.15830078125,0.395751953125
1774678289.6157033,job_done,baseline:local_var_topk,91,126,0,72.22222222222223,0.1531391877394456,0.3981618881225586
1774678289.6159382,job_done,baseline:local_var_topk,92,126,0,73.01587301587301,0.14724027073901633,0.39841485023498535
1774678289.6161637,job_done,baseline:local_var_topk,93,126,0,73.80952380952381,0.14145481971002394,0.39864540100097656
1774678289.6163986,job_done,baseline:local_var_topk,94,126,0,74.60317460317461,0.13578593477289727,0.39887118339538574
1774678289.618577,job_done,baseline:local_var_topk,95,126,0,75.39682539682539,0.13086415341025906,0.4010353088378906
1774678289.6188095,job_done,baseline:local_var_topk,96,126,0,76.19047619047619,0.12540258467197418,0.4012882709503174
1774678289.6198213,job_done,baseline:local_var_topk,97,126,0,76.98412698412699,0.12027137304089733,0.40228700637817383
1774678289.620051,job_done,baseline:local_var_topk,98,126,0,77.77777777777777,0.1150097165788923,0.40253400802612305
1774678289.622356,job_done,baseline:local_var_topk,99,126,0,78.57142857142857,0.1104021289131858,0.40480780601501465
1774678289.622604,job_done,baseline:local_var_topk,100,126,0,79.36507936507937,0.1053199529647827,0.4050767421722412
1774678289.6228335,job_done,baseline:local_var_topk,101,126,0,80.15873015873017,0.10032506272344306,0.40531325340270996
1774678289.6230567,job_done,baseline:local_var_topk,102,126,0,80.95238095238095,0.09542117399327896,0.40553998947143555
1774678289.6249235,job_done,baseline:local_var_topk,103,126,0,81.74603174603175,0.09096911809976818,0.40738344192504883
1774678289.626463,job_done,baseline:local_var_topk,104,126,0,82.53968253968254,0.08650141037427463,0.40891575813293457
1774678289.6267,job_done,baseline:local_var_topk,105,126,0,83.33333333333333,0.08183488845825194,0.40917444229125977
1774678289.6269221,job_done,baseline:local_var_topk,106,126,0,84.12698412698413,0.07724662996687978,0.4094071388244629
1774678289.627159,job_done,baseline:local_var_topk,107,126,0,84.92063492063492,0.07273779405611698,0.40962862968444824
1774678289.628643,job_done,baseline:local_var_topk,108,126,0,85.71428571428571,0.06851760546366374,0.4111056327819824
1774678289.6304405,job_done,baseline:local_var_topk,109,126,0,86.5079365079365,0.06439705726203569,0.4128987789154053
1774678289.630674,job_done,baseline:local_var_topk,110,126,0,87.3015873015873,0.06009476401589133,0.41315150260925293
1774678289.6308994,job_done,baseline:local_var_topk,111,126,0,88.0952380952381,0.05586240742657635,0.41338181495666504
1774678289.6326857,job_done,baseline:local_var_topk,112,126,0,88.88888888888889,0.051893919706344604,0.41515135765075684
1774678289.6329124,job_done,baseline:local_var_topk,113,126,0,89.68253968253968,0.04778891749086633,0.41539597511291504
1774678289.6345947,job_done,baseline:local_var_topk,114,126,0,90.47619047619048,0.04390076587074681,0.4170572757720947
1774678289.634826,job_done,baseline:local_var_topk,115,126,0,91.26984126984127,0.03991626656573752,0.41730642318725586
1774678289.6350539,job_done,baseline:local_var_topk,116,126,0,92.06349206349206,0.035994217313569166,0.41753292083740234
1774678289.6354165,job_done,baseline:local_var_topk,117,126,0,92.85714285714286,0.03214447314922626,0.4178781509399414
1774678289.6375434,job_done,baseline:local_var_topk,118,126,0,93.65079365079364,0.028474128852456305,0.41999340057373047
1774678289.6385744,job_done,baseline:local_var_topk,119,126,0,94.44444444444444,0.024767090292537913,0.42104053497314453
1774678289.6388059,job_done,baseline:local_var_topk,120,126,0,95.23809523809524,0.021064245700836183,0.42128491401672363
1774678289.6401377,job_done,baseline:local_var_topk,121,126,0,96.03174603174604,0.01746297867830135,0.4226040840148926
1774678289.6403732,job_done,baseline:local_var_topk,122,126,0,96.82539682539682,0.013863876217701398,0.4228482246398926
1774678289.6411932,job_done,baseline:local_var_topk,123,126,0,97.61904761904762,0.01033311936913467,0.4236578941345215
1774678289.6418686,job_done,baseline:local_var_topk,124,126,0,98.41269841269842,0.0068371219019736015,0.4239015579223633
1774678289.6420832,job_done,baseline:local_var_topk,125,126,0,99.2063492063492,0.003396635055541992,0.424579381942749
1774678289.6422746,job_done,baseline:local_var_topk,126,126,0,100.0,,0.4247763156890869
1774678289.656058,group_end,baseline:local_var_topk,126,126,0,100.0,,0.438462495803833
1774678289.656249,phase_end,,126,126,0,100.0,,0.4387521743774414
1774678289.6565113,lock_released,,126,126,0,100.0,,0.43899059295654297
1774678289.661363,method_done,,126,126,0,100.0,,0.4438595771789551
1774678289.6615403,method_start,,126,126,0,100.0,,0.4440464973449707
1774678289.661832,lock_wait,,126,126,0,100.0,,0.44426584243774414
1774678289.662026,lock_acquired,,126,126,0,100.0,,0.4445343017578125
1774678289.6622202,lock_released,,126,126,0,100.0,,0.44472813606262207
1774678289.6630645,lock_wait,,126,126,0,100.0,,0.44556331634521484
1774678289.6632483,lock_acquired,,126,126,0,100.0,,0.4457581043243408
1774678289.6634417,plan_add,,126,150,0,84.0,0.0849405016217913,0.4459376335144043
1774678289.6636364,phase_start,cagrad:coord:train.lr,126,150,0,84.0,0.08497742244175503,0.44613146781921387
1774678890.8823168,probe_fallback,cagrad:coord:train.lr,126,150,0,84.0,114.60278025127592,601.6645963191986
1774678890.9039507,group_slots,cagrad:coord:train.lr,126,150,0,84.0,114.60689185914539,601.6861822605133
1774678890.9043558,group_start,cagrad:coord:train.lr,126,150,0,84.0,114.60699385688419,601.686717748642
1774678890.9277055,job_done,cagrad:coord:train.lr,127,150,0,84.66666666666667,108.9709826792319,601.7093391418457
1774680588.6896472,job_done,cagrad:coord:train.lr,128,150,0,85.33333333333333,395.22173838317394,2299.471932411194
1774682312.9615064,job_done,cagrad:coord:train.lr,129,150,0,86.0,655.0280566104623,4023.743776321411
1774684054.1662247,job_done,cagrad:coord:train.lr,130,150,0,86.66666666666667,886.9151280476497,5764.948332309723
1774685827.878801,job_done,cagrad:coord:train.lr,131,150,0,87.33333333333333,1093.3935970641276,7538.661116600037
1774687611.9812403,job_done,cagrad:coord:train.lr,132,150,0,88.0,1271.2859410806136,9322.7635679245
1774689235.1368804,job_done,cagrad:coord:train.lr,133,150,0,88.66666666666667,1399.1024564137135,10945.919217824936
1774691152.0706818,job_done,cagrad:coord:train.lr,134,150,0,89.33333333333333,1535.8630465322467,12862.853014707565
1774693088.70582,job_done,cagrad:coord:train.lr,135,150,0,90.0,1644.3875743812987,14799.488169431686
1774694881.8134856,job_done,cagrad:coord:train.lr,136,150,0,90.66666666666667,1708.0613388243844,16592.595862865448
1774696722.251934,job_done,cagrad:coord:train.lr,137,150,0,91.33333333333333,1749.1200249073281,18433.034108638763
1774698654.3513765,job_done,cagrad:coord:train.lr,138,150,0,92.0,1770.8811870657878,20365.13365125656
1774700589.40649,job_done,cagrad:coord:train.lr,139,150,0,92.66666666666667,1764.763117114417,22300.18847990036
1774702308.7162914,job_done,cagrad:coord:train.lr,140,150,0,93.33333333333333,1715.6784742219108,24019.49863910675
1774704213.9073534,job_done,cagrad:coord:train.lr,141,150,0,94.0,1654.7674185062976,25924.689556598663
1774706147.2135897,job_done,cagrad:coord:train.lr,142,150,0,94.66666666666667,1569.4645614758344,27857.99596619606
1774707941.0215476,job_done,cagrad:coord:train.lr,143,150,0,95.33333333333333,1451.486901675071,29651.80384850502
1774709747.6900303,job_done,cagrad:coord:train.lr,144,150,0,96.0,1310.769681652387,31458.472359657288
1774711664.01454,job_done,cagrad:coord:train.lr,145,150,0,96.66666666666667,1150.855055513053,33374.79660987854
1774713601.6023946,job_done,cagrad:coord:train.lr,146,150,0,97.33333333333333,967.4625855602629,35312.3843729496
1774715239.689379,job_done,cagrad:coord:train.lr,147,150,0,98.0,754.0912584966543,36950.47166633606
1774717167.9684339,job_done,cagrad:coord:train.lr,148,150,0,98.66666666666667,525.3885189617002,38878.75040316582
1774719097.889533,job_done,cagrad:coord:train.lr,149,150,0,99.33333333333333,273.88370392466555,40808.67188477516
1774720976.9140217,job_done,cagrad:coord:train.lr,150,150,0,100.0,,42687.69641780853
1774720976.9285169,group_end,cagrad:coord:train.lr,150,150,0,100.0,,42687.710696935654
1774720976.9288607,phase_end,,150,150,0,100.0,,42687.711260557175
1774720976.9293175,lock_released,,150,150,0,100.0,,42687.711699962616
1774720976.9316494,lock_wait,,150,150,0,100.0,,42687.714034318924
1774720976.9322033,lock_acquired,,150,150,0,100.0,,42687.71446824074
1774720976.9325676,plan_add,,150,174,0,86.20689655172414,6830.034393844604,42687.71496152878
1774720976.932967,phase_start,cagrad:coord:train.weight_decay,150,174,0,86.20689655172414,6830.03445274353,42687.715329647064
1774721577.756007,probe_fallback,cagrad:coord:train.weight_decay,150,174,0,86.20689655172414,6926.166114234924,43288.53821396828
1774721577.7776797,group_slots,cagrad:coord:train.weight_decay,150,174,0,86.20689655172414,6926.1695771789555,43288.55985736847
1774721577.778067,group_start,cagrad:coord:train.weight_decay,150,174,0,86.20689655172414,6926.16967136383,43288.56044602394
1774723496.4199166,job_done,cagrad:coord:train.weight_decay,151,174,0,86.7816091954023,6885.865225220358,45207.202130794525
1774725426.1158755,job_done,cagrad:coord:train.weight_decay,152,174,0,87.35632183908046,6822.44576081163,47136.897983789444
1774727377.4326804,job_done,cagrad:coord:train.weight_decay,153,174,0,87.93103448275862,6737.598135443294,49088.21498680115
1774729311.2008448,job_done,cagrad:coord:train.weight_decay,154,174,0,88.50574712643679,6626.231570058055,51021.98308944702
1774731242.720853,job_done,cagrad:coord:train.weight_decay,155,174,0,89.08045977011494,6491.074533879372,52953.50277638435
1774733159.6450038,job_done,cagrad:coord:train.weight_decay,156,174,0,89.65517241379311,6331.20314694368,54870.42727351189
1774734934.5505474,job_done,cagrad:coord:train.weight_decay,157,174,0,90.22988505747126,6133.571077316429,56645.33289051056
1774736612.4498208,job_done,cagrad:coord:train.weight_decay,158,174,0,90.80459770114942,5906.150094140934,58323.23217964172
1774738349.5219262,job_done,cagrad:coord:train.weight_decay,159,174,0,91.37931034482759,5666.066401904484,60060.30386018753
1774740073.334229,job_done,cagrad:coord:train.weight_decay,160,174,0,91.95402298850574,5406.11019230187,61784.116483449936
1774741794.8060305,job_done,cagrad:coord:train.weight_decay,161,174,0,92.52873563218391,5127.780421160764,63505.58829283714
1774743512.047602,job_done,cagrad:coord:train.weight_decay,162,174,0,93.10344827586206,4831.320740081646,65222.82999110222
1774745263.7062507,job_done,cagrad:coord:train.weight_decay,163,174,0,93.67816091954023,4519.75076454695,66974.48860192299
1774746925.7793596,job_done,cagrad:coord:train.weight_decay,164,174,0,94.25287356321839,4185.15619552717,68636.56160664558
1774748589.4412704,job_done,cagrad:coord:train.weight_decay,165,174,0,94.82758620689656,3834.557647952167,70300.22354578972
1774750056.4916992,job_done,cagrad:coord:train.weight_decay,166,174,0,95.40229885057471,3458.663809776306,71767.27405285835
1774752091.7529063,job_done,cagrad:coord:train.weight_decay,167,174,0,95.97701149425288,3093.5194401255626,73802.53521442413
1774754142.7588904,job_done,cagrad:coord:train.weight_decay,168,174,0,96.55172413793103,2709.0550403935567,75853.54113101959
1774755457.654273,job_done,cagrad:coord:train.weight_decay,169,174,0,97.1264367816092,2283.089841667717,77168.43664836884
1774756774.5368056,job_done,cagrad:coord:train.weight_decay,170,174,0,97.70114942528735,1846.713391309626,78485.3191306591
1774758422.7212136,job_done,cagrad:coord:train.weight_decay,171,174,0,98.27586206896552,1405.8509384581916,80133.50349211693
1774759831.55229,job_done,cagrad:coord:train.weight_decay,172,174,0,98.85057471264368,948.1666804191677,81542.33451604843
1774761571.8424163,job_done,cagrad:coord:train.weight_decay,173,174,0,99.42528735632185,481.40245506115724,83282.62472558022
1774763251.6930773,job_done,cagrad:coord:train.weight_decay,174,174,0,100.0,,84962.4754178524
1774763251.707659,group_end,cagrad:coord:train.weight_decay,174,174,0,100.0,,84962.48476862907
1774763251.7078938,phase_end,,174,174,0,100.0,,84962.4903819561
1774763251.7081416,lock_released,,174,174,0,100.0,,84962.49063801765
1774763251.7094474,lock_wait,,174,174,0,100.0,,84962.49193048477
1774763251.7112224,lock_acquired,,174,174,0,100.0,,84962.49219298363
1774763251.7114282,plan_add,,174,198,0,87.87878787878788,11718.964678994542,84962.49392271042
1774763251.7116368,phase_start,cagrad:coord:train.grad_clip,174,198,0,87.87878787878788,11718.964708130934,84962.49413394928
1774763852.8297806,probe_fallback,cagrad:coord:train.grad_clip,174,198,0,87.87878787878788,11801.877521383352,85563.6120300293
1774763852.8545403,group_slots,cagrad:coord:train.grad_clip,174,198,0,87.87878787878788,11801.880920739008,85563.63667535782
1774763852.854947,group_start,cagrad:coord:train.grad_clip,174,198,0,87.87878787878788,11801.881010746134,85563.63732790947
1774765534.892103,job_done,cagrad:coord:train.grad_clip,175,198,0,88.38383838383838,11466.574317357201,87245.67415380478
1774767284.6712782,job_done,cagrad:coord:train.grad_clip,176,198,0,88.88888888888889,11124.431704878807,88995.45363903046
1774768876.97495,job_done,cagrad:coord:train.grad_clip,177,198,0,89.39393939393939,10747.70001537921,90587.75727248192
1774770639.6021335,job_done,cagrad:coord:train.grad_clip,178,198,0,89.8989898989899,10376.447694649858,92350.38448238373
1774772398.220879,job_done,cagrad:coord:train.grad_clip,179,198,0,90.4040404040404,9989.223796575428,94109.00313615799
1774774119.5294995,job_done,cagrad:coord:train.grad_clip,180,198,0,90.9090909090909,9583.031182932853,95830.31182932854
1774775648.2685404,job_done,cagrad:coord:train.grad_clip,181,198,0,91.41414141414141,9144.22024707241,97359.0508658886
1774777526.8751369,job_done,cagrad:coord:train.grad_clip,182,198,0,91.91919191919192,8724.189606823764,99237.65677762032
1774779419.6834557,job_done,cagrad:coord:train.grad_clip,183,198,0,92.42424242424242,8289.382442020978,101130.46579265594
1774781280.7564,job_done,cagrad:coord:train.grad_clip,184,198,0,92.92929292929293,7836.3126320527945,102991.53744983673
1774783182.728902,job_done,cagrad:coord:train.grad_clip,185,198,0,93.43434343434343,7370.895367310498,104893.5109963417
1774784741.1463351,job_done,cagrad:coord:train.grad_clip,186,198,0,93.93939393939394,6867.866303182417,106451.92769932747
1774786619.734356,job_done,cagrad:coord:train.grad_clip,187,198,0,94.44444444444444,6372.383333051906,108330.5166618824
1774788485.5913026,job_done,cagrad:coord:train.grad_clip,188,198,0,94.94949494949495,5861.509232381557,110196.37356877327
1774790383.684043,job_done,cagrad:coord:train.grad_clip,189,198,0,95.45454545454545,5337.831734714055,112094.46642899513
1774792268.8600352,job_done,cagrad:coord:train.grad_clip,190,198,0,95.95959595959596,4799.1428327560425,113979.64227795601
1774793983.1293654,job_done,cagrad:coord:train.grad_clip,191,198,0,96.46464646464646,4240.091005629894,115693.91172504425
1774795737.0073724,job_done,cagrad:coord:train.grad_clip,192,198,0,96.96969696969697,3670.2434285655618,117447.78971409798
1774797582.047189,job_done,cagrad:coord:train.grad_clip,193,198,0,97.47474747474747,3090.4878094468095,119292.82944464684
1774799461.6491895,job_done,cagrad:coord:train.grad_clip,194,198,0,97.97979797979798,2498.400650958425,121172.43157148361
                                                                                                                          1774827310.580351,init,,0,0,0,0.0,,1.1682510375976562e-05
1774827310.5807242,pipeline_start,,0,0,0,0.0,,0.0004496574401855469
1774827310.5809252,lock_wait,,0,0,0,0.0,,0.0006682872772216797
1774827310.5811138,lock_acquired,,0,0,0,0.0,,0.0008573532104492188
1774827310.5812874,method_start,,0,0,0,0.0,,0.0010364055633544922
1774827310.581499,lock_wait,,0,0,0,0.0,,0.001239776611328125
1774827310.5816793,lock_acquired,,0,0,0,0.0,,0.00142669677734375
1774827310.5818686,lock_released,,0,0,0,0.0,,0.0016095638275146484
1774827310.5824633,lock_wait,,0,0,0,0.0,,0.002190113067626953
1774827310.5826416,lock_acquired,,0,0,0,0.0,,0.002389192581176758
1774827310.5828176,plan_add,,0,24,0,0.0,,0.0025625228881835938
1774827310.583037,phase_start,baseline:coord:train.lr,0,24,0,0.0,,0.002745389938354492
1774827310.6101997,group_slots,baseline:coord:train.lr,0,24,0,0.0,,0.02977609634399414
1774827310.6104853,group_start,baseline:coord:train.lr,0,24,0,0.0,,0.030168533325195312
1774827310.6483111,job_done,baseline:coord:train.lr,1,24,0,4.166666666666667,1.5576298236846924,0.06772303581237793
1774827310.6488466,job_done,baseline:coord:train.lr,2,24,0,8.333333333333334,0.7524750232696533,0.06840682029724121
1774827310.6490476,job_done,baseline:coord:train.lr,3,24,0,12.5,0.48145127296447754,0.06877875328063965
1774827310.6494133,job_done,baseline:coord:train.lr,4,24,0,16.666666666666668,0.34487247467041016,0.06897449493408203
1774827310.6499465,job_done,baseline:coord:train.lr,5,24,0,20.833333333333332,0.26407179832458494,0.06949257850646973
1774827310.650765,job_done,baseline:coord:train.lr,6,24,0,25.0,0.21109557151794434,0.07036519050598145
1774827310.6511798,job_done,baseline:coord:train.lr,7,24,0,29.166666666666668,0.1718874318259103,0.07077717781066895
1774827310.6514018,job_done,baseline:coord:train.lr,8,24,0,33.333333333333336,0.14222002029418945,0.07111001014709473
1774827310.6517444,job_done,baseline:coord:train.lr,9,24,0,37.5,0.11890133221944173,0.07134079933166504
1774827310.6522746,job_done,baseline:coord:train.lr,10,24,0,41.666666666666664,0.10059943199157716,0.07185673713684082
1774827310.6531482,job_done,baseline:coord:train.lr,11,24,0,45.833333333333336,0.08600696650418369,0.07277512550354004
1774827310.6533775,job_done,baseline:coord:train.lr,12,24,0,50.0,0.07308316230773926,0.07308316230773926
1774827310.6538608,job_done,baseline:coord:train.lr,13,24,0,54.166666666666664,0.06211497233464167,0.07340860366821289
1774827310.654242,job_done,baseline:coord:train.lr,14,24,0,58.333333333333336,0.05271179335457938,0.07379651069641113
1774827310.6548214,job_done,baseline:coord:train.lr,15,24,0,62.5,0.04464154243469238,0.0744025707244873
1774827310.6552403,job_done,baseline:coord:train.lr,16,24,0,66.66666666666667,0.037377119064331055,0.07475423812866211
1774827310.6557255,job_done,baseline:coord:train.lr,17,24,0,70.83333333333333,0.031008327708524814,0.07530593872070312
1774827310.65594,job_done,baseline:coord:train.lr,18,24,0,75.0,0.025220235188802082,0.07566070556640625
1774827310.6565912,job_done,baseline:coord:train.lr,19,24,0,79.16666666666667,0.020041214792351974,0.0761566162109375
1774827310.6571393,job_done,baseline:coord:train.lr,20,24,0,83.33333333333333,0.015320920944213865,0.07660460472106934
1774827310.6575894,job_done,baseline:coord:train.lr,21,24,0,87.5,0.011023010526384625,0.07716107368469238
1774827310.6578093,job_done,baseline:coord:train.lr,22,24,0,91.66666666666667,0.0070477182214910335,0.07752490043640137
1774827310.6580412,job_done,baseline:coord:train.lr,23,24,0,95.83333333333333,0.003380599229232125,0.07775378227233887
1774827310.6584857,job_done,baseline:coord:train.lr,24,24,0,100.0,,0.07817196846008301
1774827310.671665,group_end,baseline:coord:train.lr,24,24,0,100.0,,0.09138035774230957
1774827310.6718447,phase_end,,24,24,0,100.0,,0.09157991409301758
1774827310.6720762,lock_released,,24,24,0,100.0,,0.09180378913879395
1774827310.6732793,lock_wait,,24,24,0,100.0,,0.09301018714904785
1774827310.6734798,lock_acquired,,24,24,0,100.0,,0.09321331977844238
1774827310.6736555,plan_add,,24,48,0,50.0,0.09340000152587889,0.0934000015258789
1774827310.6738503,phase_start,baseline:coord:train.weight_decay,24,48,0,50.0,0.09357595443725586,0.09357595443725586
1774827310.70208,group_slots,baseline:coord:train.weight_decay,24,48,0,50.0,0.12165641784667967,0.12165641784667969
1774827310.7023394,group_start,baseline:coord:train.weight_decay,24,48,0,50.0,0.12204623222351074,0.12204623222351074
1774827310.7399824,job_done,baseline:coord:train.weight_decay,25,48,0,52.083333333333336,0.14646132469177245,0.15919709205627441
1774827310.740548,job_done,baseline:coord:train.weight_decay,26,48,0,54.166666666666664,0.13555293816786546,0.16019892692565918
1774827310.7411444,job_done,baseline:coord:train.weight_decay,27,48,0,56.25,0.12503568331400552,0.16076016426086426
1774827310.741341,job_done,baseline:coord:train.weight_decay,28,48,0,58.333333333333336,0.11505569730486188,0.16107797622680664
1774827310.741921,job_done,baseline:coord:train.weight_decay,29,48,0,60.416666666666664,0.1057909603776603,0.1614704132080078
1774827310.742735,job_done,baseline:coord:train.weight_decay,30,48,0,62.5,0.09740395545959472,0.1623399257659912
1774827310.7429345,job_done,baseline:coord:train.weight_decay,31,48,0,64.58333333333333,0.08920764154003512,0.162672758102417
1774827310.7431188,job_done,baseline:coord:train.weight_decay,32,48,0,66.66666666666667,0.08143007755279541,0.16286015510559082
1774827310.743714,job_done,baseline:coord:train.weight_decay,33,48,0,68.75,0.07416605949401855,0.16316533088684082
1774827310.7445016,job_done,baseline:coord:train.weight_decay,34,48,0,70.83333333333333,0.06754748961504768,0.16404390335083008
1774827310.7449977,job_done,baseline:coord:train.weight_decay,35,48,0,72.91666666666667,0.0611015932900565,0.1645042896270752
1774827310.7451963,job_done,baseline:coord:train.weight_decay,36,48,0,75.0,0.05497662226359049,0.16492986679077148
1774827310.7455595,job_done,baseline:coord:train.weight_decay,37,48,0,77.08333333333333,0.049090617411845436,0.16512298583984375
1774827310.7461522,job_done,baseline:coord:train.weight_decay,38,48,0,79.16666666666667,0.043628153048063584,0.1657869815826416
1774827310.7468836,job_done,baseline:coord:train.weight_decay,39,48,0,81.25,0.038448517139141374,0.1666102409362793
1774827310.7471857,job_done,baseline:coord:train.weight_decay,40,48,0,83.33333333333333,0.03336319923400879,0.16681599617004395
1774827310.747402,job_done,baseline:coord:train.weight_decay,41,48,0,85.41666666666667,0.028534592651739354,0.1671311855316162
1774827310.7479944,job_done,baseline:coord:train.weight_decay,42,48,0,87.5,0.023946080889020647,0.16762256622314453
1774827310.748739,job_done,baseline:coord:train.weight_decay,43,48,0,89.58333333333333,0.019588803136071493,0.16846370697021484
1774827310.749059,job_done,baseline:coord:train.weight_decay,44,48,0,91.66666666666667,0.01533419435674494,0.16867613792419434
1774827310.749586,job_done,baseline:coord:train.weight_decay,45,48,0,93.75,0.011282062530517578,0.16923093795776367
1774827310.749781,job_done,baseline:coord:train.weight_decay,46,48,0,95.83333333333333,0.007370295731917672,0.16951680183410645
1774827310.7501752,job_done,baseline:coord:train.weight_decay,47,48,0,97.91666666666667,0.0036150648238811086,0.1699080467224121
1774827310.7504656,job_done,baseline:coord:train.weight_decay,48,48,0,100.0,,0.17010760307312012
1774827310.7639763,group_end,baseline:coord:train.weight_decay,48,48,0,100.0,,0.1837007999420166
1774827310.7641451,phase_end,,48,48,0,100.0,,0.18388962745666504
1774827310.7643516,lock_released,,48,48,0,100.0,,0.18409490585327148
1774827310.765527,lock_wait,,48,48,0,100.0,,0.1852588653564453
1774827310.7657177,lock_acquired,,48,48,0,100.0,,0.18546032905578613
1774827310.765895,plan_add,,48,72,0,66.66666666666667,0.0928184986114502,0.1856369972229004
1774827310.7660725,phase_start,baseline:coord:train.grad_clip,48,72,0,66.66666666666667,0.09290921688079834,0.18581843376159668
1774827310.7934356,group_slots,baseline:coord:train.grad_clip,48,72,0,66.66666666666667,0.10652327537536621,0.21304655075073242
1774827310.7936506,group_start,baseline:coord:train.grad_clip,48,72,0,66.66666666666667,0.10669112205505371,0.21338224411010742
1774827310.831035,job_done,baseline:coord:train.grad_clip,49,72,0,68.05555555555556,0.11750831409376496,0.25034379959106445
1774827310.8315797,job_done,baseline:coord:train.grad_clip,50,72,0,69.44444444444444,0.11054067611694336,0.25122880935668945
1774827310.8317962,job_done,baseline:coord:train.grad_clip,51,72,0,70.83333333333333,0.10356388372533462,0.2515122890472412
1774827310.8345518,job_done,baseline:coord:train.grad_clip,52,72,0,72.22222222222223,0.09681664980374849,0.2517232894897461
1774827310.8351321,job_done,baseline:coord:train.grad_clip,53,72,0,73.61111111111111,0.09132778419638579,0.25475645065307617
1774827310.8358564,job_done,baseline:coord:train.grad_clip,54,72,0,75.0,0.08516637484232585,0.25549912452697754
1774827310.8360558,job_done,baseline:coord:train.grad_clip,55,72,0,76.38888888888889,0.07906191999262029,0.25578856468200684
1774827310.836542,job_done,baseline:coord:train.grad_clip,56,72,0,77.77777777777777,0.07319504874093193,0.2561826705932617
1774827310.8368673,job_done,baseline:coord:train.grad_clip,57,72,0,79.16666666666667,0.06749284894842851,0.2564728260040283
1774827310.8374639,job_done,baseline:coord:train.grad_clip,58,72,0,80.55555555555556,0.06205133734078243,0.25706982612609863
1774827310.838078,job_done,baseline:coord:train.grad_clip,59,72,0,81.94444444444444,0.056742526717105154,0.257523775100708
1774827310.8386264,job_done,baseline:coord:train.grad_clip,60,72,0,83.33333333333333,0.051654815673828125,0.2582740783691406
1774827310.838822,job_done,baseline:coord:train.grad_clip,61,72,0,84.72222222222223,0.04662496144654321,0.258556604385376
1774827310.839173,job_done,baseline:coord:train.grad_clip,62,72,0,86.11111111111111,0.04174170955534904,0.25879859924316406
1774827310.8397722,job_done,baseline:coord:train.grad_clip,63,72,0,87.5,0.037050758089338026,0.2593553066253662
1774827310.8406355,job_done,baseline:coord:train.grad_clip,64,72,0,88.88888888888889,0.032527655363082886,0.2602212429046631
1774827310.8408356,job_done,baseline:coord:train.grad_clip,65,72,0,90.27777777777777,0.028061646681565505,0.2605724334716797
1774827310.8410192,job_done,baseline:coord:train.grad_clip,66,72,0,91.66666666666667,0.023705547506159004,0.260761022567749
1774827310.8416185,job_done,baseline:coord:train.grad_clip,67,72,0,93.05555555555556,0.019491323784216124,0.2611837387084961
1774827310.8423336,job_done,baseline:coord:train.grad_clip,68,72,0,94.44444444444444,0.015414967256433824,0.262054443359375
1774827310.8426888,job_done,baseline:coord:train.grad_clip,69,72,0,95.83333333333333,0.011403757592906122,0.2622864246368408
1774827310.8428893,job_done,baseline:coord:train.grad_clip,70,72,0,97.22222222222223,0.007503673008510045,0.26262855529785156
1774827310.8433073,job_done,baseline:coord:train.grad_clip,71,72,0,98.61111111111111,0.00370357741772289,0.2629539966583252
1774827310.8438005,job_done,baseline:coord:train.grad_clip,72,72,0,100.0,,0.2635211944580078
1774827310.8588076,group_end,baseline:coord:train.grad_clip,72,72,0,100.0,,0.27851438522338867
1774827310.8590167,phase_end,,72,72,0,100.0,,0.27873873710632324
1774827310.8592615,lock_released,,72,72,0,100.0,,0.27898192405700684
1774827310.9018164,lock_wait,,72,72,0,100.0,,0.3214447498321533
1774827310.9020422,lock_acquired,,72,72,0,100.0,,0.3217811584472656
1774827310.9022245,plan_add,,72,126,0,57.142857142857146,0.24147480726242065,0.32196640968322754
1774827310.9024243,phase_start,baseline:local_var_topk,72,126,0,57.142857142857146,0.24161463975906372,0.32215285301208496
1774827310.9372263,group_slots,baseline:local_var_topk,72,126,0,57.142857142857146,0.2676381468772888,0.35685086250305176
1774827310.9374845,group_start,baseline:local_var_topk,72,126,0,57.142857142857146,0.26788437366485596,0.3571791648864746
1774827310.9753835,job_done,baseline:local_var_topk,73,126,0,57.93650793650794,0.2865239300139963,0.39464616775512695
1774827310.9756796,job_done,baseline:local_var_topk,74,126,0,58.73015873015873,0.27785153002352325,0.3954041004180908
1774827310.9761896,job_done,baseline:local_var_topk,75,126,0,59.523809523809526,0.26908392906188966,0.39571166038513184
1774827310.9764004,job_done,baseline:local_var_topk,76,126,0,60.317460317460316,0.26060860407979863,0.39612507820129395
1774827310.977038,job_done,baseline:local_var_topk,77,126,0,61.111111111111114,0.2523344863544811,0.39652562141418457
1774827310.9774992,job_done,baseline:local_var_topk,78,126,0,61.904761904761905,0.24432871891902044,0.3970341682434082
1774827310.9780307,job_done,baseline:local_var_topk,79,126,0,62.698412698412696,0.2365155914161779,0.39754748344421387
1774827310.9784813,job_done,baseline:local_var_topk,80,126,0,63.492063492063494,0.2288679599761963,0.39803123474121094
1774827310.9786777,job_done,baseline:local_var_topk,81,126,0,64.28571428571429,0.2213394641876221,0.3984110355377197
1774827310.9792345,job_done,baseline:local_var_topk,82,126,0,65.07936507936508,0.21399875966514031,0.3988158702850342
1774827310.979435,job_done,baseline:local_var_topk,83,126,0,65.87301587301587,0.20679615779095387,0.39916467666625977
1774827310.980064,job_done,baseline:local_var_topk,84,126,0,66.66666666666667,0.19988703727722168,0.39977407455444336
1774827310.9806066,job_done,baseline:local_var_topk,85,126,0,67.46031746031746,0.19299354833715102,0.40010857582092285
1774827310.9810348,job_done,baseline:local_var_topk,86,126,0,68.25396825396825,0.1863241195678711,0.40059685707092285
1774827310.981228,job_done,baseline:local_var_topk,87,126,0,69.04761904761905,0.17974484377893907,0.4009692668914795
1774827310.9817555,job_done,baseline:local_var_topk,88,126,0,69.84126984126983,0.17328727787191217,0.40129685401916504
1774827310.9821413,job_done,baseline:local_var_topk,89,126,0,70.63492063492063,0.16704774974437242,0.40181756019592285
1774827310.9828959,job_done,baseline:local_var_topk,90,126,0,71.42857142857143,0.1610176086425781,0.4025440216064453
1774827310.983085,job_done,baseline:local_var_topk,91,126,0,72.22222222222223,0.15493282904991737,0.40282535552978516
1774827310.9836476,job_done,baseline:local_var_topk,92,126,0,73.01587301587301,0.14904355484506357,0.40329432487487793
1774827310.9842904,job_done,baseline:local_var_topk,93,126,0,73.80952380952381,0.1432513037035542,0.40370821952819824
1774827310.984839,job_done,baseline:local_var_topk,94,126,0,74.60317460317461,0.13765789600128825,0.4043700695037842
1774827310.985035,job_done,baseline:local_var_topk,95,126,0,75.39682539682539,0.132083975641351,0.404773473739624
1774827310.9856625,job_done,baseline:local_var_topk,96,126,0,76.19047619047619,0.12665197253227234,0.4052863121032715
1774827310.9858558,job_done,baseline:local_var_topk,97,126,0,76.98412698412699,0.12125952465018046,0.4055922031402588
1774827310.986557,job_done,baseline:local_var_topk,98,126,0,77.77777777777777,0.1160808971949986,0.4062831401824951
1774827310.9867399,job_done,baseline:local_var_topk,99,126,0,78.57142857142857,0.11085911230607466,0.40648341178894043
1774827310.9874644,job_done,baseline:local_var_topk,100,126,0,79.36507936507937,0.10586564064025879,0.40717554092407227
1774827310.988081,job_done,baseline:local_var_topk,101,126,0,80.15873015873017,0.10094011184012536,0.40779805183410645
1774827310.9885342,job_done,baseline:local_var_topk,102,126,0,80.95238095238095,0.09603135726031135,0.40813326835632324
1774827310.9887307,job_done,baseline:local_var_topk,103,126,0,81.74603174603175,0.09121055741911953,0.4084646701812744
1774827310.9892912,job_done,baseline:local_var_topk,104,126,0,82.53968253968254,0.08650292341525738,0.4089229106903076
1774827310.989911,job_done,baseline:local_var_topk,105,126,0,83.33333333333333,0.08187193870544433,0.4093596935272217
1774827310.9904518,job_done,baseline:local_var_topk,106,126,0,84.12698412698413,0.07737411642974278,0.4100828170776367
1774827310.9906502,job_done,baseline:local_var_topk,107,126,0,84.92063492063492,0.07287267658197992,0.4103882312774658
1774827310.9912324,job_done,baseline:local_var_topk,108,126,0,85.71428571428571,0.06849300861358643,0.41095805168151855
1774827310.9916997,job_done,baseline:local_var_topk,109,126,0,86.5079365079365,0.06414505757323098,0.411283016204834
1774827310.9924383,job_done,baseline:local_var_topk,110,126,0,87.3015873015873,0.05994911193847657,0.41215014457702637
1774827310.9929113,job_done,baseline:local_var_topk,111,126,0,88.0952380952381,0.05575221938055915,0.4125664234161377
1774827310.9931068,job_done,baseline:local_var_topk,112,126,0,88.88888888888889,0.05160525441169739,0.4128420352935791
1774827310.9937408,job_done,baseline:local_var_topk,113,126,0,89.68253968253968,0.04754071531042589,0.413238525390625
1774827310.9943273,job_done,baseline:local_var_topk,114,126,0,90.47619047619048,0.043560404526559925,0.41382384300231934
1774827310.9948103,job_done,baseline:local_var_topk,115,126,0,91.26984126984127,0.03964365254277768,0.4144563674926758
1774827310.9949965,job_done,baseline:local_var_topk,116,126,0,92.06349206349206,0.03575329122872188,0.41473817825317383
1774827310.9956152,job_done,baseline:local_var_topk,117,126,0,92.85714285714286,0.03193022654606746,0.41509294509887695
1774827310.9962087,job_done,baseline:local_var_topk,118,126,0,93.65079365079364,0.028188656952421544,0.4157826900482178
1774827310.9966786,job_done,baseline:local_var_topk,119,126,0,94.44444444444444,0.024490819257848403,0.41634392738342285
1774827310.996868,job_done,baseline:local_var_topk,120,126,0,95.23809523809524,0.020830428600311278,0.4166085720062256
1774827310.997465,job_done,baseline:local_var_topk,121,126,0,96.03174603174604,0.017230215151447896,0.41697120666503906
1774827310.9979858,job_done,baseline:local_var_topk,122,126,0,96.82539682539682,0.013692801115942784,0.4176304340362549
1774827310.998604,job_done,baseline:local_var_topk,123,126,0,97.61904761904762,0.010198598954735733,0.41814255714416504
1774827310.9987912,job_done,baseline:local_var_topk,124,126,0,98.41269841269842,0.006750533657689248,0.4185330867767334
1774827310.9989831,job_done,baseline:local_var_topk,125,126,0,99.2063492063492,0.003349794387817383,0.41872429847717285
1774827310.9994674,job_done,baseline:local_var_topk,126,126,0,100.0,,0.4191927909851074
1774827311.0167484,group_end,baseline:local_var_topk,126,126,0,100.0,,0.43643832206726074
1774827311.016928,phase_end,,126,126,0,100.0,,0.43667149543762207
1774827311.0171404,lock_released,,126,126,0,100.0,,0.43688178062438965
1774827311.0217116,method_done,,126,126,0,100.0,,0.4414536952972412
1774827311.021882,method_start,,126,126,0,100.0,,0.44162869453430176
1774827311.0221617,lock_wait,,126,126,0,100.0,,0.44183826446533203
1774827311.022347,lock_acquired,,126,126,0,100.0,,0.442094087600708
1774827311.0225387,lock_released,,126,126,0,100.0,,0.44228410720825195
1774827311.023328,lock_wait,,126,126,0,100.0,,0.44306492805480957
1774827311.0235157,lock_acquired,,126,126,0,100.0,,0.44326066970825195
1774827311.0236874,plan_add,,126,150,0,84.0,0.08446380070277622,0.4434349536895752
1774827311.0238655,phase_start,cagrad:coord:train.lr,126,150,0,84.0,0.08449772426060267,0.44361305236816406
1774827311.0510576,group_slots,cagrad:coord:train.lr,126,150,0,84.0,0.0896590096609933,0.47070980072021484
1774827311.0512602,group_start,cagrad:coord:train.lr,126,150,0,84.0,0.08971173422677176,0.47098660469055176
1774827311.0652585,job_done,cagrad:coord:train.lr,127,150,0,84.66666666666667,0.08779727755569099,0.48479366302490234
1774827311.066278,job_done,cagrad:coord:train.lr,128,150,0,85.33333333333333,0.08352958038449287,0.4859902858734131
1774827311.0670943,job_done,cagrad:coord:train.lr,129,150,0,86.0,0.07924825091694676,0.48681068420410156
1774827311.0678759,job_done,cagrad:coord:train.lr,130,150,0,86.66666666666667,0.0750133807842548,0.48758697509765625
1774827311.068647,job_done,cagrad:coord:train.lr,131,150,0,87.33333333333333,0.07083197040412262,0.48836779594421387
1774827311.069616,job_done,cagrad:coord:train.lr,132,150,0,88.0,0.06672695550051604,0.4893310070037842
1774827311.0703826,job_done,cagrad:coord:train.lr,133,150,0,88.66666666666667,0.0626443794795445,0.4901001453399658
1774827311.071122,job_done,cagrad:coord:train.lr,134,150,0,89.33333333333333,0.058608467899151695,0.4908459186553955
1774827311.0718458,job_done,cagrad:coord:train.lr,135,150,0,90.0,0.05461899439493815,0.49157094955444336
1774827311.0725677,job_done,cagrad:coord:train.lr,136,150,0,90.66666666666667,0.0506770365378436,0.4922912120819092
1774827311.0733135,job_done,cagrad:coord:train.lr,137,150,0,91.33333333333333,0.046784282600792655,0.49303436279296875
1774827311.0741909,job_done,cagrad:coord:train.lr,138,150,0,92.0,0.042948971623959754,0.4939131736755371
1774827311.075122,job_done,cagrad:coord:train.lr,139,150,0,92.66666666666667,0.03916048317504443,0.4948461055755615
1774827311.0760624,job_done,cagrad:coord:train.lr,140,150,0,93.33333333333333,0.03541287354060582,0.49578022956848145
1774827311.0768075,job_done,cagrad:coord:train.lr,141,150,0,94.0,0.031693225211285536,0.49652719497680664
1774827311.0775394,job_done,cagrad:coord:train.lr,142,150,0,94.66666666666667,0.028014653165575484,0.49726009368896484
1774827311.0784464,job_done,cagrad:coord:train.lr,143,150,0,95.33333333333333,0.024385822402847396,0.4981675148010254
1774827311.0793285,job_done,cagrad:coord:train.lr,144,150,0,96.0,0.020794103542963665,0.49905848503112793
1774827311.080247,job_done,cagrad:coord:train.lr,145,150,0,96.66666666666667,0.017240326980064655,0.499969482421875
1774827311.0811493,job_done,cagrad:coord:train.lr,146,150,0,97.33333333333333,0.013722661423356566,0.5008771419525146
1774827311.0820577,job_done,cagrad:coord:train.lr,147,150,0,98.0,0.010240374779214663,0.5017783641815186
1774827311.0829642,job_done,cagrad:coord:train.lr,148,150,0,98.66666666666667,0.006793041486997862,0.5026850700378418
1774827311.0839028,job_done,cagrad:coord:train.lr,149,150,0,99.33333333333333,0.0033800649962969272,0.5036296844482422
1774827311.0848062,job_done,cagrad:coord:train.lr,150,150,0,100.0,,0.5045318603515625
1774827311.0963914,group_end,cagrad:coord:train.lr,150,150,0,100.0,,0.5161080360412598
1774827311.0965722,phase_end,,150,150,0,100.0,,0.5163109302520752
1774827311.0968168,lock_released,,150,150,0,100.0,,0.516554594039917
1774827311.0980933,lock_wait,,150,150,0,100.0,,0.517824649810791
1774827311.0982842,lock_acquired,,150,150,0,100.0,,0.5180263519287109
1774827311.0984817,plan_add,,150,174,0,86.20689655172414,0.08291324615478517,0.5182077884674072
1774827311.0986657,phase_start,cagrad:coord:train.weight_decay,150,174,0,86.20689655172414,0.08294490814208985,0.5184056758880615
1774827311.1258583,group_slots,cagrad:coord:train.weight_decay,150,174,0,86.20689655172414,0.08726459503173828,0.5454037189483643
1774827311.1261735,group_start,cagrad:coord:train.weight_decay,150,174,0,86.20689655172414,0.08733257293701173,0.5458285808563232
1774827311.1450527,job_done,cagrad:coord:train.weight_decay,151,174,0,86.7816091954023,0.08597078386521498,0.5644168853759766
1774827311.1462784,job_done,cagrad:coord:train.weight_decay,152,174,0,87.35632183908046,0.08190659159108213,0.5659000873565674
1774827311.1472461,job_done,cagrad:coord:train.weight_decay,153,174,0,87.93103448275862,0.07780682806875192,0.5668783187866211
1774827311.1482122,job_done,cagrad:coord:train.weight_decay,154,174,0,88.50574712643679,0.0737453435922598,0.5678391456604004
1774827311.1491642,job_done,cagrad:coord:train.weight_decay,155,174,0,89.08045977011494,0.06972424753250615,0.568803071975708
1774827311.1500764,job_done,cagrad:coord:train.weight_decay,156,174,0,89.65517241379311,0.06573645885174091,0.5697159767150879
1774827311.1510217,job_done,cagrad:coord:train.weight_decay,157,174,0,90.22988505747126,0.06178933799646463,0.5706427097320557
1774827311.1519406,job_done,cagrad:coord:train.weight_decay,158,174,0,90.80459770114942,0.057880546473249604,0.5715703964233398
1774827311.1530683,job_done,cagrad:coord:train.weight_decay,159,174,0,91.37931034482759,0.054029226303100586,0.5727097988128662
1774827311.1542246,job_done,cagrad:coord:train.weight_decay,160,174,0,91.95402298850574,0.05021334886550904,0.5738668441772461
1774827311.1553564,job_done,cagrad:coord:train.weight_decay,161,174,0,92.52873563218391,0.04642847902286126,0.5749988555908203
1774827311.1565545,job_done,cagrad:coord:train.weight_decay,162,174,0,93.10344827586206,0.042679645397044996,0.5761752128601074
1774827311.157717,job_done,cagrad:coord:train.weight_decay,163,174,0,93.67816091954023,0.0389615553288372,0.5773394107818604
1774827311.1588883,job_done,cagrad:coord:train.weight_decay,164,174,0,94.25287356321839,0.03527487196573397,0.5785079002380371
1774827311.160032,job_done,cagrad:coord:train.weight_decay,165,174,0,94.82758620689656,0.03161803592335094,0.5796639919281006
1774827311.1611574,job_done,cagrad:coord:train.weight_decay,166,174,0,95.40229885057471,0.02799011138548334,0.5807948112487793
1774827311.1623597,job_done,cagrad:coord:train.weight_decay,167,174,0,95.97701149425288,0.024391032978446185,0.5819003582000732
1774827311.1634908,job_done,cagrad:coord:train.weight_decay,168,174,0,96.55172413793103,0.02082590545926775,0.5831253528594971
1774827311.164622,job_done,cagrad:coord:train.weight_decay,169,174,0,97.1264367816092,0.017285911289192515,0.584263801574707
1774827311.1657615,job_done,cagrad:coord:train.weight_decay,170,174,0,97.70114942528735,0.01377415937535903,0.5854017734527588
1774827311.1668959,job_done,cagrad:coord:train.weight_decay,171,174,0,98.27586206896552,0.010290070583945826,0.5865340232849121
1774827311.1680171,job_done,cagrad:coord:train.weight_decay,172,174,0,98.85057471264368,0.0068332594494486965,0.5876603126525879
1774827311.1691377,job_done,cagrad:coord:train.weight_decay,173,174,0,99.42528735632185,0.003403354931428942,0.588780403137207
1774827311.1702256,job_done,cagrad:coord:train.weight_decay,174,174,0,100.0,,0.5898599624633789
1774827311.1844728,group_end,cagrad:coord:train.weight_decay,174,174,0,100.0,,0.6040887832641602
1774827311.184763,phase_end,,174,174,0,100.0,,0.6044304370880127
1774827311.1851006,lock_released,,174,174,0,100.0,,0.6047677993774414
1774827311.1871166,lock_wait,,174,174,0,100.0,,0.6067652702331543
1774827311.1874406,lock_acquired,,174,174,0,100.0,,0.6070992946624756
1774827311.1877449,plan_add,,174,198,0,87.87878787878788,0.08378055177885911,0.6074090003967285
1774827311.188042,phase_start,cagrad:coord:train.grad_clip,174,198,0,87.87878787878788,0.08382225036621092,0.6077113151550293
1774827912.9634526,probe_fallback,cagrad:coord:train.grad_clip,174,198,0,87.87878787878788,83.08731289567619,602.3830184936523
1774827912.985176,group_slots,cagrad:coord:train.grad_clip,174,198,0,87.87878787878788,83.09031246448384,602.4047653675079
1774827912.9854264,group_start,cagrad:coord:train.grad_clip,174,198,0,87.87878787878788,83.09036205554831,602.4051249027252
1774827913.0036764,job_done,cagrad:coord:train.grad_clip,175,198,0,88.38383838383838,79.17561955451964,602.4231922626495
1774827913.0046396,job_done,cagrad:coord:train.grad_clip,176,198,0,88.88888888888889,75.30304458737373,602.4243566989899
1774827913.0054073,job_done,cagrad:coord:train.grad_clip,177,198,0,89.39393939393939,71.47416696306003,602.4251215457916
1774827913.0063882,job_done,cagrad:coord:train.grad_clip,178,198,0,89.8989898989899,67.68829972556469,602.4258675575256
1774827913.0071058,job_done,cagrad:coord:train.grad_clip,179,198,0,90.4040404040404,63.94474732409642,602.4268300533295
1774827913.007812,job_done,cagrad:coord:train.grad_clip,180,198,0,90.9090909090909,60.24275391101837,602.4275391101837
1774827913.0085108,job_done,cagrad:coord:train.grad_clip,181,198,0,91.41414141414141,56.5816575927629,602.4282367229462
1774827913.0091894,job_done,cagrad:coord:train.grad_clip,182,198,0,91.91919191919192,52.96078417851375,602.4289200305939
1774827913.009866,job_done,cagrad:coord:train.grad_clip,183,198,0,92.42424242424242,49.379475058102216,602.429595708847
1774827913.0105593,job_done,cagrad:coord:train.grad_clip,184,198,0,92.92929292929293,45.837087009264074,602.4302864074707
1774827913.011236,job_done,cagrad:coord:train.grad_clip,185,198,0,93.43434343434343,42.33298665897266,602.4309639930725
1774827913.0119317,job_done,cagrad:coord:train.grad_clip,186,198,0,93.93939393939394,38.866558382588046,602.4316549301147
1774827913.0126286,job_done,cagrad:coord:train.grad_clip,187,198,0,94.44444444444444,35.437197376700006,602.4323554039001
1774827913.013303,job_done,cagrad:coord:train.grad_clip,188,198,0,94.94949494949495,32.0443102527172,602.4330327510834
1774827913.0139844,job_done,cagrad:coord:train.grad_clip,189,198,0,95.45454545454545,28.687319403602963,602.4337074756622
1774827913.0146763,job_done,cagrad:coord:train.grad_clip,190,198,0,95.95959595959596,25.36565903111508,602.4344019889832
1774827913.0153348,job_done,cagrad:coord:train.grad_clip,191,198,0,96.46464646464646,22.07877200810697,602.435064792633
1774827913.015999,job_done,cagrad:coord:train.grad_clip,192,198,0,96.96969696969697,18.826116494834423,602.4357278347015
1774827913.0166798,job_done,cagrad:coord:train.grad_clip,193,198,0,97.47474747474747,15.6071607065942,602.4364032745361
1774827913.0173557,job_done,cagrad:coord:train.grad_clip,194,198,0,97.97979797979798,12.421383066275686,602.4370787143707
1774829624.5016172,job_done,cagrad:coord:train.grad_clip,195,198,0,98.48484848484848,35.598787857935974,2313.9212107658386
1774831105.3020709,job_done,cagrad:coord:train.grad_clip,196,198,0,98.98989898989899,38.72165034498487,3794.7217338085175
1774832791.6870031,job_done,cagrad:coord:train.grad_clip,197,198,0,99.4949494949495,27.82287600560842,5481.106573104858
1774836994.5046551,job_done,cagrad:coord:train.grad_clip,198,198,0,100.0,,9683.924213647842
1774836994.5197299,group_end,cagrad:coord:train.grad_clip,198,198,0,100.0,,9683.9387216568
1774836994.5200222,phase_end,,198,198,0,100.0,,9683.939725160599
1774836994.520449,lock_released,,198,198,0,100.0,,9683.940107822418
1774836994.5224035,lock_wait,,198,198,0,100.0,,9683.942054748535
1774836994.5227134,lock_acquired,,198,198,0,100.0,,9683.942431926727
1774836994.522949,plan_add,,198,222,0,89.1891891891892,1173.8112322200427,9683.942665815353
1774836994.5231845,phase_start,cagrad:coord:method.baseline_cagrad.c,198,222,0,89.1891891891892,1173.8112595587065,9683.94289135933
1774837595.2426066,probe_fallback,cagrad:coord:method.baseline_cagrad.c,198,222,0,89.1891891891892,1246.6256939281118,10284.661974906921
1774837595.2642367,group_slots,cagrad:coord:method.baseline_cagrad.c,198,222,0,89.1891891891892,1246.6283398252544,10284.68380355835
1774837595.264497,group_start,cagrad:coord:method.baseline_cagrad.c,198,222,0,89.1891891891892,1246.6283872777765,10284.684195041656
1774839307.0992942,job_done,cagrad:coord:method.baseline_cagrad.c,199,222,0,89.63963963963964,1386.5323113029328,11996.518693447113
1774840785.5888448,job_done,cagrad:coord:method.baseline_cagrad.c,200,222,0,90.09009009009009,1482.2509147644043,13475.008316040039
1774842477.6121721,job_done,cagrad:coord:method.baseline_cagrad.c,201,222,0,90.54054054054055,1584.6151274318127,15167.030505418777
1774844180.0644734,job_done,cagrad:coord:method.baseline_cagrad.c,202,222,0,90.990990990991,1670.2458991626702,16869.48358154297
1774845893.4966428,job_done,cagrad:coord:method.baseline_cagrad.c,203,222,0,91.44144144144144,1739.2877195973704,18582.916162014008
1774847601.7274506,job_done,cagrad:coord:method.baseline_cagrad.c,204,222,0,91.89189189189189,1790.395320422509,20291.146964788437
1774849318.4057395,job_done,cagrad:coord:method.baseline_cagrad.c,205,222,0,92.34234234234235,1825.0391771886407,22007.825371980667
1774850800.7318926,job_done,cagrad:coord:method.baseline_cagrad.c,206,222,0,92.7927927927928,1824.4777859252633,23490.151493787766
1774852497.4158247,job_done,cagrad:coord:method.baseline_cagrad.c,207,222,0,93.24324324324324,1825.132998107136,25186.83537387848
1774854196.2252932,job_done,cagrad:coord:method.baseline_cagrad.c,208,222,0,93.69369369369369,1809.610709951474,26885.64483356476
1774855906.2146866,job_done,cagrad:coord:method.baseline_cagrad.c,209,222,0,94.14414414414415,1778.6758104363125,28595.63418316841
1774857607.370787,job_done,cagrad:coord:method.baseline_cagrad.c,210,222,0,94.5945945945946,1731.245165497916,30296.79039621353
1774859301.978731,job_done,cagrad:coord:method.baseline_cagrad.c,211,222,0,95.04504504504504,1667.7980007334343,31991.398014068604
1774860994.6165044,job_done,cagrad:coord:method.baseline_cagrad.c,212,222,0,95.49549549549549,1588.8696264995717,33684.036081790924
1774862702.3694973,job_done,cagrad:coord:method.baseline_cagrad.c,213,222,0,95.94594594594595,1495.4277025041447,35391.788959264755
1774864413.926925,job_done,cagrad:coord:method.baseline_cagrad.c,214,222,0,96.3963963963964,1387.0409895192797,37103.34646964073
1774866128.1363049,job_done,cagrad:coord:method.baseline_cagrad.c,215,222,0,96.84684684684684,1263.827392782167,38817.55563545227
1774867838.007599,job_done,cagrad:coord:method.baseline_cagrad.c,216,222,0,97.29729729729729,1125.7618644767338,40527.427121162415
1774869549.295818,job_done,cagrad:coord:method.baseline_cagrad.c,217,222,0,97.74774774774775,973.2422887454934,42238.71533155441
1774871026.129044,job_done,cagrad:coord:method.baseline_cagrad.c,218,222,0,98.1981981981982,802.1201589173133,43715.548660993576
1774872664.4091985,job_done,cagrad:coord:method.baseline_cagrad.c,219,222,0,98.64864864864865,621.285326281639,45353.82881855965
1774874321.4900944,job_done,cagrad:coord:method.baseline_cagrad.c,220,222,0,99.09909909909909,427.3719049518759,47010.909544706345
1774876037.4518332,job_done,cagrad:coord:method.baseline_cagrad.c,221,222,0,99.54954954954955,220.48358066373282,48726.87132668495
1774877712.595602,job_done,cagrad:coord:method.baseline_cagrad.c,222,222,0,100.0,,50402.015053749084
1774877712.6113644,group_end,cagrad:coord:method.baseline_cagrad.c,222,222,0,100.0,,50402.030849933624
1774877712.6117861,phase_end,,222,222,0,100.0,,50402.03140544891
1774877712.612659,lock_released,,222,222,0,100.0,,50402.031860113144
1774877712.6151807,lock_wait,,222,222,0,100.0,,50402.034769296646
1774877712.6156564,lock_acquired,,222,222,0,100.0,,50402.03526067734
1774877712.6160429,plan_add,,222,246,0,90.2439024390244,5448.868719436027,50402.03565478325
1774877712.6164753,phase_start,cagrad:coord:method.baseline_cagrad.inner_lr,222,246,0,90.2439024390244,5448.868761810097,50402.03604674339
1774878312.885328,probe_fallback,cagrad:coord:method.baseline_cagrad.inner_lr,222,246,0,90.2439024390244,5513.762694178401,51002.30492115021
1774878312.9070764,group_slots,cagrad:coord:method.baseline_cagrad.inner_lr,222,246,0,90.2439024390244,5513.7650465578645,51002.32668066025
1774878312.9073045,group_start,cagrad:coord:method.baseline_cagrad.inner_lr,222,246,0,90.2439024390244,5513.765084008913,51002.32702708244
1774879950.6155632,job_done,cagrad:coord:method.baseline_cagrad.inner_lr,223,246,0,90.65040650406505,5429.241282511185,52640.03504347801
1774881673.7579486,job_done,cagrad:coord:method.baseline_cagrad.inner_lr,224,246,0,91.0569105691057,5339.240641257593,54363.177438259125
1774883344.2173312,job_done,cagrad:coord:method.baseline_cagrad.inner_lr,225,246,0,91.46341463414635,5229.806115802129,56033.63695502281
1774885060.6084511,job_done,cagrad:coord:method.baseline_cagrad.inner_lr,226,246,0,91.869918699187,5110.621950415383,57750.02803969383
1774886772.8170788,job_done,cagrad:coord:method.baseline_cagrad.inner_lr,227,246,0,92.27642276422765,4977.01425736171,59462.22296953201
1774888437.6177895,job_done,cagrad:coord:method.baseline_cagrad.inner_lr,228,246,0,92.6829268292683,4825.818742237593,61127.03740167618
1774890102.8958092,job_done,cagrad:coord:method.baseline_cagrad.inner_lr,229,246,0,93.08943089430895,4661.438261551628,62792.31540560722
1774891496.5467975,job_done,cagrad:coord:method.baseline_cagrad.inner_lr,230,246,0,93.4959349593496,4465.110706130318,64185.96640062332
1774892713.865024,job_done,cagrad:coord:method.baseline_cagrad.inner_lr,231,246,0,93.90243902439025,4246.966535549659,65403.28464746475
1774894410.7479694,job_done,cagrad:coord:method.baseline_cagrad.inner_lr,232,246,0,94.3089430894309,4049.1480426068965,67100.1675632
1774896127.4855514,job_done,cagrad:coord:method.baseline_cagrad.inner_lr,233,246,0,94.71544715447155,3839.5698061204266,68816.90498661995
1774897863.0186923,job_done,cagrad:coord:method.baseline_cagrad.inner_lr,234,246,0,95.1219512195122,3618.0737497745417,70552.43812060356
1774899611.1410673,job_done,cagrad:coord:method.baseline_cagrad.inner_lr,235,246,0,95.52845528455285,3384.2815348696204,72300.5600631237
1774900922.0051925,job_done,cagrad:coord:method.baseline_cagrad.inner_lr,236,246,0,95.9349593495935,3119.128169538611,73611.42480111122
1774902174.9443562,job_done,cagrad:coord:method.baseline_cagrad.inner_lr,237,246,0,96.34146341463415,2842.95053152193,74864.36399674416
1774903423.4814596,job_done,cagrad:coord:method.baseline_cagrad.inner_lr,238,246,0,96.7479674796748,2558.4168424926884,76112.90106415749
1774904657.6134164,job_done,cagrad:coord:method.baseline_cagrad.inner_lr,239,246,0,97.15447154471545,2265.394271212143,77347.03297424316
1774906393.3466794,job_done,cagrad:coord:method.baseline_cagrad.inner_lr,240,246,0,97.5609756097561,1977.0691572904589,79082.76629161835
1774907680.357807,job_done,cagrad:coord:method.baseline_cagrad.inner_lr,241,246,0,97.96747967479675,1667.422765528018,80369.77729845047
1774908785.2633052,job_done,cagrad:coord:method.baseline_cagrad.inner_lr,242,246,0,98.3739837398374,1346.6889743253219,81474.68294668198
1774909865.7914839,job_done,cagrad:coord:method.baseline_cagrad.inner_lr,243,246,0,98.78048780487805,1019.2001369853078,82555.21109580994
1774910943.0034134,job_done,cagrad:coord:method.baseline_cagrad.inner_lr,244,246,0,99.1869918699187,685.5116639840799,83632.42300605774
1774912023.2905207,job_done,cagrad:coord:method.baseline_cagrad.inner_lr,245,246,0,99.59349593495935,345.7661638581023,84712.71014523506
1774913101.4993124,job_done,cagrad:coord:method.baseline_cagrad.inner_lr,246,246,0,100.0,,85790.91894006729
1774913101.513635,group_end,cagrad:coord:method.baseline_cagrad.inner_lr,246,246,0,100.0,,85790.92838001251
1774913101.5138452,phase_end,,246,246,0,100.0,,85790.93356370926
1774913101.5141022,lock_released,,246,246,0,100.0,,85790.93381357193
1774913101.516117,lock_wait,,246,246,0,100.0,,85790.93585300446
1774913101.5163434,lock_acquired,,246,246,0,100.0,,85790.93608736992
1774913101.516533,plan_add,,246,300,0,82.0,18832.156743136846,85790.93627429008
1774913101.5167234,phase_start,cagrad:local_var_topk,246,300,0,82.0,18832.1567840111,85790.936460495
1774913702.5862374,probe_fallback,cagrad:local_var_topk,246,300,0,82.0,18964.09881300461,86392.00570368767
1774913702.6070254,group_slots,cagrad:local_var_topk,246,300,0,82.0,18964.103378987893,86392.02650427818
1774913702.6074462,group_start,cagrad:local_var_topk,246,300,0,82.0,18964.103496429398,86392.02703928947
1774914779.9239166,job_done,cagrad:local_var_topk,247,300,0,82.33333333333333,18768.725503966874,87469.34338641167
1774915860.9010742,job_done,cagrad:local_var_topk,248,300,0,82.66666666666667,18567.002716706644,88550.32064890862
1774916941.3747087,job_done,cagrad:local_var_topk,249,300,0,83.0,18358.11448919055,89630.79427075386
1774918022.6196523,job_done,cagrad:local_var_topk,250,300,0,83.33333333333333,18142.40783762932,90712.03918814659
1774919103.4879537,job_done,cagrad:local_var_topk,251,300,0,83.66666666666667,17919.730931419777,91792.9074242115
1774920185.4603157,job_done,cagrad:local_var_topk,252,300,0,84.0,17690.453287578763,92874.87975978851
1774921267.1957333,job_done,cagrad:local_var_topk,253,300,0,84.33333333333333,17454.3909858583,93956.61530685425
1774922350.4779923,job_done,cagrad:local_var_topk,254,300,0,84.66666666666667,17211.949931150346,95039.89744591713
1774923434.2813554,job_done,cagrad:local_var_topk,255,300,0,85.0,16963.0060440933,96123.7009165287
1774924518.64367,job_done,cagrad:local_var_topk,256,300,0,85.33333333333333,16707.635865654796,97208.06321835518
1774925600.3196785,job_done,cagrad:local_var_topk,257,300,0,85.66666666666667,16445.36493079579,98289.73923754692
1774926680.6372674,job_done,cagrad:local_var_topk,258,300,0,86.0,16176.520880261132,99370.05683588982
1774927762.2405033,job_done,cagrad:local_var_topk,259,300,0,86.33333333333333,15901.614130759332,100451.65999674797
1774928845.1154025,job_done,cagrad:local_var_topk,260,300,0,86.66666666666667,15620.697675961714,101534.53489375114
1774929928.6668887,job_done,cagrad:local_var_topk,261,300,0,87.0,15333.737054942669,102618.08644461632
1774931011.8725572,job_done,cagrad:local_var_topk,262,300,0,87.33333333333333,15040.645418074295,103701.29209303856
1774932093.5241601,job_done,cagrad:local_var_topk,263,300,0,87.66666666666667,14741.326684833934,104782.9437327385
1774933174.8039885,job_done,cagrad:local_var_topk,264,300,0,88.0,14436.030467228456,105864.22342634201
1774934256.3503156,job_done,cagrad:local_var_topk,265,300,0,88.33333333333333,14124.912987061265,106945.76975917816
1774935337.8912804,job_done,cagrad:local_var_topk,266,300,0,88.66666666666667,13808.002139166781,108027.3108534813
1774936419.5062606,job_done,cagrad:local_var_topk,267,300,0,89.0,13485.372856381235,109108.92583799362
1774937498.9281828,job_done,cagrad:local_var_topk,268,300,0,89.33333333333333,13156.817641614089,110188.34774851799
1774938578.3672144,job_done,cagrad:local_var_topk,269,300,0,89.66666666666667,12822.681750422516,111267.78680205345
1774939659.5929587,job_done,cagrad:local_var_topk,270,300,0,90.0,12483.223612679374,112349.01251411438
1774940739.5828621,job_done,cagrad:local_var_topk,271,300,0,90.33333333333333,12138.158917127941,113429.0022945404
1774941819.9173446,job_done,cagrad:local_var_topk,272,300,0,90.66666666666667,11787.72584679898,114509.33679747581
1774942898.676256,job_done,cagrad:local_var_topk,273,300,0,91.0,11431.789696455002,115588.09581971169
1774943979.6969824,job_done,cagrad:local_var_topk,274,300,0,91.33333333333333,11070.792080954045,116669.11654543877
1774945059.7669702,job_done,cagrad:local_var_topk,275,300,0,91.66666666666667,10704.471493786032,117749.18643164635
1774946139.7758334,job_done,cagrad:local_var_topk,276,300,0,92.0,10332.973513955656,118829.19541049004
1774999273.063414,init,,0,0,0,0.0,,1.1444091796875e-05
1774999273.0637314,pipeline_start,,0,0,0,0.0,,0.0010128021240234375
1774999273.0645897,lock_wait,,0,0,0,0.0,,0.0012331008911132812
1774999273.0648053,lock_acquired,,0,0,0,0.0,,0.0020868778228759766
1774999273.0649936,method_start,,0,0,0,0.0,,0.002287149429321289
1774999273.0652132,lock_wait,,0,0,0,0.0,,0.0025026798248291016
1774999273.065418,lock_acquired,,0,0,0,0.0,,0.002698659896850586
1774999273.065616,lock_released,,0,0,0,0.0,,0.0029060840606689453
1774999273.066249,lock_wait,,0,0,0,0.0,,0.003523111343383789
1774999273.0664499,lock_acquired,,0,0,0,0.0,,0.0037343502044677734
1774999273.066639,plan_add,,0,24,0,0.0,,0.003929853439331055
1774999273.0668888,phase_start,baseline:coord:train.lr,0,24,0,0.0,,0.004124641418457031
1774999273.0922666,group_slots,baseline:coord:train.lr,0,24,0,0.0,,0.02942347526550293
1774999273.0925083,group_start,baseline:coord:train.lr,0,24,0,0.0,,0.029788970947265625
1774999273.1338112,job_done,baseline:coord:train.lr,1,24,0,4.166666666666667,1.6280615329742432,0.0707852840423584
1774999273.134409,job_done,baseline:coord:train.lr,2,24,0,8.333333333333334,0.7875077724456787,0.07159161567687988
1774999273.1346269,job_done,baseline:coord:train.lr,3,24,0,12.5,0.5033342838287354,0.07190489768981934
1774999273.1349611,job_done,baseline:coord:train.lr,4,24,0,16.666666666666668,0.3611624240875244,0.07223248481750488
1774999273.1355069,job_done,baseline:coord:train.lr,5,24,0,20.833333333333332,0.2757907867431641,0.07257652282714844
1774999273.1362567,job_done,baseline:coord:train.lr,6,24,0,25.0,0.22011494636535645,0.07337164878845215
1774999273.1364834,job_done,baseline:coord:train.lr,7,24,0,29.166666666666668,0.17912166459219794,0.07375597953796387
1774999273.1369455,job_done,baseline:coord:train.lr,8,24,0,33.333333333333336,0.14813995361328125,0.07406997680664062
1774999273.1371696,job_done,baseline:coord:train.lr,9,24,0,37.5,0.12407223383585611,0.07444334030151367
1774999273.1378148,job_done,baseline:coord:train.lr,10,24,0,41.666666666666664,0.10490694046020509,0.07493352890014648
1774999273.138125,job_done,baseline:coord:train.lr,11,24,0,45.833333333333336,0.08900328115983441,0.07531046867370605
1774999273.1386724,job_done,baseline:coord:train.lr,12,24,0,50.0,0.0757904052734375,0.0757904052734375
1774999273.1388812,job_done,baseline:coord:train.lr,13,24,0,54.166666666666664,0.06444424849290113,0.07616138458251953
1774999273.1395044,job_done,baseline:coord:train.lr,14,24,0,58.333333333333336,0.054732901709420335,0.07662606239318848
1774999273.1398113,job_done,baseline:coord:train.lr,15,24,0,62.5,0.046197509765625,0.076995849609375
1774999273.1403987,job_done,baseline:coord:train.lr,16,24,0,66.66666666666667,0.038741469383239746,0.07748293876647949
1774999273.140604,job_done,baseline:coord:train.lr,17,24,0,70.83333333333333,0.032071436152738685,0.07788777351379395
1774999273.1412153,job_done,baseline:coord:train.lr,18,24,0,75.0,0.026114225387573242,0.07834267616271973
1774999273.1417189,job_done,baseline:coord:train.lr,19,24,0,79.16666666666667,0.02072905239305998,0.07877039909362793
1774999273.1421814,job_done,baseline:coord:train.lr,20,24,0,83.33333333333333,0.015851783752441406,0.07925891876220703
1774999273.1423988,job_done,baseline:coord:train.lr,21,24,0,87.5,0.011382443564278737,0.07967710494995117
1774999273.142846,job_done,baseline:coord:train.lr,22,24,0,91.66666666666667,0.00727313215082342,0.08000445365905762
1774999273.143062,job_done,baseline:coord:train.lr,23,24,0,95.83333333333333,0.0034933297530464506,0.08034658432006836
1774999273.143375,job_done,baseline:coord:train.lr,24,24,0,100.0,,0.08065342903137207
1774999273.1549234,group_end,baseline:coord:train.lr,24,24,0,100.0,,0.09220314025878906
1774999273.1551049,phase_end,,24,24,0,100.0,,0.09240126609802246
1774999273.1553316,lock_released,,24,24,0,100.0,,0.09261608123779297
1774999273.1565623,lock_wait,,24,24,0,100.0,,0.0938422679901123
1774999273.1567593,lock_acquired,,24,24,0,100.0,,0.0940546989440918
1774999273.1569424,plan_add,,24,48,0,50.0,0.0942385196685791,0.0942385196685791
1774999273.157128,phase_start,baseline:coord:train.weight_decay,24,48,0,50.0,0.0944221019744873,0.0944221019744873
1774999273.1823237,group_slots,baseline:coord:train.weight_decay,24,48,0,50.0,0.1194908618927002,0.1194908618927002
1774999273.1826196,group_start,baseline:coord:train.weight_decay,24,48,0,50.0,0.11986255645751953,0.11986255645751953
1774999273.221289,job_done,baseline:coord:train.weight_decay,25,48,0,52.083333333333336,0.1455030059814453,0.1581554412841797
1774999273.2216077,job_done,baseline:coord:train.weight_decay,26,48,0,54.166666666666664,0.1344302617586576,0.15887212753295898
1774999273.2224255,job_done,baseline:coord:train.weight_decay,27,48,0,56.25,0.12404025925530328,0.15948033332824707
1774999273.2226565,job_done,baseline:coord:train.weight_decay,28,48,0,58.333333333333336,0.11423417500087193,0.1599278450012207
1774999273.2233078,job_done,baseline:coord:train.weight_decay,29,48,0,60.416666666666664,0.10510068926317938,0.160416841506958
1774999273.2235398,job_done,baseline:coord:train.weight_decay,30,48,0,62.5,0.09648628234863281,0.1608104705810547
1774999273.2242935,job_done,baseline:coord:train.weight_decay,31,48,0,64.58333333333333,0.08855299795827558,0.16147899627685547
1774999273.224526,job_done,baseline:coord:train.weight_decay,32,48,0,66.66666666666667,0.08089995384216309,0.16179990768432617
1774999273.2251735,job_done,baseline:coord:train.weight_decay,33,48,0,68.75,0.07380398837002841,0.1623687744140625
1774999273.225596,job_done,baseline:coord:train.weight_decay,34,48,0,70.83333333333333,0.06701156672309426,0.16274237632751465
1774999273.2262185,job_done,baseline:coord:train.weight_decay,35,48,0,72.91666666666667,0.060673516137259347,0.16335177421569824
1774999273.226461,job_done,baseline:coord:train.weight_decay,36,48,0,75.0,0.05457393328348796,0.16372179985046387
1774999273.2270403,job_done,baseline:coord:train.weight_decay,37,48,0,77.08333333333333,0.04880964433824694,0.16417789459228516
1774999273.2272725,job_done,baseline:coord:train.weight_decay,38,48,0,79.16666666666667,0.043300703952186985,0.16454267501831055
1774999273.2279062,job_done,baseline:coord:train.weight_decay,39,48,0,81.25,0.03810596466064453,0.16512584686279297
1774999273.2285361,job_done,baseline:coord:train.weight_decay,40,48,0,83.33333333333333,0.03313312530517578,0.1656656265258789
1774999273.2287552,job_done,baseline:coord:train.weight_decay,41,48,0,85.41666666666667,0.02834649202300281,0.1660294532775879
1774999273.2290833,job_done,baseline:coord:train.weight_decay,42,48,0,87.5,0.02376556396484375,0.16635894775390625
1774999273.2296379,job_done,baseline:coord:train.weight_decay,43,48,0,89.58333333333333,0.01938307008077932,0.16669440269470215
1774999273.2302775,job_done,baseline:coord:train.weight_decay,44,48,0,91.66666666666667,0.015218041159889915,0.16739845275878906
1774999273.2307544,job_done,baseline:coord:train.weight_decay,45,48,0,93.75,0.011189937591552736,0.16784906387329102
1774999273.2309763,job_done,baseline:coord:train.weight_decay,46,48,0,95.83333333333333,0.007315459458724312,0.16825556755065918
1774999273.2313178,job_done,baseline:coord:train.weight_decay,47,48,0,97.91666666666667,0.003587012595318733,0.16858959197998047
1774999273.2316263,job_done,baseline:coord:train.weight_decay,48,48,0,100.0,,0.1688377857208252
1774999273.2473903,group_end,baseline:coord:train.weight_decay,48,48,0,100.0,,0.18465900421142578
1774999273.2475889,phase_end,,48,48,0,100.0,,0.1848757266998291
1774999273.2478144,lock_released,,48,48,0,100.0,,0.18510007858276367
1774999273.2490382,lock_wait,,48,48,0,100.0,,0.18631458282470703
1774999273.2492492,lock_acquired,,48,48,0,100.0,,0.18653273582458496
1774999273.2494662,plan_add,,48,72,0,66.66666666666667,0.09336853027343751,0.186737060546875
1774999273.2496684,phase_start,baseline:coord:train.grad_clip,48,72,0,66.66666666666667,0.09347510337829591,0.1869502067565918
1774999273.2739706,group_slots,baseline:coord:train.grad_clip,48,72,0,66.66666666666667,0.10557675361633301,0.21115350723266602
1774999273.274222,group_start,baseline:coord:train.grad_clip,48,72,0,66.66666666666667,0.10574078559875488,0.21148157119750977
1774999273.312829,job_done,baseline:coord:train.grad_clip,49,72,0,68.05555555555556,0.11726423672267368,0.24982380867004395
1774999273.3133621,job_done,baseline:coord:train.grad_clip,50,72,0,69.44444444444444,0.11025407791137697,0.250577449798584
1774999273.3135836,job_done,baseline:coord:train.grad_clip,51,72,0,70.83333333333333,0.10329518598668715,0.25085973739624023
1774999273.3164678,job_done,baseline:coord:train.grad_clip,52,72,0,72.22222222222223,0.09656539330115685,0.2510700225830078
1774999273.3169987,job_done,baseline:coord:train.grad_clip,53,72,0,73.61111111111111,0.09108872233696703,0.2540895938873291
1774999273.3178208,job_done,baseline:coord:train.grad_clip,54,72,0,75.0,0.08499638239542644,0.2549891471862793
1774999273.3182185,job_done,baseline:coord:train.grad_clip,55,72,0,76.38888888888889,0.07893502062017267,0.25537800788879395
1774999273.318436,job_done,baseline:coord:train.grad_clip,56,72,0,77.77777777777777,0.07305928639003209,0.2557075023651123
1774999273.3187203,job_done,baseline:coord:train.grad_clip,57,72,0,79.16666666666667,0.06734772732383326,0.2559213638305664
1774999273.3192506,job_done,baseline:coord:train.grad_clip,58,72,0,80.55555555555556,0.061872819374347555,0.2563302516937256
1774999273.3199813,job_done,baseline:coord:train.grad_clip,59,72,0,81.94444444444444,0.0566566354137356,0.25713396072387695
1774999273.3201933,job_done,baseline:coord:train.grad_clip,60,72,0,83.33333333333333,0.051496362686157225,0.25748181343078613
1774999273.320658,job_done,baseline:coord:train.grad_clip,61,72,0,84.72222222222223,0.046484071700299376,0.25777530670166016
1774999273.3208668,job_done,baseline:coord:train.grad_clip,62,72,0,86.11111111111111,0.04163807438265893,0.25815606117248535
1774999273.3214722,job_done,baseline:coord:train.grad_clip,63,72,0,87.5,0.036935670035226006,0.25854969024658203
1774999273.321871,job_done,baseline:coord:train.grad_clip,64,72,0,88.88888888888889,0.0323774516582489,0.2590196132659912
1774999273.3225439,job_done,baseline:coord:train.grad_clip,65,72,0,90.27777777777777,0.027961023037250225,0.25963807106018066
1774999273.3227484,job_done,baseline:coord:train.grad_clip,66,72,0,91.66666666666667,0.023639570582996716,0.26003527641296387
1774999273.3232818,job_done,baseline:coord:train.grad_clip,67,72,0,93.05555555555556,0.019427377786209333,0.2603268623352051
1774999273.323719,job_done,baseline:coord:train.grad_clip,68,72,0,94.44444444444444,0.015343553879681756,0.26084041595458984
1774999273.324277,job_done,baseline:coord:train.grad_clip,69,72,0,95.83333333333333,0.011364708776059357,0.26138830184936523
1774999273.3245046,job_done,baseline:coord:train.grad_clip,70,72,0,97.22222222222223,0.007479054587227959,0.2617669105529785
1774999273.3248138,job_done,baseline:coord:train.grad_clip,71,72,0,98.61111111111111,0.003691575896572059,0.2621018886566162
1774999273.3250058,job_done,baseline:coord:train.grad_clip,72,72,0,100.0,,0.2622997760772705
1774999273.3388674,group_end,baseline:coord:train.grad_clip,72,72,0,100.0,,0.27614879608154297
1774999273.3390489,phase_end,,72,72,0,100.0,,0.27634620666503906
1774999273.3392625,lock_released,,72,72,0,100.0,,0.27655458450317383
1774999273.3853278,lock_wait,,72,72,0,100.0,,0.3224945068359375
1774999273.3855667,lock_acquired,,72,72,0,100.0,,0.3228590488433838
1774999273.385756,plan_add,,72,126,0,57.142857142857146,0.24228698015213013,0.32304930686950684
1774999273.3859577,phase_start,baseline:local_var_topk,72,126,0,57.142857142857146,0.2424334287643433,0.323244571685791
1774999273.4142885,group_slots,baseline:local_var_topk,72,126,0,57.142857142857146,0.2636234164237976,0.3514978885650635
1774999273.4145346,group_start,baseline:local_var_topk,72,126,0,57.142857142857146,0.263854444026947,0.3518059253692627
1774999273.4532082,job_done,baseline:local_var_topk,73,126,0,57.93650793650794,0.2832902784216894,0.39019227027893066
1774999273.4537797,job_done,baseline:local_var_topk,74,126,0,58.73015873015873,0.2746766966742438,0.3908860683441162
1774999273.454001,job_done,baseline:local_var_topk,75,126,0,59.523809523809526,0.2660680866241455,0.39127659797668457
1774999273.454326,job_done,baseline:local_var_topk,76,126,0,60.317460317460316,0.25762743071505895,0.39159369468688965
1774999273.4548647,job_done,baseline:local_var_topk,77,126,0,61.111111111111114,0.24942356889898126,0.391951322555542
1774999273.4556794,job_done,baseline:local_var_topk,78,126,0,61.904761904761905,0.2417621612548828,0.39286351203918457
1774999273.455894,job_done,baseline:local_var_topk,79,126,0,62.698412698412696,0.23391332203828835,0.3931734561920166
1774999273.456374,job_done,baseline:local_var_topk,80,126,0,63.492063492063494,0.2262510359287262,0.3934800624847412
1774999273.456693,job_done,baseline:local_var_topk,81,126,0,64.28571428571429,0.2188147438897027,0.39386653900146484
1774999273.4572368,job_done,baseline:local_var_topk,82,126,0,65.07936507936508,0.21160822379879834,0.3943607807159424
1774999273.457464,job_done,baseline:local_var_topk,83,126,0,65.87301587301587,0.20450032762734285,0.394733190536499
1774999273.4580643,job_done,baseline:local_var_topk,84,126,0,66.66666666666667,0.19766342639923096,0.3953268527984619
1774999273.4586143,job_done,baseline:local_var_topk,85,126,0,67.46031746031746,0.19093915434444653,0.39584946632385254
1774999273.459092,job_done,baseline:local_var_topk,86,126,0,68.25396825396825,0.18428103868351425,0.39620423316955566
1774999273.4593058,job_done,baseline:local_var_topk,87,126,0,69.04761904761905,0.17778022535916033,0.39658665657043457
1774999273.4599612,job_done,baseline:local_var_topk,88,126,0,69.84126984126983,0.1715200814333829,0.3972043991088867
1774999273.4606888,job_done,baseline:local_var_topk,89,126,0,70.63492063492063,0.1654146842742234,0.3978893756866455
1774999273.4609108,job_done,baseline:local_var_topk,90,126,0,71.42857142857143,0.15927457809448242,0.39818644523620605
1774999273.4614735,job_done,baseline:local_var_topk,91,126,0,72.22222222222223,0.15326692507817194,0.39849400520324707
1774999273.4619424,job_done,baseline:local_var_topk,92,126,0,73.01587301587301,0.14746786200481912,0.3990306854248047
1774999273.4627779,job_done,baseline:local_var_topk,93,126,0,73.80952380952381,0.1419460081285046,0.40002965927124023
1774999273.4629927,job_done,baseline:local_var_topk,94,126,0,74.60317460317461,0.13626334007750165,0.40027356147766113
1774999273.4633303,job_done,baseline:local_var_topk,95,126,0,75.39682539682539,0.1306838135970266,0.4004826545715332
1774999273.463956,job_done,baseline:local_var_topk,96,126,0,76.19047619047619,0.12530699372291565,0.4009823799133301
1774999273.4650614,job_done,baseline:local_var_topk,97,126,0,76.98412698412699,0.12022796365403637,0.402141809463501
1774999273.4652774,job_done,baseline:local_var_topk,98,126,0,77.77777777777777,0.1150167328970773,0.4025585651397705
1774999273.4658384,job_done,baseline:local_var_topk,99,126,0,78.57142857142857,0.1098734899000688,0.40286946296691895
1774999273.4660518,job_done,baseline:local_var_topk,100,126,0,79.36507936507937,0.10486662864685059,0.4033331871032715
1774999273.4668114,job_done,baseline:local_var_topk,101,126,0,80.15873015873017,0.10001777422310103,0.4040718078613281
1774999273.4670532,job_done,baseline:local_var_topk,102,126,0,80.95238095238095,0.09513052772073184,0.40430474281311035
1774999273.4679108,job_done,baseline:local_var_topk,103,126,0,81.74603174603175,0.09043140318787214,0.40497541427612305
1774999273.4681306,job_done,baseline:local_var_topk,104,126,0,82.53968253968254,0.08575976811922514,0.4054098129272461
1774999273.4690132,job_done,baseline:local_var_topk,105,126,0,83.33333333333333,0.08125534057617187,0.4062767028808594
1774999273.4694054,job_done,baseline:local_var_topk,106,126,0,84.12698412698413,0.07670523985376898,0.4065377712249756
1774999273.4698746,job_done,baseline:local_var_topk,107,126,0,84.92063492063492,0.07226811836813098,0.4069836139678955
1774999273.4701877,job_done,baseline:local_var_topk,108,126,0,85.71428571428571,0.06789557139078775,0.40737342834472656
1774999273.4709578,job_done,baseline:local_var_topk,109,126,0,86.5079365079365,0.06361752037608295,0.4079005718231201
1774999273.4716156,job_done,baseline:local_var_topk,110,126,0,87.3015873015873,0.05942115783691406,0.4085204601287842
1774999273.4721951,job_done,baseline:local_var_topk,111,126,0,88.0952380952381,0.05531990850293958,0.40936732292175293
1774999273.472418,job_done,baseline:local_var_topk,112,126,0,88.88888888888889,0.051211416721343994,0.40969133377075195
1774999273.4729786,job_done,baseline:local_var_topk,113,126,0,89.68253968253968,0.04717125090877567,0.41002702713012695
1774999273.473436,job_done,baseline:local_var_topk,114,126,0,90.47619047619048,0.04321389449270148,0.41053199768066406
1774999273.4741259,job_done,baseline:local_var_topk,115,126,0,91.26984126984127,0.03933751479439113,0.4112558364868164
1774999273.4743392,job_done,baseline:local_var_topk,116,126,0,92.06349206349206,0.0354844331741333,0.4116194248199463
1774999273.4745684,job_done,baseline:local_var_topk,117,126,0,92.85714285714286,0.03167979533855732,0.4118373394012451
1774999273.4753454,job_done,baseline:local_var_topk,118,126,0,93.65079365079364,0.027972706293655652,0.4125974178314209
1774999273.4767113,job_done,baseline:local_var_topk,119,126,0,94.44444444444444,0.024338217342601103,0.41374969482421875
1774999273.476946,job_done,baseline:local_var_topk,120,126,0,95.23809523809524,0.020710241794586182,0.41420483589172363
1774999273.47716,job_done,baseline:local_var_topk,121,126,0,96.03174603174604,0.01712549816478382,0.41443705558776855
1774999273.4777877,job_done,baseline:local_var_topk,122,126,0,96.82539682539682,0.01359895799980789,0.4147682189941406
1774999273.4790676,job_done,baseline:local_var_topk,123,126,0,97.61904761904762,0.01015419494814989,0.4163219928741455
1774999273.479291,job_done,baseline:local_var_topk,124,126,0,98.41269841269842,0.006718731695605862,0.4165613651275635
1774999273.4799366,job_done,baseline:local_var_topk,125,126,0,99.2063492063492,0.0033344383239746096,0.41680479049682617
1774999273.4801772,job_done,baseline:local_var_topk,126,126,0,100.0,,0.41745424270629883
1774999273.5034761,group_end,baseline:local_var_topk,126,126,0,100.0,,0.44055891036987305
1774999273.5037131,phase_end,,126,126,0,100.0,,0.44098877906799316
1774999273.5039692,lock_released,,126,126,0,100.0,,0.44124865531921387
1774999273.5090609,method_done,,126,126,0,100.0,,0.44634103775024414
1774999273.509249,method_start,,126,126,0,100.0,,0.4465363025665283
1774999273.509622,lock_wait,,126,126,0,100.0,,0.4467899799346924
1774999273.5098414,lock_acquired,,126,126,0,100.0,,0.4471290111541748
1774999273.5100622,lock_released,,126,126,0,100.0,,0.44735050201416016
1774999273.5109138,lock_wait,,126,126,0,100.0,,0.44819021224975586
1774999273.5111063,lock_acquired,,126,126,0,100.0,,0.4483969211578369
1774999273.5112994,plan_add,,126,150,0,84.0,0.08544535863967169,0.44858813285827637
1774999273.5115218,phase_start,cagrad:coord:train.lr,126,150,0,84.0,0.08548573085239955,0.44880008697509766
1774999273.542818,group_slots,cagrad:coord:train.lr,126,150,0,84.0,0.09133983793712798,0.4795341491699219
1774999273.543176,group_start,cagrad:coord:train.lr,126,150,0,84.0,0.09150518689836774,0.48040223121643066
1774999273.561856,job_done,cagrad:coord:train.lr,127,150,0,84.66666666666667,0.09030839026443602,0.4986593723297119
1774999273.5631135,job_done,cagrad:coord:train.lr,128,150,0,85.33333333333333,0.0859992541372776,0.500359296798706
1774999273.5641305,job_done,cagrad:coord:train.lr,129,150,0,86.0,0.08161801515623579,0.5013678073883057
1774999273.5652525,job_done,cagrad:coord:train.lr,130,150,0,86.66666666666667,0.07730810458843525,0.5025026798248291
1774999273.5662334,job_done,cagrad:coord:train.lr,131,150,0,87.33333333333333,0.07302553963115198,0.5034918785095215
1774999273.5675392,job_done,cagrad:coord:train.lr,132,150,0,88.0,0.06883494420485063,0.5047895908355713
1774999273.568627,job_done,cagrad:coord:train.lr,133,150,0,88.66666666666667,0.06465999703658254,0.5058693885803223
1774999273.5696259,job_done,cagrad:coord:train.lr,134,150,0,89.33333333333333,0.06052296197236474,0.5068798065185547
1774999273.5705462,job_done,cagrad:coord:train.lr,135,150,0,90.0,0.05642300181918673,0.5078070163726807
1774999273.5715332,job_done,cagrad:coord:train.lr,136,150,0,90.66666666666667,0.05237360210979686,0.5087721347808838
1774999273.5724642,job_done,cagrad:coord:train.lr,137,150,0,91.33333333333333,0.04836719227533271,0.5097157955169678
1774999273.5734785,job_done,cagrad:coord:train.lr,138,150,0,92.0,0.04440830064856487,0.5106954574584961
1774999273.5744598,job_done,cagrad:coord:train.lr,139,150,0,92.66666666666667,0.04049431334296577,0.5117008686065674
1774999273.5754242,job_done,cagrad:coord:train.lr,140,150,0,93.33333333333333,0.036618522235325406,0.5126593112945557
1774999273.576396,job_done,cagrad:coord:train.lr,141,150,0,94.0,0.03278494895772731,0.5136308670043945
1774999273.5773363,job_done,cagrad:coord:train.lr,142,150,0,94.66666666666667,0.02899140371403224,0.5145974159240723
1774999273.5783062,job_done,cagrad:coord:train.lr,143,150,0,95.33333333333333,0.02523711678031441,0.5155582427978516
1774999273.5792735,job_done,cagrad:coord:train.lr,144,150,0,96.0,0.021521468957265217,0.5165152549743652
1774999273.580303,job_done,cagrad:coord:train.lr,145,150,0,96.66666666666667,0.017846197917543608,0.5175397396087646
1774999273.5815613,job_done,cagrad:coord:train.lr,146,150,0,97.33333333333333,0.014214117233067343,0.518815279006958
1774999273.5825493,job_done,cagrad:coord:train.lr,147,150,0,98.0,0.010608351960474131,0.5198092460632324
1774999273.5834947,job_done,cagrad:coord:train.lr,148,150,0,98.66666666666667,0.007037127340162122,0.5207474231719971
1774999273.584431,job_done,cagrad:coord:train.lr,149,150,0,99.33333333333333,0.003501253640091659,0.5216867923736572
1774999273.5853534,job_done,cagrad:coord:train.lr,150,150,0,100.0,,0.5226154327392578
1774999273.5968225,group_end,cagrad:coord:train.lr,150,150,0,100.0,,0.5340490341186523
1774999273.5970566,phase_end,,150,150,0,100.0,,0.5343184471130371
1774999273.5973463,lock_released,,150,150,0,100.0,,0.5346217155456543
1774999273.5986965,lock_wait,,150,150,0,100.0,,0.5359690189361572
1774999273.598908,lock_acquired,,150,150,0,100.0,,0.536196231842041
1774999273.5991142,plan_add,,150,174,0,86.20689655172414,0.08582378387451171,0.5363986492156982
1774999273.5993183,phase_start,cagrad:coord:train.weight_decay,150,174,0,86.20689655172414,0.08585586547851563,0.5365991592407227
1774999273.624136,group_slots,cagrad:coord:train.weight_decay,150,174,0,86.20689655172414,0.08980571746826171,0.5612857341766357
1774999273.6244073,group_start,cagrad:coord:train.weight_decay,150,174,0,86.20689655172414,0.08986289978027343,0.561643123626709
1774999273.6417131,job_done,cagrad:coord:train.weight_decay,151,174,0,86.7816091954023,0.08816103903663079,0.57879638671875
1774999273.6426935,job_done,cagrad:coord:train.weight_decay,152,174,0,87.35632183908046,0.08394159455048411,0.5799601078033447
1774999273.6434839,job_done,cagrad:coord:train.weight_decay,153,174,0,87.93103448275862,0.0797107172947304,0.58074951171875
1774999273.644214,job_done,cagrad:coord:train.weight_decay,154,174,0,88.50574712643679,0.07551852758828696,0.5814926624298096
1774999273.644961,job_done,cagrad:coord:train.weight_decay,155,174,0,89.08045977011494,0.07137066625779676,0.5822343826293945
1774999273.6456757,job_done,cagrad:coord:train.weight_decay,156,174,0,89.65517241379311,0.06726308969350962,0.58294677734375
1774999273.6464062,job_done,cagrad:coord:train.weight_decay,157,174,0,90.22988505747126,0.06319912527776828,0.5836625099182129
1774999273.6471186,job_done,cagrad:coord:train.weight_decay,158,174,0,90.80459770114942,0.0591787507262411,0.5843901634216309
1774999273.6478598,job_done,cagrad:coord:train.weight_decay,159,174,0,91.37931034482759,0.0552007387269218,0.5851278305053711
1774999273.6485722,job_done,cagrad:coord:train.weight_decay,160,174,0,91.95402298850574,0.05126181244850158,0.5858492851257324
1774999273.6492965,job_done,cagrad:coord:train.weight_decay,161,174,0,92.52873563218391,0.04736304727400312,0.5865731239318848
1774999273.6500173,job_done,cagrad:coord:train.weight_decay,162,174,0,93.10344827586206,0.04350307252671984,0.5872914791107178
1774999273.650764,job_done,cagrad:coord:train.weight_decay,163,174,0,93.67816091954023,0.0396834312041113,0.588036298751831
1774999273.6514926,job_done,cagrad:coord:train.weight_decay,164,174,0,94.25287356321839,0.03589974670875363,0.5887558460235596
1774999273.6522226,job_done,cagrad:coord:train.weight_decay,165,174,0,94.82758620689656,0.03215400955893777,0.5894901752471924
1774999273.6529405,job_done,cagrad:coord:train.weight_decay,166,174,0,95.40229885057471,0.02844407185014472,0.5902144908905029
1774999273.6537085,job_done,cagrad:coord:train.weight_decay,167,174,0,95.97701149425288,0.024771908800045175,0.590986967086792
1774999273.6544216,job_done,cagrad:coord:train.weight_decay,168,174,0,96.55172413793103,0.021132068974631175,0.5916979312896729
1774999273.655138,job_done,cagrad:coord:train.weight_decay,169,174,0,97.1264367816092,0.01752695388342502,0.5924110412597656
1774999273.6558528,job_done,cagrad:coord:train.weight_decay,170,174,0,97.70114942528735,0.01395589043112362,0.5931253433227539
1774999273.6565518,job_done,cagrad:coord:train.weight_decay,171,174,0,98.27586206896552,0.010418072081448739,0.5938301086425781
1774999273.6572447,job_done,cagrad:coord:train.weight_decay,172,174,0,98.85057471264368,0.006913096405739008,0.5945262908935547
1774999273.6579463,job_done,cagrad:coord:train.weight_decay,173,174,0,99.42528735632185,0.003440615758730497,0.595226526260376
1774999273.6586602,job_done,cagrad:coord:train.weight_decay,174,174,0,100.0,,0.5959360599517822
1774999273.6691916,group_end,cagrad:coord:train.weight_decay,174,174,0,100.0,,0.6064085960388184
1774999273.6693828,phase_end,,174,174,0,100.0,,0.6066696643829346
1774999273.6696181,lock_released,,174,174,0,100.0,,0.6069014072418213
1774999273.6708937,lock_wait,,174,174,0,100.0,,0.6081738471984863
1774999273.671093,lock_acquired,,174,174,0,100.0,,0.6083900928497314
1774999273.67129,plan_add,,174,198,0,87.87878787878788,0.08394231467411435,0.6085817813873291
1774999273.6715024,phase_start,cagrad:coord:train.grad_clip,174,198,0,87.87878787878788,0.08396855716047616,0.6087720394134521
1774999273.6958666,group_slots,cagrad:coord:train.grad_clip,174,198,0,87.87878787878788,0.08731187623122644,0.6330111026763916
1774999273.6961823,group_start,cagrad:coord:train.grad_clip,174,198,0,87.87878787878788,0.08736524910762392,0.6333980560302734
1774999273.7247498,job_done,cagrad:coord:train.grad_clip,175,198,0,88.38383838383838,0.08694228444780623,0.6615173816680908
1774999273.7260537,job_done,cagrad:coord:train.grad_clip,176,198,0,88.88888888888889,0.08291301131248474,0.6633040904998779
1774999273.7270308,job_done,cagrad:coord:train.grad_clip,177,198,0,89.39393939393939,0.07881321341304456,0.6642827987670898
1774999273.7280717,job_done,cagrad:coord:train.grad_clip,178,198,0,89.8989898989899,0.0747534398282512,0.6653056144714355
1774999273.7293184,job_done,cagrad:coord:train.grad_clip,179,198,0,90.4040404040404,0.07072106952773792,0.666266918182373
1774999273.730341,job_done,cagrad:coord:train.grad_clip,180,198,0,90.9090909090909,0.06675891876220703,0.6675891876220703
1774999273.7313175,job_done,cagrad:coord:train.grad_clip,181,198,0,91.41414141414141,0.06279416242357118,0.6685731410980225
1774999273.7322898,job_done,cagrad:coord:train.grad_clip,182,198,0,91.91919191919192,0.0588604015308422,0.6695370674133301
1774999273.7332494,job_done,cagrad:coord:train.grad_clip,183,198,0,92.42424242424242,0.05495966457929767,0.6705079078674316
1774999273.734184,job_done,cagrad:coord:train.grad_clip,184,198,0,92.92929292929293,0.05108687411183896,0.6714274883270264
1774999273.735182,job_done,cagrad:coord:train.grad_clip,185,198,0,93.43434343434343,0.047251773524928736,0.672429084777832
1774999273.7360828,job_done,cagrad:coord:train.grad_clip,186,198,0,93.93939393939394,0.043441603260655555,0.6733448505401611
1774999273.7371373,job_done,cagrad:coord:train.grad_clip,187,198,0,94.44444444444444,0.039670074687284576,0.6743912696838379
1774999273.7380729,job_done,cagrad:coord:train.grad_clip,188,198,0,94.94949494949495,0.03592181713023084,0.6753301620483398
1774999273.739055,job_done,cagrad:coord:train.grad_clip,189,198,0,95.45454545454545,0.0322049685886928,0.6763043403625488
1774999273.739993,job_done,cagrad:coord:train.grad_clip,190,198,0,95.95959595959596,0.028515906082956413,0.6772527694702148
1774999273.74096,job_done,cagrad:coord:train.grad_clip,191,198,0,96.46464646464646,0.024855864609723315,0.6782100200653076
1774999273.7419167,job_done,cagrad:coord:train.grad_clip,192,198,0,96.96969696969697,0.021224282681941986,0.6791770458221436
1774999273.7428513,job_done,cagrad:coord:train.grad_clip,193,198,0,97.47474747474747,0.017619052699192818,0.6800954341888428
1774999273.7438319,job_done,cagrad:coord:train.grad_clip,194,198,0,97.97979797979798,0.014042913299245932,0.6810812950134277
1774999273.744757,job_done,cagrad:coord:train.grad_clip,195,198,0,98.48484848484848,0.010492537571833683,0.6820149421691895
1774999273.7457714,job_done,cagrad:coord:train.grad_clip,196,198,0,98.98989898989899,0.006969631934652523,0.6830239295959473
1774999273.7467566,job_done,cagrad:coord:train.grad_clip,197,198,0,99.4949494949495,0.003472087346962866,0.6840012073516846
1774999273.7477477,job_done,cagrad:coord:train.grad_clip,198,198,0,100.0,,0.6849982738494873
1774999273.7599192,group_end,cagrad:coord:train.grad_clip,198,198,0,100.0,,0.6970956325531006
1774999273.7601187,phase_end,,198,198,0,100.0,,0.6974101066589355
1774999273.7603533,lock_released,,198,198,0,100.0,,0.697638750076294
1774999273.7616355,lock_wait,,198,198,0,100.0,,0.6989166736602783
1774999273.7618382,lock_acquired,,198,198,0,100.0,,0.6991300582885742
1774999273.762028,plan_add,,198,222,0,89.1891891891892,0.08476595445112749,0.6993191242218018
1774999273.762218,phase_start,cagrad:coord:method.baseline_cagrad.c,198,222,0,89.1891891891892,0.08478916052616005,0.6995105743408203
1774999273.78794,group_slots,cagrad:coord:method.baseline_cagrad.c,198,222,0,89.1891891891892,0.08788704149650806,0.7250680923461914
1774999273.788382,group_start,cagrad:coord:method.baseline_cagrad.c,198,222,0,89.1891891891892,0.08793591008041844,0.7254712581634521
1774999273.8033507,job_done,cagrad:coord:method.baseline_cagrad.c,199,222,0,89.63963963963964,0.08557927908010819,0.7404468059539795
1774999273.80438,job_done,cagrad:coord:method.baseline_cagrad.c,200,222,0,90.09009009009009,0.081580331325531,0.7416393756866455
1774999273.8052099,job_done,cagrad:coord:method.baseline_cagrad.c,201,222,0,90.54054054054055,0.07757154507423515,0.7424705028533936
1774999273.806021,job_done,cagrad:coord:method.baseline_cagrad.c,202,222,0,90.990990990991,0.07359315853307742,0.743290901184082
1774999273.8068597,job_done,cagrad:coord:method.baseline_cagrad.c,203,222,0,91.44144144144144,0.06964775963957086,0.744131326675415
1774999273.807668,job_done,cagrad:coord:method.baseline_cagrad.c,204,222,0,91.89189189189189,0.06572954093708712,0.7449347972869873
1774999273.8084538,job_done,cagrad:coord:method.baseline_cagrad.c,205,222,0,92.34234234234235,0.0618402864874863,0.7457211017608643
1774999273.8092453,job_done,cagrad:coord:method.baseline_cagrad.c,206,222,0,92.7927927927928,0.057982028109356036,0.746518611907959
1774999273.8100412,job_done,cagrad:coord:method.baseline_cagrad.c,207,222,0,93.24324324324324,0.05415296209031257,0.7473108768463135
1774999273.8108609,job_done,cagrad:coord:method.baseline_cagrad.c,208,222,0,93.69369369369369,0.05035506991239695,0.7481324672698975
1774999273.8117092,job_done,cagrad:coord:method.baseline_cagrad.c,209,222,0,94.14414414414415,0.046587468334362274,0.7489831447601318
1774999273.8126092,job_done,cagrad:coord:method.baseline_cagrad.c,210,222,0,94.5945945945946,0.04284981318882533,0.7498717308044434
1774999273.8135157,job_done,cagrad:coord:method.baseline_cagrad.c,211,222,0,95.04504504504504,0.03913906400237603,0.7507584095001221
1774999273.8143635,job_done,cagrad:coord:method.baseline_cagrad.c,212,222,0,95.49549549549549,0.03545458586710804,0.7516372203826904
1774999273.8152156,job_done,cagrad:coord:method.baseline_cagrad.c,213,222,0,95.94594594594595,0.03179527336442974,0.7524881362915039
1774999273.8161302,job_done,cagrad:coord:method.baseline_cagrad.c,214,222,0,96.3963963963964,0.028164533811194874,0.7534012794494629
1774999273.816975,job_done,cagrad:coord:method.baseline_cagrad.c,215,222,0,96.84684684684684,0.024556931783986647,0.7542486190795898
1774999273.817802,job_done,cagrad:coord:method.baseline_cagrad.c,216,222,0,97.29729729729729,0.020974311563703746,0.755075216293335
1774999273.8186386,job_done,cagrad:coord:method.baseline_cagrad.c,217,222,0,97.74774774774775,0.017417345178841446,0.7559127807617188
1774999273.8195512,job_done,cagrad:coord:method.baseline_cagrad.c,218,222,0,98.1981981981982,0.013885274939580795,0.7567474842071533
1774999273.8205287,job_done,cagrad:coord:method.baseline_cagrad.c,219,222,0,98.64864864864865,0.010379787993757692,0.7577245235443115
1774999273.8215013,job_done,cagrad:coord:method.baseline_cagrad.c,220,222,0,99.09909909909909,0.00689732161435214,0.7587053775787354
1774999273.8224711,job_done,cagrad:coord:method.baseline_cagrad.c,221,222,0,99.54954954954955,0.0034374025612395275,0.7596659660339355
1774999273.82345,job_done,cagrad:coord:method.baseline_cagrad.c,222,222,0,100.0,,0.7606360912322998
1774999273.8340366,group_end,cagrad:coord:method.baseline_cagrad.c,222,222,0,100.0,,0.771216869354248
1774999273.8343165,phase_end,,222,222,0,100.0,,0.7715470790863037
1774999273.8346698,lock_released,,222,222,0,100.0,,0.7718942165374756
1774999273.8365839,lock_wait,,222,222,0,100.0,,0.7738070487976074
1774999273.836873,lock_acquired,,222,222,0,100.0,,0.7741153240203857
1774999273.8371477,plan_add,,222,246,0,90.2439024390244,0.083717088441591,0.7743830680847168
1774999273.837458,phase_start,cagrad:coord:method.baseline_cagrad.inner_lr,222,246,0,90.2439024390244,0.08374701319514095,0.7746598720550537
1774999273.8668199,group_slots,cagrad:coord:method.baseline_cagrad.inner_lr,222,246,0,90.2439024390244,0.08691852157180373,0.8039963245391846
1774999273.867076,group_start,cagrad:coord:method.baseline_cagrad.inner_lr,222,246,0,90.2439024390244,0.08695501894564242,0.8043339252471924
1774999273.882023,job_done,cagrad:coord:method.baseline_cagrad.inner_lr,223,246,0,90.65040650406505,0.08448341822944949,0.8191218376159668
1774999273.88304,job_done,cagrad:coord:method.baseline_cagrad.inner_lr,224,246,0,91.0569105691057,0.08056525886058807,0.820300817489624
1774999273.883878,job_done,cagrad:coord:method.baseline_cagrad.inner_lr,225,246,0,91.46341463414635,0.07664060592651367,0.8211493492126465
1774999273.8849726,job_done,cagrad:coord:method.baseline_cagrad.inner_lr,226,246,0,91.869918699187,0.07274243683941596,0.8219895362854004
1774999273.8857772,job_done,cagrad:coord:method.baseline_cagrad.inner_lr,227,246,0,92.27642276422765,0.06888911062400246,0.8230435848236084
1774999273.886573,job_done,cagrad:coord:method.baseline_cagrad.inner_lr,228,246,0,92.6829268292683,0.0650406134755988,0.823847770690918
1774999273.8873549,job_done,cagrad:coord:method.baseline_cagrad.inner_lr,229,246,0,93.08943089430895,0.061217182067804465,0.8246314525604248
1774999273.888151,job_done,cagrad:coord:method.baseline_cagrad.inner_lr,230,246,0,93.4959349593496,0.057421145231827446,0.8254289627075195
1774999273.8889437,job_done,cagrad:coord:method.baseline_cagrad.inner_lr,231,246,0,93.90243902439025,0.05365062069583249,0.8262195587158203
1774999273.8897269,job_done,cagrad:coord:method.baseline_cagrad.inner_lr,232,246,0,94.3089430894309,0.04990541112834009,0.8270039558410645
1774999273.8905385,job_done,cagrad:coord:method.baseline_cagrad.inner_lr,233,246,0,94.71544715447155,0.04618723914346982,0.827817440032959
1774999273.8913186,job_done,cagrad:coord:method.baseline_cagrad.inner_lr,234,246,0,95.1219512195122,0.04249181502904647,0.8285903930664062
1774999273.892091,job_done,cagrad:coord:method.baseline_cagrad.inner_lr,235,246,0,95.52845528455285,0.03882155316941281,0.8293695449829102
1774999273.8928885,job_done,cagrad:coord:method.baseline_cagrad.inner_lr,236,246,0,95.9349593495935,0.03517635798050186,0.8301620483398438
1774999273.8937476,job_done,cagrad:coord:method.baseline_cagrad.inner_lr,237,246,0,96.34146341463415,0.03155575221097922,0.8309681415557861
1774999273.8946507,job_done,cagrad:coord:method.baseline_cagrad.inner_lr,238,246,0,96.7479674796748,0.02796178705552045,0.8318631649017334
1774999273.8955455,job_done,cagrad:coord:method.baseline_cagrad.inner_lr,239,246,0,97.15447154471545,0.02439042115311244,0.8327586650848389
1774999273.8964455,job_done,cagrad:coord:method.baseline_cagrad.inner_lr,240,246,0,97.5609756097561,0.02084147334098816,0.8336589336395264
1774999273.8973432,job_done,cagrad:coord:method.baseline_cagrad.inner_lr,241,246,0,97.96747967479675,0.017314610144904045,0.834564208984375
1774999273.8982363,job_done,cagrad:coord:method.baseline_cagrad.inner_lr,242,246,0,98.3739837398374,0.013809219864774342,0.8354578018188477
1774999273.8991475,job_done,cagrad:coord:method.baseline_cagrad.inner_lr,243,246,0,98.78048780487805,0.01032554073098265,0.8363687992095947
1774999273.9000535,job_done,cagrad:coord:method.baseline_cagrad.inner_lr,244,246,0,99.1869918699187,0.006862845577177454,0.8372671604156494
1774999273.9009936,job_done,cagrad:coord:method.baseline_cagrad.inner_lr,245,246,0,99.59349593495935,0.003421286174229213,0.8382151126861572
1774999273.9019072,job_done,cagrad:coord:method.baseline_cagrad.inner_lr,246,246,0,100.0,,0.8391149044036865
1774999273.9128435,group_end,cagrad:coord:method.baseline_cagrad.inner_lr,246,246,0,100.0,,0.8500304222106934
1774999273.913142,phase_end,,246,246,0,100.0,,0.850355863571167
1774999273.91348,lock_released,,246,246,0,100.0,,0.8507022857666016
1774999273.9164855,lock_wait,,246,246,0,100.0,,0.8536996841430664
1774999273.9167876,lock_acquired,,246,246,0,100.0,,0.8540301322937012
1774999273.917055,plan_add,,246,300,0,82.0,0.1875292208136582,0.854299783706665
1774999273.9173245,phase_start,cagrad:local_var_topk,246,300,0,82.0,0.18758788922937905,0.8545670509338379
1774999874.8434515,probe_fallback,cagrad:local_var_topk,246,300,0,82.0,132.09816548300952,601.7805316448212
1774999874.8705819,group_slots,cagrad:local_var_topk,246,300,0,82.0,132.10412417388542,601.8076767921448
1774999874.870851,group_start,cagrad:local_var_topk,246,300,0,82.0,132.10421769793442,601.8081028461456
1774999874.8911526,job_done,cagrad:local_var_topk,247,300,0,82.33333333333333,129.13718081968517,601.8279936313629
1774999874.8925364,job_done,cagrad:local_var_topk,248,300,0,82.66666666666667,126.19008978720635,601.8296589851379
1774999874.893615,job_done,cagrad:local_var_topk,249,300,0,83.0,123.26653851945716,601.8307468891144
1774999874.8946722,job_done,cagrad:local_var_topk,250,300,0,83.33333333333333,120.36636433601379,601.831821680069
1774999874.8957534,job_done,cagrad:local_var_topk,251,300,0,83.66666666666667,117.48928426271416,601.8328642845154
1774999874.8968198,job_done,cagrad:local_var_topk,252,300,0,84.0,114.63504160018194,601.8339684009552
1774999874.8979657,job_done,cagrad:local_var_topk,253,300,0,84.33333333333333,111.80335963761853,601.8351061344147
1774999874.8990128,job_done,cagrad:local_var_topk,254,300,0,84.66666666666667,108.99395273050924,601.8361737728119
1774999874.9000428,job_done,cagrad:local_var_topk,255,300,0,85.0,106.20656275749207,601.8371889591217
1774999874.9010744,job_done,cagrad:local_var_topk,256,300,0,85.33333333333333,103.44094359129667,601.8382172584534
1774999874.9021206,job_done,cagrad:local_var_topk,257,300,0,85.66666666666667,100.69684254056286,601.83926820755
1774999874.903154,job_done,cagrad:local_var_topk,258,300,0,86.0,97.97400482310805,601.8403153419495
1774999874.904199,job_done,cagrad:local_var_topk,259,300,0,86.33333333333333,95.27218241581124,601.8413474559784
1774999874.9052446,job_done,cagrad:local_var_topk,260,300,0,86.66666666666667,92.59113531846268,601.8423795700073
1774999874.9063003,job_done,cagrad:local_var_topk,261,300,0,87.0,89.93062762008317,601.8434309959412
1774999874.9073255,job_done,cagrad:local_var_topk,262,300,0,87.33333333333333,87.29042173705938,601.8444867134094
1774999874.9083328,job_done,cagrad:local_var_topk,263,300,0,87.66666666666667,84.67027859452106,601.8454937934875
1774999874.9094768,job_done,cagrad:local_var_topk,264,300,0,88.0,82.06999452547593,601.8466265201569
1774999874.9104748,job_done,cagrad:local_var_topk,265,300,0,88.33333333333333,79.48930852368193,601.847621679306
1774999874.911465,job_done,cagrad:local_var_topk,266,300,0,88.66666666666667,76.92801866316258,601.8486166000366
1774999874.9124815,job_done,cagrad:local_var_topk,267,300,0,89.0,74.38590766070934,601.8496165275574
1774999874.9134872,job_done,cagrad:local_var_topk,268,300,0,89.33333333333333,71.86276191028196,601.8506309986115
1774999874.914486,job_done,cagrad:local_var_topk,269,300,0,89.66666666666667,69.35836707615054,601.8516368865967
1774999874.9155145,job_done,cagrad:local_var_topk,270,300,0,90.0,66.8725176917182,601.8526592254639
1774999874.916525,job_done,cagrad:local_var_topk,271,300,0,90.33333333333333,64.40500536615998,601.853670835495
1774999874.9175317,job_done,cagrad:local_var_topk,272,300,0,90.66666666666667,61.95562897710239,601.8546814918518
1774999874.9185324,job_done,cagrad:local_var_topk,273,300,0,91.0,59.52418758842972,601.8556745052338
1774999874.9195452,job_done,cagrad:local_var_topk,274,300,0,91.33333333333333,57.11048916482577,601.8566935062408
1774999874.9205995,job_done,cagrad:local_var_topk,275,300,0,91.66666666666667,54.714339928193525,601.8577392101288
1774999874.9216266,job_done,cagrad:local_var_topk,276,300,0,92.0,52.335545456927754,601.8587727546692
1775001328.4247077,job_done,cagrad:local_var_topk,277,300,0,92.33333333333333,170.66180608591017,2055.3617515563965
1775002811.827126,job_done,cagrad:local_var_topk,278,300,0,92.66666666666667,280.04608335254864,3538.764144182205
1775004257.971545,job_done,cagrad:local_var_topk,279,300,0,93.0,375.20817820231116,4984.908653259277
1775005739.3344789,job_done,cagrad:local_var_topk,280,300,0,93.33333333333333,461.87653890677865,6466.2715446949005
1775007894.4204965,job_done,cagrad:local_var_topk,281,300,0,93.66666666666667,582.9387680898782,8621.357570171356
1775009346.5193121,job_done,cagrad:local_var_topk,282,300,0,94.0,642.9865835575347,10073.45647573471
1775010836.7992692,job_done,cagrad:local_var_topk,283,300,0,94.33333333333333,694.6414116439886,11563.736440896988
1775012362.908295,job_done,cagrad:local_var_topk,284,300,0,94.66666666666667,737.4560753459663,13089.8453373909
1775013978.8447666,job_done,cagrad:local_var_topk,285,300,0,95.0,773.9885079484237,14705.78165102005
1775015568.5247552,job_done,cagrad:local_var_topk,286,300,0,95.33333333333333,797.6799465993068,16295.461766242981
1775017161.8697462,job_done,cagrad:local_var_topk,287,300,0,95.66666666666667,810.2943876985889,17888.80686688423
1775018760.4015071,job_done,cagrad:local_var_topk,288,300,0,96.0,811.9724386334419,19487.338527202606
1775020361.3536937,job_done,cagrad:local_var_topk,289,300,0,96.33333333333333,802.6685104394867,21088.290865182877
1775021986.6382358,job_done,cagrad:local_var_topk,290,300,0,96.66666666666667,783.226735780979,22713.57533764839
1775023583.1565235,job_done,cagrad:local_var_topk,291,300,0,97.0,751.8585631798223,24310.093542814255
1775025213.3659651,job_done,cagrad:local_var_topk,292,300,0,97.33333333333333,710.6932357370036,25940.303104400635
1775026765.3818138,job_done,cagrad:local_var_topk,293,300,0,97.66666666666667,656.8130818430475,27492.3189971447
1775028203.6469767,job_done,cagrad:local_var_topk,294,300,0,98.0,590.4200834887367,28930.584090948105
1775029470.8376908,job_done,cagrad:local_var_topk,295,300,0,98.33333333333333,511.8266922498153,30197.774842739105
1775031033.4717045,job_done,cagrad:local_var_topk,296,300,0,98.66666666666667,429.1947117206212,31760.408667325974
1775032494.3821304,job_done,cagrad:local_var_topk,297,300,0,99.0,335.56888151409646,33221.31926989555
1775034155.841439,job_done,cagrad:local_var_topk,298,300,0,99.33333333333333,234.11260802953836,34882.778596401215
1775035567.0639114,job_done,cagrad:local_var_topk,299,300,0,99.66666666666667,121.38461902309024,36294.00108790398
1775036956.1269512,job_done,cagrad:local_var_topk,300,300,0,100.0,,37683.06412386894
1775036956.141449,group_end,cagrad:local_var_topk,300,300,0,100.0,,37683.07545900345
1775036956.1417534,phase_end,,300,300,0,100.0,,37683.07897520065
1775036956.1421077,lock_released,,300,300,0,100.0,,37683.079330444336
1775036956.152227,method_done,,300,300,0,100.0,,37683.08944821358
1775036956.1525264,method_start,,300,300,0,100.0,,37683.08974957466
1775036956.152922,lock_wait,,300,300,0,100.0,,37683.09014606476
1775036956.1532462,lock_acquired,,300,300,0,100.0,,37683.09048295021
1775036956.153549,lock_released,,300,300,0,100.0,,37683.090774059296
1775036956.1547537,lock_wait,,300,300,0,100.0,,37683.09197354317
1775036956.1550663,lock_acquired,,300,300,0,100.0,,37683.092299222946
1775036956.1553473,plan_add,,300,324,0,92.5925925925926,3014.647406578064,37683.0925822258
1775036956.1556644,phase_start,ours:coord:train.lr,300,324,0,92.5925925925926,3014.647430782318,37683.09288477898
1775037031.2180002,group_slots,ours:coord:train.lr,300,324,0,92.5925925925926,3020.652397842407,37758.15497303009
1775037031.2184184,group_start,ours:coord:train.lr,300,324,0,92.5925925925926,3020.652445354461,37758.15556693077
1775037395.5873144,job_done,ours:coord:train.lr,301,324,0,92.90123456790124,2913.016801409547,38122.524227142334
1775037412.139032,job_done,ours:coord:train.lr,302,324,0,93.20987654320987,2778.343297879427,38139.07617998123
1775037412.7504323,job_done,ours:coord:train.lr,303,324,0,93.51851851851852,2643.3446757061647,38139.687463760376
1775037413.294021,job_done,ours:coord:train.lr,304,324,0,93.82716049382717,2509.225731695953,38140.23112177849
1775037702.2988899,job_done,ours:coord:train.lr,305,324,0,94.1358024691358,2393.952403427343,38429.235949754715
1775037755.0517404,job_done,ours:coord:train.lr,306,324,0,94.44444444444444,2263.6464042242837,38481.98887181282
1775037758.036319,job_done,ours:coord:train.lr,307,324,0,94.75308641975309,2131.0897335082004,38484.97342276573
1775037758.8894851,job_done,ours:coord:train.lr,308,324,0,95.06172839506173,1999.2637184192606,38485.82657957077
1775038023.4654572,job_done,ours:coord:train.lr,309,324,0,95.37037037037037,1881.0875038846025,38750.40258002281
1775038107.4599826,job_done,ours:coord:train.lr,310,324,0,95.67901234567901,1753.811479145481,38834.39703822136
1775038118.4499395,job_done,ours:coord:train.lr,311,324,0,95.98765432098766,1623.762161924908,38845.38710451126
1775038119.0597143,job_done,ours:coord:train.lr,312,324,0,96.29629629629629,1494.0768027672402,38845.99687194824
1775038357.178618,job_done,ours:coord:train.lr,313,324,0,96.60493827160494,1373.5631716662704,39084.11570286751
1775038451.7603269,job_done,ours:coord:train.lr,314,324,0,96.91358024691358,1247.729202562077,39178.69696044922
1775038466.4309561,job_done,ours:coord:train.lr,315,324,0,97.22222222222223,1119.8105134214675,39193.36796975136
1775038467.329655,job_done,ours:coord:train.lr,316,324,0,97.53086419753086,992.2599199029464,39194.26683616638
1775038686.8174882,job_done,ours:coord:train.lr,317,324,0,97.8395061728395,870.3352714630331,39413.7544362545
1775038790.2265193,job_done,ours:coord:train.lr,318,324,0,98.14814814814815,745.6068601653261,39517.16358876228
1775038818.9710145,job_done,ours:coord:train.lr,319,324,0,98.45679012345678,619.8418210591642,39545.90818357468
1775038820.2885249,job_done,ours:coord:train.lr,320,324,0,98.76543209876543,494.34031966030597,39547.22557282448
1775039008.8515613,job_done,ours:coord:train.lr,321,324,0,99.07407407407408,371.3625098054654,39735.7885491848
1775039083.1833262,job_done,ours:coord:train.lr,322,324,0,99.38271604938272,247.26782808688858,39810.12032198906
1775039110.4360042,job_done,ours:coord:train.lr,323,324,0,99.69135802469135,123.33551905251139,39837.37265396118
1775039111.6820319,job_done,ours:coord:train.lr,324,324,0,100.0,,39838.61919045448
1775039111.6949887,group_end,ours:coord:train.lr,324,324,0,100.0,,39838.631875276566
1775039111.6952438,phase_end,,324,324,0,100.0,,39838.632518053055
1775039111.6956177,lock_released,,324,324,0,100.0,,39838.6328792572
1775039111.6972015,lock_wait,,324,324,0,100.0,,39838.634459495544
1775039111.6975343,lock_acquired,,324,324,0,100.0,,39838.63480782509
1775039111.6977525,plan_add,,324,348,0,93.10344827586206,2951.010002100909,39838.635028362274
1775039111.6979764,phase_start,ours:coord:train.weight_decay,324,348,0,93.10344827586206,2951.0100184369967,39838.63524889946
1775039188.1063786,group_slots,ours:coord:train.weight_decay,324,348,0,93.10344827586206,2956.66988685396,39915.04347252846
1775039188.106656,group_start,ours:coord:train.weight_decay,324,348,0,93.10344827586206,2956.669918625443,39915.04390144348
1775039568.9937615,job_done,ours:coord:train.weight_decay,325,348,0,93.39080459770115,2851.7120077221207,40295.930543899536
1775039573.1276462,job_done,ours:coord:train.weight_decay,326,348,0,93.67816091954023,2719.6355537929417,40300.05411529541
1775039574.2966504,job_done,ours:coord:train.weight_decay,327,348,0,93.96551724137932,2588.152630624421,40301.23381972313
1775039575.2097359,job_done,ours:coord:train.weight_decay,328,348,0,94.25287356321839,2457.447979174009,40302.14685845375
1775039917.2041392,job_done,ours:coord:train.weight_decay,329,348,0,94.54022988505747,2347.2300410850435,40644.14123773575
1775039939.3991945,job_done,ours:coord:train.weight_decay,330,348,0,94.82758620689656,2218.1637981371446,40666.336299180984
1775039941.199248,job_done,ours:coord:train.weight_decay,331,348,0,95.11494252873563,2088.695809030101,40668.13604640961
1775039941.9556673,job_done,ours:coord:train.weight_decay,332,348,0,95.40229885057471,1959.9466365676326,40668.89270877838
1775040241.442098,job_done,ours:coord:train.weight_decay,333,348,0,95.6896551724138,1845.4224894927427,40968.37926673889
1775040294.3711116,job_done,ours:coord:train.weight_decay,334,348,0,95.97701149425288,1719.4560278732617,41021.30809354782
1775040301.3796186,job_done,ours:coord:train.weight_decay,335,348,0,96.26436781609195,1592.1436342808738,41028.31672954559
1775040303.054412,job_done,ours:coord:train.weight_decay,336,348,0,96.55172413793103,1465.3568367362022,41029.99142861366
1775040548.7695303,job_done,ours:coord:train.weight_decay,337,348,0,96.83908045977012,1347.278258100108,41275.706634521484
1775040619.3899748,job_done,ours:coord:train.weight_decay,338,348,0,97.1264367816092,1223.2641129380854,41346.32701730728
1775040637.6407,job_done,ours:coord:train.weight_decay,339,348,0,97.41379310344827,1098.1746334544325,41364.57786011696
1775040639.1994097,job_done,ours:coord:train.weight_decay,340,348,0,97.70114942528735,973.3208607000463,41366.13657975197
1775040882.5816503,job_done,ours:coord:train.weight_decay,341,348,0,97.98850574712644,854.1543441098457,41609.51876306534
1775040953.6332018,job_done,ours:coord:train.weight_decay,342,348,0,98.27586206896552,731.238076766332,41680.57037568092
1775040987.1730273,job_done,ours:coord:train.weight_decay,343,348,0,98.5632183908046,608.0774057119997,41714.110031843185
1775040988.5403116,job_done,ours:coord:train.weight_decay,344,348,0,98.85057471264368,485.06368998316833,41715.477338552475
1775041219.4942684,job_done,ours:coord:train.weight_decay,345,348,0,99.13793103448276,364.75157639047376,41946.43128490448
1775041280.522115,job_done,ours:coord:train.weight_decay,346,348,0,99.42528735632185,242.8176837615195,42007.459290742874
1775041307.9422426,job_done,ours:coord:train.weight_decay,347,348,0,99.71264367816092,121.13798102109507,42034.87941431999
1775041308.107584,job_done,ours:coord:train.weight_decay,348,348,0,100.0,,42035.0446293354
1775041308.1262288,group_end,ours:coord:train.weight_decay,348,348,0,100.0,,42035.06322669983
1775041308.126642,phase_end,,348,348,0,100.0,,42035.06379747391
1775041308.1271405,lock_released,,348,348,0,100.0,,42035.06427073479
1775041308.1297913,lock_wait,,348,348,0,100.0,,42035.06692481041
1775041308.130265,lock_acquired,,348,348,0,100.0,,42035.06742620468
1775041308.130677,plan_add,,348,372,0,93.54838709677419,2898.9701950467866,42035.067828178406
1775041308.131093,phase_start,ours:coord:train.grad_clip,348,372,0,93.54838709677419,2898.970223476147,42035.06824040413
1775041384.6376836,group_slots,ours:coord:train.grad_clip,348,372,0,93.54838709677419,2904.2465376196237,42111.57479548454
1775041384.637939,group_start,ours:coord:train.grad_clip,348,372,0,93.54838709677419,2904.2465660489843,42111.575207710266
1775041768.0173004,job_done,ours:coord:train.grad_clip,349,372,0,93.81720430107526,2800.5270715675247,42494.95425987244
1775041770.0052245,job_done,ours:coord:train.grad_clip,350,372,0,94.08602150537635,2671.236378617968,42496.942387104034
1775041770.339743,job_done,ours:coord:train.grad_clip,351,372,0,94.35483870967742,2542.572122696118,42497.27690792084
1775041771.2478802,job_done,ours:coord:train.grad_clip,352,372,0,94.6236559139785,2414.6696015650577,42498.18498754501
1775042130.3426049,job_done,ours:coord:train.grad_clip,353,372,0,94.89247311827957,2306.765765098945,42857.27974104881
1775042145.6494663,job_done,ours:coord:train.grad_clip,354,372,0,95.16129032258064,2179.962029347985,42872.58657717705
1775042146.5856729,job_done,ours:coord:train.grad_clip,355,372,0,95.43010752688173,2053.098268717107,42873.52267026901
1775042146.6700337,job_done,ours:coord:train.grad_clip,356,372,0,95.6989247311828,1926.9036934884746,42873.60718011856
1775042491.9596846,job_done,ours:coord:train.grad_clip,357,372,0,95.96774193548387,1815.9200352079727,43218.89683794975
1775042530.1078506,job_done,ours:coord:train.grad_clip,358,372,0,96.23655913978494,1691.616273693532,43257.044713020325
1775042530.5838535,job_done,ours:coord:train.grad_clip,359,372,0,96.50537634408602,1566.4282995658332,43257.519964933395
1775042532.7243414,job_done,ours:coord:train.grad_clip,360,372,0,96.7741935483871,1441.9887132088343,43259.66139626503
1775042926.747177,job_done,ours:coord:train.grad_clip,361,372,0,97.04301075268818,1330.167663753198,43653.68423771858
1775042978.999332,job_done,ours:coord:train.grad_clip,362,372,0,97.31182795698925,1207.3463121566983,43705.93650007248
1775042979.1894753,job_done,ours:coord:train.grad_clip,363,372,0,97.58064516129032,1083.622973513012,43706.126598358154
1775042980.73126,job_done,ours:coord:train.grad_clip,364,372,0,97.84946236559139,960.6080945559911,43707.66830229759
1775043355.7975383,job_done,ours:coord:train.grad_clip,365,372,0,98.11827956989248,845.4223092732365,44082.734697818756
1775043432.1874886,job_done,ours:coord:train.grad_clip,366,372,0,98.38709677419355,723.9200750296233,44159.12457680702
1775043432.6365473,job_done,ours:coord:train.grad_clip,367,372,0,98.65591397849462,601.6290692607454,44159.57368373871
1775043433.0867136,job_done,ours:coord:train.grad_clip,368,372,0,98.9247311827957,480.0002593087113,44160.02385640144
1775043786.6627874,job_done,ours:coord:train.grad_clip,369,372,0,99.19354838709677,361.8991850449787,44513.59976053238
1775043876.2530286,job_done,ours:coord:train.grad_clip,370,372,0,99.46236559139786,241.09832492390197,44603.19011092186
1775043878.5668416,job_done,ours:coord:train.grad_clip,371,372,0,99.73118279569893,120.23046898970385,44605.50399518013
1775043878.6312666,job_done,ours:coord:train.grad_clip,372,372,0,100.0,,44605.56841111183
1775043878.652316,group_end,ours:coord:train.grad_clip,372,372,0,100.0,,44605.58939051628
1775043878.652718,phase_end,,372,372,0,100.0,,44605.58988237381
1775043878.6531737,lock_released,,372,372,0,100.0,,44605.590324640274
1775043878.6555774,lock_wait,,372,372,0,100.0,,44605.59270477295
1775043878.656038,lock_acquired,,372,372,0,100.0,,44605.593198776245
1775043878.656439,plan_add,,372,396,0,93.93939393939394,2877.7802313066295,44605.59358525276
1775043878.6568356,phase_start,ours:coord:method.ours.lambda_align,372,396,0,93.93939393939394,2877.7802577326374,44605.59399485588
1775044001.8365037,group_slots,ours:coord:method.ours.lambda_align,372,396,0,93.93939393939394,2885.7273208710453,44728.773473501205
1775044001.8369052,group_start,ours:coord:method.ours.lambda_align,372,396,0,93.93939393939394,2885.727359387183,44728.77407050133
1775044450.5880136,job_done,ours:coord:method.ours.lambda_align,373,396,0,94.1919191919192,2785.7455091393344,45177.52499604225
1775044451.6158016,job_done,ours:coord:method.ours.lambda_align,374,396,0,94.44444444444444,2657.5619125646704,45178.552513599396
1775044452.4583535,job_done,ours:coord:method.ours.lambda_align,375,396,0,94.6969696969697,2530.0461460609436,45179.39546537399
1775044453.1273456,job_done,ours:coord:method.ours.lambda_align,376,396,0,94.94949494949495,2403.194920357237,45180.064502716064
1775044905.5878332,job_done,ours:coord:method.ours.lambda_align,377,396,0,95.20202020202021,2299.7824251499987,45632.52496218681
1775044910.1742857,job_done,ours:coord:method.ours.lambda_align,378,396,0,95.45454545454545,2173.195780492964,45637.11139035225
1775044911.890052,job_done,ours:coord:method.ours.lambda_align,379,396,0,95.70707070707071,2047.1241730668612,45638.827152490616
1775044912.7971742,job_done,ours:coord:method.ours.lambda_align,380,396,0,95.95959595959596,1921.6730233142252,45639.734303712845
1775045347.2853842,job_done,ours:coord:method.ours.lambda_align,381,396,0,96.21212121212122,1813.9457637118542,46074.2223982811
1775045363.9139256,job_done,ours:coord:method.ours.lambda_align,382,396,0,96.46464646464646,1689.193487867635,46090.85088324547
1775045364.760418,job_done,ours:coord:method.ours.lambda_align,383,396,0,96.71717171717172,1564.47014743541,46091.69742059708
1775045774.4619293,job_done,ours:coord:method.ours.lambda_align,384,396,0,96.96969696969697,1453.1687172055244,46501.39895057678
1775045818.2386205,job_done,ours:coord:method.ours.lambda_align,385,396,0,97.22222222222223,1329.8621610505238,46545.17563676834
1775045818.5676055,job_done,ours:coord:method.ours.lambda_align,386,396,0,97.47474747474747,1205.8420921113207,46545.50475549698
1775045818.993913,job_done,ours:coord:method.ours.lambda_align,387,396,0,97.72727272727273,1082.463512614716,46545.931042432785
1775046178.8403192,job_done,ours:coord:method.ours.lambda_align,388,396,0,97.97979797979798,967.1294299056849,46905.77735042572
1775046221.0469813,job_done,ours:coord:method.ours.lambda_align,389,396,0,98.23232323232324,844.8223363433829,46947.9841196537
1775046224.755454,job_done,ours:coord:method.ours.lambda_align,390,396,0,98.48484848484848,722.3337304958931,46951.69248223305
1775046224.9357226,job_done,ours:coord:method.ours.lambda_align,391,396,0,98.73737373737374,600.407580259206,46951.87277626991
1775046596.8911269,job_done,ours:coord:method.ours.lambda_align,392,396,0,98.98989898989899,482.89620730341693,47323.82831573486
1775046672.6123059,job_done,ours:coord:method.ours.lambda_align,393,396,0,99.24242424242425,361.828620836025,47399.54932951927
1775046676.415523,job_done,ours:coord:method.ours.lambda_align,394,396,0,99.4949494949495,240.62615561122217,47403.35265541077
1775046676.9064772,job_done,ours:coord:method.ours.lambda_align,395,396,0,99.74747474747475,120.0097304712368,47403.843536138535
1775046860.6927414,job_done,ours:coord:method.ours.lambda_align,396,396,0,100.0,,47587.629888534546
1775046860.7099895,group_end,ours:coord:method.ours.lambda_align,396,396,0,100.0,,47587.647035360336
1775046860.7103446,phase_end,,396,396,0,100.0,,47587.64753365517
1775046860.7112694,lock_released,,396,396,0,100.0,,47587.6479716301
1775046860.7148702,lock_wait,,396,396,0,100.0,,47587.65200281143
1775046860.7153149,lock_acquired,,396,396,0,100.0,,47587.65249300003
1775046860.715691,plan_add,,396,450,0,88.0,6489.225391843102,47587.65287351608
1775046860.7160807,phase_start,ours:local_var_topk,396,450,0,88.0,6489.225442658771,47587.65324616432
1775046981.3908598,group_slots,ours:local_var_topk,396,450,0,88.0,6505.681071476503,47708.327857494354
1775046981.391112,group_start,ours:local_var_topk,396,450,0,88.0,6505.681144367564,47708.32839202881
1775047442.678377,job_done,ours:local_var_topk,397,450,0,88.22222222222223,6430.704271750727,48169.61501669884
1775047444.3331547,job_done,ours:local_var_topk,398,450,0,88.44444444444444,6293.733784167612,48171.27011728287
1775047444.9329967,job_done,ours:local_var_topk,399,450,0,88.66666666666667,6157.306715393425,48171.870185136795
1775047445.2116694,job_done,ours:local_var_topk,400,450,0,88.88888888888889,6021.518584430218,48172.14867544174
1775047883.3471143,job_done,ours:local_var_topk,401,450,0,89.11111111111111,5939.910031150998,48610.28413248062
1775047895.1146824,job_done,ours:local_var_topk,402,450,0,89.33333333333333,5805.618132633949,48622.051860809326
1775047900.0212135,job_done,ours:local_var_topk,403,450,0,89.55555555555556,5671.134095332759,48626.9583067894
1775047900.3230543,job_done,ours:local_var_topk,404,450,0,89.77777777777777,5536.767244688355,48627.260149002075
1775048290.2461162,job_done,ours:local_var_topk,405,450,0,90.0,5446.353691313001,49017.18322181702
1775048312.2458963,job_done,ours:local_var_topk,406,450,0,90.22222222222223,5314.591253341713,49039.182928562164
1775048333.4823456,job_done,ours:local_var_topk,407,450,0,90.44444444444444,5183.287556513521,49060.41943025589
1775048334.204438,job_done,ours:local_var_topk,408,450,0,90.66666666666667,5050.411628558355,49061.14153456688
1775048733.194395,job_done,ours:local_var_topk,409,450,0,90.88888888888889,4958.106079187836,49460.131375312805
1775048754.5729432,job_done,ours:local_var_topk,410,450,0,91.11111111111111,4827.464386405015,49481.5099606514
1775048779.3548114,job_done,ours:local_var_topk,411,450,0,91.33333333333333,4697.67712898324,49506.2897439003
1775048781.2284086,job_done,ours:local_var_topk,412,450,0,91.55555555555556,4566.287114340125,49508.16555547714
1775049172.0848885,job_done,ours:local_var_topk,413,450,0,91.77777777777777,4470.372429504233,49899.021983385086
1775049192.454407,job_done,ours:local_var_topk,414,450,0,92.0,4340.816658952962,49919.39157795906
1775049226.0668478,job_done,ours:local_var_topk,415,450,0,92.22222222222223,4212.903943659311,49953.00390338898
1775049226.734512,job_done,ours:local_var_topk,416,450,0,92.44444444444444,4082.7520061674027,49953.67160487175
1775049608.7650242,job_done,ours:local_var_topk,417,450,0,92.66666666666667,3983.400882973088,50335.70206665993
1775049632.1009026,job_done,ours:local_var_topk,418,450,0,92.88888888888889,3855.2373584583042,50359.0379948616
1775049669.212982,job_done,ours:local_var_topk,419,450,0,93.11111111111111,3728.5934446461165,50396.15010666847
1775049670.0686183,job_done,ours:local_var_topk,420,450,0,93.33333333333333,3599.786118251937,50397.005655527115
1775050034.7757566,job_done,ours:local_var_topk,421,450,0,93.55555555555556,3496.6500528543975,50761.712836265564
1775050056.4883027,job_done,ours:local_var_topk,422,450,0,93.77777777777777,3369.5163800840696,50783.42544269562
1775050101.5561306,job_done,ours:local_var_topk,423,450,0,94.0,3244.3719120786545,50828.493289232254
1775050103.7448707,job_done,ours:local_var_topk,424,450,0,94.22222222222223,3116.975781449732,50830.68197441101
1775050474.1308515,job_done,ours:local_var_topk,425,450,0,94.44444444444444,3011.8275240309094,51201.06790852547
1775050492.4485867,job_done,ours:local_var_topk,426,450,0,94.66666666666667,2885.5991893822043,51219.38561153412
1775050550.4781337,job_done,ours:local_var_topk,427,450,0,94.88888888888889,2762.015312777191,51277.41471982002
1775050552.755806,job_done,ours:local_var_topk,428,450,0,95.11111111111111,2635.8720605139424,51279.69281363487
1775050912.9068966,job_done,ours:local_var_topk,429,450,0,95.33333333333333,2527.8245260582107,51639.84388947487
1775050930.5780754,job_done,ours:local_var_topk,430,450,0,95.55555555555556,2402.675124989,51657.51518726349
1775050994.3048644,job_done,ours:local_var_topk,431,450,0,95.77777777777777,2280.0547532266364,51721.24203372002
1775050995.5498838,job_done,ours:local_var_topk,432,450,0,96.0,2155.1036152243614,51722.486765384674
1775051351.709885,job_done,ours:local_var_topk,433,450,0,96.22222222222223,2044.6581907663278,52078.64685893059
1775051368.315249,job_done,ours:local_var_topk,434,450,0,96.44444444444444,1920.5622932592296,52095.2522046566
1775051441.1260812,job_done,ours:local_var_topk,435,450,0,96.66666666666667,1798.8987070445357,52168.062504291534
1775051441.8335366,job_done,ours:local_var_topk,436,450,0,96.88888888888889,1675.1440131412733,52168.770694971085
1775051785.8622446,job_done,ours:local_var_topk,437,450,0,97.11111111111111,1562.1656550477244,52512.799327373505
1775051805.3006516,job_done,ours:local_var_topk,438,450,0,97.33333333333333,1439.2393872182663,52532.23763346672
1775051886.8156817,job_done,ours:local_var_topk,439,450,0,97.55555555555556,1318.3400472367273,52613.75279426575
1775051887.3256266,job_done,ours:local_var_topk,440,450,0,97.77777777777777,1195.7786982059479,52614.26272106171
1775052178.801202,job_done,ours:local_var_topk,441,450,0,98.0,1079.7089457171303,52905.73834013939
1775052201.7367678,job_done,ours:local_var_topk,442,450,0,98.22222222222223,957.9850473706,52928.67386722565
1775052309.515144,job_done,ours:local_var_topk,443,450,0,98.44444444444444,838.0477778814716,53036.45222878456
1775052310.020916,job_done,ours:local_var_topk,444,450,0,98.66666666666667,716.7156500977438,53036.95810723305
1775052667.0166852,job_done,ours:local_var_topk,445,450,0,98.88888888888889,599.9320655592372,53393.95383477211
1775052678.8345625,job_done,ours:local_var_topk,446,450,0,99.11111111111111,478.9755299102031,53405.77158498764
1775052748.3324032,job_done,ours:local_var_topk,447,450,0,99.33333333333333,358.89442652983956,53475.26955294609
1775052748.6184375,job_done,ours:local_var_topk,448,450,0,99.55555555555556,238.7301583662629,53475.55547404289
1775052890.1886275,job_done,ours:local_var_topk,449,450,0,99.77777777777777,119.41453400061764,53617.12576627731
1775052894.9248183,job_done,ours:local_var_topk,450,450,0,100.0,,53621.86200118065
1775052894.9408624,group_end,ours:local_var_topk,450,450,0,100.0,,53621.877878665924
1775052894.9412498,phase_end,,450,450,0,100.0,,53621.878413677216
1775052894.9417229,lock_released,,450,450,0,100.0,,53621.878873348236
1775052894.9532807,method_done,,450,450,0,100.0,,53621.89044857025
1775052895.477652,method_start,,450,450,0,100.0,,53622.414657115936
1775052895.4782937,lock_wait,,450,450,0,100.0,,53622.415413856506
1775052895.478766,lock_acquired,,450,450,0,100.0,,53622.41594672203
1775052895.4791462,plan_add,,450,455,0,98.9010989010989,595.8046258052191,53622.41632246971
1775052895.4795492,phase_start,final:baseline,450,455,0,98.9010989010989,595.8046300199296,53622.41670179367
1775052972.7346506,group_slots,final:baseline,450,455,0,98.9010989010989,596.6630181497998,53699.67163348198
1775052972.7348833,group_start,final:baseline,450,455,0,98.9010989010989,596.6630240572824,53699.67216515541
1775054611.07581,job_done,final:baseline,451,455,0,99.12087912087912,490.8027742199781,55338.012793302536
1775054654.061193,job_done,final:baseline,452,455,0,99.34065934065934,367.57299707948636,55380.99822664261
1775054671.6741521,job_done,final:baseline,453,455,0,99.56043956043956,244.58547983843232,55398.61118340492
1775054672.1960256,job_done,final:baseline,454,455,0,99.78021978021978,122.0245225193217,55399.13322377205
1775055524.941751,job_done,final:baseline,455,455,0,100.0,,56251.87881374359
1775055524.9594705,group_end,final:baseline,455,455,0,100.0,,56251.89649796486
1775055524.9598196,phase_end,,455,455,0,100.0,,56251.89701509476
1775055524.9607508,lock_released,,455,455,0,100.0,,56251.89742588997
1775055524.9611313,method_done,,455,455,0,100.0,,56251.898314237595
1775055524.9614983,method_start,,455,455,0,100.0,,56251.898659706116
1775055524.9620883,lock_wait,,455,455,0,100.0,,56251.8992626667
1775055524.9625392,lock_acquired,,455,455,0,100.0,,56251.899695158005
1775055524.9628944,plan_add,,455,460,0,98.91304347826087,618.1527481393499,56251.90008068085
1775055524.9632874,phase_start,final:cagrad,455,460,0,98.91304347826087,618.1527521269661,56251.900443553925
1775056125.4304414,probe_fallback,final:cagrad,455,460,0,98.91304347826087,624.7512905964484,56852.36744427681
1775056125.4514024,group_slots,final:cagrad,455,460,0,98.91304347826087,624.751520879976,56852.38840007782
1775056125.4518044,group_start,final:cagrad,455,460,0,98.91304347826087,624.7515271338788,56852.38896918297
1775062816.3964686,job_done,final:cagrad,456,460,0,99.1304347826087,557.3976612906707,63543.33338713646
1775069264.2727904,job_done,final:cagrad,457,460,0,99.34782608695652,459.46089562493285,69991.20976686478
1775076069.1847043,job_done,final:cagrad,458,460,0,99.56521739130434,335.35424370953086,76796.12180948257
1775082455.0787952,job_done,final:cagrad,459,460,0,99.78260869565217,181.2244356681059,83182.01597166061
1775088379.1018155,job_done,final:cagrad,460,460,0,100.0,,89106.03885388374
1775088379.1186523,group_end,final:cagrad,460,460,0,100.0,,89106.05568647385
1775088379.119059,phase_end,,460,460,0,100.0,,89106.05620956421
1775088379.1199822,lock_released,,460,460,0,100.0,,89106.0566868782
1775088379.1204393,method_done,,460,460,0,100.0,,89106.05757141113
1775088379.1207821,method_start,,460,460,0,100.0,,89106.05796837807
1775088379.121407,lock_wait,,460,460,0,100.0,,89106.05855607986
1775088379.1218448,lock_acquired,,460,460,0,100.0,,89106.05902695656
1775088379.1222057,plan_add,,460,465,0,98.9247311827957,968.5441238024961,89106.05938982964
1775088379.1225955,phase_start,final:ours,460,465,0,98.9247311827957,968.5441277649091,89106.05975437164
1775088431.12274,group_slots,final:ours,460,465,0,98.9247311827957,969.1093464467837,89158.0598731041
1775088431.1230025,group_start,final:ours,460,465,0,98.9247311827957,969.1093506553898,89158.06026029587
1775089685.4450796,job_done,final:ours,461,465,0,99.13978494623656,784.4892136455876,90412.38187265396
1775089741.4301903,job_done,final:ours,462,465,0,99.35483870967742,587.4569285566157,90468.36699771881
1775089743.7851722,job_done,final:ours,463,465,0,99.56989247311827,390.80225379214687,90470.721752882
1775089743.944345,job_done,final:ours,464,465,0,99.78494623655914,194.980348128697,90470.8815317154
1775090189.0251946,job_done,final:ours,465,465,0,100.0,,90915.96237754822
1775090189.0408187,group_end,final:ours,465,465,0,100.0,,90915.97786998749
1775090189.0411663,phase_end,,465,465,0,100.0,,90915.97836232185
1775090189.042102,lock_released,,465,465,0,100.0,,90915.97879099846
1775090189.0424957,method_done,,465,465,0,100.0,,90915.97966861725
1775090192.9798272,pipeline_done,,465,465,0,100.0,,90919.91706252098
1775090192.994136,lock_released,,465,465,0,100.0,,90919.91735553741
