step,train_step_loss,train_acc,train_loss,val_acc,val_loss,avg_intra_expert_coherence,expert_diversity_e0,expert_diversity_e1,expert_diversity_e2,expert_diversity_e3,expert_diversity_mean,expert_purity_e0,expert_purity_e1,expert_purity_e2,expert_purity_e3,expert_purity_mean,inter_expert_similarity,inter_expert_similarity_e0_e0,inter_expert_similarity_e0_e1,inter_expert_similarity_e0_e2,inter_expert_similarity_e0_e3,inter_expert_similarity_e1_e0,inter_expert_similarity_e1_e1,inter_expert_similarity_e1_e2,inter_expert_similarity_e1_e3,inter_expert_similarity_e2_e0,inter_expert_similarity_e2_e1,inter_expert_similarity_e2_e2,inter_expert_similarity_e2_e3,inter_expert_similarity_e3_e0,inter_expert_similarity_e3_e1,inter_expert_similarity_e3_e2,inter_expert_similarity_e3_e3,intra_expert_coherence_e0,intra_expert_coherence_e1,intra_expert_coherence_e2,intra_expert_coherence_e3,load_cv,load_max_min_ratio,overall_task_conflict_cos,router_entropy,router_load_e0,router_load_e1,router_load_e2,router_load_e3,task_acc__glue_rte,task_conflict_t0_t0,task_grad_norm_cv,task_loss__glue_rte,utilization_ratio
50.0,0.6730994284152985,0.5951807228915663,0.6680915244878867,0.5703971119133574,0.6924012204011282,1.0,0.0,0.0,0.0,0.0,0.0,1.0,1.0,1.0,1.0,1.0,-0.049677758841032926,1.0,0.0,0.0,0.0,0.0,1.0,-0.29806655304619756,0.0,0.0,-0.29806655304619756,1.0,0.0,0.0,0.0,0.0,1.0,1.0,1.0,1.0,1.0,1.000868320465088,514736354351.0437,1.0,0.6921745190121207,0.0,0.5147363543510437,0.4852637052536011,0.0,0.5703971119133574,1.0,0.0,0.6924012204011282,0.5
100.0,0.7024380564689636,0.6875502008032128,0.5997005390433164,0.6245487364620939,0.6399422122372521,1.0,0.0,0.0,0.0,0.0,0.0,1.0,1.0,1.0,1.0,1.0,-0.024380950641851317,1.0,0.0,0.0,0.0,0.0,1.0,-0.1462857038511079,0.0,0.0,-0.1462857038511079,1.0,0.0,0.0,0.0,0.0,1.0,1.0,1.0,1.0,1.0,1.0011564493179321,517007708549.4995,1.0,0.6919399409517915,0.0,0.48299235105514526,0.5170077085494995,0.0,0.6245487364620939,1.0,0.0,0.6399422122372521,0.5
150.0,0.5818161070346832,0.7301204819277108,0.5685342836456422,0.6425992779783394,0.6230065806044472,1.0,0.0,0.0,0.0,0.0,0.0,1.0,1.0,1.0,1.0,1.0,-0.059068335862529166,1.0,0.0,0.0,0.0,0.0,1.0,-0.354410015175175,0.0,0.0,-0.354410015175175,1.0,0.0,0.0,0.0,0.0,1.0,1.0,1.0,1.0,1.0,1.0000430345535278,503281414508.8196,1.0,0.6925395456031772,0.0,0.4967185854911804,0.5032814145088196,0.0,0.6425992779783394,1.0,0.0,0.6230065806044472,0.5
