step,train_step_loss,train_acc,train_loss,val_acc,val_loss,avg_intra_expert_coherence,expert_diversity_e0,expert_diversity_e1,expert_diversity_e2,expert_diversity_e3,expert_diversity_mean,expert_purity_e0,expert_purity_e1,expert_purity_e2,expert_purity_e3,expert_purity_mean,inter_expert_similarity,inter_expert_similarity_e0_e0,inter_expert_similarity_e0_e1,inter_expert_similarity_e0_e2,inter_expert_similarity_e0_e3,inter_expert_similarity_e1_e0,inter_expert_similarity_e1_e1,inter_expert_similarity_e1_e2,inter_expert_similarity_e1_e3,inter_expert_similarity_e2_e0,inter_expert_similarity_e2_e1,inter_expert_similarity_e2_e2,inter_expert_similarity_e2_e3,inter_expert_similarity_e3_e0,inter_expert_similarity_e3_e1,inter_expert_similarity_e3_e2,inter_expert_similarity_e3_e3,intra_expert_coherence_e0,intra_expert_coherence_e1,intra_expert_coherence_e2,intra_expert_coherence_e3,load_cv,load_max_min_ratio,overall_task_conflict_cos,router_entropy,router_load_e0,router_load_e1,router_load_e2,router_load_e3,task_acc__glue_rte,task_conflict_t0_t0,task_grad_norm_cv,task_loss__glue_rte,utilization_ratio
50.0,0.553400456905365,0.5028112449799197,0.6873407469537014,0.5270758122743683,0.6796777331166797,1.0,0.0,0.0,0.0,0.0,0.0,1.0,1.0,1.0,1.0,1.0,0.011308480475495722,1.0,0.0,0.06785088285297433,0.0,0.0,1.0,0.0,0.0,0.06785088285297433,0.0,1.0,0.0,0.0,0.0,0.0,1.0,1.0,1.0,1.0,1.0,1.0071531534194946,542363822460.17456,1.0,0.6892860391940451,0.45763614773750305,0.0,0.5423638224601746,0.0,0.5270758122743683,1.0,0.0,0.6796777331166797,0.5
100.0,0.6560864448547363,0.714859437751004,0.6098997906041451,0.6570397111913358,0.6359560456540849,1.0,0.0,0.0,0.0,0.0,0.0,1.0,1.0,1.0,1.0,1.0,0.03985016715271052,1.0,0.0,0.2391010029162631,0.0,0.0,1.0,0.0,0.0,0.2391010029162631,0.0,1.0,0.0,0.0,0.0,0.0,1.0,1.0,1.0,1.0,1.0,1.0029602648592153,537902891635.8948,1.0,0.6898357773515722,0.4605870544910431,0.0,0.5379028916358948,0.0015099664451554418,0.6570397111913358,1.0,0.0,0.6359560456540849,0.5
150.0,0.6044579446315765,0.7281124497991968,0.6027257358034452,0.6750902527075813,0.6295178317361407,1.0,0.0,0.0,0.0,0.0,0.0,1.0,1.0,1.0,1.0,1.0,0.06715092875179256,1.0,0.0,0.4029055725107553,0.0,0.0,1.0,0.0,0.0,0.4029055725107553,0.0,1.0,0.0,0.0,0.0,0.0,1.0,1.0,1.0,1.0,1.0,1.0128743648529053,556914925575.2563,1.0,0.6861699341866945,0.44308510422706604,0.0,0.5569149255752563,0.0,0.6750902527075813,1.0,0.0,0.6295178317361407,0.5
