step,train_step_loss,train_acc,train_loss,val_acc,val_loss,avg_intra_expert_coherence,expert_diversity_e0,expert_diversity_e1,expert_diversity_e2,expert_diversity_e3,expert_diversity_mean,expert_purity_e0,expert_purity_e1,expert_purity_e2,expert_purity_e3,expert_purity_mean,inter_expert_similarity,inter_expert_similarity_e0_e0,inter_expert_similarity_e0_e1,inter_expert_similarity_e0_e2,inter_expert_similarity_e0_e3,inter_expert_similarity_e1_e0,inter_expert_similarity_e1_e1,inter_expert_similarity_e1_e2,inter_expert_similarity_e1_e3,inter_expert_similarity_e2_e0,inter_expert_similarity_e2_e1,inter_expert_similarity_e2_e2,inter_expert_similarity_e2_e3,inter_expert_similarity_e3_e0,inter_expert_similarity_e3_e1,inter_expert_similarity_e3_e2,inter_expert_similarity_e3_e3,intra_expert_coherence_e0,intra_expert_coherence_e1,intra_expert_coherence_e2,intra_expert_coherence_e3,load_cv,load_max_min_ratio,overall_task_conflict_cos,router_entropy,router_load_e0,router_load_e1,router_load_e2,router_load_e3,task_acc__glue_cola,task_acc__glue_mrpc,task_acc__glue_rte,task_conflict_t0_t0,task_conflict_t0_t1,task_conflict_t0_t2,task_conflict_t1_t0,task_conflict_t1_t1,task_conflict_t1_t2,task_conflict_t2_t0,task_conflict_t2_t1,task_conflict_t2_t2,task_grad_norm_cv,task_loss__glue_cola,task_loss__glue_mrpc,task_loss__glue_rte,utilization_ratio
1.0,2.046113590399424,0.37811390540432893,1.2199420068980247,0.38971132594082225,1.2290808125111419,0.6366428315771239,0.6442973979115062,0.6169318698222233,0.6606546910380706,0.14143456507651836,0.5158296309620797,0.7504651546478271,0.7443626523017883,0.7458699941635132,0.9651817083358765,0.8014698773622513,0.08786716031929177,1.0,0.25391539296373916,0.271476661939573,-0.08367099366996991,0.25391539296373916,1.0,0.24485184402548718,-0.07291761170874615,0.271476661939573,0.24485184402548718,1.0,-0.08645233163433279,-0.08367099366996991,-0.07291761170874615,-0.08645233163433279,1.0,0.9637503894783195,0.9675500416357705,0.9435088078494535,-0.32823791265504804,0.7128439203314686,20.361546080622432,0.7880969798618755,0.9555885551359367,0.340060293674469,0.489165335893631,0.14675027132034302,0.024023978039622307,0.3087248322147651,0.3333333333333333,0.5270758122743683,1.0,0.6896211350108963,0.9662932046285043,0.6896211350108963,1.0,0.708376599946226,0.9662932046285043,0.708376599946226,1.0,0.8857562324997117,1.6123730474300968,1.1512031227934594,0.92366626730987,0.75
