{
  "completed_jobs": 4,
  "current_phase": "",
  "elapsed_sec": 219.77970147132874,
  "eta_sec": null,
  "failed_jobs": 0,
  "percent": 100.0,
  "started_at_epoch": 1773806300.9876382,
  "total_jobs": 4,
  "updated_at_epoch": 1773806520.7673452
}