step,train_step_loss,train_acc,train_loss,val_acc,val_loss,avg_intra_expert_coherence,expert_diversity_e0,expert_diversity_e1,expert_diversity_e2,expert_diversity_e3,expert_diversity_mean,expert_purity_e0,expert_purity_e1,expert_purity_e2,expert_purity_e3,expert_purity_mean,inter_expert_similarity,inter_expert_similarity_e0_e0,inter_expert_similarity_e0_e1,inter_expert_similarity_e0_e2,inter_expert_similarity_e0_e3,inter_expert_similarity_e1_e0,inter_expert_similarity_e1_e1,inter_expert_similarity_e1_e2,inter_expert_similarity_e1_e3,inter_expert_similarity_e2_e0,inter_expert_similarity_e2_e1,inter_expert_similarity_e2_e2,inter_expert_similarity_e2_e3,inter_expert_similarity_e3_e0,inter_expert_similarity_e3_e1,inter_expert_similarity_e3_e2,inter_expert_similarity_e3_e3,intra_expert_coherence_e0,intra_expert_coherence_e1,intra_expert_coherence_e2,intra_expert_coherence_e3,load_cv,load_max_min_ratio,overall_task_conflict_cos,router_entropy,router_load_e0,router_load_e1,router_load_e2,router_load_e3,task_acc__glue_mrpc,task_conflict_t0_t0,task_grad_norm_cv,task_loss__glue_mrpc,utilization_ratio
50.0,0.35209234803915024,0.7829880043620502,0.4601522472565589,0.7720588235294118,0.44843406316179496,1.0,0.0,0.0,0.0,0.0,0.0,1.0,1.0,1.0,1.0,1.0,0.13965581645229605,1.0,0.11533509458902777,-0.0362542392712745,0.2770081771800658,0.11533509458902777,1.0,-0.008452422315273296,0.2714836136923056,-0.0362542392712745,-0.008452422315273296,1.0,0.21881467483892483,0.2770081771800658,0.2714836136923056,0.21881467483892483,1.0,1.0,1.0,1.0,1.0,0.36287540197372437,3.4242153973404728,1.0,1.2991916432100183,0.3364512622356415,0.27064260840415955,0.2946496903896332,0.09825645387172699,0.7720588235294118,1.0,0.0,0.44843406316179496,0.75
100.0,0.24488133192062378,0.8964013086150491,0.259244352583166,0.8700980392156863,0.2946147221642045,1.0,0.0,0.0,0.0,0.0,0.0,1.0,1.0,1.0,1.0,1.0,-0.2047934763040529,1.0,-0.34529356665999766,-0.110948666552359,-0.36800126289786367,-0.34529356665999766,1.0,-0.16453780689417596,0.17655761581889184,-0.110948666552359,-0.16453780689417596,1.0,-0.41653717063881296,-0.36800126289786367,0.17655761581889184,-0.41653717063881296,1.0,1.0,1.0,1.0,1.0,0.4062432050704956,3.7019947804201667,1.0,1.284622781416949,0.39334478974342346,0.25505563616752625,0.2453475296497345,0.10625211894512177,0.8700980392156863,1.0,0.0,0.2946147221642045,0.75
