method,val_acc_last_mean,val_acc_last_std,val_loss_last_mean,val_loss_last_std
baseline,0.7501805054151625,0.01929298081716591,1.472010948064336,0.16173446506795783
cagrad,0.7306859205776173,0.02893496737835937,1.6622467633385287,0.2238887694976057
ours,0.683754512635379,0.08294140349905776,1.4766475199844638,0.49368356641038147
