{
  "baseline": {
    "num_common_steps": 20,
    "seeds": [
      2,
      3,
      5,
      7,
      11
    ],
    "steps": [
      50,
      100,
      150,
      200,
      250,
      300,
      350,
      400,
      450,
      500,
      550,
      600,
      650,
      700,
      750,
      800,
      850,
      900,
      950,
      1000
    ],
    "train_acc_last_mean": 0.9861847389558234,
    "train_acc_last_std": 0.004329905854439705,
    "train_loss_last_mean": 0.06007677044876356,
    "train_loss_last_std": 0.025397476369199538,
    "val_acc_last_mean": 0.7501805054151625,
    "val_acc_last_std": 0.01929298081716591,
    "val_loss_last_mean": 1.472010948064336,
    "val_loss_last_std": 0.16173446506795783
  },
  "cagrad": {
    "num_common_steps": 20,
    "seeds": [
      2,
      3,
      5,
      7,
      11
    ],
    "steps": [
      50,
      100,
      150,
      200,
      250,
      300,
      350,
      400,
      450,
      500,
      550,
      600,
      650,
      700,
      750,
      800,
      850,
      900,
      950,
      1000
    ],
    "train_acc_last_mean": 0.9839357429718876,
    "train_acc_last_std": 0.011415799520925238,
    "train_loss_last_mean": 0.0771301528030101,
    "train_loss_last_std": 0.05033004017748705,
    "val_acc_last_mean": 0.7306859205776173,
    "val_acc_last_std": 0.02893496737835937,
    "val_loss_last_mean": 1.6622467633385287,
    "val_loss_last_std": 0.2238887694976057
  },
  "ours": {
    "num_common_steps": 20,
    "seeds": [
      2,
      3,
      5,
      7,
      11
    ],
    "steps": [
      50,
      100,
      150,
      200,
      250,
      300,
      350,
      400,
      450,
      500,
      550,
      600,
      650,
      700,
      750,
      800,
      850,
      900,
      950,
      1000
    ],
    "train_acc_last_mean": 0.885301204819277,
    "train_acc_last_std": 0.19200661671474806,
    "train_loss_last_mean": 0.20387801302755598,
    "train_loss_last_std": 0.24883611519665727,
    "val_acc_last_mean": 0.683754512635379,
    "val_acc_last_std": 0.08294140349905776,
    "val_loss_last_mean": 1.4766475199844638,
    "val_loss_last_std": 0.49368356641038147
  }
}