step,train_step_loss,train_acc,train_loss,val_acc,val_loss,avg_intra_expert_coherence,expert_diversity_e0,expert_diversity_e1,expert_diversity_e2,expert_diversity_e3,expert_diversity_mean,expert_purity_e0,expert_purity_e1,expert_purity_e2,expert_purity_e3,expert_purity_mean,inter_expert_similarity,inter_expert_similarity_e0_e0,inter_expert_similarity_e0_e1,inter_expert_similarity_e0_e2,inter_expert_similarity_e0_e3,inter_expert_similarity_e1_e0,inter_expert_similarity_e1_e1,inter_expert_similarity_e1_e2,inter_expert_similarity_e1_e3,inter_expert_similarity_e2_e0,inter_expert_similarity_e2_e1,inter_expert_similarity_e2_e2,inter_expert_similarity_e2_e3,inter_expert_similarity_e3_e0,inter_expert_similarity_e3_e1,inter_expert_similarity_e3_e2,inter_expert_similarity_e3_e3,intra_expert_coherence_e0,intra_expert_coherence_e1,intra_expert_coherence_e2,intra_expert_coherence_e3,load_cv,load_max_min_ratio,overall_task_conflict_cos,router_entropy,router_load_e0,router_load_e1,router_load_e2,router_load_e3,task_acc__glue_rte,task_conflict_t0_t0,task_grad_norm_cv,task_loss__glue_rte,utilization_ratio
50.0,0.6288840174674988,0.6309236947791165,0.6394492037594318,0.5884476534296029,0.6760981703797976,1.0,0.0,0.0,0.0,0.0,0.0,1.0,1.0,1.0,1.0,1.0,0.023372611791368434,1.0,0.0,0.032907426758173326,0.046232959869742817,0.0,1.0,0.0,0.0,0.032907426758173326,0.0,1.0,0.06109528412029447,0.046232959869742817,0.0,0.06109528412029447,1.0,1.0,1.0,1.0,1.0,0.975195586681366,623656988143.9209,1.0,0.6574225219148161,0.06987835466861725,0.0,0.30646464228630066,0.6236569881439209,0.5884476534296029,1.0,0.0,0.6760981703797976,0.5
100.0,0.726537436246872,0.6951807228915663,0.5795874587809429,0.628158844765343,0.639761943784025,1.0,0.0,0.0,0.0,0.0,0.0,1.0,1.0,1.0,1.0,1.0,0.01248305738738848,1.0,0.0,0.0,0.0,0.0,1.0,0.0,0.0,0.0,0.0,1.0,0.07489834432433087,0.0,0.0,0.07489834432433087,1.0,1.0,1.0,1.0,1.0,1.1109570264816284,671108663082.1228,1.0,0.6225412821511499,0.0,0.0,0.3288913667201996,0.6711086630821228,0.628158844765343,1.0,0.0,0.639761943784025,0.5
150.0,0.5807415544986725,0.7710843373493976,0.5099368260170405,0.6606498194945848,0.5872980803251266,1.0,0.0,0.0,0.0,0.0,0.0,1.0,1.0,1.0,1.0,1.0,0.01279662480906142,1.0,0.0,0.0,0.0,0.0,1.0,0.0,0.0,0.0,0.0,1.0,0.07677974885436852,0.0,0.0,0.07677974885436852,1.0,1.0,1.0,1.0,1.0,1.3153185844421387,802089154720.3064,1.0,0.47985122522292156,0.0,0.0,0.1979108303785324,0.8020891547203064,0.6606498194945848,1.0,0.0,0.5872980803251266,0.5
