step,train_step_loss,train_acc,train_loss,val_acc,val_loss,avg_intra_expert_coherence,expert_diversity_e0,expert_diversity_e1,expert_diversity_e2,expert_diversity_e3,expert_diversity_mean,expert_purity_e0,expert_purity_e1,expert_purity_e2,expert_purity_e3,expert_purity_mean,inter_expert_similarity,inter_expert_similarity_e0_e0,inter_expert_similarity_e0_e1,inter_expert_similarity_e0_e2,inter_expert_similarity_e0_e3,inter_expert_similarity_e1_e0,inter_expert_similarity_e1_e1,inter_expert_similarity_e1_e2,inter_expert_similarity_e1_e3,inter_expert_similarity_e2_e0,inter_expert_similarity_e2_e1,inter_expert_similarity_e2_e2,inter_expert_similarity_e2_e3,inter_expert_similarity_e3_e0,inter_expert_similarity_e3_e1,inter_expert_similarity_e3_e2,inter_expert_similarity_e3_e3,intra_expert_coherence_e0,intra_expert_coherence_e1,intra_expert_coherence_e2,intra_expert_coherence_e3,load_cv,load_max_min_ratio,overall_task_conflict_cos,router_entropy,router_load_e0,router_load_e1,router_load_e2,router_load_e3,task_acc__glue_rte,task_conflict_t0_t0,task_grad_norm_cv,task_loss__glue_rte,utilization_ratio
50.0,0.6484995484352112,0.5016064257028112,0.6996263922024996,0.5270758122743683,0.691274008817143,1.0,0.0,0.0,0.0,0.0,0.0,1.0,1.0,1.0,1.0,1.0,0.012317772378193245,1.0,0.0,0.0,0.07390663426915947,0.0,1.0,0.0,0.0,0.0,0.0,1.0,0.0,0.07390663426915947,0.0,0.0,1.0,1.0,1.0,1.0,1.0,1.4270655090652682,859950900077.8198,1.0,0.4050530784827277,0.14004939794540405,0.0,0.0,0.8599509000778198,0.5270758122743683,1.0,0.0,0.691274008817143,0.5
100.0,0.7138295769691467,0.4983935742971888,0.7026464250607368,0.4729241877256318,0.7122306591934628,1.0,0.0,0.0,0.0,0.0,0.0,1.0,1.0,1.0,1.0,1.0,0.028386352731667144,1.0,0.0,0.0,0.0,0.0,1.0,0.0,0.0,0.0,0.0,1.0,0.17031811639000285,0.0,0.0,0.17031811639000285,1.0,1.0,1.0,1.0,1.0,1.607553054252813,945003569126.1292,1.0,0.21297143125361914,0.0,0.0,0.05499623343348503,0.9450035691261292,0.4729241877256318,1.0,0.0,0.7122306591934628,0.25
150.0,0.7139410674571991,0.5016064257028112,0.6962524738449317,0.5270758122743683,0.6903562462992139,1.0,0.0,0.0,0.0,0.0,0.0,1.0,1.0,1.0,1.0,1.0,0.05029242245061946,1.0,0.0,0.0,0.0,0.0,1.0,0.0,0.0,0.0,0.0,1.0,0.30175453470371677,0.0,0.0,0.30175453470371677,1.0,1.0,1.0,1.0,1.0,1.2739114434824654,779027521610.26,1.0,0.528136313607116,0.0,0.0,0.22097262740135193,0.77902752161026,0.5270758122743683,1.0,0.0,0.6903562462992139,0.5
