step,train_step_loss,train_acc,train_loss,val_acc,val_loss,avg_intra_expert_coherence,expert_diversity_e0,expert_diversity_e1,expert_diversity_e2,expert_diversity_e3,expert_diversity_mean,expert_purity_e0,expert_purity_e1,expert_purity_e2,expert_purity_e3,expert_purity_mean,inter_expert_similarity,inter_expert_similarity_e0_e0,inter_expert_similarity_e0_e1,inter_expert_similarity_e0_e2,inter_expert_similarity_e0_e3,inter_expert_similarity_e1_e0,inter_expert_similarity_e1_e1,inter_expert_similarity_e1_e2,inter_expert_similarity_e1_e3,inter_expert_similarity_e2_e0,inter_expert_similarity_e2_e1,inter_expert_similarity_e2_e2,inter_expert_similarity_e2_e3,inter_expert_similarity_e3_e0,inter_expert_similarity_e3_e1,inter_expert_similarity_e3_e2,inter_expert_similarity_e3_e3,intra_expert_coherence_e0,intra_expert_coherence_e1,intra_expert_coherence_e2,intra_expert_coherence_e3,load_cv,load_max_min_ratio,overall_task_conflict_cos,router_entropy,router_load_e0,router_load_e1,router_load_e2,router_load_e3,task_acc__glue_rte,task_conflict_t0_t0,task_grad_norm_cv,task_loss__glue_rte,utilization_ratio
50.0,0.6971046626567841,0.4983935742971888,0.6977673871012835,0.4729241877256318,0.7044471965895759,1.0,0.0,0.0,0.0,0.0,0.0,1.0,1.0,1.0,1.0,1.0,0.015968700617195696,1.0,0.0,0.09581220370317417,0.0,0.0,1.0,0.0,0.0,0.09581220370317417,0.0,1.0,0.0,0.0,0.0,0.0,1.0,1.0,1.0,1.0,1.0,1.2033278699722445,736642718315.1245,1.0,0.5765394630845273,0.7366427183151245,0.0,0.2633574306964874,0.0,0.4729241877256318,1.0,0.0,0.7044471965895759,0.5
100.0,0.7509203851222992,0.4983935742971888,0.6938644400773905,0.4729241877256318,0.6963156594170464,1.0,0.0,0.0,0.0,0.0,0.0,1.0,1.0,1.0,1.0,1.0,0.035955957608897804,1.0,0.0,0.21573574565338682,0.0,0.0,1.0,0.0,0.0,0.21573574565338682,0.0,1.0,0.0,0.0,0.0,0.0,1.0,1.0,1.0,1.0,1.0,1.1133836507797241,673069059848.7854,1.0,0.631983757019043,0.6730690598487854,0.0,0.3269309103488922,0.0,0.4729241877256318,1.0,0.0,0.6963156594170464,0.5
150.0,0.7259290218353271,0.4983935742971888,0.6932542048203639,0.4729241877256318,0.6940674831469854,1.0,0.0,0.0,0.0,0.0,0.0,1.0,1.0,1.0,1.0,1.0,0.017840383469949185,1.0,0.0,0.10704230081969511,0.0,0.0,1.0,0.0,0.0,0.10704230081969511,0.0,1.0,0.0,0.0,0.0,0.0,1.0,1.0,1.0,1.0,1.0,1.544897068763478,916339457035.0647,1.0,0.28762051516921944,0.9163394570350647,0.0,0.08366082608699799,0.0,0.4729241877256318,1.0,0.0,0.6940674831469854,0.25
