step,train_step_loss,train_acc,train_loss,val_acc,val_loss,avg_intra_expert_coherence,expert_diversity_e0,expert_diversity_e1,expert_diversity_e2,expert_diversity_e3,expert_diversity_mean,expert_purity_e0,expert_purity_e1,expert_purity_e2,expert_purity_e3,expert_purity_mean,inter_expert_similarity,inter_expert_similarity_e0_e0,inter_expert_similarity_e0_e1,inter_expert_similarity_e0_e2,inter_expert_similarity_e0_e3,inter_expert_similarity_e1_e0,inter_expert_similarity_e1_e1,inter_expert_similarity_e1_e2,inter_expert_similarity_e1_e3,inter_expert_similarity_e2_e0,inter_expert_similarity_e2_e1,inter_expert_similarity_e2_e2,inter_expert_similarity_e2_e3,inter_expert_similarity_e3_e0,inter_expert_similarity_e3_e1,inter_expert_similarity_e3_e2,inter_expert_similarity_e3_e3,intra_expert_coherence_e0,intra_expert_coherence_e1,intra_expert_coherence_e2,intra_expert_coherence_e3,load_cv,load_max_min_ratio,overall_task_conflict_cos,router_entropy,router_load_e0,router_load_e1,router_load_e2,router_load_e3,task_acc__glue_sst2,task_conflict_t0_t0,task_grad_norm_cv,task_loss__glue_sst2,utilization_ratio
50.0,0.8149630129337311,0.7833375402752825,0.5660416330602418,0.7935779816513762,0.5326578978787769,1.0,0.0,0.0,0.0,0.0,0.0,1.0,1.0,1.0,1.0,1.0,-0.040798855315580446,1.0,0.0,0.0,0.0,0.0,1.0,0.0,0.0,0.0,0.0,1.0,-0.24479313189348267,0.0,0.0,-0.24479313189348267,1.0,1.0,1.0,1.0,1.0,1.0043870210647583,536306798458.09937,1.0,0.6879662980727099,0.0,0.0004728289495687932,0.5363067984580994,0.46322035789489746,0.7935779816513762,1.0,0.0,0.5326578978787769,0.5
100.0,0.5690574944019318,0.8492182511989784,0.39249735898039617,0.801605504587156,0.4809367470443249,1.0,0.0,0.0,0.0,0.0,0.0,1.0,1.0,1.0,1.0,1.0,0.011514197011489742,1.0,0.0,0.0,0.0,0.0,1.0,0.0,0.0,0.0,0.0,1.0,0.06908518206893845,0.0,0.0,0.06908518206893845,1.0,1.0,1.0,1.0,1.0,1.0001065731048584,505163133144.37866,1.0,0.6890834766790408,0.0,0.0,0.5051631331443787,0.49483686685562134,0.801605504587156,1.0,0.0,0.4809367470443249,0.5
150.0,0.6056455820798874,0.8808000118784243,0.29620147609370906,0.8830275229357798,0.28112010820345446,1.0,0.0,0.0,0.0,0.0,0.0,1.0,1.0,1.0,1.0,1.0,-0.033920639121058103,1.0,0.0,0.0,0.0,0.0,1.0,0.0,0.0,0.0,0.0,1.0,-0.2035238347263486,0.0,0.0,-0.2035238347263486,1.0,1.0,1.0,1.0,1.0,1.0000773668289185,515912234783.1726,1.0,0.6867800529943694,0.0,0.00048358039930462837,0.48360419273376465,0.5159122347831726,0.8830275229357798,1.0,0.0,0.28112010820345446,0.5
