step,train_step_loss,train_acc,train_loss,val_acc,val_loss,avg_intra_expert_coherence,expert_diversity_e0,expert_diversity_e1,expert_diversity_e2,expert_diversity_e3,expert_diversity_mean,expert_purity_e0,expert_purity_e1,expert_purity_e2,expert_purity_e3,expert_purity_mean,inter_expert_similarity,inter_expert_similarity_e0_e0,inter_expert_similarity_e0_e1,inter_expert_similarity_e0_e2,inter_expert_similarity_e0_e3,inter_expert_similarity_e1_e0,inter_expert_similarity_e1_e1,inter_expert_similarity_e1_e2,inter_expert_similarity_e1_e3,inter_expert_similarity_e2_e0,inter_expert_similarity_e2_e1,inter_expert_similarity_e2_e2,inter_expert_similarity_e2_e3,inter_expert_similarity_e3_e0,inter_expert_similarity_e3_e1,inter_expert_similarity_e3_e2,inter_expert_similarity_e3_e3,intra_expert_coherence_e0,intra_expert_coherence_e1,intra_expert_coherence_e2,intra_expert_coherence_e3,load_cv,load_max_min_ratio,overall_task_conflict_cos,router_entropy,router_load_e0,router_load_e1,router_load_e2,router_load_e3,task_acc__amazon_polarity,task_acc__glue_sst2,task_acc__yelp_polarity,task_conflict_t0_t0,task_conflict_t0_t1,task_conflict_t0_t2,task_conflict_t1_t0,task_conflict_t1_t1,task_conflict_t1_t2,task_conflict_t2_t0,task_conflict_t2_t1,task_conflict_t2_t2,task_grad_norm_cv,task_loss__amazon_polarity,task_loss__glue_sst2,task_loss__yelp_polarity,utilization_ratio
1.0,0.7966270744800568,0.546875,0.7081719475487868,0.4791666666666667,0.7254099175333977,0.1965016269260714,0.8756381955045168,0.9231383224600112,0.8753118005240549,0.8081169158104947,0.8705513085747694,0.5632981061935425,0.4730651378631592,0.5782377123832703,0.6514695882797241,0.566517636179924,-0.05864850394692331,1.0,0.186743989109715,-0.16646449999169458,-0.04922765726104135,0.186743989109715,1.0,-0.1336720146715077,-0.3432449614983756,-0.16646449999169458,-0.1336720146715077,1.0,0.15397412063136434,-0.04922765726104135,-0.3432449614983756,0.15397412063136434,1.0,0.3853049764707097,-0.0677594754307901,0.4638318636259762,0.004629143038389692,0.2045552134513855,1.8069734449147659,0.20989956512677907,1.358196218808492,0.17495663464069366,0.3161419928073883,0.2400488704442978,0.26885244250297546,0.53125,0.46875,0.4375,1.0,0.09200491730690277,0.35730913583933954,0.09200491730690277,1.0,0.18038464223409484,0.35730913583933954,0.18038464223409484,1.0,0.32723685621354015,0.701245054602623,0.766223132610321,0.708761565387249,1.0
