step,train_step_loss,train_acc,train_loss,val_acc,val_loss,avg_intra_expert_coherence,expert_diversity_e0,expert_diversity_e1,expert_diversity_e2,expert_diversity_e3,expert_diversity_mean,expert_purity_e0,expert_purity_e1,expert_purity_e2,expert_purity_e3,expert_purity_mean,inter_expert_similarity,inter_expert_similarity_e0_e0,inter_expert_similarity_e0_e1,inter_expert_similarity_e0_e2,inter_expert_similarity_e0_e3,inter_expert_similarity_e1_e0,inter_expert_similarity_e1_e1,inter_expert_similarity_e1_e2,inter_expert_similarity_e1_e3,inter_expert_similarity_e2_e0,inter_expert_similarity_e2_e1,inter_expert_similarity_e2_e2,inter_expert_similarity_e2_e3,inter_expert_similarity_e3_e0,inter_expert_similarity_e3_e1,inter_expert_similarity_e3_e2,inter_expert_similarity_e3_e3,intra_expert_coherence_e0,intra_expert_coherence_e1,intra_expert_coherence_e2,intra_expert_coherence_e3,load_cv,load_max_min_ratio,overall_task_conflict_cos,router_entropy,router_load_e0,router_load_e1,router_load_e2,router_load_e3,task_acc__glue_mrpc,task_conflict_t0_t0,task_grad_norm_cv,task_loss__glue_mrpc,utilization_ratio
50.0,0.3584951162338257,0.7600872410032715,0.5083979516573575,0.7401960784313726,0.5009585009314693,1.0,0.0,0.0,0.0,0.0,0.0,1.0,1.0,1.0,1.0,1.0,0.0036881414490072904,1.0,0.0,0.0,0.022128848694043742,0.0,1.0,0.0,0.0,0.0,0.0,1.0,0.0,0.022128848694043742,0.0,0.0,1.0,1.0,1.0,1.0,1.0,1.3975073099136353,845563948154.4495,1.0,0.3747065461733762,0.15256083011627197,0.0,0.001875232788734138,0.8455639481544495,0.7401960784313726,1.0,0.0,0.5009585009314693,0.5
100.0,0.44263899326324463,0.826608505997819,0.4329142665733462,0.8357843137254902,0.4204782892305117,1.0,0.0,0.0,0.0,0.0,0.0,1.0,1.0,1.0,1.0,1.0,-0.0007426311971202547,1.0,0.0,0.0,-0.004455787182721528,0.0,1.0,0.0,0.0,0.0,0.0,1.0,0.0,-0.004455787182721528,0.0,0.0,1.0,1.0,1.0,1.0,1.0,1.0064425468444824,540197372436.52344,1.0,0.683595617612203,0.45980262756347656,0.0,0.0,0.5401973724365234,0.8357843137254902,1.0,0.0,0.4204782892305117,0.5
150.0,0.48023223876953125,0.8557797164667393,0.3570695781027493,0.8578431372549019,0.3594470459681291,1.0,0.0,0.0,0.0,0.0,0.0,1.0,1.0,1.0,1.0,1.0,0.005390445514492006,1.0,0.0,0.0,0.03234267308695204,0.0,1.0,0.0,0.0,0.0,0.0,1.0,0.0,0.03234267308695204,0.0,0.0,1.0,1.0,1.0,1.0,1.0,1.034222960472107,593285262584.6863,1.0,0.6621474483433891,0.4067147672176361,0.0,0.0,0.5932852625846863,0.8578431372549019,1.0,0.0,0.3594470459681291,0.5
