step,train_step_loss,train_acc,train_loss,val_acc,val_loss,avg_intra_expert_coherence,expert_diversity_e0,expert_diversity_e1,expert_diversity_e2,expert_diversity_e3,expert_diversity_mean,expert_purity_e0,expert_purity_e1,expert_purity_e2,expert_purity_e3,expert_purity_mean,inter_expert_similarity,inter_expert_similarity_e0_e0,inter_expert_similarity_e0_e1,inter_expert_similarity_e0_e2,inter_expert_similarity_e0_e3,inter_expert_similarity_e1_e0,inter_expert_similarity_e1_e1,inter_expert_similarity_e1_e2,inter_expert_similarity_e1_e3,inter_expert_similarity_e2_e0,inter_expert_similarity_e2_e1,inter_expert_similarity_e2_e2,inter_expert_similarity_e2_e3,inter_expert_similarity_e3_e0,inter_expert_similarity_e3_e1,inter_expert_similarity_e3_e2,inter_expert_similarity_e3_e3,intra_expert_coherence_e0,intra_expert_coherence_e1,intra_expert_coherence_e2,intra_expert_coherence_e3,load_cv,load_max_min_ratio,overall_task_conflict_cos,router_entropy,router_load_e0,router_load_e1,router_load_e2,router_load_e3,task_acc__glue_rte,task_conflict_t0_t0,task_grad_norm_cv,task_loss__glue_rte,utilization_ratio
50.0,0.6823020279407501,0.4983935742971888,0.6976578751817727,0.4729241877256318,0.7042552729447683,1.0,0.0,0.0,0.0,0.0,0.0,1.0,1.0,1.0,1.0,1.0,0.003187486626852942,1.0,0.0,0.0,0.0,0.0,1.0,0.0,0.019124919761117652,0.0,0.0,1.0,0.0,0.0,0.019124919761117652,0.0,1.0,1.0,1.0,1.0,1.0,1.0054941183917663,537112057209.0149,1.0,0.6903900721443259,0.0,0.46288782358169556,0.0,0.5371120572090149,0.4729241877256318,1.0,0.0,0.7042552729447683,0.5
100.0,0.6905050277709961,0.5016064257028112,0.694888813717243,0.5270758122743683,0.6904073307911555,1.0,0.0,0.0,0.0,0.0,0.0,1.0,1.0,1.0,1.0,1.0,0.005320716686669763,1.0,0.0,0.0,0.0,0.0,1.0,0.0,0.03192430012001858,0.0,0.0,1.0,0.0,0.0,0.03192430012001858,0.0,1.0,1.0,1.0,1.0,1.0,1.0712621212005615,635831892490.387,1.0,0.6557787204907689,0.0,0.635831892490387,0.0,0.3641681373119354,0.5270758122743683,1.0,0.0,0.6904073307911555,0.5
150.0,0.6954426169395447,0.5016064257028112,0.6941899321018121,0.5270758122743683,0.6906589998139275,1.0,0.0,0.0,0.0,0.0,0.0,1.0,1.0,1.0,1.0,1.0,0.006507214698995674,1.0,0.0,0.0,0.0,0.0,1.0,0.0,0.03904328819397404,0.0,0.0,1.0,0.0,0.0,0.03904328819397404,0.0,1.0,1.0,1.0,1.0,1.0,1.0024861094372142,524946212768.5547,1.0,0.6919021003943489,0.0,0.5249462127685547,0.0,0.4750538766384125,0.5270758122743683,1.0,0.0,0.6906589998139275,0.5
