step,train_step_loss,train_acc,train_loss,val_acc,val_loss,avg_intra_expert_coherence,expert_diversity_e0,expert_diversity_e1,expert_diversity_e2,expert_diversity_e3,expert_diversity_mean,expert_purity_e0,expert_purity_e1,expert_purity_e2,expert_purity_e3,expert_purity_mean,inter_expert_similarity,inter_expert_similarity_e0_e0,inter_expert_similarity_e0_e1,inter_expert_similarity_e0_e2,inter_expert_similarity_e0_e3,inter_expert_similarity_e1_e0,inter_expert_similarity_e1_e1,inter_expert_similarity_e1_e2,inter_expert_similarity_e1_e3,inter_expert_similarity_e2_e0,inter_expert_similarity_e2_e1,inter_expert_similarity_e2_e2,inter_expert_similarity_e2_e3,inter_expert_similarity_e3_e0,inter_expert_similarity_e3_e1,inter_expert_similarity_e3_e2,inter_expert_similarity_e3_e3,intra_expert_coherence_e0,intra_expert_coherence_e1,intra_expert_coherence_e2,intra_expert_coherence_e3,load_cv,load_max_min_ratio,overall_task_conflict_cos,router_entropy,router_load_e0,router_load_e1,router_load_e2,router_load_e3,task_acc__glue_rte,task_conflict_t0_t0,task_grad_norm_cv,task_loss__glue_rte,utilization_ratio
50.0,0.6786486208438873,0.5381526104417671,0.689519487397793,0.5379061371841155,0.6940531614753935,1.0,0.0,0.0,0.0,0.0,0.0,1.0,1.0,1.0,1.0,1.0,-0.05824601126883286,1.0,0.0,0.0,0.0,0.0,1.0,0.0,0.0,0.0,0.0,1.0,-0.34947606761299715,0.0,0.0,-0.34947606761299715,1.0,1.0,1.0,1.0,1.0,1.0030867459229675,527800679206.84814,1.0,0.6911027026951098,0.0,0.0,0.5278006792068481,0.4721992611885071,0.5379061371841155,1.0,0.0,0.6940531614753935,0.5
100.0,0.694859504699707,0.5791164658634538,0.6852060876213587,0.5812274368231047,0.690448436472151,1.0,0.0,0.0,0.0,0.0,0.0,1.0,1.0,1.0,1.0,1.0,-0.059860249056185616,1.0,0.0,0.0,0.0,0.0,1.0,0.0,0.0,0.0,0.0,1.0,-0.3591614943371137,0.0,0.0,-0.3591614943371137,1.0,1.0,1.0,1.0,1.0,1.0028209686279297,526575207710.2661,1.0,0.6912070370753319,0.0,0.0,0.5265752077102661,0.4734248220920563,0.5812274368231047,1.0,0.0,0.690448436472151,0.5
150.0,0.6578315794467926,0.5313253012048192,0.6814597027806135,0.5342960288808665,0.6817252453830507,1.0,0.0,0.0,0.0,0.0,0.0,1.0,1.0,1.0,1.0,1.0,-0.06757970892923866,1.0,0.0,0.0,0.0,0.0,1.0,0.0,0.0,0.0,0.0,1.0,-0.405478253575432,0.0,0.0,-0.405478253575432,1.0,1.0,1.0,1.0,1.0,1.0023481845855713,524243116378.7842,1.0,0.6912937138485133,0.0,0.0,0.5242431163787842,0.4757568836212158,0.5342960288808665,1.0,0.0,0.6817252453830507,0.5
