step,train_step_loss,train_acc,train_loss,val_acc,val_loss,avg_intra_expert_coherence,expert_diversity_e0,expert_diversity_e1,expert_diversity_e2,expert_diversity_e3,expert_diversity_mean,expert_purity_e0,expert_purity_e1,expert_purity_e2,expert_purity_e3,expert_purity_mean,inter_expert_similarity,inter_expert_similarity_e0_e0,inter_expert_similarity_e0_e1,inter_expert_similarity_e0_e2,inter_expert_similarity_e0_e3,inter_expert_similarity_e1_e0,inter_expert_similarity_e1_e1,inter_expert_similarity_e1_e2,inter_expert_similarity_e1_e3,inter_expert_similarity_e2_e0,inter_expert_similarity_e2_e1,inter_expert_similarity_e2_e2,inter_expert_similarity_e2_e3,inter_expert_similarity_e3_e0,inter_expert_similarity_e3_e1,inter_expert_similarity_e3_e2,inter_expert_similarity_e3_e3,intra_expert_coherence_e0,intra_expert_coherence_e1,intra_expert_coherence_e2,intra_expert_coherence_e3,load_cv,load_max_min_ratio,overall_task_conflict_cos,router_entropy,router_load_e0,router_load_e1,router_load_e2,router_load_e3,task_acc__glue_rte,task_conflict_t0_t0,task_grad_norm_cv,task_loss__glue_rte,utilization_ratio
50.0,0.636041671037674,0.5016064257028112,0.6908711827718295,0.5270758122743683,0.6856278330087662,1.0,0.0,0.0,0.0,0.0,0.0,1.0,1.0,1.0,1.0,1.0,0.002609101434685089,1.0,0.0,0.015654608608110535,0.0,0.0,1.0,0.0,0.0,0.015654608608110535,0.0,1.0,0.0,0.0,0.0,0.0,1.0,1.0,1.0,1.0,1.0,1.0722037000777542,642753660678.8635,1.0,0.6510997885831427,0.35249149799346924,0.0,0.6427536606788635,0.004754779394716024,0.5270758122743683,1.0,0.0,0.6856278330087662,0.5
100.0,0.6547536253929138,0.6522088353413654,0.6252091669501402,0.5956678700361011,0.657155368063185,1.0,0.0,0.0,0.0,0.0,0.0,1.0,1.0,1.0,1.0,1.0,0.0041701066027157,1.0,0.0,0.0250206396162942,0.0,0.0,1.0,0.0,0.0,0.0250206396162942,0.0,1.0,0.0,0.0,0.0,0.0,1.0,1.0,1.0,1.0,1.0,1.0132046937942505,557645022869.1101,1.0,0.6824621525912509,0.4423550069332123,0.0,0.5576450228691101,0.0,0.5956678700361011,1.0,0.0,0.657155368063185,0.5
150.0,0.6339116096496582,0.6738955823293172,0.622944324845687,0.6173285198555957,0.6561643713050418,1.0,0.0,0.0,0.0,0.0,0.0,1.0,1.0,1.0,1.0,1.0,0.0061091878634392345,1.0,0.0,0.0,0.0,0.0,1.0,0.036655127180635405,0.0,0.0,0.036655127180635405,1.0,0.0,0.0,0.0,0.0,1.0,1.0,1.0,1.0,1.0,0.9711059962384705,518822371959.6863,1.0,0.6871037750037569,0.01606808602809906,0.465109646320343,0.5188223719596863,0.0,0.6173285198555957,1.0,0.0,0.6561643713050418,0.5
