step,train_step_loss,train_acc,train_loss,val_acc,val_loss,avg_intra_expert_coherence,expert_diversity_e0,expert_diversity_e1,expert_diversity_e2,expert_diversity_e3,expert_diversity_mean,expert_purity_e0,expert_purity_e1,expert_purity_e2,expert_purity_e3,expert_purity_mean,inter_expert_similarity,inter_expert_similarity_e0_e0,inter_expert_similarity_e0_e1,inter_expert_similarity_e0_e2,inter_expert_similarity_e0_e3,inter_expert_similarity_e1_e0,inter_expert_similarity_e1_e1,inter_expert_similarity_e1_e2,inter_expert_similarity_e1_e3,inter_expert_similarity_e2_e0,inter_expert_similarity_e2_e1,inter_expert_similarity_e2_e2,inter_expert_similarity_e2_e3,inter_expert_similarity_e3_e0,inter_expert_similarity_e3_e1,inter_expert_similarity_e3_e2,inter_expert_similarity_e3_e3,intra_expert_coherence_e0,intra_expert_coherence_e1,intra_expert_coherence_e2,intra_expert_coherence_e3,load_cv,load_max_min_ratio,overall_task_conflict_cos,router_entropy,router_load_e0,router_load_e1,router_load_e2,router_load_e3,task_acc__glue_mrpc,task_conflict_t0_t0,task_grad_norm_cv,task_loss__glue_mrpc,utilization_ratio
50.0,0.5439371168613434,0.7104689203925845,0.5564363189041615,0.7181372549019608,0.5514493650541856,1.0,0.0,0.0,0.0,0.0,0.0,1.0,1.0,1.0,1.0,1.0,0.0033319246614652936,1.0,0.01999154796879176,0.0,0.0,0.01999154796879176,1.0,0.0,0.0,0.0,0.0,1.0,0.0,0.0,0.0,0.0,1.0,1.0,1.0,1.0,1.0,1.0743992328643799,640446841716.7664,1.0,0.6446196027830535,0.6404468417167664,0.35834312438964844,0.0,0.0012100456515327096,0.7181372549019608,1.0,0.0,0.5514493650541856,0.5
100.0,0.5526102781295776,0.8298800436205016,0.41324741004601767,0.8137254901960784,0.4277524028259974,1.0,0.0,0.0,0.0,0.0,0.0,1.0,1.0,1.0,1.0,1.0,0.003341100138122105,1.0,0.02004660082873263,0.0,0.0,0.02004660082873263,1.0,0.0,0.0,0.0,0.0,1.0,0.0,0.0,0.0,0.0,1.0,1.0,1.0,1.0,1.0,1.0794158076543579,558.1020683217876,1.0,0.6195642655971003,0.6504068374633789,0.3438505232334137,0.0045771789737045765,0.0011653904803097248,0.8137254901960784,1.0,0.0,0.4277524028259974,0.5
150.0,0.7046396136283875,0.8454198473282443,0.41515611021010124,0.8431372549019608,0.42080170360322183,1.0,0.0,0.0,0.0,0.0,0.0,1.0,1.0,1.0,1.0,1.0,0.013597394147082454,1.0,0.08158436488249472,0.0,0.0,0.08158436488249472,1.0,0.0,0.0,0.0,0.0,1.0,0.0,0.0,0.0,0.0,1.0,1.0,1.0,1.0,1.0,1.192335866968139,729582369327.5452,1.0,0.5470759360229268,0.7295823693275452,0.27041754126548767,0.0,0.0,0.8431372549019608,1.0,0.0,0.42080170360322183,0.5
