step,train_step_loss,train_acc,train_loss,val_acc,val_loss,alignment_reward,l_conflict,l_conflict_e0,l_conflict_e1,l_conflict_e2,l_conflict_e3,router_conflict_grad_l2,router_entropy,router_load_e0,router_load_e1,router_load_e2,router_load_e3
5.0,0.5163581371307373,0.7292802617230099,0.5502531029607939,0.7107843137254902,0.5527410644751328,0.017012841999530792,-0.017012841999530792,-0.000849959731567651,-0.009817752987146378,-0.004594653844833374,-0.0017504761926829815,0.0,1.2855759929208195,0.12873978912830353,0.3963097631931305,0.3035558760166168,0.17139458656311035
