step,train_step_loss,train_acc,train_loss,val_acc,val_loss,avg_intra_expert_coherence,expert_diversity_e0,expert_diversity_e1,expert_diversity_e2,expert_diversity_e3,expert_diversity_mean,expert_purity_e0,expert_purity_e1,expert_purity_e2,expert_purity_e3,expert_purity_mean,inter_expert_similarity,inter_expert_similarity_e0_e0,inter_expert_similarity_e0_e1,inter_expert_similarity_e0_e2,inter_expert_similarity_e0_e3,inter_expert_similarity_e1_e0,inter_expert_similarity_e1_e1,inter_expert_similarity_e1_e2,inter_expert_similarity_e1_e3,inter_expert_similarity_e2_e0,inter_expert_similarity_e2_e1,inter_expert_similarity_e2_e2,inter_expert_similarity_e2_e3,inter_expert_similarity_e3_e0,inter_expert_similarity_e3_e1,inter_expert_similarity_e3_e2,inter_expert_similarity_e3_e3,intra_expert_coherence_e0,intra_expert_coherence_e1,intra_expert_coherence_e2,intra_expert_coherence_e3,load_cv,load_max_min_ratio,overall_task_conflict_cos,router_entropy,router_load_e0,router_load_e1,router_load_e2,router_load_e3,task_acc__glue_rte,task_conflict_t0_t0,task_grad_norm_cv,task_loss__glue_rte,utilization_ratio
50.0,0.6252437233924866,0.5016064257028112,0.6963016011393988,0.5270758122743683,0.6886621117591858,1.0,0.0,0.0,0.0,0.0,0.0,1.0,1.0,1.0,1.0,1.0,0.011383161061522235,1.0,0.0,0.06829896636913341,0.0,0.0,1.0,0.0,0.0,0.06829896636913341,0.0,1.0,0.0,0.0,0.0,0.0,1.0,1.0,1.0,1.0,1.0,1.0026506182371833,525759398937.22534,1.0,0.6914781577320306,0.5257593989372253,0.0,0.4742406904697418,0.0,0.5270758122743683,1.0,0.0,0.6886621117591858,0.5
100.0,0.6692631244659424,0.6176706827309237,0.6620486343518281,0.5848375451263538,0.6749122672610812,1.0,0.0,0.0,0.0,0.0,0.0,1.0,1.0,1.0,1.0,1.0,0.015028973546664914,1.0,0.0,0.024445388583055946,0.13082111197200294,0.0,1.0,0.0,0.0,0.024445388583055946,0.0,1.0,-0.06509265927506941,0.13082111197200294,0.0,-0.06509265927506941,1.0,1.0,1.0,1.0,1.0,0.9964569211006165,536074161529.541,1.0,0.6899197377022424,0.536074161529541,0.0,0.459166020154953,0.004759789444506168,0.5848375451263538,1.0,0.0,0.6749122672610812,0.5
150.0,0.645064502954483,0.6779116465863454,0.6498530824979146,0.6389891696750902,0.6658064905140135,1.0,0.0,0.0,0.0,0.0,0.0,1.0,1.0,1.0,1.0,1.0,0.006712774590795546,1.0,0.0,0.040276647544773274,0.0,0.0,1.0,0.0,0.0,0.040276647544773274,0.0,1.0,0.0,0.0,0.0,0.0,1.0,1.0,1.0,1.0,1.0,1.002392053318971,524469137191.77246,1.0,0.6915754927624864,0.5244691371917725,0.0,0.4755309522151947,0.0,0.6389891696750902,1.0,0.0,0.6658064905140135,0.5
