step,train_step_loss,train_acc,train_loss,val_acc,val_loss,avg_intra_expert_coherence,expert_diversity_e0,expert_diversity_e1,expert_diversity_e2,expert_diversity_e3,expert_diversity_mean,expert_purity_e0,expert_purity_e1,expert_purity_e2,expert_purity_e3,expert_purity_mean,inter_expert_similarity,inter_expert_similarity_e0_e0,inter_expert_similarity_e0_e1,inter_expert_similarity_e0_e2,inter_expert_similarity_e0_e3,inter_expert_similarity_e1_e0,inter_expert_similarity_e1_e1,inter_expert_similarity_e1_e2,inter_expert_similarity_e1_e3,inter_expert_similarity_e2_e0,inter_expert_similarity_e2_e1,inter_expert_similarity_e2_e2,inter_expert_similarity_e2_e3,inter_expert_similarity_e3_e0,inter_expert_similarity_e3_e1,inter_expert_similarity_e3_e2,inter_expert_similarity_e3_e3,intra_expert_coherence_e0,intra_expert_coherence_e1,intra_expert_coherence_e2,intra_expert_coherence_e3,load_cv,load_max_min_ratio,overall_task_conflict_cos,router_entropy,router_load_e0,router_load_e1,router_load_e2,router_load_e3,task_acc__glue_mrpc,task_conflict_t0_t0,task_grad_norm_cv,task_loss__glue_mrpc,utilization_ratio
50.0,0.49458765983581543,0.7205561613958561,0.522700575771539,0.7156862745098039,0.5240886429181466,1.0,0.0,0.0,0.0,0.0,0.0,1.0,1.0,1.0,1.0,1.0,-0.000960043274994011,1.0,0.0,-0.005760259649964066,0.0,0.0,1.0,0.0,0.0,-0.005760259649964066,0.0,1.0,0.0,0.0,0.0,0.0,1.0,1.0,1.0,1.0,1.0,1.0692907571792603,633876144886.0168,1.0,0.6554702999545079,0.36612388491630554,0.0,0.6338761448860168,0.0,0.7156862745098039,1.0,0.0,0.5240886429181466,0.5
100.0,0.5260855555534363,0.8377862595419847,0.4047230715337007,0.8235294117647058,0.40847832652238697,1.0,0.0,0.0,0.0,0.0,0.0,1.0,1.0,1.0,1.0,1.0,-0.02897077302105452,1.0,0.0,-0.17382463812632712,0.0,0.0,1.0,0.0,0.0,-0.17382463812632712,0.0,1.0,0.0,0.0,0.0,0.0,1.0,1.0,1.0,1.0,1.0,1.0821460485458374,646219015121.46,1.0,0.646656450103311,0.3537810146808624,0.0,0.64621901512146,0.0,0.8235294117647058,1.0,0.0,0.40847832652238697,0.5
150.0,0.6530401706695557,0.8636859323882224,0.336032646594812,0.8504901960784313,0.34503217664762187,1.0,0.0,0.0,0.0,0.0,0.0,1.0,1.0,1.0,1.0,1.0,0.08157514243980148,1.0,-0.07687784595159325,0.008118212403531912,0.0,-0.07687784595159325,1.0,0.5582104881868702,0.0,0.008118212403531912,0.5582104881868702,1.0,0.0,0.0,0.0,0.0,1.0,1.0,1.0,1.0,1.0,1.084445595741272,666587293148.0408,1.0,0.6319246292114258,0.3151734173297882,0.018239326775074005,0.6665872931480408,0.0,0.8504901960784313,1.0,0.0,0.34503217664762187,0.5
