step,train_step_loss,train_acc,train_loss,val_acc,val_loss,avg_intra_expert_coherence,expert_diversity_e0,expert_diversity_e1,expert_diversity_e2,expert_diversity_e3,expert_diversity_mean,expert_purity_e0,expert_purity_e1,expert_purity_e2,expert_purity_e3,expert_purity_mean,inter_expert_similarity,inter_expert_similarity_e0_e0,inter_expert_similarity_e0_e1,inter_expert_similarity_e0_e2,inter_expert_similarity_e0_e3,inter_expert_similarity_e1_e0,inter_expert_similarity_e1_e1,inter_expert_similarity_e1_e2,inter_expert_similarity_e1_e3,inter_expert_similarity_e2_e0,inter_expert_similarity_e2_e1,inter_expert_similarity_e2_e2,inter_expert_similarity_e2_e3,inter_expert_similarity_e3_e0,inter_expert_similarity_e3_e1,inter_expert_similarity_e3_e2,inter_expert_similarity_e3_e3,intra_expert_coherence_e0,intra_expert_coherence_e1,intra_expert_coherence_e2,intra_expert_coherence_e3,load_cv,load_max_min_ratio,overall_task_conflict_cos,router_entropy,router_load_e0,router_load_e1,router_load_e2,router_load_e3,task_acc__glue_rte,task_conflict_t0_t0,task_grad_norm_cv,task_loss__glue_rte,utilization_ratio
50.0,0.6873340904712677,0.4983935742971888,0.7112119707923669,0.4729241877256318,0.7246688505013784,1.0,0.0,0.0,0.0,0.0,0.0,1.0,1.0,1.0,1.0,1.0,0.01519104588990134,1.0,0.0,0.0,0.0,0.0,1.0,0.09114627533940804,0.0,0.0,0.09114627533940804,1.0,0.0,0.0,0.0,0.0,1.0,1.0,1.0,1.0,1.0,1.1863059956747282,725643813610.0769,1.0,0.5875433067982808,0.0,0.7256438136100769,0.2743558883666992,0.0,0.4729241877256318,1.0,0.0,0.7246688505013784,0.5
100.0,0.6987711787223816,0.4983935742971888,0.6932587349261993,0.4729241877256318,0.6940930386384329,1.0,0.0,0.0,0.0,0.0,0.0,1.0,1.0,1.0,1.0,1.0,0.018732125770277098,1.0,0.0,0.1123927546216626,0.0,0.0,1.0,0.0,0.0,0.1123927546216626,0.0,1.0,0.0,0.0,0.0,0.0,1.0,1.0,1.0,1.0,1.0,1.0011129377945736,516685426235.199,1.0,0.6925902960532839,0.516685426235199,0.0,0.4833146929740906,0.0,0.4729241877256318,1.0,0.0,0.6940930386384329,0.5
150.0,0.7465976774692535,0.4983935742971888,0.6985542841446705,0.4729241877256318,0.705717972583241,1.0,0.0,0.0,0.0,0.0,0.0,1.0,1.0,1.0,1.0,1.0,-0.004021708672794903,1.0,0.0,0.0,0.0,0.0,1.0,0.0,-0.024130252036769415,0.0,0.0,1.0,0.0,0.0,-0.024130252036769415,0.0,1.0,1.0,1.0,1.0,1.0,1.165575445088585,711709380149.8413,1.0,0.6006142507821645,0.0,0.7117093801498413,0.0,0.28829094767570496,0.4729241877256318,1.0,0.0,0.705717972583241,0.5
