step,train_step_loss,train_acc,train_loss,val_acc,val_loss,avg_intra_expert_coherence,expert_diversity_e0,expert_diversity_e1,expert_diversity_e2,expert_diversity_e3,expert_diversity_mean,expert_purity_e0,expert_purity_e1,expert_purity_e2,expert_purity_e3,expert_purity_mean,inter_expert_similarity,inter_expert_similarity_e0_e0,inter_expert_similarity_e0_e1,inter_expert_similarity_e0_e2,inter_expert_similarity_e0_e3,inter_expert_similarity_e1_e0,inter_expert_similarity_e1_e1,inter_expert_similarity_e1_e2,inter_expert_similarity_e1_e3,inter_expert_similarity_e2_e0,inter_expert_similarity_e2_e1,inter_expert_similarity_e2_e2,inter_expert_similarity_e2_e3,inter_expert_similarity_e3_e0,inter_expert_similarity_e3_e1,inter_expert_similarity_e3_e2,inter_expert_similarity_e3_e3,intra_expert_coherence_e0,intra_expert_coherence_e1,intra_expert_coherence_e2,intra_expert_coherence_e3,load_cv,load_max_min_ratio,overall_task_conflict_cos,router_entropy,router_load_e0,router_load_e1,router_load_e2,router_load_e3,task_acc__glue_rte,task_conflict_t0_t0,task_grad_norm_cv,task_loss__glue_rte,utilization_ratio
50.0,0.7857300043106079,0.4983935742971888,0.7122939956493867,0.4729241877256318,0.7257780333360037,1.0,0.0,0.0,0.0,0.0,0.0,1.0,1.0,1.0,1.0,1.0,-0.03772872274730898,1.0,0.0,0.0,0.0,0.0,1.0,0.0,-0.22637233648385388,0.0,0.0,1.0,0.0,0.0,-0.22637233648385388,0.0,1.0,1.0,1.0,1.0,1.0,1.7305792020370478,999362885951.9958,1.0,0.005327094494220582,0.0,0.0006373818614520133,0.0,0.9993628859519958,0.4729241877256318,1.0,0.0,0.7257780333360037,0.25
100.0,0.7240206897258759,0.4983935742971888,0.7052601097485958,0.4729241877256318,0.716120547718472,1.0,0.0,0.0,0.0,0.0,0.0,1.0,1.0,1.0,1.0,1.0,0.023178847064980964,1.0,0.0,0.0,0.0,0.0,1.0,0.0,0.0,0.0,0.0,1.0,0.13907308238988578,0.0,0.0,0.13907308238988578,1.0,1.0,1.0,1.0,1.0,1.5998080730895823,941501319408.4167,1.0,0.22281715413723613,0.0,0.0,0.05849894881248474,0.9415013194084167,0.4729241877256318,1.0,0.0,0.716120547718472,0.25
150.0,0.7155588865280151,0.5016064257028112,0.6933073827471489,0.5270758122743683,0.6917717158794403,1.0,0.0,0.0,0.0,0.0,0.0,1.0,1.0,1.0,1.0,1.0,-0.06575479234593815,1.0,0.0,0.0,0.0,0.0,1.0,0.0,0.0,0.0,0.0,1.0,-0.3945287540756289,0.0,0.0,-0.3945287540756289,1.0,1.0,1.0,1.0,1.0,1.0002957582473755,508598268032.074,1.0,0.6929993087203924,0.0,0.0,0.508598268032074,0.4914017617702484,0.5270758122743683,1.0,0.0,0.6917717158794403,0.5
