step,train_step_loss,train_acc,train_loss,val_acc,val_loss,alignment_reward,l_conflict,l_conflict_e0,l_conflict_e1,l_conflict_e2,l_conflict_e3,router_conflict_grad_l2,router_entropy,router_load_e0,router_load_e1,router_load_e2,router_load_e3
5.0,0.6893334488073987,0.6295201712485046,0.6500583073783529,0.619275602163753,0.6598029670292639,0.14502106606960297,-0.14502106606960297,-0.04350413754582405,-0.017958451062440872,-0.0593937449157238,-0.024164732545614243,0.0,1.2202486307532698,0.29266032576560974,0.11795579642057419,0.4566214978694916,0.13276250660419464
