step,train_step_loss,train_acc,train_loss,val_acc,val_loss,avg_intra_expert_coherence,expert_diversity_e0,expert_diversity_e1,expert_diversity_e2,expert_diversity_e3,expert_diversity_mean,expert_purity_e0,expert_purity_e1,expert_purity_e2,expert_purity_e3,expert_purity_mean,inter_expert_similarity,inter_expert_similarity_e0_e0,inter_expert_similarity_e0_e1,inter_expert_similarity_e0_e2,inter_expert_similarity_e0_e3,inter_expert_similarity_e1_e0,inter_expert_similarity_e1_e1,inter_expert_similarity_e1_e2,inter_expert_similarity_e1_e3,inter_expert_similarity_e2_e0,inter_expert_similarity_e2_e1,inter_expert_similarity_e2_e2,inter_expert_similarity_e2_e3,inter_expert_similarity_e3_e0,inter_expert_similarity_e3_e1,inter_expert_similarity_e3_e2,inter_expert_similarity_e3_e3,intra_expert_coherence_e0,intra_expert_coherence_e1,intra_expert_coherence_e2,intra_expert_coherence_e3,load_cv,load_max_min_ratio,overall_task_conflict_cos,router_entropy,router_load_e0,router_load_e1,router_load_e2,router_load_e3,task_acc__glue_rte,task_conflict_t0_t0,task_grad_norm_cv,task_loss__glue_rte,utilization_ratio
50.0,0.5954177677631378,0.5028112449799197,0.6855074422481733,0.5270758122743683,0.6821850472026401,1.0,0.0,0.0,0.0,0.0,0.0,1.0,1.0,1.0,1.0,1.0,0.005032614506148814,1.0,0.0,0.0,0.0,0.0,1.0,0.0,0.030195687036892887,0.0,0.0,1.0,0.0,0.0,0.030195687036892887,0.0,1.0,1.0,1.0,1.0,1.0,1.0008279084172358,530931174755.09644,1.0,0.6905975152439159,0.0,0.5309311747550964,0.0016037005698308349,0.46746522188186646,0.5270758122743683,1.0,0.0,0.6821850472026401,0.5
100.0,0.6710879802703857,0.6811244979919678,0.6522601001537763,0.6389891696750902,0.6611506723695331,1.0,0.0,0.0,0.0,0.0,0.0,1.0,1.0,1.0,1.0,1.0,0.006892533680084225,1.0,0.0,0.0,0.0,0.0,1.0,0.0,0.04135520208050535,0.0,0.0,1.0,0.0,0.0,0.04135520208050535,0.0,1.0,1.0,1.0,1.0,1.0,1.0262443438914026,581530213356.0181,1.0,0.679228540792362,0.0,0.41846972703933716,0.0,0.5815302133560181,0.6389891696750902,1.0,0.0,0.6611506723695331,0.5
150.0,0.6676662266254425,0.6971887550200804,0.6328057650190134,0.6606498194945848,0.6439522438579135,1.0,0.0,0.0,0.0,0.0,0.0,1.0,1.0,1.0,1.0,1.0,0.002790234965796837,1.0,0.0,0.0,0.0,0.0,1.0,0.0,0.01674140979478102,0.0,0.0,1.0,0.0,0.0,0.01674140979478102,0.0,1.0,1.0,1.0,1.0,1.0,1.0100094079971313,550148308277.1301,1.0,0.6751484879517814,0.0,0.5501483082771301,0.0,0.44985175132751465,0.6606498194945848,1.0,0.0,0.6439522438579135,0.5
