step,train_step_loss,train_acc,train_loss,val_acc,val_loss,avg_intra_expert_coherence,expert_diversity_e0,expert_diversity_e1,expert_diversity_e2,expert_diversity_e3,expert_diversity_mean,expert_purity_e0,expert_purity_e1,expert_purity_e2,expert_purity_e3,expert_purity_mean,inter_expert_similarity,inter_expert_similarity_e0_e0,inter_expert_similarity_e0_e1,inter_expert_similarity_e0_e2,inter_expert_similarity_e0_e3,inter_expert_similarity_e1_e0,inter_expert_similarity_e1_e1,inter_expert_similarity_e1_e2,inter_expert_similarity_e1_e3,inter_expert_similarity_e2_e0,inter_expert_similarity_e2_e1,inter_expert_similarity_e2_e2,inter_expert_similarity_e2_e3,inter_expert_similarity_e3_e0,inter_expert_similarity_e3_e1,inter_expert_similarity_e3_e2,inter_expert_similarity_e3_e3,intra_expert_coherence_e0,intra_expert_coherence_e1,intra_expert_coherence_e2,intra_expert_coherence_e3,load_cv,load_max_min_ratio,overall_task_conflict_cos,router_entropy,router_load_e0,router_load_e1,router_load_e2,router_load_e3,task_acc__glue_rte,task_conflict_t0_t0,task_grad_norm_cv,task_loss__glue_rte,utilization_ratio
50.0,0.7564152479171753,0.4983935742971888,0.6955878932888692,0.4729241877256318,0.7001902510722479,1.0,0.0,0.0,0.0,0.0,0.0,1.0,1.0,1.0,1.0,1.0,0.010915299766731723,1.0,0.0,0.0,0.0,0.0,1.0,0.0,0.0,0.0,0.0,1.0,0.06549179860039034,0.0,0.0,0.06549179860039034,1.0,1.0,1.0,1.0,1.0,1.0296143328683773,586678624153.1372,1.0,0.6780446023286896,0.0,0.0,0.41332128643989563,0.5866786241531372,0.4729241877256318,1.0,0.0,0.7001902510722479,0.5
100.0,0.6968542337417603,0.4983935742971888,0.6938833788801463,0.4729241877256318,0.6963702870739831,1.0,0.0,0.0,0.0,0.0,0.0,1.0,1.0,1.0,1.0,1.0,0.010674930935785566,1.0,0.0,0.0640495856147134,0.0,0.0,1.0,0.0,0.0,0.0640495856147134,0.0,1.0,0.0,0.0,0.0,0.0,1.0,1.0,1.0,1.0,1.0,1.0068186529658618,541357755661.01074,1.0,0.6897223314223306,0.4586421549320221,0.0,0.5413577556610107,0.0,0.4729241877256318,1.0,0.0,0.6963702870739831,0.5
150.0,0.7067482173442841,0.5016064257028112,0.6959104225803644,0.5270758122743683,0.6903352075152926,1.0,0.0,0.0,0.0,0.0,0.0,1.0,1.0,1.0,1.0,1.0,0.011422426587655285,1.0,0.0,0.0,0.0,0.0,1.0,0.06853455952593171,0.0,0.0,0.06853455952593171,1.0,0.0,0.0,0.0,0.0,1.0,1.0,1.0,1.0,1.0,1.0020571947097778,522689819335.9375,1.0,0.6921171763313376,0.0,0.5226898193359375,0.4773101806640625,0.0,0.5270758122743683,1.0,0.0,0.6903352075152926,0.5
