step,train_step_loss,train_acc,train_loss,val_acc,val_loss,avg_intra_expert_coherence,expert_diversity_e0,expert_diversity_e1,expert_diversity_e2,expert_diversity_e3,expert_diversity_mean,expert_purity_e0,expert_purity_e1,expert_purity_e2,expert_purity_e3,expert_purity_mean,inter_expert_similarity,inter_expert_similarity_e0_e0,inter_expert_similarity_e0_e1,inter_expert_similarity_e0_e2,inter_expert_similarity_e0_e3,inter_expert_similarity_e1_e0,inter_expert_similarity_e1_e1,inter_expert_similarity_e1_e2,inter_expert_similarity_e1_e3,inter_expert_similarity_e2_e0,inter_expert_similarity_e2_e1,inter_expert_similarity_e2_e2,inter_expert_similarity_e2_e3,inter_expert_similarity_e3_e0,inter_expert_similarity_e3_e1,inter_expert_similarity_e3_e2,inter_expert_similarity_e3_e3,intra_expert_coherence_e0,intra_expert_coherence_e1,intra_expert_coherence_e2,intra_expert_coherence_e3,load_cv,load_max_min_ratio,overall_task_conflict_cos,router_entropy,router_load_e0,router_load_e1,router_load_e2,router_load_e3,task_acc__glue_rte,task_conflict_t0_t0,task_grad_norm_cv,task_loss__glue_rte,utilization_ratio
50.0,0.6848150491714478,0.4983935742971888,0.6965328464141259,0.4729241877256318,0.7022179315487543,1.0,0.0,0.0,0.0,0.0,0.0,1.0,1.0,1.0,1.0,1.0,0.005157870402803834,1.0,0.0,0.0,0.0,0.0,1.0,0.0,0.0,0.0,0.0,1.0,0.030947222416823003,0.0,0.0,0.030947222416823003,1.0,1.0,1.0,1.0,1.0,1.0101070404052734,550393700599.6704,1.0,0.6880594883584804,0.0,0.0,0.5503937005996704,0.4496062994003296,0.4729241877256318,1.0,0.0,0.7022179315487543,0.5
100.0,0.728997528553009,0.4983935742971888,0.6948110594963416,0.4729241877256318,0.6986713194184833,1.0,0.0,0.0,0.0,0.0,0.0,1.0,1.0,1.0,1.0,1.0,0.004050834304483933,1.0,0.0,0.0,0.0,0.0,1.0,0.0,0.0,0.0,0.0,1.0,0.024305005826903602,0.0,0.0,0.024305005826903602,1.0,1.0,1.0,1.0,1.0,1.0111789690042772,553012967109.6802,1.0,0.6875158733409235,0.0,0.0,0.4469871520996094,0.5530129671096802,0.4729241877256318,1.0,0.0,0.6986713194184833,0.5
150.0,0.7504249215126038,0.4983935742971888,0.6982171543133564,0.4729241877256318,0.7051454683144888,1.0,0.0,0.0,0.0,0.0,0.0,1.0,1.0,1.0,1.0,1.0,0.00711336197429422,1.0,0.0,0.0,0.04268017184576532,0.0,1.0,0.0,0.0,0.0,0.0,1.0,0.0,0.04268017184576532,0.0,0.0,1.0,1.0,1.0,1.0,1.0,1.0612428261331113,625616550445.5566,1.0,0.6612474367506668,0.3743833601474762,0.0,0.0,0.6256165504455566,0.4729241877256318,1.0,0.0,0.7051454683144888,0.5
