step,train_step_loss,train_acc,train_loss,val_acc,val_loss,avg_intra_expert_coherence,expert_diversity_e0,expert_diversity_e1,expert_diversity_e2,expert_diversity_e3,expert_diversity_mean,expert_purity_e0,expert_purity_e1,expert_purity_e2,expert_purity_e3,expert_purity_mean,inter_expert_similarity,inter_expert_similarity_e0_e0,inter_expert_similarity_e0_e1,inter_expert_similarity_e0_e2,inter_expert_similarity_e0_e3,inter_expert_similarity_e1_e0,inter_expert_similarity_e1_e1,inter_expert_similarity_e1_e2,inter_expert_similarity_e1_e3,inter_expert_similarity_e2_e0,inter_expert_similarity_e2_e1,inter_expert_similarity_e2_e2,inter_expert_similarity_e2_e3,inter_expert_similarity_e3_e0,inter_expert_similarity_e3_e1,inter_expert_similarity_e3_e2,inter_expert_similarity_e3_e3,intra_expert_coherence_e0,intra_expert_coherence_e1,intra_expert_coherence_e2,intra_expert_coherence_e3,load_cv,load_max_min_ratio,overall_task_conflict_cos,router_entropy,router_load_e0,router_load_e1,router_load_e2,router_load_e3,task_acc__glue_rte,task_conflict_t0_t0,task_grad_norm_cv,task_loss__glue_rte,utilization_ratio
50.0,0.651701033115387,0.6244979919678715,0.654779467273217,0.5992779783393501,0.6604107734229829,1.0,0.0,0.0,0.0,0.0,0.0,1.0,1.0,1.0,1.0,1.0,0.005008609009831194,1.0,0.0,0.0,0.0,0.0,1.0,0.0,0.0,0.0,0.0,1.0,0.030051654058987163,0.0,0.0,0.030051654058987163,1.0,1.0,1.0,1.0,1.0,1.0891432762145996,655168831348.4192,1.0,0.6427270651724364,0.0,0.002330644289031625,0.3425005376338959,0.6551688313484192,0.5992779783393501,1.0,0.0,0.6604107734229829,0.5
100.0,0.684834212064743,0.665863453815261,0.6365636696800208,0.628158844765343,0.6578444821967019,1.0,0.0,0.0,0.0,0.0,0.0,1.0,1.0,1.0,1.0,1.0,0.006088499394086125,1.0,0.0,0.0,0.0,0.0,1.0,0.0,0.0,0.0,0.0,1.0,0.036530996364516746,0.0,0.0,0.036530996364516746,1.0,1.0,1.0,1.0,1.0,1.0051976442337036,536094129085.5408,1.0,0.6897511671596486,0.0,0.0,0.46390587091445923,0.5360941290855408,0.628158844765343,1.0,0.0,0.6578444821967019,0.5
150.0,0.6241097450256348,0.7473895582329317,0.5929512639267323,0.7003610108303249,0.6240923810336325,1.0,0.0,0.0,0.0,0.0,0.0,1.0,1.0,1.0,1.0,1.0,0.004459301624521156,1.0,0.0,0.0,0.0,0.0,1.0,0.0,0.0,0.0,0.0,1.0,0.026755809747126935,0.0,0.0,0.026755809747126935,1.0,1.0,1.0,1.0,1.0,0.9874280706133758,568598568439.4836,1.0,0.6832801219788699,0.0,0.018983088433742523,0.4124184548854828,0.5685985684394836,0.7003610108303249,1.0,0.0,0.6240923810336325,0.5
