step,train_step_loss,train_acc,train_loss,val_acc,val_loss,avg_intra_expert_coherence,expert_diversity_e0,expert_diversity_e1,expert_diversity_e2,expert_diversity_e3,expert_diversity_mean,expert_purity_e0,expert_purity_e1,expert_purity_e2,expert_purity_e3,expert_purity_mean,inter_expert_similarity,inter_expert_similarity_e0_e0,inter_expert_similarity_e0_e1,inter_expert_similarity_e0_e2,inter_expert_similarity_e0_e3,inter_expert_similarity_e1_e0,inter_expert_similarity_e1_e1,inter_expert_similarity_e1_e2,inter_expert_similarity_e1_e3,inter_expert_similarity_e2_e0,inter_expert_similarity_e2_e1,inter_expert_similarity_e2_e2,inter_expert_similarity_e2_e3,inter_expert_similarity_e3_e0,inter_expert_similarity_e3_e1,inter_expert_similarity_e3_e2,inter_expert_similarity_e3_e3,intra_expert_coherence_e0,intra_expert_coherence_e1,intra_expert_coherence_e2,intra_expert_coherence_e3,load_cv,load_max_min_ratio,overall_task_conflict_cos,router_entropy,router_load_e0,router_load_e1,router_load_e2,router_load_e3,task_acc__glue_mrpc,task_conflict_t0_t0,task_grad_norm_cv,task_loss__glue_mrpc,utilization_ratio
50.0,0.4150865525007248,0.79907306434024,0.4210145070824934,0.7965686274509803,0.412915387405799,1.0,0.0,0.0,0.0,0.0,0.0,1.0,1.0,1.0,1.0,1.0,0.007111218844570113,1.0,-0.06294299439618338,-0.46893125345490017,0.23372257225381488,-0.06294299439618338,1.0,0.17425164687576183,0.2638169972784967,-0.46893125345490017,0.17425164687576183,1.0,-0.09724965548956925,0.23372257225381488,0.2638169972784967,-0.09724965548956925,1.0,1.0,1.0,1.0,1.0,0.07108125514276356,1.2052498045808895,1.0,1.37015369125441,0.2556988298892975,0.2759850025177002,0.2393304407596588,0.2289857268333435,0.7965686274509803,1.0,0.0,0.412915387405799,1.0
100.0,0.4530799388885498,0.8824972737186477,0.28868013981567775,0.8578431372549019,0.3472328331822959,1.0,0.0,0.0,0.0,0.0,0.0,1.0,1.0,1.0,1.0,1.0,-0.027692608292274167,1.0,0.1380390645021365,-0.3402837668215356,-0.04421882969194689,0.1380390645021365,1.0,0.18502362522088564,0.1716474902071616,-0.3402837668215356,0.18502362522088564,1.0,-0.2763632331703462,-0.04421882969194689,0.1716474902071616,-0.2763632331703462,1.0,1.0,1.0,1.0,1.0,0.3908620942666643,2.698893639807072,1.0,1.2654951834211163,0.20487093925476074,0.23022578656673431,0.15272219479084015,0.41218096017837524,0.8578431372549019,1.0,0.0,0.3472328331822959,1.0
