step,train_step_loss,train_acc,train_loss,val_acc,val_loss,avg_intra_expert_coherence,expert_diversity_e0,expert_diversity_e1,expert_diversity_e2,expert_diversity_e3,expert_diversity_mean,expert_purity_e0,expert_purity_e1,expert_purity_e2,expert_purity_e3,expert_purity_mean,inter_expert_similarity,inter_expert_similarity_e0_e0,inter_expert_similarity_e0_e1,inter_expert_similarity_e0_e2,inter_expert_similarity_e0_e3,inter_expert_similarity_e1_e0,inter_expert_similarity_e1_e1,inter_expert_similarity_e1_e2,inter_expert_similarity_e1_e3,inter_expert_similarity_e2_e0,inter_expert_similarity_e2_e1,inter_expert_similarity_e2_e2,inter_expert_similarity_e2_e3,inter_expert_similarity_e3_e0,inter_expert_similarity_e3_e1,inter_expert_similarity_e3_e2,inter_expert_similarity_e3_e3,intra_expert_coherence_e0,intra_expert_coherence_e1,intra_expert_coherence_e2,intra_expert_coherence_e3,load_cv,load_max_min_ratio,overall_task_conflict_cos,router_entropy,router_load_e0,router_load_e1,router_load_e2,router_load_e3,task_acc__glue_mrpc,task_conflict_t0_t0,task_grad_norm_cv,task_loss__glue_mrpc,utilization_ratio
50.0,0.4641387611627579,0.7709923664122137,0.45726108084554257,0.7450980392156863,0.47359181023561037,1.0,0.0,0.0,0.0,0.0,0.0,1.0,1.0,1.0,1.0,1.0,-0.11268368652250481,1.0,-0.35385423838480795,-0.06816414519906742,-0.3327601059967877,-0.35385423838480795,1.0,-0.33225041461465665,0.24952569378781603,-0.06816414519906742,-0.33225041461465665,1.0,0.16140109127247473,-0.3327601059967877,0.24952569378781603,0.16140109127247473,1.0,1.0,1.0,1.0,1.0,0.15390804409980774,1.5014139218641587,1.0,1.3529408118304085,0.3122556209564209,0.2460242509841919,0.2337457835674286,0.207974374294281,0.7450980392156863,1.0,0.0,0.47359181023561037,1.0
100.0,0.3730565309524536,0.8519629225736096,0.3690883111208677,0.8235294117647058,0.3882393722350781,1.0,0.0,0.0,0.0,0.0,0.0,1.0,1.0,1.0,1.0,1.0,0.01993722104625102,1.0,0.015971087472566065,-0.014312408964629616,-0.04866970931742418,0.015971087472566065,1.0,-0.22056495670906717,0.22760014042688811,-0.014312408964629616,-0.22056495670906717,1.0,0.15959917336917293,-0.04866970931742418,0.22760014042688811,0.15959917336917293,1.0,1.0,1.0,1.0,1.0,0.24934573471546173,1.7631850571534804,1.0,1.3313449738072414,0.3571278154850006,0.21600155532360077,0.22432368993759155,0.20254698395729065,0.8235294117647058,1.0,0.0,0.3882393722350781,1.0
