step,train_step_loss,train_acc,train_loss,val_acc,val_loss,avg_intra_expert_coherence,expert_diversity_e0,expert_diversity_e1,expert_diversity_e2,expert_diversity_e3,expert_diversity_mean,expert_purity_e0,expert_purity_e1,expert_purity_e2,expert_purity_e3,expert_purity_mean,inter_expert_similarity,inter_expert_similarity_e0_e0,inter_expert_similarity_e0_e1,inter_expert_similarity_e0_e2,inter_expert_similarity_e0_e3,inter_expert_similarity_e1_e0,inter_expert_similarity_e1_e1,inter_expert_similarity_e1_e2,inter_expert_similarity_e1_e3,inter_expert_similarity_e2_e0,inter_expert_similarity_e2_e1,inter_expert_similarity_e2_e2,inter_expert_similarity_e2_e3,inter_expert_similarity_e3_e0,inter_expert_similarity_e3_e1,inter_expert_similarity_e3_e2,inter_expert_similarity_e3_e3,intra_expert_coherence_e0,intra_expert_coherence_e1,intra_expert_coherence_e2,intra_expert_coherence_e3,load_cv,load_max_min_ratio,overall_task_conflict_cos,router_entropy,router_load_e0,router_load_e1,router_load_e2,router_load_e3,task_acc__glue_mrpc,task_conflict_t0_t0,task_grad_norm_cv,task_loss__glue_mrpc,utilization_ratio
50.0,0.39111410081386566,0.8039803707742639,0.42920087326479994,0.8235294117647058,0.41479078508340395,1.0,0.0,0.0,0.0,0.0,0.0,1.0,1.0,1.0,1.0,1.0,-0.10681065464018014,1.0,-0.28496628628112197,0.3753377576868751,-0.3660709912892415,-0.28496628628112197,1.0,-0.3524249778582264,0.27343281444393075,0.3753377576868751,-0.3524249778582264,1.0,-0.2861722445432968,-0.3660709912892415,0.27343281444393075,-0.2861722445432968,1.0,1.0,1.0,1.0,1.0,0.24342846870422363,1.8763890219649035,1.0,1.3481122605940874,0.34755414724349976,0.21681003272533417,0.2504107654094696,0.1852249950170517,0.8235294117647058,1.0,0.0,0.41479078508340395,1.0
100.0,0.31037354469299316,0.8852235550708834,0.2791455177063851,0.8725490196078431,0.30183072939801675,1.0,0.0,0.0,0.0,0.0,0.0,1.0,1.0,1.0,1.0,1.0,-0.14971226659033746,1.0,-0.5318030760928777,-0.04842264142510252,0.020215325856086055,-0.5318030760928777,1.0,0.039136789053585384,-0.09655567505700052,-0.04842264142510252,0.039136789053585384,1.0,-0.28084432187671554,0.020215325856086055,-0.09655567505700052,-0.28084432187671554,1.0,1.0,1.0,1.0,1.0,0.5225373221956088,3.0451123061233307,1.0,1.2443841041303147,0.47465333342552185,0.1703527271747589,0.19912005960941315,0.1558738350868225,0.8725490196078431,1.0,0.0,0.30183072939801675,1.0
