step,train_step_loss,train_acc,train_loss,val_acc,val_loss,alignment_reward,l_conflict,l_conflict_e0,l_conflict_e1,l_conflict_e2,l_conflict_e3,router_conflict_grad_l2,router_entropy,router_load_e0,router_load_e1,router_load_e2,router_load_e3
5.0,0.6722982525825502,0.6257848630477955,0.6552793972248828,0.6156880373839261,0.6603050201187077,0.14990966022014618,-0.14990966022014618,-0.007677619811147451,-0.052016302943229675,-0.039885275065898895,-0.050330471247434616,0.0,1.2471435285276837,0.07051289081573486,0.3805524706840515,0.3107280433177948,0.23820635676383972
