step,train_step_loss,train_acc,train_loss,val_acc,val_loss,avg_intra_expert_coherence,expert_diversity_e0,expert_diversity_e1,expert_diversity_e2,expert_diversity_e3,expert_diversity_mean,expert_purity_e0,expert_purity_e1,expert_purity_e2,expert_purity_e3,expert_purity_mean,inter_expert_similarity,inter_expert_similarity_e0_e0,inter_expert_similarity_e0_e1,inter_expert_similarity_e0_e2,inter_expert_similarity_e0_e3,inter_expert_similarity_e1_e0,inter_expert_similarity_e1_e1,inter_expert_similarity_e1_e2,inter_expert_similarity_e1_e3,inter_expert_similarity_e2_e0,inter_expert_similarity_e2_e1,inter_expert_similarity_e2_e2,inter_expert_similarity_e2_e3,inter_expert_similarity_e3_e0,inter_expert_similarity_e3_e1,inter_expert_similarity_e3_e2,inter_expert_similarity_e3_e3,intra_expert_coherence_e0,intra_expert_coherence_e1,intra_expert_coherence_e2,intra_expert_coherence_e3,load_cv,load_max_min_ratio,overall_task_conflict_cos,router_entropy,router_load_e0,router_load_e1,router_load_e2,router_load_e3,task_acc__glue_rte,task_conflict_t0_t0,task_grad_norm_cv,task_loss__glue_rte,utilization_ratio
50.0,0.6559457182884216,0.5080321285140562,0.6870245876602638,0.5306859205776173,0.6851984179682202,1.0,0.0,0.0,0.0,0.0,0.0,1.0,1.0,1.0,1.0,1.0,0.020790159027275927,1.0,0.0,0.0,0.0,0.0,1.0,0.12474095416365556,0.0,0.0,0.12474095416365556,1.0,0.0,0.0,0.0,0.0,1.0,1.0,1.0,1.0,1.0,1.0169766575652344,565423071384.4299,1.0,0.6844848484769195,0.0,0.5654230713844299,0.43457674980163574,0.0,0.5306859205776173,1.0,0.0,0.6851984179682202,0.5
100.0,0.70801642537117,0.4983935742971888,0.6994240293900171,0.4729241877256318,0.7071594446897507,1.0,0.0,0.0,0.0,0.0,0.0,1.0,1.0,1.0,1.0,1.0,0.02278493969800319,1.0,0.0,0.0,0.0,0.0,1.0,0.13670963818801915,0.0,0.0,0.13670963818801915,1.0,0.0,0.0,0.0,0.0,1.0,1.0,1.0,1.0,1.0,1.0171689987182617,565795958042.1448,1.0,0.6844638030881917,0.0,0.5657959580421448,0.43420401215553284,0.0,0.4729241877256318,1.0,0.0,0.7071594446897507,0.5
150.0,0.6877975165843964,0.4983935742971888,0.6936779394363746,0.4729241877256318,0.695802746547593,1.0,0.0,0.0,0.0,0.0,0.0,1.0,1.0,1.0,1.0,1.0,0.024773751697343444,1.0,0.0,0.0,0.0,0.0,1.0,0.14864251018406066,0.0,0.0,0.14864251018406066,1.0,0.0,0.0,0.0,0.0,1.0,1.0,1.0,1.0,1.0,1.0090985298156738,547801494598.3887,1.0,0.6885702196871761,0.0,0.5478014945983887,0.4521985352039337,0.0,0.4729241877256318,1.0,0.0,0.695802746547593,0.5
