method,n_seeds,best_mean,best_std,final_mean,final_std,score_mean,score_std
ours,1,0.6838235294117647,0.0,0.6838235294117647,0.0,0.6838235294117647,0.0
cagrad,1,0.6764705882352942,0.0,0.6764705882352942,0.0,0.6764705882352942,0.0
baseline,1,0.5833333333333334,0.0,0.5833333333333334,0.0,0.5833333333333334,0.0
