method,seed,step,router_entropy,router_load_e0,router_load_e1,router_load_e2,router_load_e3
baseline,1,1.0,1.3379877291473687,0.1612493097782135,0.33454087376594543,0.20404140651226044,0.30016839504241943
cagrad,1,1.0,1.2650527673609115,0.25389233231544495,0.1153029203414917,0.43973198533058167,0.1910727471113205
ours,1,1.0,1.1933540409686518,0.23018771409988403,0.508078396320343,0.09393701702356339,0.16779686510562897
