step,train_step_loss,train_acc,train_loss,val_acc,val_loss,avg_intra_expert_coherence,expert_diversity_e0,expert_diversity_e1,expert_diversity_e2,expert_diversity_e3,expert_diversity_mean,expert_purity_e0,expert_purity_e1,expert_purity_e2,expert_purity_e3,expert_purity_mean,inter_expert_similarity,inter_expert_similarity_e0_e0,inter_expert_similarity_e0_e1,inter_expert_similarity_e0_e2,inter_expert_similarity_e0_e3,inter_expert_similarity_e1_e0,inter_expert_similarity_e1_e1,inter_expert_similarity_e1_e2,inter_expert_similarity_e1_e3,inter_expert_similarity_e2_e0,inter_expert_similarity_e2_e1,inter_expert_similarity_e2_e2,inter_expert_similarity_e2_e3,inter_expert_similarity_e3_e0,inter_expert_similarity_e3_e1,inter_expert_similarity_e3_e2,inter_expert_similarity_e3_e3,intra_expert_coherence_e0,intra_expert_coherence_e1,intra_expert_coherence_e2,intra_expert_coherence_e3,load_cv,load_max_min_ratio,overall_task_conflict_cos,router_entropy,router_load_e0,router_load_e1,router_load_e2,router_load_e3,task_acc__glue_rte,task_conflict_t0_t0,task_grad_norm_cv,task_loss__glue_rte,utilization_ratio
50.0,0.6525452733039856,0.5016064257028112,0.6941515648212189,0.5270758122743683,0.6906694769859314,1.0,0.0,0.0,0.0,0.0,0.0,1.0,1.0,1.0,1.0,1.0,0.011153955951601053,1.0,0.0,0.0,0.0,0.0,1.0,0.0,0.06692373570960632,0.0,0.0,1.0,0.0,0.0,0.06692373570960632,0.0,1.0,1.0,1.0,1.0,1.0,1.0619644559600625,626376628875.7324,1.0,0.6608559431151793,0.0,0.6263766288757324,0.0,0.3736233115196228,0.5270758122743683,1.0,0.0,0.6906694769859314,0.5
100.0,0.6900614798069,0.5016064257028112,0.6931917382356448,0.5270758122743683,0.6921769082546234,1.0,0.0,0.0,0.0,0.0,0.0,1.0,1.0,1.0,1.0,1.0,0.010971309768282157,1.0,0.0,0.0,0.0,0.0,1.0,0.0,0.06582785860969294,0.0,0.0,1.0,0.0,0.0,0.06582785860969294,0.0,1.0,1.0,1.0,1.0,1.0,1.0428163434753623,604562044143.6768,1.0,0.671118399726785,0.0,0.6045620441436768,0.0,0.39543789625167847,0.5270758122743683,1.0,0.0,0.6921769082546234,0.5
150.0,0.6947683095932007,0.5044176706827309,0.6931417845762693,0.516245487364621,0.6931434505515628,1.0,0.0,0.0,0.0,0.0,0.0,1.0,1.0,1.0,1.0,1.0,0.01123078459336846,1.0,0.0,0.0,0.0,0.0,1.0,0.0,0.06738470756021075,0.0,0.0,1.0,0.0,0.0,0.06738470756021075,0.0,1.0,1.0,1.0,1.0,1.0,1.0346559244804472,593883633613.5864,1.0,0.6754137419621437,0.0,0.5938836336135864,0.0,0.40611645579338074,0.516245487364621,1.0,0.0,0.6931434505515628,0.5
