step,train_step_loss,train_acc,train_loss,val_acc,val_loss,avg_intra_expert_coherence,expert_diversity_e0,expert_diversity_e1,expert_diversity_e2,expert_diversity_e3,expert_diversity_mean,expert_purity_e0,expert_purity_e1,expert_purity_e2,expert_purity_e3,expert_purity_mean,inter_expert_similarity,inter_expert_similarity_e0_e0,inter_expert_similarity_e0_e1,inter_expert_similarity_e0_e2,inter_expert_similarity_e0_e3,inter_expert_similarity_e1_e0,inter_expert_similarity_e1_e1,inter_expert_similarity_e1_e2,inter_expert_similarity_e1_e3,inter_expert_similarity_e2_e0,inter_expert_similarity_e2_e1,inter_expert_similarity_e2_e2,inter_expert_similarity_e2_e3,inter_expert_similarity_e3_e0,inter_expert_similarity_e3_e1,inter_expert_similarity_e3_e2,inter_expert_similarity_e3_e3,intra_expert_coherence_e0,intra_expert_coherence_e1,intra_expert_coherence_e2,intra_expert_coherence_e3,load_cv,load_max_min_ratio,overall_task_conflict_cos,router_entropy,router_load_e0,router_load_e1,router_load_e2,router_load_e3,task_acc__glue_sst2,task_conflict_t0_t0,task_grad_norm_cv,task_loss__glue_sst2,utilization_ratio
50.0,0.5876514911651611,0.5578256544269403,0.7585604941335257,0.5091743119266054,0.8081319806250659,1.0,0.0,0.0,0.0,0.0,0.0,1.0,1.0,1.0,1.0,1.0,0.03271233920677704,1.0,0.0,0.0,0.19627403524066225,0.0,1.0,0.0,0.0,0.0,0.0,1.0,0.0,0.19627403524066225,0.0,0.0,1.0,1.0,1.0,1.0,1.0,1.4945132404934862,892677783966.0645,1.0,0.3408784866333008,0.8926777839660645,0.0,0.0,0.10732165724039078,0.5091743119266054,1.0,0.0,0.8081319806250659,0.25
100.0,0.6975475549697876,0.44217434557305973,0.756725768075986,0.4908256880733945,0.7313841651786458,1.0,0.0,0.0,0.0,0.0,0.0,1.0,1.0,1.0,1.0,1.0,0.08046714395760325,1.0,0.0,0.48280286374561954,0.0,0.0,1.0,0.0,0.0,0.48280286374561954,0.0,1.0,0.0,0.0,0.0,0.0,1.0,1.0,1.0,1.0,1.0,1.7222706808273083,995758473873.1384,1.0,0.027399884536862373,0.9957584738731384,0.0,0.004240900743752718,0.0,0.4908256880733945,1.0,0.0,0.7313841651786458,0.25
150.0,0.7002075016498566,0.44217434557305973,0.6959635429455945,0.4908256880733945,0.6937982992692427,1.0,0.0,0.0,0.0,0.0,0.0,1.0,1.0,1.0,1.0,1.0,-0.04215454175538111,1.0,0.0,-0.25292725053228665,0.0,0.0,1.0,0.0,0.0,-0.25292725053228665,0.0,1.0,0.0,0.0,0.0,0.0,1.0,1.0,1.0,1.0,1.0,1.581977700112921,933395445346.8323,1.0,0.2447657585144043,0.9333954453468323,0.0,0.06660449504852295,0.0,0.4908256880733945,1.0,0.0,0.6937982992692427,0.25
