step,train_step_loss,train_acc,train_loss,val_acc,val_loss,router_entropy,router_load_e0,router_load_e1,router_load_e2,router_load_e3
30.0,0.7122983485460281,0.6261436229602412,0.6581529335976034,0.6178583888025041,0.670836295498781,0.6708650239225891,0.32094910740852356,0.01939711719751358,0.06704229861497879,0.5926114320755005
50.0,0.6310494740804037,0.6395562897148382,0.6318812755224489,0.6246943135551413,0.6408602427059732,0.6711571535302533,0.3229175806045532,0.025922996923327446,0.05744168907403946,0.5937176942825317
