step,train_step_loss,train_acc,train_loss,val_acc,val_loss,avg_intra_expert_coherence,expert_diversity_e0,expert_diversity_e1,expert_diversity_e2,expert_diversity_e3,expert_diversity_mean,expert_purity_e0,expert_purity_e1,expert_purity_e2,expert_purity_e3,expert_purity_mean,inter_expert_similarity,inter_expert_similarity_e0_e0,inter_expert_similarity_e0_e1,inter_expert_similarity_e0_e2,inter_expert_similarity_e0_e3,inter_expert_similarity_e1_e0,inter_expert_similarity_e1_e1,inter_expert_similarity_e1_e2,inter_expert_similarity_e1_e3,inter_expert_similarity_e2_e0,inter_expert_similarity_e2_e1,inter_expert_similarity_e2_e2,inter_expert_similarity_e2_e3,inter_expert_similarity_e3_e0,inter_expert_similarity_e3_e1,inter_expert_similarity_e3_e2,inter_expert_similarity_e3_e3,intra_expert_coherence_e0,intra_expert_coherence_e1,intra_expert_coherence_e2,intra_expert_coherence_e3,load_cv,load_max_min_ratio,overall_task_conflict_cos,router_entropy,router_load_e0,router_load_e1,router_load_e2,router_load_e3,task_acc__glue_mrpc,task_conflict_t0_t0,task_grad_norm_cv,task_loss__glue_mrpc,utilization_ratio
50.0,0.47198328375816345,0.6744820065430752,0.6372869828472967,0.6838235294117647,0.6295066086145548,1.0,0.0,0.0,0.0,0.0,0.0,1.0,1.0,1.0,1.0,1.0,-0.0007867966578312698,1.0,0.0,0.0,0.0,0.0,1.0,-0.004720779946987619,0.0,0.0,-0.004720779946987619,1.0,0.0,0.0,0.0,0.0,1.0,1.0,1.0,1.0,1.0,1.052471399307251,616025865077.9724,1.0,0.6659761620502845,0.0,0.6160258650779724,0.38397416472435,0.0,0.6838235294117647,1.0,0.0,0.6295066086145548,0.5
100.0,0.7350650429725647,0.6744820065430752,0.6381778246034746,0.6838235294117647,0.6309706585911604,1.0,0.0,0.0,0.0,0.0,0.0,1.0,1.0,1.0,1.0,1.0,0.055350008226979115,1.0,0.0,0.0,0.0,0.0,1.0,0.3321000493618747,0.0,0.0,0.3321000493618747,1.0,0.0,0.0,0.0,0.0,1.0,1.0,1.0,1.0,1.0,1.0866204293679167,650309860706.3293,1.0,0.6472547346470403,0.0,0.6503098607063293,0.34969034790992737,0.0,0.6838235294117647,1.0,0.0,0.6309706585911604,0.5
150.0,0.6595886051654816,0.6744820065430752,0.6343974387516146,0.6838235294117647,0.6288836334760373,1.0,0.0,0.0,0.0,0.0,0.0,1.0,1.0,1.0,1.0,1.0,-0.00632251206825358,1.0,0.0,0.0,0.0,0.0,1.0,0.0,-0.03793507240952148,0.0,0.0,1.0,0.0,0.0,-0.03793507240952148,0.0,1.0,1.0,1.0,1.0,1.0,1.0022610425949097,523788630962.3718,1.0,0.6920149291262907,0.0,0.5237886309623718,0.0,0.47621139883995056,0.6838235294117647,1.0,0.0,0.6288836334760373,0.5
