step,train_step_loss,train_acc,train_loss,val_acc,val_loss,avg_intra_expert_coherence,expert_diversity_e0,expert_diversity_e1,expert_diversity_e2,expert_diversity_e3,expert_diversity_mean,expert_purity_e0,expert_purity_e1,expert_purity_e2,expert_purity_e3,expert_purity_mean,inter_expert_similarity,inter_expert_similarity_e0_e0,inter_expert_similarity_e0_e1,inter_expert_similarity_e0_e2,inter_expert_similarity_e0_e3,inter_expert_similarity_e1_e0,inter_expert_similarity_e1_e1,inter_expert_similarity_e1_e2,inter_expert_similarity_e1_e3,inter_expert_similarity_e2_e0,inter_expert_similarity_e2_e1,inter_expert_similarity_e2_e2,inter_expert_similarity_e2_e3,inter_expert_similarity_e3_e0,inter_expert_similarity_e3_e1,inter_expert_similarity_e3_e2,inter_expert_similarity_e3_e3,intra_expert_coherence_e0,intra_expert_coherence_e1,intra_expert_coherence_e2,intra_expert_coherence_e3,load_cv,load_max_min_ratio,overall_task_conflict_cos,router_entropy,router_load_e0,router_load_e1,router_load_e2,router_load_e3,task_acc__glue_mrpc,task_conflict_t0_t0,task_grad_norm_cv,task_loss__glue_mrpc,utilization_ratio
50.0,0.574262946844101,0.6744820065430752,0.6320122302226399,0.6838235294117647,0.6276862787512633,1.0,0.0,0.0,0.0,0.0,0.0,1.0,1.0,1.0,1.0,1.0,0.0701172068172518,1.0,0.0,0.0,0.42070324090351074,0.0,1.0,0.0,0.0,0.0,0.0,1.0,0.0,0.42070324090351074,0.0,0.0,1.0,1.0,1.0,1.0,1.0,1.0127547979354858,556648254394.5312,1.0,0.686715373805925,0.5566482543945312,0.0,0.0,0.44335177540779114,0.6838235294117647,1.0,0.0,0.6276862787512633,0.5
100.0,0.659017026424408,0.6744820065430752,0.6468963442937188,0.6838235294117647,0.6434367700265005,1.0,0.0,0.0,0.0,0.0,0.0,1.0,1.0,1.0,1.0,1.0,0.054461789220219235,1.0,0.0,0.0,0.3267707353213154,0.0,1.0,0.0,0.0,0.0,0.0,1.0,0.0,0.3267707353213154,0.0,0.0,1.0,1.0,1.0,1.0,1.0,1.0262212815812306,581493854522.7051,1.0,0.679805178268283,0.5814938545227051,0.0,0.0,0.4185059070587158,0.6838235294117647,1.0,0.0,0.6434367700265005,0.5
150.0,0.6226419806480408,0.6744820065430752,0.6308495629092922,0.6838235294117647,0.6252396250000367,1.0,0.0,0.0,0.0,0.0,0.0,1.0,1.0,1.0,1.0,1.0,0.012304383331161128,1.0,0.0,0.0,0.07382629998696677,0.0,1.0,0.0,0.0,0.0,0.0,1.0,0.0,0.07382629998696677,0.0,0.0,1.0,1.0,1.0,1.0,1.0,1.0771301984786987,641513884067.5354,1.0,0.6525421014019087,0.6415138840675354,0.0,0.0,0.3584860861301422,0.6838235294117647,1.0,0.0,0.6252396250000367,0.5
