step,train_step_loss,train_acc,train_loss,val_acc,val_loss,avg_intra_expert_coherence,expert_diversity_e0,expert_diversity_e1,expert_diversity_e2,expert_diversity_e3,expert_diversity_mean,expert_purity_e0,expert_purity_e1,expert_purity_e2,expert_purity_e3,expert_purity_mean,inter_expert_similarity,inter_expert_similarity_e0_e0,inter_expert_similarity_e0_e1,inter_expert_similarity_e0_e2,inter_expert_similarity_e0_e3,inter_expert_similarity_e1_e0,inter_expert_similarity_e1_e1,inter_expert_similarity_e1_e2,inter_expert_similarity_e1_e3,inter_expert_similarity_e2_e0,inter_expert_similarity_e2_e1,inter_expert_similarity_e2_e2,inter_expert_similarity_e2_e3,inter_expert_similarity_e3_e0,inter_expert_similarity_e3_e1,inter_expert_similarity_e3_e2,inter_expert_similarity_e3_e3,intra_expert_coherence_e0,intra_expert_coherence_e1,intra_expert_coherence_e2,intra_expert_coherence_e3,load_cv,load_max_min_ratio,overall_task_conflict_cos,router_entropy,router_load_e0,router_load_e1,router_load_e2,router_load_e3,task_acc__glue_sst2,task_conflict_t0_t0,task_grad_norm_cv,task_loss__glue_sst2,utilization_ratio
50.0,0.6925229430198669,0.44217434557305973,0.7075922427650302,0.4908256880733945,0.6988262642513622,1.0,0.0,0.0,0.0,0.0,0.0,1.0,1.0,1.0,1.0,1.0,-0.051436293111045576,1.0,0.0,0.0,-0.30861775866627345,0.0,1.0,0.0,0.0,0.0,0.0,1.0,0.0,-0.30861775866627345,0.0,0.0,1.0,1.0,1.0,1.0,1.0,1.7176231692562727,993738412857.0557,1.0,0.03800351524708468,0.9937384128570557,0.0,0.0,0.006260510068386793,0.4908256880733945,1.0,0.0,0.6988262642513622,0.25
100.0,0.7628983557224274,0.44217434557305973,0.7525460319536033,0.4908256880733945,0.7282726379958067,1.0,0.0,0.0,0.0,0.0,0.0,1.0,1.0,1.0,1.0,1.0,-0.03408074083953829,1.0,0.0,0.0,-0.20448444503722973,0.0,1.0,0.0,0.0,0.0,0.0,1.0,0.0,-0.20448444503722973,0.0,0.0,1.0,1.0,1.0,1.0,1.0,1.724361802143063,996666073799.1333,1.0,0.022339217091372255,0.9966660737991333,0.0,0.0,0.003333122469484806,0.4908256880733945,1.0,0.0,0.7282726379958067,0.25
150.0,0.6891346573829651,0.5578256544269403,0.6866402318103862,0.5091743119266054,0.6960182590918107,1.0,0.0,0.0,0.0,0.0,0.0,1.0,1.0,1.0,1.0,1.0,0.015344887072027002,1.0,0.0,0.0,0.09206932243216201,0.0,1.0,0.0,0.0,0.0,0.0,1.0,0.0,0.09206932243216201,0.0,0.0,1.0,1.0,1.0,1.0,1.0,1.594097375869751,938911497592.926,1.0,0.22995222530780582,0.938911497592926,0.0,0.0,0.06108855828642845,0.5091743119266054,1.0,0.0,0.6960182590918107,0.25
