step,train_step_loss,train_acc,train_loss,val_acc,val_loss,avg_intra_expert_coherence,expert_diversity_e0,expert_diversity_e1,expert_diversity_e2,expert_diversity_e3,expert_diversity_mean,expert_purity_e0,expert_purity_e1,expert_purity_e2,expert_purity_e3,expert_purity_mean,inter_expert_similarity,inter_expert_similarity_e0_e0,inter_expert_similarity_e0_e1,inter_expert_similarity_e0_e2,inter_expert_similarity_e0_e3,inter_expert_similarity_e1_e0,inter_expert_similarity_e1_e1,inter_expert_similarity_e1_e2,inter_expert_similarity_e1_e3,inter_expert_similarity_e2_e0,inter_expert_similarity_e2_e1,inter_expert_similarity_e2_e2,inter_expert_similarity_e2_e3,inter_expert_similarity_e3_e0,inter_expert_similarity_e3_e1,inter_expert_similarity_e3_e2,inter_expert_similarity_e3_e3,intra_expert_coherence_e0,intra_expert_coherence_e1,intra_expert_coherence_e2,intra_expert_coherence_e3,load_cv,load_max_min_ratio,overall_task_conflict_cos,router_entropy,router_load_e0,router_load_e1,router_load_e2,router_load_e3,task_acc__glue_sst2,task_conflict_t0_t0,task_grad_norm_cv,task_loss__glue_sst2,utilization_ratio
50.0,0.5338729470968246,0.5578256544269403,0.8139944288906179,0.5091743119266054,0.8769145341082053,1.0,0.0,0.0,0.0,0.0,0.0,1.0,1.0,1.0,1.0,1.0,0.09892612420646775,1.0,0.0,0.0,0.0,0.0,1.0,0.0,0.5935567452388065,0.0,0.0,1.0,0.0,0.0,0.5935567452388065,0.0,1.0,1.0,1.0,1.0,1.0,1.4520966125110462,872253537178.0396,1.0,0.3820793300593665,0.0,0.8722535371780396,0.0,0.1277458518743515,0.5091743119266054,1.0,0.0,0.8769145341082053,0.5
100.0,0.778602659702301,0.5578256544269403,0.6904887297728283,0.5091743119266054,0.7106230161406777,1.0,0.0,0.0,0.0,0.0,0.0,1.0,1.0,1.0,1.0,1.0,0.09753992321336889,1.0,0.0,0.0,0.0,0.0,1.0,0.5852395392802133,0.0,0.0,0.5852395392802133,1.0,0.0,0.0,0.0,0.0,1.0,1.0,1.0,1.0,1.0,1.0306356962706469,588183343410.492,1.0,0.6775131821632385,0.0,0.5881833434104919,0.4118172824382782,0.0,0.5091743119266054,1.0,0.0,0.7106230161406777,0.5
150.0,0.7046833038330078,0.5578256544269403,0.6920463750382218,0.5091743119266054,0.693015733090314,1.0,0.0,0.0,0.0,0.0,0.0,1.0,1.0,1.0,1.0,1.0,0.03772509020665177,1.0,0.2263505412399106,0.0,0.0,0.2263505412399106,1.0,0.0,0.0,0.0,0.0,1.0,0.0,0.0,0.0,0.0,1.0,1.0,1.0,1.0,1.0,1.6898988152997751,981633782386.7798,1.0,0.09161626547574997,0.018367616459727287,0.9816337823867798,0.0,0.0,0.5091743119266054,1.0,0.0,0.693015733090314,0.25
