step,train_step_loss,train_acc,train_loss,val_acc,val_loss,router_entropy,router_load_e0,router_load_e1,router_load_e2,router_load_e3
30.0,0.7026895731687546,0.5212283558799493,0.7326581137302117,0.528235395467356,0.7317636106118948,0.6914937039492307,0.09521457552909851,0.48820436000823975,0.41658109426498413,0.0
50.0,0.6680127481619517,0.625745881252294,0.7262536663157538,0.6160076283075439,0.7384870749762674,0.6645265556871891,0.014064141549170017,0.6160086989402771,0.36992713809013367,0.0
