step,train_step_loss,train_acc,train_loss,val_acc,val_loss,avg_intra_expert_coherence,expert_diversity_e0,expert_diversity_e1,expert_diversity_e2,expert_diversity_e3,expert_diversity_mean,expert_purity_e0,expert_purity_e1,expert_purity_e2,expert_purity_e3,expert_purity_mean,inter_expert_similarity,inter_expert_similarity_e0_e0,inter_expert_similarity_e0_e1,inter_expert_similarity_e0_e2,inter_expert_similarity_e0_e3,inter_expert_similarity_e1_e0,inter_expert_similarity_e1_e1,inter_expert_similarity_e1_e2,inter_expert_similarity_e1_e3,inter_expert_similarity_e2_e0,inter_expert_similarity_e2_e1,inter_expert_similarity_e2_e2,inter_expert_similarity_e2_e3,inter_expert_similarity_e3_e0,inter_expert_similarity_e3_e1,inter_expert_similarity_e3_e2,inter_expert_similarity_e3_e3,intra_expert_coherence_e0,intra_expert_coherence_e1,intra_expert_coherence_e2,intra_expert_coherence_e3,load_cv,load_max_min_ratio,overall_task_conflict_cos,router_entropy,router_load_e0,router_load_e1,router_load_e2,router_load_e3,task_acc__glue_mrpc,task_conflict_t0_t0,task_grad_norm_cv,task_loss__glue_mrpc,utilization_ratio
50.0,0.5845044255256653,0.6744820065430752,0.6408365358477054,0.6838235294117647,0.6377866669343069,1.0,0.0,0.0,0.0,0.0,0.0,1.0,1.0,1.0,1.0,1.0,0.022015245247468753,1.0,0.0,0.0,0.0,0.0,1.0,0.0,0.1320914714848125,0.0,0.0,1.0,0.0,0.0,0.1320914714848125,0.0,1.0,1.0,1.0,1.0,1.0,1.566798722696761,926447629928.5889,1.0,0.26273325845306994,0.0,0.07355272024869919,0.0,0.9264476299285889,0.6838235294117647,1.0,0.0,0.6377866669343069,0.25
100.0,0.6995750069618225,0.6744820065430752,0.6734078728634378,0.6838235294117647,0.6722049220250204,1.0,0.0,0.0,0.0,0.0,0.0,1.0,1.0,1.0,1.0,1.0,0.033230334050899174,1.0,0.0,0.0,0.19938200430539504,0.0,1.0,0.0,0.0,0.0,0.0,1.0,0.0,0.19938200430539504,0.0,0.0,1.0,1.0,1.0,1.0,1.0,1.5635944301631783,924975097179.4128,1.0,0.26644828974031937,0.07502537965774536,0.0,0.0,0.9249750971794128,0.6838235294117647,1.0,0.0,0.6722049220250204,0.25
150.0,0.6295114457607269,0.6744820065430752,0.6403571726187416,0.6838235294117647,0.6321483592574413,1.0,0.0,0.0,0.0,0.0,0.0,1.0,1.0,1.0,1.0,1.0,0.05162313227018392,1.0,0.0,0.0,0.3097387936211035,0.0,1.0,0.0,0.0,0.0,0.0,1.0,0.0,0.3097387936211035,0.0,0.0,1.0,1.0,1.0,1.0,1.0,1.5222395605469798,905773103237.1521,1.0,0.31221022676019106,0.09422712028026581,0.0,0.0,0.9057731032371521,0.6838235294117647,1.0,0.0,0.6321483592574413,0.25
