step,train_step_loss,train_acc,train_loss,val_acc,val_loss,avg_intra_expert_coherence,expert_diversity_e0,expert_diversity_e1,expert_diversity_e2,expert_diversity_e3,expert_diversity_mean,expert_purity_e0,expert_purity_e1,expert_purity_e2,expert_purity_e3,expert_purity_mean,inter_expert_similarity,inter_expert_similarity_e0_e0,inter_expert_similarity_e0_e1,inter_expert_similarity_e0_e2,inter_expert_similarity_e0_e3,inter_expert_similarity_e1_e0,inter_expert_similarity_e1_e1,inter_expert_similarity_e1_e2,inter_expert_similarity_e1_e3,inter_expert_similarity_e2_e0,inter_expert_similarity_e2_e1,inter_expert_similarity_e2_e2,inter_expert_similarity_e2_e3,inter_expert_similarity_e3_e0,inter_expert_similarity_e3_e1,inter_expert_similarity_e3_e2,inter_expert_similarity_e3_e3,intra_expert_coherence_e0,intra_expert_coherence_e1,intra_expert_coherence_e2,intra_expert_coherence_e3,load_cv,load_max_min_ratio,overall_task_conflict_cos,router_entropy,router_load_e0,router_load_e1,router_load_e2,router_load_e3,task_acc__glue_mrpc,task_conflict_t0_t0,task_grad_norm_cv,task_loss__glue_mrpc,utilization_ratio
50.0,0.5296963304281235,0.6744820065430752,0.6313171973694925,0.6838235294117647,0.6260615272017626,1.0,0.0,0.0,0.0,0.0,0.0,1.0,1.0,1.0,1.0,1.0,0.01757336302767731,1.0,0.10544017816606387,0.0,0.0,0.10544017816606387,1.0,0.0,0.0,0.0,0.0,1.0,0.0,0.0,0.0,0.0,1.0,1.0,1.0,1.0,1.0,1.4302784370712192,861541450023.6511,1.0,0.40215594920457576,0.13845883309841156,0.8615414500236511,0.0,0.0,0.6838235294117647,1.0,0.0,0.6260615272017626,0.5
100.0,0.6918732821941376,0.6744820065430752,0.6303811748390612,0.6838235294117647,0.625441605081925,1.0,0.0,0.0,0.0,0.0,0.0,1.0,1.0,1.0,1.0,1.0,-0.012451762503274337,1.0,0.0,0.0,0.0,0.0,1.0,-0.07471057501964602,0.0,0.0,-0.07471057501964602,1.0,0.0,0.0,0.0,0.0,1.0,1.0,1.0,1.0,1.0,1.6640296364007212,970238029956.8176,1.0,0.13391170110188277,0.0,0.9702380299568176,0.02976135164499283,0.0,0.6838235294117647,1.0,0.0,0.625441605081925,0.25
150.0,0.7187767624855042,0.6744820065430752,0.656455994170645,0.6838235294117647,0.6448538056932963,1.0,0.0,0.0,0.0,0.0,0.0,1.0,1.0,1.0,1.0,1.0,0.02404290821762427,1.0,0.14425744930574563,0.0,0.0,0.14425744930574563,1.0,0.0,0.0,0.0,0.0,1.0,0.0,0.0,0.0,0.0,1.0,1.0,1.0,1.0,1.0,1.1901403606774572,728153586387.6343,1.0,0.5850862720433403,0.27184584736824036,0.7281535863876343,0.0,0.0,0.6838235294117647,1.0,0.0,0.6448538056932963,0.5
