step,train_step_loss,train_acc,train_loss,val_acc,val_loss,avg_intra_expert_coherence,expert_diversity_e0,expert_diversity_e1,expert_diversity_e2,expert_diversity_e3,expert_diversity_mean,expert_purity_e0,expert_purity_e1,expert_purity_e2,expert_purity_e3,expert_purity_mean,inter_expert_similarity,inter_expert_similarity_e0_e0,inter_expert_similarity_e0_e1,inter_expert_similarity_e0_e2,inter_expert_similarity_e0_e3,inter_expert_similarity_e1_e0,inter_expert_similarity_e1_e1,inter_expert_similarity_e1_e2,inter_expert_similarity_e1_e3,inter_expert_similarity_e2_e0,inter_expert_similarity_e2_e1,inter_expert_similarity_e2_e2,inter_expert_similarity_e2_e3,inter_expert_similarity_e3_e0,inter_expert_similarity_e3_e1,inter_expert_similarity_e3_e2,inter_expert_similarity_e3_e3,intra_expert_coherence_e0,intra_expert_coherence_e1,intra_expert_coherence_e2,intra_expert_coherence_e3,load_cv,load_max_min_ratio,overall_task_conflict_cos,router_entropy,router_load_e0,router_load_e1,router_load_e2,router_load_e3,task_acc__glue_rte,task_conflict_t0_t0,task_grad_norm_cv,task_loss__glue_rte,utilization_ratio
50.0,0.634512722492218,0.5016064257028112,0.692845698312307,0.5270758122743683,0.6864569518301222,1.0,0.0,0.0,0.0,0.0,0.0,1.0,1.0,1.0,1.0,1.0,0.008119983345439402,1.0,0.0,0.0,0.0,0.0,1.0,0.0,0.0,0.0,0.0,1.0,0.04871990007263641,0.0,0.0,0.04871990007263641,1.0,1.0,1.0,1.0,1.0,1.0099233388900757,549931406974.7925,1.0,0.6879793220478705,0.0,0.0,0.4500685930252075,0.5499314069747925,0.5270758122743683,1.0,0.0,0.6864569518301222,0.5
100.0,0.6715784668922424,0.6919678714859437,0.6559267750535256,0.6389891696750902,0.6629681388537089,1.0,0.0,0.0,0.0,0.0,0.0,1.0,1.0,1.0,1.0,1.0,0.0097651787462687,1.0,0.0,0.0,0.0,0.0,1.0,0.0,0.0,0.0,0.0,1.0,0.05859107247761221,0.0,0.0,0.05859107247761221,1.0,1.0,1.0,1.0,1.0,1.0041190385818481,532122790813.44604,1.0,0.6891363484764788,0.0,0.0,0.46787726879119873,0.532122790813446,0.6389891696750902,1.0,0.0,0.6629681388537089,0.5
150.0,0.7134692668914795,0.7152610441767068,0.6157486228033517,0.6750902527075813,0.629605302380191,1.0,0.0,0.0,0.0,0.0,0.0,1.0,1.0,1.0,1.0,1.0,-0.01137772383663034,1.0,0.0,0.0,0.0,0.0,1.0,0.01376863537438374,-0.049306034877734634,0.0,0.01376863537438374,1.0,-0.03272894351643116,0.0,-0.049306034877734634,-0.03272894351643116,1.0,1.0,1.0,1.0,1.0,0.763125629797653,495825916528.7018,1.0,0.6848994222358676,0.0,0.14566555619239807,0.4958259165287018,0.358508437871933,0.6750902527075813,1.0,0.0,0.629605302380191,0.75
