step,train_step_loss,train_acc,train_loss,val_acc,val_loss,avg_intra_expert_coherence,expert_diversity_e0,expert_diversity_e1,expert_diversity_e2,expert_diversity_e3,expert_diversity_mean,expert_purity_e0,expert_purity_e1,expert_purity_e2,expert_purity_e3,expert_purity_mean,inter_expert_similarity,inter_expert_similarity_e0_e0,inter_expert_similarity_e0_e1,inter_expert_similarity_e0_e2,inter_expert_similarity_e0_e3,inter_expert_similarity_e1_e0,inter_expert_similarity_e1_e1,inter_expert_similarity_e1_e2,inter_expert_similarity_e1_e3,inter_expert_similarity_e2_e0,inter_expert_similarity_e2_e1,inter_expert_similarity_e2_e2,inter_expert_similarity_e2_e3,inter_expert_similarity_e3_e0,inter_expert_similarity_e3_e1,inter_expert_similarity_e3_e2,inter_expert_similarity_e3_e3,intra_expert_coherence_e0,intra_expert_coherence_e1,intra_expert_coherence_e2,intra_expert_coherence_e3,load_cv,load_max_min_ratio,overall_task_conflict_cos,router_entropy,router_load_e0,router_load_e1,router_load_e2,router_load_e3,task_acc__glue_mrpc,task_conflict_t0_t0,task_grad_norm_cv,task_loss__glue_mrpc,utilization_ratio
50.0,0.4824640601873398,0.7949836423118866,0.43144326799589655,0.7965686274509803,0.4356193935068754,1.0,0.0,0.0,0.0,0.0,0.0,1.0,1.0,1.0,1.0,1.0,-0.11441838358452705,1.0,-0.41124927778323683,-0.3590695727739555,0.3801125292383399,-0.41124927778323683,1.0,-0.034962721874073795,-0.05140426178934636,-0.3590695727739555,-0.034962721874073795,1.0,-0.20993699652488973,0.3801125292383399,-0.05140426178934636,-0.20993699652488973,1.0,1.0,1.0,1.0,1.0,0.1773090660572052,1.5057241305573643,1.0,1.363553949430877,0.21574431657791138,0.24109145998954773,0.3248514235019684,0.2183128297328949,0.7965686274509803,1.0,0.0,0.4356193935068754,1.0
100.0,0.2730657309293747,0.8874045801526718,0.2710264660620495,0.8627450980392157,0.3161607785150409,1.0,0.0,0.0,0.0,0.0,0.0,1.0,1.0,1.0,1.0,1.0,0.20407445914852732,1.0,0.6205530223595076,-0.03121173590927359,0.498016003345976,0.6205530223595076,1.0,-0.15826379839909274,0.4182716023501311,-0.03121173590927359,-0.15826379839909274,1.0,-0.1229183388560843,0.498016003345976,0.4182716023501311,-0.1229183388560843,1.0,1.0,1.0,1.0,1.0,0.10534519702196121,1.34288994019427,1.0,1.3681482731127272,0.24475347995758057,0.2500491142272949,0.28956741094589233,0.21563003957271576,0.8627450980392157,1.0,0.0,0.3161607785150409,1.0
