step,train_step_loss,train_acc,train_loss,val_acc,val_loss,avg_intra_expert_coherence,expert_diversity_e0,expert_diversity_e1,expert_diversity_e2,expert_diversity_e3,expert_diversity_mean,expert_purity_e0,expert_purity_e1,expert_purity_e2,expert_purity_e3,expert_purity_mean,inter_expert_similarity,inter_expert_similarity_e0_e0,inter_expert_similarity_e0_e1,inter_expert_similarity_e0_e2,inter_expert_similarity_e0_e3,inter_expert_similarity_e1_e0,inter_expert_similarity_e1_e1,inter_expert_similarity_e1_e2,inter_expert_similarity_e1_e3,inter_expert_similarity_e2_e0,inter_expert_similarity_e2_e1,inter_expert_similarity_e2_e2,inter_expert_similarity_e2_e3,inter_expert_similarity_e3_e0,inter_expert_similarity_e3_e1,inter_expert_similarity_e3_e2,inter_expert_similarity_e3_e3,intra_expert_coherence_e0,intra_expert_coherence_e1,intra_expert_coherence_e2,intra_expert_coherence_e3,load_cv,load_max_min_ratio,overall_task_conflict_cos,router_entropy,router_load_e0,router_load_e1,router_load_e2,router_load_e3,task_acc__glue_mrpc,task_conflict_t0_t0,task_grad_norm_cv,task_loss__glue_mrpc,utilization_ratio
50.0,0.387454554438591,0.7846237731733915,0.4392933977038964,0.7769607843137255,0.43411312653468204,1.0,0.0,0.0,0.0,0.0,0.0,1.0,1.0,1.0,1.0,1.0,0.14690622890766067,1.0,-0.030867816583915755,0.19085272478350115,0.1539323683253794,-0.030867816583915755,1.0,0.08250334616856021,0.2565739635742967,0.19085272478350115,0.08250334616856021,1.0,0.22844278717814226,0.1539323683253794,0.2565739635742967,0.22844278717814226,1.0,1.0,1.0,1.0,1.0,0.43696686249773875,4.9638759276696875,1.0,1.2495311872631896,0.35827815532684326,0.3161700367927551,0.07217709720134735,0.2533746361732483,0.7769607843137255,1.0,0.0,0.43411312653468204,0.75
100.0,0.3230438530445099,0.8887677208287895,0.27847950487276135,0.8602941176470589,0.31992947675574285,1.0,0.0,0.0,0.0,0.0,0.0,1.0,1.0,1.0,1.0,1.0,0.053268726312221855,1.0,-0.2463780091508579,0.056221266748058246,-0.035623398280878855,-0.2463780091508579,1.0,0.30849763648492745,0.19121657959970173,0.056221266748058246,0.30849763648492745,1.0,0.04567828247238041,-0.035623398280878855,0.19121657959970173,0.04567828247238041,1.0,1.0,1.0,1.0,1.0,0.2399533832045426,1.9384961288457982,1.0,1.2992774972728653,0.321828156709671,0.28854578733444214,0.1660194993019104,0.22360648214817047,0.8602941176470589,1.0,0.0,0.31992947675574285,1.0
