step,train_step_loss,train_acc,train_loss,val_acc,val_loss,avg_intra_expert_coherence,expert_diversity_e0,expert_diversity_e1,expert_diversity_e2,expert_diversity_e3,expert_diversity_mean,expert_purity_e0,expert_purity_e1,expert_purity_e2,expert_purity_e3,expert_purity_mean,inter_expert_similarity,inter_expert_similarity_e0_e0,inter_expert_similarity_e0_e1,inter_expert_similarity_e0_e2,inter_expert_similarity_e0_e3,inter_expert_similarity_e1_e0,inter_expert_similarity_e1_e1,inter_expert_similarity_e1_e2,inter_expert_similarity_e1_e3,inter_expert_similarity_e2_e0,inter_expert_similarity_e2_e1,inter_expert_similarity_e2_e2,inter_expert_similarity_e2_e3,inter_expert_similarity_e3_e0,inter_expert_similarity_e3_e1,inter_expert_similarity_e3_e2,inter_expert_similarity_e3_e3,intra_expert_coherence_e0,intra_expert_coherence_e1,intra_expert_coherence_e2,intra_expert_coherence_e3,load_cv,load_max_min_ratio,overall_task_conflict_cos,router_entropy,router_load_e0,router_load_e1,router_load_e2,router_load_e3,task_acc__glue_rte,task_conflict_t0_t0,task_grad_norm_cv,task_loss__glue_rte,utilization_ratio
50.0,0.6734561324119568,0.6293172690763053,0.6614671224967028,0.6064981949458483,0.6726186374823252,1.0,0.0,0.0,0.0,0.0,0.0,1.0,1.0,1.0,1.0,1.0,-0.08080032395560903,1.0,0.0,0.0,-0.4848019437336542,0.0,1.0,0.0,0.0,0.0,0.0,1.0,0.0,-0.4848019437336542,0.0,0.0,1.0,1.0,1.0,1.0,1.0,1.008662699620402,546637594699.8596,1.0,0.6883582517988845,0.5466375946998596,0.0,0.0,0.45336249470710754,0.6064981949458483,1.0,0.0,0.6726186374823252,0.5
100.0,0.675767183303833,0.7112449799196787,0.610655527581007,0.6714801444043321,0.6245675202873018,1.0,0.0,0.0,0.0,0.0,0.0,1.0,1.0,1.0,1.0,1.0,-0.027819861763246388,1.0,0.0,0.0,-0.16691917057947833,0.0,1.0,0.0,0.0,0.0,0.0,1.0,0.0,-0.16691917057947833,0.0,0.0,1.0,1.0,1.0,1.0,1.0,1.0064130429275657,540104806423.18726,1.0,0.6893925468844196,0.5401048064231873,0.0,0.0,0.45989513397216797,0.6714801444043321,1.0,0.0,0.6245675202873018,0.5
150.0,0.5240052193403244,0.7502008032128514,0.5292957986203524,0.6823104693140795,0.5952433670560519,1.0,0.0,0.0,0.0,0.0,0.0,1.0,1.0,1.0,1.0,1.0,0.04373461036422943,1.0,0.0,0.0,0.2624076621853766,0.0,1.0,0.0,0.0,0.0,0.0,1.0,0.0,0.2624076621853766,0.0,0.0,1.0,1.0,1.0,1.0,1.0,1.0123839378356934,555813491344.4519,1.0,0.686019591045724,0.5558134913444519,0.0,0.0,0.4441864788532257,0.6823104693140795,1.0,0.0,0.5952433670560519,0.5
