step,train_step_loss,train_acc,train_loss,val_acc,val_loss,avg_intra_expert_coherence,expert_diversity_e0,expert_diversity_e1,expert_diversity_e2,expert_diversity_e3,expert_diversity_mean,expert_purity_e0,expert_purity_e1,expert_purity_e2,expert_purity_e3,expert_purity_mean,inter_expert_similarity,inter_expert_similarity_e0_e0,inter_expert_similarity_e0_e1,inter_expert_similarity_e0_e2,inter_expert_similarity_e0_e3,inter_expert_similarity_e1_e0,inter_expert_similarity_e1_e1,inter_expert_similarity_e1_e2,inter_expert_similarity_e1_e3,inter_expert_similarity_e2_e0,inter_expert_similarity_e2_e1,inter_expert_similarity_e2_e2,inter_expert_similarity_e2_e3,inter_expert_similarity_e3_e0,inter_expert_similarity_e3_e1,inter_expert_similarity_e3_e2,inter_expert_similarity_e3_e3,intra_expert_coherence_e0,intra_expert_coherence_e1,intra_expert_coherence_e2,intra_expert_coherence_e3,load_cv,load_max_min_ratio,overall_task_conflict_cos,router_entropy,router_load_e0,router_load_e1,router_load_e2,router_load_e3,task_acc__glue_rte,task_conflict_t0_t0,task_grad_norm_cv,task_loss__glue_rte,utilization_ratio
50.0,0.6787384450435638,0.4983935742971888,0.6932267162280206,0.4729241877256318,0.6938454094860289,1.0,0.0,0.0,0.0,0.0,0.0,1.0,1.0,1.0,1.0,1.0,0.01842375075125013,1.0,0.0,0.11054250450750079,0.0,0.0,1.0,0.0,0.0,0.11054250450750079,0.0,1.0,0.0,0.0,0.0,0.0,1.0,1.0,1.0,1.0,1.0,1.174734683287385,717945277690.8875,1.0,0.5948832792495562,0.2820545434951782,0.0,0.7179452776908875,0.0,0.4729241877256318,1.0,0.0,0.6938454094860289,0.5
100.0,0.7206702828407288,0.4983935742971888,0.7029946620647723,0.4729241877256318,0.7127581785122553,1.0,0.0,0.0,0.0,0.0,0.0,1.0,1.0,1.0,1.0,1.0,0.019828216619104475,1.0,0.0,0.0,0.0,0.0,1.0,0.0,0.0,0.0,0.0,1.0,0.11896929971462684,0.0,0.0,0.11896929971462684,1.0,1.0,1.0,1.0,1.0,1.0461820419051697,608683407306.6711,1.0,0.6693333787608233,0.0,0.0,0.6086834073066711,0.3913164734840393,0.4729241877256318,1.0,0.0,0.7127581785122553,0.5
150.0,0.7079094052314758,0.5016064257028112,0.6954099470988299,0.5270758122743683,0.6903423534499274,1.0,0.0,0.0,0.0,0.0,0.0,1.0,1.0,1.0,1.0,1.0,0.023904605934066542,1.0,0.0,0.0,0.0,0.0,1.0,0.14342763560439925,0.0,0.0,0.14342763560439925,1.0,0.0,0.0,0.0,0.0,1.0,1.0,1.0,1.0,1.0,1.1267487851680773,683563053607.9407,1.0,0.6241546417401586,0.0,0.31643709540367126,0.6835630536079407,0.0,0.5270758122743683,1.0,0.0,0.6903423534499274,0.5
