step,train_step_loss,train_acc,train_loss,val_acc,val_loss,avg_intra_expert_coherence,expert_diversity_e0,expert_diversity_e1,expert_diversity_e2,expert_diversity_e3,expert_diversity_mean,expert_purity_e0,expert_purity_e1,expert_purity_e2,expert_purity_e3,expert_purity_mean,inter_expert_similarity,inter_expert_similarity_e0_e0,inter_expert_similarity_e0_e1,inter_expert_similarity_e0_e2,inter_expert_similarity_e0_e3,inter_expert_similarity_e1_e0,inter_expert_similarity_e1_e1,inter_expert_similarity_e1_e2,inter_expert_similarity_e1_e3,inter_expert_similarity_e2_e0,inter_expert_similarity_e2_e1,inter_expert_similarity_e2_e2,inter_expert_similarity_e2_e3,inter_expert_similarity_e3_e0,inter_expert_similarity_e3_e1,inter_expert_similarity_e3_e2,inter_expert_similarity_e3_e3,intra_expert_coherence_e0,intra_expert_coherence_e1,intra_expert_coherence_e2,intra_expert_coherence_e3,load_cv,load_max_min_ratio,overall_task_conflict_cos,router_entropy,router_load_e0,router_load_e1,router_load_e2,router_load_e3,task_acc__glue_rte,task_conflict_t0_t0,task_grad_norm_cv,task_loss__glue_rte,utilization_ratio
50.0,0.6862006783485413,0.4983935742971888,0.6981126776490456,0.4729241877256318,0.7050460527340571,1.0,0.0,0.0,0.0,0.0,0.0,1.0,1.0,1.0,1.0,1.0,0.010235967126415967,1.0,0.0,0.0,0.0,0.0,1.0,0.0,0.0614158027584958,0.0,0.0,1.0,0.0,0.0,0.0614158027584958,0.0,1.0,1.0,1.0,1.0,1.0,1.002041220664978,522601544857.02515,1.0,0.6921251741126987,0.0,0.47739848494529724,0.0,0.5226015448570251,0.4729241877256318,1.0,0.0,0.7050460527340571,0.5
100.0,0.7293165326118469,0.4983935742971888,0.6934317516210752,0.4729241877256318,0.6948905371957355,1.0,0.0,0.0,0.0,0.0,0.0,1.0,1.0,1.0,1.0,1.0,0.019089966423815895,1.0,0.0,0.11453979854289538,0.0,0.0,1.0,0.0,0.0,0.11453979854289538,0.0,1.0,0.0,0.0,0.0,0.0,1.0,1.0,1.0,1.0,1.0,1.147417426109314,698924243450.1648,1.0,0.6117730140686035,0.3010757267475128,0.0,0.6989242434501648,0.0,0.4729241877256318,1.0,0.0,0.6948905371957355,0.5
150.0,0.745273232460022,0.4983935742971888,0.6944390821533326,0.4729241877256318,0.6978113005558649,1.0,0.0,0.0,0.0,0.0,0.0,1.0,1.0,1.0,1.0,1.0,0.021176175206554848,1.0,0.0,0.1270570512393291,0.0,0.0,1.0,0.0,0.0,0.1270570512393291,0.0,1.0,0.0,0.0,0.0,0.0,1.0,1.0,1.0,1.0,1.0,1.000044822692871,503345251083.374,1.0,0.6931247762824654,0.503345251083374,0.0,0.49665480852127075,0.0,0.4729241877256318,1.0,0.0,0.6978113005558649,0.5
