step,train_step_loss,train_acc,train_loss,val_acc,val_loss,avg_intra_expert_coherence,expert_diversity_e0,expert_diversity_e1,expert_diversity_e2,expert_diversity_e3,expert_diversity_mean,expert_purity_e0,expert_purity_e1,expert_purity_e2,expert_purity_e3,expert_purity_mean,inter_expert_similarity,inter_expert_similarity_e0_e0,inter_expert_similarity_e0_e1,inter_expert_similarity_e0_e2,inter_expert_similarity_e0_e3,inter_expert_similarity_e1_e0,inter_expert_similarity_e1_e1,inter_expert_similarity_e1_e2,inter_expert_similarity_e1_e3,inter_expert_similarity_e2_e0,inter_expert_similarity_e2_e1,inter_expert_similarity_e2_e2,inter_expert_similarity_e2_e3,inter_expert_similarity_e3_e0,inter_expert_similarity_e3_e1,inter_expert_similarity_e3_e2,inter_expert_similarity_e3_e3,intra_expert_coherence_e0,intra_expert_coherence_e1,intra_expert_coherence_e2,intra_expert_coherence_e3,load_cv,load_max_min_ratio,overall_task_conflict_cos,router_entropy,router_load_e0,router_load_e1,router_load_e2,router_load_e3,task_acc__glue_cola,task_acc__glue_mrpc,task_acc__glue_rte,task_conflict_t0_t0,task_conflict_t0_t1,task_conflict_t0_t2,task_conflict_t1_t0,task_conflict_t1_t1,task_conflict_t1_t2,task_conflict_t2_t0,task_conflict_t2_t1,task_conflict_t2_t2,task_grad_norm_cv,task_loss__glue_cola,task_loss__glue_mrpc,task_loss__glue_rte,utilization_ratio
1.0,0.8207272589206696,0.3752929814723142,0.7079795010475679,0.3859459495441786,0.7076310019130005,-0.2497414249816992,0.7613910546073559,0.8936136286397707,0.8595493535686647,0.9638728066539436,0.8696067108674337,0.678070068359375,0.5315524935722351,0.5876455903053284,0.4156510531902313,0.5532298013567924,0.06863763644995668,1.0,0.07316982727227335,0.09085257433404217,0.06009859792268006,0.07316982727227335,1.0,0.049537512500528444,0.05681635223841854,0.09085257433404217,0.049537512500528444,1.0,0.0813509544317975,0.06009859792268006,0.05681635223841854,0.0813509544317975,1.0,-0.23942402127076456,-0.24789593988630498,-0.2348173674154023,-0.27682837135432503,0.4150560796260834,2.854741870881663,-0.2554096402126325,1.282086036340506,0.13411033153533936,0.16456374526023865,0.38285037875175476,0.31847551465034485,0.3096836049856184,0.32107843137254904,0.5270758122743683,1.0,-0.5376493161108419,-0.6439768032384794,-0.5376493161108419,1.0,0.4153971987114235,-0.6439768032384794,0.4153971987114235,1.0,0.405806823295971,0.7174852206051805,0.7105320756341896,0.6948757094996316,1.0
