step,train_step_loss,train_acc,train_loss,val_acc,val_loss,avg_intra_expert_coherence,expert_diversity_e0,expert_diversity_e1,expert_diversity_e2,expert_diversity_e3,expert_diversity_mean,expert_purity_e0,expert_purity_e1,expert_purity_e2,expert_purity_e3,expert_purity_mean,inter_expert_similarity,inter_expert_similarity_e0_e0,inter_expert_similarity_e0_e1,inter_expert_similarity_e0_e2,inter_expert_similarity_e0_e3,inter_expert_similarity_e1_e0,inter_expert_similarity_e1_e1,inter_expert_similarity_e1_e2,inter_expert_similarity_e1_e3,inter_expert_similarity_e2_e0,inter_expert_similarity_e2_e1,inter_expert_similarity_e2_e2,inter_expert_similarity_e2_e3,inter_expert_similarity_e3_e0,inter_expert_similarity_e3_e1,inter_expert_similarity_e3_e2,inter_expert_similarity_e3_e3,intra_expert_coherence_e0,intra_expert_coherence_e1,intra_expert_coherence_e2,intra_expert_coherence_e3,load_cv,load_max_min_ratio,overall_task_conflict_cos,router_entropy,router_load_e0,router_load_e1,router_load_e2,router_load_e3,task_acc__glue_rte,task_conflict_t0_t0,task_grad_norm_cv,task_loss__glue_rte,utilization_ratio
50.0,0.6462217271327972,0.5016064257028112,0.694032356257622,0.5270758122743683,0.6888708455695046,1.0,0.0,0.0,0.0,0.0,0.0,1.0,1.0,1.0,1.0,1.0,0.005103267151164417,1.0,0.0,0.0306196029069865,0.0,0.0,1.0,0.0,0.0,0.0306196029069865,0.0,1.0,0.0,0.0,0.0,0.0,1.0,1.0,1.0,1.0,1.0,1.022190393340015,574894130229.95,1.0,0.6816920003305704,0.57489413022995,0.0,0.4251058101654053,0.0,0.5270758122743683,1.0,0.0,0.6888708455695046,0.5
100.0,0.6965405642986298,0.6196787148594377,0.6673490755068949,0.5740072202166066,0.6792100535498725,1.0,0.0,0.0,0.0,0.0,0.0,1.0,1.0,1.0,1.0,1.0,0.004622013326949591,1.0,0.0,0.027732079961697548,0.0,0.0,1.0,0.0,0.0,0.027732079961697548,0.0,1.0,0.0,0.0,0.0,0.0,1.0,1.0,1.0,1.0,1.0,1.0192651748657227,577844083309.1736,1.0,0.6783549062611824,0.5778440833091736,0.002854774473235011,0.41930118203163147,0.0,0.5740072202166066,1.0,0.0,0.6792100535498725,0.5
150.0,0.7229252755641937,0.5084337349397591,0.6943234079541304,0.5306859205776173,0.6883672922849655,1.0,0.0,0.0,0.0,0.0,0.0,1.0,1.0,1.0,1.0,1.0,0.005261747705478509,1.0,0.0,0.0,0.0,0.0,1.0,0.0,0.03157048623287105,0.0,0.0,1.0,0.0,0.0,0.03157048623287105,0.0,1.0,1.0,1.0,1.0,1.0,0.995047390460968,498970329761.5051,1.0,0.6928753921701589,0.0,0.4989703297615051,0.0024795057252049446,0.4985502064228058,0.5306859205776173,1.0,0.0,0.6883672922849655,0.5
