step,train_step_loss,train_acc,train_loss,val_acc,val_loss,avg_intra_expert_coherence,expert_diversity_e0,expert_diversity_e1,expert_diversity_e2,expert_diversity_e3,expert_diversity_mean,expert_purity_e0,expert_purity_e1,expert_purity_e2,expert_purity_e3,expert_purity_mean,inter_expert_similarity,inter_expert_similarity_e0_e0,inter_expert_similarity_e0_e1,inter_expert_similarity_e0_e2,inter_expert_similarity_e0_e3,inter_expert_similarity_e1_e0,inter_expert_similarity_e1_e1,inter_expert_similarity_e1_e2,inter_expert_similarity_e1_e3,inter_expert_similarity_e2_e0,inter_expert_similarity_e2_e1,inter_expert_similarity_e2_e2,inter_expert_similarity_e2_e3,inter_expert_similarity_e3_e0,inter_expert_similarity_e3_e1,inter_expert_similarity_e3_e2,inter_expert_similarity_e3_e3,intra_expert_coherence_e0,intra_expert_coherence_e1,intra_expert_coherence_e2,intra_expert_coherence_e3,load_cv,load_max_min_ratio,overall_task_conflict_cos,router_entropy,router_load_e0,router_load_e1,router_load_e2,router_load_e3,task_acc__glue_rte,task_conflict_t0_t0,task_grad_norm_cv,task_loss__glue_rte,utilization_ratio
50.0,0.6207183599472046,0.6124497991967871,0.6481434679948367,0.5884476534296029,0.6659062645501561,1.0,0.0,0.0,0.0,0.0,0.0,1.0,1.0,1.0,1.0,1.0,0.0087265389183893,1.0,0.0,0.0,0.05235923351033579,0.0,1.0,0.0,0.0,0.0,0.0,1.0,0.0,0.05235923351033579,0.0,0.0,1.0,1.0,1.0,1.0,1.0,1.0085567847293826,552712261676.7883,1.0,0.6850822178465364,0.5527122616767883,0.0014135291567072272,0.0,0.44587403535842896,0.5884476534296029,1.0,0.0,0.6659062645501561,0.5
100.0,0.7668836414813995,0.6807228915662651,0.6108168355738506,0.628158844765343,0.6478003660837809,1.0,0.0,0.0,0.0,0.0,0.0,1.0,1.0,1.0,1.0,1.0,0.010727208449054318,1.0,0.0,0.0,0.06436325069432591,0.0,1.0,0.0,0.0,0.0,0.0,1.0,0.0,0.06436325069432591,0.0,0.0,1.0,1.0,1.0,1.0,1.0,1.001245379447937,517650306224.823,1.0,0.6914882307018184,0.517650306224823,0.0,0.0,0.4823497533798218,0.628158844765343,1.0,0.0,0.6478003660837809,0.5
150.0,0.6520563364028931,0.736144578313253,0.5467733995081522,0.6462093862815884,0.6049397281474538,1.0,0.0,0.0,0.0,0.0,0.0,1.0,1.0,1.0,1.0,1.0,-0.0002743736902667933,1.0,0.0,0.0,-0.0016462421416007598,0.0,1.0,0.0,0.0,0.0,0.0,1.0,0.0,-0.0016462421416007598,0.0,0.0,1.0,1.0,1.0,1.0,1.0,1.0049790138031227,535325109958.6487,1.0,0.6895501312366031,0.4646749794483185,0.0,0.0,0.5353251099586487,0.6462093862815884,1.0,0.0,0.6049397281474538,0.5
