step,train_step_loss,train_acc,train_loss,val_acc,val_loss,avg_intra_expert_coherence,expert_diversity_e0,expert_diversity_e1,expert_diversity_e2,expert_diversity_e3,expert_diversity_mean,expert_purity_e0,expert_purity_e1,expert_purity_e2,expert_purity_e3,expert_purity_mean,inter_expert_similarity,inter_expert_similarity_e0_e0,inter_expert_similarity_e0_e1,inter_expert_similarity_e0_e2,inter_expert_similarity_e0_e3,inter_expert_similarity_e1_e0,inter_expert_similarity_e1_e1,inter_expert_similarity_e1_e2,inter_expert_similarity_e1_e3,inter_expert_similarity_e2_e0,inter_expert_similarity_e2_e1,inter_expert_similarity_e2_e2,inter_expert_similarity_e2_e3,inter_expert_similarity_e3_e0,inter_expert_similarity_e3_e1,inter_expert_similarity_e3_e2,inter_expert_similarity_e3_e3,intra_expert_coherence_e0,intra_expert_coherence_e1,intra_expert_coherence_e2,intra_expert_coherence_e3,load_cv,load_max_min_ratio,overall_task_conflict_cos,router_entropy,router_load_e0,router_load_e1,router_load_e2,router_load_e3,task_acc__glue_rte,task_conflict_t0_t0,task_grad_norm_cv,task_loss__glue_rte,utilization_ratio
50.0,0.6462502777576447,0.6112449799196787,0.6683411169892702,0.5956678700361011,0.6739315076006783,1.0,0.0,0.0,0.0,0.0,0.0,1.0,1.0,1.0,1.0,1.0,-0.039932217476888035,1.0,0.0,0.0,0.0,0.0,1.0,0.0,-0.2395933048613282,0.0,0.0,1.0,0.0,0.0,-0.2395933048613282,0.0,1.0,1.0,1.0,1.0,1.0,1.0650415420532227,629573106765.7471,1.0,0.65893819444016,0.0,0.6295731067657471,0.0,0.3704269528388977,0.5956678700361011,1.0,0.0,0.6739315076006783,0.5
100.0,0.6917498111724854,0.5875502008032129,0.657971307520683,0.4981949458483754,0.6858695530229144,1.0,0.0,0.0,0.0,0.0,0.0,1.0,1.0,1.0,1.0,1.0,-0.04199958787665942,1.0,0.0,0.0,0.0,0.0,1.0,0.0,-0.2519975272599565,0.0,0.0,1.0,0.0,0.0,-0.2519975272599565,0.0,1.0,1.0,1.0,1.0,1.0,1.0508595644403023,614185214042.6636,1.0,0.6661809609685133,0.0,0.6141852140426636,0.0,0.3858148753643036,0.4981949458483754,1.0,0.0,0.6858695530229144,0.5
150.0,0.7157214879989624,0.6337349397590362,0.6396279467413059,0.5956678700361011,0.6587229445576668,1.0,0.0,0.0,0.0,0.0,0.0,1.0,1.0,1.0,1.0,1.0,-0.010153665212296112,1.0,0.0,0.0,0.0,0.0,1.0,0.32368726547688215,-0.31287265557016974,0.0,0.32368726547688215,1.0,-0.07173660118048908,0.0,-0.31287265557016974,-0.07173660118048908,1.0,1.0,1.0,1.0,1.0,1.030554287301472,594847023487.0911,1.0,0.6733577983043685,0.0,0.5948470234870911,0.0030856607481837273,0.40206748247146606,0.5956678700361011,1.0,0.0,0.6587229445576668,0.5
