step,train_step_loss,train_acc,train_loss,val_acc,val_loss,router_entropy,router_load_e0,router_load_e1,router_load_e2,router_load_e3
30.0,0.6281070758899053,0.6130085633875964,0.6632530655258754,0.6077049690970485,0.6719993186776919,0.6336366799142625,0.0,0.6705422401428223,0.32945752143859863,0.0
50.0,0.639039546251297,0.625745881252294,0.6558256629486591,0.6160076283075439,0.6614768364836617,0.6366968222514346,0.0,0.666327953338623,0.3336721658706665,0.0
