step,train_step_loss,train_acc,train_loss,val_acc,val_loss,avg_intra_expert_coherence,expert_diversity_e0,expert_diversity_e1,expert_diversity_e2,expert_diversity_e3,expert_diversity_mean,expert_purity_e0,expert_purity_e1,expert_purity_e2,expert_purity_e3,expert_purity_mean,inter_expert_similarity,inter_expert_similarity_e0_e0,inter_expert_similarity_e0_e1,inter_expert_similarity_e0_e2,inter_expert_similarity_e0_e3,inter_expert_similarity_e1_e0,inter_expert_similarity_e1_e1,inter_expert_similarity_e1_e2,inter_expert_similarity_e1_e3,inter_expert_similarity_e2_e0,inter_expert_similarity_e2_e1,inter_expert_similarity_e2_e2,inter_expert_similarity_e2_e3,inter_expert_similarity_e3_e0,inter_expert_similarity_e3_e1,inter_expert_similarity_e3_e2,inter_expert_similarity_e3_e3,intra_expert_coherence_e0,intra_expert_coherence_e1,intra_expert_coherence_e2,intra_expert_coherence_e3,load_cv,load_max_min_ratio,overall_task_conflict_cos,router_entropy,router_load_e0,router_load_e1,router_load_e2,router_load_e3,task_acc__glue_rte,task_conflict_t0_t0,task_grad_norm_cv,task_loss__glue_rte,utilization_ratio
50.0,0.5962526798248291,0.5016064257028112,0.6827256280260209,0.5270758122743683,0.6768045077721278,1.0,0.0,0.0,0.0,0.0,0.0,1.0,1.0,1.0,1.0,1.0,0.002876466449987723,1.0,0.0,0.017258798699926338,0.0,0.0,1.0,0.0,0.0,0.017258798699926338,0.0,1.0,0.0,0.0,0.0,0.0,1.0,1.0,1.0,1.0,1.0,1.0459172156999836,608364462852.478,1.0,0.6678773986733777,0.3916354775428772,0.0,0.608364462852478,0.0,0.5270758122743683,1.0,0.0,0.6768045077721278,0.5
100.0,0.6815253794193268,0.6056224899598394,0.6648664897833115,0.555956678700361,0.6820222056574292,1.0,0.0,0.0,0.0,0.0,0.0,1.0,1.0,1.0,1.0,1.0,0.008086175949903893,1.0,0.0,0.048517055699423356,0.0,0.0,1.0,0.0,0.0,0.048517055699423356,0.0,1.0,0.0,0.0,0.0,0.0,1.0,1.0,1.0,1.0,1.0,1.01038658618927,557451009750.3662,1.0,0.6854829443921251,0.44098326563835144,0.0015657845651730895,0.5574510097503662,0.0,0.555956678700361,1.0,0.0,0.6820222056574292,0.5
150.0,0.6804453730583191,0.6919678714859437,0.61772870998352,0.6606498194945848,0.6472846625579728,1.0,0.0,0.0,0.0,0.0,0.0,1.0,1.0,1.0,1.0,1.0,0.007435281696253008,1.0,0.0,0.044611690177518044,0.0,0.0,1.0,0.0,0.0,0.044611690177518044,0.0,1.0,0.0,0.0,0.0,0.0,1.0,1.0,1.0,1.0,1.0,1.0591590404510498,645521163940.4297,1.0,0.6484314646531528,0.33681589365005493,0.017662974074482918,0.6455211639404297,0.0,0.6606498194945848,1.0,0.0,0.6472846625579728,0.5
