step,train_step_loss,train_acc,train_loss,val_acc,val_loss,avg_intra_expert_coherence,expert_diversity_e0,expert_diversity_e1,expert_diversity_e2,expert_diversity_e3,expert_diversity_mean,expert_purity_e0,expert_purity_e1,expert_purity_e2,expert_purity_e3,expert_purity_mean,inter_expert_similarity,inter_expert_similarity_e0_e0,inter_expert_similarity_e0_e1,inter_expert_similarity_e0_e2,inter_expert_similarity_e0_e3,inter_expert_similarity_e1_e0,inter_expert_similarity_e1_e1,inter_expert_similarity_e1_e2,inter_expert_similarity_e1_e3,inter_expert_similarity_e2_e0,inter_expert_similarity_e2_e1,inter_expert_similarity_e2_e2,inter_expert_similarity_e2_e3,inter_expert_similarity_e3_e0,inter_expert_similarity_e3_e1,inter_expert_similarity_e3_e2,inter_expert_similarity_e3_e3,intra_expert_coherence_e0,intra_expert_coherence_e1,intra_expert_coherence_e2,intra_expert_coherence_e3,load_cv,load_max_min_ratio,overall_task_conflict_cos,router_entropy,router_load_e0,router_load_e1,router_load_e2,router_load_e3,task_acc__amazon_polarity,task_acc__glue_sst2,task_acc__yelp_polarity,task_conflict_t0_t0,task_conflict_t0_t1,task_conflict_t0_t2,task_conflict_t1_t0,task_conflict_t1_t1,task_conflict_t1_t2,task_conflict_t2_t0,task_conflict_t2_t1,task_conflict_t2_t2,task_grad_norm_cv,task_loss__amazon_polarity,task_loss__glue_sst2,task_loss__yelp_polarity,utilization_ratio
1.0,0.6628714998563131,0.6302083333333334,0.6603773112098376,0.625,0.6683269118269285,0.3209448643225956,0.8315308727550037,0.8675205852366168,0.9126717642733784,0.9253814198789301,0.8842761605359822,0.617595374584198,0.590718686580658,0.526043713092804,0.4806525409221649,0.5537525787949562,0.13928235056777746,1.0,0.36739159428041784,0.10004747837013567,-0.11857035958063754,0.36739159428041784,1.0,0.27992131876355725,0.15542105005621354,0.10004747837013567,0.27992131876355725,1.0,0.05148302151697798,-0.11857035958063754,0.15542105005621354,0.05148302151697798,1.0,0.012101700060558884,0.5584018865334038,0.1588006216882278,0.554475249008192,0.5421051706138355,3.7506152480421053,0.31164098065296625,1.246333008011182,0.47765421867370605,0.17417673766613007,0.22081543505191803,0.12735356390476227,0.71875,0.59375,0.5625,1.0,0.4479663438197063,0.2533150205242181,0.4479663438197063,1.0,0.2336415776149743,0.2533150205242181,0.2336415776149743,1.0,0.3598759616278229,0.6896521970629692,0.6433071196079254,0.6720214188098907,1.0
