step,train_step_loss,train_acc,train_loss,val_acc,val_loss,alignment_reward,l_conflict,l_conflict_e0,l_conflict_e1,l_conflict_e2,l_conflict_e3,router_conflict_grad_l2,router_entropy,router_load_e0,router_load_e1,router_load_e2,router_load_e3
5.0,0.6124315559864044,0.7074700109051254,0.5909158752016399,0.7058823529411765,0.5836616559670522,0.03948742151260376,-0.03948742151260376,-0.007364308461546898,-0.005905565340071917,-0.017293887212872505,-0.008923658169806004,0.0,1.2861392848631914,0.19008208811283112,0.1448494791984558,0.429666668176651,0.23540179431438446
