step,train_step_loss,train_acc,train_loss,val_acc,val_loss,router_entropy,router_load_e0,router_load_e1,router_load_e2,router_load_e3
30.0,1.1175593038400014,0.33984375,1.1218969741215308,0.3388671875,1.1229930395881336,1.3665217434366543,0.3052860200405121,0.26404574513435364,0.18112719058990479,0.2495410442352295
60.0,1.1241232305765152,0.3409830729166667,1.0977537892758846,0.3375651041666667,1.1060594419638317,1.3711471979816754,0.2926228940486908,0.19440831243991852,0.23304341733455658,0.27992546558380127
90.0,1.0860453645388286,0.4034016927083333,1.0829957767079275,0.3395182291666667,1.1024883265296619,1.3734129071235657,0.25390639901161194,0.22179095447063446,0.21643666923046112,0.30786600708961487
100.0,1.0879062761863072,0.3753255208333333,1.0846727478007476,0.3369140625,1.118749961256981,1.3772450958689053,0.23867398500442505,0.24444037675857544,0.22146004438400269,0.2954255938529968
