step,train_step_loss,train_acc,train_loss,val_acc,val_loss,router_entropy,router_load_e0,router_load_e1,router_load_e2,router_load_e3
30.0,1.1208007062474887,0.326904296875,1.1021211296319962,0.3313802083333333,1.1033456424872081,1.3682535241047542,0.21832311153411865,0.24102884531021118,0.3250545263290405,0.21559344232082367
60.0,1.1268287152051926,0.326904296875,1.0999086337784927,0.3317057291666667,1.1017738406856854,1.3594371899962425,0.20459026098251343,0.21424077451229095,0.34687840938568115,0.23429058492183685
90.0,1.0961777021487553,0.394775390625,1.0861769927044709,0.3391927083333333,1.1020860821008682,1.3634476388494174,0.2079630345106125,0.2296382337808609,0.3384253978729248,0.2239733189344406
100.0,1.1163126478592555,0.337890625,1.0976648926734924,0.3486328125,1.1063203463951747,1.3611428166429203,0.1947014480829239,0.23060894012451172,0.3400310277938843,0.2346585988998413
