step,train_step_loss,train_acc,train_loss,val_acc,val_loss,avg_intra_expert_coherence,expert_diversity_e0,expert_diversity_e1,expert_diversity_e2,expert_diversity_e3,expert_diversity_mean,expert_purity_e0,expert_purity_e1,expert_purity_e2,expert_purity_e3,expert_purity_mean,inter_expert_similarity,inter_expert_similarity_e0_e0,inter_expert_similarity_e0_e1,inter_expert_similarity_e0_e2,inter_expert_similarity_e0_e3,inter_expert_similarity_e1_e0,inter_expert_similarity_e1_e1,inter_expert_similarity_e1_e2,inter_expert_similarity_e1_e3,inter_expert_similarity_e2_e0,inter_expert_similarity_e2_e1,inter_expert_similarity_e2_e2,inter_expert_similarity_e2_e3,inter_expert_similarity_e3_e0,inter_expert_similarity_e3_e1,inter_expert_similarity_e3_e2,inter_expert_similarity_e3_e3,intra_expert_coherence_e0,intra_expert_coherence_e1,intra_expert_coherence_e2,intra_expert_coherence_e3,load_cv,load_max_min_ratio,overall_task_conflict_cos,router_entropy,router_load_e0,router_load_e1,router_load_e2,router_load_e3,task_acc__glue_rte,task_conflict_t0_t0,task_grad_norm_cv,task_loss__glue_rte,utilization_ratio
50.0,0.6870647966861725,0.4983935742971888,0.6933628108638984,0.4729241877256318,0.6996856149699953,1.0,0.0,0.0,0.0,0.0,0.0,1.0,1.0,1.0,1.0,1.0,0.0037200076591295175,1.0,0.022320045954777105,0.0,0.0,0.022320045954777105,1.0,0.0,0.0,0.0,0.0,1.0,0.0,0.0,0.0,0.0,1.0,1.0,1.0,1.0,1.0,1.000292181968689,508548319339.7522,1.0,0.6924864832674984,0.4914516508579254,0.5085483193397522,0.0,0.0,0.4729241877256318,1.0,0.0,0.6996856149699953,0.5
100.0,0.7435500621795654,0.4991967871485944,0.6931801725274477,0.4729241877256318,0.6984646568695704,1.0,0.0,0.0,0.0,0.0,0.0,1.0,1.0,1.0,1.0,1.0,0.003368642685078615,1.0,0.02021185611047169,0.0,0.0,0.02021185611047169,1.0,0.0,0.0,0.0,0.0,1.0,0.0,0.0,0.0,0.0,1.0,1.0,1.0,1.0,1.0,1.00047767162323,510929346084.5947,1.0,0.6922962958201605,0.4890706241130829,0.5109293460845947,0.0,0.0,0.4729241877256318,1.0,0.0,0.6984646568695704,0.5
150.0,0.7296299934387207,0.4983935742971888,0.6952002556278156,0.4729241877256318,0.7033152066999011,1.0,0.0,0.0,0.0,0.0,0.0,1.0,1.0,1.0,1.0,1.0,0.005536488621186709,1.0,0.03321893172712025,0.0,0.0,0.03321893172712025,1.0,0.0,0.0,0.0,0.0,1.0,0.0,0.0,0.0,0.0,1.0,1.0,1.0,1.0,1.0,1.01994788646698,570969879627.2278,1.0,0.6822229851884533,0.42903009057044983,0.5709698796272278,0.0,0.0,0.4729241877256318,1.0,0.0,0.7033152066999011,0.5
