step,train_step_loss,train_acc,train_loss,val_acc,val_loss,avg_intra_expert_coherence,expert_diversity_e0,expert_diversity_e1,expert_diversity_e2,expert_diversity_e3,expert_diversity_mean,expert_purity_e0,expert_purity_e1,expert_purity_e2,expert_purity_e3,expert_purity_mean,inter_expert_similarity,inter_expert_similarity_e0_e0,inter_expert_similarity_e0_e1,inter_expert_similarity_e0_e2,inter_expert_similarity_e0_e3,inter_expert_similarity_e1_e0,inter_expert_similarity_e1_e1,inter_expert_similarity_e1_e2,inter_expert_similarity_e1_e3,inter_expert_similarity_e2_e0,inter_expert_similarity_e2_e1,inter_expert_similarity_e2_e2,inter_expert_similarity_e2_e3,inter_expert_similarity_e3_e0,inter_expert_similarity_e3_e1,inter_expert_similarity_e3_e2,inter_expert_similarity_e3_e3,intra_expert_coherence_e0,intra_expert_coherence_e1,intra_expert_coherence_e2,intra_expert_coherence_e3,load_cv,load_max_min_ratio,overall_task_conflict_cos,router_entropy,router_load_e0,router_load_e1,router_load_e2,router_load_e3,task_acc__glue_rte,task_conflict_t0_t0,task_grad_norm_cv,task_loss__glue_rte,utilization_ratio
50.0,0.5772740244865417,0.5016064257028112,0.6954595939471171,0.5270758122743683,0.686083473265171,1.0,0.0,0.0,0.0,0.0,0.0,1.0,1.0,1.0,1.0,1.0,-0.05170358804756559,1.0,0.0,0.0,0.0,0.0,1.0,0.0,0.0,0.0,0.0,1.0,-0.31022152828539357,0.0,0.0,-0.31022152828539357,1.0,1.0,1.0,1.0,1.0,1.000846266746521,514548540115.35645,1.0,0.6925576559473031,0.0,0.0,0.48545143008232117,0.5145485401153564,0.5270758122743683,1.0,0.0,0.686083473265171,0.5
100.0,0.6763784289360046,0.6429718875502008,0.6419324255142457,0.5848375451263538,0.6740259461932712,1.0,0.0,0.0,0.0,0.0,0.0,1.0,1.0,1.0,1.0,1.0,0.043473332313691104,1.0,0.0,0.0,0.0,0.0,1.0,0.0,0.0,0.0,0.0,1.0,0.2608399938821466,0.0,0.0,0.2608399938821466,1.0,1.0,1.0,1.0,1.0,1.0004876852035522,511043369770.05005,1.0,0.6925305820974632,0.0,0.0,0.48895666003227234,0.51104336977005,0.5848375451263538,1.0,0.0,0.6740259461932712,0.5
150.0,0.6878556609153748,0.6389558232931727,0.6217623084592514,0.6173285198555957,0.6496167414718204,1.0,0.0,0.0,0.0,0.0,0.0,1.0,1.0,1.0,1.0,1.0,-0.10640428057615331,1.0,0.0,0.0,0.0,0.0,1.0,0.0,0.0,0.0,0.0,1.0,-0.6384256834569199,0.0,0.0,-0.6384256834569199,1.0,1.0,1.0,1.0,1.0,1.0001866817474365,506831586360.9314,1.0,0.6926389188112335,0.0,0.0,0.5068315863609314,0.4931684732437134,0.6173285198555957,1.0,0.0,0.6496167414718204,0.5
