step,train_step_loss,train_acc,train_loss,val_acc,val_loss,avg_intra_expert_coherence,expert_diversity_e0,expert_diversity_e1,expert_diversity_e2,expert_diversity_e3,expert_diversity_mean,expert_purity_e0,expert_purity_e1,expert_purity_e2,expert_purity_e3,expert_purity_mean,inter_expert_similarity,inter_expert_similarity_e0_e0,inter_expert_similarity_e0_e1,inter_expert_similarity_e0_e2,inter_expert_similarity_e0_e3,inter_expert_similarity_e1_e0,inter_expert_similarity_e1_e1,inter_expert_similarity_e1_e2,inter_expert_similarity_e1_e3,inter_expert_similarity_e2_e0,inter_expert_similarity_e2_e1,inter_expert_similarity_e2_e2,inter_expert_similarity_e2_e3,inter_expert_similarity_e3_e0,inter_expert_similarity_e3_e1,inter_expert_similarity_e3_e2,inter_expert_similarity_e3_e3,intra_expert_coherence_e0,intra_expert_coherence_e1,intra_expert_coherence_e2,intra_expert_coherence_e3,load_cv,load_max_min_ratio,overall_task_conflict_cos,router_entropy,router_load_e0,router_load_e1,router_load_e2,router_load_e3,task_acc__glue_rte,task_conflict_t0_t0,task_grad_norm_cv,task_loss__glue_rte,utilization_ratio
50.0,0.6851301193237305,0.4983935742971888,0.7023020861240534,0.4729241877256318,0.7118029975228839,1.0,0.0,0.0,0.0,0.0,0.0,1.0,1.0,1.0,1.0,1.0,0.02252575246028618,1.0,0.0,0.13515451476171708,0.0,0.0,1.0,0.0,0.0,0.13515451476171708,0.0,1.0,0.0,0.0,0.0,0.0,1.0,1.0,1.0,1.0,1.0,1.462789535522461,877450883388.5193,1.0,0.371973488735378,0.8774508833885193,0.0,0.1225491315126419,0.0,0.4729241877256318,1.0,0.0,0.7118029975228839,0.25
100.0,0.7474832534790039,0.4983935742971888,0.6944599346090586,0.4729241877256318,0.6978611929549111,1.0,0.0,0.0,0.0,0.0,0.0,1.0,1.0,1.0,1.0,1.0,0.03230904410776257,1.0,0.0,0.19385426464657543,0.0,0.0,1.0,0.0,0.0,0.19385426464657543,0.0,1.0,0.0,0.0,0.0,0.0,1.0,1.0,1.0,1.0,1.0,1.425046342600264,858949542045.5933,1.0,0.40686627673758496,0.8589495420455933,0.0,0.14105075597763062,0.0,0.4729241877256318,1.0,0.0,0.6978611929549111,0.5
150.0,0.7309393286705017,0.4983935742971888,0.6934904796190751,0.4729241877256318,0.6951147649023268,1.0,0.0,0.0,0.0,0.0,0.0,1.0,1.0,1.0,1.0,1.0,0.023952221419436457,1.0,0.14371332851661875,0.0,0.0,0.14371332851661875,1.0,0.0,0.0,0.0,0.0,1.0,0.0,0.0,0.0,0.0,1.0,1.0,1.0,1.0,1.0,1.5527909868261847,919994235038.7573,1.0,0.27878406676144374,0.9199942350387573,0.08000604063272476,0.0,0.0,0.4729241877256318,1.0,0.0,0.6951147649023268,0.25
