step,train_step_loss,train_acc,train_loss,val_acc,val_loss,avg_intra_expert_coherence,expert_diversity_e0,expert_diversity_e1,expert_diversity_e2,expert_diversity_e3,expert_diversity_mean,expert_purity_e0,expert_purity_e1,expert_purity_e2,expert_purity_e3,expert_purity_mean,inter_expert_similarity,inter_expert_similarity_e0_e0,inter_expert_similarity_e0_e1,inter_expert_similarity_e0_e2,inter_expert_similarity_e0_e3,inter_expert_similarity_e1_e0,inter_expert_similarity_e1_e1,inter_expert_similarity_e1_e2,inter_expert_similarity_e1_e3,inter_expert_similarity_e2_e0,inter_expert_similarity_e2_e1,inter_expert_similarity_e2_e2,inter_expert_similarity_e2_e3,inter_expert_similarity_e3_e0,inter_expert_similarity_e3_e1,inter_expert_similarity_e3_e2,inter_expert_similarity_e3_e3,intra_expert_coherence_e0,intra_expert_coherence_e1,intra_expert_coherence_e2,intra_expert_coherence_e3,load_cv,load_max_min_ratio,overall_task_conflict_cos,router_entropy,router_load_e0,router_load_e1,router_load_e2,router_load_e3,task_acc__glue_rte,task_conflict_t0_t0,task_grad_norm_cv,task_loss__glue_rte,utilization_ratio
50.0,0.725388914346695,0.5016064257028112,0.6931993857408181,0.5270758122743683,0.6920827312601937,1.0,0.0,0.0,0.0,0.0,0.0,1.0,1.0,1.0,1.0,1.0,0.006953331646564268,1.0,0.04171998987938561,0.0,0.0,0.04171998987938561,1.0,0.0,0.0,0.0,0.0,1.0,0.0,0.0,0.0,0.0,1.0,1.0,1.0,1.0,1.0,1.1341882944107056,689203321933.7463,1.0,0.6197365354544849,0.3107966482639313,0.6892033219337463,0.0,0.0,0.5270758122743683,1.0,0.0,0.6920827312601937,0.5
100.0,0.7171240150928497,0.4983935742971888,0.7012250792139616,0.4729241877256318,0.710041312707795,1.0,0.0,0.0,0.0,0.0,0.0,1.0,1.0,1.0,1.0,1.0,0.018719788449183778,1.0,0.11231873069510268,0.0,0.0,0.11231873069510268,1.0,0.0,0.0,0.0,0.0,1.0,0.0,0.0,0.0,0.0,1.0,1.0,1.0,1.0,1.0,1.2405547522175904,759561359882.3547,1.0,0.5515852249916711,0.24043890833854675,0.7595613598823547,0.0,0.0,0.4729241877256318,1.0,0.0,0.710041312707795,0.5
150.0,0.7230410277843475,0.5016064257028112,0.6991730059186617,0.5270758122743683,0.6910490112172233,1.0,0.0,0.0,0.0,0.0,0.0,1.0,1.0,1.0,1.0,1.0,0.022910643117309736,1.0,0.1374638587038584,0.0,0.0,0.1374638587038584,1.0,0.0,0.0,0.0,0.0,1.0,0.0,0.0,0.0,0.0,1.0,1.0,1.0,1.0,1.0,1.2603502763779124,771219789981.842,1.0,0.5377978572776602,0.22877979278564453,0.771219789981842,0.0,0.0,0.5270758122743683,1.0,0.0,0.6910490112172233,0.5
