step,train_step_loss,train_acc,train_loss,val_acc,val_loss,avg_intra_expert_coherence,expert_diversity_e0,expert_diversity_e1,expert_diversity_e2,expert_diversity_e3,expert_diversity_mean,expert_purity_e0,expert_purity_e1,expert_purity_e2,expert_purity_e3,expert_purity_mean,inter_expert_similarity,inter_expert_similarity_e0_e0,inter_expert_similarity_e0_e1,inter_expert_similarity_e0_e2,inter_expert_similarity_e0_e3,inter_expert_similarity_e1_e0,inter_expert_similarity_e1_e1,inter_expert_similarity_e1_e2,inter_expert_similarity_e1_e3,inter_expert_similarity_e2_e0,inter_expert_similarity_e2_e1,inter_expert_similarity_e2_e2,inter_expert_similarity_e2_e3,inter_expert_similarity_e3_e0,inter_expert_similarity_e3_e1,inter_expert_similarity_e3_e2,inter_expert_similarity_e3_e3,intra_expert_coherence_e0,intra_expert_coherence_e1,intra_expert_coherence_e2,intra_expert_coherence_e3,load_cv,load_max_min_ratio,overall_task_conflict_cos,router_entropy,router_load_e0,router_load_e1,router_load_e2,router_load_e3,task_acc__glue_cola,task_acc__glue_mrpc,task_acc__glue_rte,task_conflict_t0_t0,task_conflict_t0_t1,task_conflict_t0_t2,task_conflict_t1_t0,task_conflict_t1_t1,task_conflict_t1_t2,task_conflict_t2_t0,task_conflict_t2_t1,task_conflict_t2_t2,task_grad_norm_cv,task_loss__glue_cola,task_loss__glue_mrpc,task_loss__glue_rte,utilization_ratio
1.0,0.47539325555165607,0.6269932987083421,0.7513393660969386,0.6195231284673394,0.7649773219299609,0.8973132181400743,0.9439822444602916,0.9752218682900766,0.9782702107721628,0.966449677663255,0.9659810002964466,0.49677929282188416,0.437552273273468,0.3996124267578125,0.4342895448207855,0.44205838441848755,0.09293709871550655,1.0,-0.10074008455285673,0.11454358902681153,0.22015970825684703,-0.10074008455285673,1.0,-0.20093132663065597,0.36100657116527757,0.11454358902681153,-0.20093132663065597,1.0,0.16358413502761598,0.22015970825684703,0.36100657116527757,0.16358413502761598,1.0,0.8857161104645902,0.8719810160354898,0.9235950702310057,0.9079606758292114,0.2795988917350769,2.3075759708625414,0.7897708226454002,1.315250096635686,0.3003959655761719,0.13380098342895508,0.30875593423843384,0.2570471167564392,0.7018216682646213,0.6838235294117647,0.4729241877256318,1.0,0.9046756684702356,0.730833508704985,0.9046756684702356,1.0,0.7338032907609804,0.730833508704985,0.7338032907609804,1.0,0.28220010311406085,0.5898029036421812,0.6919067098813898,1.0132223522663117,1.0
