step,train_step_loss,train_acc,train_loss,val_acc,val_loss,avg_intra_expert_coherence,expert_diversity_e0,expert_diversity_e1,expert_diversity_e2,expert_diversity_e3,expert_diversity_mean,expert_purity_e0,expert_purity_e1,expert_purity_e2,expert_purity_e3,expert_purity_mean,inter_expert_similarity,inter_expert_similarity_e0_e0,inter_expert_similarity_e0_e1,inter_expert_similarity_e0_e2,inter_expert_similarity_e0_e3,inter_expert_similarity_e1_e0,inter_expert_similarity_e1_e1,inter_expert_similarity_e1_e2,inter_expert_similarity_e1_e3,inter_expert_similarity_e2_e0,inter_expert_similarity_e2_e1,inter_expert_similarity_e2_e2,inter_expert_similarity_e2_e3,inter_expert_similarity_e3_e0,inter_expert_similarity_e3_e1,inter_expert_similarity_e3_e2,inter_expert_similarity_e3_e3,intra_expert_coherence_e0,intra_expert_coherence_e1,intra_expert_coherence_e2,intra_expert_coherence_e3,load_cv,load_max_min_ratio,overall_task_conflict_cos,router_entropy,router_load_e0,router_load_e1,router_load_e2,router_load_e3,task_acc__glue_cola,task_acc__glue_mrpc,task_acc__glue_rte,task_conflict_t0_t0,task_conflict_t0_t1,task_conflict_t0_t2,task_conflict_t1_t0,task_conflict_t1_t1,task_conflict_t1_t2,task_conflict_t2_t0,task_conflict_t2_t1,task_conflict_t2_t2,task_grad_norm_cv,task_loss__glue_cola,task_loss__glue_mrpc,task_loss__glue_rte,utilization_ratio
1.0,0.5405693134913842,0.6258367572973684,0.9683763504783335,0.6168246217715961,1.0062392348531028,0.8310382806117849,0.8918461260344702,0.3128362421694502,0.965190214053474,0.3346106014565376,0.626120795928483,0.4568219780921936,0.8915755152702332,0.4088936150074005,0.8878491520881653,0.6612850651144981,0.252694937004214,1.0,0.2515024014701319,0.2602595429594672,0.26103930409449577,0.2515024014701319,1.0,0.2597834014180188,0.23338928740474654,0.2602595429594672,0.2597834014180188,1.0,0.25019568467842374,0.26103930409449577,0.23338928740474654,0.25019568467842374,1.0,0.979157371137731,0.4124184332975376,0.9692928620677853,0.9632844559440855,1.3870096476055032,200.73765405882762,0.9608216795129948,0.4143177137054779,0.8429780006408691,0.010675739496946335,0.14214704930782318,0.0041994014754891396,0.6912751677852349,0.6862745098039216,0.4729241877256318,1.0,0.9606039713688699,0.9827075849047778,0.9606039713688699,1.0,0.9391534822653367,0.9827075849047778,0.9391534822653367,1.0,0.44448442996277715,0.9661381242384437,0.7007666981103373,1.3518128822105273,0.5
