step,train_step_loss,train_acc,train_loss,val_acc,val_loss,avg_intra_expert_coherence,expert_diversity_e0,expert_diversity_e1,expert_diversity_e2,expert_diversity_e3,expert_diversity_mean,expert_purity_e0,expert_purity_e1,expert_purity_e2,expert_purity_e3,expert_purity_mean,inter_expert_similarity,inter_expert_similarity_e0_e0,inter_expert_similarity_e0_e1,inter_expert_similarity_e0_e2,inter_expert_similarity_e0_e3,inter_expert_similarity_e1_e0,inter_expert_similarity_e1_e1,inter_expert_similarity_e1_e2,inter_expert_similarity_e1_e3,inter_expert_similarity_e2_e0,inter_expert_similarity_e2_e1,inter_expert_similarity_e2_e2,inter_expert_similarity_e2_e3,inter_expert_similarity_e3_e0,inter_expert_similarity_e3_e1,inter_expert_similarity_e3_e2,inter_expert_similarity_e3_e3,intra_expert_coherence_e0,intra_expert_coherence_e1,intra_expert_coherence_e2,intra_expert_coherence_e3,load_cv,load_max_min_ratio,overall_task_conflict_cos,router_entropy,router_load_e0,router_load_e1,router_load_e2,router_load_e3,task_acc__glue_rte,task_conflict_t0_t0,task_grad_norm_cv,task_loss__glue_rte,utilization_ratio
50.0,0.6167839765548706,0.6445783132530121,0.6429117149458481,0.628158844765343,0.6469486272997327,1.0,0.0,0.0,0.0,0.0,0.0,1.0,1.0,1.0,1.0,1.0,0.0031418914571250812,1.0,0.018851348742750487,0.0,0.0,0.018851348742750487,1.0,0.0,0.0,0.0,0.0,1.0,0.0,0.0,0.0,0.0,1.0,1.0,1.0,1.0,1.0,1.0272419452667236,583085775375.3662,1.0,0.6780444844104753,0.5830857753753662,0.4169142246246338,0.0,0.0,0.628158844765343,1.0,0.0,0.6469486272997327,0.5
100.0,0.827711671590805,0.5927710843373494,0.657302342259731,0.5631768953068592,0.6832059671481451,1.0,0.0,0.0,0.0,0.0,0.0,1.0,1.0,1.0,1.0,1.0,0.007838274945926045,1.0,0.04702964967555627,0.0,0.0,0.04702964967555627,1.0,0.0,0.0,0.0,0.0,1.0,0.0,0.0,0.0,0.0,1.0,1.0,1.0,1.0,1.0,1.0190229415893555,569288909435.2722,1.0,0.6828426238862185,0.5692889094352722,0.43071115016937256,0.0,0.0,0.5631768953068592,1.0,0.0,0.6832059671481451,0.5
150.0,0.5997799336910248,0.7417670682730924,0.5734673365377463,0.7003610108303249,0.5980020016431808,1.0,0.0,0.0,0.0,0.0,0.0,1.0,1.0,1.0,1.0,1.0,0.0003130845717188706,1.0,0.0018785074303132234,0.0,0.0,0.0018785074303132234,1.0,0.0,0.0,0.0,0.0,1.0,0.0,0.0,0.0,0.0,1.0,1.0,1.0,1.0,1.0,1.0143277645111084,560063481330.8716,1.0,0.6851204913445759,0.5600634813308716,0.43993648886680603,0.0,0.0,0.7003610108303249,1.0,0.0,0.5980020016431808,0.5
