step,train_step_loss,train_acc,train_loss,val_acc,val_loss,avg_intra_expert_coherence,expert_diversity_e0,expert_diversity_e1,expert_diversity_e2,expert_diversity_e3,expert_diversity_mean,expert_purity_e0,expert_purity_e1,expert_purity_e2,expert_purity_e3,expert_purity_mean,inter_expert_similarity,inter_expert_similarity_e0_e0,inter_expert_similarity_e0_e1,inter_expert_similarity_e0_e2,inter_expert_similarity_e0_e3,inter_expert_similarity_e1_e0,inter_expert_similarity_e1_e1,inter_expert_similarity_e1_e2,inter_expert_similarity_e1_e3,inter_expert_similarity_e2_e0,inter_expert_similarity_e2_e1,inter_expert_similarity_e2_e2,inter_expert_similarity_e2_e3,inter_expert_similarity_e3_e0,inter_expert_similarity_e3_e1,inter_expert_similarity_e3_e2,inter_expert_similarity_e3_e3,intra_expert_coherence_e0,intra_expert_coherence_e1,intra_expert_coherence_e2,intra_expert_coherence_e3,load_cv,load_max_min_ratio,overall_task_conflict_cos,router_entropy,router_load_e0,router_load_e1,router_load_e2,router_load_e3,task_acc__glue_rte,task_conflict_t0_t0,task_grad_norm_cv,task_loss__glue_rte,utilization_ratio
50.0,0.6391211450099945,0.5016064257028112,0.6969368034066298,0.5270758122743683,0.6896582394838333,1.0,0.0,0.0,0.0,0.0,0.0,1.0,1.0,1.0,1.0,1.0,0.008497774770025748,1.0,0.0,0.0,0.050986648620154486,0.0,1.0,0.0,0.0,0.0,0.0,1.0,0.0,0.050986648620154486,0.0,0.0,1.0,1.0,1.0,1.0,1.0,1.005863904953003,538343966007.23267,1.0,0.6900739583728116,0.5383439660072327,0.0,0.0,0.4616560935974121,0.5270758122743683,1.0,0.0,0.6896582394838333,0.5
100.0,0.6891373693943024,0.5076305220883535,0.6914299421203441,0.5234657039711191,0.6903661108679242,1.0,0.0,0.0,0.0,0.0,0.0,1.0,1.0,1.0,1.0,1.0,0.008182953726765202,1.0,0.0,0.0,0.049097722360591206,0.0,1.0,0.0,0.0,0.0,0.0,1.0,0.0,0.049097722360591206,0.0,0.0,1.0,1.0,1.0,1.0,1.0,1.0004310607910156,510382711887.3596,1.0,0.6928710567391736,0.4896172881126404,0.0,0.0,0.5103827118873596,0.5234657039711191,1.0,0.0,0.6903661108679242,0.5
150.0,0.7051791250705719,0.5016064257028112,0.6944935747446158,0.5270758122743683,0.6905250979794396,1.0,0.0,0.0,0.0,0.0,0.0,1.0,1.0,1.0,1.0,1.0,0.006120043710506416,1.0,0.0,0.0,0.0367202622630385,0.0,1.0,0.0,0.0,0.0,0.0,1.0,0.0,0.0367202622630385,0.0,0.0,1.0,1.0,1.0,1.0,1.0,1.0006104707717896,512355029582.9773,1.0,0.692841844007857,0.4876450002193451,0.0,0.0,0.5123550295829773,0.5270758122743683,1.0,0.0,0.6905250979794396,0.5
