method,candidate_id,seed,best_val_acc,final_val_acc,score_05_05,reused,summary_json,curve_csv
cagrad,coord_01_anchor,2,0.8050541516245487,0.8050541516245487,0.8050541516245487,False,/home/zhujjing/MOE-grad-conflict-routing/runs/paper_suite/single_gpu/single_task/deberta_rte_lora_e4_k2_supplement/hpo/cagrad/trial_runs/coord_01_anchor/cagrad_s2.json,/home/zhujjing/MOE-grad-conflict-routing/runs/paper_suite/single_gpu/single_task/deberta_rte_lora_e4_k2_supplement/hpo/cagrad/trial_runs/coord_01_anchor/cagrad_s2_curve.csv
cagrad,coord_01_anchor,3,0.7436823104693141,0.7364620938628159,0.7400722021660651,False,/home/zhujjing/MOE-grad-conflict-routing/runs/paper_suite/single_gpu/single_task/deberta_rte_lora_e4_k2_supplement/hpo/cagrad/trial_runs/coord_01_anchor/cagrad_s3.json,/home/zhujjing/MOE-grad-conflict-routing/runs/paper_suite/single_gpu/single_task/deberta_rte_lora_e4_k2_supplement/hpo/cagrad/trial_runs/coord_01_anchor/cagrad_s3_curve.csv
cagrad,coord_01_train_lr_000,2,0.7906137184115524,0.7906137184115524,0.7906137184115524,False,/home/zhujjing/MOE-grad-conflict-routing/runs/paper_suite/single_gpu/single_task/deberta_rte_lora_e4_k2_supplement/hpo/cagrad/trial_runs/coord_01_train_lr_000/cagrad_s2.json,/home/zhujjing/MOE-grad-conflict-routing/runs/paper_suite/single_gpu/single_task/deberta_rte_lora_e4_k2_supplement/hpo/cagrad/trial_runs/coord_01_train_lr_000/cagrad_s2_curve.csv
cagrad,coord_01_train_lr_000,3,0.7653429602888087,0.7653429602888087,0.7653429602888087,False,/home/zhujjing/MOE-grad-conflict-routing/runs/paper_suite/single_gpu/single_task/deberta_rte_lora_e4_k2_supplement/hpo/cagrad/trial_runs/coord_01_train_lr_000/cagrad_s3.json,/home/zhujjing/MOE-grad-conflict-routing/runs/paper_suite/single_gpu/single_task/deberta_rte_lora_e4_k2_supplement/hpo/cagrad/trial_runs/coord_01_train_lr_000/cagrad_s3_curve.csv
cagrad,coord_01_train_lr_001,2,0.740072202166065,0.740072202166065,0.740072202166065,False,/home/zhujjing/MOE-grad-conflict-routing/runs/paper_suite/single_gpu/single_task/deberta_rte_lora_e4_k2_supplement/hpo/cagrad/trial_runs/coord_01_train_lr_001/cagrad_s2.json,/home/zhujjing/MOE-grad-conflict-routing/runs/paper_suite/single_gpu/single_task/deberta_rte_lora_e4_k2_supplement/hpo/cagrad/trial_runs/coord_01_train_lr_001/cagrad_s2_curve.csv
cagrad,coord_01_train_lr_001,3,0.7075812274368231,0.7075812274368231,0.7075812274368231,False,/home/zhujjing/MOE-grad-conflict-routing/runs/paper_suite/single_gpu/single_task/deberta_rte_lora_e4_k2_supplement/hpo/cagrad/trial_runs/coord_01_train_lr_001/cagrad_s3.json,/home/zhujjing/MOE-grad-conflict-routing/runs/paper_suite/single_gpu/single_task/deberta_rte_lora_e4_k2_supplement/hpo/cagrad/trial_runs/coord_01_train_lr_001/cagrad_s3_curve.csv
cagrad,coord_01_train_lr_002,2,0.8014440433212996,0.8014440433212996,0.8014440433212996,False,/home/zhujjing/MOE-grad-conflict-routing/runs/paper_suite/single_gpu/single_task/deberta_rte_lora_e4_k2_supplement/hpo/cagrad/trial_runs/coord_01_train_lr_002/cagrad_s2.json,/home/zhujjing/MOE-grad-conflict-routing/runs/paper_suite/single_gpu/single_task/deberta_rte_lora_e4_k2_supplement/hpo/cagrad/trial_runs/coord_01_train_lr_002/cagrad_s2_curve.csv
cagrad,coord_01_train_lr_002,3,0.7581227436823105,0.7581227436823105,0.7581227436823105,False,/home/zhujjing/MOE-grad-conflict-routing/runs/paper_suite/single_gpu/single_task/deberta_rte_lora_e4_k2_supplement/hpo/cagrad/trial_runs/coord_01_train_lr_002/cagrad_s3.json,/home/zhujjing/MOE-grad-conflict-routing/runs/paper_suite/single_gpu/single_task/deberta_rte_lora_e4_k2_supplement/hpo/cagrad/trial_runs/coord_01_train_lr_002/cagrad_s3_curve.csv
cagrad,coord_01_train_lr_003,2,0.5270758122743683,0.5270758122743683,0.5270758122743683,False,/home/zhujjing/MOE-grad-conflict-routing/runs/paper_suite/single_gpu/single_task/deberta_rte_lora_e4_k2_supplement/hpo/cagrad/trial_runs/coord_01_train_lr_003/cagrad_s2.json,/home/zhujjing/MOE-grad-conflict-routing/runs/paper_suite/single_gpu/single_task/deberta_rte_lora_e4_k2_supplement/hpo/cagrad/trial_runs/coord_01_train_lr_003/cagrad_s2_curve.csv
cagrad,coord_01_train_lr_003,3,0.5270758122743683,0.5270758122743683,0.5270758122743683,False,/home/zhujjing/MOE-grad-conflict-routing/runs/paper_suite/single_gpu/single_task/deberta_rte_lora_e4_k2_supplement/hpo/cagrad/trial_runs/coord_01_train_lr_003/cagrad_s3.json,/home/zhujjing/MOE-grad-conflict-routing/runs/paper_suite/single_gpu/single_task/deberta_rte_lora_e4_k2_supplement/hpo/cagrad/trial_runs/coord_01_train_lr_003/cagrad_s3_curve.csv
cagrad,coord_01_train_lr_004,2,0.6606498194945848,0.6606498194945848,0.6606498194945848,False,/home/zhujjing/MOE-grad-conflict-routing/runs/paper_suite/single_gpu/single_task/deberta_rte_lora_e4_k2_supplement/hpo/cagrad/trial_runs/coord_01_train_lr_004/cagrad_s2.json,/home/zhujjing/MOE-grad-conflict-routing/runs/paper_suite/single_gpu/single_task/deberta_rte_lora_e4_k2_supplement/hpo/cagrad/trial_runs/coord_01_train_lr_004/cagrad_s2_curve.csv
cagrad,coord_01_train_lr_004,3,0.7545126353790613,0.7545126353790613,0.7545126353790613,False,/home/zhujjing/MOE-grad-conflict-routing/runs/paper_suite/single_gpu/single_task/deberta_rte_lora_e4_k2_supplement/hpo/cagrad/trial_runs/coord_01_train_lr_004/cagrad_s3.json,/home/zhujjing/MOE-grad-conflict-routing/runs/paper_suite/single_gpu/single_task/deberta_rte_lora_e4_k2_supplement/hpo/cagrad/trial_runs/coord_01_train_lr_004/cagrad_s3_curve.csv
cagrad,coord_01_train_lr_005,2,0.7942238267148014,0.7942238267148014,0.7942238267148014,False,/home/zhujjing/MOE-grad-conflict-routing/runs/paper_suite/single_gpu/single_task/deberta_rte_lora_e4_k2_supplement/hpo/cagrad/trial_runs/coord_01_train_lr_005/cagrad_s2.json,/home/zhujjing/MOE-grad-conflict-routing/runs/paper_suite/single_gpu/single_task/deberta_rte_lora_e4_k2_supplement/hpo/cagrad/trial_runs/coord_01_train_lr_005/cagrad_s2_curve.csv
cagrad,coord_01_train_lr_005,3,0.8303249097472925,0.8303249097472925,0.8303249097472925,False,/home/zhujjing/MOE-grad-conflict-routing/runs/paper_suite/single_gpu/single_task/deberta_rte_lora_e4_k2_supplement/hpo/cagrad/trial_runs/coord_01_train_lr_005/cagrad_s3.json,/home/zhujjing/MOE-grad-conflict-routing/runs/paper_suite/single_gpu/single_task/deberta_rte_lora_e4_k2_supplement/hpo/cagrad/trial_runs/coord_01_train_lr_005/cagrad_s3_curve.csv
cagrad,coord_01_train_lr_006,2,0.5270758122743683,0.5270758122743683,0.5270758122743683,False,/home/zhujjing/MOE-grad-conflict-routing/runs/paper_suite/single_gpu/single_task/deberta_rte_lora_e4_k2_supplement/hpo/cagrad/trial_runs/coord_01_train_lr_006/cagrad_s2.json,/home/zhujjing/MOE-grad-conflict-routing/runs/paper_suite/single_gpu/single_task/deberta_rte_lora_e4_k2_supplement/hpo/cagrad/trial_runs/coord_01_train_lr_006/cagrad_s2_curve.csv
cagrad,coord_01_train_lr_006,3,0.5703971119133574,0.555956678700361,0.5631768953068592,False,/home/zhujjing/MOE-grad-conflict-routing/runs/paper_suite/single_gpu/single_task/deberta_rte_lora_e4_k2_supplement/hpo/cagrad/trial_runs/coord_01_train_lr_006/cagrad_s3.json,/home/zhujjing/MOE-grad-conflict-routing/runs/paper_suite/single_gpu/single_task/deberta_rte_lora_e4_k2_supplement/hpo/cagrad/trial_runs/coord_01_train_lr_006/cagrad_s3_curve.csv
cagrad,coord_01_train_lr_007,2,0.4729241877256318,0.4729241877256318,0.4729241877256318,False,/home/zhujjing/MOE-grad-conflict-routing/runs/paper_suite/single_gpu/single_task/deberta_rte_lora_e4_k2_supplement/hpo/cagrad/trial_runs/coord_01_train_lr_007/cagrad_s2.json,/home/zhujjing/MOE-grad-conflict-routing/runs/paper_suite/single_gpu/single_task/deberta_rte_lora_e4_k2_supplement/hpo/cagrad/trial_runs/coord_01_train_lr_007/cagrad_s2_curve.csv
cagrad,coord_01_train_lr_007,3,0.4729241877256318,0.4729241877256318,0.4729241877256318,False,/home/zhujjing/MOE-grad-conflict-routing/runs/paper_suite/single_gpu/single_task/deberta_rte_lora_e4_k2_supplement/hpo/cagrad/trial_runs/coord_01_train_lr_007/cagrad_s3.json,/home/zhujjing/MOE-grad-conflict-routing/runs/paper_suite/single_gpu/single_task/deberta_rte_lora_e4_k2_supplement/hpo/cagrad/trial_runs/coord_01_train_lr_007/cagrad_s3_curve.csv
cagrad,coord_01_train_lr_008,2,0.7292418772563177,0.7292418772563177,0.7292418772563177,False,/home/zhujjing/MOE-grad-conflict-routing/runs/paper_suite/single_gpu/single_task/deberta_rte_lora_e4_k2_supplement/hpo/cagrad/trial_runs/coord_01_train_lr_008/cagrad_s2.json,/home/zhujjing/MOE-grad-conflict-routing/runs/paper_suite/single_gpu/single_task/deberta_rte_lora_e4_k2_supplement/hpo/cagrad/trial_runs/coord_01_train_lr_008/cagrad_s2_curve.csv
cagrad,coord_01_train_lr_008,3,0.7581227436823105,0.7581227436823105,0.7581227436823105,False,/home/zhujjing/MOE-grad-conflict-routing/runs/paper_suite/single_gpu/single_task/deberta_rte_lora_e4_k2_supplement/hpo/cagrad/trial_runs/coord_01_train_lr_008/cagrad_s3.json,/home/zhujjing/MOE-grad-conflict-routing/runs/paper_suite/single_gpu/single_task/deberta_rte_lora_e4_k2_supplement/hpo/cagrad/trial_runs/coord_01_train_lr_008/cagrad_s3_curve.csv
cagrad,coord_01_train_lr_009,2,0.5270758122743683,0.5270758122743683,0.5270758122743683,False,/home/zhujjing/MOE-grad-conflict-routing/runs/paper_suite/single_gpu/single_task/deberta_rte_lora_e4_k2_supplement/hpo/cagrad/trial_runs/coord_01_train_lr_009/cagrad_s2.json,/home/zhujjing/MOE-grad-conflict-routing/runs/paper_suite/single_gpu/single_task/deberta_rte_lora_e4_k2_supplement/hpo/cagrad/trial_runs/coord_01_train_lr_009/cagrad_s2_curve.csv
cagrad,coord_01_train_lr_009,3,0.4729241877256318,0.4729241877256318,0.4729241877256318,False,/home/zhujjing/MOE-grad-conflict-routing/runs/paper_suite/single_gpu/single_task/deberta_rte_lora_e4_k2_supplement/hpo/cagrad/trial_runs/coord_01_train_lr_009/cagrad_s3.json,/home/zhujjing/MOE-grad-conflict-routing/runs/paper_suite/single_gpu/single_task/deberta_rte_lora_e4_k2_supplement/hpo/cagrad/trial_runs/coord_01_train_lr_009/cagrad_s3_curve.csv
cagrad,coord_01_train_lr_010,2,0.7689530685920578,0.7653429602888087,0.7671480144404332,False,/home/zhujjing/MOE-grad-conflict-routing/runs/paper_suite/single_gpu/single_task/deberta_rte_lora_e4_k2_supplement/hpo/cagrad/trial_runs/coord_01_train_lr_010/cagrad_s2.json,/home/zhujjing/MOE-grad-conflict-routing/runs/paper_suite/single_gpu/single_task/deberta_rte_lora_e4_k2_supplement/hpo/cagrad/trial_runs/coord_01_train_lr_010/cagrad_s2_curve.csv
cagrad,coord_01_train_lr_010,3,0.7220216606498195,0.7220216606498195,0.7220216606498195,False,/home/zhujjing/MOE-grad-conflict-routing/runs/paper_suite/single_gpu/single_task/deberta_rte_lora_e4_k2_supplement/hpo/cagrad/trial_runs/coord_01_train_lr_010/cagrad_s3.json,/home/zhujjing/MOE-grad-conflict-routing/runs/paper_suite/single_gpu/single_task/deberta_rte_lora_e4_k2_supplement/hpo/cagrad/trial_runs/coord_01_train_lr_010/cagrad_s3_curve.csv
cagrad,coord_01_train_lr_011,2,0.628158844765343,0.628158844765343,0.628158844765343,False,/home/zhujjing/MOE-grad-conflict-routing/runs/paper_suite/single_gpu/single_task/deberta_rte_lora_e4_k2_supplement/hpo/cagrad/trial_runs/coord_01_train_lr_011/cagrad_s2.json,/home/zhujjing/MOE-grad-conflict-routing/runs/paper_suite/single_gpu/single_task/deberta_rte_lora_e4_k2_supplement/hpo/cagrad/trial_runs/coord_01_train_lr_011/cagrad_s2_curve.csv
cagrad,coord_01_train_lr_011,3,0.6570397111913358,0.6570397111913358,0.6570397111913358,False,/home/zhujjing/MOE-grad-conflict-routing/runs/paper_suite/single_gpu/single_task/deberta_rte_lora_e4_k2_supplement/hpo/cagrad/trial_runs/coord_01_train_lr_011/cagrad_s3.json,/home/zhujjing/MOE-grad-conflict-routing/runs/paper_suite/single_gpu/single_task/deberta_rte_lora_e4_k2_supplement/hpo/cagrad/trial_runs/coord_01_train_lr_011/cagrad_s3_curve.csv
cagrad,coord_01_train_lr_012,2,0.5306859205776173,0.5270758122743683,0.5288808664259927,False,/home/zhujjing/MOE-grad-conflict-routing/runs/paper_suite/single_gpu/single_task/deberta_rte_lora_e4_k2_supplement/hpo/cagrad/trial_runs/coord_01_train_lr_012/cagrad_s2.json,/home/zhujjing/MOE-grad-conflict-routing/runs/paper_suite/single_gpu/single_task/deberta_rte_lora_e4_k2_supplement/hpo/cagrad/trial_runs/coord_01_train_lr_012/cagrad_s2_curve.csv
cagrad,coord_01_train_lr_012,3,0.5270758122743683,0.4729241877256318,0.5,False,/home/zhujjing/MOE-grad-conflict-routing/runs/paper_suite/single_gpu/single_task/deberta_rte_lora_e4_k2_supplement/hpo/cagrad/trial_runs/coord_01_train_lr_012/cagrad_s3.json,/home/zhujjing/MOE-grad-conflict-routing/runs/paper_suite/single_gpu/single_task/deberta_rte_lora_e4_k2_supplement/hpo/cagrad/trial_runs/coord_01_train_lr_012/cagrad_s3_curve.csv
cagrad,coord_01_train_lr_013,2,0.7256317689530686,0.7148014440433214,0.720216606498195,False,/home/zhujjing/MOE-grad-conflict-routing/runs/paper_suite/single_gpu/single_task/deberta_rte_lora_e4_k2_supplement/hpo/cagrad/trial_runs/coord_01_train_lr_013/cagrad_s2.json,/home/zhujjing/MOE-grad-conflict-routing/runs/paper_suite/single_gpu/single_task/deberta_rte_lora_e4_k2_supplement/hpo/cagrad/trial_runs/coord_01_train_lr_013/cagrad_s2_curve.csv
cagrad,coord_01_train_lr_013,3,0.7328519855595668,0.7328519855595668,0.7328519855595668,False,/home/zhujjing/MOE-grad-conflict-routing/runs/paper_suite/single_gpu/single_task/deberta_rte_lora_e4_k2_supplement/hpo/cagrad/trial_runs/coord_01_train_lr_013/cagrad_s3.json,/home/zhujjing/MOE-grad-conflict-routing/runs/paper_suite/single_gpu/single_task/deberta_rte_lora_e4_k2_supplement/hpo/cagrad/trial_runs/coord_01_train_lr_013/cagrad_s3_curve.csv
cagrad,coord_01_train_lr_014,2,0.5270758122743683,0.4729241877256318,0.5,False,/home/zhujjing/MOE-grad-conflict-routing/runs/paper_suite/single_gpu/single_task/deberta_rte_lora_e4_k2_supplement/hpo/cagrad/trial_runs/coord_01_train_lr_014/cagrad_s2.json,/home/zhujjing/MOE-grad-conflict-routing/runs/paper_suite/single_gpu/single_task/deberta_rte_lora_e4_k2_supplement/hpo/cagrad/trial_runs/coord_01_train_lr_014/cagrad_s2_curve.csv
cagrad,coord_01_train_lr_014,3,0.4729241877256318,0.4729241877256318,0.4729241877256318,False,/home/zhujjing/MOE-grad-conflict-routing/runs/paper_suite/single_gpu/single_task/deberta_rte_lora_e4_k2_supplement/hpo/cagrad/trial_runs/coord_01_train_lr_014/cagrad_s3.json,/home/zhujjing/MOE-grad-conflict-routing/runs/paper_suite/single_gpu/single_task/deberta_rte_lora_e4_k2_supplement/hpo/cagrad/trial_runs/coord_01_train_lr_014/cagrad_s3_curve.csv
cagrad,coord_01_train_lr_015,2,0.5270758122743683,0.5270758122743683,0.5270758122743683,False,/home/zhujjing/MOE-grad-conflict-routing/runs/paper_suite/single_gpu/single_task/deberta_rte_lora_e4_k2_supplement/hpo/cagrad/trial_runs/coord_01_train_lr_015/cagrad_s2.json,/home/zhujjing/MOE-grad-conflict-routing/runs/paper_suite/single_gpu/single_task/deberta_rte_lora_e4_k2_supplement/hpo/cagrad/trial_runs/coord_01_train_lr_015/cagrad_s2_curve.csv
cagrad,coord_01_train_lr_015,3,0.4729241877256318,0.4729241877256318,0.4729241877256318,False,/home/zhujjing/MOE-grad-conflict-routing/runs/paper_suite/single_gpu/single_task/deberta_rte_lora_e4_k2_supplement/hpo/cagrad/trial_runs/coord_01_train_lr_015/cagrad_s3.json,/home/zhujjing/MOE-grad-conflict-routing/runs/paper_suite/single_gpu/single_task/deberta_rte_lora_e4_k2_supplement/hpo/cagrad/trial_runs/coord_01_train_lr_015/cagrad_s3_curve.csv
cagrad,coord_01_train_lr_016,2,0.8122743682310469,0.8122743682310469,0.8122743682310469,False,/home/zhujjing/MOE-grad-conflict-routing/runs/paper_suite/single_gpu/single_task/deberta_rte_lora_e4_k2_supplement/hpo/cagrad/trial_runs/coord_01_train_lr_016/cagrad_s2.json,/home/zhujjing/MOE-grad-conflict-routing/runs/paper_suite/single_gpu/single_task/deberta_rte_lora_e4_k2_supplement/hpo/cagrad/trial_runs/coord_01_train_lr_016/cagrad_s2_curve.csv
cagrad,coord_01_train_lr_016,3,0.7545126353790613,0.7545126353790613,0.7545126353790613,False,/home/zhujjing/MOE-grad-conflict-routing/runs/paper_suite/single_gpu/single_task/deberta_rte_lora_e4_k2_supplement/hpo/cagrad/trial_runs/coord_01_train_lr_016/cagrad_s3.json,/home/zhujjing/MOE-grad-conflict-routing/runs/paper_suite/single_gpu/single_task/deberta_rte_lora_e4_k2_supplement/hpo/cagrad/trial_runs/coord_01_train_lr_016/cagrad_s3_curve.csv
cagrad,coord_01_train_lr_017,2,0.6714801444043321,0.6714801444043321,0.6714801444043321,False,/home/zhujjing/MOE-grad-conflict-routing/runs/paper_suite/single_gpu/single_task/deberta_rte_lora_e4_k2_supplement/hpo/cagrad/trial_runs/coord_01_train_lr_017/cagrad_s2.json,/home/zhujjing/MOE-grad-conflict-routing/runs/paper_suite/single_gpu/single_task/deberta_rte_lora_e4_k2_supplement/hpo/cagrad/trial_runs/coord_01_train_lr_017/cagrad_s2_curve.csv
cagrad,coord_01_train_lr_017,3,0.6787003610108303,0.6787003610108303,0.6787003610108303,False,/home/zhujjing/MOE-grad-conflict-routing/runs/paper_suite/single_gpu/single_task/deberta_rte_lora_e4_k2_supplement/hpo/cagrad/trial_runs/coord_01_train_lr_017/cagrad_s3.json,/home/zhujjing/MOE-grad-conflict-routing/runs/paper_suite/single_gpu/single_task/deberta_rte_lora_e4_k2_supplement/hpo/cagrad/trial_runs/coord_01_train_lr_017/cagrad_s3_curve.csv
cagrad,coord_01_train_lr_018,2,0.8194945848375451,0.8194945848375451,0.8194945848375451,False,/home/zhujjing/MOE-grad-conflict-routing/runs/paper_suite/single_gpu/single_task/deberta_rte_lora_e4_k2_supplement/hpo/cagrad/trial_runs/coord_01_train_lr_018/cagrad_s2.json,/home/zhujjing/MOE-grad-conflict-routing/runs/paper_suite/single_gpu/single_task/deberta_rte_lora_e4_k2_supplement/hpo/cagrad/trial_runs/coord_01_train_lr_018/cagrad_s2_curve.csv
cagrad,coord_01_train_lr_018,3,0.7472924187725631,0.7292418772563177,0.7382671480144405,False,/home/zhujjing/MOE-grad-conflict-routing/runs/paper_suite/single_gpu/single_task/deberta_rte_lora_e4_k2_supplement/hpo/cagrad/trial_runs/coord_01_train_lr_018/cagrad_s3.json,/home/zhujjing/MOE-grad-conflict-routing/runs/paper_suite/single_gpu/single_task/deberta_rte_lora_e4_k2_supplement/hpo/cagrad/trial_runs/coord_01_train_lr_018/cagrad_s3_curve.csv
cagrad,coord_02_anchor,2,0.851985559566787,0.851985559566787,0.851985559566787,False,/home/zhujjing/MOE-grad-conflict-routing/runs/paper_suite/single_gpu/single_task/deberta_rte_lora_e4_k2_supplement/hpo/cagrad/trial_runs/coord_02_anchor/cagrad_s2.json,/home/zhujjing/MOE-grad-conflict-routing/runs/paper_suite/single_gpu/single_task/deberta_rte_lora_e4_k2_supplement/hpo/cagrad/trial_runs/coord_02_anchor/cagrad_s2_curve.csv
cagrad,coord_02_anchor,3,0.8158844765342961,0.8158844765342961,0.8158844765342961,False,/home/zhujjing/MOE-grad-conflict-routing/runs/paper_suite/single_gpu/single_task/deberta_rte_lora_e4_k2_supplement/hpo/cagrad/trial_runs/coord_02_anchor/cagrad_s3.json,/home/zhujjing/MOE-grad-conflict-routing/runs/paper_suite/single_gpu/single_task/deberta_rte_lora_e4_k2_supplement/hpo/cagrad/trial_runs/coord_02_anchor/cagrad_s3_curve.csv
cagrad,coord_02_train_weight_decay_000,2,0.8194945848375451,0.8194945848375451,0.8194945848375451,False,/home/zhujjing/MOE-grad-conflict-routing/runs/paper_suite/single_gpu/single_task/deberta_rte_lora_e4_k2_supplement/hpo/cagrad/trial_runs/coord_02_train_weight_decay_000/cagrad_s2.json,/home/zhujjing/MOE-grad-conflict-routing/runs/paper_suite/single_gpu/single_task/deberta_rte_lora_e4_k2_supplement/hpo/cagrad/trial_runs/coord_02_train_weight_decay_000/cagrad_s2_curve.csv
cagrad,coord_02_train_weight_decay_000,3,0.7617328519855595,0.7617328519855595,0.7617328519855595,False,/home/zhujjing/MOE-grad-conflict-routing/runs/paper_suite/single_gpu/single_task/deberta_rte_lora_e4_k2_supplement/hpo/cagrad/trial_runs/coord_02_train_weight_decay_000/cagrad_s3.json,/home/zhujjing/MOE-grad-conflict-routing/runs/paper_suite/single_gpu/single_task/deberta_rte_lora_e4_k2_supplement/hpo/cagrad/trial_runs/coord_02_train_weight_decay_000/cagrad_s3_curve.csv
cagrad,coord_02_train_weight_decay_001,2,0.7906137184115524,0.7906137184115524,0.7906137184115524,False,/home/zhujjing/MOE-grad-conflict-routing/runs/paper_suite/single_gpu/single_task/deberta_rte_lora_e4_k2_supplement/hpo/cagrad/trial_runs/coord_02_train_weight_decay_001/cagrad_s2.json,/home/zhujjing/MOE-grad-conflict-routing/runs/paper_suite/single_gpu/single_task/deberta_rte_lora_e4_k2_supplement/hpo/cagrad/trial_runs/coord_02_train_weight_decay_001/cagrad_s2_curve.csv
cagrad,coord_02_train_weight_decay_001,3,0.7870036101083032,0.7870036101083032,0.7870036101083032,False,/home/zhujjing/MOE-grad-conflict-routing/runs/paper_suite/single_gpu/single_task/deberta_rte_lora_e4_k2_supplement/hpo/cagrad/trial_runs/coord_02_train_weight_decay_001/cagrad_s3.json,/home/zhujjing/MOE-grad-conflict-routing/runs/paper_suite/single_gpu/single_task/deberta_rte_lora_e4_k2_supplement/hpo/cagrad/trial_runs/coord_02_train_weight_decay_001/cagrad_s3_curve.csv
cagrad,coord_02_train_weight_decay_002,2,0.8158844765342961,0.8158844765342961,0.8158844765342961,False,/home/zhujjing/MOE-grad-conflict-routing/runs/paper_suite/single_gpu/single_task/deberta_rte_lora_e4_k2_supplement/hpo/cagrad/trial_runs/coord_02_train_weight_decay_002/cagrad_s2.json,/home/zhujjing/MOE-grad-conflict-routing/runs/paper_suite/single_gpu/single_task/deberta_rte_lora_e4_k2_supplement/hpo/cagrad/trial_runs/coord_02_train_weight_decay_002/cagrad_s2_curve.csv
cagrad,coord_02_train_weight_decay_002,3,0.7436823104693141,0.6714801444043321,0.7075812274368232,False,/home/zhujjing/MOE-grad-conflict-routing/runs/paper_suite/single_gpu/single_task/deberta_rte_lora_e4_k2_supplement/hpo/cagrad/trial_runs/coord_02_train_weight_decay_002/cagrad_s3.json,/home/zhujjing/MOE-grad-conflict-routing/runs/paper_suite/single_gpu/single_task/deberta_rte_lora_e4_k2_supplement/hpo/cagrad/trial_runs/coord_02_train_weight_decay_002/cagrad_s3_curve.csv
cagrad,coord_02_train_weight_decay_003,2,0.8303249097472925,0.8303249097472925,0.8303249097472925,False,/home/zhujjing/MOE-grad-conflict-routing/runs/paper_suite/single_gpu/single_task/deberta_rte_lora_e4_k2_supplement/hpo/cagrad/trial_runs/coord_02_train_weight_decay_003/cagrad_s2.json,/home/zhujjing/MOE-grad-conflict-routing/runs/paper_suite/single_gpu/single_task/deberta_rte_lora_e4_k2_supplement/hpo/cagrad/trial_runs/coord_02_train_weight_decay_003/cagrad_s2_curve.csv
cagrad,coord_02_train_weight_decay_003,3,0.8411552346570397,0.8411552346570397,0.8411552346570397,False,/home/zhujjing/MOE-grad-conflict-routing/runs/paper_suite/single_gpu/single_task/deberta_rte_lora_e4_k2_supplement/hpo/cagrad/trial_runs/coord_02_train_weight_decay_003/cagrad_s3.json,/home/zhujjing/MOE-grad-conflict-routing/runs/paper_suite/single_gpu/single_task/deberta_rte_lora_e4_k2_supplement/hpo/cagrad/trial_runs/coord_02_train_weight_decay_003/cagrad_s3_curve.csv
cagrad,coord_02_train_weight_decay_004,2,0.8339350180505415,0.8339350180505415,0.8339350180505415,False,/home/zhujjing/MOE-grad-conflict-routing/runs/paper_suite/single_gpu/single_task/deberta_rte_lora_e4_k2_supplement/hpo/cagrad/trial_runs/coord_02_train_weight_decay_004/cagrad_s2.json,/home/zhujjing/MOE-grad-conflict-routing/runs/paper_suite/single_gpu/single_task/deberta_rte_lora_e4_k2_supplement/hpo/cagrad/trial_runs/coord_02_train_weight_decay_004/cagrad_s2_curve.csv
cagrad,coord_02_train_weight_decay_004,3,0.8158844765342961,0.8158844765342961,0.8158844765342961,False,/home/zhujjing/MOE-grad-conflict-routing/runs/paper_suite/single_gpu/single_task/deberta_rte_lora_e4_k2_supplement/hpo/cagrad/trial_runs/coord_02_train_weight_decay_004/cagrad_s3.json,/home/zhujjing/MOE-grad-conflict-routing/runs/paper_suite/single_gpu/single_task/deberta_rte_lora_e4_k2_supplement/hpo/cagrad/trial_runs/coord_02_train_weight_decay_004/cagrad_s3_curve.csv
cagrad,coord_02_train_weight_decay_005,2,0.8231046931407943,0.8231046931407943,0.8231046931407943,False,/home/zhujjing/MOE-grad-conflict-routing/runs/paper_suite/single_gpu/single_task/deberta_rte_lora_e4_k2_supplement/hpo/cagrad/trial_runs/coord_02_train_weight_decay_005/cagrad_s2.json,/home/zhujjing/MOE-grad-conflict-routing/runs/paper_suite/single_gpu/single_task/deberta_rte_lora_e4_k2_supplement/hpo/cagrad/trial_runs/coord_02_train_weight_decay_005/cagrad_s2_curve.csv
cagrad,coord_02_train_weight_decay_005,3,0.7906137184115524,0.7906137184115524,0.7906137184115524,False,/home/zhujjing/MOE-grad-conflict-routing/runs/paper_suite/single_gpu/single_task/deberta_rte_lora_e4_k2_supplement/hpo/cagrad/trial_runs/coord_02_train_weight_decay_005/cagrad_s3.json,/home/zhujjing/MOE-grad-conflict-routing/runs/paper_suite/single_gpu/single_task/deberta_rte_lora_e4_k2_supplement/hpo/cagrad/trial_runs/coord_02_train_weight_decay_005/cagrad_s3_curve.csv
cagrad,coord_02_train_weight_decay_006,2,0.8267148014440433,0.8267148014440433,0.8267148014440433,False,/home/zhujjing/MOE-grad-conflict-routing/runs/paper_suite/single_gpu/single_task/deberta_rte_lora_e4_k2_supplement/hpo/cagrad/trial_runs/coord_02_train_weight_decay_006/cagrad_s2.json,/home/zhujjing/MOE-grad-conflict-routing/runs/paper_suite/single_gpu/single_task/deberta_rte_lora_e4_k2_supplement/hpo/cagrad/trial_runs/coord_02_train_weight_decay_006/cagrad_s2_curve.csv
cagrad,coord_02_train_weight_decay_006,3,0.7581227436823105,0.7364620938628159,0.7472924187725631,False,/home/zhujjing/MOE-grad-conflict-routing/runs/paper_suite/single_gpu/single_task/deberta_rte_lora_e4_k2_supplement/hpo/cagrad/trial_runs/coord_02_train_weight_decay_006/cagrad_s3.json,/home/zhujjing/MOE-grad-conflict-routing/runs/paper_suite/single_gpu/single_task/deberta_rte_lora_e4_k2_supplement/hpo/cagrad/trial_runs/coord_02_train_weight_decay_006/cagrad_s3_curve.csv
cagrad,coord_02_train_weight_decay_007,2,0.8014440433212996,0.8014440433212996,0.8014440433212996,False,/home/zhujjing/MOE-grad-conflict-routing/runs/paper_suite/single_gpu/single_task/deberta_rte_lora_e4_k2_supplement/hpo/cagrad/trial_runs/coord_02_train_weight_decay_007/cagrad_s2.json,/home/zhujjing/MOE-grad-conflict-routing/runs/paper_suite/single_gpu/single_task/deberta_rte_lora_e4_k2_supplement/hpo/cagrad/trial_runs/coord_02_train_weight_decay_007/cagrad_s2_curve.csv
cagrad,coord_02_train_weight_decay_007,3,0.7942238267148014,0.7725631768953068,0.7833935018050542,False,/home/zhujjing/MOE-grad-conflict-routing/runs/paper_suite/single_gpu/single_task/deberta_rte_lora_e4_k2_supplement/hpo/cagrad/trial_runs/coord_02_train_weight_decay_007/cagrad_s3.json,/home/zhujjing/MOE-grad-conflict-routing/runs/paper_suite/single_gpu/single_task/deberta_rte_lora_e4_k2_supplement/hpo/cagrad/trial_runs/coord_02_train_weight_decay_007/cagrad_s3_curve.csv
cagrad,coord_02_train_weight_decay_008,2,0.8303249097472925,0.8303249097472925,0.8303249097472925,False,/home/zhujjing/MOE-grad-conflict-routing/runs/paper_suite/single_gpu/single_task/deberta_rte_lora_e4_k2_supplement/hpo/cagrad/trial_runs/coord_02_train_weight_decay_008/cagrad_s2.json,/home/zhujjing/MOE-grad-conflict-routing/runs/paper_suite/single_gpu/single_task/deberta_rte_lora_e4_k2_supplement/hpo/cagrad/trial_runs/coord_02_train_weight_decay_008/cagrad_s2_curve.csv
cagrad,coord_02_train_weight_decay_008,3,0.8086642599277978,0.8086642599277978,0.8086642599277978,False,/home/zhujjing/MOE-grad-conflict-routing/runs/paper_suite/single_gpu/single_task/deberta_rte_lora_e4_k2_supplement/hpo/cagrad/trial_runs/coord_02_train_weight_decay_008/cagrad_s3.json,/home/zhujjing/MOE-grad-conflict-routing/runs/paper_suite/single_gpu/single_task/deberta_rte_lora_e4_k2_supplement/hpo/cagrad/trial_runs/coord_02_train_weight_decay_008/cagrad_s3_curve.csv
cagrad,coord_02_train_weight_decay_009,2,0.8303249097472925,0.8303249097472925,0.8303249097472925,False,/home/zhujjing/MOE-grad-conflict-routing/runs/paper_suite/single_gpu/single_task/deberta_rte_lora_e4_k2_supplement/hpo/cagrad/trial_runs/coord_02_train_weight_decay_009/cagrad_s2.json,/home/zhujjing/MOE-grad-conflict-routing/runs/paper_suite/single_gpu/single_task/deberta_rte_lora_e4_k2_supplement/hpo/cagrad/trial_runs/coord_02_train_weight_decay_009/cagrad_s2_curve.csv
cagrad,coord_02_train_weight_decay_009,3,0.7906137184115524,0.7906137184115524,0.7906137184115524,False,/home/zhujjing/MOE-grad-conflict-routing/runs/paper_suite/single_gpu/single_task/deberta_rte_lora_e4_k2_supplement/hpo/cagrad/trial_runs/coord_02_train_weight_decay_009/cagrad_s3.json,/home/zhujjing/MOE-grad-conflict-routing/runs/paper_suite/single_gpu/single_task/deberta_rte_lora_e4_k2_supplement/hpo/cagrad/trial_runs/coord_02_train_weight_decay_009/cagrad_s3_curve.csv
cagrad,coord_02_train_weight_decay_010,2,0.8194945848375451,0.8194945848375451,0.8194945848375451,False,/home/zhujjing/MOE-grad-conflict-routing/runs/paper_suite/single_gpu/single_task/deberta_rte_lora_e4_k2_supplement/hpo/cagrad/trial_runs/coord_02_train_weight_decay_010/cagrad_s2.json,/home/zhujjing/MOE-grad-conflict-routing/runs/paper_suite/single_gpu/single_task/deberta_rte_lora_e4_k2_supplement/hpo/cagrad/trial_runs/coord_02_train_weight_decay_010/cagrad_s2_curve.csv
cagrad,coord_02_train_weight_decay_010,3,0.7833935018050542,0.7833935018050542,0.7833935018050542,False,/home/zhujjing/MOE-grad-conflict-routing/runs/paper_suite/single_gpu/single_task/deberta_rte_lora_e4_k2_supplement/hpo/cagrad/trial_runs/coord_02_train_weight_decay_010/cagrad_s3.json,/home/zhujjing/MOE-grad-conflict-routing/runs/paper_suite/single_gpu/single_task/deberta_rte_lora_e4_k2_supplement/hpo/cagrad/trial_runs/coord_02_train_weight_decay_010/cagrad_s3_curve.csv
cagrad,coord_02_train_weight_decay_011,2,0.8483754512635379,0.8483754512635379,0.8483754512635379,False,/home/zhujjing/MOE-grad-conflict-routing/runs/paper_suite/single_gpu/single_task/deberta_rte_lora_e4_k2_supplement/hpo/cagrad/trial_runs/coord_02_train_weight_decay_011/cagrad_s2.json,/home/zhujjing/MOE-grad-conflict-routing/runs/paper_suite/single_gpu/single_task/deberta_rte_lora_e4_k2_supplement/hpo/cagrad/trial_runs/coord_02_train_weight_decay_011/cagrad_s2_curve.csv
cagrad,coord_02_train_weight_decay_011,3,0.6931407942238267,0.6931407942238267,0.6931407942238267,False,/home/zhujjing/MOE-grad-conflict-routing/runs/paper_suite/single_gpu/single_task/deberta_rte_lora_e4_k2_supplement/hpo/cagrad/trial_runs/coord_02_train_weight_decay_011/cagrad_s3.json,/home/zhujjing/MOE-grad-conflict-routing/runs/paper_suite/single_gpu/single_task/deberta_rte_lora_e4_k2_supplement/hpo/cagrad/trial_runs/coord_02_train_weight_decay_011/cagrad_s3_curve.csv
cagrad,coord_02_train_weight_decay_012,2,0.8014440433212996,0.7942238267148014,0.7978339350180506,False,/home/zhujjing/MOE-grad-conflict-routing/runs/paper_suite/single_gpu/single_task/deberta_rte_lora_e4_k2_supplement/hpo/cagrad/trial_runs/coord_02_train_weight_decay_012/cagrad_s2.json,/home/zhujjing/MOE-grad-conflict-routing/runs/paper_suite/single_gpu/single_task/deberta_rte_lora_e4_k2_supplement/hpo/cagrad/trial_runs/coord_02_train_weight_decay_012/cagrad_s2_curve.csv
cagrad,coord_02_train_weight_decay_012,3,0.8303249097472925,0.8303249097472925,0.8303249097472925,False,/home/zhujjing/MOE-grad-conflict-routing/runs/paper_suite/single_gpu/single_task/deberta_rte_lora_e4_k2_supplement/hpo/cagrad/trial_runs/coord_02_train_weight_decay_012/cagrad_s3.json,/home/zhujjing/MOE-grad-conflict-routing/runs/paper_suite/single_gpu/single_task/deberta_rte_lora_e4_k2_supplement/hpo/cagrad/trial_runs/coord_02_train_weight_decay_012/cagrad_s3_curve.csv
cagrad,coord_02_train_weight_decay_013,2,0.8447653429602888,0.8447653429602888,0.8447653429602888,False,/home/zhujjing/MOE-grad-conflict-routing/runs/paper_suite/single_gpu/single_task/deberta_rte_lora_e4_k2_supplement/hpo/cagrad/trial_runs/coord_02_train_weight_decay_013/cagrad_s2.json,/home/zhujjing/MOE-grad-conflict-routing/runs/paper_suite/single_gpu/single_task/deberta_rte_lora_e4_k2_supplement/hpo/cagrad/trial_runs/coord_02_train_weight_decay_013/cagrad_s2_curve.csv
cagrad,coord_02_train_weight_decay_013,3,0.8231046931407943,0.8231046931407943,0.8231046931407943,False,/home/zhujjing/MOE-grad-conflict-routing/runs/paper_suite/single_gpu/single_task/deberta_rte_lora_e4_k2_supplement/hpo/cagrad/trial_runs/coord_02_train_weight_decay_013/cagrad_s3.json,/home/zhujjing/MOE-grad-conflict-routing/runs/paper_suite/single_gpu/single_task/deberta_rte_lora_e4_k2_supplement/hpo/cagrad/trial_runs/coord_02_train_weight_decay_013/cagrad_s3_curve.csv
cagrad,coord_02_train_weight_decay_014,2,0.8231046931407943,0.8231046931407943,0.8231046931407943,False,/home/zhujjing/MOE-grad-conflict-routing/runs/paper_suite/single_gpu/single_task/deberta_rte_lora_e4_k2_supplement/hpo/cagrad/trial_runs/coord_02_train_weight_decay_014/cagrad_s2.json,/home/zhujjing/MOE-grad-conflict-routing/runs/paper_suite/single_gpu/single_task/deberta_rte_lora_e4_k2_supplement/hpo/cagrad/trial_runs/coord_02_train_weight_decay_014/cagrad_s2_curve.csv
cagrad,coord_02_train_weight_decay_014,3,0.776173285198556,0.7545126353790613,0.7653429602888087,False,/home/zhujjing/MOE-grad-conflict-routing/runs/paper_suite/single_gpu/single_task/deberta_rte_lora_e4_k2_supplement/hpo/cagrad/trial_runs/coord_02_train_weight_decay_014/cagrad_s3.json,/home/zhujjing/MOE-grad-conflict-routing/runs/paper_suite/single_gpu/single_task/deberta_rte_lora_e4_k2_supplement/hpo/cagrad/trial_runs/coord_02_train_weight_decay_014/cagrad_s3_curve.csv
cagrad,coord_02_train_weight_decay_015,2,0.7942238267148014,0.7942238267148014,0.7942238267148014,False,/home/zhujjing/MOE-grad-conflict-routing/runs/paper_suite/single_gpu/single_task/deberta_rte_lora_e4_k2_supplement/hpo/cagrad/trial_runs/coord_02_train_weight_decay_015/cagrad_s2.json,/home/zhujjing/MOE-grad-conflict-routing/runs/paper_suite/single_gpu/single_task/deberta_rte_lora_e4_k2_supplement/hpo/cagrad/trial_runs/coord_02_train_weight_decay_015/cagrad_s2_curve.csv
cagrad,coord_02_train_weight_decay_015,3,0.7870036101083032,0.7870036101083032,0.7870036101083032,False,/home/zhujjing/MOE-grad-conflict-routing/runs/paper_suite/single_gpu/single_task/deberta_rte_lora_e4_k2_supplement/hpo/cagrad/trial_runs/coord_02_train_weight_decay_015/cagrad_s3.json,/home/zhujjing/MOE-grad-conflict-routing/runs/paper_suite/single_gpu/single_task/deberta_rte_lora_e4_k2_supplement/hpo/cagrad/trial_runs/coord_02_train_weight_decay_015/cagrad_s3_curve.csv
cagrad,coord_02_train_weight_decay_016,2,0.8194945848375451,0.8194945848375451,0.8194945848375451,False,/home/zhujjing/MOE-grad-conflict-routing/runs/paper_suite/single_gpu/single_task/deberta_rte_lora_e4_k2_supplement/hpo/cagrad/trial_runs/coord_02_train_weight_decay_016/cagrad_s2.json,/home/zhujjing/MOE-grad-conflict-routing/runs/paper_suite/single_gpu/single_task/deberta_rte_lora_e4_k2_supplement/hpo/cagrad/trial_runs/coord_02_train_weight_decay_016/cagrad_s2_curve.csv
cagrad,coord_02_train_weight_decay_016,3,0.7942238267148014,0.7942238267148014,0.7942238267148014,False,/home/zhujjing/MOE-grad-conflict-routing/runs/paper_suite/single_gpu/single_task/deberta_rte_lora_e4_k2_supplement/hpo/cagrad/trial_runs/coord_02_train_weight_decay_016/cagrad_s3.json,/home/zhujjing/MOE-grad-conflict-routing/runs/paper_suite/single_gpu/single_task/deberta_rte_lora_e4_k2_supplement/hpo/cagrad/trial_runs/coord_02_train_weight_decay_016/cagrad_s3_curve.csv
cagrad,coord_02_train_weight_decay_017,2,0.8158844765342961,0.8158844765342961,0.8158844765342961,False,/home/zhujjing/MOE-grad-conflict-routing/runs/paper_suite/single_gpu/single_task/deberta_rte_lora_e4_k2_supplement/hpo/cagrad/trial_runs/coord_02_train_weight_decay_017/cagrad_s2.json,/home/zhujjing/MOE-grad-conflict-routing/runs/paper_suite/single_gpu/single_task/deberta_rte_lora_e4_k2_supplement/hpo/cagrad/trial_runs/coord_02_train_weight_decay_017/cagrad_s2_curve.csv
cagrad,coord_02_train_weight_decay_017,3,0.8267148014440433,0.8267148014440433,0.8267148014440433,False,/home/zhujjing/MOE-grad-conflict-routing/runs/paper_suite/single_gpu/single_task/deberta_rte_lora_e4_k2_supplement/hpo/cagrad/trial_runs/coord_02_train_weight_decay_017/cagrad_s3.json,/home/zhujjing/MOE-grad-conflict-routing/runs/paper_suite/single_gpu/single_task/deberta_rte_lora_e4_k2_supplement/hpo/cagrad/trial_runs/coord_02_train_weight_decay_017/cagrad_s3_curve.csv
cagrad,coord_03_anchor,2,0.8050541516245487,0.8050541516245487,0.8050541516245487,False,/home/zhujjing/MOE-grad-conflict-routing/runs/paper_suite/single_gpu/single_task/deberta_rte_lora_e4_k2_supplement/hpo/cagrad/trial_runs/coord_03_anchor/cagrad_s2.json,/home/zhujjing/MOE-grad-conflict-routing/runs/paper_suite/single_gpu/single_task/deberta_rte_lora_e4_k2_supplement/hpo/cagrad/trial_runs/coord_03_anchor/cagrad_s2_curve.csv
cagrad,coord_03_anchor,3,0.8411552346570397,0.8411552346570397,0.8411552346570397,False,/home/zhujjing/MOE-grad-conflict-routing/runs/paper_suite/single_gpu/single_task/deberta_rte_lora_e4_k2_supplement/hpo/cagrad/trial_runs/coord_03_anchor/cagrad_s3.json,/home/zhujjing/MOE-grad-conflict-routing/runs/paper_suite/single_gpu/single_task/deberta_rte_lora_e4_k2_supplement/hpo/cagrad/trial_runs/coord_03_anchor/cagrad_s3_curve.csv
cagrad,coord_03_train_grad_clip_000,2,0.7978339350180506,0.7978339350180506,0.7978339350180506,False,/home/zhujjing/MOE-grad-conflict-routing/runs/paper_suite/single_gpu/single_task/deberta_rte_lora_e4_k2_supplement/hpo/cagrad/trial_runs/coord_03_train_grad_clip_000/cagrad_s2.json,/home/zhujjing/MOE-grad-conflict-routing/runs/paper_suite/single_gpu/single_task/deberta_rte_lora_e4_k2_supplement/hpo/cagrad/trial_runs/coord_03_train_grad_clip_000/cagrad_s2_curve.csv
cagrad,coord_03_train_grad_clip_000,3,0.7581227436823105,0.7292418772563177,0.7436823104693141,False,/home/zhujjing/MOE-grad-conflict-routing/runs/paper_suite/single_gpu/single_task/deberta_rte_lora_e4_k2_supplement/hpo/cagrad/trial_runs/coord_03_train_grad_clip_000/cagrad_s3.json,/home/zhujjing/MOE-grad-conflict-routing/runs/paper_suite/single_gpu/single_task/deberta_rte_lora_e4_k2_supplement/hpo/cagrad/trial_runs/coord_03_train_grad_clip_000/cagrad_s3_curve.csv
cagrad,coord_03_train_grad_clip_001,2,0.779783393501805,0.779783393501805,0.779783393501805,False,/home/zhujjing/MOE-grad-conflict-routing/runs/paper_suite/single_gpu/single_task/deberta_rte_lora_e4_k2_supplement/hpo/cagrad/trial_runs/coord_03_train_grad_clip_001/cagrad_s2.json,/home/zhujjing/MOE-grad-conflict-routing/runs/paper_suite/single_gpu/single_task/deberta_rte_lora_e4_k2_supplement/hpo/cagrad/trial_runs/coord_03_train_grad_clip_001/cagrad_s2_curve.csv
cagrad,coord_03_train_grad_clip_001,3,0.7617328519855595,0.7617328519855595,0.7617328519855595,False,/home/zhujjing/MOE-grad-conflict-routing/runs/paper_suite/single_gpu/single_task/deberta_rte_lora_e4_k2_supplement/hpo/cagrad/trial_runs/coord_03_train_grad_clip_001/cagrad_s3.json,/home/zhujjing/MOE-grad-conflict-routing/runs/paper_suite/single_gpu/single_task/deberta_rte_lora_e4_k2_supplement/hpo/cagrad/trial_runs/coord_03_train_grad_clip_001/cagrad_s3_curve.csv
cagrad,coord_03_train_grad_clip_002,2,0.8339350180505415,0.8339350180505415,0.8339350180505415,False,/home/zhujjing/MOE-grad-conflict-routing/runs/paper_suite/single_gpu/single_task/deberta_rte_lora_e4_k2_supplement/hpo/cagrad/trial_runs/coord_03_train_grad_clip_002/cagrad_s2.json,/home/zhujjing/MOE-grad-conflict-routing/runs/paper_suite/single_gpu/single_task/deberta_rte_lora_e4_k2_supplement/hpo/cagrad/trial_runs/coord_03_train_grad_clip_002/cagrad_s2_curve.csv
cagrad,coord_03_train_grad_clip_002,3,0.8411552346570397,0.8411552346570397,0.8411552346570397,False,/home/zhujjing/MOE-grad-conflict-routing/runs/paper_suite/single_gpu/single_task/deberta_rte_lora_e4_k2_supplement/hpo/cagrad/trial_runs/coord_03_train_grad_clip_002/cagrad_s3.json,/home/zhujjing/MOE-grad-conflict-routing/runs/paper_suite/single_gpu/single_task/deberta_rte_lora_e4_k2_supplement/hpo/cagrad/trial_runs/coord_03_train_grad_clip_002/cagrad_s3_curve.csv
cagrad,coord_03_train_grad_clip_003,2,0.8086642599277978,0.8086642599277978,0.8086642599277978,False,/home/zhujjing/MOE-grad-conflict-routing/runs/paper_suite/single_gpu/single_task/deberta_rte_lora_e4_k2_supplement/hpo/cagrad/trial_runs/coord_03_train_grad_clip_003/cagrad_s2.json,/home/zhujjing/MOE-grad-conflict-routing/runs/paper_suite/single_gpu/single_task/deberta_rte_lora_e4_k2_supplement/hpo/cagrad/trial_runs/coord_03_train_grad_clip_003/cagrad_s2_curve.csv
cagrad,coord_03_train_grad_clip_003,3,0.8158844765342961,0.8158844765342961,0.8158844765342961,False,/home/zhujjing/MOE-grad-conflict-routing/runs/paper_suite/single_gpu/single_task/deberta_rte_lora_e4_k2_supplement/hpo/cagrad/trial_runs/coord_03_train_grad_clip_003/cagrad_s3.json,/home/zhujjing/MOE-grad-conflict-routing/runs/paper_suite/single_gpu/single_task/deberta_rte_lora_e4_k2_supplement/hpo/cagrad/trial_runs/coord_03_train_grad_clip_003/cagrad_s3_curve.csv
cagrad,coord_03_train_grad_clip_004,2,0.7689530685920578,0.7653429602888087,0.7671480144404332,False,/home/zhujjing/MOE-grad-conflict-routing/runs/paper_suite/single_gpu/single_task/deberta_rte_lora_e4_k2_supplement/hpo/cagrad/trial_runs/coord_03_train_grad_clip_004/cagrad_s2.json,/home/zhujjing/MOE-grad-conflict-routing/runs/paper_suite/single_gpu/single_task/deberta_rte_lora_e4_k2_supplement/hpo/cagrad/trial_runs/coord_03_train_grad_clip_004/cagrad_s2_curve.csv
cagrad,coord_03_train_grad_clip_004,3,0.7906137184115524,0.7906137184115524,0.7906137184115524,False,/home/zhujjing/MOE-grad-conflict-routing/runs/paper_suite/single_gpu/single_task/deberta_rte_lora_e4_k2_supplement/hpo/cagrad/trial_runs/coord_03_train_grad_clip_004/cagrad_s3.json,/home/zhujjing/MOE-grad-conflict-routing/runs/paper_suite/single_gpu/single_task/deberta_rte_lora_e4_k2_supplement/hpo/cagrad/trial_runs/coord_03_train_grad_clip_004/cagrad_s3_curve.csv
cagrad,coord_03_train_grad_clip_005,2,0.8194945848375451,0.8194945848375451,0.8194945848375451,False,/home/zhujjing/MOE-grad-conflict-routing/runs/paper_suite/single_gpu/single_task/deberta_rte_lora_e4_k2_supplement/hpo/cagrad/trial_runs/coord_03_train_grad_clip_005/cagrad_s2.json,/home/zhujjing/MOE-grad-conflict-routing/runs/paper_suite/single_gpu/single_task/deberta_rte_lora_e4_k2_supplement/hpo/cagrad/trial_runs/coord_03_train_grad_clip_005/cagrad_s2_curve.csv
cagrad,coord_03_train_grad_clip_005,3,0.7906137184115524,0.7906137184115524,0.7906137184115524,False,/home/zhujjing/MOE-grad-conflict-routing/runs/paper_suite/single_gpu/single_task/deberta_rte_lora_e4_k2_supplement/hpo/cagrad/trial_runs/coord_03_train_grad_clip_005/cagrad_s3.json,/home/zhujjing/MOE-grad-conflict-routing/runs/paper_suite/single_gpu/single_task/deberta_rte_lora_e4_k2_supplement/hpo/cagrad/trial_runs/coord_03_train_grad_clip_005/cagrad_s3_curve.csv
cagrad,coord_03_train_grad_clip_006,2,0.8303249097472925,0.8303249097472925,0.8303249097472925,False,/home/zhujjing/MOE-grad-conflict-routing/runs/paper_suite/single_gpu/single_task/deberta_rte_lora_e4_k2_supplement/hpo/cagrad/trial_runs/coord_03_train_grad_clip_006/cagrad_s2.json,/home/zhujjing/MOE-grad-conflict-routing/runs/paper_suite/single_gpu/single_task/deberta_rte_lora_e4_k2_supplement/hpo/cagrad/trial_runs/coord_03_train_grad_clip_006/cagrad_s2_curve.csv
cagrad,coord_03_train_grad_clip_006,3,0.7617328519855595,0.7617328519855595,0.7617328519855595,False,/home/zhujjing/MOE-grad-conflict-routing/runs/paper_suite/single_gpu/single_task/deberta_rte_lora_e4_k2_supplement/hpo/cagrad/trial_runs/coord_03_train_grad_clip_006/cagrad_s3.json,/home/zhujjing/MOE-grad-conflict-routing/runs/paper_suite/single_gpu/single_task/deberta_rte_lora_e4_k2_supplement/hpo/cagrad/trial_runs/coord_03_train_grad_clip_006/cagrad_s3_curve.csv
cagrad,coord_03_train_grad_clip_007,2,0.7906137184115524,0.779783393501805,0.7851985559566788,False,/home/zhujjing/MOE-grad-conflict-routing/runs/paper_suite/single_gpu/single_task/deberta_rte_lora_e4_k2_supplement/hpo/cagrad/trial_runs/coord_03_train_grad_clip_007/cagrad_s2.json,/home/zhujjing/MOE-grad-conflict-routing/runs/paper_suite/single_gpu/single_task/deberta_rte_lora_e4_k2_supplement/hpo/cagrad/trial_runs/coord_03_train_grad_clip_007/cagrad_s2_curve.csv
cagrad,coord_03_train_grad_clip_007,3,0.8194945848375451,0.8194945848375451,0.8194945848375451,False,/home/zhujjing/MOE-grad-conflict-routing/runs/paper_suite/single_gpu/single_task/deberta_rte_lora_e4_k2_supplement/hpo/cagrad/trial_runs/coord_03_train_grad_clip_007/cagrad_s3.json,/home/zhujjing/MOE-grad-conflict-routing/runs/paper_suite/single_gpu/single_task/deberta_rte_lora_e4_k2_supplement/hpo/cagrad/trial_runs/coord_03_train_grad_clip_007/cagrad_s3_curve.csv
cagrad,coord_03_train_grad_clip_008,2,0.7906137184115524,0.7509025270758123,0.7707581227436824,False,/home/zhujjing/MOE-grad-conflict-routing/runs/paper_suite/single_gpu/single_task/deberta_rte_lora_e4_k2_supplement/hpo/cagrad/trial_runs/coord_03_train_grad_clip_008/cagrad_s2.json,/home/zhujjing/MOE-grad-conflict-routing/runs/paper_suite/single_gpu/single_task/deberta_rte_lora_e4_k2_supplement/hpo/cagrad/trial_runs/coord_03_train_grad_clip_008/cagrad_s2_curve.csv
cagrad,coord_03_train_grad_clip_008,3,0.8303249097472925,0.8303249097472925,0.8303249097472925,False,/home/zhujjing/MOE-grad-conflict-routing/runs/paper_suite/single_gpu/single_task/deberta_rte_lora_e4_k2_supplement/hpo/cagrad/trial_runs/coord_03_train_grad_clip_008/cagrad_s3.json,/home/zhujjing/MOE-grad-conflict-routing/runs/paper_suite/single_gpu/single_task/deberta_rte_lora_e4_k2_supplement/hpo/cagrad/trial_runs/coord_03_train_grad_clip_008/cagrad_s3_curve.csv
cagrad,coord_03_train_grad_clip_009,2,0.7942238267148014,0.7942238267148014,0.7942238267148014,False,/home/zhujjing/MOE-grad-conflict-routing/runs/paper_suite/single_gpu/single_task/deberta_rte_lora_e4_k2_supplement/hpo/cagrad/trial_runs/coord_03_train_grad_clip_009/cagrad_s2.json,/home/zhujjing/MOE-grad-conflict-routing/runs/paper_suite/single_gpu/single_task/deberta_rte_lora_e4_k2_supplement/hpo/cagrad/trial_runs/coord_03_train_grad_clip_009/cagrad_s2_curve.csv
cagrad,coord_03_train_grad_clip_009,3,0.7906137184115524,0.7833935018050542,0.7870036101083033,False,/home/zhujjing/MOE-grad-conflict-routing/runs/paper_suite/single_gpu/single_task/deberta_rte_lora_e4_k2_supplement/hpo/cagrad/trial_runs/coord_03_train_grad_clip_009/cagrad_s3.json,/home/zhujjing/MOE-grad-conflict-routing/runs/paper_suite/single_gpu/single_task/deberta_rte_lora_e4_k2_supplement/hpo/cagrad/trial_runs/coord_03_train_grad_clip_009/cagrad_s3_curve.csv
cagrad,coord_03_train_grad_clip_010,2,0.8122743682310469,0.8122743682310469,0.8122743682310469,False,/home/zhujjing/MOE-grad-conflict-routing/runs/paper_suite/single_gpu/single_task/deberta_rte_lora_e4_k2_supplement/hpo/cagrad/trial_runs/coord_03_train_grad_clip_010/cagrad_s2.json,/home/zhujjing/MOE-grad-conflict-routing/runs/paper_suite/single_gpu/single_task/deberta_rte_lora_e4_k2_supplement/hpo/cagrad/trial_runs/coord_03_train_grad_clip_010/cagrad_s2_curve.csv
cagrad,coord_03_train_grad_clip_010,3,0.7978339350180506,0.779783393501805,0.7888086642599278,False,/home/zhujjing/MOE-grad-conflict-routing/runs/paper_suite/single_gpu/single_task/deberta_rte_lora_e4_k2_supplement/hpo/cagrad/trial_runs/coord_03_train_grad_clip_010/cagrad_s3.json,/home/zhujjing/MOE-grad-conflict-routing/runs/paper_suite/single_gpu/single_task/deberta_rte_lora_e4_k2_supplement/hpo/cagrad/trial_runs/coord_03_train_grad_clip_010/cagrad_s3_curve.csv
cagrad,coord_03_train_grad_clip_011,2,0.7725631768953068,0.7725631768953068,0.7725631768953068,False,/home/zhujjing/MOE-grad-conflict-routing/runs/paper_suite/single_gpu/single_task/deberta_rte_lora_e4_k2_supplement/hpo/cagrad/trial_runs/coord_03_train_grad_clip_011/cagrad_s2.json,/home/zhujjing/MOE-grad-conflict-routing/runs/paper_suite/single_gpu/single_task/deberta_rte_lora_e4_k2_supplement/hpo/cagrad/trial_runs/coord_03_train_grad_clip_011/cagrad_s2_curve.csv
cagrad,coord_03_train_grad_clip_011,3,0.8303249097472925,0.8303249097472925,0.8303249097472925,False,/home/zhujjing/MOE-grad-conflict-routing/runs/paper_suite/single_gpu/single_task/deberta_rte_lora_e4_k2_supplement/hpo/cagrad/trial_runs/coord_03_train_grad_clip_011/cagrad_s3.json,/home/zhujjing/MOE-grad-conflict-routing/runs/paper_suite/single_gpu/single_task/deberta_rte_lora_e4_k2_supplement/hpo/cagrad/trial_runs/coord_03_train_grad_clip_011/cagrad_s3_curve.csv
cagrad,coord_03_train_grad_clip_012,2,0.7906137184115524,0.7581227436823105,0.7743682310469314,False,/home/zhujjing/MOE-grad-conflict-routing/runs/paper_suite/single_gpu/single_task/deberta_rte_lora_e4_k2_supplement/hpo/cagrad/trial_runs/coord_03_train_grad_clip_012/cagrad_s2.json,/home/zhujjing/MOE-grad-conflict-routing/runs/paper_suite/single_gpu/single_task/deberta_rte_lora_e4_k2_supplement/hpo/cagrad/trial_runs/coord_03_train_grad_clip_012/cagrad_s2_curve.csv
cagrad,coord_03_train_grad_clip_012,3,0.7653429602888087,0.740072202166065,0.7527075812274369,False,/home/zhujjing/MOE-grad-conflict-routing/runs/paper_suite/single_gpu/single_task/deberta_rte_lora_e4_k2_supplement/hpo/cagrad/trial_runs/coord_03_train_grad_clip_012/cagrad_s3.json,/home/zhujjing/MOE-grad-conflict-routing/runs/paper_suite/single_gpu/single_task/deberta_rte_lora_e4_k2_supplement/hpo/cagrad/trial_runs/coord_03_train_grad_clip_012/cagrad_s3_curve.csv
cagrad,coord_03_train_grad_clip_013,2,0.8086642599277978,0.8086642599277978,0.8086642599277978,False,/home/zhujjing/MOE-grad-conflict-routing/runs/paper_suite/single_gpu/single_task/deberta_rte_lora_e4_k2_supplement/hpo/cagrad/trial_runs/coord_03_train_grad_clip_013/cagrad_s2.json,/home/zhujjing/MOE-grad-conflict-routing/runs/paper_suite/single_gpu/single_task/deberta_rte_lora_e4_k2_supplement/hpo/cagrad/trial_runs/coord_03_train_grad_clip_013/cagrad_s2_curve.csv
cagrad,coord_03_train_grad_clip_013,3,0.8086642599277978,0.8086642599277978,0.8086642599277978,False,/home/zhujjing/MOE-grad-conflict-routing/runs/paper_suite/single_gpu/single_task/deberta_rte_lora_e4_k2_supplement/hpo/cagrad/trial_runs/coord_03_train_grad_clip_013/cagrad_s3.json,/home/zhujjing/MOE-grad-conflict-routing/runs/paper_suite/single_gpu/single_task/deberta_rte_lora_e4_k2_supplement/hpo/cagrad/trial_runs/coord_03_train_grad_clip_013/cagrad_s3_curve.csv
cagrad,coord_03_train_grad_clip_014,2,0.7833935018050542,0.7833935018050542,0.7833935018050542,False,/home/zhujjing/MOE-grad-conflict-routing/runs/paper_suite/single_gpu/single_task/deberta_rte_lora_e4_k2_supplement/hpo/cagrad/trial_runs/coord_03_train_grad_clip_014/cagrad_s2.json,/home/zhujjing/MOE-grad-conflict-routing/runs/paper_suite/single_gpu/single_task/deberta_rte_lora_e4_k2_supplement/hpo/cagrad/trial_runs/coord_03_train_grad_clip_014/cagrad_s2_curve.csv
cagrad,coord_03_train_grad_clip_014,3,0.8050541516245487,0.8050541516245487,0.8050541516245487,False,/home/zhujjing/MOE-grad-conflict-routing/runs/paper_suite/single_gpu/single_task/deberta_rte_lora_e4_k2_supplement/hpo/cagrad/trial_runs/coord_03_train_grad_clip_014/cagrad_s3.json,/home/zhujjing/MOE-grad-conflict-routing/runs/paper_suite/single_gpu/single_task/deberta_rte_lora_e4_k2_supplement/hpo/cagrad/trial_runs/coord_03_train_grad_clip_014/cagrad_s3_curve.csv
cagrad,coord_03_train_grad_clip_015,2,0.7942238267148014,0.740072202166065,0.7671480144404332,False,/home/zhujjing/MOE-grad-conflict-routing/runs/paper_suite/single_gpu/single_task/deberta_rte_lora_e4_k2_supplement/hpo/cagrad/trial_runs/coord_03_train_grad_clip_015/cagrad_s2.json,/home/zhujjing/MOE-grad-conflict-routing/runs/paper_suite/single_gpu/single_task/deberta_rte_lora_e4_k2_supplement/hpo/cagrad/trial_runs/coord_03_train_grad_clip_015/cagrad_s2_curve.csv
cagrad,coord_03_train_grad_clip_015,3,0.8050541516245487,0.8050541516245487,0.8050541516245487,False,/home/zhujjing/MOE-grad-conflict-routing/runs/paper_suite/single_gpu/single_task/deberta_rte_lora_e4_k2_supplement/hpo/cagrad/trial_runs/coord_03_train_grad_clip_015/cagrad_s3.json,/home/zhujjing/MOE-grad-conflict-routing/runs/paper_suite/single_gpu/single_task/deberta_rte_lora_e4_k2_supplement/hpo/cagrad/trial_runs/coord_03_train_grad_clip_015/cagrad_s3_curve.csv
cagrad,coord_03_train_grad_clip_016,2,0.8122743682310469,0.8122743682310469,0.8122743682310469,False,/home/zhujjing/MOE-grad-conflict-routing/runs/paper_suite/single_gpu/single_task/deberta_rte_lora_e4_k2_supplement/hpo/cagrad/trial_runs/coord_03_train_grad_clip_016/cagrad_s2.json,/home/zhujjing/MOE-grad-conflict-routing/runs/paper_suite/single_gpu/single_task/deberta_rte_lora_e4_k2_supplement/hpo/cagrad/trial_runs/coord_03_train_grad_clip_016/cagrad_s2_curve.csv
cagrad,coord_03_train_grad_clip_016,3,0.7545126353790613,0.7545126353790613,0.7545126353790613,False,/home/zhujjing/MOE-grad-conflict-routing/runs/paper_suite/single_gpu/single_task/deberta_rte_lora_e4_k2_supplement/hpo/cagrad/trial_runs/coord_03_train_grad_clip_016/cagrad_s3.json,/home/zhujjing/MOE-grad-conflict-routing/runs/paper_suite/single_gpu/single_task/deberta_rte_lora_e4_k2_supplement/hpo/cagrad/trial_runs/coord_03_train_grad_clip_016/cagrad_s3_curve.csv
cagrad,coord_03_train_grad_clip_017,2,0.8014440433212996,0.8014440433212996,0.8014440433212996,False,/home/zhujjing/MOE-grad-conflict-routing/runs/paper_suite/single_gpu/single_task/deberta_rte_lora_e4_k2_supplement/hpo/cagrad/trial_runs/coord_03_train_grad_clip_017/cagrad_s2.json,/home/zhujjing/MOE-grad-conflict-routing/runs/paper_suite/single_gpu/single_task/deberta_rte_lora_e4_k2_supplement/hpo/cagrad/trial_runs/coord_03_train_grad_clip_017/cagrad_s2_curve.csv
cagrad,coord_03_train_grad_clip_017,3,0.7545126353790613,0.7545126353790613,0.7545126353790613,False,/home/zhujjing/MOE-grad-conflict-routing/runs/paper_suite/single_gpu/single_task/deberta_rte_lora_e4_k2_supplement/hpo/cagrad/trial_runs/coord_03_train_grad_clip_017/cagrad_s3.json,/home/zhujjing/MOE-grad-conflict-routing/runs/paper_suite/single_gpu/single_task/deberta_rte_lora_e4_k2_supplement/hpo/cagrad/trial_runs/coord_03_train_grad_clip_017/cagrad_s3_curve.csv
cagrad,coord_04_anchor,2,0.8194945848375451,0.8194945848375451,0.8194945848375451,False,/home/zhujjing/MOE-grad-conflict-routing/runs/paper_suite/single_gpu/single_task/deberta_rte_lora_e4_k2_supplement/hpo/cagrad/trial_runs/coord_04_anchor/cagrad_s2.json,/home/zhujjing/MOE-grad-conflict-routing/runs/paper_suite/single_gpu/single_task/deberta_rte_lora_e4_k2_supplement/hpo/cagrad/trial_runs/coord_04_anchor/cagrad_s2_curve.csv
cagrad,coord_04_anchor,3,0.776173285198556,0.776173285198556,0.776173285198556,False,/home/zhujjing/MOE-grad-conflict-routing/runs/paper_suite/single_gpu/single_task/deberta_rte_lora_e4_k2_supplement/hpo/cagrad/trial_runs/coord_04_anchor/cagrad_s3.json,/home/zhujjing/MOE-grad-conflict-routing/runs/paper_suite/single_gpu/single_task/deberta_rte_lora_e4_k2_supplement/hpo/cagrad/trial_runs/coord_04_anchor/cagrad_s3_curve.csv
cagrad,coord_04_method_baseline_cagrad_c_000,2,0.7978339350180506,0.7978339350180506,0.7978339350180506,False,/home/zhujjing/MOE-grad-conflict-routing/runs/paper_suite/single_gpu/single_task/deberta_rte_lora_e4_k2_supplement/hpo/cagrad/trial_runs/coord_04_method_baseline_cagrad_c_000/cagrad_s2.json,/home/zhujjing/MOE-grad-conflict-routing/runs/paper_suite/single_gpu/single_task/deberta_rte_lora_e4_k2_supplement/hpo/cagrad/trial_runs/coord_04_method_baseline_cagrad_c_000/cagrad_s2_curve.csv
cagrad,coord_04_method_baseline_cagrad_c_000,3,0.7942238267148014,0.7689530685920578,0.7815884476534296,False,/home/zhujjing/MOE-grad-conflict-routing/runs/paper_suite/single_gpu/single_task/deberta_rte_lora_e4_k2_supplement/hpo/cagrad/trial_runs/coord_04_method_baseline_cagrad_c_000/cagrad_s3.json,/home/zhujjing/MOE-grad-conflict-routing/runs/paper_suite/single_gpu/single_task/deberta_rte_lora_e4_k2_supplement/hpo/cagrad/trial_runs/coord_04_method_baseline_cagrad_c_000/cagrad_s3_curve.csv
cagrad,coord_04_method_baseline_cagrad_c_001,2,0.8086642599277978,0.7978339350180506,0.8032490974729242,False,/home/zhujjing/MOE-grad-conflict-routing/runs/paper_suite/single_gpu/single_task/deberta_rte_lora_e4_k2_supplement/hpo/cagrad/trial_runs/coord_04_method_baseline_cagrad_c_001/cagrad_s2.json,/home/zhujjing/MOE-grad-conflict-routing/runs/paper_suite/single_gpu/single_task/deberta_rte_lora_e4_k2_supplement/hpo/cagrad/trial_runs/coord_04_method_baseline_cagrad_c_001/cagrad_s2_curve.csv
cagrad,coord_04_method_baseline_cagrad_c_001,3,0.8267148014440433,0.8267148014440433,0.8267148014440433,False,/home/zhujjing/MOE-grad-conflict-routing/runs/paper_suite/single_gpu/single_task/deberta_rte_lora_e4_k2_supplement/hpo/cagrad/trial_runs/coord_04_method_baseline_cagrad_c_001/cagrad_s3.json,/home/zhujjing/MOE-grad-conflict-routing/runs/paper_suite/single_gpu/single_task/deberta_rte_lora_e4_k2_supplement/hpo/cagrad/trial_runs/coord_04_method_baseline_cagrad_c_001/cagrad_s3_curve.csv
cagrad,coord_04_method_baseline_cagrad_c_002,2,0.8158844765342961,0.8158844765342961,0.8158844765342961,False,/home/zhujjing/MOE-grad-conflict-routing/runs/paper_suite/single_gpu/single_task/deberta_rte_lora_e4_k2_supplement/hpo/cagrad/trial_runs/coord_04_method_baseline_cagrad_c_002/cagrad_s2.json,/home/zhujjing/MOE-grad-conflict-routing/runs/paper_suite/single_gpu/single_task/deberta_rte_lora_e4_k2_supplement/hpo/cagrad/trial_runs/coord_04_method_baseline_cagrad_c_002/cagrad_s2_curve.csv
cagrad,coord_04_method_baseline_cagrad_c_002,3,0.7978339350180506,0.7978339350180506,0.7978339350180506,False,/home/zhujjing/MOE-grad-conflict-routing/runs/paper_suite/single_gpu/single_task/deberta_rte_lora_e4_k2_supplement/hpo/cagrad/trial_runs/coord_04_method_baseline_cagrad_c_002/cagrad_s3.json,/home/zhujjing/MOE-grad-conflict-routing/runs/paper_suite/single_gpu/single_task/deberta_rte_lora_e4_k2_supplement/hpo/cagrad/trial_runs/coord_04_method_baseline_cagrad_c_002/cagrad_s3_curve.csv
cagrad,coord_04_method_baseline_cagrad_c_003,2,0.8086642599277978,0.8086642599277978,0.8086642599277978,False,/home/zhujjing/MOE-grad-conflict-routing/runs/paper_suite/single_gpu/single_task/deberta_rte_lora_e4_k2_supplement/hpo/cagrad/trial_runs/coord_04_method_baseline_cagrad_c_003/cagrad_s2.json,/home/zhujjing/MOE-grad-conflict-routing/runs/paper_suite/single_gpu/single_task/deberta_rte_lora_e4_k2_supplement/hpo/cagrad/trial_runs/coord_04_method_baseline_cagrad_c_003/cagrad_s2_curve.csv
cagrad,coord_04_method_baseline_cagrad_c_003,3,0.8447653429602888,0.8447653429602888,0.8447653429602888,False,/home/zhujjing/MOE-grad-conflict-routing/runs/paper_suite/single_gpu/single_task/deberta_rte_lora_e4_k2_supplement/hpo/cagrad/trial_runs/coord_04_method_baseline_cagrad_c_003/cagrad_s3.json,/home/zhujjing/MOE-grad-conflict-routing/runs/paper_suite/single_gpu/single_task/deberta_rte_lora_e4_k2_supplement/hpo/cagrad/trial_runs/coord_04_method_baseline_cagrad_c_003/cagrad_s3_curve.csv
cagrad,coord_04_method_baseline_cagrad_c_004,2,0.8014440433212996,0.8014440433212996,0.8014440433212996,False,/home/zhujjing/MOE-grad-conflict-routing/runs/paper_suite/single_gpu/single_task/deberta_rte_lora_e4_k2_supplement/hpo/cagrad/trial_runs/coord_04_method_baseline_cagrad_c_004/cagrad_s2.json,/home/zhujjing/MOE-grad-conflict-routing/runs/paper_suite/single_gpu/single_task/deberta_rte_lora_e4_k2_supplement/hpo/cagrad/trial_runs/coord_04_method_baseline_cagrad_c_004/cagrad_s2_curve.csv
cagrad,coord_04_method_baseline_cagrad_c_004,3,0.7870036101083032,0.7833935018050542,0.7851985559566788,False,/home/zhujjing/MOE-grad-conflict-routing/runs/paper_suite/single_gpu/single_task/deberta_rte_lora_e4_k2_supplement/hpo/cagrad/trial_runs/coord_04_method_baseline_cagrad_c_004/cagrad_s3.json,/home/zhujjing/MOE-grad-conflict-routing/runs/paper_suite/single_gpu/single_task/deberta_rte_lora_e4_k2_supplement/hpo/cagrad/trial_runs/coord_04_method_baseline_cagrad_c_004/cagrad_s3_curve.csv
cagrad,coord_04_method_baseline_cagrad_c_005,2,0.8411552346570397,0.8411552346570397,0.8411552346570397,False,/home/zhujjing/MOE-grad-conflict-routing/runs/paper_suite/single_gpu/single_task/deberta_rte_lora_e4_k2_supplement/hpo/cagrad/trial_runs/coord_04_method_baseline_cagrad_c_005/cagrad_s2.json,/home/zhujjing/MOE-grad-conflict-routing/runs/paper_suite/single_gpu/single_task/deberta_rte_lora_e4_k2_supplement/hpo/cagrad/trial_runs/coord_04_method_baseline_cagrad_c_005/cagrad_s2_curve.csv
cagrad,coord_04_method_baseline_cagrad_c_005,3,0.7689530685920578,0.7689530685920578,0.7689530685920578,False,/home/zhujjing/MOE-grad-conflict-routing/runs/paper_suite/single_gpu/single_task/deberta_rte_lora_e4_k2_supplement/hpo/cagrad/trial_runs/coord_04_method_baseline_cagrad_c_005/cagrad_s3.json,/home/zhujjing/MOE-grad-conflict-routing/runs/paper_suite/single_gpu/single_task/deberta_rte_lora_e4_k2_supplement/hpo/cagrad/trial_runs/coord_04_method_baseline_cagrad_c_005/cagrad_s3_curve.csv
cagrad,coord_04_method_baseline_cagrad_c_006,2,0.851985559566787,0.851985559566787,0.851985559566787,False,/home/zhujjing/MOE-grad-conflict-routing/runs/paper_suite/single_gpu/single_task/deberta_rte_lora_e4_k2_supplement/hpo/cagrad/trial_runs/coord_04_method_baseline_cagrad_c_006/cagrad_s2.json,/home/zhujjing/MOE-grad-conflict-routing/runs/paper_suite/single_gpu/single_task/deberta_rte_lora_e4_k2_supplement/hpo/cagrad/trial_runs/coord_04_method_baseline_cagrad_c_006/cagrad_s2_curve.csv
cagrad,coord_04_method_baseline_cagrad_c_006,3,0.7581227436823105,0.7581227436823105,0.7581227436823105,False,/home/zhujjing/MOE-grad-conflict-routing/runs/paper_suite/single_gpu/single_task/deberta_rte_lora_e4_k2_supplement/hpo/cagrad/trial_runs/coord_04_method_baseline_cagrad_c_006/cagrad_s3.json,/home/zhujjing/MOE-grad-conflict-routing/runs/paper_suite/single_gpu/single_task/deberta_rte_lora_e4_k2_supplement/hpo/cagrad/trial_runs/coord_04_method_baseline_cagrad_c_006/cagrad_s3_curve.csv
cagrad,coord_04_method_baseline_cagrad_c_007,2,0.8014440433212996,0.8014440433212996,0.8014440433212996,False,/home/zhujjing/MOE-grad-conflict-routing/runs/paper_suite/single_gpu/single_task/deberta_rte_lora_e4_k2_supplement/hpo/cagrad/trial_runs/coord_04_method_baseline_cagrad_c_007/cagrad_s2.json,/home/zhujjing/MOE-grad-conflict-routing/runs/paper_suite/single_gpu/single_task/deberta_rte_lora_e4_k2_supplement/hpo/cagrad/trial_runs/coord_04_method_baseline_cagrad_c_007/cagrad_s2_curve.csv
cagrad,coord_04_method_baseline_cagrad_c_007,3,0.8303249097472925,0.8303249097472925,0.8303249097472925,False,/home/zhujjing/MOE-grad-conflict-routing/runs/paper_suite/single_gpu/single_task/deberta_rte_lora_e4_k2_supplement/hpo/cagrad/trial_runs/coord_04_method_baseline_cagrad_c_007/cagrad_s3.json,/home/zhujjing/MOE-grad-conflict-routing/runs/paper_suite/single_gpu/single_task/deberta_rte_lora_e4_k2_supplement/hpo/cagrad/trial_runs/coord_04_method_baseline_cagrad_c_007/cagrad_s3_curve.csv
cagrad,coord_04_method_baseline_cagrad_c_008,2,0.7978339350180506,0.7978339350180506,0.7978339350180506,False,/home/zhujjing/MOE-grad-conflict-routing/runs/paper_suite/single_gpu/single_task/deberta_rte_lora_e4_k2_supplement/hpo/cagrad/trial_runs/coord_04_method_baseline_cagrad_c_008/cagrad_s2.json,/home/zhujjing/MOE-grad-conflict-routing/runs/paper_suite/single_gpu/single_task/deberta_rte_lora_e4_k2_supplement/hpo/cagrad/trial_runs/coord_04_method_baseline_cagrad_c_008/cagrad_s2_curve.csv
cagrad,coord_04_method_baseline_cagrad_c_008,3,0.7653429602888087,0.7653429602888087,0.7653429602888087,False,/home/zhujjing/MOE-grad-conflict-routing/runs/paper_suite/single_gpu/single_task/deberta_rte_lora_e4_k2_supplement/hpo/cagrad/trial_runs/coord_04_method_baseline_cagrad_c_008/cagrad_s3.json,/home/zhujjing/MOE-grad-conflict-routing/runs/paper_suite/single_gpu/single_task/deberta_rte_lora_e4_k2_supplement/hpo/cagrad/trial_runs/coord_04_method_baseline_cagrad_c_008/cagrad_s3_curve.csv
cagrad,coord_04_method_baseline_cagrad_c_009,2,0.8303249097472925,0.8303249097472925,0.8303249097472925,False,/home/zhujjing/MOE-grad-conflict-routing/runs/paper_suite/single_gpu/single_task/deberta_rte_lora_e4_k2_supplement/hpo/cagrad/trial_runs/coord_04_method_baseline_cagrad_c_009/cagrad_s2.json,/home/zhujjing/MOE-grad-conflict-routing/runs/paper_suite/single_gpu/single_task/deberta_rte_lora_e4_k2_supplement/hpo/cagrad/trial_runs/coord_04_method_baseline_cagrad_c_009/cagrad_s2_curve.csv
cagrad,coord_04_method_baseline_cagrad_c_009,3,0.8050541516245487,0.7833935018050542,0.7942238267148014,False,/home/zhujjing/MOE-grad-conflict-routing/runs/paper_suite/single_gpu/single_task/deberta_rte_lora_e4_k2_supplement/hpo/cagrad/trial_runs/coord_04_method_baseline_cagrad_c_009/cagrad_s3.json,/home/zhujjing/MOE-grad-conflict-routing/runs/paper_suite/single_gpu/single_task/deberta_rte_lora_e4_k2_supplement/hpo/cagrad/trial_runs/coord_04_method_baseline_cagrad_c_009/cagrad_s3_curve.csv
cagrad,coord_04_method_baseline_cagrad_c_010,2,0.8339350180505415,0.8339350180505415,0.8339350180505415,False,/home/zhujjing/MOE-grad-conflict-routing/runs/paper_suite/single_gpu/single_task/deberta_rte_lora_e4_k2_supplement/hpo/cagrad/trial_runs/coord_04_method_baseline_cagrad_c_010/cagrad_s2.json,/home/zhujjing/MOE-grad-conflict-routing/runs/paper_suite/single_gpu/single_task/deberta_rte_lora_e4_k2_supplement/hpo/cagrad/trial_runs/coord_04_method_baseline_cagrad_c_010/cagrad_s2_curve.csv
cagrad,coord_04_method_baseline_cagrad_c_010,3,0.8050541516245487,0.8050541516245487,0.8050541516245487,False,/home/zhujjing/MOE-grad-conflict-routing/runs/paper_suite/single_gpu/single_task/deberta_rte_lora_e4_k2_supplement/hpo/cagrad/trial_runs/coord_04_method_baseline_cagrad_c_010/cagrad_s3.json,/home/zhujjing/MOE-grad-conflict-routing/runs/paper_suite/single_gpu/single_task/deberta_rte_lora_e4_k2_supplement/hpo/cagrad/trial_runs/coord_04_method_baseline_cagrad_c_010/cagrad_s3_curve.csv
cagrad,coord_04_method_baseline_cagrad_c_011,2,0.776173285198556,0.776173285198556,0.776173285198556,False,/home/zhujjing/MOE-grad-conflict-routing/runs/paper_suite/single_gpu/single_task/deberta_rte_lora_e4_k2_supplement/hpo/cagrad/trial_runs/coord_04_method_baseline_cagrad_c_011/cagrad_s2.json,/home/zhujjing/MOE-grad-conflict-routing/runs/paper_suite/single_gpu/single_task/deberta_rte_lora_e4_k2_supplement/hpo/cagrad/trial_runs/coord_04_method_baseline_cagrad_c_011/cagrad_s2_curve.csv
cagrad,coord_04_method_baseline_cagrad_c_011,3,0.7870036101083032,0.7870036101083032,0.7870036101083032,False,/home/zhujjing/MOE-grad-conflict-routing/runs/paper_suite/single_gpu/single_task/deberta_rte_lora_e4_k2_supplement/hpo/cagrad/trial_runs/coord_04_method_baseline_cagrad_c_011/cagrad_s3.json,/home/zhujjing/MOE-grad-conflict-routing/runs/paper_suite/single_gpu/single_task/deberta_rte_lora_e4_k2_supplement/hpo/cagrad/trial_runs/coord_04_method_baseline_cagrad_c_011/cagrad_s3_curve.csv
cagrad,coord_04_method_baseline_cagrad_c_012,2,0.776173285198556,0.776173285198556,0.776173285198556,False,/home/zhujjing/MOE-grad-conflict-routing/runs/paper_suite/single_gpu/single_task/deberta_rte_lora_e4_k2_supplement/hpo/cagrad/trial_runs/coord_04_method_baseline_cagrad_c_012/cagrad_s2.json,/home/zhujjing/MOE-grad-conflict-routing/runs/paper_suite/single_gpu/single_task/deberta_rte_lora_e4_k2_supplement/hpo/cagrad/trial_runs/coord_04_method_baseline_cagrad_c_012/cagrad_s2_curve.csv
cagrad,coord_04_method_baseline_cagrad_c_012,3,0.776173285198556,0.7436823104693141,0.759927797833935,False,/home/zhujjing/MOE-grad-conflict-routing/runs/paper_suite/single_gpu/single_task/deberta_rte_lora_e4_k2_supplement/hpo/cagrad/trial_runs/coord_04_method_baseline_cagrad_c_012/cagrad_s3.json,/home/zhujjing/MOE-grad-conflict-routing/runs/paper_suite/single_gpu/single_task/deberta_rte_lora_e4_k2_supplement/hpo/cagrad/trial_runs/coord_04_method_baseline_cagrad_c_012/cagrad_s3_curve.csv
cagrad,coord_04_method_baseline_cagrad_c_013,2,0.779783393501805,0.7148014440433214,0.7472924187725631,False,/home/zhujjing/MOE-grad-conflict-routing/runs/paper_suite/single_gpu/single_task/deberta_rte_lora_e4_k2_supplement/hpo/cagrad/trial_runs/coord_04_method_baseline_cagrad_c_013/cagrad_s2.json,/home/zhujjing/MOE-grad-conflict-routing/runs/paper_suite/single_gpu/single_task/deberta_rte_lora_e4_k2_supplement/hpo/cagrad/trial_runs/coord_04_method_baseline_cagrad_c_013/cagrad_s2_curve.csv
cagrad,coord_04_method_baseline_cagrad_c_013,3,0.7870036101083032,0.7833935018050542,0.7851985559566788,False,/home/zhujjing/MOE-grad-conflict-routing/runs/paper_suite/single_gpu/single_task/deberta_rte_lora_e4_k2_supplement/hpo/cagrad/trial_runs/coord_04_method_baseline_cagrad_c_013/cagrad_s3.json,/home/zhujjing/MOE-grad-conflict-routing/runs/paper_suite/single_gpu/single_task/deberta_rte_lora_e4_k2_supplement/hpo/cagrad/trial_runs/coord_04_method_baseline_cagrad_c_013/cagrad_s3_curve.csv
cagrad,coord_04_method_baseline_cagrad_c_014,2,0.8014440433212996,0.8014440433212996,0.8014440433212996,False,/home/zhujjing/MOE-grad-conflict-routing/runs/paper_suite/single_gpu/single_task/deberta_rte_lora_e4_k2_supplement/hpo/cagrad/trial_runs/coord_04_method_baseline_cagrad_c_014/cagrad_s2.json,/home/zhujjing/MOE-grad-conflict-routing/runs/paper_suite/single_gpu/single_task/deberta_rte_lora_e4_k2_supplement/hpo/cagrad/trial_runs/coord_04_method_baseline_cagrad_c_014/cagrad_s2_curve.csv
cagrad,coord_04_method_baseline_cagrad_c_014,3,0.779783393501805,0.7689530685920578,0.7743682310469314,False,/home/zhujjing/MOE-grad-conflict-routing/runs/paper_suite/single_gpu/single_task/deberta_rte_lora_e4_k2_supplement/hpo/cagrad/trial_runs/coord_04_method_baseline_cagrad_c_014/cagrad_s3.json,/home/zhujjing/MOE-grad-conflict-routing/runs/paper_suite/single_gpu/single_task/deberta_rte_lora_e4_k2_supplement/hpo/cagrad/trial_runs/coord_04_method_baseline_cagrad_c_014/cagrad_s3_curve.csv
cagrad,coord_04_method_baseline_cagrad_c_015,2,0.8231046931407943,0.8231046931407943,0.8231046931407943,False,/home/zhujjing/MOE-grad-conflict-routing/runs/paper_suite/single_gpu/single_task/deberta_rte_lora_e4_k2_supplement/hpo/cagrad/trial_runs/coord_04_method_baseline_cagrad_c_015/cagrad_s2.json,/home/zhujjing/MOE-grad-conflict-routing/runs/paper_suite/single_gpu/single_task/deberta_rte_lora_e4_k2_supplement/hpo/cagrad/trial_runs/coord_04_method_baseline_cagrad_c_015/cagrad_s2_curve.csv
cagrad,coord_04_method_baseline_cagrad_c_015,3,0.8086642599277978,0.8086642599277978,0.8086642599277978,False,/home/zhujjing/MOE-grad-conflict-routing/runs/paper_suite/single_gpu/single_task/deberta_rte_lora_e4_k2_supplement/hpo/cagrad/trial_runs/coord_04_method_baseline_cagrad_c_015/cagrad_s3.json,/home/zhujjing/MOE-grad-conflict-routing/runs/paper_suite/single_gpu/single_task/deberta_rte_lora_e4_k2_supplement/hpo/cagrad/trial_runs/coord_04_method_baseline_cagrad_c_015/cagrad_s3_curve.csv
cagrad,coord_04_method_baseline_cagrad_c_016,2,0.8411552346570397,0.8411552346570397,0.8411552346570397,False,/home/zhujjing/MOE-grad-conflict-routing/runs/paper_suite/single_gpu/single_task/deberta_rte_lora_e4_k2_supplement/hpo/cagrad/trial_runs/coord_04_method_baseline_cagrad_c_016/cagrad_s2.json,/home/zhujjing/MOE-grad-conflict-routing/runs/paper_suite/single_gpu/single_task/deberta_rte_lora_e4_k2_supplement/hpo/cagrad/trial_runs/coord_04_method_baseline_cagrad_c_016/cagrad_s2_curve.csv
cagrad,coord_04_method_baseline_cagrad_c_016,3,0.7184115523465704,0.703971119133574,0.7111913357400722,False,/home/zhujjing/MOE-grad-conflict-routing/runs/paper_suite/single_gpu/single_task/deberta_rte_lora_e4_k2_supplement/hpo/cagrad/trial_runs/coord_04_method_baseline_cagrad_c_016/cagrad_s3.json,/home/zhujjing/MOE-grad-conflict-routing/runs/paper_suite/single_gpu/single_task/deberta_rte_lora_e4_k2_supplement/hpo/cagrad/trial_runs/coord_04_method_baseline_cagrad_c_016/cagrad_s3_curve.csv
cagrad,coord_04_method_baseline_cagrad_c_017,2,0.7653429602888087,0.7653429602888087,0.7653429602888087,False,/home/zhujjing/MOE-grad-conflict-routing/runs/paper_suite/single_gpu/single_task/deberta_rte_lora_e4_k2_supplement/hpo/cagrad/trial_runs/coord_04_method_baseline_cagrad_c_017/cagrad_s2.json,/home/zhujjing/MOE-grad-conflict-routing/runs/paper_suite/single_gpu/single_task/deberta_rte_lora_e4_k2_supplement/hpo/cagrad/trial_runs/coord_04_method_baseline_cagrad_c_017/cagrad_s2_curve.csv
cagrad,coord_04_method_baseline_cagrad_c_017,3,0.7833935018050542,0.7833935018050542,0.7833935018050542,False,/home/zhujjing/MOE-grad-conflict-routing/runs/paper_suite/single_gpu/single_task/deberta_rte_lora_e4_k2_supplement/hpo/cagrad/trial_runs/coord_04_method_baseline_cagrad_c_017/cagrad_s3.json,/home/zhujjing/MOE-grad-conflict-routing/runs/paper_suite/single_gpu/single_task/deberta_rte_lora_e4_k2_supplement/hpo/cagrad/trial_runs/coord_04_method_baseline_cagrad_c_017/cagrad_s3_curve.csv
cagrad,coord_05_anchor,2,0.8231046931407943,0.8231046931407943,0.8231046931407943,False,/home/zhujjing/MOE-grad-conflict-routing/runs/paper_suite/single_gpu/single_task/deberta_rte_lora_e4_k2_supplement/hpo/cagrad/trial_runs/coord_05_anchor/cagrad_s2.json,/home/zhujjing/MOE-grad-conflict-routing/runs/paper_suite/single_gpu/single_task/deberta_rte_lora_e4_k2_supplement/hpo/cagrad/trial_runs/coord_05_anchor/cagrad_s2_curve.csv
cagrad,coord_05_anchor,3,0.8158844765342961,0.8158844765342961,0.8158844765342961,False,/home/zhujjing/MOE-grad-conflict-routing/runs/paper_suite/single_gpu/single_task/deberta_rte_lora_e4_k2_supplement/hpo/cagrad/trial_runs/coord_05_anchor/cagrad_s3.json,/home/zhujjing/MOE-grad-conflict-routing/runs/paper_suite/single_gpu/single_task/deberta_rte_lora_e4_k2_supplement/hpo/cagrad/trial_runs/coord_05_anchor/cagrad_s3_curve.csv
cagrad,coord_05_method_baseline_cagrad_inner_lr_000,2,0.7870036101083032,0.7220216606498195,0.7545126353790614,False,/home/zhujjing/MOE-grad-conflict-routing/runs/paper_suite/single_gpu/single_task/deberta_rte_lora_e4_k2_supplement/hpo/cagrad/trial_runs/coord_05_method_baseline_cagrad_inner_lr_000/cagrad_s2.json,/home/zhujjing/MOE-grad-conflict-routing/runs/paper_suite/single_gpu/single_task/deberta_rte_lora_e4_k2_supplement/hpo/cagrad/trial_runs/coord_05_method_baseline_cagrad_inner_lr_000/cagrad_s2_curve.csv
cagrad,coord_05_method_baseline_cagrad_inner_lr_000,3,0.7906137184115524,0.7906137184115524,0.7906137184115524,False,/home/zhujjing/MOE-grad-conflict-routing/runs/paper_suite/single_gpu/single_task/deberta_rte_lora_e4_k2_supplement/hpo/cagrad/trial_runs/coord_05_method_baseline_cagrad_inner_lr_000/cagrad_s3.json,/home/zhujjing/MOE-grad-conflict-routing/runs/paper_suite/single_gpu/single_task/deberta_rte_lora_e4_k2_supplement/hpo/cagrad/trial_runs/coord_05_method_baseline_cagrad_inner_lr_000/cagrad_s3_curve.csv
cagrad,coord_05_method_baseline_cagrad_inner_lr_001,2,0.8194945848375451,0.8194945848375451,0.8194945848375451,False,/home/zhujjing/MOE-grad-conflict-routing/runs/paper_suite/single_gpu/single_task/deberta_rte_lora_e4_k2_supplement/hpo/cagrad/trial_runs/coord_05_method_baseline_cagrad_inner_lr_001/cagrad_s2.json,/home/zhujjing/MOE-grad-conflict-routing/runs/paper_suite/single_gpu/single_task/deberta_rte_lora_e4_k2_supplement/hpo/cagrad/trial_runs/coord_05_method_baseline_cagrad_inner_lr_001/cagrad_s2_curve.csv
cagrad,coord_05_method_baseline_cagrad_inner_lr_001,3,0.7617328519855595,0.7617328519855595,0.7617328519855595,False,/home/zhujjing/MOE-grad-conflict-routing/runs/paper_suite/single_gpu/single_task/deberta_rte_lora_e4_k2_supplement/hpo/cagrad/trial_runs/coord_05_method_baseline_cagrad_inner_lr_001/cagrad_s3.json,/home/zhujjing/MOE-grad-conflict-routing/runs/paper_suite/single_gpu/single_task/deberta_rte_lora_e4_k2_supplement/hpo/cagrad/trial_runs/coord_05_method_baseline_cagrad_inner_lr_001/cagrad_s3_curve.csv
cagrad,coord_05_method_baseline_cagrad_inner_lr_002,2,0.8122743682310469,0.8122743682310469,0.8122743682310469,False,/home/zhujjing/MOE-grad-conflict-routing/runs/paper_suite/single_gpu/single_task/deberta_rte_lora_e4_k2_supplement/hpo/cagrad/trial_runs/coord_05_method_baseline_cagrad_inner_lr_002/cagrad_s2.json,/home/zhujjing/MOE-grad-conflict-routing/runs/paper_suite/single_gpu/single_task/deberta_rte_lora_e4_k2_supplement/hpo/cagrad/trial_runs/coord_05_method_baseline_cagrad_inner_lr_002/cagrad_s2_curve.csv
cagrad,coord_05_method_baseline_cagrad_inner_lr_002,3,0.776173285198556,0.776173285198556,0.776173285198556,False,/home/zhujjing/MOE-grad-conflict-routing/runs/paper_suite/single_gpu/single_task/deberta_rte_lora_e4_k2_supplement/hpo/cagrad/trial_runs/coord_05_method_baseline_cagrad_inner_lr_002/cagrad_s3.json,/home/zhujjing/MOE-grad-conflict-routing/runs/paper_suite/single_gpu/single_task/deberta_rte_lora_e4_k2_supplement/hpo/cagrad/trial_runs/coord_05_method_baseline_cagrad_inner_lr_002/cagrad_s3_curve.csv
cagrad,coord_05_method_baseline_cagrad_inner_lr_003,2,0.8194945848375451,0.8194945848375451,0.8194945848375451,False,/home/zhujjing/MOE-grad-conflict-routing/runs/paper_suite/single_gpu/single_task/deberta_rte_lora_e4_k2_supplement/hpo/cagrad/trial_runs/coord_05_method_baseline_cagrad_inner_lr_003/cagrad_s2.json,/home/zhujjing/MOE-grad-conflict-routing/runs/paper_suite/single_gpu/single_task/deberta_rte_lora_e4_k2_supplement/hpo/cagrad/trial_runs/coord_05_method_baseline_cagrad_inner_lr_003/cagrad_s2_curve.csv
cagrad,coord_05_method_baseline_cagrad_inner_lr_003,3,0.776173285198556,0.776173285198556,0.776173285198556,False,/home/zhujjing/MOE-grad-conflict-routing/runs/paper_suite/single_gpu/single_task/deberta_rte_lora_e4_k2_supplement/hpo/cagrad/trial_runs/coord_05_method_baseline_cagrad_inner_lr_003/cagrad_s3.json,/home/zhujjing/MOE-grad-conflict-routing/runs/paper_suite/single_gpu/single_task/deberta_rte_lora_e4_k2_supplement/hpo/cagrad/trial_runs/coord_05_method_baseline_cagrad_inner_lr_003/cagrad_s3_curve.csv
cagrad,coord_05_method_baseline_cagrad_inner_lr_004,2,0.8483754512635379,0.8483754512635379,0.8483754512635379,False,/home/zhujjing/MOE-grad-conflict-routing/runs/paper_suite/single_gpu/single_task/deberta_rte_lora_e4_k2_supplement/hpo/cagrad/trial_runs/coord_05_method_baseline_cagrad_inner_lr_004/cagrad_s2.json,/home/zhujjing/MOE-grad-conflict-routing/runs/paper_suite/single_gpu/single_task/deberta_rte_lora_e4_k2_supplement/hpo/cagrad/trial_runs/coord_05_method_baseline_cagrad_inner_lr_004/cagrad_s2_curve.csv
cagrad,coord_05_method_baseline_cagrad_inner_lr_004,3,0.7725631768953068,0.7725631768953068,0.7725631768953068,False,/home/zhujjing/MOE-grad-conflict-routing/runs/paper_suite/single_gpu/single_task/deberta_rte_lora_e4_k2_supplement/hpo/cagrad/trial_runs/coord_05_method_baseline_cagrad_inner_lr_004/cagrad_s3.json,/home/zhujjing/MOE-grad-conflict-routing/runs/paper_suite/single_gpu/single_task/deberta_rte_lora_e4_k2_supplement/hpo/cagrad/trial_runs/coord_05_method_baseline_cagrad_inner_lr_004/cagrad_s3_curve.csv
cagrad,coord_05_method_baseline_cagrad_inner_lr_005,2,0.8267148014440433,0.8267148014440433,0.8267148014440433,False,/home/zhujjing/MOE-grad-conflict-routing/runs/paper_suite/single_gpu/single_task/deberta_rte_lora_e4_k2_supplement/hpo/cagrad/trial_runs/coord_05_method_baseline_cagrad_inner_lr_005/cagrad_s2.json,/home/zhujjing/MOE-grad-conflict-routing/runs/paper_suite/single_gpu/single_task/deberta_rte_lora_e4_k2_supplement/hpo/cagrad/trial_runs/coord_05_method_baseline_cagrad_inner_lr_005/cagrad_s2_curve.csv
cagrad,coord_05_method_baseline_cagrad_inner_lr_005,3,0.8014440433212996,0.8014440433212996,0.8014440433212996,False,/home/zhujjing/MOE-grad-conflict-routing/runs/paper_suite/single_gpu/single_task/deberta_rte_lora_e4_k2_supplement/hpo/cagrad/trial_runs/coord_05_method_baseline_cagrad_inner_lr_005/cagrad_s3.json,/home/zhujjing/MOE-grad-conflict-routing/runs/paper_suite/single_gpu/single_task/deberta_rte_lora_e4_k2_supplement/hpo/cagrad/trial_runs/coord_05_method_baseline_cagrad_inner_lr_005/cagrad_s3_curve.csv
cagrad,coord_05_method_baseline_cagrad_inner_lr_006,2,0.7870036101083032,0.7689530685920578,0.7779783393501805,False,/home/zhujjing/MOE-grad-conflict-routing/runs/paper_suite/single_gpu/single_task/deberta_rte_lora_e4_k2_supplement/hpo/cagrad/trial_runs/coord_05_method_baseline_cagrad_inner_lr_006/cagrad_s2.json,/home/zhujjing/MOE-grad-conflict-routing/runs/paper_suite/single_gpu/single_task/deberta_rte_lora_e4_k2_supplement/hpo/cagrad/trial_runs/coord_05_method_baseline_cagrad_inner_lr_006/cagrad_s2_curve.csv
cagrad,coord_05_method_baseline_cagrad_inner_lr_006,3,0.7003610108303249,0.7003610108303249,0.7003610108303249,False,/home/zhujjing/MOE-grad-conflict-routing/runs/paper_suite/single_gpu/single_task/deberta_rte_lora_e4_k2_supplement/hpo/cagrad/trial_runs/coord_05_method_baseline_cagrad_inner_lr_006/cagrad_s3.json,/home/zhujjing/MOE-grad-conflict-routing/runs/paper_suite/single_gpu/single_task/deberta_rte_lora_e4_k2_supplement/hpo/cagrad/trial_runs/coord_05_method_baseline_cagrad_inner_lr_006/cagrad_s3_curve.csv
cagrad,coord_05_method_baseline_cagrad_inner_lr_007,2,0.8014440433212996,0.7942238267148014,0.7978339350180506,False,/home/zhujjing/MOE-grad-conflict-routing/runs/paper_suite/single_gpu/single_task/deberta_rte_lora_e4_k2_supplement/hpo/cagrad/trial_runs/coord_05_method_baseline_cagrad_inner_lr_007/cagrad_s2.json,/home/zhujjing/MOE-grad-conflict-routing/runs/paper_suite/single_gpu/single_task/deberta_rte_lora_e4_k2_supplement/hpo/cagrad/trial_runs/coord_05_method_baseline_cagrad_inner_lr_007/cagrad_s2_curve.csv
cagrad,coord_05_method_baseline_cagrad_inner_lr_007,3,0.8122743682310469,0.8122743682310469,0.8122743682310469,False,/home/zhujjing/MOE-grad-conflict-routing/runs/paper_suite/single_gpu/single_task/deberta_rte_lora_e4_k2_supplement/hpo/cagrad/trial_runs/coord_05_method_baseline_cagrad_inner_lr_007/cagrad_s3.json,/home/zhujjing/MOE-grad-conflict-routing/runs/paper_suite/single_gpu/single_task/deberta_rte_lora_e4_k2_supplement/hpo/cagrad/trial_runs/coord_05_method_baseline_cagrad_inner_lr_007/cagrad_s3_curve.csv
cagrad,coord_05_method_baseline_cagrad_inner_lr_008,2,0.8050541516245487,0.7906137184115524,0.7978339350180506,False,/home/zhujjing/MOE-grad-conflict-routing/runs/paper_suite/single_gpu/single_task/deberta_rte_lora_e4_k2_supplement/hpo/cagrad/trial_runs/coord_05_method_baseline_cagrad_inner_lr_008/cagrad_s2.json,/home/zhujjing/MOE-grad-conflict-routing/runs/paper_suite/single_gpu/single_task/deberta_rte_lora_e4_k2_supplement/hpo/cagrad/trial_runs/coord_05_method_baseline_cagrad_inner_lr_008/cagrad_s2_curve.csv
cagrad,coord_05_method_baseline_cagrad_inner_lr_008,3,0.8194945848375451,0.8194945848375451,0.8194945848375451,False,/home/zhujjing/MOE-grad-conflict-routing/runs/paper_suite/single_gpu/single_task/deberta_rte_lora_e4_k2_supplement/hpo/cagrad/trial_runs/coord_05_method_baseline_cagrad_inner_lr_008/cagrad_s3.json,/home/zhujjing/MOE-grad-conflict-routing/runs/paper_suite/single_gpu/single_task/deberta_rte_lora_e4_k2_supplement/hpo/cagrad/trial_runs/coord_05_method_baseline_cagrad_inner_lr_008/cagrad_s3_curve.csv
cagrad,coord_05_method_baseline_cagrad_inner_lr_009,2,0.7906137184115524,0.7833935018050542,0.7870036101083033,False,/home/zhujjing/MOE-grad-conflict-routing/runs/paper_suite/single_gpu/single_task/deberta_rte_lora_e4_k2_supplement/hpo/cagrad/trial_runs/coord_05_method_baseline_cagrad_inner_lr_009/cagrad_s2.json,/home/zhujjing/MOE-grad-conflict-routing/runs/paper_suite/single_gpu/single_task/deberta_rte_lora_e4_k2_supplement/hpo/cagrad/trial_runs/coord_05_method_baseline_cagrad_inner_lr_009/cagrad_s2_curve.csv
cagrad,coord_05_method_baseline_cagrad_inner_lr_009,3,0.779783393501805,0.7545126353790613,0.7671480144404332,False,/home/zhujjing/MOE-grad-conflict-routing/runs/paper_suite/single_gpu/single_task/deberta_rte_lora_e4_k2_supplement/hpo/cagrad/trial_runs/coord_05_method_baseline_cagrad_inner_lr_009/cagrad_s3.json,/home/zhujjing/MOE-grad-conflict-routing/runs/paper_suite/single_gpu/single_task/deberta_rte_lora_e4_k2_supplement/hpo/cagrad/trial_runs/coord_05_method_baseline_cagrad_inner_lr_009/cagrad_s3_curve.csv
cagrad,coord_05_method_baseline_cagrad_inner_lr_010,2,0.8231046931407943,0.8231046931407943,0.8231046931407943,False,/home/zhujjing/MOE-grad-conflict-routing/runs/paper_suite/single_gpu/single_task/deberta_rte_lora_e4_k2_supplement/hpo/cagrad/trial_runs/coord_05_method_baseline_cagrad_inner_lr_010/cagrad_s2.json,/home/zhujjing/MOE-grad-conflict-routing/runs/paper_suite/single_gpu/single_task/deberta_rte_lora_e4_k2_supplement/hpo/cagrad/trial_runs/coord_05_method_baseline_cagrad_inner_lr_010/cagrad_s2_curve.csv
cagrad,coord_05_method_baseline_cagrad_inner_lr_010,3,0.8050541516245487,0.8050541516245487,0.8050541516245487,False,/home/zhujjing/MOE-grad-conflict-routing/runs/paper_suite/single_gpu/single_task/deberta_rte_lora_e4_k2_supplement/hpo/cagrad/trial_runs/coord_05_method_baseline_cagrad_inner_lr_010/cagrad_s3.json,/home/zhujjing/MOE-grad-conflict-routing/runs/paper_suite/single_gpu/single_task/deberta_rte_lora_e4_k2_supplement/hpo/cagrad/trial_runs/coord_05_method_baseline_cagrad_inner_lr_010/cagrad_s3_curve.csv
cagrad,coord_05_method_baseline_cagrad_inner_lr_011,2,0.8303249097472925,0.8303249097472925,0.8303249097472925,False,/home/zhujjing/MOE-grad-conflict-routing/runs/paper_suite/single_gpu/single_task/deberta_rte_lora_e4_k2_supplement/hpo/cagrad/trial_runs/coord_05_method_baseline_cagrad_inner_lr_011/cagrad_s2.json,/home/zhujjing/MOE-grad-conflict-routing/runs/paper_suite/single_gpu/single_task/deberta_rte_lora_e4_k2_supplement/hpo/cagrad/trial_runs/coord_05_method_baseline_cagrad_inner_lr_011/cagrad_s2_curve.csv
cagrad,coord_05_method_baseline_cagrad_inner_lr_011,3,0.8050541516245487,0.7870036101083032,0.796028880866426,False,/home/zhujjing/MOE-grad-conflict-routing/runs/paper_suite/single_gpu/single_task/deberta_rte_lora_e4_k2_supplement/hpo/cagrad/trial_runs/coord_05_method_baseline_cagrad_inner_lr_011/cagrad_s3.json,/home/zhujjing/MOE-grad-conflict-routing/runs/paper_suite/single_gpu/single_task/deberta_rte_lora_e4_k2_supplement/hpo/cagrad/trial_runs/coord_05_method_baseline_cagrad_inner_lr_011/cagrad_s3_curve.csv
cagrad,coord_05_method_baseline_cagrad_inner_lr_012,2,0.8375451263537906,0.8375451263537906,0.8375451263537906,False,/home/zhujjing/MOE-grad-conflict-routing/runs/paper_suite/single_gpu/single_task/deberta_rte_lora_e4_k2_supplement/hpo/cagrad/trial_runs/coord_05_method_baseline_cagrad_inner_lr_012/cagrad_s2.json,/home/zhujjing/MOE-grad-conflict-routing/runs/paper_suite/single_gpu/single_task/deberta_rte_lora_e4_k2_supplement/hpo/cagrad/trial_runs/coord_05_method_baseline_cagrad_inner_lr_012/cagrad_s2_curve.csv
cagrad,coord_05_method_baseline_cagrad_inner_lr_012,3,0.7653429602888087,0.7220216606498195,0.7436823104693141,False,/home/zhujjing/MOE-grad-conflict-routing/runs/paper_suite/single_gpu/single_task/deberta_rte_lora_e4_k2_supplement/hpo/cagrad/trial_runs/coord_05_method_baseline_cagrad_inner_lr_012/cagrad_s3.json,/home/zhujjing/MOE-grad-conflict-routing/runs/paper_suite/single_gpu/single_task/deberta_rte_lora_e4_k2_supplement/hpo/cagrad/trial_runs/coord_05_method_baseline_cagrad_inner_lr_012/cagrad_s3_curve.csv
cagrad,coord_05_method_baseline_cagrad_inner_lr_013,2,0.851985559566787,0.851985559566787,0.851985559566787,False,/home/zhujjing/MOE-grad-conflict-routing/runs/paper_suite/single_gpu/single_task/deberta_rte_lora_e4_k2_supplement/hpo/cagrad/trial_runs/coord_05_method_baseline_cagrad_inner_lr_013/cagrad_s2.json,/home/zhujjing/MOE-grad-conflict-routing/runs/paper_suite/single_gpu/single_task/deberta_rte_lora_e4_k2_supplement/hpo/cagrad/trial_runs/coord_05_method_baseline_cagrad_inner_lr_013/cagrad_s2_curve.csv
cagrad,coord_05_method_baseline_cagrad_inner_lr_013,3,0.7942238267148014,0.7942238267148014,0.7942238267148014,False,/home/zhujjing/MOE-grad-conflict-routing/runs/paper_suite/single_gpu/single_task/deberta_rte_lora_e4_k2_supplement/hpo/cagrad/trial_runs/coord_05_method_baseline_cagrad_inner_lr_013/cagrad_s3.json,/home/zhujjing/MOE-grad-conflict-routing/runs/paper_suite/single_gpu/single_task/deberta_rte_lora_e4_k2_supplement/hpo/cagrad/trial_runs/coord_05_method_baseline_cagrad_inner_lr_013/cagrad_s3_curve.csv
cagrad,coord_05_method_baseline_cagrad_inner_lr_014,2,0.8194945848375451,0.8194945848375451,0.8194945848375451,False,/home/zhujjing/MOE-grad-conflict-routing/runs/paper_suite/single_gpu/single_task/deberta_rte_lora_e4_k2_supplement/hpo/cagrad/trial_runs/coord_05_method_baseline_cagrad_inner_lr_014/cagrad_s2.json,/home/zhujjing/MOE-grad-conflict-routing/runs/paper_suite/single_gpu/single_task/deberta_rte_lora_e4_k2_supplement/hpo/cagrad/trial_runs/coord_05_method_baseline_cagrad_inner_lr_014/cagrad_s2_curve.csv
cagrad,coord_05_method_baseline_cagrad_inner_lr_014,3,0.7472924187725631,0.7472924187725631,0.7472924187725631,False,/home/zhujjing/MOE-grad-conflict-routing/runs/paper_suite/single_gpu/single_task/deberta_rte_lora_e4_k2_supplement/hpo/cagrad/trial_runs/coord_05_method_baseline_cagrad_inner_lr_014/cagrad_s3.json,/home/zhujjing/MOE-grad-conflict-routing/runs/paper_suite/single_gpu/single_task/deberta_rte_lora_e4_k2_supplement/hpo/cagrad/trial_runs/coord_05_method_baseline_cagrad_inner_lr_014/cagrad_s3_curve.csv
cagrad,coord_05_method_baseline_cagrad_inner_lr_015,2,0.8231046931407943,0.8231046931407943,0.8231046931407943,False,/home/zhujjing/MOE-grad-conflict-routing/runs/paper_suite/single_gpu/single_task/deberta_rte_lora_e4_k2_supplement/hpo/cagrad/trial_runs/coord_05_method_baseline_cagrad_inner_lr_015/cagrad_s2.json,/home/zhujjing/MOE-grad-conflict-routing/runs/paper_suite/single_gpu/single_task/deberta_rte_lora_e4_k2_supplement/hpo/cagrad/trial_runs/coord_05_method_baseline_cagrad_inner_lr_015/cagrad_s2_curve.csv
cagrad,coord_05_method_baseline_cagrad_inner_lr_015,3,0.8158844765342961,0.8158844765342961,0.8158844765342961,False,/home/zhujjing/MOE-grad-conflict-routing/runs/paper_suite/single_gpu/single_task/deberta_rte_lora_e4_k2_supplement/hpo/cagrad/trial_runs/coord_05_method_baseline_cagrad_inner_lr_015/cagrad_s3.json,/home/zhujjing/MOE-grad-conflict-routing/runs/paper_suite/single_gpu/single_task/deberta_rte_lora_e4_k2_supplement/hpo/cagrad/trial_runs/coord_05_method_baseline_cagrad_inner_lr_015/cagrad_s3_curve.csv
cagrad,coord_05_method_baseline_cagrad_inner_lr_016,2,0.8411552346570397,0.8411552346570397,0.8411552346570397,False,/home/zhujjing/MOE-grad-conflict-routing/runs/paper_suite/single_gpu/single_task/deberta_rte_lora_e4_k2_supplement/hpo/cagrad/trial_runs/coord_05_method_baseline_cagrad_inner_lr_016/cagrad_s2.json,/home/zhujjing/MOE-grad-conflict-routing/runs/paper_suite/single_gpu/single_task/deberta_rte_lora_e4_k2_supplement/hpo/cagrad/trial_runs/coord_05_method_baseline_cagrad_inner_lr_016/cagrad_s2_curve.csv
cagrad,coord_05_method_baseline_cagrad_inner_lr_016,3,0.7653429602888087,0.7653429602888087,0.7653429602888087,False,/home/zhujjing/MOE-grad-conflict-routing/runs/paper_suite/single_gpu/single_task/deberta_rte_lora_e4_k2_supplement/hpo/cagrad/trial_runs/coord_05_method_baseline_cagrad_inner_lr_016/cagrad_s3.json,/home/zhujjing/MOE-grad-conflict-routing/runs/paper_suite/single_gpu/single_task/deberta_rte_lora_e4_k2_supplement/hpo/cagrad/trial_runs/coord_05_method_baseline_cagrad_inner_lr_016/cagrad_s3_curve.csv
cagrad,coord_05_method_baseline_cagrad_inner_lr_017,2,0.8158844765342961,0.8158844765342961,0.8158844765342961,False,/home/zhujjing/MOE-grad-conflict-routing/runs/paper_suite/single_gpu/single_task/deberta_rte_lora_e4_k2_supplement/hpo/cagrad/trial_runs/coord_05_method_baseline_cagrad_inner_lr_017/cagrad_s2.json,/home/zhujjing/MOE-grad-conflict-routing/runs/paper_suite/single_gpu/single_task/deberta_rte_lora_e4_k2_supplement/hpo/cagrad/trial_runs/coord_05_method_baseline_cagrad_inner_lr_017/cagrad_s2_curve.csv
cagrad,coord_05_method_baseline_cagrad_inner_lr_017,3,0.776173285198556,0.7581227436823105,0.7671480144404332,False,/home/zhujjing/MOE-grad-conflict-routing/runs/paper_suite/single_gpu/single_task/deberta_rte_lora_e4_k2_supplement/hpo/cagrad/trial_runs/coord_05_method_baseline_cagrad_inner_lr_017/cagrad_s3.json,/home/zhujjing/MOE-grad-conflict-routing/runs/paper_suite/single_gpu/single_task/deberta_rte_lora_e4_k2_supplement/hpo/cagrad/trial_runs/coord_05_method_baseline_cagrad_inner_lr_017/cagrad_s3_curve.csv
cagrad,local_var_topk_000,2,0.8122743682310469,0.8122743682310469,0.8122743682310469,False,/home/zhujjing/MOE-grad-conflict-routing/runs/paper_suite/single_gpu/single_task/deberta_rte_lora_e4_k2_supplement/hpo/cagrad/trial_runs/local_var_topk_000/cagrad_s2.json,/home/zhujjing/MOE-grad-conflict-routing/runs/paper_suite/single_gpu/single_task/deberta_rte_lora_e4_k2_supplement/hpo/cagrad/trial_runs/local_var_topk_000/cagrad_s2_curve.csv
cagrad,local_var_topk_000,3,0.7725631768953068,0.7617328519855595,0.7671480144404332,False,/home/zhujjing/MOE-grad-conflict-routing/runs/paper_suite/single_gpu/single_task/deberta_rte_lora_e4_k2_supplement/hpo/cagrad/trial_runs/local_var_topk_000/cagrad_s3.json,/home/zhujjing/MOE-grad-conflict-routing/runs/paper_suite/single_gpu/single_task/deberta_rte_lora_e4_k2_supplement/hpo/cagrad/trial_runs/local_var_topk_000/cagrad_s3_curve.csv
cagrad,local_var_topk_001,2,0.7942238267148014,0.7942238267148014,0.7942238267148014,False,/home/zhujjing/MOE-grad-conflict-routing/runs/paper_suite/single_gpu/single_task/deberta_rte_lora_e4_k2_supplement/hpo/cagrad/trial_runs/local_var_topk_001/cagrad_s2.json,/home/zhujjing/MOE-grad-conflict-routing/runs/paper_suite/single_gpu/single_task/deberta_rte_lora_e4_k2_supplement/hpo/cagrad/trial_runs/local_var_topk_001/cagrad_s2_curve.csv
cagrad,local_var_topk_001,3,0.7725631768953068,0.7725631768953068,0.7725631768953068,False,/home/zhujjing/MOE-grad-conflict-routing/runs/paper_suite/single_gpu/single_task/deberta_rte_lora_e4_k2_supplement/hpo/cagrad/trial_runs/local_var_topk_001/cagrad_s3.json,/home/zhujjing/MOE-grad-conflict-routing/runs/paper_suite/single_gpu/single_task/deberta_rte_lora_e4_k2_supplement/hpo/cagrad/trial_runs/local_var_topk_001/cagrad_s3_curve.csv
cagrad,local_var_topk_002,2,0.8231046931407943,0.8231046931407943,0.8231046931407943,False,/home/zhujjing/MOE-grad-conflict-routing/runs/paper_suite/single_gpu/single_task/deberta_rte_lora_e4_k2_supplement/hpo/cagrad/trial_runs/local_var_topk_002/cagrad_s2.json,/home/zhujjing/MOE-grad-conflict-routing/runs/paper_suite/single_gpu/single_task/deberta_rte_lora_e4_k2_supplement/hpo/cagrad/trial_runs/local_var_topk_002/cagrad_s2_curve.csv
cagrad,local_var_topk_002,3,0.740072202166065,0.740072202166065,0.740072202166065,False,/home/zhujjing/MOE-grad-conflict-routing/runs/paper_suite/single_gpu/single_task/deberta_rte_lora_e4_k2_supplement/hpo/cagrad/trial_runs/local_var_topk_002/cagrad_s3.json,/home/zhujjing/MOE-grad-conflict-routing/runs/paper_suite/single_gpu/single_task/deberta_rte_lora_e4_k2_supplement/hpo/cagrad/trial_runs/local_var_topk_002/cagrad_s3_curve.csv
cagrad,local_var_topk_003,2,0.8086642599277978,0.8086642599277978,0.8086642599277978,False,/home/zhujjing/MOE-grad-conflict-routing/runs/paper_suite/single_gpu/single_task/deberta_rte_lora_e4_k2_supplement/hpo/cagrad/trial_runs/local_var_topk_003/cagrad_s2.json,/home/zhujjing/MOE-grad-conflict-routing/runs/paper_suite/single_gpu/single_task/deberta_rte_lora_e4_k2_supplement/hpo/cagrad/trial_runs/local_var_topk_003/cagrad_s2_curve.csv
cagrad,local_var_topk_003,3,0.7472924187725631,0.740072202166065,0.743682310469314,False,/home/zhujjing/MOE-grad-conflict-routing/runs/paper_suite/single_gpu/single_task/deberta_rte_lora_e4_k2_supplement/hpo/cagrad/trial_runs/local_var_topk_003/cagrad_s3.json,/home/zhujjing/MOE-grad-conflict-routing/runs/paper_suite/single_gpu/single_task/deberta_rte_lora_e4_k2_supplement/hpo/cagrad/trial_runs/local_var_topk_003/cagrad_s3_curve.csv
cagrad,local_var_topk_004,2,0.7942238267148014,0.7942238267148014,0.7942238267148014,False,/home/zhujjing/MOE-grad-conflict-routing/runs/paper_suite/single_gpu/single_task/deberta_rte_lora_e4_k2_supplement/hpo/cagrad/trial_runs/local_var_topk_004/cagrad_s2.json,/home/zhujjing/MOE-grad-conflict-routing/runs/paper_suite/single_gpu/single_task/deberta_rte_lora_e4_k2_supplement/hpo/cagrad/trial_runs/local_var_topk_004/cagrad_s2_curve.csv
cagrad,local_var_topk_004,3,0.779783393501805,0.7472924187725631,0.7635379061371841,False,/home/zhujjing/MOE-grad-conflict-routing/runs/paper_suite/single_gpu/single_task/deberta_rte_lora_e4_k2_supplement/hpo/cagrad/trial_runs/local_var_topk_004/cagrad_s3.json,/home/zhujjing/MOE-grad-conflict-routing/runs/paper_suite/single_gpu/single_task/deberta_rte_lora_e4_k2_supplement/hpo/cagrad/trial_runs/local_var_topk_004/cagrad_s3_curve.csv
cagrad,local_var_topk_005,2,0.7906137184115524,0.7906137184115524,0.7906137184115524,False,/home/zhujjing/MOE-grad-conflict-routing/runs/paper_suite/single_gpu/single_task/deberta_rte_lora_e4_k2_supplement/hpo/cagrad/trial_runs/local_var_topk_005/cagrad_s2.json,/home/zhujjing/MOE-grad-conflict-routing/runs/paper_suite/single_gpu/single_task/deberta_rte_lora_e4_k2_supplement/hpo/cagrad/trial_runs/local_var_topk_005/cagrad_s2_curve.csv
cagrad,local_var_topk_005,3,0.7364620938628159,0.7364620938628159,0.7364620938628159,False,/home/zhujjing/MOE-grad-conflict-routing/runs/paper_suite/single_gpu/single_task/deberta_rte_lora_e4_k2_supplement/hpo/cagrad/trial_runs/local_var_topk_005/cagrad_s3.json,/home/zhujjing/MOE-grad-conflict-routing/runs/paper_suite/single_gpu/single_task/deberta_rte_lora_e4_k2_supplement/hpo/cagrad/trial_runs/local_var_topk_005/cagrad_s3_curve.csv
cagrad,local_var_topk_006,2,0.8014440433212996,0.8014440433212996,0.8014440433212996,False,/home/zhujjing/MOE-grad-conflict-routing/runs/paper_suite/single_gpu/single_task/deberta_rte_lora_e4_k2_supplement/hpo/cagrad/trial_runs/local_var_topk_006/cagrad_s2.json,/home/zhujjing/MOE-grad-conflict-routing/runs/paper_suite/single_gpu/single_task/deberta_rte_lora_e4_k2_supplement/hpo/cagrad/trial_runs/local_var_topk_006/cagrad_s2_curve.csv
cagrad,local_var_topk_006,3,0.7184115523465704,0.7184115523465704,0.7184115523465704,False,/home/zhujjing/MOE-grad-conflict-routing/runs/paper_suite/single_gpu/single_task/deberta_rte_lora_e4_k2_supplement/hpo/cagrad/trial_runs/local_var_topk_006/cagrad_s3.json,/home/zhujjing/MOE-grad-conflict-routing/runs/paper_suite/single_gpu/single_task/deberta_rte_lora_e4_k2_supplement/hpo/cagrad/trial_runs/local_var_topk_006/cagrad_s3_curve.csv
cagrad,local_var_topk_007,2,0.7833935018050542,0.7833935018050542,0.7833935018050542,False,/home/zhujjing/MOE-grad-conflict-routing/runs/paper_suite/single_gpu/single_task/deberta_rte_lora_e4_k2_supplement/hpo/cagrad/trial_runs/local_var_topk_007/cagrad_s2.json,/home/zhujjing/MOE-grad-conflict-routing/runs/paper_suite/single_gpu/single_task/deberta_rte_lora_e4_k2_supplement/hpo/cagrad/trial_runs/local_var_topk_007/cagrad_s2_curve.csv
cagrad,local_var_topk_007,3,0.7653429602888087,0.7617328519855595,0.7635379061371841,False,/home/zhujjing/MOE-grad-conflict-routing/runs/paper_suite/single_gpu/single_task/deberta_rte_lora_e4_k2_supplement/hpo/cagrad/trial_runs/local_var_topk_007/cagrad_s3.json,/home/zhujjing/MOE-grad-conflict-routing/runs/paper_suite/single_gpu/single_task/deberta_rte_lora_e4_k2_supplement/hpo/cagrad/trial_runs/local_var_topk_007/cagrad_s3_curve.csv
cagrad,local_var_topk_008,2,0.7906137184115524,0.7906137184115524,0.7906137184115524,False,/home/zhujjing/MOE-grad-conflict-routing/runs/paper_suite/single_gpu/single_task/deberta_rte_lora_e4_k2_supplement/hpo/cagrad/trial_runs/local_var_topk_008/cagrad_s2.json,/home/zhujjing/MOE-grad-conflict-routing/runs/paper_suite/single_gpu/single_task/deberta_rte_lora_e4_k2_supplement/hpo/cagrad/trial_runs/local_var_topk_008/cagrad_s2_curve.csv
cagrad,local_var_topk_008,3,0.7906137184115524,0.7906137184115524,0.7906137184115524,False,/home/zhujjing/MOE-grad-conflict-routing/runs/paper_suite/single_gpu/single_task/deberta_rte_lora_e4_k2_supplement/hpo/cagrad/trial_runs/local_var_topk_008/cagrad_s3.json,/home/zhujjing/MOE-grad-conflict-routing/runs/paper_suite/single_gpu/single_task/deberta_rte_lora_e4_k2_supplement/hpo/cagrad/trial_runs/local_var_topk_008/cagrad_s3_curve.csv
cagrad,local_var_topk_009,2,0.7725631768953068,0.7725631768953068,0.7725631768953068,False,/home/zhujjing/MOE-grad-conflict-routing/runs/paper_suite/single_gpu/single_task/deberta_rte_lora_e4_k2_supplement/hpo/cagrad/trial_runs/local_var_topk_009/cagrad_s2.json,/home/zhujjing/MOE-grad-conflict-routing/runs/paper_suite/single_gpu/single_task/deberta_rte_lora_e4_k2_supplement/hpo/cagrad/trial_runs/local_var_topk_009/cagrad_s2_curve.csv
cagrad,local_var_topk_009,3,0.7942238267148014,0.7581227436823105,0.7761732851985559,False,/home/zhujjing/MOE-grad-conflict-routing/runs/paper_suite/single_gpu/single_task/deberta_rte_lora_e4_k2_supplement/hpo/cagrad/trial_runs/local_var_topk_009/cagrad_s3.json,/home/zhujjing/MOE-grad-conflict-routing/runs/paper_suite/single_gpu/single_task/deberta_rte_lora_e4_k2_supplement/hpo/cagrad/trial_runs/local_var_topk_009/cagrad_s3_curve.csv
cagrad,local_var_topk_010,2,0.7942238267148014,0.7942238267148014,0.7942238267148014,False,/home/zhujjing/MOE-grad-conflict-routing/runs/paper_suite/single_gpu/single_task/deberta_rte_lora_e4_k2_supplement/hpo/cagrad/trial_runs/local_var_topk_010/cagrad_s2.json,/home/zhujjing/MOE-grad-conflict-routing/runs/paper_suite/single_gpu/single_task/deberta_rte_lora_e4_k2_supplement/hpo/cagrad/trial_runs/local_var_topk_010/cagrad_s2_curve.csv
cagrad,local_var_topk_010,3,0.8086642599277978,0.8086642599277978,0.8086642599277978,False,/home/zhujjing/MOE-grad-conflict-routing/runs/paper_suite/single_gpu/single_task/deberta_rte_lora_e4_k2_supplement/hpo/cagrad/trial_runs/local_var_topk_010/cagrad_s3.json,/home/zhujjing/MOE-grad-conflict-routing/runs/paper_suite/single_gpu/single_task/deberta_rte_lora_e4_k2_supplement/hpo/cagrad/trial_runs/local_var_topk_010/cagrad_s3_curve.csv
cagrad,local_var_topk_011,2,0.7364620938628159,0.7364620938628159,0.7364620938628159,False,/home/zhujjing/MOE-grad-conflict-routing/runs/paper_suite/single_gpu/single_task/deberta_rte_lora_e4_k2_supplement/hpo/cagrad/trial_runs/local_var_topk_011/cagrad_s2.json,/home/zhujjing/MOE-grad-conflict-routing/runs/paper_suite/single_gpu/single_task/deberta_rte_lora_e4_k2_supplement/hpo/cagrad/trial_runs/local_var_topk_011/cagrad_s2_curve.csv
cagrad,local_var_topk_011,3,0.7906137184115524,0.7906137184115524,0.7906137184115524,False,/home/zhujjing/MOE-grad-conflict-routing/runs/paper_suite/single_gpu/single_task/deberta_rte_lora_e4_k2_supplement/hpo/cagrad/trial_runs/local_var_topk_011/cagrad_s3.json,/home/zhujjing/MOE-grad-conflict-routing/runs/paper_suite/single_gpu/single_task/deberta_rte_lora_e4_k2_supplement/hpo/cagrad/trial_runs/local_var_topk_011/cagrad_s3_curve.csv
cagrad,local_var_topk_012,2,0.7906137184115524,0.7906137184115524,0.7906137184115524,False,/home/zhujjing/MOE-grad-conflict-routing/runs/paper_suite/single_gpu/single_task/deberta_rte_lora_e4_k2_supplement/hpo/cagrad/trial_runs/local_var_topk_012/cagrad_s2.json,/home/zhujjing/MOE-grad-conflict-routing/runs/paper_suite/single_gpu/single_task/deberta_rte_lora_e4_k2_supplement/hpo/cagrad/trial_runs/local_var_topk_012/cagrad_s2_curve.csv
cagrad,local_var_topk_012,3,0.8158844765342961,0.8158844765342961,0.8158844765342961,False,/home/zhujjing/MOE-grad-conflict-routing/runs/paper_suite/single_gpu/single_task/deberta_rte_lora_e4_k2_supplement/hpo/cagrad/trial_runs/local_var_topk_012/cagrad_s3.json,/home/zhujjing/MOE-grad-conflict-routing/runs/paper_suite/single_gpu/single_task/deberta_rte_lora_e4_k2_supplement/hpo/cagrad/trial_runs/local_var_topk_012/cagrad_s3_curve.csv
cagrad,local_var_topk_013,2,0.8231046931407943,0.8231046931407943,0.8231046931407943,False,/home/zhujjing/MOE-grad-conflict-routing/runs/paper_suite/single_gpu/single_task/deberta_rte_lora_e4_k2_supplement/hpo/cagrad/trial_runs/local_var_topk_013/cagrad_s2.json,/home/zhujjing/MOE-grad-conflict-routing/runs/paper_suite/single_gpu/single_task/deberta_rte_lora_e4_k2_supplement/hpo/cagrad/trial_runs/local_var_topk_013/cagrad_s2_curve.csv
cagrad,local_var_topk_013,3,0.8014440433212996,0.8014440433212996,0.8014440433212996,False,/home/zhujjing/MOE-grad-conflict-routing/runs/paper_suite/single_gpu/single_task/deberta_rte_lora_e4_k2_supplement/hpo/cagrad/trial_runs/local_var_topk_013/cagrad_s3.json,/home/zhujjing/MOE-grad-conflict-routing/runs/paper_suite/single_gpu/single_task/deberta_rte_lora_e4_k2_supplement/hpo/cagrad/trial_runs/local_var_topk_013/cagrad_s3_curve.csv
cagrad,local_var_topk_014,2,0.8628158844765343,0.8628158844765343,0.8628158844765343,False,/home/zhujjing/MOE-grad-conflict-routing/runs/paper_suite/single_gpu/single_task/deberta_rte_lora_e4_k2_supplement/hpo/cagrad/trial_runs/local_var_topk_014/cagrad_s2.json,/home/zhujjing/MOE-grad-conflict-routing/runs/paper_suite/single_gpu/single_task/deberta_rte_lora_e4_k2_supplement/hpo/cagrad/trial_runs/local_var_topk_014/cagrad_s2_curve.csv
cagrad,local_var_topk_014,3,0.7942238267148014,0.7942238267148014,0.7942238267148014,False,/home/zhujjing/MOE-grad-conflict-routing/runs/paper_suite/single_gpu/single_task/deberta_rte_lora_e4_k2_supplement/hpo/cagrad/trial_runs/local_var_topk_014/cagrad_s3.json,/home/zhujjing/MOE-grad-conflict-routing/runs/paper_suite/single_gpu/single_task/deberta_rte_lora_e4_k2_supplement/hpo/cagrad/trial_runs/local_var_topk_014/cagrad_s3_curve.csv
cagrad,local_var_topk_015,2,0.8375451263537906,0.8339350180505415,0.8357400722021661,False,/home/zhujjing/MOE-grad-conflict-routing/runs/paper_suite/single_gpu/single_task/deberta_rte_lora_e4_k2_supplement/hpo/cagrad/trial_runs/local_var_topk_015/cagrad_s2.json,/home/zhujjing/MOE-grad-conflict-routing/runs/paper_suite/single_gpu/single_task/deberta_rte_lora_e4_k2_supplement/hpo/cagrad/trial_runs/local_var_topk_015/cagrad_s2_curve.csv
cagrad,local_var_topk_015,3,0.8411552346570397,0.8411552346570397,0.8411552346570397,False,/home/zhujjing/MOE-grad-conflict-routing/runs/paper_suite/single_gpu/single_task/deberta_rte_lora_e4_k2_supplement/hpo/cagrad/trial_runs/local_var_topk_015/cagrad_s3.json,/home/zhujjing/MOE-grad-conflict-routing/runs/paper_suite/single_gpu/single_task/deberta_rte_lora_e4_k2_supplement/hpo/cagrad/trial_runs/local_var_topk_015/cagrad_s3_curve.csv
cagrad,local_var_topk_016,2,0.8411552346570397,0.8411552346570397,0.8411552346570397,False,/home/zhujjing/MOE-grad-conflict-routing/runs/paper_suite/single_gpu/single_task/deberta_rte_lora_e4_k2_supplement/hpo/cagrad/trial_runs/local_var_topk_016/cagrad_s2.json,/home/zhujjing/MOE-grad-conflict-routing/runs/paper_suite/single_gpu/single_task/deberta_rte_lora_e4_k2_supplement/hpo/cagrad/trial_runs/local_var_topk_016/cagrad_s2_curve.csv
cagrad,local_var_topk_016,3,0.7617328519855595,0.7617328519855595,0.7617328519855595,False,/home/zhujjing/MOE-grad-conflict-routing/runs/paper_suite/single_gpu/single_task/deberta_rte_lora_e4_k2_supplement/hpo/cagrad/trial_runs/local_var_topk_016/cagrad_s3.json,/home/zhujjing/MOE-grad-conflict-routing/runs/paper_suite/single_gpu/single_task/deberta_rte_lora_e4_k2_supplement/hpo/cagrad/trial_runs/local_var_topk_016/cagrad_s3_curve.csv
cagrad,local_var_topk_017,2,0.8122743682310469,0.8122743682310469,0.8122743682310469,False,/home/zhujjing/MOE-grad-conflict-routing/runs/paper_suite/single_gpu/single_task/deberta_rte_lora_e4_k2_supplement/hpo/cagrad/trial_runs/local_var_topk_017/cagrad_s2.json,/home/zhujjing/MOE-grad-conflict-routing/runs/paper_suite/single_gpu/single_task/deberta_rte_lora_e4_k2_supplement/hpo/cagrad/trial_runs/local_var_topk_017/cagrad_s2_curve.csv
cagrad,local_var_topk_017,3,0.7833935018050542,0.7833935018050542,0.7833935018050542,False,/home/zhujjing/MOE-grad-conflict-routing/runs/paper_suite/single_gpu/single_task/deberta_rte_lora_e4_k2_supplement/hpo/cagrad/trial_runs/local_var_topk_017/cagrad_s3.json,/home/zhujjing/MOE-grad-conflict-routing/runs/paper_suite/single_gpu/single_task/deberta_rte_lora_e4_k2_supplement/hpo/cagrad/trial_runs/local_var_topk_017/cagrad_s3_curve.csv
cagrad,local_var_topk_018,2,0.7364620938628159,0.7292418772563177,0.7328519855595668,False,/home/zhujjing/MOE-grad-conflict-routing/runs/paper_suite/single_gpu/single_task/deberta_rte_lora_e4_k2_supplement/hpo/cagrad/trial_runs/local_var_topk_018/cagrad_s2.json,/home/zhujjing/MOE-grad-conflict-routing/runs/paper_suite/single_gpu/single_task/deberta_rte_lora_e4_k2_supplement/hpo/cagrad/trial_runs/local_var_topk_018/cagrad_s2_curve.csv
cagrad,local_var_topk_018,3,0.5956678700361011,0.5776173285198556,0.5866425992779783,False,/home/zhujjing/MOE-grad-conflict-routing/runs/paper_suite/single_gpu/single_task/deberta_rte_lora_e4_k2_supplement/hpo/cagrad/trial_runs/local_var_topk_018/cagrad_s3.json,/home/zhujjing/MOE-grad-conflict-routing/runs/paper_suite/single_gpu/single_task/deberta_rte_lora_e4_k2_supplement/hpo/cagrad/trial_runs/local_var_topk_018/cagrad_s3_curve.csv
cagrad,local_var_topk_019,2,0.631768953068592,0.5992779783393501,0.6155234657039711,False,/home/zhujjing/MOE-grad-conflict-routing/runs/paper_suite/single_gpu/single_task/deberta_rte_lora_e4_k2_supplement/hpo/cagrad/trial_runs/local_var_topk_019/cagrad_s2.json,/home/zhujjing/MOE-grad-conflict-routing/runs/paper_suite/single_gpu/single_task/deberta_rte_lora_e4_k2_supplement/hpo/cagrad/trial_runs/local_var_topk_019/cagrad_s2_curve.csv
cagrad,local_var_topk_019,3,0.7545126353790613,0.7545126353790613,0.7545126353790613,False,/home/zhujjing/MOE-grad-conflict-routing/runs/paper_suite/single_gpu/single_task/deberta_rte_lora_e4_k2_supplement/hpo/cagrad/trial_runs/local_var_topk_019/cagrad_s3.json,/home/zhujjing/MOE-grad-conflict-routing/runs/paper_suite/single_gpu/single_task/deberta_rte_lora_e4_k2_supplement/hpo/cagrad/trial_runs/local_var_topk_019/cagrad_s3_curve.csv
cagrad,local_var_topk_020,2,0.776173285198556,0.776173285198556,0.776173285198556,False,/home/zhujjing/MOE-grad-conflict-routing/runs/paper_suite/single_gpu/single_task/deberta_rte_lora_e4_k2_supplement/hpo/cagrad/trial_runs/local_var_topk_020/cagrad_s2.json,/home/zhujjing/MOE-grad-conflict-routing/runs/paper_suite/single_gpu/single_task/deberta_rte_lora_e4_k2_supplement/hpo/cagrad/trial_runs/local_var_topk_020/cagrad_s2_curve.csv
cagrad,local_var_topk_020,3,0.779783393501805,0.779783393501805,0.779783393501805,False,/home/zhujjing/MOE-grad-conflict-routing/runs/paper_suite/single_gpu/single_task/deberta_rte_lora_e4_k2_supplement/hpo/cagrad/trial_runs/local_var_topk_020/cagrad_s3.json,/home/zhujjing/MOE-grad-conflict-routing/runs/paper_suite/single_gpu/single_task/deberta_rte_lora_e4_k2_supplement/hpo/cagrad/trial_runs/local_var_topk_020/cagrad_s3_curve.csv
cagrad,local_var_topk_021,2,0.7906137184115524,0.7906137184115524,0.7906137184115524,False,/home/zhujjing/MOE-grad-conflict-routing/runs/paper_suite/single_gpu/single_task/deberta_rte_lora_e4_k2_supplement/hpo/cagrad/trial_runs/local_var_topk_021/cagrad_s2.json,/home/zhujjing/MOE-grad-conflict-routing/runs/paper_suite/single_gpu/single_task/deberta_rte_lora_e4_k2_supplement/hpo/cagrad/trial_runs/local_var_topk_021/cagrad_s2_curve.csv
cagrad,local_var_topk_021,3,0.7906137184115524,0.7906137184115524,0.7906137184115524,False,/home/zhujjing/MOE-grad-conflict-routing/runs/paper_suite/single_gpu/single_task/deberta_rte_lora_e4_k2_supplement/hpo/cagrad/trial_runs/local_var_topk_021/cagrad_s3.json,/home/zhujjing/MOE-grad-conflict-routing/runs/paper_suite/single_gpu/single_task/deberta_rte_lora_e4_k2_supplement/hpo/cagrad/trial_runs/local_var_topk_021/cagrad_s3_curve.csv
cagrad,local_var_topk_022,2,0.7653429602888087,0.7472924187725631,0.7563176895306859,False,/home/zhujjing/MOE-grad-conflict-routing/runs/paper_suite/single_gpu/single_task/deberta_rte_lora_e4_k2_supplement/hpo/cagrad/trial_runs/local_var_topk_022/cagrad_s2.json,/home/zhujjing/MOE-grad-conflict-routing/runs/paper_suite/single_gpu/single_task/deberta_rte_lora_e4_k2_supplement/hpo/cagrad/trial_runs/local_var_topk_022/cagrad_s2_curve.csv
cagrad,local_var_topk_022,3,0.740072202166065,0.703971119133574,0.7220216606498195,False,/home/zhujjing/MOE-grad-conflict-routing/runs/paper_suite/single_gpu/single_task/deberta_rte_lora_e4_k2_supplement/hpo/cagrad/trial_runs/local_var_topk_022/cagrad_s3.json,/home/zhujjing/MOE-grad-conflict-routing/runs/paper_suite/single_gpu/single_task/deberta_rte_lora_e4_k2_supplement/hpo/cagrad/trial_runs/local_var_topk_022/cagrad_s3_curve.csv
cagrad,local_var_topk_023,2,0.7942238267148014,0.7942238267148014,0.7942238267148014,False,/home/zhujjing/MOE-grad-conflict-routing/runs/paper_suite/single_gpu/single_task/deberta_rte_lora_e4_k2_supplement/hpo/cagrad/trial_runs/local_var_topk_023/cagrad_s2.json,/home/zhujjing/MOE-grad-conflict-routing/runs/paper_suite/single_gpu/single_task/deberta_rte_lora_e4_k2_supplement/hpo/cagrad/trial_runs/local_var_topk_023/cagrad_s2_curve.csv
cagrad,local_var_topk_023,3,0.7870036101083032,0.7870036101083032,0.7870036101083032,False,/home/zhujjing/MOE-grad-conflict-routing/runs/paper_suite/single_gpu/single_task/deberta_rte_lora_e4_k2_supplement/hpo/cagrad/trial_runs/local_var_topk_023/cagrad_s3.json,/home/zhujjing/MOE-grad-conflict-routing/runs/paper_suite/single_gpu/single_task/deberta_rte_lora_e4_k2_supplement/hpo/cagrad/trial_runs/local_var_topk_023/cagrad_s3_curve.csv
cagrad,local_var_topk_024,2,0.7942238267148014,0.7653429602888087,0.779783393501805,False,/home/zhujjing/MOE-grad-conflict-routing/runs/paper_suite/single_gpu/single_task/deberta_rte_lora_e4_k2_supplement/hpo/cagrad/trial_runs/local_var_topk_024/cagrad_s2.json,/home/zhujjing/MOE-grad-conflict-routing/runs/paper_suite/single_gpu/single_task/deberta_rte_lora_e4_k2_supplement/hpo/cagrad/trial_runs/local_var_topk_024/cagrad_s2_curve.csv
cagrad,local_var_topk_024,3,0.7436823104693141,0.740072202166065,0.7418772563176895,False,/home/zhujjing/MOE-grad-conflict-routing/runs/paper_suite/single_gpu/single_task/deberta_rte_lora_e4_k2_supplement/hpo/cagrad/trial_runs/local_var_topk_024/cagrad_s3.json,/home/zhujjing/MOE-grad-conflict-routing/runs/paper_suite/single_gpu/single_task/deberta_rte_lora_e4_k2_supplement/hpo/cagrad/trial_runs/local_var_topk_024/cagrad_s3_curve.csv
cagrad,local_var_topk_025,2,0.7256317689530686,0.5306859205776173,0.628158844765343,False,/home/zhujjing/MOE-grad-conflict-routing/runs/paper_suite/single_gpu/single_task/deberta_rte_lora_e4_k2_supplement/hpo/cagrad/trial_runs/local_var_topk_025/cagrad_s2.json,/home/zhujjing/MOE-grad-conflict-routing/runs/paper_suite/single_gpu/single_task/deberta_rte_lora_e4_k2_supplement/hpo/cagrad/trial_runs/local_var_topk_025/cagrad_s2_curve.csv
cagrad,local_var_topk_025,3,0.7292418772563177,0.7292418772563177,0.7292418772563177,False,/home/zhujjing/MOE-grad-conflict-routing/runs/paper_suite/single_gpu/single_task/deberta_rte_lora_e4_k2_supplement/hpo/cagrad/trial_runs/local_var_topk_025/cagrad_s3.json,/home/zhujjing/MOE-grad-conflict-routing/runs/paper_suite/single_gpu/single_task/deberta_rte_lora_e4_k2_supplement/hpo/cagrad/trial_runs/local_var_topk_025/cagrad_s3_curve.csv
cagrad,local_var_topk_026,2,0.7184115523465704,0.7148014440433214,0.7166064981949458,False,/home/zhujjing/MOE-grad-conflict-routing/runs/paper_suite/single_gpu/single_task/deberta_rte_lora_e4_k2_supplement/hpo/cagrad/trial_runs/local_var_topk_026/cagrad_s2.json,/home/zhujjing/MOE-grad-conflict-routing/runs/paper_suite/single_gpu/single_task/deberta_rte_lora_e4_k2_supplement/hpo/cagrad/trial_runs/local_var_topk_026/cagrad_s2_curve.csv
cagrad,local_var_topk_026,3,0.779783393501805,0.779783393501805,0.779783393501805,False,/home/zhujjing/MOE-grad-conflict-routing/runs/paper_suite/single_gpu/single_task/deberta_rte_lora_e4_k2_supplement/hpo/cagrad/trial_runs/local_var_topk_026/cagrad_s3.json,/home/zhujjing/MOE-grad-conflict-routing/runs/paper_suite/single_gpu/single_task/deberta_rte_lora_e4_k2_supplement/hpo/cagrad/trial_runs/local_var_topk_026/cagrad_s3_curve.csv
