step,train_step_loss,train_acc,train_loss,val_acc,val_loss,avg_intra_expert_coherence,expert_diversity_e0,expert_diversity_e1,expert_diversity_e2,expert_diversity_e3,expert_diversity_mean,expert_purity_e0,expert_purity_e1,expert_purity_e2,expert_purity_e3,expert_purity_mean,inter_expert_similarity,inter_expert_similarity_e0_e0,inter_expert_similarity_e0_e1,inter_expert_similarity_e0_e2,inter_expert_similarity_e0_e3,inter_expert_similarity_e1_e0,inter_expert_similarity_e1_e1,inter_expert_similarity_e1_e2,inter_expert_similarity_e1_e3,inter_expert_similarity_e2_e0,inter_expert_similarity_e2_e1,inter_expert_similarity_e2_e2,inter_expert_similarity_e2_e3,inter_expert_similarity_e3_e0,inter_expert_similarity_e3_e1,inter_expert_similarity_e3_e2,inter_expert_similarity_e3_e3,intra_expert_coherence_e0,intra_expert_coherence_e1,intra_expert_coherence_e2,intra_expert_coherence_e3,load_cv,load_max_min_ratio,overall_task_conflict_cos,router_entropy,router_load_e0,router_load_e1,router_load_e2,router_load_e3,task_acc__amazon_polarity,task_acc__glue_sst2,task_acc__yelp_polarity,task_conflict_t0_t0,task_conflict_t0_t1,task_conflict_t0_t2,task_conflict_t1_t0,task_conflict_t1_t1,task_conflict_t1_t2,task_conflict_t2_t0,task_conflict_t2_t1,task_conflict_t2_t2,task_grad_norm_cv,task_loss__amazon_polarity,task_loss__glue_sst2,task_loss__yelp_polarity,utilization_ratio
1.0,0.7204201916853586,0.546875,0.6918412409722805,0.5208333333333334,0.6915680294235548,-0.03926694968357486,0.9610516819541337,0.9396815999604159,0.9260686071832069,0.9577079780568821,0.9461274667886598,0.46203476190567017,0.5068693161010742,0.5233104228973389,0.47013261914253235,0.4905867800116539,-0.009815107408547607,1.0,-0.02422173761816642,0.00128019303629319,-0.014154602595780717,-0.02422173761816642,1.0,0.002150674797592067,-0.011451787817985067,0.00128019303629319,0.002150674797592067,1.0,-0.01249338425323869,-0.014154602595780717,-0.011451787817985067,-0.01249338425323869,1.0,-0.09537493433539963,0.02983045241841008,-0.1753141534022947,0.08379083658498483,0.5683334808548379,3.1435920532339114,-0.030374879962312765,1.2321706414222717,0.4958059787750244,0.16940176486968994,0.15771956741809845,0.1770726591348648,0.46875,0.5625,0.53125,1.0,-0.02646610435249914,-0.11775913250221064,-0.02646610435249914,1.0,0.05310059696777149,-0.11775913250221064,0.05310059696777149,1.0,0.2776067694621937,0.6930460408329964,0.6906303912401199,0.6910276561975479,1.0
