step,train_step_loss,train_acc,train_loss,val_acc,val_loss,avg_intra_expert_coherence,expert_diversity_e0,expert_diversity_e1,expert_diversity_e2,expert_diversity_e3,expert_diversity_mean,expert_purity_e0,expert_purity_e1,expert_purity_e2,expert_purity_e3,expert_purity_mean,inter_expert_similarity,inter_expert_similarity_e0_e0,inter_expert_similarity_e0_e1,inter_expert_similarity_e0_e2,inter_expert_similarity_e0_e3,inter_expert_similarity_e1_e0,inter_expert_similarity_e1_e1,inter_expert_similarity_e1_e2,inter_expert_similarity_e1_e3,inter_expert_similarity_e2_e0,inter_expert_similarity_e2_e1,inter_expert_similarity_e2_e2,inter_expert_similarity_e2_e3,inter_expert_similarity_e3_e0,inter_expert_similarity_e3_e1,inter_expert_similarity_e3_e2,inter_expert_similarity_e3_e3,intra_expert_coherence_e0,intra_expert_coherence_e1,intra_expert_coherence_e2,intra_expert_coherence_e3,load_cv,load_max_min_ratio,overall_task_conflict_cos,router_entropy,router_load_e0,router_load_e1,router_load_e2,router_load_e3,task_acc__glue_rte,task_conflict_t0_t0,task_grad_norm_cv,task_loss__glue_rte,utilization_ratio
50.0,0.6495461463928223,0.6341365461847389,0.6444892950164967,0.5992779783393501,0.6657123317321142,1.0,0.0,0.0,0.0,0.0,0.0,1.0,1.0,1.0,1.0,1.0,-0.06142201097081681,1.0,0.0,0.0,-0.36853206582490083,0.0,1.0,0.0,0.0,0.0,0.0,1.0,0.0,-0.36853206582490083,0.0,0.0,1.0,1.0,1.0,1.0,1.0,1.0306416172171602,588191568851.471,1.0,0.6746937953177772,0.588191568851471,0.0,0.0,0.4118083715438843,0.5992779783393501,1.0,0.0,0.6657123317321142,0.5
100.0,0.6736847460269928,0.7048192771084337,0.5887773031798693,0.6714801444043321,0.6209564084808031,1.0,0.0,0.0,0.0,0.0,0.0,1.0,1.0,1.0,1.0,1.0,-0.030610817814274563,1.0,0.0,0.0,-0.18366490688564738,0.0,1.0,0.0,0.0,0.0,0.0,1.0,0.0,-0.18366490688564738,0.0,0.0,1.0,1.0,1.0,1.0,1.0,1.0206263065338135,572178661823.2727,1.0,0.6814925369372867,0.5721786618232727,0.0,0.0,0.42782139778137207,0.6714801444043321,1.0,0.0,0.6209564084808031,0.5
150.0,0.5513873249292374,0.7188755020080321,0.5592245617547096,0.6570397111913358,0.6140250083472993,1.0,0.0,0.0,0.0,0.0,0.0,1.0,1.0,1.0,1.0,1.0,-0.02505312265898282,1.0,0.0,0.0,-0.15031873595389691,0.0,1.0,0.0,0.0,0.0,0.0,1.0,0.0,-0.15031873595389691,0.0,0.0,1.0,1.0,1.0,1.0,1.0,1.0223479270935059,575162529945.3735,1.0,0.6806461957387545,0.5751625299453735,0.0,0.0,0.42483749985694885,0.6570397111913358,1.0,0.0,0.6140250083472993,0.5
