step,train_step_loss,train_acc,train_loss,val_acc,val_loss,avg_intra_expert_coherence,expert_diversity_e0,expert_diversity_e1,expert_diversity_e2,expert_diversity_e3,expert_diversity_mean,expert_purity_e0,expert_purity_e1,expert_purity_e2,expert_purity_e3,expert_purity_mean,inter_expert_similarity,inter_expert_similarity_e0_e0,inter_expert_similarity_e0_e1,inter_expert_similarity_e0_e2,inter_expert_similarity_e0_e3,inter_expert_similarity_e1_e0,inter_expert_similarity_e1_e1,inter_expert_similarity_e1_e2,inter_expert_similarity_e1_e3,inter_expert_similarity_e2_e0,inter_expert_similarity_e2_e1,inter_expert_similarity_e2_e2,inter_expert_similarity_e2_e3,inter_expert_similarity_e3_e0,inter_expert_similarity_e3_e1,inter_expert_similarity_e3_e2,inter_expert_similarity_e3_e3,intra_expert_coherence_e0,intra_expert_coherence_e1,intra_expert_coherence_e2,intra_expert_coherence_e3,load_cv,load_max_min_ratio,overall_task_conflict_cos,router_entropy,router_load_e0,router_load_e1,router_load_e2,router_load_e3,task_acc__glue_mrpc,task_conflict_t0_t0,task_grad_norm_cv,task_loss__glue_mrpc,utilization_ratio
50.0,0.4374367892742157,0.7677208287895311,0.4764805364220039,0.7892156862745098,0.45712077904206055,1.0,0.0,0.0,0.0,0.0,0.0,1.0,1.0,1.0,1.0,1.0,-0.000403259750327055,1.0,0.0,0.0,0.0,0.0,1.0,0.0,-0.00241955850196233,0.0,0.0,1.0,0.0,0.0,-0.00241955850196233,0.0,1.0,1.0,1.0,1.0,1.0,1.0000821352005005,504530966281.89087,1.0,0.6906653011546415,0.0,0.5045309662818909,0.0,0.49546903371810913,0.7892156862745098,1.0,0.0,0.45712077904206055,0.5
100.0,0.5803340971469879,0.8189749182115594,0.3997142158124758,0.8161764705882353,0.39626302312199885,1.0,0.0,0.0,0.0,0.0,0.0,1.0,1.0,1.0,1.0,1.0,-0.015319378165816583,1.0,0.0,0.0,0.0,0.0,1.0,0.0,-0.09191626899489949,0.0,0.0,1.0,0.0,0.0,-0.09191626899489949,0.0,1.0,1.0,1.0,1.0,1.0,0.9875962138175964,524584710597.99194,1.0,0.6903331431688047,0.0,0.5245847105979919,0.00788424164056778,0.4675310552120209,0.8161764705882353,1.0,0.0,0.39626302312199885,0.5
150.0,0.5349136888980865,0.8053435114503816,0.4020584334983774,0.7941176470588235,0.4082233218046335,1.0,0.0,0.0,0.0,0.0,0.0,1.0,1.0,1.0,1.0,1.0,0.004516871457538963,1.0,0.0,0.0,0.0,0.0,1.0,0.0,0.027101228745233776,0.0,0.0,1.0,0.0,0.0,0.027101228745233776,0.0,1.0,1.0,1.0,1.0,1.0,0.9933325052261353,535886406898.49854,1.0,0.689134977611841,0.0,0.5358864068984985,0.006443824619054794,0.45766976475715637,0.7941176470588235,1.0,0.0,0.4082233218046335,0.5
