step,train_step_loss,train_acc,train_loss,val_acc,val_loss,avg_intra_expert_coherence,expert_diversity_e0,expert_diversity_e1,expert_diversity_e2,expert_diversity_e3,expert_diversity_mean,expert_purity_e0,expert_purity_e1,expert_purity_e2,expert_purity_e3,expert_purity_mean,inter_expert_similarity,inter_expert_similarity_e0_e0,inter_expert_similarity_e0_e1,inter_expert_similarity_e0_e2,inter_expert_similarity_e0_e3,inter_expert_similarity_e1_e0,inter_expert_similarity_e1_e1,inter_expert_similarity_e1_e2,inter_expert_similarity_e1_e3,inter_expert_similarity_e2_e0,inter_expert_similarity_e2_e1,inter_expert_similarity_e2_e2,inter_expert_similarity_e2_e3,inter_expert_similarity_e3_e0,inter_expert_similarity_e3_e1,inter_expert_similarity_e3_e2,inter_expert_similarity_e3_e3,intra_expert_coherence_e0,intra_expert_coherence_e1,intra_expert_coherence_e2,intra_expert_coherence_e3,load_cv,load_max_min_ratio,overall_task_conflict_cos,router_entropy,router_load_e0,router_load_e1,router_load_e2,router_load_e3,task_acc__glue_rte,task_conflict_t0_t0,task_grad_norm_cv,task_loss__glue_rte,utilization_ratio
50.0,0.5905149281024933,0.5016064257028112,0.6953652286949831,0.5270758122743683,0.6855176024966769,1.0,0.0,0.0,0.0,0.0,0.0,1.0,1.0,1.0,1.0,1.0,-0.022934617982104003,1.0,0.0,0.0,0.0,0.0,1.0,0.0,-0.13760770789262403,0.0,0.0,1.0,0.0,0.0,-0.13760770789262403,0.0,1.0,1.0,1.0,1.0,1.0,1.0004135370254517,510169088840.4846,1.0,0.6923406631937956,0.0,0.4898309111595154,0.0,0.5101690888404846,0.5270758122743683,1.0,0.0,0.6855176024966769,0.5
100.0,0.6641266942024231,0.6216867469879518,0.6381604395233668,0.592057761732852,0.6710907750659518,1.0,0.0,0.0,0.0,0.0,0.0,1.0,1.0,1.0,1.0,1.0,-0.009205953884519955,1.0,0.0,0.0,0.0,0.0,1.0,0.0,-0.05523572330711973,0.0,0.0,1.0,0.0,0.0,-0.05523572330711973,0.0,1.0,1.0,1.0,1.0,1.0,0.997056245803833,527933657169.34204,1.0,0.689666341788502,0.0,0.46883460879325867,0.003231715178117156,0.527933657169342,0.592057761732852,1.0,0.0,0.6710907750659518,0.5
150.0,0.6275739073753357,0.6959839357429719,0.6038380291217412,0.6678700361010831,0.6328212941686312,1.0,0.0,0.0,0.0,0.0,0.0,1.0,1.0,1.0,1.0,1.0,0.048284185676625624,1.0,0.0,0.0,0.0,0.0,1.0,0.0,0.28970511405975374,0.0,0.0,1.0,0.0,0.0,0.28970511405975374,0.0,1.0,1.0,1.0,1.0,1.0,1.0003446340560913,509283542633.05664,1.0,0.6909887747644087,0.0,0.49071642756462097,0.0,0.5092835426330566,0.6678700361010831,1.0,0.0,0.6328212941686312,0.5
