step,train_step_loss,train_acc,train_loss,val_acc,val_loss,avg_intra_expert_coherence,expert_diversity_e0,expert_diversity_e1,expert_diversity_e2,expert_diversity_e3,expert_diversity_mean,expert_purity_e0,expert_purity_e1,expert_purity_e2,expert_purity_e3,expert_purity_mean,inter_expert_similarity,inter_expert_similarity_e0_e0,inter_expert_similarity_e0_e1,inter_expert_similarity_e0_e2,inter_expert_similarity_e0_e3,inter_expert_similarity_e1_e0,inter_expert_similarity_e1_e1,inter_expert_similarity_e1_e2,inter_expert_similarity_e1_e3,inter_expert_similarity_e2_e0,inter_expert_similarity_e2_e1,inter_expert_similarity_e2_e2,inter_expert_similarity_e2_e3,inter_expert_similarity_e3_e0,inter_expert_similarity_e3_e1,inter_expert_similarity_e3_e2,inter_expert_similarity_e3_e3,intra_expert_coherence_e0,intra_expert_coherence_e1,intra_expert_coherence_e2,intra_expert_coherence_e3,load_cv,load_max_min_ratio,overall_task_conflict_cos,router_entropy,router_load_e0,router_load_e1,router_load_e2,router_load_e3,task_acc__glue_mrpc,task_conflict_t0_t0,task_grad_norm_cv,task_loss__glue_mrpc,utilization_ratio
50.0,0.5123735517263412,0.7221919302071974,0.5340416809786921,0.7230392156862745,0.5345424889371946,1.0,0.0,0.0,0.0,0.0,0.0,1.0,1.0,1.0,1.0,1.0,0.012780114878877822,1.0,0.0,0.0,0.0,0.0,1.0,0.07668068927326693,0.0,0.0,0.07668068927326693,1.0,0.0,0.0,0.0,0.0,1.0,1.0,1.0,1.0,1.0,1.0128902196884155,573067784309.3872,1.0,0.6812900047676236,0.0049662161618471146,0.5730677843093872,0.42196598649024963,0.0,0.7230392156862745,1.0,0.0,0.5345424889371946,0.5
100.0,0.49742262065410614,0.8099781897491821,0.4403764767167361,0.7867647058823529,0.45075927904018986,1.0,0.0,0.0,0.0,0.0,0.0,1.0,1.0,1.0,1.0,1.0,-0.091843558347255,1.0,0.0,0.0,0.0,0.0,1.0,-0.55106135008353,0.0,0.0,-0.55106135008353,1.0,0.0,0.0,0.0,0.0,1.0,1.0,1.0,1.0,1.0,1.0137296915054321,562067091464.9963,1.0,0.6830285565525878,0.0009068609797395766,0.5620670914649963,0.4370259940624237,0.0,0.7867647058823529,1.0,0.0,0.45075927904018986,0.5
150.0,0.6406790316104889,0.8683206106870229,0.3247476696158233,0.8774509803921569,0.34986915346235037,1.0,0.0,0.0,0.0,0.0,0.0,1.0,1.0,1.0,1.0,1.0,-0.02382446917456049,1.0,0.0,0.0,0.0,0.0,1.0,-0.14294681504736292,0.0,0.0,-0.14294681504736292,1.0,0.0,0.0,0.0,0.0,1.0,1.0,1.0,1.0,1.0,1.0254965990189793,580345630645.752,1.0,0.6765505881870494,0.0,0.580345630645752,0.41965451836586,0.0,0.8774509803921569,1.0,0.0,0.34986915346235037,0.5
