step,train_step_loss,train_acc,train_loss,val_acc,val_loss,avg_intra_expert_coherence,expert_diversity_e0,expert_diversity_e1,expert_diversity_e2,expert_diversity_e3,expert_diversity_mean,expert_purity_e0,expert_purity_e1,expert_purity_e2,expert_purity_e3,expert_purity_mean,inter_expert_similarity,inter_expert_similarity_e0_e0,inter_expert_similarity_e0_e1,inter_expert_similarity_e0_e2,inter_expert_similarity_e0_e3,inter_expert_similarity_e1_e0,inter_expert_similarity_e1_e1,inter_expert_similarity_e1_e2,inter_expert_similarity_e1_e3,inter_expert_similarity_e2_e0,inter_expert_similarity_e2_e1,inter_expert_similarity_e2_e2,inter_expert_similarity_e2_e3,inter_expert_similarity_e3_e0,inter_expert_similarity_e3_e1,inter_expert_similarity_e3_e2,inter_expert_similarity_e3_e3,intra_expert_coherence_e0,intra_expert_coherence_e1,intra_expert_coherence_e2,intra_expert_coherence_e3,load_cv,load_max_min_ratio,overall_task_conflict_cos,router_entropy,router_load_e0,router_load_e1,router_load_e2,router_load_e3,task_acc__glue_sst2,task_conflict_t0_t0,task_grad_norm_cv,task_loss__glue_sst2,utilization_ratio
50.0,0.7955028712749481,0.8126178562413696,0.5078287314198858,0.801605504587156,0.5182066577402028,1.0,0.0,0.0,0.0,0.0,0.0,1.0,1.0,1.0,1.0,1.0,-0.05310241922844325,1.0,0.0,0.0,-0.3186145153706595,0.0,1.0,0.0,0.0,0.0,0.0,1.0,0.0,-0.3186145153706595,0.0,0.0,1.0,1.0,1.0,1.0,1.0,1.0066338769633916,540791869163.5132,1.0,0.6856563742007684,0.459208220243454,0.0,0.0,0.5407918691635132,0.801605504587156,1.0,0.0,0.5182066577402028,0.5
100.0,0.49395036697387695,0.8498567165065554,0.41982967733204224,0.8738532110091743,0.37450824366374447,1.0,0.0,0.0,0.0,0.0,0.0,1.0,1.0,1.0,1.0,1.0,-0.04401242427673937,1.0,0.0,0.0,-0.2640745456604362,0.0,1.0,0.0,0.0,0.0,0.0,1.0,0.0,-0.2640745456604362,0.0,0.0,1.0,1.0,1.0,1.0,1.0,1.0034495596229505,535621047019.9585,1.0,0.6894504745072181,0.4635051190853119,0.0,0.000873758748639375,0.5356210470199585,0.8738532110091743,1.0,0.0,0.37450824366374447,0.5
150.0,0.19383353739976883,0.8768504357896925,0.31051672882756615,0.8853211009174312,0.281217992847616,1.0,0.0,0.0,0.0,0.0,0.0,1.0,1.0,1.0,1.0,1.0,0.07139769628798712,1.0,0.0,0.0,0.4283861777279227,0.0,1.0,0.0,0.0,0.0,0.0,1.0,0.0,0.4283861777279227,0.0,0.0,1.0,1.0,1.0,1.0,1.0,1.0081140995025635,545130312442.77954,1.0,0.6884872525110157,0.45486968755722046,0.0,0.0,0.5451303124427795,0.8853211009174312,1.0,0.0,0.281217992847616,0.5
