step,train_step_loss,train_acc,train_loss,val_acc,val_loss,avg_intra_expert_coherence,expert_diversity_e0,expert_diversity_e1,expert_diversity_e2,expert_diversity_e3,expert_diversity_mean,expert_purity_e0,expert_purity_e1,expert_purity_e2,expert_purity_e3,expert_purity_mean,inter_expert_similarity,inter_expert_similarity_e0_e0,inter_expert_similarity_e0_e1,inter_expert_similarity_e0_e2,inter_expert_similarity_e0_e3,inter_expert_similarity_e1_e0,inter_expert_similarity_e1_e1,inter_expert_similarity_e1_e2,inter_expert_similarity_e1_e3,inter_expert_similarity_e2_e0,inter_expert_similarity_e2_e1,inter_expert_similarity_e2_e2,inter_expert_similarity_e2_e3,inter_expert_similarity_e3_e0,inter_expert_similarity_e3_e1,inter_expert_similarity_e3_e2,inter_expert_similarity_e3_e3,intra_expert_coherence_e0,intra_expert_coherence_e1,intra_expert_coherence_e2,intra_expert_coherence_e3,load_cv,load_max_min_ratio,overall_task_conflict_cos,router_entropy,router_load_e0,router_load_e1,router_load_e2,router_load_e3,task_acc__glue_rte,task_conflict_t0_t0,task_grad_norm_cv,task_loss__glue_rte,utilization_ratio
50.0,0.7703954577445984,0.6236947791164659,0.6479916090193467,0.592057761732852,0.6782069462868903,1.0,0.0,0.0,0.0,0.0,0.0,1.0,1.0,1.0,1.0,1.0,-0.0010042264156792237,1.0,0.0,-0.006025358494075342,0.0,0.0,1.0,0.0,0.0,-0.006025358494075342,0.0,1.0,0.0,0.0,0.0,0.0,1.0,1.0,1.0,1.0,1.0,1.0126371383666992,567199885845.1843,1.0,0.6836906495077085,0.42968958616256714,0.003110591322183609,0.5671998858451843,0.0,0.592057761732852,1.0,0.0,0.6782069462868903,0.5
100.0,0.7143585085868835,0.7160642570281125,0.5966240427814997,0.6245487364620939,0.6280416763491101,1.0,0.0,0.0,0.0,0.0,0.0,1.0,1.0,1.0,1.0,1.0,0.03179956210883812,1.0,0.0,0.19079737265302874,0.0,0.0,1.0,0.0,0.0,0.19079737265302874,0.0,1.0,0.0,0.0,0.0,0.0,1.0,1.0,1.0,1.0,1.0,1.0093971490859985,548583090305.32837,1.0,0.6880877801227225,0.45141687989234924,0.0,0.5485830903053284,0.0,0.6245487364620939,1.0,0.0,0.6280416763491101,0.5
150.0,0.6360622048377991,0.6686746987951807,0.6205440799395243,0.592057761732852,0.6504514465729395,1.0,0.0,0.0,0.0,0.0,0.0,1.0,1.0,1.0,1.0,1.0,0.060541501881758525,1.0,0.0,0.36324901129055115,0.0,0.0,1.0,0.0,0.0,0.36324901129055115,0.0,1.0,0.0,0.0,0.0,0.0,1.0,1.0,1.0,1.0,1.0,1.0035607810544036,529862880706.7871,1.0,0.691227035832319,0.47013723850250244,0.0,0.5298628807067871,0.0,0.592057761732852,1.0,0.0,0.6504514465729395,0.5
