step,train_step_loss,train_acc,train_loss,val_acc,val_loss,avg_intra_expert_coherence,expert_diversity_e0,expert_diversity_e1,expert_diversity_e2,expert_diversity_e3,expert_diversity_mean,expert_purity_e0,expert_purity_e1,expert_purity_e2,expert_purity_e3,expert_purity_mean,inter_expert_similarity,inter_expert_similarity_e0_e0,inter_expert_similarity_e0_e1,inter_expert_similarity_e0_e2,inter_expert_similarity_e0_e3,inter_expert_similarity_e1_e0,inter_expert_similarity_e1_e1,inter_expert_similarity_e1_e2,inter_expert_similarity_e1_e3,inter_expert_similarity_e2_e0,inter_expert_similarity_e2_e1,inter_expert_similarity_e2_e2,inter_expert_similarity_e2_e3,inter_expert_similarity_e3_e0,inter_expert_similarity_e3_e1,inter_expert_similarity_e3_e2,inter_expert_similarity_e3_e3,intra_expert_coherence_e0,intra_expert_coherence_e1,intra_expert_coherence_e2,intra_expert_coherence_e3,load_cv,load_max_min_ratio,overall_task_conflict_cos,router_entropy,router_load_e0,router_load_e1,router_load_e2,router_load_e3,task_acc__glue_rte,task_conflict_t0_t0,task_grad_norm_cv,task_loss__glue_rte,utilization_ratio
50.0,0.6588046252727509,0.5016064257028112,0.6911855147053034,0.5270758122743683,0.6857537080844244,1.0,0.0,0.0,0.0,0.0,0.0,1.0,1.0,1.0,1.0,1.0,-0.001992497446109949,1.0,0.0,0.0,0.0,0.0,1.0,-0.011954984676659695,0.0,0.0,-0.011954984676659695,1.0,0.0,0.0,0.0,0.0,1.0,1.0,1.0,1.0,1.0,1.0005990266799927,512239158153.53394,1.0,0.6928212496347806,0.0,0.5122391581535339,0.48776090145111084,0.0,0.5270758122743683,1.0,0.0,0.6857537080844244,0.5
100.0,0.6902333498001099,0.5522088353413654,0.6803914755200728,0.5126353790613718,0.690217814511723,1.0,0.0,0.0,0.0,0.0,0.0,1.0,1.0,1.0,1.0,1.0,-0.003409122523838471,1.0,0.0,0.0,0.0,0.0,1.0,-0.020454735143030825,0.0,0.0,-0.020454735143030825,1.0,0.0,0.0,0.0,0.0,1.0,1.0,1.0,1.0,1.0,1.0000033378601074,500907361507.4158,1.0,0.6931056873032332,0.0,0.5009073615074158,0.49909263849258423,0.0,0.5126353790613718,1.0,0.0,0.690217814511723,0.5
150.0,0.6691277921199799,0.5666666666666667,0.6656292742643601,0.5595667870036101,0.6711456792222129,1.0,0.0,0.0,0.0,0.0,0.0,1.0,1.0,1.0,1.0,1.0,-0.03684563693505754,1.0,0.0,0.0,0.0,0.0,1.0,-0.22107382161034522,0.0,0.0,-0.22107382161034522,1.0,0.0,0.0,0.0,0.0,1.0,1.0,1.0,1.0,1.0,1.0010021924972534,515832185745.23926,1.0,0.6925796283281237,0.0,0.4841678738594055,0.5158321857452393,0.0,0.5595667870036101,1.0,0.0,0.6711456792222129,0.5
