step,train_step_loss,train_acc,train_loss,val_acc,val_loss,alignment_reward,l_conflict,l_conflict_e0,l_conflict_e1,l_conflict_e2,l_conflict_e3,router_conflict_grad_l2,router_entropy,router_load_e0,router_load_e1,router_load_e2,router_load_e3
30.0,0.6199865788221359,0.6448627317283452,0.6023056485707625,0.6166415305814942,0.6143092024359547,0.3902874290943146,-0.3902874290943146,-0.0,-0.10134372860193253,-0.08489076048135757,-0.20405294001102448,0.0,0.6820451171585807,0.006291674450039864,0.26029476523399353,0.22349710762500763,0.5099164843559265
50.0,0.6519184857606888,0.6706572577058406,0.576094209884903,0.6648305769945254,0.5878724124578204,0.15152116119861603,-0.15152116119861603,-0.0,-0.052102524787187576,-0.03430541232228279,-0.06511323153972626,0.0,0.6817813144513855,0.004444288555532694,0.22395676374435425,0.28616005182266235,0.48543885350227356
