step,train_step_loss,train_acc,train_loss,val_acc,val_loss,alignment_reward,l_conflict,l_conflict_e0,l_conflict_e1,l_conflict_e2,l_conflict_e3,router_conflict_grad_l2,router_entropy,router_load_e0,router_load_e1,router_load_e2,router_load_e3
30.0,0.5970986336469651,0.6409078518418115,0.6296209362687787,0.6489140406968398,0.6279727919021116,0.20028093457221985,-0.20028093457221985,-0.09453386068344116,-0.08758609741926193,-0.018160976469516754,-0.0,0.0,0.6264889303042933,0.051495734602212906,0.6363969445228577,0.31210729479789734,0.0
50.0,0.5696694627404214,0.6580068488880482,0.5838934235434684,0.6424777148844015,0.5913506045735211,0.07134668529033661,-0.07134668529033661,-0.014101032167673111,-0.038308870047330856,-0.018936781212687492,-0.0,0.0,0.6251748474659743,0.10917732119560242,0.6317434906959534,0.2590794265270233,0.0
