{
  "completed_jobs": 95,
  "current_phase": "",
  "elapsed_sec": 74816.80807828903,
  "eta_sec": 787.5453481925161,
  "failed_jobs": 0,
  "percent": 98.95833333333333,
  "started_at_epoch": 1773722553.7353206,
  "total_jobs": 96,
  "updated_at_epoch": 1773797370.5434027
}