{
  "completed_jobs": 95,
  "current_phase": "baseline:coord:train.grad_clip",
  "elapsed_sec": 2100.216747045517,
  "eta_sec": 22.107544705742285,
  "failed_jobs": 0,
  "percent": 98.95833333333333,
  "started_at_epoch": 1773722553.7353206,
  "total_jobs": 96,
  "updated_at_epoch": 1773724653.9520724
}