step,train_step_loss,train_acc,train_loss,val_acc,val_loss,avg_intra_expert_coherence,expert_diversity_e0,expert_diversity_e1,expert_diversity_e2,expert_diversity_e3,expert_diversity_mean,expert_purity_e0,expert_purity_e1,expert_purity_e2,expert_purity_e3,expert_purity_mean,inter_expert_similarity,inter_expert_similarity_e0_e0,inter_expert_similarity_e0_e1,inter_expert_similarity_e0_e2,inter_expert_similarity_e0_e3,inter_expert_similarity_e1_e0,inter_expert_similarity_e1_e1,inter_expert_similarity_e1_e2,inter_expert_similarity_e1_e3,inter_expert_similarity_e2_e0,inter_expert_similarity_e2_e1,inter_expert_similarity_e2_e2,inter_expert_similarity_e2_e3,inter_expert_similarity_e3_e0,inter_expert_similarity_e3_e1,inter_expert_similarity_e3_e2,inter_expert_similarity_e3_e3,intra_expert_coherence_e0,intra_expert_coherence_e1,intra_expert_coherence_e2,intra_expert_coherence_e3,load_cv,load_max_min_ratio,overall_task_conflict_cos,router_entropy,router_load_e0,router_load_e1,router_load_e2,router_load_e3,task_acc__glue_mrpc,task_conflict_t0_t0,task_grad_norm_cv,task_loss__glue_mrpc,utilization_ratio
50.0,0.4310401678085327,0.6744820065430752,0.7074313151123731,0.6838235294117647,0.694533328883923,1.0,0.0,0.0,0.0,0.0,0.0,1.0,1.0,1.0,1.0,1.0,-0.034854999253625986,1.0,0.0,0.0,-0.2091299955217559,0.0,1.0,0.0,0.0,0.0,0.0,1.0,0.0,-0.2091299955217559,0.0,0.0,1.0,1.0,1.0,1.0,1.0,1.1325628599449562,687982320785.5225,1.0,0.6207056770137712,0.6879823207855225,0.0,0.0,0.3120177686214447,0.6838235294117647,1.0,0.0,0.694533328883923,0.5
100.0,0.7019454538822174,0.6744820065430752,0.6310368431651074,0.6838235294117647,0.6251598155269256,1.0,0.0,0.0,0.0,0.0,0.0,1.0,1.0,1.0,1.0,1.0,-0.057306110819959705,1.0,0.0,0.0,-0.34383666491975823,0.0,1.0,0.0,0.0,0.0,0.0,1.0,0.0,-0.34383666491975823,0.0,0.0,1.0,1.0,1.0,1.0,1.0,1.3155564949243093,802219033241.272,1.0,0.4973112929101084,0.802219033241272,0.0,0.0,0.19778147339820862,0.6838235294117647,1.0,0.0,0.6251598155269256,0.5
150.0,0.6559996008872986,0.6744820065430752,0.6360632547865743,0.6838235294117647,0.6309669017791748,1.0,0.0,0.0,0.0,0.0,0.0,1.0,1.0,1.0,1.0,1.0,-0.030731091107421116,1.0,0.0,0.0,-0.1843865466445267,0.0,1.0,0.0,0.0,0.0,0.0,1.0,0.0,-0.1843865466445267,0.0,0.0,1.0,1.0,1.0,1.0,1.0,1.3454315662384033,818234622478.4851,1.0,0.4740598096567042,0.8182346224784851,0.0,0.0,0.18176543712615967,0.6838235294117647,1.0,0.0,0.6309669017791748,0.5
