step,train_step_loss,train_acc,train_loss,val_acc,val_loss,avg_intra_expert_coherence,expert_diversity_e0,expert_diversity_e1,expert_diversity_e2,expert_diversity_e3,expert_diversity_mean,expert_purity_e0,expert_purity_e1,expert_purity_e2,expert_purity_e3,expert_purity_mean,inter_expert_similarity,inter_expert_similarity_e0_e0,inter_expert_similarity_e0_e1,inter_expert_similarity_e0_e2,inter_expert_similarity_e0_e3,inter_expert_similarity_e1_e0,inter_expert_similarity_e1_e1,inter_expert_similarity_e1_e2,inter_expert_similarity_e1_e3,inter_expert_similarity_e2_e0,inter_expert_similarity_e2_e1,inter_expert_similarity_e2_e2,inter_expert_similarity_e2_e3,inter_expert_similarity_e3_e0,inter_expert_similarity_e3_e1,inter_expert_similarity_e3_e2,inter_expert_similarity_e3_e3,intra_expert_coherence_e0,intra_expert_coherence_e1,intra_expert_coherence_e2,intra_expert_coherence_e3,load_cv,load_max_min_ratio,overall_task_conflict_cos,router_entropy,router_load_e0,router_load_e1,router_load_e2,router_load_e3,task_acc__glue_mrpc,task_conflict_t0_t0,task_grad_norm_cv,task_loss__glue_mrpc,utilization_ratio
50.0,0.574884906411171,0.6744820065430752,0.6331353129252143,0.6838235294117647,0.6290553349715012,1.0,0.0,0.0,0.0,0.0,0.0,1.0,1.0,1.0,1.0,1.0,-0.03014550941289101,1.0,0.0,0.0,0.0,0.0,1.0,0.0,-0.18087305647734606,0.0,0.0,1.0,0.0,0.0,-0.18087305647734606,0.0,1.0,1.0,1.0,1.0,1.0,1.0000003576278687,500329792499.54224,1.0,0.6931469475521761,0.0,0.5003297924995422,0.0,0.4996701776981354,0.6838235294117647,1.0,0.0,0.6290553349715012,0.5
100.0,0.6787634193897247,0.6744820065430752,0.6746886149696681,0.6838235294117647,0.6735716358973429,1.0,0.0,0.0,0.0,0.0,0.0,1.0,1.0,1.0,1.0,1.0,-0.019614510245452566,1.0,0.0,0.0,0.0,0.0,1.0,0.0,-0.1176870614727154,0.0,0.0,1.0,0.0,0.0,-0.1176870614727154,0.0,1.0,1.0,1.0,1.0,1.0,1.0039904716009183,531616747379.303,1.0,0.6911466016488916,0.0,0.46838319301605225,0.0,0.531616747379303,0.6838235294117647,1.0,0.0,0.6735716358973429,0.5
150.0,0.6244130432605743,0.6744820065430752,0.6330119826223539,0.6838235294117647,0.6260551300186378,1.0,0.0,0.0,0.0,0.0,0.0,1.0,1.0,1.0,1.0,1.0,0.00729451789852286,1.0,0.0,0.0,0.0,0.0,1.0,0.0,0.04376710739113716,0.0,0.0,1.0,0.0,0.0,0.04376710739113716,0.0,1.0,1.0,1.0,1.0,1.0,1.0531925089818261,616840839385.9863,1.0,0.6655893325805664,0.0,0.38315892219543457,0.0,0.6168408393859863,0.6838235294117647,1.0,0.0,0.6260551300186378,0.5
