step,train_step_loss,train_acc,train_loss,val_acc,val_loss,avg_intra_expert_coherence,expert_diversity_e0,expert_diversity_e1,expert_diversity_e2,expert_diversity_e3,expert_diversity_mean,expert_purity_e0,expert_purity_e1,expert_purity_e2,expert_purity_e3,expert_purity_mean,inter_expert_similarity,inter_expert_similarity_e0_e0,inter_expert_similarity_e0_e1,inter_expert_similarity_e0_e2,inter_expert_similarity_e0_e3,inter_expert_similarity_e1_e0,inter_expert_similarity_e1_e1,inter_expert_similarity_e1_e2,inter_expert_similarity_e1_e3,inter_expert_similarity_e2_e0,inter_expert_similarity_e2_e1,inter_expert_similarity_e2_e2,inter_expert_similarity_e2_e3,inter_expert_similarity_e3_e0,inter_expert_similarity_e3_e1,inter_expert_similarity_e3_e2,inter_expert_similarity_e3_e3,intra_expert_coherence_e0,intra_expert_coherence_e1,intra_expert_coherence_e2,intra_expert_coherence_e3,load_cv,load_max_min_ratio,overall_task_conflict_cos,router_entropy,router_load_e0,router_load_e1,router_load_e2,router_load_e3,task_acc__glue_rte,task_conflict_t0_t0,task_grad_norm_cv,task_loss__glue_rte,utilization_ratio
50.0,0.7143782675266266,0.5016064257028112,0.6932626828169212,0.5270758122743683,0.6918176925844617,1.0,0.0,0.0,0.0,0.0,0.0,1.0,1.0,1.0,1.0,1.0,0.0366565165581406,1.0,0.0,0.0,0.0,0.0,1.0,0.0,0.0,0.0,0.0,1.0,0.21993909934884362,0.0,0.0,0.21993909934884362,1.0,1.0,1.0,1.0,1.0,1.4997471868539787,895164608955.3833,1.0,0.3355789180266728,0.0,0.0,0.8951646089553833,0.10483521223068237,0.5270758122743683,1.0,0.0,0.6918176925844617,0.25
100.0,0.7461226582527161,0.4983935742971888,0.7131037114140315,0.4729241877256318,0.727134656574991,1.0,0.0,0.0,0.0,0.0,0.0,1.0,1.0,1.0,1.0,1.0,0.03464001554539423,1.0,0.0,0.0,0.0,0.0,1.0,0.0,0.0,0.0,0.0,1.0,0.20784009327236538,0.0,0.0,0.20784009327236538,1.0,1.0,1.0,1.0,1.0,1.6404316331499695,959757208824.1577,1.0,0.1687139511538757,0.0,0.0,0.9597572088241577,0.04024244472384453,0.4729241877256318,1.0,0.0,0.727134656574991,0.25
150.0,0.7787856459617615,0.5016064257028112,0.7024194229489718,0.5270758122743683,0.6923931174808078,1.0,0.0,0.0,0.0,0.0,0.0,1.0,1.0,1.0,1.0,1.0,0.0258612729689995,1.0,0.0,0.0,0.0,0.0,1.0,0.0,0.0,0.0,0.0,1.0,0.155167637813997,0.0,0.0,0.155167637813997,1.0,1.0,1.0,1.0,1.0,1.7281392916968863,998305797576.9043,1.0,0.012505819785681011,0.0,0.0,0.9983057975769043,0.0016946941614151,0.5270758122743683,1.0,0.0,0.6923931174808078,0.25
