step,train_step_loss,train_acc,train_loss,val_acc,val_loss,avg_intra_expert_coherence,expert_diversity_e0,expert_diversity_e1,expert_diversity_e2,expert_diversity_e3,expert_diversity_mean,expert_purity_e0,expert_purity_e1,expert_purity_e2,expert_purity_e3,expert_purity_mean,inter_expert_similarity,inter_expert_similarity_e0_e0,inter_expert_similarity_e0_e1,inter_expert_similarity_e0_e2,inter_expert_similarity_e0_e3,inter_expert_similarity_e1_e0,inter_expert_similarity_e1_e1,inter_expert_similarity_e1_e2,inter_expert_similarity_e1_e3,inter_expert_similarity_e2_e0,inter_expert_similarity_e2_e1,inter_expert_similarity_e2_e2,inter_expert_similarity_e2_e3,inter_expert_similarity_e3_e0,inter_expert_similarity_e3_e1,inter_expert_similarity_e3_e2,inter_expert_similarity_e3_e3,intra_expert_coherence_e0,intra_expert_coherence_e1,intra_expert_coherence_e2,intra_expert_coherence_e3,load_cv,load_max_min_ratio,overall_task_conflict_cos,router_entropy,router_load_e0,router_load_e1,router_load_e2,router_load_e3,task_acc__glue_rte,task_conflict_t0_t0,task_grad_norm_cv,task_loss__glue_rte,utilization_ratio
50.0,0.7064283788204193,0.4983935742971888,0.7023908207049737,0.4729241877256318,0.7119389077027639,1.0,0.0,0.0,0.0,0.0,0.0,1.0,1.0,1.0,1.0,1.0,0.025833957266963817,1.0,0.1550037436017829,0.0,0.0,0.1550037436017829,1.0,0.0,0.0,0.0,0.0,1.0,0.0,0.0,0.0,0.0,1.0,1.0,1.0,1.0,1.0,1.5748646259307861,930145144462.5854,1.0,0.2532635036358334,0.06985489279031754,0.9301451444625854,0.0,0.0,0.4729241877256318,1.0,0.0,0.7119389077027639,0.25
100.0,0.6842140853404999,0.5016064257028112,0.6950908064460143,0.5270758122743683,0.6903721541166306,1.0,0.0,0.0,0.0,0.0,0.0,1.0,1.0,1.0,1.0,1.0,0.02724919274284913,1.0,0.0,0.0,0.0,0.0,1.0,0.0,0.16349515645709478,0.0,0.0,1.0,0.0,0.0,0.16349515645709478,0.0,1.0,1.0,1.0,1.0,1.0,1.6212837244610458,951187312602.9968,1.0,0.1950038856547662,0.0,0.9511873126029968,0.0,0.048812538385391235,0.5270758122743683,1.0,0.0,0.6903721541166306,0.25
150.0,0.6749358773231506,0.5016064257028112,0.7033942525585493,0.5270758122743683,0.6928995102643967,1.0,0.0,0.0,0.0,0.0,0.0,1.0,1.0,1.0,1.0,1.0,0.02641860300961019,1.0,0.15851161805766115,0.0,0.0,0.15851161805766115,1.0,0.0,0.0,0.0,0.0,1.0,0.0,0.0,0.0,0.0,1.0,1.0,1.0,1.0,1.0,1.372557476454082,832399308681.488,1.0,0.45206158944415703,0.16760079562664032,0.832399308681488,0.0,0.0,0.5270758122743683,1.0,0.0,0.6928995102643967,0.5
