step,train_step_loss,train_acc,train_loss,val_acc,val_loss,avg_intra_expert_coherence,expert_diversity_e0,expert_diversity_e1,expert_diversity_e2,expert_diversity_e3,expert_diversity_mean,expert_purity_e0,expert_purity_e1,expert_purity_e2,expert_purity_e3,expert_purity_mean,inter_expert_similarity,inter_expert_similarity_e0_e0,inter_expert_similarity_e0_e1,inter_expert_similarity_e0_e2,inter_expert_similarity_e0_e3,inter_expert_similarity_e1_e0,inter_expert_similarity_e1_e1,inter_expert_similarity_e1_e2,inter_expert_similarity_e1_e3,inter_expert_similarity_e2_e0,inter_expert_similarity_e2_e1,inter_expert_similarity_e2_e2,inter_expert_similarity_e2_e3,inter_expert_similarity_e3_e0,inter_expert_similarity_e3_e1,inter_expert_similarity_e3_e2,inter_expert_similarity_e3_e3,intra_expert_coherence_e0,intra_expert_coherence_e1,intra_expert_coherence_e2,intra_expert_coherence_e3,load_cv,load_max_min_ratio,overall_task_conflict_cos,router_entropy,router_load_e0,router_load_e1,router_load_e2,router_load_e3,task_acc__glue_rte,task_conflict_t0_t0,task_grad_norm_cv,task_loss__glue_rte,utilization_ratio
50.0,0.6323610246181488,0.6546184738955824,0.619217796719227,0.6064981949458483,0.6691050314240985,1.0,0.0,0.0,0.0,0.0,0.0,1.0,1.0,1.0,1.0,1.0,-0.0034850817887101776,1.0,0.0,0.0,0.0,0.0,1.0,-0.020910490732261065,0.0,0.0,-0.020910490732261065,1.0,0.0,0.0,0.0,0.0,1.0,1.0,1.0,1.0,1.0,1.002181053161621,523363769054.41284,1.0,0.68967512970797,0.0,0.47663620114326477,0.5233637690544128,0.0,0.6064981949458483,1.0,0.0,0.6691050314240985,0.5
100.0,0.5546876788139343,0.6871485943775101,0.5902990968754659,0.6425992779783394,0.616895005106926,1.0,0.0,0.0,0.0,0.0,0.0,1.0,1.0,1.0,1.0,1.0,0.030121163042860093,1.0,0.0,0.0,0.0,0.0,1.0,0.18072697825716055,0.0,0.0,0.18072697825716055,1.0,0.0,0.0,0.0,0.0,1.0,1.0,1.0,1.0,1.0,1.0010933876037598,516537249088.28735,1.0,0.6912293589072107,0.0,0.48346278071403503,0.5165372490882874,0.0,0.6425992779783394,1.0,0.0,0.616895005106926,0.5
150.0,0.49811920523643494,0.7538152610441767,0.5370993063809016,0.6823104693140795,0.6050007856554456,1.0,0.0,0.0,0.0,0.0,0.0,1.0,1.0,1.0,1.0,1.0,0.001543138081162483,1.0,0.0,0.0,0.0,0.0,1.0,0.009258828486974898,0.0,0.0,0.009258828486974898,1.0,0.0,0.0,0.0,0.0,1.0,1.0,1.0,1.0,1.0,1.0000208616256714,502286612987.5183,1.0,0.6925301104246063,0.0,0.4977133870124817,0.5022866129875183,0.0,0.6823104693140795,1.0,0.0,0.6050007856554456,0.5
