{
  "completed_jobs": 10,
  "current_phase": "",
  "elapsed_sec": 1060.473848104477,
  "eta_sec": null,
  "failed_jobs": 0,
  "percent": 100.0,
  "started_at_epoch": 1773798044.9654126,
  "total_jobs": 10,
  "updated_at_epoch": 1773799105.4392622
}