{
  "completed_jobs": 753,
  "current_phase": "",
  "elapsed_sec": 15476.434158086777,
  "eta_sec": null,
  "failed_jobs": 0,
  "percent": 100.0,
  "started_at_epoch": 1773922897.5929687,
  "total_jobs": 753,
  "updated_at_epoch": 1773938374.0271306
}