step,train_step_loss,train_acc,train_loss,val_acc,val_loss,alignment_reward,l_conflict,l_conflict_e0,l_conflict_e1,l_conflict_e2,l_conflict_e3,router_conflict_grad_l2,router_entropy,router_load_e0,router_load_e1,router_load_e2,router_load_e3
5.0,0.7033330897490184,0.5052083333333334,0.7167937010526657,0.53125,0.7293827583392462,0.22290506958961487,-0.22290506958961487,-0.06379406899213791,-0.09212876856327057,-0.03403347358107567,-0.032948773354291916,0.0,1.3101200858751934,0.2912692725658417,0.3724333345890045,0.1808251291513443,0.1554722636938095
