step,train_step_loss,train_acc,train_loss,val_acc,val_loss,avg_intra_expert_coherence,expert_diversity_e0,expert_diversity_e1,expert_diversity_e2,expert_diversity_e3,expert_diversity_mean,expert_purity_e0,expert_purity_e1,expert_purity_e2,expert_purity_e3,expert_purity_mean,inter_expert_similarity,inter_expert_similarity_e0_e0,inter_expert_similarity_e0_e1,inter_expert_similarity_e0_e2,inter_expert_similarity_e0_e3,inter_expert_similarity_e1_e0,inter_expert_similarity_e1_e1,inter_expert_similarity_e1_e2,inter_expert_similarity_e1_e3,inter_expert_similarity_e2_e0,inter_expert_similarity_e2_e1,inter_expert_similarity_e2_e2,inter_expert_similarity_e2_e3,inter_expert_similarity_e3_e0,inter_expert_similarity_e3_e1,inter_expert_similarity_e3_e2,inter_expert_similarity_e3_e3,intra_expert_coherence_e0,intra_expert_coherence_e1,intra_expert_coherence_e2,intra_expert_coherence_e3,load_cv,load_max_min_ratio,overall_task_conflict_cos,router_entropy,router_load_e0,router_load_e1,router_load_e2,router_load_e3,task_acc__glue_rte,task_conflict_t0_t0,task_grad_norm_cv,task_loss__glue_rte,utilization_ratio
50.0,0.6069790720939636,0.5016064257028112,0.7083602409523266,0.5270758122743683,0.6965582221746445,1.0,0.0,0.0,0.0,0.0,0.0,1.0,1.0,1.0,1.0,1.0,-0.03656677611499349,1.0,0.0,0.0,0.0,0.0,1.0,-0.21940065668996095,0.0,0.0,-0.21940065668996095,1.0,0.0,0.0,0.0,0.0,1.0,1.0,1.0,1.0,1.0,1.0209594989966748,572765231132.5073,1.0,0.6821738081288251,0.0,0.4272346794605255,0.5727652311325073,0.0,0.5270758122743683,1.0,0.0,0.6965582221746445,0.5
100.0,0.6792539954185486,0.6373493975903615,0.6411980405067786,0.5740072202166066,0.6686869611342748,1.0,0.0,0.0,0.0,0.0,0.0,1.0,1.0,1.0,1.0,1.0,-0.007803346901762299,1.0,0.0,0.0,0.0,0.0,1.0,-0.04682008141057379,0.0,0.0,-0.04682008141057379,1.0,0.0,0.0,0.0,0.0,1.0,1.0,1.0,1.0,1.0,1.0185503959655762,568414986133.5754,1.0,0.6832601490433896,0.0,0.43158504366874695,0.5684149861335754,0.0,0.5740072202166066,1.0,0.0,0.6686869611342748,0.5
150.0,0.6363950669765472,0.6606425702811245,0.6297961617891605,0.6353790613718412,0.6463688785831133,1.0,0.0,0.0,0.0,0.0,0.0,1.0,1.0,1.0,1.0,1.0,-0.06847952748327531,1.0,0.0,0.0,0.0,0.0,1.0,-0.41087716489965187,0.0,0.0,-0.41087716489965187,1.0,0.0,0.0,0.0,0.0,1.0,1.0,1.0,1.0,1.0,1.0263733863830566,581732988357.544,1.0,0.6793610231971052,0.0,0.41826704144477844,0.581732988357544,0.0,0.6353790613718412,1.0,0.0,0.6463688785831133,0.5
