step,train_step_loss,train_acc,train_loss,val_acc,val_loss,avg_intra_expert_coherence,expert_diversity_e0,expert_diversity_e1,expert_diversity_e2,expert_diversity_e3,expert_diversity_mean,expert_purity_e0,expert_purity_e1,expert_purity_e2,expert_purity_e3,expert_purity_mean,inter_expert_similarity,inter_expert_similarity_e0_e0,inter_expert_similarity_e0_e1,inter_expert_similarity_e0_e2,inter_expert_similarity_e0_e3,inter_expert_similarity_e1_e0,inter_expert_similarity_e1_e1,inter_expert_similarity_e1_e2,inter_expert_similarity_e1_e3,inter_expert_similarity_e2_e0,inter_expert_similarity_e2_e1,inter_expert_similarity_e2_e2,inter_expert_similarity_e2_e3,inter_expert_similarity_e3_e0,inter_expert_similarity_e3_e1,inter_expert_similarity_e3_e2,inter_expert_similarity_e3_e3,intra_expert_coherence_e0,intra_expert_coherence_e1,intra_expert_coherence_e2,intra_expert_coherence_e3,load_cv,load_max_min_ratio,overall_task_conflict_cos,router_entropy,router_load_e0,router_load_e1,router_load_e2,router_load_e3,task_acc__glue_rte,task_conflict_t0_t0,task_grad_norm_cv,task_loss__glue_rte,utilization_ratio
50.0,0.6492776572704315,0.5016064257028112,0.6966172237808888,0.5270758122743683,0.6904035011927286,1.0,0.0,0.0,0.0,0.0,0.0,1.0,1.0,1.0,1.0,1.0,0.008271644583599911,1.0,0.0,0.04962986750159947,0.0,0.0,1.0,0.0,0.0,0.04962986750159947,0.0,1.0,0.0,0.0,0.0,0.0,1.0,1.0,1.0,1.0,1.0,1.0105046033859253,551380336284.6375,1.0,0.6878486832987101,0.5513803362846375,0.0,0.44861969351768494,0.0,0.5270758122743683,1.0,0.0,0.6904035011927286,0.5
100.0,0.6898095905780792,0.5016064257028112,0.6930740615496268,0.5270758122743683,0.6918063544564776,1.0,0.0,0.0,0.0,0.0,0.0,1.0,1.0,1.0,1.0,1.0,0.008387669885058673,1.0,0.0,0.050326019310352035,0.0,0.0,1.0,0.0,0.0,0.050326019310352035,0.0,1.0,0.0,0.0,0.0,0.0,1.0,1.0,1.0,1.0,1.0,1.0024373531341553,524699449539.1846,1.0,0.6919220087760622,0.5246994495391846,0.0,0.4753005802631378,0.0,0.5270758122743683,1.0,0.0,0.6918063544564776,0.5
150.0,0.6951985955238342,0.5016064257028112,0.6929587645026354,0.5270758122743683,0.6926445911327997,1.0,0.0,0.0,0.0,0.0,0.0,1.0,1.0,1.0,1.0,1.0,0.008482766789220096,1.0,0.0,0.050896600735320575,0.0,0.0,1.0,0.0,0.0,0.050896600735320575,0.0,1.0,0.0,0.0,0.0,0.0,1.0,1.0,1.0,1.0,1.0,1.001951813697815,522100448608.39844,1.0,0.6921636998007874,0.47789955139160156,0.0,0.5221004486083984,0.0,0.5270758122743683,1.0,0.0,0.6926445911327997,0.5
