step,train_step_loss,train_acc,train_loss,val_acc,val_loss,avg_intra_expert_coherence,expert_diversity_e0,expert_diversity_e1,expert_diversity_e2,expert_diversity_e3,expert_diversity_mean,expert_purity_e0,expert_purity_e1,expert_purity_e2,expert_purity_e3,expert_purity_mean,inter_expert_similarity,inter_expert_similarity_e0_e0,inter_expert_similarity_e0_e1,inter_expert_similarity_e0_e2,inter_expert_similarity_e0_e3,inter_expert_similarity_e1_e0,inter_expert_similarity_e1_e1,inter_expert_similarity_e1_e2,inter_expert_similarity_e1_e3,inter_expert_similarity_e2_e0,inter_expert_similarity_e2_e1,inter_expert_similarity_e2_e2,inter_expert_similarity_e2_e3,inter_expert_similarity_e3_e0,inter_expert_similarity_e3_e1,inter_expert_similarity_e3_e2,inter_expert_similarity_e3_e3,intra_expert_coherence_e0,intra_expert_coherence_e1,intra_expert_coherence_e2,intra_expert_coherence_e3,load_cv,load_max_min_ratio,overall_task_conflict_cos,router_entropy,router_load_e0,router_load_e1,router_load_e2,router_load_e3,task_acc__glue_rte,task_conflict_t0_t0,task_grad_norm_cv,task_loss__glue_rte,utilization_ratio
50.0,0.4831235706806183,0.51285140562249,0.7456572261662819,0.5342960288808665,0.7494225485457314,1.0,0.0,0.0,0.0,0.0,0.0,1.0,1.0,1.0,1.0,1.0,-0.04487385279861108,1.0,0.0,0.0,0.0,0.0,1.0,-0.26924311679166646,0.0,0.0,-0.26924311679166646,1.0,0.0,0.0,0.0,0.0,1.0,1.0,1.0,1.0,1.0,1.0047358268814293,534449577331.54297,1.0,0.689907435475704,0.0,0.4655505120754242,0.534449577331543,0.0,0.5342960288808665,1.0,0.0,0.7494225485457314,0.5
100.0,0.6431178450584412,0.7172690763052209,0.6031612707254214,0.6389891696750902,0.6364519149065018,1.0,0.0,0.0,0.0,0.0,0.0,1.0,1.0,1.0,1.0,1.0,-0.04034599501666913,1.0,0.0,0.0,0.0,0.0,1.0,-0.24207597010001475,0.0,0.0,-0.24207597010001475,1.0,0.0,0.0,0.0,0.0,1.0,1.0,1.0,1.0,1.0,1.0010132788403894,325.95039564820917,1.0,0.6891993409029413,0.0016837368020787835,0.4544929265975952,0.542160153388977,0.001663321047089994,0.6389891696750902,1.0,0.0,0.6364519149065018,0.5
150.0,0.6464807689189911,0.6779116465863454,0.6258109728113198,0.6353790613718412,0.6379380027453104,1.0,0.0,0.0,0.0,0.0,0.0,1.0,1.0,1.0,1.0,1.0,-0.04317049210230256,1.0,0.0,0.0,0.0,0.0,1.0,-0.25902295261381536,0.0,0.0,-0.25902295261381536,1.0,0.0,0.0,0.0,0.0,1.0,1.0,1.0,1.0,1.0,0.9974924324448367,319.1543291167816,1.0,0.6893109053050568,0.00340471719391644,0.45374277234077454,0.5411568880081177,0.001695596263743937,0.6353790613718412,1.0,0.0,0.6379380027453104,0.5
