method,n_seeds,best_mean,best_std,final_mean,final_std,score_mean,score_std
ours,5,0.8970588235294118,0.007103616052053651,0.8862745098039216,0.015314215050797355,0.8916666666666666,0.011032134740124417
baseline,5,0.8970588235294118,0.006756886643181489,0.8779411764705882,0.0181703460714222,0.8875,0.01038128361987616
cagrad,5,0.8955882352941178,0.004545891419360652,0.8774509803921567,0.007904174263037767,0.8865196078431372,0.003157867334981637
