method,val_acc_mean,val_acc_std,overall_task_conflict_cos_mean,overall_task_conflict_cos_std,avg_intra_expert_coherence_mean,avg_intra_expert_coherence_std,expert_purity_mean_mean,expert_purity_mean_std,expert_diversity_mean_mean,expert_diversity_mean_std,load_cv_mean,load_cv_std,load_max_min_ratio_mean,load_max_min_ratio_std,utilization_ratio_mean,utilization_ratio_std,router_entropy_mean,router_entropy_std,inter_expert_similarity_mean,inter_expert_similarity_std,task_grad_norm_cv_mean,task_grad_norm_cv_std
baseline,0.8779411764705882,0.0181703460714222,1.0,0.0,1.0,0.0,1.0,0.0,0.0,0.0,1.0788988108431012,0.22234683866725827,268843319733.22162,329281036533.13306,0.55,0.18708286933869706,0.3644999416435466,0.1391149460478575,0.03293226050547033,0.028373245832507367,0.0,0.0
cagrad,0.8774509803921567,0.007904174263037767,1.0,0.0,1.0,0.0,1.0,0.0,0.0,0.0,1.089424828492405,0.25294900975410994,545048427607.7297,301343132788.3629,0.6,0.1224744871391589,0.4085432147278505,0.16709969664252802,0.03288665516941626,0.012056686747209803,0.0,0.0
ours,0.8862745098039216,0.015314215050797358,1.0,0.0,1.0,0.0,1.0,0.0,0.0,0.0,1.2370158155377342,0.19800252203376395,156984055282.5416,313968109964.3963,0.45,0.1,0.2654712977362614,0.06658509755376044,0.017833747515618538,0.03060195234833036,0.0,0.0
