method,wall_time_sec_mean,wall_time_sec_std,mean_train_step_time_sec_mean,mean_train_step_time_sec_std,peak_cuda_memory_mb_mean,peak_cuda_memory_mb_std
baseline,628.6948543431936,2.110893689796173,0.2182247277800692,0.011705666258872215,2921.92236328125,0.0
cagrad,898.3627342881985,11.034314129384997,0.564843737110676,0.002348035031266781,2921.92236328125,0.0
ours,930.9117407576007,5.987538130628142,0.5579987097033241,0.005068802689739425,2923.94580078125,0.0
