method,val_acc_last_mean,val_acc_last_std,val_loss_last_mean,val_loss_last_std
baseline,0.8779411764705882,0.0181703460714222,0.5427968787365198,0.09662716937529778
cagrad,0.8774509803921567,0.007904174263037767,0.5895377751013327,0.09729554813698543
ours,0.8862745098039216,0.015314215050797358,0.5277087788599601,0.06207708158322378
