{
  "baseline": {
    "num_common_steps": 20,
    "seeds": [
      2,
      3,
      5,
      7,
      11
    ],
    "steps": [
      50,
      100,
      150,
      200,
      250,
      300,
      350,
      400,
      450,
      500,
      550,
      600,
      650,
      700,
      750,
      800,
      850,
      900,
      950,
      1000
    ],
    "train_acc_last_mean": 0.9781897491821155,
    "train_acc_last_std": 0.00970801189463731,
    "train_loss_last_mean": 0.08564431377797914,
    "train_loss_last_std": 0.034096584679901155,
    "val_acc_last_mean": 0.8779411764705882,
    "val_acc_last_std": 0.0181703460714222,
    "val_loss_last_mean": 0.5427968787365198,
    "val_loss_last_std": 0.09662716937529778
  },
  "cagrad": {
    "num_common_steps": 20,
    "seeds": [
      2,
      3,
      5,
      7,
      11
    ],
    "steps": [
      50,
      100,
      150,
      200,
      250,
      300,
      350,
      400,
      450,
      500,
      550,
      600,
      650,
      700,
      750,
      800,
      850,
      900,
      950,
      1000
    ],
    "train_acc_last_mean": 0.9810250817884405,
    "train_acc_last_std": 0.004005314650426801,
    "train_loss_last_mean": 0.08402183212895381,
    "train_loss_last_std": 0.022829250275987294,
    "val_acc_last_mean": 0.8774509803921567,
    "val_acc_last_std": 0.007904174263037767,
    "val_loss_last_mean": 0.5895377751013327,
    "val_loss_last_std": 0.09729554813698543
  },
  "ours": {
    "num_common_steps": 20,
    "seeds": [
      2,
      3,
      5,
      7,
      11
    ],
    "steps": [
      50,
      100,
      150,
      200,
      250,
      300,
      350,
      400,
      450,
      500,
      550,
      600,
      650,
      700,
      750,
      800,
      850,
      900,
      950,
      1000
    ],
    "train_acc_last_mean": 0.9827153762268266,
    "train_acc_last_std": 0.004384484295087167,
    "train_loss_last_mean": 0.06869111481545312,
    "train_loss_last_std": 0.016789364798704885,
    "val_acc_last_mean": 0.8862745098039216,
    "val_acc_last_std": 0.015314215050797358,
    "val_loss_last_mean": 0.5277087788599601,
    "val_loss_last_std": 0.06207708158322378
  }
}