step,train_step_loss,train_acc,train_loss,val_acc,val_loss,router_entropy,router_load_e0,router_load_e1,router_load_e2,router_load_e3
30.0,0.5691948036352793,0.6464818254519409,0.6225893471848986,0.6381911538309183,0.6267047058201917,0.680562050530204,0.006812075152993202,0.45060500502586365,0.00255584972910583,0.5400271415710449
50.0,0.6214196185270945,0.6357811261182428,0.6274085133412669,0.6262345378633124,0.6342708097068493,0.68659791102012,0.32123228907585144,0.18317832052707672,0.2450108677148819,0.2505786120891571
