step,train_step_loss,train_acc,train_loss,val_acc,val_loss,router_entropy,router_load_e0,router_load_e1,router_load_e2,router_load_e3
30.0,0.6744714975357056,0.6335157016497434,0.6545929423689736,0.6074603724334854,0.6789250363823913,0.6891154246749701,0.44043833017349243,0.10768431425094604,0.0953117236495018,0.3565658628940582
50.0,0.6319138904412588,0.6705360433626163,0.5952148464002667,0.6426942226344984,0.6222866325358035,0.6885910374974763,0.3938805162906647,0.13468405604362488,0.2236100286245346,0.24782530963420868
