step,train_step_loss,train_acc,train_loss,val_acc,val_loss,router_entropy,router_load_e0,router_load_e1,router_load_e2,router_load_e3
5.0,0.5281670689582825,0.6908396946564885,0.5630540207676266,0.696078431372549,0.5574047806171271,1.2718020046458525,0.2945714592933655,0.1073715016245842,0.19262365996837616,0.40543338656425476
