step,train_step_loss,train_acc,train_loss,val_acc,val_loss,avg_intra_expert_coherence,expert_diversity_e0,expert_diversity_e1,expert_diversity_e2,expert_diversity_e3,expert_diversity_mean,expert_purity_e0,expert_purity_e1,expert_purity_e2,expert_purity_e3,expert_purity_mean,inter_expert_similarity,inter_expert_similarity_e0_e0,inter_expert_similarity_e0_e1,inter_expert_similarity_e0_e2,inter_expert_similarity_e0_e3,inter_expert_similarity_e1_e0,inter_expert_similarity_e1_e1,inter_expert_similarity_e1_e2,inter_expert_similarity_e1_e3,inter_expert_similarity_e2_e0,inter_expert_similarity_e2_e1,inter_expert_similarity_e2_e2,inter_expert_similarity_e2_e3,inter_expert_similarity_e3_e0,inter_expert_similarity_e3_e1,inter_expert_similarity_e3_e2,inter_expert_similarity_e3_e3,intra_expert_coherence_e0,intra_expert_coherence_e1,intra_expert_coherence_e2,intra_expert_coherence_e3,load_cv,load_max_min_ratio,overall_task_conflict_cos,router_entropy,router_load_e0,router_load_e1,router_load_e2,router_load_e3,task_acc__glue_rte,task_conflict_t0_t0,task_grad_norm_cv,task_loss__glue_rte,utilization_ratio
50.0,0.6900761723518372,0.4983935742971888,0.6915444515454464,0.4729241877256318,0.6988179054525163,1.0,0.0,0.0,0.0,0.0,0.0,1.0,1.0,1.0,1.0,1.0,0.007257957790822525,1.0,0.043547746744935154,0.0,0.0,0.043547746744935154,1.0,0.0,0.0,0.0,0.0,1.0,0.0,0.0,0.0,0.0,1.0,1.0,1.0,1.0,1.0,1.0000759363174438,504356324672.699,1.0,0.6927440330009598,0.504356324672699,0.4956437051296234,0.0,0.0,0.4729241877256318,1.0,0.0,0.6988179054525163,0.5
100.0,0.8068073689937592,0.551004016064257,0.6751606777692453,0.51985559566787,0.6958194623390833,1.0,0.0,0.0,0.0,0.0,0.0,1.0,1.0,1.0,1.0,1.0,0.0072016213480965915,1.0,0.04320972808857955,0.0,0.0,0.04320972808857955,1.0,0.0,0.0,0.0,0.0,1.0,0.0,0.0,0.0,0.0,1.0,1.0,1.0,1.0,1.0,1.0758332745730772,640275120735.1685,1.0,0.6530112419748134,0.6402751207351685,0.3597247004508972,0.0,0.0,0.51985559566787,1.0,0.0,0.6958194623390833,0.5
150.0,0.6344132423400879,0.585140562248996,0.6589517989792885,0.592057761732852,0.6587243063582314,1.0,0.0,0.0,0.0,0.0,0.0,1.0,1.0,1.0,1.0,1.0,0.008341307823606493,1.0,0.05004784694163896,0.0,0.0,0.05004784694163896,1.0,0.0,0.0,0.0,0.0,1.0,0.0,0.0,0.0,0.0,1.0,1.0,1.0,1.0,1.0,1.0982017400024247,660486519336.7004,1.0,0.6390119881406158,0.6604865193367004,0.3395135700702667,0.0,0.0,0.592057761732852,1.0,0.0,0.6587243063582314,0.5
