step,train_step_loss,train_acc,train_loss,val_acc,val_loss,avg_intra_expert_coherence,expert_diversity_e0,expert_diversity_e1,expert_diversity_e2,expert_diversity_e3,expert_diversity_mean,expert_purity_e0,expert_purity_e1,expert_purity_e2,expert_purity_e3,expert_purity_mean,inter_expert_similarity,inter_expert_similarity_e0_e0,inter_expert_similarity_e0_e1,inter_expert_similarity_e0_e2,inter_expert_similarity_e0_e3,inter_expert_similarity_e1_e0,inter_expert_similarity_e1_e1,inter_expert_similarity_e1_e2,inter_expert_similarity_e1_e3,inter_expert_similarity_e2_e0,inter_expert_similarity_e2_e1,inter_expert_similarity_e2_e2,inter_expert_similarity_e2_e3,inter_expert_similarity_e3_e0,inter_expert_similarity_e3_e1,inter_expert_similarity_e3_e2,inter_expert_similarity_e3_e3,intra_expert_coherence_e0,intra_expert_coherence_e1,intra_expert_coherence_e2,intra_expert_coherence_e3,load_cv,load_max_min_ratio,overall_task_conflict_cos,router_entropy,router_load_e0,router_load_e1,router_load_e2,router_load_e3,task_acc__amazon_polarity,task_acc__glue_sst2,task_acc__yelp_polarity,task_conflict_t0_t0,task_conflict_t0_t1,task_conflict_t0_t2,task_conflict_t1_t0,task_conflict_t1_t1,task_conflict_t1_t2,task_conflict_t2_t0,task_conflict_t2_t1,task_conflict_t2_t2,task_grad_norm_cv,task_loss__amazon_polarity,task_loss__glue_sst2,task_loss__yelp_polarity,utilization_ratio
1.0,0.6836657027403513,0.5520833333333334,0.6798474180201689,0.5729166666666666,0.686854732533296,0.4504637257615558,0.7707447448020949,0.8786139454859617,0.8515533276011662,0.8806874976399299,0.8453998788822883,0.6739447116851807,0.5812633037567139,0.5850757360458374,0.5790818333625793,0.6048413962125778,0.05453871854714786,1.0,-0.17403436119306145,0.1200825610889853,0.03953968930988373,-0.17403436119306145,1.0,-0.10555756312232775,-0.018182797244802953,0.1200825610889853,-0.10555756312232775,1.0,0.4653847824442103,0.03953968930988373,-0.018182797244802953,0.4653847824442103,1.0,0.5304647007966804,0.3086089685254231,0.43935345422181654,0.5234277795023031,0.6886570228747102,6.115169394793204,0.5021303946596531,1.1270639846722286,0.5052149891853333,0.08261667937040329,0.3098943531513214,0.10227405279874802,0.59375,0.59375,0.53125,1.0,0.39505534843570217,0.7294037063862502,0.39505534843570217,1.0,0.38193212915700714,0.7294037063862502,0.38193212915700714,1.0,0.578401404924662,0.6737907156348228,0.6984071955084801,0.6883662864565849,0.5
