step,train_step_loss,train_acc,train_loss,val_acc,val_loss,avg_intra_expert_coherence,expert_diversity_e0,expert_diversity_e1,expert_diversity_e2,expert_diversity_e3,expert_diversity_mean,expert_purity_e0,expert_purity_e1,expert_purity_e2,expert_purity_e3,expert_purity_mean,inter_expert_similarity,inter_expert_similarity_e0_e0,inter_expert_similarity_e0_e1,inter_expert_similarity_e0_e2,inter_expert_similarity_e0_e3,inter_expert_similarity_e1_e0,inter_expert_similarity_e1_e1,inter_expert_similarity_e1_e2,inter_expert_similarity_e1_e3,inter_expert_similarity_e2_e0,inter_expert_similarity_e2_e1,inter_expert_similarity_e2_e2,inter_expert_similarity_e2_e3,inter_expert_similarity_e3_e0,inter_expert_similarity_e3_e1,inter_expert_similarity_e3_e2,inter_expert_similarity_e3_e3,intra_expert_coherence_e0,intra_expert_coherence_e1,intra_expert_coherence_e2,intra_expert_coherence_e3,load_cv,load_max_min_ratio,overall_task_conflict_cos,router_entropy,router_load_e0,router_load_e1,router_load_e2,router_load_e3,task_acc__glue_mrpc,task_conflict_t0_t0,task_grad_norm_cv,task_loss__glue_mrpc,utilization_ratio
50.0,0.4678889364004135,0.7753544165757906,0.4597316563129425,0.7769607843137255,0.4552847330386822,1.0,0.0,0.0,0.0,0.0,0.0,1.0,1.0,1.0,1.0,1.0,-0.031797094134186236,1.0,0.0,0.0,0.0,0.0,1.0,-0.1907825648051174,0.0,0.0,-0.1907825648051174,1.0,0.0,0.0,0.0,0.0,1.0,1.0,1.0,1.0,1.0,0.9544726610183716,497554302215.5762,1.0,0.690387133289786,0.0232224278151989,0.49755430221557617,0.4792232811450958,0.0,0.7769607843137255,1.0,0.0,0.4552847330386822,0.5
100.0,0.502685084939003,0.8522355507088332,0.3559663774729099,0.8357843137254902,0.3768894338550476,1.0,0.0,0.0,0.0,0.0,0.0,1.0,1.0,1.0,1.0,1.0,-0.03729299826607845,1.0,0.0,0.0,0.0,0.0,1.0,-0.2237579895964707,0.0,0.0,-0.2237579895964707,1.0,0.0,0.0,0.0,0.0,1.0,1.0,1.0,1.0,1.0,0.9926019906997681,529709339141.8457,1.0,0.6900337291698829,0.005868174135684967,0.4644224941730499,0.5297093391418457,0.0,0.8357843137254902,1.0,0.0,0.3768894338550476,0.5
150.0,0.4642261415719986,0.8432388222464559,0.3553480848993944,0.8455882352941176,0.3590651157383735,1.0,0.0,0.0,0.0,0.0,0.0,1.0,1.0,1.0,1.0,1.0,0.017003514080555688,1.0,0.0,0.0,0.0,0.0,1.0,0.10202108448333413,0.0,0.0,0.10202108448333413,1.0,0.0,0.0,0.0,0.0,1.0,1.0,1.0,1.0,1.0,1.0000182390213013,502133190631.86646,1.0,0.6916949597059512,0.0,0.49786680936813354,0.5021331906318665,0.0,0.8455882352941176,1.0,0.0,0.3590651157383735,0.5
