step,train_step_loss,train_acc,train_loss,val_acc,val_loss,router_entropy,router_load_e0,router_load_e1,router_load_e2,router_load_e3
30.0,0.7830306788285575,0.6395098001084606,0.6141340220482515,0.6554704478161774,0.6188725087782526,1.289475863730466,0.24210967123508453,0.2837865650653839,0.10537738353013992,0.3687264621257782
60.0,0.500798096259435,0.6687665406910516,0.5806901682746903,0.6617512397184623,0.5918021362135473,1.275144683542075,0.23425209522247314,0.29692932963371277,0.09984112530946732,0.36897721886634827
90.0,0.42885967840751016,0.7022830804136316,0.5532153954465525,0.692453932202429,0.5646556376160449,1.2723193116899993,0.24048250913619995,0.3166671395301819,0.0971158817410469,0.3457343578338623
120.0,0.7431388472517333,0.7182068898907312,0.5384281448281786,0.7188715680426542,0.556427554680624,1.2613879031743165,0.2129187434911728,0.31855088472366333,0.10346212983131409,0.3650684058666229
150.0,0.4408230818808078,0.715104540470176,0.5955238708179432,0.7013755004905393,0.6344586810765117,1.2723781496838287,0.24353347718715668,0.3069298267364502,0.10638521611690521,0.3431515395641327
