step,train_step_loss,train_acc,train_loss,val_acc,val_loss,router_entropy,router_load_e0,router_load_e1,router_load_e2,router_load_e3
30.0,0.5262329628070196,0.6466898970701869,0.6121161186061239,0.6542617988084759,0.6143087014460137,1.2827128190547228,0.37347304821014404,0.3100541830062866,0.1562163233757019,0.1602565497159958
60.0,0.4834824800491333,0.6477452116018879,0.6020406701412754,0.6533701249743712,0.6034354769969553,1.2978447905431192,0.36531776189804077,0.2947271466255188,0.16444915533065796,0.1755058616399765
90.0,0.7060573721925417,0.6959537827821899,0.5619927982204148,0.6874682363112344,0.5770063805911996,1.28710268051536,0.36327895522117615,0.2969081401824951,0.16840426623821259,0.1714087575674057
120.0,0.8104894657929739,0.6985598104690771,0.5488014915752141,0.6875906675513953,0.5569183844589977,1.28296349639142,0.36459794640541077,0.31482070684432983,0.1676277369260788,0.15295331180095673
150.0,0.60037458067139,0.7087295306983717,0.5223736778227115,0.6786529947266705,0.5434527937511525,1.285775182009847,0.3553552031517029,0.3178408145904541,0.16594287753105164,0.16086119413375854
