{
  "best_val_acc": 0.7070830500688148,
  "final_val_acc": 0.7070830500688148,
  "method": "ours",
  "num_eval_points": 5
}