{
  "best_val_acc": 0.7188715680426542,
  "final_val_acc": 0.7013755004905393,
  "method": "ours",
  "num_eval_points": 5
}