step,train_step_loss,train_acc,train_loss,val_acc,val_loss,router_entropy,router_load_e0,router_load_e1,router_load_e2,router_load_e3
30.0,0.65024866660436,0.6313414184195759,0.6471806984144329,0.6310872433677758,0.6596336577434395,1.330473367124796,0.16982890665531158,0.31001758575439453,0.29203715920448303,0.22811633348464966
60.0,0.5356568495432537,0.6847418305243496,0.5829642170436754,0.6836732185181393,0.5910888051389733,1.3275044000259153,0.16484031081199646,0.2791232168674469,0.3285239040851593,0.22751247882843018
90.0,0.5156161387761434,0.6896634607404525,0.5725791059085558,0.6804453179522483,0.581257387410577,1.3325748395312715,0.16563816368579865,0.28336024284362793,0.3191003203392029,0.23190148174762726
120.0,0.6579360216856003,0.7003858694803391,0.5698567645634675,0.6875967926482006,0.589539217821199,1.320639811180256,0.15662266314029694,0.3218429982662201,0.2850101888179779,0.23652397096157074
150.0,0.5199045116702716,0.7324959142393492,0.5100381215112634,0.7070830500688148,0.5312949013110934,1.3233130884667237,0.15550534427165985,0.3113790452480316,0.2930126488208771,0.24010296165943146
