{
  "best_val_acc": 0.6875906675513953,
  "final_val_acc": 0.6786529947266705,
  "method": "ours",
  "num_eval_points": 5
}