step,train_step_loss,train_acc,train_loss,val_acc,val_loss,avg_intra_expert_coherence,expert_diversity_e0,expert_diversity_e1,expert_diversity_e2,expert_diversity_e3,expert_diversity_mean,expert_purity_e0,expert_purity_e1,expert_purity_e2,expert_purity_e3,expert_purity_mean,inter_expert_similarity,inter_expert_similarity_e0_e0,inter_expert_similarity_e0_e1,inter_expert_similarity_e0_e2,inter_expert_similarity_e0_e3,inter_expert_similarity_e1_e0,inter_expert_similarity_e1_e1,inter_expert_similarity_e1_e2,inter_expert_similarity_e1_e3,inter_expert_similarity_e2_e0,inter_expert_similarity_e2_e1,inter_expert_similarity_e2_e2,inter_expert_similarity_e2_e3,inter_expert_similarity_e3_e0,inter_expert_similarity_e3_e1,inter_expert_similarity_e3_e2,inter_expert_similarity_e3_e3,intra_expert_coherence_e0,intra_expert_coherence_e1,intra_expert_coherence_e2,intra_expert_coherence_e3,load_cv,load_max_min_ratio,overall_task_conflict_cos,router_entropy,router_load_e0,router_load_e1,router_load_e2,router_load_e3,task_acc__glue_mrpc,task_conflict_t0_t0,task_grad_norm_cv,task_loss__glue_mrpc,utilization_ratio
50.0,0.5000818222761154,0.7101962922573609,0.5398499936513279,0.7156862745098039,0.5378061037224072,1.0,0.0,0.0,0.0,0.0,0.0,1.0,1.0,1.0,1.0,1.0,0.007108302519174845,1.0,0.0,0.04264981511504907,0.0,0.0,1.0,0.0,0.0,0.04264981511504907,0.0,1.0,0.0,0.0,0.0,0.0,1.0,1.0,1.0,1.0,1.0,1.3873773082944523,840002775192.2607,1.0,0.41986287341398354,0.1599971204996109,0.0,0.8400027751922607,0.0,0.7156862745098039,1.0,0.0,0.5378061037224072,0.5
100.0,0.6529171764850616,0.7311886586695747,0.6404640992050585,0.7254901960784313,0.6415375001155413,1.0,0.0,0.0,0.0,0.0,0.0,1.0,1.0,1.0,1.0,1.0,0.008571102300129106,1.0,0.0,0.05142661380077464,0.0,0.0,1.0,0.0,0.0,0.05142661380077464,0.0,1.0,0.0,0.0,0.0,0.0,1.0,1.0,1.0,1.0,1.0,1.0000056028366089,501178622245.7886,1.0,0.6912010265331642,0.5011786222457886,0.0,0.4988213777542114,0.0,0.7254901960784313,1.0,0.0,0.6415375001155413,0.5
150.0,0.7757949233055115,0.8503271537622683,0.41517614439008355,0.8700980392156863,0.41860601732220787,1.0,0.0,0.0,0.0,0.0,0.0,1.0,1.0,1.0,1.0,1.0,0.01753935606213704,1.0,0.0,0.10523613637282224,0.0,0.0,1.0,0.0,0.0,0.10523613637282224,0.0,1.0,0.0,0.0,0.0,0.0,1.0,1.0,1.0,1.0,1.0,1.2320773601531982,754463791847.229,1.0,0.5199208773818671,0.754463791847229,0.0,0.2455361932516098,0.0,0.8700980392156863,1.0,0.0,0.41860601732220787,0.5
