step,train_step_loss,train_acc,train_loss,val_acc,val_loss,avg_intra_expert_coherence,expert_diversity_e0,expert_diversity_e1,expert_diversity_e2,expert_diversity_e3,expert_diversity_mean,expert_purity_e0,expert_purity_e1,expert_purity_e2,expert_purity_e3,expert_purity_mean,inter_expert_similarity,inter_expert_similarity_e0_e0,inter_expert_similarity_e0_e1,inter_expert_similarity_e0_e2,inter_expert_similarity_e0_e3,inter_expert_similarity_e1_e0,inter_expert_similarity_e1_e1,inter_expert_similarity_e1_e2,inter_expert_similarity_e1_e3,inter_expert_similarity_e2_e0,inter_expert_similarity_e2_e1,inter_expert_similarity_e2_e2,inter_expert_similarity_e2_e3,inter_expert_similarity_e3_e0,inter_expert_similarity_e3_e1,inter_expert_similarity_e3_e2,inter_expert_similarity_e3_e3,intra_expert_coherence_e0,intra_expert_coherence_e1,intra_expert_coherence_e2,intra_expert_coherence_e3,load_cv,load_max_min_ratio,overall_task_conflict_cos,router_entropy,router_load_e0,router_load_e1,router_load_e2,router_load_e3,task_acc__glue_mrpc,task_conflict_t0_t0,task_grad_norm_cv,task_loss__glue_mrpc,utilization_ratio
50.0,0.5480185747146606,0.720010905125409,0.5490914585149806,0.7450980392156863,0.5425972915612735,1.0,0.0,0.0,0.0,0.0,0.0,1.0,1.0,1.0,1.0,1.0,-0.04672519705671165,1.0,-0.3964663729743424,0.32350738938260737,0.2717050540266828,-0.3964663729743424,1.0,0.026598813033396278,-0.4282809482935147,0.32350738938260737,0.026598813033396278,1.0,-0.07741511751509927,0.2717050540266828,-0.4282809482935147,-0.07741511751509927,1.0,1.0,1.0,1.0,1.0,0.8103490358799121,4.935826673023929,1.0,1.0855701460557825,0.6006819605827332,0.12169834971427917,0.13941100239753723,0.13820870220661163,0.7450980392156863,1.0,0.0,0.5425972915612735,0.75
100.0,0.2801419049501419,0.8715921483097055,0.2895307348717166,0.8504901960784313,0.33949091808440596,1.0,0.0,0.0,0.0,0.0,0.0,1.0,1.0,1.0,1.0,1.0,-0.14227136305600008,1.0,-0.326563562183005,0.1265209871787133,0.08286509146621493,-0.326563562183005,1.0,-0.13606286475164758,-0.19110795239911013,0.1265209871787133,-0.13606286475164758,1.0,-0.40927987764716606,0.08286509146621493,-0.19110795239911013,-0.40927987764716606,1.0,1.0,1.0,1.0,1.0,0.595213770866394,4.385666569239017,1.0,1.1891871877745086,0.5017358064651489,0.11440354585647583,0.1977769434452057,0.18608367443084717,0.8504901960784313,1.0,0.0,0.33949091808440596,0.75
