step,train_step_loss,train_acc,train_loss,val_acc,val_loss,avg_intra_expert_coherence,expert_diversity_e0,expert_diversity_e1,expert_diversity_e2,expert_diversity_e3,expert_diversity_mean,expert_purity_e0,expert_purity_e1,expert_purity_e2,expert_purity_e3,expert_purity_mean,inter_expert_similarity,inter_expert_similarity_e0_e0,inter_expert_similarity_e0_e1,inter_expert_similarity_e0_e2,inter_expert_similarity_e0_e3,inter_expert_similarity_e1_e0,inter_expert_similarity_e1_e1,inter_expert_similarity_e1_e2,inter_expert_similarity_e1_e3,inter_expert_similarity_e2_e0,inter_expert_similarity_e2_e1,inter_expert_similarity_e2_e2,inter_expert_similarity_e2_e3,inter_expert_similarity_e3_e0,inter_expert_similarity_e3_e1,inter_expert_similarity_e3_e2,inter_expert_similarity_e3_e3,intra_expert_coherence_e0,intra_expert_coherence_e1,intra_expert_coherence_e2,intra_expert_coherence_e3,load_cv,load_max_min_ratio,overall_task_conflict_cos,router_entropy,router_load_e0,router_load_e1,router_load_e2,router_load_e3,task_acc__glue_mrpc,task_conflict_t0_t0,task_grad_norm_cv,task_loss__glue_mrpc,utilization_ratio
50.0,0.3798839896917343,0.816793893129771,0.3901350419968367,0.803921568627451,0.3962191048149879,1.0,0.0,0.0,0.0,0.0,0.0,1.0,1.0,1.0,1.0,1.0,0.20014103871388125,1.0,0.275367803448817,0.35053179468021245,0.27900884801812453,0.275367803448817,1.0,0.3403384868586149,-0.13966387985582562,0.35053179468021245,0.3403384868586149,1.0,0.09526317913334419,0.27900884801812453,-0.13966387985582562,0.09526317913334419,1.0,1.0,1.0,1.0,1.0,0.4891957951550728,4.9692190029029515,1.0,1.232105521594777,0.20362523198127747,0.4178644120693207,0.08409056067466736,0.29441988468170166,0.803921568627451,1.0,0.0,0.3962191048149879,0.75
100.0,0.4794391393661499,0.8732279171210469,0.3077427959636502,0.8602941176470589,0.33416410191701007,1.0,0.0,0.0,0.0,0.0,0.0,1.0,1.0,1.0,1.0,1.0,0.12117300061473497,1.0,0.2226482800533192,0.18157917917214117,-0.34648266263922606,0.2226482800533192,1.0,0.5343196420969974,0.18965985057573986,0.18157917917214117,0.5343196420969974,1.0,-0.05468628557056166,-0.34648266263922606,0.18965985057573986,-0.05468628557056166,1.0,1.0,1.0,1.0,1.0,0.5207426858390979,5.425007565488064,1.0,1.1932247970618455,0.18361032009124756,0.3733118772506714,0.06896143406629562,0.37411630153656006,0.8602941176470589,1.0,0.0,0.33416410191701007,0.75
