step,train_step_loss,train_acc,train_loss,val_acc,val_loss,avg_intra_expert_coherence,expert_diversity_e0,expert_diversity_e1,expert_diversity_e2,expert_diversity_e3,expert_diversity_mean,expert_purity_e0,expert_purity_e1,expert_purity_e2,expert_purity_e3,expert_purity_mean,inter_expert_similarity,inter_expert_similarity_e0_e0,inter_expert_similarity_e0_e1,inter_expert_similarity_e0_e2,inter_expert_similarity_e0_e3,inter_expert_similarity_e1_e0,inter_expert_similarity_e1_e1,inter_expert_similarity_e1_e2,inter_expert_similarity_e1_e3,inter_expert_similarity_e2_e0,inter_expert_similarity_e2_e1,inter_expert_similarity_e2_e2,inter_expert_similarity_e2_e3,inter_expert_similarity_e3_e0,inter_expert_similarity_e3_e1,inter_expert_similarity_e3_e2,inter_expert_similarity_e3_e3,intra_expert_coherence_e0,intra_expert_coherence_e1,intra_expert_coherence_e2,intra_expert_coherence_e3,load_cv,load_max_min_ratio,overall_task_conflict_cos,router_entropy,router_load_e0,router_load_e1,router_load_e2,router_load_e3,task_acc__glue_mrpc,task_conflict_t0_t0,task_grad_norm_cv,task_loss__glue_mrpc,utilization_ratio
50.0,0.5897074937820435,0.7110141766630316,0.5784865744573915,0.7058823529411765,0.5782619373729596,1.0,0.0,0.0,0.0,0.0,0.0,1.0,1.0,1.0,1.0,1.0,0.006237393052628653,1.0,0.03742435831577192,0.0,0.0,0.03742435831577192,1.0,0.0,0.0,0.0,0.0,1.0,0.0,0.0,0.0,0.0,1.0,1.0,1.0,1.0,1.0,0.9888637059249703,221.2646461816724,1.0,0.6913846661062801,0.5053439140319824,0.48895135521888733,0.003420834196731448,0.002283889101818204,0.7058823529411765,1.0,0.0,0.5782619373729596,0.5
100.0,0.4645409882068634,0.8410577971646674,0.38551187861872754,0.8161764705882353,0.39615458765855205,1.0,0.0,0.0,0.0,0.0,0.0,1.0,1.0,1.0,1.0,1.0,0.017795033420699265,1.0,0.10677020052419559,0.0,0.0,0.10677020052419559,1.0,0.0,0.0,0.0,0.0,1.0,0.0,0.0,0.0,0.0,1.0,1.0,1.0,1.0,1.0,0.9866307973861694,505433142185.2112,1.0,0.6915621477014878,0.4876989424228668,0.5054331421852112,0.0,0.006867929827421904,0.8161764705882353,1.0,0.0,0.39615458765855205,0.5
150.0,0.6087996363639832,0.8555070883315158,0.35908705901921445,0.8529411764705882,0.37783967442094135,1.0,0.0,0.0,0.0,0.0,0.0,1.0,1.0,1.0,1.0,1.0,0.009890568072957306,1.0,0.059343408437743835,0.0,0.0,0.059343408437743835,1.0,0.0,0.0,0.0,0.0,1.0,0.0,0.0,0.0,0.0,1.0,1.0,1.0,1.0,1.0,0.9755011796951294,497994005680.0842,1.0,0.6901370415500566,0.48964250087738037,0.49799400568008423,0.0,0.012363539077341557,0.8529411764705882,1.0,0.0,0.37783967442094135,0.5
