step,train_step_loss,train_acc,train_loss,val_acc,val_loss,avg_intra_expert_coherence,expert_diversity_e0,expert_diversity_e1,expert_diversity_e2,expert_diversity_e3,expert_diversity_mean,expert_purity_e0,expert_purity_e1,expert_purity_e2,expert_purity_e3,expert_purity_mean,inter_expert_similarity,inter_expert_similarity_e0_e0,inter_expert_similarity_e0_e1,inter_expert_similarity_e0_e2,inter_expert_similarity_e0_e3,inter_expert_similarity_e1_e0,inter_expert_similarity_e1_e1,inter_expert_similarity_e1_e2,inter_expert_similarity_e1_e3,inter_expert_similarity_e2_e0,inter_expert_similarity_e2_e1,inter_expert_similarity_e2_e2,inter_expert_similarity_e2_e3,inter_expert_similarity_e3_e0,inter_expert_similarity_e3_e1,inter_expert_similarity_e3_e2,inter_expert_similarity_e3_e3,intra_expert_coherence_e0,intra_expert_coherence_e1,intra_expert_coherence_e2,intra_expert_coherence_e3,load_cv,load_max_min_ratio,overall_task_conflict_cos,router_entropy,router_load_e0,router_load_e1,router_load_e2,router_load_e3,task_acc__glue_mrpc,task_conflict_t0_t0,task_grad_norm_cv,task_loss__glue_mrpc,utilization_ratio
50.0,0.5244205892086029,0.7510905125408942,0.5003301255081011,0.7818627450980392,0.49307570635126186,1.0,0.0,0.0,0.0,0.0,0.0,1.0,1.0,1.0,1.0,1.0,-0.05417025122283436,1.0,0.0,0.0,0.0,0.0,1.0,0.0,-0.32502150733700613,0.0,0.0,1.0,0.0,0.0,-0.32502150733700613,0.0,1.0,1.0,1.0,1.0,1.0,0.9672672152519226,500217616558.07495,1.0,0.6913522727349225,0.0,0.500217616558075,0.016661053523421288,0.4831213057041168,0.7818627450980392,1.0,0.0,0.49307570635126186,0.5
100.0,0.5268833488225937,0.8189749182115594,0.41263553919675555,0.8014705882352942,0.4211684282009418,1.0,0.0,0.0,0.0,0.0,0.0,1.0,1.0,1.0,1.0,1.0,0.015309497443127448,1.0,0.0,0.0,0.0,0.0,1.0,0.0,0.09185698465876468,0.0,0.0,1.0,0.0,0.0,0.09185698465876468,0.0,1.0,1.0,1.0,1.0,1.0,0.9981576204299927,536795973777.771,1.0,0.6889540377785178,0.0,0.536795973777771,0.003950102720409632,0.45925387740135193,0.8014705882352942,1.0,0.0,0.4211684282009418,0.5
150.0,0.39790094643831253,0.8680479825517994,0.32963480002692214,0.8529411764705882,0.3469345908468732,1.0,0.0,0.0,0.0,0.0,0.0,1.0,1.0,1.0,1.0,1.0,-0.020600713817020624,1.0,0.0,0.0,0.0,0.0,1.0,0.0,-0.12360428290212375,0.0,0.0,1.0,0.0,0.0,-0.12360428290212375,0.0,1.0,1.0,1.0,1.0,1.0,0.9642800092697144,513548851013.1836,1.0,0.6911320288976034,0.0,0.5135488510131836,0.019161740317940712,0.46728941798210144,0.8529411764705882,1.0,0.0,0.3469345908468732,0.5
