step,train_step_loss,train_acc,train_loss,val_acc,val_loss,avg_intra_expert_coherence,expert_diversity_e0,expert_diversity_e1,expert_diversity_e2,expert_diversity_e3,expert_diversity_mean,expert_purity_e0,expert_purity_e1,expert_purity_e2,expert_purity_e3,expert_purity_mean,inter_expert_similarity,inter_expert_similarity_e0_e0,inter_expert_similarity_e0_e1,inter_expert_similarity_e0_e2,inter_expert_similarity_e0_e3,inter_expert_similarity_e1_e0,inter_expert_similarity_e1_e1,inter_expert_similarity_e1_e2,inter_expert_similarity_e1_e3,inter_expert_similarity_e2_e0,inter_expert_similarity_e2_e1,inter_expert_similarity_e2_e2,inter_expert_similarity_e2_e3,inter_expert_similarity_e3_e0,inter_expert_similarity_e3_e1,inter_expert_similarity_e3_e2,inter_expert_similarity_e3_e3,intra_expert_coherence_e0,intra_expert_coherence_e1,intra_expert_coherence_e2,intra_expert_coherence_e3,load_cv,load_max_min_ratio,overall_task_conflict_cos,router_entropy,router_load_e0,router_load_e1,router_load_e2,router_load_e3,task_acc__glue_rte,task_conflict_t0_t0,task_grad_norm_cv,task_loss__glue_rte,utilization_ratio
50.0,0.6227525174617767,0.5497991967871486,0.6692396490237652,0.5667870036101083,0.6666261007388433,1.0,0.0,0.0,0.0,0.0,0.0,1.0,1.0,1.0,1.0,1.0,0.014730892507349713,1.0,0.02258179548592046,0.0,0.015581415612427152,0.02258179548592046,1.0,0.0,0.05022214394575066,0.0,0.0,1.0,0.0,0.015581415612427152,0.05022214394575066,0.0,1.0,1.0,1.0,1.0,1.0,0.98265689404689,569503724575.0427,1.0,0.6820251623215658,0.4081283211708069,0.5695037245750427,0.0,0.022367842495441437,0.5667870036101083,1.0,0.0,0.6666261007388433,0.5
100.0,0.6354522705078125,0.7188755020080321,0.5992056761796658,0.6895306859205776,0.6273419310649236,1.0,0.0,0.0,0.0,0.0,0.0,1.0,1.0,1.0,1.0,1.0,0.0025712340107695484,1.0,0.01542740406461729,0.0,0.0,0.01542740406461729,1.0,0.0,0.0,0.0,0.0,1.0,0.0,0.0,0.0,0.0,1.0,1.0,1.0,1.0,1.0,1.0201873779296875,571398854255.6763,1.0,0.6763404121467783,0.42860114574432373,0.5713988542556763,0.0,0.0,0.6895306859205776,1.0,0.0,0.6273419310649236,0.5
150.0,0.6736707091331482,0.6995983935742972,0.6028857431541651,0.6678700361010831,0.6274569854140282,1.0,0.0,0.0,0.0,0.0,0.0,1.0,1.0,1.0,1.0,1.0,0.0014495545836561185,1.0,0.00869732750193671,0.0,0.0,0.00869732750193671,1.0,0.0,0.0,0.0,0.0,1.0,0.0,0.0,0.0,0.0,1.0,1.0,1.0,1.0,1.0,1.0210627317428589,572946071624.7559,1.0,0.6813020465176028,0.4270539879798889,0.5729460716247559,0.0,0.0,0.6678700361010831,1.0,0.0,0.6274569854140282,0.5
