step,train_step_loss,train_acc,train_loss,val_acc,val_loss,router_entropy,router_load_e0,router_load_e1,router_load_e2,router_load_e3
30.0,1.10722416639328,0.3370768229166667,1.1032458022236824,0.3427734375,1.1028926918903987,1.3724838594595592,0.2510959208011627,0.1922684907913208,0.27103132009506226,0.2856042683124542
60.0,1.1056245068709056,0.3387858072916667,1.09937713171045,0.3382161458333333,1.1014171590407689,1.3736836314201355,0.2551107406616211,0.19446563720703125,0.2688184380531311,0.2816052734851837
90.0,1.1003954311211903,0.34033203125,1.0988242290914059,0.3349609375,1.1009708419442177,1.3742072358727455,0.2525024116039276,0.1966385692358017,0.2687757909297943,0.2820832431316376
100.0,1.10336438814799,0.344970703125,1.0986323201407988,0.3297526041666667,1.1020276298125584,1.374228075146675,0.2527686059474945,0.19651901721954346,0.26948121190071106,0.2812310755252838
