step,train_step_loss,train_acc,train_loss,val_acc,val_loss,alignment_reward,l_conflict,l_conflict_e0,l_conflict_e1,l_conflict_e2,l_conflict_e3,router_conflict_grad_l2,router_entropy,router_load_e0,router_load_e1,router_load_e2,router_load_e3
30.0,1.12586522102356,0.3359375,1.1098246164619923,0.3336588541666667,1.110188973446687,0.017632823437452316,-0.017632823437452316,-0.004815119318664074,-0.0034201235976070166,-0.004571179859340191,-0.004826399497687817,0.0,1.3733925446867943,0.27823808789253235,0.19390493631362915,0.255206435918808,0.2726506292819977
60.0,1.102299715081851,0.337890625,1.1008265769730012,0.3333333333333333,1.1007917498548825,0.003963438328355551,-0.003963438328355551,-0.0011228598887100816,-0.0008045188151299953,-0.0009998893365263939,-0.0010361701715737581,0.0,1.3748354067405064,0.2791652977466583,0.19905991852283478,0.2523690462112427,0.269405722618103
90.0,1.0901484290758774,0.3372395833333333,1.1008264174064,0.3310546875,1.1007161810994148,0.0030466464813798666,-0.0030466464813798666,-0.0008027576259337366,-0.0006499148439615965,-0.0007706478936597705,-0.0008233261178247631,0.0,1.3751421421766281,0.2788423001766205,0.19993330538272858,0.2528872489929199,0.26833710074424744
100.0,1.1093949824571614,0.3359375,1.1007020628700654,0.3310546875,1.100655347108841,0.015426430851221085,-0.015426430851221085,-0.004398215562105179,-0.0031089226249605417,-0.003924783784896135,-0.003994508646428585,0.0,1.3751244743665059,0.27905184030532837,0.1999736875295639,0.25252315402030945,0.2684512138366699
