step,train_step_loss,train_acc,train_loss,val_acc,val_loss,alignment_reward,l_conflict,l_conflict_e0,l_conflict_e1,l_conflict_e2,l_conflict_e3,router_conflict_grad_l2,router_entropy,router_load_e0,router_load_e1,router_load_e2,router_load_e3
30.0,1.1157003939151768,0.335205078125,1.103809939076503,0.3414713541666667,1.100396531323592,0.011753997765481472,-0.011753997765481472,-0.002462918171659112,-0.004204051569104195,-0.002599288709461689,-0.0024877393152564764,0.0,1.3431839421391487,0.19934654235839844,0.37591204047203064,0.2207321673631668,0.20400923490524292
60.0,1.1007016201814022,0.3387044270833333,1.1005120693395536,0.3466796875,1.098833054304123,0.001716017723083496,-0.001716017723083496,-0.00033824218553490937,-0.00061458395794034,-0.0003725230344571173,-0.00039066863246262074,0.0,1.3441750705242157,0.19792552292346954,0.3737587034702301,0.22400884330272675,0.2043069452047348
90.0,1.0951730310916905,0.3401692708333333,1.1003522109240294,0.3460286458333333,1.098756417632103,0.0018123108893632889,-0.0018123108893632889,-0.0003793867363128811,-0.0006750358734279871,-0.0003944462223444134,-0.0003634420281741768,0.0,1.344258074959119,0.19786715507507324,0.3735785484313965,0.2243003100156784,0.20425403118133545
100.0,1.0998741984367373,0.3389485677083333,1.1003800022105377,0.3466796875,1.098776325583458,0.005348260514438152,-0.005348260514438152,-0.0010663059074431658,-0.0019874239806085825,-0.001203254796564579,-0.0010912760626524687,0.0,1.3440056492884953,0.19794900715351105,0.37409135699272156,0.22370488941669464,0.20425467193126678
