step,train_step_loss,train_acc,train_loss,val_acc,val_loss,alignment_reward,l_conflict,l_conflict_e0,l_conflict_e1,l_conflict_e2,l_conflict_e3,router_conflict_grad_l2,router_entropy,router_load_e0,router_load_e1,router_load_e2,router_load_e3
30.0,1.11967845261097,0.3375651041666667,1.1126706413924694,0.3453776041666667,1.105326108634472,0.012719353660941124,-0.012719353660941124,-0.0032876841723918915,-0.002650425536558032,-0.0025173244066536427,-0.004263918846845627,0.0,1.361150438586871,0.25854095816612244,0.2124956250190735,0.19593335688114166,0.33303001523017883
60.0,1.1084461609522505,0.338623046875,1.1021274458616972,0.3460286458333333,1.098361539343993,0.009689241647720337,-0.009689241647720337,-0.0024514454416930676,-0.0020917297806590796,-0.0019026326481252909,-0.0032434335444122553,0.0,1.357875722150008,0.2517014741897583,0.21121430397033691,0.19455067813396454,0.34253358840942383
90.0,1.102706819772721,0.3387858072916667,1.1006747807065647,0.341796875,1.0983858307202656,0.007038009352982044,-0.007038009352982044,-0.0016933712176978588,-0.0015138922026380897,-0.0014784245286136866,-0.0023523212876170874,0.0,1.3565955037871997,0.24842722713947296,0.21140678226947784,0.1939752846956253,0.3461906909942627
100.0,1.1089192032814028,0.33935546875,1.100713071723779,0.3450520833333333,1.0984104524056117,0.013934154063463211,-0.013934154063463211,-0.003481305669993162,-0.003057217923924327,-0.0027135517448186874,-0.004682078491896391,0.0,1.3568495338161786,0.24810898303985596,0.21210896968841553,0.1940002292394638,0.34578192234039307
