step,train_step_loss,train_acc,train_loss,val_acc,val_loss,avg_intra_expert_coherence,expert_diversity_e0,expert_diversity_e1,expert_diversity_e2,expert_diversity_e3,expert_diversity_mean,expert_purity_e0,expert_purity_e1,expert_purity_e2,expert_purity_e3,expert_purity_mean,inter_expert_similarity,inter_expert_similarity_e0_e0,inter_expert_similarity_e0_e1,inter_expert_similarity_e0_e2,inter_expert_similarity_e0_e3,inter_expert_similarity_e1_e0,inter_expert_similarity_e1_e1,inter_expert_similarity_e1_e2,inter_expert_similarity_e1_e3,inter_expert_similarity_e2_e0,inter_expert_similarity_e2_e1,inter_expert_similarity_e2_e2,inter_expert_similarity_e2_e3,inter_expert_similarity_e3_e0,inter_expert_similarity_e3_e1,inter_expert_similarity_e3_e2,inter_expert_similarity_e3_e3,intra_expert_coherence_e0,intra_expert_coherence_e1,intra_expert_coherence_e2,intra_expert_coherence_e3,load_cv,load_max_min_ratio,overall_task_conflict_cos,router_entropy,router_load_e0,router_load_e1,router_load_e2,router_load_e3,task_acc__glue_mrpc,task_conflict_t0_t0,task_grad_norm_cv,task_loss__glue_mrpc,utilization_ratio
50.0,0.5705439448356628,0.6744820065430752,0.6353508623397869,0.6838235294117647,0.627893596314467,1.0,0.0,0.0,0.0,0.0,0.0,1.0,1.0,1.0,1.0,1.0,0.012105051906762664,1.0,0.0,0.0,0.0,0.0,1.0,0.0,0.0,0.0,0.0,1.0,0.07263031144057598,0.0,0.0,0.07263031144057598,1.0,1.0,1.0,1.0,1.0,1.6259232905185377,953269898891.449,1.0,0.1887732595205307,0.0,0.0,0.953269898891449,0.04673042148351669,0.6838235294117647,1.0,0.0,0.627893596314467,0.25
100.0,0.6594970226287842,0.6744820065430752,0.6467606604099274,0.6838235294117647,0.6442439693671006,1.0,0.0,0.0,0.0,0.0,0.0,1.0,1.0,1.0,1.0,1.0,0.03713844808193178,1.0,0.0,0.0,0.0,0.0,1.0,0.0,0.0,0.0,0.0,1.0,0.22283068849159068,0.0,0.0,0.22283068849159068,1.0,1.0,1.0,1.0,1.0,1.709115320971417,990035712718.9636,1.0,0.0558401878704043,0.0,0.0,0.9900357127189636,0.009964906610548496,0.6838235294117647,1.0,0.0,0.6442439693671006,0.25
150.0,0.7219066917896271,0.6744820065430752,0.652867642239384,0.6838235294117647,0.6416330606891558,1.0,0.0,0.0,0.0,0.0,0.0,1.0,1.0,1.0,1.0,1.0,0.03151973289070193,1.0,0.0,0.0,0.0,0.0,1.0,0.1891183973442116,0.0,0.0,0.1891183973442116,1.0,0.0,0.0,0.0,0.0,1.0,1.0,1.0,1.0,1.0,1.7225281131133494,995871305465.6982,1.0,0.026788719254089335,0.0,0.00412921654060483,0.9958713054656982,0.0,0.6838235294117647,1.0,0.0,0.6416330606891558,0.25
