step,train_step_loss,train_acc,train_loss,val_acc,val_loss,avg_intra_expert_coherence,expert_diversity_e0,expert_diversity_e1,expert_diversity_e2,expert_diversity_e3,expert_diversity_mean,expert_purity_e0,expert_purity_e1,expert_purity_e2,expert_purity_e3,expert_purity_mean,inter_expert_similarity,inter_expert_similarity_e0_e0,inter_expert_similarity_e0_e1,inter_expert_similarity_e0_e2,inter_expert_similarity_e0_e3,inter_expert_similarity_e1_e0,inter_expert_similarity_e1_e1,inter_expert_similarity_e1_e2,inter_expert_similarity_e1_e3,inter_expert_similarity_e2_e0,inter_expert_similarity_e2_e1,inter_expert_similarity_e2_e2,inter_expert_similarity_e2_e3,inter_expert_similarity_e3_e0,inter_expert_similarity_e3_e1,inter_expert_similarity_e3_e2,inter_expert_similarity_e3_e3,intra_expert_coherence_e0,intra_expert_coherence_e1,intra_expert_coherence_e2,intra_expert_coherence_e3,load_cv,load_max_min_ratio,overall_task_conflict_cos,router_entropy,router_load_e0,router_load_e1,router_load_e2,router_load_e3,task_acc__glue_mrpc,task_conflict_t0_t0,task_grad_norm_cv,task_loss__glue_mrpc,utilization_ratio
50.0,0.6263222992420197,0.6744820065430752,0.6680846689835839,0.6838235294117647,0.6669317736075475,1.0,0.0,0.0,0.0,0.0,0.0,1.0,1.0,1.0,1.0,1.0,0.009319820187771565,1.0,0.0,0.0,0.0,0.0,1.0,0.0,0.0,0.0,0.0,1.0,0.05591892112662939,0.0,0.0,0.05591892112662939,1.0,1.0,1.0,1.0,1.0,1.6943335798580266,983576536178.5889,1.0,0.08377474546432495,0.0,0.0,0.9835765361785889,0.016423994675278664,0.6838235294117647,1.0,0.0,0.6669317736075475,0.25
100.0,0.6729375123977661,0.6744820065430752,0.6323028730309528,0.6838235294117647,0.6259050174401357,1.0,0.0,0.0,0.0,0.0,0.0,1.0,1.0,1.0,1.0,1.0,0.0004401306014518675,1.0,0.0,0.002640783608711205,0.0,0.0,1.0,0.0,0.0,0.002640783608711205,0.0,1.0,0.0,0.0,0.0,0.0,1.0,1.0,1.0,1.0,1.0,1.7175638002309324,993713438510.8948,1.0,0.038134202872421225,0.006286303978413343,0.0,0.9937134385108948,0.0,0.6838235294117647,1.0,0.0,0.6259050174401357,0.25
150.0,0.6279419660568237,0.6744820065430752,0.6332081740965014,0.6838235294117647,0.6262015706071486,1.0,0.0,0.0,0.0,0.0,0.0,1.0,1.0,1.0,1.0,1.0,0.02587627723290138,1.0,0.0,0.15525766339740826,0.0,0.0,1.0,0.0,0.0,0.15525766339740826,0.0,1.0,0.0,0.0,0.0,0.0,1.0,1.0,1.0,1.0,1.0,1.6921110611226704,982602059841.156,1.0,0.08773075029546139,0.017397698014974594,0.0,0.982602059841156,0.0,0.6838235294117647,1.0,0.0,0.6262015706071486,0.25
