step,train_step_loss,train_acc,train_loss,val_acc,val_loss,avg_intra_expert_coherence,expert_diversity_e0,expert_diversity_e1,expert_diversity_e2,expert_diversity_e3,expert_diversity_mean,expert_purity_e0,expert_purity_e1,expert_purity_e2,expert_purity_e3,expert_purity_mean,inter_expert_similarity,inter_expert_similarity_e0_e0,inter_expert_similarity_e0_e1,inter_expert_similarity_e0_e2,inter_expert_similarity_e0_e3,inter_expert_similarity_e1_e0,inter_expert_similarity_e1_e1,inter_expert_similarity_e1_e2,inter_expert_similarity_e1_e3,inter_expert_similarity_e2_e0,inter_expert_similarity_e2_e1,inter_expert_similarity_e2_e2,inter_expert_similarity_e2_e3,inter_expert_similarity_e3_e0,inter_expert_similarity_e3_e1,inter_expert_similarity_e3_e2,inter_expert_similarity_e3_e3,intra_expert_coherence_e0,intra_expert_coherence_e1,intra_expert_coherence_e2,intra_expert_coherence_e3,load_cv,load_max_min_ratio,overall_task_conflict_cos,router_entropy,router_load_e0,router_load_e1,router_load_e2,router_load_e3,task_acc__glue_mrpc,task_conflict_t0_t0,task_grad_norm_cv,task_loss__glue_mrpc,utilization_ratio
50.0,0.5312896817922592,0.7295528898582334,0.5149327312798604,0.7254901960784313,0.5161731435129275,1.0,0.0,0.0,0.0,0.0,0.0,1.0,1.0,1.0,1.0,1.0,-0.0011253827418236718,1.0,0.0,-0.006752296450942031,0.0,0.0,1.0,0.0,0.0,-0.006752296450942031,0.0,1.0,0.0,0.0,0.0,0.0,1.0,1.0,1.0,1.0,1.0,1.0284961462020874,599898517131.8054,1.0,0.6700750776365691,0.5998985171318054,0.0,0.3930950462818146,0.007006385363638401,0.7254901960784313,1.0,0.0,0.5161731435129275,0.5
100.0,0.4802968353033066,0.8443293347873501,0.39762175112314846,0.8063725490196079,0.4115696314435739,1.0,0.0,0.0,0.0,0.0,0.0,1.0,1.0,1.0,1.0,1.0,0.022834782574389433,1.0,0.0,0.1370086954463366,0.0,0.0,1.0,0.0,0.0,0.1370086954463366,0.0,1.0,0.0,0.0,0.0,0.0,1.0,1.0,1.0,1.0,1.0,1.0238704681396484,600260376930.2368,1.0,0.6650309399062512,0.6002603769302368,0.0,0.38943421840667725,0.010305458679795265,0.8063725490196079,1.0,0.0,0.4115696314435739,0.5
150.0,0.7266438156366348,0.8773173391494002,0.32053101804593337,0.8676470588235294,0.32980858824717313,1.0,0.0,0.0,0.0,0.0,0.0,1.0,1.0,1.0,1.0,1.0,0.023570078846496565,1.0,0.0,0.1414204730789794,0.0,0.0,1.0,0.0,0.0,0.1414204730789794,0.0,1.0,0.0,0.0,0.0,0.0,1.0,1.0,1.0,1.0,1.0,1.023231686546307,610758185386.6577,1.0,0.6577168866699817,0.6107581853866577,0.0,0.3720618486404419,0.017179900780320168,0.8676470588235294,1.0,0.0,0.32980858824717313,0.5
