step,train_step_loss,train_acc,train_loss,val_acc,val_loss,avg_intra_expert_coherence,expert_diversity_e0,expert_diversity_e1,expert_diversity_e2,expert_diversity_e3,expert_diversity_mean,expert_purity_e0,expert_purity_e1,expert_purity_e2,expert_purity_e3,expert_purity_mean,inter_expert_similarity,inter_expert_similarity_e0_e0,inter_expert_similarity_e0_e1,inter_expert_similarity_e0_e2,inter_expert_similarity_e0_e3,inter_expert_similarity_e1_e0,inter_expert_similarity_e1_e1,inter_expert_similarity_e1_e2,inter_expert_similarity_e1_e3,inter_expert_similarity_e2_e0,inter_expert_similarity_e2_e1,inter_expert_similarity_e2_e2,inter_expert_similarity_e2_e3,inter_expert_similarity_e3_e0,inter_expert_similarity_e3_e1,inter_expert_similarity_e3_e2,inter_expert_similarity_e3_e3,intra_expert_coherence_e0,intra_expert_coherence_e1,intra_expert_coherence_e2,intra_expert_coherence_e3,load_cv,load_max_min_ratio,overall_task_conflict_cos,router_entropy,router_load_e0,router_load_e1,router_load_e2,router_load_e3,task_acc__glue_mrpc,task_conflict_t0_t0,task_grad_norm_cv,task_loss__glue_mrpc,utilization_ratio
50.0,0.4782814383506775,0.8080697928026173,0.4220269555306953,0.803921568627451,0.4201539479769193,1.0,0.0,0.0,0.0,0.0,0.0,1.0,1.0,1.0,1.0,1.0,-0.04495820504475143,1.0,-0.2789881234584066,0.27406036474270357,0.39897254570949964,-0.2789881234584066,1.0,-0.4000888868709,-0.5280969491269669,0.27406036474270357,-0.4000888868709,1.0,0.2643918187355617,0.39897254570949964,-0.5280969491269669,0.2643918187355617,1.0,1.0,1.0,1.0,1.0,0.39669421315193176,2.7722964314070686,1.0,1.290716524217643,0.2617965042591095,0.18570132553577423,0.14646309614181519,0.40603911876678467,0.803921568627451,1.0,0.0,0.4201539479769193,1.0
100.0,0.25550851225852966,0.8500545256270448,0.327271893247962,0.8186274509803921,0.36725759864426577,1.0,0.0,0.0,0.0,0.0,0.0,1.0,1.0,1.0,1.0,1.0,-0.09768335423730373,1.0,-0.22384830742170647,0.19528277635204203,0.21423548472240872,-0.22384830742170647,1.0,-0.4397625518780792,-0.5197559889429814,0.19528277635204203,-0.4397625518780792,1.0,0.18774846174449386,0.21423548472240872,-0.5197559889429814,0.18774846174449386,1.0,1.0,1.0,1.0,1.0,0.2777976095676422,1.8419471761828845,1.0,1.3082067078235102,0.33044564723968506,0.18267285823822021,0.17940017580986023,0.3074812889099121,0.8186274509803921,1.0,0.0,0.36725759864426577,1.0
