step,train_step_loss,train_acc,train_loss,val_acc,val_loss,avg_intra_expert_coherence,expert_diversity_e0,expert_diversity_e1,expert_diversity_e2,expert_diversity_e3,expert_diversity_mean,expert_purity_e0,expert_purity_e1,expert_purity_e2,expert_purity_e3,expert_purity_mean,inter_expert_similarity,inter_expert_similarity_e0_e0,inter_expert_similarity_e0_e1,inter_expert_similarity_e0_e2,inter_expert_similarity_e0_e3,inter_expert_similarity_e1_e0,inter_expert_similarity_e1_e1,inter_expert_similarity_e1_e2,inter_expert_similarity_e1_e3,inter_expert_similarity_e2_e0,inter_expert_similarity_e2_e1,inter_expert_similarity_e2_e2,inter_expert_similarity_e2_e3,inter_expert_similarity_e3_e0,inter_expert_similarity_e3_e1,inter_expert_similarity_e3_e2,inter_expert_similarity_e3_e3,intra_expert_coherence_e0,intra_expert_coherence_e1,intra_expert_coherence_e2,intra_expert_coherence_e3,load_cv,load_max_min_ratio,overall_task_conflict_cos,router_entropy,router_load_e0,router_load_e1,router_load_e2,router_load_e3,task_acc__glue_mrpc,task_conflict_t0_t0,task_grad_norm_cv,task_loss__glue_mrpc,utilization_ratio
50.0,0.38788989186286926,0.7949836423118866,0.4203741318181805,0.7965686274509803,0.4297337517715417,1.0,0.0,0.0,0.0,0.0,0.0,1.0,1.0,1.0,1.0,1.0,0.018633579826996326,1.0,0.13103664039075455,0.17626601915945592,-0.05293974381549321,0.13103664039075455,1.0,0.11121595665901246,-0.02930959969142703,0.17626601915945592,0.11121595665901246,1.0,-0.22446779374032472,-0.05293974381549321,-0.02930959969142703,-0.22446779374032472,1.0,1.0,1.0,1.0,1.0,0.45120888657622854,3.5932800362183333,1.0,1.2668637574887742,0.3389579951763153,0.17634746432304382,0.105522520840168,0.3791719675064087,0.7965686274509803,1.0,0.0,0.4297337517715417,0.75
100.0,0.3305370509624481,0.8874045801526718,0.2785087010904175,0.8676470588235294,0.32674347645101637,1.0,0.0,0.0,0.0,0.0,0.0,1.0,1.0,1.0,1.0,1.0,-0.07024206925892951,1.0,0.14575569162019303,0.14960321212456287,-0.30453091571926844,0.14575569162019303,1.0,-0.1036066455353454,-0.030027038149800567,0.14960321212456287,-0.1036066455353454,1.0,-0.2786467198939186,-0.30453091571926844,-0.030027038149800567,-0.2786467198939186,1.0,1.0,1.0,1.0,1.0,0.396196501993716,2.5864585637715694,1.0,1.2894396618300794,0.3587205111980438,0.1646050214767456,0.1386917680501938,0.33798256516456604,0.8676470588235294,1.0,0.0,0.32674347645101637,1.0
