step,train_step_loss,train_acc,train_loss,val_acc,val_loss,avg_intra_expert_coherence,expert_diversity_e0,expert_diversity_e1,expert_diversity_e2,expert_diversity_e3,expert_diversity_mean,expert_purity_e0,expert_purity_e1,expert_purity_e2,expert_purity_e3,expert_purity_mean,inter_expert_similarity,inter_expert_similarity_e0_e0,inter_expert_similarity_e0_e1,inter_expert_similarity_e0_e2,inter_expert_similarity_e0_e3,inter_expert_similarity_e1_e0,inter_expert_similarity_e1_e1,inter_expert_similarity_e1_e2,inter_expert_similarity_e1_e3,inter_expert_similarity_e2_e0,inter_expert_similarity_e2_e1,inter_expert_similarity_e2_e2,inter_expert_similarity_e2_e3,inter_expert_similarity_e3_e0,inter_expert_similarity_e3_e1,inter_expert_similarity_e3_e2,inter_expert_similarity_e3_e3,intra_expert_coherence_e0,intra_expert_coherence_e1,intra_expert_coherence_e2,intra_expert_coherence_e3,load_cv,load_max_min_ratio,overall_task_conflict_cos,router_entropy,router_load_e0,router_load_e1,router_load_e2,router_load_e3,task_acc__glue_mrpc,task_conflict_t0_t0,task_grad_norm_cv,task_loss__glue_mrpc,utilization_ratio
50.0,0.4160078465938568,0.7314612868047983,0.5062863594811896,0.7401960784313726,0.49309050807586086,1.0,0.0,0.0,0.0,0.0,0.0,1.0,1.0,1.0,1.0,1.0,0.01043657785307787,1.0,0.0,0.0,0.0,0.0,1.0,0.0,0.0,0.0,0.0,1.0,0.06261946711846722,0.0,0.0,0.06261946711846722,1.0,1.0,1.0,1.0,1.0,1.0344765186309814,764.2129232843208,1.0,0.6634258779824949,0.0010012767743319273,0.0007816950674168766,0.5973814725875854,0.4008356034755707,0.7401960784313726,1.0,0.0,0.49309050807586086,0.5
100.0,0.5196686089038849,0.8306979280261723,0.387903873703402,0.8308823529411765,0.37294552045372814,1.0,0.0,0.0,0.0,0.0,0.0,1.0,1.0,1.0,1.0,1.0,-0.0032835499009567074,1.0,0.0,0.0,0.0,0.0,1.0,0.0,0.0,0.0,0.0,1.0,-0.019701299405740245,0.0,0.0,-0.019701299405740245,1.0,1.0,1.0,1.0,1.0,0.982011616230011,514509260654.44946,1.0,0.6857569755292406,0.0,0.009811553172767162,0.5145092606544495,0.4756791293621063,0.8308823529411765,1.0,0.0,0.37294552045372814,0.5
150.0,0.6187989115715027,0.7491821155943293,0.527087571018416,0.7328431372549019,0.5407175186734933,1.0,0.0,0.0,0.0,0.0,0.0,1.0,1.0,1.0,1.0,1.0,0.01001205728362199,1.0,0.0,0.0,0.0,0.0,1.0,0.0,0.0,0.0,0.0,1.0,0.060072343701731944,0.0,0.0,0.060072343701731944,1.0,1.0,1.0,1.0,1.0,1.0027146339416504,526068866252.8992,1.0,0.6900595753800636,0.0,0.0,0.47393110394477844,0.5260688662528992,0.7328431372549019,1.0,0.0,0.5407175186734933,0.5
