step,train_step_loss,train_acc,train_loss,val_acc,val_loss,avg_intra_expert_coherence,expert_diversity_e0,expert_diversity_e1,expert_diversity_e2,expert_diversity_e3,expert_diversity_mean,expert_purity_e0,expert_purity_e1,expert_purity_e2,expert_purity_e3,expert_purity_mean,inter_expert_similarity,inter_expert_similarity_e0_e0,inter_expert_similarity_e0_e1,inter_expert_similarity_e0_e2,inter_expert_similarity_e0_e3,inter_expert_similarity_e1_e0,inter_expert_similarity_e1_e1,inter_expert_similarity_e1_e2,inter_expert_similarity_e1_e3,inter_expert_similarity_e2_e0,inter_expert_similarity_e2_e1,inter_expert_similarity_e2_e2,inter_expert_similarity_e2_e3,inter_expert_similarity_e3_e0,inter_expert_similarity_e3_e1,inter_expert_similarity_e3_e2,inter_expert_similarity_e3_e3,intra_expert_coherence_e0,intra_expert_coherence_e1,intra_expert_coherence_e2,intra_expert_coherence_e3,load_cv,load_max_min_ratio,overall_task_conflict_cos,router_entropy,router_load_e0,router_load_e1,router_load_e2,router_load_e3,task_acc__glue_mrpc,task_conflict_t0_t0,task_grad_norm_cv,task_loss__glue_mrpc,utilization_ratio
50.0,0.5351674854755402,0.6744820065430752,0.6315010087645572,0.6838235294117647,0.6263328670309141,1.0,0.0,0.0,0.0,0.0,0.0,1.0,1.0,1.0,1.0,1.0,0.0423404611849974,1.0,0.0,0.2540427671099844,0.0,0.0,1.0,0.0,0.0,0.2540427671099844,0.0,1.0,0.0,0.0,0.0,0.0,1.0,1.0,1.0,1.0,1.0,1.3037528267496046,795755863189.6973,1.0,0.5062302947044373,0.7957558631896973,0.0,0.20424433052539825,0.0,0.6838235294117647,1.0,0.0,0.6263328670309141,0.5
100.0,0.6635634303092957,0.6744820065430752,0.6328107577303181,0.6838235294117647,0.6286655366420746,1.0,0.0,0.0,0.0,0.0,0.0,1.0,1.0,1.0,1.0,1.0,0.07735700788300952,1.0,0.0,0.4641420472980571,0.0,0.0,1.0,0.0,0.0,0.4641420472980571,0.0,1.0,0.0,0.0,0.0,0.0,1.0,1.0,1.0,1.0,1.0,1.161549587434481,708925008773.8037,1.0,0.6031113348755182,0.7089250087738037,0.0,0.29107487201690674,0.0,0.6838235294117647,1.0,0.0,0.6286655366420746,0.5
150.0,0.7145045399665833,0.6744820065430752,0.6579779687135116,0.6838235294117647,0.6462274354237777,1.0,0.0,0.0,0.0,0.0,0.0,1.0,1.0,1.0,1.0,1.0,-0.0013305977641833557,1.0,-0.007983586585100134,0.0,0.0,-0.007983586585100134,1.0,0.0,0.0,0.0,0.0,1.0,0.0,0.0,0.0,0.0,1.0,1.0,1.0,1.0,1.0,1.2606997179150918,771423161029.8157,1.0,0.5375513434410095,0.7714231610298157,0.22857697308063507,0.0,0.0,0.6838235294117647,1.0,0.0,0.6462274354237777,0.5
