ts_epoch,event,phase,completed_jobs,total_jobs,failed_jobs,percent,eta_sec,elapsed_sec
1774985692.1143339,init,,0,0,0,0.0,,1.5974044799804688e-05
1774985692.114606,pipeline_start,,0,0,0,0.0,,0.0002918243408203125
1774985692.1151936,lock_wait,,0,0,0,0.0,,0.0005192756652832031
1774985692.1154113,lock_acquired,,0,0,0,0.0,,0.001119375228881836
1774985692.1155875,method_start,,0,0,0,0.0,,0.0013108253479003906
1774985692.115828,lock_wait,,0,0,0,0.0,,0.0015411376953125
1774985692.1160257,lock_acquired,,0,0,0,0.0,,0.0017418861389160156
1774985692.1162164,lock_released,,0,0,0,0.0,,0.0019345283508300781
1774985692.1174252,lock_wait,,0,0,0,0.0,,0.003117799758911133
1774985692.1176226,lock_acquired,,0,0,0,0.0,,0.0033419132232666016
1774985692.1178007,plan_add,,0,64,0,0.0,,0.0035185813903808594
1774985692.1179788,phase_start,baseline:coord:train.lr,0,64,0,0.0,,0.003701448440551758
1774985717.950271,group_slots,baseline:coord:train.lr,0,64,0,0.0,,25.83581781387329
1774985717.9508402,group_start,baseline:coord:train.lr,0,64,0,0.0,,25.836212396621704
1774985895.0569615,job_done,baseline:coord:train.lr,1,64,0,1.5625,12785.367428541183,202.94234013557434
1774985895.3687422,job_done,baseline:coord:train.lr,2,64,0,3.125,6300.882985830307,203.25428986549377
1774985895.6097188,job_done,baseline:coord:train.lr,3,64,0,4.6875,4137.737219969432,203.49527311325073
1774985895.7039528,job_done,baseline:coord:train.lr,4,64,0,6.25,3053.8411760330196,203.58941173553467
1774986071.8501596,job_done,baseline:coord:train.lr,5,64,0,7.8125,4480.879852056503,379.7355806827545
1774986072.1902263,job_done,baseline:coord:train.lr,6,64,0,9.375,3674.0651534398403,380.0757055282593
1774986072.3193924,job_done,baseline:coord:train.lr,7,64,0,10.9375,3095.954925605229,380.20499086380005
1774986072.4121957,job_done,baseline:coord:train.lr,8,64,0,12.5,2662.0846071243286,380.29780101776123
1774986248.6435993,job_done,baseline:coord:train.lr,9,64,0,14.0625,3401.0112784968483,556.5291182994843
1774986249.1463635,job_done,baseline:coord:train.lr,10,64,0,15.625,3007.9724720478057,557.0319392681122
1774986249.3925278,job_done,baseline:coord:train.lr,11,64,0,17.1875,2685.0673332214355,557.2781257629395
1774986249.540522,job_done,baseline:coord:train.lr,12,64,0,18.75,2415.51291513443,557.4260573387146
1774986423.7644658,job_done,baseline:coord:train.lr,13,64,0,20.3125,2870.318707356086,731.6498665809631
1774986425.3139699,job_done,baseline:coord:train.lr,14,64,0,21.875,2618.569431134633,733.1994407176971
1774986425.6099272,job_done,baseline:coord:train.lr,15,64,0,23.4375,2396.085556523005,733.4955785274506
1774986425.6652455,job_done,baseline:coord:train.lr,16,64,0,25.0,2200.6527421474457,733.5509140491486
1774986596.540813,job_done,baseline:coord:train.lr,17,64,0,26.5625,2500.472603138755,904.4262607097626
1774986599.2328978,job_done,baseline:coord:train.lr,18,64,0,28.125,2318.191710021761,907.1184952259064
1774986600.1645665,job_done,baseline:coord:train.lr,19,64,0,29.6875,2150.6447841619192,908.0500199794769
1774986600.2190871,job_done,baseline:coord:train.lr,20,64,0,31.25,1997.8301665782928,908.1046211719513
1774986767.3867688,job_done,baseline:coord:train.lr,21,64,0,32.8125,2201.7479613394967,1075.2722601890564
1774986771.4613047,job_done,baseline:coord:train.lr,22,64,0,34.375,2060.5713577053766,1079.3469016551971
1774986772.83303,job_done,baseline:coord:train.lr,23,64,0,35.9375,1926.498393950255,1080.718611240387
1774986772.8891923,job_done,baseline:coord:train.lr,24,64,0,37.5,1801.2910517056782,1080.774631023407
1774986936.0512152,job_done,baseline:coord:train.lr,25,64,0,39.0625,1940.5413005161283,1243.9367311000824
1774986942.5921514,job_done,baseline:coord:train.lr,26,64,0,40.625,1827.6213280604436,1250.4777507781982
1774986944.4001105,job_done,baseline:coord:train.lr,27,64,0,42.1875,1716.0951836727284,1252.285674571991
1774986944.4638393,job_done,baseline:coord:train.lr,28,64,0,43.75,1610.1634830747332,1252.3493757247925
1774987099.1969655,job_done,baseline:coord:train.lr,29,64,0,45.3125,1698.2030716024597,1407.082545042038
1774987110.9778686,job_done,baseline:coord:train.lr,30,64,0,46.875,1608.045259062449,1418.8634638786316
1774987113.5338702,job_done,baseline:coord:train.lr,31,64,0,48.4375,1513.123927900868,1421.4194474220276
1774987113.6120746,job_done,baseline:coord:train.lr,32,64,0,50.0,1421.497630596161,1421.497630596161
1774987251.3347719,job_done,baseline:coord:train.lr,33,64,0,51.5625,1464.7221611051848,1559.2203650474548
1774987278.7719162,job_done,baseline:coord:train.lr,34,64,0,53.125,1399.9918202792896,1586.6573963165283
1774987283.258562,job_done,baseline:coord:train.lr,35,64,0,54.6875,1318.3765468733652,1591.1441082954407
1774987283.31909,job_done,baseline:coord:train.lr,36,64,0,56.25,1237.6036850346459,1591.2047379016876
1774987400.5989597,job_done,baseline:coord:train.lr,37,64,0,57.8125,1246.7319638729095,1708.4845430850983
1774987445.5426543,job_done,baseline:coord:train.lr,38,64,0,59.375,1199.7139987945557,1753.4281520843506
1774987453.4848177,job_done,baseline:coord:train.lr,39,64,0,60.9375,1129.083521396686,1761.37029337883
1774987453.4992814,job_done,baseline:coord:train.lr,40,64,0,62.5,1056.82290186882,1761.3715031147003
1774987556.7728343,job_done,baseline:coord:train.lr,41,64,0,64.0625,1046.0278358808378,1864.6583161354065
1774987608.4790227,job_done,baseline:coord:train.lr,42,64,0,65.625,1003.8099755900247,1916.3644988536835
1774987620.6997387,job_done,baseline:coord:train.lr,43,64,0,67.1875,941.8672605947006,1928.5853431224823
1774987620.7719135,job_done,baseline:coord:train.lr,44,64,0,68.75,876.6624851660295,1928.657467365265
1774987716.9507558,job_done,baseline:coord:train.lr,45,64,0,70.3125,854.9308994928996,2024.8363409042358
1774987768.878724,job_done,baseline:coord:train.lr,46,64,0,71.875,812.6468070278996,2076.7640624046326
1774987785.8454702,job_done,baseline:coord:train.lr,47,64,0,73.4375,757.3069488038408,2093.7309761047363
1774987786.151117,job_done,baseline:coord:train.lr,48,64,0,75.0,698.0122531255087,2094.036759376526
1774987875.0130553,job_done,baseline:coord:train.lr,49,64,0,76.5625,668.2342744603449,2182.8986299037933
1774987928.0187857,job_done,baseline:coord:train.lr,50,64,0,78.125,626.0531833648681,2235.9042263031006
1774987951.8107462,job_done,baseline:coord:train.lr,51,64,0,79.6875,576.0010254944071,2259.6963307857513
1774987952.194571,job_done,baseline:coord:train.lr,52,64,0,81.25,521.5569787942446,2260.0802414417267
1774988032.3734517,job_done,baseline:coord:train.lr,53,64,0,82.8125,485.71414074807797,2340.259041786194
1774988086.2220116,job_done,baseline:coord:train.lr,54,64,0,84.375,443.3532633163311,2394.107621908188
1774988117.4270306,job_done,baseline:coord:train.lr,55,64,0,85.9375,396.8693415901878,2425.3126430511475
1774988118.1470969,job_done,baseline:coord:train.lr,56,64,0,87.5,346.5761086600167,2426.032760620117
1774988188.6996899,job_done,baseline:coord:train.lr,57,64,0,89.0625,306.598171250862,2496.585108757019
1774988243.5163367,job_done,baseline:coord:train.lr,58,64,0,90.625,263.938128084972,2551.401904821396
1774988284.285833,job_done,baseline:coord:train.lr,59,64,0,92.1875,219.67552791207524,2592.171229362488
1774988284.7620866,job_done,baseline:coord:train.lr,60,64,0,93.75,172.84318429629008,2592.647764444351
1774988347.446891,job_done,baseline:coord:train.lr,61,64,0,95.3125,130.5901161842659,2655.3323624134064
1774988392.30536,job_done,baseline:coord:train.lr,62,64,0,96.875,87.10293393750345,2700.190952062607
1774988420.967749,job_done,baseline:coord:train.lr,63,64,0,98.4375,43.31513055165608,2728.8532247543335
1774988421.050855,job_done,baseline:coord:train.lr,64,64,0,100.0,,2728.936414718628
1774988421.0685215,group_end,baseline:coord:train.lr,64,64,0,100.0,,2728.9539365768433
1774988421.0688953,phase_end,,64,64,0,100.0,,2728.9544870853424
1774988421.0693223,lock_released,,64,64,0,100.0,,2728.9549214839935
1774988421.0740829,lock_wait,,64,64,0,100.0,,2728.9596462249756
1774988421.0745428,lock_acquired,,64,64,0,100.0,,2728.9601197242737
1774988421.0749257,plan_add,,64,128,0,50.0,2728.9605140686035,2728.9605140686035
1774988421.0753043,phase_start,baseline:coord:train.weight_decay,64,128,0,50.0,2728.960901737213,2728.960901737213
1774988447.4655108,group_slots,baseline:coord:train.weight_decay,64,128,0,50.0,2755.3509216308594,2755.3509216308594
1774988447.4658995,group_start,baseline:coord:train.weight_decay,64,128,0,50.0,2755.3514926433563,2755.3514926433563
1774988624.7233214,job_done,baseline:coord:train.weight_decay,65,128,0,50.78125,2842.3745577665477,2932.6086707115173
1774988625.0380301,job_done,baseline:coord:train.weight_decay,66,128,0,51.5625,2755.1707192334266,2932.923668861389
1774988625.420915,job_done,baseline:coord:train.weight_decay,67,128,0,52.34375,2670.622320805023,2933.3064835071564
1774988625.5359302,job_done,baseline:coord:train.weight_decay,68,128,0,53.125,2588.313141850864,2933.4215607643127
1774988802.2497606,job_done,baseline:coord:train.weight_decay,69,128,0,53.90625,2659.3910916784534,3110.13534450531
1774988802.5347402,job_done,baseline:coord:train.weight_decay,70,128,0,54.6875,2577.20533612115,3110.4202332496643
1774988802.6214538,job_done,baseline:coord:train.weight_decay,71,128,0,55.46875,2497.1675898021376,3110.506997823715
1774988802.6787736,job_done,baseline:coord:train.weight_decay,72,128,0,56.25,2419.327821943495,3110.5643424987793
1774988978.697573,job_done,baseline:coord:train.weight_decay,73,128,0,57.03125,2476.1927270562683,3286.583074092865
1774988979.7537692,job_done,baseline:coord:train.weight_decay,74,128,0,57.8125,2399.088160534163,3287.639331102371
1774988979.898865,job_done,baseline:coord:train.weight_decay,75,128,0,58.59375,2323.3281727759045,3287.7285463809967
1774988979.8994377,job_done,baseline:coord:train.weight_decay,76,128,0,59.375,2249.5370479006515,3287.784916162491
1774989152.13008,job_done,baseline:coord:train.weight_decay,77,128,0,60.15625,2291.698594706399,3460.015525341034
1774989155.0518546,job_done,baseline:coord:train.weight_decay,78,128,0,60.9375,2219.8317028008973,3462.9374563694
1774989155.3540685,job_done,baseline:coord:train.weight_decay,79,128,0,61.71875,2148.085396458831,3463.2397208213806
1774989155.408908,job_done,baseline:coord:train.weight_decay,80,128,0,62.5,2077.976669025421,3463.294448375702
1774989322.8948917,job_done,baseline:coord:train.weight_decay,81,128,0,63.28125,2106.74914895458,3630.7804481983185
1774989328.5296063,job_done,baseline:coord:train.weight_decay,82,128,0,64.0625,2039.9401949556861,3636.415130138397
1774989329.0005596,job_done,baseline:coord:train.weight_decay,83,128,0,64.84375,1971.8057669214454,3636.8861923217773
1774989329.0653903,job_done,baseline:coord:train.weight_decay,84,128,0,65.625,1905.0695168404354,3636.9508957862854
1774989488.719696,job_done,baseline:coord:train.weight_decay,85,128,0,66.40625,1920.6356002555174,3796.605256319046
1774989499.4830933,job_done,baseline:coord:train.weight_decay,86,128,0,67.1875,1859.412585430367,3807.368627309799
1774989500.3061233,job_done,baseline:coord:train.weight_decay,87,128,0,67.96875,1794.6650840139937,3808.19176363945
1774989500.3602972,job_done,baseline:coord:train.weight_decay,88,128,0,68.75,1731.0208477757194,3808.2458651065826
1774989644.1319892,job_done,baseline:coord:train.weight_decay,89,128,0,69.53125,1731.782969464077,3952.0175457000732
1774989668.9856896,job_done,baseline:coord:train.weight_decay,90,128,0,70.3125,1679.1234185430737,3976.8712544441223
1774989670.9440515,job_done,baseline:coord:train.weight_decay,91,128,0,71.09375,1617.765845683905,3978.829512357712
1774989671.0877192,job_done,baseline:coord:train.weight_decay,92,128,0,71.875,1556.9895827666573,3978.9733781814575
1774989793.0738206,job_done,baseline:coord:train.weight_decay,93,128,0,72.65625,1543.3718112591773,4100.959384202957
1774989837.627535,job_done,baseline:coord:train.weight_decay,94,128,0,73.4375,1499.440884590149,4145.513033866882
1774989842.413099,job_done,baseline:coord:train.weight_decay,95,128,0,74.21875,1441.6779608977467,4150.285038948059
1774989842.4609058,job_done,baseline:coord:train.weight_decay,96,128,0,75.0,1383.4488498369853,4150.346549510956
1774989947.8653102,job_done,baseline:coord:train.weight_decay,97,128,0,75.78125,1360.0853180025042,4255.750833749771
1774990004.3272228,job_done,baseline:coord:train.weight_decay,98,128,0,76.5625,1320.0651508204792,4312.212826013565
1774990011.656117,job_done,baseline:coord:train.weight_decay,99,128,0,77.34375,1265.3202991389264,4319.541710853577
1774990011.7264109,job_done,baseline:coord:train.weight_decay,100,128,0,78.125,1209.4913778209686,4319.6120636463165
1774990105.8440807,job_done,baseline:coord:train.weight_decay,101,128,0,78.90625,1179.9079279639934,4413.729656457901
1774990168.1141899,job_done,baseline:coord:train.weight_decay,102,128,0,79.6875,1140.94111958672,4475.99977684021
1774990178.533276,job_done,baseline:coord:train.weight_decay,103,128,0,80.46875,1088.9366218187276,4486.418881893158
1774990178.6243098,job_done,baseline:coord:train.weight_decay,104,128,0,81.25,1035.3484301750477,4486.509864091873
1774990262.8960197,job_done,baseline:coord:train.weight_decay,105,128,0,82.03125,1001.2188315232594,4570.781622171402
1774990329.417077,job_done,baseline:coord:train.weight_decay,106,128,0,82.8125,962.4590417978898,4637.3026559352875
1774990344.2921305,job_done,baseline:coord:train.weight_decay,107,128,0,83.59375,913.0442288033316,4652.177737236023
1774990344.3575358,job_done,baseline:coord:train.weight_decay,108,128,0,84.375,861.5265232545358,4652.243225574493
1774990419.6314437,job_done,baseline:coord:train.weight_decay,109,128,0,85.15625,824.062595658346,4727.516996145248
1774990487.232725,job_done,baseline:coord:train.weight_decay,110,128,0,85.9375,784.6557145162062,4795.118255376816
1774990511.5399623,job_done,baseline:coord:train.weight_decay,111,128,0,86.71875,738.1102181254207,4819.425541877747
1774990511.60341,job_done,baseline:coord:train.weight_decay,112,128,0,87.5,688.4984318188259,4819.489022731781
1774990578.4304779,job_done,baseline:coord:train.weight_decay,113,128,0,88.28125,648.6260253876711,4886.316057920456
1774990643.2779849,job_done,baseline:coord:train.weight_decay,114,128,0,89.0625,608.0376262413828,4951.163527965546
1774990679.0417027,job_done,baseline:coord:train.weight_decay,115,128,0,89.84375,563.7396063949751,4986.927287340164
1774990679.16832,job_done,baseline:coord:train.weight_decay,116,128,0,90.625,515.9021263780264,4987.053888320923
1774990737.8467574,job_done,baseline:coord:train.weight_decay,117,128,0,91.40625,474.3850780409625,5045.73219370842
1774990797.866974,job_done,baseline:coord:train.weight_decay,118,128,0,92.1875,432.69089472495904,5105.752557754517
1774990847.4260242,job_done,baseline:coord:train.weight_decay,119,128,0,92.96875,389.8975157837908,5155.311597585678
1774990847.5866797,job_done,baseline:coord:train.weight_decay,120,128,0,93.75,343.69815643628436,5155.472346544266
1774990897.227112,job_done,baseline:coord:train.weight_decay,121,128,0,94.53125,301.1222201891182,5205.112663269043
1774990955.692567,job_done,baseline:coord:train.weight_decay,122,128,0,95.3125,258.86449574642495,5263.578080177307
1774991015.9051921,job_done,baseline:coord:train.weight_decay,123,128,0,96.09375,216.41425888712814,5323.790768623352
1774991015.9802358,job_done,baseline:coord:train.weight_decay,124,128,0,96.875,171.73760912495277,5323.865882873535
1774991058.257696,job_done,baseline:coord:train.weight_decay,125,128,0,97.65625,128.78743563079834,5366.143151283264
1774991103.6835256,job_done,baseline:coord:train.weight_decay,126,128,0,98.4375,85.89792130863856,5411.569042444229
1774991142.054138,job_done,baseline:coord:train.weight_decay,127,128,0,99.21875,42.91291083125618,5449.939675569534
1774991142.1479745,job_done,baseline:coord:train.weight_decay,128,128,0,100.0,,5450.033629417419
1774991142.1681929,group_end,baseline:coord:train.weight_decay,128,128,0,100.0,,5450.053859233856
1774991142.1684165,phase_end,,128,128,0,100.0,,5450.054103851318
1774991142.1686523,lock_released,,128,128,0,100.0,,5450.054361581802
1774991142.170871,lock_wait,,128,128,0,100.0,,5450.056568861008
1774991142.1710975,lock_acquired,,128,128,0,100.0,,5450.056812286377
1774991142.1712837,plan_add,,128,192,0,66.66666666666667,2725.0284982919693,5450.056996583939
1774991142.171485,phase_start,baseline:coord:train.grad_clip,128,192,0,66.66666666666667,2725.0285946130753,5450.0571892261505
1774991168.507303,group_slots,baseline:coord:train.grad_clip,128,192,0,66.66666666666667,2738.1964262723923,5476.392852544785
1774991168.5075655,group_start,baseline:coord:train.grad_clip,128,192,0,66.66666666666667,2738.196627140045,5476.39325428009
1774991346.1166732,job_done,baseline:coord:train.grad_clip,129,192,0,67.1875,2761.2568214826806,5654.002063035965
1774991346.6334794,job_done,baseline:coord:train.grad_clip,130,192,0,67.70833333333333,2696.77057455503,5654.518946647644
1774991346.6342723,job_done,baseline:coord:train.grad_clip,131,192,0,68.22916666666667,2633.020639896393,5654.519734859467
1774991346.7689052,job_done,baseline:coord:train.grad_clip,132,192,0,68.75,2570.297485481609,5654.65446805954
1774991520.333855,job_done,baseline:coord:train.grad_clip,133,192,0,69.27083333333333,2585.4506880842655,5828.219347715378
1774991522.6624663,job_done,baseline:coord:train.grad_clip,134,192,0,69.79166666666667,2523.670008015277,5830.547949552536
1774991522.918816,job_done,baseline:coord:train.grad_clip,135,192,0,70.3125,2461.8951228459673,5830.804238319397
1774991522.9751508,job_done,baseline:coord:train.grad_clip,136,192,0,70.83333333333333,2400.9426492803236,5830.860719680786
1774991691.9990246,job_done,baseline:coord:train.grad_clip,137,192,0,71.35416666666667,2408.712781998363,5999.884566068649
1774991697.0215898,job_done,baseline:coord:train.grad_clip,138,192,0,71.875,2349.746253521546,6004.90709233284
1774991697.1287777,job_done,baseline:coord:train.grad_clip,139,192,0,72.39583333333333,2289.681729733515,6005.014347791672
1774991697.4390957,job_done,baseline:coord:train.grad_clip,140,192,0,72.91666666666667,2230.5491585663385,6005.324657678604
1774991858.4319408,job_done,baseline:coord:train.grad_clip,141,192,0,73.4375,2230.3652580190214,6166.303948640823
1774991869.6183326,job_done,baseline:coord:train.grad_clip,142,192,0,73.95833333333333,2175.177426489306,6177.5038912296295
1774991869.7821817,job_done,baseline:coord:train.grad_clip,143,192,0,74.47916666666667,2116.823246038877,6177.667840480804
1774991869.8584163,job_done,baseline:coord:train.grad_clip,144,192,0,75.0,2059.247989813487,6177.74396944046
1774992012.399471,job_done,baseline:coord:train.grad_clip,145,192,0,75.52083333333333,2048.644122487101,6320.285058736801
1774992039.774239,job_done,baseline:coord:train.grad_clip,146,192,0,76.04166666666667,1999.9476140198642,6347.659818410873
1774992041.0707936,job_done,baseline:coord:train.grad_clip,147,192,0,76.5625,1943.5580704406816,6348.95636343956
1774992041.1552367,job_done,baseline:coord:train.grad_clip,148,192,0,77.08333333333333,1887.5526685263658,6349.04079413414
1774992162.039534,job_done,baseline:coord:train.grad_clip,149,192,0,77.60416666666667,1867.1595590658637,6469.924983739853
1774992209.7283072,job_done,baseline:coord:train.grad_clip,150,192,0,78.125,1824.9318600749968,6517.613785982132
1774992212.6950183,job_done,baseline:coord:train.grad_clip,151,192,0,78.64583333333333,1770.4887464267529,6520.580505132675
1774992212.810564,job_done,baseline:coord:train.grad_clip,152,192,0,79.16666666666667,1715.9726546312634,6520.696087598801
1774992318.2070415,job_done,baseline:coord:train.grad_clip,153,192,0,79.6875,1689.0039744096644,6626.09251499176
1774992377.7189615,job_done,baseline:coord:train.grad_clip,154,192,0,80.20833333333333,1649.6946001300564,6685.604432106018
1774992382.7498863,job_done,baseline:coord:train.grad_clip,155,192,0,80.72916666666667,1597.1194077768632,6690.635356903076
1774992382.8243978,job_done,baseline:coord:train.grad_clip,156,192,0,81.25,1544.0099858137278,6690.709938526154
1774992474.975321,job_done,baseline:coord:train.grad_clip,157,192,0,81.77083333333333,1512.1027275027743,6782.86080622673
1774992542.9220324,job_done,baseline:coord:train.grad_clip,158,192,0,82.29166666666667,1474.2244188212142,6850.807593345642
1774992551.1513286,job_done,baseline:coord:train.grad_clip,159,192,0,82.8125,1423.5736922767928,6859.036880970001
1774992551.2120814,job_done,baseline:coord:train.grad_clip,160,192,0,83.33333333333333,1371.8195257663729,6859.097628831863
1774992627.697686,job_done,baseline:coord:train.grad_clip,161,192,0,83.85416666666667,1335.4228251765235,6935.58305978775
1774992706.1613524,job_done,baseline:coord:train.grad_clip,162,192,0,84.375,1298.8975793344005,7014.046928405762
1774992718.040972,job_done,baseline:coord:train.grad_clip,163,192,0,84.89583333333333,1250.0114524730143,7025.9264397621155
1774992718.1654928,job_done,baseline:coord:train.grad_clip,164,192,0,85.41666666666667,1199.569689256389,7026.051037073135
1774992783.7752187,job_done,baseline:coord:train.grad_clip,165,192,0,85.9375,1160.453573474017,7091.66072678566
1774992864.5324416,job_done,baseline:coord:train.grad_clip,166,192,0,86.45833333333333,1123.3907705215086,7172.417996406555
1774992885.5735507,job_done,baseline:coord:train.grad_clip,167,192,0,86.97916666666667,1076.8651407992768,7193.459140539169
1774992885.8294256,job_done,baseline:coord:train.grad_clip,168,192,0,87.5,1027.6735818386078,7193.7150728702545
1774992942.6258621,job_done,baseline:coord:train.grad_clip,169,192,0,88.02083333333333,986.7559894443264,7250.5114006996155
1774993019.5198917,job_done,baseline:coord:train.grad_clip,170,192,0,88.54166666666667,948.252475567425,7327.405493021011
1774993052.7996716,job_done,baseline:coord:train.grad_clip,171,192,0,89.0625,903.943801992818,7360.68524479866
1774993053.1047282,job_done,baseline:coord:train.grad_clip,172,192,0,89.58333333333333,855.9291080818621,7360.990329504013
1774993102.770617,job_done,baseline:coord:train.grad_clip,173,192,0,90.10416666666667,813.8870941958676,7410.656173467636
1774993171.4702225,job_done,baseline:coord:train.grad_clip,174,192,0,90.625,773.7264647483826,7479.3558259010315
1774993221.2706788,job_done,baseline:coord:train.grad_clip,175,192,0,91.14583333333333,731.4037465953827,7529.156214952469
1774993221.6588743,job_done,baseline:coord:train.grad_clip,176,192,0,91.66666666666667,684.5040423436599,7529.544465780258
1774993264.5169194,job_done,baseline:coord:train.grad_clip,177,192,0,92.1875,641.7290257599394,7572.402503967285
1774993329.5144873,job_done,baseline:coord:train.grad_clip,178,192,0,92.70833333333333,600.6943864929542,7637.400056838989
1774993386.8971388,job_done,baseline:coord:train.grad_clip,179,192,0,93.22916666666667,558.8389645848195,7694.78266620636
1774993387.284678,job_done,baseline:coord:train.grad_clip,180,192,0,93.75,513.0113514900207,7695.170272350311
1774993422.294861,job_done,baseline:coord:train.grad_clip,181,192,0,94.27083333333333,469.7899708220972,7730.180428981781
1774993489.7835925,job_done,baseline:coord:train.grad_clip,182,192,0,94.79166666666667,428.44336000117625,7797.669152021408
1774993553.1688087,job_done,baseline:coord:train.grad_clip,183,192,0,95.3125,386.6092326562912,7861.054397344589
1774993553.6754093,job_done,baseline:coord:train.grad_clip,184,192,0,95.83333333333333,341.80699870897377,7861.5609703063965
1774993577.6248276,job_done,baseline:coord:train.grad_clip,185,192,0,96.35416666666667,298.37066522031216,7885.510437965393
1774993650.575616,job_done,baseline:coord:train.grad_clip,186,192,0,96.875,256.72455466947247,7958.461194753647
1774993719.2724376,job_done,baseline:coord:train.grad_clip,187,192,0,97.39583333333333,214.6298914159683,8027.157938957214
1774993719.617994,job_done,baseline:coord:train.grad_clip,188,192,0,97.91666666666667,170.79795007502779,8027.503653526306
1774993733.765185,job_done,baseline:coord:train.grad_clip,189,192,0,98.4375,127.645249185108,8041.650698661804
1774993792.9334753,job_done,baseline:coord:train.grad_clip,190,192,0,98.95833333333333,85.27177969781977,8100.819071292877
1774993835.8041945,job_done,baseline:coord:train.grad_clip,191,192,0,99.47916666666667,42.63711922955139,8143.689772844315
1774993835.8872643,job_done,baseline:coord:train.grad_clip,192,192,0,100.0,,8143.772808790207
1774993835.9048376,group_end,baseline:coord:train.grad_clip,192,192,0,100.0,,8143.790300130844
1774993835.9052255,phase_end,,192,192,0,100.0,,8143.790814399719
1774993835.9057374,lock_released,,192,192,0,100.0,,8143.791292667389
1774993835.9103208,lock_wait,,192,192,0,100.0,,8143.7958879470825
1774993835.910781,lock_acquired,,192,192,0,100.0,,8143.796364784241
1774993835.9111454,plan_add,,192,246,0,78.04878048780488,2290.4428350180387,8143.796746730804
1774993835.9115393,phase_start,baseline:local_var_topk,192,246,0,78.04878048780488,2290.442937143147,8143.7971098423
1774993862.0504305,group_slots,baseline:local_var_topk,192,246,0,78.04878048780488,2297.794467777014,8169.935885429382
1774993862.0508108,group_start,baseline:local_var_topk,192,246,0,78.04878048780488,2297.794616036117,8169.936412572861
1774994039.7662492,job_done,baseline:local_var_topk,193,246,0,78.45528455284553,2292.3602676033356,8347.651540517807
1774994040.057039,job_done,baseline:local_var_topk,194,246,0,78.86178861788618,2237.592879624711,8347.94266629219
1774994040.1220002,job_done,baseline:local_var_topk,195,246,0,79.26829268292683,2183.325076293945,8348.00764465332
1774994040.2358174,job_done,baseline:local_var_topk,196,246,0,79.67479674796748,2129.62282561526,8348.12147641182
1774994215.0351615,job_done,baseline:local_var_topk,197,246,0,80.08130081300813,2119.9142932770824,8522.920730113983
1774994216.9688442,job_done,baseline:local_var_topk,198,246,0,80.48780487804878,2066.6313711802163,8524.854406118393
1774994217.023005,job_done,baseline:local_var_topk,199,246,0,80.89430894308943,2013.4206412042206,8524.908672332764
1774994217.0784101,job_done,baseline:local_var_topk,200,246,0,81.30081300813008,1960.7417048621178,8524.96393418312
1774994387.1101944,job_done,baseline:local_var_topk,201,246,0,81.70731707317073,1946.6408421566236,8694.99576163292
1774994392.2606676,job_done,baseline:local_var_topk,202,246,0,82.11382113821138,1895.0813595705695,8700.146241664886
1774994392.4176226,job_done,baseline:local_var_topk,203,246,0,82.52032520325203,1842.9213862254703,8700.303288459778
1774994392.4839084,job_done,baseline:local_var_topk,204,246,0,82.92682926829268,1791.2525336461908,8700.369449138641
1774994554.1625345,job_done,baseline:local_var_topk,205,246,0,83.33333333333333,1772.4096207141877,8862.048103570938
1774994563.7907171,job_done,baseline:local_var_topk,206,246,0,83.73983739837398,1722.6555985848881,8871.676332712173
1774994564.2756057,job_done,baseline:local_var_topk,207,246,0,84.14634146341463,1671.56661975211,8872.161289453506
1774994564.4400184,job_done,baseline:local_var_topk,208,246,0,84.55284552845528,1620.905645283369,8872.325637340546
1774994710.2075353,job_done,baseline:local_var_topk,209,246,0,84.95934959349593,1596.5045152965345,9018.093072891235
1774994733.8903387,job_done,baseline:local_var_topk,210,246,0,85.36585365853658,1550.0187335831777,9041.77594590187
1774994735.293962,job_done,baseline:local_var_topk,211,246,0,85.77235772357723,1500.053481784477,9043.17956161499
1774994735.3560474,job_done,baseline:local_var_topk,212,246,0,86.17886178861788,1450.331200120584,9043.241600751877
1774994857.3489828,job_done,baseline:local_var_topk,213,246,0,86.58536585365853,1419.9659164556315,9165.234551668167
1774994902.944405,job_done,baseline:local_var_topk,214,246,0,86.99186991869918,1377.3203722873582,9210.829989671707
1774994906.5986145,job_done,baseline:local_var_topk,215,246,0,87.39837398373983,1328.6000234470812,9214.484033584595
1774994906.6604435,job_done,baseline:local_var_topk,216,246,0,87.8048780487805,1279.7980540659692,9214.545989274979
1774995011.7546403,job_done,baseline:local_var_topk,217,246,0,88.21138211382114,1245.4818656038028,9319.640166759491
1774995069.690484,job_done,baseline:local_var_topk,218,246,0,88.6178861788618,1204.4593064850624,9377.576029062271
1774995075.1797292,job_done,baseline:local_var_topk,219,246,0,89.02439024390245,1156.8162633066306,9383.06524682045
1774995075.5241156,job_done,baseline:local_var_topk,220,246,0,89.4308943089431,1108.9484260970896,9383.409759283066
1774995169.4898942,job_done,baseline:local_var_topk,221,246,0,89.83739837398375,1072.1012914612284,9477.375416517258
1774995235.6619277,job_done,baseline:local_var_topk,222,246,0,90.2439024390244,1031.734858951053,9543.547445297241
1774995242.1263278,job_done,baseline:local_var_topk,223,246,0,90.65040650406505,984.9788014963603,9550.01185798645
1774995242.2536905,job_done,baseline:local_var_topk,224,246,0,91.0569105691057,937.9601037438426,9550.139238119125
1774995323.3992286,job_done,baseline:local_var_topk,225,246,0,91.46341463414635,898.9199041461944,9631.284687280655
1774995399.9029877,job_done,baseline:local_var_topk,226,246,0,91.869918699187,859.0963287480109,9707.788514852524
1774995409.7133327,job_done,baseline:local_var_topk,227,246,0,92.27642276422765,813.3673058837521,9717.598865032196
1774995409.77463,job_done,baseline:local_var_topk,228,246,0,92.6829268292683,767.1836996329458,9717.660195350647
1774995477.2462628,job_done,baseline:local_var_topk,229,246,0,93.08943089430895,726.4071684175183,9785.131856918335
1774995559.4429953,job_done,baseline:local_var_topk,230,246,0,93.4959349593496,686.4228584952976,9867.328590869904
1774995577.3464918,job_done,baseline:local_var_topk,231,246,0,93.90243902439025,641.8981871202394,9885.232081651688
1774995577.5017385,job_done,baseline:local_var_topk,232,246,0,94.3089430894309,596.5319986877771,9885.38740682602
1774995635.477732,job_done,baseline:local_var_topk,233,246,0,94.71544715447155,554.7799281971648,9943.363328456879
1774995714.8387263,job_done,baseline:local_var_topk,234,246,0,95.1219512195122,513.9858614970476,10022.724299192429
1774995744.7170346,job_done,baseline:local_var_topk,235,246,0,95.52845528455285,470.54735638537306,10052.602613687515
1774995744.7811353,job_done,baseline:local_var_topk,236,246,0,95.9349593495935,425.96045333450127,10052.66669869423
1774995795.4738383,job_done,baseline:local_var_topk,237,246,0,96.34146341463415,383.6718769284743,10103.359425783157
1774995865.1994512,job_done,baseline:local_var_topk,238,246,0,96.7479674796748,341.952433409811,10173.08489394188
1774995913.809657,job_done,baseline:local_var_topk,239,246,0,97.15447154471545,299.38019185784475,10221.695122003555
1774995914.133538,job_done,baseline:local_var_topk,240,246,0,97.5609756097561,255.55047753453255,10222.019101381302
1774995955.7134395,job_done,baseline:local_var_topk,241,246,0,97.96747967479675,212.93773726803633,10263.598936319351
1774996022.8320649,job_done,baseline:local_var_topk,242,246,0,98.3739837398374,170.75566330034871,10330.717629671097
1774996079.8809457,job_done,baseline:local_var_topk,243,246,0,98.78048780487805,128.2440301724422,10387.76644396782
1774996080.2356846,job_done,baseline:local_var_topk,244,246,0,99.1869918699187,85.1485353551927,10388.121313333511
1774996102.801516,job_done,baseline:local_var_topk,245,246,0,99.59349593495935,42.4926004487641,10410.687109947205
1774996129.8022099,job_done,baseline:local_var_topk,246,246,0,100.0,,10437.687803506851
1774996129.820207,group_end,baseline:local_var_topk,246,246,0,100.0,,10437.705688714981
1774996129.8205962,phase_end,,246,246,0,100.0,,10437.706181049347
1774996129.8215225,lock_released,,246,246,0,100.0,,10437.706618309021
1774996129.83841,method_done,,246,246,0,100.0,,10437.723999023438
1774996129.8387787,method_start,,246,246,0,100.0,,10437.72438287735
1774996129.8392735,lock_wait,,246,246,0,100.0,,10437.724867343903
1774996129.839698,lock_acquired,,246,246,0,100.0,,10437.725299358368
1774996129.8400805,lock_released,,246,246,0,100.0,,10437.725687265396
1774996129.8421936,lock_wait,,246,246,0,100.0,,10437.727772712708
1774996129.8426235,lock_acquired,,246,246,0,100.0,,10437.728216409683
1774996129.8429875,plan_add,,246,286,0,86.01398601398601,1697.1916405747577,10437.72858953476
1774996129.8433545,phase_start,cagrad:coord:train.lr,246,286,0,86.01398601398601,1697.1917007027603,10437.728959321976
1774996157.0832996,group_slots,cagrad:coord:train.lr,246,286,0,86.01398601398601,1701.6209548469483,10464.968872308731
1774996157.0835297,group_start,cagrad:coord:train.lr,246,286,0,86.01398601398601,1701.6210140445369,10464.969236373901
1774996405.7704391,job_done,cagrad:coord:train.lr,247,286,0,86.36363636363636,1691.629863023758,10713.655799150467
1774996407.1295218,job_done,cagrad:coord:train.lr,248,286,0,86.7132867132867,1641.816830569698,10715.01510477066
1774996407.5558486,job_done,cagrad:coord:train.lr,249,286,0,87.06293706293707,1592.2543494394984,10715.441432714462
1774996407.6872985,job_done,cagrad:coord:train.lr,250,286,0,87.41258741258741,1543.0424989128114,10715.572909116745
1774996644.6935673,job_done,cagrad:coord:train.lr,251,286,0,87.76223776223776,1527.252066586597,10952.579106092453
1774996652.8352406,job_done,cagrad:coord:train.lr,252,286,0,88.1118881118881,1478.827409513413,10960.720799922943
1774996653.3947287,job_done,cagrad:coord:train.lr,253,286,0,88.46153846153847,1429.7322222979174,10961.280370950699
1774996653.5100155,job_done,cagrad:coord:train.lr,254,286,0,88.81118881118881,1380.9632366510828,10961.395690917969
1774996836.2049096,job_done,cagrad:coord:train.lr,255,286,0,89.16083916083916,1354.771782955469,11144.090472698212
1774996884.9444933,job_done,cagrad:coord:train.lr,256,286,0,89.5104895104895,1311.6597700864077,11192.830038070679
1774996885.246675,job_done,cagrad:coord:train.lr,257,286,0,89.86013986013987,1263.0382729606406,11193.132281064987
1774996885.3000157,job_done,cagrad:coord:train.lr,258,286,0,90.20979020979021,1214.7643383639727,11193.185689210892
1774997056.2215438,job_done,cagrad:coord:train.lr,259,286,0,90.55944055944056,1184.675259667474,11364.107120513916
1774997129.4091814,job_done,cagrad:coord:train.lr,260,286,0,90.9090909090909,1143.7294643878938,11437.294643878937
1774997129.8787148,job_done,cagrad:coord:train.lr,261,286,0,91.25874125874125,1095.5712951462845,11437.76432132721
1774997130.4055605,job_done,cagrad:coord:train.lr,262,286,0,91.60839160839161,1047.7824049942367,11438.291254520416
1774997269.3017776,job_done,cagrad:coord:train.lr,263,286,0,91.95804195804196,1012.4536386995715,11577.18725991249
1774997366.507006,job_done,cagrad:coord:train.lr,264,286,0,92.3076923076923,972.8660493294399,11674.392591953278
1774997366.8496447,job_done,cagrad:coord:train.lr,265,286,0,92.65734265734265,925.1676983383468,11674.73524093628
1774997367.0988877,job_done,cagrad:coord:train.lr,266,286,0,93.00699300699301,877.8183673198959,11674.984285354614
1774997467.4037883,job_done,cagrad:coord:train.lr,267,286,0,93.35664335664336,837.9419405308555,11775.289374828339
1774997600.840926,job_done,cagrad:coord:train.lr,268,286,0,93.7062937062937,799.8398388499645,11908.726489543915
1774997602.3480659,job_done,cagrad:coord:train.lr,269,286,0,94.05594405594405,752.6913447335751,11910.233631372452
1774997602.4664268,job_done,cagrad:coord:train.lr,270,286,0,94.4055944055944,705.7986339710377,11910.351948261261
1774997678.2300575,job_done,cagrad:coord:train.lr,271,286,0,94.75524475524476,663.4381364632357,11986.115665435791
1774997838.5092213,job_done,cagrad:coord:train.lr,272,286,0,95.1048951048951,625.1820869726293,12146.394832611084
1774997845.649721,job_done,cagrad:coord:train.lr,273,286,0,95.45454545454545,578.7397658143725,12153.535082101822
1774997846.2665694,job_done,cagrad:coord:train.lr,274,286,0,95.8041958041958,532.2986331438497,12154.152123451233
1774997911.9847753,job_done,cagrad:coord:train.lr,275,286,0,96.15384615384616,488.7948138237,12219.870345592499
1774998055.8000085,job_done,cagrad:coord:train.lr,276,286,0,96.5034965034965,447.9596232676851,12363.68560218811
1774998075.865852,job_done,cagrad:coord:train.lr,277,286,0,96.85314685314685,402.3601556263245,12383.7514564991
1774998076.1401224,job_done,cagrad:coord:train.lr,278,286,0,97.2027972027972,356.37484127840554,12384.025734424591
1774998136.5107245,job_done,cagrad:coord:train.lr,279,286,0,97.55244755244755,312.22499668640904,12444.39629650116
1774998246.5584764,job_done,cagrad:coord:train.lr,280,286,0,97.9020979020979,269.02380108833313,12554.44405078888
1774998294.517319,job_done,cagrad:coord:train.lr,281,286,0,98.25174825174825,224.24204446667028,12602.40289902687
1774998294.9856324,job_done,cagrad:coord:train.lr,282,286,0,98.6013986013986,178.76413174892994,12602.87128829956
1774998338.1392,job_done,cagrad:coord:train.lr,283,286,0,98.95104895104895,134.05679739237675,12646.024554014206
1774998444.007761,job_done,cagrad:coord:train.lr,284,286,0,99.3006993006993,89.80206594332843,12751.893363952637
1774998496.9639213,job_done,cagrad:coord:train.lr,285,286,0,99.65034965034965,44.92929638226827,12804.849468946457
1774998497.2642872,job_done,cagrad:coord:train.lr,286,286,0,100.0,,12805.149949550629
1774998497.2815316,group_end,cagrad:coord:train.lr,286,286,0,100.0,,12805.166982412338
1774998497.281895,phase_end,,286,286,0,100.0,,12805.167494058609
1774998497.2823524,lock_released,,286,286,0,100.0,,12805.167954921722
1774998497.2856057,lock_wait,,286,286,0,100.0,,12805.171171188354
1774998497.2860427,lock_acquired,,286,286,0,100.0,,12805.171643257141
1774998497.2864163,plan_add,,286,324,0,88.27160493827161,1701.386490293316,12805.1720058918
1774998497.28679,phase_start,cagrad:coord:train.weight_decay,286,324,0,88.27160493827161,1701.3865416116648,12805.172392129898
1774998524.475135,group_slots,cagrad:coord:train.weight_decay,286,324,0,88.27160493827161,1704.9989749985143,12832.360706567764
1774998524.475542,group_start,cagrad:coord:train.weight_decay,286,324,0,88.27160493827161,1704.9990220086556,12832.361060380936
1774998772.5180185,job_done,cagrad:coord:train.weight_decay,287,324,0,88.58024691358025,1686.323787202403,13080.403430461884
1774998773.7885776,job_done,cagrad:coord:train.weight_decay,288,324,0,88.88888888888889,1635.2092611193657,13081.674088954926
1774998773.8632617,job_done,cagrad:coord:train.weight_decay,289,324,0,89.19753086419753,1584.2948408976558,13081.748829126358
1774998773.9857767,job_done,cagrad:coord:train.weight_decay,290,324,0,89.50617283950618,1533.7366375742288,13081.871320486069
1774999012.5366457,job_done,cagrad:coord:train.weight_decay,291,324,0,89.81481481481481,1510.5633304758169,13320.422096014023
1774999019.4876008,job_done,cagrad:coord:train.weight_decay,292,324,0,90.12345679012346,1460.5340354867178,13327.3730738163
1774999019.6263077,job_done,cagrad:coord:train.weight_decay,293,324,0,90.4320987654321,1410.078041968492,13327.51181602478
1774999019.6816115,job_done,cagrad:coord:train.weight_decay,294,324,0,90.74074074074075,1359.9558410595873,13327.567242383957
1774999209.3286402,job_done,cagrad:coord:train.weight_decay,295,324,0,91.04938271604938,1328.8108660609037,13517.213982343674
1774999253.3299427,job_done,cagrad:coord:train.weight_decay,296,324,0,91.35802469135803,1282.8176864353386,13561.215542316437
1774999253.7778814,job_done,cagrad:coord:train.weight_decay,297,324,0,91.66666666666667,1232.8784961050208,13561.663457155228
1774999253.887637,job_done,cagrad:coord:train.weight_decay,298,324,0,91.9753086419753,1183.2419603783012,13561.773238182068
1774999437.2304611,job_done,cagrad:coord:train.weight_decay,299,324,0,92.28395061728395,1149.2571921053539,13745.116017580032
1774999510.5903485,job_done,cagrad:coord:train.weight_decay,300,324,0,92.5925925925926,1105.478075618744,13818.475945234299
1774999510.9915833,job_done,cagrad:coord:train.weight_decay,301,324,0,92.90123456790124,1055.9274971588109,13818.877245426178
1774999513.7654014,job_done,cagrad:coord:train.weight_decay,302,324,0,93.20987654320987,1006.8752380301621,13821.65099477768
1774999677.3395834,job_done,cagrad:coord:train.weight_decay,303,324,0,93.51851851851852,969.2730263223743,13985.225094079971
1774999776.7554882,job_done,cagrad:coord:train.weight_decay,304,324,0,93.82716049382717,926.6211222818024,14084.641058683395
1774999777.898199,job_done,cagrad:coord:train.weight_decay,305,324,0,94.1358024691358,877.475055866554,14085.783791542053
1774999778.0582457,job_done,cagrad:coord:train.weight_decay,306,324,0,94.44444444444444,828.5849247119006,14085.94372010231
1774999904.0471284,job_done,cagrad:coord:train.weight_decay,307,324,0,94.75308641975309,786.979979247146,14211.932566404343
1775000027.9418259,job_done,cagrad:coord:train.weight_decay,308,324,0,95.06172839506173,744.7183060707983,14335.82739186287
1775000030.397086,job_done,cagrad:coord:train.weight_decay,309,324,0,95.37037037037037,696.0331401431446,14338.282686948776
1775000030.645127,job_done,cagrad:coord:train.weight_decay,310,324,0,95.67901234567901,647.5465519720508,14338.53079366684
1775000129.6950183,job_done,cagrad:coord:train.weight_decay,311,324,0,95.98765432098766,603.5001501607742,14437.580515384674
1775000273.836454,job_done,cagrad:coord:train.weight_decay,312,324,0,96.29629629629629,560.8354438176522,14581.721539258957
1775000287.4665277,job_done,cagrad:coord:train.weight_decay,313,324,0,96.60493827160494,512.9356920757233,14595.351965427399
1775000289.778053,job_done,cagrad:coord:train.weight_decay,314,324,0,96.91358024691358,464.8937461862139,14597.663630247116
1775000368.7453191,job_done,cagrad:coord:train.weight_decay,315,324,0,97.22222222222223,419.33231210708624,14676.630923748016
1775000483.5817983,job_done,cagrad:coord:train.weight_decay,316,324,0,97.53086419753086,374.4675098189825,14791.466637849808
1775000531.543418,job_done,cagrad:coord:train.weight_decay,317,324,0,97.8395061728395,327.68455170080864,14839.428984165192
1775000535.039247,job_done,cagrad:coord:train.weight_decay,318,324,0,98.14814814814815,280.0551798883474,14842.924534082413
1775000603.6216094,job_done,cagrad:coord:train.weight_decay,319,324,0,98.45679012345678,233.72268363599866,14911.507215976715
1775000718.7046688,job_done,cagrad:coord:train.weight_decay,320,324,0,98.76543209876543,187.8323781698942,15026.590253591537
1775000783.4457672,job_done,cagrad:coord:train.weight_decay,321,324,0,99.07407407407408,141.04047984051928,15091.331342935562
1775000786.11272,job_done,cagrad:coord:train.weight_decay,322,324,0,99.38271604938272,93.75154223057054,15093.998299121857
1775000828.8141456,job_done,cagrad:coord:train.weight_decay,323,324,0,99.69135802469135,46.862847201226295,15136.699645996094
1775000906.7343228,job_done,cagrad:coord:train.weight_decay,324,324,0,100.0,,15214.61983537674
1775000906.7508507,group_end,cagrad:coord:train.weight_decay,324,324,0,100.0,,15214.636442184448
1775000906.751153,phase_end,,324,324,0,100.0,,15214.636799573898
1775000906.7514746,lock_released,,324,324,0,100.0,,15214.637126684189
1775000906.7540379,lock_wait,,324,324,0,100.0,,15214.639625549316
1775000906.7544363,lock_acquired,,324,324,0,100.0,,15214.640046834946
1775000906.7547684,plan_add,,324,362,0,89.50276243093923,1784.4331313680718,15214.64038324356
1775000906.7550983,phase_start,cagrad:coord:train.grad_clip,324,362,0,89.50276243093923,1784.4331711030302,15214.640722036362
1775000936.330219,group_slots,cagrad:coord:train.grad_clip,324,362,0,89.50276243093923,1787.9018367896847,15244.21566104889
1775000936.3306143,group_start,cagrad:coord:train.grad_clip,324,362,0,89.50276243093923,1787.9018990905195,15244.216192245483
1775001218.685702,job_done,cagrad:coord:train.grad_clip,325,362,0,89.77900552486187,1767.6404031034617,15526.571108341217
1775001222.22322,job_done,cagrad:coord:train.grad_clip,326,362,0,90.05524861878453,1714.9813365526727,15530.108769893646
1775001223.0581834,job_done,cagrad:coord:train.grad_clip,327,362,0,90.33149171270718,1662.333432487027,15530.943783521652
1775001223.2862055,job_done,cagrad:coord:train.grad_clip,328,362,0,90.60773480662984,1609.9385314845456,15531.17171549797
1775001466.9247932,job_done,cagrad:coord:train.grad_clip,329,362,0,90.88397790055248,1582.275800610748,15774.810254573822
1775001489.8309562,job_done,cagrad:coord:train.grad_clip,330,362,0,91.16022099447514,1531.8997848510742,15797.716531276703
1775001491.6411214,job_done,cagrad:coord:train.grad_clip,331,362,0,91.43646408839778,1479.7139717689813,15799.526601791382
1775001491.7343504,job_done,cagrad:coord:train.grad_clip,332,362,0,91.71270718232044,1427.6764992705312,15799.619925260544
1775001677.2599194,job_done,cagrad:coord:train.grad_clip,333,362,0,91.98895027624309,1392.099756135597,15985.145475625992
1775001738.7420413,job_done,cagrad:coord:train.grad_clip,334,362,0,92.26519337016575,1345.2262552912364,16046.627473831177
1775001743.0680735,job_done,cagrad:coord:train.grad_clip,335,362,0,92.54143646408839,1293.657854863067,16050.940051078796
1775001745.1738617,job_done,cagrad:coord:train.grad_clip,336,362,0,92.81767955801105,1242.201029563234,16053.059458971024
1775001920.8169308,job_done,cagrad:coord:train.grad_clip,337,362,0,93.0939226519337,1203.9096796901713,16228.70248222351
1775001973.8977256,job_done,cagrad:coord:train.grad_clip,338,362,0,93.37016574585635,1156.1029576465223,16281.783320188522
1775001998.129052,job_done,cagrad:coord:train.grad_clip,339,362,0,93.646408839779,1106.3077734930325,16306.01457452774
1775001999.452301,job_done,cagrad:coord:train.grad_clip,340,362,0,93.92265193370166,1055.1806872255663,16307.337893486023
1775002164.3184857,job_done,cagrad:coord:train.grad_clip,341,362,0,94.1988950276243,1014.4172579361198,16472.204045534134
1775002188.6263487,job_done,cagrad:coord:train.grad_clip,342,362,0,94.47513812154696,964.7082989118252,16496.511911392212
1775002252.090004,job_done,cagrad:coord:train.grad_clip,343,362,0,94.7513812154696,917.3164282950298,16559.975521326065
1775002259.4361334,job_done,cagrad:coord:train.grad_clip,344,362,0,95.02762430939227,866.8947368153306,16567.321636915207
1775002395.8234968,job_done,cagrad:coord:train.grad_clip,345,362,0,95.30386740331491,823.081296119828,16703.708656549454
1775002431.7676923,job_done,cagrad:coord:train.grad_clip,346,362,0,95.58011049723757,774.0880123976339,16739.65326809883
1775002501.404731,job_done,cagrad:coord:train.grad_clip,347,362,0,95.85635359116021,726.6263828188268,16809.29032254219
1775002508.460428,job_done,cagrad:coord:train.grad_clip,348,362,0,96.13259668508287,676.5196657920706,16816.34597826004
1775002612.778242,job_done,cagrad:coord:train.grad_clip,349,362,0,96.40883977900552,630.2826065122227,16920.66382098198
1775002675.742693,job_done,cagrad:coord:train.grad_clip,350,362,0,96.68508287292818,582.2958113724844,16983.627831697464
1775002735.0139694,job_done,cagrad:coord:train.grad_clip,351,362,0,96.96132596685082,534.107959562557,17042.899436950684
1775002755.0602827,job_done,cagrad:coord:train.grad_clip,352,362,0,97.23756906077348,484.74278039552945,17062.945869922638
1775002850.51261,job_done,cagrad:coord:train.grad_clip,353,362,0,97.51381215469613,437.4662421729004,17158.398165225983
1775002917.1543624,job_done,cagrad:coord:train.grad_clip,354,362,0,97.79005524861878,389.2664388128593,17225.039917469025
1775002951.4776866,job_done,cagrad:coord:train.grad_clip,355,362,0,98.06629834254143,340.3254696631096,17259.363104343414
1775002991.455329,job_done,cagrad:coord:train.grad_clip,356,362,0,98.34254143646409,291.56169557437465,17299.32727074623
1775003085.492974,job_done,cagrad:coord:train.grad_clip,357,362,0,98.61878453038673,243.6047410163559,17393.37850856781
1775003158.2668488,job_done,cagrad:coord:train.grad_clip,358,362,0,98.89502762430939,195.1525397460554,17466.152307271957
1775003175.1522377,job_done,cagrad:coord:train.grad_clip,359,362,0,99.17127071823204,146.0978068342448,17483.037551164627
1775003230.1872518,job_done,cagrad:coord:train.grad_clip,360,362,0,99.4475138121547,97.43373737865025,17538.072728157043
1775003303.9467437,job_done,cagrad:coord:train.grad_clip,361,362,0,99.72375690607734,48.786238856592995,17611.832227230072
1775003354.0318394,job_done,cagrad:coord:train.grad_clip,362,362,0,100.0,,17661.91740989685
1775003354.0492759,group_end,cagrad:coord:train.grad_clip,362,362,0,100.0,,17661.934746026993
1775003354.0496602,phase_end,,362,362,0,100.0,,17661.935252666473
1775003354.050568,lock_released,,362,362,0,100.0,,17661.935680627823
1775003354.0536604,lock_wait,,362,362,0,100.0,,17661.939239025116
1775003354.0540938,lock_acquired,,362,362,0,100.0,,17661.939690589905
1775003354.054469,plan_add,,362,400,0,90.5,1854.015807292738,17661.94005894661
1775003354.0548315,phase_start,cagrad:coord:method.baseline_cagrad.c,362,400,0,90.5,1854.015847086248,17661.94043803215
1775003382.9120796,group_slots,cagrad:coord:method.baseline_cagrad.c,362,400,0,90.5,1857.0450546899554,17690.797626256943
1775003382.912339,group_start,cagrad:coord:method.baseline_cagrad.c,362,400,0,90.5,1857.0450960351618,17690.798020124435
1775003653.0593362,job_done,cagrad:coord:method.baseline_cagrad.c,363,400,0,90.75,1830.7298700284039,17960.944400548935
1775003654.3283167,job_done,cagrad:coord:method.baseline_cagrad.c,364,400,0,91.0,1776.482691340394,17962.21387910843
1775003655.3858314,job_done,cagrad:coord:method.baseline_cagrad.c,365,400,0,91.25,1722.505472869089,17963.2713599205
1775003655.661529,job_done,cagrad:coord:method.baseline_cagrad.c,366,400,0,91.5,1668.744818178031,17963.54716038704
1775003932.3288906,job_done,cagrad:coord:method.baseline_cagrad.c,367,400,0,91.75,1640.128274463503,18240.21444630623
1775003935.3870084,job_done,cagrad:coord:method.baseline_cagrad.c,368,400,0,92.0,1586.3715260132499,18243.272549152374
1775003938.39701,job_done,cagrad:coord:method.baseline_cagrad.c,369,400,0,92.25,1532.8855232649703,18246.282518863678
1775003938.4529889,job_done,cagrad:coord:method.baseline_cagrad.c,370,400,0,92.5,1479.4328606515317,18246.338614702225
1775004169.460262,job_done,cagrad:coord:method.baseline_cagrad.c,371,400,0,92.75,1444.3208219439514,18477.345687627792
1775004197.9464474,job_done,cagrad:coord:method.baseline_cagrad.c,372,400,0,93.0,1392.912087117472,18505.8320145607
1775004201.2478278,job_done,cagrad:coord:method.baseline_cagrad.c,373,400,0,93.25,1339.8032095381147,18509.133228063583
1775004201.5217097,job_done,cagrad:coord:method.baseline_cagrad.c,374,400,0,93.5,1286.7502405707212,18509.407306671143
1775004384.789928,job_done,cagrad:coord:method.baseline_cagrad.c,375,400,0,93.75,1246.1783675988515,18692.675513982773
1775004432.006577,job_done,cagrad:coord:method.baseline_cagrad.c,376,400,0,94.0,1196.1633150374635,18739.89193558693
1775004447.554159,job_done,cagrad:coord:method.baseline_cagrad.c,377,400,0,94.25,1144.2310705621298,18755.43972182274
1775004448.0018508,job_done,cagrad:coord:method.baseline_cagrad.c,378,400,0,94.5,1091.6124976160665,18755.887459039688
1775004621.1842258,job_done,cagrad:coord:method.baseline_cagrad.c,379,400,0,94.75,1048.840258409606,18929.069425582886
1775004636.6151388,job_done,cagrad:coord:method.baseline_cagrad.c,380,400,0,95.0,997.0785117400321,18944.491723060608
1775004692.4930646,job_done,cagrad:coord:method.baseline_cagrad.c,381,400,0,95.25,947.5254304202523,19000.37836790085
1775004693.9445062,job_done,cagrad:coord:method.baseline_cagrad.c,382,400,0,95.5,895.3741867479854,19001.829963207245
1775004874.2954583,job_done,cagrad:coord:method.baseline_cagrad.c,383,400,0,95.75,851.4284003453217,19182.1810195446
1775004878.9115973,job_done,cagrad:coord:method.baseline_cagrad.c,384,400,0,96.0,799.4498826762041,19186.797184228897
1775004955.22536,job_done,cagrad:coord:method.baseline_cagrad.c,385,400,0,96.25,750.5108158898045,19263.110941171646
1775004956.3139384,job_done,cagrad:coord:method.baseline_cagrad.c,386,400,0,96.5,698.7015380019351,19264.19954776764
1775005129.4001503,job_done,cagrad:coord:method.baseline_cagrad.c,387,400,0,96.75,652.9320781249409,19437.285710334778
1775005135.2409272,job_done,cagrad:coord:method.baseline_cagrad.c,388,400,0,97.0,601.3338090095323,19443.126491308212
1775005223.8472967,job_done,cagrad:coord:method.baseline_cagrad.c,389,400,0,97.25,552.3112101211647,19531.73279428482
1775005225.0595534,job_done,cagrad:coord:method.baseline_cagrad.c,390,400,0,97.5,500.8447473905025,19532.9451482296
1775005379.2224464,job_done,cagrad:coord:method.baseline_cagrad.c,391,400,0,97.75,453.15593799971555,19687.107973098755
1775005392.4690866,job_done,cagrad:coord:method.baseline_cagrad.c,392,400,0,98.0,402.04805439345694,19700.35466527939
1775005486.098188,job_done,cagrad:coord:method.baseline_cagrad.c,393,400,0,98.25,352.5645964825123,19793.983773946762
1775005486.3623474,job_done,cagrad:coord:method.baseline_cagrad.c,394,400,0,98.5,301.43524169316754,19794.247537851334
1775005597.184867,job_done,cagrad:coord:method.baseline_cagrad.c,395,400,0,98.75,251.9629134377347,19905.07016158104
1775005621.2557585,job_done,cagrad:coord:method.baseline_cagrad.c,396,400,0,99.0,201.30445810520288,19929.141352415085
1775005729.0801895,job_done,cagrad:coord:method.baseline_cagrad.c,397,400,0,99.25,151.4128393286121,20036.96573781967
1775005730.1138234,job_done,cagrad:coord:method.baseline_cagrad.c,398,400,0,99.5,100.69346439059656,20037.999413728714
1775005798.8583202,job_done,cagrad:coord:method.baseline_cagrad.c,399,400,0,99.75,50.39284166058801,20106.743822574615
1775005815.6943848,job_done,cagrad:coord:method.baseline_cagrad.c,400,400,0,100.0,,20123.57997250557
1775005815.7127612,group_end,cagrad:coord:method.baseline_cagrad.c,400,400,0,100.0,,20123.59822368622
1775005815.7131064,phase_end,,400,400,0,100.0,,20123.59872150421
1775005815.7140284,lock_released,,400,400,0,100.0,,20123.59912109375
1775005815.7172167,lock_wait,,400,400,0,100.0,,20123.602795362473
1775005815.7176654,lock_acquired,,400,400,0,100.0,,20123.60326075554
1775005815.7180283,plan_add,,400,438,0,91.32420091324201,1911.7423447430133,20123.603628873825
1775005815.718396,phase_start,cagrad:coord:method.baseline_cagrad.inner_lr,400,438,0,91.32420091324201,1911.7423795104028,20123.603994846344
1775005846.182302,group_slots,cagrad:coord:method.baseline_cagrad.inner_lr,400,438,0,91.32420091324201,1914.6364477992056,20154.067871570587
1775005846.1825502,group_start,cagrad:coord:method.baseline_cagrad.inner_lr,400,438,0,91.32420091324201,1914.636483427286,20154.068246603012
1775006118.1166494,job_done,cagrad:coord:method.baseline_cagrad.inner_lr,401,438,0,91.55251141552512,1884.693433935208,20426.001811027527
1775006119.0379283,job_done,cagrad:coord:method.baseline_cagrad.inner_lr,402,438,0,91.78082191780823,1829.2767179190223,20426.92335009575
1775006119.1738873,job_done,cagrad:coord:method.baseline_cagrad.inner_lr,403,438,0,92.00913242009132,1774.0622346898167,20427.059445142746
1775006119.582867,job_done,cagrad:coord:method.baseline_cagrad.inner_lr,404,438,0,92.23744292237443,1719.1433785528238,20427.468380451202
1775006384.4329069,job_done,cagrad:coord:method.baseline_cagrad.inner_lr,405,438,0,92.46575342465754,1686.0407519252212,20692.31831908226
1775006389.8509827,job_done,cagrad:coord:method.baseline_cagrad.inner_lr,406,438,0,92.69406392694064,1631.3486925698264,20697.736536979675
1775006390.2289524,job_done,cagrad:coord:method.baseline_cagrad.inner_lr,407,438,0,92.92237442922375,1576.5148660914024,20698.114532232285
1775006390.4975502,job_done,cagrad:coord:method.baseline_cagrad.inner_lr,408,438,0,93.15068493150685,1521.939926620792,20698.38300204277
1775006606.1285138,job_done,cagrad:coord:method.baseline_cagrad.inner_lr,409,438,0,93.37899543378995,1482.9007533517618,20914.01407313347
1775006646.3490913,job_done,cagrad:coord:method.baseline_cagrad.inner_lr,410,438,0,93.60730593607306,1431.020902024246,20954.2346367836
1775006647.2015839,job_done,cagrad:coord:method.baseline_cagrad.inner_lr,411,438,0,93.83561643835617,1376.6115661241713,20955.087173223495
1775006647.4455652,job_done,cagrad:coord:method.baseline_cagrad.inner_lr,412,438,0,94.06392694063926,1322.4238072807348,20955.33109998703
1775006830.5678308,job_done,cagrad:coord:method.baseline_cagrad.inner_lr,413,438,0,94.29223744292237,1279.56738881857,21138.453263282776
1775006897.431775,job_done,cagrad:coord:method.baseline_cagrad.inner_lr,414,438,0,94.52054794520548,1229.293753983318,21205.317256212234
1775006904.0980036,job_done,cagrad:coord:method.baseline_cagrad.inner_lr,415,438,0,94.74885844748859,1175.6039105277462,21211.98360300064
1775006904.8390927,job_done,cagrad:coord:method.baseline_cagrad.inner_lr,416,438,0,94.9771689497717,1121.8267556222586,21212.724106311798
1775007081.3313012,job_done,cagrad:coord:method.baseline_cagrad.inner_lr,417,438,0,95.20547945205479,1077.1548049775818,21389.216841697693
1775007138.1257846,job_done,cagrad:coord:method.baseline_cagrad.inner_lr,418,438,0,95.4337899543379,1026.1249467858856,21446.011387825012
1775007161.4477952,job_done,cagrad:coord:method.baseline_cagrad.inner_lr,419,438,0,95.662100456621,973.5497246368973,21469.333401203156
1775007161.9678,job_done,cagrad:coord:method.baseline_cagrad.inner_lr,420,438,0,95.89041095890411,920.1365741014481,21469.853395700455
1775007314.7707567,job_done,cagrad:coord:method.baseline_cagrad.inner_lr,421,438,0,96.11872146118722,873.1238866373366,21622.65625143051
1775007350.9200993,job_done,cagrad:coord:method.baseline_cagrad.inner_lr,422,438,0,96.34703196347031,821.1869402428938,21658.805548906326
1775007414.5133076,job_done,cagrad:coord:method.baseline_cagrad.inner_lr,423,438,0,96.57534246575342,770.2978308150109,21722.398828983307
1775007414.9918687,job_done,cagrad:coord:method.baseline_cagrad.inner_lr,424,438,0,96.80365296803653,717.2648206038295,21722.877424001694
1775007535.793691,job_done,cagrad:coord:method.baseline_cagrad.inner_lr,425,438,0,97.03196347031964,668.159595600016,21843.6790869236
1775007592.981717,job_done,cagrad:coord:method.baseline_cagrad.inner_lr,426,438,0,97.26027397260275,616.9258381077941,21900.86725282669
1775007666.3848062,job_done,cagrad:coord:method.baseline_cagrad.inner_lr,427,438,0,97.48858447488584,566.0819028574075,21974.27022910118
1775007672.299777,job_done,cagrad:coord:method.baseline_cagrad.inner_lr,428,438,0,97.71689497716895,513.5557239523558,21980.184985160828
1775007773.115048,job_done,cagrad:coord:method.baseline_cagrad.inner_lr,429,438,0,97.94520547945206,463.237773871922,22081.000554561615
1775007853.887554,job_done,cagrad:coord:method.baseline_cagrad.inner_lr,430,438,0,98.17351598173516,412.31205632852954,22161.773027658463
1775007908.5460875,job_done,cagrad:coord:method.baseline_cagrad.inner_lr,431,438,0,98.40182648401826,360.82371511370843,22216.43160200119
1775007927.2185447,job_done,cagrad:coord:method.baseline_cagrad.inner_lr,432,438,0,98.63013698630137,308.82089001602594,22235.10408115387
1775008012.9323237,job_done,cagrad:coord:method.baseline_cagrad.inner_lr,433,438,0,98.85844748858447,257.7461640085965,22320.817803144455
1775008095.9618416,job_done,cagrad:coord:method.baseline_cagrad.inner_lr,434,438,0,99.08675799086758,206.48707150753742,22403.84725856781
1775008118.1465397,job_done,cagrad:coord:method.baseline_cagrad.inner_lr,435,438,0,99.31506849315069,154.6622904333575,22426.032112836838
1775008159.8103223,job_done,cagrad:coord:method.baseline_cagrad.inner_lr,436,438,0,99.54337899543378,103.06282462330039,22467.695767879486
1775008229.6295698,job_done,cagrad:coord:method.baseline_cagrad.inner_lr,437,438,0,99.77168949771689,51.57326086325831,22537.51499724388
1775008285.1752815,job_done,cagrad:coord:method.baseline_cagrad.inner_lr,438,438,0,100.0,,22593.06080698967
1775008285.1934302,group_end,cagrad:coord:method.baseline_cagrad.inner_lr,438,438,0,100.0,,22593.079072475433
1775008285.1936638,phase_end,,438,438,0,100.0,,22593.0793466568
1775008285.1939044,lock_released,,438,438,0,100.0,,22593.079615831375
1775008285.1962097,lock_wait,,438,438,0,100.0,,22593.081906318665
1775008285.1964498,lock_acquired,,438,438,0,100.0,,22593.08215522766
1775008285.1966367,plan_add,,438,492,0,89.02439024390245,2785.448508935432,22593.08235025406
1775008285.1968272,phase_start,cagrad:local_var_topk,438,492,0,89.02439024390245,2785.4485325094774,22593.08254146576
1775008314.561004,group_slots,cagrad:local_var_topk,438,492,0,89.02439024390245,2789.0687396754956,22622.446444034576
1775008314.5613818,group_start,cagrad:local_var_topk,438,492,0,89.02439024390245,2789.0688054594275,22622.446977615356
1775008591.0825768,job_done,cagrad:local_var_topk,439,492,0,89.22764227642277,2764.56785740722,22898.96772456169
1775008591.3818245,job_done,cagrad:local_var_topk,440,492,0,89.4308943089431,2706.277002267404,22899.26694226265
1775008591.572672,job_done,cagrad:local_var_topk,441,492,0,89.63414634146342,2648.2365330206294,22899.45707964897
1775008592.1337254,job_done,cagrad:local_var_topk,442,492,0,89.83739837398375,2590.4999074623056,22900.01918196678
1775008865.1645553,job_done,cagrad:local_var_topk,443,492,0,90.04065040650407,2563.1590348517116,23173.0500497818
1775008868.9755669,job_done,cagrad:local_var_topk,444,492,0,90.2439024390244,2505.6065790331045,23176.860856056213
1775008869.6727018,job_done,cagrad:local_var_topk,445,492,0,90.44715447154472,2447.9668254171866,23177.558240652084
1775008869.8373578,job_done,cagrad:local_var_topk,446,492,0,90.65040650406505,2390.5274762690337,23177.722922086716
1775009107.1627865,job_done,cagrad:local_var_topk,447,492,0,90.85365853658537,2357.219628839685,23415.04831314087
1775009135.040117,job_done,cagrad:local_var_topk,448,492,0,91.0569105691057,2302.4301479501382,23442.925142765045
1775009136.6497,job_done,cagrad:local_var_topk,449,492,0,91.26016260162602,2245.245016744779,23444.53517484665
1775009137.3409576,job_done,cagrad:local_var_topk,450,492,0,91.46341463414635,2188.221140158971,23445.226501703262
1775009327.9189537,job_done,cagrad:local_var_topk,451,492,0,91.66666666666667,2148.7094985571775,23635.804484128952
1775009389.73586,job_done,cagrad:local_var_topk,452,492,0,91.869918699187,2097.13464015353,23697.621433734894
1775009395.0788252,job_done,cagrad:local_var_topk,453,492,0,92.07317073170732,2040.6525638940318,23702.96439599991
1775009396.6289778,job_done,cagrad:local_var_topk,454,492,0,92.27642276422765,1984.0783003321828,23704.5144302845
1775009572.8110597,job_done,cagrad:local_var_topk,455,492,0,92.47967479674797,1941.9467507414768,23880.696529388428
1775009625.7193527,job_done,cagrad:local_var_topk,456,492,0,92.6829268292683,1889.4951255196017,23933.60492324829
1775009650.8250937,job_done,cagrad:local_var_topk,457,492,0,92.88617886178862,1834.9121897434509,23958.71059179306
1775009651.3389606,job_done,cagrad:local_var_topk,458,492,0,93.08943089430895,1778.6323909540884,23959.22456049919
1775009803.6218467,job_done,cagrad:local_var_topk,459,492,0,93.29268292682927,1733.5070670508092,24111.507387161255
1775009831.2231464,job_done,cagrad:local_var_topk,460,492,0,93.4959349593496,1679.2423453123674,24139.10871386528
1775009897.1000845,job_done,cagrad:local_var_topk,461,492,0,93.69918699186992,1627.6671378307385,24204.985501289368
1775009898.7771256,job_done,cagrad:local_var_topk,462,492,0,93.90243902439025,1571.8612168051982,24206.66273880005
1775010033.195816,job_done,cagrad:local_var_topk,463,492,0,94.10569105691057,1524.6033662158522,24341.08132958412
1775010074.8626049,job_done,cagrad:local_var_topk,464,492,0,94.3089430894309,1471.372726232841,24382.748034715652
1775010149.5517354,job_done,cagrad:local_var_topk,465,492,0,94.51219512195122,1420.1092589516793,24457.437237501144
1775010150.0298924,job_done,cagrad:local_var_topk,466,492,0,94.71544715447155,1364.6047274769633,24457.915500164032
1775010254.1213546,job_done,cagrad:local_var_topk,467,492,0,94.91869918699187,1314.8825759167844,24562.006518125534
1775010314.1111202,job_done,cagrad:local_var_topk,468,492,0,95.1219512195122,1262.6664906403958,24621.996567487717
1775010409.836978,job_done,cagrad:local_var_topk,469,492,0,95.32520325203252,1212.1697636514837,24717.722571849823
1775010413.3635705,job_done,cagrad:local_var_topk,470,492,0,95.52845528455285,1157.1648521352322,24721.24911379814
1775010500.778223,job_done,cagrad:local_var_topk,471,492,0,95.73170731707317,1106.118761891772,24808.6636595726
1775010553.194806,job_done,cagrad:local_var_topk,472,492,0,95.9349593495935,1053.435610350916,24861.080404281616
1775010662.0675616,job_done,cagrad:local_var_topk,473,492,0,96.13821138211382,1003.0213725123295,24969.953115701675
1775010664.8296578,job_done,cagrad:local_var_topk,474,492,0,96.34146341463415,948.3309587074232,24972.715245962143
1775010738.737846,job_done,cagrad:local_var_topk,475,492,0,96.54471544715447,896.4054704083894,25046.62343788147
1775010769.3874755,job_done,cagrad:local_var_topk,476,492,0,96.7479674796748,842.9334846304245,25077.271167755127
1775010926.1636882,job_done,cagrad:local_var_topk,477,492,0,96.95121951219512,793.5235615496365,25234.049257278442
1775010930.2942908,job_done,cagrad:local_var_topk,478,492,0,97.15447154471545,739.1935483940475,25238.179723739624
1775011005.8471673,job_done,cagrad:local_var_topk,479,492,0,97.35772357723577,687.0115357196903,25313.73273921013
1775011014.6243124,job_done,cagrad:local_var_topk,480,492,0,97.5609756097561,633.062744820118,25322.509792804718
1775011174.6214168,job_done,cagrad:local_var_topk,481,492,0,97.76422764227642,582.7600342082383,25482.506950378418
1775011184.277988,job_done,cagrad:local_var_topk,482,492,0,97.96747967479675,528.8830578722894,25492.16338944435
1775011261.0013013,job_done,cagrad:local_var_topk,483,492,0,98.17073170731707,476.43888500166236,25568.886828422546
1775011267.5524554,job_done,cagrad:local_var_topk,484,492,0,98.3739837398374,422.7345124985561,25575.438006162643
1775011423.1359503,job_done,cagrad:local_var_topk,485,492,0,98.57723577235772,371.3755682974746,25731.0215177536
1775011439.9626236,job_done,cagrad:local_var_topk,486,492,0,98.78048780487805,317.8746694193946,25747.848222970963
1775011520.5344758,job_done,cagrad:local_var_topk,487,492,0,98.98373983739837,265.1788498807003,25828.419978380203
1775011523.0460203,job_done,cagrad:local_var_topk,488,492,0,99.1869918699187,211.72894755738682,25830.93160200119
1775011642.1027043,job_done,cagrad:local_var_topk,489,492,0,99.39024390243902,159.20238203797604,25949.988272190094
1775011678.001147,job_done,cagrad:local_var_topk,490,492,0,99.59349593495935,106.06484388623917,25985.8867521286
1775011750.4061043,job_done,cagrad:local_var_topk,491,492,0,99.79674796747967,53.071877213456716,26058.29171180725
1775011752.550942,job_done,cagrad:local_var_topk,492,492,0,100.0,,26060.435475587845
1775011752.5807502,group_end,cagrad:local_var_topk,492,492,0,100.0,,26060.465522527695
1775011752.581491,phase_end,,492,492,0,100.0,,26060.46688437462
1775011752.5823493,lock_released,,492,492,0,100.0,,26060.46779036522
1775011752.5940676,method_done,,492,492,0,100.0,,26060.479759693146
1775011752.5942595,method_start,,492,492,0,100.0,,26060.47997355461
1775011752.5945451,lock_wait,,492,492,0,100.0,,26060.480249404907
1775011752.59478,lock_acquired,,492,492,0,100.0,,26060.480490207672
1775011752.5949867,lock_released,,492,492,0,100.0,,26060.480700969696
1775011752.596265,lock_wait,,492,492,0,100.0,,26060.481964349747
1775011752.5965972,lock_acquired,,492,492,0,100.0,,26060.482186079025
1775011752.5967934,plan_add,,492,540,0,91.11111111111111,2542.486097847543,26060.482502937317
1775011752.5969942,phase_start,ours:coord:train.lr,492,540,0,91.11111111111111,2542.486117549059,26060.482704877853
1775011781.9922066,group_slots,ours:coord:train.lr,492,540,0,91.11111111111111,2545.3538417118352,26089.87687754631
1775011781.992952,group_start,ours:coord:train.lr,492,540,0,91.11111111111111,2545.3539882055143,26089.87837910652
1775012007.7431684,job_done,ours:coord:train.lr,493,540,0,91.29629629629629,2508.792186848774,26315.62868332863
1775012009.8800426,job_done,ours:coord:train.lr,494,540,0,91.48148148148148,2450.6421183091907,26317.765357494354
1775012010.7676916,job_done,ours:coord:train.lr,495,540,0,91.66666666666667,2392.604841449044,26318.653255939484
1775012011.0239828,job_done,ours:coord:train.lr,496,540,0,91.85185185185185,2334.741974746027,26318.90953350067
1775012229.670582,job_done,ours:coord:train.lr,497,540,0,92.03703703703704,2296.005849125879,26537.555977106094
1775012236.9930077,job_done,ours:coord:train.lr,498,540,0,92.22222222222223,2238.7247001894984,26544.878587961197
1775012237.8310332,job_done,ours:coord:train.lr,499,540,0,92.4074074074074,2181.1109824562836,26545.716591358185
1775012238.1524704,job_done,ours:coord:train.lr,500,540,0,92.5925925925926,2123.683045501709,26546.038068771362
1775012448.5990107,job_done,ours:coord:train.lr,501,540,0,92.77777777777777,2082.840120257018,26756.48462176323
1775012462.7468245,job_done,ours:coord:train.lr,502,540,0,92.96296296296296,2026.4622040735296,26770.632274866104
1775012464.9547017,job_done,ours:coord:train.lr,503,540,0,93.14814814814815,1969.3739385220924,26772.840299367905
1775012465.2099123,job_done,ours:coord:train.lr,504,540,0,93.33333333333333,1912.3639498267853,26773.095297574997
1775012649.7109132,job_done,ours:coord:train.lr,505,540,0,93.51851851851852,1868.3482644723194,26957.596387386322
1775012679.343174,job_done,ours:coord:train.lr,506,540,0,93.70370370370371,1813.3710948893206,26987.228647470474
1775012679.6599095,job_done,ours:coord:train.lr,507,540,0,93.88888888888889,1756.585803081298,26987.545520067215
1775012683.2421095,job_done,ours:coord:train.lr,508,540,0,94.07407407407408,1700.2285173220898,26991.127712488174
1775012848.5487986,job_done,ours:coord:train.lr,509,540,0,94.25925925925925,1653.9282233218548,27156.434376478195
1775012898.3080506,job_done,ours:coord:train.lr,510,540,0,94.44444444444444,1600.3642741932588,27206.1926612854
1775012899.12993,job_done,ours:coord:train.lr,511,540,0,94.62962962962963,1544.0380642456084,27207.01554584503
1775012901.4208558,job_done,ours:coord:train.lr,512,540,0,94.81481481481481,1488.0089454352856,27209.30643081665
1775013049.6295114,job_done,ours:coord:train.lr,513,540,0,95.0,1439.8692119121554,27357.515026330948
1775013118.6140695,job_done,ours:coord:train.lr,514,540,0,95.18518518518519,1387.3326577379546,27426.49946451187
1775013120.6672287,job_done,ours:coord:train.lr,515,540,0,95.37037037037037,1331.4831469359908,27428.55282688141
1775013120.7741735,job_done,ours:coord:train.lr,516,540,0,95.55555555555556,1275.7516122640563,27428.659663677216
1775013260.68526,job_done,ours:coord:train.lr,517,540,0,95.74074074074075,1226.454794842224,27568.570823192596
1775013346.238783,job_done,ours:coord:train.lr,518,540,0,95.92592592592592,1174.4994845463962,27654.124227046967
1775013347.624204,job_done,ours:coord:train.lr,519,540,0,96.11111111111111,1119.0090605964551,27655.509640455246
1775013348.3571734,job_done,ours:coord:train.lr,520,540,0,96.29629629629629,1063.7016417613397,27656.24268579483
1775013464.38679,job_done,ours:coord:train.lr,521,540,0,96.48148148148148,1012.8083952177967,27772.272310972214
1775013567.737128,job_done,ours:coord:train.lr,522,540,0,96.66666666666667,961.2283691866645,27875.62270641327
1775013571.5685456,job_done,ours:coord:train.lr,523,540,0,96.85185185185185,906.2155259175237,27879.454120874405
1775013571.679818,job_done,ours:coord:train.lr,524,540,0,97.03703703703704,851.2844423628945,27879.565487384796
1775013664.693722,job_done,ours:coord:train.lr,525,540,0,97.22222222222223,799.2165471758161,27972.579151153564
1775013779.9522762,job_done,ours:coord:train.lr,526,540,0,97.4074074074074,747.5850385205374,28087.837875843048
1775013792.013971,job_done,ours:coord:train.lr,527,540,0,97.5925925925926,693.1664023607461,28099.89954185486
1775013792.4110312,job_done,ours:coord:train.lr,528,540,0,97.77777777777777,638.6431046886878,28100.29660630226
1775013872.013285,job_done,ours:coord:train.lr,529,540,0,97.96296296296296,585.9714312512843,28179.8988301754
1775013994.4105954,job_done,ours:coord:train.lr,530,540,0,98.14814814814815,534.0055873304043,28302.29612851143
1775014015.6568308,job_done,ours:coord:train.lr,531,540,0,98.33333333333333,480.06003919698423,28323.54231262207
1775014016.3591857,job_done,ours:coord:train.lr,532,540,0,98.51851851851852,425.9284808115852,28324.243973970413
1775014087.063571,job_done,ours:coord:train.lr,533,540,0,98.70370370370371,372.9167802476972,28394.94912457466
1775014193.9061728,job_done,ours:coord:train.lr,534,540,0,98.88888888888889,320.2448497461469,28501.791627407074
1775014232.02471,job_done,ours:coord:train.lr,535,540,0,99.07407407407408,266.72813233705324,28539.910160064697
1775014232.413308,job_done,ours:coord:train.lr,536,540,0,99.25925925925925,212.98730504156936,28540.298875570297
1775014295.3232684,job_done,ours:coord:train.lr,537,540,0,99.44444444444444,159.79446283399062,28603.208847284317
1775014374.9131072,job_done,ours:coord:train.lr,538,540,0,99.62962962962963,106.62750423707926,28682.798639774323
1775014409.8685193,job_done,ours:coord:train.lr,539,540,0,99.81481481481481,53.279667018738216,28717.7405230999
1775014409.9090426,job_done,ours:coord:train.lr,540,540,0,100.0,,28717.79473757744
1775014409.923358,group_end,ours:coord:train.lr,540,540,0,100.0,,28717.808950424194
1775014409.9235885,phase_end,,540,540,0,100.0,,28717.809293985367
1775014409.9238567,lock_released,,540,540,0,100.0,,28717.80955862999
1775014409.9258611,lock_wait,,540,540,0,100.0,,28717.811557531357
1775014409.9261007,lock_acquired,,540,540,0,100.0,,28717.811808109283
1775014409.9262998,plan_add,,540,588,0,91.83673469387755,2552.694400384691,28717.812004327774
1775014409.9265084,phase_start,ours:coord:train.weight_decay,540,588,0,91.83673469387755,2552.6944189495507,28717.81221318245
1775014438.3891554,group_slots,ours:coord:train.weight_decay,540,588,0,91.83673469387755,2555.224417834812,28746.274700641632
1775014438.3894274,group_start,ours:coord:train.weight_decay,540,588,0,91.83673469387755,2555.224452972412,28746.275095939636
1775014660.9640179,job_done,ours:coord:train.weight_decay,541,588,0,92.00680272108843,2516.7022608375373,28968.84942793846
1775014663.7277896,job_done,ours:coord:train.weight_decay,542,588,0,92.17687074829932,2458.845412935278,28971.613343715668
1775014664.4464948,job_done,ours:coord:train.weight_decay,543,588,0,92.34693877551021,2401.021989583969,28972.33200764656
1775014664.6186833,job_done,ours:coord:train.weight_decay,544,588,0,92.51700680272108,2343.3642710692743,28972.5037150383
1775014887.6851327,job_done,ours:coord:train.weight_decay,545,588,0,92.68707482993197,2303.5037304117045,29195.570536613464
1775014893.0648425,job_done,ours:coord:train.weight_decay,546,588,0,92.85714285714286,2246.2269021547754,29200.949728012085
1775014894.5312605,job_done,ours:coord:train.weight_decay,547,588,0,93.02721088435374,2188.8465862195712,29202.416650295258
1775014894.5937016,job_done,ours:coord:train.weight_decay,548,588,0,93.19727891156462,2131.5678233821895,29202.479180336
1775015104.6244156,job_done,ours:coord:train.weight_decay,549,588,0,93.36734693877551,2089.4132735729218,29412.509927988052
1775015114.6499126,job_done,ours:coord:train.weight_decay,550,588,0,93.5374149659864,2032.8297216528113,29422.5354449749
1775015116.3260775,job_done,ours:coord:train.weight_decay,551,588,0,93.70748299319727,1975.8545013330809,29424.211627960205
1775015117.285444,job_done,ours:coord:train.weight_decay,552,588,0,93.87755102040816,1919.0328911802044,29425.170998096466
1775015313.9154234,job_done,ours:coord:train.weight_decay,553,588,0,94.04761904761905,1874.797531819042,29621.80100274086
1775015336.3602011,job_done,ours:coord:train.weight_decay,554,588,0,94.21768707482993,1819.3219437323753,29644.245789051056
1775015338.0499268,job_done,ours:coord:train.weight_decay,555,588,0,94.38775510204081,1762.7312931614954,29645.935384988785
1775015338.4426963,job_done,ours:coord:train.weight_decay,556,588,0,94.5578231292517,1706.2634979632262,29646.328277111053
1775015513.1906404,job_done,ours:coord:train.weight_decay,557,588,0,94.72789115646259,1659.7008295508647,29821.07619547844
1775015561.8123248,job_done,ours:coord:train.weight_decay,558,588,0,94.89795918367346,1605.8977348701928,29869.697868585587
1775015568.3321345,job_done,ours:coord:train.weight_decay,559,588,0,95.06802721088435,1549.9290030881202,29876.217680215836
1775015721.3947153,job_done,ours:coord:train.weight_decay,560,588,0,95.23809523809524,1501.464015519619,30029.28031039238
1775015773.4197874,job_done,ours:coord:train.weight_decay,561,588,0,95.40816326530613,1447.7633605972333,30081.305381298065
1775015785.640132,job_done,ours:coord:train.weight_decay,562,588,0,95.578231292517,1392.2271140470198,30093.524542093277
1775015786.6172955,job_done,ours:coord:train.weight_decay,563,588,0,95.74829931972789,1336.3455969423426,30094.502843141556
1775015931.8332152,job_done,ours:coord:train.weight_decay,564,588,0,95.91836734693878,1286.7965397327505,30239.718683719635
1775015976.8631444,job_done,ours:coord:train.weight_decay,565,588,0,96.08843537414965,1232.8304802523248,30284.748754024506
1775016002.3130705,job_done,ours:coord:train.weight_decay,566,588,0,96.25850340136054,1178.134930271142,30310.198660612106
1775016003.1090047,job_done,ours:coord:train.weight_decay,567,588,0,96.42857142857143,1122.6294274771653,30310.99454188347
1775016140.0841367,job_done,ours:coord:train.weight_decay,568,588,0,96.59863945578232,1072.1116087470257,30447.969688415527
1775016176.8143334,job_done,ours:coord:train.weight_decay,569,588,0,96.7687074829932,1017.9420794497893,30484.68648457527
1775016220.1620746,job_done,ours:coord:train.weight_decay,570,588,0,96.93877551020408,964.0436085349635,30528.047603607178
1775016220.224,job_done,ours:coord:train.weight_decay,571,588,0,97.10884353741497,908.8929325995637,30528.10967731476
1775016377.4775934,job_done,ours:coord:train.weight_decay,572,588,0,97.27891156462584,858.3318326189801,30685.36301612854
1775016425.887601,job_done,ours:coord:train.weight_decay,573,588,0,97.44897959183673,804.5490361820341,30733.7731821537
1775016430.0364866,job_done,ours:coord:train.weight_decay,574,588,0,97.61904761904762,749.7054132950016,30737.921945095062
1775016563.348447,job_done,ours:coord:train.weight_decay,575,588,0,97.78911564625851,697.9583337775521,30871.23399400711
1775016604.6070695,job_done,ours:coord:train.weight_decay,576,588,0,97.95918367346938,644.0102625489235,30912.492602348328
1775016643.1566036,job_done,ours:coord:train.weight_decay,577,588,0,98.12925170068027,590.0545302957968,30951.04218006134
1775016646.513081,job_done,ours:coord:train.weight_decay,578,588,0,98.29931972789116,535.54322792997,30954.398574352264
1775016775.175654,job_done,ours:coord:train.weight_decay,579,588,0,98.46938775510205,483.15639114874017,31083.061163902283
1775016805.8610003,job_done,ours:coord:train.weight_decay,580,588,0,98.63945578231292,429.15512105020986,31113.746276140213
1775016860.3832345,job_done,ours:coord:train.weight_decay,581,588,0,98.80952380952381,375.5213081693075,31168.26857805252
1775016863.1330123,job_done,ours:coord:train.weight_decay,582,588,0,98.9795918367347,321.3507064568627,31171.01852631569
1775016981.7954586,job_done,ours:coord:train.weight_decay,583,588,0,99.14965986394557,268.35060913198805,31289.68102478981
1775017010.1816857,job_done,ours:coord:train.weight_decay,584,588,0,99.31972789115646,214.50731000181747,31318.06726026535
1775017080.4015846,job_done,ours:coord:train.weight_decay,585,588,0,99.48979591836735,160.96557519130218,31388.287162303925
1775017081.4300225,job_done,ours:coord:train.weight_decay,586,588,0,99.65986394557824,107.13077008276669,31389.31563425064
1775017148.3209476,job_done,ours:coord:train.weight_decay,587,588,0,99.82993197278911,53.58808610873896,31456.206545829773
1775017166.0259418,job_done,ours:coord:train.weight_decay,588,588,0,100.0,,31473.911487340927
1775017166.0444145,group_end,ours:coord:train.weight_decay,588,588,0,100.0,,31473.929861307144
1775017166.0447855,phase_end,,588,588,0,100.0,,31473.930386781693
1775017166.0457187,lock_released,,588,588,0,100.0,,31473.93080997467
1775017166.0495052,lock_wait,,588,588,0,100.0,,31473.93506669998
1775017166.0499465,lock_acquired,,588,588,0,100.0,,31473.935547828674
1775017166.0503154,plan_add,,588,636,0,92.45283018867924,2569.300891136637,31473.935916423798
1775017166.0507102,phase_start,ours:coord:train.grad_clip,588,636,0,92.45283018867924,2569.3009232696218,31473.93631005287
1775017194.255014,group_slots,ours:coord:train.grad_clip,588,636,0,92.45283018867924,2571.603311149441,31502.140561580658
1775017194.2552805,group_start,ours:coord:train.grad_clip,588,636,0,92.45283018867924,2571.603343340815,31502.140955924988
1775017416.6604059,job_done,ours:coord:train.grad_clip,589,636,0,92.61006289308176,2531.5002590618233,31724.54579973221
1775017419.7108312,job_done,ours:coord:train.grad_clip,590,636,0,92.76729559748428,2473.6769899117744,31727.596174955368
1775017419.9978065,job_done,ours:coord:train.grad_clip,591,636,0,92.9245283018868,2415.8286893609816,31727.88345360756
1775017420.3050742,job_done,ours:coord:train.grad_clip,592,636,0,93.08176100628931,2358.1763377995103,31728.19072675705
1775017635.9243183,job_done,ours:coord:train.grad_clip,593,636,0,93.23899371069183,2316.3302308451666,31943.80992770195
1775017638.6247444,job_done,ours:coord:train.grad_clip,594,636,0,93.39622641509433,2258.8441605640182,31946.51027083397
1775017643.86054,job_done,ours:coord:train.grad_clip,595,636,0,93.55345911949685,2201.7169546648233,31951.746049404144
1775017643.9806585,job_done,ours:coord:train.grad_clip,596,636,0,93.71069182389937,2144.4205421889387,31951.86607861519
1775017846.6889153,job_done,ours:coord:train.grad_clip,597,636,0,93.86792452830188,2100.550093951537,32154.574515104294
1775017853.824457,job_done,ours:coord:train.grad_clip,598,636,0,94.0251572327044,2043.7207032525816,32161.71001434326
1775017861.2623196,job_done,ours:coord:train.grad_clip,599,636,0,94.18238993710692,1987.075913931571,32169.14790391922
1775017861.524919,job_done,ours:coord:train.grad_clip,600,636,0,94.33962264150944,1930.1646209621429,32169.41034936905
1775018060.423612,job_done,ours:coord:train.grad_clip,601,636,0,94.49685534591195,1885.009680665075,32368.309087991714
1775018074.7097917,job_done,ours:coord:train.grad_clip,602,636,0,94.65408805031447,1828.91734543116,32382.595351457596
1775018083.9895,job_done,ours:coord:train.grad_clip,603,636,0,94.81132075471699,1772.6896805834415,32391.875072479248
1775018084.5428834,job_done,ours:coord:train.grad_clip,604,636,0,94.96855345911949,1716.1551503566716,32392.428462982178
1775018264.5486233,job_done,ours:coord:train.grad_clip,605,636,0,95.12578616352201,1669.000753236014,32572.43405508995
1775018288.2979481,job_done,ours:coord:train.grad_clip,606,636,0,95.28301886792453,1613.672451087744,32596.183511972427
1775018299.8242931,job_done,ours:coord:train.grad_clip,607,636,0,95.44025157232704,1557.8642282780547,32607.709881544113
1775018301.2940378,job_done,ours:coord:train.grad_clip,608,636,0,95.59748427672956,1501.738529357471,32609.17949461937
1775018471.0654821,job_done,ours:coord:train.grad_clip,609,636,0,95.75471698113208,1453.2539864150174,32778.951026916504
1775018496.8794904,job_done,ours:coord:train.grad_clip,610,636,0,95.9119496855346,1398.2358877604124,32804.76505899429
1775018515.7265882,job_done,ours:coord:train.grad_clip,611,636,0,96.06918238993711,1343.0283160822287,32823.61204504967
1775018517.7540371,job_done,ours:coord:train.grad_clip,612,636,0,96.22641509433963,1287.279983660754,32825.63958334923
1775018679.7985249,job_done,ours:coord:train.grad_clip,613,636,0,96.38364779874213,1237.710823047803,32987.684109926224
1775018700.8487496,job_done,ours:coord:train.grad_clip,614,636,0,96.54088050314465,1182.7233760900529,33008.7342236042
1775018727.0732093,job_done,ours:coord:train.grad_clip,615,636,0,96.69811320754717,1128.0229793385763,33034.95868062973
1775018734.3965902,job_done,ours:coord:train.grad_clip,616,636,0,96.85534591194968,1072.801365279532,33042.28205060959
1775018898.412979,job_done,ours:coord:train.grad_clip,617,636,0,97.0125786163522,1022.5602463083869,33206.29852485657
1775018915.3454742,job_done,ours:coord:train.grad_clip,618,636,0,97.16981132075472,967.6668794201415,33223.229526758194
1775018937.0366096,job_done,ours:coord:train.grad_clip,619,636,0,97.32704402515724,913.0269423952395,33244.92219662666
1775018943.5575595,job_done,ours:coord:train.grad_clip,620,636,0,97.48427672955975,858.1017576771397,33251.443109989166
1775019103.5406115,job_done,ours:coord:train.grad_clip,621,636,0,97.64150943396227,807.0392763211531,33411.42603969574
1775019118.6238415,job_done,ours:coord:train.grad_clip,622,636,0,97.79874213836477,752.3651634757542,33426.509405851364
1775019148.3792775,job_done,ours:coord:train.grad_clip,623,636,0,97.95597484276729,698.1242932714582,33456.2642083168
1775019154.7580347,job_done,ours:coord:train.grad_clip,624,636,0,98.11320754716981,643.5123689174652,33462.64318370819
1775019312.5613246,job_done,ours:coord:train.grad_clip,625,636,0,98.27044025157232,591.7198638267516,33620.446808338165
1775019324.2961955,job_done,ours:coord:train.grad_clip,626,636,0,98.42767295597484,537.2552982191689,33632.181668519974
1775019353.1994007,job_done,ours:coord:train.grad_clip,627,636,0,98.58490566037736,483.1734665284317,33661.08483481407
1775019364.8768864,job_done,ours:coord:train.grad_clip,628,636,0,98.74213836477988,428.95238707779316,33672.762385606766
1775019523.8036084,job_done,ours:coord:train.grad_clip,629,636,0,98.8993710691824,376.5052838101864,33831.68907380104
1775019531.622063,job_done,ours:coord:train.grad_clip,630,636,0,99.05660377358491,322.28102539380393,33839.50766634941
1775019558.0053315,job_done,ours:coord:train.grad_clip,631,636,0,99.21383647798743,268.35095696517294,33865.89076900482
1775019572.1565795,job_done,ours:coord:train.grad_clip,632,636,0,99.37106918238993,214.43064583555054,33880.04204201698
1775019742.3366144,job_done,ours:coord:train.grad_clip,633,636,0,99.52830188679245,161.37546063034455,34050.2221930027
1775019750.091279,job_done,ours:coord:train.grad_clip,634,636,0,99.68553459119497,107.43841196460303,34057.97659277916
1775019764.9812064,job_done,ours:coord:train.grad_clip,635,636,0,99.84276729559748,53.6580579183233,34072.8667781353
1775019773.903995,job_done,ours:coord:train.grad_clip,636,636,0,100.0,,34081.78960561752
1775019773.92224,group_end,ours:coord:train.grad_clip,636,636,0,100.0,,34081.807700634
1775019773.922639,phase_end,,636,636,0,100.0,,34081.808228969574
1775019773.923069,lock_released,,636,636,0,100.0,,34081.808658361435
1775019773.9267461,lock_wait,,636,636,0,100.0,,34081.812326192856
1775019773.927172,lock_acquired,,636,636,0,100.0,,34081.8127784729
1775019773.9275622,plan_add,,636,684,0,92.98245614035088,2572.2123119606163,34081.813133478165
1775019773.9279187,phase_start,ours:coord:method.ours.lambda_align,636,684,0,92.98245614035088,2572.2123418124215,34081.81352901459
1775019803.2562099,group_slots,ours:coord:method.ours.lambda_align,636,684,0,92.98245614035088,2574.425785460562,34111.14165735245
1775019803.2566383,group_start,ours:coord:method.ours.lambda_align,636,684,0,92.98245614035088,2574.425825658834,34111.14218997955
1775020032.0870554,job_done,ours:coord:method.ours.lambda_align,637,684,0,93.12865497076024,2533.718537080606,34339.97251319885
1775020032.2389383,job_done,ours:coord:method.ours.lambda_align,638,684,0,93.27485380116958,2475.9337322540046,34340.124373435974
1775020032.2967846,job_done,ours:coord:method.ours.lambda_align,639,684,0,93.42105263157895,2418.322699573678,34340.18233394623
1775020032.3528883,job_done,ours:coord:method.ours.lambda_align,640,684,0,93.5672514619883,2360.891393309832,34340.238448143005
1775020256.917647,job_done,ours:coord:method.ours.lambda_align,641,684,0,93.71345029239767,2318.6997424879237,34564.803138017654
1775020259.2667818,job_done,ours:coord:method.ours.lambda_align,642,684,0,93.85964912280701,2261.402487875145,34567.15231466293
1775020259.974637,job_done,ours:coord:method.ours.lambda_align,643,684,0,94.00584795321637,2204.1714861993655,34567.8601372242
1775020260.3782628,job_done,ours:coord:method.ours.lambda_align,644,684,0,94.15204678362574,2147.097132368858,34568.26383113861
1775020484.11413,job_done,ours:coord:method.ours.lambda_align,645,684,0,94.29824561403508,2103.7023079073706,34791.99970769882
1775020489.8620594,job_done,ours:coord:method.ours.lambda_align,646,684,0,94.44444444444444,2046.9263328524196,34797.747658491135
1775020490.4432573,job_done,ours:coord:method.ours.lambda_align,647,684,0,94.5906432748538,1990.0126242674482,34798.32886219025
1775020490.733239,job_done,ours:coord:method.ours.lambda_align,648,684,0,94.73684210526316,1933.256602936321,34798.618852853775
1775020697.6900558,job_done,ours:coord:method.ours.lambda_align,649,684,0,94.88304093567251,1887.8199318946786,35005.575308561325
1775020706.0945938,job_done,ours:coord:method.ours.lambda_align,650,684,0,95.02923976608187,1831.500501325314,35013.980172395706
1775020710.810912,job_done,ours:coord:method.ours.lambda_align,651,684,0,95.17543859649123,1775.1412975524427,35018.696506261826
1775020710.896157,job_done,ours:coord:method.ours.lambda_align,652,684,0,95.32163742690058,1718.7132134232784,35018.7817234993
1775020906.6035295,job_done,ours:coord:method.ours.lambda_align,653,684,0,95.46783625730994,1671.7445038482203,35214.48906493187
1775020922.5805092,job_done,ours:coord:method.ours.lambda_align,654,684,0,95.6140350877193,1616.0764239468708,35230.46604204178
1775020926.4137912,job_done,ours:coord:method.ours.lambda_align,655,684,0,95.76023391812865,1559.9918606819997,35234.29892230034
1775020928.5117657,job_done,ours:coord:method.ours.lambda_align,656,684,0,95.90643274853801,1503.9925647930402,35236.39723229408
1775021110.7647192,job_done,ours:coord:method.ours.lambda_align,657,684,0,96.05263157894737,1455.5609702835343,35418.65027689934
1775021132.2337766,job_done,ours:coord:method.ours.lambda_align,658,684,0,96.19883040935673,1400.3694546766194,35440.11927604675
1775021140.9261384,job_done,ours:coord:method.ours.lambda_align,659,684,0,96.34502923976608,1344.7955848233653,35448.81161594391
1775021143.2179525,job_done,ours:coord:method.ours.lambda_align,660,684,0,96.49122807017544,1289.1310335159303,35451.10342168808
1775021317.5572429,job_done,ours:coord:method.ours.lambda_align,661,684,0,96.6374269005848,1239.6145009038669,35625.44283032417
1775021350.6047676,job_done,ours:coord:method.ours.lambda_align,662,684,0,96.78362573099415,1185.0253573522828,35658.4902985096
1775021360.2363942,job_done,ours:coord:method.ours.lambda_align,663,684,0,96.9298245614035,1129.7595164872941,35668.12187767029
1775021364.381704,job_done,ours:coord:method.ours.lambda_align,664,684,0,97.07602339181287,1074.4654658831746,35672.253467321396
1775021522.642242,job_done,ours:coord:method.ours.lambda_align,665,684,0,97.22222222222223,1023.7293647084917,35830.52776479721
1775021561.369452,job_done,ours:coord:method.ours.lambda_align,666,684,0,97.36842105263158,969.4393216661505,35869.25490164757
1775021575.690146,job_done,ours:coord:method.ours.lambda_align,667,684,0,97.51461988304094,914.5738884823612,35883.57550692558
1775021578.1607432,job_done,ours:coord:method.ours.lambda_align,668,684,0,97.6608187134503,859.5460172242033,35886.04621911049
1775021732.254263,job_done,ours:coord:method.ours.lambda_align,669,684,0,97.80701754385964,808.0748841313502,36040.139832258224
1775021766.6403277,job_done,ours:coord:method.ours.lambda_align,670,684,0,97.953216374269,753.7960614425034,36074.525797605515
1775021793.116033,job_done,ours:coord:method.ours.lambda_align,671,684,0,98.09941520467837,699.42327982587,36101.00159716606
1775021795.7083635,job_done,ours:coord:method.ours.lambda_align,672,684,0,98.24561403508773,644.7070346389498,36103.59393978119
1775021940.321539,job_done,ours:coord:method.ours.lambda_align,673,684,0,98.39181286549707,592.466980125362,36248.20705676079
1775021971.0953531,job_done,ours:coord:method.ours.lambda_align,674,684,0,98.53801169590643,538.2638101726328,36278.98080563545
1775022017.6099494,job_done,ours:coord:method.ours.lambda_align,675,684,0,98.6842105263158,484.33994070370994,36325.495552778244
1775022020.192736,job_done,ours:coord:method.ours.lambda_align,676,684,0,98.83040935672514,429.91808139360865,36328.07787775993
1775022149.7500484,job_done,ours:coord:method.ours.lambda_align,677,684,0,98.9766081871345,376.9622585727686,36457.63557910919
1775022175.650511,job_done,ours:coord:method.ours.lambda_align,678,684,0,99.12280701754386,322.86315099327965,36483.5360622406
1775022232.5664446,job_done,ours:coord:method.ours.lambda_align,679,684,0,99.26900584795321,269.0754935018093,36540.4520175457
1775022235.1188939,job_done,ours:coord:method.ours.lambda_align,680,684,0,99.41520467836257,214.95884978911457,36543.004464149475
1775022354.7196374,job_done,ours:coord:method.ours.lambda_align,681,684,0,99.56140350877193,161.50927307007072,36662.60498690605
1775022380.0201383,job_done,ours:coord:method.ours.lambda_align,682,684,0,99.70760233918129,107.58916171904534,36687.90414619446
1775022417.6954072,job_done,ours:coord:method.ours.lambda_align,683,684,0,99.85380116959064,53.77098028202531,36725.57953262329
1775022419.9973865,job_done,ours:coord:method.ours.lambda_align,684,684,0,100.0,,36727.88284993172
1775022420.0200865,group_end,ours:coord:method.ours.lambda_align,684,684,0,100.0,,36727.90554046631
1775022420.0204496,phase_end,,684,684,0,100.0,,36727.90604925156
1775022420.0213523,lock_released,,684,684,0,100.0,,36727.906469106674
1775022420.0256615,lock_wait,,684,684,0,100.0,,36727.911237478256
1775022420.0260959,lock_acquired,,684,684,0,100.0,,36727.91169190407
1775022420.0264943,plan_add,,684,738,0,92.6829268292683,2899.57200558562,36727.91207075119
1775022420.026854,phase_start,ours:local_var_topk,684,738,0,92.6829268292683,2899.5720364169074,36727.91246128082
1775022449.6358342,group_slots,ours:local_var_topk,684,738,0,92.6829268292683,2901.9095826274474,36757.52137994766
1775022449.6361008,group_start,ours:local_var_topk,684,738,0,92.6829268292683,2901.9096137034267,36757.52177357674
1775022666.8409348,job_done,ours:local_var_topk,685,738,0,92.81842818428184,2860.8182250659834,36974.72611641884
1775022675.0849147,job_done,ours:local_var_topk,686,738,0,92.95392953929539,2803.373839521547,36982.970267534256
1775022675.6274898,job_done,ours:local_var_topk,687,738,0,93.08943089430895,2745.500971137176,36983.51308178902
1775022675.7297702,job_done,ours:local_var_topk,688,738,0,93.22493224932249,2687.762741779172,36983.61532688141
1775022884.0583167,job_done,ours:local_var_topk,689,738,0,93.36043360433604,2645.000362872039,37191.94387793541
1775022898.7166255,job_done,ours:local_var_topk,690,738,0,93.4959349593496,2588.285366406648,37206.602142095566
1775022900.266508,job_done,ours:local_var_topk,691,738,0,93.63143631436314,2530.800491841933,37208.15191197395
1775022902.1352415,job_done,ours:local_var_topk,692,738,0,93.76693766937669,2473.4984830156227,37210.02065753937
1775023087.199188,job_done,ours:local_var_topk,693,738,0,93.90243902439025,2428.2522549876917,37395.084726810455
1775023120.2138069,job_done,ours:local_var_topk,694,738,0,94.03794037940379,2372.9630614605007,37428.09919667244
1775023121.0860069,job_done,ours:local_var_topk,695,738,0,94.17344173441734,2315.749318374318,37428.971541166306
1775023122.6410675,job_done,ours:local_var_topk,696,738,0,94.3089430894309,2258.738670764298,37430.526544094086
1775023289.8785908,job_done,ours:local_var_topk,697,738,0,94.44444444444444,2211.6331803798676,37597.76406645775
1775023338.3623543,job_done,ours:local_var_topk,698,738,0,94.57994579945799,2157.3781039585015,37646.24791407585
1775023342.7946022,job_done,ours:local_var_topk,699,738,0,94.71544715447155,2100.6809608639564,37650.66645240784
1775023344.1122084,job_done,ours:local_var_topk,700,738,0,94.8509485094851,2043.9655765492575,37651.99746274948
1775023496.7118556,job_done,ours:local_var_topk,701,738,0,94.98644986449864,1995.392447584196,37804.59745287895
1775023555.540149,job_done,ours:local_var_topk,702,738,0,95.1219512195122,1941.7141324067727,37863.42558193207
1775023565.5750966,job_done,ours:local_var_topk,703,738,0,95.25745257452574,1885.5919214146234,37873.46059298515
1775023566.2816834,job_done,ours:local_var_topk,704,738,0,95.39295392953929,1829.150124696168,37874.16728782654
1775023709.0139344,job_done,ours:local_var_topk,705,738,0,95.52845528455285,1779.5144400109634,38016.89940023422
1775023767.2377923,job_done,ours:local_var_topk,706,738,0,95.6639566395664,1725.7846234891638,38075.123255729675
1775023782.6086414,job_done,ours:local_var_topk,707,738,0,95.79945799457994,1670.1631132453638,38090.4942278862
1775023782.790763,job_done,ours:local_var_topk,708,738,0,95.9349593495935,1614.0117058612532,38090.67625832558
1775023915.6090732,job_done,ours:local_var_topk,709,738,0,96.07046070460704,1563.4433590639462,38223.4945371151
1775023972.810335,job_done,ours:local_var_topk,710,738,0,96.2059620596206,1509.6612473796793,38280.695915699005
1775023997.9606915,job_done,ours:local_var_topk,711,738,0,96.34146341463415,1454.652388210538,38305.8462228775
1775023998.672207,job_done,ours:local_var_topk,712,738,0,96.4769647696477,1398.8349716308412,38306.55768465996
1775024122.1209233,job_done,ours:local_var_topk,713,738,0,96.61246612466125,1347.4756800359296,38430.00639462471
1775024174.3278918,job_done,ours:local_var_topk,714,738,0,96.7479674796748,1293.5197799105604,38482.21345233917
1775024211.2192252,job_done,ours:local_var_topk,715,738,0,96.88346883468834,1239.0760983383739,38519.10479617119
1775024212.881917,job_done,ours:local_var_topk,716,738,0,97.0189701897019,1183.5989981563396,38520.767394542694
1775024326.5056896,job_done,ours:local_var_topk,717,738,0,97.15447154471545,1131.5512014173564,38634.39101982117
1775024379.1832256,job_done,ours:local_var_topk,718,738,0,97.289972899729,1077.6341981940946,38687.067715168
1775024417.5877054,job_done,ours:local_var_topk,719,738,0,97.42547425474255,1023.3435182654312,38725.473138570786
1775024423.622268,job_done,ours:local_var_topk,720,738,0,97.5609756097561,968.2876948177815,38731.50779271126
1775024538.5576003,job_done,ours:local_var_topk,721,738,0,97.69647696476964,915.935544151539,38846.44278430939
1775024589.4442873,job_done,ours:local_var_topk,722,738,0,97.8319783197832,861.990689201038,38897.32985019684
1775024636.1858368,job_done,ours:local_var_topk,723,738,0,97.96747967479675,807.9682818042787,38944.07118296623
1775024643.507759,job_done,ours:local_var_topk,724,738,0,98.1029810298103,753.2037387915079,38951.393348932266
1775024744.9806435,job_done,ours:local_var_topk,725,738,0,98.23848238482385,700.2582912645669,39052.866243600845
1775024797.7813103,job_done,ours:local_var_topk,726,738,0,98.3739837398374,646.3746520822698,39105.666450977325
1775024849.5127382,job_done,ours:local_var_topk,727,738,0,98.50948509485094,592.4778288292918,39157.39832353592
1775024859.6776023,job_done,ours:local_var_topk,728,738,0,98.6449864498645,538.0159773472901,39167.56315088272
1775024952.7385852,job_done,ours:local_var_topk,729,738,0,98.78048780487805,484.6990631804054,39260.62411761284
1775025012.2086072,job_done,ours:local_var_topk,730,738,0,98.9159891598916,430.9051403437575,39320.094056367874
1775025053.6970818,job_done,ours:local_var_topk,731,738,0,99.05149051490515,376.9234999240505,39361.58263492584
1775025072.5686636,job_done,ours:local_var_topk,732,738,0,99.1869918699187,322.7906074914776,39380.454113960266
1775025163.0914168,job_done,ours:local_var_topk,733,738,0,99.32249322493224,269.24268079161806,39470.97700405121
1775025231.8577495,job_done,ours:local_var_topk,734,738,0,99.4579945799458,215.47543975507855,39539.743195056915
1775025265.6093185,job_done,ours:local_var_topk,735,738,0,99.59349593495935,161.52446891823595,39573.494884967804
1775025287.7856867,job_done,ours:local_var_topk,736,738,0,99.7289972899729,107.59693256409273,39595.67118358612
1775025340.585191,job_done,ours:local_var_topk,737,738,0,99.86449864498645,53.79711080212121,39648.47066116333
1775025367.6750762,job_done,ours:local_var_topk,738,738,0,100.0,,39675.56060409546
1775025367.6940315,group_end,ours:local_var_topk,738,738,0,100.0,,39675.57948303223
1775025367.6944084,phase_end,,738,738,0,100.0,,39675.58000087738
1775025367.6948416,lock_released,,738,738,0,100.0,,39675.58043670654
1775025367.712325,method_done,,738,738,0,100.0,,39675.597918748856
1775025368.1855557,method_start,,738,738,0,100.0,,39676.07123875618
1775025368.1861398,lock_wait,,738,738,0,100.0,,39676.07155561447
1775025368.1863604,lock_acquired,,738,738,0,100.0,,39676.072075128555
1775025368.1866097,plan_add,,738,743,0,99.32705248990578,268.80807771430756,39676.07227063179
1775025368.186803,phase_start,final:baseline,738,743,0,99.32705248990578,268.8080793829145,39676.07251691818
1775025396.3375509,group_slots,final:baseline,738,743,0,99.32705248990578,268.99880066958224,39704.22297883034
1775025396.33795,group_start,final:baseline,738,743,0,99.32705248990578,268.99880443969715,39704.2235352993
1775026544.6845822,job_done,final:baseline,739,743,0,99.46164199192464,221.12351672413868,40852.56971478462
1775026551.3525267,job_done,final:baseline,740,743,0,99.59623149394348,165.64555886275062,40859.23785281181
1775026551.58615,job_done,final:baseline,741,743,0,99.73082099596232,110.28197479119345,40859.47166013718
1775026551.8211844,job_done,final:baseline,742,743,0,99.86541049798116,55.06699039062079,40859.70686984062
1775026996.300389,job_done,final:baseline,743,743,0,100.0,,41304.18588447571
1775026996.3184133,group_end,final:baseline,743,743,0,100.0,,41304.20396709442
1775026996.3187566,phase_end,,743,743,0,100.0,,41304.20436549187
1775026996.3197348,lock_released,,743,743,0,100.0,,41304.20477080345
1775026996.320118,method_done,,743,743,0,100.0,,41304.20572710037
1775026996.3204608,method_start,,743,743,0,100.0,,41304.20606136322
1775026996.321062,lock_wait,,743,743,0,100.0,,41304.20664811134
1775026996.321514,lock_acquired,,743,743,0,100.0,,41304.2071082592
1775026996.3218758,plan_add,,743,748,0,99.33155080213903,277.95563575878117,41304.20747375488
1775026996.3222363,phase_start,final:cagrad,743,748,0,99.33155080213903,277.9556382263974,41304.20784044266
1775027026.0925405,group_slots,final:cagrad,743,748,0,99.33155080213903,278.155976564374,41333.97811746597
1775027026.0927532,group_start,final:cagrad,743,748,0,99.33155080213903,278.155978849085,41333.97845697403
1775028642.9906802,job_done,final:cagrad,744,748,0,99.46524064171123,230.9186880691077,42950.875980854034
1775028646.2848,job_done,final:cagrad,745,748,0,99.59893048128342,172.96981328381787,42954.17029881477
1775028652.7411978,job_done,final:cagrad,746,748,0,99.73262032085562,115.17594287031139,42960.626690626144
1775028699.4798396,job_done,final:cagrad,747,748,0,99.8663101604278,57.57344760250056,43007.36535906792
1775029704.5520065,job_done,final:cagrad,748,748,0,100.0,,44012.437509298325
1775029704.5685048,group_end,final:cagrad,748,748,0,100.0,,44012.45405673981
1775029704.5688446,phase_end,,748,748,0,100.0,,44012.45445895195
1775029704.569818,lock_released,,748,748,0,100.0,,44012.45485329628
1775029704.5701802,method_done,,748,748,0,100.0,,44012.455796957016
1775029704.570513,method_start,,748,748,0,100.0,,44012.45612239838
1775029704.571088,lock_wait,,748,748,0,100.0,,44012.456699848175
1775029704.571508,lock_acquired,,748,748,0,100.0,,44012.457111120224
1775029704.5718596,plan_add,,748,753,0,99.33598937583001,294.2009189262747,44012.4574713707
1775029704.5722122,phase_start,final:ours,748,753,0,99.33598937583001,294.20092130886684,44012.45782780647
1775029733.223686,group_slots,final:ours,748,753,0,99.33598937583001,294.3924414505933,44041.10924100876
1775029733.2239468,group_start,final:ours,748,753,0,99.33598937583001,294.39244397343157,44041.10961842537
1775031072.1885731,job_done,final:ours,749,753,0,99.46879150066401,242.35019480752374,45380.07397770882
1775031171.3091395,job_done,final:ours,750,753,0,99.60159362549801,181.91677843379972,45479.194608449936
1775031180.425714,job_done,final:ours,751,753,0,99.734395750332,121.14064233439582,45488.31119656563
1775031180.7122939,job_done,final:ours,752,753,0,99.867197875166,60.49015687152426,45488.597967386246
1775031711.304251,job_done,final:ours,753,753,0,100.0,,46019.18983888626
1775031711.3204303,group_end,final:ours,753,753,0,100.0,,46019.20590853691
1775031711.320801,phase_end,,753,753,0,100.0,,46019.20640516281
1775031711.321724,lock_released,,753,753,0,100.0,,46019.20681285858
1775031711.3221035,method_done,,753,753,0,100.0,,46019.20771288872
1775031715.507562,pipeline_done,,753,753,0,100.0,,46023.39304924011
1775031715.508246,lock_released,,753,753,0,100.0,,46023.39386320114
