step,train_step_loss,train_acc,train_loss,val_acc,val_loss,avg_intra_expert_coherence,expert_diversity_e0,expert_diversity_e1,expert_diversity_e2,expert_diversity_e3,expert_diversity_mean,expert_purity_e0,expert_purity_e1,expert_purity_e2,expert_purity_e3,expert_purity_mean,inter_expert_similarity,inter_expert_similarity_e0_e0,inter_expert_similarity_e0_e1,inter_expert_similarity_e0_e2,inter_expert_similarity_e0_e3,inter_expert_similarity_e1_e0,inter_expert_similarity_e1_e1,inter_expert_similarity_e1_e2,inter_expert_similarity_e1_e3,inter_expert_similarity_e2_e0,inter_expert_similarity_e2_e1,inter_expert_similarity_e2_e2,inter_expert_similarity_e2_e3,inter_expert_similarity_e3_e0,inter_expert_similarity_e3_e1,inter_expert_similarity_e3_e2,inter_expert_similarity_e3_e3,intra_expert_coherence_e0,intra_expert_coherence_e1,intra_expert_coherence_e2,intra_expert_coherence_e3,load_cv,load_max_min_ratio,overall_task_conflict_cos,router_entropy,router_load_e0,router_load_e1,router_load_e2,router_load_e3,task_acc__glue_mrpc,task_conflict_t0_t0,task_grad_norm_cv,task_loss__glue_mrpc,utilization_ratio
50.0,0.5782415568828583,0.6744820065430752,0.6340739491193191,0.6838235294117647,0.6301644100592687,1.0,0.0,0.0,0.0,0.0,0.0,1.0,1.0,1.0,1.0,1.0,-0.00030958324289147337,1.0,0.0,0.0,0.0,0.0,1.0,0.0,0.0,0.0,0.0,1.0,-0.0018574994573488403,0.0,0.0,-0.0018574994573488403,1.0,1.0,1.0,1.0,1.0,1.2193091438553676,746656179428.1006,1.0,0.5659787654876709,0.0,0.0,0.2533436119556427,0.7466561794281006,0.6838235294117647,1.0,0.0,0.6301644100592687,0.5
100.0,0.6722093224525452,0.6744820065430752,0.6578250794307046,0.6838235294117647,0.6554402846556443,1.0,0.0,0.0,0.0,0.0,0.0,1.0,1.0,1.0,1.0,1.0,0.006553197735548768,1.0,0.0,0.0,0.0,0.0,1.0,0.0,0.0,0.0,0.0,1.0,0.03931918641329261,0.0,0.0,0.03931918641329261,1.0,1.0,1.0,1.0,1.0,1.41900778949725,855945944786.0718,1.0,0.41225406527519226,0.0,0.0,0.14405347406864166,0.8559459447860718,0.6838235294117647,1.0,0.0,0.6554402846556443,0.5
150.0,0.64524906873703,0.6744820065430752,0.6485145842899447,0.6838235294117647,0.639415440077965,1.0,0.0,0.0,0.0,0.0,0.0,1.0,1.0,1.0,1.0,1.0,0.027994756537729978,1.0,0.0,0.0,0.0,0.0,1.0,0.0,0.0,0.0,0.0,1.0,0.16796853922637986,0.0,0.0,0.16796853922637986,1.0,1.0,1.0,1.0,1.0,1.4141235989700554,853508174419.4031,1.0,0.4165747159836339,0.0,0.0,0.14649152755737305,0.8535081744194031,0.6838235294117647,1.0,0.0,0.639415440077965,0.5
