step,train_step_loss,train_acc,train_loss,val_acc,val_loss,avg_intra_expert_coherence,expert_diversity_e0,expert_diversity_e1,expert_diversity_e2,expert_diversity_e3,expert_diversity_mean,expert_purity_e0,expert_purity_e1,expert_purity_e2,expert_purity_e3,expert_purity_mean,inter_expert_similarity,inter_expert_similarity_e0_e0,inter_expert_similarity_e0_e1,inter_expert_similarity_e0_e2,inter_expert_similarity_e0_e3,inter_expert_similarity_e1_e0,inter_expert_similarity_e1_e1,inter_expert_similarity_e1_e2,inter_expert_similarity_e1_e3,inter_expert_similarity_e2_e0,inter_expert_similarity_e2_e1,inter_expert_similarity_e2_e2,inter_expert_similarity_e2_e3,inter_expert_similarity_e3_e0,inter_expert_similarity_e3_e1,inter_expert_similarity_e3_e2,inter_expert_similarity_e3_e3,intra_expert_coherence_e0,intra_expert_coherence_e1,intra_expert_coherence_e2,intra_expert_coherence_e3,load_cv,load_max_min_ratio,overall_task_conflict_cos,router_entropy,router_load_e0,router_load_e1,router_load_e2,router_load_e3,task_acc__glue_mrpc,task_conflict_t0_t0,task_grad_norm_cv,task_loss__glue_mrpc,utilization_ratio
50.0,0.488190621137619,0.6744820065430752,0.6314927837123041,0.6838235294117647,0.6250366087143238,1.0,0.0,0.0,0.0,0.0,0.0,1.0,1.0,1.0,1.0,1.0,-0.04154835327089284,1.0,0.0,0.0,0.0,0.0,1.0,0.0,-0.24929011962535702,0.0,0.0,1.0,0.0,0.0,-0.24929011962535702,0.0,1.0,1.0,1.0,1.0,1.0,1.0001056790414857,505138933658.59985,1.0,0.6930943131446838,0.0,0.5051389336585999,0.0,0.49486100673675537,0.6838235294117647,1.0,0.0,0.6250366087143238,0.5
100.0,0.7117099463939667,0.6744820065430752,0.6333541487870009,0.6838235294117647,0.6268825307488441,1.0,0.0,0.0,0.0,0.0,0.0,1.0,1.0,1.0,1.0,1.0,-0.014773780786457398,1.0,0.0,0.0,0.0,0.0,1.0,0.0,-0.08864268471874438,0.0,0.0,1.0,0.0,0.0,-0.08864268471874438,0.0,1.0,1.0,1.0,1.0,1.0,1.0028057098388672,526502788066.864,1.0,0.6917417049407959,0.0,0.4734972417354584,0.0,0.526502788066864,0.6838235294117647,1.0,0.0,0.6268825307488441,0.5
150.0,0.6612436473369598,0.6744820065430752,0.6332009587598884,0.6838235294117647,0.6272832785661404,1.0,0.0,0.0,0.0,0.0,0.0,1.0,1.0,1.0,1.0,1.0,0.04075968639970544,1.0,0.0,0.0,0.0,0.0,1.0,0.0,0.24455811839823263,0.0,0.0,1.0,0.0,0.0,0.24455811839823263,0.0,1.0,1.0,1.0,1.0,1.0,1.0119199738597902,554751813411.7126,1.0,0.6871396221366584,0.0,0.5547518134117126,0.0,0.4452482759952545,0.6838235294117647,1.0,0.0,0.6272832785661404,0.5
