step,train_step_loss,train_acc,train_loss,val_acc,val_loss,avg_intra_expert_coherence,expert_diversity_e0,expert_diversity_e1,expert_diversity_e2,expert_diversity_e3,expert_diversity_mean,expert_purity_e0,expert_purity_e1,expert_purity_e2,expert_purity_e3,expert_purity_mean,inter_expert_similarity,inter_expert_similarity_e0_e0,inter_expert_similarity_e0_e1,inter_expert_similarity_e0_e2,inter_expert_similarity_e0_e3,inter_expert_similarity_e1_e0,inter_expert_similarity_e1_e1,inter_expert_similarity_e1_e2,inter_expert_similarity_e1_e3,inter_expert_similarity_e2_e0,inter_expert_similarity_e2_e1,inter_expert_similarity_e2_e2,inter_expert_similarity_e2_e3,inter_expert_similarity_e3_e0,inter_expert_similarity_e3_e1,inter_expert_similarity_e3_e2,inter_expert_similarity_e3_e3,intra_expert_coherence_e0,intra_expert_coherence_e1,intra_expert_coherence_e2,intra_expert_coherence_e3,load_cv,load_max_min_ratio,overall_task_conflict_cos,router_entropy,router_load_e0,router_load_e1,router_load_e2,router_load_e3,task_acc__glue_rte,task_conflict_t0_t0,task_grad_norm_cv,task_loss__glue_rte,utilization_ratio
50.0,0.5567366778850555,0.5028112449799197,0.6993182619794821,0.5270758122743683,0.6958301381932365,1.0,0.0,0.0,0.0,0.0,0.0,1.0,1.0,1.0,1.0,1.0,-0.07330732654327902,1.0,-0.4398439592596741,0.0,0.0,-0.4398439592596741,1.0,0.0,0.0,0.0,0.0,1.0,0.0,0.0,0.0,0.0,1.0,1.0,1.0,1.0,1.0,1.0007772446605259,513941824436.18774,1.0,0.6919068928660038,0.5139418244361877,0.4860580861568451,0.0,0.0,0.5270758122743683,1.0,0.0,0.6958301381932365,0.5
100.0,0.6248347759246826,0.689156626506024,0.599153803422665,0.628158844765343,0.6479633094535934,1.0,0.0,0.0,0.0,0.0,0.0,1.0,1.0,1.0,1.0,1.0,-0.02663508075859482,1.0,-0.15981048455156893,0.0,0.0,-0.15981048455156893,1.0,0.0,0.0,0.0,0.0,1.0,0.0,0.0,0.0,0.0,1.0,1.0,1.0,1.0,1.0,0.9912330508232117,537234365940.094,1.0,0.6888910028478299,0.4549213647842407,0.537234365940094,0.00784425437450409,0.0,0.628158844765343,1.0,0.0,0.6479633094535934,0.5
150.0,0.5760445594787598,0.7108433734939759,0.5988409390816322,0.6498194945848376,0.6322996152771844,1.0,0.0,0.0,0.0,0.0,0.0,1.0,1.0,1.0,1.0,1.0,-0.0373871066161709,1.0,-0.2243226396970254,0.0,0.0,-0.2243226396970254,1.0,0.0,0.0,0.0,0.0,1.0,0.0,0.0,0.0,0.0,1.0,1.0,1.0,1.0,1.0,0.9965839982032776,502186834812.1643,1.0,0.6921835419073001,0.5021868348121643,0.496084988117218,0.001728172181174159,0.0,0.6498194945848376,1.0,0.0,0.6322996152771844,0.5
