step,train_step_loss,train_acc,train_loss,val_acc,val_loss,alignment_reward,l_conflict,l_conflict_e0,l_conflict_e1,l_conflict_e2,l_conflict_e3,router_conflict_grad_l2,router_entropy,router_load_e0,router_load_e1,router_load_e2,router_load_e3
30.0,0.6871430774529776,0.625745881252294,0.6735638327050553,0.6160076283075439,0.675632899879348,0.05777514725923538,-0.05777514725923538,-0.026597831398248672,-0.0,-0.03117731399834156,-0.0,0.0,0.6868525049476711,0.44404804706573486,0.0,0.5559517741203308,0.0
50.0,0.6492806424697241,0.625745881252294,0.6857925617672759,0.6160076283075439,0.6958863385386352,0.06196284294128418,-0.06196284294128418,-0.0,-0.0,-0.0314054898917675,-0.030557353049516678,0.0,0.6917766460941898,0.0,0.0,0.524370014667511,0.475629985332489
