step,train_step_loss,train_acc,train_loss,val_acc,val_loss,alignment_reward,l_conflict,l_conflict_e0,l_conflict_e1,l_conflict_e2,l_conflict_e3,router_conflict_grad_l2,router_entropy,router_load_e0,router_load_e1,router_load_e2,router_load_e3
30.0,0.7584287077188492,0.374254118747706,0.7333105372323909,0.3839923716924562,0.7304634388390842,1.065485954284668,-1.065485954284668,-0.0,-0.5735514163970947,-0.49193447828292847,-0.0,0.0,0.6884512901306152,0.0,0.5484165549278259,0.4515833258628845,0.0
50.0,0.6425874779621761,0.625745881252294,0.6681078282157672,0.6160076283075439,0.6763885358045356,0.01923729106783867,-0.01923729106783867,-0.0,-0.00863148458302021,-0.010605805553495884,-0.0,0.0,0.6885955067420447,0.0,0.4523310363292694,0.5476688742637634,0.0
