step,train_step_loss,train_acc,train_loss,val_acc,val_loss,alignment_reward,l_conflict,l_conflict_e0,l_conflict_e1,l_conflict_e2,l_conflict_e3,router_conflict_grad_l2,router_entropy,router_load_e0,router_load_e1,router_load_e2,router_load_e3
30.0,0.672897830605507,0.633067085542844,0.6505416412543248,0.6262430128933797,0.6520533994675335,0.28113853931427,-0.28113853931427,-0.0,-0.13810370862483978,-0.10858681052923203,-0.03444802388548851,0.0,0.631295399395404,0.021206140518188477,0.6618651151657104,0.2958536148071289,0.021075209602713585
50.0,0.6331456303596497,0.6427234868980256,0.6403972852363305,0.6460746002178159,0.6401558474072772,0.1839631050825119,-0.1839631050825119,-0.0,-0.08554871380329132,-0.04603998363018036,-0.052374403923749924,0.0,0.6348640605531357,0.021994678303599358,0.6560561060905457,0.3010072410106659,0.02094217576086521
