step,train_step_loss,train_acc,train_loss,val_acc,val_loss,alignment_reward,l_conflict,l_conflict_e0,l_conflict_e1,l_conflict_e2,l_conflict_e3,router_conflict_grad_l2,router_entropy,router_load_e0,router_load_e1,router_load_e2,router_load_e3
30.0,0.6220307548840841,0.6429479392511959,0.6388002916743432,0.6429791584051384,0.6422188162423849,0.2765038013458252,-0.2765038013458252,-0.05111799016594887,-0.0741867870092392,-0.0,-0.15119904279708862,0.0,0.6180989914056327,0.21858565509319305,0.0786791443824768,0.019535036757588387,0.6832001805305481
50.0,0.6204045315583547,0.6462485352839981,0.6292394313843862,0.6494266230709084,0.6321215270785298,0.06614350527524948,-0.06614350527524948,-0.019047537818551064,-0.008630827069282532,-0.0,-0.038465142250061035,0.0,0.6273438331705553,0.2162366509437561,0.09196613729000092,0.021247949451208115,0.6705493330955505
