method,candidate_id,seed,best_val_acc,final_val_acc,score_05_05,reused,summary_json,curve_csv
ours,coord_01_anchor,2,0.8922018348623854,0.8922018348623854,0.8922018348623854,False,/home/zhujjing/MOE-grad-conflict-routing/runs/paper_suite/single_gpu/single_task/roberta_sst2_ffn_e4_k2/hpo/ours/trial_runs/coord_01_anchor/ours_s2.json,/home/zhujjing/MOE-grad-conflict-routing/runs/paper_suite/single_gpu/single_task/roberta_sst2_ffn_e4_k2/hpo/ours/trial_runs/coord_01_anchor/ours_s2_curve.csv
ours,coord_01_anchor,3,0.9013761467889908,0.9013761467889908,0.9013761467889908,False,/home/zhujjing/MOE-grad-conflict-routing/runs/paper_suite/single_gpu/single_task/roberta_sst2_ffn_e4_k2/hpo/ours/trial_runs/coord_01_anchor/ours_s3.json,/home/zhujjing/MOE-grad-conflict-routing/runs/paper_suite/single_gpu/single_task/roberta_sst2_ffn_e4_k2/hpo/ours/trial_runs/coord_01_anchor/ours_s3_curve.csv
ours,coord_01_train_lr_000,2,0.893348623853211,0.893348623853211,0.893348623853211,False,/home/zhujjing/MOE-grad-conflict-routing/runs/paper_suite/single_gpu/single_task/roberta_sst2_ffn_e4_k2/hpo/ours/trial_runs/coord_01_train_lr_000/ours_s2.json,/home/zhujjing/MOE-grad-conflict-routing/runs/paper_suite/single_gpu/single_task/roberta_sst2_ffn_e4_k2/hpo/ours/trial_runs/coord_01_train_lr_000/ours_s2_curve.csv
ours,coord_01_train_lr_000,3,0.9139908256880734,0.9139908256880734,0.9139908256880734,False,/home/zhujjing/MOE-grad-conflict-routing/runs/paper_suite/single_gpu/single_task/roberta_sst2_ffn_e4_k2/hpo/ours/trial_runs/coord_01_train_lr_000/ours_s3.json,/home/zhujjing/MOE-grad-conflict-routing/runs/paper_suite/single_gpu/single_task/roberta_sst2_ffn_e4_k2/hpo/ours/trial_runs/coord_01_train_lr_000/ours_s3_curve.csv
ours,coord_01_train_lr_001,2,0.8784403669724771,0.8784403669724771,0.8784403669724771,False,/home/zhujjing/MOE-grad-conflict-routing/runs/paper_suite/single_gpu/single_task/roberta_sst2_ffn_e4_k2/hpo/ours/trial_runs/coord_01_train_lr_001/ours_s2.json,/home/zhujjing/MOE-grad-conflict-routing/runs/paper_suite/single_gpu/single_task/roberta_sst2_ffn_e4_k2/hpo/ours/trial_runs/coord_01_train_lr_001/ours_s2_curve.csv
ours,coord_01_train_lr_001,3,0.8876146788990825,0.8876146788990825,0.8876146788990825,False,/home/zhujjing/MOE-grad-conflict-routing/runs/paper_suite/single_gpu/single_task/roberta_sst2_ffn_e4_k2/hpo/ours/trial_runs/coord_01_train_lr_001/ours_s3.json,/home/zhujjing/MOE-grad-conflict-routing/runs/paper_suite/single_gpu/single_task/roberta_sst2_ffn_e4_k2/hpo/ours/trial_runs/coord_01_train_lr_001/ours_s3_curve.csv
ours,coord_01_train_lr_002,2,0.5091743119266054,0.5091743119266054,0.5091743119266054,False,/home/zhujjing/MOE-grad-conflict-routing/runs/paper_suite/single_gpu/single_task/roberta_sst2_ffn_e4_k2/hpo/ours/trial_runs/coord_01_train_lr_002/ours_s2.json,/home/zhujjing/MOE-grad-conflict-routing/runs/paper_suite/single_gpu/single_task/roberta_sst2_ffn_e4_k2/hpo/ours/trial_runs/coord_01_train_lr_002/ours_s2_curve.csv
ours,coord_01_train_lr_002,3,0.5091743119266054,0.5091743119266054,0.5091743119266054,False,/home/zhujjing/MOE-grad-conflict-routing/runs/paper_suite/single_gpu/single_task/roberta_sst2_ffn_e4_k2/hpo/ours/trial_runs/coord_01_train_lr_002/ours_s3.json,/home/zhujjing/MOE-grad-conflict-routing/runs/paper_suite/single_gpu/single_task/roberta_sst2_ffn_e4_k2/hpo/ours/trial_runs/coord_01_train_lr_002/ours_s3_curve.csv
ours,coord_01_train_lr_003,2,0.8405963302752294,0.8405963302752294,0.8405963302752294,False,/home/zhujjing/MOE-grad-conflict-routing/runs/paper_suite/single_gpu/single_task/roberta_sst2_ffn_e4_k2/hpo/ours/trial_runs/coord_01_train_lr_003/ours_s2.json,/home/zhujjing/MOE-grad-conflict-routing/runs/paper_suite/single_gpu/single_task/roberta_sst2_ffn_e4_k2/hpo/ours/trial_runs/coord_01_train_lr_003/ours_s2_curve.csv
ours,coord_01_train_lr_003,3,0.8864678899082569,0.8864678899082569,0.8864678899082569,False,/home/zhujjing/MOE-grad-conflict-routing/runs/paper_suite/single_gpu/single_task/roberta_sst2_ffn_e4_k2/hpo/ours/trial_runs/coord_01_train_lr_003/ours_s3.json,/home/zhujjing/MOE-grad-conflict-routing/runs/paper_suite/single_gpu/single_task/roberta_sst2_ffn_e4_k2/hpo/ours/trial_runs/coord_01_train_lr_003/ours_s3_curve.csv
ours,coord_01_train_lr_004,2,0.5091743119266054,0.5091743119266054,0.5091743119266054,False,/home/zhujjing/MOE-grad-conflict-routing/runs/paper_suite/single_gpu/single_task/roberta_sst2_ffn_e4_k2/hpo/ours/trial_runs/coord_01_train_lr_004/ours_s2.json,/home/zhujjing/MOE-grad-conflict-routing/runs/paper_suite/single_gpu/single_task/roberta_sst2_ffn_e4_k2/hpo/ours/trial_runs/coord_01_train_lr_004/ours_s2_curve.csv
ours,coord_01_train_lr_004,3,0.5091743119266054,0.5091743119266054,0.5091743119266054,False,/home/zhujjing/MOE-grad-conflict-routing/runs/paper_suite/single_gpu/single_task/roberta_sst2_ffn_e4_k2/hpo/ours/trial_runs/coord_01_train_lr_004/ours_s3.json,/home/zhujjing/MOE-grad-conflict-routing/runs/paper_suite/single_gpu/single_task/roberta_sst2_ffn_e4_k2/hpo/ours/trial_runs/coord_01_train_lr_004/ours_s3_curve.csv
ours,coord_01_train_lr_005,2,0.8922018348623854,0.8922018348623854,0.8922018348623854,False,/home/zhujjing/MOE-grad-conflict-routing/runs/paper_suite/single_gpu/single_task/roberta_sst2_ffn_e4_k2/hpo/ours/trial_runs/coord_01_train_lr_005/ours_s2.json,/home/zhujjing/MOE-grad-conflict-routing/runs/paper_suite/single_gpu/single_task/roberta_sst2_ffn_e4_k2/hpo/ours/trial_runs/coord_01_train_lr_005/ours_s2_curve.csv
ours,coord_01_train_lr_005,3,0.8956422018348624,0.8956422018348624,0.8956422018348624,False,/home/zhujjing/MOE-grad-conflict-routing/runs/paper_suite/single_gpu/single_task/roberta_sst2_ffn_e4_k2/hpo/ours/trial_runs/coord_01_train_lr_005/ours_s3.json,/home/zhujjing/MOE-grad-conflict-routing/runs/paper_suite/single_gpu/single_task/roberta_sst2_ffn_e4_k2/hpo/ours/trial_runs/coord_01_train_lr_005/ours_s3_curve.csv
ours,coord_01_train_lr_006,2,0.8405963302752294,0.8405963302752294,0.8405963302752294,False,/home/zhujjing/MOE-grad-conflict-routing/runs/paper_suite/single_gpu/single_task/roberta_sst2_ffn_e4_k2/hpo/ours/trial_runs/coord_01_train_lr_006/ours_s2.json,/home/zhujjing/MOE-grad-conflict-routing/runs/paper_suite/single_gpu/single_task/roberta_sst2_ffn_e4_k2/hpo/ours/trial_runs/coord_01_train_lr_006/ours_s2_curve.csv
ours,coord_01_train_lr_006,3,0.9162844036697247,0.9162844036697247,0.9162844036697247,False,/home/zhujjing/MOE-grad-conflict-routing/runs/paper_suite/single_gpu/single_task/roberta_sst2_ffn_e4_k2/hpo/ours/trial_runs/coord_01_train_lr_006/ours_s3.json,/home/zhujjing/MOE-grad-conflict-routing/runs/paper_suite/single_gpu/single_task/roberta_sst2_ffn_e4_k2/hpo/ours/trial_runs/coord_01_train_lr_006/ours_s3_curve.csv
ours,coord_01_train_lr_007,2,0.9071100917431193,0.9071100917431193,0.9071100917431193,False,/home/zhujjing/MOE-grad-conflict-routing/runs/paper_suite/single_gpu/single_task/roberta_sst2_ffn_e4_k2/hpo/ours/trial_runs/coord_01_train_lr_007/ours_s2.json,/home/zhujjing/MOE-grad-conflict-routing/runs/paper_suite/single_gpu/single_task/roberta_sst2_ffn_e4_k2/hpo/ours/trial_runs/coord_01_train_lr_007/ours_s2_curve.csv
ours,coord_01_train_lr_007,3,0.8967889908256881,0.8967889908256881,0.8967889908256881,False,/home/zhujjing/MOE-grad-conflict-routing/runs/paper_suite/single_gpu/single_task/roberta_sst2_ffn_e4_k2/hpo/ours/trial_runs/coord_01_train_lr_007/ours_s3.json,/home/zhujjing/MOE-grad-conflict-routing/runs/paper_suite/single_gpu/single_task/roberta_sst2_ffn_e4_k2/hpo/ours/trial_runs/coord_01_train_lr_007/ours_s3_curve.csv
ours,coord_01_train_lr_008,2,0.8887614678899083,0.8887614678899083,0.8887614678899083,False,/home/zhujjing/MOE-grad-conflict-routing/runs/paper_suite/single_gpu/single_task/roberta_sst2_ffn_e4_k2/hpo/ours/trial_runs/coord_01_train_lr_008/ours_s2.json,/home/zhujjing/MOE-grad-conflict-routing/runs/paper_suite/single_gpu/single_task/roberta_sst2_ffn_e4_k2/hpo/ours/trial_runs/coord_01_train_lr_008/ours_s2_curve.csv
ours,coord_01_train_lr_008,3,0.8910550458715596,0.8910550458715596,0.8910550458715596,False,/home/zhujjing/MOE-grad-conflict-routing/runs/paper_suite/single_gpu/single_task/roberta_sst2_ffn_e4_k2/hpo/ours/trial_runs/coord_01_train_lr_008/ours_s3.json,/home/zhujjing/MOE-grad-conflict-routing/runs/paper_suite/single_gpu/single_task/roberta_sst2_ffn_e4_k2/hpo/ours/trial_runs/coord_01_train_lr_008/ours_s3_curve.csv
ours,coord_01_train_lr_009,2,0.5091743119266054,0.5091743119266054,0.5091743119266054,False,/home/zhujjing/MOE-grad-conflict-routing/runs/paper_suite/single_gpu/single_task/roberta_sst2_ffn_e4_k2/hpo/ours/trial_runs/coord_01_train_lr_009/ours_s2.json,/home/zhujjing/MOE-grad-conflict-routing/runs/paper_suite/single_gpu/single_task/roberta_sst2_ffn_e4_k2/hpo/ours/trial_runs/coord_01_train_lr_009/ours_s2_curve.csv
ours,coord_01_train_lr_009,3,0.5091743119266054,0.5091743119266054,0.5091743119266054,False,/home/zhujjing/MOE-grad-conflict-routing/runs/paper_suite/single_gpu/single_task/roberta_sst2_ffn_e4_k2/hpo/ours/trial_runs/coord_01_train_lr_009/ours_s3.json,/home/zhujjing/MOE-grad-conflict-routing/runs/paper_suite/single_gpu/single_task/roberta_sst2_ffn_e4_k2/hpo/ours/trial_runs/coord_01_train_lr_009/ours_s3_curve.csv
ours,coord_01_train_lr_010,2,0.8405963302752294,0.8405963302752294,0.8405963302752294,False,/home/zhujjing/MOE-grad-conflict-routing/runs/paper_suite/single_gpu/single_task/roberta_sst2_ffn_e4_k2/hpo/ours/trial_runs/coord_01_train_lr_010/ours_s2.json,/home/zhujjing/MOE-grad-conflict-routing/runs/paper_suite/single_gpu/single_task/roberta_sst2_ffn_e4_k2/hpo/ours/trial_runs/coord_01_train_lr_010/ours_s2_curve.csv
ours,coord_01_train_lr_010,3,0.9048165137614679,0.9002293577981652,0.9025229357798166,False,/home/zhujjing/MOE-grad-conflict-routing/runs/paper_suite/single_gpu/single_task/roberta_sst2_ffn_e4_k2/hpo/ours/trial_runs/coord_01_train_lr_010/ours_s3.json,/home/zhujjing/MOE-grad-conflict-routing/runs/paper_suite/single_gpu/single_task/roberta_sst2_ffn_e4_k2/hpo/ours/trial_runs/coord_01_train_lr_010/ours_s3_curve.csv
ours,coord_01_train_lr_011,2,0.5091743119266054,0.5091743119266054,0.5091743119266054,False,/home/zhujjing/MOE-grad-conflict-routing/runs/paper_suite/single_gpu/single_task/roberta_sst2_ffn_e4_k2/hpo/ours/trial_runs/coord_01_train_lr_011/ours_s2.json,/home/zhujjing/MOE-grad-conflict-routing/runs/paper_suite/single_gpu/single_task/roberta_sst2_ffn_e4_k2/hpo/ours/trial_runs/coord_01_train_lr_011/ours_s2_curve.csv
ours,coord_01_train_lr_011,3,0.5091743119266054,0.5091743119266054,0.5091743119266054,False,/home/zhujjing/MOE-grad-conflict-routing/runs/paper_suite/single_gpu/single_task/roberta_sst2_ffn_e4_k2/hpo/ours/trial_runs/coord_01_train_lr_011/ours_s3.json,/home/zhujjing/MOE-grad-conflict-routing/runs/paper_suite/single_gpu/single_task/roberta_sst2_ffn_e4_k2/hpo/ours/trial_runs/coord_01_train_lr_011/ours_s3_curve.csv
ours,coord_01_train_lr_012,2,0.5091743119266054,0.5091743119266054,0.5091743119266054,False,/home/zhujjing/MOE-grad-conflict-routing/runs/paper_suite/single_gpu/single_task/roberta_sst2_ffn_e4_k2/hpo/ours/trial_runs/coord_01_train_lr_012/ours_s2.json,/home/zhujjing/MOE-grad-conflict-routing/runs/paper_suite/single_gpu/single_task/roberta_sst2_ffn_e4_k2/hpo/ours/trial_runs/coord_01_train_lr_012/ours_s2_curve.csv
ours,coord_01_train_lr_012,3,0.5091743119266054,0.5091743119266054,0.5091743119266054,False,/home/zhujjing/MOE-grad-conflict-routing/runs/paper_suite/single_gpu/single_task/roberta_sst2_ffn_e4_k2/hpo/ours/trial_runs/coord_01_train_lr_012/ours_s3.json,/home/zhujjing/MOE-grad-conflict-routing/runs/paper_suite/single_gpu/single_task/roberta_sst2_ffn_e4_k2/hpo/ours/trial_runs/coord_01_train_lr_012/ours_s3_curve.csv
ours,coord_01_train_lr_013,2,0.819954128440367,0.819954128440367,0.819954128440367,False,/home/zhujjing/MOE-grad-conflict-routing/runs/paper_suite/single_gpu/single_task/roberta_sst2_ffn_e4_k2/hpo/ours/trial_runs/coord_01_train_lr_013/ours_s2.json,/home/zhujjing/MOE-grad-conflict-routing/runs/paper_suite/single_gpu/single_task/roberta_sst2_ffn_e4_k2/hpo/ours/trial_runs/coord_01_train_lr_013/ours_s2_curve.csv
ours,coord_01_train_lr_013,3,0.8841743119266054,0.8841743119266054,0.8841743119266054,False,/home/zhujjing/MOE-grad-conflict-routing/runs/paper_suite/single_gpu/single_task/roberta_sst2_ffn_e4_k2/hpo/ours/trial_runs/coord_01_train_lr_013/ours_s3.json,/home/zhujjing/MOE-grad-conflict-routing/runs/paper_suite/single_gpu/single_task/roberta_sst2_ffn_e4_k2/hpo/ours/trial_runs/coord_01_train_lr_013/ours_s3_curve.csv
ours,coord_01_train_lr_014,2,0.8807339449541285,0.8658256880733946,0.8732798165137615,False,/home/zhujjing/MOE-grad-conflict-routing/runs/paper_suite/single_gpu/single_task/roberta_sst2_ffn_e4_k2/hpo/ours/trial_runs/coord_01_train_lr_014/ours_s2.json,/home/zhujjing/MOE-grad-conflict-routing/runs/paper_suite/single_gpu/single_task/roberta_sst2_ffn_e4_k2/hpo/ours/trial_runs/coord_01_train_lr_014/ours_s2_curve.csv
ours,coord_01_train_lr_014,3,0.8944954128440367,0.8944954128440367,0.8944954128440367,False,/home/zhujjing/MOE-grad-conflict-routing/runs/paper_suite/single_gpu/single_task/roberta_sst2_ffn_e4_k2/hpo/ours/trial_runs/coord_01_train_lr_014/ours_s3.json,/home/zhujjing/MOE-grad-conflict-routing/runs/paper_suite/single_gpu/single_task/roberta_sst2_ffn_e4_k2/hpo/ours/trial_runs/coord_01_train_lr_014/ours_s3_curve.csv
ours,coord_01_train_lr_015,2,0.5091743119266054,0.5091743119266054,0.5091743119266054,False,/home/zhujjing/MOE-grad-conflict-routing/runs/paper_suite/single_gpu/single_task/roberta_sst2_ffn_e4_k2/hpo/ours/trial_runs/coord_01_train_lr_015/ours_s2.json,/home/zhujjing/MOE-grad-conflict-routing/runs/paper_suite/single_gpu/single_task/roberta_sst2_ffn_e4_k2/hpo/ours/trial_runs/coord_01_train_lr_015/ours_s2_curve.csv
ours,coord_01_train_lr_015,3,0.5091743119266054,0.5091743119266054,0.5091743119266054,False,/home/zhujjing/MOE-grad-conflict-routing/runs/paper_suite/single_gpu/single_task/roberta_sst2_ffn_e4_k2/hpo/ours/trial_runs/coord_01_train_lr_015/ours_s3.json,/home/zhujjing/MOE-grad-conflict-routing/runs/paper_suite/single_gpu/single_task/roberta_sst2_ffn_e4_k2/hpo/ours/trial_runs/coord_01_train_lr_015/ours_s3_curve.csv
ours,coord_01_train_lr_016,2,0.8532110091743119,0.8532110091743119,0.8532110091743119,False,/home/zhujjing/MOE-grad-conflict-routing/runs/paper_suite/single_gpu/single_task/roberta_sst2_ffn_e4_k2/hpo/ours/trial_runs/coord_01_train_lr_016/ours_s2.json,/home/zhujjing/MOE-grad-conflict-routing/runs/paper_suite/single_gpu/single_task/roberta_sst2_ffn_e4_k2/hpo/ours/trial_runs/coord_01_train_lr_016/ours_s2_curve.csv
ours,coord_01_train_lr_016,3,0.9025229357798165,0.9025229357798165,0.9025229357798165,False,/home/zhujjing/MOE-grad-conflict-routing/runs/paper_suite/single_gpu/single_task/roberta_sst2_ffn_e4_k2/hpo/ours/trial_runs/coord_01_train_lr_016/ours_s3.json,/home/zhujjing/MOE-grad-conflict-routing/runs/paper_suite/single_gpu/single_task/roberta_sst2_ffn_e4_k2/hpo/ours/trial_runs/coord_01_train_lr_016/ours_s3_curve.csv
ours,coord_01_train_lr_017,2,0.5091743119266054,0.5091743119266054,0.5091743119266054,False,/home/zhujjing/MOE-grad-conflict-routing/runs/paper_suite/single_gpu/single_task/roberta_sst2_ffn_e4_k2/hpo/ours/trial_runs/coord_01_train_lr_017/ours_s2.json,/home/zhujjing/MOE-grad-conflict-routing/runs/paper_suite/single_gpu/single_task/roberta_sst2_ffn_e4_k2/hpo/ours/trial_runs/coord_01_train_lr_017/ours_s2_curve.csv
ours,coord_01_train_lr_017,3,0.5091743119266054,0.5091743119266054,0.5091743119266054,False,/home/zhujjing/MOE-grad-conflict-routing/runs/paper_suite/single_gpu/single_task/roberta_sst2_ffn_e4_k2/hpo/ours/trial_runs/coord_01_train_lr_017/ours_s3.json,/home/zhujjing/MOE-grad-conflict-routing/runs/paper_suite/single_gpu/single_task/roberta_sst2_ffn_e4_k2/hpo/ours/trial_runs/coord_01_train_lr_017/ours_s3_curve.csv
ours,coord_01_train_lr_018,2,0.5091743119266054,0.5091743119266054,0.5091743119266054,False,/home/zhujjing/MOE-grad-conflict-routing/runs/paper_suite/single_gpu/single_task/roberta_sst2_ffn_e4_k2/hpo/ours/trial_runs/coord_01_train_lr_018/ours_s2.json,/home/zhujjing/MOE-grad-conflict-routing/runs/paper_suite/single_gpu/single_task/roberta_sst2_ffn_e4_k2/hpo/ours/trial_runs/coord_01_train_lr_018/ours_s2_curve.csv
ours,coord_01_train_lr_018,3,0.5091743119266054,0.5091743119266054,0.5091743119266054,False,/home/zhujjing/MOE-grad-conflict-routing/runs/paper_suite/single_gpu/single_task/roberta_sst2_ffn_e4_k2/hpo/ours/trial_runs/coord_01_train_lr_018/ours_s3.json,/home/zhujjing/MOE-grad-conflict-routing/runs/paper_suite/single_gpu/single_task/roberta_sst2_ffn_e4_k2/hpo/ours/trial_runs/coord_01_train_lr_018/ours_s3_curve.csv
ours,coord_01_train_lr_019,2,0.8910550458715596,0.8910550458715596,0.8910550458715596,False,/home/zhujjing/MOE-grad-conflict-routing/runs/paper_suite/single_gpu/single_task/roberta_sst2_ffn_e4_k2/hpo/ours/trial_runs/coord_01_train_lr_019/ours_s2.json,/home/zhujjing/MOE-grad-conflict-routing/runs/paper_suite/single_gpu/single_task/roberta_sst2_ffn_e4_k2/hpo/ours/trial_runs/coord_01_train_lr_019/ours_s2_curve.csv
ours,coord_01_train_lr_019,3,0.9059633027522935,0.9059633027522935,0.9059633027522935,False,/home/zhujjing/MOE-grad-conflict-routing/runs/paper_suite/single_gpu/single_task/roberta_sst2_ffn_e4_k2/hpo/ours/trial_runs/coord_01_train_lr_019/ours_s3.json,/home/zhujjing/MOE-grad-conflict-routing/runs/paper_suite/single_gpu/single_task/roberta_sst2_ffn_e4_k2/hpo/ours/trial_runs/coord_01_train_lr_019/ours_s3_curve.csv
ours,coord_01_train_lr_020,2,0.5091743119266054,0.5091743119266054,0.5091743119266054,False,/home/zhujjing/MOE-grad-conflict-routing/runs/paper_suite/single_gpu/single_task/roberta_sst2_ffn_e4_k2/hpo/ours/trial_runs/coord_01_train_lr_020/ours_s2.json,/home/zhujjing/MOE-grad-conflict-routing/runs/paper_suite/single_gpu/single_task/roberta_sst2_ffn_e4_k2/hpo/ours/trial_runs/coord_01_train_lr_020/ours_s2_curve.csv
ours,coord_01_train_lr_020,3,0.5091743119266054,0.5091743119266054,0.5091743119266054,False,/home/zhujjing/MOE-grad-conflict-routing/runs/paper_suite/single_gpu/single_task/roberta_sst2_ffn_e4_k2/hpo/ours/trial_runs/coord_01_train_lr_020/ours_s3.json,/home/zhujjing/MOE-grad-conflict-routing/runs/paper_suite/single_gpu/single_task/roberta_sst2_ffn_e4_k2/hpo/ours/trial_runs/coord_01_train_lr_020/ours_s3_curve.csv
ours,coord_01_train_lr_021,2,0.731651376146789,0.6227064220183486,0.6771788990825688,False,/home/zhujjing/MOE-grad-conflict-routing/runs/paper_suite/single_gpu/single_task/roberta_sst2_ffn_e4_k2/hpo/ours/trial_runs/coord_01_train_lr_021/ours_s2.json,/home/zhujjing/MOE-grad-conflict-routing/runs/paper_suite/single_gpu/single_task/roberta_sst2_ffn_e4_k2/hpo/ours/trial_runs/coord_01_train_lr_021/ours_s2_curve.csv
ours,coord_01_train_lr_021,3,0.8360091743119266,0.7844036697247706,0.8102064220183486,False,/home/zhujjing/MOE-grad-conflict-routing/runs/paper_suite/single_gpu/single_task/roberta_sst2_ffn_e4_k2/hpo/ours/trial_runs/coord_01_train_lr_021/ours_s3.json,/home/zhujjing/MOE-grad-conflict-routing/runs/paper_suite/single_gpu/single_task/roberta_sst2_ffn_e4_k2/hpo/ours/trial_runs/coord_01_train_lr_021/ours_s3_curve.csv
ours,coord_01_train_lr_022,2,0.8818807339449541,0.8818807339449541,0.8818807339449541,False,/home/zhujjing/MOE-grad-conflict-routing/runs/paper_suite/single_gpu/single_task/roberta_sst2_ffn_e4_k2/hpo/ours/trial_runs/coord_01_train_lr_022/ours_s2.json,/home/zhujjing/MOE-grad-conflict-routing/runs/paper_suite/single_gpu/single_task/roberta_sst2_ffn_e4_k2/hpo/ours/trial_runs/coord_01_train_lr_022/ours_s2_curve.csv
ours,coord_01_train_lr_022,3,0.8990825688073395,0.8967889908256881,0.8979357798165137,False,/home/zhujjing/MOE-grad-conflict-routing/runs/paper_suite/single_gpu/single_task/roberta_sst2_ffn_e4_k2/hpo/ours/trial_runs/coord_01_train_lr_022/ours_s3.json,/home/zhujjing/MOE-grad-conflict-routing/runs/paper_suite/single_gpu/single_task/roberta_sst2_ffn_e4_k2/hpo/ours/trial_runs/coord_01_train_lr_022/ours_s3_curve.csv
ours,coord_02_anchor,2,0.9071100917431193,0.9071100917431193,0.9071100917431193,False,/home/zhujjing/MOE-grad-conflict-routing/runs/paper_suite/single_gpu/single_task/roberta_sst2_ffn_e4_k2/hpo/ours/trial_runs/coord_02_anchor/ours_s2.json,/home/zhujjing/MOE-grad-conflict-routing/runs/paper_suite/single_gpu/single_task/roberta_sst2_ffn_e4_k2/hpo/ours/trial_runs/coord_02_anchor/ours_s2_curve.csv
ours,coord_02_anchor,3,0.9162844036697247,0.9162844036697247,0.9162844036697247,False,/home/zhujjing/MOE-grad-conflict-routing/runs/paper_suite/single_gpu/single_task/roberta_sst2_ffn_e4_k2/hpo/ours/trial_runs/coord_02_anchor/ours_s3.json,/home/zhujjing/MOE-grad-conflict-routing/runs/paper_suite/single_gpu/single_task/roberta_sst2_ffn_e4_k2/hpo/ours/trial_runs/coord_02_anchor/ours_s3_curve.csv
ours,coord_02_train_weight_decay_000,2,0.8899082568807339,0.8899082568807339,0.8899082568807339,False,/home/zhujjing/MOE-grad-conflict-routing/runs/paper_suite/single_gpu/single_task/roberta_sst2_ffn_e4_k2/hpo/ours/trial_runs/coord_02_train_weight_decay_000/ours_s2.json,/home/zhujjing/MOE-grad-conflict-routing/runs/paper_suite/single_gpu/single_task/roberta_sst2_ffn_e4_k2/hpo/ours/trial_runs/coord_02_train_weight_decay_000/ours_s2_curve.csv
ours,coord_02_train_weight_decay_000,3,0.893348623853211,0.893348623853211,0.893348623853211,False,/home/zhujjing/MOE-grad-conflict-routing/runs/paper_suite/single_gpu/single_task/roberta_sst2_ffn_e4_k2/hpo/ours/trial_runs/coord_02_train_weight_decay_000/ours_s3.json,/home/zhujjing/MOE-grad-conflict-routing/runs/paper_suite/single_gpu/single_task/roberta_sst2_ffn_e4_k2/hpo/ours/trial_runs/coord_02_train_weight_decay_000/ours_s3_curve.csv
ours,coord_02_train_weight_decay_001,2,0.893348623853211,0.893348623853211,0.893348623853211,False,/home/zhujjing/MOE-grad-conflict-routing/runs/paper_suite/single_gpu/single_task/roberta_sst2_ffn_e4_k2/hpo/ours/trial_runs/coord_02_train_weight_decay_001/ours_s2.json,/home/zhujjing/MOE-grad-conflict-routing/runs/paper_suite/single_gpu/single_task/roberta_sst2_ffn_e4_k2/hpo/ours/trial_runs/coord_02_train_weight_decay_001/ours_s2_curve.csv
ours,coord_02_train_weight_decay_001,3,0.911697247706422,0.911697247706422,0.911697247706422,False,/home/zhujjing/MOE-grad-conflict-routing/runs/paper_suite/single_gpu/single_task/roberta_sst2_ffn_e4_k2/hpo/ours/trial_runs/coord_02_train_weight_decay_001/ours_s3.json,/home/zhujjing/MOE-grad-conflict-routing/runs/paper_suite/single_gpu/single_task/roberta_sst2_ffn_e4_k2/hpo/ours/trial_runs/coord_02_train_weight_decay_001/ours_s3_curve.csv
ours,coord_02_train_weight_decay_002,2,0.893348623853211,0.893348623853211,0.893348623853211,False,/home/zhujjing/MOE-grad-conflict-routing/runs/paper_suite/single_gpu/single_task/roberta_sst2_ffn_e4_k2/hpo/ours/trial_runs/coord_02_train_weight_decay_002/ours_s2.json,/home/zhujjing/MOE-grad-conflict-routing/runs/paper_suite/single_gpu/single_task/roberta_sst2_ffn_e4_k2/hpo/ours/trial_runs/coord_02_train_weight_decay_002/ours_s2_curve.csv
ours,coord_02_train_weight_decay_002,3,0.908256880733945,0.908256880733945,0.908256880733945,False,/home/zhujjing/MOE-grad-conflict-routing/runs/paper_suite/single_gpu/single_task/roberta_sst2_ffn_e4_k2/hpo/ours/trial_runs/coord_02_train_weight_decay_002/ours_s3.json,/home/zhujjing/MOE-grad-conflict-routing/runs/paper_suite/single_gpu/single_task/roberta_sst2_ffn_e4_k2/hpo/ours/trial_runs/coord_02_train_weight_decay_002/ours_s3_curve.csv
ours,coord_02_train_weight_decay_003,2,0.8784403669724771,0.8784403669724771,0.8784403669724771,False,/home/zhujjing/MOE-grad-conflict-routing/runs/paper_suite/single_gpu/single_task/roberta_sst2_ffn_e4_k2/hpo/ours/trial_runs/coord_02_train_weight_decay_003/ours_s2.json,/home/zhujjing/MOE-grad-conflict-routing/runs/paper_suite/single_gpu/single_task/roberta_sst2_ffn_e4_k2/hpo/ours/trial_runs/coord_02_train_weight_decay_003/ours_s2_curve.csv
ours,coord_02_train_weight_decay_003,3,0.9013761467889908,0.9013761467889908,0.9013761467889908,False,/home/zhujjing/MOE-grad-conflict-routing/runs/paper_suite/single_gpu/single_task/roberta_sst2_ffn_e4_k2/hpo/ours/trial_runs/coord_02_train_weight_decay_003/ours_s3.json,/home/zhujjing/MOE-grad-conflict-routing/runs/paper_suite/single_gpu/single_task/roberta_sst2_ffn_e4_k2/hpo/ours/trial_runs/coord_02_train_weight_decay_003/ours_s3_curve.csv
ours,coord_02_train_weight_decay_004,2,0.8910550458715596,0.8910550458715596,0.8910550458715596,False,/home/zhujjing/MOE-grad-conflict-routing/runs/paper_suite/single_gpu/single_task/roberta_sst2_ffn_e4_k2/hpo/ours/trial_runs/coord_02_train_weight_decay_004/ours_s2.json,/home/zhujjing/MOE-grad-conflict-routing/runs/paper_suite/single_gpu/single_task/roberta_sst2_ffn_e4_k2/hpo/ours/trial_runs/coord_02_train_weight_decay_004/ours_s2_curve.csv
ours,coord_02_train_weight_decay_004,3,0.9174311926605505,0.9174311926605505,0.9174311926605505,False,/home/zhujjing/MOE-grad-conflict-routing/runs/paper_suite/single_gpu/single_task/roberta_sst2_ffn_e4_k2/hpo/ours/trial_runs/coord_02_train_weight_decay_004/ours_s3.json,/home/zhujjing/MOE-grad-conflict-routing/runs/paper_suite/single_gpu/single_task/roberta_sst2_ffn_e4_k2/hpo/ours/trial_runs/coord_02_train_weight_decay_004/ours_s3_curve.csv
ours,coord_02_train_weight_decay_005,2,0.8818807339449541,0.8818807339449541,0.8818807339449541,False,/home/zhujjing/MOE-grad-conflict-routing/runs/paper_suite/single_gpu/single_task/roberta_sst2_ffn_e4_k2/hpo/ours/trial_runs/coord_02_train_weight_decay_005/ours_s2.json,/home/zhujjing/MOE-grad-conflict-routing/runs/paper_suite/single_gpu/single_task/roberta_sst2_ffn_e4_k2/hpo/ours/trial_runs/coord_02_train_weight_decay_005/ours_s2_curve.csv
ours,coord_02_train_weight_decay_005,3,0.9162844036697247,0.9162844036697247,0.9162844036697247,False,/home/zhujjing/MOE-grad-conflict-routing/runs/paper_suite/single_gpu/single_task/roberta_sst2_ffn_e4_k2/hpo/ours/trial_runs/coord_02_train_weight_decay_005/ours_s3.json,/home/zhujjing/MOE-grad-conflict-routing/runs/paper_suite/single_gpu/single_task/roberta_sst2_ffn_e4_k2/hpo/ours/trial_runs/coord_02_train_weight_decay_005/ours_s3_curve.csv
ours,coord_02_train_weight_decay_006,2,0.9094036697247706,0.9094036697247706,0.9094036697247706,False,/home/zhujjing/MOE-grad-conflict-routing/runs/paper_suite/single_gpu/single_task/roberta_sst2_ffn_e4_k2/hpo/ours/trial_runs/coord_02_train_weight_decay_006/ours_s2.json,/home/zhujjing/MOE-grad-conflict-routing/runs/paper_suite/single_gpu/single_task/roberta_sst2_ffn_e4_k2/hpo/ours/trial_runs/coord_02_train_weight_decay_006/ours_s2_curve.csv
ours,coord_02_train_weight_decay_006,3,0.9013761467889908,0.8990825688073395,0.9002293577981652,False,/home/zhujjing/MOE-grad-conflict-routing/runs/paper_suite/single_gpu/single_task/roberta_sst2_ffn_e4_k2/hpo/ours/trial_runs/coord_02_train_weight_decay_006/ours_s3.json,/home/zhujjing/MOE-grad-conflict-routing/runs/paper_suite/single_gpu/single_task/roberta_sst2_ffn_e4_k2/hpo/ours/trial_runs/coord_02_train_weight_decay_006/ours_s3_curve.csv
ours,coord_02_train_weight_decay_007,2,0.9105504587155964,0.9105504587155964,0.9105504587155964,False,/home/zhujjing/MOE-grad-conflict-routing/runs/paper_suite/single_gpu/single_task/roberta_sst2_ffn_e4_k2/hpo/ours/trial_runs/coord_02_train_weight_decay_007/ours_s2.json,/home/zhujjing/MOE-grad-conflict-routing/runs/paper_suite/single_gpu/single_task/roberta_sst2_ffn_e4_k2/hpo/ours/trial_runs/coord_02_train_weight_decay_007/ours_s2_curve.csv
ours,coord_02_train_weight_decay_007,3,0.8841743119266054,0.8841743119266054,0.8841743119266054,False,/home/zhujjing/MOE-grad-conflict-routing/runs/paper_suite/single_gpu/single_task/roberta_sst2_ffn_e4_k2/hpo/ours/trial_runs/coord_02_train_weight_decay_007/ours_s3.json,/home/zhujjing/MOE-grad-conflict-routing/runs/paper_suite/single_gpu/single_task/roberta_sst2_ffn_e4_k2/hpo/ours/trial_runs/coord_02_train_weight_decay_007/ours_s3_curve.csv
ours,coord_02_train_weight_decay_008,2,0.9036697247706422,0.9036697247706422,0.9036697247706422,False,/home/zhujjing/MOE-grad-conflict-routing/runs/paper_suite/single_gpu/single_task/roberta_sst2_ffn_e4_k2/hpo/ours/trial_runs/coord_02_train_weight_decay_008/ours_s2.json,/home/zhujjing/MOE-grad-conflict-routing/runs/paper_suite/single_gpu/single_task/roberta_sst2_ffn_e4_k2/hpo/ours/trial_runs/coord_02_train_weight_decay_008/ours_s2_curve.csv
ours,coord_02_train_weight_decay_008,3,0.9071100917431193,0.9071100917431193,0.9071100917431193,False,/home/zhujjing/MOE-grad-conflict-routing/runs/paper_suite/single_gpu/single_task/roberta_sst2_ffn_e4_k2/hpo/ours/trial_runs/coord_02_train_weight_decay_008/ours_s3.json,/home/zhujjing/MOE-grad-conflict-routing/runs/paper_suite/single_gpu/single_task/roberta_sst2_ffn_e4_k2/hpo/ours/trial_runs/coord_02_train_weight_decay_008/ours_s3_curve.csv
ours,coord_02_train_weight_decay_009,2,0.9002293577981652,0.9002293577981652,0.9002293577981652,False,/home/zhujjing/MOE-grad-conflict-routing/runs/paper_suite/single_gpu/single_task/roberta_sst2_ffn_e4_k2/hpo/ours/trial_runs/coord_02_train_weight_decay_009/ours_s2.json,/home/zhujjing/MOE-grad-conflict-routing/runs/paper_suite/single_gpu/single_task/roberta_sst2_ffn_e4_k2/hpo/ours/trial_runs/coord_02_train_weight_decay_009/ours_s2_curve.csv
ours,coord_02_train_weight_decay_009,3,0.9048165137614679,0.9048165137614679,0.9048165137614679,False,/home/zhujjing/MOE-grad-conflict-routing/runs/paper_suite/single_gpu/single_task/roberta_sst2_ffn_e4_k2/hpo/ours/trial_runs/coord_02_train_weight_decay_009/ours_s3.json,/home/zhujjing/MOE-grad-conflict-routing/runs/paper_suite/single_gpu/single_task/roberta_sst2_ffn_e4_k2/hpo/ours/trial_runs/coord_02_train_weight_decay_009/ours_s3_curve.csv
ours,coord_02_train_weight_decay_010,2,0.8956422018348624,0.8956422018348624,0.8956422018348624,False,/home/zhujjing/MOE-grad-conflict-routing/runs/paper_suite/single_gpu/single_task/roberta_sst2_ffn_e4_k2/hpo/ours/trial_runs/coord_02_train_weight_decay_010/ours_s2.json,/home/zhujjing/MOE-grad-conflict-routing/runs/paper_suite/single_gpu/single_task/roberta_sst2_ffn_e4_k2/hpo/ours/trial_runs/coord_02_train_weight_decay_010/ours_s2_curve.csv
ours,coord_02_train_weight_decay_010,3,0.9025229357798165,0.9025229357798165,0.9025229357798165,False,/home/zhujjing/MOE-grad-conflict-routing/runs/paper_suite/single_gpu/single_task/roberta_sst2_ffn_e4_k2/hpo/ours/trial_runs/coord_02_train_weight_decay_010/ours_s3.json,/home/zhujjing/MOE-grad-conflict-routing/runs/paper_suite/single_gpu/single_task/roberta_sst2_ffn_e4_k2/hpo/ours/trial_runs/coord_02_train_weight_decay_010/ours_s3_curve.csv
ours,coord_02_train_weight_decay_011,2,0.893348623853211,0.893348623853211,0.893348623853211,False,/home/zhujjing/MOE-grad-conflict-routing/runs/paper_suite/single_gpu/single_task/roberta_sst2_ffn_e4_k2/hpo/ours/trial_runs/coord_02_train_weight_decay_011/ours_s2.json,/home/zhujjing/MOE-grad-conflict-routing/runs/paper_suite/single_gpu/single_task/roberta_sst2_ffn_e4_k2/hpo/ours/trial_runs/coord_02_train_weight_decay_011/ours_s2_curve.csv
ours,coord_02_train_weight_decay_011,3,0.8990825688073395,0.8990825688073395,0.8990825688073395,False,/home/zhujjing/MOE-grad-conflict-routing/runs/paper_suite/single_gpu/single_task/roberta_sst2_ffn_e4_k2/hpo/ours/trial_runs/coord_02_train_weight_decay_011/ours_s3.json,/home/zhujjing/MOE-grad-conflict-routing/runs/paper_suite/single_gpu/single_task/roberta_sst2_ffn_e4_k2/hpo/ours/trial_runs/coord_02_train_weight_decay_011/ours_s3_curve.csv
ours,coord_02_train_weight_decay_012,2,0.9025229357798165,0.9025229357798165,0.9025229357798165,False,/home/zhujjing/MOE-grad-conflict-routing/runs/paper_suite/single_gpu/single_task/roberta_sst2_ffn_e4_k2/hpo/ours/trial_runs/coord_02_train_weight_decay_012/ours_s2.json,/home/zhujjing/MOE-grad-conflict-routing/runs/paper_suite/single_gpu/single_task/roberta_sst2_ffn_e4_k2/hpo/ours/trial_runs/coord_02_train_weight_decay_012/ours_s2_curve.csv
ours,coord_02_train_weight_decay_012,3,0.9071100917431193,0.9071100917431193,0.9071100917431193,False,/home/zhujjing/MOE-grad-conflict-routing/runs/paper_suite/single_gpu/single_task/roberta_sst2_ffn_e4_k2/hpo/ours/trial_runs/coord_02_train_weight_decay_012/ours_s3.json,/home/zhujjing/MOE-grad-conflict-routing/runs/paper_suite/single_gpu/single_task/roberta_sst2_ffn_e4_k2/hpo/ours/trial_runs/coord_02_train_weight_decay_012/ours_s3_curve.csv
ours,coord_02_train_weight_decay_013,2,0.8910550458715596,0.8910550458715596,0.8910550458715596,False,/home/zhujjing/MOE-grad-conflict-routing/runs/paper_suite/single_gpu/single_task/roberta_sst2_ffn_e4_k2/hpo/ours/trial_runs/coord_02_train_weight_decay_013/ours_s2.json,/home/zhujjing/MOE-grad-conflict-routing/runs/paper_suite/single_gpu/single_task/roberta_sst2_ffn_e4_k2/hpo/ours/trial_runs/coord_02_train_weight_decay_013/ours_s2_curve.csv
ours,coord_02_train_weight_decay_013,3,0.8715596330275229,0.8715596330275229,0.8715596330275229,False,/home/zhujjing/MOE-grad-conflict-routing/runs/paper_suite/single_gpu/single_task/roberta_sst2_ffn_e4_k2/hpo/ours/trial_runs/coord_02_train_weight_decay_013/ours_s3.json,/home/zhujjing/MOE-grad-conflict-routing/runs/paper_suite/single_gpu/single_task/roberta_sst2_ffn_e4_k2/hpo/ours/trial_runs/coord_02_train_weight_decay_013/ours_s3_curve.csv
ours,coord_02_train_weight_decay_014,2,0.8967889908256881,0.8967889908256881,0.8967889908256881,False,/home/zhujjing/MOE-grad-conflict-routing/runs/paper_suite/single_gpu/single_task/roberta_sst2_ffn_e4_k2/hpo/ours/trial_runs/coord_02_train_weight_decay_014/ours_s2.json,/home/zhujjing/MOE-grad-conflict-routing/runs/paper_suite/single_gpu/single_task/roberta_sst2_ffn_e4_k2/hpo/ours/trial_runs/coord_02_train_weight_decay_014/ours_s2_curve.csv
ours,coord_02_train_weight_decay_014,3,0.9059633027522935,0.9059633027522935,0.9059633027522935,False,/home/zhujjing/MOE-grad-conflict-routing/runs/paper_suite/single_gpu/single_task/roberta_sst2_ffn_e4_k2/hpo/ours/trial_runs/coord_02_train_weight_decay_014/ours_s3.json,/home/zhujjing/MOE-grad-conflict-routing/runs/paper_suite/single_gpu/single_task/roberta_sst2_ffn_e4_k2/hpo/ours/trial_runs/coord_02_train_weight_decay_014/ours_s3_curve.csv
ours,coord_02_train_weight_decay_015,2,0.9002293577981652,0.9002293577981652,0.9002293577981652,False,/home/zhujjing/MOE-grad-conflict-routing/runs/paper_suite/single_gpu/single_task/roberta_sst2_ffn_e4_k2/hpo/ours/trial_runs/coord_02_train_weight_decay_015/ours_s2.json,/home/zhujjing/MOE-grad-conflict-routing/runs/paper_suite/single_gpu/single_task/roberta_sst2_ffn_e4_k2/hpo/ours/trial_runs/coord_02_train_weight_decay_015/ours_s2_curve.csv
ours,coord_02_train_weight_decay_015,3,0.911697247706422,0.911697247706422,0.911697247706422,False,/home/zhujjing/MOE-grad-conflict-routing/runs/paper_suite/single_gpu/single_task/roberta_sst2_ffn_e4_k2/hpo/ours/trial_runs/coord_02_train_weight_decay_015/ours_s3.json,/home/zhujjing/MOE-grad-conflict-routing/runs/paper_suite/single_gpu/single_task/roberta_sst2_ffn_e4_k2/hpo/ours/trial_runs/coord_02_train_weight_decay_015/ours_s3_curve.csv
ours,coord_02_train_weight_decay_016,2,0.8956422018348624,0.8956422018348624,0.8956422018348624,False,/home/zhujjing/MOE-grad-conflict-routing/runs/paper_suite/single_gpu/single_task/roberta_sst2_ffn_e4_k2/hpo/ours/trial_runs/coord_02_train_weight_decay_016/ours_s2.json,/home/zhujjing/MOE-grad-conflict-routing/runs/paper_suite/single_gpu/single_task/roberta_sst2_ffn_e4_k2/hpo/ours/trial_runs/coord_02_train_weight_decay_016/ours_s2_curve.csv
ours,coord_02_train_weight_decay_016,3,0.9197247706422018,0.9197247706422018,0.9197247706422018,False,/home/zhujjing/MOE-grad-conflict-routing/runs/paper_suite/single_gpu/single_task/roberta_sst2_ffn_e4_k2/hpo/ours/trial_runs/coord_02_train_weight_decay_016/ours_s3.json,/home/zhujjing/MOE-grad-conflict-routing/runs/paper_suite/single_gpu/single_task/roberta_sst2_ffn_e4_k2/hpo/ours/trial_runs/coord_02_train_weight_decay_016/ours_s3_curve.csv
ours,coord_02_train_weight_decay_017,2,0.9036697247706422,0.9036697247706422,0.9036697247706422,False,/home/zhujjing/MOE-grad-conflict-routing/runs/paper_suite/single_gpu/single_task/roberta_sst2_ffn_e4_k2/hpo/ours/trial_runs/coord_02_train_weight_decay_017/ours_s2.json,/home/zhujjing/MOE-grad-conflict-routing/runs/paper_suite/single_gpu/single_task/roberta_sst2_ffn_e4_k2/hpo/ours/trial_runs/coord_02_train_weight_decay_017/ours_s2_curve.csv
ours,coord_02_train_weight_decay_017,3,0.9151376146788991,0.9151376146788991,0.9151376146788991,False,/home/zhujjing/MOE-grad-conflict-routing/runs/paper_suite/single_gpu/single_task/roberta_sst2_ffn_e4_k2/hpo/ours/trial_runs/coord_02_train_weight_decay_017/ours_s3.json,/home/zhujjing/MOE-grad-conflict-routing/runs/paper_suite/single_gpu/single_task/roberta_sst2_ffn_e4_k2/hpo/ours/trial_runs/coord_02_train_weight_decay_017/ours_s3_curve.csv
ours,coord_02_train_weight_decay_018,2,0.893348623853211,0.893348623853211,0.893348623853211,False,/home/zhujjing/MOE-grad-conflict-routing/runs/paper_suite/single_gpu/single_task/roberta_sst2_ffn_e4_k2/hpo/ours/trial_runs/coord_02_train_weight_decay_018/ours_s2.json,/home/zhujjing/MOE-grad-conflict-routing/runs/paper_suite/single_gpu/single_task/roberta_sst2_ffn_e4_k2/hpo/ours/trial_runs/coord_02_train_weight_decay_018/ours_s2_curve.csv
ours,coord_02_train_weight_decay_018,3,0.9105504587155964,0.9105504587155964,0.9105504587155964,False,/home/zhujjing/MOE-grad-conflict-routing/runs/paper_suite/single_gpu/single_task/roberta_sst2_ffn_e4_k2/hpo/ours/trial_runs/coord_02_train_weight_decay_018/ours_s3.json,/home/zhujjing/MOE-grad-conflict-routing/runs/paper_suite/single_gpu/single_task/roberta_sst2_ffn_e4_k2/hpo/ours/trial_runs/coord_02_train_weight_decay_018/ours_s3_curve.csv
ours,coord_02_train_weight_decay_019,2,0.8841743119266054,0.8818807339449541,0.8830275229357798,False,/home/zhujjing/MOE-grad-conflict-routing/runs/paper_suite/single_gpu/single_task/roberta_sst2_ffn_e4_k2/hpo/ours/trial_runs/coord_02_train_weight_decay_019/ours_s2.json,/home/zhujjing/MOE-grad-conflict-routing/runs/paper_suite/single_gpu/single_task/roberta_sst2_ffn_e4_k2/hpo/ours/trial_runs/coord_02_train_weight_decay_019/ours_s2_curve.csv
ours,coord_02_train_weight_decay_019,3,0.9105504587155964,0.9105504587155964,0.9105504587155964,False,/home/zhujjing/MOE-grad-conflict-routing/runs/paper_suite/single_gpu/single_task/roberta_sst2_ffn_e4_k2/hpo/ours/trial_runs/coord_02_train_weight_decay_019/ours_s3.json,/home/zhujjing/MOE-grad-conflict-routing/runs/paper_suite/single_gpu/single_task/roberta_sst2_ffn_e4_k2/hpo/ours/trial_runs/coord_02_train_weight_decay_019/ours_s3_curve.csv
ours,coord_02_train_weight_decay_020,2,0.8807339449541285,0.8807339449541285,0.8807339449541285,False,/home/zhujjing/MOE-grad-conflict-routing/runs/paper_suite/single_gpu/single_task/roberta_sst2_ffn_e4_k2/hpo/ours/trial_runs/coord_02_train_weight_decay_020/ours_s2.json,/home/zhujjing/MOE-grad-conflict-routing/runs/paper_suite/single_gpu/single_task/roberta_sst2_ffn_e4_k2/hpo/ours/trial_runs/coord_02_train_weight_decay_020/ours_s2_curve.csv
ours,coord_02_train_weight_decay_020,3,0.8910550458715596,0.8910550458715596,0.8910550458715596,False,/home/zhujjing/MOE-grad-conflict-routing/runs/paper_suite/single_gpu/single_task/roberta_sst2_ffn_e4_k2/hpo/ours/trial_runs/coord_02_train_weight_decay_020/ours_s3.json,/home/zhujjing/MOE-grad-conflict-routing/runs/paper_suite/single_gpu/single_task/roberta_sst2_ffn_e4_k2/hpo/ours/trial_runs/coord_02_train_weight_decay_020/ours_s3_curve.csv
ours,coord_02_train_weight_decay_021,2,0.8944954128440367,0.8876146788990825,0.8910550458715596,False,/home/zhujjing/MOE-grad-conflict-routing/runs/paper_suite/single_gpu/single_task/roberta_sst2_ffn_e4_k2/hpo/ours/trial_runs/coord_02_train_weight_decay_021/ours_s2.json,/home/zhujjing/MOE-grad-conflict-routing/runs/paper_suite/single_gpu/single_task/roberta_sst2_ffn_e4_k2/hpo/ours/trial_runs/coord_02_train_weight_decay_021/ours_s2_curve.csv
ours,coord_02_train_weight_decay_021,3,0.9139908256880734,0.9139908256880734,0.9139908256880734,False,/home/zhujjing/MOE-grad-conflict-routing/runs/paper_suite/single_gpu/single_task/roberta_sst2_ffn_e4_k2/hpo/ours/trial_runs/coord_02_train_weight_decay_021/ours_s3.json,/home/zhujjing/MOE-grad-conflict-routing/runs/paper_suite/single_gpu/single_task/roberta_sst2_ffn_e4_k2/hpo/ours/trial_runs/coord_02_train_weight_decay_021/ours_s3_curve.csv
ours,coord_02_train_weight_decay_022,2,0.9185779816513762,0.9185779816513762,0.9185779816513762,False,/home/zhujjing/MOE-grad-conflict-routing/runs/paper_suite/single_gpu/single_task/roberta_sst2_ffn_e4_k2/hpo/ours/trial_runs/coord_02_train_weight_decay_022/ours_s2.json,/home/zhujjing/MOE-grad-conflict-routing/runs/paper_suite/single_gpu/single_task/roberta_sst2_ffn_e4_k2/hpo/ours/trial_runs/coord_02_train_weight_decay_022/ours_s2_curve.csv
ours,coord_02_train_weight_decay_022,3,0.9151376146788991,0.9151376146788991,0.9151376146788991,False,/home/zhujjing/MOE-grad-conflict-routing/runs/paper_suite/single_gpu/single_task/roberta_sst2_ffn_e4_k2/hpo/ours/trial_runs/coord_02_train_weight_decay_022/ours_s3.json,/home/zhujjing/MOE-grad-conflict-routing/runs/paper_suite/single_gpu/single_task/roberta_sst2_ffn_e4_k2/hpo/ours/trial_runs/coord_02_train_weight_decay_022/ours_s3_curve.csv
ours,coord_03_anchor,2,0.8956422018348624,0.8956422018348624,0.8956422018348624,False,/home/zhujjing/MOE-grad-conflict-routing/runs/paper_suite/single_gpu/single_task/roberta_sst2_ffn_e4_k2/hpo/ours/trial_runs/coord_03_anchor/ours_s2.json,/home/zhujjing/MOE-grad-conflict-routing/runs/paper_suite/single_gpu/single_task/roberta_sst2_ffn_e4_k2/hpo/ours/trial_runs/coord_03_anchor/ours_s2_curve.csv
ours,coord_03_anchor,3,0.9128440366972477,0.9128440366972477,0.9128440366972477,False,/home/zhujjing/MOE-grad-conflict-routing/runs/paper_suite/single_gpu/single_task/roberta_sst2_ffn_e4_k2/hpo/ours/trial_runs/coord_03_anchor/ours_s3.json,/home/zhujjing/MOE-grad-conflict-routing/runs/paper_suite/single_gpu/single_task/roberta_sst2_ffn_e4_k2/hpo/ours/trial_runs/coord_03_anchor/ours_s3_curve.csv
ours,coord_03_train_grad_clip_000,2,0.8990825688073395,0.8990825688073395,0.8990825688073395,False,/home/zhujjing/MOE-grad-conflict-routing/runs/paper_suite/single_gpu/single_task/roberta_sst2_ffn_e4_k2/hpo/ours/trial_runs/coord_03_train_grad_clip_000/ours_s2.json,/home/zhujjing/MOE-grad-conflict-routing/runs/paper_suite/single_gpu/single_task/roberta_sst2_ffn_e4_k2/hpo/ours/trial_runs/coord_03_train_grad_clip_000/ours_s2_curve.csv
ours,coord_03_train_grad_clip_000,3,0.9059633027522935,0.9059633027522935,0.9059633027522935,False,/home/zhujjing/MOE-grad-conflict-routing/runs/paper_suite/single_gpu/single_task/roberta_sst2_ffn_e4_k2/hpo/ours/trial_runs/coord_03_train_grad_clip_000/ours_s3.json,/home/zhujjing/MOE-grad-conflict-routing/runs/paper_suite/single_gpu/single_task/roberta_sst2_ffn_e4_k2/hpo/ours/trial_runs/coord_03_train_grad_clip_000/ours_s3_curve.csv
ours,coord_03_train_grad_clip_001,2,0.8876146788990825,0.8876146788990825,0.8876146788990825,False,/home/zhujjing/MOE-grad-conflict-routing/runs/paper_suite/single_gpu/single_task/roberta_sst2_ffn_e4_k2/hpo/ours/trial_runs/coord_03_train_grad_clip_001/ours_s2.json,/home/zhujjing/MOE-grad-conflict-routing/runs/paper_suite/single_gpu/single_task/roberta_sst2_ffn_e4_k2/hpo/ours/trial_runs/coord_03_train_grad_clip_001/ours_s2_curve.csv
ours,coord_03_train_grad_clip_001,3,0.9036697247706422,0.9036697247706422,0.9036697247706422,False,/home/zhujjing/MOE-grad-conflict-routing/runs/paper_suite/single_gpu/single_task/roberta_sst2_ffn_e4_k2/hpo/ours/trial_runs/coord_03_train_grad_clip_001/ours_s3.json,/home/zhujjing/MOE-grad-conflict-routing/runs/paper_suite/single_gpu/single_task/roberta_sst2_ffn_e4_k2/hpo/ours/trial_runs/coord_03_train_grad_clip_001/ours_s3_curve.csv
ours,coord_03_train_grad_clip_002,2,0.908256880733945,0.908256880733945,0.908256880733945,False,/home/zhujjing/MOE-grad-conflict-routing/runs/paper_suite/single_gpu/single_task/roberta_sst2_ffn_e4_k2/hpo/ours/trial_runs/coord_03_train_grad_clip_002/ours_s2.json,/home/zhujjing/MOE-grad-conflict-routing/runs/paper_suite/single_gpu/single_task/roberta_sst2_ffn_e4_k2/hpo/ours/trial_runs/coord_03_train_grad_clip_002/ours_s2_curve.csv
ours,coord_03_train_grad_clip_002,3,0.9048165137614679,0.9048165137614679,0.9048165137614679,False,/home/zhujjing/MOE-grad-conflict-routing/runs/paper_suite/single_gpu/single_task/roberta_sst2_ffn_e4_k2/hpo/ours/trial_runs/coord_03_train_grad_clip_002/ours_s3.json,/home/zhujjing/MOE-grad-conflict-routing/runs/paper_suite/single_gpu/single_task/roberta_sst2_ffn_e4_k2/hpo/ours/trial_runs/coord_03_train_grad_clip_002/ours_s3_curve.csv
ours,coord_03_train_grad_clip_003,2,0.8899082568807339,0.8899082568807339,0.8899082568807339,False,/home/zhujjing/MOE-grad-conflict-routing/runs/paper_suite/single_gpu/single_task/roberta_sst2_ffn_e4_k2/hpo/ours/trial_runs/coord_03_train_grad_clip_003/ours_s2.json,/home/zhujjing/MOE-grad-conflict-routing/runs/paper_suite/single_gpu/single_task/roberta_sst2_ffn_e4_k2/hpo/ours/trial_runs/coord_03_train_grad_clip_003/ours_s2_curve.csv
ours,coord_03_train_grad_clip_003,3,0.9128440366972477,0.911697247706422,0.9122706422018348,False,/home/zhujjing/MOE-grad-conflict-routing/runs/paper_suite/single_gpu/single_task/roberta_sst2_ffn_e4_k2/hpo/ours/trial_runs/coord_03_train_grad_clip_003/ours_s3.json,/home/zhujjing/MOE-grad-conflict-routing/runs/paper_suite/single_gpu/single_task/roberta_sst2_ffn_e4_k2/hpo/ours/trial_runs/coord_03_train_grad_clip_003/ours_s3_curve.csv
ours,coord_03_train_grad_clip_004,2,0.9036697247706422,0.9036697247706422,0.9036697247706422,False,/home/zhujjing/MOE-grad-conflict-routing/runs/paper_suite/single_gpu/single_task/roberta_sst2_ffn_e4_k2/hpo/ours/trial_runs/coord_03_train_grad_clip_004/ours_s2.json,/home/zhujjing/MOE-grad-conflict-routing/runs/paper_suite/single_gpu/single_task/roberta_sst2_ffn_e4_k2/hpo/ours/trial_runs/coord_03_train_grad_clip_004/ours_s2_curve.csv
ours,coord_03_train_grad_clip_004,3,0.9220183486238532,0.9220183486238532,0.9220183486238532,False,/home/zhujjing/MOE-grad-conflict-routing/runs/paper_suite/single_gpu/single_task/roberta_sst2_ffn_e4_k2/hpo/ours/trial_runs/coord_03_train_grad_clip_004/ours_s3.json,/home/zhujjing/MOE-grad-conflict-routing/runs/paper_suite/single_gpu/single_task/roberta_sst2_ffn_e4_k2/hpo/ours/trial_runs/coord_03_train_grad_clip_004/ours_s3_curve.csv
ours,coord_03_train_grad_clip_005,2,0.893348623853211,0.893348623853211,0.893348623853211,False,/home/zhujjing/MOE-grad-conflict-routing/runs/paper_suite/single_gpu/single_task/roberta_sst2_ffn_e4_k2/hpo/ours/trial_runs/coord_03_train_grad_clip_005/ours_s2.json,/home/zhujjing/MOE-grad-conflict-routing/runs/paper_suite/single_gpu/single_task/roberta_sst2_ffn_e4_k2/hpo/ours/trial_runs/coord_03_train_grad_clip_005/ours_s2_curve.csv
ours,coord_03_train_grad_clip_005,3,0.9197247706422018,0.9197247706422018,0.9197247706422018,False,/home/zhujjing/MOE-grad-conflict-routing/runs/paper_suite/single_gpu/single_task/roberta_sst2_ffn_e4_k2/hpo/ours/trial_runs/coord_03_train_grad_clip_005/ours_s3.json,/home/zhujjing/MOE-grad-conflict-routing/runs/paper_suite/single_gpu/single_task/roberta_sst2_ffn_e4_k2/hpo/ours/trial_runs/coord_03_train_grad_clip_005/ours_s3_curve.csv
ours,coord_03_train_grad_clip_006,2,0.9139908256880734,0.9139908256880734,0.9139908256880734,False,/home/zhujjing/MOE-grad-conflict-routing/runs/paper_suite/single_gpu/single_task/roberta_sst2_ffn_e4_k2/hpo/ours/trial_runs/coord_03_train_grad_clip_006/ours_s2.json,/home/zhujjing/MOE-grad-conflict-routing/runs/paper_suite/single_gpu/single_task/roberta_sst2_ffn_e4_k2/hpo/ours/trial_runs/coord_03_train_grad_clip_006/ours_s2_curve.csv
ours,coord_03_train_grad_clip_006,3,0.9036697247706422,0.9036697247706422,0.9036697247706422,False,/home/zhujjing/MOE-grad-conflict-routing/runs/paper_suite/single_gpu/single_task/roberta_sst2_ffn_e4_k2/hpo/ours/trial_runs/coord_03_train_grad_clip_006/ours_s3.json,/home/zhujjing/MOE-grad-conflict-routing/runs/paper_suite/single_gpu/single_task/roberta_sst2_ffn_e4_k2/hpo/ours/trial_runs/coord_03_train_grad_clip_006/ours_s3_curve.csv
ours,coord_03_train_grad_clip_007,2,0.9059633027522935,0.9059633027522935,0.9059633027522935,False,/home/zhujjing/MOE-grad-conflict-routing/runs/paper_suite/single_gpu/single_task/roberta_sst2_ffn_e4_k2/hpo/ours/trial_runs/coord_03_train_grad_clip_007/ours_s2.json,/home/zhujjing/MOE-grad-conflict-routing/runs/paper_suite/single_gpu/single_task/roberta_sst2_ffn_e4_k2/hpo/ours/trial_runs/coord_03_train_grad_clip_007/ours_s2_curve.csv
ours,coord_03_train_grad_clip_007,3,0.9162844036697247,0.9162844036697247,0.9162844036697247,False,/home/zhujjing/MOE-grad-conflict-routing/runs/paper_suite/single_gpu/single_task/roberta_sst2_ffn_e4_k2/hpo/ours/trial_runs/coord_03_train_grad_clip_007/ours_s3.json,/home/zhujjing/MOE-grad-conflict-routing/runs/paper_suite/single_gpu/single_task/roberta_sst2_ffn_e4_k2/hpo/ours/trial_runs/coord_03_train_grad_clip_007/ours_s3_curve.csv
ours,coord_03_train_grad_clip_008,2,0.8761467889908257,0.8761467889908257,0.8761467889908257,False,/home/zhujjing/MOE-grad-conflict-routing/runs/paper_suite/single_gpu/single_task/roberta_sst2_ffn_e4_k2/hpo/ours/trial_runs/coord_03_train_grad_clip_008/ours_s2.json,/home/zhujjing/MOE-grad-conflict-routing/runs/paper_suite/single_gpu/single_task/roberta_sst2_ffn_e4_k2/hpo/ours/trial_runs/coord_03_train_grad_clip_008/ours_s2_curve.csv
ours,coord_03_train_grad_clip_008,3,0.9002293577981652,0.893348623853211,0.8967889908256881,False,/home/zhujjing/MOE-grad-conflict-routing/runs/paper_suite/single_gpu/single_task/roberta_sst2_ffn_e4_k2/hpo/ours/trial_runs/coord_03_train_grad_clip_008/ours_s3.json,/home/zhujjing/MOE-grad-conflict-routing/runs/paper_suite/single_gpu/single_task/roberta_sst2_ffn_e4_k2/hpo/ours/trial_runs/coord_03_train_grad_clip_008/ours_s3_curve.csv
ours,coord_03_train_grad_clip_009,2,0.9036697247706422,0.9036697247706422,0.9036697247706422,False,/home/zhujjing/MOE-grad-conflict-routing/runs/paper_suite/single_gpu/single_task/roberta_sst2_ffn_e4_k2/hpo/ours/trial_runs/coord_03_train_grad_clip_009/ours_s2.json,/home/zhujjing/MOE-grad-conflict-routing/runs/paper_suite/single_gpu/single_task/roberta_sst2_ffn_e4_k2/hpo/ours/trial_runs/coord_03_train_grad_clip_009/ours_s2_curve.csv
ours,coord_03_train_grad_clip_009,3,0.911697247706422,0.911697247706422,0.911697247706422,False,/home/zhujjing/MOE-grad-conflict-routing/runs/paper_suite/single_gpu/single_task/roberta_sst2_ffn_e4_k2/hpo/ours/trial_runs/coord_03_train_grad_clip_009/ours_s3.json,/home/zhujjing/MOE-grad-conflict-routing/runs/paper_suite/single_gpu/single_task/roberta_sst2_ffn_e4_k2/hpo/ours/trial_runs/coord_03_train_grad_clip_009/ours_s3_curve.csv
ours,coord_03_train_grad_clip_010,2,0.8887614678899083,0.8887614678899083,0.8887614678899083,False,/home/zhujjing/MOE-grad-conflict-routing/runs/paper_suite/single_gpu/single_task/roberta_sst2_ffn_e4_k2/hpo/ours/trial_runs/coord_03_train_grad_clip_010/ours_s2.json,/home/zhujjing/MOE-grad-conflict-routing/runs/paper_suite/single_gpu/single_task/roberta_sst2_ffn_e4_k2/hpo/ours/trial_runs/coord_03_train_grad_clip_010/ours_s2_curve.csv
ours,coord_03_train_grad_clip_010,3,0.9151376146788991,0.9151376146788991,0.9151376146788991,False,/home/zhujjing/MOE-grad-conflict-routing/runs/paper_suite/single_gpu/single_task/roberta_sst2_ffn_e4_k2/hpo/ours/trial_runs/coord_03_train_grad_clip_010/ours_s3.json,/home/zhujjing/MOE-grad-conflict-routing/runs/paper_suite/single_gpu/single_task/roberta_sst2_ffn_e4_k2/hpo/ours/trial_runs/coord_03_train_grad_clip_010/ours_s3_curve.csv
ours,coord_03_train_grad_clip_011,2,0.9059633027522935,0.9059633027522935,0.9059633027522935,False,/home/zhujjing/MOE-grad-conflict-routing/runs/paper_suite/single_gpu/single_task/roberta_sst2_ffn_e4_k2/hpo/ours/trial_runs/coord_03_train_grad_clip_011/ours_s2.json,/home/zhujjing/MOE-grad-conflict-routing/runs/paper_suite/single_gpu/single_task/roberta_sst2_ffn_e4_k2/hpo/ours/trial_runs/coord_03_train_grad_clip_011/ours_s2_curve.csv
ours,coord_03_train_grad_clip_011,3,0.9128440366972477,0.9128440366972477,0.9128440366972477,False,/home/zhujjing/MOE-grad-conflict-routing/runs/paper_suite/single_gpu/single_task/roberta_sst2_ffn_e4_k2/hpo/ours/trial_runs/coord_03_train_grad_clip_011/ours_s3.json,/home/zhujjing/MOE-grad-conflict-routing/runs/paper_suite/single_gpu/single_task/roberta_sst2_ffn_e4_k2/hpo/ours/trial_runs/coord_03_train_grad_clip_011/ours_s3_curve.csv
ours,coord_03_train_grad_clip_012,2,0.9151376146788991,0.9151376146788991,0.9151376146788991,False,/home/zhujjing/MOE-grad-conflict-routing/runs/paper_suite/single_gpu/single_task/roberta_sst2_ffn_e4_k2/hpo/ours/trial_runs/coord_03_train_grad_clip_012/ours_s2.json,/home/zhujjing/MOE-grad-conflict-routing/runs/paper_suite/single_gpu/single_task/roberta_sst2_ffn_e4_k2/hpo/ours/trial_runs/coord_03_train_grad_clip_012/ours_s2_curve.csv
ours,coord_03_train_grad_clip_012,3,0.9185779816513762,0.9185779816513762,0.9185779816513762,False,/home/zhujjing/MOE-grad-conflict-routing/runs/paper_suite/single_gpu/single_task/roberta_sst2_ffn_e4_k2/hpo/ours/trial_runs/coord_03_train_grad_clip_012/ours_s3.json,/home/zhujjing/MOE-grad-conflict-routing/runs/paper_suite/single_gpu/single_task/roberta_sst2_ffn_e4_k2/hpo/ours/trial_runs/coord_03_train_grad_clip_012/ours_s3_curve.csv
ours,coord_03_train_grad_clip_013,2,0.8967889908256881,0.8967889908256881,0.8967889908256881,False,/home/zhujjing/MOE-grad-conflict-routing/runs/paper_suite/single_gpu/single_task/roberta_sst2_ffn_e4_k2/hpo/ours/trial_runs/coord_03_train_grad_clip_013/ours_s2.json,/home/zhujjing/MOE-grad-conflict-routing/runs/paper_suite/single_gpu/single_task/roberta_sst2_ffn_e4_k2/hpo/ours/trial_runs/coord_03_train_grad_clip_013/ours_s2_curve.csv
ours,coord_03_train_grad_clip_013,3,0.908256880733945,0.908256880733945,0.908256880733945,False,/home/zhujjing/MOE-grad-conflict-routing/runs/paper_suite/single_gpu/single_task/roberta_sst2_ffn_e4_k2/hpo/ours/trial_runs/coord_03_train_grad_clip_013/ours_s3.json,/home/zhujjing/MOE-grad-conflict-routing/runs/paper_suite/single_gpu/single_task/roberta_sst2_ffn_e4_k2/hpo/ours/trial_runs/coord_03_train_grad_clip_013/ours_s3_curve.csv
ours,coord_03_train_grad_clip_014,2,0.9002293577981652,0.9002293577981652,0.9002293577981652,False,/home/zhujjing/MOE-grad-conflict-routing/runs/paper_suite/single_gpu/single_task/roberta_sst2_ffn_e4_k2/hpo/ours/trial_runs/coord_03_train_grad_clip_014/ours_s2.json,/home/zhujjing/MOE-grad-conflict-routing/runs/paper_suite/single_gpu/single_task/roberta_sst2_ffn_e4_k2/hpo/ours/trial_runs/coord_03_train_grad_clip_014/ours_s2_curve.csv
ours,coord_03_train_grad_clip_014,3,0.9105504587155964,0.9105504587155964,0.9105504587155964,False,/home/zhujjing/MOE-grad-conflict-routing/runs/paper_suite/single_gpu/single_task/roberta_sst2_ffn_e4_k2/hpo/ours/trial_runs/coord_03_train_grad_clip_014/ours_s3.json,/home/zhujjing/MOE-grad-conflict-routing/runs/paper_suite/single_gpu/single_task/roberta_sst2_ffn_e4_k2/hpo/ours/trial_runs/coord_03_train_grad_clip_014/ours_s3_curve.csv
ours,coord_03_train_grad_clip_015,2,0.9094036697247706,0.9094036697247706,0.9094036697247706,False,/home/zhujjing/MOE-grad-conflict-routing/runs/paper_suite/single_gpu/single_task/roberta_sst2_ffn_e4_k2/hpo/ours/trial_runs/coord_03_train_grad_clip_015/ours_s2.json,/home/zhujjing/MOE-grad-conflict-routing/runs/paper_suite/single_gpu/single_task/roberta_sst2_ffn_e4_k2/hpo/ours/trial_runs/coord_03_train_grad_clip_015/ours_s2_curve.csv
ours,coord_03_train_grad_clip_015,3,0.908256880733945,0.908256880733945,0.908256880733945,False,/home/zhujjing/MOE-grad-conflict-routing/runs/paper_suite/single_gpu/single_task/roberta_sst2_ffn_e4_k2/hpo/ours/trial_runs/coord_03_train_grad_clip_015/ours_s3.json,/home/zhujjing/MOE-grad-conflict-routing/runs/paper_suite/single_gpu/single_task/roberta_sst2_ffn_e4_k2/hpo/ours/trial_runs/coord_03_train_grad_clip_015/ours_s3_curve.csv
ours,coord_03_train_grad_clip_016,2,0.908256880733945,0.908256880733945,0.908256880733945,False,/home/zhujjing/MOE-grad-conflict-routing/runs/paper_suite/single_gpu/single_task/roberta_sst2_ffn_e4_k2/hpo/ours/trial_runs/coord_03_train_grad_clip_016/ours_s2.json,/home/zhujjing/MOE-grad-conflict-routing/runs/paper_suite/single_gpu/single_task/roberta_sst2_ffn_e4_k2/hpo/ours/trial_runs/coord_03_train_grad_clip_016/ours_s2_curve.csv
ours,coord_03_train_grad_clip_016,3,0.9059633027522935,0.9059633027522935,0.9059633027522935,False,/home/zhujjing/MOE-grad-conflict-routing/runs/paper_suite/single_gpu/single_task/roberta_sst2_ffn_e4_k2/hpo/ours/trial_runs/coord_03_train_grad_clip_016/ours_s3.json,/home/zhujjing/MOE-grad-conflict-routing/runs/paper_suite/single_gpu/single_task/roberta_sst2_ffn_e4_k2/hpo/ours/trial_runs/coord_03_train_grad_clip_016/ours_s3_curve.csv
ours,coord_03_train_grad_clip_017,2,0.8887614678899083,0.8807339449541285,0.8847477064220184,False,/home/zhujjing/MOE-grad-conflict-routing/runs/paper_suite/single_gpu/single_task/roberta_sst2_ffn_e4_k2/hpo/ours/trial_runs/coord_03_train_grad_clip_017/ours_s2.json,/home/zhujjing/MOE-grad-conflict-routing/runs/paper_suite/single_gpu/single_task/roberta_sst2_ffn_e4_k2/hpo/ours/trial_runs/coord_03_train_grad_clip_017/ours_s2_curve.csv
ours,coord_03_train_grad_clip_017,3,0.9036697247706422,0.9036697247706422,0.9036697247706422,False,/home/zhujjing/MOE-grad-conflict-routing/runs/paper_suite/single_gpu/single_task/roberta_sst2_ffn_e4_k2/hpo/ours/trial_runs/coord_03_train_grad_clip_017/ours_s3.json,/home/zhujjing/MOE-grad-conflict-routing/runs/paper_suite/single_gpu/single_task/roberta_sst2_ffn_e4_k2/hpo/ours/trial_runs/coord_03_train_grad_clip_017/ours_s3_curve.csv
ours,coord_03_train_grad_clip_018,2,0.8853211009174312,0.8772935779816514,0.8813073394495413,False,/home/zhujjing/MOE-grad-conflict-routing/runs/paper_suite/single_gpu/single_task/roberta_sst2_ffn_e4_k2/hpo/ours/trial_runs/coord_03_train_grad_clip_018/ours_s2.json,/home/zhujjing/MOE-grad-conflict-routing/runs/paper_suite/single_gpu/single_task/roberta_sst2_ffn_e4_k2/hpo/ours/trial_runs/coord_03_train_grad_clip_018/ours_s2_curve.csv
ours,coord_03_train_grad_clip_018,3,0.9197247706422018,0.9197247706422018,0.9197247706422018,False,/home/zhujjing/MOE-grad-conflict-routing/runs/paper_suite/single_gpu/single_task/roberta_sst2_ffn_e4_k2/hpo/ours/trial_runs/coord_03_train_grad_clip_018/ours_s3.json,/home/zhujjing/MOE-grad-conflict-routing/runs/paper_suite/single_gpu/single_task/roberta_sst2_ffn_e4_k2/hpo/ours/trial_runs/coord_03_train_grad_clip_018/ours_s3_curve.csv
ours,coord_03_train_grad_clip_019,2,0.8990825688073395,0.8990825688073395,0.8990825688073395,False,/home/zhujjing/MOE-grad-conflict-routing/runs/paper_suite/single_gpu/single_task/roberta_sst2_ffn_e4_k2/hpo/ours/trial_runs/coord_03_train_grad_clip_019/ours_s2.json,/home/zhujjing/MOE-grad-conflict-routing/runs/paper_suite/single_gpu/single_task/roberta_sst2_ffn_e4_k2/hpo/ours/trial_runs/coord_03_train_grad_clip_019/ours_s2_curve.csv
ours,coord_03_train_grad_clip_019,3,0.8887614678899083,0.8887614678899083,0.8887614678899083,False,/home/zhujjing/MOE-grad-conflict-routing/runs/paper_suite/single_gpu/single_task/roberta_sst2_ffn_e4_k2/hpo/ours/trial_runs/coord_03_train_grad_clip_019/ours_s3.json,/home/zhujjing/MOE-grad-conflict-routing/runs/paper_suite/single_gpu/single_task/roberta_sst2_ffn_e4_k2/hpo/ours/trial_runs/coord_03_train_grad_clip_019/ours_s3_curve.csv
ours,coord_03_train_grad_clip_020,2,0.8853211009174312,0.8853211009174312,0.8853211009174312,False,/home/zhujjing/MOE-grad-conflict-routing/runs/paper_suite/single_gpu/single_task/roberta_sst2_ffn_e4_k2/hpo/ours/trial_runs/coord_03_train_grad_clip_020/ours_s2.json,/home/zhujjing/MOE-grad-conflict-routing/runs/paper_suite/single_gpu/single_task/roberta_sst2_ffn_e4_k2/hpo/ours/trial_runs/coord_03_train_grad_clip_020/ours_s2_curve.csv
ours,coord_03_train_grad_clip_020,3,0.9013761467889908,0.9013761467889908,0.9013761467889908,False,/home/zhujjing/MOE-grad-conflict-routing/runs/paper_suite/single_gpu/single_task/roberta_sst2_ffn_e4_k2/hpo/ours/trial_runs/coord_03_train_grad_clip_020/ours_s3.json,/home/zhujjing/MOE-grad-conflict-routing/runs/paper_suite/single_gpu/single_task/roberta_sst2_ffn_e4_k2/hpo/ours/trial_runs/coord_03_train_grad_clip_020/ours_s3_curve.csv
ours,coord_03_train_grad_clip_021,2,0.8979357798165137,0.8979357798165137,0.8979357798165137,False,/home/zhujjing/MOE-grad-conflict-routing/runs/paper_suite/single_gpu/single_task/roberta_sst2_ffn_e4_k2/hpo/ours/trial_runs/coord_03_train_grad_clip_021/ours_s2.json,/home/zhujjing/MOE-grad-conflict-routing/runs/paper_suite/single_gpu/single_task/roberta_sst2_ffn_e4_k2/hpo/ours/trial_runs/coord_03_train_grad_clip_021/ours_s2_curve.csv
ours,coord_03_train_grad_clip_021,3,0.9002293577981652,0.8337155963302753,0.8669724770642202,False,/home/zhujjing/MOE-grad-conflict-routing/runs/paper_suite/single_gpu/single_task/roberta_sst2_ffn_e4_k2/hpo/ours/trial_runs/coord_03_train_grad_clip_021/ours_s3.json,/home/zhujjing/MOE-grad-conflict-routing/runs/paper_suite/single_gpu/single_task/roberta_sst2_ffn_e4_k2/hpo/ours/trial_runs/coord_03_train_grad_clip_021/ours_s3_curve.csv
ours,coord_03_train_grad_clip_022,2,0.8818807339449541,0.8818807339449541,0.8818807339449541,False,/home/zhujjing/MOE-grad-conflict-routing/runs/paper_suite/single_gpu/single_task/roberta_sst2_ffn_e4_k2/hpo/ours/trial_runs/coord_03_train_grad_clip_022/ours_s2.json,/home/zhujjing/MOE-grad-conflict-routing/runs/paper_suite/single_gpu/single_task/roberta_sst2_ffn_e4_k2/hpo/ours/trial_runs/coord_03_train_grad_clip_022/ours_s2_curve.csv
ours,coord_03_train_grad_clip_022,3,0.9025229357798165,0.9025229357798165,0.9025229357798165,False,/home/zhujjing/MOE-grad-conflict-routing/runs/paper_suite/single_gpu/single_task/roberta_sst2_ffn_e4_k2/hpo/ours/trial_runs/coord_03_train_grad_clip_022/ours_s3.json,/home/zhujjing/MOE-grad-conflict-routing/runs/paper_suite/single_gpu/single_task/roberta_sst2_ffn_e4_k2/hpo/ours/trial_runs/coord_03_train_grad_clip_022/ours_s3_curve.csv
ours,coord_04_anchor,2,0.8922018348623854,0.8922018348623854,0.8922018348623854,False,/home/zhujjing/MOE-grad-conflict-routing/runs/paper_suite/single_gpu/single_task/roberta_sst2_ffn_e4_k2/hpo/ours/trial_runs/coord_04_anchor/ours_s2.json,/home/zhujjing/MOE-grad-conflict-routing/runs/paper_suite/single_gpu/single_task/roberta_sst2_ffn_e4_k2/hpo/ours/trial_runs/coord_04_anchor/ours_s2_curve.csv
ours,coord_04_anchor,3,0.9151376146788991,0.9151376146788991,0.9151376146788991,False,/home/zhujjing/MOE-grad-conflict-routing/runs/paper_suite/single_gpu/single_task/roberta_sst2_ffn_e4_k2/hpo/ours/trial_runs/coord_04_anchor/ours_s3.json,/home/zhujjing/MOE-grad-conflict-routing/runs/paper_suite/single_gpu/single_task/roberta_sst2_ffn_e4_k2/hpo/ours/trial_runs/coord_04_anchor/ours_s3_curve.csv
ours,coord_04_method_ours_lambda_align_000,2,0.8979357798165137,0.8979357798165137,0.8979357798165137,False,/home/zhujjing/MOE-grad-conflict-routing/runs/paper_suite/single_gpu/single_task/roberta_sst2_ffn_e4_k2/hpo/ours/trial_runs/coord_04_method_ours_lambda_align_000/ours_s2.json,/home/zhujjing/MOE-grad-conflict-routing/runs/paper_suite/single_gpu/single_task/roberta_sst2_ffn_e4_k2/hpo/ours/trial_runs/coord_04_method_ours_lambda_align_000/ours_s2_curve.csv
ours,coord_04_method_ours_lambda_align_000,3,0.9094036697247706,0.9094036697247706,0.9094036697247706,False,/home/zhujjing/MOE-grad-conflict-routing/runs/paper_suite/single_gpu/single_task/roberta_sst2_ffn_e4_k2/hpo/ours/trial_runs/coord_04_method_ours_lambda_align_000/ours_s3.json,/home/zhujjing/MOE-grad-conflict-routing/runs/paper_suite/single_gpu/single_task/roberta_sst2_ffn_e4_k2/hpo/ours/trial_runs/coord_04_method_ours_lambda_align_000/ours_s3_curve.csv
ours,coord_04_method_ours_lambda_align_001,2,0.8899082568807339,0.8899082568807339,0.8899082568807339,False,/home/zhujjing/MOE-grad-conflict-routing/runs/paper_suite/single_gpu/single_task/roberta_sst2_ffn_e4_k2/hpo/ours/trial_runs/coord_04_method_ours_lambda_align_001/ours_s2.json,/home/zhujjing/MOE-grad-conflict-routing/runs/paper_suite/single_gpu/single_task/roberta_sst2_ffn_e4_k2/hpo/ours/trial_runs/coord_04_method_ours_lambda_align_001/ours_s2_curve.csv
ours,coord_04_method_ours_lambda_align_001,3,0.9094036697247706,0.9094036697247706,0.9094036697247706,False,/home/zhujjing/MOE-grad-conflict-routing/runs/paper_suite/single_gpu/single_task/roberta_sst2_ffn_e4_k2/hpo/ours/trial_runs/coord_04_method_ours_lambda_align_001/ours_s3.json,/home/zhujjing/MOE-grad-conflict-routing/runs/paper_suite/single_gpu/single_task/roberta_sst2_ffn_e4_k2/hpo/ours/trial_runs/coord_04_method_ours_lambda_align_001/ours_s3_curve.csv
ours,coord_04_method_ours_lambda_align_002,2,0.9059633027522935,0.9059633027522935,0.9059633027522935,False,/home/zhujjing/MOE-grad-conflict-routing/runs/paper_suite/single_gpu/single_task/roberta_sst2_ffn_e4_k2/hpo/ours/trial_runs/coord_04_method_ours_lambda_align_002/ours_s2.json,/home/zhujjing/MOE-grad-conflict-routing/runs/paper_suite/single_gpu/single_task/roberta_sst2_ffn_e4_k2/hpo/ours/trial_runs/coord_04_method_ours_lambda_align_002/ours_s2_curve.csv
ours,coord_04_method_ours_lambda_align_002,3,0.8990825688073395,0.8967889908256881,0.8979357798165137,False,/home/zhujjing/MOE-grad-conflict-routing/runs/paper_suite/single_gpu/single_task/roberta_sst2_ffn_e4_k2/hpo/ours/trial_runs/coord_04_method_ours_lambda_align_002/ours_s3.json,/home/zhujjing/MOE-grad-conflict-routing/runs/paper_suite/single_gpu/single_task/roberta_sst2_ffn_e4_k2/hpo/ours/trial_runs/coord_04_method_ours_lambda_align_002/ours_s3_curve.csv
ours,coord_04_method_ours_lambda_align_003,2,0.8956422018348624,0.8956422018348624,0.8956422018348624,False,/home/zhujjing/MOE-grad-conflict-routing/runs/paper_suite/single_gpu/single_task/roberta_sst2_ffn_e4_k2/hpo/ours/trial_runs/coord_04_method_ours_lambda_align_003/ours_s2.json,/home/zhujjing/MOE-grad-conflict-routing/runs/paper_suite/single_gpu/single_task/roberta_sst2_ffn_e4_k2/hpo/ours/trial_runs/coord_04_method_ours_lambda_align_003/ours_s2_curve.csv
ours,coord_04_method_ours_lambda_align_003,3,0.8956422018348624,0.8956422018348624,0.8956422018348624,False,/home/zhujjing/MOE-grad-conflict-routing/runs/paper_suite/single_gpu/single_task/roberta_sst2_ffn_e4_k2/hpo/ours/trial_runs/coord_04_method_ours_lambda_align_003/ours_s3.json,/home/zhujjing/MOE-grad-conflict-routing/runs/paper_suite/single_gpu/single_task/roberta_sst2_ffn_e4_k2/hpo/ours/trial_runs/coord_04_method_ours_lambda_align_003/ours_s3_curve.csv
ours,coord_04_method_ours_lambda_align_004,2,0.9105504587155964,0.9105504587155964,0.9105504587155964,False,/home/zhujjing/MOE-grad-conflict-routing/runs/paper_suite/single_gpu/single_task/roberta_sst2_ffn_e4_k2/hpo/ours/trial_runs/coord_04_method_ours_lambda_align_004/ours_s2.json,/home/zhujjing/MOE-grad-conflict-routing/runs/paper_suite/single_gpu/single_task/roberta_sst2_ffn_e4_k2/hpo/ours/trial_runs/coord_04_method_ours_lambda_align_004/ours_s2_curve.csv
ours,coord_04_method_ours_lambda_align_004,3,0.9105504587155964,0.9105504587155964,0.9105504587155964,False,/home/zhujjing/MOE-grad-conflict-routing/runs/paper_suite/single_gpu/single_task/roberta_sst2_ffn_e4_k2/hpo/ours/trial_runs/coord_04_method_ours_lambda_align_004/ours_s3.json,/home/zhujjing/MOE-grad-conflict-routing/runs/paper_suite/single_gpu/single_task/roberta_sst2_ffn_e4_k2/hpo/ours/trial_runs/coord_04_method_ours_lambda_align_004/ours_s3_curve.csv
ours,coord_04_method_ours_lambda_align_005,2,0.8979357798165137,0.8979357798165137,0.8979357798165137,False,/home/zhujjing/MOE-grad-conflict-routing/runs/paper_suite/single_gpu/single_task/roberta_sst2_ffn_e4_k2/hpo/ours/trial_runs/coord_04_method_ours_lambda_align_005/ours_s2.json,/home/zhujjing/MOE-grad-conflict-routing/runs/paper_suite/single_gpu/single_task/roberta_sst2_ffn_e4_k2/hpo/ours/trial_runs/coord_04_method_ours_lambda_align_005/ours_s2_curve.csv
ours,coord_04_method_ours_lambda_align_005,3,0.911697247706422,0.911697247706422,0.911697247706422,False,/home/zhujjing/MOE-grad-conflict-routing/runs/paper_suite/single_gpu/single_task/roberta_sst2_ffn_e4_k2/hpo/ours/trial_runs/coord_04_method_ours_lambda_align_005/ours_s3.json,/home/zhujjing/MOE-grad-conflict-routing/runs/paper_suite/single_gpu/single_task/roberta_sst2_ffn_e4_k2/hpo/ours/trial_runs/coord_04_method_ours_lambda_align_005/ours_s3_curve.csv
ours,coord_04_method_ours_lambda_align_006,2,0.8922018348623854,0.8922018348623854,0.8922018348623854,False,/home/zhujjing/MOE-grad-conflict-routing/runs/paper_suite/single_gpu/single_task/roberta_sst2_ffn_e4_k2/hpo/ours/trial_runs/coord_04_method_ours_lambda_align_006/ours_s2.json,/home/zhujjing/MOE-grad-conflict-routing/runs/paper_suite/single_gpu/single_task/roberta_sst2_ffn_e4_k2/hpo/ours/trial_runs/coord_04_method_ours_lambda_align_006/ours_s2_curve.csv
ours,coord_04_method_ours_lambda_align_006,3,0.9105504587155964,0.9105504587155964,0.9105504587155964,False,/home/zhujjing/MOE-grad-conflict-routing/runs/paper_suite/single_gpu/single_task/roberta_sst2_ffn_e4_k2/hpo/ours/trial_runs/coord_04_method_ours_lambda_align_006/ours_s3.json,/home/zhujjing/MOE-grad-conflict-routing/runs/paper_suite/single_gpu/single_task/roberta_sst2_ffn_e4_k2/hpo/ours/trial_runs/coord_04_method_ours_lambda_align_006/ours_s3_curve.csv
ours,coord_04_method_ours_lambda_align_007,2,0.8830275229357798,0.8830275229357798,0.8830275229357798,False,/home/zhujjing/MOE-grad-conflict-routing/runs/paper_suite/single_gpu/single_task/roberta_sst2_ffn_e4_k2/hpo/ours/trial_runs/coord_04_method_ours_lambda_align_007/ours_s2.json,/home/zhujjing/MOE-grad-conflict-routing/runs/paper_suite/single_gpu/single_task/roberta_sst2_ffn_e4_k2/hpo/ours/trial_runs/coord_04_method_ours_lambda_align_007/ours_s2_curve.csv
ours,coord_04_method_ours_lambda_align_007,3,0.9036697247706422,0.9036697247706422,0.9036697247706422,False,/home/zhujjing/MOE-grad-conflict-routing/runs/paper_suite/single_gpu/single_task/roberta_sst2_ffn_e4_k2/hpo/ours/trial_runs/coord_04_method_ours_lambda_align_007/ours_s3.json,/home/zhujjing/MOE-grad-conflict-routing/runs/paper_suite/single_gpu/single_task/roberta_sst2_ffn_e4_k2/hpo/ours/trial_runs/coord_04_method_ours_lambda_align_007/ours_s3_curve.csv
ours,coord_04_method_ours_lambda_align_008,2,0.8669724770642202,0.8291284403669725,0.8480504587155964,False,/home/zhujjing/MOE-grad-conflict-routing/runs/paper_suite/single_gpu/single_task/roberta_sst2_ffn_e4_k2/hpo/ours/trial_runs/coord_04_method_ours_lambda_align_008/ours_s2.json,/home/zhujjing/MOE-grad-conflict-routing/runs/paper_suite/single_gpu/single_task/roberta_sst2_ffn_e4_k2/hpo/ours/trial_runs/coord_04_method_ours_lambda_align_008/ours_s2_curve.csv
ours,coord_04_method_ours_lambda_align_008,3,0.8967889908256881,0.8967889908256881,0.8967889908256881,False,/home/zhujjing/MOE-grad-conflict-routing/runs/paper_suite/single_gpu/single_task/roberta_sst2_ffn_e4_k2/hpo/ours/trial_runs/coord_04_method_ours_lambda_align_008/ours_s3.json,/home/zhujjing/MOE-grad-conflict-routing/runs/paper_suite/single_gpu/single_task/roberta_sst2_ffn_e4_k2/hpo/ours/trial_runs/coord_04_method_ours_lambda_align_008/ours_s3_curve.csv
ours,coord_04_method_ours_lambda_align_009,2,0.9071100917431193,0.9071100917431193,0.9071100917431193,False,/home/zhujjing/MOE-grad-conflict-routing/runs/paper_suite/single_gpu/single_task/roberta_sst2_ffn_e4_k2/hpo/ours/trial_runs/coord_04_method_ours_lambda_align_009/ours_s2.json,/home/zhujjing/MOE-grad-conflict-routing/runs/paper_suite/single_gpu/single_task/roberta_sst2_ffn_e4_k2/hpo/ours/trial_runs/coord_04_method_ours_lambda_align_009/ours_s2_curve.csv
ours,coord_04_method_ours_lambda_align_009,3,0.8967889908256881,0.8967889908256881,0.8967889908256881,False,/home/zhujjing/MOE-grad-conflict-routing/runs/paper_suite/single_gpu/single_task/roberta_sst2_ffn_e4_k2/hpo/ours/trial_runs/coord_04_method_ours_lambda_align_009/ours_s3.json,/home/zhujjing/MOE-grad-conflict-routing/runs/paper_suite/single_gpu/single_task/roberta_sst2_ffn_e4_k2/hpo/ours/trial_runs/coord_04_method_ours_lambda_align_009/ours_s3_curve.csv
ours,coord_04_method_ours_lambda_align_010,2,0.9048165137614679,0.9048165137614679,0.9048165137614679,False,/home/zhujjing/MOE-grad-conflict-routing/runs/paper_suite/single_gpu/single_task/roberta_sst2_ffn_e4_k2/hpo/ours/trial_runs/coord_04_method_ours_lambda_align_010/ours_s2.json,/home/zhujjing/MOE-grad-conflict-routing/runs/paper_suite/single_gpu/single_task/roberta_sst2_ffn_e4_k2/hpo/ours/trial_runs/coord_04_method_ours_lambda_align_010/ours_s2_curve.csv
ours,coord_04_method_ours_lambda_align_010,3,0.9071100917431193,0.9071100917431193,0.9071100917431193,False,/home/zhujjing/MOE-grad-conflict-routing/runs/paper_suite/single_gpu/single_task/roberta_sst2_ffn_e4_k2/hpo/ours/trial_runs/coord_04_method_ours_lambda_align_010/ours_s3.json,/home/zhujjing/MOE-grad-conflict-routing/runs/paper_suite/single_gpu/single_task/roberta_sst2_ffn_e4_k2/hpo/ours/trial_runs/coord_04_method_ours_lambda_align_010/ours_s3_curve.csv
ours,coord_04_method_ours_lambda_align_011,2,0.9013761467889908,0.9013761467889908,0.9013761467889908,False,/home/zhujjing/MOE-grad-conflict-routing/runs/paper_suite/single_gpu/single_task/roberta_sst2_ffn_e4_k2/hpo/ours/trial_runs/coord_04_method_ours_lambda_align_011/ours_s2.json,/home/zhujjing/MOE-grad-conflict-routing/runs/paper_suite/single_gpu/single_task/roberta_sst2_ffn_e4_k2/hpo/ours/trial_runs/coord_04_method_ours_lambda_align_011/ours_s2_curve.csv
ours,coord_04_method_ours_lambda_align_011,3,0.9243119266055045,0.9243119266055045,0.9243119266055045,False,/home/zhujjing/MOE-grad-conflict-routing/runs/paper_suite/single_gpu/single_task/roberta_sst2_ffn_e4_k2/hpo/ours/trial_runs/coord_04_method_ours_lambda_align_011/ours_s3.json,/home/zhujjing/MOE-grad-conflict-routing/runs/paper_suite/single_gpu/single_task/roberta_sst2_ffn_e4_k2/hpo/ours/trial_runs/coord_04_method_ours_lambda_align_011/ours_s3_curve.csv
ours,coord_04_method_ours_lambda_align_012,2,0.9002293577981652,0.9002293577981652,0.9002293577981652,False,/home/zhujjing/MOE-grad-conflict-routing/runs/paper_suite/single_gpu/single_task/roberta_sst2_ffn_e4_k2/hpo/ours/trial_runs/coord_04_method_ours_lambda_align_012/ours_s2.json,/home/zhujjing/MOE-grad-conflict-routing/runs/paper_suite/single_gpu/single_task/roberta_sst2_ffn_e4_k2/hpo/ours/trial_runs/coord_04_method_ours_lambda_align_012/ours_s2_curve.csv
ours,coord_04_method_ours_lambda_align_012,3,0.9139908256880734,0.9139908256880734,0.9139908256880734,False,/home/zhujjing/MOE-grad-conflict-routing/runs/paper_suite/single_gpu/single_task/roberta_sst2_ffn_e4_k2/hpo/ours/trial_runs/coord_04_method_ours_lambda_align_012/ours_s3.json,/home/zhujjing/MOE-grad-conflict-routing/runs/paper_suite/single_gpu/single_task/roberta_sst2_ffn_e4_k2/hpo/ours/trial_runs/coord_04_method_ours_lambda_align_012/ours_s3_curve.csv
ours,coord_04_method_ours_lambda_align_013,2,0.8509174311926605,0.8509174311926605,0.8509174311926605,False,/home/zhujjing/MOE-grad-conflict-routing/runs/paper_suite/single_gpu/single_task/roberta_sst2_ffn_e4_k2/hpo/ours/trial_runs/coord_04_method_ours_lambda_align_013/ours_s2.json,/home/zhujjing/MOE-grad-conflict-routing/runs/paper_suite/single_gpu/single_task/roberta_sst2_ffn_e4_k2/hpo/ours/trial_runs/coord_04_method_ours_lambda_align_013/ours_s2_curve.csv
ours,coord_04_method_ours_lambda_align_013,3,0.9128440366972477,0.9128440366972477,0.9128440366972477,False,/home/zhujjing/MOE-grad-conflict-routing/runs/paper_suite/single_gpu/single_task/roberta_sst2_ffn_e4_k2/hpo/ours/trial_runs/coord_04_method_ours_lambda_align_013/ours_s3.json,/home/zhujjing/MOE-grad-conflict-routing/runs/paper_suite/single_gpu/single_task/roberta_sst2_ffn_e4_k2/hpo/ours/trial_runs/coord_04_method_ours_lambda_align_013/ours_s3_curve.csv
ours,coord_04_method_ours_lambda_align_014,2,0.9162844036697247,0.9162844036697247,0.9162844036697247,False,/home/zhujjing/MOE-grad-conflict-routing/runs/paper_suite/single_gpu/single_task/roberta_sst2_ffn_e4_k2/hpo/ours/trial_runs/coord_04_method_ours_lambda_align_014/ours_s2.json,/home/zhujjing/MOE-grad-conflict-routing/runs/paper_suite/single_gpu/single_task/roberta_sst2_ffn_e4_k2/hpo/ours/trial_runs/coord_04_method_ours_lambda_align_014/ours_s2_curve.csv
ours,coord_04_method_ours_lambda_align_014,3,0.9105504587155964,0.908256880733945,0.9094036697247707,False,/home/zhujjing/MOE-grad-conflict-routing/runs/paper_suite/single_gpu/single_task/roberta_sst2_ffn_e4_k2/hpo/ours/trial_runs/coord_04_method_ours_lambda_align_014/ours_s3.json,/home/zhujjing/MOE-grad-conflict-routing/runs/paper_suite/single_gpu/single_task/roberta_sst2_ffn_e4_k2/hpo/ours/trial_runs/coord_04_method_ours_lambda_align_014/ours_s3_curve.csv
ours,coord_04_method_ours_lambda_align_015,2,0.8956422018348624,0.8956422018348624,0.8956422018348624,False,/home/zhujjing/MOE-grad-conflict-routing/runs/paper_suite/single_gpu/single_task/roberta_sst2_ffn_e4_k2/hpo/ours/trial_runs/coord_04_method_ours_lambda_align_015/ours_s2.json,/home/zhujjing/MOE-grad-conflict-routing/runs/paper_suite/single_gpu/single_task/roberta_sst2_ffn_e4_k2/hpo/ours/trial_runs/coord_04_method_ours_lambda_align_015/ours_s2_curve.csv
ours,coord_04_method_ours_lambda_align_015,3,0.9197247706422018,0.9197247706422018,0.9197247706422018,False,/home/zhujjing/MOE-grad-conflict-routing/runs/paper_suite/single_gpu/single_task/roberta_sst2_ffn_e4_k2/hpo/ours/trial_runs/coord_04_method_ours_lambda_align_015/ours_s3.json,/home/zhujjing/MOE-grad-conflict-routing/runs/paper_suite/single_gpu/single_task/roberta_sst2_ffn_e4_k2/hpo/ours/trial_runs/coord_04_method_ours_lambda_align_015/ours_s3_curve.csv
ours,coord_04_method_ours_lambda_align_016,2,0.908256880733945,0.908256880733945,0.908256880733945,False,/home/zhujjing/MOE-grad-conflict-routing/runs/paper_suite/single_gpu/single_task/roberta_sst2_ffn_e4_k2/hpo/ours/trial_runs/coord_04_method_ours_lambda_align_016/ours_s2.json,/home/zhujjing/MOE-grad-conflict-routing/runs/paper_suite/single_gpu/single_task/roberta_sst2_ffn_e4_k2/hpo/ours/trial_runs/coord_04_method_ours_lambda_align_016/ours_s2_curve.csv
ours,coord_04_method_ours_lambda_align_016,3,0.9002293577981652,0.9002293577981652,0.9002293577981652,False,/home/zhujjing/MOE-grad-conflict-routing/runs/paper_suite/single_gpu/single_task/roberta_sst2_ffn_e4_k2/hpo/ours/trial_runs/coord_04_method_ours_lambda_align_016/ours_s3.json,/home/zhujjing/MOE-grad-conflict-routing/runs/paper_suite/single_gpu/single_task/roberta_sst2_ffn_e4_k2/hpo/ours/trial_runs/coord_04_method_ours_lambda_align_016/ours_s3_curve.csv
ours,coord_04_method_ours_lambda_align_017,2,0.8658256880733946,0.8658256880733946,0.8658256880733946,False,/home/zhujjing/MOE-grad-conflict-routing/runs/paper_suite/single_gpu/single_task/roberta_sst2_ffn_e4_k2/hpo/ours/trial_runs/coord_04_method_ours_lambda_align_017/ours_s2.json,/home/zhujjing/MOE-grad-conflict-routing/runs/paper_suite/single_gpu/single_task/roberta_sst2_ffn_e4_k2/hpo/ours/trial_runs/coord_04_method_ours_lambda_align_017/ours_s2_curve.csv
ours,coord_04_method_ours_lambda_align_017,3,0.9162844036697247,0.9162844036697247,0.9162844036697247,False,/home/zhujjing/MOE-grad-conflict-routing/runs/paper_suite/single_gpu/single_task/roberta_sst2_ffn_e4_k2/hpo/ours/trial_runs/coord_04_method_ours_lambda_align_017/ours_s3.json,/home/zhujjing/MOE-grad-conflict-routing/runs/paper_suite/single_gpu/single_task/roberta_sst2_ffn_e4_k2/hpo/ours/trial_runs/coord_04_method_ours_lambda_align_017/ours_s3_curve.csv
ours,coord_04_method_ours_lambda_align_018,2,0.9048165137614679,0.9048165137614679,0.9048165137614679,False,/home/zhujjing/MOE-grad-conflict-routing/runs/paper_suite/single_gpu/single_task/roberta_sst2_ffn_e4_k2/hpo/ours/trial_runs/coord_04_method_ours_lambda_align_018/ours_s2.json,/home/zhujjing/MOE-grad-conflict-routing/runs/paper_suite/single_gpu/single_task/roberta_sst2_ffn_e4_k2/hpo/ours/trial_runs/coord_04_method_ours_lambda_align_018/ours_s2_curve.csv
ours,coord_04_method_ours_lambda_align_018,3,0.9105504587155964,0.9105504587155964,0.9105504587155964,False,/home/zhujjing/MOE-grad-conflict-routing/runs/paper_suite/single_gpu/single_task/roberta_sst2_ffn_e4_k2/hpo/ours/trial_runs/coord_04_method_ours_lambda_align_018/ours_s3.json,/home/zhujjing/MOE-grad-conflict-routing/runs/paper_suite/single_gpu/single_task/roberta_sst2_ffn_e4_k2/hpo/ours/trial_runs/coord_04_method_ours_lambda_align_018/ours_s3_curve.csv
ours,coord_04_method_ours_lambda_align_019,2,0.8864678899082569,0.8486238532110092,0.867545871559633,False,/home/zhujjing/MOE-grad-conflict-routing/runs/paper_suite/single_gpu/single_task/roberta_sst2_ffn_e4_k2/hpo/ours/trial_runs/coord_04_method_ours_lambda_align_019/ours_s2.json,/home/zhujjing/MOE-grad-conflict-routing/runs/paper_suite/single_gpu/single_task/roberta_sst2_ffn_e4_k2/hpo/ours/trial_runs/coord_04_method_ours_lambda_align_019/ours_s2_curve.csv
ours,coord_04_method_ours_lambda_align_019,3,0.8899082568807339,0.8876146788990825,0.8887614678899083,False,/home/zhujjing/MOE-grad-conflict-routing/runs/paper_suite/single_gpu/single_task/roberta_sst2_ffn_e4_k2/hpo/ours/trial_runs/coord_04_method_ours_lambda_align_019/ours_s3.json,/home/zhujjing/MOE-grad-conflict-routing/runs/paper_suite/single_gpu/single_task/roberta_sst2_ffn_e4_k2/hpo/ours/trial_runs/coord_04_method_ours_lambda_align_019/ours_s3_curve.csv
ours,coord_04_method_ours_lambda_align_020,2,0.8497706422018348,0.6353211009174312,0.742545871559633,False,/home/zhujjing/MOE-grad-conflict-routing/runs/paper_suite/single_gpu/single_task/roberta_sst2_ffn_e4_k2/hpo/ours/trial_runs/coord_04_method_ours_lambda_align_020/ours_s2.json,/home/zhujjing/MOE-grad-conflict-routing/runs/paper_suite/single_gpu/single_task/roberta_sst2_ffn_e4_k2/hpo/ours/trial_runs/coord_04_method_ours_lambda_align_020/ours_s2_curve.csv
ours,coord_04_method_ours_lambda_align_020,3,0.8990825688073395,0.8990825688073395,0.8990825688073395,False,/home/zhujjing/MOE-grad-conflict-routing/runs/paper_suite/single_gpu/single_task/roberta_sst2_ffn_e4_k2/hpo/ours/trial_runs/coord_04_method_ours_lambda_align_020/ours_s3.json,/home/zhujjing/MOE-grad-conflict-routing/runs/paper_suite/single_gpu/single_task/roberta_sst2_ffn_e4_k2/hpo/ours/trial_runs/coord_04_method_ours_lambda_align_020/ours_s3_curve.csv
ours,coord_04_method_ours_lambda_align_021,2,0.8979357798165137,0.8979357798165137,0.8979357798165137,False,/home/zhujjing/MOE-grad-conflict-routing/runs/paper_suite/single_gpu/single_task/roberta_sst2_ffn_e4_k2/hpo/ours/trial_runs/coord_04_method_ours_lambda_align_021/ours_s2.json,/home/zhujjing/MOE-grad-conflict-routing/runs/paper_suite/single_gpu/single_task/roberta_sst2_ffn_e4_k2/hpo/ours/trial_runs/coord_04_method_ours_lambda_align_021/ours_s2_curve.csv
ours,coord_04_method_ours_lambda_align_021,3,0.9185779816513762,0.9185779816513762,0.9185779816513762,False,/home/zhujjing/MOE-grad-conflict-routing/runs/paper_suite/single_gpu/single_task/roberta_sst2_ffn_e4_k2/hpo/ours/trial_runs/coord_04_method_ours_lambda_align_021/ours_s3.json,/home/zhujjing/MOE-grad-conflict-routing/runs/paper_suite/single_gpu/single_task/roberta_sst2_ffn_e4_k2/hpo/ours/trial_runs/coord_04_method_ours_lambda_align_021/ours_s3_curve.csv
ours,coord_04_method_ours_lambda_align_022,2,0.8738532110091743,0.8738532110091743,0.8738532110091743,False,/home/zhujjing/MOE-grad-conflict-routing/runs/paper_suite/single_gpu/single_task/roberta_sst2_ffn_e4_k2/hpo/ours/trial_runs/coord_04_method_ours_lambda_align_022/ours_s2.json,/home/zhujjing/MOE-grad-conflict-routing/runs/paper_suite/single_gpu/single_task/roberta_sst2_ffn_e4_k2/hpo/ours/trial_runs/coord_04_method_ours_lambda_align_022/ours_s2_curve.csv
ours,coord_04_method_ours_lambda_align_022,3,0.9025229357798165,0.9025229357798165,0.9025229357798165,False,/home/zhujjing/MOE-grad-conflict-routing/runs/paper_suite/single_gpu/single_task/roberta_sst2_ffn_e4_k2/hpo/ours/trial_runs/coord_04_method_ours_lambda_align_022/ours_s3.json,/home/zhujjing/MOE-grad-conflict-routing/runs/paper_suite/single_gpu/single_task/roberta_sst2_ffn_e4_k2/hpo/ours/trial_runs/coord_04_method_ours_lambda_align_022/ours_s3_curve.csv
ours,local_var_topk_000,2,0.8864678899082569,0.8864678899082569,0.8864678899082569,False,/home/zhujjing/MOE-grad-conflict-routing/runs/paper_suite/single_gpu/single_task/roberta_sst2_ffn_e4_k2/hpo/ours/trial_runs/local_var_topk_000/ours_s2.json,/home/zhujjing/MOE-grad-conflict-routing/runs/paper_suite/single_gpu/single_task/roberta_sst2_ffn_e4_k2/hpo/ours/trial_runs/local_var_topk_000/ours_s2_curve.csv
ours,local_var_topk_000,3,0.9013761467889908,0.9013761467889908,0.9013761467889908,False,/home/zhujjing/MOE-grad-conflict-routing/runs/paper_suite/single_gpu/single_task/roberta_sst2_ffn_e4_k2/hpo/ours/trial_runs/local_var_topk_000/ours_s3.json,/home/zhujjing/MOE-grad-conflict-routing/runs/paper_suite/single_gpu/single_task/roberta_sst2_ffn_e4_k2/hpo/ours/trial_runs/local_var_topk_000/ours_s3_curve.csv
ours,local_var_topk_001,2,0.893348623853211,0.893348623853211,0.893348623853211,False,/home/zhujjing/MOE-grad-conflict-routing/runs/paper_suite/single_gpu/single_task/roberta_sst2_ffn_e4_k2/hpo/ours/trial_runs/local_var_topk_001/ours_s2.json,/home/zhujjing/MOE-grad-conflict-routing/runs/paper_suite/single_gpu/single_task/roberta_sst2_ffn_e4_k2/hpo/ours/trial_runs/local_var_topk_001/ours_s2_curve.csv
ours,local_var_topk_001,3,0.9036697247706422,0.9036697247706422,0.9036697247706422,False,/home/zhujjing/MOE-grad-conflict-routing/runs/paper_suite/single_gpu/single_task/roberta_sst2_ffn_e4_k2/hpo/ours/trial_runs/local_var_topk_001/ours_s3.json,/home/zhujjing/MOE-grad-conflict-routing/runs/paper_suite/single_gpu/single_task/roberta_sst2_ffn_e4_k2/hpo/ours/trial_runs/local_var_topk_001/ours_s3_curve.csv
ours,local_var_topk_002,2,0.9059633027522935,0.9059633027522935,0.9059633027522935,False,/home/zhujjing/MOE-grad-conflict-routing/runs/paper_suite/single_gpu/single_task/roberta_sst2_ffn_e4_k2/hpo/ours/trial_runs/local_var_topk_002/ours_s2.json,/home/zhujjing/MOE-grad-conflict-routing/runs/paper_suite/single_gpu/single_task/roberta_sst2_ffn_e4_k2/hpo/ours/trial_runs/local_var_topk_002/ours_s2_curve.csv
ours,local_var_topk_002,3,0.9036697247706422,0.9036697247706422,0.9036697247706422,False,/home/zhujjing/MOE-grad-conflict-routing/runs/paper_suite/single_gpu/single_task/roberta_sst2_ffn_e4_k2/hpo/ours/trial_runs/local_var_topk_002/ours_s3.json,/home/zhujjing/MOE-grad-conflict-routing/runs/paper_suite/single_gpu/single_task/roberta_sst2_ffn_e4_k2/hpo/ours/trial_runs/local_var_topk_002/ours_s3_curve.csv
ours,local_var_topk_003,2,0.9013761467889908,0.9013761467889908,0.9013761467889908,False,/home/zhujjing/MOE-grad-conflict-routing/runs/paper_suite/single_gpu/single_task/roberta_sst2_ffn_e4_k2/hpo/ours/trial_runs/local_var_topk_003/ours_s2.json,/home/zhujjing/MOE-grad-conflict-routing/runs/paper_suite/single_gpu/single_task/roberta_sst2_ffn_e4_k2/hpo/ours/trial_runs/local_var_topk_003/ours_s2_curve.csv
ours,local_var_topk_003,3,0.9071100917431193,0.9071100917431193,0.9071100917431193,False,/home/zhujjing/MOE-grad-conflict-routing/runs/paper_suite/single_gpu/single_task/roberta_sst2_ffn_e4_k2/hpo/ours/trial_runs/local_var_topk_003/ours_s3.json,/home/zhujjing/MOE-grad-conflict-routing/runs/paper_suite/single_gpu/single_task/roberta_sst2_ffn_e4_k2/hpo/ours/trial_runs/local_var_topk_003/ours_s3_curve.csv
ours,local_var_topk_004,2,0.8967889908256881,0.8967889908256881,0.8967889908256881,False,/home/zhujjing/MOE-grad-conflict-routing/runs/paper_suite/single_gpu/single_task/roberta_sst2_ffn_e4_k2/hpo/ours/trial_runs/local_var_topk_004/ours_s2.json,/home/zhujjing/MOE-grad-conflict-routing/runs/paper_suite/single_gpu/single_task/roberta_sst2_ffn_e4_k2/hpo/ours/trial_runs/local_var_topk_004/ours_s2_curve.csv
ours,local_var_topk_004,3,0.911697247706422,0.911697247706422,0.911697247706422,False,/home/zhujjing/MOE-grad-conflict-routing/runs/paper_suite/single_gpu/single_task/roberta_sst2_ffn_e4_k2/hpo/ours/trial_runs/local_var_topk_004/ours_s3.json,/home/zhujjing/MOE-grad-conflict-routing/runs/paper_suite/single_gpu/single_task/roberta_sst2_ffn_e4_k2/hpo/ours/trial_runs/local_var_topk_004/ours_s3_curve.csv
ours,local_var_topk_005,2,0.8772935779816514,0.8772935779816514,0.8772935779816514,False,/home/zhujjing/MOE-grad-conflict-routing/runs/paper_suite/single_gpu/single_task/roberta_sst2_ffn_e4_k2/hpo/ours/trial_runs/local_var_topk_005/ours_s2.json,/home/zhujjing/MOE-grad-conflict-routing/runs/paper_suite/single_gpu/single_task/roberta_sst2_ffn_e4_k2/hpo/ours/trial_runs/local_var_topk_005/ours_s2_curve.csv
ours,local_var_topk_005,3,0.9036697247706422,0.9036697247706422,0.9036697247706422,False,/home/zhujjing/MOE-grad-conflict-routing/runs/paper_suite/single_gpu/single_task/roberta_sst2_ffn_e4_k2/hpo/ours/trial_runs/local_var_topk_005/ours_s3.json,/home/zhujjing/MOE-grad-conflict-routing/runs/paper_suite/single_gpu/single_task/roberta_sst2_ffn_e4_k2/hpo/ours/trial_runs/local_var_topk_005/ours_s3_curve.csv
ours,local_var_topk_006,2,0.9013761467889908,0.9013761467889908,0.9013761467889908,False,/home/zhujjing/MOE-grad-conflict-routing/runs/paper_suite/single_gpu/single_task/roberta_sst2_ffn_e4_k2/hpo/ours/trial_runs/local_var_topk_006/ours_s2.json,/home/zhujjing/MOE-grad-conflict-routing/runs/paper_suite/single_gpu/single_task/roberta_sst2_ffn_e4_k2/hpo/ours/trial_runs/local_var_topk_006/ours_s2_curve.csv
ours,local_var_topk_006,3,0.9002293577981652,0.9002293577981652,0.9002293577981652,False,/home/zhujjing/MOE-grad-conflict-routing/runs/paper_suite/single_gpu/single_task/roberta_sst2_ffn_e4_k2/hpo/ours/trial_runs/local_var_topk_006/ours_s3.json,/home/zhujjing/MOE-grad-conflict-routing/runs/paper_suite/single_gpu/single_task/roberta_sst2_ffn_e4_k2/hpo/ours/trial_runs/local_var_topk_006/ours_s3_curve.csv
ours,local_var_topk_007,2,0.9036697247706422,0.9036697247706422,0.9036697247706422,False,/home/zhujjing/MOE-grad-conflict-routing/runs/paper_suite/single_gpu/single_task/roberta_sst2_ffn_e4_k2/hpo/ours/trial_runs/local_var_topk_007/ours_s2.json,/home/zhujjing/MOE-grad-conflict-routing/runs/paper_suite/single_gpu/single_task/roberta_sst2_ffn_e4_k2/hpo/ours/trial_runs/local_var_topk_007/ours_s2_curve.csv
ours,local_var_topk_007,3,0.8956422018348624,0.875,0.8853211009174312,False,/home/zhujjing/MOE-grad-conflict-routing/runs/paper_suite/single_gpu/single_task/roberta_sst2_ffn_e4_k2/hpo/ours/trial_runs/local_var_topk_007/ours_s3.json,/home/zhujjing/MOE-grad-conflict-routing/runs/paper_suite/single_gpu/single_task/roberta_sst2_ffn_e4_k2/hpo/ours/trial_runs/local_var_topk_007/ours_s3_curve.csv
ours,local_var_topk_008,2,0.8887614678899083,0.8887614678899083,0.8887614678899083,False,/home/zhujjing/MOE-grad-conflict-routing/runs/paper_suite/single_gpu/single_task/roberta_sst2_ffn_e4_k2/hpo/ours/trial_runs/local_var_topk_008/ours_s2.json,/home/zhujjing/MOE-grad-conflict-routing/runs/paper_suite/single_gpu/single_task/roberta_sst2_ffn_e4_k2/hpo/ours/trial_runs/local_var_topk_008/ours_s2_curve.csv
ours,local_var_topk_008,3,0.9208715596330275,0.9208715596330275,0.9208715596330275,False,/home/zhujjing/MOE-grad-conflict-routing/runs/paper_suite/single_gpu/single_task/roberta_sst2_ffn_e4_k2/hpo/ours/trial_runs/local_var_topk_008/ours_s3.json,/home/zhujjing/MOE-grad-conflict-routing/runs/paper_suite/single_gpu/single_task/roberta_sst2_ffn_e4_k2/hpo/ours/trial_runs/local_var_topk_008/ours_s3_curve.csv
ours,local_var_topk_009,2,0.875,0.8738532110091743,0.8744266055045872,False,/home/zhujjing/MOE-grad-conflict-routing/runs/paper_suite/single_gpu/single_task/roberta_sst2_ffn_e4_k2/hpo/ours/trial_runs/local_var_topk_009/ours_s2.json,/home/zhujjing/MOE-grad-conflict-routing/runs/paper_suite/single_gpu/single_task/roberta_sst2_ffn_e4_k2/hpo/ours/trial_runs/local_var_topk_009/ours_s2_curve.csv
ours,local_var_topk_009,3,0.9105504587155964,0.9105504587155964,0.9105504587155964,False,/home/zhujjing/MOE-grad-conflict-routing/runs/paper_suite/single_gpu/single_task/roberta_sst2_ffn_e4_k2/hpo/ours/trial_runs/local_var_topk_009/ours_s3.json,/home/zhujjing/MOE-grad-conflict-routing/runs/paper_suite/single_gpu/single_task/roberta_sst2_ffn_e4_k2/hpo/ours/trial_runs/local_var_topk_009/ours_s3_curve.csv
ours,local_var_topk_010,2,0.8715596330275229,0.8715596330275229,0.8715596330275229,False,/home/zhujjing/MOE-grad-conflict-routing/runs/paper_suite/single_gpu/single_task/roberta_sst2_ffn_e4_k2/hpo/ours/trial_runs/local_var_topk_010/ours_s2.json,/home/zhujjing/MOE-grad-conflict-routing/runs/paper_suite/single_gpu/single_task/roberta_sst2_ffn_e4_k2/hpo/ours/trial_runs/local_var_topk_010/ours_s2_curve.csv
ours,local_var_topk_010,3,0.8899082568807339,0.8899082568807339,0.8899082568807339,False,/home/zhujjing/MOE-grad-conflict-routing/runs/paper_suite/single_gpu/single_task/roberta_sst2_ffn_e4_k2/hpo/ours/trial_runs/local_var_topk_010/ours_s3.json,/home/zhujjing/MOE-grad-conflict-routing/runs/paper_suite/single_gpu/single_task/roberta_sst2_ffn_e4_k2/hpo/ours/trial_runs/local_var_topk_010/ours_s3_curve.csv
ours,local_var_topk_011,2,0.911697247706422,0.911697247706422,0.911697247706422,False,/home/zhujjing/MOE-grad-conflict-routing/runs/paper_suite/single_gpu/single_task/roberta_sst2_ffn_e4_k2/hpo/ours/trial_runs/local_var_topk_011/ours_s2.json,/home/zhujjing/MOE-grad-conflict-routing/runs/paper_suite/single_gpu/single_task/roberta_sst2_ffn_e4_k2/hpo/ours/trial_runs/local_var_topk_011/ours_s2_curve.csv
ours,local_var_topk_011,3,0.8967889908256881,0.8967889908256881,0.8967889908256881,False,/home/zhujjing/MOE-grad-conflict-routing/runs/paper_suite/single_gpu/single_task/roberta_sst2_ffn_e4_k2/hpo/ours/trial_runs/local_var_topk_011/ours_s3.json,/home/zhujjing/MOE-grad-conflict-routing/runs/paper_suite/single_gpu/single_task/roberta_sst2_ffn_e4_k2/hpo/ours/trial_runs/local_var_topk_011/ours_s3_curve.csv
ours,local_var_topk_012,2,0.8887614678899083,0.8887614678899083,0.8887614678899083,False,/home/zhujjing/MOE-grad-conflict-routing/runs/paper_suite/single_gpu/single_task/roberta_sst2_ffn_e4_k2/hpo/ours/trial_runs/local_var_topk_012/ours_s2.json,/home/zhujjing/MOE-grad-conflict-routing/runs/paper_suite/single_gpu/single_task/roberta_sst2_ffn_e4_k2/hpo/ours/trial_runs/local_var_topk_012/ours_s2_curve.csv
ours,local_var_topk_012,3,0.9013761467889908,0.9013761467889908,0.9013761467889908,False,/home/zhujjing/MOE-grad-conflict-routing/runs/paper_suite/single_gpu/single_task/roberta_sst2_ffn_e4_k2/hpo/ours/trial_runs/local_var_topk_012/ours_s3.json,/home/zhujjing/MOE-grad-conflict-routing/runs/paper_suite/single_gpu/single_task/roberta_sst2_ffn_e4_k2/hpo/ours/trial_runs/local_var_topk_012/ours_s3_curve.csv
ours,local_var_topk_013,2,0.8841743119266054,0.8841743119266054,0.8841743119266054,False,/home/zhujjing/MOE-grad-conflict-routing/runs/paper_suite/single_gpu/single_task/roberta_sst2_ffn_e4_k2/hpo/ours/trial_runs/local_var_topk_013/ours_s2.json,/home/zhujjing/MOE-grad-conflict-routing/runs/paper_suite/single_gpu/single_task/roberta_sst2_ffn_e4_k2/hpo/ours/trial_runs/local_var_topk_013/ours_s2_curve.csv
ours,local_var_topk_013,3,0.9094036697247706,0.9094036697247706,0.9094036697247706,False,/home/zhujjing/MOE-grad-conflict-routing/runs/paper_suite/single_gpu/single_task/roberta_sst2_ffn_e4_k2/hpo/ours/trial_runs/local_var_topk_013/ours_s3.json,/home/zhujjing/MOE-grad-conflict-routing/runs/paper_suite/single_gpu/single_task/roberta_sst2_ffn_e4_k2/hpo/ours/trial_runs/local_var_topk_013/ours_s3_curve.csv
ours,local_var_topk_014,2,0.911697247706422,0.911697247706422,0.911697247706422,False,/home/zhujjing/MOE-grad-conflict-routing/runs/paper_suite/single_gpu/single_task/roberta_sst2_ffn_e4_k2/hpo/ours/trial_runs/local_var_topk_014/ours_s2.json,/home/zhujjing/MOE-grad-conflict-routing/runs/paper_suite/single_gpu/single_task/roberta_sst2_ffn_e4_k2/hpo/ours/trial_runs/local_var_topk_014/ours_s2_curve.csv
ours,local_var_topk_014,3,0.9174311926605505,0.9174311926605505,0.9174311926605505,False,/home/zhujjing/MOE-grad-conflict-routing/runs/paper_suite/single_gpu/single_task/roberta_sst2_ffn_e4_k2/hpo/ours/trial_runs/local_var_topk_014/ours_s3.json,/home/zhujjing/MOE-grad-conflict-routing/runs/paper_suite/single_gpu/single_task/roberta_sst2_ffn_e4_k2/hpo/ours/trial_runs/local_var_topk_014/ours_s3_curve.csv
ours,local_var_topk_015,2,0.9059633027522935,0.9059633027522935,0.9059633027522935,False,/home/zhujjing/MOE-grad-conflict-routing/runs/paper_suite/single_gpu/single_task/roberta_sst2_ffn_e4_k2/hpo/ours/trial_runs/local_var_topk_015/ours_s2.json,/home/zhujjing/MOE-grad-conflict-routing/runs/paper_suite/single_gpu/single_task/roberta_sst2_ffn_e4_k2/hpo/ours/trial_runs/local_var_topk_015/ours_s2_curve.csv
ours,local_var_topk_015,3,0.9139908256880734,0.9139908256880734,0.9139908256880734,False,/home/zhujjing/MOE-grad-conflict-routing/runs/paper_suite/single_gpu/single_task/roberta_sst2_ffn_e4_k2/hpo/ours/trial_runs/local_var_topk_015/ours_s3.json,/home/zhujjing/MOE-grad-conflict-routing/runs/paper_suite/single_gpu/single_task/roberta_sst2_ffn_e4_k2/hpo/ours/trial_runs/local_var_topk_015/ours_s3_curve.csv
ours,local_var_topk_016,2,0.893348623853211,0.893348623853211,0.893348623853211,False,/home/zhujjing/MOE-grad-conflict-routing/runs/paper_suite/single_gpu/single_task/roberta_sst2_ffn_e4_k2/hpo/ours/trial_runs/local_var_topk_016/ours_s2.json,/home/zhujjing/MOE-grad-conflict-routing/runs/paper_suite/single_gpu/single_task/roberta_sst2_ffn_e4_k2/hpo/ours/trial_runs/local_var_topk_016/ours_s2_curve.csv
ours,local_var_topk_016,3,0.9071100917431193,0.9071100917431193,0.9071100917431193,False,/home/zhujjing/MOE-grad-conflict-routing/runs/paper_suite/single_gpu/single_task/roberta_sst2_ffn_e4_k2/hpo/ours/trial_runs/local_var_topk_016/ours_s3.json,/home/zhujjing/MOE-grad-conflict-routing/runs/paper_suite/single_gpu/single_task/roberta_sst2_ffn_e4_k2/hpo/ours/trial_runs/local_var_topk_016/ours_s3_curve.csv
ours,local_var_topk_017,2,0.9013761467889908,0.9013761467889908,0.9013761467889908,False,/home/zhujjing/MOE-grad-conflict-routing/runs/paper_suite/single_gpu/single_task/roberta_sst2_ffn_e4_k2/hpo/ours/trial_runs/local_var_topk_017/ours_s2.json,/home/zhujjing/MOE-grad-conflict-routing/runs/paper_suite/single_gpu/single_task/roberta_sst2_ffn_e4_k2/hpo/ours/trial_runs/local_var_topk_017/ours_s2_curve.csv
ours,local_var_topk_017,3,0.8864678899082569,0.8761467889908257,0.8813073394495412,False,/home/zhujjing/MOE-grad-conflict-routing/runs/paper_suite/single_gpu/single_task/roberta_sst2_ffn_e4_k2/hpo/ours/trial_runs/local_var_topk_017/ours_s3.json,/home/zhujjing/MOE-grad-conflict-routing/runs/paper_suite/single_gpu/single_task/roberta_sst2_ffn_e4_k2/hpo/ours/trial_runs/local_var_topk_017/ours_s3_curve.csv
ours,local_var_topk_018,2,0.8337155963302753,0.8337155963302753,0.8337155963302753,False,/home/zhujjing/MOE-grad-conflict-routing/runs/paper_suite/single_gpu/single_task/roberta_sst2_ffn_e4_k2/hpo/ours/trial_runs/local_var_topk_018/ours_s2.json,/home/zhujjing/MOE-grad-conflict-routing/runs/paper_suite/single_gpu/single_task/roberta_sst2_ffn_e4_k2/hpo/ours/trial_runs/local_var_topk_018/ours_s2_curve.csv
ours,local_var_topk_018,3,0.8922018348623854,0.8922018348623854,0.8922018348623854,False,/home/zhujjing/MOE-grad-conflict-routing/runs/paper_suite/single_gpu/single_task/roberta_sst2_ffn_e4_k2/hpo/ours/trial_runs/local_var_topk_018/ours_s3.json,/home/zhujjing/MOE-grad-conflict-routing/runs/paper_suite/single_gpu/single_task/roberta_sst2_ffn_e4_k2/hpo/ours/trial_runs/local_var_topk_018/ours_s3_curve.csv
ours,local_var_topk_019,2,0.8692660550458715,0.8692660550458715,0.8692660550458715,False,/home/zhujjing/MOE-grad-conflict-routing/runs/paper_suite/single_gpu/single_task/roberta_sst2_ffn_e4_k2/hpo/ours/trial_runs/local_var_topk_019/ours_s2.json,/home/zhujjing/MOE-grad-conflict-routing/runs/paper_suite/single_gpu/single_task/roberta_sst2_ffn_e4_k2/hpo/ours/trial_runs/local_var_topk_019/ours_s2_curve.csv
ours,local_var_topk_019,3,0.8910550458715596,0.8876146788990825,0.889334862385321,False,/home/zhujjing/MOE-grad-conflict-routing/runs/paper_suite/single_gpu/single_task/roberta_sst2_ffn_e4_k2/hpo/ours/trial_runs/local_var_topk_019/ours_s3.json,/home/zhujjing/MOE-grad-conflict-routing/runs/paper_suite/single_gpu/single_task/roberta_sst2_ffn_e4_k2/hpo/ours/trial_runs/local_var_topk_019/ours_s3_curve.csv
ours,local_var_topk_020,2,0.8876146788990825,0.8876146788990825,0.8876146788990825,False,/home/zhujjing/MOE-grad-conflict-routing/runs/paper_suite/single_gpu/single_task/roberta_sst2_ffn_e4_k2/hpo/ours/trial_runs/local_var_topk_020/ours_s2.json,/home/zhujjing/MOE-grad-conflict-routing/runs/paper_suite/single_gpu/single_task/roberta_sst2_ffn_e4_k2/hpo/ours/trial_runs/local_var_topk_020/ours_s2_curve.csv
ours,local_var_topk_020,3,0.8990825688073395,0.8990825688073395,0.8990825688073395,False,/home/zhujjing/MOE-grad-conflict-routing/runs/paper_suite/single_gpu/single_task/roberta_sst2_ffn_e4_k2/hpo/ours/trial_runs/local_var_topk_020/ours_s3.json,/home/zhujjing/MOE-grad-conflict-routing/runs/paper_suite/single_gpu/single_task/roberta_sst2_ffn_e4_k2/hpo/ours/trial_runs/local_var_topk_020/ours_s3_curve.csv
ours,local_var_topk_021,2,0.8853211009174312,0.8853211009174312,0.8853211009174312,False,/home/zhujjing/MOE-grad-conflict-routing/runs/paper_suite/single_gpu/single_task/roberta_sst2_ffn_e4_k2/hpo/ours/trial_runs/local_var_topk_021/ours_s2.json,/home/zhujjing/MOE-grad-conflict-routing/runs/paper_suite/single_gpu/single_task/roberta_sst2_ffn_e4_k2/hpo/ours/trial_runs/local_var_topk_021/ours_s2_curve.csv
ours,local_var_topk_021,3,0.8899082568807339,0.8222477064220184,0.8560779816513762,False,/home/zhujjing/MOE-grad-conflict-routing/runs/paper_suite/single_gpu/single_task/roberta_sst2_ffn_e4_k2/hpo/ours/trial_runs/local_var_topk_021/ours_s3.json,/home/zhujjing/MOE-grad-conflict-routing/runs/paper_suite/single_gpu/single_task/roberta_sst2_ffn_e4_k2/hpo/ours/trial_runs/local_var_topk_021/ours_s3_curve.csv
ours,local_var_topk_022,2,0.823394495412844,0.823394495412844,0.823394495412844,False,/home/zhujjing/MOE-grad-conflict-routing/runs/paper_suite/single_gpu/single_task/roberta_sst2_ffn_e4_k2/hpo/ours/trial_runs/local_var_topk_022/ours_s2.json,/home/zhujjing/MOE-grad-conflict-routing/runs/paper_suite/single_gpu/single_task/roberta_sst2_ffn_e4_k2/hpo/ours/trial_runs/local_var_topk_022/ours_s2_curve.csv
ours,local_var_topk_022,3,0.9094036697247706,0.9094036697247706,0.9094036697247706,False,/home/zhujjing/MOE-grad-conflict-routing/runs/paper_suite/single_gpu/single_task/roberta_sst2_ffn_e4_k2/hpo/ours/trial_runs/local_var_topk_022/ours_s3.json,/home/zhujjing/MOE-grad-conflict-routing/runs/paper_suite/single_gpu/single_task/roberta_sst2_ffn_e4_k2/hpo/ours/trial_runs/local_var_topk_022/ours_s3_curve.csv
ours,local_var_topk_023,2,0.838302752293578,0.838302752293578,0.838302752293578,False,/home/zhujjing/MOE-grad-conflict-routing/runs/paper_suite/single_gpu/single_task/roberta_sst2_ffn_e4_k2/hpo/ours/trial_runs/local_var_topk_023/ours_s2.json,/home/zhujjing/MOE-grad-conflict-routing/runs/paper_suite/single_gpu/single_task/roberta_sst2_ffn_e4_k2/hpo/ours/trial_runs/local_var_topk_023/ours_s2_curve.csv
ours,local_var_topk_023,3,0.8841743119266054,0.8841743119266054,0.8841743119266054,False,/home/zhujjing/MOE-grad-conflict-routing/runs/paper_suite/single_gpu/single_task/roberta_sst2_ffn_e4_k2/hpo/ours/trial_runs/local_var_topk_023/ours_s3.json,/home/zhujjing/MOE-grad-conflict-routing/runs/paper_suite/single_gpu/single_task/roberta_sst2_ffn_e4_k2/hpo/ours/trial_runs/local_var_topk_023/ours_s3_curve.csv
ours,local_var_topk_024,2,0.8681192660550459,0.8681192660550459,0.8681192660550459,False,/home/zhujjing/MOE-grad-conflict-routing/runs/paper_suite/single_gpu/single_task/roberta_sst2_ffn_e4_k2/hpo/ours/trial_runs/local_var_topk_024/ours_s2.json,/home/zhujjing/MOE-grad-conflict-routing/runs/paper_suite/single_gpu/single_task/roberta_sst2_ffn_e4_k2/hpo/ours/trial_runs/local_var_topk_024/ours_s2_curve.csv
ours,local_var_topk_024,3,0.875,0.8738532110091743,0.8744266055045872,False,/home/zhujjing/MOE-grad-conflict-routing/runs/paper_suite/single_gpu/single_task/roberta_sst2_ffn_e4_k2/hpo/ours/trial_runs/local_var_topk_024/ours_s3.json,/home/zhujjing/MOE-grad-conflict-routing/runs/paper_suite/single_gpu/single_task/roberta_sst2_ffn_e4_k2/hpo/ours/trial_runs/local_var_topk_024/ours_s3_curve.csv
ours,local_var_topk_025,2,0.8830275229357798,0.8830275229357798,0.8830275229357798,False,/home/zhujjing/MOE-grad-conflict-routing/runs/paper_suite/single_gpu/single_task/roberta_sst2_ffn_e4_k2/hpo/ours/trial_runs/local_var_topk_025/ours_s2.json,/home/zhujjing/MOE-grad-conflict-routing/runs/paper_suite/single_gpu/single_task/roberta_sst2_ffn_e4_k2/hpo/ours/trial_runs/local_var_topk_025/ours_s2_curve.csv
ours,local_var_topk_025,3,0.9013761467889908,0.801605504587156,0.8514908256880733,False,/home/zhujjing/MOE-grad-conflict-routing/runs/paper_suite/single_gpu/single_task/roberta_sst2_ffn_e4_k2/hpo/ours/trial_runs/local_var_topk_025/ours_s3.json,/home/zhujjing/MOE-grad-conflict-routing/runs/paper_suite/single_gpu/single_task/roberta_sst2_ffn_e4_k2/hpo/ours/trial_runs/local_var_topk_025/ours_s3_curve.csv
ours,local_var_topk_026,2,0.8830275229357798,0.8692660550458715,0.8761467889908257,False,/home/zhujjing/MOE-grad-conflict-routing/runs/paper_suite/single_gpu/single_task/roberta_sst2_ffn_e4_k2/hpo/ours/trial_runs/local_var_topk_026/ours_s2.json,/home/zhujjing/MOE-grad-conflict-routing/runs/paper_suite/single_gpu/single_task/roberta_sst2_ffn_e4_k2/hpo/ours/trial_runs/local_var_topk_026/ours_s2_curve.csv
ours,local_var_topk_026,3,0.8922018348623854,0.8922018348623854,0.8922018348623854,False,/home/zhujjing/MOE-grad-conflict-routing/runs/paper_suite/single_gpu/single_task/roberta_sst2_ffn_e4_k2/hpo/ours/trial_runs/local_var_topk_026/ours_s3.json,/home/zhujjing/MOE-grad-conflict-routing/runs/paper_suite/single_gpu/single_task/roberta_sst2_ffn_e4_k2/hpo/ours/trial_runs/local_var_topk_026/ours_s3_curve.csv
