step,train_step_loss,train_acc,train_loss,val_acc,val_loss,avg_intra_expert_coherence,expert_diversity_e0,expert_diversity_e1,expert_diversity_e2,expert_diversity_e3,expert_diversity_mean,expert_purity_e0,expert_purity_e1,expert_purity_e2,expert_purity_e3,expert_purity_mean,inter_expert_similarity,inter_expert_similarity_e0_e0,inter_expert_similarity_e0_e1,inter_expert_similarity_e0_e2,inter_expert_similarity_e0_e3,inter_expert_similarity_e1_e0,inter_expert_similarity_e1_e1,inter_expert_similarity_e1_e2,inter_expert_similarity_e1_e3,inter_expert_similarity_e2_e0,inter_expert_similarity_e2_e1,inter_expert_similarity_e2_e2,inter_expert_similarity_e2_e3,inter_expert_similarity_e3_e0,inter_expert_similarity_e3_e1,inter_expert_similarity_e3_e2,inter_expert_similarity_e3_e3,intra_expert_coherence_e0,intra_expert_coherence_e1,intra_expert_coherence_e2,intra_expert_coherence_e3,load_cv,load_max_min_ratio,overall_task_conflict_cos,router_entropy,router_load_e0,router_load_e1,router_load_e2,router_load_e3,task_acc__glue_mrpc,task_conflict_t0_t0,task_grad_norm_cv,task_loss__glue_mrpc,utilization_ratio
50.0,0.4896702617406845,0.7243729552889858,0.514419592074726,0.7279411764705882,0.5085253073618963,1.0,0.0,0.0,0.0,0.0,0.0,1.0,1.0,1.0,1.0,1.0,0.0075418491982856125,1.0,0.0,0.0,0.0,0.0,1.0,0.04525109518971367,0.0,0.0,0.04525109518971367,1.0,0.0,0.0,0.0,0.0,1.0,1.0,1.0,1.0,1.0,1.0832045078277588,647195458412.1704,1.0,0.6400923635445389,0.0,0.6471954584121704,0.35280460119247437,0.0,0.7279411764705882,1.0,0.0,0.5085253073618963,0.5
100.0,0.47537024319171906,0.833969465648855,0.41887396744087985,0.8357843137254902,0.41904111063251126,1.0,0.0,0.0,0.0,0.0,0.0,1.0,1.0,1.0,1.0,1.0,0.0053246443894858775,1.0,0.0,0.0,0.0,0.0,1.0,0.031947866336915265,0.0,0.0,0.031947866336915265,1.0,0.0,0.0,0.0,0.0,1.0,1.0,1.0,1.0,1.0,1.114160748920262,673693180084.2285,1.0,0.6142502356978023,0.0,0.6736931800842285,0.3263070583343506,0.0,0.8357843137254902,1.0,0.0,0.41904111063251126,0.5
150.0,0.7947462201118469,0.8549618320610687,0.4163512540535758,0.8504901960784313,0.4156572538642929,1.0,0.0,0.0,0.0,0.0,0.0,1.0,1.0,1.0,1.0,1.0,0.021955970196534755,1.0,0.0,0.0,0.0,0.0,1.0,0.13173582117920854,0.0,0.0,0.13173582117920854,1.0,0.0,0.0,0.0,0.0,1.0,1.0,1.0,1.0,1.0,1.0957504510879517,658378124237.0605,1.0,0.6098123543402728,0.0,0.6583781242370605,0.34162193536758423,0.0,0.8504901960784313,1.0,0.0,0.4156572538642929,0.5
