{
  "best_val_acc": 0.6372593586332521,
  "final_val_acc": 0.6172552392652843,
  "method": "ours",
  "num_eval_points": 5
}