step,train_step_loss,train_acc,train_loss,val_acc,val_loss,router_entropy,router_load_e0,router_load_e1,router_load_e2,router_load_e3
10.0,0.4934033950169881,0.6252052710666482,0.660157648428783,0.6163272192311616,0.6646819070038027,1.3211763361813846,0.2915920913219452,0.2078939825296402,0.14290565252304077,0.3576083779335022
20.0,0.5302104751269024,0.6269678722857831,0.64250236905494,0.6280855641750316,0.6465143224861202,1.3210787418539878,0.2874048054218292,0.2039066106081009,0.14682811498641968,0.3618604242801666
30.0,0.49511669576168055,0.6319956423066987,0.6207036122378526,0.6372593586332521,0.6247274291156547,1.3192300703376532,0.28112295269966125,0.20455147325992584,0.1479179561138153,0.3664076626300812
40.0,0.6760455816984178,0.6273487809526569,0.618659640900746,0.6160826225675985,0.6259192045244252,1.327850340900046,0.2680014967918396,0.2221110314130783,0.15135829150676727,0.35852959752082825
50.0,0.5336712722977003,0.6300210221726337,0.6186774614597677,0.6172552392652843,0.6307334508624401,1.3221136381228764,0.2812115252017975,0.2147342413663864,0.1445796936750412,0.35947439074516296
