{
  "best_val_acc": 0.6786195781666757,
  "final_val_acc": 0.6619595382552507,
  "method": "ours",
  "num_eval_points": 5
}