{
  "best_val_acc": 0.6631515030195766,
  "final_val_acc": 0.6481644119862953,
  "method": "ours",
  "num_eval_points": 5
}