method,candidate_id,seed,best_val_acc,final_val_acc,score_05_05,reused,summary_json,curve_csv
baseline,coord_01_anchor,2,0.9231651376146789,0.9231651376146789,0.9231651376146789,False,/home/zhujjing/MOE-grad-conflict-routing/runs/paper_suite/single_gpu/single_task/deberta_sst2_lora_e4_k2_supplement/hpo/baseline/trial_runs/coord_01_anchor/baseline_s2.json,/home/zhujjing/MOE-grad-conflict-routing/runs/paper_suite/single_gpu/single_task/deberta_sst2_lora_e4_k2_supplement/hpo/baseline/trial_runs/coord_01_anchor/baseline_s2_curve.csv
baseline,coord_01_anchor,3,0.9243119266055045,0.9220183486238532,0.9231651376146789,False,/home/zhujjing/MOE-grad-conflict-routing/runs/paper_suite/single_gpu/single_task/deberta_sst2_lora_e4_k2_supplement/hpo/baseline/trial_runs/coord_01_anchor/baseline_s3.json,/home/zhujjing/MOE-grad-conflict-routing/runs/paper_suite/single_gpu/single_task/deberta_sst2_lora_e4_k2_supplement/hpo/baseline/trial_runs/coord_01_anchor/baseline_s3_curve.csv
baseline,coord_01_train_lr_000,2,0.8956422018348624,0.8956422018348624,0.8956422018348624,False,/home/zhujjing/MOE-grad-conflict-routing/runs/paper_suite/single_gpu/single_task/deberta_sst2_lora_e4_k2_supplement/hpo/baseline/trial_runs/coord_01_train_lr_000/baseline_s2.json,/home/zhujjing/MOE-grad-conflict-routing/runs/paper_suite/single_gpu/single_task/deberta_sst2_lora_e4_k2_supplement/hpo/baseline/trial_runs/coord_01_train_lr_000/baseline_s2_curve.csv
baseline,coord_01_train_lr_000,3,0.8830275229357798,0.8830275229357798,0.8830275229357798,False,/home/zhujjing/MOE-grad-conflict-routing/runs/paper_suite/single_gpu/single_task/deberta_sst2_lora_e4_k2_supplement/hpo/baseline/trial_runs/coord_01_train_lr_000/baseline_s3.json,/home/zhujjing/MOE-grad-conflict-routing/runs/paper_suite/single_gpu/single_task/deberta_sst2_lora_e4_k2_supplement/hpo/baseline/trial_runs/coord_01_train_lr_000/baseline_s3_curve.csv
baseline,coord_01_train_lr_001,2,0.8979357798165137,0.8635321100917431,0.8807339449541285,False,/home/zhujjing/MOE-grad-conflict-routing/runs/paper_suite/single_gpu/single_task/deberta_sst2_lora_e4_k2_supplement/hpo/baseline/trial_runs/coord_01_train_lr_001/baseline_s2.json,/home/zhujjing/MOE-grad-conflict-routing/runs/paper_suite/single_gpu/single_task/deberta_sst2_lora_e4_k2_supplement/hpo/baseline/trial_runs/coord_01_train_lr_001/baseline_s2_curve.csv
baseline,coord_01_train_lr_001,3,0.8761467889908257,0.8761467889908257,0.8761467889908257,False,/home/zhujjing/MOE-grad-conflict-routing/runs/paper_suite/single_gpu/single_task/deberta_sst2_lora_e4_k2_supplement/hpo/baseline/trial_runs/coord_01_train_lr_001/baseline_s3.json,/home/zhujjing/MOE-grad-conflict-routing/runs/paper_suite/single_gpu/single_task/deberta_sst2_lora_e4_k2_supplement/hpo/baseline/trial_runs/coord_01_train_lr_001/baseline_s3_curve.csv
baseline,coord_01_train_lr_002,2,0.5091743119266054,0.4908256880733945,0.5,False,/home/zhujjing/MOE-grad-conflict-routing/runs/paper_suite/single_gpu/single_task/deberta_sst2_lora_e4_k2_supplement/hpo/baseline/trial_runs/coord_01_train_lr_002/baseline_s2.json,/home/zhujjing/MOE-grad-conflict-routing/runs/paper_suite/single_gpu/single_task/deberta_sst2_lora_e4_k2_supplement/hpo/baseline/trial_runs/coord_01_train_lr_002/baseline_s2_curve.csv
baseline,coord_01_train_lr_002,3,0.5091743119266054,0.4908256880733945,0.5,False,/home/zhujjing/MOE-grad-conflict-routing/runs/paper_suite/single_gpu/single_task/deberta_sst2_lora_e4_k2_supplement/hpo/baseline/trial_runs/coord_01_train_lr_002/baseline_s3.json,/home/zhujjing/MOE-grad-conflict-routing/runs/paper_suite/single_gpu/single_task/deberta_sst2_lora_e4_k2_supplement/hpo/baseline/trial_runs/coord_01_train_lr_002/baseline_s3_curve.csv
baseline,coord_01_train_lr_003,2,0.9139908256880734,0.9139908256880734,0.9139908256880734,False,/home/zhujjing/MOE-grad-conflict-routing/runs/paper_suite/single_gpu/single_task/deberta_sst2_lora_e4_k2_supplement/hpo/baseline/trial_runs/coord_01_train_lr_003/baseline_s2.json,/home/zhujjing/MOE-grad-conflict-routing/runs/paper_suite/single_gpu/single_task/deberta_sst2_lora_e4_k2_supplement/hpo/baseline/trial_runs/coord_01_train_lr_003/baseline_s2_curve.csv
baseline,coord_01_train_lr_003,3,0.9220183486238532,0.9220183486238532,0.9220183486238532,False,/home/zhujjing/MOE-grad-conflict-routing/runs/paper_suite/single_gpu/single_task/deberta_sst2_lora_e4_k2_supplement/hpo/baseline/trial_runs/coord_01_train_lr_003/baseline_s3.json,/home/zhujjing/MOE-grad-conflict-routing/runs/paper_suite/single_gpu/single_task/deberta_sst2_lora_e4_k2_supplement/hpo/baseline/trial_runs/coord_01_train_lr_003/baseline_s3_curve.csv
baseline,coord_01_train_lr_004,2,0.9059633027522935,0.9059633027522935,0.9059633027522935,False,/home/zhujjing/MOE-grad-conflict-routing/runs/paper_suite/single_gpu/single_task/deberta_sst2_lora_e4_k2_supplement/hpo/baseline/trial_runs/coord_01_train_lr_004/baseline_s2.json,/home/zhujjing/MOE-grad-conflict-routing/runs/paper_suite/single_gpu/single_task/deberta_sst2_lora_e4_k2_supplement/hpo/baseline/trial_runs/coord_01_train_lr_004/baseline_s2_curve.csv
baseline,coord_01_train_lr_004,3,0.9231651376146789,0.9231651376146789,0.9231651376146789,False,/home/zhujjing/MOE-grad-conflict-routing/runs/paper_suite/single_gpu/single_task/deberta_sst2_lora_e4_k2_supplement/hpo/baseline/trial_runs/coord_01_train_lr_004/baseline_s3.json,/home/zhujjing/MOE-grad-conflict-routing/runs/paper_suite/single_gpu/single_task/deberta_sst2_lora_e4_k2_supplement/hpo/baseline/trial_runs/coord_01_train_lr_004/baseline_s3_curve.csv
baseline,coord_01_train_lr_005,2,0.9094036697247706,0.9094036697247706,0.9094036697247706,False,/home/zhujjing/MOE-grad-conflict-routing/runs/paper_suite/single_gpu/single_task/deberta_sst2_lora_e4_k2_supplement/hpo/baseline/trial_runs/coord_01_train_lr_005/baseline_s2.json,/home/zhujjing/MOE-grad-conflict-routing/runs/paper_suite/single_gpu/single_task/deberta_sst2_lora_e4_k2_supplement/hpo/baseline/trial_runs/coord_01_train_lr_005/baseline_s2_curve.csv
baseline,coord_01_train_lr_005,3,0.9185779816513762,0.9185779816513762,0.9185779816513762,False,/home/zhujjing/MOE-grad-conflict-routing/runs/paper_suite/single_gpu/single_task/deberta_sst2_lora_e4_k2_supplement/hpo/baseline/trial_runs/coord_01_train_lr_005/baseline_s3.json,/home/zhujjing/MOE-grad-conflict-routing/runs/paper_suite/single_gpu/single_task/deberta_sst2_lora_e4_k2_supplement/hpo/baseline/trial_runs/coord_01_train_lr_005/baseline_s3_curve.csv
baseline,coord_01_train_lr_006,2,0.8772935779816514,0.8772935779816514,0.8772935779816514,False,/home/zhujjing/MOE-grad-conflict-routing/runs/paper_suite/single_gpu/single_task/deberta_sst2_lora_e4_k2_supplement/hpo/baseline/trial_runs/coord_01_train_lr_006/baseline_s2.json,/home/zhujjing/MOE-grad-conflict-routing/runs/paper_suite/single_gpu/single_task/deberta_sst2_lora_e4_k2_supplement/hpo/baseline/trial_runs/coord_01_train_lr_006/baseline_s2_curve.csv
baseline,coord_01_train_lr_006,3,0.9059633027522935,0.9059633027522935,0.9059633027522935,False,/home/zhujjing/MOE-grad-conflict-routing/runs/paper_suite/single_gpu/single_task/deberta_sst2_lora_e4_k2_supplement/hpo/baseline/trial_runs/coord_01_train_lr_006/baseline_s3.json,/home/zhujjing/MOE-grad-conflict-routing/runs/paper_suite/single_gpu/single_task/deberta_sst2_lora_e4_k2_supplement/hpo/baseline/trial_runs/coord_01_train_lr_006/baseline_s3_curve.csv
baseline,coord_01_train_lr_007,2,0.9048165137614679,0.9048165137614679,0.9048165137614679,False,/home/zhujjing/MOE-grad-conflict-routing/runs/paper_suite/single_gpu/single_task/deberta_sst2_lora_e4_k2_supplement/hpo/baseline/trial_runs/coord_01_train_lr_007/baseline_s2.json,/home/zhujjing/MOE-grad-conflict-routing/runs/paper_suite/single_gpu/single_task/deberta_sst2_lora_e4_k2_supplement/hpo/baseline/trial_runs/coord_01_train_lr_007/baseline_s2_curve.csv
baseline,coord_01_train_lr_007,3,0.9185779816513762,0.8704128440366973,0.8944954128440368,False,/home/zhujjing/MOE-grad-conflict-routing/runs/paper_suite/single_gpu/single_task/deberta_sst2_lora_e4_k2_supplement/hpo/baseline/trial_runs/coord_01_train_lr_007/baseline_s3.json,/home/zhujjing/MOE-grad-conflict-routing/runs/paper_suite/single_gpu/single_task/deberta_sst2_lora_e4_k2_supplement/hpo/baseline/trial_runs/coord_01_train_lr_007/baseline_s3_curve.csv
baseline,coord_01_train_lr_008,2,0.9220183486238532,0.9220183486238532,0.9220183486238532,False,/home/zhujjing/MOE-grad-conflict-routing/runs/paper_suite/single_gpu/single_task/deberta_sst2_lora_e4_k2_supplement/hpo/baseline/trial_runs/coord_01_train_lr_008/baseline_s2.json,/home/zhujjing/MOE-grad-conflict-routing/runs/paper_suite/single_gpu/single_task/deberta_sst2_lora_e4_k2_supplement/hpo/baseline/trial_runs/coord_01_train_lr_008/baseline_s2_curve.csv
baseline,coord_01_train_lr_008,3,0.9288990825688074,0.9288990825688074,0.9288990825688074,False,/home/zhujjing/MOE-grad-conflict-routing/runs/paper_suite/single_gpu/single_task/deberta_sst2_lora_e4_k2_supplement/hpo/baseline/trial_runs/coord_01_train_lr_008/baseline_s3.json,/home/zhujjing/MOE-grad-conflict-routing/runs/paper_suite/single_gpu/single_task/deberta_sst2_lora_e4_k2_supplement/hpo/baseline/trial_runs/coord_01_train_lr_008/baseline_s3_curve.csv
baseline,coord_01_train_lr_009,2,0.5091743119266054,0.5091743119266054,0.5091743119266054,False,/home/zhujjing/MOE-grad-conflict-routing/runs/paper_suite/single_gpu/single_task/deberta_sst2_lora_e4_k2_supplement/hpo/baseline/trial_runs/coord_01_train_lr_009/baseline_s2.json,/home/zhujjing/MOE-grad-conflict-routing/runs/paper_suite/single_gpu/single_task/deberta_sst2_lora_e4_k2_supplement/hpo/baseline/trial_runs/coord_01_train_lr_009/baseline_s2_curve.csv
baseline,coord_01_train_lr_009,3,0.5091743119266054,0.5091743119266054,0.5091743119266054,False,/home/zhujjing/MOE-grad-conflict-routing/runs/paper_suite/single_gpu/single_task/deberta_sst2_lora_e4_k2_supplement/hpo/baseline/trial_runs/coord_01_train_lr_009/baseline_s3.json,/home/zhujjing/MOE-grad-conflict-routing/runs/paper_suite/single_gpu/single_task/deberta_sst2_lora_e4_k2_supplement/hpo/baseline/trial_runs/coord_01_train_lr_009/baseline_s3_curve.csv
baseline,coord_01_train_lr_010,2,0.5091743119266054,0.4908256880733945,0.5,False,/home/zhujjing/MOE-grad-conflict-routing/runs/paper_suite/single_gpu/single_task/deberta_sst2_lora_e4_k2_supplement/hpo/baseline/trial_runs/coord_01_train_lr_010/baseline_s2.json,/home/zhujjing/MOE-grad-conflict-routing/runs/paper_suite/single_gpu/single_task/deberta_sst2_lora_e4_k2_supplement/hpo/baseline/trial_runs/coord_01_train_lr_010/baseline_s2_curve.csv
baseline,coord_01_train_lr_010,3,0.5091743119266054,0.5091743119266054,0.5091743119266054,False,/home/zhujjing/MOE-grad-conflict-routing/runs/paper_suite/single_gpu/single_task/deberta_sst2_lora_e4_k2_supplement/hpo/baseline/trial_runs/coord_01_train_lr_010/baseline_s3.json,/home/zhujjing/MOE-grad-conflict-routing/runs/paper_suite/single_gpu/single_task/deberta_sst2_lora_e4_k2_supplement/hpo/baseline/trial_runs/coord_01_train_lr_010/baseline_s3_curve.csv
baseline,coord_01_train_lr_011,2,0.9185779816513762,0.9185779816513762,0.9185779816513762,False,/home/zhujjing/MOE-grad-conflict-routing/runs/paper_suite/single_gpu/single_task/deberta_sst2_lora_e4_k2_supplement/hpo/baseline/trial_runs/coord_01_train_lr_011/baseline_s2.json,/home/zhujjing/MOE-grad-conflict-routing/runs/paper_suite/single_gpu/single_task/deberta_sst2_lora_e4_k2_supplement/hpo/baseline/trial_runs/coord_01_train_lr_011/baseline_s2_curve.csv
baseline,coord_01_train_lr_011,3,0.9288990825688074,0.9288990825688074,0.9288990825688074,False,/home/zhujjing/MOE-grad-conflict-routing/runs/paper_suite/single_gpu/single_task/deberta_sst2_lora_e4_k2_supplement/hpo/baseline/trial_runs/coord_01_train_lr_011/baseline_s3.json,/home/zhujjing/MOE-grad-conflict-routing/runs/paper_suite/single_gpu/single_task/deberta_sst2_lora_e4_k2_supplement/hpo/baseline/trial_runs/coord_01_train_lr_011/baseline_s3_curve.csv
baseline,coord_01_train_lr_012,2,0.5091743119266054,0.4908256880733945,0.5,False,/home/zhujjing/MOE-grad-conflict-routing/runs/paper_suite/single_gpu/single_task/deberta_sst2_lora_e4_k2_supplement/hpo/baseline/trial_runs/coord_01_train_lr_012/baseline_s2.json,/home/zhujjing/MOE-grad-conflict-routing/runs/paper_suite/single_gpu/single_task/deberta_sst2_lora_e4_k2_supplement/hpo/baseline/trial_runs/coord_01_train_lr_012/baseline_s2_curve.csv
baseline,coord_01_train_lr_012,3,0.5091743119266054,0.5091743119266054,0.5091743119266054,False,/home/zhujjing/MOE-grad-conflict-routing/runs/paper_suite/single_gpu/single_task/deberta_sst2_lora_e4_k2_supplement/hpo/baseline/trial_runs/coord_01_train_lr_012/baseline_s3.json,/home/zhujjing/MOE-grad-conflict-routing/runs/paper_suite/single_gpu/single_task/deberta_sst2_lora_e4_k2_supplement/hpo/baseline/trial_runs/coord_01_train_lr_012/baseline_s3_curve.csv
baseline,coord_01_train_lr_013,2,0.5114678899082569,0.4873853211009174,0.4994266055045872,False,/home/zhujjing/MOE-grad-conflict-routing/runs/paper_suite/single_gpu/single_task/deberta_sst2_lora_e4_k2_supplement/hpo/baseline/trial_runs/coord_01_train_lr_013/baseline_s2.json,/home/zhujjing/MOE-grad-conflict-routing/runs/paper_suite/single_gpu/single_task/deberta_sst2_lora_e4_k2_supplement/hpo/baseline/trial_runs/coord_01_train_lr_013/baseline_s2_curve.csv
baseline,coord_01_train_lr_013,3,0.588302752293578,0.5091743119266054,0.5487385321100917,False,/home/zhujjing/MOE-grad-conflict-routing/runs/paper_suite/single_gpu/single_task/deberta_sst2_lora_e4_k2_supplement/hpo/baseline/trial_runs/coord_01_train_lr_013/baseline_s3.json,/home/zhujjing/MOE-grad-conflict-routing/runs/paper_suite/single_gpu/single_task/deberta_sst2_lora_e4_k2_supplement/hpo/baseline/trial_runs/coord_01_train_lr_013/baseline_s3_curve.csv
baseline,coord_01_train_lr_014,2,0.9036697247706422,0.9036697247706422,0.9036697247706422,False,/home/zhujjing/MOE-grad-conflict-routing/runs/paper_suite/single_gpu/single_task/deberta_sst2_lora_e4_k2_supplement/hpo/baseline/trial_runs/coord_01_train_lr_014/baseline_s2.json,/home/zhujjing/MOE-grad-conflict-routing/runs/paper_suite/single_gpu/single_task/deberta_sst2_lora_e4_k2_supplement/hpo/baseline/trial_runs/coord_01_train_lr_014/baseline_s2_curve.csv
baseline,coord_01_train_lr_014,3,0.9128440366972477,0.9128440366972477,0.9128440366972477,False,/home/zhujjing/MOE-grad-conflict-routing/runs/paper_suite/single_gpu/single_task/deberta_sst2_lora_e4_k2_supplement/hpo/baseline/trial_runs/coord_01_train_lr_014/baseline_s3.json,/home/zhujjing/MOE-grad-conflict-routing/runs/paper_suite/single_gpu/single_task/deberta_sst2_lora_e4_k2_supplement/hpo/baseline/trial_runs/coord_01_train_lr_014/baseline_s3_curve.csv
baseline,coord_01_train_lr_015,2,0.8268348623853211,0.8268348623853211,0.8268348623853211,False,/home/zhujjing/MOE-grad-conflict-routing/runs/paper_suite/single_gpu/single_task/deberta_sst2_lora_e4_k2_supplement/hpo/baseline/trial_runs/coord_01_train_lr_015/baseline_s2.json,/home/zhujjing/MOE-grad-conflict-routing/runs/paper_suite/single_gpu/single_task/deberta_sst2_lora_e4_k2_supplement/hpo/baseline/trial_runs/coord_01_train_lr_015/baseline_s2_curve.csv
baseline,coord_01_train_lr_015,3,0.8830275229357798,0.8830275229357798,0.8830275229357798,False,/home/zhujjing/MOE-grad-conflict-routing/runs/paper_suite/single_gpu/single_task/deberta_sst2_lora_e4_k2_supplement/hpo/baseline/trial_runs/coord_01_train_lr_015/baseline_s3.json,/home/zhujjing/MOE-grad-conflict-routing/runs/paper_suite/single_gpu/single_task/deberta_sst2_lora_e4_k2_supplement/hpo/baseline/trial_runs/coord_01_train_lr_015/baseline_s3_curve.csv
baseline,coord_01_train_lr_016,2,0.5091743119266054,0.4908256880733945,0.5,False,/home/zhujjing/MOE-grad-conflict-routing/runs/paper_suite/single_gpu/single_task/deberta_sst2_lora_e4_k2_supplement/hpo/baseline/trial_runs/coord_01_train_lr_016/baseline_s2.json,/home/zhujjing/MOE-grad-conflict-routing/runs/paper_suite/single_gpu/single_task/deberta_sst2_lora_e4_k2_supplement/hpo/baseline/trial_runs/coord_01_train_lr_016/baseline_s2_curve.csv
baseline,coord_01_train_lr_016,3,0.5091743119266054,0.5091743119266054,0.5091743119266054,False,/home/zhujjing/MOE-grad-conflict-routing/runs/paper_suite/single_gpu/single_task/deberta_sst2_lora_e4_k2_supplement/hpo/baseline/trial_runs/coord_01_train_lr_016/baseline_s3.json,/home/zhujjing/MOE-grad-conflict-routing/runs/paper_suite/single_gpu/single_task/deberta_sst2_lora_e4_k2_supplement/hpo/baseline/trial_runs/coord_01_train_lr_016/baseline_s3_curve.csv
baseline,coord_01_train_lr_017,2,0.5091743119266054,0.4908256880733945,0.5,False,/home/zhujjing/MOE-grad-conflict-routing/runs/paper_suite/single_gpu/single_task/deberta_sst2_lora_e4_k2_supplement/hpo/baseline/trial_runs/coord_01_train_lr_017/baseline_s2.json,/home/zhujjing/MOE-grad-conflict-routing/runs/paper_suite/single_gpu/single_task/deberta_sst2_lora_e4_k2_supplement/hpo/baseline/trial_runs/coord_01_train_lr_017/baseline_s2_curve.csv
baseline,coord_01_train_lr_017,3,0.5091743119266054,0.5091743119266054,0.5091743119266054,False,/home/zhujjing/MOE-grad-conflict-routing/runs/paper_suite/single_gpu/single_task/deberta_sst2_lora_e4_k2_supplement/hpo/baseline/trial_runs/coord_01_train_lr_017/baseline_s3.json,/home/zhujjing/MOE-grad-conflict-routing/runs/paper_suite/single_gpu/single_task/deberta_sst2_lora_e4_k2_supplement/hpo/baseline/trial_runs/coord_01_train_lr_017/baseline_s3_curve.csv
baseline,coord_01_train_lr_018,2,0.9128440366972477,0.9128440366972477,0.9128440366972477,False,/home/zhujjing/MOE-grad-conflict-routing/runs/paper_suite/single_gpu/single_task/deberta_sst2_lora_e4_k2_supplement/hpo/baseline/trial_runs/coord_01_train_lr_018/baseline_s2.json,/home/zhujjing/MOE-grad-conflict-routing/runs/paper_suite/single_gpu/single_task/deberta_sst2_lora_e4_k2_supplement/hpo/baseline/trial_runs/coord_01_train_lr_018/baseline_s2_curve.csv
baseline,coord_01_train_lr_018,3,0.8956422018348624,0.8956422018348624,0.8956422018348624,False,/home/zhujjing/MOE-grad-conflict-routing/runs/paper_suite/single_gpu/single_task/deberta_sst2_lora_e4_k2_supplement/hpo/baseline/trial_runs/coord_01_train_lr_018/baseline_s3.json,/home/zhujjing/MOE-grad-conflict-routing/runs/paper_suite/single_gpu/single_task/deberta_sst2_lora_e4_k2_supplement/hpo/baseline/trial_runs/coord_01_train_lr_018/baseline_s3_curve.csv
baseline,coord_01_train_lr_019,2,0.9139908256880734,0.9139908256880734,0.9139908256880734,False,/home/zhujjing/MOE-grad-conflict-routing/runs/paper_suite/single_gpu/single_task/deberta_sst2_lora_e4_k2_supplement/hpo/baseline/trial_runs/coord_01_train_lr_019/baseline_s2.json,/home/zhujjing/MOE-grad-conflict-routing/runs/paper_suite/single_gpu/single_task/deberta_sst2_lora_e4_k2_supplement/hpo/baseline/trial_runs/coord_01_train_lr_019/baseline_s2_curve.csv
baseline,coord_01_train_lr_019,3,0.9094036697247706,0.9094036697247706,0.9094036697247706,False,/home/zhujjing/MOE-grad-conflict-routing/runs/paper_suite/single_gpu/single_task/deberta_sst2_lora_e4_k2_supplement/hpo/baseline/trial_runs/coord_01_train_lr_019/baseline_s3.json,/home/zhujjing/MOE-grad-conflict-routing/runs/paper_suite/single_gpu/single_task/deberta_sst2_lora_e4_k2_supplement/hpo/baseline/trial_runs/coord_01_train_lr_019/baseline_s3_curve.csv
baseline,coord_01_train_lr_020,2,0.5091743119266054,0.5091743119266054,0.5091743119266054,False,/home/zhujjing/MOE-grad-conflict-routing/runs/paper_suite/single_gpu/single_task/deberta_sst2_lora_e4_k2_supplement/hpo/baseline/trial_runs/coord_01_train_lr_020/baseline_s2.json,/home/zhujjing/MOE-grad-conflict-routing/runs/paper_suite/single_gpu/single_task/deberta_sst2_lora_e4_k2_supplement/hpo/baseline/trial_runs/coord_01_train_lr_020/baseline_s2_curve.csv
baseline,coord_01_train_lr_020,3,0.5091743119266054,0.5091743119266054,0.5091743119266054,False,/home/zhujjing/MOE-grad-conflict-routing/runs/paper_suite/single_gpu/single_task/deberta_sst2_lora_e4_k2_supplement/hpo/baseline/trial_runs/coord_01_train_lr_020/baseline_s3.json,/home/zhujjing/MOE-grad-conflict-routing/runs/paper_suite/single_gpu/single_task/deberta_sst2_lora_e4_k2_supplement/hpo/baseline/trial_runs/coord_01_train_lr_020/baseline_s3_curve.csv
baseline,coord_01_train_lr_021,2,0.5091743119266054,0.4908256880733945,0.5,False,/home/zhujjing/MOE-grad-conflict-routing/runs/paper_suite/single_gpu/single_task/deberta_sst2_lora_e4_k2_supplement/hpo/baseline/trial_runs/coord_01_train_lr_021/baseline_s2.json,/home/zhujjing/MOE-grad-conflict-routing/runs/paper_suite/single_gpu/single_task/deberta_sst2_lora_e4_k2_supplement/hpo/baseline/trial_runs/coord_01_train_lr_021/baseline_s2_curve.csv
baseline,coord_01_train_lr_021,3,0.5091743119266054,0.4908256880733945,0.5,False,/home/zhujjing/MOE-grad-conflict-routing/runs/paper_suite/single_gpu/single_task/deberta_sst2_lora_e4_k2_supplement/hpo/baseline/trial_runs/coord_01_train_lr_021/baseline_s3.json,/home/zhujjing/MOE-grad-conflict-routing/runs/paper_suite/single_gpu/single_task/deberta_sst2_lora_e4_k2_supplement/hpo/baseline/trial_runs/coord_01_train_lr_021/baseline_s3_curve.csv
baseline,coord_01_train_lr_022,2,0.8887614678899083,0.8887614678899083,0.8887614678899083,False,/home/zhujjing/MOE-grad-conflict-routing/runs/paper_suite/single_gpu/single_task/deberta_sst2_lora_e4_k2_supplement/hpo/baseline/trial_runs/coord_01_train_lr_022/baseline_s2.json,/home/zhujjing/MOE-grad-conflict-routing/runs/paper_suite/single_gpu/single_task/deberta_sst2_lora_e4_k2_supplement/hpo/baseline/trial_runs/coord_01_train_lr_022/baseline_s2_curve.csv
baseline,coord_01_train_lr_022,3,0.8784403669724771,0.8784403669724771,0.8784403669724771,False,/home/zhujjing/MOE-grad-conflict-routing/runs/paper_suite/single_gpu/single_task/deberta_sst2_lora_e4_k2_supplement/hpo/baseline/trial_runs/coord_01_train_lr_022/baseline_s3.json,/home/zhujjing/MOE-grad-conflict-routing/runs/paper_suite/single_gpu/single_task/deberta_sst2_lora_e4_k2_supplement/hpo/baseline/trial_runs/coord_01_train_lr_022/baseline_s3_curve.csv
baseline,coord_01_train_lr_023,2,0.7454128440366973,0.7454128440366973,0.7454128440366973,False,/home/zhujjing/MOE-grad-conflict-routing/runs/paper_suite/single_gpu/single_task/deberta_sst2_lora_e4_k2_supplement/hpo/baseline/trial_runs/coord_01_train_lr_023/baseline_s2.json,/home/zhujjing/MOE-grad-conflict-routing/runs/paper_suite/single_gpu/single_task/deberta_sst2_lora_e4_k2_supplement/hpo/baseline/trial_runs/coord_01_train_lr_023/baseline_s2_curve.csv
baseline,coord_01_train_lr_023,3,0.7775229357798165,0.7775229357798165,0.7775229357798165,False,/home/zhujjing/MOE-grad-conflict-routing/runs/paper_suite/single_gpu/single_task/deberta_sst2_lora_e4_k2_supplement/hpo/baseline/trial_runs/coord_01_train_lr_023/baseline_s3.json,/home/zhujjing/MOE-grad-conflict-routing/runs/paper_suite/single_gpu/single_task/deberta_sst2_lora_e4_k2_supplement/hpo/baseline/trial_runs/coord_01_train_lr_023/baseline_s3_curve.csv
baseline,coord_01_train_lr_024,2,0.5091743119266054,0.4908256880733945,0.5,False,/home/zhujjing/MOE-grad-conflict-routing/runs/paper_suite/single_gpu/single_task/deberta_sst2_lora_e4_k2_supplement/hpo/baseline/trial_runs/coord_01_train_lr_024/baseline_s2.json,/home/zhujjing/MOE-grad-conflict-routing/runs/paper_suite/single_gpu/single_task/deberta_sst2_lora_e4_k2_supplement/hpo/baseline/trial_runs/coord_01_train_lr_024/baseline_s2_curve.csv
baseline,coord_01_train_lr_024,3,0.5091743119266054,0.5091743119266054,0.5091743119266054,False,/home/zhujjing/MOE-grad-conflict-routing/runs/paper_suite/single_gpu/single_task/deberta_sst2_lora_e4_k2_supplement/hpo/baseline/trial_runs/coord_01_train_lr_024/baseline_s3.json,/home/zhujjing/MOE-grad-conflict-routing/runs/paper_suite/single_gpu/single_task/deberta_sst2_lora_e4_k2_supplement/hpo/baseline/trial_runs/coord_01_train_lr_024/baseline_s3_curve.csv
baseline,coord_01_train_lr_025,2,0.5137614678899083,0.5091743119266054,0.5114678899082569,False,/home/zhujjing/MOE-grad-conflict-routing/runs/paper_suite/single_gpu/single_task/deberta_sst2_lora_e4_k2_supplement/hpo/baseline/trial_runs/coord_01_train_lr_025/baseline_s2.json,/home/zhujjing/MOE-grad-conflict-routing/runs/paper_suite/single_gpu/single_task/deberta_sst2_lora_e4_k2_supplement/hpo/baseline/trial_runs/coord_01_train_lr_025/baseline_s2_curve.csv
baseline,coord_01_train_lr_025,3,0.823394495412844,0.6788990825688074,0.7511467889908257,False,/home/zhujjing/MOE-grad-conflict-routing/runs/paper_suite/single_gpu/single_task/deberta_sst2_lora_e4_k2_supplement/hpo/baseline/trial_runs/coord_01_train_lr_025/baseline_s3.json,/home/zhujjing/MOE-grad-conflict-routing/runs/paper_suite/single_gpu/single_task/deberta_sst2_lora_e4_k2_supplement/hpo/baseline/trial_runs/coord_01_train_lr_025/baseline_s3_curve.csv
baseline,coord_01_train_lr_026,2,0.9231651376146789,0.9231651376146789,0.9231651376146789,False,/home/zhujjing/MOE-grad-conflict-routing/runs/paper_suite/single_gpu/single_task/deberta_sst2_lora_e4_k2_supplement/hpo/baseline/trial_runs/coord_01_train_lr_026/baseline_s2.json,/home/zhujjing/MOE-grad-conflict-routing/runs/paper_suite/single_gpu/single_task/deberta_sst2_lora_e4_k2_supplement/hpo/baseline/trial_runs/coord_01_train_lr_026/baseline_s2_curve.csv
baseline,coord_01_train_lr_026,3,0.9208715596330275,0.9208715596330275,0.9208715596330275,False,/home/zhujjing/MOE-grad-conflict-routing/runs/paper_suite/single_gpu/single_task/deberta_sst2_lora_e4_k2_supplement/hpo/baseline/trial_runs/coord_01_train_lr_026/baseline_s3.json,/home/zhujjing/MOE-grad-conflict-routing/runs/paper_suite/single_gpu/single_task/deberta_sst2_lora_e4_k2_supplement/hpo/baseline/trial_runs/coord_01_train_lr_026/baseline_s3_curve.csv
baseline,coord_01_train_lr_027,2,0.5091743119266054,0.4908256880733945,0.5,False,/home/zhujjing/MOE-grad-conflict-routing/runs/paper_suite/single_gpu/single_task/deberta_sst2_lora_e4_k2_supplement/hpo/baseline/trial_runs/coord_01_train_lr_027/baseline_s2.json,/home/zhujjing/MOE-grad-conflict-routing/runs/paper_suite/single_gpu/single_task/deberta_sst2_lora_e4_k2_supplement/hpo/baseline/trial_runs/coord_01_train_lr_027/baseline_s2_curve.csv
baseline,coord_01_train_lr_027,3,0.5091743119266054,0.4908256880733945,0.5,False,/home/zhujjing/MOE-grad-conflict-routing/runs/paper_suite/single_gpu/single_task/deberta_sst2_lora_e4_k2_supplement/hpo/baseline/trial_runs/coord_01_train_lr_027/baseline_s3.json,/home/zhujjing/MOE-grad-conflict-routing/runs/paper_suite/single_gpu/single_task/deberta_sst2_lora_e4_k2_supplement/hpo/baseline/trial_runs/coord_01_train_lr_027/baseline_s3_curve.csv
baseline,coord_01_train_lr_028,2,0.7201834862385321,0.5321100917431193,0.6261467889908257,False,/home/zhujjing/MOE-grad-conflict-routing/runs/paper_suite/single_gpu/single_task/deberta_sst2_lora_e4_k2_supplement/hpo/baseline/trial_runs/coord_01_train_lr_028/baseline_s2.json,/home/zhujjing/MOE-grad-conflict-routing/runs/paper_suite/single_gpu/single_task/deberta_sst2_lora_e4_k2_supplement/hpo/baseline/trial_runs/coord_01_train_lr_028/baseline_s2_curve.csv
baseline,coord_01_train_lr_028,3,0.7775229357798165,0.7775229357798165,0.7775229357798165,False,/home/zhujjing/MOE-grad-conflict-routing/runs/paper_suite/single_gpu/single_task/deberta_sst2_lora_e4_k2_supplement/hpo/baseline/trial_runs/coord_01_train_lr_028/baseline_s3.json,/home/zhujjing/MOE-grad-conflict-routing/runs/paper_suite/single_gpu/single_task/deberta_sst2_lora_e4_k2_supplement/hpo/baseline/trial_runs/coord_01_train_lr_028/baseline_s3_curve.csv
baseline,coord_01_train_lr_029,2,0.5091743119266054,0.5091743119266054,0.5091743119266054,False,/home/zhujjing/MOE-grad-conflict-routing/runs/paper_suite/single_gpu/single_task/deberta_sst2_lora_e4_k2_supplement/hpo/baseline/trial_runs/coord_01_train_lr_029/baseline_s2.json,/home/zhujjing/MOE-grad-conflict-routing/runs/paper_suite/single_gpu/single_task/deberta_sst2_lora_e4_k2_supplement/hpo/baseline/trial_runs/coord_01_train_lr_029/baseline_s2_curve.csv
baseline,coord_01_train_lr_029,3,0.5091743119266054,0.4908256880733945,0.5,False,/home/zhujjing/MOE-grad-conflict-routing/runs/paper_suite/single_gpu/single_task/deberta_sst2_lora_e4_k2_supplement/hpo/baseline/trial_runs/coord_01_train_lr_029/baseline_s3.json,/home/zhujjing/MOE-grad-conflict-routing/runs/paper_suite/single_gpu/single_task/deberta_sst2_lora_e4_k2_supplement/hpo/baseline/trial_runs/coord_01_train_lr_029/baseline_s3_curve.csv
baseline,coord_01_train_lr_030,2,0.8956422018348624,0.8371559633027523,0.8663990825688074,False,/home/zhujjing/MOE-grad-conflict-routing/runs/paper_suite/single_gpu/single_task/deberta_sst2_lora_e4_k2_supplement/hpo/baseline/trial_runs/coord_01_train_lr_030/baseline_s2.json,/home/zhujjing/MOE-grad-conflict-routing/runs/paper_suite/single_gpu/single_task/deberta_sst2_lora_e4_k2_supplement/hpo/baseline/trial_runs/coord_01_train_lr_030/baseline_s2_curve.csv
baseline,coord_01_train_lr_030,3,0.8474770642201835,0.8474770642201835,0.8474770642201835,False,/home/zhujjing/MOE-grad-conflict-routing/runs/paper_suite/single_gpu/single_task/deberta_sst2_lora_e4_k2_supplement/hpo/baseline/trial_runs/coord_01_train_lr_030/baseline_s3.json,/home/zhujjing/MOE-grad-conflict-routing/runs/paper_suite/single_gpu/single_task/deberta_sst2_lora_e4_k2_supplement/hpo/baseline/trial_runs/coord_01_train_lr_030/baseline_s3_curve.csv
baseline,coord_02_anchor,2,0.9357798165137615,0.9357798165137615,0.9357798165137615,False,/home/zhujjing/MOE-grad-conflict-routing/runs/paper_suite/single_gpu/single_task/deberta_sst2_lora_e4_k2_supplement/hpo/baseline/trial_runs/coord_02_anchor/baseline_s2.json,/home/zhujjing/MOE-grad-conflict-routing/runs/paper_suite/single_gpu/single_task/deberta_sst2_lora_e4_k2_supplement/hpo/baseline/trial_runs/coord_02_anchor/baseline_s2_curve.csv
baseline,coord_02_anchor,3,0.930045871559633,0.930045871559633,0.930045871559633,False,/home/zhujjing/MOE-grad-conflict-routing/runs/paper_suite/single_gpu/single_task/deberta_sst2_lora_e4_k2_supplement/hpo/baseline/trial_runs/coord_02_anchor/baseline_s3.json,/home/zhujjing/MOE-grad-conflict-routing/runs/paper_suite/single_gpu/single_task/deberta_sst2_lora_e4_k2_supplement/hpo/baseline/trial_runs/coord_02_anchor/baseline_s3_curve.csv
baseline,coord_02_train_weight_decay_000,2,0.8967889908256881,0.8967889908256881,0.8967889908256881,False,/home/zhujjing/MOE-grad-conflict-routing/runs/paper_suite/single_gpu/single_task/deberta_sst2_lora_e4_k2_supplement/hpo/baseline/trial_runs/coord_02_train_weight_decay_000/baseline_s2.json,/home/zhujjing/MOE-grad-conflict-routing/runs/paper_suite/single_gpu/single_task/deberta_sst2_lora_e4_k2_supplement/hpo/baseline/trial_runs/coord_02_train_weight_decay_000/baseline_s2_curve.csv
baseline,coord_02_train_weight_decay_000,3,0.9105504587155964,0.9105504587155964,0.9105504587155964,False,/home/zhujjing/MOE-grad-conflict-routing/runs/paper_suite/single_gpu/single_task/deberta_sst2_lora_e4_k2_supplement/hpo/baseline/trial_runs/coord_02_train_weight_decay_000/baseline_s3.json,/home/zhujjing/MOE-grad-conflict-routing/runs/paper_suite/single_gpu/single_task/deberta_sst2_lora_e4_k2_supplement/hpo/baseline/trial_runs/coord_02_train_weight_decay_000/baseline_s3_curve.csv
baseline,coord_02_train_weight_decay_001,2,0.9254587155963303,0.9254587155963303,0.9254587155963303,False,/home/zhujjing/MOE-grad-conflict-routing/runs/paper_suite/single_gpu/single_task/deberta_sst2_lora_e4_k2_supplement/hpo/baseline/trial_runs/coord_02_train_weight_decay_001/baseline_s2.json,/home/zhujjing/MOE-grad-conflict-routing/runs/paper_suite/single_gpu/single_task/deberta_sst2_lora_e4_k2_supplement/hpo/baseline/trial_runs/coord_02_train_weight_decay_001/baseline_s2_curve.csv
baseline,coord_02_train_weight_decay_001,3,0.9311926605504587,0.9311926605504587,0.9311926605504587,False,/home/zhujjing/MOE-grad-conflict-routing/runs/paper_suite/single_gpu/single_task/deberta_sst2_lora_e4_k2_supplement/hpo/baseline/trial_runs/coord_02_train_weight_decay_001/baseline_s3.json,/home/zhujjing/MOE-grad-conflict-routing/runs/paper_suite/single_gpu/single_task/deberta_sst2_lora_e4_k2_supplement/hpo/baseline/trial_runs/coord_02_train_weight_decay_001/baseline_s3_curve.csv
baseline,coord_02_train_weight_decay_002,2,0.9151376146788991,0.9151376146788991,0.9151376146788991,False,/home/zhujjing/MOE-grad-conflict-routing/runs/paper_suite/single_gpu/single_task/deberta_sst2_lora_e4_k2_supplement/hpo/baseline/trial_runs/coord_02_train_weight_decay_002/baseline_s2.json,/home/zhujjing/MOE-grad-conflict-routing/runs/paper_suite/single_gpu/single_task/deberta_sst2_lora_e4_k2_supplement/hpo/baseline/trial_runs/coord_02_train_weight_decay_002/baseline_s2_curve.csv
baseline,coord_02_train_weight_decay_002,3,0.9254587155963303,0.9254587155963303,0.9254587155963303,False,/home/zhujjing/MOE-grad-conflict-routing/runs/paper_suite/single_gpu/single_task/deberta_sst2_lora_e4_k2_supplement/hpo/baseline/trial_runs/coord_02_train_weight_decay_002/baseline_s3.json,/home/zhujjing/MOE-grad-conflict-routing/runs/paper_suite/single_gpu/single_task/deberta_sst2_lora_e4_k2_supplement/hpo/baseline/trial_runs/coord_02_train_weight_decay_002/baseline_s3_curve.csv
baseline,coord_02_train_weight_decay_003,2,0.9288990825688074,0.9059633027522935,0.9174311926605505,False,/home/zhujjing/MOE-grad-conflict-routing/runs/paper_suite/single_gpu/single_task/deberta_sst2_lora_e4_k2_supplement/hpo/baseline/trial_runs/coord_02_train_weight_decay_003/baseline_s2.json,/home/zhujjing/MOE-grad-conflict-routing/runs/paper_suite/single_gpu/single_task/deberta_sst2_lora_e4_k2_supplement/hpo/baseline/trial_runs/coord_02_train_weight_decay_003/baseline_s2_curve.csv
baseline,coord_02_train_weight_decay_003,3,0.9231651376146789,0.9231651376146789,0.9231651376146789,False,/home/zhujjing/MOE-grad-conflict-routing/runs/paper_suite/single_gpu/single_task/deberta_sst2_lora_e4_k2_supplement/hpo/baseline/trial_runs/coord_02_train_weight_decay_003/baseline_s3.json,/home/zhujjing/MOE-grad-conflict-routing/runs/paper_suite/single_gpu/single_task/deberta_sst2_lora_e4_k2_supplement/hpo/baseline/trial_runs/coord_02_train_weight_decay_003/baseline_s3_curve.csv
baseline,coord_02_train_weight_decay_004,2,0.9243119266055045,0.9243119266055045,0.9243119266055045,False,/home/zhujjing/MOE-grad-conflict-routing/runs/paper_suite/single_gpu/single_task/deberta_sst2_lora_e4_k2_supplement/hpo/baseline/trial_runs/coord_02_train_weight_decay_004/baseline_s2.json,/home/zhujjing/MOE-grad-conflict-routing/runs/paper_suite/single_gpu/single_task/deberta_sst2_lora_e4_k2_supplement/hpo/baseline/trial_runs/coord_02_train_weight_decay_004/baseline_s2_curve.csv
baseline,coord_02_train_weight_decay_004,3,0.9220183486238532,0.9220183486238532,0.9220183486238532,False,/home/zhujjing/MOE-grad-conflict-routing/runs/paper_suite/single_gpu/single_task/deberta_sst2_lora_e4_k2_supplement/hpo/baseline/trial_runs/coord_02_train_weight_decay_004/baseline_s3.json,/home/zhujjing/MOE-grad-conflict-routing/runs/paper_suite/single_gpu/single_task/deberta_sst2_lora_e4_k2_supplement/hpo/baseline/trial_runs/coord_02_train_weight_decay_004/baseline_s3_curve.csv
baseline,coord_02_train_weight_decay_005,2,0.926605504587156,0.926605504587156,0.926605504587156,False,/home/zhujjing/MOE-grad-conflict-routing/runs/paper_suite/single_gpu/single_task/deberta_sst2_lora_e4_k2_supplement/hpo/baseline/trial_runs/coord_02_train_weight_decay_005/baseline_s2.json,/home/zhujjing/MOE-grad-conflict-routing/runs/paper_suite/single_gpu/single_task/deberta_sst2_lora_e4_k2_supplement/hpo/baseline/trial_runs/coord_02_train_weight_decay_005/baseline_s2_curve.csv
baseline,coord_02_train_weight_decay_005,3,0.9208715596330275,0.9208715596330275,0.9208715596330275,False,/home/zhujjing/MOE-grad-conflict-routing/runs/paper_suite/single_gpu/single_task/deberta_sst2_lora_e4_k2_supplement/hpo/baseline/trial_runs/coord_02_train_weight_decay_005/baseline_s3.json,/home/zhujjing/MOE-grad-conflict-routing/runs/paper_suite/single_gpu/single_task/deberta_sst2_lora_e4_k2_supplement/hpo/baseline/trial_runs/coord_02_train_weight_decay_005/baseline_s3_curve.csv
baseline,coord_02_train_weight_decay_006,2,0.9243119266055045,0.8910550458715596,0.9076834862385321,False,/home/zhujjing/MOE-grad-conflict-routing/runs/paper_suite/single_gpu/single_task/deberta_sst2_lora_e4_k2_supplement/hpo/baseline/trial_runs/coord_02_train_weight_decay_006/baseline_s2.json,/home/zhujjing/MOE-grad-conflict-routing/runs/paper_suite/single_gpu/single_task/deberta_sst2_lora_e4_k2_supplement/hpo/baseline/trial_runs/coord_02_train_weight_decay_006/baseline_s2_curve.csv
baseline,coord_02_train_weight_decay_006,3,0.9254587155963303,0.9254587155963303,0.9254587155963303,False,/home/zhujjing/MOE-grad-conflict-routing/runs/paper_suite/single_gpu/single_task/deberta_sst2_lora_e4_k2_supplement/hpo/baseline/trial_runs/coord_02_train_weight_decay_006/baseline_s3.json,/home/zhujjing/MOE-grad-conflict-routing/runs/paper_suite/single_gpu/single_task/deberta_sst2_lora_e4_k2_supplement/hpo/baseline/trial_runs/coord_02_train_weight_decay_006/baseline_s3_curve.csv
baseline,coord_02_train_weight_decay_007,2,0.9105504587155964,0.9105504587155964,0.9105504587155964,False,/home/zhujjing/MOE-grad-conflict-routing/runs/paper_suite/single_gpu/single_task/deberta_sst2_lora_e4_k2_supplement/hpo/baseline/trial_runs/coord_02_train_weight_decay_007/baseline_s2.json,/home/zhujjing/MOE-grad-conflict-routing/runs/paper_suite/single_gpu/single_task/deberta_sst2_lora_e4_k2_supplement/hpo/baseline/trial_runs/coord_02_train_weight_decay_007/baseline_s2_curve.csv
baseline,coord_02_train_weight_decay_007,3,0.8818807339449541,0.8818807339449541,0.8818807339449541,False,/home/zhujjing/MOE-grad-conflict-routing/runs/paper_suite/single_gpu/single_task/deberta_sst2_lora_e4_k2_supplement/hpo/baseline/trial_runs/coord_02_train_weight_decay_007/baseline_s3.json,/home/zhujjing/MOE-grad-conflict-routing/runs/paper_suite/single_gpu/single_task/deberta_sst2_lora_e4_k2_supplement/hpo/baseline/trial_runs/coord_02_train_weight_decay_007/baseline_s3_curve.csv
baseline,coord_02_train_weight_decay_008,2,0.9185779816513762,0.9185779816513762,0.9185779816513762,False,/home/zhujjing/MOE-grad-conflict-routing/runs/paper_suite/single_gpu/single_task/deberta_sst2_lora_e4_k2_supplement/hpo/baseline/trial_runs/coord_02_train_weight_decay_008/baseline_s2.json,/home/zhujjing/MOE-grad-conflict-routing/runs/paper_suite/single_gpu/single_task/deberta_sst2_lora_e4_k2_supplement/hpo/baseline/trial_runs/coord_02_train_weight_decay_008/baseline_s2_curve.csv
baseline,coord_02_train_weight_decay_008,3,0.930045871559633,0.911697247706422,0.9208715596330275,False,/home/zhujjing/MOE-grad-conflict-routing/runs/paper_suite/single_gpu/single_task/deberta_sst2_lora_e4_k2_supplement/hpo/baseline/trial_runs/coord_02_train_weight_decay_008/baseline_s3.json,/home/zhujjing/MOE-grad-conflict-routing/runs/paper_suite/single_gpu/single_task/deberta_sst2_lora_e4_k2_supplement/hpo/baseline/trial_runs/coord_02_train_weight_decay_008/baseline_s3_curve.csv
baseline,coord_02_train_weight_decay_009,2,0.8922018348623854,0.8922018348623854,0.8922018348623854,False,/home/zhujjing/MOE-grad-conflict-routing/runs/paper_suite/single_gpu/single_task/deberta_sst2_lora_e4_k2_supplement/hpo/baseline/trial_runs/coord_02_train_weight_decay_009/baseline_s2.json,/home/zhujjing/MOE-grad-conflict-routing/runs/paper_suite/single_gpu/single_task/deberta_sst2_lora_e4_k2_supplement/hpo/baseline/trial_runs/coord_02_train_weight_decay_009/baseline_s2_curve.csv
baseline,coord_02_train_weight_decay_009,3,0.930045871559633,0.9162844036697247,0.9231651376146789,False,/home/zhujjing/MOE-grad-conflict-routing/runs/paper_suite/single_gpu/single_task/deberta_sst2_lora_e4_k2_supplement/hpo/baseline/trial_runs/coord_02_train_weight_decay_009/baseline_s3.json,/home/zhujjing/MOE-grad-conflict-routing/runs/paper_suite/single_gpu/single_task/deberta_sst2_lora_e4_k2_supplement/hpo/baseline/trial_runs/coord_02_train_weight_decay_009/baseline_s3_curve.csv
baseline,coord_02_train_weight_decay_010,2,0.8956422018348624,0.8956422018348624,0.8956422018348624,False,/home/zhujjing/MOE-grad-conflict-routing/runs/paper_suite/single_gpu/single_task/deberta_sst2_lora_e4_k2_supplement/hpo/baseline/trial_runs/coord_02_train_weight_decay_010/baseline_s2.json,/home/zhujjing/MOE-grad-conflict-routing/runs/paper_suite/single_gpu/single_task/deberta_sst2_lora_e4_k2_supplement/hpo/baseline/trial_runs/coord_02_train_weight_decay_010/baseline_s2_curve.csv
baseline,coord_02_train_weight_decay_010,3,0.9277522935779816,0.9162844036697247,0.9220183486238531,False,/home/zhujjing/MOE-grad-conflict-routing/runs/paper_suite/single_gpu/single_task/deberta_sst2_lora_e4_k2_supplement/hpo/baseline/trial_runs/coord_02_train_weight_decay_010/baseline_s3.json,/home/zhujjing/MOE-grad-conflict-routing/runs/paper_suite/single_gpu/single_task/deberta_sst2_lora_e4_k2_supplement/hpo/baseline/trial_runs/coord_02_train_weight_decay_010/baseline_s3_curve.csv
baseline,coord_02_train_weight_decay_011,2,0.911697247706422,0.911697247706422,0.911697247706422,False,/home/zhujjing/MOE-grad-conflict-routing/runs/paper_suite/single_gpu/single_task/deberta_sst2_lora_e4_k2_supplement/hpo/baseline/trial_runs/coord_02_train_weight_decay_011/baseline_s2.json,/home/zhujjing/MOE-grad-conflict-routing/runs/paper_suite/single_gpu/single_task/deberta_sst2_lora_e4_k2_supplement/hpo/baseline/trial_runs/coord_02_train_weight_decay_011/baseline_s2_curve.csv
baseline,coord_02_train_weight_decay_011,3,0.9277522935779816,0.9277522935779816,0.9277522935779816,False,/home/zhujjing/MOE-grad-conflict-routing/runs/paper_suite/single_gpu/single_task/deberta_sst2_lora_e4_k2_supplement/hpo/baseline/trial_runs/coord_02_train_weight_decay_011/baseline_s3.json,/home/zhujjing/MOE-grad-conflict-routing/runs/paper_suite/single_gpu/single_task/deberta_sst2_lora_e4_k2_supplement/hpo/baseline/trial_runs/coord_02_train_weight_decay_011/baseline_s3_curve.csv
baseline,coord_02_train_weight_decay_012,2,0.9013761467889908,0.9013761467889908,0.9013761467889908,False,/home/zhujjing/MOE-grad-conflict-routing/runs/paper_suite/single_gpu/single_task/deberta_sst2_lora_e4_k2_supplement/hpo/baseline/trial_runs/coord_02_train_weight_decay_012/baseline_s2.json,/home/zhujjing/MOE-grad-conflict-routing/runs/paper_suite/single_gpu/single_task/deberta_sst2_lora_e4_k2_supplement/hpo/baseline/trial_runs/coord_02_train_weight_decay_012/baseline_s2_curve.csv
baseline,coord_02_train_weight_decay_012,3,0.9094036697247706,0.9094036697247706,0.9094036697247706,False,/home/zhujjing/MOE-grad-conflict-routing/runs/paper_suite/single_gpu/single_task/deberta_sst2_lora_e4_k2_supplement/hpo/baseline/trial_runs/coord_02_train_weight_decay_012/baseline_s3.json,/home/zhujjing/MOE-grad-conflict-routing/runs/paper_suite/single_gpu/single_task/deberta_sst2_lora_e4_k2_supplement/hpo/baseline/trial_runs/coord_02_train_weight_decay_012/baseline_s3_curve.csv
baseline,coord_02_train_weight_decay_013,2,0.8807339449541285,0.8807339449541285,0.8807339449541285,False,/home/zhujjing/MOE-grad-conflict-routing/runs/paper_suite/single_gpu/single_task/deberta_sst2_lora_e4_k2_supplement/hpo/baseline/trial_runs/coord_02_train_weight_decay_013/baseline_s2.json,/home/zhujjing/MOE-grad-conflict-routing/runs/paper_suite/single_gpu/single_task/deberta_sst2_lora_e4_k2_supplement/hpo/baseline/trial_runs/coord_02_train_weight_decay_013/baseline_s2_curve.csv
baseline,coord_02_train_weight_decay_013,3,0.9334862385321101,0.9334862385321101,0.9334862385321101,False,/home/zhujjing/MOE-grad-conflict-routing/runs/paper_suite/single_gpu/single_task/deberta_sst2_lora_e4_k2_supplement/hpo/baseline/trial_runs/coord_02_train_weight_decay_013/baseline_s3.json,/home/zhujjing/MOE-grad-conflict-routing/runs/paper_suite/single_gpu/single_task/deberta_sst2_lora_e4_k2_supplement/hpo/baseline/trial_runs/coord_02_train_weight_decay_013/baseline_s3_curve.csv
baseline,coord_02_train_weight_decay_014,2,0.9311926605504587,0.9311926605504587,0.9311926605504587,False,/home/zhujjing/MOE-grad-conflict-routing/runs/paper_suite/single_gpu/single_task/deberta_sst2_lora_e4_k2_supplement/hpo/baseline/trial_runs/coord_02_train_weight_decay_014/baseline_s2.json,/home/zhujjing/MOE-grad-conflict-routing/runs/paper_suite/single_gpu/single_task/deberta_sst2_lora_e4_k2_supplement/hpo/baseline/trial_runs/coord_02_train_weight_decay_014/baseline_s2_curve.csv
baseline,coord_02_train_weight_decay_014,3,0.9243119266055045,0.9243119266055045,0.9243119266055045,False,/home/zhujjing/MOE-grad-conflict-routing/runs/paper_suite/single_gpu/single_task/deberta_sst2_lora_e4_k2_supplement/hpo/baseline/trial_runs/coord_02_train_weight_decay_014/baseline_s3.json,/home/zhujjing/MOE-grad-conflict-routing/runs/paper_suite/single_gpu/single_task/deberta_sst2_lora_e4_k2_supplement/hpo/baseline/trial_runs/coord_02_train_weight_decay_014/baseline_s3_curve.csv
baseline,coord_02_train_weight_decay_015,2,0.9174311926605505,0.9174311926605505,0.9174311926605505,False,/home/zhujjing/MOE-grad-conflict-routing/runs/paper_suite/single_gpu/single_task/deberta_sst2_lora_e4_k2_supplement/hpo/baseline/trial_runs/coord_02_train_weight_decay_015/baseline_s2.json,/home/zhujjing/MOE-grad-conflict-routing/runs/paper_suite/single_gpu/single_task/deberta_sst2_lora_e4_k2_supplement/hpo/baseline/trial_runs/coord_02_train_weight_decay_015/baseline_s2_curve.csv
baseline,coord_02_train_weight_decay_015,3,0.9288990825688074,0.9288990825688074,0.9288990825688074,False,/home/zhujjing/MOE-grad-conflict-routing/runs/paper_suite/single_gpu/single_task/deberta_sst2_lora_e4_k2_supplement/hpo/baseline/trial_runs/coord_02_train_weight_decay_015/baseline_s3.json,/home/zhujjing/MOE-grad-conflict-routing/runs/paper_suite/single_gpu/single_task/deberta_sst2_lora_e4_k2_supplement/hpo/baseline/trial_runs/coord_02_train_weight_decay_015/baseline_s3_curve.csv
baseline,coord_02_train_weight_decay_016,2,0.9231651376146789,0.8956422018348624,0.9094036697247707,False,/home/zhujjing/MOE-grad-conflict-routing/runs/paper_suite/single_gpu/single_task/deberta_sst2_lora_e4_k2_supplement/hpo/baseline/trial_runs/coord_02_train_weight_decay_016/baseline_s2.json,/home/zhujjing/MOE-grad-conflict-routing/runs/paper_suite/single_gpu/single_task/deberta_sst2_lora_e4_k2_supplement/hpo/baseline/trial_runs/coord_02_train_weight_decay_016/baseline_s2_curve.csv
baseline,coord_02_train_weight_decay_016,3,0.9185779816513762,0.9059633027522935,0.9122706422018348,False,/home/zhujjing/MOE-grad-conflict-routing/runs/paper_suite/single_gpu/single_task/deberta_sst2_lora_e4_k2_supplement/hpo/baseline/trial_runs/coord_02_train_weight_decay_016/baseline_s3.json,/home/zhujjing/MOE-grad-conflict-routing/runs/paper_suite/single_gpu/single_task/deberta_sst2_lora_e4_k2_supplement/hpo/baseline/trial_runs/coord_02_train_weight_decay_016/baseline_s3_curve.csv
baseline,coord_02_train_weight_decay_017,2,0.9208715596330275,0.9208715596330275,0.9208715596330275,False,/home/zhujjing/MOE-grad-conflict-routing/runs/paper_suite/single_gpu/single_task/deberta_sst2_lora_e4_k2_supplement/hpo/baseline/trial_runs/coord_02_train_weight_decay_017/baseline_s2.json,/home/zhujjing/MOE-grad-conflict-routing/runs/paper_suite/single_gpu/single_task/deberta_sst2_lora_e4_k2_supplement/hpo/baseline/trial_runs/coord_02_train_weight_decay_017/baseline_s2_curve.csv
baseline,coord_02_train_weight_decay_017,3,0.9277522935779816,0.9277522935779816,0.9277522935779816,False,/home/zhujjing/MOE-grad-conflict-routing/runs/paper_suite/single_gpu/single_task/deberta_sst2_lora_e4_k2_supplement/hpo/baseline/trial_runs/coord_02_train_weight_decay_017/baseline_s3.json,/home/zhujjing/MOE-grad-conflict-routing/runs/paper_suite/single_gpu/single_task/deberta_sst2_lora_e4_k2_supplement/hpo/baseline/trial_runs/coord_02_train_weight_decay_017/baseline_s3_curve.csv
baseline,coord_02_train_weight_decay_018,2,0.9002293577981652,0.9002293577981652,0.9002293577981652,False,/home/zhujjing/MOE-grad-conflict-routing/runs/paper_suite/single_gpu/single_task/deberta_sst2_lora_e4_k2_supplement/hpo/baseline/trial_runs/coord_02_train_weight_decay_018/baseline_s2.json,/home/zhujjing/MOE-grad-conflict-routing/runs/paper_suite/single_gpu/single_task/deberta_sst2_lora_e4_k2_supplement/hpo/baseline/trial_runs/coord_02_train_weight_decay_018/baseline_s2_curve.csv
baseline,coord_02_train_weight_decay_018,3,0.9208715596330275,0.9174311926605505,0.919151376146789,False,/home/zhujjing/MOE-grad-conflict-routing/runs/paper_suite/single_gpu/single_task/deberta_sst2_lora_e4_k2_supplement/hpo/baseline/trial_runs/coord_02_train_weight_decay_018/baseline_s3.json,/home/zhujjing/MOE-grad-conflict-routing/runs/paper_suite/single_gpu/single_task/deberta_sst2_lora_e4_k2_supplement/hpo/baseline/trial_runs/coord_02_train_weight_decay_018/baseline_s3_curve.csv
baseline,coord_02_train_weight_decay_019,2,0.9231651376146789,0.9231651376146789,0.9231651376146789,False,/home/zhujjing/MOE-grad-conflict-routing/runs/paper_suite/single_gpu/single_task/deberta_sst2_lora_e4_k2_supplement/hpo/baseline/trial_runs/coord_02_train_weight_decay_019/baseline_s2.json,/home/zhujjing/MOE-grad-conflict-routing/runs/paper_suite/single_gpu/single_task/deberta_sst2_lora_e4_k2_supplement/hpo/baseline/trial_runs/coord_02_train_weight_decay_019/baseline_s2_curve.csv
baseline,coord_02_train_weight_decay_019,3,0.9334862385321101,0.9334862385321101,0.9334862385321101,False,/home/zhujjing/MOE-grad-conflict-routing/runs/paper_suite/single_gpu/single_task/deberta_sst2_lora_e4_k2_supplement/hpo/baseline/trial_runs/coord_02_train_weight_decay_019/baseline_s3.json,/home/zhujjing/MOE-grad-conflict-routing/runs/paper_suite/single_gpu/single_task/deberta_sst2_lora_e4_k2_supplement/hpo/baseline/trial_runs/coord_02_train_weight_decay_019/baseline_s3_curve.csv
baseline,coord_02_train_weight_decay_020,2,0.9151376146788991,0.9151376146788991,0.9151376146788991,False,/home/zhujjing/MOE-grad-conflict-routing/runs/paper_suite/single_gpu/single_task/deberta_sst2_lora_e4_k2_supplement/hpo/baseline/trial_runs/coord_02_train_weight_decay_020/baseline_s2.json,/home/zhujjing/MOE-grad-conflict-routing/runs/paper_suite/single_gpu/single_task/deberta_sst2_lora_e4_k2_supplement/hpo/baseline/trial_runs/coord_02_train_weight_decay_020/baseline_s2_curve.csv
baseline,coord_02_train_weight_decay_020,3,0.908256880733945,0.8818807339449541,0.8950688073394495,False,/home/zhujjing/MOE-grad-conflict-routing/runs/paper_suite/single_gpu/single_task/deberta_sst2_lora_e4_k2_supplement/hpo/baseline/trial_runs/coord_02_train_weight_decay_020/baseline_s3.json,/home/zhujjing/MOE-grad-conflict-routing/runs/paper_suite/single_gpu/single_task/deberta_sst2_lora_e4_k2_supplement/hpo/baseline/trial_runs/coord_02_train_weight_decay_020/baseline_s3_curve.csv
baseline,coord_02_train_weight_decay_021,2,0.9208715596330275,0.9208715596330275,0.9208715596330275,False,/home/zhujjing/MOE-grad-conflict-routing/runs/paper_suite/single_gpu/single_task/deberta_sst2_lora_e4_k2_supplement/hpo/baseline/trial_runs/coord_02_train_weight_decay_021/baseline_s2.json,/home/zhujjing/MOE-grad-conflict-routing/runs/paper_suite/single_gpu/single_task/deberta_sst2_lora_e4_k2_supplement/hpo/baseline/trial_runs/coord_02_train_weight_decay_021/baseline_s2_curve.csv
baseline,coord_02_train_weight_decay_021,3,0.9197247706422018,0.9197247706422018,0.9197247706422018,False,/home/zhujjing/MOE-grad-conflict-routing/runs/paper_suite/single_gpu/single_task/deberta_sst2_lora_e4_k2_supplement/hpo/baseline/trial_runs/coord_02_train_weight_decay_021/baseline_s3.json,/home/zhujjing/MOE-grad-conflict-routing/runs/paper_suite/single_gpu/single_task/deberta_sst2_lora_e4_k2_supplement/hpo/baseline/trial_runs/coord_02_train_weight_decay_021/baseline_s3_curve.csv
baseline,coord_02_train_weight_decay_022,2,0.9162844036697247,0.9162844036697247,0.9162844036697247,False,/home/zhujjing/MOE-grad-conflict-routing/runs/paper_suite/single_gpu/single_task/deberta_sst2_lora_e4_k2_supplement/hpo/baseline/trial_runs/coord_02_train_weight_decay_022/baseline_s2.json,/home/zhujjing/MOE-grad-conflict-routing/runs/paper_suite/single_gpu/single_task/deberta_sst2_lora_e4_k2_supplement/hpo/baseline/trial_runs/coord_02_train_weight_decay_022/baseline_s2_curve.csv
baseline,coord_02_train_weight_decay_022,3,0.9254587155963303,0.9254587155963303,0.9254587155963303,False,/home/zhujjing/MOE-grad-conflict-routing/runs/paper_suite/single_gpu/single_task/deberta_sst2_lora_e4_k2_supplement/hpo/baseline/trial_runs/coord_02_train_weight_decay_022/baseline_s3.json,/home/zhujjing/MOE-grad-conflict-routing/runs/paper_suite/single_gpu/single_task/deberta_sst2_lora_e4_k2_supplement/hpo/baseline/trial_runs/coord_02_train_weight_decay_022/baseline_s3_curve.csv
baseline,coord_02_train_weight_decay_023,2,0.8944954128440367,0.8944954128440367,0.8944954128440367,False,/home/zhujjing/MOE-grad-conflict-routing/runs/paper_suite/single_gpu/single_task/deberta_sst2_lora_e4_k2_supplement/hpo/baseline/trial_runs/coord_02_train_weight_decay_023/baseline_s2.json,/home/zhujjing/MOE-grad-conflict-routing/runs/paper_suite/single_gpu/single_task/deberta_sst2_lora_e4_k2_supplement/hpo/baseline/trial_runs/coord_02_train_weight_decay_023/baseline_s2_curve.csv
baseline,coord_02_train_weight_decay_023,3,0.9288990825688074,0.9288990825688074,0.9288990825688074,False,/home/zhujjing/MOE-grad-conflict-routing/runs/paper_suite/single_gpu/single_task/deberta_sst2_lora_e4_k2_supplement/hpo/baseline/trial_runs/coord_02_train_weight_decay_023/baseline_s3.json,/home/zhujjing/MOE-grad-conflict-routing/runs/paper_suite/single_gpu/single_task/deberta_sst2_lora_e4_k2_supplement/hpo/baseline/trial_runs/coord_02_train_weight_decay_023/baseline_s3_curve.csv
baseline,coord_02_train_weight_decay_024,2,0.9128440366972477,0.9128440366972477,0.9128440366972477,False,/home/zhujjing/MOE-grad-conflict-routing/runs/paper_suite/single_gpu/single_task/deberta_sst2_lora_e4_k2_supplement/hpo/baseline/trial_runs/coord_02_train_weight_decay_024/baseline_s2.json,/home/zhujjing/MOE-grad-conflict-routing/runs/paper_suite/single_gpu/single_task/deberta_sst2_lora_e4_k2_supplement/hpo/baseline/trial_runs/coord_02_train_weight_decay_024/baseline_s2_curve.csv
baseline,coord_02_train_weight_decay_024,3,0.9346330275229358,0.9346330275229358,0.9346330275229358,False,/home/zhujjing/MOE-grad-conflict-routing/runs/paper_suite/single_gpu/single_task/deberta_sst2_lora_e4_k2_supplement/hpo/baseline/trial_runs/coord_02_train_weight_decay_024/baseline_s3.json,/home/zhujjing/MOE-grad-conflict-routing/runs/paper_suite/single_gpu/single_task/deberta_sst2_lora_e4_k2_supplement/hpo/baseline/trial_runs/coord_02_train_weight_decay_024/baseline_s3_curve.csv
baseline,coord_02_train_weight_decay_025,2,0.9048165137614679,0.9048165137614679,0.9048165137614679,False,/home/zhujjing/MOE-grad-conflict-routing/runs/paper_suite/single_gpu/single_task/deberta_sst2_lora_e4_k2_supplement/hpo/baseline/trial_runs/coord_02_train_weight_decay_025/baseline_s2.json,/home/zhujjing/MOE-grad-conflict-routing/runs/paper_suite/single_gpu/single_task/deberta_sst2_lora_e4_k2_supplement/hpo/baseline/trial_runs/coord_02_train_weight_decay_025/baseline_s2_curve.csv
baseline,coord_02_train_weight_decay_025,3,0.930045871559633,0.930045871559633,0.930045871559633,False,/home/zhujjing/MOE-grad-conflict-routing/runs/paper_suite/single_gpu/single_task/deberta_sst2_lora_e4_k2_supplement/hpo/baseline/trial_runs/coord_02_train_weight_decay_025/baseline_s3.json,/home/zhujjing/MOE-grad-conflict-routing/runs/paper_suite/single_gpu/single_task/deberta_sst2_lora_e4_k2_supplement/hpo/baseline/trial_runs/coord_02_train_weight_decay_025/baseline_s3_curve.csv
baseline,coord_02_train_weight_decay_026,2,0.9185779816513762,0.9185779816513762,0.9185779816513762,False,/home/zhujjing/MOE-grad-conflict-routing/runs/paper_suite/single_gpu/single_task/deberta_sst2_lora_e4_k2_supplement/hpo/baseline/trial_runs/coord_02_train_weight_decay_026/baseline_s2.json,/home/zhujjing/MOE-grad-conflict-routing/runs/paper_suite/single_gpu/single_task/deberta_sst2_lora_e4_k2_supplement/hpo/baseline/trial_runs/coord_02_train_weight_decay_026/baseline_s2_curve.csv
baseline,coord_02_train_weight_decay_026,3,0.9334862385321101,0.9334862385321101,0.9334862385321101,False,/home/zhujjing/MOE-grad-conflict-routing/runs/paper_suite/single_gpu/single_task/deberta_sst2_lora_e4_k2_supplement/hpo/baseline/trial_runs/coord_02_train_weight_decay_026/baseline_s3.json,/home/zhujjing/MOE-grad-conflict-routing/runs/paper_suite/single_gpu/single_task/deberta_sst2_lora_e4_k2_supplement/hpo/baseline/trial_runs/coord_02_train_weight_decay_026/baseline_s3_curve.csv
baseline,coord_02_train_weight_decay_027,2,0.8922018348623854,0.8922018348623854,0.8922018348623854,False,/home/zhujjing/MOE-grad-conflict-routing/runs/paper_suite/single_gpu/single_task/deberta_sst2_lora_e4_k2_supplement/hpo/baseline/trial_runs/coord_02_train_weight_decay_027/baseline_s2.json,/home/zhujjing/MOE-grad-conflict-routing/runs/paper_suite/single_gpu/single_task/deberta_sst2_lora_e4_k2_supplement/hpo/baseline/trial_runs/coord_02_train_weight_decay_027/baseline_s2_curve.csv
baseline,coord_02_train_weight_decay_027,3,0.911697247706422,0.911697247706422,0.911697247706422,False,/home/zhujjing/MOE-grad-conflict-routing/runs/paper_suite/single_gpu/single_task/deberta_sst2_lora_e4_k2_supplement/hpo/baseline/trial_runs/coord_02_train_weight_decay_027/baseline_s3.json,/home/zhujjing/MOE-grad-conflict-routing/runs/paper_suite/single_gpu/single_task/deberta_sst2_lora_e4_k2_supplement/hpo/baseline/trial_runs/coord_02_train_weight_decay_027/baseline_s3_curve.csv
baseline,coord_02_train_weight_decay_028,2,0.9392201834862385,0.9392201834862385,0.9392201834862385,False,/home/zhujjing/MOE-grad-conflict-routing/runs/paper_suite/single_gpu/single_task/deberta_sst2_lora_e4_k2_supplement/hpo/baseline/trial_runs/coord_02_train_weight_decay_028/baseline_s2.json,/home/zhujjing/MOE-grad-conflict-routing/runs/paper_suite/single_gpu/single_task/deberta_sst2_lora_e4_k2_supplement/hpo/baseline/trial_runs/coord_02_train_weight_decay_028/baseline_s2_curve.csv
baseline,coord_02_train_weight_decay_028,3,0.9254587155963303,0.9151376146788991,0.9202981651376148,False,/home/zhujjing/MOE-grad-conflict-routing/runs/paper_suite/single_gpu/single_task/deberta_sst2_lora_e4_k2_supplement/hpo/baseline/trial_runs/coord_02_train_weight_decay_028/baseline_s3.json,/home/zhujjing/MOE-grad-conflict-routing/runs/paper_suite/single_gpu/single_task/deberta_sst2_lora_e4_k2_supplement/hpo/baseline/trial_runs/coord_02_train_weight_decay_028/baseline_s3_curve.csv
baseline,coord_02_train_weight_decay_029,2,0.9254587155963303,0.9254587155963303,0.9254587155963303,False,/home/zhujjing/MOE-grad-conflict-routing/runs/paper_suite/single_gpu/single_task/deberta_sst2_lora_e4_k2_supplement/hpo/baseline/trial_runs/coord_02_train_weight_decay_029/baseline_s2.json,/home/zhujjing/MOE-grad-conflict-routing/runs/paper_suite/single_gpu/single_task/deberta_sst2_lora_e4_k2_supplement/hpo/baseline/trial_runs/coord_02_train_weight_decay_029/baseline_s2_curve.csv
baseline,coord_02_train_weight_decay_029,3,0.9346330275229358,0.9346330275229358,0.9346330275229358,False,/home/zhujjing/MOE-grad-conflict-routing/runs/paper_suite/single_gpu/single_task/deberta_sst2_lora_e4_k2_supplement/hpo/baseline/trial_runs/coord_02_train_weight_decay_029/baseline_s3.json,/home/zhujjing/MOE-grad-conflict-routing/runs/paper_suite/single_gpu/single_task/deberta_sst2_lora_e4_k2_supplement/hpo/baseline/trial_runs/coord_02_train_weight_decay_029/baseline_s3_curve.csv
baseline,coord_02_train_weight_decay_030,2,0.9151376146788991,0.9002293577981652,0.9076834862385321,False,/home/zhujjing/MOE-grad-conflict-routing/runs/paper_suite/single_gpu/single_task/deberta_sst2_lora_e4_k2_supplement/hpo/baseline/trial_runs/coord_02_train_weight_decay_030/baseline_s2.json,/home/zhujjing/MOE-grad-conflict-routing/runs/paper_suite/single_gpu/single_task/deberta_sst2_lora_e4_k2_supplement/hpo/baseline/trial_runs/coord_02_train_weight_decay_030/baseline_s2_curve.csv
baseline,coord_02_train_weight_decay_030,3,0.9277522935779816,0.9277522935779816,0.9277522935779816,False,/home/zhujjing/MOE-grad-conflict-routing/runs/paper_suite/single_gpu/single_task/deberta_sst2_lora_e4_k2_supplement/hpo/baseline/trial_runs/coord_02_train_weight_decay_030/baseline_s3.json,/home/zhujjing/MOE-grad-conflict-routing/runs/paper_suite/single_gpu/single_task/deberta_sst2_lora_e4_k2_supplement/hpo/baseline/trial_runs/coord_02_train_weight_decay_030/baseline_s3_curve.csv
baseline,coord_03_anchor,2,0.9334862385321101,0.9334862385321101,0.9334862385321101,False,/home/zhujjing/MOE-grad-conflict-routing/runs/paper_suite/single_gpu/single_task/deberta_sst2_lora_e4_k2_supplement/hpo/baseline/trial_runs/coord_03_anchor/baseline_s2.json,/home/zhujjing/MOE-grad-conflict-routing/runs/paper_suite/single_gpu/single_task/deberta_sst2_lora_e4_k2_supplement/hpo/baseline/trial_runs/coord_03_anchor/baseline_s2_curve.csv
baseline,coord_03_anchor,3,0.9231651376146789,0.9162844036697247,0.9197247706422018,False,/home/zhujjing/MOE-grad-conflict-routing/runs/paper_suite/single_gpu/single_task/deberta_sst2_lora_e4_k2_supplement/hpo/baseline/trial_runs/coord_03_anchor/baseline_s3.json,/home/zhujjing/MOE-grad-conflict-routing/runs/paper_suite/single_gpu/single_task/deberta_sst2_lora_e4_k2_supplement/hpo/baseline/trial_runs/coord_03_anchor/baseline_s3_curve.csv
baseline,coord_03_train_grad_clip_000,2,0.8979357798165137,0.8979357798165137,0.8979357798165137,False,/home/zhujjing/MOE-grad-conflict-routing/runs/paper_suite/single_gpu/single_task/deberta_sst2_lora_e4_k2_supplement/hpo/baseline/trial_runs/coord_03_train_grad_clip_000/baseline_s2.json,/home/zhujjing/MOE-grad-conflict-routing/runs/paper_suite/single_gpu/single_task/deberta_sst2_lora_e4_k2_supplement/hpo/baseline/trial_runs/coord_03_train_grad_clip_000/baseline_s2_curve.csv
baseline,coord_03_train_grad_clip_000,3,0.9254587155963303,0.9231651376146789,0.9243119266055047,False,/home/zhujjing/MOE-grad-conflict-routing/runs/paper_suite/single_gpu/single_task/deberta_sst2_lora_e4_k2_supplement/hpo/baseline/trial_runs/coord_03_train_grad_clip_000/baseline_s3.json,/home/zhujjing/MOE-grad-conflict-routing/runs/paper_suite/single_gpu/single_task/deberta_sst2_lora_e4_k2_supplement/hpo/baseline/trial_runs/coord_03_train_grad_clip_000/baseline_s3_curve.csv
baseline,coord_03_train_grad_clip_001,2,0.9220183486238532,0.9220183486238532,0.9220183486238532,False,/home/zhujjing/MOE-grad-conflict-routing/runs/paper_suite/single_gpu/single_task/deberta_sst2_lora_e4_k2_supplement/hpo/baseline/trial_runs/coord_03_train_grad_clip_001/baseline_s2.json,/home/zhujjing/MOE-grad-conflict-routing/runs/paper_suite/single_gpu/single_task/deberta_sst2_lora_e4_k2_supplement/hpo/baseline/trial_runs/coord_03_train_grad_clip_001/baseline_s2_curve.csv
baseline,coord_03_train_grad_clip_001,3,0.9346330275229358,0.9346330275229358,0.9346330275229358,False,/home/zhujjing/MOE-grad-conflict-routing/runs/paper_suite/single_gpu/single_task/deberta_sst2_lora_e4_k2_supplement/hpo/baseline/trial_runs/coord_03_train_grad_clip_001/baseline_s3.json,/home/zhujjing/MOE-grad-conflict-routing/runs/paper_suite/single_gpu/single_task/deberta_sst2_lora_e4_k2_supplement/hpo/baseline/trial_runs/coord_03_train_grad_clip_001/baseline_s3_curve.csv
baseline,coord_03_train_grad_clip_002,2,0.9334862385321101,0.9334862385321101,0.9334862385321101,False,/home/zhujjing/MOE-grad-conflict-routing/runs/paper_suite/single_gpu/single_task/deberta_sst2_lora_e4_k2_supplement/hpo/baseline/trial_runs/coord_03_train_grad_clip_002/baseline_s2.json,/home/zhujjing/MOE-grad-conflict-routing/runs/paper_suite/single_gpu/single_task/deberta_sst2_lora_e4_k2_supplement/hpo/baseline/trial_runs/coord_03_train_grad_clip_002/baseline_s2_curve.csv
baseline,coord_03_train_grad_clip_002,3,0.9139908256880734,0.9139908256880734,0.9139908256880734,False,/home/zhujjing/MOE-grad-conflict-routing/runs/paper_suite/single_gpu/single_task/deberta_sst2_lora_e4_k2_supplement/hpo/baseline/trial_runs/coord_03_train_grad_clip_002/baseline_s3.json,/home/zhujjing/MOE-grad-conflict-routing/runs/paper_suite/single_gpu/single_task/deberta_sst2_lora_e4_k2_supplement/hpo/baseline/trial_runs/coord_03_train_grad_clip_002/baseline_s3_curve.csv
baseline,coord_03_train_grad_clip_003,2,0.9323394495412844,0.9323394495412844,0.9323394495412844,False,/home/zhujjing/MOE-grad-conflict-routing/runs/paper_suite/single_gpu/single_task/deberta_sst2_lora_e4_k2_supplement/hpo/baseline/trial_runs/coord_03_train_grad_clip_003/baseline_s2.json,/home/zhujjing/MOE-grad-conflict-routing/runs/paper_suite/single_gpu/single_task/deberta_sst2_lora_e4_k2_supplement/hpo/baseline/trial_runs/coord_03_train_grad_clip_003/baseline_s2_curve.csv
baseline,coord_03_train_grad_clip_003,3,0.9277522935779816,0.9277522935779816,0.9277522935779816,False,/home/zhujjing/MOE-grad-conflict-routing/runs/paper_suite/single_gpu/single_task/deberta_sst2_lora_e4_k2_supplement/hpo/baseline/trial_runs/coord_03_train_grad_clip_003/baseline_s3.json,/home/zhujjing/MOE-grad-conflict-routing/runs/paper_suite/single_gpu/single_task/deberta_sst2_lora_e4_k2_supplement/hpo/baseline/trial_runs/coord_03_train_grad_clip_003/baseline_s3_curve.csv
baseline,coord_03_train_grad_clip_004,2,0.8784403669724771,0.8784403669724771,0.8784403669724771,False,/home/zhujjing/MOE-grad-conflict-routing/runs/paper_suite/single_gpu/single_task/deberta_sst2_lora_e4_k2_supplement/hpo/baseline/trial_runs/coord_03_train_grad_clip_004/baseline_s2.json,/home/zhujjing/MOE-grad-conflict-routing/runs/paper_suite/single_gpu/single_task/deberta_sst2_lora_e4_k2_supplement/hpo/baseline/trial_runs/coord_03_train_grad_clip_004/baseline_s2_curve.csv
baseline,coord_03_train_grad_clip_004,3,0.9277522935779816,0.9277522935779816,0.9277522935779816,False,/home/zhujjing/MOE-grad-conflict-routing/runs/paper_suite/single_gpu/single_task/deberta_sst2_lora_e4_k2_supplement/hpo/baseline/trial_runs/coord_03_train_grad_clip_004/baseline_s3.json,/home/zhujjing/MOE-grad-conflict-routing/runs/paper_suite/single_gpu/single_task/deberta_sst2_lora_e4_k2_supplement/hpo/baseline/trial_runs/coord_03_train_grad_clip_004/baseline_s3_curve.csv
baseline,coord_03_train_grad_clip_005,2,0.9151376146788991,0.9151376146788991,0.9151376146788991,False,/home/zhujjing/MOE-grad-conflict-routing/runs/paper_suite/single_gpu/single_task/deberta_sst2_lora_e4_k2_supplement/hpo/baseline/trial_runs/coord_03_train_grad_clip_005/baseline_s2.json,/home/zhujjing/MOE-grad-conflict-routing/runs/paper_suite/single_gpu/single_task/deberta_sst2_lora_e4_k2_supplement/hpo/baseline/trial_runs/coord_03_train_grad_clip_005/baseline_s2_curve.csv
baseline,coord_03_train_grad_clip_005,3,0.9105504587155964,0.8589449541284404,0.8847477064220184,False,/home/zhujjing/MOE-grad-conflict-routing/runs/paper_suite/single_gpu/single_task/deberta_sst2_lora_e4_k2_supplement/hpo/baseline/trial_runs/coord_03_train_grad_clip_005/baseline_s3.json,/home/zhujjing/MOE-grad-conflict-routing/runs/paper_suite/single_gpu/single_task/deberta_sst2_lora_e4_k2_supplement/hpo/baseline/trial_runs/coord_03_train_grad_clip_005/baseline_s3_curve.csv
baseline,coord_03_train_grad_clip_006,2,0.9346330275229358,0.9346330275229358,0.9346330275229358,False,/home/zhujjing/MOE-grad-conflict-routing/runs/paper_suite/single_gpu/single_task/deberta_sst2_lora_e4_k2_supplement/hpo/baseline/trial_runs/coord_03_train_grad_clip_006/baseline_s2.json,/home/zhujjing/MOE-grad-conflict-routing/runs/paper_suite/single_gpu/single_task/deberta_sst2_lora_e4_k2_supplement/hpo/baseline/trial_runs/coord_03_train_grad_clip_006/baseline_s2_curve.csv
baseline,coord_03_train_grad_clip_006,3,0.9334862385321101,0.9334862385321101,0.9334862385321101,False,/home/zhujjing/MOE-grad-conflict-routing/runs/paper_suite/single_gpu/single_task/deberta_sst2_lora_e4_k2_supplement/hpo/baseline/trial_runs/coord_03_train_grad_clip_006/baseline_s3.json,/home/zhujjing/MOE-grad-conflict-routing/runs/paper_suite/single_gpu/single_task/deberta_sst2_lora_e4_k2_supplement/hpo/baseline/trial_runs/coord_03_train_grad_clip_006/baseline_s3_curve.csv
baseline,coord_03_train_grad_clip_007,2,0.9243119266055045,0.9243119266055045,0.9243119266055045,False,/home/zhujjing/MOE-grad-conflict-routing/runs/paper_suite/single_gpu/single_task/deberta_sst2_lora_e4_k2_supplement/hpo/baseline/trial_runs/coord_03_train_grad_clip_007/baseline_s2.json,/home/zhujjing/MOE-grad-conflict-routing/runs/paper_suite/single_gpu/single_task/deberta_sst2_lora_e4_k2_supplement/hpo/baseline/trial_runs/coord_03_train_grad_clip_007/baseline_s2_curve.csv
baseline,coord_03_train_grad_clip_007,3,0.9369266055045872,0.9369266055045872,0.9369266055045872,False,/home/zhujjing/MOE-grad-conflict-routing/runs/paper_suite/single_gpu/single_task/deberta_sst2_lora_e4_k2_supplement/hpo/baseline/trial_runs/coord_03_train_grad_clip_007/baseline_s3.json,/home/zhujjing/MOE-grad-conflict-routing/runs/paper_suite/single_gpu/single_task/deberta_sst2_lora_e4_k2_supplement/hpo/baseline/trial_runs/coord_03_train_grad_clip_007/baseline_s3_curve.csv
baseline,coord_03_train_grad_clip_008,2,0.9185779816513762,0.9185779816513762,0.9185779816513762,False,/home/zhujjing/MOE-grad-conflict-routing/runs/paper_suite/single_gpu/single_task/deberta_sst2_lora_e4_k2_supplement/hpo/baseline/trial_runs/coord_03_train_grad_clip_008/baseline_s2.json,/home/zhujjing/MOE-grad-conflict-routing/runs/paper_suite/single_gpu/single_task/deberta_sst2_lora_e4_k2_supplement/hpo/baseline/trial_runs/coord_03_train_grad_clip_008/baseline_s2_curve.csv
baseline,coord_03_train_grad_clip_008,3,0.930045871559633,0.930045871559633,0.930045871559633,False,/home/zhujjing/MOE-grad-conflict-routing/runs/paper_suite/single_gpu/single_task/deberta_sst2_lora_e4_k2_supplement/hpo/baseline/trial_runs/coord_03_train_grad_clip_008/baseline_s3.json,/home/zhujjing/MOE-grad-conflict-routing/runs/paper_suite/single_gpu/single_task/deberta_sst2_lora_e4_k2_supplement/hpo/baseline/trial_runs/coord_03_train_grad_clip_008/baseline_s3_curve.csv
baseline,coord_03_train_grad_clip_009,2,0.9162844036697247,0.9162844036697247,0.9162844036697247,False,/home/zhujjing/MOE-grad-conflict-routing/runs/paper_suite/single_gpu/single_task/deberta_sst2_lora_e4_k2_supplement/hpo/baseline/trial_runs/coord_03_train_grad_clip_009/baseline_s2.json,/home/zhujjing/MOE-grad-conflict-routing/runs/paper_suite/single_gpu/single_task/deberta_sst2_lora_e4_k2_supplement/hpo/baseline/trial_runs/coord_03_train_grad_clip_009/baseline_s2_curve.csv
baseline,coord_03_train_grad_clip_009,3,0.926605504587156,0.926605504587156,0.926605504587156,False,/home/zhujjing/MOE-grad-conflict-routing/runs/paper_suite/single_gpu/single_task/deberta_sst2_lora_e4_k2_supplement/hpo/baseline/trial_runs/coord_03_train_grad_clip_009/baseline_s3.json,/home/zhujjing/MOE-grad-conflict-routing/runs/paper_suite/single_gpu/single_task/deberta_sst2_lora_e4_k2_supplement/hpo/baseline/trial_runs/coord_03_train_grad_clip_009/baseline_s3_curve.csv
baseline,coord_03_train_grad_clip_010,2,0.8841743119266054,0.8841743119266054,0.8841743119266054,False,/home/zhujjing/MOE-grad-conflict-routing/runs/paper_suite/single_gpu/single_task/deberta_sst2_lora_e4_k2_supplement/hpo/baseline/trial_runs/coord_03_train_grad_clip_010/baseline_s2.json,/home/zhujjing/MOE-grad-conflict-routing/runs/paper_suite/single_gpu/single_task/deberta_sst2_lora_e4_k2_supplement/hpo/baseline/trial_runs/coord_03_train_grad_clip_010/baseline_s2_curve.csv
baseline,coord_03_train_grad_clip_010,3,0.9277522935779816,0.9277522935779816,0.9277522935779816,False,/home/zhujjing/MOE-grad-conflict-routing/runs/paper_suite/single_gpu/single_task/deberta_sst2_lora_e4_k2_supplement/hpo/baseline/trial_runs/coord_03_train_grad_clip_010/baseline_s3.json,/home/zhujjing/MOE-grad-conflict-routing/runs/paper_suite/single_gpu/single_task/deberta_sst2_lora_e4_k2_supplement/hpo/baseline/trial_runs/coord_03_train_grad_clip_010/baseline_s3_curve.csv
baseline,coord_03_train_grad_clip_011,2,0.930045871559633,0.930045871559633,0.930045871559633,False,/home/zhujjing/MOE-grad-conflict-routing/runs/paper_suite/single_gpu/single_task/deberta_sst2_lora_e4_k2_supplement/hpo/baseline/trial_runs/coord_03_train_grad_clip_011/baseline_s2.json,/home/zhujjing/MOE-grad-conflict-routing/runs/paper_suite/single_gpu/single_task/deberta_sst2_lora_e4_k2_supplement/hpo/baseline/trial_runs/coord_03_train_grad_clip_011/baseline_s2_curve.csv
baseline,coord_03_train_grad_clip_011,3,0.9151376146788991,0.9128440366972477,0.9139908256880733,False,/home/zhujjing/MOE-grad-conflict-routing/runs/paper_suite/single_gpu/single_task/deberta_sst2_lora_e4_k2_supplement/hpo/baseline/trial_runs/coord_03_train_grad_clip_011/baseline_s3.json,/home/zhujjing/MOE-grad-conflict-routing/runs/paper_suite/single_gpu/single_task/deberta_sst2_lora_e4_k2_supplement/hpo/baseline/trial_runs/coord_03_train_grad_clip_011/baseline_s3_curve.csv
baseline,coord_03_train_grad_clip_012,2,0.9357798165137615,0.9071100917431193,0.9214449541284404,False,/home/zhujjing/MOE-grad-conflict-routing/runs/paper_suite/single_gpu/single_task/deberta_sst2_lora_e4_k2_supplement/hpo/baseline/trial_runs/coord_03_train_grad_clip_012/baseline_s2.json,/home/zhujjing/MOE-grad-conflict-routing/runs/paper_suite/single_gpu/single_task/deberta_sst2_lora_e4_k2_supplement/hpo/baseline/trial_runs/coord_03_train_grad_clip_012/baseline_s2_curve.csv
baseline,coord_03_train_grad_clip_012,3,0.9208715596330275,0.9208715596330275,0.9208715596330275,False,/home/zhujjing/MOE-grad-conflict-routing/runs/paper_suite/single_gpu/single_task/deberta_sst2_lora_e4_k2_supplement/hpo/baseline/trial_runs/coord_03_train_grad_clip_012/baseline_s3.json,/home/zhujjing/MOE-grad-conflict-routing/runs/paper_suite/single_gpu/single_task/deberta_sst2_lora_e4_k2_supplement/hpo/baseline/trial_runs/coord_03_train_grad_clip_012/baseline_s3_curve.csv
baseline,coord_03_train_grad_clip_013,2,0.9231651376146789,0.9231651376146789,0.9231651376146789,False,/home/zhujjing/MOE-grad-conflict-routing/runs/paper_suite/single_gpu/single_task/deberta_sst2_lora_e4_k2_supplement/hpo/baseline/trial_runs/coord_03_train_grad_clip_013/baseline_s2.json,/home/zhujjing/MOE-grad-conflict-routing/runs/paper_suite/single_gpu/single_task/deberta_sst2_lora_e4_k2_supplement/hpo/baseline/trial_runs/coord_03_train_grad_clip_013/baseline_s2_curve.csv
baseline,coord_03_train_grad_clip_013,3,0.9220183486238532,0.9185779816513762,0.9202981651376148,False,/home/zhujjing/MOE-grad-conflict-routing/runs/paper_suite/single_gpu/single_task/deberta_sst2_lora_e4_k2_supplement/hpo/baseline/trial_runs/coord_03_train_grad_clip_013/baseline_s3.json,/home/zhujjing/MOE-grad-conflict-routing/runs/paper_suite/single_gpu/single_task/deberta_sst2_lora_e4_k2_supplement/hpo/baseline/trial_runs/coord_03_train_grad_clip_013/baseline_s3_curve.csv
baseline,coord_03_train_grad_clip_014,2,0.8979357798165137,0.8979357798165137,0.8979357798165137,False,/home/zhujjing/MOE-grad-conflict-routing/runs/paper_suite/single_gpu/single_task/deberta_sst2_lora_e4_k2_supplement/hpo/baseline/trial_runs/coord_03_train_grad_clip_014/baseline_s2.json,/home/zhujjing/MOE-grad-conflict-routing/runs/paper_suite/single_gpu/single_task/deberta_sst2_lora_e4_k2_supplement/hpo/baseline/trial_runs/coord_03_train_grad_clip_014/baseline_s2_curve.csv
baseline,coord_03_train_grad_clip_014,3,0.9357798165137615,0.9357798165137615,0.9357798165137615,False,/home/zhujjing/MOE-grad-conflict-routing/runs/paper_suite/single_gpu/single_task/deberta_sst2_lora_e4_k2_supplement/hpo/baseline/trial_runs/coord_03_train_grad_clip_014/baseline_s3.json,/home/zhujjing/MOE-grad-conflict-routing/runs/paper_suite/single_gpu/single_task/deberta_sst2_lora_e4_k2_supplement/hpo/baseline/trial_runs/coord_03_train_grad_clip_014/baseline_s3_curve.csv
baseline,coord_03_train_grad_clip_015,2,0.9231651376146789,0.9231651376146789,0.9231651376146789,False,/home/zhujjing/MOE-grad-conflict-routing/runs/paper_suite/single_gpu/single_task/deberta_sst2_lora_e4_k2_supplement/hpo/baseline/trial_runs/coord_03_train_grad_clip_015/baseline_s2.json,/home/zhujjing/MOE-grad-conflict-routing/runs/paper_suite/single_gpu/single_task/deberta_sst2_lora_e4_k2_supplement/hpo/baseline/trial_runs/coord_03_train_grad_clip_015/baseline_s2_curve.csv
baseline,coord_03_train_grad_clip_015,3,0.9277522935779816,0.9277522935779816,0.9277522935779816,False,/home/zhujjing/MOE-grad-conflict-routing/runs/paper_suite/single_gpu/single_task/deberta_sst2_lora_e4_k2_supplement/hpo/baseline/trial_runs/coord_03_train_grad_clip_015/baseline_s3.json,/home/zhujjing/MOE-grad-conflict-routing/runs/paper_suite/single_gpu/single_task/deberta_sst2_lora_e4_k2_supplement/hpo/baseline/trial_runs/coord_03_train_grad_clip_015/baseline_s3_curve.csv
baseline,coord_03_train_grad_clip_016,2,0.911697247706422,0.911697247706422,0.911697247706422,False,/home/zhujjing/MOE-grad-conflict-routing/runs/paper_suite/single_gpu/single_task/deberta_sst2_lora_e4_k2_supplement/hpo/baseline/trial_runs/coord_03_train_grad_clip_016/baseline_s2.json,/home/zhujjing/MOE-grad-conflict-routing/runs/paper_suite/single_gpu/single_task/deberta_sst2_lora_e4_k2_supplement/hpo/baseline/trial_runs/coord_03_train_grad_clip_016/baseline_s2_curve.csv
baseline,coord_03_train_grad_clip_016,3,0.9208715596330275,0.911697247706422,0.9162844036697247,False,/home/zhujjing/MOE-grad-conflict-routing/runs/paper_suite/single_gpu/single_task/deberta_sst2_lora_e4_k2_supplement/hpo/baseline/trial_runs/coord_03_train_grad_clip_016/baseline_s3.json,/home/zhujjing/MOE-grad-conflict-routing/runs/paper_suite/single_gpu/single_task/deberta_sst2_lora_e4_k2_supplement/hpo/baseline/trial_runs/coord_03_train_grad_clip_016/baseline_s3_curve.csv
baseline,coord_03_train_grad_clip_017,2,0.9323394495412844,0.9323394495412844,0.9323394495412844,False,/home/zhujjing/MOE-grad-conflict-routing/runs/paper_suite/single_gpu/single_task/deberta_sst2_lora_e4_k2_supplement/hpo/baseline/trial_runs/coord_03_train_grad_clip_017/baseline_s2.json,/home/zhujjing/MOE-grad-conflict-routing/runs/paper_suite/single_gpu/single_task/deberta_sst2_lora_e4_k2_supplement/hpo/baseline/trial_runs/coord_03_train_grad_clip_017/baseline_s2_curve.csv
baseline,coord_03_train_grad_clip_017,3,0.9094036697247706,0.8967889908256881,0.9030963302752293,False,/home/zhujjing/MOE-grad-conflict-routing/runs/paper_suite/single_gpu/single_task/deberta_sst2_lora_e4_k2_supplement/hpo/baseline/trial_runs/coord_03_train_grad_clip_017/baseline_s3.json,/home/zhujjing/MOE-grad-conflict-routing/runs/paper_suite/single_gpu/single_task/deberta_sst2_lora_e4_k2_supplement/hpo/baseline/trial_runs/coord_03_train_grad_clip_017/baseline_s3_curve.csv
baseline,coord_03_train_grad_clip_018,2,0.9346330275229358,0.9346330275229358,0.9346330275229358,False,/home/zhujjing/MOE-grad-conflict-routing/runs/paper_suite/single_gpu/single_task/deberta_sst2_lora_e4_k2_supplement/hpo/baseline/trial_runs/coord_03_train_grad_clip_018/baseline_s2.json,/home/zhujjing/MOE-grad-conflict-routing/runs/paper_suite/single_gpu/single_task/deberta_sst2_lora_e4_k2_supplement/hpo/baseline/trial_runs/coord_03_train_grad_clip_018/baseline_s2_curve.csv
baseline,coord_03_train_grad_clip_018,3,0.9231651376146789,0.9231651376146789,0.9231651376146789,False,/home/zhujjing/MOE-grad-conflict-routing/runs/paper_suite/single_gpu/single_task/deberta_sst2_lora_e4_k2_supplement/hpo/baseline/trial_runs/coord_03_train_grad_clip_018/baseline_s3.json,/home/zhujjing/MOE-grad-conflict-routing/runs/paper_suite/single_gpu/single_task/deberta_sst2_lora_e4_k2_supplement/hpo/baseline/trial_runs/coord_03_train_grad_clip_018/baseline_s3_curve.csv
baseline,coord_03_train_grad_clip_019,2,0.9231651376146789,0.9231651376146789,0.9231651376146789,False,/home/zhujjing/MOE-grad-conflict-routing/runs/paper_suite/single_gpu/single_task/deberta_sst2_lora_e4_k2_supplement/hpo/baseline/trial_runs/coord_03_train_grad_clip_019/baseline_s2.json,/home/zhujjing/MOE-grad-conflict-routing/runs/paper_suite/single_gpu/single_task/deberta_sst2_lora_e4_k2_supplement/hpo/baseline/trial_runs/coord_03_train_grad_clip_019/baseline_s2_curve.csv
baseline,coord_03_train_grad_clip_019,3,0.9277522935779816,0.9277522935779816,0.9277522935779816,False,/home/zhujjing/MOE-grad-conflict-routing/runs/paper_suite/single_gpu/single_task/deberta_sst2_lora_e4_k2_supplement/hpo/baseline/trial_runs/coord_03_train_grad_clip_019/baseline_s3.json,/home/zhujjing/MOE-grad-conflict-routing/runs/paper_suite/single_gpu/single_task/deberta_sst2_lora_e4_k2_supplement/hpo/baseline/trial_runs/coord_03_train_grad_clip_019/baseline_s3_curve.csv
baseline,coord_03_train_grad_clip_020,2,0.9059633027522935,0.9059633027522935,0.9059633027522935,False,/home/zhujjing/MOE-grad-conflict-routing/runs/paper_suite/single_gpu/single_task/deberta_sst2_lora_e4_k2_supplement/hpo/baseline/trial_runs/coord_03_train_grad_clip_020/baseline_s2.json,/home/zhujjing/MOE-grad-conflict-routing/runs/paper_suite/single_gpu/single_task/deberta_sst2_lora_e4_k2_supplement/hpo/baseline/trial_runs/coord_03_train_grad_clip_020/baseline_s2_curve.csv
baseline,coord_03_train_grad_clip_020,3,0.9415137614678899,0.9415137614678899,0.9415137614678899,False,/home/zhujjing/MOE-grad-conflict-routing/runs/paper_suite/single_gpu/single_task/deberta_sst2_lora_e4_k2_supplement/hpo/baseline/trial_runs/coord_03_train_grad_clip_020/baseline_s3.json,/home/zhujjing/MOE-grad-conflict-routing/runs/paper_suite/single_gpu/single_task/deberta_sst2_lora_e4_k2_supplement/hpo/baseline/trial_runs/coord_03_train_grad_clip_020/baseline_s3_curve.csv
baseline,coord_03_train_grad_clip_021,2,0.926605504587156,0.926605504587156,0.926605504587156,False,/home/zhujjing/MOE-grad-conflict-routing/runs/paper_suite/single_gpu/single_task/deberta_sst2_lora_e4_k2_supplement/hpo/baseline/trial_runs/coord_03_train_grad_clip_021/baseline_s2.json,/home/zhujjing/MOE-grad-conflict-routing/runs/paper_suite/single_gpu/single_task/deberta_sst2_lora_e4_k2_supplement/hpo/baseline/trial_runs/coord_03_train_grad_clip_021/baseline_s2_curve.csv
baseline,coord_03_train_grad_clip_021,3,0.9197247706422018,0.9185779816513762,0.919151376146789,False,/home/zhujjing/MOE-grad-conflict-routing/runs/paper_suite/single_gpu/single_task/deberta_sst2_lora_e4_k2_supplement/hpo/baseline/trial_runs/coord_03_train_grad_clip_021/baseline_s3.json,/home/zhujjing/MOE-grad-conflict-routing/runs/paper_suite/single_gpu/single_task/deberta_sst2_lora_e4_k2_supplement/hpo/baseline/trial_runs/coord_03_train_grad_clip_021/baseline_s3_curve.csv
baseline,coord_03_train_grad_clip_022,2,0.9036697247706422,0.9036697247706422,0.9036697247706422,False,/home/zhujjing/MOE-grad-conflict-routing/runs/paper_suite/single_gpu/single_task/deberta_sst2_lora_e4_k2_supplement/hpo/baseline/trial_runs/coord_03_train_grad_clip_022/baseline_s2.json,/home/zhujjing/MOE-grad-conflict-routing/runs/paper_suite/single_gpu/single_task/deberta_sst2_lora_e4_k2_supplement/hpo/baseline/trial_runs/coord_03_train_grad_clip_022/baseline_s2_curve.csv
baseline,coord_03_train_grad_clip_022,3,0.9197247706422018,0.9197247706422018,0.9197247706422018,False,/home/zhujjing/MOE-grad-conflict-routing/runs/paper_suite/single_gpu/single_task/deberta_sst2_lora_e4_k2_supplement/hpo/baseline/trial_runs/coord_03_train_grad_clip_022/baseline_s3.json,/home/zhujjing/MOE-grad-conflict-routing/runs/paper_suite/single_gpu/single_task/deberta_sst2_lora_e4_k2_supplement/hpo/baseline/trial_runs/coord_03_train_grad_clip_022/baseline_s3_curve.csv
baseline,coord_03_train_grad_clip_023,2,0.9197247706422018,0.9197247706422018,0.9197247706422018,False,/home/zhujjing/MOE-grad-conflict-routing/runs/paper_suite/single_gpu/single_task/deberta_sst2_lora_e4_k2_supplement/hpo/baseline/trial_runs/coord_03_train_grad_clip_023/baseline_s2.json,/home/zhujjing/MOE-grad-conflict-routing/runs/paper_suite/single_gpu/single_task/deberta_sst2_lora_e4_k2_supplement/hpo/baseline/trial_runs/coord_03_train_grad_clip_023/baseline_s2_curve.csv
baseline,coord_03_train_grad_clip_023,3,0.9254587155963303,0.9208715596330275,0.9231651376146789,False,/home/zhujjing/MOE-grad-conflict-routing/runs/paper_suite/single_gpu/single_task/deberta_sst2_lora_e4_k2_supplement/hpo/baseline/trial_runs/coord_03_train_grad_clip_023/baseline_s3.json,/home/zhujjing/MOE-grad-conflict-routing/runs/paper_suite/single_gpu/single_task/deberta_sst2_lora_e4_k2_supplement/hpo/baseline/trial_runs/coord_03_train_grad_clip_023/baseline_s3_curve.csv
baseline,coord_03_train_grad_clip_024,2,0.8658256880733946,0.8646788990825688,0.8652522935779816,False,/home/zhujjing/MOE-grad-conflict-routing/runs/paper_suite/single_gpu/single_task/deberta_sst2_lora_e4_k2_supplement/hpo/baseline/trial_runs/coord_03_train_grad_clip_024/baseline_s2.json,/home/zhujjing/MOE-grad-conflict-routing/runs/paper_suite/single_gpu/single_task/deberta_sst2_lora_e4_k2_supplement/hpo/baseline/trial_runs/coord_03_train_grad_clip_024/baseline_s2_curve.csv
baseline,coord_03_train_grad_clip_024,3,0.9311926605504587,0.9311926605504587,0.9311926605504587,False,/home/zhujjing/MOE-grad-conflict-routing/runs/paper_suite/single_gpu/single_task/deberta_sst2_lora_e4_k2_supplement/hpo/baseline/trial_runs/coord_03_train_grad_clip_024/baseline_s3.json,/home/zhujjing/MOE-grad-conflict-routing/runs/paper_suite/single_gpu/single_task/deberta_sst2_lora_e4_k2_supplement/hpo/baseline/trial_runs/coord_03_train_grad_clip_024/baseline_s3_curve.csv
baseline,coord_03_train_grad_clip_025,2,0.9094036697247706,0.9094036697247706,0.9094036697247706,False,/home/zhujjing/MOE-grad-conflict-routing/runs/paper_suite/single_gpu/single_task/deberta_sst2_lora_e4_k2_supplement/hpo/baseline/trial_runs/coord_03_train_grad_clip_025/baseline_s2.json,/home/zhujjing/MOE-grad-conflict-routing/runs/paper_suite/single_gpu/single_task/deberta_sst2_lora_e4_k2_supplement/hpo/baseline/trial_runs/coord_03_train_grad_clip_025/baseline_s2_curve.csv
baseline,coord_03_train_grad_clip_025,3,0.911697247706422,0.911697247706422,0.911697247706422,False,/home/zhujjing/MOE-grad-conflict-routing/runs/paper_suite/single_gpu/single_task/deberta_sst2_lora_e4_k2_supplement/hpo/baseline/trial_runs/coord_03_train_grad_clip_025/baseline_s3.json,/home/zhujjing/MOE-grad-conflict-routing/runs/paper_suite/single_gpu/single_task/deberta_sst2_lora_e4_k2_supplement/hpo/baseline/trial_runs/coord_03_train_grad_clip_025/baseline_s3_curve.csv
baseline,coord_03_train_grad_clip_026,2,0.8795871559633027,0.8555045871559633,0.867545871559633,False,/home/zhujjing/MOE-grad-conflict-routing/runs/paper_suite/single_gpu/single_task/deberta_sst2_lora_e4_k2_supplement/hpo/baseline/trial_runs/coord_03_train_grad_clip_026/baseline_s2.json,/home/zhujjing/MOE-grad-conflict-routing/runs/paper_suite/single_gpu/single_task/deberta_sst2_lora_e4_k2_supplement/hpo/baseline/trial_runs/coord_03_train_grad_clip_026/baseline_s2_curve.csv
baseline,coord_03_train_grad_clip_026,3,0.9231651376146789,0.9220183486238532,0.9225917431192661,False,/home/zhujjing/MOE-grad-conflict-routing/runs/paper_suite/single_gpu/single_task/deberta_sst2_lora_e4_k2_supplement/hpo/baseline/trial_runs/coord_03_train_grad_clip_026/baseline_s3.json,/home/zhujjing/MOE-grad-conflict-routing/runs/paper_suite/single_gpu/single_task/deberta_sst2_lora_e4_k2_supplement/hpo/baseline/trial_runs/coord_03_train_grad_clip_026/baseline_s3_curve.csv
baseline,coord_03_train_grad_clip_027,2,0.9094036697247706,0.9094036697247706,0.9094036697247706,False,/home/zhujjing/MOE-grad-conflict-routing/runs/paper_suite/single_gpu/single_task/deberta_sst2_lora_e4_k2_supplement/hpo/baseline/trial_runs/coord_03_train_grad_clip_027/baseline_s2.json,/home/zhujjing/MOE-grad-conflict-routing/runs/paper_suite/single_gpu/single_task/deberta_sst2_lora_e4_k2_supplement/hpo/baseline/trial_runs/coord_03_train_grad_clip_027/baseline_s2_curve.csv
baseline,coord_03_train_grad_clip_027,3,0.911697247706422,0.911697247706422,0.911697247706422,False,/home/zhujjing/MOE-grad-conflict-routing/runs/paper_suite/single_gpu/single_task/deberta_sst2_lora_e4_k2_supplement/hpo/baseline/trial_runs/coord_03_train_grad_clip_027/baseline_s3.json,/home/zhujjing/MOE-grad-conflict-routing/runs/paper_suite/single_gpu/single_task/deberta_sst2_lora_e4_k2_supplement/hpo/baseline/trial_runs/coord_03_train_grad_clip_027/baseline_s3_curve.csv
baseline,coord_03_train_grad_clip_028,2,0.9174311926605505,0.9174311926605505,0.9174311926605505,False,/home/zhujjing/MOE-grad-conflict-routing/runs/paper_suite/single_gpu/single_task/deberta_sst2_lora_e4_k2_supplement/hpo/baseline/trial_runs/coord_03_train_grad_clip_028/baseline_s2.json,/home/zhujjing/MOE-grad-conflict-routing/runs/paper_suite/single_gpu/single_task/deberta_sst2_lora_e4_k2_supplement/hpo/baseline/trial_runs/coord_03_train_grad_clip_028/baseline_s2_curve.csv
baseline,coord_03_train_grad_clip_028,3,0.9254587155963303,0.9254587155963303,0.9254587155963303,False,/home/zhujjing/MOE-grad-conflict-routing/runs/paper_suite/single_gpu/single_task/deberta_sst2_lora_e4_k2_supplement/hpo/baseline/trial_runs/coord_03_train_grad_clip_028/baseline_s3.json,/home/zhujjing/MOE-grad-conflict-routing/runs/paper_suite/single_gpu/single_task/deberta_sst2_lora_e4_k2_supplement/hpo/baseline/trial_runs/coord_03_train_grad_clip_028/baseline_s3_curve.csv
baseline,coord_03_train_grad_clip_029,2,0.9243119266055045,0.9243119266055045,0.9243119266055045,False,/home/zhujjing/MOE-grad-conflict-routing/runs/paper_suite/single_gpu/single_task/deberta_sst2_lora_e4_k2_supplement/hpo/baseline/trial_runs/coord_03_train_grad_clip_029/baseline_s2.json,/home/zhujjing/MOE-grad-conflict-routing/runs/paper_suite/single_gpu/single_task/deberta_sst2_lora_e4_k2_supplement/hpo/baseline/trial_runs/coord_03_train_grad_clip_029/baseline_s2_curve.csv
baseline,coord_03_train_grad_clip_029,3,0.9208715596330275,0.9208715596330275,0.9208715596330275,False,/home/zhujjing/MOE-grad-conflict-routing/runs/paper_suite/single_gpu/single_task/deberta_sst2_lora_e4_k2_supplement/hpo/baseline/trial_runs/coord_03_train_grad_clip_029/baseline_s3.json,/home/zhujjing/MOE-grad-conflict-routing/runs/paper_suite/single_gpu/single_task/deberta_sst2_lora_e4_k2_supplement/hpo/baseline/trial_runs/coord_03_train_grad_clip_029/baseline_s3_curve.csv
baseline,coord_03_train_grad_clip_030,2,0.9048165137614679,0.9048165137614679,0.9048165137614679,False,/home/zhujjing/MOE-grad-conflict-routing/runs/paper_suite/single_gpu/single_task/deberta_sst2_lora_e4_k2_supplement/hpo/baseline/trial_runs/coord_03_train_grad_clip_030/baseline_s2.json,/home/zhujjing/MOE-grad-conflict-routing/runs/paper_suite/single_gpu/single_task/deberta_sst2_lora_e4_k2_supplement/hpo/baseline/trial_runs/coord_03_train_grad_clip_030/baseline_s2_curve.csv
baseline,coord_03_train_grad_clip_030,3,0.9208715596330275,0.9139908256880734,0.9174311926605505,False,/home/zhujjing/MOE-grad-conflict-routing/runs/paper_suite/single_gpu/single_task/deberta_sst2_lora_e4_k2_supplement/hpo/baseline/trial_runs/coord_03_train_grad_clip_030/baseline_s3.json,/home/zhujjing/MOE-grad-conflict-routing/runs/paper_suite/single_gpu/single_task/deberta_sst2_lora_e4_k2_supplement/hpo/baseline/trial_runs/coord_03_train_grad_clip_030/baseline_s3_curve.csv
baseline,local_var_topk_000,2,0.908256880733945,0.908256880733945,0.908256880733945,False,/home/zhujjing/MOE-grad-conflict-routing/runs/paper_suite/single_gpu/single_task/deberta_sst2_lora_e4_k2_supplement/hpo/baseline/trial_runs/local_var_topk_000/baseline_s2.json,/home/zhujjing/MOE-grad-conflict-routing/runs/paper_suite/single_gpu/single_task/deberta_sst2_lora_e4_k2_supplement/hpo/baseline/trial_runs/local_var_topk_000/baseline_s2_curve.csv
baseline,local_var_topk_000,3,0.9288990825688074,0.9288990825688074,0.9288990825688074,False,/home/zhujjing/MOE-grad-conflict-routing/runs/paper_suite/single_gpu/single_task/deberta_sst2_lora_e4_k2_supplement/hpo/baseline/trial_runs/local_var_topk_000/baseline_s3.json,/home/zhujjing/MOE-grad-conflict-routing/runs/paper_suite/single_gpu/single_task/deberta_sst2_lora_e4_k2_supplement/hpo/baseline/trial_runs/local_var_topk_000/baseline_s3_curve.csv
baseline,local_var_topk_001,2,0.9334862385321101,0.9334862385321101,0.9334862385321101,False,/home/zhujjing/MOE-grad-conflict-routing/runs/paper_suite/single_gpu/single_task/deberta_sst2_lora_e4_k2_supplement/hpo/baseline/trial_runs/local_var_topk_001/baseline_s2.json,/home/zhujjing/MOE-grad-conflict-routing/runs/paper_suite/single_gpu/single_task/deberta_sst2_lora_e4_k2_supplement/hpo/baseline/trial_runs/local_var_topk_001/baseline_s2_curve.csv
baseline,local_var_topk_001,3,0.9243119266055045,0.9243119266055045,0.9243119266055045,False,/home/zhujjing/MOE-grad-conflict-routing/runs/paper_suite/single_gpu/single_task/deberta_sst2_lora_e4_k2_supplement/hpo/baseline/trial_runs/local_var_topk_001/baseline_s3.json,/home/zhujjing/MOE-grad-conflict-routing/runs/paper_suite/single_gpu/single_task/deberta_sst2_lora_e4_k2_supplement/hpo/baseline/trial_runs/local_var_topk_001/baseline_s3_curve.csv
baseline,local_var_topk_002,2,0.9311926605504587,0.9311926605504587,0.9311926605504587,False,/home/zhujjing/MOE-grad-conflict-routing/runs/paper_suite/single_gpu/single_task/deberta_sst2_lora_e4_k2_supplement/hpo/baseline/trial_runs/local_var_topk_002/baseline_s2.json,/home/zhujjing/MOE-grad-conflict-routing/runs/paper_suite/single_gpu/single_task/deberta_sst2_lora_e4_k2_supplement/hpo/baseline/trial_runs/local_var_topk_002/baseline_s2_curve.csv
baseline,local_var_topk_002,3,0.9254587155963303,0.9254587155963303,0.9254587155963303,False,/home/zhujjing/MOE-grad-conflict-routing/runs/paper_suite/single_gpu/single_task/deberta_sst2_lora_e4_k2_supplement/hpo/baseline/trial_runs/local_var_topk_002/baseline_s3.json,/home/zhujjing/MOE-grad-conflict-routing/runs/paper_suite/single_gpu/single_task/deberta_sst2_lora_e4_k2_supplement/hpo/baseline/trial_runs/local_var_topk_002/baseline_s3_curve.csv
baseline,local_var_topk_003,2,0.9254587155963303,0.9254587155963303,0.9254587155963303,False,/home/zhujjing/MOE-grad-conflict-routing/runs/paper_suite/single_gpu/single_task/deberta_sst2_lora_e4_k2_supplement/hpo/baseline/trial_runs/local_var_topk_003/baseline_s2.json,/home/zhujjing/MOE-grad-conflict-routing/runs/paper_suite/single_gpu/single_task/deberta_sst2_lora_e4_k2_supplement/hpo/baseline/trial_runs/local_var_topk_003/baseline_s2_curve.csv
baseline,local_var_topk_003,3,0.9243119266055045,0.9243119266055045,0.9243119266055045,False,/home/zhujjing/MOE-grad-conflict-routing/runs/paper_suite/single_gpu/single_task/deberta_sst2_lora_e4_k2_supplement/hpo/baseline/trial_runs/local_var_topk_003/baseline_s3.json,/home/zhujjing/MOE-grad-conflict-routing/runs/paper_suite/single_gpu/single_task/deberta_sst2_lora_e4_k2_supplement/hpo/baseline/trial_runs/local_var_topk_003/baseline_s3_curve.csv
baseline,local_var_topk_004,2,0.9231651376146789,0.9231651376146789,0.9231651376146789,False,/home/zhujjing/MOE-grad-conflict-routing/runs/paper_suite/single_gpu/single_task/deberta_sst2_lora_e4_k2_supplement/hpo/baseline/trial_runs/local_var_topk_004/baseline_s2.json,/home/zhujjing/MOE-grad-conflict-routing/runs/paper_suite/single_gpu/single_task/deberta_sst2_lora_e4_k2_supplement/hpo/baseline/trial_runs/local_var_topk_004/baseline_s2_curve.csv
baseline,local_var_topk_004,3,0.930045871559633,0.930045871559633,0.930045871559633,False,/home/zhujjing/MOE-grad-conflict-routing/runs/paper_suite/single_gpu/single_task/deberta_sst2_lora_e4_k2_supplement/hpo/baseline/trial_runs/local_var_topk_004/baseline_s3.json,/home/zhujjing/MOE-grad-conflict-routing/runs/paper_suite/single_gpu/single_task/deberta_sst2_lora_e4_k2_supplement/hpo/baseline/trial_runs/local_var_topk_004/baseline_s3_curve.csv
baseline,local_var_topk_005,2,0.9220183486238532,0.9220183486238532,0.9220183486238532,False,/home/zhujjing/MOE-grad-conflict-routing/runs/paper_suite/single_gpu/single_task/deberta_sst2_lora_e4_k2_supplement/hpo/baseline/trial_runs/local_var_topk_005/baseline_s2.json,/home/zhujjing/MOE-grad-conflict-routing/runs/paper_suite/single_gpu/single_task/deberta_sst2_lora_e4_k2_supplement/hpo/baseline/trial_runs/local_var_topk_005/baseline_s2_curve.csv
baseline,local_var_topk_005,3,0.9254587155963303,0.9254587155963303,0.9254587155963303,False,/home/zhujjing/MOE-grad-conflict-routing/runs/paper_suite/single_gpu/single_task/deberta_sst2_lora_e4_k2_supplement/hpo/baseline/trial_runs/local_var_topk_005/baseline_s3.json,/home/zhujjing/MOE-grad-conflict-routing/runs/paper_suite/single_gpu/single_task/deberta_sst2_lora_e4_k2_supplement/hpo/baseline/trial_runs/local_var_topk_005/baseline_s3_curve.csv
baseline,local_var_topk_006,2,0.9243119266055045,0.9243119266055045,0.9243119266055045,False,/home/zhujjing/MOE-grad-conflict-routing/runs/paper_suite/single_gpu/single_task/deberta_sst2_lora_e4_k2_supplement/hpo/baseline/trial_runs/local_var_topk_006/baseline_s2.json,/home/zhujjing/MOE-grad-conflict-routing/runs/paper_suite/single_gpu/single_task/deberta_sst2_lora_e4_k2_supplement/hpo/baseline/trial_runs/local_var_topk_006/baseline_s2_curve.csv
baseline,local_var_topk_006,3,0.930045871559633,0.930045871559633,0.930045871559633,False,/home/zhujjing/MOE-grad-conflict-routing/runs/paper_suite/single_gpu/single_task/deberta_sst2_lora_e4_k2_supplement/hpo/baseline/trial_runs/local_var_topk_006/baseline_s3.json,/home/zhujjing/MOE-grad-conflict-routing/runs/paper_suite/single_gpu/single_task/deberta_sst2_lora_e4_k2_supplement/hpo/baseline/trial_runs/local_var_topk_006/baseline_s3_curve.csv
baseline,local_var_topk_007,2,0.930045871559633,0.930045871559633,0.930045871559633,False,/home/zhujjing/MOE-grad-conflict-routing/runs/paper_suite/single_gpu/single_task/deberta_sst2_lora_e4_k2_supplement/hpo/baseline/trial_runs/local_var_topk_007/baseline_s2.json,/home/zhujjing/MOE-grad-conflict-routing/runs/paper_suite/single_gpu/single_task/deberta_sst2_lora_e4_k2_supplement/hpo/baseline/trial_runs/local_var_topk_007/baseline_s2_curve.csv
baseline,local_var_topk_007,3,0.9231651376146789,0.9231651376146789,0.9231651376146789,False,/home/zhujjing/MOE-grad-conflict-routing/runs/paper_suite/single_gpu/single_task/deberta_sst2_lora_e4_k2_supplement/hpo/baseline/trial_runs/local_var_topk_007/baseline_s3.json,/home/zhujjing/MOE-grad-conflict-routing/runs/paper_suite/single_gpu/single_task/deberta_sst2_lora_e4_k2_supplement/hpo/baseline/trial_runs/local_var_topk_007/baseline_s3_curve.csv
baseline,local_var_topk_008,2,0.9323394495412844,0.9323394495412844,0.9323394495412844,False,/home/zhujjing/MOE-grad-conflict-routing/runs/paper_suite/single_gpu/single_task/deberta_sst2_lora_e4_k2_supplement/hpo/baseline/trial_runs/local_var_topk_008/baseline_s2.json,/home/zhujjing/MOE-grad-conflict-routing/runs/paper_suite/single_gpu/single_task/deberta_sst2_lora_e4_k2_supplement/hpo/baseline/trial_runs/local_var_topk_008/baseline_s2_curve.csv
baseline,local_var_topk_008,3,0.9254587155963303,0.9254587155963303,0.9254587155963303,False,/home/zhujjing/MOE-grad-conflict-routing/runs/paper_suite/single_gpu/single_task/deberta_sst2_lora_e4_k2_supplement/hpo/baseline/trial_runs/local_var_topk_008/baseline_s3.json,/home/zhujjing/MOE-grad-conflict-routing/runs/paper_suite/single_gpu/single_task/deberta_sst2_lora_e4_k2_supplement/hpo/baseline/trial_runs/local_var_topk_008/baseline_s3_curve.csv
baseline,local_var_topk_009,2,0.9185779816513762,0.9185779816513762,0.9185779816513762,False,/home/zhujjing/MOE-grad-conflict-routing/runs/paper_suite/single_gpu/single_task/deberta_sst2_lora_e4_k2_supplement/hpo/baseline/trial_runs/local_var_topk_009/baseline_s2.json,/home/zhujjing/MOE-grad-conflict-routing/runs/paper_suite/single_gpu/single_task/deberta_sst2_lora_e4_k2_supplement/hpo/baseline/trial_runs/local_var_topk_009/baseline_s2_curve.csv
baseline,local_var_topk_009,3,0.926605504587156,0.926605504587156,0.926605504587156,False,/home/zhujjing/MOE-grad-conflict-routing/runs/paper_suite/single_gpu/single_task/deberta_sst2_lora_e4_k2_supplement/hpo/baseline/trial_runs/local_var_topk_009/baseline_s3.json,/home/zhujjing/MOE-grad-conflict-routing/runs/paper_suite/single_gpu/single_task/deberta_sst2_lora_e4_k2_supplement/hpo/baseline/trial_runs/local_var_topk_009/baseline_s3_curve.csv
baseline,local_var_topk_010,2,0.9311926605504587,0.9311926605504587,0.9311926605504587,False,/home/zhujjing/MOE-grad-conflict-routing/runs/paper_suite/single_gpu/single_task/deberta_sst2_lora_e4_k2_supplement/hpo/baseline/trial_runs/local_var_topk_010/baseline_s2.json,/home/zhujjing/MOE-grad-conflict-routing/runs/paper_suite/single_gpu/single_task/deberta_sst2_lora_e4_k2_supplement/hpo/baseline/trial_runs/local_var_topk_010/baseline_s2_curve.csv
baseline,local_var_topk_010,3,0.9151376146788991,0.9151376146788991,0.9151376146788991,False,/home/zhujjing/MOE-grad-conflict-routing/runs/paper_suite/single_gpu/single_task/deberta_sst2_lora_e4_k2_supplement/hpo/baseline/trial_runs/local_var_topk_010/baseline_s3.json,/home/zhujjing/MOE-grad-conflict-routing/runs/paper_suite/single_gpu/single_task/deberta_sst2_lora_e4_k2_supplement/hpo/baseline/trial_runs/local_var_topk_010/baseline_s3_curve.csv
baseline,local_var_topk_011,2,0.926605504587156,0.926605504587156,0.926605504587156,False,/home/zhujjing/MOE-grad-conflict-routing/runs/paper_suite/single_gpu/single_task/deberta_sst2_lora_e4_k2_supplement/hpo/baseline/trial_runs/local_var_topk_011/baseline_s2.json,/home/zhujjing/MOE-grad-conflict-routing/runs/paper_suite/single_gpu/single_task/deberta_sst2_lora_e4_k2_supplement/hpo/baseline/trial_runs/local_var_topk_011/baseline_s2_curve.csv
baseline,local_var_topk_011,3,0.9334862385321101,0.9334862385321101,0.9334862385321101,False,/home/zhujjing/MOE-grad-conflict-routing/runs/paper_suite/single_gpu/single_task/deberta_sst2_lora_e4_k2_supplement/hpo/baseline/trial_runs/local_var_topk_011/baseline_s3.json,/home/zhujjing/MOE-grad-conflict-routing/runs/paper_suite/single_gpu/single_task/deberta_sst2_lora_e4_k2_supplement/hpo/baseline/trial_runs/local_var_topk_011/baseline_s3_curve.csv
baseline,local_var_topk_012,2,0.9288990825688074,0.9288990825688074,0.9288990825688074,False,/home/zhujjing/MOE-grad-conflict-routing/runs/paper_suite/single_gpu/single_task/deberta_sst2_lora_e4_k2_supplement/hpo/baseline/trial_runs/local_var_topk_012/baseline_s2.json,/home/zhujjing/MOE-grad-conflict-routing/runs/paper_suite/single_gpu/single_task/deberta_sst2_lora_e4_k2_supplement/hpo/baseline/trial_runs/local_var_topk_012/baseline_s2_curve.csv
baseline,local_var_topk_012,3,0.9357798165137615,0.9323394495412844,0.934059633027523,False,/home/zhujjing/MOE-grad-conflict-routing/runs/paper_suite/single_gpu/single_task/deberta_sst2_lora_e4_k2_supplement/hpo/baseline/trial_runs/local_var_topk_012/baseline_s3.json,/home/zhujjing/MOE-grad-conflict-routing/runs/paper_suite/single_gpu/single_task/deberta_sst2_lora_e4_k2_supplement/hpo/baseline/trial_runs/local_var_topk_012/baseline_s3_curve.csv
baseline,local_var_topk_013,2,0.9208715596330275,0.9208715596330275,0.9208715596330275,False,/home/zhujjing/MOE-grad-conflict-routing/runs/paper_suite/single_gpu/single_task/deberta_sst2_lora_e4_k2_supplement/hpo/baseline/trial_runs/local_var_topk_013/baseline_s2.json,/home/zhujjing/MOE-grad-conflict-routing/runs/paper_suite/single_gpu/single_task/deberta_sst2_lora_e4_k2_supplement/hpo/baseline/trial_runs/local_var_topk_013/baseline_s2_curve.csv
baseline,local_var_topk_013,3,0.9254587155963303,0.9220183486238532,0.9237385321100917,False,/home/zhujjing/MOE-grad-conflict-routing/runs/paper_suite/single_gpu/single_task/deberta_sst2_lora_e4_k2_supplement/hpo/baseline/trial_runs/local_var_topk_013/baseline_s3.json,/home/zhujjing/MOE-grad-conflict-routing/runs/paper_suite/single_gpu/single_task/deberta_sst2_lora_e4_k2_supplement/hpo/baseline/trial_runs/local_var_topk_013/baseline_s3_curve.csv
baseline,local_var_topk_014,2,0.9243119266055045,0.9243119266055045,0.9243119266055045,False,/home/zhujjing/MOE-grad-conflict-routing/runs/paper_suite/single_gpu/single_task/deberta_sst2_lora_e4_k2_supplement/hpo/baseline/trial_runs/local_var_topk_014/baseline_s2.json,/home/zhujjing/MOE-grad-conflict-routing/runs/paper_suite/single_gpu/single_task/deberta_sst2_lora_e4_k2_supplement/hpo/baseline/trial_runs/local_var_topk_014/baseline_s2_curve.csv
baseline,local_var_topk_014,3,0.9105504587155964,0.9105504587155964,0.9105504587155964,False,/home/zhujjing/MOE-grad-conflict-routing/runs/paper_suite/single_gpu/single_task/deberta_sst2_lora_e4_k2_supplement/hpo/baseline/trial_runs/local_var_topk_014/baseline_s3.json,/home/zhujjing/MOE-grad-conflict-routing/runs/paper_suite/single_gpu/single_task/deberta_sst2_lora_e4_k2_supplement/hpo/baseline/trial_runs/local_var_topk_014/baseline_s3_curve.csv
baseline,local_var_topk_015,2,0.9334862385321101,0.9334862385321101,0.9334862385321101,False,/home/zhujjing/MOE-grad-conflict-routing/runs/paper_suite/single_gpu/single_task/deberta_sst2_lora_e4_k2_supplement/hpo/baseline/trial_runs/local_var_topk_015/baseline_s2.json,/home/zhujjing/MOE-grad-conflict-routing/runs/paper_suite/single_gpu/single_task/deberta_sst2_lora_e4_k2_supplement/hpo/baseline/trial_runs/local_var_topk_015/baseline_s2_curve.csv
baseline,local_var_topk_015,3,0.9277522935779816,0.9277522935779816,0.9277522935779816,False,/home/zhujjing/MOE-grad-conflict-routing/runs/paper_suite/single_gpu/single_task/deberta_sst2_lora_e4_k2_supplement/hpo/baseline/trial_runs/local_var_topk_015/baseline_s3.json,/home/zhujjing/MOE-grad-conflict-routing/runs/paper_suite/single_gpu/single_task/deberta_sst2_lora_e4_k2_supplement/hpo/baseline/trial_runs/local_var_topk_015/baseline_s3_curve.csv
baseline,local_var_topk_016,2,0.9002293577981652,0.9002293577981652,0.9002293577981652,False,/home/zhujjing/MOE-grad-conflict-routing/runs/paper_suite/single_gpu/single_task/deberta_sst2_lora_e4_k2_supplement/hpo/baseline/trial_runs/local_var_topk_016/baseline_s2.json,/home/zhujjing/MOE-grad-conflict-routing/runs/paper_suite/single_gpu/single_task/deberta_sst2_lora_e4_k2_supplement/hpo/baseline/trial_runs/local_var_topk_016/baseline_s2_curve.csv
baseline,local_var_topk_016,3,0.9220183486238532,0.9220183486238532,0.9220183486238532,False,/home/zhujjing/MOE-grad-conflict-routing/runs/paper_suite/single_gpu/single_task/deberta_sst2_lora_e4_k2_supplement/hpo/baseline/trial_runs/local_var_topk_016/baseline_s3.json,/home/zhujjing/MOE-grad-conflict-routing/runs/paper_suite/single_gpu/single_task/deberta_sst2_lora_e4_k2_supplement/hpo/baseline/trial_runs/local_var_topk_016/baseline_s3_curve.csv
baseline,local_var_topk_017,2,0.9036697247706422,0.9036697247706422,0.9036697247706422,False,/home/zhujjing/MOE-grad-conflict-routing/runs/paper_suite/single_gpu/single_task/deberta_sst2_lora_e4_k2_supplement/hpo/baseline/trial_runs/local_var_topk_017/baseline_s2.json,/home/zhujjing/MOE-grad-conflict-routing/runs/paper_suite/single_gpu/single_task/deberta_sst2_lora_e4_k2_supplement/hpo/baseline/trial_runs/local_var_topk_017/baseline_s2_curve.csv
baseline,local_var_topk_017,3,0.9151376146788991,0.9151376146788991,0.9151376146788991,False,/home/zhujjing/MOE-grad-conflict-routing/runs/paper_suite/single_gpu/single_task/deberta_sst2_lora_e4_k2_supplement/hpo/baseline/trial_runs/local_var_topk_017/baseline_s3.json,/home/zhujjing/MOE-grad-conflict-routing/runs/paper_suite/single_gpu/single_task/deberta_sst2_lora_e4_k2_supplement/hpo/baseline/trial_runs/local_var_topk_017/baseline_s3_curve.csv
baseline,local_var_topk_018,2,0.908256880733945,0.8979357798165137,0.9030963302752293,False,/home/zhujjing/MOE-grad-conflict-routing/runs/paper_suite/single_gpu/single_task/deberta_sst2_lora_e4_k2_supplement/hpo/baseline/trial_runs/local_var_topk_018/baseline_s2.json,/home/zhujjing/MOE-grad-conflict-routing/runs/paper_suite/single_gpu/single_task/deberta_sst2_lora_e4_k2_supplement/hpo/baseline/trial_runs/local_var_topk_018/baseline_s2_curve.csv
baseline,local_var_topk_018,3,0.9357798165137615,0.9243119266055045,0.930045871559633,False,/home/zhujjing/MOE-grad-conflict-routing/runs/paper_suite/single_gpu/single_task/deberta_sst2_lora_e4_k2_supplement/hpo/baseline/trial_runs/local_var_topk_018/baseline_s3.json,/home/zhujjing/MOE-grad-conflict-routing/runs/paper_suite/single_gpu/single_task/deberta_sst2_lora_e4_k2_supplement/hpo/baseline/trial_runs/local_var_topk_018/baseline_s3_curve.csv
baseline,local_var_topk_019,2,0.8761467889908257,0.8761467889908257,0.8761467889908257,False,/home/zhujjing/MOE-grad-conflict-routing/runs/paper_suite/single_gpu/single_task/deberta_sst2_lora_e4_k2_supplement/hpo/baseline/trial_runs/local_var_topk_019/baseline_s2.json,/home/zhujjing/MOE-grad-conflict-routing/runs/paper_suite/single_gpu/single_task/deberta_sst2_lora_e4_k2_supplement/hpo/baseline/trial_runs/local_var_topk_019/baseline_s2_curve.csv
baseline,local_var_topk_019,3,0.9162844036697247,0.9002293577981652,0.908256880733945,False,/home/zhujjing/MOE-grad-conflict-routing/runs/paper_suite/single_gpu/single_task/deberta_sst2_lora_e4_k2_supplement/hpo/baseline/trial_runs/local_var_topk_019/baseline_s3.json,/home/zhujjing/MOE-grad-conflict-routing/runs/paper_suite/single_gpu/single_task/deberta_sst2_lora_e4_k2_supplement/hpo/baseline/trial_runs/local_var_topk_019/baseline_s3_curve.csv
baseline,local_var_topk_020,2,0.9243119266055045,0.9243119266055045,0.9243119266055045,False,/home/zhujjing/MOE-grad-conflict-routing/runs/paper_suite/single_gpu/single_task/deberta_sst2_lora_e4_k2_supplement/hpo/baseline/trial_runs/local_var_topk_020/baseline_s2.json,/home/zhujjing/MOE-grad-conflict-routing/runs/paper_suite/single_gpu/single_task/deberta_sst2_lora_e4_k2_supplement/hpo/baseline/trial_runs/local_var_topk_020/baseline_s2_curve.csv
baseline,local_var_topk_020,3,0.9162844036697247,0.9162844036697247,0.9162844036697247,False,/home/zhujjing/MOE-grad-conflict-routing/runs/paper_suite/single_gpu/single_task/deberta_sst2_lora_e4_k2_supplement/hpo/baseline/trial_runs/local_var_topk_020/baseline_s3.json,/home/zhujjing/MOE-grad-conflict-routing/runs/paper_suite/single_gpu/single_task/deberta_sst2_lora_e4_k2_supplement/hpo/baseline/trial_runs/local_var_topk_020/baseline_s3_curve.csv
baseline,local_var_topk_021,2,0.9277522935779816,0.8876146788990825,0.9076834862385321,False,/home/zhujjing/MOE-grad-conflict-routing/runs/paper_suite/single_gpu/single_task/deberta_sst2_lora_e4_k2_supplement/hpo/baseline/trial_runs/local_var_topk_021/baseline_s2.json,/home/zhujjing/MOE-grad-conflict-routing/runs/paper_suite/single_gpu/single_task/deberta_sst2_lora_e4_k2_supplement/hpo/baseline/trial_runs/local_var_topk_021/baseline_s2_curve.csv
baseline,local_var_topk_021,3,0.9139908256880734,0.8589449541284404,0.886467889908257,False,/home/zhujjing/MOE-grad-conflict-routing/runs/paper_suite/single_gpu/single_task/deberta_sst2_lora_e4_k2_supplement/hpo/baseline/trial_runs/local_var_topk_021/baseline_s3.json,/home/zhujjing/MOE-grad-conflict-routing/runs/paper_suite/single_gpu/single_task/deberta_sst2_lora_e4_k2_supplement/hpo/baseline/trial_runs/local_var_topk_021/baseline_s3_curve.csv
baseline,local_var_topk_022,2,0.9139908256880734,0.9139908256880734,0.9139908256880734,False,/home/zhujjing/MOE-grad-conflict-routing/runs/paper_suite/single_gpu/single_task/deberta_sst2_lora_e4_k2_supplement/hpo/baseline/trial_runs/local_var_topk_022/baseline_s2.json,/home/zhujjing/MOE-grad-conflict-routing/runs/paper_suite/single_gpu/single_task/deberta_sst2_lora_e4_k2_supplement/hpo/baseline/trial_runs/local_var_topk_022/baseline_s2_curve.csv
baseline,local_var_topk_022,3,0.9013761467889908,0.8486238532110092,0.875,False,/home/zhujjing/MOE-grad-conflict-routing/runs/paper_suite/single_gpu/single_task/deberta_sst2_lora_e4_k2_supplement/hpo/baseline/trial_runs/local_var_topk_022/baseline_s3.json,/home/zhujjing/MOE-grad-conflict-routing/runs/paper_suite/single_gpu/single_task/deberta_sst2_lora_e4_k2_supplement/hpo/baseline/trial_runs/local_var_topk_022/baseline_s3_curve.csv
baseline,local_var_topk_023,2,0.9162844036697247,0.8967889908256881,0.9065366972477065,False,/home/zhujjing/MOE-grad-conflict-routing/runs/paper_suite/single_gpu/single_task/deberta_sst2_lora_e4_k2_supplement/hpo/baseline/trial_runs/local_var_topk_023/baseline_s2.json,/home/zhujjing/MOE-grad-conflict-routing/runs/paper_suite/single_gpu/single_task/deberta_sst2_lora_e4_k2_supplement/hpo/baseline/trial_runs/local_var_topk_023/baseline_s2_curve.csv
baseline,local_var_topk_023,3,0.9139908256880734,0.9139908256880734,0.9139908256880734,False,/home/zhujjing/MOE-grad-conflict-routing/runs/paper_suite/single_gpu/single_task/deberta_sst2_lora_e4_k2_supplement/hpo/baseline/trial_runs/local_var_topk_023/baseline_s3.json,/home/zhujjing/MOE-grad-conflict-routing/runs/paper_suite/single_gpu/single_task/deberta_sst2_lora_e4_k2_supplement/hpo/baseline/trial_runs/local_var_topk_023/baseline_s3_curve.csv
baseline,local_var_topk_024,2,0.9002293577981652,0.8979357798165137,0.8990825688073394,False,/home/zhujjing/MOE-grad-conflict-routing/runs/paper_suite/single_gpu/single_task/deberta_sst2_lora_e4_k2_supplement/hpo/baseline/trial_runs/local_var_topk_024/baseline_s2.json,/home/zhujjing/MOE-grad-conflict-routing/runs/paper_suite/single_gpu/single_task/deberta_sst2_lora_e4_k2_supplement/hpo/baseline/trial_runs/local_var_topk_024/baseline_s2_curve.csv
baseline,local_var_topk_024,3,0.9357798165137615,0.9357798165137615,0.9357798165137615,False,/home/zhujjing/MOE-grad-conflict-routing/runs/paper_suite/single_gpu/single_task/deberta_sst2_lora_e4_k2_supplement/hpo/baseline/trial_runs/local_var_topk_024/baseline_s3.json,/home/zhujjing/MOE-grad-conflict-routing/runs/paper_suite/single_gpu/single_task/deberta_sst2_lora_e4_k2_supplement/hpo/baseline/trial_runs/local_var_topk_024/baseline_s3_curve.csv
baseline,local_var_topk_025,2,0.9071100917431193,0.9036697247706422,0.9053899082568808,False,/home/zhujjing/MOE-grad-conflict-routing/runs/paper_suite/single_gpu/single_task/deberta_sst2_lora_e4_k2_supplement/hpo/baseline/trial_runs/local_var_topk_025/baseline_s2.json,/home/zhujjing/MOE-grad-conflict-routing/runs/paper_suite/single_gpu/single_task/deberta_sst2_lora_e4_k2_supplement/hpo/baseline/trial_runs/local_var_topk_025/baseline_s2_curve.csv
baseline,local_var_topk_025,3,0.9174311926605505,0.9174311926605505,0.9174311926605505,False,/home/zhujjing/MOE-grad-conflict-routing/runs/paper_suite/single_gpu/single_task/deberta_sst2_lora_e4_k2_supplement/hpo/baseline/trial_runs/local_var_topk_025/baseline_s3.json,/home/zhujjing/MOE-grad-conflict-routing/runs/paper_suite/single_gpu/single_task/deberta_sst2_lora_e4_k2_supplement/hpo/baseline/trial_runs/local_var_topk_025/baseline_s3_curve.csv
baseline,local_var_topk_026,2,0.8990825688073395,0.8990825688073395,0.8990825688073395,False,/home/zhujjing/MOE-grad-conflict-routing/runs/paper_suite/single_gpu/single_task/deberta_sst2_lora_e4_k2_supplement/hpo/baseline/trial_runs/local_var_topk_026/baseline_s2.json,/home/zhujjing/MOE-grad-conflict-routing/runs/paper_suite/single_gpu/single_task/deberta_sst2_lora_e4_k2_supplement/hpo/baseline/trial_runs/local_var_topk_026/baseline_s2_curve.csv
baseline,local_var_topk_026,3,0.9208715596330275,0.9208715596330275,0.9208715596330275,False,/home/zhujjing/MOE-grad-conflict-routing/runs/paper_suite/single_gpu/single_task/deberta_sst2_lora_e4_k2_supplement/hpo/baseline/trial_runs/local_var_topk_026/baseline_s3.json,/home/zhujjing/MOE-grad-conflict-routing/runs/paper_suite/single_gpu/single_task/deberta_sst2_lora_e4_k2_supplement/hpo/baseline/trial_runs/local_var_topk_026/baseline_s3_curve.csv
