step,train_step_loss,train_acc,train_loss,val_acc,val_loss,alignment_reward,l_conflict,l_conflict_e0,l_conflict_e1,l_conflict_e2,l_conflict_e3,router_conflict_grad_l2,router_entropy,router_load_e0,router_load_e1,router_load_e2,router_load_e3
30.0,1.0936899383862817,0.3402506510416667,1.1318329777568579,0.3424479166666667,1.1332923471927643,0.0017753151478245854,-0.0017753151478245854,-0.0004908390110358596,-0.00041477131890133023,-0.000478954374557361,-0.0003907504433300346,0.0,1.370531015098095,0.2908155024051666,0.22119981050491333,0.2880486249923706,0.19993603229522705
60.0,1.0934131940205898,0.341064453125,1.098123962059617,0.341796875,1.104330490032832,0.0010429121321067214,-0.0010429121321067214,-0.00029942780383862555,-0.00024838600074872375,-0.0002275912556797266,-0.0002675070136319846,0.0,1.3792894234259923,0.28057798743247986,0.239019975066185,0.2171381711959839,0.2632637619972229
90.0,1.0883946269750597,0.3711751302083333,1.089687081053853,0.3372395833333333,1.1016713952024777,0.0007630656473338604,-0.0007630656473338604,-0.00020686585048679262,-0.00016482548380736262,-0.0002004587440751493,-0.0001909155835164711,0.0,1.3823797007401784,0.26120391488075256,0.22640542685985565,0.2583906650543213,0.2540000379085541
100.0,1.093404278159142,0.3599446614583333,1.0959011030693848,0.3167317708333333,1.1210945422450702,0.0018150006653741002,-0.0018150006653741002,-0.000478852802189067,-0.00048076509847305715,-0.00041755815618671477,-0.00043782463762909174,0.0,1.3815719559788704,0.2592694163322449,0.27401548624038696,0.2307787388563156,0.23593635857105255
