step,train_step_loss,train_acc,train_loss,val_acc,val_loss,alignment_reward,l_conflict,l_conflict_e0,l_conflict_e1,l_conflict_e2,l_conflict_e3,router_conflict_grad_l2,router_entropy,router_load_e0,router_load_e1,router_load_e2,router_load_e3
30.0,1.1286470144987106,0.3400065104166667,1.111332810173432,0.3382161458333333,1.109879640241464,0.012704357504844666,-0.012704357504844666,-0.0029690321534872055,-0.0031631425954401493,-0.003184910397976637,-0.003387272357940674,0.0,1.3822753131389618,0.2324346899986267,0.2533021569252014,0.2426098734140396,0.27165326476097107
60.0,1.1099576403697335,0.3561197916666667,1.0964131740232308,0.3310546875,1.0994418958822887,0.0019609383307397366,-0.0019609383307397366,-0.00041471124859526753,-0.0005022184341214597,-0.0004215556546114385,-0.0006224531098268926,0.0,1.3688183973232906,0.20122872292995453,0.23995600640773773,0.23613031208515167,0.3226848542690277
90.0,1.0910277714331948,0.3501790364583333,1.0918609978010256,0.33984375,1.1044710551699002,0.0010095573961734772,-0.0010095573961734772,-0.0002013801713474095,-0.00023860234068706632,-0.0002783777890726924,-0.000291197095066309,0.0,1.3718307788173358,0.19882319867610931,0.22874484956264496,0.27401217818260193,0.2984198331832886
100.0,1.0910015354553861,0.3722330729166667,1.0864113724480073,0.3219401041666667,1.109750250975291,0.0009649784187786281,-0.0009649784187786281,-0.00019639210950117558,-0.00021734225447289646,-0.00029160419944673777,-0.00025963986990973353,0.0,1.3704773585001628,0.20546923577785492,0.22007030248641968,0.30424150824546814,0.2702190577983856
