step,train_step_loss,train_acc,train_loss,val_acc,val_loss,alignment_reward,l_conflict,l_conflict_e0,l_conflict_e1,l_conflict_e2,l_conflict_e3,router_conflict_grad_l2,router_entropy,router_load_e0,router_load_e1,router_load_e2,router_load_e3
30.0,1.1188421944777176,0.3326822916666667,1.099858146160841,0.3346354166666667,1.1012050186594327,0.008238084614276886,-0.008238084614276886,-0.0017336246091872454,-0.002414496848359704,-0.002248619217425585,-0.0018413446377962828,0.0,1.3718498572707176,0.2050546407699585,0.2990058958530426,0.2725139260292053,0.22342556715011597
60.0,1.1168686697880432,0.3379720052083333,1.0967912257959445,0.3333333333333333,1.1006314580639203,0.004484807141125202,-0.004484807141125202,-0.0010162079706788063,-0.0011646408820524812,-0.0010982159292325377,-0.0012057422427460551,0.0,1.3802977030475934,0.22621120512485504,0.26855018734931946,0.23266595602035522,0.27257266640663147
90.0,1.0939509719610219,0.3628743489583333,1.0879047500590484,0.3450520833333333,1.1027817328770955,0.0013084819074720144,-0.0013084819074720144,-0.0002934263611678034,-0.00037561325007118285,-0.00031965511152520776,-0.0003197871265001595,0.0,1.3785310412446659,0.2248120754957199,0.2932104468345642,0.23737861216068268,0.24459891021251678
100.0,1.130054205656052,0.385009765625,1.0849854828168948,0.3356119791666667,1.1033618847529094,0.008849743753671646,-0.008849743753671646,-0.0018902670126408339,-0.002763490891084075,-0.002033683005720377,-0.0021623028442263603,0.0,1.3754284530878067,0.20810304582118988,0.2985553741455078,0.25121834874153137,0.24212317168712616
