ts_epoch,event,phase,completed_jobs,total_jobs,failed_jobs,percent,eta_sec,elapsed_sec
1774678289.2052283,init,,0,0,0,0.0,,1.6450881958007812e-05
1774678289.205513,pipeline_start,,0,0,0,0.0,,0.0002942085266113281
1774678289.206122,lock_wait,,0,0,0,0.0,,0.0005369186401367188
1774678289.2063544,lock_acquired,,0,0,0,0.0,,0.0011610984802246094
1774678289.2065341,method_start,,0,0,0,0.0,,0.0013585090637207031
1774678289.206783,lock_wait,,0,0,0,0.0,,0.00159454345703125
1774678289.2069914,lock_acquired,,0,0,0,0.0,,0.0018112659454345703
1774678289.207189,lock_released,,0,0,0,0.0,,0.0020055770874023438
1774678289.207807,lock_wait,,0,0,0,0.0,,0.002612590789794922
1774678289.2080069,lock_acquired,,0,0,0,0.0,,0.002829313278198242
1774678289.2081914,plan_add,,0,24,0,0.0,,0.003009319305419922
1774678289.2084432,phase_start,baseline:coord:train.lr,0,24,0,0.0,,0.003204345703125
1774678376.8635082,group_slots,baseline:coord:train.lr,0,24,0,0.0,,87.65781855583191
1774678376.877927,group_start,baseline:coord:train.lr,0,24,0,0.0,,87.6586000919342
1774678698.484142,job_done,baseline:coord:train.lr,1,24,0,4.166666666666667,9413.406576633453,409.27854681015015
1774678704.5476468,job_done,baseline:coord:train.lr,2,24,0,8.333333333333334,4568.764795780182,415.3422541618347
1774678704.77943,job_done,baseline:coord:train.lr,3,24,0,12.5,2909.0164787769318,415.5737826824188
1774678704.8524191,job_done,baseline:coord:train.lr,4,24,0,16.666666666666668,2078.2351410388947,415.64702820777893
1774679017.0055327,job_done,baseline:coord:train.lr,5,24,0,20.833333333333332,2765.6406811237334,727.8001792430878
1774679025.9226434,job_done,baseline:coord:train.lr,6,24,0,25.0,2210.152056455612,736.7173521518707
1774679026.160265,job_done,baseline:coord:train.lr,7,24,0,29.166666666666668,1789.7477660519735,736.9549624919891
1774679026.2174516,job_done,baseline:coord:train.lr,8,24,0,33.333333333333336,1474.0240602493286,737.0120301246643
1774679303.1443613,job_done,baseline:coord:train.lr,9,24,0,37.5,1689.8983991146088,1013.9390394687653
1774679320.94475,job_done,baseline:coord:train.lr,10,24,0,41.666666666666664,1444.4329685688017,1031.7378346920013
1774679322.2007687,job_done,baseline:coord:train.lr,11,24,0,45.833333333333336,1220.8128296461973,1032.99547123909
1774679322.546801,job_done,baseline:coord:train.lr,12,24,0,50.0,1033.341489315033,1033.341489315033
1774679573.2353408,job_done,baseline:coord:train.lr,13,24,0,54.166666666666664,1086.4869512961461,1284.0300333499908
1774679612.1014528,job_done,baseline:coord:train.lr,14,24,0,58.333333333333336,944.9257973262243,1322.8961162567139
1774679615.6726959,job_done,baseline:coord:train.lr,15,24,0,62.5,795.8803474903107,1326.4672458171844
1774679616.3955638,job_done,baseline:coord:train.lr,16,24,0,66.66666666666667,663.5951392650604,1327.1902785301208
1774679836.1465812,job_done,baseline:coord:train.lr,17,24,0,70.83333333333333,636.9758121967316,1546.9412581920624
1774679908.9946296,job_done,baseline:coord:train.lr,18,24,0,75.0,539.9297759532928,1619.7893278598785
1774679915.0728033,job_done,baseline:coord:train.lr,19,24,0,79.16666666666667,427.859870132647,1625.8675065040588
1774679915.3001266,job_done,baseline:coord:train.lr,20,24,0,83.33333333333333,325.21894960403444,1626.0947480201721
1774680103.602388,job_done,baseline:coord:train.lr,21,24,0,87.5,259.1995599269867,1814.3969194889069
1774680178.2563791,job_done,baseline:coord:train.lr,22,24,0,91.66666666666667,171.7318836558949,1889.0507202148438
1774680185.4944286,job_done,baseline:coord:train.lr,23,24,0,95.83333333333333,82.44735313498455,1896.2891221046448
1774680186.6159763,job_done,baseline:coord:train.lr,24,24,0,100.0,,1897.410574913025
1774680186.6334522,group_end,baseline:coord:train.lr,24,24,0,100.0,,1897.4279942512512
1774680186.633815,phase_end,,24,24,0,100.0,,1897.4285216331482
1774680186.6342309,lock_released,,24,24,0,100.0,,1897.42893576622
1774680186.636471,lock_wait,,24,24,0,100.0,,1897.4311408996582
1774680186.6368926,lock_acquired,,24,24,0,100.0,,1897.4316034317017
1774680186.637251,plan_add,,24,48,0,50.0,1897.4319579601288,1897.4319579601288
1774680186.6376386,phase_start,baseline:coord:train.weight_decay,24,48,0,50.0,1897.432341337204,1897.432341337204
1774680264.430035,group_slots,baseline:coord:train.weight_decay,24,48,0,50.0,1975.2246985435488,1975.2246985435486
1774680264.4302716,group_start,baseline:coord:train.weight_decay,24,48,0,50.0,1975.2250719070435,1975.2250719070435
1774680576.7975533,job_done,baseline:coord:train.weight_decay,25,48,0,52.083333333333336,2104.5844621181486,2287.5918066501617
1774680576.950897,job_done,baseline:coord:train.weight_decay,26,48,0,54.166666666666664,1935.7846700594976,2287.7455191612244
1774680577.2755852,job_done,baseline:coord:train.weight_decay,27,48,0,56.25,1779.6101783381566,2288.070229291916
1774680578.2782714,job_done,baseline:coord:train.weight_decay,28,48,0,58.333333333333336,1635.052045583725,2289.072863817215
1774680881.7925212,job_done,baseline:coord:train.weight_decay,29,48,0,60.416666666666664,1698.5906936957917,2592.5857956409454
1774680884.379085,job_done,baseline:coord:train.weight_decay,30,48,0,62.5,1557.1041555404663,2595.173592567444
1774680884.4379573,job_done,baseline:coord:train.weight_decay,31,48,0,64.58333333333333,1423.1921100462637,2595.2326712608337
1774680884.6477318,job_done,baseline:coord:train.weight_decay,32,48,0,66.66666666666667,1297.7212007045746,2595.442401409149
1774681174.1259315,job_done,baseline:coord:train.weight_decay,33,48,0,68.75,1311.3274887475102,2884.920475244522
1774681184.7611613,job_done,baseline:coord:train.weight_decay,34,48,0,70.83333333333333,1192.2876551431768,2895.5557339191437
1774681185.4831073,job_done,baseline:coord:train.weight_decay,35,48,0,72.91666666666667,1075.7603197234018,2896.277783870697
1774681185.6972666,job_done,baseline:coord:train.weight_decay,36,48,0,75.0,965.4973471959431,2896.4920415878296
1774681461.2790482,job_done,baseline:coord:train.weight_decay,37,48,0,77.08333333333333,943.0489532754227,3172.073751926422
1774681479.8069417,job_done,baseline:coord:train.weight_decay,38,48,0,79.16666666666667,839.6320048758859,3190.601618528366
1774681481.3620136,job_done,baseline:coord:train.weight_decay,39,48,0,81.25,736.6515527871939,3192.156728744507
1774681481.4237235,job_done,baseline:coord:train.weight_decay,40,48,0,83.33333333333333,638.4436816692353,3192.218408346176
1774681743.1155844,job_done,baseline:coord:train.weight_decay,41,48,0,85.41666666666667,589.6919735001354,3453.9101305007935
1774681782.0896544,job_done,baseline:coord:train.weight_decay,42,48,0,87.5,498.98345136642456,3492.884159564972
1774681785.288858,job_done,baseline:coord:train.weight_decay,43,48,0,89.58333333333333,406.521327800529,3496.083419084549
1774681785.893709,job_done,baseline:coord:train.weight_decay,44,48,0,91.66666666666667,317.8807660449635,3496.6884264945984
1774682009.8904827,job_done,baseline:coord:train.weight_decay,45,48,0,93.75,248.04567433993023,3720.6851150989532
1774682064.707134,job_done,baseline:coord:train.weight_decay,46,48,0,95.83333333333333,164.15222679013792,3775.501216173172
1774682068.8453157,job_done,baseline:coord:train.weight_decay,47,48,0,97.91666666666667,80.4175816089549,3779.62633562088
1774682069.2868748,job_done,baseline:coord:train.weight_decay,48,48,0,100.0,,3780.081529378891
1774682069.2986052,group_end,baseline:coord:train.weight_decay,48,48,0,100.0,,3780.0933916568756
1774682069.2988002,phase_end,,48,48,0,100.0,,3780.093615293503
1774682069.2990212,lock_released,,48,48,0,100.0,,3780.0938382148743
1774682069.3002791,lock_wait,,48,48,0,100.0,,3780.0950832366943
1774682069.3005254,lock_acquired,,48,48,0,100.0,,3780.0953390598297
1774682069.3007221,plan_add,,48,72,0,66.66666666666667,1890.0477693080902,3780.0955386161804
1774682069.3009105,phase_start,baseline:coord:train.grad_clip,48,72,0,66.66666666666667,1890.0478653907776,3780.095730781555
1774682144.4198725,group_slots,baseline:coord:train.grad_clip,48,72,0,66.66666666666667,1927.6072685718536,3855.2145371437073
1774682144.4201007,group_start,baseline:coord:train.grad_clip,48,72,0,66.66666666666667,1927.6074531078339,3855.2149062156677
1774682456.6709654,job_done,baseline:coord:train.grad_clip,49,72,0,68.05555555555556,1956.157288882197,4167.465528488159
1774682457.282906,job_done,baseline:coord:train.grad_clip,50,72,0,69.44444444444444,1833.954117670059,4168.0775401592255
1774682460.0841672,job_done,baseline:coord:train.grad_clip,51,72,0,70.83333333333333,1717.4207054867466,4170.878856182098
1774682460.3499036,job_done,baseline:coord:train.grad_clip,52,72,0,72.22222222222223,1604.2863733034867,4171.144570589066
1774682758.5700445,job_done,baseline:coord:train.grad_clip,53,72,0,73.61111111111111,1602.225092613472,4469.364732027054
1774682759.4332242,job_done,baseline:coord:train.grad_clip,54,72,0,75.0,1490.075888713201,4470.227666139603
1774682763.0348954,job_done,baseline:coord:train.grad_clip,55,72,0,76.38888888888889,1382.8200062578373,4473.829432010651
1774682763.6429145,job_done,baseline:coord:train.grad_clip,56,72,0,77.77777777777777,1278.4107518196106,4474.437631368637
1774683058.4891484,job_done,baseline:coord:train.grad_clip,57,72,0,79.16666666666667,1255.074696415349,4769.283846378326
1774683058.7446256,job_done,baseline:coord:train.grad_clip,58,72,0,80.55555555555556,1151.268113793998,4769.539328575134
1774683063.4642825,job_done,baseline:coord:train.grad_clip,59,72,0,81.94444444444444,1051.9553712141717,4774.258992433548
1774683063.6672869,job_done,baseline:coord:train.grad_clip,60,72,0,83.33333333333333,954.8924005031585,4774.462002515793
1774683366.1380734,job_done,baseline:coord:train.grad_clip,61,72,0,84.72222222222223,915.5124503002792,5076.932678937912
1774683366.9752276,job_done,baseline:coord:train.grad_clip,62,72,0,86.11111111111111,818.9951278701905,5077.769792795181
1774683370.6248443,job_done,baseline:coord:train.grad_clip,63,72,0,87.5,725.9170687879836,5081.419481515884
1774683370.8341937,job_done,baseline:coord:train.grad_clip,64,72,0,88.88888888888889,635.2036065757275,5081.62885260582
1774683674.4247441,job_done,baseline:coord:train.grad_clip,65,72,0,90.27777777777777,579.9467071239765,5385.219423294067
1774683677.020053,job_done,baseline:coord:train.grad_clip,66,72,0,91.66666666666667,489.8013329072432,5387.814661979675
1774683677.1056502,job_done,baseline:coord:train.grad_clip,67,72,0,93.05555555555556,402.0821066578822,5387.900229215622
1774683678.072408,job_done,baseline:coord:train.grad_clip,68,72,0,94.44444444444444,316.99217560712026,5388.866985321045
1774683973.9299397,job_done,baseline:coord:train.grad_clip,69,72,0,95.83333333333333,247.1619382837544,5684.724580526352
1774683984.4584582,job_done,baseline:coord:train.grad_clip,70,72,0,97.22222222222223,162.7215180873871,5695.253133058548
1774683985.2348142,job_done,baseline:coord:train.grad_clip,71,72,0,98.61111111111111,80.225768324355,5696.029551029205
1774683985.4439487,job_done,baseline:coord:train.grad_clip,72,72,0,100.0,,5696.238635063171
1774683985.461883,group_end,baseline:coord:train.grad_clip,72,72,0,100.0,,5696.256464719772
1774683985.4622653,phase_end,,72,72,0,100.0,,5696.256971120834
1774683985.462701,lock_released,,72,72,0,100.0,,5696.257399320602
1774683985.5211306,lock_wait,,72,72,0,100.0,,5696.3157658576965
1774683985.5215182,lock_acquired,,72,72,0,100.0,,5696.316257953644
1774683985.521809,plan_add,,72,126,0,57.142857142857146,4272.2374203801155,5696.316560506821
1774683985.5220966,phase_start,baseline:local_var_topk,72,126,0,57.142857142857146,4272.237642109394,5696.316856145859
1774684064.2112932,group_slots,baseline:local_var_topk,72,126,0,57.142857142857146,4331.254390776157,5775.00585436821
1774684064.2117183,group_start,baseline:local_var_topk,72,126,0,57.142857142857146,4331.254814565182,5775.006419420242
1774684372.0807812,job_done,baseline:local_var_topk,73,126,0,57.93650793650794,4416.334122386697,6082.875300645828
1774684374.2103534,job_done,baseline:local_var_topk,74,126,0,58.73015873015873,4275.949146915126,6085.004555225372
1774684374.6334708,job_done,baseline:local_var_topk,75,126,0,59.523809523809526,4138.091084728241,6085.428065776825
1774684374.686795,job_done,baseline:local_var_topk,76,126,0,60.317460317460316,4003.606278802219,6085.481543779373
1774684670.1798804,job_done,baseline:local_var_topk,77,126,0,61.111111111111114,4060.619954260913,6380.974213838577
1774684679.030995,job_done,baseline:local_var_topk,78,126,0,61.904761904761905,3932.200416271503,6389.825676441193
1774684679.3799577,job_done,baseline:local_var_topk,79,126,0,62.698412698412696,3801.7494955726816,6390.174684047699
1774684679.4455245,job_done,baseline:local_var_topk,80,126,0,63.492063492063494,3674.3881745219232,6390.240303516388
1774684958.440288,job_done,baseline:local_var_topk,81,126,0,64.28571428571429,3705.130551258723,6669.234992265701
1774684975.7574549,job_done,baseline:local_var_topk,82,126,0,65.07936507936508,3587.906019047993,6686.552126407623
1774684976.049141,job_done,baseline:local_var_topk,83,126,0,65.87301587301587,3464.2685085779212,6686.843865394592
1774684976.5487466,job_done,baseline:local_var_topk,84,126,0,66.66666666666667,3343.6717171669006,6687.343434333801
1774685246.1522002,job_done,baseline:local_var_topk,85,126,0,67.46031746031746,3355.703789570752,6956.946880817413
1774685277.200672,job_done,baseline:local_var_topk,86,126,0,68.25396825396825,3250.2303195554155,6987.995187044144
1774685277.5546627,job_done,baseline:local_var_topk,87,126,0,69.04761904761905,3132.7083383839704,6988.349370241165
1774685279.1580074,job_done,baseline:local_var_topk,88,126,0,69.84126984126983,3018.3886636007915,6989.952694654465
1774685512.9138887,job_done,baseline:local_var_topk,89,126,0,70.63492063492063,3003.1147293830186,7223.708403110504
1774685571.5555084,job_done,baseline:local_var_topk,90,126,0,71.42857142857143,2912.940047359467,7282.350118398666
1774685575.264967,job_done,baseline:local_var_topk,91,126,0,72.22222222222223,2802.330547112685,7286.059422492981
1774685575.3302834,job_done,baseline:local_var_topk,92,126,0,73.01587301587301,2692.6983289459477,7286.124890089035
1774685779.3035436,job_done,baseline:local_var_topk,93,126,0,73.80952380952381,2657.776733636856,7490.098067522049
1774685873.2286594,job_done,baseline:local_var_topk,94,126,0,74.60317460317461,2581.7951725087264,7584.023319244385
1774685877.1058154,job_done,baseline:local_var_topk,95,126,0,75.39682539682539,2476.051727264806,7587.900454521179
1774685878.116623,job_done,baseline:local_var_topk,96,126,0,76.19047619047619,2371.5347869694233,7588.9113183021545
1774686039.0732818,job_done,baseline:local_var_topk,97,126,0,76.98412698412699,2316.9708189251496,7749.867911577225
1774686164.7083814,job_done,baseline:local_var_topk,98,126,0,77.77777777777777,2250.143639087677,7875.5027368068695
1774686169.895525,job_done,baseline:local_var_topk,99,126,0,78.57142857142857,2149.279128443111,7880.690137624741
1774686171.502684,job_done,baseline:local_var_topk,100,126,0,79.36507936507937,2049.397305836678,7882.2973301410675
1774686316.8129387,job_done,baseline:local_var_topk,101,126,0,80.15873015873017,1987.0315658574057,8027.607526063919
1774686456.4170804,job_done,baseline:local_var_topk,102,126,0,80.95238095238095,1921.6968695696662,8167.2116956710815
1774686465.7729902,job_done,baseline:local_var_topk,103,126,0,81.74603174603175,1825.8354886619788,8176.567623138428
1774686466.844261,job_done,baseline:local_var_topk,104,126,0,82.53968253968254,1729.8851439127554,8177.638862133026
1774686603.0376256,job_done,baseline:local_var_topk,105,126,0,83.33333333333333,1662.7664481639863,8313.832240819931
1774686746.5622604,job_done,baseline:local_var_topk,106,126,0,84.12698412698413,1595.7277200806814,8457.356916427612
1774686758.628069,job_done,baseline:local_var_topk,107,126,0,84.92063492063492,1503.9161649507898,8469.42261314392
1774686759.311206,job_done,baseline:local_var_topk,108,126,0,85.71428571428571,1411.6843068202338,8470.105840921402
1774686899.9604285,job_done,baseline:local_var_topk,109,126,0,86.5079365079365,1342.9617893433353,8610.755002260208
1774687044.9078221,job_done,baseline:local_var_topk,110,126,0,87.3015873015873,1273.5567308599298,8755.702524662018
1774687059.0990567,job_done,baseline:local_var_topk,111,126,0,88.0952380952381,1185.120770093557,8769.893698692322
1774687059.185134,job_done,baseline:local_var_topk,112,126,0,88.88888888888889,1096.247473448515,8769.97978758812
1774687192.9584584,job_done,baseline:local_var_topk,113,126,0,89.68253968253968,1024.3255678826729,8903.753013134003
1774687329.8802772,job_done,baseline:local_var_topk,114,126,0,90.47619047619048,951.6499780353747,9040.67479133606
1774687350.4724221,job_done,baseline:local_var_topk,115,126,0,91.26984126984127,866.7298882069795,9061.267013072968
1774687350.547227,job_done,baseline:local_var_topk,116,126,0,92.06349206349206,781.1501567117099,9061.341817855835
1774687480.7796445,job_done,baseline:local_var_topk,117,126,0,92.85714285714286,707.0441660697643,9191.574158906937
1774687618.871238,job_done,baseline:local_var_topk,118,126,0,93.65079365079364,632.5197214514523,9329.66589140892
1774687642.920732,job_done,baseline:local_var_topk,119,126,0,94.44444444444444,550.2185134747449,9353.714729070663
1774687642.9961417,job_done,baseline:local_var_topk,120,126,0,95.23809523809524,467.6895430803299,9353.790861606598
1774687765.2845883,job_done,baseline:local_var_topk,121,126,0,96.03174603174604,391.5735188397494,9476.079155921936
1774687893.8453724,job_done,baseline:local_var_topk,122,126,0,96.82539682539682,314.90623020734944,9604.640021324158
1774687923.2387993,job_done,baseline:local_var_topk,123,126,0,97.61904761904762,234.97642693868497,9634.033504486084
1774687923.7511623,job_done,baseline:local_var_topk,124,126,0,98.41269841269842,155.3959012839102,9634.545879602432
1774687990.2022166,job_done,baseline:local_var_topk,125,126,0,99.2063492063492,77.60797498512268,9700.996873140335
1774688054.561717,job_done,baseline:local_var_topk,126,126,0,100.0,,9765.3563747406
1774688054.578108,group_end,baseline:local_var_topk,126,126,0,100.0,,9765.372693300247
1774688054.5784795,phase_end,,126,126,0,100.0,,9765.373175144196
1774688054.5812874,lock_released,,126,126,0,100.0,,9765.373601198196
1774688054.5901766,method_done,,126,126,0,100.0,,9765.384887456894
1774688054.590545,method_start,,126,126,0,100.0,,9765.385255813599
1774688054.5910034,lock_wait,,126,126,0,100.0,,9765.385722875595
1774688054.591398,lock_acquired,,126,126,0,100.0,,9765.386112213135
1774688054.591757,lock_released,,126,126,0,100.0,,9765.386481285095
1774688054.5931764,lock_wait,,126,126,0,100.0,,9765.387884378433
1774688054.593569,lock_acquired,,126,126,0,100.0,,9765.38828420639
1774688054.5939138,plan_add,,126,150,0,84.0,1860.0740255628314,9765.388634204865
1774688054.5942752,phase_start,cagrad:coord:train.lr,126,150,0,84.0,1860.0740909122285,9765.3889772892
1774688439.871167,group_slots,cagrad:coord:train.lr,126,150,0,84.0,1933.4601604370844,10150.665842294693
1774688439.8714092,group_start,cagrad:coord:train.lr,126,150,0,84.0,1933.4602287837438,10150.666201114655
1774689479.4061913,job_done,cagrad:coord:train.lr,127,150,0,84.66666666666667,2026.5717572227238,11190.200572490692
1774689489.9791589,job_done,cagrad:coord:train.lr,128,150,0,85.33333333333333,1925.1329800561073,11200.773702144623
1774689492.287515,job_done,cagrad:coord:train.lr,129,150,0,86.0,1823.757556349732,11203.08213186264
1774689493.425219,job_done,cagrad:coord:train.lr,130,150,0,86.66666666666667,1723.7261339701138,11204.21987080574
1774690475.4217186,job_done,cagrad:coord:train.lr,131,150,0,87.33333333333333,1767.466498536918,12186.216384649277
1774690508.7497683,job_done,cagrad:coord:train.lr,132,150,0,88.0,1666.301504666155,12219.544367551804
1774690514.1937253,job_done,cagrad:coord:train.lr,133,150,0,88.66666666666667,1562.5925053618007,12224.988424301147
1774690517.016378,job_done,cagrad:coord:train.lr,134,150,0,89.33333333333333,1460.037120505945,12227.81088423729
1774691486.867262,job_done,cagrad:coord:train.lr,135,150,0,90.0,1466.4068752394783,13197.661877155304
1774691531.287632,job_done,cagrad:coord:train.lr,136,150,0,90.66666666666667,1363.1555238331064,13242.082231521606
1774691537.2622828,job_done,cagrad:coord:train.lr,137,150,0,91.33333333333333,1257.1147536222081,13248.055480480194
1774691544.1394932,job_done,cagrad:coord:train.lr,138,150,0,92.0,1152.6029677598372,13254.934129238129
1774692493.4949667,job_done,cagrad:coord:train.lr,139,150,0,92.66666666666667,1124.0804731983076,14204.289615869522
1774692556.5220785,job_done,cagrad:coord:train.lr,140,150,0,93.33333333333333,1019.0940526553563,14267.316737174988
1774692563.177168,job_done,cagrad:coord:train.lr,141,150,0,94.0,911.1045856019284,14273.971841096878
1774692566.534718,job_done,cagrad:coord:train.lr,142,150,0,94.66666666666667,804.3558180903045,14277.315771102905
1774693516.8509226,job_done,cagrad:coord:train.lr,143,150,0,95.33333333333333,745.409224326794,15227.645582675934
1774693582.2142088,job_done,cagrad:coord:train.lr,144,150,0,96.0,637.2087038358053,15293.008892059326
1774693599.3432164,job_done,cagrad:coord:train.lr,145,150,0,96.66666666666667,527.9357745811857,15310.137462854385
1774693602.3203893,job_done,cagrad:coord:train.lr,146,150,0,97.33333333333333,419.5373866525415,15313.114612817764
1774694526.0806367,job_done,cagrad:coord:train.lr,147,150,0,98.0,331.3647955388439,16236.87498140335
1774694584.7991767,job_done,cagrad:coord:train.lr,148,150,0,98.66666666666667,220.2107281491563,16295.593883037567
1774694607.061454,job_done,cagrad:coord:train.lr,149,150,0,99.33333333333333,109.5158128002346,16317.856107234955
1774694609.3901322,job_done,cagrad:coord:train.lr,150,150,0,100.0,,16320.18477845192
1774694609.4068208,group_end,cagrad:coord:train.lr,150,150,0,100.0,,16320.201470375061
1774694609.407156,phase_end,,150,150,0,100.0,,16320.201882362366
1774694609.410006,lock_released,,150,150,0,100.0,,16320.202325344086
1774694609.4122233,lock_wait,,150,150,0,100.0,,16320.206921815872
1774694609.4126565,lock_acquired,,150,150,0,100.0,,16320.207365751266
1774694609.4130082,plan_add,,150,174,0,86.20689655172414,2611.233235321045,16320.20772075653
1774694609.4134004,phase_start,cagrad:coord:train.weight_decay,150,174,0,86.20689655172414,2611.2332919692994,16320.20807480812
1774695003.4184883,group_slots,cagrad:coord:train.weight_decay,150,174,0,86.20689655172414,2674.2740504837034,16714.212815523148
1774695003.4188619,group_start,cagrad:coord:train.weight_decay,150,174,0,86.20689655172414,2674.2741709899906,16714.21356868744
1774696023.2951384,job_done,cagrad:coord:train.weight_decay,151,174,0,86.7816091954023,2701.218885098072,17734.089202165604
1774696032.0259235,job_done,cagrad:coord:train.weight_decay,152,174,0,87.35632183908046,2568.0398036743463,17742.82046175003
1774696034.1537433,job_done,cagrad:coord:train.weight_decay,153,174,0,87.93103448275862,2435.5811378581852,17744.948290109634
1774696034.9090643,job_done,cagrad:coord:train.weight_decay,154,174,0,88.50574712643679,2304.6368429877543,17745.703691005707
1774697034.023778,job_done,cagrad:coord:train.weight_decay,155,174,0,89.08045977011494,2297.75193388539,18744.81840801239
1774697059.4351466,job_done,cagrad:coord:train.weight_decay,156,174,0,89.65517241379311,2165.7957363587157,18770.22971510887
1774697065.648317,job_done,cagrad:coord:train.weight_decay,157,174,0,90.22988505747126,2033.1180276992216,18776.44296169281
1774697067.1475468,job_done,cagrad:coord:train.weight_decay,158,174,0,90.80459770114942,1901.5637503515318,18777.942034721375
1774698035.2154531,job_done,cagrad:coord:train.weight_decay,159,174,0,91.37931034482759,1862.8310959744003,19746.009617328644
1774698098.7838051,job_done,cagrad:coord:train.weight_decay,160,174,0,91.95402298850574,1733.3380967438222,19809.578248500824
1774698100.6181338,job_done,cagrad:coord:train.weight_decay,161,174,0,92.52873563218391,1599.6792934725745,19811.412788391113
1774698101.3511896,job_done,cagrad:coord:train.weight_decay,162,174,0,93.10344827586206,1467.5663429013007,19812.145629167557
1774699042.4982226,job_done,cagrad:coord:train.weight_decay,163,174,0,93.67816091954023,1400.528935106254,20753.292402029037
1774699124.5052862,job_done,cagrad:coord:train.weight_decay,164,174,0,94.25287356321839,1270.4451202619366,20835.29997229576
1774699127.634172,job_done,cagrad:coord:train.weight_decay,165,174,0,94.82758620689656,1136.6415746342052,20838.428868293762
1774699128.5848684,job_done,cagrad:coord:train.weight_decay,166,174,0,95.40229885057471,1004.3074498463827,20839.37958431244
1774700056.5625715,job_done,cagrad:coord:train.weight_decay,167,174,0,95.97701149425288,912.4041921592758,21767.357155799866
1774700150.9920497,job_done,cagrad:coord:train.weight_decay,168,174,0,96.55172413793103,780.7780983107431,21861.786752700806
1774700161.5514016,job_done,cagrad:coord:train.weight_decay,169,174,0,97.1264367816092,647.1108268774473,21872.345948457718
1774700164.6128325,job_done,cagrad:coord:train.weight_decay,170,174,0,97.70114942528735,514.7154716772192,21875.407546281815
1774701060.1398745,job_done,cagrad:coord:train.weight_decay,171,174,0,98.27586206896552,399.4900657294089,22770.93374657631
1774701140.1725843,job_done,cagrad:coord:train.weight_decay,172,174,0,98.85057471264368,265.70892212002775,22850.967302322388
1774701154.5822866,job_done,cagrad:coord:train.weight_decay,173,174,0,99.42528735632185,132.1698090409957,22865.376964092255
1774701159.4422772,job_done,cagrad:coord:train.weight_decay,174,174,0,100.0,,22870.22347855568
1774701159.4591873,group_end,cagrad:coord:train.weight_decay,174,174,0,100.0,,22870.253772497177
1774701159.459569,phase_end,,174,174,0,100.0,,22870.254274606705
1774701159.4599705,lock_released,,174,174,0,100.0,,22870.254685163498
1774701159.4623015,lock_wait,,174,174,0,100.0,,22870.256992816925
1774701159.4627469,lock_acquired,,174,174,0,100.0,,22870.25745368004
1774701159.4630973,plan_add,,174,198,0,87.87878787878788,3154.518319129944,22870.257813692093
1774701159.4634693,phase_start,cagrad:coord:train.grad_clip,174,198,0,87.87878787878788,3154.518367635793,22870.258165359497
1774701541.2058275,group_slots,cagrad:coord:train.grad_clip,174,198,0,87.87878787878788,3207.172467494833,23252.00038933754
1774701541.2062154,group_start,cagrad:coord:train.grad_clip,174,198,0,87.87878787878788,3207.172539250604,23252.00090956688
1774702568.779353,job_done,cagrad:coord:train.grad_clip,175,198,0,88.38383838383838,3191.0296400288175,24279.57334804535
1774702583.6690335,job_done,cagrad:coord:train.grad_clip,176,198,0,88.88888888888889,3036.807904303074,24294.46323442459
1774702590.5901415,job_done,cagrad:coord:train.grad_clip,177,198,0,89.39393939393939,2883.215137667575,24301.38473176956
1774702592.2129753,job_done,cagrad:coord:train.grad_clip,178,198,0,89.8989898989899,2730.675008270178,24303.007573604584
1774703559.8993347,job_done,cagrad:coord:train.grad_clip,179,198,0,90.4040404040404,2682.3641303970826,25270.69364953041
1774703592.551167,job_done,cagrad:coord:train.grad_clip,180,198,0,90.9090909090909,2530.3345860242844,25303.345860242844
1774703592.5656266,job_done,cagrad:coord:train.grad_clip,181,198,0,91.41414141414141,2376.5574066520394,25303.346506118774
1774703704.4056253,job_done,cagrad:coord:train.grad_clip,182,198,0,91.91919191919192,2234.3033238924468,25415.20030927658
1774704586.4310274,job_done,cagrad:coord:train.grad_clip,183,198,0,92.42424242424242,2155.510285076548,26297.225477933884
1774704620.1959362,job_done,cagrad:coord:train.grad_clip,184,198,0,92.92929292929293,2003.444934733536,26330.990570783615
1774704621.2098024,job_done,cagrad:coord:train.grad_clip,185,198,0,93.43434343434343,1850.357072112367,26332.004487752914
1774704730.6600401,job_done,cagrad:coord:train.grad_clip,186,198,0,93.93939393939394,1705.900303563764,26441.454705238342
1774705591.4967666,job_done,cagrad:coord:train.grad_clip,187,198,0,94.44444444444444,1606.017143501955,27302.291439533234
1774705642.7731848,job_done,cagrad:coord:train.grad_clip,188,198,0,94.94949494949495,1454.9769951815301,27353.567509412766
1774705648.1277127,job_done,cagrad:coord:train.grad_clip,189,198,0,95.45454545454545,1302.805806750343,27358.921941757202
1774705739.8156698,job_done,cagrad:coord:train.grad_clip,190,198,0,95.95959595959596,1155.8151709406,27450.61030983925
1774706604.5938795,job_done,cagrad:coord:train.grad_clip,191,198,0,96.46464646464646,1037.7367545497355,28315.388588428497
1774706649.4615934,job_done,cagrad:coord:train.grad_clip,192,198,0,96.96969696969697,886.2580042555928,28360.25613617897
1774706659.5158763,job_done,cagrad:coord:train.grad_clip,193,198,0,97.47474747474747,734.9821362532482,28370.31045937538
1774706752.1438346,job_done,cagrad:coord:train.grad_clip,194,198,0,97.97979797979798,586.8647006074178,28462.937979459763
1774707606.844256,job_done,cagrad:coord:train.grad_clip,195,198,0,98.48484848484848,451.0403875240913,29317.625189065933
1774707648.7700543,job_done,cagrad:coord:train.grad_clip,196,198,0,98.98989898989899,299.58739221339323,29359.564436912537
1774707661.764692,job_done,cagrad:coord:train.grad_clip,197,198,0,99.4949494949495,149.09928586398283,29372.55931520462
1774707729.1355956,job_done,cagrad:coord:train.grad_clip,198,198,0,100.0,,29439.930238246918
1774707729.1517286,group_end,cagrad:coord:train.grad_clip,198,198,0,100.0,,29439.946295261383
1774707729.1520884,phase_end,,198,198,0,100.0,,29439.946803808212
1774707729.1549046,lock_released,,198,198,0,100.0,,29439.947215795517
1774707729.1572227,lock_wait,,198,198,0,100.0,,29439.95190501213
1774707729.1577132,lock_acquired,,198,198,0,100.0,,29439.952405691147
1774707729.1580725,plan_add,,198,222,0,89.1891891891892,3568.4791250517874,29439.952781677246
1774707729.1584466,phase_start,cagrad:coord:method.baseline_cagrad.c,198,222,0,89.1891891891892,3568.479168660713,29439.953141450882
1774708115.772804,group_slots,cagrad:coord:method.baseline_cagrad.c,198,222,0,89.1891891891892,3615.341496438691,29826.5673456192
1774708115.7731688,group_start,cagrad:coord:method.baseline_cagrad.c,198,222,0,89.1891891891892,3615.34156146194,29826.567882061005
1774709126.5380874,job_done,cagrad:coord:method.baseline_cagrad.c,199,222,0,89.63963963963964,3564.1137898315737,30837.332355499268
1774709136.865378,job_done,cagrad:coord:method.baseline_cagrad.c,200,222,0,90.09009009009009,3393.24259418726,30847.659947156906
1774709138.8921475,job_done,cagrad:coord:method.baseline_cagrad.c,201,222,0,90.54054054054055,3223.1016078884923,30849.686818361282
1774709139.9021397,job_done,cagrad:coord:method.baseline_cagrad.c,202,222,0,90.990990990991,3054.5244113997655,30850.696555137634
1774710142.5281801,job_done,cagrad:coord:method.baseline_cagrad.c,203,222,0,91.44144144144144,2981.3454905202234,31853.322872400284
1774710168.055591,job_done,cagrad:coord:method.baseline_cagrad.c,204,222,0,91.89189189189189,2812.8397323384006,31878.850299835205
1774710176.4303105,job_done,cagrad:coord:method.baseline_cagrad.c,205,222,0,92.34234234234235,2644.306465107057,31887.22502040863
1774710180.494372,job_done,cagrad:coord:method.baseline_cagrad.c,206,222,0,92.7927927927928,2476.993317835539,31891.28896713257
1774711154.9184458,job_done,cagrad:coord:method.baseline_cagrad.c,207,222,0,93.24324324324324,2381.57340735629,32865.7130215168
1774711176.8680735,job_done,cagrad:coord:method.baseline_cagrad.c,208,222,0,93.69369369369369,2213.5926447533643,32887.662150621414
1774711179.242706,job_done,cagrad:coord:method.baseline_cagrad.c,209,222,0,94.14414414414415,2045.7918009199025,32890.0374147892
1774711455.4038174,job_done,cagrad:coord:method.baseline_cagrad.c,210,222,0,94.5945945945946,1895.2113357952665,33166.19837641716
1774712175.344988,job_done,cagrad:coord:method.baseline_cagrad.c,211,222,0,95.04504504504504,1766.5759946136113,33886.13953304291
1774712196.6549008,job_done,cagrad:coord:method.baseline_cagrad.c,212,222,0,95.49549549549549,1599.4079637752388,33907.448832035065
1774712203.15794,job_done,cagrad:coord:method.baseline_cagrad.c,213,222,0,95.94594594594595,1432.9838891432319,33913.95204305649
1774712461.4642055,job_done,cagrad:coord:method.baseline_cagrad.c,214,222,0,96.3963963963964,1277.4676182114074,34172.25878715515
1774713180.1850348,job_done,cagrad:coord:method.baseline_cagrad.c,215,222,0,96.84684684684684,1135.9853862751363,34890.979721307755
1774713210.30708,job_done,cagrad:coord:method.baseline_cagrad.c,216,222,0,97.29729729729729,970.0306007862092,34921.10162830353
1774713215.2642343,job_done,cagrad:coord:method.baseline_cagrad.c,217,222,0,97.74774774774775,804.7479005123613,34926.05888223648
1774713475.8547187,job_done,cagrad:coord:method.baseline_cagrad.c,218,222,0,98.1981981981982,645.6265945478317,35186.64940285683
1774714186.8221638,job_done,cagrad:coord:method.baseline_cagrad.c,219,222,0,98.64864864864865,491.74817428196945,35897.61672258377
1774714218.9627323,job_done,cagrad:coord:method.baseline_cagrad.c,220,222,0,99.09909909909909,326.6341480970383,35929.75629067421
1774714222.4867206,job_done,cagrad:coord:method.baseline_cagrad.c,221,222,0,99.54954954954955,162.5940335962028,35933.28142476082
1774714394.2154443,job_done,cagrad:coord:method.baseline_cagrad.c,222,222,0,100.0,,36105.0101416111
1774714394.2317379,group_end,cagrad:coord:method.baseline_cagrad.c,222,222,0,100.0,,36105.02631163597
1774714394.2321036,phase_end,,222,222,0,100.0,,36105.02681231499
1774714394.2349503,lock_released,,222,222,0,100.0,,36105.02722668648
1774714394.2373514,lock_wait,,222,222,0,100.0,,36105.03201365471
1774714394.2377858,lock_acquired,,222,222,0,100.0,,36105.032490730286
1774714394.2381458,plan_add,,222,246,0,90.2439024390244,3903.2467949841475,36105.03285360336
1774714394.2385259,phase_start,cagrad:coord:method.baseline_cagrad.inner_lr,222,246,0,90.2439024390244,3903.246834187894,36105.03321623802
1774714782.2534058,group_slots,cagrad:coord:method.baseline_cagrad.inner_lr,222,246,0,90.2439024390244,3945.194373517423,36493.04795503616
1774714782.2537723,group_start,cagrad:coord:method.baseline_cagrad.inner_lr,222,246,0,90.2439024390244,3945.194430634782,36493.048483371735
1774715789.913428,job_done,cagrad:coord:method.baseline_cagrad.inner_lr,223,246,0,90.65040650406505,3867.7860134738444,37500.70786976814
1774715810.8786902,job_done,cagrad:coord:method.baseline_cagrad.inner_lr,224,246,0,91.0569105691057,3685.1643454560212,37521.673335552216
1774715816.1359956,job_done,cagrad:coord:method.baseline_cagrad.inner_lr,225,246,0,91.46341463414635,3502.5133740139004,37526.929007291794
1774715817.4693618,job_done,cagrad:coord:method.baseline_cagrad.inner_lr,226,246,0,91.869918699187,3321.0852966266393,37528.26385188103
1774716789.9316611,job_done,cagrad:coord:method.baseline_cagrad.inner_lr,227,246,0,92.27642276422765,3222.5277418848705,38500.72617936134
1774716822.3418553,job_done,cagrad:coord:method.baseline_cagrad.inner_lr,228,246,0,92.6829268292683,3042.089719835081,38533.136451244354
1774716835.3822396,job_done,cagrad:coord:method.baseline_cagrad.inner_lr,229,246,0,93.08943089430895,2861.506564036207,38546.17665672302
1774716837.9240592,job_done,cagrad:coord:method.baseline_cagrad.inner_lr,230,246,0,93.4959349593496,2681.650000447812,38548.7187564373
1774717783.3825786,job_done,cagrad:coord:method.baseline_cagrad.inner_lr,231,246,0,93.90243902439025,2564.5569604248194,39494.17719054222
1774717815.7077594,job_done,cagrad:coord:method.baseline_cagrad.inner_lr,232,246,0,94.3089430894309,2385.2199491879037,39526.50201511383
1774717828.8550181,job_done,cagrad:coord:method.baseline_cagrad.inner_lr,233,246,0,94.71544715447155,2206.0748698956977,39539.649591207504
1774717837.8275898,job_done,cagrad:coord:method.baseline_cagrad.inner_lr,234,246,0,95.1219512195122,2028.1337770559849,39548.608652591705
1774718801.2040174,job_done,cagrad:coord:method.baseline_cagrad.inner_lr,235,246,0,95.52845528455285,1896.3063115546042,40511.998474121094
1774718830.6072638,job_done,cagrad:coord:method.baseline_cagrad.inner_lr,236,246,0,95.9349593495935,1717.856000894207,40541.40162110329
1774718846.1628382,job_done,cagrad:coord:method.baseline_cagrad.inner_lr,237,246,0,96.34146341463415,1540.1376249790192,40556.95745778084
1774718857.980648,job_done,cagrad:coord:method.baseline_cagrad.inner_lr,238,246,0,96.7479674796748,1363.6563062507564,40568.77511096001
1774719796.852987,job_done,cagrad:coord:method.baseline_cagrad.inner_lr,239,246,0,97.15447154471545,1215.7051618627922,41507.64766931534
1774719828.7674532,job_done,cagrad:coord:method.baseline_cagrad.inner_lr,240,246,0,97.5609756097561,1038.4890422046185,41539.56168818474
1774719848.9485104,job_done,cagrad:coord:method.baseline_cagrad.inner_lr,241,246,0,97.96747967479675,862.2353296111728,41559.74288725853
1774719854.403042,job_done,cagrad:coord:method.baseline_cagrad.inner_lr,242,246,0,98.3739837398374,687.0280608342699,41565.19768047333
1774720822.9937692,job_done,cagrad:coord:method.baseline_cagrad.inner_lr,243,246,0,98.78048780487805,525.108494705624,42533.78807115555
1774720845.0235734,job_done,cagrad:coord:method.baseline_cagrad.inner_lr,244,246,0,99.1869918699187,348.8181822495382,42555.818234443665
1774720875.1546981,job_done,cagrad:coord:method.baseline_cagrad.inner_lr,245,246,0,99.59349593495935,173.82020143586763,42585.94935178757
1774720879.9507017,job_done,cagrad:coord:method.baseline_cagrad.inner_lr,246,246,0,100.0,,42590.74530029297
1774720879.9674714,group_end,cagrad:coord:method.baseline_cagrad.inner_lr,246,246,0,100.0,,42590.76197433472
1774720879.9678836,phase_end,,246,246,0,100.0,,42590.76255559921
1774720879.9683545,lock_released,,246,246,0,100.0,,42590.76302289963
1774720879.9724557,lock_wait,,246,246,0,100.0,,42590.766981601715
1774720879.972953,lock_acquired,,246,246,0,100.0,,42590.76761865616
1774720879.9733615,plan_add,,246,300,0,82.0,9349.192983540093,42590.76803612709
1774720879.973762,phase_start,cagrad:local_var_topk,246,300,0,82.0,9349.193073034286,42590.76844382286
1774721263.1407444,group_slots,cagrad:local_var_topk,246,300,0,82.0,9433.302872326316,42973.93530726433
1774721263.1411173,group_start,cagrad:local_var_topk,246,300,0,82.0,9433.302986051978,42973.9358253479
1774722257.6459079,job_done,cagrad:local_var_topk,247,300,0,82.33333333333333,9434.523657459962,43968.44044137001
1774722278.3357623,job_done,cagrad:local_var_topk,248,300,0,82.66666666666667,9223.527333474929,43989.13035964966
1774722280.311145,job_done,cagrad:local_var_topk,249,300,0,83.0,9010.22646652934,43991.105689525604
1774722282.1662264,job_done,cagrad:local_var_topk,250,300,0,83.33333333333333,8798.59213938713,43992.960696935654
1774723264.4252481,job_done,cagrad:local_var_topk,251,300,0,83.66666666666667,8780.02299512715,44975.21983218193
1774723302.2469878,job_done,cagrad:local_var_topk,252,300,0,84.0,8573.9126934324,45013.041640520096
1774723303.4787076,job_done,cagrad:local_var_topk,253,300,0,84.33333333333333,8362.335261065027,45014.27278828621
1774723308.3067505,job_done,cagrad:local_var_topk,254,300,0,84.66666666666667,8153.065616016313,45019.10144495964
1774724261.1193378,job_done,cagrad:local_var_topk,255,300,0,85.0,8112.690710474463,45971.91402602196
1774724305.0959916,job_done,cagrad:local_var_topk,256,300,0,85.33333333333333,7908.981214776635,46015.89070415497
1774724316.898047,job_done,cagrad:local_var_topk,257,300,0,85.66666666666667,7701.131468953789,46027.69273304939
1774724318.8333678,job_done,cagrad:local_var_topk,258,300,0,86.0,7493.195251159889,46029.62797141075
1774725280.2544127,job_done,cagrad:local_var_topk,259,300,0,86.33333333333333,7438.737500643639,46991.04908943176
1774725319.2942598,job_done,cagrad:local_var_topk,260,300,0,86.66666666666667,7235.398271780748,47030.08876657486
1774725343.8428912,job_done,cagrad:local_var_topk,261,300,0,87.0,7031.152735307298,47054.63753628731
1774725346.1727812,job_done,cagrad:local_var_topk,262,300,0,87.33333333333333,6825.05632010125,47056.96725964546
1774726278.957201,job_done,cagrad:local_var_topk,263,300,0,87.66666666666667,6751.409963950458,47989.75190591812
1774726309.7754276,job_done,cagrad:local_var_topk,264,300,0,88.0,6548.259556531906,48020.57008123398
1774726341.3795512,job_done,cagrad:local_var_topk,265,300,0,88.33333333333333,6346.5135525892365,48052.17404103279
1774726347.447233,job_done,cagrad:local_var_topk,266,300,0,88.66666666666667,6142.782771725404,48058.24168467522
1774727292.559245,job_done,cagrad:local_var_topk,267,300,0,89.0,6056.594271772363,49003.35365343094
1774727326.0846794,job_done,cagrad:local_var_topk,268,300,0,89.33333333333333,5855.149725899768,49036.87895441055
1774727371.341211,job_done,cagrad:local_var_topk,269,300,0,89.66666666666667,5656.305608587194,49082.135764837265
1774727379.5374312,job_done,cagrad:local_var_topk,270,300,0,90.0,5454.481305413776,49090.331748723984
1774728288.00658,job_done,cagrad:local_var_topk,271,300,0,90.33333333333333,5350.42522147133,49998.80120754242
1774728313.56152,job_done,cagrad:local_var_topk,272,300,0,90.66666666666667,5149.565985016963,50024.35528302193
1774728368.2571945,job_done,cagrad:local_var_topk,273,300,0,91.0,4952.873258601178,50079.05183696747
1774728374.6114104,job_done,cagrad:local_var_topk,274,300,0,91.33333333333333,4752.6297734044765,50085.40607357025
1774729307.1758354,job_done,cagrad:local_var_topk,275,300,0,91.66666666666667,4637.997312372381,51017.97043609619
1774729329.8473198,job_done,cagrad:local_var_topk,276,300,0,92.0,4438.31669372061,51040.64197778702
1774729387.5420215,job_done,cagrad:local_var_topk,277,300,0,92.33333333333333,4242.822166293106,51098.33652448654
1774729389.4214382,job_done,cagrad:local_var_topk,278,300,0,92.66666666666667,4043.901996466753,51100.21613717079
1774730296.05895,job_done,cagrad:local_var_topk,279,300,0,93.0,3914.494257411649,52006.85227704048
1774730319.7434251,job_done,cagrad:local_var_topk,280,300,0,93.33333333333333,3716.467005116599,52030.538071632385
1774730385.709868,job_done,cagrad:local_var_topk,281,300,0,93.66666666666667,3522.5393928140934,52096.50365161896
1774730386.7904825,job_done,cagrad:local_var_topk,282,300,0,94.0,3325.37776640121,52097.585006952286
1774731306.9367077,job_done,cagrad:local_var_topk,283,300,0,94.33333333333333,3184.810722447958,53017.73143839836
1774731328.5194407,job_done,cagrad:local_var_topk,284,300,0,94.66666666666667,2988.1303718325116,53039.314100027084
1774731400.4339852,job_done,cagrad:local_var_topk,285,300,0,95.0,2795.327818330966,53111.228548288345
1774731408.7385669,job_done,cagrad:local_var_topk,286,300,0,95.33333333333333,2600.2568717986555,53119.53323817253
1774732302.8376029,job_done,cagrad:local_var_topk,287,300,0,95.66666666666667,2446.610497877573,54013.63176083565
1774732335.7416062,job_done,cagrad:local_var_topk,288,300,0,96.0,2251.939009040594,54046.53621697426
1774732399.4838376,job_done,cagrad:local_var_topk,289,300,0,96.33333333333333,2059.5607598380648,54110.278144836426
1774732406.3735006,job_done,cagrad:local_var_topk,290,300,0,96.66666666666667,1866.1092289809524,54117.16764044762
1774733317.1682894,job_done,cagrad:local_var_topk,291,300,0,97.0,1701.8957604255875,55027.96292042732
1774733356.0402105,job_done,cagrad:local_var_topk,292,300,0,97.33333333333333,1508.680386164417,55066.83409500122
1774733414.5475178,job_done,cagrad:local_var_topk,293,300,0,97.66666666666667,1316.987697891001,55125.34221172333
1774733427.87574,job_done,cagrad:local_var_topk,294,300,0,98.0,1125.2789818510716,55138.670110702515
1774734307.7090583,job_done,cagrad:local_var_topk,295,300,0,98.33333333333333,949.4661620431027,56018.50356054306
1774734356.829987,job_done,cagrad:local_var_topk,296,300,0,98.66666666666667,757.6706038101299,56067.624681949615
1774734420.440205,job_done,cagrad:local_var_topk,297,300,0,99.0,566.9821649994514,56131.23433494568
1774734431.9999676,job_done,cagrad:local_var_topk,298,300,0,99.33333333333333,376.79727955632563,56142.79465389252
1774735114.2524881,job_done,cagrad:local_var_topk,299,300,0,99.66666666666667,190.0503249224213,56825.04715180397
1774735149.4477878,job_done,cagrad:local_var_topk,300,300,0,100.0,,56860.24239897728
1774735149.464945,group_end,cagrad:local_var_topk,300,300,0,100.0,,56860.25949573517
1774735149.4653327,phase_end,,300,300,0,100.0,,56860.26002240181
1774735149.4657729,lock_released,,300,300,0,100.0,,56860.26046252251
1774735149.478031,method_done,,300,300,0,100.0,,56860.272750377655
1774735149.478411,method_start,,300,300,0,100.0,,56860.273109436035
1774735149.4788928,lock_wait,,300,300,0,100.0,,56860.27358698845
1774735149.4792964,lock_acquired,,300,300,0,100.0,,56860.27400493622
1774735149.4796834,lock_released,,300,300,0,100.0,,56860.27438902855
1774735149.481127,lock_wait,,300,300,0,100.0,,56860.27582025528
1774735149.481713,lock_acquired,,300,300,0,100.0,,56860.27623319626
1774735149.4820733,plan_add,,300,324,0,92.5925925925926,4548.822141990661,56860.27677488327
1774735149.4824812,phase_start,ours:coord:train.lr,300,324,0,92.5925925925926,4548.8221713256835,56860.277141571045
1774735224.6171732,group_slots,ours:coord:train.lr,300,324,0,92.5925925925926,4554.832945518494,56935.41181898117
1774735224.6174517,group_start,ours:coord:train.lr,300,324,0,92.5925925925926,4554.83297744751,56935.41221809387
1774735530.4528296,job_done,ours:coord:train.lr,301,324,0,92.90123456790124,4373.915913615116,57241.24739122391
1774735530.6592526,job_done,ours:coord:train.lr,302,324,0,93.20987654320987,4169.907238415534,57241.45390915871
1774735531.348195,job_done,ours:coord:train.lr,303,324,0,93.51851851851852,3967.2772281972493,57242.142863988876
1774735531.4624126,job_done,ours:coord:train.lr,304,324,0,93.82716049382717,3765.9379638809905,57242.25705099106
1774735834.1299694,job_done,ours:coord:train.lr,305,324,0,94.1358024691358,3584.765798935343,57544.92466711998
1774735836.2034833,job_done,ours:coord:train.lr,306,324,0,94.44444444444444,3385.117525367176,57546.99793124199
1774735836.328733,job_done,ours:coord:train.lr,307,324,0,94.75308641975309,3186.6485262553933,57547.12338590622
1774735836.523297,job_done,ours:coord:train.lr,308,324,0,95.06172839506173,2989.4710621400313,57547.3179461956
1774736142.0220342,job_done,ours:coord:train.lr,309,324,0,95.37037037037037,2808.3891538971834,57852.81657028198
1774736145.027467,job_done,ours:coord:train.lr,310,324,0,95.67901234567901,2612.843572611963,57855.82196497917
1774736145.8962383,job_done,ours:coord:train.lr,311,324,0,95.98765432098766,2418.4468817450224,57856.690786361694
1774736145.9986475,job_done,ours:coord:train.lr,312,324,0,96.29629629629629,2225.261282774118,57856.793352127075
1774736438.2257097,job_done,ours:coord:train.lr,313,324,0,96.60493827160494,2043.5757935725082,58149.02030801773
1774736447.6772113,job_done,ours:coord:train.lr,314,324,0,96.91358024691358,1852.1801973300373,58158.45819616318
1774736447.9778864,job_done,ours:coord:train.lr,315,324,0,97.22222222222223,1661.679216963904,58158.77259373665
1774736448.5977235,job_done,ours:coord:train.lr,316,324,0,97.53086419753086,1472.3896516546417,58159.39124035835
1774736726.4756494,job_done,ours:coord:train.lr,317,324,0,97.8395061728395,1290.4129075357214,58437.27024126053
1774736747.1560314,job_done,ours:coord:train.lr,318,324,0,98.14814814814815,1102.9801953603637,58457.950354099274
1774736748.6998403,job_done,ours:coord:train.lr,319,324,0,98.45679012345678,916.2930178156467,58459.49453663826
1774736749.0071793,job_done,ours:coord:train.lr,320,324,0,98.76543209876543,730.7475151747465,58459.80121397972
1774736996.2141407,job_done,ours:coord:train.lr,321,324,0,99.07407407407408,548.6636315105118,58707.008571624756
1774737030.690963,job_done,ours:coord:train.lr,322,324,0,99.38271604938272,364.853948110379,58741.48564577103
1774737034.2841992,job_done,ours:coord:train.lr,323,324,0,99.69135802469135,181.87330898338058,58745.07880163193
1774737034.789038,job_done,ours:coord:train.lr,324,324,0,100.0,,58745.58374142647
1774737034.8053563,group_end,ours:coord:train.lr,324,324,0,100.0,,58745.599920749664
1774737034.8057163,phase_end,,324,324,0,100.0,,58745.60043287277
1774737034.806157,lock_released,,324,324,0,100.0,,58745.60086727142
1774737034.8083768,lock_wait,,324,324,0,100.0,,58745.603060007095
1774737034.8088005,lock_acquired,,324,324,0,100.0,,58745.603514671326
1774737034.8091567,plan_add,,324,348,0,93.10344827586206,4351.526212356709,58745.60386681557
1774737034.809528,phase_start,ours:coord:train.weight_decay,324,348,0,93.10344827586206,4351.526238882983,58745.60422492027
1774737112.5796683,group_slots,ours:coord:train.weight_decay,324,348,0,93.10344827586206,4357.28694956391,58823.37381911278
1774737112.5800755,group_start,ours:coord:train.weight_decay,324,348,0,93.10344827586206,4357.287021107144,58823.37478494644
1774737414.3995717,job_done,ours:coord:train.weight_decay,325,348,0,93.39080459770115,4184.2444586255,59125.19343709946
1774737415.7959461,job_done,ours:coord:train.weight_decay,326,348,0,93.67816091954023,3990.1380130718094,59126.59055733681
1774737416.1543102,job_done,ours:coord:train.weight_decay,327,348,0,93.96551724137932,3797.1435042455655,59126.94885182381
1774737416.5708475,job_done,ours:coord:train.weight_decay,328,348,0,94.25287356321839,3605.3271662607426,59127.36552667618
1774737726.7538815,job_done,ours:coord:train.weight_decay,329,348,0,94.54022988505747,3432.5634432701354,59437.54593873024
1774737727.3461602,job_done,ours:coord:train.weight_decay,330,348,0,94.82758620689656,3242.080407350714,59438.14080142975
1774737728.1028733,job_done,ours:coord:train.weight_decay,331,348,0,95.11494252873563,3052.7530467596657,59438.897557497025
1774737728.1986268,job_done,ours:coord:train.weight_decay,332,348,0,95.40229885057471,2864.529803046261,59438.993413209915
1774738037.2530894,job_done,ours:coord:train.weight_decay,333,348,0,95.6896551724138,2691.353502133945,59748.04774737358
1774738037.3322494,job_done,ours:coord:train.weight_decay,334,348,0,95.97701149425288,2504.412510524967,59748.12703680992
1774738037.5058336,job_done,ours:coord:train.weight_decay,335,348,0,96.26436781609195,2318.5907703406774,59748.30062031746
1774738037.5720243,job_done,ours:coord:train.weight_decay,336,348,0,96.55172413793103,2133.8702392748423,59748.36669969559
1774738352.9996967,job_done,ours:coord:train.weight_decay,337,348,0,96.83908045977012,1960.539268408048,60063.79395031929
1774738354.0162735,job_done,ours:coord:train.weight_decay,338,348,0,97.1264367816092,1777.0654130123069,60064.81095981598
1774738354.2236242,job_done,ours:coord:train.weight_decay,339,348,0,97.41379310344827,1594.6465007499257,60065.018194913864
1774738354.5151896,job_done,ours:coord:train.weight_decay,340,348,0,97.70114942528735,1413.3014098728404,60065.30991959572
1774738656.08506,job_done,ours:coord:train.weight_decay,341,348,0,97.98850574712644,1239.202804278768,60366.87946557999
1774738657.7068958,job_done,ours:coord:train.weight_decay,342,348,0,98.27586206896552,1059.096517316082,60368.50148701668
1774738658.117871,job_done,ours:coord:train.weight_decay,343,348,0,98.5632183908046,880.0133024568808,60368.91254854202
1774738658.3248453,job_done,ours:coord:train.weight_decay,344,348,0,98.85057471264368,701.9665064007736,60369.11955046654
1774738955.9149764,job_done,ours:coord:train.weight_decay,345,348,0,99.13793103448276,527.5366049476291,60666.709568977356
1774738957.5196214,job_done,ours:coord:train.weight_decay,346,348,0,99.42528735632185,350.6838977157725,60668.314304828644
1774738958.9759128,job_done,ours:coord:train.weight_decay,347,348,0,99.71264367816092,174.84083743329006,60669.770589351654
1774738959.2088954,job_done,ours:coord:train.weight_decay,348,348,0,100.0,,60670.003672122955
1774738959.2250097,group_end,ours:coord:train.weight_decay,348,348,0,100.0,,60670.0196352005
1774738959.2253816,phase_end,,348,348,0,100.0,,60670.02008008957
1774738959.225822,lock_released,,348,348,0,100.0,,60670.02051496506
1774738959.228083,lock_wait,,348,348,0,100.0,,60670.02277135849
1774738959.2285244,lock_acquired,,348,348,0,100.0,,60670.023220300674
1774738959.2288811,plan_add,,348,372,0,93.54838709677419,4184.139558200179,60670.02359390259
1774738959.2292552,phase_start,ours:coord:train.grad_clip,348,372,0,93.54838709677419,4184.139582880612,60670.023951768875
1774739038.6212492,group_slots,ours:coord:train.grad_clip,348,372,0,93.54838709677419,4189.614890410982,60749.415910959244
1774739038.6215343,group_start,ours:coord:train.grad_clip,348,372,0,93.54838709677419,4189.614918330621,60749.41631579399
1774739351.1799977,job_done,ours:coord:train.grad_clip,349,372,0,93.81720430107526,4024.14158851711,61061.9745388031
1774739351.3618114,job_done,ours:coord:train.grad_clip,350,372,0,94.08602150537635,3838.192689031873,61062.15641641617
1774739351.610555,job_done,ours:coord:train.grad_clip,351,372,0,94.35483870967742,3653.3063013349847,61062.40532231331
1774739351.9508832,job_done,ours:coord:train.grad_clip,352,372,0,94.6236559139785,3469.4741849736733,61062.74565553665
1774739660.1457155,job_done,ours:coord:train.grad_clip,353,372,0,94.89247311827957,3303.2517433193516,61370.94028377533
1774739660.2000306,job_done,ours:coord:train.grad_clip,354,372,0,95.16129032258064,3120.559051739968,61370.99468421936
1774739660.6966686,job_done,ours:coord:train.grad_clip,355,372,0,95.43010752688173,2938.9164911417897,61371.49143266678
1774739660.7968218,job_done,ours:coord:train.grad_clip,356,372,0,95.6989247311828,2758.273759552602,61371.591150045395
1774739972.911222,job_done,ours:coord:train.grad_clip,357,372,0,95.96774193548387,2591.752345952667,61683.70583367348
1774739972.9661186,job_done,ours:coord:train.grad_clip,358,372,0,96.23655913978494,2412.2141119168455,61683.76086187363
1774739973.3806126,job_done,ours:coord:train.grad_clip,359,372,0,96.50537634408602,2233.688791450352,61684.1750869751
1774739973.4571297,job_done,ours:coord:train.grad_clip,360,372,0,96.7741935483871,2056.1417276302973,61684.25182890892
1774740285.3735998,job_done,ours:coord:train.grad_clip,361,372,0,97.04301075268818,1889.0799157011872,61996.168142557144
1774740285.7065735,job_done,ours:coord:train.grad_clip,362,372,0,97.31182795698925,1712.6105308203407,61996.501215696335
1774740285.9785905,job_done,ours:coord:train.grad_clip,363,372,0,97.58064516129032,1537.1100821534462,61996.77331352234
1774740286.3184254,job_done,ours:coord:train.grad_clip,364,372,0,97.84946236559139,1362.5739160212843,61997.11317896843
1774740589.0134008,job_done,ours:coord:train.grad_clip,365,372,0,98.11827956989248,1194.7908397524325,62299.808072805405
1774740590.4295504,job_done,ours:coord:train.grad_clip,366,372,0,98.38709677419355,1021.3315448839156,62301.224237918854
1774740590.8337202,job_done,ours:coord:train.grad_clip,367,372,0,98.65591397849462,848.7960271029772,62301.62838935852
1774740591.112723,job_done,ours:coord:train.grad_clip,368,372,0,98.9247311827957,677.194644479648,62301.90729212761
1774740891.8155024,job_done,ours:coord:train.grad_clip,369,372,0,99.19354838709677,508.96431002965784,62602.61013364792
1774740892.8008473,job_done,ours:coord:train.grad_clip,370,372,0,99.46236559139786,338.39781388334325,62603.5955684185
1774740892.8536654,job_done,ours:coord:train.grad_clip,371,372,0,99.73118279569893,168.74298774649833,62603.64845395088
1774740893.2369683,job_done,ours:coord:train.grad_clip,372,372,0,100.0,,62604.03167819977
1774740893.2535813,group_end,ours:coord:train.grad_clip,372,372,0,100.0,,62604.04815077782
1774740893.2539442,phase_end,,372,372,0,100.0,,62604.04865550995
1774740893.254369,lock_released,,372,372,0,100.0,,62604.04906964302
1774740893.256755,lock_wait,,372,372,0,100.0,,62604.051450014114
1774740893.257188,lock_acquired,,372,372,0,100.0,,62604.05189561844
1774740893.2575731,plan_add,,372,396,0,93.93939393939394,4038.9711134356835,62604.0522582531
1774740893.2579393,phase_start,ours:coord:method.ours.lambda_align,372,396,0,93.93939393939394,4038.9711385388528,62604.05264735222
1774740971.0182655,group_slots,ours:coord:method.ours.lambda_align,372,396,0,93.93939393939394,4043.9879317591267,62681.812942266464
1774740971.0185008,group_start,ours:coord:method.ours.lambda_align,372,396,0,93.93939393939394,4043.9879552933476,62681.81330704689
1774741282.2391624,job_done,ours:coord:method.ours.lambda_align,373,396,0,94.1919191919192,3884.2889433002983,62993.033732652664
1774741283.190717,job_done,ours:coord:method.ours.lambda_align,374,396,0,94.44444444444444,3705.5285420558034,62993.985214948654
1774741283.8917377,job_done,ours:coord:method.ours.lambda_align,375,396,0,94.6969696969697,3527.702437355041,62994.68638134003
1774741283.9480422,job_done,ours:coord:method.ours.lambda_align,376,396,0,94.94949494949495,3350.7841898532624,62994.74276924133
1774741590.4609003,job_done,ours:coord:method.ours.lambda_align,377,396,0,95.20202020202021,3190.248955354134,63301.25558781624
1774741591.6069915,job_done,ours:coord:method.ours.lambda_align,378,396,0,95.45454545454545,3014.400080374309,63302.40168786049
1774741591.6654937,job_done,ours:coord:method.ours.lambda_align,379,396,0,95.70707070707071,2839.4243303546805,63302.460070848465
1774741591.7447083,job_done,ours:coord:method.ours.lambda_align,380,396,0,95.95959595959596,2665.370075697648,63302.53929781914
1774741902.6479607,job_done,ours:coord:method.ours.lambda_align,381,396,0,96.21212121212122,2504.466245456005,63613.44263458252
1774741903.5633469,job_done,ours:coord:method.ours.lambda_align,382,396,0,96.46464646464646,2331.416262830115,63614.358028650284
1774741903.616681,job_done,ours:coord:method.ours.lambda_align,383,396,0,96.71717171717172,2159.235890826108,63614.41124510765
1774741903.709026,job_done,ours:coord:method.ours.lambda_align,384,396,0,96.96969696969697,1987.9532313272357,63614.50340247154
1774742207.8194396,job_done,ours:coord:method.ours.lambda_align,385,396,0,97.22222222222223,1826.246112373897,63918.613933086395
1774742210.2608776,job_done,ours:coord:method.ours.lambda_align,386,396,0,97.47474747474747,1655.98589288756,63921.05546545982
1774742210.531716,job_done,ours:coord:method.ours.lambda_align,387,396,0,97.72727272727273,1486.5424649770869,63921.32599401474
1774742210.9088387,job_done,ours:coord:method.ours.lambda_align,388,396,0,97.97979797979798,1317.973268705545,63921.70353221893
1774742506.2780266,job_done,ours:coord:method.ours.lambda_align,389,396,0,98.23232323232324,1155.5771423293263,64217.072623729706
1774742511.2794123,job_done,ours:coord:method.ours.lambda_align,390,396,0,98.48484848484848,988.0319092163674,64222.07409906387
1774742511.633542,job_done,ours:coord:method.ours.lambda_align,391,396,0,98.73737373737374,821.2586729148464,64222.428221940994
1774742512.3641853,job_done,ours:coord:method.ours.lambda_align,392,396,0,98.98989898989899,655.3383552030641,64223.158809900284
1774742801.387274,job_done,ours:coord:method.ours.lambda_align,393,396,0,99.24242424242425,492.4594040954386,64512.18193650246
1774742814.7048035,job_done,ours:coord:method.ours.lambda_align,394,396,0,99.4949494949495,327.5406055922436,64525.49930167198
1774742814.8500042,job_done,ours:coord:method.ours.lambda_align,395,396,0,99.74747474747475,163.35606170847447,64525.64437484741
1774742815.0781739,job_done,ours:coord:method.ours.lambda_align,396,396,0,100.0,,64525.87277960777
1774742815.094886,group_end,ours:coord:method.ours.lambda_align,396,396,0,100.0,,64525.88948941231
1774742815.0952559,phase_end,,396,396,0,100.0,,64525.88996005058
1774742815.0956984,lock_released,,396,396,0,100.0,,64525.89039635658
1774742815.0993729,lock_wait,,396,396,0,100.0,,64525.89404153824
1774742815.0998092,lock_acquired,,396,396,0,100.0,,64525.89451575279
1774742815.1001713,plan_add,,396,450,0,88.0,8798.985665722326,64525.89488196373
1774742815.1005492,phase_start,ours:local_var_topk,396,450,0,88.0,8798.98571465232,64525.89524078369
1774742893.4311538,group_slots,ours:local_var_topk,396,450,0,88.0,8809.667065338655,64604.2251458168
1774742893.4316103,group_start,ours:local_var_topk,396,450,0,88.0,8809.667224710638,64604.22631454468
1774743200.3472047,job_done,ours:local_var_topk,397,450,0,88.22222222222223,8665.719167812045,64911.14169096947
1774743201.5939672,job_done,ours:local_var_topk,398,450,0,88.44444444444444,8481.015598829068,64912.3886218071
1774743202.4183118,job_done,ours:local_var_topk,399,450,0,88.66666666666667,8297.177595385932,64913.21295213699
1774743202.4722056,job_done,ours:local_var_topk,400,450,0,88.88888888888889,8114.158344864845,64913.26675891876
1774743512.1982706,job_done,ours:local_var_topk,401,450,0,89.11111111111111,7969.891899174882,65222.99288916588
1774743513.0089443,job_done,ours:local_var_topk,402,450,0,89.33333333333333,7787.916846147224,65223.803586483
1774743514.2219806,job_done,ours:local_var_topk,403,450,0,89.55555555555556,7606.887799499053,65225.01666378975
1774743514.3601546,job_done,ours:local_var_topk,404,450,0,89.77777777777777,7426.62653146876,65225.15475463867
1774743812.3591318,job_done,ours:local_var_topk,405,450,0,90.0,7280.350417428547,65523.15375685692
1774743815.113312,job_done,ours:local_var_topk,406,450,0,90.22222222222223,7101.3299228170235,65525.90792417526
1774743816.1202965,job_done,ours:local_var_topk,407,450,0,90.44444444444444,6922.991008367234,65526.91489315033
1774743816.1725147,job_done,ours:local_var_topk,408,450,0,90.66666666666667,6745.423090489471,65526.96716475487
1774744108.508145,job_done,ours:local_var_topk,409,450,0,90.88888888888889,6598.022875616195,65819.3013689518
1774744115.5098207,job_done,ours:local_var_topk,410,450,0,91.11111111111111,6422.078486186702,65826.3044834137
1774744116.5208058,job_done,ours:local_var_topk,411,450,0,91.33333333333333,6246.387601445191,65827.31549215317
1774744116.7275255,job_done,ours:local_var_topk,412,450,0,91.55555555555556,6071.470499110454,65827.52225351334
1774744393.1407642,job_done,ours:local_var_topk,413,450,0,91.77777777777777,5922.144309905193,66103.9351348877
1774744409.2983167,job_done,ours:local_var_topk,414,450,0,92.0,5749.573304487311,66120.09300160408
1774744410.4923007,job_done,ours:local_var_topk,415,450,0,92.22222222222223,5576.494082743863,66121.2869811058
1774744410.811307,job_done,ours:local_var_topk,416,450,0,92.44444444444444,5404.169723663193,66121.60603070259
1774744675.153055,job_done,ours:local_var_topk,417,450,0,92.66666666666667,5253.564205288029,66385.94768500328
1774744707.8885694,job_done,ours:local_var_topk,418,450,0,92.88888888888889,5084.683875124991,66418.68311882019
1774744711.2776244,job_done,ours:local_var_topk,419,450,0,93.11111111111111,4914.2821987329635,66422.0722990036
1774744711.61074,job_done,ours:local_var_topk,420,450,0,93.33333333333333,4744.4575326783315,66422.40545749664
1774744942.4485364,job_done,ours:local_var_topk,421,450,0,93.55555555555556,4591.31603274889,66653.2430961132
1774745000.4806979,job_done,ours:local_var_topk,422,450,0,93.77777777777777,4426.340537516427,66711.27524399757
1774745005.4655802,job_done,ours:local_var_topk,423,450,0,94.0,4258.484694151168,66716.2602083683
1774745005.8328407,job_done,ours:local_var_topk,424,450,0,94.22222222222223,4091.1139518056275,66716.62752175331
1774745209.2179983,job_done,ours:local_var_topk,425,450,0,94.44444444444444,3936.471334078733,66920.01267933846
1774745295.1398304,job_done,ours:local_var_topk,426,450,0,94.66666666666667,3774.9822237928147,67005.93447232246
1774745303.5152426,job_done,ours:local_var_topk,427,450,0,94.88888888888889,3609.670087047148,67014.3098769188
1774745304.4626155,job_done,ours:local_var_topk,428,450,0,95.11111111111111,3444.709480882805,67015.25717353821
1774745477.4844806,job_done,ours:local_var_topk,429,450,0,95.33333333333333,3288.9367420406606,67188.27915883064
1774745574.2801218,job_done,ours:local_var_topk,430,450,0,95.55555555555556,3129.538358577462,67285.07470941544
1774745588.6883578,job_done,ours:local_var_topk,431,450,0,95.77777777777777,2966.7985555981813,67299.48302435875
1774745589.0836482,job_done,ours:local_var_topk,432,450,0,96.0,2804.1615974903107,67299.87833976746
1774745746.9385557,job_done,ours:local_var_topk,433,450,0,96.22222222222223,2648.456039534981,67457.73324227333
1774745845.7192287,job_done,ours:local_var_topk,434,450,0,96.44444444444444,2490.5627245133924,67556.51390242577
1774745871.6170173,job_done,ours:local_var_topk,435,450,0,96.66666666666667,2330.427986926046,67582.41162085533
1774745875.4024918,job_done,ours:local_var_topk,436,450,0,96.88888888888889,2170.198987020265,67586.1970243454
1774746027.225783,job_done,ours:local_var_topk,437,450,0,97.11111111111111,2015.0898533134766,67738.02045369148
1774746112.1007128,job_done,ours:local_var_topk,438,450,0,97.33333333333333,1858.161518194904,67822.895414114
1774746157.140911,job_done,ours:local_var_topk,439,450,0,97.55555555555556,1700.5633047490564,67867.93552589417
1774746161.8589354,job_done,ours:local_var_topk,440,450,0,97.77777777777777,1542.559998279268,67872.6399242878
1774746315.2056873,job_done,ours:local_var_topk,441,450,0,98.0,1388.2857223724832,68026.00039625168
1774746386.3975465,job_done,ours:local_var_topk,442,450,0,98.22222222222223,1232.528366201064,68097.1922326088
1774746451.594935,job_done,ours:local_var_topk,443,450,0,98.44444444444444,1077.0580734937507,68162.38950824738
1774746456.6887796,job_done,ours:local_var_topk,444,450,0,98.66666666666667,921.1822059766666,68167.48324227333
1774746599.4559448,job_done,ours:local_var_topk,445,450,0,98.88888888888889,767.5309042957392,68310.25048232079
1774746653.4696243,job_done,ours:local_var_topk,446,450,0,99.11111111111111,613.1324150637126,68364.26427960396
1774746741.9450881,job_done,ours:local_var_topk,447,450,0,99.33333333333333,459.4143605072226,68452.73971557617
1774746746.2960143,job_done,ours:local_var_topk,448,450,0,99.55555555555556,305.611951187253,68457.07706594467
1774746830.0512671,job_done,ours:local_var_topk,449,450,0,99.77777777777777,152.65221802375896,68540.84589266777
1774746852.0404563,job_done,ours:local_var_topk,450,450,0,100.0,,68562.83511543274
1774746852.0574968,group_end,ours:local_var_topk,450,450,0,100.0,,68562.85195183754
1774746852.057796,phase_end,,450,450,0,100.0,,68562.85256838799
1774746852.0581496,lock_released,,450,450,0,100.0,,68562.85291862488
1774746852.069944,method_done,,450,450,0,100.0,,68562.86456775665
1774746852.5756278,method_start,,450,450,0,100.0,,68563.37028956413
1774746852.5761998,lock_wait,,450,450,0,100.0,,68563.37077307701
1774746852.5764506,lock_acquired,,450,450,0,100.0,,68563.37125897408
1774746852.5766673,plan_add,,450,455,0,98.9010989010989,761.8152384731504,68563.37146258354
1774746852.5768802,phase_start,final:baseline,450,455,0,98.9010989010989,761.8152409209146,68563.37168288231
1774746934.8804734,group_slots,final:baseline,450,455,0,98.9010989010989,762.7297222269906,68645.67500042915
1774746934.880692,group_start,final:baseline,450,455,0,98.9010989010989,762.7297278112835,68645.67550301552
1774748347.547278,job_done,final:baseline,451,455,0,99.12087912087912,621.3600164083579,70058.34185004234
1774748365.3310828,job_done,final:baseline,452,455,0,99.34065934065934,465.10702900601694,70076.12570357323
1774748376.334947,job_done,final:baseline,453,455,0,99.56043956043956,309.43545040231663,70087.12951612473
1774748376.4297352,job_done,final:baseline,454,455,0,99.78021978021978,154.3771462051879,70087.2243771553
1774748992.4490058,job_done,final:baseline,455,455,0,100.0,,70703.24355340004
1774748992.467055,group_end,final:baseline,455,455,0,100.0,,70703.2616584301
1774748992.4674397,phase_end,,455,455,0,100.0,,70703.26212596893
1774748992.470225,lock_released,,455,455,0,100.0,,70703.26257824898
1774748992.4706166,method_done,,455,455,0,100.0,,70703.26532292366
1774748992.4709568,method_start,,455,455,0,100.0,,70703.26567149162
1774748992.4715686,lock_wait,,455,455,0,100.0,,70703.26625657082
1774748992.471995,lock_acquired,,455,455,0,100.0,,70703.2667016983
1774748992.472365,plan_add,,455,460,0,98.91304347826087,776.9589787315537,70703.26706457138
1774748992.4727523,phase_start,final:cagrad,455,460,0,98.91304347826087,776.9589828789889,70703.26744198799
1774749371.2260895,group_slots,final:cagrad,455,460,0,98.91304347826087,781.1211071119204,71082.02074718475
1774749371.2263765,group_start,final:cagrad,455,460,0,98.91304347826087,781.1211114427546,71082.02114129066
1774754094.1582077,job_done,final:cagrad,456,460,0,99.1304347826087,664.9557206714362,75804.95215654373
1774754140.3361838,job_done,final:cagrad,457,460,0,99.34782608695652,497.9286453911721,75851.13031458855
1774754148.8617713,job_done,final:cagrad,458,460,0,99.56521739130434,331.2648734338419,75859.65601634979
1774754176.9427092,job_done,final:cagrad,459,460,0,99.78260869565217,165.33276112978234,75887.7373585701
1774757130.9484658,job_done,final:cagrad,460,460,0,100.0,,78841.74311327934
1774757130.9679217,group_end,final:cagrad,460,460,0,100.0,,78841.76260566711
1774757130.9682615,phase_end,,460,460,0,100.0,,78841.76298975945
1774757130.9711282,lock_released,,460,460,0,100.0,,78841.76337957382
1774757130.9715018,method_done,,460,460,0,100.0,,78841.7662088871
1774757130.9718199,method_start,,460,460,0,100.0,,78841.76654744148
1774757130.9724073,lock_wait,,460,460,0,100.0,,78841.76710033417
1774757130.9728258,lock_acquired,,460,460,0,100.0,,78841.76754665375
1774757130.9731717,plan_add,,460,465,0,98.9247311827957,856.9757379008375,78841.76788687706
1774757130.9735262,phase_start,final:ours,460,465,0,98.9247311827957,856.9757416818453,78841.76823472977
1774757209.4627044,group_slots,final:ours,460,465,0,98.9247311827957,857.8288830751958,78920.25724291801
1774757209.463065,group_start,final:ours,460,465,0,98.9247311827957,857.828888911268,78920.25777983665
1774758684.284194,job_done,final:ours,461,465,0,99.13978494623656,697.5711814731424,80395.07866477966
1774758690.880138,job_done,final:ours,462,465,0,99.35483870967742,522.0887791491174,80401.67198896408
1774758692.1607625,job_done,final:ours,463,465,0,99.56989247311827,347.31298025637926,80402.9549293518
1774758692.262906,job_done,final:ours,464,465,0,99.78494623655914,173.28245140457975,80403.057451725
1774759344.3572469,job_done,final:ours,465,465,0,100.0,,81055.15169501305
1774759344.3775098,group_end,final:ours,465,465,0,100.0,,81055.17187905312
1774759344.3779106,phase_end,,465,465,0,100.0,,81055.17259407043
1774759344.3806968,lock_released,,465,465,0,100.0,,81055.17308163643
1774759344.3811204,method_done,,465,465,0,100.0,,81055.17579817772
1774759348.6545277,pipeline_done,,465,465,0,100.0,,81059.44915246964
1774759348.668851,lock_released,,465,465,0,100.0,,81059.44960474968
1774827310.5807114,init,,0,0,0,0.0,,1.0967254638671875e-05
1774827310.5814052,pipeline_start,,0,0,0,0.0,,0.0009667873382568359
1774827310.5816205,lock_wait,,0,0,0,0.0,,0.001192331314086914
1774827310.581873,lock_acquired,,0,0,0,0.0,,0.001451730728149414
1774827310.582047,method_start,,0,0,0,0.0,,0.0016331672668457031
1774827310.5823076,lock_wait,,0,0,0,0.0,,0.001889944076538086
1774827310.5825138,lock_acquired,,0,0,0,0.0,,0.0021009445190429688
1774827310.5826967,lock_released,,0,0,0,0.0,,0.0022840499877929688
1774827310.5833025,lock_wait,,0,0,0,0.0,,0.0028738975524902344
1774827310.583497,lock_acquired,,0,0,0,0.0,,0.0030825138092041016
1774827310.5837145,plan_add,,0,24,0,0.0,,0.0032606124877929688
1774827310.583905,phase_start,baseline:coord:train.lr,0,24,0,0.0,,0.003492593765258789
1774827310.612968,group_slots,baseline:coord:train.lr,0,24,0,0.0,,0.032385826110839844
1774827310.6131823,group_start,baseline:coord:train.lr,0,24,0,0.0,,0.03275275230407715
1774827310.6511397,job_done,baseline:coord:train.lr,1,24,0,4.166666666666667,1.6164307594299316,0.07027959823608398
1774827310.651677,job_done,baseline:coord:train.lr,2,24,0,8.333333333333334,0.7830231189727783,0.07118391990661621
1774827310.651875,job_done,baseline:coord:train.lr,3,24,0,12.5,0.500154972076416,0.07145071029663086
1774827310.6521857,job_done,baseline:coord:train.lr,4,24,0,16.666666666666668,0.35824060440063477,0.07164812088012695
1774827310.652702,job_done,baseline:coord:train.lr,5,24,0,20.833333333333332,0.27431402206420896,0.07218790054321289
1774827310.653493,job_done,baseline:coord:train.lr,6,24,0,25.0,0.21888470649719236,0.07296156883239746
1774827310.6537035,job_done,baseline:coord:train.lr,7,24,0,29.166666666666668,0.17794857706342426,0.0732729434967041
1774827310.6539145,job_done,baseline:coord:train.lr,8,24,0,33.333333333333336,0.1469573974609375,0.07347869873046875
1774827310.654396,job_done,baseline:coord:train.lr,9,24,0,37.5,0.12299418449401855,0.07379651069641113
1774827310.6550822,job_done,baseline:coord:train.lr,10,24,0,41.666666666666664,0.1044910430908203,0.07463645935058594
1774827310.655409,job_done,baseline:coord:train.lr,11,24,0,45.833333333333336,0.08860993385314941,0.07497763633728027
1774827310.6559095,job_done,baseline:coord:train.lr,12,24,0,50.0,0.07526683807373047,0.07526683807373047
1774827310.6561081,job_done,baseline:coord:train.lr,13,24,0,54.166666666666664,0.06404016568110539,0.0756838321685791
1774827310.6568289,job_done,baseline:coord:train.lr,14,24,0,58.333333333333336,0.054568222590855184,0.07639551162719727
1774827310.6572468,job_done,baseline:coord:train.lr,15,24,0,62.5,0.04605445861816406,0.07675743103027344
1774827310.6577067,job_done,baseline:coord:train.lr,16,24,0,66.66666666666667,0.03855776786804199,0.07711553573608398
1774827310.6579065,job_done,baseline:coord:train.lr,17,24,0,70.83333333333333,0.03190778283511891,0.07749032974243164
1774827310.6584587,job_done,baseline:coord:train.lr,18,24,0,75.0,0.02600574493408203,0.0780172348022461
1774827310.6587594,job_done,baseline:coord:train.lr,19,24,0,79.16666666666667,0.020586503179449784,0.07822871208190918
1774827310.6592407,job_done,baseline:coord:train.lr,20,24,0,83.33333333333333,0.0157473087310791,0.07873654365539551
1774827310.6594467,job_done,baseline:coord:train.lr,21,24,0,87.5,0.01128734861101423,0.07901144027709961
1774827310.659971,job_done,baseline:coord:train.lr,22,24,0,91.66666666666667,0.0072207667610862045,0.07942843437194824
1774827310.660175,job_done,baseline:coord:train.lr,23,24,0,95.83333333333333,0.0034678189650825834,0.07975983619689941
1774827310.6604674,job_done,baseline:coord:train.lr,24,24,0,100.0,,0.0800333023071289
1774827310.6724234,group_end,baseline:coord:train.lr,24,24,0,100.0,,0.09197330474853516
1774827310.672596,phase_end,,24,24,0,100.0,,0.09218144416809082
1774827310.6728134,lock_released,,24,24,0,100.0,,0.0923929214477539
1774827310.6740053,lock_wait,,24,24,0,100.0,,0.09357333183288574
1774827310.6742153,lock_acquired,,24,24,0,100.0,,0.09379768371582031
1774827310.6743994,plan_add,,24,48,0,50.0,0.0939795970916748,0.0939795970916748
1774827310.6745844,phase_start,baseline:coord:train.weight_decay,24,48,0,50.0,0.09416365623474121,0.09416365623474121
1774827310.704867,group_slots,baseline:coord:train.weight_decay,24,48,0,50.0,0.12427520751953126,0.12427520751953125
1774827310.705126,group_start,baseline:coord:train.weight_decay,24,48,0,50.0,0.1246638298034668,0.1246638298034668
1774827310.7429662,job_done,baseline:coord:train.weight_decay,25,48,0,52.083333333333336,0.14880261421203614,0.1617419719696045
1774827310.7434504,job_done,baseline:coord:train.weight_decay,26,48,0,54.166666666666664,0.13784529612614557,0.16290807723999023
1774827310.7436607,job_done,baseline:coord:train.weight_decay,27,48,0,56.25,0.12695513831244576,0.16322803497314453
1774827310.7438548,job_done,baseline:coord:train.weight_decay,28,48,0,58.333333333333336,0.11673774038042341,0.16343283653259277
1774827310.744481,job_done,baseline:coord:train.weight_decay,29,48,0,60.416666666666664,0.10737222638623467,0.16388392448425293
1774827310.7452366,job_done,baseline:coord:train.weight_decay,30,48,0,62.5,0.09885678291320801,0.16476130485534668
1774827310.7454493,job_done,baseline:coord:train.weight_decay,31,48,0,64.58333333333333,0.09049012584071005,0.16501140594482422
1774827310.7456477,job_done,baseline:coord:train.weight_decay,32,48,0,66.66666666666667,0.08261072635650635,0.1652214527130127
1774827310.7461343,job_done,baseline:coord:train.weight_decay,33,48,0,68.75,0.0752391598441384,0.1655261516571045
1774827310.746769,job_done,baseline:coord:train.weight_decay,34,48,0,70.83333333333333,0.06848611551172593,0.16632342338562012
1774827310.747037,job_done,baseline:coord:train.weight_decay,35,48,0,72.91666666666667,0.061882829666137694,0.16660761833190918
1774827310.7472277,job_done,baseline:coord:train.weight_decay,36,48,0,75.0,0.05560262997945149,0.1668078899383545
1774827310.7477496,job_done,baseline:coord:train.weight_decay,37,48,0,77.08333333333333,0.04968935090142327,0.16713690757751465
1774827310.7483394,job_done,baseline:coord:train.weight_decay,38,48,0,79.16666666666667,0.04416296356602719,0.16781926155090332
1774827310.7485492,job_done,baseline:coord:train.weight_decay,39,48,0,81.25,0.03879706676189716,0.1681206226348877
1774827310.7490065,job_done,baseline:coord:train.weight_decay,40,48,0,83.33333333333333,0.0336911678314209,0.1684558391571045
1774827310.7492058,job_done,baseline:coord:train.weight_decay,41,48,0,85.41666666666667,0.028816967475705033,0.16878509521484375
1774827310.7497597,job_done,baseline:coord:train.weight_decay,42,48,0,87.5,0.024168797901698524,0.16918158531188965
1774827310.7501519,job_done,baseline:coord:train.weight_decay,43,48,0,89.58333333333333,0.0197168838146121,0.16956520080566406
1774827310.7506003,job_done,baseline:coord:train.weight_decay,44,48,0,91.66666666666667,0.015456481413407757,0.17002129554748535
1774827310.750796,job_done,baseline:coord:train.weight_decay,45,48,0,93.75,0.011358261108398438,0.17037391662597656
1774827310.7513003,job_done,baseline:coord:train.weight_decay,46,48,0,95.83333333333333,0.007423100264176079,0.1707313060760498
1774827310.7515035,job_done,baseline:coord:train.weight_decay,47,48,0,97.91666666666667,0.0036400429745937915,0.1710820198059082
1774827310.7517786,job_done,baseline:coord:train.weight_decay,48,48,0,100.0,,0.17135071754455566
1774827310.7632995,group_end,baseline:coord:train.weight_decay,48,48,0,100.0,,0.18277192115783691
1774827310.7635171,phase_end,,48,48,0,100.0,,0.1830906867980957
1774827310.7637494,lock_released,,48,48,0,100.0,,0.18332719802856445
1774827310.7649808,lock_wait,,48,48,0,100.0,,0.18454885482788086
1774827310.7651937,lock_acquired,,48,48,0,100.0,,0.18477535247802734
1774827310.7653892,plan_add,,48,72,0,66.66666666666667,0.09247994422912598,0.18495988845825195
1774827310.7655764,phase_start,baseline:coord:train.grad_clip,48,72,0,66.66666666666667,0.09257948398590089,0.18515896797180176
1774827310.7960584,group_slots,baseline:coord:train.grad_clip,48,72,0,66.66666666666667,0.10774862766265869,0.21549725532531738
1774827310.7962673,group_start,baseline:coord:train.grad_clip,48,72,0,66.66666666666667,0.10791873931884766,0.2158374786376953
1774827310.8342648,job_done,baseline:coord:train.grad_clip,49,72,0,68.05555555555556,0.11889589562708018,0.2532999515533447
1774827310.834868,job_done,baseline:coord:train.grad_clip,50,72,0,69.44444444444444,0.111911039352417,0.25434327125549316
1774827310.835087,job_done,baseline:coord:train.grad_clip,51,72,0,70.83333333333333,0.10485494838041418,0.25464773178100586
1774827310.8378193,job_done,baseline:coord:train.grad_clip,52,72,0,72.22222222222223,0.0980225893167349,0.25485873222351074
1774827310.8384414,job_done,baseline:coord:train.grad_clip,53,72,0,73.61111111111111,0.09244087057293586,0.2578613758087158
1774827310.8392766,job_done,baseline:coord:train.grad_clip,54,72,0,75.0,0.08623854319254556,0.2587156295776367
1774827310.8394916,job_done,baseline:coord:train.grad_clip,55,72,0,76.38888888888889,0.08007092475891113,0.25905299186706543
1774827310.8400161,job_done,baseline:coord:train.grad_clip,56,72,0,77.77777777777777,0.07413257871355329,0.2594640254974365
1774827310.8402114,job_done,baseline:coord:train.grad_clip,57,72,0,79.16666666666667,0.06836590014005962,0.25979042053222656
1774827310.8410103,job_done,baseline:coord:train.grad_clip,58,72,0,80.55555555555556,0.06287026405334473,0.26046252250671387
1774827310.841204,job_done,baseline:coord:train.grad_clip,59,72,0,81.94444444444444,0.05746086169097383,0.2607839107513428
1774827310.841983,job_done,baseline:coord:train.grad_clip,60,72,0,83.33333333333333,0.052308368682861324,0.26154184341430664
1774827310.8423722,job_done,baseline:coord:train.grad_clip,61,72,0,84.72222222222223,0.04720202039499752,0.26175665855407715
1774827310.84287,job_done,baseline:coord:train.grad_clip,62,72,0,86.11111111111111,0.04231464478277391,0.26235079765319824
1774827310.8430653,job_done,baseline:coord:train.grad_clip,63,72,0,87.5,0.03752057892935617,0.26264405250549316
1774827310.8440745,job_done,baseline:coord:train.grad_clip,64,72,0,88.88888888888889,0.03293249011039734,0.2634599208831787
1774827310.8442893,job_done,baseline:coord:train.grad_clip,65,72,0,90.27777777777777,0.028416204452514648,0.26386475563049316
1774827310.8448555,job_done,baseline:coord:train.grad_clip,66,72,0,91.66666666666667,0.024025418541648174,0.2642796039581299
1774827310.8450546,job_done,baseline:coord:train.grad_clip,67,72,0,93.05555555555556,0.01974846000102029,0.2646293640136719
1774827310.8458524,job_done,baseline:coord:train.grad_clip,68,72,0,94.44444444444444,0.015612321741440716,0.2654094696044922
1774827310.846531,job_done,baseline:coord:train.grad_clip,69,72,0,95.83333333333333,0.011555671691894531,0.2657804489135742
1774827310.846751,job_done,baseline:coord:train.grad_clip,70,72,0,97.22222222222223,0.007609306062970843,0.2663257122039795
1774827310.84706,job_done,baseline:coord:train.grad_clip,71,72,0,98.61111111111111,0.0037538199357583487,0.2665212154388428
1774827310.8472686,job_done,baseline:coord:train.grad_clip,72,72,0,100.0,,0.2668490409851074
1774827310.8628664,group_end,baseline:coord:train.grad_clip,72,72,0,100.0,,0.282428503036499
1774827310.8630397,phase_end,,72,72,0,100.0,,0.2826235294342041
1774827310.8632534,lock_released,,72,72,0,100.0,,0.28283047676086426
1774827310.9057984,lock_wait,,72,72,0,100.0,,0.3252568244934082
1774827310.9060335,lock_acquired,,72,72,0,100.0,,0.32561254501342773
1774827310.9062195,plan_add,,72,126,0,57.142857142857146,0.24435031414031982,0.32580041885375977
1774827310.9064193,phase_start,baseline:local_var_topk,72,126,0,57.142857142857146,0.24449318647384644,0.3259909152984619
1774827310.9425564,group_slots,baseline:local_var_topk,72,126,0,57.142857142857146,0.2714983820915222,0.3619978427886963
1774827310.9427593,group_start,baseline:local_var_topk,72,126,0,57.142857142857146,0.2717522978782654,0.3623363971710205
1774827310.9806123,job_done,baseline:local_var_topk,73,126,0,57.93650793650794,0.2903828131009455,0.3999612331390381
1774827310.9809902,job_done,baseline:local_var_topk,74,126,0,58.73015873015873,0.2814733531024005,0.4005582332611084
1774827310.9815562,job_done,baseline:local_var_topk,75,126,0,59.523809523809526,0.27269476890563965,0.40102171897888184
1774827310.981755,job_done,baseline:local_var_topk,76,126,0,60.317460317460316,0.26403649857169703,0.4013354778289795
1774827310.9823194,job_done,baseline:local_var_topk,77,126,0,61.111111111111114,0.25572787631641736,0.4018580913543701
1774827310.9827867,job_done,baseline:local_var_topk,78,126,0,61.904761904761905,0.24747701791616586,0.40215015411376953
1774827310.9834344,job_done,baseline:local_var_topk,79,126,0,62.698412698412696,0.2396673643136326,0.4028451442718506
1774827310.9837139,job_done,baseline:local_var_topk,80,126,0,63.492063492063494,0.2318465292453766,0.4032113552093506
1774827310.984218,job_done,baseline:local_var_topk,81,126,0,64.28571428571429,0.22427903281317818,0.4037022590637207
1774827310.984424,job_done,baseline:local_var_topk,82,126,0,65.07936507936508,0.2167787202974645,0.40399670600891113
1774827310.9850109,job_done,baseline:local_var_topk,83,126,0,65.87301587301587,0.20950824381357216,0.4043996334075928
1774827310.9857213,job_done,baseline:local_var_topk,84,126,0,66.66666666666667,0.20247113704681396,0.40494227409362793
1774827310.986269,job_done,baseline:local_var_topk,85,126,0,67.46031746031746,0.19572300349964816,0.40576720237731934
1774827310.986475,job_done,baseline:local_var_topk,86,126,0,68.25396825396825,0.18885756647864055,0.40604376792907715
1774827310.9870858,job_done,baseline:local_var_topk,87,126,0,69.04761904761905,0.18229429475192366,0.40665650367736816
1774827310.9877207,job_done,baseline:local_var_topk,88,126,0,69.84126984126983,0.17572233351794156,0.4069359302520752
1774827310.9881332,job_done,baseline:local_var_topk,89,126,0,70.63492063492063,0.16947891203205237,0.407665491104126
1774827310.9884899,job_done,baseline:local_var_topk,90,126,0,71.42857142857143,0.16316442489624022,0.4079110622406006
1774827310.9890914,job_done,baseline:local_var_topk,91,126,0,72.22222222222223,0.15717378029456505,0.40865182876586914
1774827310.989669,job_done,baseline:local_var_topk,92,126,0,73.01587301587301,0.15113152628359589,0.40894412994384766
1774827310.990079,job_done,baseline:local_var_topk,93,126,0,73.80952380952381,0.1453427883886522,0.40960240364074707
1774827310.990422,job_done,baseline:local_var_topk,94,126,0,74.60317460317461,0.13952482507583944,0.4098541736602783
1774827310.991009,job_done,baseline:local_var_topk,95,126,0,75.39682539682539,0.13397645448383533,0.41057300567626953
1774827310.991571,job_done,baseline:local_var_topk,96,126,0,76.19047619047619,0.1283908635377884,0.41085076332092285
1774827310.9919853,job_done,baseline:local_var_topk,97,126,0,76.98412698412699,0.12302769090711456,0.41150641441345215
1774827310.992461,job_done,baseline:local_var_topk,98,126,0,77.77777777777777,0.11769764763968331,0.4119417667388916
1774827310.992953,job_done,baseline:local_var_topk,99,126,0,78.57142857142857,0.11248287287625398,0.41243720054626465
1774827310.9931407,job_done,baseline:local_var_topk,100,126,0,79.36507936507937,0.10730892658233643,0.41272664070129395
1774827310.9938216,job_done,baseline:local_var_topk,101,126,0,80.15873015873017,0.10232276255541509,0.41338396072387695
1774827310.9940205,job_done,baseline:local_var_topk,102,126,0,80.95238095238095,0.09731696633731618,0.41359710693359375
1774827310.994814,job_done,baseline:local_var_topk,103,126,0,81.74603174603175,0.09250921878999877,0.41428041458129883
1774827310.9954355,job_done,baseline:local_var_topk,104,126,0,82.53968253968254,0.08778769694841826,0.4149963855743408
1774827310.9959419,job_done,baseline:local_var_topk,105,126,0,83.33333333333333,0.08305983543395996,0.4152991771697998
1774827310.996132,job_done,baseline:local_var_topk,106,126,0,84.12698412698413,0.07843732833862305,0.41571784019470215
1774827310.9967449,job_done,baseline:local_var_topk,107,126,0,84.92063492063492,0.07392464174288454,0.41631245613098145
1774827310.9973812,job_done,baseline:local_var_topk,108,126,0,85.71428571428571,0.0694587230682373,0.41675233840942383
1774827310.9980452,job_done,baseline:local_var_topk,109,126,0,86.5079365079365,0.06508627287838437,0.41731786727905273
1774827310.9982402,job_done,baseline:local_var_topk,110,126,0,87.3015873015873,0.06077395352450284,0.41782093048095703
1774827310.9988372,job_done,baseline:local_var_topk,111,126,0,88.0952380952381,0.05652994722933383,0.4183216094970703
1774827310.999446,job_done,baseline:local_var_topk,112,126,0,88.88888888888889,0.05235600471496582,0.41884803771972656
1774827310.9998481,job_done,baseline:local_var_topk,113,126,0,89.68253968253968,0.04824697654859155,0.41937756538391113
1774827311.000162,job_done,baseline:local_var_topk,114,126,0,90.47619047619048,0.04417048002544203,0.4196195602416992
1774827311.0008152,job_done,baseline:local_var_topk,115,126,0,91.26984126984127,0.04018796837848165,0.4201469421386719
1774827311.0014436,job_done,baseline:local_var_topk,116,126,0,92.06349206349206,0.036262890388225694,0.42064952850341797
1774827311.0018415,job_done,baseline:local_var_topk,117,126,0,92.85714285714286,0.032413482666015625,0.4213752746582031
1774827311.0021598,job_done,baseline:local_var_topk,118,126,0,93.65079365079364,0.02858401153047206,0.4216141700744629
1774827311.0027325,job_done,baseline:local_var_topk,119,126,0,94.44444444444444,0.02482784495634191,0.4220733642578125
1774827311.0033398,job_done,baseline:local_var_topk,120,126,0,95.23809523809524,0.021138763427734374,0.4227752685546875
1774827311.0038598,job_done,baseline:local_var_topk,121,126,0,96.03174603174604,0.017490584003038642,0.42327213287353516
1774827311.0040524,job_done,baseline:local_var_topk,122,126,0,96.82539682539682,0.013889641058249552,0.42363405227661133
1774827311.0046384,job_done,baseline:local_var_topk,123,126,0,97.61904761904762,0.010346511515175424,0.4242069721221924
1774827311.005047,job_done,baseline:local_var_topk,124,126,0,98.41269841269842,0.00684561267975838,0.42442798614501953
1774827311.0053902,job_done,baseline:local_var_topk,125,126,0,99.2063492063492,0.003399700164794922,0.42496252059936523
1774827311.005576,job_done,baseline:local_var_topk,126,126,0,100.0,,0.42515993118286133
1774827311.0244112,group_end,baseline:local_var_topk,126,126,0,100.0,,0.4439427852630615
1774827311.0246143,phase_end,,126,126,0,100.0,,0.4441802501678467
1774827311.024842,lock_released,,126,126,0,100.0,,0.4444272518157959
1774827311.0294964,method_done,,126,126,0,100.0,,0.4490804672241211
1774827311.0296717,method_start,,126,126,0,100.0,,0.4492604732513428
1774827311.0298917,lock_wait,,126,126,0,100.0,,0.4494752883911133
1774827311.0301476,lock_acquired,,126,126,0,100.0,,0.4496729373931885
1774827311.0303392,lock_released,,126,126,0,100.0,,0.44992589950561523
1774827311.0311506,lock_wait,,126,126,0,100.0,,0.4507303237915039
1774827311.0313344,lock_acquired,,126,126,0,100.0,,0.4509239196777344
1774827311.0315168,plan_add,,126,150,0,84.0,0.08592460269019718,0.45110416412353516
1774827311.0316927,phase_start,cagrad:coord:train.lr,126,150,0,84.0,0.08595843542189824,0.4512817859649658
1774827311.0617926,group_slots,cagrad:coord:train.lr,126,150,0,84.0,0.09165768396286737,0.4812028408050537
1774827311.0619993,group_start,cagrad:coord:train.lr,126,150,0,84.0,0.0917281196230934,0.48157262802124023
1774827311.0981376,job_done,cagrad:coord:train.lr,127,150,0,84.66666666666667,0.0937136364734079,0.5174622535705566
1774827311.0984313,job_done,cagrad:coord:train.lr,128,150,0,85.33333333333333,0.08902959153056145,0.5179903507232666
1774827311.0986302,job_done,cagrad:coord:train.lr,129,150,0,86.0,0.08435866999071698,0.5182032585144043
1774827311.0990257,job_done,cagrad:coord:train.lr,130,150,0,86.66666666666667,0.07975497612586388,0.5184073448181152
1774827311.1004443,job_done,cagrad:coord:train.lr,131,150,0,87.33333333333333,0.07540075651561941,0.5198683738708496
1774827311.1006575,job_done,cagrad:coord:train.lr,132,150,0,88.0,0.07093958421186967,0.5202236175537109
1774827311.1011326,job_done,cagrad:coord:train.lr,133,150,0,88.66666666666667,0.06653357269172382,0.5205273628234863
1774827311.101485,job_done,cagrad:coord:train.lr,134,150,0,89.33333333333333,0.06219806955821478,0.5209088325500488
1774827311.102021,job_done,cagrad:coord:train.lr,135,150,0,90.0,0.057930072148640946,0.5213706493377686
1774827311.1025774,job_done,cagrad:coord:train.lr,136,150,0,90.66666666666667,0.05372214667937335,0.5218722820281982
1774827311.1030223,job_done,cagrad:coord:train.lr,137,150,0,91.33333333333333,0.049571359244576334,0.5224058628082275
1774827311.1032164,job_done,cagrad:coord:train.lr,138,150,0,92.0,0.04546049366826597,0.5227956771850586
1774827311.1037884,job_done,cagrad:coord:train.lr,139,150,0,92.66666666666667,0.041400092968837815,0.5231466293334961
1774827311.104445,job_done,cagrad:coord:train.lr,140,150,0,93.33333333333333,0.03742778301239014,0.5239889621734619
1774827311.104965,job_done,cagrad:coord:train.lr,141,150,0,94.0,0.03347179230223311,0.5243914127349854
1774827311.105169,job_done,cagrad:coord:train.lr,142,150,0,94.66666666666667,0.02956272178972271,0.5247383117675781
1774827311.105497,job_done,cagrad:coord:train.lr,143,150,0,95.33333333333333,0.025701826268976387,0.5250515937805176
1774827311.1061273,job_done,cagrad:coord:train.lr,144,150,0,96.0,0.0218965212504069,0.5255165100097656
1774827311.1070209,job_done,cagrad:coord:train.lr,145,150,0,96.66666666666667,0.018152598677010374,0.5264253616333008
1774827311.1072164,job_done,cagrad:coord:train.lr,146,150,0,97.33333333333333,0.014432776464174873,0.5267963409423828
1774827311.1077511,job_done,cagrad:coord:train.lr,147,150,0,98.0,0.010759076293633908,0.5271947383880615
1774827311.1079462,job_done,cagrad:coord:train.lr,148,150,0,98.66666666666667,0.007128734846372862,0.5275263786315918
1774827311.1085033,job_done,cagrad:coord:train.lr,149,150,0,99.33333333333333,0.0035440313736064327,0.5280606746673584
1774827311.108706,job_done,cagrad:coord:train.lr,150,150,0,100.0,,0.5282869338989258
1774827311.1225796,group_end,cagrad:coord:train.lr,150,150,0,100.0,,0.5421483516693115
1774827311.122762,phase_end,,150,150,0,100.0,,0.5423378944396973
1774827311.1230037,lock_released,,150,150,0,100.0,,0.5425810813903809
1774827311.1242461,lock_wait,,150,150,0,100.0,,0.5438127517700195
1774827311.1244667,lock_acquired,,150,150,0,100.0,,0.5440390110015869
1774827311.1246562,plan_add,,150,174,0,86.20689655172414,0.0870771026611328,0.5442318916320801
1774827311.1248481,phase_start,cagrad:coord:train.weight_decay,150,174,0,86.20689655172414,0.08710765838623047,0.5444228649139404
1774827311.1523569,group_slots,cagrad:coord:train.weight_decay,150,174,0,86.20689655172414,0.09148960113525391,0.5718100070953369
1774827311.152568,group_start,cagrad:coord:train.weight_decay,150,174,0,86.20689655172414,0.09154273986816407,0.5721421241760254
1774827311.1897485,job_done,cagrad:coord:train.weight_decay,151,174,0,86.7816091954023,0.09275501137537673,0.6089568138122559
1774827311.190047,job_done,cagrad:coord:train.weight_decay,152,174,0,87.35632183908046,0.08823362463398983,0.6096141338348389
1774827311.1906588,job_done,cagrad:coord:train.weight_decay,153,174,0,87.93103448275862,0.08373984168557559,0.6101045608520508
1774827311.1908555,job_done,cagrad:coord:train.weight_decay,154,174,0,88.50574712643679,0.0792773048599045,0.6104352474212646
1774827311.1915271,job_done,cagrad:coord:train.weight_decay,155,174,0,89.08045977011494,0.07487784354917465,0.6108455657958984
1774827311.1920738,job_done,cagrad:coord:train.weight_decay,156,174,0,89.65517241379311,0.07054223464085506,0.6113660335540771
1774827311.1925354,job_done,cagrad:coord:train.weight_decay,157,174,0,90.22988505747126,0.06625840162775319,0.6119158267974854
1774827311.1927388,job_done,cagrad:coord:train.weight_decay,158,174,0,90.80459770114942,0.062006020847755146,0.612309455871582
1774827311.1933575,job_done,cagrad:coord:train.weight_decay,159,174,0,91.37931034482759,0.057814930969814084,0.6128382682800293
1774827311.193556,job_done,cagrad:coord:train.weight_decay,160,174,0,91.95402298850574,0.053649446368217474,0.6131365299224854
1774827311.194276,job_done,cagrad:coord:train.weight_decay,161,174,0,92.52873563218391,0.04955664332608999,0.6137399673461914
1774827311.1944838,job_done,cagrad:coord:train.weight_decay,162,174,0,93.10344827586206,0.04548512564765082,0.6140491962432861
1774827311.1951587,job_done,cagrad:coord:train.weight_decay,163,174,0,93.67816091954023,0.04147756611642662,0.6146221160888672
1774827311.1954691,job_done,cagrad:coord:train.weight_decay,164,174,0,94.25287356321839,0.03749622077476688,0.6149380207061768
1774827311.1961536,job_done,cagrad:coord:train.weight_decay,165,174,0,94.82758620689656,0.033578356829556545,0.6156032085418701
1774827311.1963482,job_done,cagrad:coord:train.weight_decay,166,174,0,95.40229885057471,0.029683250978768592,0.6159274578094482
1774827311.1970727,job_done,cagrad:coord:train.weight_decay,167,174,0,95.97701149425288,0.025843241971409962,0.6165459156036377
1774827311.197264,job_done,cagrad:coord:train.weight_decay,168,174,0,96.55172413793103,0.022030234336853027,0.6168465614318848
1774827311.198032,job_done,cagrad:coord:train.weight_decay,169,174,0,97.1264367816092,0.01826952900406877,0.6175100803375244
1774827311.1985152,job_done,cagrad:coord:train.weight_decay,170,174,0,97.70114942528735,0.01454149695003734,0.6180136203765869
1774827311.199252,job_done,cagrad:coord:train.weight_decay,171,174,0,98.27586206896552,0.01085260039881656,0.618598222732544
1774827311.1994529,job_done,cagrad:coord:train.weight_decay,172,174,0,98.85057471264368,0.007197987201601959,0.6190268993377686
1774827311.1997848,job_done,cagrad:coord:train.weight_decay,173,174,0,99.42528735632185,0.0035793781280517582,0.6192324161529541
1774827311.1999943,job_done,cagrad:coord:train.weight_decay,174,174,0,100.0,,0.6195681095123291
1774827311.2127688,group_end,cagrad:coord:train.weight_decay,174,174,0,100.0,,0.632328987121582
1774827311.2129476,phase_end,,174,174,0,100.0,,0.6325323581695557
1774827311.2131546,lock_released,,174,174,0,100.0,,0.6327407360076904
1774827311.214438,lock_wait,,174,174,0,100.0,,0.6340057849884033
1774827311.2146413,lock_acquired,,174,174,0,100.0,,0.6342282295227051
1774827311.2148197,plan_add,,174,198,0,87.87878787878788,0.08750412381928542,0.6344048976898193
1774827311.2149982,phase_start,cagrad:coord:train.grad_clip,174,198,0,87.87878787878788,0.08752901800747576,0.6345853805541992
1774827311.2429998,group_slots,cagrad:coord:train.grad_clip,174,198,0,87.87878787878788,0.09136913562643117,0.662426233291626
1774827311.2432647,group_start,cagrad:coord:train.grad_clip,174,198,0,87.87878787878788,0.09142135751658471,0.6628048419952393
1774827311.2799647,job_done,cagrad:coord:train.grad_clip,175,198,0,88.38383838383838,0.09190418379647392,0.6992709636688232
1774827311.2805786,job_done,cagrad:coord:train.grad_clip,176,198,0,88.88888888888889,0.08748811483383179,0.6999049186706543
1774827311.281045,job_done,cagrad:coord:train.grad_clip,177,198,0,89.39393939393939,0.08309350983571198,0.700359582901001
1774827311.281417,job_done,cagrad:coord:train.grad_clip,178,198,0,89.8989898989899,0.07876211337828905,0.7009828090667725
1774827311.281933,job_done,cagrad:coord:train.grad_clip,179,198,0,90.4040404040404,0.0744400344081431,0.7013034820556641
1774827311.2827928,job_done,cagrad:coord:train.grad_clip,180,198,0,90.9090909090909,0.0702176809310913,0.7021768093109131
1774827311.2829916,job_done,cagrad:coord:train.grad_clip,181,198,0,91.41414141414141,0.06598727874334345,0.7025704383850098
1774827311.283481,job_done,cagrad:coord:train.grad_clip,182,198,0,91.91919191919192,0.061798452021001454,0.7029573917388916
1774827311.2836854,job_done,cagrad:coord:train.grad_clip,183,198,0,92.42424242424242,0.05764439457752666,0.7032616138458252
1774827311.2843328,job_done,cagrad:coord:train.grad_clip,184,198,0,92.92929292929293,0.053556908731875214,0.7038908004760742
1774827311.2849638,job_done,cagrad:coord:train.grad_clip,185,198,0,93.43434343434343,0.049484075082314984,0.7041964530944824
1774827311.2854223,job_done,cagrad:coord:train.grad_clip,186,198,0,93.93939393939394,0.04547120678809381,0.7048037052154541
1774827311.2856278,job_done,cagrad:coord:train.grad_clip,187,198,0,94.44444444444444,0.041482490651747764,0.7052023410797119
1774827311.2862215,job_done,cagrad:coord:train.grad_clip,188,198,0,94.94949494949495,0.03753777514112757,0.7057101726531982
1774827311.2864232,job_done,cagrad:coord:train.grad_clip,189,198,0,95.45454545454545,0.03361889294215611,0.7059967517852783
1774827311.2871535,job_done,cagrad:coord:train.grad_clip,190,198,0,95.95959595959596,0.029750241731342515,0.7065682411193848
1774827311.2874386,job_done,cagrad:coord:train.grad_clip,191,198,0,96.46464646464646,0.02590833908600333,0.7069275379180908
1774827311.2880747,job_done,cagrad:coord:train.grad_clip,192,198,0,96.96969696969697,0.02210989594459534,0.7075166702270508
1774827311.2886527,job_done,cagrad:coord:train.grad_clip,193,198,0,97.47474747474747,0.018347514108054998,0.7082140445709229
1774827311.2891839,job_done,cagrad:coord:train.grad_clip,194,198,0,97.97979797979798,0.014609454833355146,0.7085585594177246
1774827311.2893836,job_done,cagrad:coord:train.grad_clip,195,198,0,98.48484848484848,0.0109070557814378,0.708958625793457
1774827311.289856,job_done,cagrad:coord:train.grad_clip,196,198,0,98.98989898989899,0.007236806713804907,0.7092070579528809
1774827311.2900743,job_done,cagrad:coord:train.grad_clip,197,198,0,99.4949494949495,0.0036022590501659413,0.7096450328826904
1774827311.2905302,job_done,cagrad:coord:train.grad_clip,198,198,0,100.0,,0.7100965976715088
1774827311.3056822,group_end,cagrad:coord:train.grad_clip,198,198,0,100.0,,0.7252159118652344
1774827311.3058727,phase_end,,198,198,0,100.0,,0.7254455089569092
1774827311.3060825,lock_released,,198,198,0,100.0,,0.7256643772125244
1774827311.3073637,lock_wait,,198,198,0,100.0,,0.7269325256347656
1774827311.3075852,lock_acquired,,198,198,0,100.0,,0.7271645069122314
1774827311.3077748,plan_add,,198,222,0,89.1891891891892,0.08816372264515271,0.7273507118225098
1774827311.307956,phase_start,cagrad:coord:method.baseline_cagrad.c,198,222,0,89.1891891891892,0.0881867264256333,0.7275404930114746
1774827311.3360171,group_slots,cagrad:coord:method.baseline_cagrad.c,198,222,0,89.1891891891892,0.09157833908543442,0.755521297454834
1774827311.3364162,group_start,cagrad:coord:method.baseline_cagrad.c,198,222,0,89.1891891891892,0.09161197777950403,0.7557988166809082
1774827311.3712926,job_done,cagrad:coord:method.baseline_cagrad.c,199,222,0,89.63963963963964,0.09137674072879044,0.7906074523925781
1774827311.3715966,job_done,cagrad:coord:method.baseline_cagrad.c,200,222,0,90.09009009009009,0.08702769041061402,0.7911608219146729
1774827311.3721287,job_done,cagrad:coord:method.baseline_cagrad.c,201,222,0,90.54054054054055,0.08269117483452185,0.7914726734161377
1774827311.3723245,job_done,cagrad:coord:method.baseline_cagrad.c,202,222,0,90.990990990991,0.07840633392333984,0.7919039726257324
1774827311.3730085,job_done,cagrad:coord:method.baseline_cagrad.c,203,222,0,91.44144144144144,0.07417255786839377,0.7924752235412598
1774827311.3735292,job_done,cagrad:coord:method.baseline_cagrad.c,204,222,0,91.89189189189189,0.06995731241562787,0.7928495407104492
1774827311.3740008,job_done,cagrad:coord:method.baseline_cagrad.c,205,222,0,92.34234234234235,0.06579069044531846,0.793358325958252
1774827311.3742955,job_done,cagrad:coord:method.baseline_cagrad.c,206,222,0,92.7927927927928,0.06165284091986499,0.7937803268432617
1774827311.3747628,job_done,cagrad:coord:method.baseline_cagrad.c,207,222,0,93.24324324324324,0.05754854368126911,0.7941699028015137
1774827311.3749719,job_done,cagrad:coord:method.baseline_cagrad.c,208,222,0,93.69369369369369,0.053478424365703874,0.7945365905761719
1774827311.375634,job_done,cagrad:coord:method.baseline_cagrad.c,209,222,0,94.14414414414415,0.04945228658794786,0.7950406074523926
1774827311.3758361,job_done,cagrad:coord:method.baseline_cagrad.c,210,222,0,94.5945945945946,0.04545188631330217,0.7954080104827881
1774827311.3765028,job_done,cagrad:coord:method.baseline_cagrad.c,211,222,0,95.04504504504504,0.041494908491017134,0.795947790145874
1774827311.3771708,job_done,cagrad:coord:method.baseline_cagrad.c,212,222,0,95.49549549549549,0.03757564526683879,0.7966036796569824
1774827311.377363,job_done,cagrad:coord:method.baseline_cagrad.c,213,222,0,95.94594594594595,0.03367377670717911,0.7969460487365723
1774827311.3776865,job_done,cagrad:coord:method.baseline_cagrad.c,214,222,0,96.3963963963964,0.02979982679135331,0.7971453666687012
1774827311.378201,job_done,cagrad:coord:method.baseline_cagrad.c,215,222,0,96.84684684684684,0.025967573565106056,0.7975754737854004
1774827311.3790865,job_done,cagrad:coord:method.baseline_cagrad.c,216,222,0,97.29729729729729,0.022184742821587455,0.7986507415771484
1774827311.3792758,job_done,cagrad:coord:method.baseline_cagrad.c,217,222,0,97.74774774774775,0.018406886658910233,0.7988588809967041
1774827311.3794694,job_done,cagrad:coord:method.baseline_cagrad.c,218,222,0,98.1981981981982,0.014661377723063897,0.7990450859069824
1774827311.3796537,job_done,cagrad:coord:method.baseline_cagrad.c,219,222,0,98.64864864864865,0.010948475093057712,0.7992386817932129
1774827311.3810284,job_done,cagrad:coord:method.baseline_cagrad.c,220,222,0,99.09909909909909,0.007276712764393199,0.800438404083252
1774827311.3812332,job_done,cagrad:coord:method.baseline_cagrad.c,221,222,0,99.54954954954955,0.0036235956045297473,0.8008146286010742
1774827311.3814378,job_done,cagrad:coord:method.baseline_cagrad.c,222,222,0,100.0,,0.8010027408599854
1774827311.3944829,group_end,cagrad:coord:method.baseline_cagrad.c,222,222,0,100.0,,0.8140454292297363
1774827311.3946583,phase_end,,222,222,0,100.0,,0.814246416091919
1774827311.3948743,lock_released,,222,222,0,100.0,,0.8144576549530029
1774827311.3961742,lock_wait,,222,222,0,100.0,,0.8157482147216797
1774827311.3963854,lock_acquired,,222,222,0,100.0,,0.815964937210083
1774827311.3965719,plan_add,,222,246,0,90.2439024390244,0.08823250435494089,0.8161506652832031
1774827311.3967495,phase_start,cagrad:coord:method.baseline_cagrad.inner_lr,222,246,0,90.2439024390244,0.0882526346155115,0.8163368701934814
1774827311.4239893,group_slots,cagrad:coord:method.baseline_cagrad.inner_lr,222,246,0,90.2439024390244,0.0911855955381651,0.8434667587280273
1774827311.4242039,group_start,cagrad:coord:method.baseline_cagrad.inner_lr,222,246,0,90.2439024390244,0.09121923188905458,0.8437778949737549
1774827311.4597876,job_done,cagrad:coord:method.baseline_cagrad.inner_lr,223,246,0,90.65040650406505,0.09066914656771673,0.879096508026123
1774827311.4603205,job_done,cagrad:coord:method.baseline_cagrad.inner_lr,224,246,0,91.0569105691057,0.08639406732150487,0.8796486854553223
1774827311.4608622,job_done,cagrad:coord:method.baseline_cagrad.inner_lr,225,246,0,91.46341463414635,0.08215314865112304,0.8802123069763184
1774827311.4610584,job_done,cagrad:coord:method.baseline_cagrad.inner_lr,226,246,0,91.869918699187,0.07793264051454257,0.880638837814331
1774827311.4619224,job_done,cagrad:coord:method.baseline_cagrad.inner_lr,227,246,0,92.27642276422765,0.07377942438167623,0.8814699649810791
1774827311.4621162,job_done,cagrad:coord:method.baseline_cagrad.inner_lr,228,246,0,92.6829268292683,0.06960778487356085,0.8816986083984375
1774827311.4628124,job_done,cagrad:coord:method.baseline_cagrad.inner_lr,229,246,0,93.08943089430895,0.06549845824595622,0.8823027610778809
1774827311.4634714,job_done,cagrad:coord:method.baseline_cagrad.inner_lr,230,246,0,93.4959349593496,0.06140186475670856,0.8826518058776855
1774827311.4639826,job_done,cagrad:coord:method.baseline_cagrad.inner_lr,231,246,0,93.90243902439025,0.05735819989984686,0.8833162784576416
1774827311.4641817,job_done,cagrad:coord:method.baseline_cagrad.inner_lr,232,246,0,94.3089430894309,0.053330501605724466,0.8837625980377197
1774827311.4647307,job_done,cagrad:coord:method.baseline_cagrad.inner_lr,233,246,0,94.71544715447155,0.04932435285379959,0.8840441703796387
1774827311.4650915,job_done,cagrad:coord:method.baseline_cagrad.inner_lr,234,246,0,95.1219512195122,0.04536219132252229,0.8845627307891846
1774827311.4656615,job_done,cagrad:coord:method.baseline_cagrad.inner_lr,235,246,0,95.52845528455285,0.04143159135859064,0.885129451751709
1774827311.4659677,job_done,cagrad:coord:method.baseline_cagrad.inner_lr,236,246,0,95.9349593495935,0.0375228413080765,0.8855390548706055
1774827311.466547,job_done,cagrad:coord:method.baseline_cagrad.inner_lr,237,246,0,96.34146341463415,0.03363923785052722,0.8858332633972168
1774827311.4670832,job_done,cagrad:coord:method.baseline_cagrad.inner_lr,238,246,0,96.7479674796748,0.029793947684664687,0.8863699436187744
1774827311.467682,job_done,cagrad:coord:method.baseline_cagrad.inner_lr,239,246,0,97.15447154471545,0.02598372563158618,0.8871586322784424
1774827311.4682317,job_done,cagrad:coord:method.baseline_cagrad.inner_lr,240,246,0,97.5609756097561,0.022188717126846315,0.8875486850738525
1774827311.468438,job_done,cagrad:coord:method.baseline_cagrad.inner_lr,241,246,0,97.96747967479675,0.018423385145258604,0.8880071640014648
1774827311.469028,job_done,cagrad:coord:method.baseline_cagrad.inner_lr,242,246,0,98.3739837398374,0.014682659432907735,0.888300895690918
1774827311.4694993,job_done,cagrad:coord:method.baseline_cagrad.inner_lr,243,246,0,98.78048780487805,0.010973468238924757,0.8888509273529053
1774827311.469893,job_done,cagrad:coord:method.baseline_cagrad.inner_lr,244,246,0,99.1869918699187,0.007290077991172915,0.8893895149230957
1774827311.4700866,job_done,cagrad:coord:method.baseline_cagrad.inner_lr,245,246,0,99.59349593495935,0.003631308613991251,0.8896706104278564
1774827311.4702883,job_done,cagrad:coord:method.baseline_cagrad.inner_lr,246,246,0,100.0,,0.8898646831512451
1774827311.4845557,group_end,cagrad:coord:method.baseline_cagrad.inner_lr,246,246,0,100.0,,0.9040958881378174
1774827311.4847677,phase_end,,246,246,0,100.0,,0.9043302536010742
1774827311.4849765,lock_released,,246,246,0,100.0,,0.9045608043670654
1774827311.4869936,lock_wait,,246,246,0,100.0,,0.9065656661987305
1774827311.48721,lock_acquired,,246,246,0,100.0,,0.9067864418029785
1774827311.4873934,plan_add,,246,300,0,82.0,0.19909187061030692,0.9069740772247314
1774827311.4875712,phase_start,cagrad:local_var_topk,246,300,0,82.0,0.199132221501048,0.9071578979492188
1774827311.522736,group_slots,cagrad:local_var_topk,246,300,0,82.0,0.20682338388954724,0.9421954154968262
1774827311.5229864,group_start,cagrad:local_var_topk,246,300,0,82.0,0.20689738669046542,0.9425325393676758
1774827311.5659325,job_done,cagrad:local_var_topk,247,300,0,82.33333333333333,0.2114003515436582,0.9852054119110107
1774827311.5671175,job_done,cagrad:local_var_topk,248,300,0,82.66666666666667,0.20687977344759048,0.9866573810577393
1774827311.567754,job_done,cagrad:local_var_topk,249,300,0,83.0,0.202216590743467,0.9872927665710449
1774827311.5680819,job_done,cagrad:local_var_topk,250,300,0,83.33333333333333,0.1975090503692627,0.9875452518463135
1774827311.5687537,job_done,cagrad:local_var_topk,251,300,0,83.66666666666667,0.1929286533142941,0.988267183303833
1774827311.5710905,job_done,cagrad:local_var_topk,252,300,0,84.0,0.18869141169956752,0.9906299114227295
1774827311.5714686,job_done,cagrad:local_var_topk,253,300,0,84.33333333333333,0.1840999983987318,0.9910063743591309
1774827311.5719352,job_done,cagrad:local_var_topk,254,300,0,84.66666666666667,0.1795527841162494,0.9914436340332031
1774827311.5721648,job_done,cagrad:local_var_topk,255,300,0,85.0,0.17501012016745174,0.9917240142822266
1774827311.5728831,job_done,cagrad:local_var_topk,256,300,0,85.33333333333333,0.1705737374722958,0.9924290180206299
1774827311.573778,job_done,cagrad:local_var_topk,257,300,0,85.66666666666667,0.16619870449318497,0.9933271408081055
1774827311.5742788,job_done,cagrad:local_var_topk,258,300,0,86.0,0.1617871661518895,0.99383544921875
1774827311.5747333,job_done,cagrad:local_var_topk,259,300,0,86.33333333333333,0.1573961066463279,0.9942827224731445
1774827311.5753777,job_done,cagrad:local_var_topk,260,300,0,86.66666666666667,0.1530627470750075,0.9949078559875488
1774827311.5758352,job_done,cagrad:local_var_topk,261,300,0,87.0,0.1487346106562121,0.995377779006958
1774827311.5764072,job_done,cagrad:local_var_topk,262,300,0,87.33333333333333,0.1444512105170097,0.9959530830383301
1774827311.5769954,job_done,cagrad:local_var_topk,263,300,0,87.66666666666667,0.14019010547449381,0.9964864253997803
1774827311.5775425,job_done,cagrad:local_var_topk,264,300,0,88.0,0.13596744970841843,0.9970946311950684
1774827311.5778224,job_done,cagrad:local_var_topk,265,300,0,88.33333333333333,0.13172915296734503,0.997377872467041
1774827311.5783331,job_done,cagrad:local_var_topk,266,300,0,88.66666666666667,0.1275498185838972,0.9978897571563721
1774827311.5785892,job_done,cagrad:local_var_topk,267,300,0,89.0,0.12336409761664573,0.9981276988983154
1774827311.5790837,job_done,cagrad:local_var_topk,268,300,0,89.33333333333333,0.11924071810138759,0.9986410140991211
1774827311.5800755,job_done,cagrad:local_var_topk,269,300,0,89.66666666666667,0.11518333215252617,0.9994940757751465
1774827311.580349,job_done,cagrad:local_var_topk,270,300,0,90.0,0.11110120349460177,0.999910831451416
1774827311.581711,job_done,cagrad:local_var_topk,271,300,0,90.33333333333333,0.10713511639415559,1.0011591911315918
1774827311.5820484,job_done,cagrad:local_var_topk,272,300,0,90.66666666666667,0.10310134466956643,1.0015559196472168
1774827311.5822718,job_done,cagrad:local_var_topk,273,300,0,91.0,0.09908285245790585,1.0018377304077148
1774827311.5824988,job_done,cagrad:local_var_topk,274,300,0,91.33333333333333,0.09508548165759902,1.0020546913146973
1774827311.5844557,job_done,cagrad:local_var_topk,275,300,0,91.66666666666667,0.09126504984768953,1.003915548324585
1774827311.5846815,job_done,cagrad:local_var_topk,276,300,0,92.0,0.08732561443163,1.0042445659637451
1774827311.5850782,job_done,cagrad:local_var_topk,277,300,0,92.33333333333333,0.08341143535793043,1.004563808441162
1774827311.5852995,job_done,cagrad:local_var_topk,278,300,0,92.66666666666667,0.07952149651891037,1.0048625469207764
1774827311.5871887,job_done,cagrad:local_var_topk,279,300,0,93.0,0.07576508163124003,1.0065932273864746
1774827311.587526,job_done,cagrad:local_var_topk,280,300,0,93.33333333333333,0.07193042550768171,1.007025957107544
1774827311.5877469,job_done,cagrad:local_var_topk,281,300,0,93.66666666666667,0.06811005195264715,1.0073118209838867
1774827311.5879622,job_done,cagrad:local_var_topk,282,300,0,94.0,0.06431039343488977,1.0075294971466064
1774827311.5895152,job_done,cagrad:local_var_topk,283,300,0,94.33333333333333,0.06060975010740462,1.0089740753173828
1774827311.5897422,job_done,cagrad:local_var_topk,284,300,0,94.66666666666667,0.056862078921895626,1.0093019008636475
1774827311.590188,job_done,cagrad:local_var_topk,285,300,0,95.0,0.0531374780755294,1.0096120834350586
1774827311.590414,job_done,cagrad:local_var_topk,286,300,0,95.33333333333333,0.04943918181466055,1.0099718570709229
1774827311.5922828,job_done,cagrad:local_var_topk,287,300,0,95.66666666666667,0.04582530779290282,1.0116817951202393
1774827311.5926273,job_done,cagrad:local_var_topk,288,300,0,96.0,0.042172123988469444,1.0121309757232666
1774827311.5928464,job_done,cagrad:local_var_topk,289,300,0,96.33333333333333,0.038534724588625155,1.0124123096466064
1774827311.5930622,job_done,cagrad:local_var_topk,290,300,0,96.66666666666667,0.03491825070874444,1.0126292705535889
1774827311.5942101,job_done,cagrad:local_var_topk,291,300,0,97.0,0.03135346383163609,1.0137619972229004
1774827311.5949118,job_done,cagrad:local_var_topk,292,300,0,97.33333333333333,0.027790742377712303,1.014362096786499
1774827311.595297,job_done,cagrad:local_var_topk,293,300,0,97.66666666666667,0.024243339336772828,1.0147569179534912
1774827311.5955293,job_done,cagrad:local_var_topk,294,300,0,98.0,0.020716166009708326,1.015092134475708
1774827311.5963342,job_done,cagrad:local_var_topk,295,300,0,98.33333333333333,0.017218424102007333,1.0158870220184326
1774827311.59731,job_done,cagrad:local_var_topk,296,300,0,98.66666666666667,0.013739943504333496,1.0167558193206787
1774827311.5981,job_done,cagrad:local_var_topk,297,300,0,99.0,0.01027931829895636,1.0176525115966797
1774827311.5983884,job_done,cagrad:local_var_topk,298,300,0,99.33333333333333,0.0068318203791675955,1.0179412364959717
1774827311.598608,job_done,cagrad:local_var_topk,299,300,0,99.66666666666667,0.00340526399006413,1.0181739330291748
1774827311.5994556,job_done,cagrad:local_var_topk,300,300,0,100.0,,1.018998146057129
1774827311.6162255,group_end,cagrad:local_var_topk,300,300,0,100.0,,1.0357165336608887
1774827311.6164331,phase_end,,300,300,0,100.0,,1.035999059677124
1774827311.6166646,lock_released,,300,300,0,100.0,,1.0362403392791748
1774827311.6234505,method_done,,300,300,0,100.0,,1.0430161952972412
1774827311.6236255,method_start,,300,300,0,100.0,,1.0432093143463135
1774827311.6238544,lock_wait,,300,300,0,100.0,,1.0434291362762451
1774827311.6240542,lock_acquired,,300,300,0,100.0,,1.0436382293701172
1774827311.6242454,lock_released,,300,300,0,100.0,,1.0438306331634521
1774827311.6251159,lock_wait,,300,300,0,100.0,,1.0446882247924805
1774827311.6253104,lock_acquired,,300,300,0,100.0,,1.0448932647705078
1774827311.6255043,plan_add,,300,324,0,92.5925925925926,0.08360679626464844,1.0450849533081055
1774827311.6256979,phase_start,ours:coord:train.lr,300,324,0,92.5925925925926,0.08362234115600585,1.0452792644500732
1774827311.6533086,group_slots,ours:coord:train.lr,300,324,0,92.5925925925926,0.08582181930541992,1.072772741317749
1774827311.6535478,group_start,ours:coord:train.lr,300,324,0,92.5925925925926,0.0858491325378418,1.0731141567230225
1774827311.6887627,job_done,ours:coord:train.lr,301,324,0,92.90123456790124,0.08466516539107921,1.1080093383789062
1774827311.68934,job_done,ours:coord:train.lr,302,324,0,93.20987654320987,0.08077458198496837,1.1088147163391113
1774827311.6895568,job_done,ours:coord:train.lr,303,324,0,93.51851851851852,0.07687010859498883,1.1091258525848389
1774827311.689755,job_done,ours:coord:train.lr,304,324,0,93.82716049382717,0.07298213870901811,1.1093285083770752
1774827311.6904979,job_done,ours:coord:train.lr,305,324,0,94.1358024691358,0.06914325698477322,1.109931230545044
1774827311.6913123,job_done,ours:coord:train.lr,306,324,0,94.44444444444444,0.06534126225639791,1.1108014583587646
1774827311.691527,job_done,ours:coord:train.lr,307,324,0,94.75308641975309,0.06152662858124276,1.1110985279083252
1774827311.6920137,job_done,ours:coord:train.lr,308,324,0,95.06172839506173,0.05773466283624822,1.1113922595977783
1774827311.6922138,job_done,ours:coord:train.lr,309,324,0,95.37037037037037,0.05397030450765369,1.111788272857666
1774827311.6928358,job_done,ours:coord:train.lr,310,324,0,95.67901234567901,0.05022872186476185,1.1122074127197266
1774827311.6933486,job_done,ours:coord:train.lr,311,324,0,95.98765432098766,0.04651074777462092,1.112680196762085
1774827311.6938307,job_done,ours:coord:train.lr,312,324,0,96.29629629629629,0.04281505254598764,1.1131913661956787
1774827311.6941347,job_done,ours:coord:train.lr,313,324,0,96.60493827160494,0.039136437943187385,1.1136095523834229
1774827311.6946046,job_done,ours:coord:train.lr,314,324,0,96.91358024691358,0.03547805889396911,1.1140110492706299
1774827311.6948051,job_done,ours:coord:train.lr,315,324,0,97.22222222222223,0.031839397975376674,1.1143789291381836
1774827311.6954296,job_done,ours:coord:train.lr,316,324,0,97.53086419753086,0.028225077858454063,1.1148905754089355
1774827311.6959412,job_done,ours:coord:train.lr,317,324,0,97.8395061728395,0.024627458409932135,1.115272045135498
1774827311.6964133,job_done,ours:coord:train.lr,318,324,0,98.14814814814815,0.02105222558075527,1.1157679557800293
1774827311.6967118,job_done,ours:coord:train.lr,319,324,0,98.45679012345678,0.017495203915060875,1.1161940097808838
1774827311.6971579,job_done,ours:coord:train.lr,320,324,0,98.76543209876543,0.013957172632217407,1.1165738105773926
1774827311.6974463,job_done,ours:coord:train.lr,321,324,0,99.07407407407408,0.01043862717173924,1.1169331073760986
1774827311.6980093,job_done,ours:coord:train.lr,322,324,0,99.38271604938272,0.0069406447203263,1.1174437999725342
1774827311.6982086,job_done,ours:coord:train.lr,323,324,0,99.69135802469135,0.0034606301747608483,1.117783546447754
1774827311.6985447,job_done,ours:coord:train.lr,324,324,0,100.0,,1.1181135177612305
1774827311.7081223,group_end,ours:coord:train.lr,324,324,0,100.0,,1.1276497840881348
1774827311.708337,phase_end,,324,324,0,100.0,,1.127889633178711
1774827311.7086332,lock_released,,324,324,0,100.0,,1.128180742263794
1774827311.7098877,lock_wait,,324,324,0,100.0,,1.1294498443603516
1774827311.7101038,lock_acquired,,324,324,0,100.0,,1.1296801567077637
1774827311.7102945,plan_add,,324,348,0,93.10344827586206,0.08369399883128979,1.129868984222412
1774827311.7104921,phase_start,ours:coord:train.weight_decay,324,348,0,93.10344827586206,0.08370821564285844,1.1300609111785889
1774827311.7379074,group_slots,ours:coord:train.weight_decay,324,348,0,93.10344827586206,0.08573196552417897,1.157381534576416
1774827311.7381198,group_start,ours:coord:train.weight_decay,324,348,0,93.10344827586206,0.08575483604713724,1.1576902866363525
1774827311.7730637,job_done,ours:coord:train.weight_decay,325,348,0,93.39080459770115,0.08438499303964467,1.192396640777588
1774827311.7733796,job_done,ours:coord:train.weight_decay,326,348,0,93.67816091954023,0.08050430040418005,1.192927360534668
1774827311.7735887,job_done,ours:coord:train.weight_decay,327,348,0,93.96551724137932,0.0766246362563667,1.19315505027771
1774827311.774418,job_done,ours:coord:train.weight_decay,328,348,0,94.25287356321839,0.07278961379353592,1.1937496662139893
1774827311.7752774,job_done,ours:coord:train.weight_decay,329,348,0,94.54022988505747,0.0689912530788897,1.1946380138397217
1774827311.7754931,job_done,ours:coord:train.weight_decay,330,348,0,94.82758620689656,0.06518485762856223,1.1950557231903076
1774827311.775954,job_done,ours:coord:train.weight_decay,331,348,0,95.11494252873563,0.0613929620322144,1.195357084274292
1774827311.7761521,job_done,ours:coord:train.weight_decay,332,348,0,95.40229885057471,0.05762550629765154,1.1957292556762695
1774827311.776808,job_done,ours:coord:train.weight_decay,333,348,0,95.6896551724138,0.05389021323607848,1.1963627338409424
1774827311.7771828,job_done,ours:coord:train.weight_decay,334,348,0,95.97701149425288,0.05016284074612006,1.196742057800293
1774827311.7776387,job_done,ours:coord:train.weight_decay,335,348,0,96.26436781609195,0.04645289378379708,1.1970553398132324
1774827311.7778392,job_done,ours:coord:train.weight_decay,336,348,0,96.55172413793103,0.04276485102517265,1.197415828704834
1774827311.7785065,job_done,ours:coord:train.weight_decay,337,348,0,96.83908045977012,0.03910110117066155,1.1979155540466309
1774827311.7791088,job_done,ours:coord:train.weight_decay,338,348,0,97.1264367816092,0.03545397837486493,1.1983444690704346
1774827311.7795947,job_done,ours:coord:train.weight_decay,339,348,0,97.41379310344827,0.031830652625159876,1.1989545822143555
1774827311.7798064,job_done,ours:coord:train.weight_decay,340,348,0,97.70114942528735,0.028220569386201745,1.1993741989135742
1774827311.7804554,job_done,ours:coord:train.weight_decay,341,348,0,97.98850574712644,0.024627172352631423,1.199695110321045
1774827311.7810268,job_done,ours:coord:train.weight_decay,342,348,0,98.27586206896552,0.02105779396860223,1.2002942562103271
1774827311.7814627,job_done,ours:coord:train.weight_decay,343,348,0,98.5632183908046,0.017505303763787186,1.2008638381958008
1774827311.781667,job_done,ours:coord:train.weight_decay,344,348,0,98.85057471264368,0.013967893844427065,1.2012388706207275
1774827311.78223,job_done,ours:coord:train.weight_decay,345,348,0,99.13793103448276,0.010448899476424509,1.2016234397888184
1774827311.7824357,job_done,ours:coord:train.weight_decay,346,348,0,99.42528735632185,0.006948016282450946,1.2020068168640137
1774827311.782867,job_done,ours:coord:train.weight_decay,347,348,0,99.71264367816092,0.003464991489817155,1.2023520469665527
1774827311.7830744,job_done,ours:coord:train.weight_decay,348,348,0,100.0,,1.2026512622833252
1774827311.7920885,group_end,ours:coord:train.weight_decay,348,348,0,100.0,,1.2116408348083496
1774827311.7922635,phase_end,,348,348,0,100.0,,1.211846113204956
1774827311.792484,lock_released,,348,348,0,100.0,,1.2120561599731445
1774827311.793732,lock_wait,,348,348,0,100.0,,1.2132978439331055
1774827311.793947,lock_acquired,,348,348,0,100.0,,1.2135272026062012
1774827311.7941334,plan_add,,348,372,0,93.54838709677419,0.08370429071886785,1.213712215423584
1774827311.7943227,phase_start,ours:coord:train.grad_clip,348,372,0,93.54838709677419,0.08371731330608499,1.2139010429382324
1774827311.82212,group_slots,ours:coord:train.grad_clip,348,372,0,93.54838709677419,0.08562599379440834,1.241576910018921
1774827311.822537,group_start,ours:coord:train.grad_clip,348,372,0,93.54838709677419,0.08564809273029196,1.2418973445892334
1774827311.8576307,job_done,ours:coord:train.grad_clip,349,372,0,93.81720430107526,0.08414842952629899,1.2768609523773193
1774827311.8582556,job_done,ours:coord:train.grad_clip,350,372,0,94.08602150537635,0.0803057943071638,1.2775921821594238
1774827311.8584821,job_done,ours:coord:train.grad_clip,351,372,0,94.35483870967742,0.07646374213389862,1.2780368328094482
1774827311.8588133,job_done,ours:coord:train.grad_clip,352,372,0,94.6236559139785,0.07263408465818924,1.2783598899841309
1774827311.8593588,job_done,ours:coord:train.grad_clip,353,372,0,94.89247311827957,0.06882582170092012,1.2787113189697266
1774827311.860011,job_done,ours:coord:train.grad_clip,354,372,0,95.16129032258064,0.0650572736384505,1.2794597148895264
1774827311.8606768,job_done,ours:coord:train.grad_clip,355,372,0,95.43010752688173,0.06129930120118907,1.280073642730713
1774827311.8608806,job_done,ours:coord:train.grad_clip,356,372,0,95.6989247311828,0.057548437225684694,1.2804527282714844
1774827311.8611774,job_done,ours:coord:train.grad_clip,357,372,0,95.96774193548387,0.05381330722520331,1.2807567119598389
1774827311.8617582,job_done,ours:coord:train.grad_clip,358,372,0,96.23655913978494,0.050103200880508854,1.2812104225158691
1774827311.862583,job_done,ours:coord:train.grad_clip,359,372,0,96.50537634408602,0.04642453167099807,1.2820312976837158
1774827311.862792,job_done,ours:coord:train.grad_clip,360,372,0,96.7741935483871,0.042745288213094076,1.2823586463928223
1774827311.863387,job_done,ours:coord:train.grad_clip,361,372,0,97.04301075268818,0.03908715750041761,1.2827694416046143
1774827311.8636847,job_done,ours:coord:train.grad_clip,362,372,0,97.31182795698925,0.03544650025130635,1.28316330909729
1774827311.8642628,job_done,ours:coord:train.grad_clip,363,372,0,97.58064516129032,0.031828407413703345,1.2837457656860352
1774827311.864464,job_done,ours:coord:train.grad_clip,364,372,0,97.84946236559139,0.02822058541434152,1.284036636352539
1774827311.8650866,job_done,ours:coord:train.grad_clip,365,372,0,98.11827956989248,0.02463310581364044,1.284440517425537
1774827311.8657107,job_done,ours:coord:train.grad_clip,366,372,0,98.38709677419355,0.02107008167954742,1.2852749824523926
1774827311.8662057,job_done,ours:coord:train.grad_clip,367,372,0,98.65591397849462,0.017517353598363393,1.285773754119873
1774827311.8665195,job_done,ours:coord:train.grad_clip,368,372,0,98.9247311827957,0.013978061468704887,1.2859816551208496
1774827311.8670146,job_done,ours:coord:train.grad_clip,369,372,0,99.19354838709677,0.010459318393614234,1.2864961624145508
1774827311.867207,job_done,ours:coord:train.grad_clip,370,372,0,99.46236559139786,0.006955613316716374,1.2867884635925293
1774827311.8677135,job_done,ours:coord:train.grad_clip,371,372,0,99.73118279569893,0.003469756992679401,1.2872798442840576
1774827311.8679097,job_done,ours:coord:train.grad_clip,372,372,0,100.0,,1.2874963283538818
1774827311.8825715,group_end,ours:coord:train.grad_clip,372,372,0,100.0,,1.3021106719970703
1774827311.8827739,phase_end,,372,372,0,100.0,,1.3023462295532227
1774827311.882984,lock_released,,372,372,0,100.0,,1.3025696277618408
1774827311.8842843,lock_wait,,372,372,0,100.0,,1.303856372833252
1774827311.8844998,lock_acquired,,372,372,0,100.0,,1.3040826320648193
1774827311.8846822,plan_add,,372,396,0,93.93939393939394,0.08414600741478703,1.3042631149291992
1774827311.8848639,phase_start,ours:coord:method.ours.lambda_align,372,396,0,93.93939393939394,0.08415817445324313,1.3044517040252686
1774827311.9134047,group_slots,ours:coord:method.ours.lambda_align,372,396,0,93.93939393939394,0.08599213630922378,1.3328781127929688
1774827311.9136236,group_start,ours:coord:method.ours.lambda_align,372,396,0,93.93939393939394,0.08601239419752552,1.3331921100616455
1774827311.9489818,job_done,ours:coord:method.ours.lambda_align,373,396,0,94.1919191919192,0.08436323938037373,1.3681516647338867
1774827311.949963,job_done,ours:coord:method.ours.lambda_align,374,396,0,94.44444444444444,0.08053257886101219,1.369053840637207
1774827311.950181,job_done,ours:coord:method.ours.lambda_align,375,396,0,94.6969696969697,0.07670621490478516,1.3697538375854492
1774827311.9503782,job_done,ours:coord:method.ours.lambda_align,376,396,0,94.94949494949495,0.07286984869774353,1.3699531555175781
1774827311.950925,job_done,ours:coord:method.ours.lambda_align,377,396,0,95.20202020202021,0.06905888119806344,1.3702735900878906
1774827311.9519215,job_done,ours:coord:method.ours.lambda_align,378,396,0,95.45454545454545,0.06529536701384045,1.3712027072906494
1774827311.9523342,job_done,ours:coord:method.ours.lambda_align,379,396,0,95.70707070707071,0.061530501358112756,1.3717682361602783
1774827311.9525387,job_done,ours:coord:method.ours.lambda_align,380,396,0,95.95959595959596,0.05777337927567332,1.3721177577972412
1774827311.9528913,job_done,ours:coord:method.ours.lambda_align,381,396,0,96.21212121212122,0.05403352534677099,1.3724515438079834
1774827311.953571,job_done,ours:coord:method.ours.lambda_align,382,396,0,96.46464646464646,0.05031662461645316,1.372925043106079
1774827311.9543195,job_done,ours:coord:method.ours.lambda_align,383,396,0,96.71717171717172,0.04663304809490632,1.3738813400268555
1774827311.954611,job_done,ours:coord:method.ours.lambda_align,384,396,0,96.96969696969697,0.0429406464099884,1.374100685119629
1774827311.955167,job_done,ours:coord:method.ours.lambda_align,385,396,0,97.22222222222223,0.039274345125470844,1.3746020793914795
1774827311.9553587,job_done,ours:coord:method.ours.lambda_align,386,396,0,97.47474747474747,0.035620260732779234,1.3749420642852783
1774827311.9560595,job_done,ours:coord:method.ours.lambda_align,387,396,0,97.72727272727273,0.03198874273965525,1.3755159378051758
1774827311.9562497,job_done,ours:coord:method.ours.lambda_align,388,396,0,97.97979797979798,0.028367696349153815,1.37583327293396
1774827311.9569914,job_done,ours:coord:method.ours.lambda_align,389,396,0,98.23232323232324,0.024770847629458862,1.3765513896942139
1774827311.957183,job_done,ours:coord:method.ours.lambda_align,390,396,0,98.48484848484848,0.021181011199951173,1.3767657279968262
1774827311.9579108,job_done,ours:coord:method.ours.lambda_align,391,396,0,98.73737373737374,0.017614788411523374,1.377476453781128
1774827311.9581046,job_done,ours:coord:method.ours.lambda_align,392,396,0,98.98989898989899,0.014058035247179928,1.3776874542236328
1774827311.958827,job_done,ours:coord:method.ours.lambda_align,393,396,0,99.24242424242425,0.010522090751706188,1.3783938884735107
1774827311.9592428,job_done,ours:coord:method.ours.lambda_align,394,396,0,99.4949494949495,0.006998008882938908,1.3786077499389648
1774827311.9594543,job_done,ours:coord:method.ours.lambda_align,395,396,0,99.74747474747475,0.003491210333908661,1.379028081893921
1774827311.9597254,job_done,ours:coord:method.ours.lambda_align,396,396,0,100.0,,1.3792240619659424
1774827311.9725742,group_end,ours:coord:method.ours.lambda_align,396,396,0,100.0,,1.3921146392822266
1774827311.9727814,phase_end,,396,396,0,100.0,,1.3923487663269043
1774827311.9729896,lock_released,,396,396,0,100.0,,1.392573356628418
1774827311.974902,lock_wait,,396,396,0,100.0,,1.3944742679595947
1774827311.9751081,lock_acquired,,396,396,0,100.0,,1.3946940898895264
1774827311.9752853,plan_add,,396,450,0,88.0,0.1902098438956521,1.3948721885681152
1774827311.9754722,phase_start,ours:local_var_topk,396,450,0,88.0,0.1902342601255937,1.3950512409210205
1774827312.0114958,group_slots,ours:local_var_topk,396,450,0,88.0,0.1951333067633889,1.4309775829315186
1774827312.0117033,group_start,ours:local_var_topk,396,450,0,88.0,0.19517433643341064,1.4312784671783447
1774827312.0473638,job_done,ours:local_var_topk,397,450,0,88.22222222222223,0.19580964958037178,1.4667251110076904
1774827312.0476575,job_done,ours:local_var_topk,398,450,0,88.44444444444444,0.1916988387179734,1.467233419418335
1774827312.0482318,job_done,ours:local_var_topk,399,450,0,88.66666666666667,0.18759983822815401,1.4676928520202637
1774827312.048436,job_done,ours:local_var_topk,400,450,0,88.88888888888889,0.18350079655647275,1.4680063724517822
1774827312.0490866,job_done,ours:local_var_topk,401,450,0,89.11111111111111,0.1794396011609389,1.468475103378296
1774827312.0495617,job_done,ours:local_var_topk,402,450,0,89.33333333333333,0.17539380201652868,1.4689230918884277
1774827312.0500817,job_done,ours:local_var_topk,403,450,0,89.55555555555556,0.1713916060350669,1.4695918560028076
1774827312.0505326,job_done,ours:local_var_topk,404,450,0,89.77777777777777,0.16736720104028682,1.4699206352233887
1774827312.050723,job_done,ours:local_var_topk,405,450,0,90.0,0.16336729791429308,1.4703056812286377
1774827312.0512314,job_done,ours:local_var_topk,406,450,0,90.22222222222223,0.15938693314350297,1.4707067012786865
1774827312.0517445,job_done,ours:local_var_topk,407,450,0,90.44444444444444,0.15542030334472656,1.4710712432861328
1774827312.0523095,job_done,ours:local_var_topk,408,450,0,90.66666666666667,0.1514857376323027,1.4715757369995117
1774827312.052513,job_done,ours:local_var_topk,409,450,0,90.88888888888889,0.14756913989563733,1.4720921516418457
1774827312.0529935,job_done,ours:local_var_topk,410,450,0,91.11111111111111,0.14364577502739137,1.4723691940307617
1774827312.053616,job_done,ours:local_var_topk,411,450,0,91.33333333333333,0.13975662384590096,1.4728198051452637
1774827312.054132,job_done,ours:local_var_topk,412,450,0,91.55555555555556,0.13591796333350023,1.4736368656158447
1774827312.0543203,job_done,ours:local_var_topk,413,450,0,91.77777777777777,0.13204461610346097,1.4739034175872803
1774827312.0546317,job_done,ours:local_var_topk,414,450,0,92.0,0.12819111865499747,1.4741978645324707
1774827312.055284,job_done,ours:local_var_topk,415,450,0,92.22222222222223,0.12437357385474515,1.474715232849121
1774827312.056398,job_done,ours:local_var_topk,416,450,0,92.44444444444444,0.1206311136484146,1.4759571552276611
1774827312.0567455,job_done,ours:local_var_topk,417,450,0,92.66666666666667,0.1168191570172207,1.4761693477630615
1774827312.0569417,job_done,ours:local_var_topk,418,450,0,92.88888888888889,0.11303550318667764,1.4765262603759766
1774827312.05757,job_done,ours:local_var_topk,419,450,0,93.11111111111111,0.10927378021731866,1.4769585132598877
1774827312.0585642,job_done,ours:local_var_topk,420,450,0,93.33333333333333,0.10556232929229736,1.477872610092163
1774827312.0591338,job_done,ours:local_var_topk,421,450,0,93.55555555555556,0.10185322965409013,1.4786279201507568
1774827312.0593276,job_done,ours:local_var_topk,422,450,0,93.77777777777777,0.09812655381116822,1.4789073467254639
1774827312.0595393,job_done,ours:local_var_topk,423,450,0,94.0,0.0944119615757719,1.4791207313537598
1774827312.0602589,job_done,ours:local_var_topk,424,450,0,94.22222222222223,0.09073569752135367,1.4796898365020752
1774827312.0613418,job_done,ours:local_var_topk,425,450,0,94.44444444444444,0.08709209105547736,1.4805655479431152
1774827312.0617952,job_done,ours:local_var_topk,426,450,0,94.66666666666667,0.08345262769242408,1.4812841415405273
1774827312.0619895,job_done,ours:local_var_topk,427,450,0,94.88888888888889,0.07980342101157409,1.4815678596496582
1774827312.062172,job_done,ours:local_var_topk,428,450,0,95.11111111111111,0.07616513688987661,1.4817581176757812
1774827312.0628657,job_done,ours:local_var_topk,429,450,0,95.33333333333333,0.07256645589441686,1.482429027557373
1774827312.0640113,job_done,ours:local_var_topk,430,450,0,95.55555555555556,0.06899763817010923,1.4834492206573486
1774827312.0643618,job_done,ours:local_var_topk,431,450,0,95.77777777777777,0.06541700927398043,1.4839332103729248
1774827312.0649152,job_done,ours:local_var_topk,432,450,0,96.0,0.061847666899363204,1.4843440055847168
1774827312.0651093,job_done,ours:local_var_topk,433,450,0,96.22222222222223,0.058290273983539115,1.4846875667572021
1774827312.0658462,job_done,ours:local_var_topk,434,450,0,96.44444444444444,0.054761236164427025,1.485398530960083
1774827312.0660348,job_done,ours:local_var_topk,435,450,0,96.66666666666667,0.05122822728650323,1.4856185913085938
1774827312.0672069,job_done,ours:local_var_topk,436,450,0,96.88888888888889,0.04774024945880295,1.4867677688598633
1774827312.0674007,job_done,ours:local_var_topk,437,450,0,97.11111111111111,0.044235052178598924,1.48697829246521
1774827312.068154,job_done,ours:local_var_topk,438,450,0,97.33333333333333,0.0407552131234783,1.487565279006958
1774827312.0688107,job_done,ours:local_var_topk,439,450,0,97.55555555555556,0.03728622944860089,1.4880595207214355
1774827312.0693572,job_done,ours:local_var_topk,440,450,0,97.77777777777777,0.033839187838814476,1.488924264907837
1774827312.0695517,job_done,ours:local_var_topk,441,450,0,98.0,0.030390520485080015,1.489135503768921
1774827312.0703132,job_done,ours:local_var_topk,442,450,0,98.22222222222223,0.026959337260388683,1.4895033836364746
1774827312.0709143,job_done,ours:local_var_topk,443,450,0,98.44444444444444,0.023550577142168655,1.490415096282959
1774827312.0714777,job_done,ours:local_var_topk,444,450,0,98.66666666666667,0.020146205618574813,1.4908192157745361
1774827312.0716672,job_done,ours:local_var_topk,445,450,0,98.88888888888889,0.016755637158168833,1.4912517070770264
1774827312.072408,job_done,ours:local_var_topk,446,450,0,99.11111111111111,0.013377959418189901,1.4916424751281738
1774827312.0730183,job_done,ours:local_var_topk,447,450,0,99.33333333333333,0.01001634693785802,1.4924356937408447
1774827312.0732129,job_done,ours:local_var_topk,448,450,0,99.55555555555556,0.006664277187415532,1.492798089981079
1774827312.073399,job_done,ours:local_var_topk,449,450,0,99.77777777777777,0.0033251235639066633,1.4929804801940918
1774827312.0737827,job_done,ours:local_var_topk,450,450,0,100.0,,1.4933419227600098
1774827312.0897467,group_end,ours:local_var_topk,450,450,0,100.0,,1.5093142986297607
1774827312.0899584,phase_end,,450,450,0,100.0,,1.5095252990722656
1774827312.0902123,lock_released,,450,450,0,100.0,,1.509772777557373
1774827312.095967,method_done,,450,450,0,100.0,,1.5155529975891113
1774827312.5609639,method_start,,450,450,0,100.0,,1.980412244796753
1774827312.5613112,lock_wait,,450,450,0,100.0,,1.980877161026001
1774827312.5615566,lock_acquired,,450,450,0,100.0,,1.981128454208374
1774827312.5617483,plan_add,,450,455,0,98.9010989010989,0.022014755672878687,1.981328010559082
1774827312.56194,phase_start,final:baseline,450,455,0,98.9010989010989,0.02201690673828125,1.9815216064453125
1774827312.584998,group_slots,final:baseline,450,455,0,98.9010989010989,0.022271352344089085,2.0044217109680176
1774827312.5852456,group_start,final:baseline,450,455,0,98.9010989010989,0.022275408109029133,2.004786729812622
1774827312.620697,job_done,final:baseline,451,455,0,99.12087912087912,0.018092639694721364,2.039945125579834
1774827312.6212192,job_done,final:baseline,452,455,0,99.34065934065934,0.01354401934463366,2.0406322479248047
1774827312.6214306,job_done,final:baseline,453,455,0,99.56043956043956,0.009011007565799402,2.0409932136535645
1774827312.621712,job_done,final:baseline,454,455,0,99.78021978021978,0.00449603349626852,2.041199207305908
1774827312.6219153,job_done,final:baseline,455,455,0,100.0,,2.041499137878418
1774827312.6357868,group_end,final:baseline,455,455,0,100.0,,2.055325984954834
1774827312.636,phase_end,,455,455,0,100.0,,2.0555622577667236
1774827312.6362522,lock_released,,455,455,0,100.0,,2.0558090209960938
1774827312.6364996,method_done,,455,455,0,100.0,,2.0560436248779297
1774827312.636701,method_start,,455,455,0,100.0,,2.056267499923706
1774827312.637029,lock_wait,,455,455,0,100.0,,2.056605100631714
1774827312.637235,lock_acquired,,455,455,0,100.0,,2.056819438934326
1774827312.6374183,plan_add,,455,460,0,98.91304347826087,0.022604371165181256,2.056997776031494
1774827312.637596,phase_start,final:cagrad,455,460,0,98.91304347826087,0.022606396413111424,2.0571820735931396
1774827312.6610692,group_slots,final:cagrad,455,460,0,98.91304347826087,0.022863395921476595,2.08056902885437
1774827312.6612659,group_start,final:cagrad,455,460,0,98.91304347826087,0.02286638270367633,2.080840826034546
1774827312.6969552,job_done,final:cagrad,456,460,0,99.1304347826087,0.018564123856393916,2.1163101196289062
1774827312.6972394,job_done,final:cagrad,457,460,0,99.34782608695652,0.013895864820584688,2.1168034076690674
1774827312.6974506,job_done,final:cagrad,458,460,0,99.56521739130434,0.009244595032071442,2.1170122623443604
1774827312.6976411,job_done,final:cagrad,459,460,0,99.78260869565217,0.004612685288738841,2.117222547531128
1774827312.6990123,job_done,final:cagrad,460,460,0,100.0,,2.118572473526001
1774827312.7086613,group_end,final:cagrad,460,460,0,100.0,,2.128197431564331
1774827312.7088463,phase_end,,460,460,0,100.0,,2.1284303665161133
1774827312.7090619,lock_released,,460,460,0,100.0,,2.128640651702881
1774827312.7092535,method_done,,460,460,0,100.0,,2.128838300704956
1774827312.7094326,method_start,,460,460,0,100.0,,2.129011631011963
1774827312.7097433,lock_wait,,460,460,0,100.0,,2.1293246746063232
1774827312.7099566,lock_acquired,,460,460,0,100.0,,2.1295411586761475
1774827312.7101376,plan_add,,460,465,0,98.9247311827957,0.023149158643639606,2.1297225952148438
1774827312.7103167,phase_start,final:ours,460,465,0,98.9247311827957,0.023151125596917194,2.129903554916382
1774827312.732952,group_slots,final:ours,460,465,0,98.9247311827957,0.023395413937775982,2.1523780822753906
1774827312.7332075,group_start,final:ours,460,465,0,98.9247311827957,0.02339941004048223,2.1527457237243652
1774827312.7684352,job_done,final:ours,461,465,0,99.13978494623656,0.018980359307080183,2.187486410140991
1774827312.7687302,job_done,final:ours,462,465,0,99.35483870967742,0.014209713254656111,2.188295841217041
1774827312.76918,job_done,final:ours,463,465,0,99.56989247311827,0.009454374951883733,2.188687801361084
1774827312.7694063,job_done,final:ours,464,465,0,99.78494623655914,0.004717582772518027,2.1889584064483643
1774827312.7699394,job_done,final:ours,465,465,0,100.0,,2.1895010471343994
1774827312.7847404,group_end,final:ours,465,465,0,100.0,,2.2042949199676514
1774827312.7849288,phase_end,,465,465,0,100.0,,2.2044997215270996
1774827312.7851589,lock_released,,465,465,0,100.0,,2.2047252655029297
1774827312.7853627,method_done,,465,465,0,100.0,,2.2049405574798584
1774827316.6208773,pipeline_done,,465,465,0,100.0,,6.04030442237854
1774827316.621165,lock_released,,465,465,0,100.0,,6.04072642326355
