step,train_step_loss,train_acc,train_loss,val_acc,val_loss,avg_intra_expert_coherence,expert_diversity_e0,expert_diversity_e1,expert_diversity_e2,expert_diversity_e3,expert_diversity_mean,expert_purity_e0,expert_purity_e1,expert_purity_e2,expert_purity_e3,expert_purity_mean,inter_expert_similarity,inter_expert_similarity_e0_e0,inter_expert_similarity_e0_e1,inter_expert_similarity_e0_e2,inter_expert_similarity_e0_e3,inter_expert_similarity_e1_e0,inter_expert_similarity_e1_e1,inter_expert_similarity_e1_e2,inter_expert_similarity_e1_e3,inter_expert_similarity_e2_e0,inter_expert_similarity_e2_e1,inter_expert_similarity_e2_e2,inter_expert_similarity_e2_e3,inter_expert_similarity_e3_e0,inter_expert_similarity_e3_e1,inter_expert_similarity_e3_e2,inter_expert_similarity_e3_e3,intra_expert_coherence_e0,intra_expert_coherence_e1,intra_expert_coherence_e2,intra_expert_coherence_e3,load_cv,load_max_min_ratio,overall_task_conflict_cos,router_entropy,router_load_e0,router_load_e1,router_load_e2,router_load_e3,task_acc__glue_rte,task_conflict_t0_t0,task_grad_norm_cv,task_loss__glue_rte,utilization_ratio
50.0,0.685800313949585,0.4983935742971888,0.6987857743715629,0.4729241877256318,0.706189653939671,1.0,0.0,0.0,0.0,0.0,0.0,1.0,1.0,1.0,1.0,1.0,-0.0024389381193896404,1.0,0.0,-0.014633628716337842,0.0,0.0,1.0,0.0,0.0,-0.014633628716337842,0.0,1.0,0.0,0.0,0.0,0.0,1.0,1.0,1.0,1.0,1.0,1.1111044883728027,671228349208.8318,1.0,0.6333053112030029,0.6712283492088318,0.0,0.3287716209888458,0.0,0.4729241877256318,1.0,0.0,0.706189653939671,0.5
100.0,0.7124180793762207,0.5016064257028112,0.6931838986965326,0.5270758122743683,0.6922553728024164,1.0,0.0,0.0,0.0,0.0,0.0,1.0,1.0,1.0,1.0,1.0,0.001922228567209962,1.0,0.0,0.011533371403259772,0.0,0.0,1.0,0.0,0.0,0.011533371403259772,0.0,1.0,0.0,0.0,0.0,0.0,1.0,1.0,1.0,1.0,1.0,1.1320766053108446,687615871429.4434,1.0,0.620995044708252,0.6876158714294434,0.0,0.3123842775821686,0.0,0.5270758122743683,1.0,0.0,0.6922553728024164,0.5
150.0,0.7461814284324646,0.4983935742971888,0.6989354580640793,0.4729241877256318,0.7063565370109346,1.0,0.0,0.0,0.0,0.0,0.0,1.0,1.0,1.0,1.0,1.0,-0.002419143145936257,1.0,0.0,-0.014514858875617542,0.0,0.0,1.0,0.0,0.0,-0.014514858875617542,0.0,1.0,0.0,0.0,0.0,0.0,1.0,1.0,1.0,1.0,1.0,1.2416194225322856,760196685791.0156,1.0,0.5508531904392724,0.7601966857910156,0.0,0.2398032695055008,0.0,0.4729241877256318,1.0,0.0,0.7063565370109346,0.5
