step,train_step_loss,train_acc,train_loss,val_acc,val_loss,avg_intra_expert_coherence,expert_diversity_e0,expert_diversity_e1,expert_diversity_e2,expert_diversity_e3,expert_diversity_mean,expert_purity_e0,expert_purity_e1,expert_purity_e2,expert_purity_e3,expert_purity_mean,inter_expert_similarity,inter_expert_similarity_e0_e0,inter_expert_similarity_e0_e1,inter_expert_similarity_e0_e2,inter_expert_similarity_e0_e3,inter_expert_similarity_e1_e0,inter_expert_similarity_e1_e1,inter_expert_similarity_e1_e2,inter_expert_similarity_e1_e3,inter_expert_similarity_e2_e0,inter_expert_similarity_e2_e1,inter_expert_similarity_e2_e2,inter_expert_similarity_e2_e3,inter_expert_similarity_e3_e0,inter_expert_similarity_e3_e1,inter_expert_similarity_e3_e2,inter_expert_similarity_e3_e3,intra_expert_coherence_e0,intra_expert_coherence_e1,intra_expert_coherence_e2,intra_expert_coherence_e3,load_cv,load_max_min_ratio,overall_task_conflict_cos,router_entropy,router_load_e0,router_load_e1,router_load_e2,router_load_e3,task_acc__glue_rte,task_conflict_t0_t0,task_grad_norm_cv,task_loss__glue_rte,utilization_ratio
50.0,0.6717309355735779,0.5016064257028112,0.6933114799169393,0.5270758122743683,0.6916678133938048,1.0,0.0,0.0,0.0,0.0,0.0,1.0,1.0,1.0,1.0,1.0,-0.05755532035280211,1.0,0.0,0.0,0.0,0.0,1.0,-0.34533192211681263,0.0,0.0,-0.34533192211681263,1.0,0.0,0.0,0.0,0.0,1.0,1.0,1.0,1.0,1.0,1.0809195041656494,645080566406.25,1.0,0.6504388458031609,0.0,0.64508056640625,0.35491943359375,0.0,0.5270758122743683,1.0,0.0,0.6916678133938048,0.5
100.0,0.7370437383651733,0.4983935742971888,0.7119825746004398,0.4729241877256318,0.7256038321389092,1.0,0.0,0.0,0.0,0.0,0.0,1.0,1.0,1.0,1.0,1.0,0.0358514822670483,1.0,0.0,0.0,0.0,0.0,1.0,0.0,0.2151088936022898,0.0,0.0,1.0,0.0,0.0,0.2151088936022898,0.0,1.0,1.0,1.0,1.0,1.0,1.1752061426148075,718263089656.8298,1.0,0.5945864317649538,0.0,0.7182630896568298,0.0,0.28173714876174927,0.4729241877256318,1.0,0.0,0.7256038321389092,0.5
150.0,0.7010452151298523,0.5016064257028112,0.6936042482654253,0.5270758122743683,0.6911909745799171,1.0,0.0,0.0,0.0,0.0,0.0,1.0,1.0,1.0,1.0,1.0,-0.0017226108880726554,1.0,0.0,0.0,0.0,0.0,1.0,0.0,-0.010335665328435932,0.0,0.0,1.0,0.0,0.0,-0.010335665328435932,0.0,1.0,1.0,1.0,1.0,1.0,1.1154311895370483,674709260463.7146,1.0,0.6307935138041362,0.0,0.6747092604637146,0.0,0.3252907693386078,0.5270758122743683,1.0,0.0,0.6911909745799171,0.5
