step,train_step_loss,train_acc,train_loss,val_acc,val_loss,avg_intra_expert_coherence,expert_diversity_e0,expert_diversity_e1,expert_diversity_e2,expert_diversity_e3,expert_diversity_mean,expert_purity_e0,expert_purity_e1,expert_purity_e2,expert_purity_e3,expert_purity_mean,inter_expert_similarity,inter_expert_similarity_e0_e0,inter_expert_similarity_e0_e1,inter_expert_similarity_e0_e2,inter_expert_similarity_e0_e3,inter_expert_similarity_e1_e0,inter_expert_similarity_e1_e1,inter_expert_similarity_e1_e2,inter_expert_similarity_e1_e3,inter_expert_similarity_e2_e0,inter_expert_similarity_e2_e1,inter_expert_similarity_e2_e2,inter_expert_similarity_e2_e3,inter_expert_similarity_e3_e0,inter_expert_similarity_e3_e1,inter_expert_similarity_e3_e2,inter_expert_similarity_e3_e3,intra_expert_coherence_e0,intra_expert_coherence_e1,intra_expert_coherence_e2,intra_expert_coherence_e3,load_cv,load_max_min_ratio,overall_task_conflict_cos,router_entropy,router_load_e0,router_load_e1,router_load_e2,router_load_e3,task_acc__glue_cola,task_acc__glue_mrpc,task_acc__glue_rte,task_conflict_t0_t0,task_conflict_t0_t1,task_conflict_t0_t2,task_conflict_t1_t0,task_conflict_t1_t1,task_conflict_t1_t2,task_conflict_t2_t0,task_conflict_t2_t1,task_conflict_t2_t2,task_grad_norm_cv,task_loss__glue_cola,task_loss__glue_mrpc,task_loss__glue_rte,utilization_ratio
1.0,2.861825004220009,0.6193446967514794,4.653188143653831,0.6045697198108118,4.894408155554318,0.9874930042442474,0.864633541337794,0.9328853576694357,0.8711646419616338,0.7868153572310594,0.8638747245499807,0.48284053802490234,0.4759240746498108,0.4673989415168762,0.5981683731079102,0.5060829818248749,0.0172755590650833,1.0,0.03907071041189102,-0.19737571299112308,-0.06307431579004295,0.03907071041189102,1.0,-0.0019250289200200494,0.3908337025158329,-0.19737571299112308,-0.0019250289200200494,1.0,-0.06387600083603803,-0.06307431579004295,0.3908337025158329,-0.06387600083603803,1.0,0.9769149701337283,0.9936039496727411,0.9899087785200034,0.9895443186505165,1.131931730027898,27.06501911841787,0.8529114228580791,0.6689882311556075,0.0266452394425869,0.22028566896915436,0.7211539149284363,0.031915146857500076,0.6912751677852349,0.6495098039215687,0.4729241877256318,1.0,0.8148974320843705,0.9625823082793427,0.8148974320843705,1.0,0.7812545282105242,0.9625823082793427,0.7812545282105242,1.0,0.2629439375895833,5.085412555503336,2.71426141742232,6.883550493737299,0.5
