step,train_step_loss,train_acc,train_loss,val_acc,val_loss,avg_intra_expert_coherence,expert_diversity_e0,expert_diversity_e1,expert_diversity_e2,expert_diversity_e3,expert_diversity_mean,expert_purity_e0,expert_purity_e1,expert_purity_e2,expert_purity_e3,expert_purity_mean,inter_expert_similarity,inter_expert_similarity_e0_e0,inter_expert_similarity_e0_e1,inter_expert_similarity_e0_e2,inter_expert_similarity_e0_e3,inter_expert_similarity_e1_e0,inter_expert_similarity_e1_e1,inter_expert_similarity_e1_e2,inter_expert_similarity_e1_e3,inter_expert_similarity_e2_e0,inter_expert_similarity_e2_e1,inter_expert_similarity_e2_e2,inter_expert_similarity_e2_e3,inter_expert_similarity_e3_e0,inter_expert_similarity_e3_e1,inter_expert_similarity_e3_e2,inter_expert_similarity_e3_e3,intra_expert_coherence_e0,intra_expert_coherence_e1,intra_expert_coherence_e2,intra_expert_coherence_e3,load_cv,load_max_min_ratio,overall_task_conflict_cos,router_entropy,router_load_e0,router_load_e1,router_load_e2,router_load_e3,task_acc__glue_rte,task_conflict_t0_t0,task_grad_norm_cv,task_loss__glue_rte,utilization_ratio
50.0,0.6921246647834778,0.5100401606425703,0.6909775585318223,0.48375451263537905,0.6931417220168643,1.0,0.0,0.0,0.0,0.0,0.0,1.0,1.0,1.0,1.0,1.0,0.004417509960118753,1.0,0.0,0.0,0.0,0.0,1.0,0.0,0.026505059760712518,0.0,0.0,1.0,0.0,0.0,0.026505059760712518,0.0,1.0,1.0,1.0,1.0,1.0,1.0006355047225952,512606561183.92944,1.0,0.6922938152340775,0.0,0.5126065611839294,0.0,0.48739349842071533,0.48375451263537905,1.0,0.0,0.6931417220168643,0.5
100.0,0.6566263139247894,0.6389558232931727,0.6628706144980895,0.6209386281588448,0.6646657933791479,1.0,0.0,0.0,0.0,0.0,0.0,1.0,1.0,1.0,1.0,1.0,0.0037574746431202574,1.0,0.0,0.0,0.0,0.0,1.0,0.0,0.022544847858721545,0.0,0.0,1.0,0.0,0.0,0.022544847858721545,0.0,1.0,1.0,1.0,1.0,1.0,0.9780793812180303,316.58388584262457,1.0,0.6908181669049315,0.00945298932492733,0.49027860164642334,0.0015752325998619199,0.4986932575702667,0.6209386281588448,1.0,0.0,0.6646657933791479,0.5
150.0,0.6594365835189819,0.7096385542168675,0.6339263844948549,0.6606498194945848,0.644004848268297,1.0,0.0,0.0,0.0,0.0,0.0,1.0,1.0,1.0,1.0,1.0,0.006700761787863107,1.0,0.0,0.0,0.0,0.0,1.0,0.0,0.04020457072717864,0.0,0.0,1.0,0.0,0.0,0.04020457072717864,0.0,1.0,1.0,1.0,1.0,1.0,1.000481367111206,510970890522.0032,1.0,0.6897770136272003,0.0,0.5109708905220032,0.0,0.4890291392803192,0.6606498194945848,1.0,0.0,0.644004848268297,0.5
