step,train_step_loss,train_acc,train_loss,val_acc,val_loss,avg_intra_expert_coherence,expert_diversity_e0,expert_diversity_e1,expert_diversity_e2,expert_diversity_e3,expert_diversity_mean,expert_purity_e0,expert_purity_e1,expert_purity_e2,expert_purity_e3,expert_purity_mean,inter_expert_similarity,inter_expert_similarity_e0_e0,inter_expert_similarity_e0_e1,inter_expert_similarity_e0_e2,inter_expert_similarity_e0_e3,inter_expert_similarity_e1_e0,inter_expert_similarity_e1_e1,inter_expert_similarity_e1_e2,inter_expert_similarity_e1_e3,inter_expert_similarity_e2_e0,inter_expert_similarity_e2_e1,inter_expert_similarity_e2_e2,inter_expert_similarity_e2_e3,inter_expert_similarity_e3_e0,inter_expert_similarity_e3_e1,inter_expert_similarity_e3_e2,inter_expert_similarity_e3_e3,intra_expert_coherence_e0,intra_expert_coherence_e1,intra_expert_coherence_e2,intra_expert_coherence_e3,load_cv,load_max_min_ratio,overall_task_conflict_cos,router_entropy,router_load_e0,router_load_e1,router_load_e2,router_load_e3,task_acc__glue_rte,task_conflict_t0_t0,task_grad_norm_cv,task_loss__glue_rte,utilization_ratio
50.0,0.7209134697914124,0.4983935742971888,0.7027728394820141,0.4729241877256318,0.7125214272075229,1.0,0.0,0.0,0.0,0.0,0.0,1.0,1.0,1.0,1.0,1.0,-0.023812420704460793,1.0,0.0,-0.14287452422676475,0.0,0.0,1.0,0.0,0.0,-0.14287452422676475,0.0,1.0,0.0,0.0,0.0,0.0,1.0,1.0,1.0,1.0,1.0,1.7297154439513287,998988747596.7407,1.0,0.00798720542328022,0.9989887475967407,0.0,0.0010115912882611156,0.0,0.4729241877256318,1.0,0.0,0.7125214272075229,0.25
100.0,0.639188289642334,0.5016064257028112,0.7091157387464475,0.5270758122743683,0.6960687885681788,1.0,0.0,0.0,0.0,0.0,0.0,1.0,1.0,1.0,1.0,1.0,-0.014108610964956107,1.0,0.0,-0.08465166578973664,0.0,0.0,1.0,0.0,0.0,-0.08465166578973664,0.0,1.0,0.0,0.0,0.0,0.0,1.0,1.0,1.0,1.0,1.0,1.7315579492782325,999786496162.4146,1.0,0.002017452250426427,0.9997864961624146,0.0,0.000213440420338884,0.0,0.5270758122743683,1.0,0.0,0.6960687885681788,0.25
150.0,0.7112925946712494,0.5016064257028112,0.6947387907367487,0.5270758122743683,0.6904424462053511,1.0,0.0,0.0,0.0,0.0,0.0,1.0,1.0,1.0,1.0,1.0,-0.01393439140445542,1.0,0.0,-0.08360634842673252,0.0,0.0,1.0,0.0,0.0,-0.08360634842673252,0.0,1.0,0.0,0.0,0.0,0.0,1.0,1.0,1.0,1.0,1.0,1.7310918249001295,999584555625.9155,1.0,0.0036489576208892714,0.9995845556259155,0.0,0.0004153058398514986,0.0,0.5270758122743683,1.0,0.0,0.6904424462053511,0.25
