step,train_step_loss,train_acc,train_loss,val_acc,val_loss,avg_intra_expert_coherence,expert_diversity_e0,expert_diversity_e1,expert_diversity_e2,expert_diversity_e3,expert_diversity_mean,expert_purity_e0,expert_purity_e1,expert_purity_e2,expert_purity_e3,expert_purity_mean,inter_expert_similarity,inter_expert_similarity_e0_e0,inter_expert_similarity_e0_e1,inter_expert_similarity_e0_e2,inter_expert_similarity_e0_e3,inter_expert_similarity_e1_e0,inter_expert_similarity_e1_e1,inter_expert_similarity_e1_e2,inter_expert_similarity_e1_e3,inter_expert_similarity_e2_e0,inter_expert_similarity_e2_e1,inter_expert_similarity_e2_e2,inter_expert_similarity_e2_e3,inter_expert_similarity_e3_e0,inter_expert_similarity_e3_e1,inter_expert_similarity_e3_e2,inter_expert_similarity_e3_e3,intra_expert_coherence_e0,intra_expert_coherence_e1,intra_expert_coherence_e2,intra_expert_coherence_e3,load_cv,load_max_min_ratio,overall_task_conflict_cos,router_entropy,router_load_e0,router_load_e1,router_load_e2,router_load_e3,task_acc__glue_rte,task_conflict_t0_t0,task_grad_norm_cv,task_loss__glue_rte,utilization_ratio
50.0,0.6842670738697052,0.5016064257028112,0.8335533761825317,0.5270758122743683,0.7950337181488673,1.0,0.0,0.0,0.0,0.0,0.0,1.0,1.0,1.0,1.0,1.0,0.04916972629028041,1.0,0.0,0.0,0.29501835774168245,0.0,1.0,0.0,0.0,0.0,0.0,1.0,0.0,0.29501835774168245,0.0,0.0,1.0,1.0,1.0,1.0,1.0,1.6282318693036566,954303920269.0125,1.0,0.18564104947802823,0.04569574445486069,0.0,0.0,0.9543039202690125,0.5270758122743683,1.0,0.0,0.7950337181488673,0.25
100.0,0.7607408761978149,0.4983935742971888,0.7178608158077949,0.4729241877256318,0.7335160242186652,1.0,0.0,0.0,0.0,0.0,0.0,1.0,1.0,1.0,1.0,1.0,-0.0004994318812115772,1.0,0.0,0.0,0.0,0.0,1.0,-0.002996591287269463,0.0,0.0,-0.002996591287269463,1.0,0.0,0.0,0.0,0.0,1.0,1.0,1.0,1.0,1.0,1.7319788379719643,999969065189.3616,1.0,0.00035502178012813686,0.0,3.120921610388905e-05,0.9999690651893616,0.0,0.4729241877256318,1.0,0.0,0.7335160242186652,0.25
150.0,0.703420490026474,0.5016064257028112,0.6941098792430682,0.5270758122743683,0.6907203329934014,1.0,0.0,0.0,0.0,0.0,0.0,1.0,1.0,1.0,1.0,1.0,-0.00028439799397144956,1.0,0.0,-0.0017063879638286974,0.0,0.0,1.0,0.0,0.0,-0.0017063879638286974,0.0,1.0,0.0,0.0,0.0,0.0,1.0,1.0,1.0,1.0,1.0,1.7320471682604752,999998331069.9463,1.0,2.2303720575585853e-05,1.5515511222474743e-06,0.0,0.9999983310699463,0.0,0.5270758122743683,1.0,0.0,0.6907203329934014,0.25
