step,train_step_loss,train_acc,train_loss,val_acc,val_loss,avg_intra_expert_coherence,expert_diversity_e0,expert_diversity_e1,expert_diversity_e2,expert_diversity_e3,expert_diversity_mean,expert_purity_e0,expert_purity_e1,expert_purity_e2,expert_purity_e3,expert_purity_mean,inter_expert_similarity,inter_expert_similarity_e0_e0,inter_expert_similarity_e0_e1,inter_expert_similarity_e0_e2,inter_expert_similarity_e0_e3,inter_expert_similarity_e1_e0,inter_expert_similarity_e1_e1,inter_expert_similarity_e1_e2,inter_expert_similarity_e1_e3,inter_expert_similarity_e2_e0,inter_expert_similarity_e2_e1,inter_expert_similarity_e2_e2,inter_expert_similarity_e2_e3,inter_expert_similarity_e3_e0,inter_expert_similarity_e3_e1,inter_expert_similarity_e3_e2,inter_expert_similarity_e3_e3,intra_expert_coherence_e0,intra_expert_coherence_e1,intra_expert_coherence_e2,intra_expert_coherence_e3,load_cv,load_max_min_ratio,overall_task_conflict_cos,router_entropy,router_load_e0,router_load_e1,router_load_e2,router_load_e3,task_acc__glue_mrpc,task_conflict_t0_t0,task_grad_norm_cv,task_loss__glue_mrpc,utilization_ratio
50.0,0.4624681919813156,0.7470010905125409,0.4936380378254082,0.7401960784313726,0.4913073998804276,1.0,0.0,0.0,0.0,0.0,0.0,1.0,1.0,1.0,1.0,1.0,-0.001988880769710875,1.0,0.0,0.0,0.0,0.0,1.0,-0.01193328461826525,0.0,0.0,-0.01193328461826525,1.0,0.0,0.0,0.0,0.0,1.0,1.0,1.0,1.0,1.0,1.049943867322437,613127231597.9004,1.0,0.647380717829162,0.0,0.38687270879745483,0.6131272315979004,0.0,0.7401960784313726,1.0,0.0,0.4913073998804276,0.5
100.0,0.5452990382909775,0.8227917121046892,0.3740529135193514,0.8259803921568627,0.37854931675470793,1.0,0.0,0.0,0.0,0.0,0.0,1.0,1.0,1.0,1.0,1.0,-0.0003203060012466967,1.0,0.0,0.0,0.0,0.0,1.0,-0.0019218360074801804,0.0,0.0,-0.0019218360074801804,1.0,0.0,0.0,0.0,0.0,1.0,1.0,1.0,1.0,1.0,1.1119134426116943,671883523464.2029,1.0,0.5216112376428118,0.0,0.3281165063381195,0.6718835234642029,0.0,0.8259803921568627,1.0,0.0,0.37854931675470793,0.5
150.0,0.8180417418479919,0.8200654307524536,0.4248496097472051,0.821078431372549,0.4281939167815905,1.0,0.0,0.0,0.0,0.0,0.0,1.0,1.0,1.0,1.0,1.0,0.0067215162355667496,1.0,0.0,0.0,0.0,0.0,1.0,0.040329097413400496,0.0,0.0,0.040329097413400496,1.0,0.0,0.0,0.0,0.0,1.0,1.0,1.0,1.0,1.0,1.2540957927703857,768360972404.48,1.0,0.4658961319455914,0.0018410342745482922,0.22979804873466492,0.76836097240448,0.0,0.821078431372549,1.0,0.0,0.4281939167815905,0.5
