step,train_step_loss,train_acc,train_loss,val_acc,val_loss,avg_intra_expert_coherence,expert_diversity_e0,expert_diversity_e1,expert_diversity_e2,expert_diversity_e3,expert_diversity_mean,expert_purity_e0,expert_purity_e1,expert_purity_e2,expert_purity_e3,expert_purity_mean,inter_expert_similarity,inter_expert_similarity_e0_e0,inter_expert_similarity_e0_e1,inter_expert_similarity_e0_e2,inter_expert_similarity_e0_e3,inter_expert_similarity_e1_e0,inter_expert_similarity_e1_e1,inter_expert_similarity_e1_e2,inter_expert_similarity_e1_e3,inter_expert_similarity_e2_e0,inter_expert_similarity_e2_e1,inter_expert_similarity_e2_e2,inter_expert_similarity_e2_e3,inter_expert_similarity_e3_e0,inter_expert_similarity_e3_e1,inter_expert_similarity_e3_e2,inter_expert_similarity_e3_e3,intra_expert_coherence_e0,intra_expert_coherence_e1,intra_expert_coherence_e2,intra_expert_coherence_e3,load_cv,load_max_min_ratio,overall_task_conflict_cos,router_entropy,router_load_e0,router_load_e1,router_load_e2,router_load_e3,task_acc__glue_rte,task_conflict_t0_t0,task_grad_norm_cv,task_loss__glue_rte,utilization_ratio
50.0,0.6939554810523987,0.4983935742971888,0.693173406406855,0.4729241877256318,0.6935124695301056,1.0,0.0,0.0,0.0,0.0,0.0,1.0,1.0,1.0,1.0,1.0,0.04729427399730085,1.0,0.0,0.2837656439838051,0.0,0.0,1.0,0.0,0.0,0.2837656439838051,0.0,1.0,0.0,0.0,0.0,0.0,1.0,1.0,1.0,1.0,1.0,1.2593071725462057,770614087581.6345,1.0,0.538533637669973,0.7706140875816345,0.0,0.22938629984855652,0.0,0.4729241877256318,1.0,0.0,0.6935124695301056,0.5
100.0,0.724143773317337,0.5016064257028112,0.6933144027223954,0.5270758122743683,0.691721166173617,1.0,0.0,0.0,0.0,0.0,0.0,1.0,1.0,1.0,1.0,1.0,0.036488143842416436,1.0,0.2189288630544986,0.0,0.0,0.2189288630544986,1.0,0.0,0.0,0.0,0.0,1.0,0.0,0.0,0.0,0.0,1.0,1.0,1.0,1.0,1.0,1.2565718277521545,769019901752.4719,1.0,0.5404582359300193,0.7690199017524719,0.23098039627075195,0.0,0.0,0.5270758122743683,1.0,0.0,0.691721166173617,0.5
150.0,0.6951278448104858,0.5016064257028112,0.6967010470537038,0.5270758122743683,0.6904158857133653,1.0,0.0,0.0,0.0,0.0,0.0,1.0,1.0,1.0,1.0,1.0,0.03806217835674382,1.0,0.0,0.2283730701404629,0.0,0.0,1.0,0.0,0.0,0.2283730701404629,0.0,1.0,0.0,0.0,0.0,0.0,1.0,1.0,1.0,1.0,1.0,1.4794665623982997,885490357875.824,1.0,0.3558415772682493,0.885490357875824,0.0,0.11450982093811035,0.0,0.5270758122743683,1.0,0.0,0.6904158857133653,0.25
