step,train_step_loss,train_acc,train_loss,val_acc,val_loss,avg_intra_expert_coherence,expert_diversity_e0,expert_diversity_e1,expert_diversity_e2,expert_diversity_e3,expert_diversity_mean,expert_purity_e0,expert_purity_e1,expert_purity_e2,expert_purity_e3,expert_purity_mean,inter_expert_similarity,inter_expert_similarity_e0_e0,inter_expert_similarity_e0_e1,inter_expert_similarity_e0_e2,inter_expert_similarity_e0_e3,inter_expert_similarity_e1_e0,inter_expert_similarity_e1_e1,inter_expert_similarity_e1_e2,inter_expert_similarity_e1_e3,inter_expert_similarity_e2_e0,inter_expert_similarity_e2_e1,inter_expert_similarity_e2_e2,inter_expert_similarity_e2_e3,inter_expert_similarity_e3_e0,inter_expert_similarity_e3_e1,inter_expert_similarity_e3_e2,inter_expert_similarity_e3_e3,intra_expert_coherence_e0,intra_expert_coherence_e1,intra_expert_coherence_e2,intra_expert_coherence_e3,load_cv,load_max_min_ratio,overall_task_conflict_cos,router_entropy,router_load_e0,router_load_e1,router_load_e2,router_load_e3,task_acc__glue_rte,task_conflict_t0_t0,task_grad_norm_cv,task_loss__glue_rte,utilization_ratio
50.0,0.7608831524848938,0.4983935742971888,0.6935665806134542,0.4729241877256318,0.6953033473756578,1.0,0.0,0.0,0.0,0.0,0.0,1.0,1.0,1.0,1.0,1.0,-0.03286421795406982,1.0,0.0,-0.19718530772441892,0.0,0.0,1.0,0.0,0.0,-0.19718530772441892,0.0,1.0,0.0,0.0,0.0,0.0,1.0,1.0,1.0,1.0,1.0,1.7172381022884724,993572115898.1323,1.0,0.038849961671588225,0.9935721158981323,0.0,0.006427988409996033,0.0,0.4729241877256318,1.0,0.0,0.6953033473756578,0.25
100.0,0.7518493235111237,0.4983935742971888,0.7150860842221822,0.4729241877256318,0.7298146618737115,1.0,0.0,0.0,0.0,0.0,0.0,1.0,1.0,1.0,1.0,1.0,-0.016568996895848807,1.0,0.0,-0.09941398137509284,0.0,0.0,1.0,0.0,0.0,-0.09941398137509284,0.0,1.0,0.0,0.0,0.0,0.0,1.0,1.0,1.0,1.0,1.0,1.6979720412476087,985168576240.5396,1.0,0.07717572889603433,0.9851685762405396,0.0,0.014831336215138435,0.0,0.4729241877256318,1.0,0.0,0.7298146618737115,0.25
150.0,0.7354855537414551,0.5016064257028112,0.700139758296502,0.5270758122743683,0.6914050943321652,1.0,0.0,0.0,0.0,0.0,0.0,1.0,1.0,1.0,1.0,1.0,0.028933417844835482,1.0,0.0,0.0,0.1736005070690129,0.0,1.0,0.0,0.0,0.0,0.0,1.0,0.0,0.1736005070690129,0.0,0.0,1.0,1.0,1.0,1.0,1.0,1.6058704600643015,944243967533.1116,1.0,0.21512758688806197,0.9442439675331116,0.0,0.0,0.055756326764822006,0.5270758122743683,1.0,0.0,0.6914050943321652,0.25
