step,train_step_loss,train_acc,train_loss,val_acc,val_loss,avg_intra_expert_coherence,expert_diversity_e0,expert_diversity_e1,expert_diversity_e2,expert_diversity_e3,expert_diversity_mean,expert_purity_e0,expert_purity_e1,expert_purity_e2,expert_purity_e3,expert_purity_mean,inter_expert_similarity,inter_expert_similarity_e0_e0,inter_expert_similarity_e0_e1,inter_expert_similarity_e0_e2,inter_expert_similarity_e0_e3,inter_expert_similarity_e1_e0,inter_expert_similarity_e1_e1,inter_expert_similarity_e1_e2,inter_expert_similarity_e1_e3,inter_expert_similarity_e2_e0,inter_expert_similarity_e2_e1,inter_expert_similarity_e2_e2,inter_expert_similarity_e2_e3,inter_expert_similarity_e3_e0,inter_expert_similarity_e3_e1,inter_expert_similarity_e3_e2,inter_expert_similarity_e3_e3,intra_expert_coherence_e0,intra_expert_coherence_e1,intra_expert_coherence_e2,intra_expert_coherence_e3,load_cv,load_max_min_ratio,overall_task_conflict_cos,router_entropy,router_load_e0,router_load_e1,router_load_e2,router_load_e3,task_acc__glue_mrpc,task_conflict_t0_t0,task_grad_norm_cv,task_loss__glue_mrpc,utilization_ratio
50.0,0.5356574952602386,0.7617230098146128,0.5037349882819082,0.7598039215686274,0.49178967768183124,1.0,0.0,0.0,0.0,0.0,0.0,1.0,1.0,1.0,1.0,1.0,-0.032090553967989724,1.0,0.0,0.0,0.0,0.0,1.0,-0.19254332380793834,0.0,0.0,-0.19254332380793834,1.0,0.0,0.0,0.0,0.0,1.0,1.0,1.0,1.0,1.0,0.9913038025732276,520052015781.4026,1.0,0.6897021707366494,0.0,0.4745393693447113,0.5200520157814026,0.005408795550465584,0.7598039215686274,1.0,0.0,0.49178967768183124,0.5
100.0,0.5356854200363159,0.8446019629225736,0.36947701710235814,0.8235294117647058,0.3731044436303469,1.0,0.0,0.0,0.0,0.0,0.0,1.0,1.0,1.0,1.0,1.0,-0.01753681190068131,1.0,0.0,0.0,0.0,0.0,1.0,-0.10522087140408785,0.0,0.0,-0.10522087140408785,1.0,0.0,0.0,0.0,0.0,1.0,1.0,1.0,1.0,1.0,0.9816218592669796,545580863952.6367,1.0,0.6870740254720052,0.0,0.4393279254436493,0.5455808639526367,0.01509108953177929,0.8235294117647058,1.0,0.0,0.3731044436303469,0.5
150.0,0.5032582730054855,0.846782988004362,0.3593325401858791,0.8186274509803921,0.3803310261752743,1.0,0.0,0.0,0.0,0.0,0.0,1.0,1.0,1.0,1.0,1.0,-0.019766454648372147,1.0,0.0,0.0,0.0,0.0,1.0,-0.11859872789023289,0.0,0.0,-0.11859872789023289,1.0,0.0,0.0,0.0,0.0,1.0,1.0,1.0,1.0,1.0,0.9988497495651245,527947068214.4165,1.0,0.6886265932344923,0.0,0.5279470682144165,0.4697785973548889,0.002274333732202649,0.8186274509803921,1.0,0.0,0.3803310261752743,0.5
