step,train_step_loss,train_acc,train_loss,val_acc,val_loss,avg_intra_expert_coherence,expert_diversity_e0,expert_diversity_e1,expert_diversity_e2,expert_diversity_e3,expert_diversity_mean,expert_purity_e0,expert_purity_e1,expert_purity_e2,expert_purity_e3,expert_purity_mean,inter_expert_similarity,inter_expert_similarity_e0_e0,inter_expert_similarity_e0_e1,inter_expert_similarity_e0_e2,inter_expert_similarity_e0_e3,inter_expert_similarity_e1_e0,inter_expert_similarity_e1_e1,inter_expert_similarity_e1_e2,inter_expert_similarity_e1_e3,inter_expert_similarity_e2_e0,inter_expert_similarity_e2_e1,inter_expert_similarity_e2_e2,inter_expert_similarity_e2_e3,inter_expert_similarity_e3_e0,inter_expert_similarity_e3_e1,inter_expert_similarity_e3_e2,inter_expert_similarity_e3_e3,intra_expert_coherence_e0,intra_expert_coherence_e1,intra_expert_coherence_e2,intra_expert_coherence_e3,load_cv,load_max_min_ratio,overall_task_conflict_cos,router_entropy,router_load_e0,router_load_e1,router_load_e2,router_load_e3,task_acc__glue_mrpc,task_conflict_t0_t0,task_grad_norm_cv,task_loss__glue_mrpc,utilization_ratio
50.0,0.5332664549350739,0.6744820065430752,0.6358186499580093,0.6838235294117647,0.6316947048673263,1.0,0.0,0.0,0.0,0.0,0.0,1.0,1.0,1.0,1.0,1.0,0.01153537029278016,1.0,0.0,0.0,0.0,0.0,1.0,0.0,0.06921222175668096,0.0,0.0,1.0,0.0,0.0,0.06921222175668096,0.0,1.0,1.0,1.0,1.0,1.0,1.0179148891073597,567222535610.199,1.0,0.6840820908546448,0.0,0.4327775537967682,0.0,0.567222535610199,0.6838235294117647,1.0,0.0,0.6316947048673263,0.5
100.0,0.7198988497257233,0.6744820065430752,0.6753010241881661,0.6838235294117647,0.674512329009863,1.0,0.0,0.0,0.0,0.0,0.0,1.0,1.0,1.0,1.0,1.0,0.002697416201292367,1.0,0.0,0.0,0.0,0.0,1.0,0.0,0.0,0.0,0.0,1.0,0.016184497207754202,0.0,0.0,0.016184497207754202,1.0,1.0,1.0,1.0,1.0,1.2875494614184544,786745548248.291,1.0,0.5182368615094353,0.0,0.0,0.21325455605983734,0.786745548248291,0.6838235294117647,1.0,0.0,0.674512329009863,0.5
150.0,0.6733197867870331,0.6744820065430752,0.6329352874470794,0.6838235294117647,0.6250988846788039,1.0,0.0,0.0,0.0,0.0,0.0,1.0,1.0,1.0,1.0,1.0,0.01836710610826636,1.0,0.0,0.0,0.0,0.0,1.0,0.0,0.11020263664959815,0.0,0.0,1.0,0.0,0.0,0.11020263664959815,0.0,1.0,1.0,1.0,1.0,1.0,1.2738231207691864,778976738452.9114,1.0,0.5281996130943298,0.0,0.22102288901805878,0.0,0.7789767384529114,0.6838235294117647,1.0,0.0,0.6250988846788039,0.5
