step,train_step_loss,train_acc,train_loss,val_acc,val_loss,avg_intra_expert_coherence,expert_diversity_e0,expert_diversity_e1,expert_diversity_e2,expert_diversity_e3,expert_diversity_mean,expert_purity_e0,expert_purity_e1,expert_purity_e2,expert_purity_e3,expert_purity_mean,inter_expert_similarity,inter_expert_similarity_e0_e0,inter_expert_similarity_e0_e1,inter_expert_similarity_e0_e2,inter_expert_similarity_e0_e3,inter_expert_similarity_e1_e0,inter_expert_similarity_e1_e1,inter_expert_similarity_e1_e2,inter_expert_similarity_e1_e3,inter_expert_similarity_e2_e0,inter_expert_similarity_e2_e1,inter_expert_similarity_e2_e2,inter_expert_similarity_e2_e3,inter_expert_similarity_e3_e0,inter_expert_similarity_e3_e1,inter_expert_similarity_e3_e2,inter_expert_similarity_e3_e3,intra_expert_coherence_e0,intra_expert_coherence_e1,intra_expert_coherence_e2,intra_expert_coherence_e3,load_cv,load_max_min_ratio,overall_task_conflict_cos,router_entropy,router_load_e0,router_load_e1,router_load_e2,router_load_e3,task_acc__glue_cola,task_acc__glue_mrpc,task_acc__glue_rte,task_conflict_t0_t0,task_conflict_t0_t1,task_conflict_t0_t2,task_conflict_t1_t0,task_conflict_t1_t1,task_conflict_t1_t2,task_conflict_t2_t0,task_conflict_t2_t1,task_conflict_t2_t2,task_grad_norm_cv,task_loss__glue_cola,task_loss__glue_mrpc,task_loss__glue_rte,utilization_ratio
1.0,0.5163609037796656,0.625745881252294,0.7076949995982975,0.6160076283075439,0.7183165965643227,0.8101451244964826,0.9249046314666463,0.9743690962982382,0.9364130927790753,0.9776193739726914,0.9533265486291628,0.4795707166194916,0.42082688212394714,0.47676461935043335,0.39672383666038513,0.4434715136885643,-0.015087115075065891,1.0,-0.40446203847053336,-0.2186988736497442,-0.13996438693937646,-0.40446203847053336,1.0,0.14886554261969268,0.186561474848672,-0.2186988736497442,0.14886554261969268,1.0,0.33717559114089396,-0.13996438693937646,0.186561474848672,0.33717559114089396,1.0,0.6819015900979578,0.8671128342637524,0.8442525133950117,0.847313560229208,0.3177132445065392,2.6775670506844365,0.794256657686866,1.3181593040763229,0.3328716456890106,0.3001764118671417,0.1243186965584755,0.2426334023475647,0.6912751677852349,0.6838235294117647,0.4729241877256318,1.0,0.9144750811137621,0.7320820583576123,0.9144750811137621,1.0,0.7362128335892233,0.7320820583576123,0.7362128335892233,1.0,0.2869820840558094,0.6144060687595652,0.6408793235234186,0.899664397409984,0.75
