ts_epoch,event,phase,completed_jobs,total_jobs,failed_jobs,percent,eta_sec,elapsed_sec
1774377198.0564902,init,,0,0,0,0.0,,2.09808349609375e-05
1774377198.0567513,pipeline_start,,0,0,0,0.0,,0.00030040740966796875
1774377198.0573475,lock_wait,,0,0,0,0.0,,0.0005238056182861328
1774377198.057555,lock_acquired,,0,0,0,0.0,,0.0011348724365234375
1774377198.0578048,method_start,,0,0,0,0.0,,0.0013186931610107422
1774377198.0580332,lock_wait,,0,0,0,0.0,,0.00160980224609375
1774377198.058225,lock_acquired,,0,0,0,0.0,,0.0018067359924316406
1774377198.0584235,lock_released,,0,0,0,0.0,,0.001994609832763672
1774377198.0595934,lock_wait,,0,0,0,0.0,,0.0031621456146240234
1774377198.0597875,lock_acquired,,0,0,0,0.0,,0.0033690929412841797
1774377198.0599718,plan_add,,0,64,0,0.0,,0.0035521984100341797
1774377198.0601542,phase_start,baseline:coord:train.lr,0,64,0,0.0,,0.003735065460205078
1774377212.059228,group_slots,baseline:coord:train.lr,0,64,0,0.0,,14.002633810043335
1774377212.0735068,group_start,baseline:coord:train.lr,0,64,0,0.0,,14.003005504608154
1774377380.2069974,job_done,baseline:coord:train.lr,1,64,0,1.5625,11475.478604793549,182.15045404434204
1774377380.7259529,job_done,baseline:coord:train.lr,2,64,0,3.125,5662.750039339066,182.6693561077118
1774377380.7819312,job_done,baseline:coord:train.lr,3,64,0,4.6875,3715.417551994324,182.72545337677002
1774377381.029856,job_done,baseline:coord:train.lr,4,64,0,6.25,2744.5980763435364,182.9732050895691
1774377381.1305683,job_done,baseline:coord:train.lr,5,64,0,7.8125,2160.2741720199583,183.07408237457275
1774377381.1936615,job_done,baseline:coord:train.lr,6,64,0,9.375,1770.325256029765,183.13709545135498
1774377540.8692205,job_done,baseline:coord:train.lr,7,64,0,10.9375,2791.4743577752797,342.8126404285431
1774377543.4533913,job_done,baseline:coord:train.lr,8,64,0,12.5,2417.777198076248,345.39674258232117
1774377545.2946525,job_done,baseline:coord:train.lr,9,64,0,14.0625,2122.009356949064,347.2378947734833
1774377545.3985713,job_done,baseline:coord:train.lr,10,64,0,15.625,1875.6462168216706,347.34189200401306
1774377545.6882393,job_done,baseline:coord:train.lr,11,64,0,17.1875,1674.9526653289795,347.631685256958
1774377545.7584183,job_done,baseline:coord:train.lr,12,64,0,18.75,1506.708105246226,347.70187044143677
1774377695.75914,job_done,baseline:coord:train.lr,13,64,0,20.3125,1952.525349855423,497.70254015922546
1774377702.1342132,job_done,baseline:coord:train.lr,14,64,0,21.875,1800.2771624497007,504.07760548591614
1774377706.8063767,job_done,baseline:coord:train.lr,15,64,0,23.4375,1661.8704015890758,508.73583722114563
1774377707.9555702,job_done,baseline:coord:train.lr,16,64,0,25.0,1529.6971356868744,509.89904522895813
1774377708.309281,job_done,baseline:coord:train.lr,17,64,0,26.5625,1410.6987976466908,510.2527565956116
1774377708.3134832,job_done,baseline:coord:train.lr,18,64,0,28.125,1303.9826563464271,510.2540829181671
1774377847.681165,job_done,baseline:coord:train.lr,19,64,0,29.6875,1538.5844297158092,649.6245369911194
1774377856.04981,job_done,baseline:coord:train.lr,20,64,0,31.25,1447.5850149631501,657.9931886196136
1774377867.1048708,job_done,baseline:coord:train.lr,21,64,0,32.8125,1369.9559701737903,669.048264503479
1774377868.1218753,job_done,baseline:coord:train.lr,22,64,0,34.375,1279.2156641916795,670.0653479099274
1774377870.056718,job_done,baseline:coord:train.lr,23,64,0,35.9375,1197.9132717070372,672.000128030777
1774377870.1230552,job_done,baseline:coord:train.lr,24,64,0,37.5,1120.1106973489127,672.0664184093475
1774377999.0013564,job_done,baseline:coord:train.lr,25,64,0,39.0625,1249.4737803554535,800.9447309970856
1774378009.2271693,job_done,baseline:coord:train.lr,26,64,0,40.625,1185.5569839844338,811.1705679893494
1774378026.8173788,job_done,baseline:coord:train.lr,27,64,0,42.1875,1135.709188417152,828.7607591152191
1774378028.2878456,job_done,baseline:coord:train.lr,28,64,0,43.75,1067.4402105127062,830.2312748432159
1774378031.0980542,job_done,baseline:coord:train.lr,29,64,0,45.3125,1005.3780289353996,833.027509689331
1774378031.308516,job_done,baseline:coord:train.lr,30,64,0,46.875,944.3520457426706,833.2518050670624
1774378150.8938084,job_done,baseline:coord:train.lr,31,64,0,48.4375,1014.310462082586,952.8371007442474
1774378163.0415936,job_done,baseline:coord:train.lr,32,64,0,50.0,964.9849750995636,964.9849750995636
1774378186.1589513,job_done,baseline:coord:train.lr,33,64,0,51.5625,928.2173530405217,988.1023435592651
1774378188.470018,job_done,baseline:coord:train.lr,34,64,0,53.125,873.8941818826338,990.4134061336517
1774378191.687797,job_done,baseline:coord:train.lr,35,64,0,54.6875,823.2944347722189,993.6312143802643
1774378191.8190384,job_done,baseline:coord:train.lr,36,64,0,56.25,772.9263694551256,993.7624750137329
1774378304.7131977,job_done,baseline:coord:train.lr,37,64,0,57.8125,807.5602364089037,1106.6566202640533
1774378315.9876208,job_done,baseline:coord:train.lr,38,64,0,59.375,764.9001928003211,1117.9310510158539
1774378344.1134715,job_done,baseline:coord:train.lr,39,64,0,60.9375,734.6518125289525,1146.056827545166
1774378348.024758,job_done,baseline:coord:train.lr,40,64,0,62.5,689.9808853626251,1149.9681422710419
1774378351.8424916,job_done,baseline:coord:train.lr,41,64,0,64.0625,647.2457227648758,1153.7858536243439
1774378352.1050618,job_done,baseline:coord:train.lr,42,64,0,65.625,604.5016015143622,1154.048511981964
1774378460.3376873,job_done,baseline:coord:train.lr,43,64,0,67.1875,616.4628065685893,1262.28098487854
1774378469.4850848,job_done,baseline:coord:train.lr,44,64,0,68.75,577.9220387068661,1271.4284851551056
1774378501.1924512,job_done,baseline:coord:train.lr,45,64,0,70.3125,550.2129210684035,1303.135865688324
1774378506.8971977,job_done,baseline:coord:train.lr,46,64,0,71.875,512.1549931401792,1308.8405380249023
1774378511.7324233,job_done,baseline:coord:train.lr,47,64,0,73.4375,475.1593212523359,1313.675770521164
1774378512.1652336,job_done,baseline:coord:train.lr,48,64,0,75.0,438.03624471028644,1314.1087341308594
1774378617.7805448,job_done,baseline:coord:train.lr,49,64,0,76.5625,434.609371691334,1419.7239475250244
1774378624.0272162,job_done,baseline:coord:train.lr,50,64,0,78.125,399.2717934036255,1425.970690727234
1774378658.0250924,job_done,baseline:coord:train.lr,51,64,0,79.6875,372.1488305119907,1459.9684889316559
1774378665.079184,job_done,baseline:coord:train.lr,52,64,0,81.25,338.54365352483893,1467.0224986076355
1774378671.3242214,job_done,baseline:coord:train.lr,53,64,0,82.8125,305.7725233896723,1473.267612695694
1774378671.8519478,job_done,baseline:coord:train.lr,54,64,0,84.375,272.9250675219077,1473.7953646183014
1774378775.467427,job_done,baseline:coord:train.lr,55,64,0,85.9375,258.121756735715,1577.4107356071472
1774378780.569047,job_done,baseline:coord:train.lr,56,64,0,87.5,226.0732101712908,1582.5124711990356
1774378813.7974749,job_done,baseline:coord:train.lr,57,64,0,89.0625,198.42430302134733,1615.7407531738281
1774378821.8575358,job_done,baseline:coord:train.lr,58,64,0,90.625,167.97939570196743,1623.8008251190186
1774378830.6175427,job_done,baseline:coord:train.lr,59,64,0,92.1875,138.3526086807251,1632.5607824325562
1774378831.175924,job_done,baseline:coord:train.lr,60,64,0,93.75,108.8746222337087,1633.1193335056305
1774378900.788821,job_done,baseline:coord:train.lr,61,64,0,95.3125,83.74093167508235,1702.732277393341
1774378904.0283058,job_done,baseline:coord:train.lr,62,64,0,96.875,55.03134548279547,1705.9717099666595
1774378915.613962,job_done,baseline:coord:train.lr,63,64,0,98.4375,27.262813552977548,1717.5572538375854
1774378917.6977258,job_done,baseline:coord:train.lr,64,64,0,100.0,,1719.640997171402
1774378917.6987762,group_end,baseline:coord:train.lr,64,64,0,100.0,,1719.642212152481
1774378917.6992006,phase_end,,64,64,0,100.0,,1719.6426253318787
1774378918.624162,lock_released,,64,64,0,100.0,,1720.5669519901276
1774378918.6280427,lock_wait,,64,64,0,100.0,,1720.5714843273163
1774378918.6284578,lock_acquired,,64,64,0,100.0,,1720.57191324234
1774378918.6288116,plan_add,,64,128,0,50.0,1720.5722801685336,1720.5722801685333
1774378918.62916,phase_start,baseline:coord:train.weight_decay,64,128,0,50.0,1720.5726337432861,1720.5726337432861
1774378932.7536948,group_slots,baseline:coord:train.weight_decay,64,128,0,50.0,1734.6970944404602,1734.6970944404602
1774378932.7539651,group_start,baseline:coord:train.weight_decay,64,128,0,50.0,1734.697494506836,1734.697494506836
1774379101.9929612,job_done,baseline:coord:train.weight_decay,65,128,0,50.78125,1845.3536016720993,1903.9362556934357
1774379102.2916076,job_done,baseline:coord:train.weight_decay,66,128,0,51.5625,1788.826800389723,1904.234981060028
1774379102.4897304,job_done,baseline:coord:train.weight_decay,67,128,0,52.34375,1733.8868565666144,1904.4331047534943
1774379102.546107,job_done,baseline:coord:train.weight_decay,68,128,0,53.125,1680.4319057043863,1904.4894931316376
1774379102.6317294,job_done,baseline:coord:train.weight_decay,69,128,0,53.90625,1628.5497351694798,1904.5751140117645
1774379102.8191266,job_done,baseline:coord:train.weight_decay,70,128,0,54.6875,1578.2318392889842,1904.7625646591187
1774379262.2993145,job_done,baseline:coord:train.weight_decay,71,128,0,55.46875,1657.20891427658,2064.242682695389
1774379264.7605686,job_done,baseline:coord:train.weight_decay,72,128,0,56.25,1607.4363964133793,2066.7039382457733
1774379266.9869747,job_done,baseline:coord:train.weight_decay,73,128,0,57.03125,1558.7831212396493,2068.9303245544434
1774379267.4614697,job_done,baseline:coord:train.weight_decay,74,128,0,57.8125,1510.1062711251748,2069.404890060425
1774379267.6616187,job_done,baseline:coord:train.weight_decay,75,128,0,58.59375,1462.5206164836884,2069.6046459674835
1774379267.7015636,job_done,baseline:coord:train.weight_decay,76,128,0,59.375,1416.0458785232745,2069.6055147647858
1774379417.2638757,job_done,baseline:coord:train.weight_decay,77,128,0,60.15625,1469.8645533400695,2219.207266807556
1774379422.9303799,job_done,baseline:coord:train.weight_decay,78,128,0,60.9375,1426.2010583510767,2224.8736510276794
1774379427.7532694,job_done,baseline:coord:train.weight_decay,79,128,0,61.71875,1382.976420336132,2229.696677684784
1774379429.1343179,job_done,baseline:coord:train.weight_decay,80,128,0,62.5,1338.646628665924,2231.077714443207
1774379429.6121645,job_done,baseline:coord:train.weight_decay,81,128,0,63.28125,1294.8532566729887,2231.555612564087
1774379429.690536,job_done,baseline:coord:train.weight_decay,82,128,0,64.0625,1251.8922555737379,2231.634020805359
1774379569.6654139,job_done,baseline:coord:train.weight_decay,83,128,0,64.84375,1285.8119843235936,2371.608771085739
1774379577.5527475,job_done,baseline:coord:train.weight_decay,84,128,0,65.625,1246.402768101011,2379.4961936473846
1774379587.8801882,job_done,baseline:coord:train.weight_decay,85,128,0,66.40625,1208.9693034368404,2389.823041677475
1774379589.6706028,job_done,baseline:coord:train.weight_decay,86,128,0,67.1875,1167.9975096569506,2391.6139483451843
1774379591.0700366,job_done,baseline:coord:train.weight_decay,87,128,0,67.96875,1127.7419441294396,2393.013393640518
1774379591.135727,job_done,baseline:coord:train.weight_decay,88,128,0,68.75,1087.763205983422,2393.0790531635284
1774379722.12186,job_done,baseline:coord:train.weight_decay,89,128,0,69.53125,1106.051057885202,2524.0652346611023
1774379731.2728302,job_done,baseline:coord:train.weight_decay,90,128,0,70.3125,1069.5802197880214,2533.2163100242615
1774379747.2021646,job_done,baseline:coord:train.weight_decay,91,128,0,71.09375,1036.465772500405,2549.145548582077
1774379750.0285697,job_done,baseline:coord:train.weight_decay,92,128,0,71.875,998.597713895466,2551.9719355106354
1774379752.5537977,job_done,baseline:coord:train.weight_decay,93,128,0,72.65625,961.3698940636009,2554.4971470832825
1774379752.6782484,job_done,baseline:coord:train.weight_decay,94,128,0,73.4375,924.0121071186471,2554.6217079162598
1774379874.3423638,job_done,baseline:coord:train.weight_decay,95,128,0,74.21875,929.6571467023148,2676.2857253551483
1774379885.004351,job_done,baseline:coord:train.weight_decay,96,128,0,75.0,895.6492555936177,2686.9477667808533
1774379905.8430202,job_done,baseline:coord:train.weight_decay,97,128,0,75.78125,865.3750365247431,2707.78640460968
1774379910.3909538,job_done,baseline:coord:train.weight_decay,98,128,0,76.5625,830.3064240728106,2712.334318637848
1774379913.1341453,job_done,baseline:coord:train.weight_decay,99,128,0,77.34375,795.3257498837481,2715.0775599479675
1774379913.2023623,job_done,baseline:coord:train.weight_decay,100,128,0,78.125,760.2408232307434,2715.145797252655
1774380027.467751,job_done,baseline:coord:train.weight_decay,101,128,0,78.90625,756.3772339702833,2829.41113448143
1774380039.752957,job_done,baseline:coord:train.weight_decay,102,128,0,79.6875,724.3539847205667,2841.6964015960693
1774380063.4510643,job_done,baseline:coord:train.weight_decay,103,128,0,80.46875,695.4840669354189,2865.394355773926
1774380070.0541523,job_done,baseline:coord:train.weight_decay,104,128,0,81.25,662.7686645617852,2871.9975464344025
1774380073.5904262,job_done,baseline:coord:train.weight_decay,105,128,0,82.03125,629.8788358552116,2875.5338158607483
1774380073.7212012,job_done,baseline:coord:train.weight_decay,106,128,0,82.8125,596.8360535378727,2875.664621591568
1774380183.2738206,job_done,baseline:coord:train.weight_decay,107,128,0,83.59375,585.8837550154357,2985.217227935791
1774380193.8008983,job_done,baseline:coord:train.weight_decay,108,128,0,84.375,554.7674747749611,2995.74436378479
1774380220.279281,job_done,baseline:coord:train.weight_decay,109,128,0,85.15625,526.8094613639587,3022.222699403763
1774380228.8977973,job_done,baseline:coord:train.weight_decay,110,128,0,85.9375,495.95583262877034,3030.8411993980408
1774380233.8276951,job_done,baseline:coord:train.weight_decay,111,128,0,86.71875,464.93791111095527,3035.7710666656494
1774380234.066806,job_done,baseline:coord:train.weight_decay,112,128,0,87.5,433.71574320111955,3036.010202407837
1774380340.4139059,job_done,baseline:coord:train.weight_decay,113,128,0,88.28125,417.127074182561,3142.357292175293
1774380347.9706295,job_done,baseline:coord:train.weight_decay,114,128,0,89.0625,386.8315528233846,3149.9140729904175
1774380377.1501033,job_done,baseline:coord:train.weight_decay,115,128,0,89.84375,359.375785193236,3179.093484401703
1774380386.7945254,job_done,baseline:coord:train.weight_decay,116,128,0,90.625,329.8694377603202,3188.737898349762
1774380394.1075404,job_done,baseline:coord:train.weight_decay,117,128,0,91.40625,300.4834182384687,3196.050903081894
1774380394.3928106,job_done,baseline:coord:train.weight_decay,118,128,0,92.1875,270.87595763853045,3196.336300134659
1774380497.5293078,job_done,baseline:coord:train.weight_decay,119,128,0,92.96875,249.5399513705438,3299.472690343857
1774380505.085769,job_done,baseline:coord:train.weight_decay,120,128,0,93.75,220.46861465771994,3307.029219865799
1774380533.1873071,job_done,baseline:coord:train.weight_decay,121,128,0,94.53125,192.94144758508227,3335.1307368278503
1774380543.3488224,job_done,baseline:coord:train.weight_decay,122,128,0,95.3125,164.52256844864516,3345.292225122452
1774380554.3396683,job_done,baseline:coord:train.weight_decay,123,128,0,96.09375,136.43427091885388,3356.2830646038055
1774380554.415451,job_done,baseline:coord:train.weight_decay,124,128,0,96.875,108.26964326058665,3356.358941078186
1774380622.574109,job_done,baseline:coord:train.weight_decay,125,128,0,97.65625,82.1884199066162,3424.517496109009
1774380627.5966666,job_done,baseline:coord:train.weight_decay,126,128,0,98.4375,54.43714413567195,3429.5400805473328
1774380637.2695048,job_done,baseline:coord:train.weight_decay,127,128,0,99.21875,27.08041704170347,3439.212964296341
1774380640.050983,job_done,baseline:coord:train.weight_decay,128,128,0,100.0,,3441.9943902492523
1774380640.0654309,group_end,baseline:coord:train.weight_decay,128,128,0,100.0,,3441.995401620865
1774380640.0657954,phase_end,,128,128,0,100.0,,3442.009248971939
1774380640.8570404,lock_released,,128,128,0,100.0,,3442.800461292267
1774380640.861096,lock_wait,,128,128,0,100.0,,3442.804552078247
1774380640.8615212,lock_acquired,,128,128,0,100.0,,3442.8049743175507
1774380640.861897,plan_add,,128,192,0,66.66666666666667,1721.4026720523834,3442.805344104767
1774380640.8622813,phase_start,baseline:coord:train.grad_clip,128,192,0,66.66666666666667,1721.4028663635254,3442.805732727051
1774380654.6750908,group_slots,baseline:coord:train.grad_clip,128,192,0,66.66666666666667,1728.3092458248138,3456.6184916496277
1774380654.6753757,group_start,baseline:coord:train.grad_clip,128,192,0,66.66666666666667,1728.3094462156296,3456.618892431259
1774380815.4721467,job_done,baseline:coord:train.grad_clip,129,192,0,67.1875,1766.6447895127674,3617.4155213832855
1774380817.8557124,job_done,baseline:coord:train.grad_clip,130,192,0,67.70833333333333,1726.3657018368062,3619.7990522384644
1774380820.7232015,job_done,baseline:coord:train.grad_clip,131,192,0,68.22916666666667,1686.8905257723713,3622.666538953781
1774380821.1277883,job_done,baseline:coord:train.grad_clip,132,192,0,68.75,1646.8505290421574,3623.071163892746
1774380821.2962675,job_done,baseline:coord:train.grad_clip,133,192,0,69.27083333333333,1607.301817926249,3623.239691257477
1774380821.4353638,job_done,baseline:coord:train.grad_clip,134,192,0,69.79166666666667,1568.3281350064633,3623.378794670105
1774380971.041219,job_done,baseline:coord:train.grad_clip,135,192,0,70.3125,1593.0379467805228,3772.9846107959747
1774380976.0281847,job_done,baseline:coord:train.grad_clip,136,192,0,70.83333333333333,1555.6353395966923,3777.9715390205383
1774380981.4556198,job_done,baseline:coord:train.grad_clip,137,192,0,71.35416666666667,1518.87719111721,3783.3850033283234
1774380982.963706,job_done,baseline:coord:train.grad_clip,138,192,0,71.875,1481.0505986421006,3784.907085418701
1774380983.262847,job_done,baseline:coord:train.grad_clip,139,192,0,72.39583333333333,1443.2800825534107,3785.2062542438507
1774380983.3535693,job_done,baseline:coord:train.grad_clip,140,192,0,72.91666666666667,1405.9674874033246,3785.2970814704895
1774381123.2890742,job_done,baseline:coord:train.grad_clip,141,192,0,73.4375,1419.7649645145902,3925.2325489521027
1774381130.067484,job_done,baseline:coord:train.grad_clip,142,192,0,73.95833333333333,1384.510880540794,3932.010900735855
1774381141.1354911,job_done,baseline:coord:train.grad_clip,143,192,0,74.47916666666667,1351.1201510712817,3943.064930677414
1774381144.105089,job_done,baseline:coord:train.grad_clip,144,192,0,75.0,1315.3494992256165,3946.0484976768494
1774381144.9840229,job_done,baseline:coord:train.grad_clip,145,192,0,75.52083333333333,1279.3488869798596,3946.92741727829
1774381145.058846,job_done,baseline:coord:train.grad_clip,146,192,0,76.04166666666667,1243.576083356387,3947.0023515224457
1774381276.5758038,job_done,baseline:coord:train.grad_clip,147,192,0,76.5625,1248.5262647210336,4078.519131422043
1774381283.7223487,job_done,baseline:coord:train.grad_clip,148,192,0,77.08333333333333,1214.6573969093529,4085.665789604187
1774381299.6235359,job_done,baseline:coord:train.grad_clip,149,192,0,77.60416666666667,1183.6736669300387,4101.566892385483
1774381304.6039038,job_done,baseline:coord:train.grad_clip,150,192,0,78.125,1149.829372777939,4106.533474206924
1774381305.9826443,job_done,baseline:coord:train.grad_clip,151,192,0,78.64583333333333,1115.39714113766,4107.92605638504
1774381306.0469773,job_done,baseline:coord:train.grad_clip,152,192,0,79.16666666666667,1081.0501254859723,4107.990476846695
1774381430.1829526,job_done,baseline:coord:train.grad_clip,153,192,0,79.6875,1078.7773137560077,4232.126384735107
1774381438.2901416,job_done,baseline:coord:train.grad_clip,154,192,0,80.20833333333333,1046.2914017671114,4240.233575582504
1774381456.7892094,job_done,baseline:coord:train.grad_clip,155,192,0,80.72916666666667,1016.6007045053666,4258.7326810359955
1774381464.513991,job_done,baseline:coord:train.grad_clip,156,192,0,81.25,984.5670645970565,4266.457279920578
1774381466.4734108,job_done,baseline:coord:train.grad_clip,157,192,0,81.77083333333333,951.5578887568918,4268.416815280914
1774381466.699422,job_done,baseline:coord:train.grad_clip,158,192,0,82.29166666666667,918.5686822178997,4268.642699718475
1774381584.2893083,job_done,baseline:coord:train.grad_clip,159,192,0,82.8125,910.3501928887277,4386.232747554779
1774381593.5113785,job_done,baseline:coord:train.grad_clip,160,192,0,83.33333333333333,879.0909463405609,4395.454731702805
1774381613.196439,job_done,baseline:coord:train.grad_clip,161,192,0,83.85416666666667,850.1200958275647,4415.139852523804
1774381624.3292334,job_done,baseline:coord:train.grad_clip,162,192,0,84.375,819.6801061541946,4426.272573232651
1774381626.9832673,job_done,baseline:coord:train.grad_clip,163,192,0,84.89583333333333,787.9685459912189,4428.926655054092
1774381627.2344096,job_done,baseline:coord:train.grad_clip,164,192,0,85.41666666666667,756.2010881610033,4429.1778020858765
1774381739.9470413,job_done,baseline:coord:train.grad_clip,165,192,0,85.9375,743.2184479236603,4541.890515089035
1774381747.4922822,job_done,baseline:coord:train.grad_clip,166,192,0,86.45833333333333,712.5621996902559,4549.435582637787
1774381769.1375647,job_done,baseline:coord:train.grad_clip,167,192,0,86.97916666666667,684.293553215301,4571.08093547821
1774381783.1667316,job_done,baseline:coord:train.grad_clip,168,192,0,87.5,655.0157321861813,4585.110125303268
1774381787.9752336,job_done,baseline:coord:train.grad_clip,169,192,0,88.02083333333333,624.6634894743474,4589.9186835289
1774381788.312636,job_done,baseline:coord:train.grad_clip,170,192,0,88.54166666666667,594.0331426227795,4590.2561020851135
1774381896.5029495,job_done,baseline:coord:train.grad_clip,171,192,0,89.0625,577.0021823791036,4698.446342229843
1774381901.7953846,job_done,baseline:coord:train.grad_clip,172,192,0,89.58333333333333,546.9463704907616,4703.7387862205505
1774381924.9099436,job_done,baseline:coord:train.grad_clip,173,192,0,90.10416666666667,519.1341805044626,4726.85332775116
1774381941.172,job_done,baseline:coord:train.grad_clip,174,192,0,90.625,490.66710894683314,4743.1153864860535
1774381948.1075122,job_done,baseline:coord:train.grad_clip,175,192,0,91.14583333333333,461.43352373395646,4750.050979614258
1774381948.393525,job_done,baseline:coord:train.grad_clip,176,192,0,91.66666666666667,431.8488078767603,4750.336886644363
1774382053.9417524,job_done,baseline:coord:train.grad_clip,177,192,0,92.1875,411.5156934625012,4855.885182857513
1774382059.4088762,job_done,baseline:coord:train.grad_clip,178,192,0,92.70833333333333,382.3535514735104,4861.352297306061
1774382079.9226375,job_done,baseline:coord:train.grad_clip,179,192,0,93.22916666666667,354.5489313349377,4881.866054534912
1774382097.4701822,job_done,baseline:coord:train.grad_clip,180,192,0,93.75,326.6275745550791,4899.413618326187
1774382108.7663898,job_done,baseline:coord:train.grad_clip,181,192,0,94.27083333333333,298.44091795821214,4910.709650039673
1774382109.0055282,job_done,baseline:coord:train.grad_clip,182,192,0,94.79166666666667,269.8323539718167,4910.948842287064
1774382211.9655404,job_done,baseline:coord:train.grad_clip,183,192,0,95.3125,246.58568601139257,5013.908948898315
1774382217.1871119,job_done,baseline:coord:train.grad_clip,184,192,0,95.83333333333333,218.22306567689648,5019.130510568619
1774382235.085138,job_done,baseline:coord:train.grad_clip,185,192,0,96.35416666666667,190.59026823817075,5037.0285177230835
1774382254.1747591,job_done,baseline:coord:train.grad_clip,186,192,0,96.875,163.10058539913547,5056.1181473731995
1774382268.5983937,job_done,baseline:coord:train.grad_clip,187,192,0,97.39583333333333,135.57598398968497,5070.541801214218
1774382268.7174723,job_done,baseline:coord:train.grad_clip,188,192,0,97.91666666666667,107.88640311423768,5070.660946369171
1774382337.6126726,job_done,baseline:coord:train.grad_clip,189,192,0,98.4375,81.58025594363136,5139.556124448776
1774382341.2471457,job_done,baseline:coord:train.grad_clip,190,192,0,98.95833333333333,54.13884785300807,5143.190546035767
1774382347.3443656,job_done,baseline:coord:train.grad_clip,191,192,0,99.47916666666667,26.959621669110202,5149.287738800049
1774382351.5649946,job_done,baseline:coord:train.grad_clip,192,192,0,100.0,,5153.5084002017975
1774382351.5793073,group_end,baseline:coord:train.grad_clip,192,192,0,100.0,,5153.509092092514
1774382351.5795393,phase_end,,192,192,0,100.0,,5153.523087978363
1774382352.4693534,lock_released,,192,192,0,100.0,,5154.4127469062805
1774382352.473512,lock_wait,,192,192,0,100.0,,5154.416942596436
1774382352.4739206,lock_acquired,,192,192,0,100.0,,5154.417395114899
1774382352.4742835,plan_add,,192,246,0,78.04878048780488,1449.6799918860197,5154.41774892807
1774382352.4746659,phase_start,baseline:local_var_topk,192,246,0,78.04878048780488,1449.6800964921713,5154.4181208610535
1774382366.412416,group_slots,baseline:local_var_topk,192,246,0,78.04878048780488,1453.6000731512904,5168.355815649033
1774382366.412658,group_start,baseline:local_var_topk,192,246,0,78.04878048780488,1453.6001866087317,5168.356219053268
1774382531.9861033,job_done,baseline:local_var_topk,193,246,0,78.45528455284553,1464.7578002912392,5333.929348230362
1774382532.6457572,job_done,baseline:local_var_topk,194,246,0,78.86178861788618,1429.8898779289011,5334.589159965515
1774382534.7860458,job_done,baseline:local_var_topk,195,246,0,79.26829268292683,1395.7600052576797,5336.7294318675995
1774382534.842428,job_done,baseline:local_var_topk,196,246,0,79.67479674796748,1361.424972451463,5336.785892009735
1774382534.9054036,job_done,baseline:local_var_topk,197,246,0,80.08130081300813,1327.4395659478184,5336.848867177963
1774382534.962775,job_done,baseline:local_var_topk,198,246,0,80.48780487804878,1293.7954584757485,5336.906266212463
1774382688.7237403,job_done,baseline:local_var_topk,199,246,0,80.89430894308943,1296.7907297012196,5490.667132139206
1774382690.343489,job_done,baseline:local_var_topk,200,246,0,81.30081300813008,1263.2259552049636,5492.286761760712
1774382696.4635677,job_done,baseline:local_var_topk,201,246,0,81.70731707317073,1230.9866010253108,5498.406817913055
1774382697.1902661,job_done,baseline:local_var_topk,202,246,0,82.11382113821138,1197.8310869519073,5499.133626461029
1774382697.3295207,job_done,baseline:local_var_topk,203,246,0,82.52032520325203,1164.870612035244,5499.272889375687
1774382697.3337123,job_done,baseline:local_var_topk,204,246,0,82.92682926829268,1132.2041109028985,5499.2771100997925
1774382840.3043897,job_done,baseline:local_var_topk,205,246,0,83.33333333333333,1128.4495537757875,5642.247768878937
1774382843.9376519,job_done,baseline:local_var_topk,206,246,0,83.73983739837398,1096.2875515280418,5645.880890369415
1774382855.9680848,job_done,baseline:local_var_topk,207,246,0,84.14634146341463,1065.9833034881647,5657.9113800525665
1774382858.0458834,job_done,baseline:local_var_topk,208,246,0,84.55284552845528,1034.036512918197,5659.989333868027
1774382858.6001022,job_done,baseline:local_var_topk,209,246,0,84.95934959349593,1002.1057931498476,5660.54353427887
1774382858.7094474,job_done,baseline:local_var_topk,210,246,0,85.36585365853658,970.3976162501743,5660.652761459351
1774382992.2795892,job_done,baseline:local_var_topk,211,246,0,85.77235772357723,961.1270448042883,5794.223041534424
1774382996.0045059,job_done,baseline:local_var_topk,212,246,0,86.17886178861788,929.8595674240364,5797.947890996933
1774383015.40359,job_done,baseline:local_var_topk,213,246,0,86.58536585365853,901.2791140616779,5817.347008943558
1774383019.2929847,job_done,baseline:local_var_topk,214,246,0,86.99186991869918,870.4652501400387,5821.236360311508
1774383020.187855,job_done,baseline:local_var_topk,215,246,0,87.39837398373983,839.4700754387435,5822.1311683654785
1774383020.2481563,job_done,baseline:local_var_topk,216,246,0,87.8048780487805,808.6377150482601,5822.191548347473
1774383143.619763,job_done,baseline:local_var_topk,217,246,0,88.21138211382114,794.5683503480551,5945.563173294067
1774383148.4135435,job_done,baseline:local_var_topk,218,246,0,88.6178861788618,764.2660044661355,5950.35674905777
1774383173.3694103,job_done,baseline:local_var_topk,219,246,0,89.02439024390245,736.6823869698668,5975.312694311142
1774383179.331637,job_done,baseline:local_var_topk,220,246,0,89.4308943089431,706.8779589241202,5981.275037050247
1774383180.945188,job_done,baseline:local_var_topk,221,246,0,89.83739837398375,676.797352387355,5982.8885951042175
1774383181.0643096,job_done,baseline:local_var_topk,222,246,0,90.2439024390244,646.8116444510383,5983.007711172104
1774383295.506229,job_done,baseline:local_var_topk,223,246,0,90.65040650406505,628.8849303209194,6097.449541807175
1774383301.32347,job_done,baseline:local_var_topk,224,246,0,91.0569105691057,599.427984220641,6103.266748428345
1774383330.4540744,job_done,baseline:local_var_topk,225,246,0,91.46341463414635,572.3570945294698,6132.3974413871765
1774383339.2908294,job_done,baseline:local_var_topk,226,246,0,91.869918699187,543.4720557347863,6141.234229803085
1774383341.6479409,job_done,baseline:local_var_topk,227,246,0,92.27642276422765,514.2213026889095,6143.591353178024
1774383341.7322145,job_done,baseline:local_var_topk,228,246,0,92.6829268292683,485.02701205956305,6143.675486087799
1774383450.9193761,job_done,baseline:local_var_topk,229,246,0,93.08943089430895,464.18631452139806,6252.86270737648
1774383454.1887715,job_done,baseline:local_var_topk,230,246,0,93.4959349593496,435.2091934701671,6256.132156133652
1774383485.786512,job_done,baseline:local_var_topk,231,246,0,93.90243902439025,408.2941427788177,6287.729798793793
1774383497.8942032,job_done,baseline:local_var_topk,232,246,0,94.3089430894309,380.162614756617,6299.837615966797
1774383501.846901,job_done,baseline:local_var_topk,233,246,0,94.71544715447155,351.71362153654957,6303.7902936935425
1774383502.112205,job_done,baseline:local_var_topk,234,246,0,95.1219512195122,323.28490170454364,6304.055583238602
1774383607.834953,job_done,baseline:local_var_topk,235,246,0,95.52845528455285,300.03218161704694,6409.778425455093
1774383609.4159703,job_done,baseline:local_var_topk,236,246,0,95.9349593495935,271.66776526782473,6411.359260320663
1774383639.9882894,job_done,baseline:local_var_topk,237,246,0,96.34146341463415,244.6303133662743,6441.93158531189
1774383655.9218686,job_done,baseline:local_var_topk,238,246,0,96.7479674796748,217.071101340927,6457.865264892578
1774383661.6983852,job_done,baseline:local_var_topk,239,246,0,97.15447154471545,189.3116821354902,6463.641718626022
1774383661.9529958,job_done,baseline:local_var_topk,240,246,0,97.5609756097561,161.59739884734154,6463.8959538936615
1774383766.1699533,job_done,baseline:local_var_topk,241,246,0,97.96747967479675,136.26791280334916,6568.113397121429
1774383766.5440302,job_done,baseline:local_var_topk,242,246,0,98.3739837398374,108.5700421451537,6568.487549781799
1774383786.9413729,job_done,baseline:local_var_topk,243,246,0,98.78048780487805,81.34425559161622,6588.884702920914
1774383796.7179124,job_done,baseline:local_var_topk,244,246,0,99.1869918699187,54.087387821713435,6598.661314249039
1774383799.9420109,job_done,baseline:local_var_topk,245,246,0,99.59349593495935,26.94647111600759,6601.88542342186
1774383800.1737428,job_done,baseline:local_var_topk,246,246,0,100.0,,6602.117063760757
1774383800.1745093,group_end,baseline:local_var_topk,246,246,0,100.0,,6602.1179094314575
1774383800.174834,phase_end,,246,246,0,100.0,,6602.118316411972
1774383801.054138,lock_released,,246,246,0,100.0,,6602.997470855713
1774383801.0706985,method_done,,246,246,0,100.0,,6603.014163017273
1774383801.0711234,method_start,,246,246,0,100.0,,6603.014567613602
1774383801.071622,lock_wait,,246,246,0,100.0,,6603.015068292618
1774383801.0720255,lock_acquired,,246,246,0,100.0,,6603.015481472015
1774383801.0724201,lock_released,,246,246,0,100.0,,6603.015861034393
1774383801.074165,lock_wait,,246,246,0,100.0,,6603.017604589462
1774383801.074582,lock_acquired,,246,246,0,100.0,,6603.018034219742
1774383801.0749679,plan_add,,246,286,0,86.01398601398601,1073.6615303861417,6603.018411874771
1774383801.075365,phase_start,cagrad:coord:train.lr,246,286,0,86.01398601398601,1073.6615941194984,6603.018803834915
1774383816.0322008,group_slots,cagrad:coord:train.lr,246,286,0,86.01398601398601,1076.093579113968,6617.975511550903
1774383816.0325925,group_start,cagrad:coord:train.lr,246,286,0,86.01398601398601,1076.0936674257605,6617.9760546684265
1774384023.294216,job_done,cagrad:coord:train.lr,247,286,0,86.36363636363636,1077.6690809350264,6825.237512588501
1774384027.3262236,job_done,cagrad:coord:train.lr,248,286,0,86.7132867132867,1046.4203461600887,6829.269627571106
1774384027.553038,job_done,cagrad:coord:train.lr,249,286,0,87.06293706293707,1014.8247748206419,6829.496457576752
1774384027.8347933,job_done,cagrad:coord:train.lr,250,286,0,87.41258741258741,983.4880794639588,6829.778329610825
1774384027.913497,job_done,cagrad:coord:train.lr,251,286,0,87.76223776223776,952.3704842599739,6829.856901407242
1774384027.9935684,job_done,cagrad:coord:train.lr,252,286,0,88.1118881118881,921.4994472246321,6829.9370794296265
1774384191.8488758,job_done,cagrad:coord:train.lr,253,286,0,88.46153846153847,912.2337708265885,6993.792243003845
1774384230.7340355,job_done,cagrad:coord:train.lr,254,286,0,88.81118881118881,886.0065909858763,7032.677315950394
1774384233.3556626,job_done,cagrad:coord:train.lr,255,286,0,89.16083916083916,855.271652878967,7035.299080133438
1774384233.4367754,job_done,cagrad:coord:train.lr,256,286,0,89.5104895104895,824.4586129859091,7035.380164146423
1774384233.598103,job_done,cagrad:coord:train.lr,257,286,0,89.86013986013987,793.8937920642734,7035.541536569595
1774384233.6734774,job_done,cagrad:coord:train.lr,258,286,0,90.20979020979021,763.5553251939226,7035.616925001144
1774384379.867778,job_done,cagrad:coord:train.lr,259,286,0,90.55944055944056,748.6830175834273,7181.811168670654
1774384409.817909,job_done,cagrad:coord:train.lr,260,286,0,90.9090909090909,721.1761272192001,7211.761272192001
1774384435.951857,job_done,cagrad:coord:train.lr,261,286,0,91.25874125874125,693.2849850919511,7237.89524435997
1774384439.7824707,job_done,cagrad:coord:train.lr,262,286,0,91.60839160839161,663.3642023028308,7241.725875139236
1774384439.8558562,job_done,cagrad:coord:train.lr,263,286,0,91.95804195804196,633.3132426149491,7241.799252510071
1774384440.143907,job_done,cagrad:coord:train.lr,264,286,0,92.3076923076923,603.5072717666626,7242.087261199951
1774384547.0880375,job_done,cagrad:coord:train.lr,265,286,0,92.65734265734265,582.3760744895575,7349.03141617775
1774384584.7593813,job_done,cagrad:coord:train.lr,266,286,0,93.00699300699301,555.3911835985973,7386.702741861343
1774384619.5260465,job_done,cagrad:coord:train.lr,267,286,0,93.35664335664336,528.1195402065019,7421.469328165054
1774384635.4316497,job_done,cagrad:coord:train.lr,268,286,0,93.7062937062937,499.5251581917948,7437.374577522278
1774384636.3606613,job_done,cagrad:coord:train.lr,269,286,0,94.05594405594405,470.07869439674573,7438.304046630859
1774384636.6616442,job_done,cagrad:coord:train.lr,270,286,0,94.4055944055944,440.80622565658007,7438.605057954788
1774384720.2940276,job_done,cagrad:coord:train.lr,271,286,0,94.75524475524476,416.3600049995408,7522.237423658371
1774384749.97896,job_done,cagrad:coord:train.lr,272,286,0,95.1048951048951,388.7018847500576,7551.922332286835
1774384787.8286328,job_done,cagrad:coord:train.lr,273,286,0,95.45454545454545,361.41771649179003,7589.772046327591
1774384833.3141587,job_done,cagrad:coord:train.lr,274,286,0,95.8041958041958,334.3908433809768,7635.257590532303
1774384835.5688112,job_done,cagrad:coord:train.lr,275,286,0,96.15384615384616,305.5004826927185,7637.512067317963
1774384835.7006,job_done,cagrad:coord:train.lr,276,286,0,96.5034965034965,276.7262301496837,7637.643952131271
1774384893.6742332,job_done,cagrad:coord:train.lr,277,286,0,96.85314685314685,250.0381175783137,7695.61761879921
1774384926.8731403,job_done,cagrad:coord:train.lr,278,286,0,97.2027972027972,222.4119862549597,7728.816522359848
1774384976.8735268,job_done,cagrad:coord:train.lr,279,286,0,97.55244755244755,195.16744766269534,7778.816842556
1774385040.338001,job_done,cagrad:coord:train.lr,280,286,0,97.9020979020979,168.04888692242758,7842.281389713287
1774385043.961018,job_done,cagrad:coord:train.lr,281,286,0,98.25174825174825,139.6068383111648,7845.904313087463
1774385044.225712,job_done,cagrad:coord:train.lr,282,286,0,98.6013986013986,111.29317909267778,7846.169126033783
1774385080.636862,job_done,cagrad:coord:train.lr,283,286,0,98.95104895104895,83.56092146934132,7882.580258607864
1774385093.2672772,job_done,cagrad:coord:train.lr,284,286,0,99.3006993006993,55.60007530534771,7895.210693359375
1774385130.6737924,job_done,cagrad:coord:train.lr,285,286,0,99.65034965034965,27.833744534274988,7932.617192268372
1774385165.0083761,job_done,cagrad:coord:train.lr,286,286,0,100.0,,7966.93732213974
1774385165.0100288,group_end,cagrad:coord:train.lr,286,286,0,100.0,,7966.952564001083
1774385165.010372,phase_end,,286,286,0,100.0,,7966.953837394714
1774385165.7631238,lock_released,,286,286,0,100.0,,7967.706549882889
1774385165.7658865,lock_wait,,286,286,0,100.0,,7967.70934009552
1774385165.7663047,lock_acquired,,286,286,0,100.0,,7967.709771156311
1774385165.76667,plan_add,,286,324,0,88.27160493827161,1058.6468013416638,7967.710136413574
1774385165.7670295,phase_start,cagrad:coord:train.weight_decay,286,324,0,88.27160493827161,1058.6468490487212,7967.710495471954
1774385180.4753482,group_slots,cagrad:coord:train.weight_decay,286,324,0,88.27160493827161,1060.6010909530667,7982.41873717308
1774385180.4755938,group_start,cagrad:coord:train.weight_decay,286,324,0,88.27160493827161,1060.6011444888748,7982.419140100479
1774385385.9660826,job_done,cagrad:coord:train.weight_decay,287,324,0,88.58024691358025,1055.5841482948342,8187.909474611282
1774385393.3580406,job_done,cagrad:coord:train.weight_decay,288,324,0,88.88888888888889,1024.4126837849617,8195.301470279694
1774385393.435934,job_done,cagrad:coord:train.weight_decay,289,324,0,89.19753086419753,992.5200056658483,8195.379475355148
1774385394.051549,job_done,cagrad:coord:train.weight_decay,290,324,0,89.50617283950618,960.9097391523164,8195.994833946228
1774385394.1857598,job_done,cagrad:coord:train.weight_decay,291,324,0,89.81481481481481,929.4578962498103,8196.128721475601
1774385394.242792,job_done,cagrad:coord:train.weight_decay,292,324,0,90.12345679012346,898.2121835996027,8196.186175346375
1774385552.3135417,job_done,cagrad:coord:train.weight_decay,293,324,0,90.4320987654321,883.897482095725,8354.256846904755
1774385593.2526686,job_done,cagrad:coord:train.weight_decay,294,324,0,90.74074074074075,856.6526588858391,8395.196057081223
1774385597.0043173,job_done,cagrad:coord:train.weight_decay,295,324,0,91.04938271604938,825.6592638088486,8398.94768357277
1774385597.2761068,job_done,cagrad:coord:train.weight_decay,296,324,0,91.35802469135803,794.5207607907219,8399.219471216202
1774385597.512558,job_done,cagrad:coord:train.weight_decay,297,324,0,91.66666666666667,763.5868916294792,8399.45580792427
1774385597.6449683,job_done,cagrad:coord:train.weight_decay,298,324,0,91.9753086419753,732.8499934353284,8399.588386297226
1774385747.083869,job_done,cagrad:coord:train.weight_decay,299,324,0,92.28395061728395,714.8016156161509,8549.027322769165
1774385768.8841846,job_done,cagrad:coord:train.weight_decay,300,324,0,92.5925925925926,685.6662048912048,8570.82756114006
1774385804.6450157,job_done,cagrad:coord:train.weight_decay,301,324,0,92.90123456790124,657.6458834302782,8606.583083152771
1774385807.4357598,job_done,cagrad:coord:train.weight_decay,302,324,0,93.20987654320987,627.173315226637,8609.379145383835
1774385807.9779928,job_done,cagrad:coord:train.weight_decay,303,324,0,93.51851851851852,596.7272296801651,8609.921456813812
1774385808.1261315,job_done,cagrad:coord:train.weight_decay,304,324,0,93.82716049382717,566.4519448499931,8610.069561719894
1774385921.4309425,job_done,cagrad:coord:train.weight_decay,305,324,0,94.1358024691358,543.4233172424504,8723.374303102493
1774385952.3366137,job_done,cagrad:coord:train.weight_decay,306,324,0,94.44444444444444,514.957641882055,8754.279911994934
1774386002.1441905,job_done,cagrad:coord:train.weight_decay,307,324,0,94.75308641975309,487.5227677472639,8804.087629318237
1774386010.1201358,job_done,cagrad:coord:train.weight_decay,308,324,0,95.06172839506173,457.76953326881704,8812.063515424728
1774386011.7363086,job_done,cagrad:coord:train.weight_decay,309,324,0,95.37037037037037,427.8485284384015,8813.67968583107
1774386011.9965286,job_done,cagrad:coord:train.weight_decay,310,324,0,95.67901234567901,398.0488984692481,8813.939894676208
1774386098.5464327,job_done,cagrad:coord:train.weight_decay,311,324,0,95.98765432098766,372.04618806854324,8900.489576101303
1774386131.4695694,job_done,cagrad:coord:train.weight_decay,312,324,0,96.29629629629629,343.59280599997595,8933.412955999374
1774386184.597196,job_done,cagrad:coord:train.weight_decay,313,324,0,96.60493827160494,315.8209174418221,8986.540650844574
1774386211.9225085,job_done,cagrad:coord:train.weight_decay,314,324,0,96.91358024691358,287.06579185595183,9013.865864276886
1774386212.4262862,job_done,cagrad:coord:train.weight_decay,315,324,0,97.22222222222223,257.55341595241003,9014.36955833435
1774386212.6976933,job_done,cagrad:coord:train.weight_decay,316,324,0,97.53086419753086,228.2187624219098,9014.641115665436
1774386266.8787494,job_done,cagrad:coord:train.weight_decay,317,324,0,97.8395061728395,200.25790207092695,9068.822136640549
1774386309.9269185,job_done,cagrad:coord:train.weight_decay,318,324,0,98.14814814814815,171.92208054830445,9111.870269060135
1774386358.8006241,job_done,cagrad:coord:train.weight_decay,319,324,0,98.45679012345678,143.58532851392573,9160.743959188461
1774386404.2108505,job_done,cagrad:coord:train.weight_decay,320,324,0,98.76543209876543,115.0769268631935,9206.154149055481
1774386404.845998,job_done,cagrad:coord:train.weight_decay,321,324,0,99.07407407407408,86.04475965009671,9206.789282560349
1774386404.981176,job_done,cagrad:coord:train.weight_decay,322,324,0,99.38271604938272,57.18586715111821,9206.924611330032
1774386434.8130164,job_done,cagrad:coord:train.weight_decay,323,324,0,99.69135802469135,28.596769047226328,9236.756402254105
1774386448.4492261,job_done,cagrad:coord:train.weight_decay,324,324,0,100.0,,9250.392675161362
1774386448.4635673,group_end,cagrad:coord:train.weight_decay,324,324,0,100.0,,9250.393346786499
1774386448.463782,phase_end,,324,324,0,100.0,,9250.407335042953
1774386449.1739097,lock_released,,324,324,0,100.0,,9251.117433071136
1774386449.1755137,lock_wait,,324,324,0,100.0,,9251.119088888168
1774386449.1757364,lock_acquired,,324,324,0,100.0,,9251.119304418564
1774386449.1759179,plan_add,,324,362,0,89.50276243093923,1085.007842723234,9251.119501113892
1774386449.1760957,phase_start,cagrad:coord:train.grad_clip,324,362,0,89.50276243093923,1085.007863863015,9251.119681358337
1774386464.3953745,group_slots,cagrad:coord:train.grad_clip,324,362,0,89.50276243093923,1086.7928081795021,9266.338680267334
1774386464.3957455,group_start,cagrad:coord:train.grad_clip,324,362,0,89.50276243093923,1086.7928707320011,9266.339213609695
1774386675.5020783,job_done,cagrad:coord:train.grad_clip,325,362,0,89.77900552486187,1078.9707047425784,9477.44537949562
1774386679.870203,job_done,cagrad:coord:train.grad_clip,326,362,0,90.05524861878453,1047.0699031543147,9481.799678564072
1774386681.710454,job_done,cagrad:coord:train.grad_clip,327,362,0,90.33149171270718,1015.0699816566724,9483.65382862091
1774386681.8714516,job_done,cagrad:coord:train.grad_clip,328,362,0,90.60773480662984,983.0783570655964,9483.814738750458
1774386681.9494743,job_done,cagrad:coord:train.grad_clip,329,362,0,90.88397790055248,951.271911197158,9483.89269042015
1774386682.1721828,job_done,cagrad:coord:train.grad_clip,330,362,0,91.16022099447514,919.6718170397208,9484.115613222122
1774386842.3073115,job_done,cagrad:coord:train.grad_clip,331,362,0,91.43646408839778,903.2379692213052,9644.250574588776
1774386871.1398869,job_done,cagrad:coord:train.grad_clip,332,362,0,91.71270718232044,874.0737912094737,9673.083289384842
1774386880.3194041,job_done,cagrad:coord:train.grad_clip,333,362,0,91.98895027624309,843.200057868843,9682.262733459473
1774386881.855097,job_done,cagrad:coord:train.grad_clip,334,362,0,92.26519337016575,811.8154486953141,9683.798566579819
1774386882.0365524,job_done,cagrad:coord:train.grad_clip,335,362,0,92.54143646408839,780.4998654949131,9683.97981262207
1774386882.1644144,job_done,cagrad:coord:train.grad_clip,336,362,0,92.81767955801105,749.3654864245937,9684.10782456398
1774387031.8421125,job_done,cagrad:coord:train.grad_clip,337,362,0,93.0939226519337,729.5092825012321,9833.785128116608
1774387040.3086321,job_done,cagrad:coord:train.grad_clip,338,362,0,93.37016574585635,698.8581159298236,9842.251799345016
1774387074.289164,job_done,cagrad:coord:train.grad_clip,339,362,0,93.646408839779,670.068878448115,9876.23259973526
1774387087.5466633,job_done,cagrad:coord:train.grad_clip,340,362,0,93.92265193370166,639.9081757924135,9889.48998951912
1774387088.2176018,job_done,cagrad:coord:train.grad_clip,341,362,0,94.1988950276243,609.0714982555759,9890.160995483398
1774387088.500823,job_done,cagrad:coord:train.grad_clip,342,362,0,94.47513812154696,578.3885552311501,9890.444294452667
1774387213.5793164,job_done,cagrad:coord:train.grad_clip,343,362,0,94.7513812154696,554.7957201928508,10015.522738218307
1774387228.1351426,job_done,cagrad:coord:train.grad_clip,344,362,0,95.02762430939227,524.8296925480976,10030.078568696976
1774387240.1616774,job_done,cagrad:coord:train.grad_clip,345,362,0,95.30386740331491,494.8283675242161,10042.105105638504
1774387292.1399314,job_done,cagrad:coord:train.grad_clip,346,362,0,95.58011049723757,466.7784150514988,10094.083225488663
1774387294.628149,job_done,cagrad:coord:train.grad_clip,347,362,0,95.85635359116021,436.451220704774,10096.571572303772
1774387294.9134881,job_done,cagrad:coord:train.grad_clip,348,362,0,96.13259668508287,406.19539214413743,10096.856890439987
1774387397.616908,job_done,cagrad:coord:train.grad_clip,349,362,0,96.40883977900552,379.9263079945201,10199.560114622116
1774387421.6861782,job_done,cagrad:coord:train.grad_clip,350,362,0,96.68508287292818,350.52444256373815,10223.629574775696
1774387436.0048547,job_done,cagrad:coord:train.grad_clip,351,362,0,96.96132596685082,320.8473786499425,10237.94817328453
1774387497.1849105,job_done,cagrad:coord:train.grad_clip,352,362,0,97.23756906077348,292.588870125738,10299.12822842598
1774387499.546986,job_done,cagrad:coord:train.grad_clip,353,362,0,97.51381215469613,262.64423040357593,10301.49037027359
1774387499.9867048,job_done,cagrad:coord:train.grad_clip,354,362,0,97.79005524861878,232.81197938003112,10301.930087566376
1774387575.9276185,job_done,cagrad:coord:train.grad_clip,355,362,0,98.06629834254143,204.63407080139913,10377.870733499527
1774387601.7797818,job_done,cagrad:coord:train.grad_clip,356,362,0,98.34254143646409,175.34364885292695,10403.723165273666
1774387620.974409,job_done,cagrad:coord:train.grad_clip,357,362,0,98.61878453038673,145.97924036806037,10422.91776227951
1774387693.2275846,job_done,cagrad:coord:train.grad_clip,358,362,0,98.89502762430939,117.264480092672,10495.170968294144
1774387694.7046268,job_done,cagrad:coord:train.grad_clip,359,362,0,99.17127071823204,87.71572212588488,10496.648081064224
1774387694.7859297,job_done,cagrad:coord:train.grad_clip,360,362,0,99.4475138121547,58.31516366799672,10496.72946023941
1774387730.3137317,job_done,cagrad:coord:train.grad_clip,361,362,0,99.72375690607734,29.175227713386768,10532.257204532623
1774387736.7506566,job_done,cagrad:coord:train.grad_clip,362,362,0,100.0,,10538.694067239761
1774387736.7650044,group_end,cagrad:coord:train.grad_clip,362,362,0,100.0,,10538.69507431984
1774387736.7652218,phase_end,,362,362,0,100.0,,10538.708773612976
1774387737.5148811,lock_released,,362,362,0,100.0,,10539.458300828934
1774387737.5176923,lock_wait,,362,362,0,100.0,,10539.46114897728
1774387737.5180967,lock_acquired,,362,362,0,100.0,,10539.46157336235
1774387737.518462,plan_add,,362,400,0,90.5,1106.3523563205868,10539.46192073822
1774387737.5188153,phase_start,cagrad:coord:method.baseline_cagrad.c,362,400,0,90.5,1106.3523948627283,10539.462287902832
1774387752.3705244,group_slots,cagrad:coord:method.baseline_cagrad.c,362,400,0,90.5,1107.9114057938698,10554.313918352127
1774387752.3707814,group_start,cagrad:coord:method.baseline_cagrad.c,362,400,0,90.5,1107.9114482653076,10554.314322948456
1774387959.7005222,job_done,cagrad:coord:method.baseline_cagrad.c,363,400,0,90.75,1096.9168688626985,10761.643875598907
1774387962.8747048,job_done,cagrad:coord:method.baseline_cagrad.c,364,400,0,91.0,1064.6523359503065,10764.818063497543
1774387964.5311654,job_done,cagrad:coord:method.baseline_cagrad.c,365,400,0,91.25,1032.401622471744,10766.474062919617
1774387964.536243,job_done,cagrad:coord:method.baseline_cagrad.c,366,400,0,91.5,1000.1643550838929,10766.475116491318
1774387964.6184547,job_done,cagrad:coord:method.baseline_cagrad.c,367,400,0,91.75,968.1104546775609,10766.56172323227
1774387964.6759596,job_done,cagrad:coord:method.baseline_cagrad.c,368,400,0,92.0,936.2277636320695,10766.619281768799
1774388135.8738568,job_done,cagrad:coord:method.baseline_cagrad.c,369,400,0,92.25,918.8952069721894,10937.81714105606
1774388167.2116442,job_done,cagrad:coord:method.baseline_cagrad.c,370,400,0,92.5,889.3909485726742,10969.155032396317
1774388173.665531,job_done,cagrad:coord:method.baseline_cagrad.c,371,400,0,92.75,857.931692456942,10975.608893156052
1774388173.9595258,job_done,cagrad:coord:method.baseline_cagrad.c,372,400,0,93.0,826.1432263928075,10975.902864933014
1774388174.068728,job_done,cagrad:coord:method.baseline_cagrad.c,373,400,0,93.25,794.5102619575111,10976.012137413025
1774388174.2032223,job_done,cagrad:coord:method.baseline_cagrad.c,374,400,0,93.5,763.0476259917499,10976.146620035172
1774388319.4964876,job_done,cagrad:coord:method.baseline_cagrad.c,375,400,0,93.75,741.429328028361,11121.439920425415
1774388337.1490881,job_done,cagrad:coord:method.baseline_cagrad.c,376,400,0,94.0,711.0059033251823,11139.092485427856
1774388375.3995042,job_done,cagrad:coord:method.baseline_cagrad.c,377,400,0,94.25,681.9060173496326,11177.329066991806
1774388378.4325647,job_done,cagrad:coord:method.baseline_cagrad.c,378,400,0,94.5,650.7097108956998,11180.375941753387
1774388379.3493073,job_done,cagrad:coord:method.baseline_cagrad.c,379,400,0,94.75,619.5439240680836,11181.292724847794
1774388379.4124005,job_done,cagrad:coord:method.baseline_cagrad.c,380,400,0,95.0,588.4924018759477,11181.355635643005
1774388488.5412905,job_done,cagrad:coord:method.baseline_cagrad.c,381,400,0,95.25,563.042538207347,11290.484581947327
1774388521.6920683,job_done,cagrad:coord:method.baseline_cagrad.c,382,400,0,95.5,533.5744377780335,11323.635290622711
1774388566.8616867,job_done,cagrad:coord:method.baseline_cagrad.c,383,400,0,95.75,504.6205905075173,11368.80506849289
1774388577.0328772,job_done,cagrad:coord:method.baseline_cagrad.c,384,400,0,96.0,474.124011884133,11378.976285219193
1774388579.7719407,job_done,cagrad:coord:method.baseline_cagrad.c,385,400,0,96.25,443.4434554422057,11381.715356349945
1774388579.882011,job_done,cagrad:coord:method.baseline_cagrad.c,386,400,0,96.5,412.8123219927358,11381.825449228287
1774388665.4753485,job_done,cagrad:coord:method.baseline_cagrad.c,387,400,0,96.75,385.2104481751296,11467.418726444244
1774388698.760506,job_done,cagrad:coord:method.baseline_cagrad.c,388,400,0,97.0,355.6918740395418,11500.703927278519
1774388742.928858,job_done,cagrad:coord:method.baseline_cagrad.c,389,400,0,97.25,326.4616823012541,11544.87221956253
1774388774.3785481,job_done,cagrad:coord:method.baseline_cagrad.c,390,400,0,97.5,296.8287643469297,11576.321809530258
1774388780.2406087,job_done,cagrad:coord:method.baseline_cagrad.c,391,400,0,97.75,266.5975840920987,11582.18393111229
1774388780.504701,job_done,cagrad:coord:method.baseline_cagrad.c,392,400,0,98.0,236.3764918337063,11582.448099851608
1774388842.2911913,job_done,cagrad:coord:method.baseline_cagrad.c,393,400,0,98.25,207.40366533027048,11644.234353542328
1774388880.810844,job_done,cagrad:coord:method.baseline_cagrad.c,394,400,0,98.5,177.90996323866287,11682.754252672195
1774388925.8561957,job_done,cagrad:coord:method.baseline_cagrad.c,395,400,0,98.75,148.45315998113608,11727.79963850975
1774388952.0049481,job_done,cagrad:coord:method.baseline_cagrad.c,396,400,0,99.0,118.72675145756115,11753.948394298553
1774388973.3331711,job_done,cagrad:coord:method.baseline_cagrad.c,397,400,0,99.25,88.98193901131675,11775.276595830917
1774388973.7680523,job_done,cagrad:coord:method.baseline_cagrad.c,398,400,0,99.5,59.17442896857334,11775.711364746094
1774389006.444948,job_done,cagrad:coord:method.baseline_cagrad.c,399,400,0,99.75,29.594958231861426,11808.38833451271
1774389021.1671233,job_done,cagrad:coord:method.baseline_cagrad.c,400,400,0,100.0,,11823.110555887222
1774389021.168042,group_end,cagrad:coord:method.baseline_cagrad.c,400,400,0,100.0,,11823.111595869064
1774389021.168211,phase_end,,400,400,0,100.0,,11823.111796855927
1774389022.9158719,lock_released,,400,400,0,100.0,,11824.859392404556
1774389022.9175527,lock_wait,,400,400,0,100.0,,11824.86112332344
1774389022.9177642,lock_acquired,,400,400,0,100.0,,11824.861346244812
1774389022.9179528,plan_add,,400,438,0,91.32420091324201,1123.3618451976777,11824.861528396606
1774389022.918138,phase_start,cagrad:coord:method.baseline_cagrad.inner_lr,400,438,0,91.32420091324201,1123.361863476038,11824.8617208004
1774389037.7777538,group_slots,cagrad:coord:method.baseline_cagrad.inner_lr,400,438,0,91.32420091324201,1124.7735109186174,11839.721167564392
1774389037.7779841,group_start,cagrad:coord:method.baseline_cagrad.inner_lr,400,438,0,91.32420091324201,1124.7735466599465,11839.72154378891
1774389242.4676082,job_done,cagrad:coord:method.baseline_cagrad.inner_lr,401,438,0,91.55251141552512,1111.3296910681927,12044.410976171494
1774389247.8009918,job_done,cagrad:coord:method.baseline_cagrad.inner_lr,402,438,0,91.78082191780823,1079.081577386429,12049.744280815125
1774389248.0759358,job_done,cagrad:coord:method.baseline_cagrad.inner_lr,403,438,0,92.00913242009132,1046.5277336667252,12050.01933336258
1774389248.1562252,job_done,cagrad:coord:method.baseline_cagrad.inner_lr,404,438,0,92.23744292237443,1014.1173029677703,12050.099717617035
1774389248.2811286,job_done,cagrad:coord:method.baseline_cagrad.inner_lr,405,438,0,92.46575342465754,981.8701565036067,12050.22464799881
1774389248.3424454,job_done,cagrad:coord:method.baseline_cagrad.inner_lr,406,438,0,92.69406392694064,949.776233466388,12050.285962104797
1774389411.921591,job_done,cagrad:coord:method.baseline_cagrad.inner_lr,407,438,0,92.92237442922375,930.2943803385376,12213.8649289608
1774389450.672785,job_done,cagrad:coord:method.baseline_cagrad.inner_lr,408,438,0,93.15068493150685,900.9276635155959,12252.616223812103
1774389454.9051034,job_done,cagrad:coord:method.baseline_cagrad.inner_lr,409,438,0,93.37899543378995,869.0675001086116,12256.848536014557
1774389455.2669303,job_done,cagrad:coord:method.baseline_cagrad.inner_lr,410,438,0,93.60730593607306,837.0777793023643,12257.210339784622
1774389455.5821955,job_done,cagrad:coord:method.baseline_cagrad.inner_lr,411,438,0,93.83561643835617,805.2389153094186,12257.525710821152
1774389455.6910057,job_done,cagrad:coord:method.baseline_cagrad.inner_lr,412,438,0,94.06392694063926,773.5400393078628,12257.634469032288
1774389598.9425,job_done,cagrad:coord:method.baseline_cagrad.inner_lr,413,438,0,94.29223744292237,750.6589500580803,12400.885854959488
1774389618.7976947,job_done,cagrad:coord:method.baseline_cagrad.inner_lr,414,438,0,94.52054794520548,720.0429640645566,12420.741130113602
1774389659.9753687,job_done,cagrad:coord:method.baseline_cagrad.inner_lr,415,438,0,94.74885844748859,690.6605570069279,12461.918745994568
1774389661.6449084,job_done,cagrad:coord:method.baseline_cagrad.inner_lr,416,438,0,94.9771689497717,659.1320771632287,12463.588368177414
1774389661.91928,job_done,cagrad:coord:method.baseline_cagrad.inner_lr,417,438,0,95.20547945205479,627.6765389922712,12463.862702846527
1774389661.9849951,job_done,cagrad:coord:method.baseline_cagrad.inner_lr,418,438,0,95.4337899543379,596.3602113723755,12463.928417682648
1774389767.355754,job_done,cagrad:coord:method.baseline_cagrad.inner_lr,419,438,0,95.662100456621,569.9682081952016,12569.29890704155
1774389804.921117,job_done,cagrad:coord:method.baseline_cagrad.inner_lr,420,438,0,95.89041095890411,540.294187116623,12606.864366054535
1774389852.119355,job_done,cagrad:coord:method.baseline_cagrad.inner_lr,421,438,0,96.11872146118722,510.9716542990361,12654.062732934952
1774389864.1759853,job_done,cagrad:coord:method.baseline_cagrad.inner_lr,422,438,0,96.34703196347031,480.2320165046583,12666.119435310364
1774389866.0243902,job_done,cagrad:coord:method.baseline_cagrad.inner_lr,423,438,0,96.57534246575342,449.21871338330266,12667.967717409134
1774389866.2824008,job_done,cagrad:coord:method.baseline_cagrad.inner_lr,424,438,0,96.80365296803653,418.2904722937998,12668.225732326508
1774389948.3926463,job_done,cagrad:coord:method.baseline_cagrad.inner_lr,425,438,0,97.03196347031964,390.01027873263644,12750.336035490036
1774389982.9951541,job_done,cagrad:coord:method.baseline_cagrad.inner_lr,426,438,0,97.26027397260275,360.13911603873885,12784.938619375229
1774390025.2741365,job_done,cagrad:coord:method.baseline_cagrad.inner_lr,427,438,0,97.48858447488584,330.4435394943738,12827.217396736145
1774390062.375027,job_done,cagrad:coord:method.baseline_cagrad.inner_lr,428,438,0,97.71689497716895,300.5681865961752,12864.3183863163
1774390064.1067014,job_done,cagrad:coord:method.baseline_cagrad.inner_lr,429,438,0,97.94520547945206,269.91713388149554,12866.050048351288
1774390064.560065,job_done,cagrad:coord:method.baseline_cagrad.inner_lr,430,438,0,98.17351598173516,239.3768092177635,12866.503495454788
1774390123.0193818,job_done,cagrad:coord:method.baseline_cagrad.inner_lr,431,438,0,98.40182648401826,209.91818860346092,12924.962755441666
1774390161.6231034,job_done,cagrad:coord:method.baseline_cagrad.inner_lr,432,438,0,98.63013698630137,180.04953424135843,12963.566465377808
1774390211.6503723,job_done,cagrad:coord:method.baseline_cagrad.inner_lr,433,438,0,98.85844748858447,150.27244544745042,13013.593775749207
1774390261.900649,job_done,cagrad:coord:method.baseline_cagrad.inner_lr,434,438,0,99.08675799086758,120.40409261729859,13063.844048976898
1774390265.5164275,job_done,cagrad:coord:method.baseline_cagrad.inner_lr,435,438,0,99.31506849315069,90.12041225268922,13067.459776639938
1774390265.6508973,job_done,cagrad:coord:method.baseline_cagrad.inner_lr,436,438,0,99.54337899543378,59.943093249557215,13067.594328403473
1774390298.4849577,job_done,cagrad:coord:method.baseline_cagrad.inner_lr,437,438,0,99.77168949771689,29.97809690359801,13100.42834687233
1774390304.4545653,job_done,cagrad:coord:method.baseline_cagrad.inner_lr,438,438,0,100.0,,13106.397854804993
1774390304.4689412,group_end,cagrad:coord:method.baseline_cagrad.inner_lr,438,438,0,100.0,,13106.399049282074
1774390304.4693203,phase_end,,438,438,0,100.0,,13106.41276216507
1774390305.220407,lock_released,,438,438,0,100.0,,13107.163828134537
1774390305.2226226,lock_wait,,438,438,0,100.0,,13107.166193246841
1774390305.2228367,lock_acquired,,438,438,0,100.0,,13107.166418790817
1774390305.2230241,plan_add,,438,492,0,89.02439024390245,1615.952047220648,13107.166605234146
1774390305.2232018,phase_start,cagrad:local_var_topk,438,492,0,89.02439024390245,1615.952069354384,13107.166784763336
1774390320.0549989,group_slots,cagrad:local_var_topk,438,492,0,89.02439024390245,1617.780629533611,13121.9984395504
1774390320.055225,group_start,cagrad:local_var_topk,438,492,0,89.02439024390245,1617.780670361976,13121.998770713806
1774390528.6611702,job_done,cagrad:local_var_topk,439,492,0,89.22764227642277,1609.389601401696,13330.604434251785
1774390529.3518877,job_done,cagrad:local_var_topk,440,492,0,89.4308943089431,1575.5167154420503,13331.295284509659
1774390531.1702151,job_done,cagrad:local_var_topk,441,492,0,89.63414634146342,1541.9247107003011,13333.113674879074
1774390531.2498503,job_done,cagrad:local_var_topk,442,492,0,89.83739837398375,1508.2797806726862,13333.193261146545
1774390531.394523,job_done,cagrad:local_var_topk,443,492,0,90.04065040650407,1474.793584614252,13333.337918043137
1774390531.4819317,job_done,cagrad:local_var_topk,444,492,0,90.2439024390244,1441.4513896735937,13333.425354480743
1774390716.3326643,job_done,cagrad:local_var_topk,445,492,0,90.44715447154472,1427.7729797534728,13518.276084899902
1774390728.6957817,job_done,cagrad:local_var_topk,446,492,0,90.65040650406505,1395.536779234762,13530.639207363129
1774390735.8845398,job_done,cagrad:local_var_topk,447,492,0,90.85365853658537,1362.8685844424588,13537.82793879509
1774390736.1374817,job_done,cagrad:local_var_topk,448,492,0,91.0569105691057,1329.6329390917506,13538.080834388733
1774390736.6467066,job_done,cagrad:local_var_topk,449,492,0,91.26016260162602,1296.5687641693914,13538.59011888504
1774390736.710612,job_done,cagrad:local_var_topk,450,492,0,91.46341463414635,1263.6077031326295,13538.653962135315
1774390884.842461,job_done,cagrad:local_var_topk,451,492,0,91.66666666666667,1244.2532577731395,13686.785835504532
1774390897.0799751,job_done,cagrad:local_var_topk,452,492,0,91.869918699187,1212.302957973649,13699.023425102234
1774390932.8945162,job_done,cagrad:local_var_topk,453,492,0,92.07317073170732,1182.4694944564872,13734.837974071503
1774390939.2003117,job_done,cagrad:local_var_topk,454,492,0,92.27642276422765,1150.1397800298514,13741.143687725067
1774390940.3659034,job_done,cagrad:local_var_topk,455,492,0,92.47967479674797,1117.5064670940023,13742.309257507324
1774390940.530918,job_done,cagrad:local_var_topk,456,492,0,92.6829268292683,1084.9321792564895,13742.4742705822
1774391067.533843,job_done,cagrad:local_var_topk,457,492,0,92.88617886178862,1062.2137851527273,13869.477137565613
1774391083.5216732,job_done,cagrad:local_var_topk,458,492,0,93.08943089430895,1030.7987180141383,13885.46508383751
1774391115.122711,job_done,cagrad:local_var_topk,459,492,0,93.29268292682927,1000.5733813070783,13917.066121816635
1774391139.652434,job_done,cagrad:local_var_topk,460,492,0,93.4959349593496,969.8501353388247,13941.595695495605
1774391142.675952,job_done,cagrad:local_var_topk,461,492,0,93.69918699186992,937.707591686228,13944.619347333908
1774391144.2356124,job_done,cagrad:local_var_topk,462,492,0,93.90243902439025,905.596026275065,13946.178804636002
1774391245.5262456,job_done,cagrad:local_var_topk,463,492,0,94.10569105691057,879.8631085299004,14047.46962928772
1774391255.7280655,job_done,cagrad:local_var_topk,464,492,0,94.3089430894309,848.3077537211879,14057.671347379684
1774391283.9090219,job_done,cagrad:local_var_topk,465,492,0,94.51219512195122,817.8882081939328,14085.852474451065
1774391333.134623,job_done,cagrad:local_var_topk,466,492,0,94.71544715447155,788.6524210968754,14135.078008890152
1774391336.957795,job_done,cagrad:local_var_topk,467,492,0,94.91869918699187,756.9004961458978,14138.901268005371
1774391337.2458303,job_done,cagrad:local_var_topk,468,492,0,95.1219512195122,725.0866293540367,14139.189272403717
1774391419.0113416,job_done,cagrad:local_var_topk,469,492,0,95.32520325203252,697.402895746963,14220.954700231552
1774391429.218252,job_done,cagrad:local_var_topk,470,492,0,95.52845528455285,666.1394838972295,14231.161701440811
1774391465.046547,job_done,cagrad:local_var_topk,471,492,0,95.73170731707317,636.1078318122087,14266.989942073822
1774391525.7898037,job_done,cagrad:local_var_topk,472,492,0,95.9349593495935,607.1073343693199,14327.733091115952
1774391534.9341297,job_done,cagrad:local_var_topk,473,492,0,96.13821138211382,575.8999396983464,14336.877446174622
1774391535.4873967,job_done,cagrad:local_var_topk,474,492,0,96.34146341463415,544.4593982545636,14337.430820703506
1774391608.7331245,job_done,cagrad:local_var_topk,475,492,0,96.54471544715447,515.750528429433,14410.67652964592
1774391616.049317,job_done,cagrad:local_var_topk,476,492,0,96.7479674796748,484.63841260381105,14417.992774963379
1774391671.3504796,job_done,cagrad:local_var_topk,477,492,0,96.95121951219512,455.1350268627862,14473.293854236603
1774391723.4540803,job_done,cagrad:local_var_topk,478,492,0,97.15447154471545,425.4300506124935,14525.39744234085
1774391745.2269359,job_done,cagrad:local_var_topk,479,492,0,97.35772357723577,394.80838163909436,14547.170369625092
1774391745.6107597,job_done,cagrad:local_var_topk,480,492,0,97.5609756097561,363.6888538658619,14547.554154634476
1774391810.162569,job_done,cagrad:local_var_topk,481,492,0,97.76422764227642,334.1645827987338,14612.10584783554
1774391813.826163,job_done,cagrad:local_var_topk,482,492,0,97.96747967479675,303.23173238528716,14615.76950097084
1774391865.7450013,job_done,cagrad:local_var_topk,483,492,0,98.17073170731707,273.31096206984904,14667.688297748566
1774391894.8099008,job_done,cagrad:local_var_topk,484,492,0,98.3739837398374,242.92154314892352,14696.753360509872
1774391940.3805337,job_done,cagrad:local_var_topk,485,492,0,98.57723577235772,212.77580806397899,14742.32384443283
1774391940.5080955,job_done,cagrad:local_var_topk,486,492,0,98.78048780487805,182.00557442358982,14742.451528310776
1774392009.8365448,job_done,cagrad:local_var_topk,487,492,0,98.98373983739837,152.07166266147604,14811.779943227768
1774392012.2816167,job_done,cagrad:local_var_topk,488,492,0,99.1869918699187,121.42796090587242,14814.211230516434
1774392048.94077,job_done,cagrad:local_var_topk,489,492,0,99.39024390243902,91.10971871768038,14850.884150981903
1774392066.0852687,job_done,cagrad:local_var_topk,490,492,0,99.59349593495935,60.68583105826865,14868.028609275818
1774392102.3250391,job_done,cagrad:local_var_topk,491,492,0,99.79674796747967,30.354925492144897,14904.268416643143
1774392103.4604042,job_done,cagrad:local_var_topk,492,492,0,100.0,,14905.40369796753
1774392103.4613998,group_end,cagrad:local_var_topk,492,492,0,100.0,,14905.404578447342
1774392103.4617434,phase_end,,492,492,0,100.0,,14905.40521645546
1774392104.2550468,lock_released,,492,492,0,100.0,,14906.19847869873
1774392104.2726626,method_done,,492,492,0,100.0,,14906.216127634048
1774392104.2730296,method_start,,492,492,0,100.0,,14906.216494321823
1774392104.2735147,lock_wait,,492,492,0,100.0,,14906.216958522797
1774392104.273908,lock_acquired,,492,492,0,100.0,,14906.217375040054
1774392104.2742667,lock_released,,492,492,0,100.0,,14906.217738866806
1774392104.2761629,lock_wait,,492,492,0,100.0,,14906.219613313675
1774392104.2765648,lock_acquired,,492,492,0,100.0,,14906.220028162003
1774392104.2769232,plan_add,,492,540,0,91.11111111111111,1454.265403770819,14906.220388650894
1774392104.2772803,phase_start,ours:coord:train.lr,492,540,0,91.11111111111111,1454.2654390567684,14906.220750331879
1774392118.1563027,group_slots,ours:coord:train.lr,492,540,0,91.11111111111111,1455.6194849712092,14920.099720954895
1774392118.1565814,group_start,ours:coord:train.lr,492,540,0,91.11111111111111,1455.6195235833889,14920.100116729736
1774392283.1863797,job_done,ours:coord:train.lr,493,540,0,91.29629629629629,1438.136095291219,15085.129680395126
1774392285.872084,job_done,ours:coord:train.lr,494,540,0,91.48148148148148,1404.9382799434277,15087.815441131592
1774392286.94863,job_done,ours:coord:train.lr,495,540,0,91.66666666666667,1371.7174585299058,15088.892043828964
1774392287.0573666,job_done,ours:coord:train.lr,496,540,0,91.85185185185185,1338.5403998205738,15089.00087070465
1774392287.3470857,job_done,ours:coord:train.lr,497,540,0,92.03703703703704,1305.5120583784653,15089.290535211563
1774392287.428111,job_done,ours:coord:train.lr,498,540,0,92.22222222222223,1272.5976014137266,15089.371559619904
1774392437.8091757,job_done,ours:coord:train.lr,499,540,0,92.4074074074074,1252.1640381249256,15239.752561569214
1774392446.457317,job_done,ours:coord:train.lr,500,540,0,92.5925925925926,1219.8720590019225,15248.400737524033
1774392449.9759433,job_done,ours:coord:train.lr,501,540,0,92.77777777777777,1187.2751512170553,15251.919250249863
1774392450.7603843,job_done,ours:coord:train.lr,502,540,0,92.96296296296296,1154.5871402542905,15252.703800201416
1774392451.4219959,job_done,ours:coord:train.lr,503,540,0,93.14814814814815,1122.0169379952888,15253.365400314331
1774392451.5406008,job_done,ours:coord:train.lr,504,540,0,93.33333333333333,1089.534568122455,15253.48395371437
1774392587.505585,job_done,ours:coord:train.lr,505,540,0,93.51851851851852,1066.595468100935,15389.448896884918
1774392602.4958446,job_done,ours:coord:train.lr,506,540,0,93.70370370370371,1035.0808969872742,15404.43923163414
1774392611.6480515,job_done,ours:coord:train.lr,507,540,0,93.88888888888889,1003.2515151627671,15413.591460227966
1774392613.0580738,job_done,ours:coord:train.lr,508,540,0,94.07407407407408,971.0236668474091,15415.000711202621
1774392614.181844,job_done,ours:coord:train.lr,509,540,0,94.25925925925925,938.8995731743474,15416.12524986267
1774392614.3218806,job_done,ours:coord:train.lr,510,540,0,94.44444444444444,906.8391426170574,15416.265424489975
1774392739.429015,job_done,ours:coord:train.lr,511,540,0,94.62962962962963,881.995697765201,15541.372467517853
1774392754.9050457,job_done,ours:coord:train.lr,512,540,0,94.81481481481481,850.7651413530111,15556.84829902649
1774392772.127772,job_done,ours:coord:train.lr,513,540,0,95.0,819.6879557935814,15574.071160078049
1774392774.3131266,job_done,ours:coord:train.lr,514,540,0,95.18518518518519,787.9040267152081,15576.256528139114
1774392776.8719406,job_done,ours:coord:train.lr,515,540,0,95.37037037037037,756.2531711059867,15578.815324783325
1774392776.9358635,job_done,ours:coord:train.lr,516,540,0,95.55555555555556,724.5990382349769,15578.879322052002
1774392892.6134384,job_done,ours:coord:train.lr,517,540,0,95.74074074074075,698.2104541512938,15694.556730270386
1774392908.4607956,job_done,ours:coord:train.lr,518,540,0,95.92592592592592,667.2372437453178,15710.404193639755
1774392930.6214786,job_done,ours:coord:train.lr,519,540,0,96.11111111111111,636.5777672756614,15732.564819812775
1774392934.7379603,job_done,ours:coord:train.lr,520,540,0,96.29629629629629,605.2569761551343,15736.681380033493
1774392938.3140647,job_done,ours:coord:train.lr,521,540,0,96.48148148148148,574.0209084376264,15740.257541894913
1774392938.4543493,job_done,ours:coord:train.lr,522,540,0,96.66666666666667,542.7723353155728,15740.397724151611
1774393050.148568,job_done,ours:coord:train.lr,523,540,0,96.85185185185185,515.2687478776644,15852.091478824615
1774393063.5966933,job_done,ours:coord:train.lr,524,540,0,97.03703703703704,484.44396779737394,15865.539945363998
1774393086.8202014,job_done,ours:coord:train.lr,525,540,0,97.22222222222223,453.96467515400474,15888.763630390167
1774393093.4749248,job_done,ours:coord:train.lr,526,540,0,97.4074074074074,423.07197263122964,15895.418400287628
1774393099.748904,job_done,ours:coord:train.lr,527,540,0,97.5925925925926,392.2618601711244,15901.692331552505
1774393099.8847246,job_done,ours:coord:train.lr,528,540,0,97.77777777777777,361.4051862792535,15901.828196287155
1774393208.335077,job_done,ours:coord:train.lr,529,540,0,97.96296296296296,332.9169425455068,16010.278418779373
1774393219.4348629,job_done,ours:coord:train.lr,530,540,0,98.14814814814815,302.290150457958,16021.377974271774
1774393243.6690598,job_done,ours:coord:train.lr,531,540,0,98.33333333333333,271.959299919969,16045.598695278168
1774393251.4230418,job_done,ours:coord:train.lr,532,540,0,98.51851851851852,241.40400531238183,16053.366353273392
1774393261.0505183,job_done,ours:coord:train.lr,533,540,0,98.70370370370371,210.95864290412771,16062.993809700012
1774393261.1225328,job_done,ours:coord:train.lr,534,540,0,98.88888888888889,180.4838862713803,16063.065878152847
1774393367.262983,job_done,ours:coord:train.lr,535,540,0,99.07407407407408,151.11407743881796,16169.206285953522
1774393376.1213434,job_done,ours:coord:train.lr,536,540,0,99.25925925925925,120.73182568977127,16178.064642429352
1774393393.699739,job_done,ours:coord:train.lr,537,540,0,99.44444444444444,90.47837554009932,16195.62922167778
1774393398.2157526,job_done,ours:coord:train.lr,538,540,0,99.62962962962963,60.2236393588183,16200.158987522125
1774393403.3456738,job_done,ours:coord:train.lr,539,540,0,99.81481481481481,30.065471461619868,16205.28911781311
1774393403.4297466,job_done,ours:coord:train.lr,540,540,0,100.0,,16205.37316083908
1774393403.4304602,group_end,ours:coord:train.lr,540,540,0,100.0,,16205.373883485794
1774393403.4308016,phase_end,,540,540,0,100.0,,16205.37426996231
1774393404.2281857,lock_released,,540,540,0,100.0,,16206.171599626541
1774393404.2313647,lock_wait,,540,540,0,100.0,,16206.174810647964
1774393404.2317698,lock_acquired,,540,540,0,100.0,,16206.175245761871
1774393404.2321303,plan_add,,540,588,0,91.83673469387755,1440.5489424599543,16206.175602674484
1774393404.232501,phase_start,ours:coord:train.weight_decay,540,588,0,91.83673469387755,1440.5489737404719,16206.175954580307
1774393418.3774965,group_slots,ours:coord:train.weight_decay,540,588,0,91.83673469387755,1441.806302303738,16220.320900917053
1774393418.3778563,group_start,ours:coord:train.weight_decay,540,588,0,91.83673469387755,1441.8063372294107,16220.321293830872
1774393588.5636623,job_done,ours:coord:train.weight_decay,541,588,0,92.00680272108843,1423.9442315273498,16390.50700545311
1774393588.6810727,job_done,ours:coord:train.weight_decay,542,588,0,92.17687074829932,1391.0862091247448,16390.624464035034
1774393589.186463,job_done,ours:coord:train.weight_decay,543,588,0,92.34693877551021,1358.3809278551385,16391.12986278534
1774393589.414584,job_done,ours:coord:train.weight_decay,544,588,0,92.51700680272108,1325.7715928589598,16391.357875347137
1774393589.482194,job_done,ours:coord:train.weight_decay,545,588,0,92.68707482993197,1293.2684351046153,16391.42551469803
1774393589.7872896,job_done,ours:coord:train.weight_decay,546,588,0,92.85714285714286,1260.9023637588207,16391.73072886467
1774393751.4681451,job_done,ours:coord:train.weight_decay,547,588,0,93.02721088435374,1240.7493115090365,16553.411546230316
1774393751.7464182,job_done,ours:coord:train.weight_decay,548,588,0,93.19727891156462,1208.298527306884,16553.68982410431
1774393753.8816729,job_done,ours:coord:train.weight_decay,549,588,0,93.36734693877551,1176.0968614158735,16555.82504916191
1774393754.2660892,job_done,ours:coord:train.weight_decay,550,588,0,93.5374149659864,1143.8835670081053,16556.209522485733
1774393754.403784,job_done,ours:coord:train.weight_decay,551,588,0,93.70748299319727,1111.7692345084383,16556.347249031067
1774393754.540226,job_done,ours:coord:train.weight_decay,552,588,0,93.87755102040816,1079.770671300266,16556.48362660408
1774393910.306241,job_done,ours:coord:train.weight_decay,553,588,0,94.04761904761905,1057.7373190016688,16712.249640226364
1774393911.6388617,job_done,ours:coord:train.weight_decay,554,588,0,94.21768707482993,1025.7433159402992,16713.582265615463
1774393916.0638678,job_done,ours:coord:train.weight_decay,555,588,0,94.38775510204081,994.0436735062987,16718.007236242294
1774393917.5671253,job_done,ours:coord:train.weight_decay,556,588,0,94.5578231292517,962.273980970863,16719.510419368744
1774393917.6888952,job_done,ours:coord:train.weight_decay,557,588,0,94.72789115646259,930.5360848685356,16719.632234573364
1774393917.7556632,job_done,ours:coord:train.weight_decay,558,588,0,94.89795918367346,898.9085483935571,16719.699000120163
1774394063.660277,job_done,ours:coord:train.weight_decay,559,588,0,95.06802721088435,874.9597582663534,16865.60361623764
1774394065.8379679,job_done,ours:coord:train.weight_decay,560,588,0,95.23809523809524,843.3890682697297,16867.781365394592
1774394076.156024,job_done,ours:coord:train.weight_decay,561,588,0,95.40816326530613,812.3149412660038,16878.099335193634
1774394079.8605008,job_done,ours:coord:train.weight_decay,562,588,0,95.578231292517,781.0087180434597,16881.80382847786
1774394080.426985,job_done,ours:coord:train.weight_decay,563,588,0,95.74829931972789,749.661200571653,16882.370236873627
1774394080.5376325,job_done,ours:coord:train.weight_decay,564,588,0,95.91836734693878,718.4034436307054,16882.48092532158
1774394217.964452,job_done,ours:coord:train.weight_decay,565,588,0,96.08843537414965,692.8458079924625,17019.907891988754
1774394220.288997,job_done,ours:coord:train.weight_decay,566,588,0,96.25850340136054,661.6415427514605,17022.232418060303
1774394234.1094897,job_done,ours:coord:train.weight_decay,567,588,0,96.42857142857143,630.9644063490408,17036.038971424103
1774394240.6724775,job_done,ours:coord:train.weight_decay,568,588,0,96.59863945578232,600.0921081321341,17042.615870952606
1774394242.1276593,job_done,ours:coord:train.weight_decay,569,588,0,96.7687074829932,569.1341797408822,17044.07096171379
1774394242.1967711,job_done,ours:coord:train.weight_decay,570,588,0,96.93877551020408,538.2360026309365,17044.14008331299
1774394374.7030869,job_done,ours:coord:train.weight_decay,571,588,0,97.10884353741497,511.38877251060546,17176.646417856216
1774394377.0843987,job_done,ours:coord:train.weight_decay,572,588,0,97.27891156462584,480.53224558263395,17179.027779579163
1774394390.0192573,job_done,ours:coord:train.weight_decay,573,588,0,97.44897959183673,450.0513760519277,17191.96256518364
1774394400.6166313,job_done,ours:coord:train.weight_decay,574,588,0,97.61904761904762,419.5746319642881,17202.559910535812
1774394403.2471452,job_done,ours:coord:train.weight_decay,575,588,0,97.78911564625851,388.9869164450272,17205.190535068512
1774394403.4831157,job_done,ours:coord:train.weight_decay,576,588,0,97.95918367346938,358.4463862031698,17205.42653775215
1774394532.0778885,job_done,ours:coord:train.weight_decay,577,588,0,98.12925170068027,330.4579460984499,17334.021354436874
1774394534.76275,job_done,ours:coord:train.weight_decay,578,588,0,98.29931972789116,299.9430112154014,17336.7060482502
1774394546.17159,job_done,ours:coord:train.weight_decay,579,588,0,98.46938775510205,269.65981820086745,17348.11497092247
1774394560.182414,job_done,ours:coord:train.weight_decay,580,588,0,98.63945578231292,239.47759657563833,17362.12575173378
1774394563.9822533,job_done,ours:coord:train.weight_decay,581,588,0,98.80952380952381,209.22802016533998,17365.92567372322
1774394564.2174077,job_done,ours:coord:train.weight_decay,582,588,0,98.9795918367347,179.03258238871072,17366.16049170494
1774394689.4138412,job_done,ours:coord:train.weight_decay,583,588,0,99.14965986394557,150.01164036590484,17491.357266664505
1774394692.385525,job_done,ours:coord:train.weight_decay,584,588,0,99.31972789115646,119.82416998523556,17494.32881784439
1774394701.3951063,job_done,ours:coord:train.weight_decay,585,588,0,99.48979591836735,89.7607104558211,17503.338538885117
1774394710.3779712,job_done,ours:coord:train.weight_decay,586,588,0,99.65986394557824,59.769014563576754,17512.32126712799
1774394712.5918777,job_done,ours:coord:train.weight_decay,587,588,0,99.82993197278911,29.837368525678908,17514.535324573517
1774394712.7325153,job_done,ours:coord:train.weight_decay,588,588,0,100.0,,17514.675909280777
1774394712.7332537,group_end,ours:coord:train.weight_decay,588,588,0,100.0,,17514.676684379578
1774394712.7336042,phase_end,,588,588,0,100.0,,17514.677081108093
1774394713.5209825,lock_released,,588,588,0,100.0,,17515.464401483536
1774394713.5243144,lock_wait,,588,588,0,100.0,,17515.46776819229
1774394713.5247486,lock_acquired,,588,588,0,100.0,,17515.468213558197
1774394713.5251138,plan_add,,588,636,0,92.45283018867924,1429.8341694851313,17515.468576192856
1774394713.5255024,phase_start,ours:coord:train.grad_clip,588,636,0,92.45283018867924,1429.83419965238,17515.468945741653
1774394727.3486977,group_slots,ours:coord:train.grad_clip,588,636,0,92.45283018867924,1430.962611762845,17529.29199409485
1774394727.3490772,group_start,ours:coord:train.grad_clip,588,636,0,92.45283018867924,1430.9626556707888,17529.292531967163
1774394890.072264,job_done,ours:coord:train.grad_clip,589,636,0,92.61006289308176,1411.7567697801899,17692.015689373016
1774394893.359933,job_done,ours:coord:train.grad_clip,590,636,0,92.76729559748428,1379.6338208966336,17695.30335497856
1774394896.0635746,job_done,ours:coord:train.grad_clip,591,636,0,92.9245283018868,1347.563971989046,17698.006832122803
1774394896.136573,job_done,ours:coord:train.grad_clip,592,636,0,93.08176100628931,1315.3978363791027,17698.079980373383
1774394896.2050831,job_done,ours:coord:train.grad_clip,593,636,0,93.23899371069183,1283.339604152998,17698.14849448204
1774394896.460579,job_done,ours:coord:train.grad_clip,594,636,0,93.39622641509433,1251.4023089842365,17698.404084205627
1774395038.1781018,job_done,ours:coord:train.grad_clip,595,636,0,93.55345911949685,1229.3192944053842,17840.121467590332
1774395050.497449,job_done,ours:coord:train.grad_clip,596,636,0,93.71069182389937,1198.1503937868465,17852.44086742401
1774395059.8648798,job_done,ours:coord:train.grad_clip,597,636,0,93.86792452830188,1166.8517919676988,17861.808200120926
1774395060.1386342,job_done,ours:coord:train.grad_clip,598,636,0,94.0251572327044,1135.0486927367372,17862.082059383392
1774395060.4861338,job_done,ours:coord:train.grad_clip,599,636,0,94.18238993710692,1103.355407357813,17862.42943263054
1774395060.5556278,job_done,ours:coord:train.grad_clip,600,636,0,94.33962264150944,1071.7499485445023,17862.49914240837
1774395187.7250547,job_done,ours:coord:train.grad_clip,601,636,0,94.49685534591195,1047.6512425076744,17989.668478488922
1774395201.1934574,job_done,ours:coord:train.grad_clip,602,636,0,94.65408805031447,1016.7884541698468,18003.13674736023
1774395221.794459,job_done,ours:coord:train.grad_clip,603,636,0,94.81132075471699,986.373705639768,18023.73771214485
1774395224.105604,job_done,ours:coord:train.grad_clip,604,636,0,94.96855345911949,955.0224663942855,18026.04905319214
1774395224.6021073,job_done,ours:coord:train.grad_clip,605,636,0,95.12578616352201,923.6742330275291,18026.545515537262
1774395224.6637807,job_done,ours:coord:train.grad_clip,606,636,0,95.28301886792453,892.4063016518509,18026.607293367386
1774395338.8212848,job_done,ours:coord:train.grad_clip,607,636,0,95.44025157232704,866.6922181021833,18140.764703035355
1774395352.2536836,job_done,ours:coord:train.grad_clip,608,636,0,95.59748427672956,836.0485440774967,18154.19695711136
1774395381.4010587,job_done,ours:coord:train.grad_clip,609,636,0,95.75471698113208,806.1581285046826,18183.344454050064
1774395385.861176,job_done,ours:coord:train.grad_clip,610,636,0,95.9119496855346,775.2178900390376,18187.80434322357
1774395387.200136,job_done,ours:coord:train.grad_clip,611,636,0,96.06918238993711,744.2366446586366,18189.143595457077
1774395387.4320364,job_done,ours:coord:train.grad_clip,612,636,0,96.22641509433963,713.3088453704236,18189.3755569458
1774395495.7314732,job_done,ours:coord:train.grad_clip,613,636,0,96.38364779874213,686.5359202796444,18297.674744844437
1774395505.890234,job_done,ours:coord:train.grad_clip,614,636,0,96.54088050314465,655.9810087696349,18307.8336083889
1774395537.4989767,job_done,ours:coord:train.grad_clip,615,636,0,96.69811320754717,626.2248626092585,18339.442404985428
1774395546.0303767,job_done,ours:coord:train.grad_clip,616,636,0,96.85534591194968,595.7134304495601,18347.97365784645
1774395548.781604,job_done,ours:coord:train.grad_clip,617,636,0,97.0125786163522,565.0952615042366,18350.72507095337
1774395549.1841717,job_done,ours:coord:train.grad_clip,618,636,0,97.16981132075472,534.4988623359828,18351.127606868744
1774395654.5405748,job_done,ours:coord:train.grad_clip,619,636,0,97.32704402515724,506.8824318125483,18456.483840703964
1774395661.6063416,job_done,ours:coord:train.grad_clip,620,636,0,97.48427672955975,476.47869949340827,18463.549605369568
1774395692.5224388,job_done,ours:coord:train.grad_clip,621,636,0,97.64150943396227,446.7262253553971,18494.46572971344
1774395705.147651,job_done,ours:coord:train.grad_clip,622,636,0,97.79874213836477,416.55831719211443,18507.09094953537
1774395710.4651344,job_done,ours:coord:train.grad_clip,623,636,0,97.95597484276729,386.29423966530237,18512.4085624218
1774395710.8487594,job_done,ours:coord:train.grad_clip,624,636,0,98.11320754716981,356.0152337413568,18512.792154550552
1774395814.3245587,job_done,ours:coord:train.grad_clip,625,636,0,98.27044025157232,327.64631469573976,18616.26788043976
1774395819.3253903,job_done,ours:coord:train.grad_clip,626,636,0,98.42767295597484,297.46435595777467,18621.268682956696
1774395847.1091368,job_done,ours:coord:train.grad_clip,627,636,0,98.58490566037736,267.6897497793134,18649.05256795883
1774395862.6432116,job_done,ours:coord:train.grad_clip,628,636,0,98.74213836477988,237.76543444433028,18664.58660387993
1774395871.335893,job_done,ours:coord:train.grad_clip,629,636,0,98.8993710691824,207.81073932124627,18673.2792904377
1774395871.5734982,job_done,ours:coord:train.grad_clip,630,636,0,99.05660377358491,177.84301777113052,18673.516865968704
1774395972.955695,job_done,ours:coord:train.grad_clip,631,636,0,99.21383647798743,148.77099056818216,18774.89900970459
1774395978.360559,job_done,ours:coord:train.grad_clip,632,636,0,99.37106918238993,118.86268257792993,18780.303847312927
1774395996.3917053,job_done,ours:coord:train.grad_clip,633,636,0,99.52830188679245,89.09163504867193,18798.334995269775
1774396004.8865693,job_done,ours:coord:train.grad_clip,634,636,0,99.68553459119497,59.3275392266102,18806.829934835434
1774396010.3752255,job_done,ours:coord:train.grad_clip,635,636,0,99.84276729559748,29.625698704231443,18812.318677186966
1774396010.4471607,job_done,ours:coord:train.grad_clip,636,636,0,100.0,,18812.39057302475
1774396010.4484243,group_end,ours:coord:train.grad_clip,636,636,0,100.0,,18812.39181137085
1774396010.4487908,phase_end,,636,636,0,100.0,,18812.39224267006
1774396011.2238948,lock_released,,636,636,0,100.0,,18813.167312145233
1774396011.2274284,lock_wait,,636,636,0,100.0,,18813.170849323273
1774396011.2278662,lock_acquired,,636,636,0,100.0,,18813.17132282257
1774396011.2282453,plan_add,,636,684,0,92.98245614035088,1419.862015094397,18813.171700000763
1774396011.2286465,phase_start,ours:coord:method.ours.lambda_align,636,684,0,92.98245614035088,1419.8620451261413,18813.17209792137
1774396025.2730212,group_slots,ours:coord:method.ours.lambda_align,636,684,0,92.98245614035088,1420.9219867418396,18827.216324329376
1774396025.2735987,group_start,ours:coord:method.ours.lambda_align,636,684,0,92.98245614035088,1420.9220266162226,18827.216852664948
1774396185.1486473,job_done,ours:coord:method.ours.lambda_align,637,684,0,93.12865497076024,1400.9314397418143,18987.092066287994
1774396192.6984642,job_done,ours:coord:method.ours.lambda_align,638,684,0,93.27485380116958,1369.5196249933454,18994.641755342484
1774396192.820705,job_done,ours:coord:method.ours.lambda_align,639,684,0,93.42105263157895,1337.6594450776006,18994.76412010193
1774396193.0886722,job_done,ours:coord:method.ours.lambda_align,640,684,0,93.5672514619883,1305.9084564462305,18995.03209376335
1774396193.220413,job_done,ours:coord:method.ours.lambda_align,641,684,0,93.71345029239767,1274.246556734704,18995.16378760338
1774396193.3114727,job_done,ours:coord:method.ours.lambda_align,642,684,0,93.85964912280701,1242.6802272729785,18995.254902601242
1774396330.9570794,job_done,ours:coord:method.ours.lambda_align,643,684,0,94.00584795321637,1219.9827703168937,19132.90051984787
1774396355.2360725,job_done,ours:coord:method.ours.lambda_align,644,684,0,94.15204678362574,1189.8869211333138,19157.179430246353
1774396356.7118645,job_done,ours:coord:method.ours.lambda_align,645,684,0,94.29824561403508,1158.4303181670432,19158.65526199341
1774396357.6301043,job_done,ours:coord:method.ours.lambda_align,646,684,0,94.44444444444444,1127.033735780155,19159.573508262634
1774396357.9044068,job_done,ours:coord:method.ours.lambda_align,647,684,0,94.5906432748538,1095.6945443680333,19159.847843408585
1774396357.9663064,job_done,ours:coord:method.ours.lambda_align,648,684,0,94.73684210526316,1064.439434395896,19159.90981912613
1774396474.5429072,job_done,ours:coord:method.ours.lambda_align,649,684,0,94.88304093567251,1039.563980243974,19276.48637652397
1774396514.6452909,job_done,ours:coord:method.ours.lambda_align,650,684,0,95.02923976608187,1010.4061789299892,19316.588714838028
1774396518.1655235,job_done,ours:coord:method.ours.lambda_align,651,684,0,95.17543859649123,979.360358228332,19320.10888504982
1774396520.7494073,job_done,ours:coord:method.ours.lambda_align,652,684,0,95.32163742690058,948.3530215163903,19322.692813396454
1774396521.0350947,job_done,ours:coord:method.ours.lambda_align,653,684,0,95.46783625730994,917.3236338066289,19322.978479862213
1774396521.1228878,job_done,ours:coord:method.ours.lambda_align,654,684,0,95.6140350877193,886.3791901146599,19323.066344499588
1774396628.082013,job_done,ours:coord:method.ours.lambda_align,655,684,0,95.76023391812865,860.2606630991434,19430.02532172203
1774396668.911992,job_done,ours:coord:method.ours.lambda_align,656,684,0,95.90643274853801,831.0730977494542,19470.855432987213
1774396677.0187466,job_done,ours:coord:method.ours.lambda_align,657,684,0,96.05263157894737,800.5052950643513,19478.962179899216
1774396684.3405273,job_done,ours:coord:method.ours.lambda_align,658,684,0,96.19883040935673,769.9747457011492,19486.283948898315
1774396684.6134858,job_done,ours:coord:method.ours.lambda_align,659,684,0,96.34502923976608,739.2472263080759,19486.55688548088
1774396684.863263,job_done,ours:coord:method.ours.lambda_align,660,684,0,96.49122807017544,708.611153680628,19486.80672621727
1774396784.9424655,job_done,ours:coord:method.ours.lambda_align,661,684,0,96.6374269005848,681.5406575523959,19586.885854005814
1774396823.0688457,job_done,ours:coord:method.ours.lambda_align,662,684,0,96.78362573099415,652.190740771164,19625.012290477753
1774396832.5616934,job_done,ours:coord:method.ours.lambda_align,663,684,0,96.9298245614035,621.9073951578788,19634.504904270172
1774396846.457445,job_done,ours:coord:method.ours.lambda_align,664,684,0,97.07602339181287,591.819301786193,19648.400819301605
1774396846.834647,job_done,ours:coord:method.ours.lambda_align,665,684,0,97.22222222222223,561.3936595780509,19648.77808523178
1774396847.1011388,job_done,ours:coord:method.ours.lambda_align,666,684,0,97.36842105263158,531.055259878571,19649.044615507126
1774396940.100488,job_done,ours:coord:method.ours.lambda_align,667,684,0,97.51461988304094,503.17052898771584,19742.043696165085
1774396979.1829584,job_done,ours:coord:method.ours.lambda_align,668,684,0,97.6608187134503,473.7994339366159,19781.126366853714
1774396987.6269624,job_done,ours:coord:method.ours.lambda_align,669,684,0,97.80701754385964,443.71234084993193,19789.570401906967
1774397008.065902,job_done,ours:coord:method.ours.lambda_align,670,684,0,97.953216374269,413.94049325416336,19810.009320020676
1774397008.9085593,job_done,ours:coord:method.ours.lambda_align,671,684,0,98.09941520467837,383.81680228386836,19810.851871728897
1774397009.1828244,job_done,ours:coord:method.ours.lambda_align,672,684,0,98.24561403508773,353.77011008347785,19811.12616467476
1774397095.4638057,job_done,ours:coord:method.ours.lambda_align,673,684,0,98.39181286549707,325.217650925068,19897.407188415527
1774397135.430195,job_done,ours:coord:method.ours.lambda_align,674,684,0,98.53801169590643,295.8067290153277,19937.373535633087
1774397143.4790385,job_done,ours:coord:method.ours.lambda_align,675,684,0,98.6842105263158,265.93896492958066,19945.42236971855
1774397168.9300735,job_done,ours:coord:method.ours.lambda_align,676,684,0,98.83040935672514,236.3416967843411,19970.873378276825
1774397170.7891967,job_done,ours:coord:method.ours.lambda_align,677,684,0,98.9766081871345,206.51274524164694,19972.73264694214
1774397170.9188883,job_done,ours:coord:method.ours.lambda_align,678,684,0,99.12280701754386,176.75099365479124,19972.86228299141
1774397251.5110393,job_done,ours:coord:method.ours.lambda_align,679,684,0,99.26900584795321,147.66903017511774,20053.45429778099
1774397285.825145,job_done,ours:coord:method.ours.lambda_align,680,684,0,99.41520467836257,118.16334432714126,20087.768535614014
1774397292.373966,job_done,ours:coord:method.ours.lambda_align,681,684,0,99.56140350877193,88.52122204104184,20094.317403316498
1774397308.1928306,job_done,ours:coord:method.ours.lambda_align,682,684,0,99.70760233918129,58.9740064214052,20110.136189699173
1774397309.4950504,job_done,ours:coord:method.ours.lambda_align,683,684,0,99.85380116959064,29.445737194002636,20111.4385035038
1774397309.5804281,job_done,ours:coord:method.ours.lambda_align,684,684,0,100.0,,20111.523835897446
1774397309.5809786,group_end,ours:coord:method.ours.lambda_align,684,684,0,100.0,,20111.524507045746
1774397309.581161,phase_end,,684,684,0,100.0,,20111.524734973907
1774397310.3649342,lock_released,,684,684,0,100.0,,20112.30837368965
1774397310.367258,lock_wait,,684,684,0,100.0,,20112.310826301575
1774397310.367491,lock_acquired,,684,684,0,100.0,,20112.311062812805
1774397310.3676875,plan_add,,684,738,0,92.6829268292683,1587.8140473867716,20112.31126689911
1774397310.3678792,phase_start,ours:local_var_topk,684,738,0,92.6829268292683,1587.8140626894801,20112.311460733414
1774397324.0966935,group_slots,ours:local_var_topk,684,738,0,92.6829268292683,1588.8979053873766,20126.04013490677
1774397324.0969148,group_start,ours:local_var_topk,684,738,0,92.6829268292683,1588.897932435337,20126.040477514267
1774397487.442708,job_done,ours:local_var_topk,685,738,0,92.81842818428184,1569.8357150460681,20289.386128425598
1774397490.8588471,job_done,ours:local_var_topk,686,738,0,92.95392953929539,1538.2299063490707,20292.80222606659
1774397492.298843,job_done,ours:local_var_topk,687,738,0,93.08943089430895,1506.559258337104,20294.239421129227
1774397493.8233027,job_done,ours:local_var_topk,688,738,0,93.22493224932249,1474.983038302771,20295.766607046127
1774397493.8953698,job_done,ours:local_var_topk,689,738,0,93.36043360433604,1443.3905659618158,20295.838774442673
1774397493.960165,job_done,ours:local_var_topk,690,738,0,93.4959349593496,1411.8889460356338,20295.903599262238
1774397637.3851707,job_done,ours:local_var_topk,691,738,0,93.63143631436314,1390.22929491286,20439.32856988907
1774397650.0929527,job_done,ours:local_var_topk,692,738,0,93.76693766937669,1359.5284212345332,20452.036249876022
1774397653.040594,job_done,ours:local_var_topk,693,738,0,93.90243902439025,1328.2457007061353,20454.98379087448
1774397657.0129943,job_done,ours:local_var_topk,694,738,0,94.03794037940379,1297.1096264058644,20458.95638012886
1774397657.2676163,job_done,ours:local_var_topk,695,738,0,94.17344173441734,1265.8216796398162,20459.21086859703
1774397657.3341515,job_done,ours:local_var_topk,696,738,0,94.3089430894309,1234.6115765653808,20459.277554512024
1774397789.2970564,job_done,ours:local_var_topk,697,738,0,94.44444444444444,1211.2494328582989,20591.24035859108
1774397805.451867,job_done,ours:local_var_topk,698,738,0,94.57994579945799,1180.9395555643775,20607.39524459839
1774397810.9884267,job_done,ours:local_var_topk,699,738,0,94.71544715447155,1150.077733988414,20612.931693792343
1774397818.971556,job_done,ours:local_var_topk,700,738,0,94.8509485094851,1119.4210901355743,20620.914818286896
1774397819.464085,job_done,ours:local_var_topk,701,738,0,94.98644986449864,1088.4337780955175,20621.4075255394
1774397819.533549,job_done,ours:local_var_topk,702,738,0,95.1219512195122,1057.5116322835286,20621.47682952881
1774397944.2415392,job_done,ours:local_var_topk,703,738,0,95.25745257452574,1032.882604861836,20746.184891939163
1774397960.976574,job_done,ours:local_var_topk,704,738,0,95.39295392953929,1002.7546575286173,20762.919967651367
1774397966.8637557,job_done,ours:local_var_topk,705,738,0,95.52845528455285,972.1569225077934,20768.806980848312
1774397980.3216722,job_done,ours:local_var_topk,706,738,0,95.6639566395664,941.971730099859,20782.25129532814
1774397981.3124254,job_done,ours:local_var_topk,707,738,0,95.79945799457994,911.2884446421305,20783.255818128586
1774397981.44896,job_done,ours:local_var_topk,708,738,0,95.9349593495935,880.6522212190143,20783.392420768738
1774398099.6158547,job_done,ours:local_var_topk,709,738,0,96.07046070460704,854.9297856685977,20901.559242725372
1774398117.3645453,job_done,ours:local_var_topk,710,738,0,96.2059620596206,824.9867898564943,20919.30788564682
1774398123.4018068,job_done,ours:local_var_topk,711,738,0,96.34146341463415,794.633352140837,20925.34493970871
1774398140.7685897,job_done,ours:local_var_topk,712,738,0,96.4769647696477,764.7619501506344,20942.71186566353
1774398142.8031595,job_done,ours:local_var_topk,713,738,0,96.61246612466125,734.3880250861903,20944.746475458145
1774398142.912201,job_done,ours:local_var_topk,714,738,0,96.7479674796748,704.0287593713327,20944.85559129715
1774398256.3765938,job_done,ours:local_var_topk,715,738,0,96.88346883468834,677.4005018147554,21058.319947719574
1774398273.035904,job_done,ours:local_var_topk,716,738,0,97.0189701897019,647.5548074005703,21074.96554994583
1774398279.3018253,job_done,ours:local_var_topk,717,738,0,97.15447154471545,617.4423253915301,21081.245109796524
1774398300.3741689,job_done,ours:local_var_topk,718,738,0,97.289972899729,587.8082887907215,21102.3175675869
1774398304.5084422,job_done,ours:local_var_topk,719,738,0,97.42547425474255,557.7504660184593,21106.451845645905
1774398304.7360008,job_done,ours:local_var_topk,720,738,0,97.5609756097561,527.6669847011566,21106.679388046265
1774398414.071015,job_done,ours:local_var_topk,721,738,0,97.69647696476964,500.2388953954271,21216.01432824135
1774398429.084044,job_done,ours:local_var_topk,722,738,0,97.8319783197832,470.49368169895496,21231.027386665344
1774398435.6099625,job_done,ours:local_var_topk,723,738,0,97.96747967479675,440.61314009037255,21237.553352355957
1774398458.7931073,job_done,ours:local_var_topk,724,738,0,98.1029810298103,411.11921475737137,21260.73653459549
1774398465.6088889,job_done,ours:local_var_topk,725,738,0,98.23848238482385,381.34921323578936,21267.552276611328
1774398465.8521135,job_done,ours:local_var_topk,726,738,0,98.3739837398374,351.5338105721907,21267.79553961754
1774398572.50593,job_done,ours:local_var_topk,727,738,0,98.50948509485094,323.40982539355343,21374.449369192123
1774398586.0952415,job_done,ours:local_var_topk,728,738,0,98.6449864498645,293.79173824092845,21388.03854393959
1774398592.6449594,job_done,ours:local_var_topk,729,738,0,98.78048780487805,264.13071906419447,21394.588244199753
1774398616.492092,job_done,ours:local_var_topk,730,738,0,98.9159891598916,234.7225811840737,21418.435533046722
1774398626.5065632,job_done,ours:local_var_topk,731,738,0,99.05149051490515,205.19719521193758,21428.44995713234
1774398626.882653,job_done,ours:local_var_topk,732,738,0,99.1869918699187,175.6461155414581,21428.826096057892
1774398730.9519606,job_done,ours:local_var_topk,733,738,0,99.32249322493224,146.88196004982046,21532.89534330368
1774398742.7625437,job_done,ours:local_var_topk,734,738,0,99.4579945799458,117.40984171807604,21544.705955266953
1774398747.9266021,job_done,ours:local_var_topk,735,738,0,99.59349593495935,87.95865330890733,21549.870060682297
1774398760.4824288,job_done,ours:local_var_topk,736,738,0,99.7289972899729,58.59354839247206,21562.425808429718
1774398765.837662,job_done,ours:local_var_topk,737,738,0,99.86449864498645,29.264289168522186,21567.78111720085
1774398766.0057137,job_done,ours:local_var_topk,738,738,0,100.0,,21567.949243545532
1774398766.00637,group_end,ours:local_var_topk,738,738,0,100.0,,21567.949754476547
1774398766.0065796,phase_end,,738,738,0,100.0,,21567.950137853622
1774398766.7554815,lock_released,,738,738,0,100.0,,21568.698889255524
1774398766.7711918,method_done,,738,738,0,100.0,,21568.714666604996
1774398767.2081923,method_start,,738,738,0,100.0,,21569.15171933174
1774398767.20879,lock_wait,,738,738,0,100.0,,21569.15208005905
1774398767.2090437,lock_acquired,,738,738,0,100.0,,21569.1525990963
1774398767.2093556,plan_add,,738,743,0,99.32705248990578,146.13247169227134,21569.15282177925
1774398767.2095523,phase_start,final:baseline,738,743,0,99.32705248990578,146.13247374532023,21569.153124809265
1774398781.463437,group_slots,final:baseline,738,743,0,99.32705248990578,146.22904362717296,21583.406839370728
1774398781.4637215,group_start,final:baseline,738,743,0,99.32705248990578,146.2290464491056,21583.407255887985
1774399661.8769782,job_done,final:baseline,739,743,0,99.46164199192464,121.59036741011519,22463.820379018784
1774399664.4156656,job_done,final:baseline,740,743,0,99.59623149394348,91.07983356230967,22466.35894536972
1774399667.627973,job_done,final:baseline,741,743,0,99.73082099596232,60.64661617768116,22469.57129383087
1774399669.3823469,job_done,final:baseline,742,743,0,99.86541049798116,30.284805511207274,22471.325689315796
1774399669.4713538,job_done,final:baseline,743,743,0,100.0,,22471.414817094803
1774399669.4718401,group_end,final:baseline,743,743,0,100.0,,22471.41540288925
1774399669.4720197,phase_end,,743,743,0,100.0,,22471.41559767723
1774399670.3232949,lock_released,,743,743,0,100.0,,22472.26682305336
1774399670.3238945,method_done,,743,743,0,100.0,,22472.267102003098
1774399670.3240702,method_start,,743,743,0,100.0,,22472.267650842667
1774399670.324339,lock_wait,,743,743,0,100.0,,22472.267917633057
1774399670.324545,lock_acquired,,743,743,0,100.0,,22472.268129110336
1774399670.3247287,plan_add,,743,748,0,99.33155080213903,151.22657002542735,22472.268305778503
1774399670.3249137,phase_start,final:cagrad,743,748,0,99.33155080213903,151.22657128811525,22472.268493413925
1774399685.8474596,group_slots,final:cagrad,743,748,0,99.33155080213903,151.33102799809637,22487.79076051712
1774399685.847829,group_start,final:cagrad,743,748,0,99.33155080213903,151.33103153426427,22487.79128599167
1774400755.602993,job_done,final:cagrad,744,748,0,99.46524064171123,126.65347559093148,23557.546459913254
1774400756.3116095,job_done,final:cagrad,745,748,0,99.59893048128342,94.86545493426739,23558.254642009735
1774400757.0398853,job_done,final:cagrad,746,748,0,99.73262032085562,63.16081287969533,23558.983204126358
1774400784.582661,job_done,final:cagrad,747,748,0,99.8663101604278,31.57500145744926,23586.5260887146
1774400788.4976046,job_done,final:cagrad,748,748,0,100.0,,23590.440987586975
1774400788.4982808,group_end,final:cagrad,748,748,0,100.0,,23590.441823720932
1774400788.498467,phase_end,,748,748,0,100.0,,23590.442041635513
1774400789.270187,lock_released,,748,748,0,100.0,,23591.213129758835
1774400789.270446,method_done,,748,748,0,100.0,,23591.213975667953
1774400789.2713077,method_start,,748,748,0,100.0,,23591.214205026627
1774400789.2715807,lock_wait,,748,748,0,100.0,,23591.21515893936
1774400789.2717903,lock_acquired,,748,748,0,100.0,,23591.215371847153
1774400789.2719698,plan_add,,748,753,0,99.33598937583001,157.69529113316918,23591.21555352211
1774400789.272144,phase_start,final:ours,748,753,0,99.33598937583001,157.695292309325,23591.21572947502
1774400803.4938035,group_slots,final:ours,748,753,0,99.33598937583001,157.79035567599823,23605.437209129333
1774400803.494066,group_start,final:ours,748,753,0,99.33598937583001,157.7903583040212,23605.43760228157
1774401687.038195,job_done,final:ours,749,753,0,99.46879150066401,130.78227857531152,24488.98166322708
1774401690.7485886,job_done,final:ours,750,753,0,99.60159362549801,97.97076750278474,24492.691875696182
1774401694.813953,job_done,final:ours,751,753,0,99.734395750332,65.23770251318554,24496.757293701172
1774401697.879622,job_done,final:ours,752,753,0,99.867197875166,32.57955171960465,24499.8228931427
1774401697.9680164,job_done,final:ours,753,753,0,100.0,,24499.91144013405
1774401697.9686668,group_end,final:ours,753,753,0,100.0,,24499.912113666534
1774401697.9689915,phase_end,,753,753,0,100.0,,24499.912469148636
1774401698.7099364,lock_released,,753,753,0,100.0,,24500.65336704254
1774401698.7105796,method_done,,753,753,0,100.0,,24500.65376019478
1774401702.6273172,pipeline_done,,753,753,0,100.0,,24504.570837259293
1774401703.3431656,lock_released,,753,753,0,100.0,,24505.286698818207
