step,train_step_loss,train_acc,train_loss,val_acc,val_loss,avg_intra_expert_coherence,expert_diversity_e0,expert_diversity_e1,expert_diversity_e2,expert_diversity_e3,expert_diversity_mean,expert_purity_e0,expert_purity_e1,expert_purity_e2,expert_purity_e3,expert_purity_mean,inter_expert_similarity,inter_expert_similarity_e0_e0,inter_expert_similarity_e0_e1,inter_expert_similarity_e0_e2,inter_expert_similarity_e0_e3,inter_expert_similarity_e1_e0,inter_expert_similarity_e1_e1,inter_expert_similarity_e1_e2,inter_expert_similarity_e1_e3,inter_expert_similarity_e2_e0,inter_expert_similarity_e2_e1,inter_expert_similarity_e2_e2,inter_expert_similarity_e2_e3,inter_expert_similarity_e3_e0,inter_expert_similarity_e3_e1,inter_expert_similarity_e3_e2,inter_expert_similarity_e3_e3,intra_expert_coherence_e0,intra_expert_coherence_e1,intra_expert_coherence_e2,intra_expert_coherence_e3,load_cv,load_max_min_ratio,overall_task_conflict_cos,router_entropy,router_load_e0,router_load_e1,router_load_e2,router_load_e3,task_acc__glue_mrpc,task_conflict_t0_t0,task_grad_norm_cv,task_loss__glue_mrpc,utilization_ratio
50.0,0.5420762151479721,0.6744820065430752,0.634465668382852,0.6838235294117647,0.6300998215491955,1.0,0.0,0.0,0.0,0.0,0.0,1.0,1.0,1.0,1.0,1.0,-0.020054704767110094,1.0,0.0,-0.12032822860266057,0.0,0.0,1.0,0.0,0.0,-0.12032822860266057,0.0,1.0,0.0,0.0,0.0,0.0,1.0,1.0,1.0,1.0,1.0,1.0911397716665812,654347956180.5725,1.0,0.6447134719175451,0.345652312040329,0.0,0.6543479561805725,0.0,0.6838235294117647,1.0,0.0,0.6300998215491955,0.5
100.0,0.6806080937385559,0.6744820065430752,0.6335410290438196,0.6838235294117647,0.6295376804012519,1.0,0.0,0.0,0.0,0.0,0.0,1.0,1.0,1.0,1.0,1.0,-0.017894473149359363,1.0,0.0,-0.10736683889615617,0.0,0.0,1.0,0.0,0.0,-0.10736683889615617,0.0,1.0,0.0,0.0,0.0,0.0,1.0,1.0,1.0,1.0,1.0,1.4347063302993774,863727629184.7229,1.0,0.39813852310180664,0.8637276291847229,0.0,0.1362723857164383,0.0,0.6838235294117647,1.0,0.0,0.6295376804012519,0.5
150.0,0.657978355884552,0.6744820065430752,0.6322573582763257,0.6838235294117647,0.6258226633071899,1.0,0.0,0.0,0.0,0.0,0.0,1.0,1.0,1.0,1.0,1.0,0.04780821761446965,1.0,0.0,0.2868493056868179,0.0,0.0,1.0,0.0,0.0,0.2868493056868179,0.0,1.0,0.0,0.0,0.0,0.0,1.0,1.0,1.0,1.0,1.0,1.2437935166112801,761491358280.1819,1.0,0.549354612827301,0.7614913582801819,0.0,0.23850852251052856,0.0,0.6838235294117647,1.0,0.0,0.6258226633071899,0.5
