step,train_step_loss,train_acc,train_loss,val_acc,val_loss,avg_intra_expert_coherence,expert_diversity_e0,expert_diversity_e1,expert_diversity_e2,expert_diversity_e3,expert_diversity_mean,expert_purity_e0,expert_purity_e1,expert_purity_e2,expert_purity_e3,expert_purity_mean,inter_expert_similarity,inter_expert_similarity_e0_e0,inter_expert_similarity_e0_e1,inter_expert_similarity_e0_e2,inter_expert_similarity_e0_e3,inter_expert_similarity_e1_e0,inter_expert_similarity_e1_e1,inter_expert_similarity_e1_e2,inter_expert_similarity_e1_e3,inter_expert_similarity_e2_e0,inter_expert_similarity_e2_e1,inter_expert_similarity_e2_e2,inter_expert_similarity_e2_e3,inter_expert_similarity_e3_e0,inter_expert_similarity_e3_e1,inter_expert_similarity_e3_e2,inter_expert_similarity_e3_e3,intra_expert_coherence_e0,intra_expert_coherence_e1,intra_expert_coherence_e2,intra_expert_coherence_e3,load_cv,load_max_min_ratio,overall_task_conflict_cos,router_entropy,router_load_e0,router_load_e1,router_load_e2,router_load_e3,task_acc__glue_mrpc,task_conflict_t0_t0,task_grad_norm_cv,task_loss__glue_mrpc,utilization_ratio
50.0,0.585253119468689,0.6744820065430752,0.6387813051109729,0.6838235294117647,0.6355115060622876,1.0,0.0,0.0,0.0,0.0,0.0,1.0,1.0,1.0,1.0,1.0,-0.052423820292657096,1.0,0.0,0.0,-0.31454292175594256,0.0,1.0,0.0,0.0,0.0,0.0,1.0,0.0,-0.31454292175594256,0.0,0.0,1.0,1.0,1.0,1.0,1.0,1.0221455097198486,574817776679.9927,1.0,0.6819095611572266,0.42518219351768494,0.0,0.0,0.5748177766799927,0.6838235294117647,1.0,0.0,0.6355115060622876,0.5
100.0,0.6794888377189636,0.6744820065430752,0.6695092599029127,0.6838235294117647,0.6680358143953177,1.0,0.0,0.0,0.0,0.0,0.0,1.0,1.0,1.0,1.0,1.0,0.0005991711365444186,1.0,0.0,0.0,0.0035950268192665113,0.0,1.0,0.0,0.0,0.0,0.0,1.0,0.0,0.0035950268192665113,0.0,0.0,1.0,1.0,1.0,1.0,1.0,1.2399096488952637,759175598621.3684,1.0,0.5520282563041238,0.7591755986213684,0.0,0.0,0.24082446098327637,0.6838235294117647,1.0,0.0,0.6680358143953177,0.5
150.0,0.65436190366745,0.6744820065430752,0.6506919674899267,0.6838235294117647,0.6413905626306167,1.0,0.0,0.0,0.0,0.0,0.0,1.0,1.0,1.0,1.0,1.0,-0.015644849507333164,1.0,0.0,0.0,-0.09386909704399898,0.0,1.0,0.0,0.0,0.0,0.0,1.0,0.0,-0.09386909704399898,0.0,0.0,1.0,1.0,1.0,1.0,1.0,1.126489698176528,683364391326.9043,1.0,0.6243076756888745,0.6833643913269043,0.0,0.0,0.3166360557079315,0.6838235294117647,1.0,0.0,0.6413905626306167,0.5
