step,train_step_loss,train_acc,train_loss,val_acc,val_loss,router_entropy,router_load_e0,router_load_e1,router_load_e2,router_load_e3
30.0,1.0979405343532562,0.3402506510416667,1.1044953328867753,0.3424479166666667,1.1084180648128192,1.3777357786893845,0.2174103856086731,0.2839764356613159,0.22822748124599457,0.2703857123851776
60.0,1.0939253866672516,0.3414713541666667,1.1007583284129698,0.3434244791666667,1.1057867432634036,1.3580218777060509,0.24174414575099945,0.33426496386528015,0.1736162155866623,0.2503747045993805
90.0,1.0862745145956676,0.3941243489583333,1.087558859338363,0.3307291666666667,1.1026064629356067,1.3616984163721402,0.24754644930362701,0.3206740915775299,0.17454272508621216,0.2572367489337921
100.0,1.0818918993075688,0.333251953125,1.0949293492982786,0.3248697916666667,1.1163389086723328,1.3702618678410847,0.28427115082740784,0.28108230233192444,0.1862681359052658,0.24837851524353027
