{
  "best_val_acc": 0.6502401552614197,
  "final_val_acc": 0.6502401552614197,
  "method": "ours",
  "num_eval_points": 5
}