{
  "best_val_acc": 0.6375174440834087,
  "final_val_acc": 0.6258431481364221,
  "method": "ours",
  "num_eval_points": 5
}