{
  "best_val_acc": 0.6534919765077709,
  "final_val_acc": 0.6457804824576435,
  "method": "ours",
  "num_eval_points": 5
}