step,train_step_loss,train_acc,train_loss,val_acc,val_loss,avg_intra_expert_coherence,expert_diversity_e0,expert_diversity_e1,expert_diversity_e2,expert_diversity_e3,expert_diversity_mean,expert_purity_e0,expert_purity_e1,expert_purity_e2,expert_purity_e3,expert_purity_mean,inter_expert_similarity,inter_expert_similarity_e0_e0,inter_expert_similarity_e0_e1,inter_expert_similarity_e0_e2,inter_expert_similarity_e0_e3,inter_expert_similarity_e1_e0,inter_expert_similarity_e1_e1,inter_expert_similarity_e1_e2,inter_expert_similarity_e1_e3,inter_expert_similarity_e2_e0,inter_expert_similarity_e2_e1,inter_expert_similarity_e2_e2,inter_expert_similarity_e2_e3,inter_expert_similarity_e3_e0,inter_expert_similarity_e3_e1,inter_expert_similarity_e3_e2,inter_expert_similarity_e3_e3,intra_expert_coherence_e0,intra_expert_coherence_e1,intra_expert_coherence_e2,intra_expert_coherence_e3,load_cv,load_max_min_ratio,overall_task_conflict_cos,router_entropy,router_load_e0,router_load_e1,router_load_e2,router_load_e3,task_acc__glue_rte,task_conflict_t0_t0,task_grad_norm_cv,task_loss__glue_rte,utilization_ratio
50.0,0.6454182267189026,0.5016064257028112,0.6926075623967709,0.5270758122743683,0.6882033348083496,1.0,0.0,0.0,0.0,0.0,0.0,1.0,1.0,1.0,1.0,1.0,0.00956106166590647,1.0,0.057366369995438815,0.0,0.0,0.057366369995438815,1.0,0.0,0.0,0.0,0.0,1.0,0.0,0.0,0.0,0.0,1.0,1.0,1.0,1.0,1.0,1.0119370222091675,554791152477.2644,1.0,0.6866151460241324,0.5547911524772644,0.445208877325058,0.0,0.0,0.5270758122743683,1.0,0.0,0.6882033348083496,0.5
100.0,0.6919606328010559,0.6409638554216868,0.6710117189165873,0.5992779783393501,0.6724444892671373,1.0,0.0,0.0,0.0,0.0,0.0,1.0,1.0,1.0,1.0,1.0,0.00809711433427557,1.0,0.048582686005653415,0.0,0.0,0.048582686005653415,1.0,0.0,0.0,0.0,0.0,1.0,0.0,0.0,0.0,0.0,1.0,1.0,1.0,1.0,1.0,1.009181022644043,583700537681.5796,1.0,0.6729551187921518,0.5837005376815796,0.4046855568885803,0.011613930575549603,0.0,0.5992779783393501,1.0,0.0,0.6724444892671373,0.5
150.0,0.6927724480628967,0.5626506024096386,0.6910701759732687,0.5523465703971119,0.6918226480484009,1.0,0.0,0.0,0.0,0.0,0.0,1.0,1.0,1.0,1.0,1.0,0.007056905224088166,1.0,0.042341431344528994,0.0,0.0,0.042341431344528994,1.0,0.0,0.0,0.0,0.0,1.0,0.0,0.0,0.0,0.0,1.0,1.0,1.0,1.0,1.0,1.0033574104309082,528995692729.94995,1.0,0.691165650364294,0.52899569272995,0.47100433707237244,0.0,0.0,0.5523465703971119,1.0,0.0,0.6918226480484009,0.5
