step,train_step_loss,train_acc,train_loss,val_acc,val_loss,router_entropy,router_load_e0,router_load_e1,router_load_e2,router_load_e3
30.0,0.6036701599756876,0.6135829277913653,0.6453913449893364,0.6158833787676387,0.6508831719981428,0.6711156311686393,0.00018863333389163017,0.5770306587219238,0.422780841588974,0.0
50.0,0.5759912033875784,0.6417131144415332,0.6414417596671598,0.6185749148430563,0.6546353861144825,0.6684980902958799,0.0,0.589702844619751,0.4102971851825714,0.0
