step,train_step_loss,train_acc,train_loss,val_acc,val_loss,router_entropy,router_load_e0,router_load_e1,router_load_e2,router_load_e3
30.0,0.7116753806670507,0.6390631515636126,0.6355194865152649,0.618979979993839,0.6504838198644299,0.673612864619052,0.5617916584014893,0.006296059116721153,0.4316643476486206,0.0002478665264789015
50.0,0.8213541507720947,0.6258628266387984,0.8674097411716187,0.6163272192311616,0.8893988693143923,0.6869074387682809,0.47765982151031494,0.022866683080792427,0.499473512172699,0.0
