step,train_step_loss,train_acc,train_loss,val_acc,val_loss,avg_intra_expert_coherence,expert_diversity_e0,expert_diversity_e1,expert_diversity_e2,expert_diversity_e3,expert_diversity_mean,expert_purity_e0,expert_purity_e1,expert_purity_e2,expert_purity_e3,expert_purity_mean,inter_expert_similarity,inter_expert_similarity_e0_e0,inter_expert_similarity_e0_e1,inter_expert_similarity_e0_e2,inter_expert_similarity_e0_e3,inter_expert_similarity_e1_e0,inter_expert_similarity_e1_e1,inter_expert_similarity_e1_e2,inter_expert_similarity_e1_e3,inter_expert_similarity_e2_e0,inter_expert_similarity_e2_e1,inter_expert_similarity_e2_e2,inter_expert_similarity_e2_e3,inter_expert_similarity_e3_e0,inter_expert_similarity_e3_e1,inter_expert_similarity_e3_e2,inter_expert_similarity_e3_e3,intra_expert_coherence_e0,intra_expert_coherence_e1,intra_expert_coherence_e2,intra_expert_coherence_e3,load_cv,load_max_min_ratio,overall_task_conflict_cos,router_entropy,router_load_e0,router_load_e1,router_load_e2,router_load_e3,task_acc__glue_mrpc,task_conflict_t0_t0,task_grad_norm_cv,task_loss__glue_mrpc,utilization_ratio
50.0,0.5624002665281296,0.6949291166848419,0.5881311587017516,0.7058823529411765,0.5925309978998624,1.0,0.0,0.0,0.0,0.0,0.0,1.0,1.0,1.0,1.0,1.0,0.004037960239865309,1.0,0.0,0.0,0.0,0.0,1.0,0.0,0.024227761439191857,0.0,0.0,1.0,0.0,0.0,0.024227761439191857,0.0,1.0,1.0,1.0,1.0,1.0,1.109778881072998,1210.1446386910168,1.0,0.6171332761353138,0.0005562962614931166,0.673198938369751,0.0026740203611552715,0.32357078790664673,0.7058823529411765,1.0,0.0,0.5925309978998624,0.5
100.0,0.6591684222221375,0.7129225736095965,0.6014246051726134,0.7083333333333334,0.6005920486954542,1.0,0.0,0.0,0.0,0.0,0.0,1.0,1.0,1.0,1.0,1.0,0.0026935069314441024,1.0,0.0,0.0,0.0,0.0,1.0,0.0,0.016161041588664615,0.0,0.0,1.0,0.0,0.0,0.016161041588664615,0.0,1.0,1.0,1.0,1.0,1.0,1.0337455312902368,592621386051.178,1.0,0.6736613161423627,0.0,0.592621386051178,0.0,0.40737852454185486,0.7083333333333334,1.0,0.0,0.6005920486954542,0.5
150.0,0.6142412424087524,0.7769901853871319,0.47869281752601917,0.7794117647058824,0.47839838896806425,1.0,0.0,0.0,0.0,0.0,0.0,1.0,1.0,1.0,1.0,1.0,0.007564420725592787,1.0,0.0,0.0,0.0,0.0,1.0,0.0,0.04538652435355672,0.0,0.0,1.0,0.0,0.0,0.04538652435355672,0.0,1.0,1.0,1.0,1.0,1.0,1.097750163614711,661334037780.7617,1.0,0.6089931387527316,0.0,0.6613340377807617,0.0011753985891118646,0.3374907672405243,0.7794117647058824,1.0,0.0,0.47839838896806425,0.5
