step,train_step_loss,train_acc,train_loss,val_acc,val_loss,avg_intra_expert_coherence,expert_diversity_e0,expert_diversity_e1,expert_diversity_e2,expert_diversity_e3,expert_diversity_mean,expert_purity_e0,expert_purity_e1,expert_purity_e2,expert_purity_e3,expert_purity_mean,inter_expert_similarity,inter_expert_similarity_e0_e0,inter_expert_similarity_e0_e1,inter_expert_similarity_e0_e2,inter_expert_similarity_e0_e3,inter_expert_similarity_e1_e0,inter_expert_similarity_e1_e1,inter_expert_similarity_e1_e2,inter_expert_similarity_e1_e3,inter_expert_similarity_e2_e0,inter_expert_similarity_e2_e1,inter_expert_similarity_e2_e2,inter_expert_similarity_e2_e3,inter_expert_similarity_e3_e0,inter_expert_similarity_e3_e1,inter_expert_similarity_e3_e2,inter_expert_similarity_e3_e3,intra_expert_coherence_e0,intra_expert_coherence_e1,intra_expert_coherence_e2,intra_expert_coherence_e3,load_cv,load_max_min_ratio,overall_task_conflict_cos,router_entropy,router_load_e0,router_load_e1,router_load_e2,router_load_e3,task_acc__glue_rte,task_conflict_t0_t0,task_grad_norm_cv,task_loss__glue_rte,utilization_ratio
50.0,0.5932113230228424,0.5016064257028112,0.6974183107797917,0.5270758122743683,0.6865576306978861,1.0,0.0,0.0,0.0,0.0,0.0,1.0,1.0,1.0,1.0,1.0,-0.026579631511382134,1.0,0.0,0.0,0.0,0.0,1.0,0.0,0.0,0.0,0.0,1.0,-0.1594777890682928,0.0,0.0,-0.1594777890682928,1.0,1.0,1.0,1.0,1.0,1.0329054594039917,591442406177.5208,1.0,0.6761508160119453,0.0,0.0,0.408557653427124,0.5914424061775208,0.5270758122743683,1.0,0.0,0.6865576306978861,0.5
100.0,0.6762999594211578,0.6293172690763053,0.6388581087956061,0.555956678700361,0.6721137894524468,1.0,0.0,0.0,0.0,0.0,0.0,1.0,1.0,1.0,1.0,1.0,-0.06479943582422505,1.0,0.0,0.0,0.0,0.0,1.0,0.0,0.0,0.0,0.0,1.0,-0.3887966149453503,0.0,0.0,-0.3887966149453503,1.0,1.0,1.0,1.0,1.0,1.0138882398605347,573877394199.3713,1.0,0.6817306482404578,0.0,0.004654433112591505,0.42146819829940796,0.5738773941993713,0.555956678700361,1.0,0.0,0.6721137894524468,0.5
150.0,0.6138548254966736,0.7469879518072289,0.5678171611558168,0.6967509025270758,0.6017825851837794,1.0,0.0,0.0,0.0,0.0,0.0,1.0,1.0,1.0,1.0,1.0,-0.044227998175967564,1.0,0.0,0.0,0.0,0.0,1.0,0.0,0.0,0.0,0.0,1.0,-0.2653679890558054,0.0,0.0,-0.2653679890558054,1.0,1.0,1.0,1.0,1.0,1.0410009622573853,602275907993.3167,1.0,0.6708867300288341,0.0,0.0,0.39772412180900574,0.6022759079933167,0.6967509025270758,1.0,0.0,0.6017825851837794,0.5
