step,train_step_loss,train_acc,train_loss,val_acc,val_loss,avg_intra_expert_coherence,expert_diversity_e0,expert_diversity_e1,expert_diversity_e2,expert_diversity_e3,expert_diversity_mean,expert_purity_e0,expert_purity_e1,expert_purity_e2,expert_purity_e3,expert_purity_mean,inter_expert_similarity,inter_expert_similarity_e0_e0,inter_expert_similarity_e0_e1,inter_expert_similarity_e0_e2,inter_expert_similarity_e0_e3,inter_expert_similarity_e1_e0,inter_expert_similarity_e1_e1,inter_expert_similarity_e1_e2,inter_expert_similarity_e1_e3,inter_expert_similarity_e2_e0,inter_expert_similarity_e2_e1,inter_expert_similarity_e2_e2,inter_expert_similarity_e2_e3,inter_expert_similarity_e3_e0,inter_expert_similarity_e3_e1,inter_expert_similarity_e3_e2,inter_expert_similarity_e3_e3,intra_expert_coherence_e0,intra_expert_coherence_e1,intra_expert_coherence_e2,intra_expert_coherence_e3,load_cv,load_max_min_ratio,overall_task_conflict_cos,router_entropy,router_load_e0,router_load_e1,router_load_e2,router_load_e3,task_acc__glue_rte,task_conflict_t0_t0,task_grad_norm_cv,task_loss__glue_rte,utilization_ratio
50.0,0.6042386889457703,0.5016064257028112,0.6977677478240086,0.5270758122743683,0.6934876607524024,1.0,0.0,0.0,0.0,0.0,0.0,1.0,1.0,1.0,1.0,1.0,0.028805415675454388,1.0,0.0,0.0,0.0,0.0,1.0,0.17283249405272633,0.0,0.0,0.17283249405272633,1.0,0.0,0.0,0.0,0.0,1.0,1.0,1.0,1.0,1.0,1.0007776021030423,513945221900.93994,1.0,0.6924855683254421,0.0,0.5139452219009399,0.4860548973083496,0.0,0.5270758122743683,1.0,0.0,0.6934876607524024,0.5
100.0,0.6838274300098419,0.61285140562249,0.6463948468558299,0.5667870036101083,0.6803656766812006,1.0,0.0,0.0,0.0,0.0,0.0,1.0,1.0,1.0,1.0,1.0,-0.010482232224751975,1.0,0.0,0.0,0.0,0.0,1.0,-0.06289339334851185,0.0,0.0,-0.06289339334851185,1.0,0.0,0.0,0.0,0.0,1.0,1.0,1.0,1.0,1.0,0.9912665486335754,516617715358.73413,1.0,0.691789789750688,0.0051227048970758915,0.5166177153587341,0.4782595932483673,0.0,0.5667870036101083,1.0,0.0,0.6803656766812006,0.5
150.0,0.6436721980571747,0.6755020080321286,0.617802386979262,0.6389891696750902,0.6409336593416002,1.0,0.0,0.0,0.0,0.0,0.0,1.0,1.0,1.0,1.0,1.0,0.045667921260635486,1.0,0.0,0.0,0.0,0.0,1.0,0.2740075275638129,0.0,0.0,0.2740075275638129,1.0,0.0,0.0,0.0,0.0,1.0,1.0,1.0,1.0,1.0,0.9900417339752038,505892395973.20557,1.0,0.692654041607027,0.005137058440595865,0.5058923959732056,0.4889706075191498,0.0,0.6389891696750902,1.0,0.0,0.6409336593416002,0.5
