step,train_step_loss,train_acc,train_loss,val_acc,val_loss,avg_intra_expert_coherence,expert_diversity_e0,expert_diversity_e1,expert_diversity_e2,expert_diversity_e3,expert_diversity_mean,expert_purity_e0,expert_purity_e1,expert_purity_e2,expert_purity_e3,expert_purity_mean,inter_expert_similarity,inter_expert_similarity_e0_e0,inter_expert_similarity_e0_e1,inter_expert_similarity_e0_e2,inter_expert_similarity_e0_e3,inter_expert_similarity_e1_e0,inter_expert_similarity_e1_e1,inter_expert_similarity_e1_e2,inter_expert_similarity_e1_e3,inter_expert_similarity_e2_e0,inter_expert_similarity_e2_e1,inter_expert_similarity_e2_e2,inter_expert_similarity_e2_e3,inter_expert_similarity_e3_e0,inter_expert_similarity_e3_e1,inter_expert_similarity_e3_e2,inter_expert_similarity_e3_e3,intra_expert_coherence_e0,intra_expert_coherence_e1,intra_expert_coherence_e2,intra_expert_coherence_e3,load_cv,load_max_min_ratio,overall_task_conflict_cos,router_entropy,router_load_e0,router_load_e1,router_load_e2,router_load_e3,task_acc__glue_rte,task_conflict_t0_t0,task_grad_norm_cv,task_loss__glue_rte,utilization_ratio
50.0,0.6443089842796326,0.6100401606425703,0.6581301947434743,0.5812274368231047,0.6760593387815688,1.0,0.0,0.0,0.0,0.0,0.0,1.0,1.0,1.0,1.0,1.0,-0.007708497244535913,1.0,-0.04625098346721548,0.0,0.0,-0.04625098346721548,1.0,0.0,0.0,0.0,0.0,1.0,0.0,0.0,0.0,0.0,1.0,1.0,1.0,1.0,1.0,1.0396018647910277,600481331348.4192,1.0,0.6718886621592277,0.6004813313484192,0.39951860904693604,0.0,0.0,0.5812274368231047,1.0,0.0,0.6760593387815688,0.5
100.0,0.8152921497821808,0.6963855421686747,0.582264898564571,0.6570397111913358,0.6245775231056743,1.0,0.0,0.0,0.0,0.0,0.0,1.0,1.0,1.0,1.0,1.0,-0.041151299894372266,1.0,-0.2469077993662336,0.0,0.0,-0.2469077993662336,1.0,0.0,0.0,0.0,0.0,1.0,0.0,0.0,0.0,0.0,1.0,1.0,1.0,1.0,1.0,1.0561922226066722,624451696872.7112,1.0,0.6596420818287543,0.6244516968727112,0.3727434277534485,0.0028048288077116013,0.0,0.6570397111913358,1.0,0.0,0.6245775231056743,0.5
150.0,0.5499365627765656,0.7389558232931727,0.5293068193567869,0.6642599277978339,0.587532191640801,1.0,0.0,0.0,0.0,0.0,0.0,1.0,1.0,1.0,1.0,1.0,-0.03346820095930789,1.0,-0.20080920575584732,0.0,0.0,-0.20080920575584732,1.0,0.0,0.0,0.0,0.0,1.0,0.0,0.0,0.0,0.0,1.0,1.0,1.0,1.0,1.0,1.0360656933706172,595807194709.7778,1.0,0.6723644552678407,0.5958071947097778,0.4041929244995117,0.0,0.0,0.6642599277978339,1.0,0.0,0.587532191640801,0.5
