step,train_step_loss,train_acc,train_loss,val_acc,val_loss,avg_intra_expert_coherence,expert_diversity_e0,expert_diversity_e1,expert_diversity_e2,expert_diversity_e3,expert_diversity_mean,expert_purity_e0,expert_purity_e1,expert_purity_e2,expert_purity_e3,expert_purity_mean,inter_expert_similarity,inter_expert_similarity_e0_e0,inter_expert_similarity_e0_e1,inter_expert_similarity_e0_e2,inter_expert_similarity_e0_e3,inter_expert_similarity_e1_e0,inter_expert_similarity_e1_e1,inter_expert_similarity_e1_e2,inter_expert_similarity_e1_e3,inter_expert_similarity_e2_e0,inter_expert_similarity_e2_e1,inter_expert_similarity_e2_e2,inter_expert_similarity_e2_e3,inter_expert_similarity_e3_e0,inter_expert_similarity_e3_e1,inter_expert_similarity_e3_e2,inter_expert_similarity_e3_e3,intra_expert_coherence_e0,intra_expert_coherence_e1,intra_expert_coherence_e2,intra_expert_coherence_e3,load_cv,load_max_min_ratio,overall_task_conflict_cos,router_entropy,router_load_e0,router_load_e1,router_load_e2,router_load_e3,task_acc__glue_mrpc,task_conflict_t0_t0,task_grad_norm_cv,task_loss__glue_mrpc,utilization_ratio
50.0,0.3513731211423874,0.7928026172300982,0.4312011952147536,0.7941176470588235,0.4224345110929929,1.0,0.0,0.0,0.0,0.0,0.0,1.0,1.0,1.0,1.0,1.0,0.011274301919287641,1.0,0.0,0.0,0.0,0.0,1.0,0.06764581151572585,0.0,0.0,0.06764581151572585,1.0,0.0,0.0,0.0,0.0,1.0,1.0,1.0,1.0,1.0,1.0381907224655151,601573586463.9282,1.0,0.6651769525864545,0.0014792789006605744,0.39694711565971375,0.6015735864639282,0.0,0.7941176470588235,1.0,0.0,0.4224345110929929,0.5
100.0,0.43008753657341003,0.7693565976008724,0.4648434000494687,0.7647058823529411,0.4745794560473699,1.0,0.0,0.0,0.0,0.0,0.0,1.0,1.0,1.0,1.0,1.0,0.06121814925255894,1.0,0.0,0.0,0.0,0.0,1.0,0.3673088955153536,0.0,0.0,0.3673088955153536,1.0,0.0,0.0,0.0,0.0,1.0,1.0,1.0,1.0,1.0,1.0138555765151978,559058427810.669,1.0,0.6828523558728835,0.0,0.44094154238700867,0.559058427810669,0.0,0.7647058823529411,1.0,0.0,0.4745794560473699,0.5
150.0,0.46534544229507446,0.8522355507088332,0.35907176575906896,0.8308823529411765,0.37075662784851515,1.0,0.0,0.0,0.0,0.0,0.0,1.0,1.0,1.0,1.0,1.0,0.027240315985025274,1.0,0.0,0.0,0.0,0.0,1.0,0.16344189591015165,0.0,0.0,0.16344189591015165,1.0,0.0,0.0,0.0,0.0,1.0,1.0,1.0,1.0,1.0,1.0524338483810425,615983247756.958,1.0,0.6611545167717279,0.0,0.384016752243042,0.615983247756958,0.0,0.8308823529411765,1.0,0.0,0.37075662784851515,0.5
