step,train_step_loss,train_acc,train_loss,val_acc,val_loss,avg_intra_expert_coherence,expert_diversity_e0,expert_diversity_e1,expert_diversity_e2,expert_diversity_e3,expert_diversity_mean,expert_purity_e0,expert_purity_e1,expert_purity_e2,expert_purity_e3,expert_purity_mean,inter_expert_similarity,inter_expert_similarity_e0_e0,inter_expert_similarity_e0_e1,inter_expert_similarity_e0_e2,inter_expert_similarity_e0_e3,inter_expert_similarity_e1_e0,inter_expert_similarity_e1_e1,inter_expert_similarity_e1_e2,inter_expert_similarity_e1_e3,inter_expert_similarity_e2_e0,inter_expert_similarity_e2_e1,inter_expert_similarity_e2_e2,inter_expert_similarity_e2_e3,inter_expert_similarity_e3_e0,inter_expert_similarity_e3_e1,inter_expert_similarity_e3_e2,inter_expert_similarity_e3_e3,intra_expert_coherence_e0,intra_expert_coherence_e1,intra_expert_coherence_e2,intra_expert_coherence_e3,load_cv,load_max_min_ratio,overall_task_conflict_cos,router_entropy,router_load_e0,router_load_e1,router_load_e2,router_load_e3,task_acc__glue_sst2,task_conflict_t0_t0,task_grad_norm_cv,task_loss__glue_sst2,utilization_ratio
50.0,0.5741238743066788,0.8396858156765505,0.39043420134576795,0.8543577981651376,0.37070179656147956,1.0,0.0,0.0,0.0,0.0,0.0,1.0,1.0,1.0,1.0,1.0,0.04511735321276278,1.0,0.0,0.0,0.27070411927657667,0.0,1.0,0.0,0.0,0.0,0.0,1.0,0.0,0.27070411927657667,0.0,0.0,1.0,1.0,1.0,1.0,1.0,1.0009589195251465,525574445724.4873,1.0,0.6902666163007054,0.5255744457244873,0.0,0.0008746817475184798,0.47355085611343384,0.8543577981651376,1.0,0.0,0.37070179656147956,0.5
100.0,0.7283788025379181,0.872440570758289,0.34543855301847776,0.8428899082568807,0.44238153599541297,1.0,0.0,0.0,0.0,0.0,0.0,1.0,1.0,1.0,1.0,1.0,0.04633579431984752,1.0,0.0,0.0,0.27801476591908514,0.0,1.0,0.0,0.0,0.0,0.0,1.0,0.0,0.27801476591908514,0.0,0.0,1.0,1.0,1.0,1.0,1.0,1.00349461990659,1378.540808166048,1.0,0.6831967174460035,0.5543577671051025,0.0004021337372250855,0.0043102591298520565,0.44092994928359985,0.8428899082568807,1.0,0.0,0.44238153599541297,0.5
150.0,0.5060653239488602,0.8652392760100373,0.3238197888915743,0.8899082568807339,0.28682153734632515,1.0,0.0,0.0,0.0,0.0,0.0,1.0,1.0,1.0,1.0,1.0,0.05745511216062051,1.0,0.0,0.0,0.34473067296372306,0.0,1.0,0.0,0.0,0.0,0.0,1.0,0.0,0.34473067296372306,0.0,0.0,1.0,1.0,1.0,1.0,1.0,1.0081539163772961,555586814880.3711,1.0,0.6820735040060971,0.5555868148803711,0.0,0.0023596803657710552,0.4420533776283264,0.8899082568807339,1.0,0.0,0.28682153734632515,0.5
