step,train_step_loss,train_acc,train_loss,val_acc,val_loss,avg_intra_expert_coherence,expert_diversity_e0,expert_diversity_e1,expert_diversity_e2,expert_diversity_e3,expert_diversity_mean,expert_purity_e0,expert_purity_e1,expert_purity_e2,expert_purity_e3,expert_purity_mean,inter_expert_similarity,inter_expert_similarity_e0_e0,inter_expert_similarity_e0_e1,inter_expert_similarity_e0_e2,inter_expert_similarity_e0_e3,inter_expert_similarity_e1_e0,inter_expert_similarity_e1_e1,inter_expert_similarity_e1_e2,inter_expert_similarity_e1_e3,inter_expert_similarity_e2_e0,inter_expert_similarity_e2_e1,inter_expert_similarity_e2_e2,inter_expert_similarity_e2_e3,inter_expert_similarity_e3_e0,inter_expert_similarity_e3_e1,inter_expert_similarity_e3_e2,inter_expert_similarity_e3_e3,intra_expert_coherence_e0,intra_expert_coherence_e1,intra_expert_coherence_e2,intra_expert_coherence_e3,load_cv,load_max_min_ratio,overall_task_conflict_cos,router_entropy,router_load_e0,router_load_e1,router_load_e2,router_load_e3,task_acc__glue_rte,task_conflict_t0_t0,task_grad_norm_cv,task_loss__glue_rte,utilization_ratio
50.0,0.7396329641342163,0.4983935742971888,0.697313069494871,0.4729241877256318,0.7034197615252601,1.0,0.0,0.0,0.0,0.0,0.0,1.0,1.0,1.0,1.0,1.0,0.013820776834727952,1.0,0.0,0.0,0.0829246610083677,0.0,1.0,0.0,0.0,0.0,0.0,1.0,0.0,0.0829246610083677,0.0,0.0,1.0,1.0,1.0,1.0,1.0,1.1700980460526889,714805066585.5408,1.0,0.5977931616538699,0.2851950228214264,0.0,0.0,0.7148050665855408,0.4729241877256318,1.0,0.0,0.7034197615252601,0.5
100.0,0.723888486623764,0.4983935742971888,0.703071261751346,0.4729241877256318,0.7128737899992201,1.0,0.0,0.0,0.0,0.0,0.0,1.0,1.0,1.0,1.0,1.0,0.023270269545385355,1.0,0.0,0.13962161727231212,0.0,0.0,1.0,0.0,0.0,0.13962161727231212,0.0,1.0,0.0,0.0,0.0,0.0,1.0,1.0,1.0,1.0,1.0,1.0751952022546771,639662384986.8774,1.0,0.6536121618016102,0.6396623849868774,0.0,0.3603375256061554,0.0,0.4729241877256318,1.0,0.0,0.7128737899992201,0.5
150.0,0.7055215239524841,0.5016064257028112,0.6936728351773359,0.5270758122743683,0.6911032580667071,1.0,0.0,0.0,0.0,0.0,0.0,1.0,1.0,1.0,1.0,1.0,-0.006468117475679752,1.0,0.0,0.0,0.0,0.0,1.0,0.0,-0.038808704854078516,0.0,0.0,1.0,0.0,0.0,-0.038808704854078516,0.0,1.0,1.0,1.0,1.0,1.0,1.4419100423073667,867271304130.5542,1.0,0.39154160065771443,0.0,0.13272899389266968,0.0,0.8672713041305542,0.5270758122743683,1.0,0.0,0.6911032580667071,0.5
