step,train_step_loss,train_acc,train_loss,val_acc,val_loss,avg_intra_expert_coherence,expert_diversity_e0,expert_diversity_e1,expert_diversity_e2,expert_diversity_e3,expert_diversity_mean,expert_purity_e0,expert_purity_e1,expert_purity_e2,expert_purity_e3,expert_purity_mean,inter_expert_similarity,inter_expert_similarity_e0_e0,inter_expert_similarity_e0_e1,inter_expert_similarity_e0_e2,inter_expert_similarity_e0_e3,inter_expert_similarity_e1_e0,inter_expert_similarity_e1_e1,inter_expert_similarity_e1_e2,inter_expert_similarity_e1_e3,inter_expert_similarity_e2_e0,inter_expert_similarity_e2_e1,inter_expert_similarity_e2_e2,inter_expert_similarity_e2_e3,inter_expert_similarity_e3_e0,inter_expert_similarity_e3_e1,inter_expert_similarity_e3_e2,inter_expert_similarity_e3_e3,intra_expert_coherence_e0,intra_expert_coherence_e1,intra_expert_coherence_e2,intra_expert_coherence_e3,load_cv,load_max_min_ratio,overall_task_conflict_cos,router_entropy,router_load_e0,router_load_e1,router_load_e2,router_load_e3,task_acc__glue_rte,task_conflict_t0_t0,task_grad_norm_cv,task_loss__glue_rte,utilization_ratio
50.0,0.6888152360916138,0.4983935742971888,0.7143097428175119,0.4729241877256318,0.7289008167054918,1.0,0.0,0.0,0.0,0.0,0.0,1.0,1.0,1.0,1.0,1.0,0.005903713452408146,1.0,0.035422280714448875,0.0,0.0,0.035422280714448875,1.0,0.0,0.0,0.0,0.0,1.0,0.0,0.0,0.0,0.0,1.0,1.0,1.0,1.0,1.0,1.0159779787063599,563453912734.9854,1.0,0.685072524452898,0.43654605746269226,0.5634539127349854,0.0,0.0,0.4729241877256318,1.0,0.0,0.7289008167054918,0.5
100.0,0.733389288187027,0.4983935742971888,0.6947558912329185,0.4729241877256318,0.6985475205712848,1.0,0.0,0.0,0.0,0.0,0.0,1.0,1.0,1.0,1.0,1.0,-0.03312501196500114,1.0,-0.19875007179000684,0.0,0.0,-0.19875007179000684,1.0,0.0,0.0,0.0,0.0,1.0,0.0,0.0,0.0,0.0,1.0,1.0,1.0,1.0,1.0,1.0009415148566347,515345633029.93774,1.0,0.6926761267417605,0.5153456330299377,0.4846544563770294,0.0,0.0,0.4729241877256318,1.0,0.0,0.6985475205712848,0.5
150.0,0.7302848994731903,0.4983935742971888,0.6937481207725329,0.4729241877256318,0.6959717008802626,1.0,0.0,0.0,0.0,0.0,0.0,1.0,1.0,1.0,1.0,1.0,-0.04763152679258472,1.0,-0.2857891607555083,0.0,0.0,-0.2857891607555083,1.0,0.0,0.0,0.0,0.0,1.0,0.0,0.0,0.0,0.0,1.0,1.0,1.0,1.0,1.0,1.0038264989852905,530958890914.917,1.0,0.6912291049957275,0.4690410792827606,0.530958890914917,0.0,0.0,0.4729241877256318,1.0,0.0,0.6959717008802626,0.5
