step,train_step_loss,train_acc,train_loss,val_acc,val_loss,avg_intra_expert_coherence,expert_diversity_e0,expert_diversity_e1,expert_diversity_e2,expert_diversity_e3,expert_diversity_mean,expert_purity_e0,expert_purity_e1,expert_purity_e2,expert_purity_e3,expert_purity_mean,inter_expert_similarity,inter_expert_similarity_e0_e0,inter_expert_similarity_e0_e1,inter_expert_similarity_e0_e2,inter_expert_similarity_e0_e3,inter_expert_similarity_e1_e0,inter_expert_similarity_e1_e1,inter_expert_similarity_e1_e2,inter_expert_similarity_e1_e3,inter_expert_similarity_e2_e0,inter_expert_similarity_e2_e1,inter_expert_similarity_e2_e2,inter_expert_similarity_e2_e3,inter_expert_similarity_e3_e0,inter_expert_similarity_e3_e1,inter_expert_similarity_e3_e2,inter_expert_similarity_e3_e3,intra_expert_coherence_e0,intra_expert_coherence_e1,intra_expert_coherence_e2,intra_expert_coherence_e3,load_cv,load_max_min_ratio,overall_task_conflict_cos,router_entropy,router_load_e0,router_load_e1,router_load_e2,router_load_e3,task_acc__glue_sst2,task_conflict_t0_t0,task_grad_norm_cv,task_loss__glue_sst2,utilization_ratio
50.0,0.5332629978656769,0.7723796938336129,0.5379717049540647,0.7786697247706422,0.5396136892112818,1.0,0.0,0.0,0.0,0.0,0.0,1.0,1.0,1.0,1.0,1.0,0.05084858711723631,1.0,0.0,0.3050915227034179,0.0,0.0,1.0,0.0,0.0,0.3050915227034179,0.0,1.0,0.0,0.0,0.0,0.0,1.0,1.0,1.0,1.0,1.0,1.0494095028150674,612505733966.8274,1.0,0.6542907865769273,0.6125057339668274,0.0,0.38749438524246216,0.0,0.7786697247706422,1.0,0.0,0.5396136892112818,0.5
100.0,0.6571696996688843,0.5578256544269403,0.6878006566873356,0.5091743119266054,0.7043351558121768,1.0,0.0,0.0,0.0,0.0,0.0,1.0,1.0,1.0,1.0,1.0,-0.11115348957321426,1.0,-0.6669209374392856,0.0,0.0,-0.6669209374392856,1.0,0.0,0.0,0.0,0.0,1.0,0.0,0.0,0.0,0.0,1.0,1.0,1.0,1.0,1.0,1.000706434249878,513291895389.5569,1.0,0.6927937887130527,0.5132918953895569,0.4867081344127655,0.0,0.0,0.5091743119266054,1.0,0.0,0.7043351558121768,0.5
150.0,0.6878343820571899,0.5578256544269403,0.6892484240463964,0.5091743119266054,0.6932668192820115,1.0,0.0,0.0,0.0,0.0,0.0,1.0,1.0,1.0,1.0,1.0,-0.05797328330113005,1.0,-0.3478396998067803,0.0,0.0,-0.3478396998067803,1.0,0.0,0.0,0.0,0.0,1.0,0.0,0.0,0.0,0.0,1.0,1.0,1.0,1.0,1.0,1.0023304224014282,524151206016.5405,1.0,0.6919801623449413,0.5241512060165405,0.4758487939834595,0.0,0.0,0.5091743119266054,1.0,0.0,0.6932668192820115,0.5
