{
  "best_val_acc": 0.343994140625,
  "final_val_acc": 0.343994140625,
  "method": "ours",
  "num_eval_points": 7
}