{
  "best_val_acc": 0.350830078125,
  "final_val_acc": 0.3505859375,
  "method": "ours",
  "num_eval_points": 7
}