{
  "baseline_avg": {
    "num_common_steps": 7,
    "seeds": [
      2,
      3,
      5
    ],
    "steps": [
      30,
      60,
      90,
      120,
      150,
      180,
      200
    ],
    "train_acc_last_mean": 0.3619588216145833,
    "train_acc_last_std": 0.012932381606970285,
    "train_loss_last_mean": 1.099542513024062,
    "train_loss_last_std": 0.005848401677055021,
    "val_acc_last_mean": 0.3307291666666667,
    "val_acc_last_std": 0.01120094435812842,
    "val_loss_last_mean": 1.1062350533902645,
    "val_loss_last_std": 0.0059090768536425925
  },
  "baseline_cagrad": {
    "num_common_steps": 7,
    "seeds": [
      2,
      3,
      5
    ],
    "steps": [
      30,
      60,
      90,
      120,
      150,
      180,
      200
    ],
    "train_acc_last_mean": 0.35626220703125,
    "train_acc_last_std": 0.020135003752864783,
    "train_loss_last_mean": 1.0926933682834108,
    "train_loss_last_std": 0.005778040462266126,
    "val_acc_last_mean": 0.3387044270833333,
    "val_acc_last_std": 0.010991450869717265,
    "val_loss_last_mean": 1.1019618433589737,
    "val_loss_last_std": 0.0032149484352318766
  },
  "ours": {
    "num_common_steps": 7,
    "seeds": [
      2,
      3,
      5
    ],
    "steps": [
      30,
      60,
      90,
      120,
      150,
      180,
      200
    ],
    "train_acc_last_mean": 0.3543294270833333,
    "train_acc_last_std": 0.024998613822442294,
    "train_loss_last_mean": 1.0964617306211342,
    "train_loss_last_std": 0.006694021398148063,
    "val_acc_last_mean": 0.343505859375,
    "val_acc_last_std": 0.005990158274602196,
    "val_loss_last_mean": 1.101459260409077,
    "val_loss_last_std": 0.0013532426059067806
  }
}