method,val_acc_last_mean,val_acc_last_std,val_loss_last_mean,val_loss_last_std
ours,0.343505859375,0.005990158274602196,1.101459260409077,0.0013532426059067806
baseline_avg,0.3307291666666667,0.01120094435812842,1.1062350533902645,0.0059090768536425925
baseline_cagrad,0.3387044270833333,0.010991450869717265,1.1019618433589737,0.0032149484352318766
