step,train_step_loss,train_acc,train_loss,val_acc,val_loss,avg_intra_expert_coherence,expert_diversity_e0,expert_diversity_e1,expert_diversity_e2,expert_diversity_e3,expert_diversity_mean,expert_purity_e0,expert_purity_e1,expert_purity_e2,expert_purity_e3,expert_purity_mean,inter_expert_similarity,inter_expert_similarity_e0_e0,inter_expert_similarity_e0_e1,inter_expert_similarity_e0_e2,inter_expert_similarity_e0_e3,inter_expert_similarity_e1_e0,inter_expert_similarity_e1_e1,inter_expert_similarity_e1_e2,inter_expert_similarity_e1_e3,inter_expert_similarity_e2_e0,inter_expert_similarity_e2_e1,inter_expert_similarity_e2_e2,inter_expert_similarity_e2_e3,inter_expert_similarity_e3_e0,inter_expert_similarity_e3_e1,inter_expert_similarity_e3_e2,inter_expert_similarity_e3_e3,intra_expert_coherence_e0,intra_expert_coherence_e1,intra_expert_coherence_e2,intra_expert_coherence_e3,load_cv,load_max_min_ratio,overall_task_conflict_cos,router_entropy,router_load_e0,router_load_e1,router_load_e2,router_load_e3,task_acc__glue_rte,task_conflict_t0_t0,task_grad_norm_cv,task_loss__glue_rte,utilization_ratio
50.0,0.6266061365604401,0.6441767068273092,0.6527326068243919,0.592057761732852,0.657170393400722,1.0,0.0,0.0,0.0,0.0,0.0,1.0,1.0,1.0,1.0,1.0,-0.02642980857035424,1.0,0.0,0.0,-0.15857885142212544,0.0,1.0,0.0,0.0,0.0,0.0,1.0,0.0,-0.15857885142212544,0.0,0.0,1.0,1.0,1.0,1.0,1.0,1.002475857439535,524894654750.824,1.0,0.6914398592732013,0.524894654750824,0.0,0.0,0.4751054346561432,0.592057761732852,1.0,0.0,0.657170393400722,0.5
100.0,0.6673819422721863,0.6923694779116466,0.607072696987635,0.628158844765343,0.6419195433457693,1.0,0.0,0.0,0.0,0.0,0.0,1.0,1.0,1.0,1.0,1.0,-0.0439318888369731,1.0,0.0,0.0,-0.26359133302183857,0.0,1.0,0.0,0.0,0.0,0.0,1.0,0.0,-0.26359133302183857,0.0,0.0,1.0,1.0,1.0,1.0,1.0,1.0040541882450356,531868696212.76855,1.0,0.6905236072058282,0.5318686962127686,0.0,0.0,0.4681313931941986,0.628158844765343,1.0,0.0,0.6419195433457693,0.5
150.0,0.6146356165409088,0.7698795180722892,0.5776678862097936,0.6967509025270758,0.6189928063087993,1.0,0.0,0.0,0.0,0.0,0.0,1.0,1.0,1.0,1.0,1.0,-0.09411601227384571,1.0,-0.4241702346861011,0.0,-0.034218798936820435,-0.4241702346861011,1.0,0.0,-0.10630704002015275,0.0,0.0,1.0,0.0,-0.034218798936820435,-0.10630704002015275,0.0,1.0,1.0,1.0,1.0,1.0,0.9950375556945801,519504547119.1406,1.0,0.6914734220676904,0.5195045471191406,0.0033912130165845156,0.0,0.47710421681404114,0.6967509025270758,1.0,0.0,0.6189928063087993,0.5
