{
  "best_val_acc": 0.7007352073030247,
  "final_val_acc": 0.6993150643017527,
  "method": "ours",
  "num_eval_points": 5
}