{
  "best_val_acc": 0.6854367345594342,
  "final_val_acc": 0.6715581390003565,
  "method": "ours",
  "num_eval_points": 5
}