{
  "best_val_acc": 0.706250483701666,
  "final_val_acc": 0.706250483701666,
  "method": "ours",
  "num_eval_points": 5
}