step,train_step_loss,train_acc,train_loss,val_acc,val_loss,avg_intra_expert_coherence,expert_diversity_e0,expert_diversity_e1,expert_diversity_e2,expert_diversity_e3,expert_diversity_mean,expert_purity_e0,expert_purity_e1,expert_purity_e2,expert_purity_e3,expert_purity_mean,inter_expert_similarity,inter_expert_similarity_e0_e0,inter_expert_similarity_e0_e1,inter_expert_similarity_e0_e2,inter_expert_similarity_e0_e3,inter_expert_similarity_e1_e0,inter_expert_similarity_e1_e1,inter_expert_similarity_e1_e2,inter_expert_similarity_e1_e3,inter_expert_similarity_e2_e0,inter_expert_similarity_e2_e1,inter_expert_similarity_e2_e2,inter_expert_similarity_e2_e3,inter_expert_similarity_e3_e0,inter_expert_similarity_e3_e1,inter_expert_similarity_e3_e2,inter_expert_similarity_e3_e3,intra_expert_coherence_e0,intra_expert_coherence_e1,intra_expert_coherence_e2,intra_expert_coherence_e3,load_cv,load_max_min_ratio,overall_task_conflict_cos,router_entropy,router_load_e0,router_load_e1,router_load_e2,router_load_e3,task_acc__glue_rte,task_conflict_t0_t0,task_grad_norm_cv,task_loss__glue_rte,utilization_ratio
50.0,0.6588774621486664,0.5016064257028112,0.6939360364125324,0.5270758122743683,0.6907949580086602,1.0,0.0,0.0,0.0,0.0,0.0,1.0,1.0,1.0,1.0,1.0,0.03011903830298335,1.0,0.0,0.0,0.0,0.0,1.0,0.0,0.1807142298179001,0.0,0.0,1.0,0.0,0.0,0.1807142298179001,0.0,1.0,1.0,1.0,1.0,1.0,1.0593118177613887,623562395572.6624,1.0,0.6622931363350217,0.0,0.3764374256134033,0.0,0.6235623955726624,0.5270758122743683,1.0,0.0,0.6907949580086602,0.5
100.0,0.7200911045074463,0.4983935742971888,0.704662388868821,0.4729241877256318,0.7152440117465125,1.0,0.0,0.0,0.0,0.0,0.0,1.0,1.0,1.0,1.0,1.0,0.014660928820924783,1.0,0.0,0.0,0.0,0.0,1.0,0.0,0.0879655729255487,0.0,0.0,1.0,0.0,0.0,0.0879655729255487,0.0,1.0,1.0,1.0,1.0,1.0,1.1229665132800921,680642604827.8809,1.0,0.6263842444987934,0.0,0.3193575441837311,0.0,0.6806426048278809,0.4729241877256318,1.0,0.0,0.7152440117465125,0.5
150.0,0.7005742788314819,0.5016064257028112,0.6933773670058984,0.5270758122743683,0.6915894995133082,1.0,0.0,0.0,0.0,0.0,0.0,1.0,1.0,1.0,1.0,1.0,0.0402858474572852,1.0,0.0,0.0,0.0,0.0,1.0,0.24171508474371123,0.0,0.0,0.24171508474371123,1.0,0.0,0.0,0.0,0.0,1.0,1.0,1.0,1.0,1.0,1.000555396080017,511785507202.14844,1.0,0.6928693069017321,0.0,0.5117855072021484,0.48821449279785156,0.0,0.5270758122743683,1.0,0.0,0.6915894995133082,0.5
