step,train_step_loss,train_acc,train_loss,val_acc,val_loss,avg_intra_expert_coherence,expert_diversity_e0,expert_diversity_e1,expert_diversity_e2,expert_diversity_e3,expert_diversity_mean,expert_purity_e0,expert_purity_e1,expert_purity_e2,expert_purity_e3,expert_purity_mean,inter_expert_similarity,inter_expert_similarity_e0_e0,inter_expert_similarity_e0_e1,inter_expert_similarity_e0_e2,inter_expert_similarity_e0_e3,inter_expert_similarity_e1_e0,inter_expert_similarity_e1_e1,inter_expert_similarity_e1_e2,inter_expert_similarity_e1_e3,inter_expert_similarity_e2_e0,inter_expert_similarity_e2_e1,inter_expert_similarity_e2_e2,inter_expert_similarity_e2_e3,inter_expert_similarity_e3_e0,inter_expert_similarity_e3_e1,inter_expert_similarity_e3_e2,inter_expert_similarity_e3_e3,intra_expert_coherence_e0,intra_expert_coherence_e1,intra_expert_coherence_e2,intra_expert_coherence_e3,load_cv,load_max_min_ratio,overall_task_conflict_cos,router_entropy,router_load_e0,router_load_e1,router_load_e2,router_load_e3,task_acc__glue_rte,task_conflict_t0_t0,task_grad_norm_cv,task_loss__glue_rte,utilization_ratio
50.0,0.6891743242740631,0.4983935742971888,0.7107490844833545,0.4729241877256318,0.7240285178025564,1.0,0.0,0.0,0.0,0.0,0.0,1.0,1.0,1.0,1.0,1.0,-0.010629007961674541,1.0,0.0,0.0,0.0,0.0,1.0,0.0,0.0,0.0,0.0,1.0,-0.06377404777004725,0.0,0.0,-0.06377404777004725,1.0,1.0,1.0,1.0,1.0,1.0000872611999512,504670262336.73096,1.0,0.693103551864624,0.0,0.0,0.504670262336731,0.49532976746559143,0.4729241877256318,1.0,0.0,0.7240285178025564,0.5
100.0,0.6939659714698792,0.5016064257028112,0.6932308704425127,0.5270758122743683,0.6920087221595976,1.0,0.0,0.0,0.0,0.0,0.0,1.0,1.0,1.0,1.0,1.0,0.04177445972719556,1.0,0.0,0.0,0.0,0.0,1.0,0.0,0.0,0.0,0.0,1.0,0.25064675836317335,0.0,0.0,0.25064675836317335,1.0,1.0,1.0,1.0,1.0,1.0001819133758545,506744623184.2041,1.0,0.6930561659568484,0.0,0.0,0.4932554066181183,0.5067446231842041,0.5270758122743683,1.0,0.0,0.6920087221595976,0.5
150.0,0.7488883435726166,0.4983935742971888,0.7013471269454712,0.4729241877256318,0.7102318041854434,1.0,0.0,0.0,0.0,0.0,0.0,1.0,1.0,1.0,1.0,1.0,0.012949230939369302,1.0,0.0,0.0,0.0,0.0,1.0,0.0,0.0,0.0,0.0,1.0,0.07769538563621581,0.0,0.0,0.07769538563621581,1.0,1.0,1.0,1.0,1.0,1.0034006240010633,529182195663.45215,1.0,0.6914430206863459,0.0,0.0,0.5291821956634521,0.4708177447319031,0.4729241877256318,1.0,0.0,0.7102318041854434,0.5
