step,train_step_loss,train_acc,train_loss,val_acc,val_loss,avg_intra_expert_coherence,expert_diversity_e0,expert_diversity_e1,expert_diversity_e2,expert_diversity_e3,expert_diversity_mean,expert_purity_e0,expert_purity_e1,expert_purity_e2,expert_purity_e3,expert_purity_mean,inter_expert_similarity,inter_expert_similarity_e0_e0,inter_expert_similarity_e0_e1,inter_expert_similarity_e0_e2,inter_expert_similarity_e0_e3,inter_expert_similarity_e1_e0,inter_expert_similarity_e1_e1,inter_expert_similarity_e1_e2,inter_expert_similarity_e1_e3,inter_expert_similarity_e2_e0,inter_expert_similarity_e2_e1,inter_expert_similarity_e2_e2,inter_expert_similarity_e2_e3,inter_expert_similarity_e3_e0,inter_expert_similarity_e3_e1,inter_expert_similarity_e3_e2,inter_expert_similarity_e3_e3,intra_expert_coherence_e0,intra_expert_coherence_e1,intra_expert_coherence_e2,intra_expert_coherence_e3,load_cv,load_max_min_ratio,overall_task_conflict_cos,router_entropy,router_load_e0,router_load_e1,router_load_e2,router_load_e3,task_acc__glue_mrpc,task_conflict_t0_t0,task_grad_norm_cv,task_loss__glue_mrpc,utilization_ratio
50.0,0.6360790729522705,0.6744820065430752,0.6848410465147184,0.6838235294117647,0.6844905557540747,1.0,0.0,0.0,0.0,0.0,0.0,1.0,1.0,1.0,1.0,1.0,0.01703245845269617,1.0,0.0,0.10219475071617701,0.0,0.0,1.0,0.0,0.0,0.10219475071617701,0.0,1.0,0.0,0.0,0.0,0.0,1.0,1.0,1.0,1.0,1.0,1.7192825413605521,994460999965.6677,1.0,0.03430454432964325,0.00553912902250886,0.0,0.9944609999656677,0.0,0.6838235294117647,1.0,0.0,0.6844905557540747,0.25
100.0,0.6708276867866516,0.6744820065430752,0.6445072365843731,0.6838235294117647,0.6407622694969177,1.0,0.0,0.0,0.0,0.0,0.0,1.0,1.0,1.0,1.0,1.0,0.030668171926913818,1.0,0.0,0.1840090315614829,0.0,0.0,1.0,0.0,0.0,0.1840090315614829,0.0,1.0,0.0,0.0,0.0,0.0,1.0,1.0,1.0,1.0,1.0,1.6382655450580499,958790898323.0591,1.0,0.1717673201186984,0.0412088967859745,0.0,0.9587908983230591,0.0,0.6838235294117647,1.0,0.0,0.6407622694969177,0.25
150.0,0.7802071869373322,0.3255179934569248,0.7532185912132263,0.3161764705882353,0.7554933680937841,1.0,0.0,0.0,0.0,0.0,0.0,1.0,1.0,1.0,1.0,1.0,-0.054837315076659544,1.0,0.0,0.0,0.0,0.0,1.0,0.0,-0.3290238904599573,0.0,0.0,1.0,0.0,0.0,-0.3290238904599573,0.0,1.0,1.0,1.0,1.0,1.0,1.4981029641014552,894384920597.0764,1.0,0.3372494578361511,0.0,0.10561562329530716,0.0,0.8943849205970764,0.3161764705882353,1.0,0.0,0.7554933680937841,0.25
