step,train_step_loss,train_acc,train_loss,val_acc,val_loss,avg_intra_expert_coherence,expert_diversity_e0,expert_diversity_e1,expert_diversity_e2,expert_diversity_e3,expert_diversity_mean,expert_purity_e0,expert_purity_e1,expert_purity_e2,expert_purity_e3,expert_purity_mean,inter_expert_similarity,inter_expert_similarity_e0_e0,inter_expert_similarity_e0_e1,inter_expert_similarity_e0_e2,inter_expert_similarity_e0_e3,inter_expert_similarity_e1_e0,inter_expert_similarity_e1_e1,inter_expert_similarity_e1_e2,inter_expert_similarity_e1_e3,inter_expert_similarity_e2_e0,inter_expert_similarity_e2_e1,inter_expert_similarity_e2_e2,inter_expert_similarity_e2_e3,inter_expert_similarity_e3_e0,inter_expert_similarity_e3_e1,inter_expert_similarity_e3_e2,inter_expert_similarity_e3_e3,intra_expert_coherence_e0,intra_expert_coherence_e1,intra_expert_coherence_e2,intra_expert_coherence_e3,load_cv,load_max_min_ratio,overall_task_conflict_cos,router_entropy,router_load_e0,router_load_e1,router_load_e2,router_load_e3,task_acc__glue_mrpc,task_conflict_t0_t0,task_grad_norm_cv,task_loss__glue_mrpc,utilization_ratio
50.0,0.5124705731868744,0.6744820065430752,0.6308095097541809,0.6838235294117647,0.6251301662280009,1.0,0.0,0.0,0.0,0.0,0.0,1.0,1.0,1.0,1.0,1.0,-0.027666794136077033,1.0,0.0,0.0,0.0,0.0,1.0,-0.1660007648164622,0.0,0.0,-0.1660007648164622,1.0,0.0,0.0,0.0,0.0,1.0,1.0,1.0,1.0,1.0,1.025214546867717,579894483089.447,1.0,0.680326056246664,0.0,0.579894483089447,0.4201056957244873,0.0,0.6838235294117647,1.0,0.0,0.6251301662280009,0.5
100.0,0.6836923360824585,0.6744820065430752,0.6555246449035147,0.6838235294117647,0.6536395721710645,1.0,0.0,0.0,0.0,0.0,0.0,1.0,1.0,1.0,1.0,1.0,-0.02339356870456012,1.0,0.0,0.0,0.0,0.0,1.0,-0.1403614122273607,0.0,0.0,-0.1403614122273607,1.0,0.0,0.0,0.0,0.0,1.0,1.0,1.0,1.0,1.0,1.131736397743225,687359035015.1062,1.0,0.6211972832679749,0.0,0.3126409351825714,0.6873590350151062,0.0,0.6838235294117647,1.0,0.0,0.6536395721710645,0.5
150.0,0.6653363704681396,0.6744820065430752,0.6325950641994891,0.6838235294117647,0.6249351873993874,1.0,0.0,0.0,0.0,0.0,0.0,1.0,1.0,1.0,1.0,1.0,0.032277898745426,1.0,0.0,0.0,0.0,0.0,1.0,0.193667392472556,0.0,0.0,0.193667392472556,1.0,0.0,0.0,0.0,0.0,1.0,1.0,1.0,1.0,1.0,1.025622010231018,580545365810.3943,1.0,0.6801153362966051,0.0,0.5805453658103943,0.4194546639919281,0.0,0.6838235294117647,1.0,0.0,0.6249351873993874,0.5
