step,train_step_loss,train_acc,train_loss,val_acc,val_loss,avg_intra_expert_coherence,expert_diversity_e0,expert_diversity_e1,expert_diversity_e2,expert_diversity_e3,expert_diversity_mean,expert_purity_e0,expert_purity_e1,expert_purity_e2,expert_purity_e3,expert_purity_mean,inter_expert_similarity,inter_expert_similarity_e0_e0,inter_expert_similarity_e0_e1,inter_expert_similarity_e0_e2,inter_expert_similarity_e0_e3,inter_expert_similarity_e1_e0,inter_expert_similarity_e1_e1,inter_expert_similarity_e1_e2,inter_expert_similarity_e1_e3,inter_expert_similarity_e2_e0,inter_expert_similarity_e2_e1,inter_expert_similarity_e2_e2,inter_expert_similarity_e2_e3,inter_expert_similarity_e3_e0,inter_expert_similarity_e3_e1,inter_expert_similarity_e3_e2,inter_expert_similarity_e3_e3,intra_expert_coherence_e0,intra_expert_coherence_e1,intra_expert_coherence_e2,intra_expert_coherence_e3,load_cv,load_max_min_ratio,overall_task_conflict_cos,router_entropy,router_load_e0,router_load_e1,router_load_e2,router_load_e3,task_acc__glue_rte,task_conflict_t0_t0,task_grad_norm_cv,task_loss__glue_rte,utilization_ratio
50.0,0.9169398546218872,0.4983935742971888,0.7027394141906347,0.4729241877256318,0.7121759454409281,1.0,0.0,0.0,0.0,0.0,0.0,1.0,1.0,1.0,1.0,1.0,-0.027103817826177476,1.0,0.0,0.0,-0.16262290695706486,0.0,1.0,0.0,0.0,0.0,0.0,1.0,0.0,-0.16262290695706486,0.0,0.0,1.0,1.0,1.0,1.0,1.0,1.729319517774697,998817086219.7876,1.0,0.009156613681290554,0.9988170862197876,0.0,0.0,0.001183190499432385,0.4729241877256318,1.0,0.0,0.7121759454409281,0.25
100.0,0.7478539049625397,0.4983935742971888,0.7136193008759083,0.4729241877256318,0.7278348290257983,1.0,0.0,0.0,0.0,0.0,0.0,1.0,1.0,1.0,1.0,1.0,-0.01960008118441924,1.0,0.0,-0.11760048710651544,0.0,0.0,1.0,0.0,0.0,-0.11760048710651544,0.0,1.0,0.0,0.0,0.0,0.0,1.0,1.0,1.0,1.0,1.0,1.7094079408912448,990162312984.4666,1.0,0.05525263993318331,0.9901623129844666,0.0,0.00983732845634222,0.0,0.4729241877256318,1.0,0.0,0.7278348290257983,0.25
150.0,0.7284195125102997,0.5016064257028112,0.6948570198355577,0.5270758122743683,0.6904207037554847,1.0,0.0,0.0,0.0,0.0,0.0,1.0,1.0,1.0,1.0,1.0,-0.03872924578980317,1.0,0.0,0.0,-0.232375474738819,0.0,1.0,0.0,0.0,0.0,0.0,1.0,0.0,-0.232375474738819,0.0,0.0,1.0,1.0,1.0,1.0,1.0,1.6823157696096485,978302359580.9937,1.0,0.10457369028876405,0.9783023595809937,0.0,0.0,0.021697456017136574,0.5270758122743683,1.0,0.0,0.6904207037554847,0.25
