step,train_step_loss,train_acc,train_loss,val_acc,val_loss,avg_intra_expert_coherence,expert_diversity_e0,expert_diversity_e1,expert_diversity_e2,expert_diversity_e3,expert_diversity_mean,expert_purity_e0,expert_purity_e1,expert_purity_e2,expert_purity_e3,expert_purity_mean,inter_expert_similarity,inter_expert_similarity_e0_e0,inter_expert_similarity_e0_e1,inter_expert_similarity_e0_e2,inter_expert_similarity_e0_e3,inter_expert_similarity_e1_e0,inter_expert_similarity_e1_e1,inter_expert_similarity_e1_e2,inter_expert_similarity_e1_e3,inter_expert_similarity_e2_e0,inter_expert_similarity_e2_e1,inter_expert_similarity_e2_e2,inter_expert_similarity_e2_e3,inter_expert_similarity_e3_e0,inter_expert_similarity_e3_e1,inter_expert_similarity_e3_e2,inter_expert_similarity_e3_e3,intra_expert_coherence_e0,intra_expert_coherence_e1,intra_expert_coherence_e2,intra_expert_coherence_e3,load_cv,load_max_min_ratio,overall_task_conflict_cos,router_entropy,router_load_e0,router_load_e1,router_load_e2,router_load_e3,task_acc__glue_rte,task_conflict_t0_t0,task_grad_norm_cv,task_loss__glue_rte,utilization_ratio
50.0,0.6852626204490662,0.4983935742971888,0.6953446455490895,0.4729241877256318,0.6998811380730735,1.0,0.0,0.0,0.0,0.0,0.0,1.0,1.0,1.0,1.0,1.0,-0.042798616174066086,1.0,0.0,0.0,0.0,0.0,1.0,0.0,0.0,0.0,0.0,1.0,-0.2567916970443965,0.0,0.0,-0.2567916970443965,1.0,1.0,1.0,1.0,1.0,1.731252225488159,999654293060.3027,1.0,0.0031015472520236937,0.0,0.0,0.9996542930603027,0.00034578231861814857,0.4729241877256318,1.0,0.0,0.6998811380730735,0.25
100.0,0.6693986058235168,0.5016064257028112,0.6990476233836932,0.5270758122743683,0.6910246378845639,1.0,0.0,0.0,0.0,0.0,0.0,1.0,1.0,1.0,1.0,1.0,-0.05899253921476468,1.0,0.0,0.0,0.0,0.0,1.0,0.0,0.0,0.0,0.0,1.0,-0.3539552352885881,0.0,0.0,-0.3539552352885881,1.0,1.0,1.0,1.0,1.0,1.7287681486511675,998577594757.0801,1.0,0.010743761630157271,0.0,0.0,0.9985775947570801,0.0014220960438251495,0.5270758122743683,1.0,0.0,0.6910246378845639,0.25
150.0,0.7022042572498322,0.4983935742971888,0.6932543327028935,0.4729241877256318,0.694068064292272,1.0,0.0,0.0,0.0,0.0,0.0,1.0,1.0,1.0,1.0,1.0,0.040732461777921954,1.0,0.0,0.0,0.24439477066753174,0.0,1.0,0.0,0.0,0.0,0.0,1.0,0.0,0.24439477066753174,0.0,0.0,1.0,1.0,1.0,1.0,1.0,1.7203176354983287,994910836219.7876,1.0,0.031951043579982935,0.005089311394840479,0.0,0.0,0.9949108362197876,0.4729241877256318,1.0,0.0,0.694068064292272,0.25
