step,train_step_loss,train_acc,train_loss,val_acc,val_loss,router_entropy,router_load_e0,router_load_e1,router_load_e2,router_load_e3
30.0,1.0969422260920207,0.3382161458333333,1.1025762675950925,0.3349609375,1.1016882235805194,1.3657609522342682,0.2896560728549957,0.23983173072338104,0.2911531329154968,0.1793590635061264
60.0,1.0928011288245518,0.3389485677083333,1.1012572137018044,0.3365885416666667,1.1002949799100559,1.3653506586949031,0.2922106087207794,0.23887449502944946,0.2900286614894867,0.17888623476028442
90.0,1.1053232004245122,0.3458658854166667,1.1013054841508467,0.3385416666666667,1.1004235371947289,1.36577208340168,0.29194965958595276,0.24008862674236298,0.2886950671672821,0.17926669120788574
100.0,1.1010097215572994,0.3445638020833333,1.100675646836559,0.3352864583333333,1.0999826242526372,1.3656479318936665,0.29226499795913696,0.23937267065048218,0.28906795382499695,0.17929434776306152
