step,train_step_loss,train_acc,train_loss,val_acc,val_loss,avg_intra_expert_coherence,expert_diversity_e0,expert_diversity_e1,expert_diversity_e2,expert_diversity_e3,expert_diversity_mean,expert_purity_e0,expert_purity_e1,expert_purity_e2,expert_purity_e3,expert_purity_mean,inter_expert_similarity,inter_expert_similarity_e0_e0,inter_expert_similarity_e0_e1,inter_expert_similarity_e0_e2,inter_expert_similarity_e0_e3,inter_expert_similarity_e1_e0,inter_expert_similarity_e1_e1,inter_expert_similarity_e1_e2,inter_expert_similarity_e1_e3,inter_expert_similarity_e2_e0,inter_expert_similarity_e2_e1,inter_expert_similarity_e2_e2,inter_expert_similarity_e2_e3,inter_expert_similarity_e3_e0,inter_expert_similarity_e3_e1,inter_expert_similarity_e3_e2,inter_expert_similarity_e3_e3,intra_expert_coherence_e0,intra_expert_coherence_e1,intra_expert_coherence_e2,intra_expert_coherence_e3,load_cv,load_max_min_ratio,overall_task_conflict_cos,router_entropy,router_load_e0,router_load_e1,router_load_e2,router_load_e3,task_acc__glue_mrpc,task_conflict_t0_t0,task_grad_norm_cv,task_loss__glue_mrpc,utilization_ratio
50.0,0.5182109773159027,0.7306434023991276,0.5382472456149433,0.7426470588235294,0.5297743477500402,1.0,0.0,0.0,0.0,0.0,0.0,1.0,1.0,1.0,1.0,1.0,0.0011844893180760659,1.0,0.0,0.0,0.0,0.0,1.0,0.0,0.007106935908456395,0.0,0.0,1.0,0.0,0.0,0.007106935908456395,0.0,1.0,1.0,1.0,1.0,1.0,1.1427947282791138,695569634437.561,1.0,0.5925813177052666,0.0,0.695569634437561,0.0,0.30443039536476135,0.7426470588235294,1.0,0.0,0.5297743477500402,0.5
100.0,0.6381580233573914,0.7074700109051254,0.6300027598505434,0.7034313725490197,0.6294476068936862,1.0,0.0,0.0,0.0,0.0,0.0,1.0,1.0,1.0,1.0,1.0,0.004807912466546735,1.0,0.0,0.0,0.0,0.0,1.0,0.0,0.028847474799280414,0.0,0.0,1.0,0.0,0.0,0.028847474799280414,0.0,1.0,1.0,1.0,1.0,1.0,1.0000001192092896,500155210494.9951,1.0,0.6929366810649049,0.0,0.5001552104949951,0.0,0.4998447895050049,0.7034313725490197,1.0,0.0,0.6294476068936862,0.5
150.0,0.7118226885795593,0.8293347873500545,0.4462658761393117,0.8431372549019608,0.4534163639809077,1.0,0.0,0.0,0.0,0.0,0.0,1.0,1.0,1.0,1.0,1.0,0.0050439543912235004,1.0,0.0,0.0,0.0,0.0,1.0,0.0,0.030263726347341,0.0,0.0,1.0,0.0,0.0,0.030263726347341,0.0,1.0,1.0,1.0,1.0,1.0,1.0237724781036377,577548384666.4429,1.0,0.6600487699695662,0.0,0.4224516451358795,0.0,0.5775483846664429,0.8431372549019608,1.0,0.0,0.4534163639809077,0.5
