step,train_step_loss,train_acc,train_loss,val_acc,val_loss,avg_intra_expert_coherence,expert_diversity_e0,expert_diversity_e1,expert_diversity_e2,expert_diversity_e3,expert_diversity_mean,expert_purity_e0,expert_purity_e1,expert_purity_e2,expert_purity_e3,expert_purity_mean,inter_expert_similarity,inter_expert_similarity_e0_e0,inter_expert_similarity_e0_e1,inter_expert_similarity_e0_e2,inter_expert_similarity_e0_e3,inter_expert_similarity_e1_e0,inter_expert_similarity_e1_e1,inter_expert_similarity_e1_e2,inter_expert_similarity_e1_e3,inter_expert_similarity_e2_e0,inter_expert_similarity_e2_e1,inter_expert_similarity_e2_e2,inter_expert_similarity_e2_e3,inter_expert_similarity_e3_e0,inter_expert_similarity_e3_e1,inter_expert_similarity_e3_e2,inter_expert_similarity_e3_e3,intra_expert_coherence_e0,intra_expert_coherence_e1,intra_expert_coherence_e2,intra_expert_coherence_e3,load_cv,load_max_min_ratio,overall_task_conflict_cos,router_entropy,router_load_e0,router_load_e1,router_load_e2,router_load_e3,task_acc__glue_mrpc,task_conflict_t0_t0,task_grad_norm_cv,task_loss__glue_mrpc,utilization_ratio
50.0,0.5988722443580627,0.6744820065430752,0.6269003006427184,0.6838235294117647,0.6241268567167796,1.0,0.0,0.0,0.0,0.0,0.0,1.0,1.0,1.0,1.0,1.0,0.0011326966975364393,1.0,0.0,0.0,0.006796180185218636,0.0,1.0,0.0,0.0,0.0,0.0,1.0,0.0,0.006796180185218636,0.0,0.0,1.0,1.0,1.0,1.0,1.0,1.0095547437667847,548990845680.2368,1.0,0.6881485674895492,0.4510091543197632,0.0,0.0,0.5489908456802368,0.6838235294117647,1.0,0.0,0.6241268567167796,0.5
100.0,0.5859124064445496,0.7148309705561614,0.536251028659551,0.7328431372549019,0.5340155173952763,1.0,0.0,0.0,0.0,0.0,0.0,1.0,1.0,1.0,1.0,1.0,-3.0976301434565024e-06,1.0,0.0,0.0,-1.8585780860739014e-05,0.0,1.0,0.0,0.0,0.0,0.0,1.0,0.0,-1.8585780860739014e-05,0.0,0.0,1.0,1.0,1.0,1.0,1.0,1.1896621954843765,727842152118.6829,1.0,0.5552327311506459,0.2721579968929291,0.0,0.0,0.7278421521186829,0.7328431372549019,1.0,0.0,0.5340155173952763,0.5
150.0,0.6185949444770813,0.6875681570338059,0.5595619924042536,0.6887254901960784,0.5596817605770551,1.0,0.0,0.0,0.0,0.0,0.0,1.0,1.0,1.0,1.0,1.0,0.0038517607997252614,1.0,0.0,0.0,0.02311056479835157,0.0,1.0,0.0,0.0,0.0,0.0,1.0,0.0,0.02311056479835157,0.0,0.0,1.0,1.0,1.0,1.0,1.0,1.1052716970443726,672463119029.9988,1.0,0.6241586208343506,0.32118433713912964,0.006352532189339399,0.0,0.6724631190299988,0.6887254901960784,1.0,0.0,0.5596817605770551,0.5
