step,train_step_loss,train_acc,train_loss,val_acc,val_loss,avg_intra_expert_coherence,expert_diversity_e0,expert_diversity_e1,expert_diversity_e2,expert_diversity_e3,expert_diversity_mean,expert_purity_e0,expert_purity_e1,expert_purity_e2,expert_purity_e3,expert_purity_mean,inter_expert_similarity,inter_expert_similarity_e0_e0,inter_expert_similarity_e0_e1,inter_expert_similarity_e0_e2,inter_expert_similarity_e0_e3,inter_expert_similarity_e1_e0,inter_expert_similarity_e1_e1,inter_expert_similarity_e1_e2,inter_expert_similarity_e1_e3,inter_expert_similarity_e2_e0,inter_expert_similarity_e2_e1,inter_expert_similarity_e2_e2,inter_expert_similarity_e2_e3,inter_expert_similarity_e3_e0,inter_expert_similarity_e3_e1,inter_expert_similarity_e3_e2,inter_expert_similarity_e3_e3,intra_expert_coherence_e0,intra_expert_coherence_e1,intra_expert_coherence_e2,intra_expert_coherence_e3,load_cv,load_max_min_ratio,overall_task_conflict_cos,router_entropy,router_load_e0,router_load_e1,router_load_e2,router_load_e3,task_acc__glue_rte,task_conflict_t0_t0,task_grad_norm_cv,task_loss__glue_rte,utilization_ratio
50.0,0.6162577271461487,0.5016064257028112,0.6951047209592967,0.5270758122743683,0.6903617282708486,1.0,0.0,0.0,0.0,0.0,0.0,1.0,1.0,1.0,1.0,1.0,0.008439016489290335,1.0,0.0,0.05063409893574201,0.0,0.0,1.0,0.0,0.0,0.05063409893574201,0.0,1.0,0.0,0.0,0.0,0.0,1.0,1.0,1.0,1.0,1.0,1.731997402668309,999976992607.1167,1.0,0.00026982477765247925,0.9999769926071167,0.0,2.310931813553907e-05,0.0,0.5270758122743683,1.0,0.0,0.6903617282708486,0.25
100.0,0.8142223656177521,0.5016064257028112,0.8104611237843832,0.5270758122743683,0.774953311516179,1.0,0.0,0.0,0.0,0.0,0.0,1.0,1.0,1.0,1.0,1.0,0.0069059561142942845,1.0,0.04143573668576571,0.0,0.0,0.04143573668576571,1.0,0.0,0.0,0.0,0.0,1.0,0.0,0.0,0.0,0.0,1.0,1.0,1.0,1.0,1.0,1.7320082581067855,999981284141.5405,1.0,0.0002193723486682622,0.9999812841415405,1.8427963368594646e-05,0.0,0.0,0.5270758122743683,1.0,0.0,0.774953311516179,0.25
150.0,0.7419044077396393,0.5016064257028112,0.6955981636658694,0.5270758122743683,0.6903336826297972,1.0,0.0,0.0,0.0,0.0,0.0,1.0,1.0,1.0,1.0,1.0,-0.0012831286046166934,1.0,0.0,-0.007698771627700161,0.0,0.0,1.0,0.0,0.0,-0.007698771627700161,0.0,1.0,0.0,0.0,0.0,0.0,1.0,1.0,1.0,1.0,1.0,1.7317791537711986,999882102012.6343,1.0,0.0011820291397615676,0.9998821020126343,0.0,0.00011763795919250697,0.0,0.5270758122743683,1.0,0.0,0.6903336826297972,0.25
