step,train_step_loss,train_acc,train_loss,val_acc,val_loss,avg_intra_expert_coherence,expert_diversity_e0,expert_diversity_e1,expert_diversity_e2,expert_diversity_e3,expert_diversity_mean,expert_purity_e0,expert_purity_e1,expert_purity_e2,expert_purity_e3,expert_purity_mean,inter_expert_similarity,inter_expert_similarity_e0_e0,inter_expert_similarity_e0_e1,inter_expert_similarity_e0_e2,inter_expert_similarity_e0_e3,inter_expert_similarity_e1_e0,inter_expert_similarity_e1_e1,inter_expert_similarity_e1_e2,inter_expert_similarity_e1_e3,inter_expert_similarity_e2_e0,inter_expert_similarity_e2_e1,inter_expert_similarity_e2_e2,inter_expert_similarity_e2_e3,inter_expert_similarity_e3_e0,inter_expert_similarity_e3_e1,inter_expert_similarity_e3_e2,inter_expert_similarity_e3_e3,intra_expert_coherence_e0,intra_expert_coherence_e1,intra_expert_coherence_e2,intra_expert_coherence_e3,load_cv,load_max_min_ratio,overall_task_conflict_cos,router_entropy,router_load_e0,router_load_e1,router_load_e2,router_load_e3,task_acc__glue_rte,task_conflict_t0_t0,task_grad_norm_cv,task_loss__glue_rte,utilization_ratio
50.0,0.666094571352005,0.4983935742971888,0.7052363623029146,0.4729241877256318,0.7161930352449417,1.0,0.0,0.0,0.0,0.0,0.0,1.0,1.0,1.0,1.0,1.0,0.0053352629065326574,1.0,0.0,0.0,0.0,0.0,1.0,0.03201157743919594,0.0,0.0,0.03201157743919594,1.0,0.0,0.0,0.0,0.0,1.0,1.0,1.0,1.0,1.0,1.7320385692188565,999994516372.6807,1.0,7.002843907002077e-05,0.0,0.9999945163726807,5.32517606188776e-06,0.0,0.4729241877256318,1.0,0.0,0.7161930352449417,0.25
100.0,0.7232919633388519,0.4983935742971888,0.6936979950620579,0.4729241877256318,0.695816727148162,1.0,0.0,0.0,0.0,0.0,0.0,1.0,1.0,1.0,1.0,1.0,0.0028568557210234273,1.0,0.0,0.0,0.0,0.0,1.0,0.017141134326140565,0.0,0.0,0.017141134326140565,1.0,0.0,0.0,0.0,0.0,1.0,1.0,1.0,1.0,1.0,1.731939943797595,999952077865.6006,1.0,0.0005253167059743232,0.0,0.9999520778656006,4.799435555469245e-05,0.0,0.4729241877256318,1.0,0.0,0.695816727148162,0.25
150.0,0.7376416623592377,0.4983935742971888,0.7014442171805945,0.4729241877256318,0.7103829499748018,1.0,0.0,0.0,0.0,0.0,0.0,1.0,1.0,1.0,1.0,1.0,0.00524355139943528,1.0,0.0,0.0,0.0,0.0,1.0,0.03146130839661168,0.0,0.0,0.03146130839661168,1.0,0.0,0.0,0.0,0.0,1.0,1.0,1.0,1.0,1.0,1.7320124144598537,999983012676.239,1.0,0.0001999527150395222,0.0,0.999983012676239,1.6656182197039016e-05,0.0,0.4729241877256318,1.0,0.0,0.7103829499748018,0.25
