step,train_step_loss,train_acc,train_loss,val_acc,val_loss,avg_intra_expert_coherence,expert_diversity_e0,expert_diversity_e1,expert_diversity_e2,expert_diversity_e3,expert_diversity_mean,expert_purity_e0,expert_purity_e1,expert_purity_e2,expert_purity_e3,expert_purity_mean,inter_expert_similarity,inter_expert_similarity_e0_e0,inter_expert_similarity_e0_e1,inter_expert_similarity_e0_e2,inter_expert_similarity_e0_e3,inter_expert_similarity_e1_e0,inter_expert_similarity_e1_e1,inter_expert_similarity_e1_e2,inter_expert_similarity_e1_e3,inter_expert_similarity_e2_e0,inter_expert_similarity_e2_e1,inter_expert_similarity_e2_e2,inter_expert_similarity_e2_e3,inter_expert_similarity_e3_e0,inter_expert_similarity_e3_e1,inter_expert_similarity_e3_e2,inter_expert_similarity_e3_e3,intra_expert_coherence_e0,intra_expert_coherence_e1,intra_expert_coherence_e2,intra_expert_coherence_e3,load_cv,load_max_min_ratio,overall_task_conflict_cos,router_entropy,router_load_e0,router_load_e1,router_load_e2,router_load_e3,task_acc__glue_sst2,task_conflict_t0_t0,task_grad_norm_cv,task_loss__glue_sst2,utilization_ratio
50.0,0.921916276216507,0.44217434557305973,0.703985472642894,0.4908256880733945,0.6969869879159061,1.0,0.0,0.0,0.0,0.0,0.0,1.0,1.0,1.0,1.0,1.0,0.001190052116072074,1.0,0.0,0.0,0.007140312696432444,0.0,1.0,0.0,0.0,0.0,0.0,1.0,0.0,0.007140312696432444,0.0,0.0,1.0,1.0,1.0,1.0,1.0,1.0009676218032837,515557348728.17993,1.0,0.6926630434639957,0.48444265127182007,0.0,0.0,0.5155573487281799,0.4908256880733945,1.0,0.0,0.6969869879159061,0.5
100.0,0.7226027846336365,0.5578256544269403,0.6943790156987104,0.5091743119266054,0.7180892957882448,1.0,0.0,0.0,0.0,0.0,0.0,1.0,1.0,1.0,1.0,1.0,0.01507877084405356,1.0,0.0,0.0,0.0,0.0,1.0,0.0,0.09047262506432135,0.0,0.0,1.0,0.0,0.0,0.09047262506432135,0.0,1.0,1.0,1.0,1.0,1.0,1.0234322547912598,576985001564.0259,1.0,0.6812464922939966,0.0,0.4230150282382965,0.0,0.5769850015640259,0.5091743119266054,1.0,0.0,0.7180892957882448,0.5
150.0,0.699627161026001,0.44217434557305973,0.6950873676076921,0.4908256880733945,0.6935568722811613,1.0,0.0,0.0,0.0,0.0,0.0,1.0,1.0,1.0,1.0,1.0,0.01812200283041741,1.0,0.0,0.0,0.0,0.0,1.0,0.0,0.10873201698250445,0.0,0.0,1.0,0.0,0.0,0.10873201698250445,0.0,1.0,1.0,1.0,1.0,1.0,1.1135055232663833,673166811466.217,1.0,0.6319130593483601,0.0,0.3268328607082367,0.0,0.673166811466217,0.4908256880733945,1.0,0.0,0.6935568722811613,0.5
