step,train_step_loss,train_acc,train_loss,val_acc,val_loss,avg_intra_expert_coherence,expert_diversity_e0,expert_diversity_e1,expert_diversity_e2,expert_diversity_e3,expert_diversity_mean,expert_purity_e0,expert_purity_e1,expert_purity_e2,expert_purity_e3,expert_purity_mean,inter_expert_similarity,inter_expert_similarity_e0_e0,inter_expert_similarity_e0_e1,inter_expert_similarity_e0_e2,inter_expert_similarity_e0_e3,inter_expert_similarity_e1_e0,inter_expert_similarity_e1_e1,inter_expert_similarity_e1_e2,inter_expert_similarity_e1_e3,inter_expert_similarity_e2_e0,inter_expert_similarity_e2_e1,inter_expert_similarity_e2_e2,inter_expert_similarity_e2_e3,inter_expert_similarity_e3_e0,inter_expert_similarity_e3_e1,inter_expert_similarity_e3_e2,inter_expert_similarity_e3_e3,intra_expert_coherence_e0,intra_expert_coherence_e1,intra_expert_coherence_e2,intra_expert_coherence_e3,load_cv,load_max_min_ratio,overall_task_conflict_cos,router_entropy,router_load_e0,router_load_e1,router_load_e2,router_load_e3,task_acc__glue_sst2,task_conflict_t0_t0,task_grad_norm_cv,task_loss__glue_sst2,utilization_ratio
50.0,0.7048958837985992,0.5578256544269403,0.6881707300270539,0.5091743119266054,0.6937416174195029,1.0,0.0,0.0,0.0,0.0,0.0,1.0,1.0,1.0,1.0,1.0,0.013252580829284705,1.0,0.0,0.0,0.0,0.0,1.0,0.0,0.0,0.0,0.0,1.0,0.07951548497570823,0.0,0.0,0.07951548497570823,1.0,1.0,1.0,1.0,1.0,1.0206446573812995,572211325168.6096,1.0,0.6826819055670992,0.0,0.0,0.42778900265693665,0.5722113251686096,0.5091743119266054,1.0,0.0,0.6937416174195029,0.5
100.0,0.6547243893146515,0.5578256544269403,0.6879425566581536,0.5091743119266054,0.7047188650478017,1.0,0.0,0.0,0.0,0.0,0.0,1.0,1.0,1.0,1.0,1.0,-0.00869830468707815,1.0,0.0,0.0,0.0,0.0,1.0,0.0,0.0,0.0,0.0,1.0,-0.0521898281224689,0.0,0.0,-0.0521898281224689,1.0,1.0,1.0,1.0,1.0,1.075093141187055,639564275741.5771,1.0,0.6536688208580017,0.0,0.0,0.3604358732700348,0.6395642757415771,0.5091743119266054,1.0,0.0,0.7047188650478017,0.5
150.0,0.6875545978546143,0.5578256544269403,0.6865725148955887,0.5091743119266054,0.6963198808106509,1.0,0.0,0.0,0.0,0.0,0.0,1.0,1.0,1.0,1.0,1.0,-0.006829294110757825,1.0,0.0,0.0,0.0,0.0,1.0,0.0,0.0,0.0,0.0,1.0,-0.04097576466454695,0.0,0.0,-0.04097576466454695,1.0,1.0,1.0,1.0,1.0,1.1066222874535143,667561113834.3811,1.0,0.6358928084373474,0.0,0.0,0.3324394226074219,0.6675611138343811,0.5091743119266054,1.0,0.0,0.6963198808106509,0.5
