step,train_step_loss,train_acc,train_loss,val_acc,val_loss,alignment_reward,l_conflict,l_conflict_e0,l_conflict_e1,l_conflict_e2,l_conflict_e3,router_conflict_grad_l2,router_entropy,router_load_e0,router_load_e1,router_load_e2,router_load_e3
30.0,0.6359490553538005,0.629244024912894,0.6262245006245015,0.613600889438711,0.6319801925272928,0.4206852316856384,-0.4206852316856384,-0.15609362721443176,-0.02402673102915287,-0.0747724249958992,-0.16579243540763855,0.0,0.6745054690098321,0.5743844509124756,0.02548065036535263,0.053989823907613754,0.34614500403404236
50.0,0.617242564757665,0.644262944410384,0.6142330890422817,0.6382931256641601,0.6177760059682531,0.10864007472991943,-0.10864007472991943,-0.046618830412626266,-0.027525778859853745,-0.011536688543856144,-0.022958779707551003,0.0,0.6713998646095947,0.5821926593780518,0.03321628272533417,0.05097713693976402,0.33361393213272095
