step,train_step_loss,train_acc,train_loss,val_acc,val_loss,avg_intra_expert_coherence,expert_diversity_e0,expert_diversity_e1,expert_diversity_e2,expert_diversity_e3,expert_diversity_mean,expert_purity_e0,expert_purity_e1,expert_purity_e2,expert_purity_e3,expert_purity_mean,inter_expert_similarity,inter_expert_similarity_e0_e0,inter_expert_similarity_e0_e1,inter_expert_similarity_e0_e2,inter_expert_similarity_e0_e3,inter_expert_similarity_e1_e0,inter_expert_similarity_e1_e1,inter_expert_similarity_e1_e2,inter_expert_similarity_e1_e3,inter_expert_similarity_e2_e0,inter_expert_similarity_e2_e1,inter_expert_similarity_e2_e2,inter_expert_similarity_e2_e3,inter_expert_similarity_e3_e0,inter_expert_similarity_e3_e1,inter_expert_similarity_e3_e2,inter_expert_similarity_e3_e3,intra_expert_coherence_e0,intra_expert_coherence_e1,intra_expert_coherence_e2,intra_expert_coherence_e3,load_cv,load_max_min_ratio,overall_task_conflict_cos,router_entropy,router_load_e0,router_load_e1,router_load_e2,router_load_e3,task_acc__glue_rte,task_conflict_t0_t0,task_grad_norm_cv,task_loss__glue_rte,utilization_ratio
50.0,0.6732631921768188,0.6377510040160642,0.6596264710411047,0.5848375451263538,0.6756176352500916,1.0,0.0,0.0,0.0,0.0,0.0,1.0,1.0,1.0,1.0,1.0,0.0009074340548280879,1.0,0.0,0.005444604328968527,0.0,0.0,1.0,0.0,0.0,0.005444604328968527,0.0,1.0,0.0,0.0,0.0,0.0,1.0,1.0,1.0,1.0,1.0,1.024040937423706,577990233898.1628,1.0,0.6802609035684744,0.5779902338981628,0.0,0.42200979590415955,0.0,0.5848375451263538,1.0,0.0,0.6756176352500916,0.5
100.0,0.8081777691841125,0.6975903614457831,0.5852289706277541,0.6570397111913358,0.6339158250225915,1.0,0.0,0.0,0.0,0.0,0.0,1.0,1.0,1.0,1.0,1.0,0.00298841110847841,1.0,0.0,0.01793046665087046,0.0,0.0,1.0,0.0,0.0,0.01793046665087046,0.0,1.0,0.0,0.0,0.0,0.0,1.0,1.0,1.0,1.0,1.0,1.0218305561744503,574277997016.9067,1.0,0.6808001349549001,0.5742779970169067,0.0,0.4257220923900604,0.0,0.6570397111913358,1.0,0.0,0.6339158250225915,0.5
150.0,0.6294528245925903,0.7646586345381526,0.5605462656571315,0.6462093862815884,0.6177538161476454,1.0,0.0,0.0,0.0,0.0,0.0,1.0,1.0,1.0,1.0,1.0,-0.07052051602151001,1.0,0.0,-0.4231230961290601,0.0,0.0,1.0,0.0,0.0,-0.4231230961290601,0.0,1.0,0.0,0.0,0.0,0.0,1.0,1.0,1.0,1.0,1.0,1.0256669521331787,580616891384.1248,1.0,0.6790950315523664,0.5806168913841248,0.0,0.41938313841819763,0.0,0.6462093862815884,1.0,0.0,0.6177538161476454,0.5
