step,train_step_loss,train_acc,train_loss,val_acc,val_loss,avg_intra_expert_coherence,expert_diversity_e0,expert_diversity_e1,expert_diversity_e2,expert_diversity_e3,expert_diversity_mean,expert_purity_e0,expert_purity_e1,expert_purity_e2,expert_purity_e3,expert_purity_mean,inter_expert_similarity,inter_expert_similarity_e0_e0,inter_expert_similarity_e0_e1,inter_expert_similarity_e0_e2,inter_expert_similarity_e0_e3,inter_expert_similarity_e1_e0,inter_expert_similarity_e1_e1,inter_expert_similarity_e1_e2,inter_expert_similarity_e1_e3,inter_expert_similarity_e2_e0,inter_expert_similarity_e2_e1,inter_expert_similarity_e2_e2,inter_expert_similarity_e2_e3,inter_expert_similarity_e3_e0,inter_expert_similarity_e3_e1,inter_expert_similarity_e3_e2,inter_expert_similarity_e3_e3,intra_expert_coherence_e0,intra_expert_coherence_e1,intra_expert_coherence_e2,intra_expert_coherence_e3,load_cv,load_max_min_ratio,overall_task_conflict_cos,router_entropy,router_load_e0,router_load_e1,router_load_e2,router_load_e3,task_acc__glue_rte,task_conflict_t0_t0,task_grad_norm_cv,task_loss__glue_rte,utilization_ratio
50.0,0.6307108402252197,0.5048192771084338,0.6863427446820797,0.5342960288808665,0.6811110542880164,1.0,0.0,0.0,0.0,0.0,0.0,1.0,1.0,1.0,1.0,1.0,-0.0450982517105487,1.0,0.0,0.0,0.0,0.0,1.0,0.0,-0.2705895102632922,0.0,0.0,1.0,0.0,0.0,-0.2705895102632922,0.0,1.0,1.0,1.0,1.0,1.0,1.0057613849639893,538006365299.22485,1.0,0.6898337839312502,0.0,0.46199366450309753,0.0,0.5380063652992249,0.5342960288808665,1.0,0.0,0.6811110542880164,0.5
100.0,0.684289276599884,0.6104417670682731,0.6514458071918059,0.5667870036101083,0.6750035203165479,1.0,0.0,0.0,0.0,0.0,0.0,1.0,1.0,1.0,1.0,1.0,-0.0381970275713132,1.0,0.0,0.0,0.0,0.0,1.0,0.0,-0.2291821654278792,0.0,0.0,1.0,0.0,0.0,-0.2291821654278792,0.0,1.0,1.0,1.0,1.0,1.0,1.0035258531570435,529715657234.1919,1.0,0.6906717933902672,0.0,0.4702843725681305,0.0,0.5297156572341919,0.5667870036101083,1.0,0.0,0.6750035203165479,0.5
150.0,0.6278704404830933,0.6963855421686747,0.5981309834390114,0.6570397111913358,0.6154957347446017,1.0,0.0,0.0,0.0,0.0,0.0,1.0,1.0,1.0,1.0,1.0,0.007994718088959789,1.0,0.0,0.0,0.0,0.0,1.0,0.0,0.04796830853375873,0.0,0.0,1.0,0.0,0.0,0.04796830853375873,0.0,1.0,1.0,1.0,1.0,1.0,1.0078528528125794,544395029544.8303,1.0,0.6881808933368229,0.0,0.4556049108505249,0.0,0.5443950295448303,0.6570397111913358,1.0,0.0,0.6154957347446017,0.5
