step,train_step_loss,train_acc,train_loss,val_acc,val_loss,avg_intra_expert_coherence,expert_diversity_e0,expert_diversity_e1,expert_diversity_e2,expert_diversity_e3,expert_diversity_mean,expert_purity_e0,expert_purity_e1,expert_purity_e2,expert_purity_e3,expert_purity_mean,inter_expert_similarity,inter_expert_similarity_e0_e0,inter_expert_similarity_e0_e1,inter_expert_similarity_e0_e2,inter_expert_similarity_e0_e3,inter_expert_similarity_e1_e0,inter_expert_similarity_e1_e1,inter_expert_similarity_e1_e2,inter_expert_similarity_e1_e3,inter_expert_similarity_e2_e0,inter_expert_similarity_e2_e1,inter_expert_similarity_e2_e2,inter_expert_similarity_e2_e3,inter_expert_similarity_e3_e0,inter_expert_similarity_e3_e1,inter_expert_similarity_e3_e2,inter_expert_similarity_e3_e3,intra_expert_coherence_e0,intra_expert_coherence_e1,intra_expert_coherence_e2,intra_expert_coherence_e3,load_cv,load_max_min_ratio,overall_task_conflict_cos,router_entropy,router_load_e0,router_load_e1,router_load_e2,router_load_e3,task_acc__glue_mrpc,task_conflict_t0_t0,task_grad_norm_cv,task_loss__glue_mrpc,utilization_ratio
50.0,0.5353238880634308,0.7467284623773174,0.5032846004094766,0.7524509803921569,0.5018851436101474,1.0,0.0,0.0,0.0,0.0,0.0,1.0,1.0,1.0,1.0,1.0,0.005632383311586518,1.0,0.0,0.0,0.0,0.0,1.0,0.03379429986951911,0.0,0.0,0.03379429986951911,1.0,0.0,0.0,0.0,0.0,1.0,1.0,1.0,1.0,1.0,1.28832796672916,787182092666.626,1.0,0.47493747636383654,0.0,0.21281775832176208,0.787182092666626,0.0,0.7524509803921569,1.0,0.0,0.5018851436101474,0.5
100.0,0.48538434505462646,0.8287895310796074,0.4493705377630565,0.8308823529411765,0.4496252244481674,1.0,0.0,0.0,0.0,0.0,0.0,1.0,1.0,1.0,1.0,1.0,-0.004537096008235096,1.0,0.0,0.0,0.0,0.0,1.0,-0.027222576049410575,0.0,0.0,-0.027222576049410575,1.0,0.0,0.0,0.0,0.0,1.0,1.0,1.0,1.0,1.0,1.2894047498703003,787785649299.6216,1.0,0.4796643777220857,0.0,0.212214395403862,0.7877856492996216,0.0,0.8308823529411765,1.0,0.0,0.4496252244481674,0.5
150.0,0.4744355231523514,0.8557797164667393,0.38423708457013833,0.8455882352941176,0.4043399333380736,1.0,0.0,0.0,0.0,0.0,0.0,1.0,1.0,1.0,1.0,1.0,0.00687120631102246,1.0,0.0,0.0,0.0,0.0,1.0,0.04122723786613476,0.0,0.0,0.04122723786613476,1.0,0.0,0.0,0.0,0.0,1.0,1.0,1.0,1.0,1.0,1.4212503088265842,857063055038.4521,1.0,0.3593651181926914,0.0,0.14293687045574188,0.8570630550384521,0.0,0.8455882352941176,1.0,0.0,0.4043399333380736,0.5
