step,train_step_loss,train_acc,train_loss,val_acc,val_loss,avg_intra_expert_coherence,expert_diversity_e0,expert_diversity_e1,expert_diversity_e2,expert_diversity_e3,expert_diversity_mean,expert_purity_e0,expert_purity_e1,expert_purity_e2,expert_purity_e3,expert_purity_mean,inter_expert_similarity,inter_expert_similarity_e0_e0,inter_expert_similarity_e0_e1,inter_expert_similarity_e0_e2,inter_expert_similarity_e0_e3,inter_expert_similarity_e1_e0,inter_expert_similarity_e1_e1,inter_expert_similarity_e1_e2,inter_expert_similarity_e1_e3,inter_expert_similarity_e2_e0,inter_expert_similarity_e2_e1,inter_expert_similarity_e2_e2,inter_expert_similarity_e2_e3,inter_expert_similarity_e3_e0,inter_expert_similarity_e3_e1,inter_expert_similarity_e3_e2,inter_expert_similarity_e3_e3,intra_expert_coherence_e0,intra_expert_coherence_e1,intra_expert_coherence_e2,intra_expert_coherence_e3,load_cv,load_max_min_ratio,overall_task_conflict_cos,router_entropy,router_load_e0,router_load_e1,router_load_e2,router_load_e3,task_acc__glue_sst2,task_conflict_t0_t0,task_grad_norm_cv,task_loss__glue_sst2,utilization_ratio
50.0,0.3638353943824768,0.8510297109088479,0.39691116894349776,0.8486238532110092,0.3706900469958782,1.0,0.0,0.0,0.0,0.0,0.0,1.0,1.0,1.0,1.0,1.0,-0.09200429076925669,1.0,0.0,0.0,0.0,0.0,1.0,0.0,-0.5520257446155401,0.0,0.0,1.0,0.0,0.0,-0.5520257446155401,0.0,1.0,1.0,1.0,1.0,1.0,1.006218671798706,539490461349.4873,1.0,0.6868127491496024,0.0,0.5394904613494873,0.0,0.4605095684528351,0.8486238532110092,1.0,0.0,0.3706900469958782,0.5
100.0,0.3944212645292282,0.8568946829203106,0.3710760171465452,0.8268348623853211,0.41371599252928387,1.0,0.0,0.0,0.0,0.0,0.0,1.0,1.0,1.0,1.0,1.0,-0.014973610441919223,1.0,0.0,0.0,0.0,0.0,1.0,0.0,-0.08984166265151534,0.0,0.0,1.0,0.0,0.0,-0.08984166265151534,0.0,1.0,1.0,1.0,1.0,1.0,1.0218660831451416,239.3178606129575,1.0,0.6718103218516078,0.003962941467761993,0.590164065361023,0.002466025995090604,0.4034069776535034,0.8268348623853211,1.0,0.0,0.41371599252928387,0.5
150.0,0.5272672176361084,0.8786767435299707,0.31632021215220035,0.8704128440366973,0.33928304680369115,1.0,0.0,0.0,0.0,0.0,0.0,1.0,1.0,1.0,1.0,1.0,0.04436112990641649,1.0,0.0,0.0,0.0,0.0,1.0,0.0,0.2661667794384989,0.0,0.0,1.0,0.0,0.0,0.2661667794384989,0.0,1.0,1.0,1.0,1.0,1.0,1.0124776348498303,278.35057117253166,1.0,0.6720746471247542,0.011648105457425117,0.5926601886749268,0.002129186177626252,0.39356258511543274,0.8704128440366973,1.0,0.0,0.33928304680369115,0.5
