step,train_step_loss,train_acc,train_loss,val_acc,val_loss,avg_intra_expert_coherence,expert_diversity_e0,expert_diversity_e1,expert_diversity_e2,expert_diversity_e3,expert_diversity_mean,expert_purity_e0,expert_purity_e1,expert_purity_e2,expert_purity_e3,expert_purity_mean,inter_expert_similarity,inter_expert_similarity_e0_e0,inter_expert_similarity_e0_e1,inter_expert_similarity_e0_e2,inter_expert_similarity_e0_e3,inter_expert_similarity_e1_e0,inter_expert_similarity_e1_e1,inter_expert_similarity_e1_e2,inter_expert_similarity_e1_e3,inter_expert_similarity_e2_e0,inter_expert_similarity_e2_e1,inter_expert_similarity_e2_e2,inter_expert_similarity_e2_e3,inter_expert_similarity_e3_e0,inter_expert_similarity_e3_e1,inter_expert_similarity_e3_e2,inter_expert_similarity_e3_e3,intra_expert_coherence_e0,intra_expert_coherence_e1,intra_expert_coherence_e2,intra_expert_coherence_e3,load_cv,load_max_min_ratio,overall_task_conflict_cos,router_entropy,router_load_e0,router_load_e1,router_load_e2,router_load_e3,task_acc__glue_mrpc,task_conflict_t0_t0,task_grad_norm_cv,task_loss__glue_mrpc,utilization_ratio
50.0,0.6593061089515686,0.3255179934569248,0.7649553287288416,0.3161764705882353,0.7673235489771917,1.0,0.0,0.0,0.0,0.0,0.0,1.0,1.0,1.0,1.0,1.0,0.0012071182150981215,1.0,0.0,0.0,0.0,0.0,1.0,0.0,0.0,0.0,0.0,1.0,0.007242709290588728,0.0,0.0,0.007242709290588728,1.0,1.0,1.0,1.0,1.0,1.4113174398002244,852104127407.074,1.0,0.4190423909355612,0.0,0.0,0.852104127407074,0.14789626002311707,0.3161764705882353,1.0,0.0,0.7673235489771917,0.5
100.0,0.6624374389648438,0.6744820065430752,0.6534876577232195,0.6838235294117647,0.6507112360917605,1.0,0.0,0.0,0.0,0.0,0.0,1.0,1.0,1.0,1.0,1.0,0.014275174918340733,1.0,0.0,0.0856510495100444,0.0,0.0,1.0,0.0,0.0,0.0856510495100444,0.0,1.0,0.0,0.0,0.0,0.0,1.0,1.0,1.0,1.0,1.0,1.4126185178756714,852755427360.5347,1.0,0.4178997137967278,0.14724458754062653,0.0,0.8527554273605347,0.0,0.6838235294117647,1.0,0.0,0.6507112360917605,0.5
150.0,0.6205508708953857,0.6744820065430752,0.6333037145111872,0.6838235294117647,0.6262735770298884,1.0,0.0,0.0,0.0,0.0,0.0,1.0,1.0,1.0,1.0,1.0,0.037207766883141806,1.0,0.0,0.0,0.0,0.0,1.0,0.0,0.0,0.0,0.0,1.0,0.22324660129885085,0.0,0.0,0.22324660129885085,1.0,1.0,1.0,1.0,1.0,1.433408757095788,863087058067.3218,1.0,0.39931870032759276,0.0,0.0,0.8630870580673218,0.13691236078739166,0.6838235294117647,1.0,0.0,0.6262735770298884,0.5
