{
  "completed_jobs": 12,
  "current_phase": "",
  "elapsed_sec": 3361.461850643158,
  "eta_sec": null,
  "failed_jobs": 0,
  "percent": 100.0,
  "started_at_epoch": 1773660035.61826,
  "total_jobs": 12,
  "updated_at_epoch": 1773663397.0801163
}