step,train_step_loss,train_acc,train_loss,val_acc,val_loss,avg_intra_expert_coherence,expert_diversity_e0,expert_diversity_e1,expert_diversity_e2,expert_diversity_e3,expert_diversity_mean,expert_purity_e0,expert_purity_e1,expert_purity_e2,expert_purity_e3,expert_purity_mean,inter_expert_similarity,inter_expert_similarity_e0_e0,inter_expert_similarity_e0_e1,inter_expert_similarity_e0_e2,inter_expert_similarity_e0_e3,inter_expert_similarity_e1_e0,inter_expert_similarity_e1_e1,inter_expert_similarity_e1_e2,inter_expert_similarity_e1_e3,inter_expert_similarity_e2_e0,inter_expert_similarity_e2_e1,inter_expert_similarity_e2_e2,inter_expert_similarity_e2_e3,inter_expert_similarity_e3_e0,inter_expert_similarity_e3_e1,inter_expert_similarity_e3_e2,inter_expert_similarity_e3_e3,intra_expert_coherence_e0,intra_expert_coherence_e1,intra_expert_coherence_e2,intra_expert_coherence_e3,load_cv,load_max_min_ratio,overall_task_conflict_cos,router_entropy,router_load_e0,router_load_e1,router_load_e2,router_load_e3,task_acc__glue_rte,task_conflict_t0_t0,task_grad_norm_cv,task_loss__glue_rte,utilization_ratio
50.0,0.6502136588096619,0.5461847389558233,0.681021801630656,0.5342960288808665,0.680459565586514,1.0,0.0,0.0,0.0,0.0,0.0,1.0,1.0,1.0,1.0,1.0,-0.05434735704267351,1.0,-0.32608414225604104,0.0,0.0,-0.32608414225604104,1.0,0.0,0.0,0.0,0.0,1.0,0.0,0.0,0.0,0.0,1.0,1.0,1.0,1.0,1.0,1.0151217588854884,561717212200.1648,1.0,0.6852576672385315,0.5617172122001648,0.43828272819519043,0.0,0.0,0.5342960288808665,1.0,0.0,0.680459565586514,0.5
100.0,0.6627318263053894,0.6132530120481928,0.6558357752668551,0.5703971119133574,0.6745590269565582,1.0,0.0,0.0,0.0,0.0,0.0,1.0,1.0,1.0,1.0,1.0,-0.048780562951014704,1.0,-0.2926833777060882,0.0,0.0,-0.2926833777060882,1.0,0.0,0.0,0.0,0.0,1.0,0.0,0.0,0.0,0.0,1.0,1.0,1.0,1.0,1.0,1.0193414688110352,574357330799.1028,1.0,0.6816560137573132,0.5743573307991028,0.42411741614341736,0.0015253002056851983,0.0,0.5703971119133574,1.0,0.0,0.6745590269565582,0.5
150.0,0.6377644538879395,0.6815261044176707,0.6217179374243968,0.6462093862815884,0.6393997205628289,1.0,0.0,0.0,0.0,0.0,0.0,1.0,1.0,1.0,1.0,1.0,-0.061475244109300047,1.0,-0.36885146465580027,0.0,0.0,-0.36885146465580027,1.0,0.0,0.0,0.0,0.0,1.0,0.0,0.0,0.0,0.0,1.0,1.0,1.0,1.0,1.0,1.0211697816848755,577193677425.3845,1.0,0.6807761786216433,0.5771936774253845,0.421357661485672,0.0014486449072137475,0.0,0.6462093862815884,1.0,0.0,0.6393997205628289,0.5
