step,train_step_loss,train_acc,train_loss,val_acc,val_loss,avg_intra_expert_coherence,expert_diversity_e0,expert_diversity_e1,expert_diversity_e2,expert_diversity_e3,expert_diversity_mean,expert_purity_e0,expert_purity_e1,expert_purity_e2,expert_purity_e3,expert_purity_mean,inter_expert_similarity,inter_expert_similarity_e0_e0,inter_expert_similarity_e0_e1,inter_expert_similarity_e0_e2,inter_expert_similarity_e0_e3,inter_expert_similarity_e1_e0,inter_expert_similarity_e1_e1,inter_expert_similarity_e1_e2,inter_expert_similarity_e1_e3,inter_expert_similarity_e2_e0,inter_expert_similarity_e2_e1,inter_expert_similarity_e2_e2,inter_expert_similarity_e2_e3,inter_expert_similarity_e3_e0,inter_expert_similarity_e3_e1,inter_expert_similarity_e3_e2,inter_expert_similarity_e3_e3,intra_expert_coherence_e0,intra_expert_coherence_e1,intra_expert_coherence_e2,intra_expert_coherence_e3,load_cv,load_max_min_ratio,overall_task_conflict_cos,router_entropy,router_load_e0,router_load_e1,router_load_e2,router_load_e3,task_acc__glue_mrpc,task_conflict_t0_t0,task_grad_norm_cv,task_loss__glue_mrpc,utilization_ratio
50.0,0.5284397304058075,0.7290076335877863,0.5255816425642241,0.7303921568627451,0.5111814978031012,1.0,0.0,0.0,0.0,0.0,0.0,1.0,1.0,1.0,1.0,1.0,0.026629476473964867,1.0,0.1597768588437892,0.0,0.0,0.1597768588437892,1.0,0.0,0.0,0.0,0.0,1.0,0.0,0.0,0.0,0.0,1.0,1.0,1.0,1.0,1.0,1.0023335218429565,524166941642.7612,1.0,0.6909494329901302,0.47583311796188354,0.5241669416427612,0.0,0.0,0.7303921568627451,1.0,0.0,0.5111814978031012,0.5
100.0,0.6185822784900665,0.8181570338058888,0.4033971587276977,0.8063725490196079,0.3879987340993606,1.0,0.0,0.0,0.0,0.0,0.0,1.0,1.0,1.0,1.0,1.0,0.026640394944617993,1.0,0.15984236966770796,0.0,0.0,0.15984236966770796,1.0,0.0,0.0,0.0,0.0,1.0,0.0,0.0,0.0,0.0,1.0,1.0,1.0,1.0,1.0,1.0010331869125366,516075313091.2781,1.0,0.6912340813992071,0.4839246869087219,0.5160753130912781,0.0,0.0,0.8063725490196079,1.0,0.0,0.3879987340993606,0.5
150.0,0.43505316972732544,0.8579607415485279,0.35431898322118366,0.8529411764705882,0.3558407680919537,1.0,0.0,0.0,0.0,0.0,0.0,1.0,1.0,1.0,1.0,1.0,0.02828644024408789,1.0,0.16971864146452734,0.0,0.0,0.16971864146452734,1.0,0.0,0.0,0.0,0.0,1.0,0.0,0.0,0.0,0.0,1.0,1.0,1.0,1.0,1.0,1.0013786554336548,518571496009.82666,1.0,0.6915582348318661,0.48142847418785095,0.5185714960098267,0.0,0.0,0.8529411764705882,1.0,0.0,0.3558407680919537,0.5
