step,train_step_loss,train_acc,train_loss,val_acc,val_loss,avg_intra_expert_coherence,expert_diversity_e0,expert_diversity_e1,expert_diversity_e2,expert_diversity_e3,expert_diversity_mean,expert_purity_e0,expert_purity_e1,expert_purity_e2,expert_purity_e3,expert_purity_mean,inter_expert_similarity,inter_expert_similarity_e0_e0,inter_expert_similarity_e0_e1,inter_expert_similarity_e0_e2,inter_expert_similarity_e0_e3,inter_expert_similarity_e1_e0,inter_expert_similarity_e1_e1,inter_expert_similarity_e1_e2,inter_expert_similarity_e1_e3,inter_expert_similarity_e2_e0,inter_expert_similarity_e2_e1,inter_expert_similarity_e2_e2,inter_expert_similarity_e2_e3,inter_expert_similarity_e3_e0,inter_expert_similarity_e3_e1,inter_expert_similarity_e3_e2,inter_expert_similarity_e3_e3,intra_expert_coherence_e0,intra_expert_coherence_e1,intra_expert_coherence_e2,intra_expert_coherence_e3,load_cv,load_max_min_ratio,overall_task_conflict_cos,router_entropy,router_load_e0,router_load_e1,router_load_e2,router_load_e3,task_acc__glue_sst2,task_conflict_t0_t0,task_grad_norm_cv,task_loss__glue_sst2,utilization_ratio
50.0,1.0798320174217224,0.44217434557305973,0.7762166691116652,0.4908256880733945,0.746032650904222,1.0,0.0,0.0,0.0,0.0,0.0,1.0,1.0,1.0,1.0,1.0,-0.03551030416457184,1.0,0.0,0.0,-0.21306182498743106,0.0,1.0,0.0,0.0,0.0,0.0,1.0,0.0,-0.21306182498743106,0.0,0.0,1.0,1.0,1.0,1.0,1.0,1.0011870265714542,517232060432.4341,1.0,0.6925531029701233,0.5172320604324341,0.0,0.0,0.48276787996292114,0.4908256880733945,1.0,0.0,0.746032650904222,0.5
100.0,0.7060144245624542,0.5578256544269403,0.687097519324681,0.5091743119266054,0.7019054402004589,1.0,0.0,0.0,0.0,0.0,0.0,1.0,1.0,1.0,1.0,1.0,-0.02130940462935803,1.0,0.0,-0.1278564277761482,0.0,0.0,1.0,0.0,0.0,-0.1278564277761482,0.0,1.0,0.0,0.0,0.0,0.0,1.0,1.0,1.0,1.0,1.0,1.0786510518429155,642954766750.3357,1.0,0.6516993516082064,0.3570454716682434,0.0,0.6429547667503357,0.0,0.5091743119266054,1.0,0.0,0.7019054402004589,0.5
150.0,0.7013495862483978,0.5578256544269403,0.6908319876341242,0.5091743119266054,0.6929897026582198,1.0,0.0,0.0,0.0,0.0,0.0,1.0,1.0,1.0,1.0,1.0,0.030486820426897893,1.0,0.0,0.0,0.0,0.0,1.0,0.0,0.0,0.0,0.0,1.0,0.18292092256138737,0.0,0.0,0.18292092256138737,1.0,1.0,1.0,1.0,1.0,1.4017562142580917,847297191619.873,1.0,0.4273697569829608,0.0,0.0,0.847297191619873,0.15270332992076874,0.5091743119266054,1.0,0.0,0.6929897026582198,0.5
