step,train_step_loss,train_acc,train_loss,val_acc,val_loss,avg_intra_expert_coherence,expert_diversity_e0,expert_diversity_e1,expert_diversity_e2,expert_diversity_e3,expert_diversity_mean,expert_purity_e0,expert_purity_e1,expert_purity_e2,expert_purity_e3,expert_purity_mean,inter_expert_similarity,inter_expert_similarity_e0_e0,inter_expert_similarity_e0_e1,inter_expert_similarity_e0_e2,inter_expert_similarity_e0_e3,inter_expert_similarity_e1_e0,inter_expert_similarity_e1_e1,inter_expert_similarity_e1_e2,inter_expert_similarity_e1_e3,inter_expert_similarity_e2_e0,inter_expert_similarity_e2_e1,inter_expert_similarity_e2_e2,inter_expert_similarity_e2_e3,inter_expert_similarity_e3_e0,inter_expert_similarity_e3_e1,inter_expert_similarity_e3_e2,inter_expert_similarity_e3_e3,intra_expert_coherence_e0,intra_expert_coherence_e1,intra_expert_coherence_e2,intra_expert_coherence_e3,load_cv,load_max_min_ratio,overall_task_conflict_cos,router_entropy,router_load_e0,router_load_e1,router_load_e2,router_load_e3,task_acc__glue_rte,task_conflict_t0_t0,task_grad_norm_cv,task_loss__glue_rte,utilization_ratio
50.0,0.6586298942565918,0.5016064257028112,0.6942134615702508,0.5270758122743683,0.6906203892495897,1.0,0.0,0.0,0.0,0.0,0.0,1.0,1.0,1.0,1.0,1.0,0.02749265838580932,1.0,0.16495595031485594,0.0,0.0,0.16495595031485594,1.0,0.0,0.0,0.0,0.0,1.0,0.0,0.0,0.0,0.0,1.0,1.0,1.0,1.0,1.0,1.014793993806123,561039686203.0029,1.0,0.6856769310438245,0.5610396862030029,0.4389601945877075,0.0,0.0,0.5270758122743683,1.0,0.0,0.6906203892495897,0.5
100.0,0.735866367816925,0.4983935742971888,0.7136284632178453,0.4729241877256318,0.7278472383817037,1.0,0.0,0.0,0.0,0.0,0.0,1.0,1.0,1.0,1.0,1.0,0.030367697181595325,1.0,0.18220618308957195,0.0,0.0,0.18220618308957195,1.0,0.0,0.0,0.0,0.0,1.0,0.0,0.0,0.0,0.0,1.0,1.0,1.0,1.0,1.0,1.0338171680191555,592721402645.1111,1.0,0.6758527755737305,0.40727874636650085,0.5927214026451111,0.0,0.0,0.4729241877256318,1.0,0.0,0.7278472383817037,0.5
150.0,0.6988867819309235,0.5016064257028112,0.6935311250197582,0.5270758122743683,0.6912980808152093,1.0,0.0,0.0,0.0,0.0,0.0,1.0,1.0,1.0,1.0,1.0,0.028915951566303746,1.0,0.17349570939782247,0.0,0.0,0.17349570939782247,1.0,0.0,0.0,0.0,0.0,1.0,0.0,0.0,0.0,0.0,1.0,1.0,1.0,1.0,1.0,1.0114842064073208,553735852241.5161,1.0,0.6873608754430006,0.4462640881538391,0.5537358522415161,0.0,0.0,0.5270758122743683,1.0,0.0,0.6912980808152093,0.5
