step,train_step_loss,train_acc,train_loss,val_acc,val_loss,avg_intra_expert_coherence,expert_diversity_e0,expert_diversity_e1,expert_diversity_e2,expert_diversity_e3,expert_diversity_mean,expert_purity_e0,expert_purity_e1,expert_purity_e2,expert_purity_e3,expert_purity_mean,inter_expert_similarity,inter_expert_similarity_e0_e0,inter_expert_similarity_e0_e1,inter_expert_similarity_e0_e2,inter_expert_similarity_e0_e3,inter_expert_similarity_e1_e0,inter_expert_similarity_e1_e1,inter_expert_similarity_e1_e2,inter_expert_similarity_e1_e3,inter_expert_similarity_e2_e0,inter_expert_similarity_e2_e1,inter_expert_similarity_e2_e2,inter_expert_similarity_e2_e3,inter_expert_similarity_e3_e0,inter_expert_similarity_e3_e1,inter_expert_similarity_e3_e2,inter_expert_similarity_e3_e3,intra_expert_coherence_e0,intra_expert_coherence_e1,intra_expert_coherence_e2,intra_expert_coherence_e3,load_cv,load_max_min_ratio,overall_task_conflict_cos,router_entropy,router_load_e0,router_load_e1,router_load_e2,router_load_e3,task_acc__glue_mrpc,task_conflict_t0_t0,task_grad_norm_cv,task_loss__glue_mrpc,utilization_ratio
50.0,0.47237223386764526,0.7609051254089422,0.49264314790134844,0.7647058823529411,0.48846966973864114,1.0,0.0,0.0,0.0,0.0,0.0,1.0,1.0,1.0,1.0,1.0,-0.026512054203680024,1.0,0.0,-0.15907232522208015,0.0,0.0,1.0,0.0,0.0,-0.15907232522208015,0.0,1.0,0.0,0.0,0.0,0.0,1.0,1.0,1.0,1.0,1.0,1.0000005960464478,500383794307.70874,1.0,0.6923305380578134,0.49961620569229126,0.0,0.5003837943077087,0.0,0.7647058823529411,1.0,0.0,0.48846966973864114,0.5
100.0,0.48521919548511505,0.8377862595419847,0.40317459922769794,0.8259803921568627,0.4175649955868721,1.0,0.0,0.0,0.0,0.0,0.0,1.0,1.0,1.0,1.0,1.0,-0.011417974212733778,1.0,0.0,-0.06850784527640266,0.0,0.0,1.0,0.0,0.0,-0.06850784527640266,0.0,1.0,0.0,0.0,0.0,0.0,1.0,1.0,1.0,1.0,1.0,1.0000323057174683,502840816974.6399,1.0,0.6911406435218512,0.5028408169746399,0.0,0.4971591830253601,0.0,0.8259803921568627,1.0,0.0,0.4175649955868721,0.5
150.0,0.8377242088317871,0.8459651035986914,0.46418966359823294,0.8553921568627451,0.4723621627065138,1.0,0.0,0.0,0.0,0.0,0.0,1.0,1.0,1.0,1.0,1.0,-0.028480697625460835,1.0,0.0,-0.170884185752765,0.0,0.0,1.0,0.0,0.0,-0.170884185752765,0.0,1.0,0.0,0.0,0.0,0.0,1.0,1.0,1.0,1.0,1.0,1.0049537420272827,535234987735.7483,1.0,0.6851073176253075,0.5352349877357483,0.0,0.4647650122642517,0.0,0.8553921568627451,1.0,0.0,0.4723621627065138,0.5
