step,train_step_loss,train_acc,train_loss,val_acc,val_loss,avg_intra_expert_coherence,expert_diversity_e0,expert_diversity_e1,expert_diversity_e2,expert_diversity_e3,expert_diversity_mean,expert_purity_e0,expert_purity_e1,expert_purity_e2,expert_purity_e3,expert_purity_mean,inter_expert_similarity,inter_expert_similarity_e0_e0,inter_expert_similarity_e0_e1,inter_expert_similarity_e0_e2,inter_expert_similarity_e0_e3,inter_expert_similarity_e1_e0,inter_expert_similarity_e1_e1,inter_expert_similarity_e1_e2,inter_expert_similarity_e1_e3,inter_expert_similarity_e2_e0,inter_expert_similarity_e2_e1,inter_expert_similarity_e2_e2,inter_expert_similarity_e2_e3,inter_expert_similarity_e3_e0,inter_expert_similarity_e3_e1,inter_expert_similarity_e3_e2,inter_expert_similarity_e3_e3,intra_expert_coherence_e0,intra_expert_coherence_e1,intra_expert_coherence_e2,intra_expert_coherence_e3,load_cv,load_max_min_ratio,overall_task_conflict_cos,router_entropy,router_load_e0,router_load_e1,router_load_e2,router_load_e3,task_acc__glue_cola,task_acc__glue_mrpc,task_acc__glue_rte,task_conflict_t0_t0,task_conflict_t0_t1,task_conflict_t0_t2,task_conflict_t1_t0,task_conflict_t1_t1,task_conflict_t1_t2,task_conflict_t2_t0,task_conflict_t2_t1,task_conflict_t2_t2,task_grad_norm_cv,task_loss__glue_cola,task_loss__glue_mrpc,task_loss__glue_rte,utilization_ratio
1.0,6.4657308260599775,0.3882799895487002,3.7810627427865753,0.40441720829376343,3.7292718053148532,0.9606405590352485,0.8163798195886468,0.13398992743788188,0.7246368964351331,0.20639105894771473,0.4703494256023441,0.6128168702125549,0.971606433391571,0.7128646969795227,0.951512336730957,0.8122000843286514,0.006512107436281056,1.0,-0.20954359309175347,0.1654892542695617,-0.21290897969999012,-0.20954359309175347,1.0,-0.05145967966810378,0.19473126612152875,0.1654892542695617,-0.05145967966810378,1.0,0.15276437668644327,-0.21290897969999012,0.19473126612152875,0.15276437668644327,1.0,0.9843616491173607,0.9262681244259584,0.9714325440458801,0.9604999185517945,1.5648356521521445,48.76510967758109,0.8570670497206488,0.17782580187647706,0.927571177482605,0.025754602625966072,0.02765326388180256,0.019021205604076385,0.3087248322147651,0.37745098039215685,0.5270758122743683,1.0,0.8072501062678908,0.9406682248020689,0.8072501062678908,1.0,0.823282818091987,0.9406682248020689,0.823282818091987,1.0,0.5569472360367588,5.580675952762138,2.395248301765498,3.2118911614169234,0.25
