step,train_step_loss,train_acc,train_loss,val_acc,val_loss,alignment_reward,l_conflict,l_conflict_e0,l_conflict_e1,l_conflict_e2,l_conflict_e3,router_conflict_grad_l2,router_entropy,router_load_e0,router_load_e1,router_load_e2,router_load_e3
30.0,0.6226210842529933,0.5854558787051362,0.6817721755115476,0.586200305641765,0.687452303854342,0.10842759907245636,-0.10842759907245636,-0.036268677562475204,-0.0,-0.0,-0.07215892523527145,0.0,0.629189004500707,0.31370583176612854,0.011093411594629288,0.0,0.675200879573822
50.0,0.6463686525821687,0.625745881252294,0.6550955449033499,0.6160076283075439,0.6616007302350103,0.30455222725868225,-0.30455222725868225,-0.11075852066278458,-0.0,-0.0,-0.19379369914531708,0.0,0.6802134106832521,0.4202549457550049,0.0,0.0,0.5797451734542847
