step,train_step_loss,train_acc,train_loss,val_acc,val_loss,alignment_reward,l_conflict,l_conflict_e0,l_conflict_e1,l_conflict_e2,l_conflict_e3,router_conflict_grad_l2,router_entropy,router_load_e0,router_load_e1,router_load_e2,router_load_e3
30.0,0.8352748652299246,0.37487782747573,0.8828997227219982,0.3839923716924562,0.8745858085825365,2.117809295654297,-2.117809295654297,-0.8429495692253113,-0.0,-0.0,-1.2748597860336304,0.0,0.6601400727199184,0.3757544159889221,0.0,0.0,0.6242454051971436
50.0,0.6530589361985525,0.625745881252294,0.701159505935136,0.6160076283075439,0.7138746002790314,0.11269509792327881,-0.11269509792327881,-0.04402335733175278,-0.0,-0.0,-0.06867174059152603,0.0,0.6543563148351731,0.36205440759658813,0.0,0.0,0.6379457116127014
