step,train_step_loss,train_acc,train_loss,val_acc,val_loss,avg_intra_expert_coherence,expert_diversity_e0,expert_diversity_e1,expert_diversity_e2,expert_diversity_e3,expert_diversity_mean,expert_purity_e0,expert_purity_e1,expert_purity_e2,expert_purity_e3,expert_purity_mean,inter_expert_similarity,inter_expert_similarity_e0_e0,inter_expert_similarity_e0_e1,inter_expert_similarity_e0_e2,inter_expert_similarity_e0_e3,inter_expert_similarity_e1_e0,inter_expert_similarity_e1_e1,inter_expert_similarity_e1_e2,inter_expert_similarity_e1_e3,inter_expert_similarity_e2_e0,inter_expert_similarity_e2_e1,inter_expert_similarity_e2_e2,inter_expert_similarity_e2_e3,inter_expert_similarity_e3_e0,inter_expert_similarity_e3_e1,inter_expert_similarity_e3_e2,inter_expert_similarity_e3_e3,intra_expert_coherence_e0,intra_expert_coherence_e1,intra_expert_coherence_e2,intra_expert_coherence_e3,load_cv,load_max_min_ratio,overall_task_conflict_cos,router_entropy,router_load_e0,router_load_e1,router_load_e2,router_load_e3,task_acc__glue_mrpc,task_conflict_t0_t0,task_grad_norm_cv,task_loss__glue_mrpc,utilization_ratio
50.0,0.5909983515739441,0.6744820065430752,0.640483277388241,0.6838235294117647,0.6373972594738007,1.0,0.0,0.0,0.0,0.0,0.0,1.0,1.0,1.0,1.0,1.0,0.004591718156435561,1.0,0.0,0.0,0.0,0.0,1.0,0.0,0.0,0.0,0.0,1.0,0.02755030893861337,0.0,0.0,0.02755030893861337,1.0,1.0,1.0,1.0,1.0,1.7320507764816284,1000000000000.0,1.0,2.8280899755372957e-07,0.0,0.0,1.0,1.5737196434884027e-08,0.6838235294117647,1.0,0.0,0.6373972594738007,0.25
100.0,0.7264670729637146,0.6744820065430752,0.6430949211120606,0.6838235294117647,0.6391679552885202,1.0,0.0,0.0,0.0,0.0,0.0,1.0,1.0,1.0,1.0,1.0,0.0028684979236909026,1.0,0.0,0.0,0.0,0.0,1.0,0.0,0.0,0.0,0.0,1.0,0.017210987542145416,0.0,0.0,0.017210987542145416,1.0,1.0,1.0,1.0,1.0,1.7320506572723389,999999940395.3552,1.0,1.4487285531739712e-06,0.0,0.0,0.9999999403953552,8.144566265855246e-08,0.6838235294117647,1.0,0.0,0.6391679552885202,0.25
150.0,0.6264824569225311,0.6744820065430752,0.6340273101692614,0.6838235294117647,0.6268316129079232,1.0,0.0,0.0,0.0,0.0,0.0,1.0,1.0,1.0,1.0,1.0,0.00251429647302022,1.0,0.0,0.0,0.0,0.0,1.0,0.0,0.0,0.0,0.0,1.0,0.01508577883812132,0.0,0.0,0.01508577883812132,1.0,1.0,1.0,1.0,1.0,1.732046438183948,999998807907.1045,1.0,2.7132056429228908e-05,0.0,0.0,0.9999988079071045,1.915999746415764e-06,0.6838235294117647,1.0,0.0,0.6268316129079232,0.25
