step,train_step_loss,train_acc,train_loss,val_acc,val_loss,alignment_reward,l_conflict,l_conflict_e0,l_conflict_e1,l_conflict_e2,l_conflict_e3,router_conflict_grad_l2,router_entropy,router_load_e0,router_load_e1,router_load_e2,router_load_e3
30.0,1.0913837502400083,0.3378092447916667,1.1032293414076169,0.3505859375,1.100142002105713,0.005793401971459389,-0.005793401971459389,-0.0013213176280260086,-0.0015607594978064299,-0.0016985404072329402,-0.0012127847876399755,0.0,1.3739192560315132,0.22508907318115234,0.27953824400901794,0.28726840019226074,0.20810432732105255
60.0,1.1091770281394329,0.3431803385416667,1.100503958761692,0.341796875,1.0986173773805301,0.002442290773615241,-0.002442290773615241,-0.0005434742197394371,-0.000679507851600647,-0.0007352954125963151,-0.00048401326057501137,0.0,1.3723951031764348,0.22060632705688477,0.28579050302505493,0.28703591227531433,0.20656728744506836
90.0,1.1013473471005764,0.3388671875,1.0999403366198142,0.3590494791666667,1.097756527364254,0.0022909867111593485,-0.0022909867111593485,-0.0005136813852004707,-0.0006313606863841414,-0.0006583728245459497,-0.00048757190234027803,0.0,1.3715457146366437,0.21984994411468506,0.2909155786037445,0.2845136821269989,0.20472072064876556
100.0,1.1072317212820058,0.3489583333333333,1.0991232606271903,0.3430989583333333,1.098494643966357,0.005856167059391737,-0.005856167059391737,-0.0012708092108368874,-0.0016636799555271864,-0.0017497120425105095,-0.0011719658505171537,0.0,1.3719267894824345,0.21943330764770508,0.2898910939693451,0.2845208942890167,0.2061547487974167
