step,train_step_loss,train_acc,train_loss,val_acc,val_loss,alignment_reward,l_conflict,l_conflict_e0,l_conflict_e1,l_conflict_e2,l_conflict_e3,router_conflict_grad_l2,router_entropy,router_load_e0,router_load_e1,router_load_e2,router_load_e3
30.0,1.096481213967006,0.3379720052083333,1.101020686328411,0.3408203125,1.100734606385231,0.002506648888811469,-0.002506648888811469,-0.0006118491874076426,-0.0005624294281005859,-0.0006821142742410302,-0.0006502559990622103,0.0,1.3790888885656993,0.24386465549468994,0.2211582511663437,0.27605748176574707,0.2589196264743805
60.0,1.1052995671828596,0.3494466145833333,1.0989530198276043,0.3362630208333333,1.099345785876115,0.005874414928257465,-0.005874414928257465,-0.0014769774861633778,-0.0012941805180162191,-0.0015849026385694742,-0.0015183546347543597,0.0,1.3789877419670422,0.2467174530029297,0.21989716589450836,0.2768634855747223,0.25652191042900085
90.0,1.0883765319983172,0.349365234375,1.0992271279295285,0.3430989583333333,1.099343401690324,0.003576194168999791,-0.003576194168999791,-0.0009583357605151832,-0.0007588024018332362,-0.0009887202177196741,-0.0008703358471393585,0.0,1.3794830664992332,0.2508612275123596,0.22117219865322113,0.27422037720680237,0.2537462115287781
100.0,1.103249847888947,0.3536783854166667,1.0974327096094687,0.3362630208333333,1.0996123552322388,0.009776705875992775,-0.009776705875992775,-0.0024510426446795464,-0.0021993466652929783,-0.0026475859340280294,-0.002478731097653508,0.0,1.3799928799271584,0.25112855434417725,0.22472012042999268,0.2733564078807831,0.250794917345047
