step,train_step_loss,train_acc,train_loss,val_acc,val_loss,avg_intra_expert_coherence,expert_diversity_e0,expert_diversity_e1,expert_diversity_e2,expert_diversity_e3,expert_diversity_mean,expert_purity_e0,expert_purity_e1,expert_purity_e2,expert_purity_e3,expert_purity_mean,inter_expert_similarity,inter_expert_similarity_e0_e0,inter_expert_similarity_e0_e1,inter_expert_similarity_e0_e2,inter_expert_similarity_e0_e3,inter_expert_similarity_e1_e0,inter_expert_similarity_e1_e1,inter_expert_similarity_e1_e2,inter_expert_similarity_e1_e3,inter_expert_similarity_e2_e0,inter_expert_similarity_e2_e1,inter_expert_similarity_e2_e2,inter_expert_similarity_e2_e3,inter_expert_similarity_e3_e0,inter_expert_similarity_e3_e1,inter_expert_similarity_e3_e2,inter_expert_similarity_e3_e3,intra_expert_coherence_e0,intra_expert_coherence_e1,intra_expert_coherence_e2,intra_expert_coherence_e3,load_cv,load_max_min_ratio,overall_task_conflict_cos,router_entropy,router_load_e0,router_load_e1,router_load_e2,router_load_e3,task_acc__glue_rte,task_conflict_t0_t0,task_grad_norm_cv,task_loss__glue_rte,utilization_ratio
50.0,0.6160341799259186,0.5016064257028112,0.695549306846582,0.5270758122743683,0.6913517382409837,1.0,0.0,0.0,0.0,0.0,0.0,1.0,1.0,1.0,1.0,1.0,0.0018326245299701341,1.0,0.0,0.010995747179820804,0.0,0.0,1.0,0.0,0.0,0.010995747179820804,0.0,1.0,0.0,0.0,0.0,0.0,1.0,1.0,1.0,1.0,1.0,1.0101443529129028,550487160682.6782,1.0,0.6875336075517675,0.5504871606826782,0.0,0.4495128393173218,0.0,0.5270758122743683,1.0,0.0,0.6913517382409837,0.5
100.0,0.6562889218330383,0.6357429718875502,0.6454829242749093,0.592057761732852,0.6718918416235182,1.0,0.0,0.0,0.0,0.0,0.0,1.0,1.0,1.0,1.0,1.0,0.03587987186786782,1.0,0.0,0.2152792312072069,0.0,0.0,1.0,0.0,0.0,0.2152792312072069,0.0,1.0,0.0,0.0,0.0,0.0,1.0,1.0,1.0,1.0,1.0,1.0113232135772705,553355574607.8491,1.0,0.6860994233981798,0.5533555746078491,0.0,0.44664445519447327,0.0,0.592057761732852,1.0,0.0,0.6718918416235182,0.5
150.0,0.6444437503814697,0.6767068273092369,0.6190076197569186,0.6353790613718412,0.6385570218165716,1.0,0.0,0.0,0.0,0.0,0.0,1.0,1.0,1.0,1.0,1.0,0.0745690648213019,1.0,0.0,0.44741438892781143,0.0,0.0,1.0,0.0,0.0,0.44741438892781143,0.0,1.0,0.0,0.0,0.0,0.0,1.0,1.0,1.0,1.0,1.0,1.008367896080017,545833766460.4187,1.0,0.6879240597198156,0.5458337664604187,0.0,0.4541662335395813,0.0,0.6353790613718412,1.0,0.0,0.6385570218165716,0.5
