step,train_step_loss,train_acc,train_loss,val_acc,val_loss,router_entropy,router_load_e0,router_load_e1,router_load_e2,router_load_e3
30.0,0.6190248926480612,0.6570677084143443,0.59161432135607,0.6450071197039375,0.6007637293258473,0.6678820102027169,0.00013742625014856458,0.4879942536354065,0.0,0.5118683576583862
50.0,0.6725480953852335,0.6609977230804148,0.6404458365082316,0.6496788973142621,0.6587755940770804,0.6560960271982131,0.0005791755975224078,0.44153594970703125,0.0530434176325798,0.5048415660858154
