step,train_step_loss,train_acc,train_loss,val_acc,val_loss,avg_intra_expert_coherence,expert_diversity_e0,expert_diversity_e1,expert_diversity_e2,expert_diversity_e3,expert_diversity_mean,expert_purity_e0,expert_purity_e1,expert_purity_e2,expert_purity_e3,expert_purity_mean,inter_expert_similarity,inter_expert_similarity_e0_e0,inter_expert_similarity_e0_e1,inter_expert_similarity_e0_e2,inter_expert_similarity_e0_e3,inter_expert_similarity_e1_e0,inter_expert_similarity_e1_e1,inter_expert_similarity_e1_e2,inter_expert_similarity_e1_e3,inter_expert_similarity_e2_e0,inter_expert_similarity_e2_e1,inter_expert_similarity_e2_e2,inter_expert_similarity_e2_e3,inter_expert_similarity_e3_e0,inter_expert_similarity_e3_e1,inter_expert_similarity_e3_e2,inter_expert_similarity_e3_e3,intra_expert_coherence_e0,intra_expert_coherence_e1,intra_expert_coherence_e2,intra_expert_coherence_e3,load_cv,load_max_min_ratio,overall_task_conflict_cos,router_entropy,router_load_e0,router_load_e1,router_load_e2,router_load_e3,task_acc__glue_sst2,task_conflict_t0_t0,task_grad_norm_cv,task_loss__glue_sst2,utilization_ratio
50.0,0.44850049912929535,0.8647641390369567,0.36044383324979146,0.8314220183486238,0.43924477842043747,1.0,0.0,0.0,0.0,0.0,0.0,1.0,1.0,1.0,1.0,1.0,0.010770978579667781,1.0,0.0,0.06462587147800669,0.0,0.0,1.0,0.0,0.0,0.06462587147800669,0.0,1.0,0.0,0.0,0.0,0.0,1.0,1.0,1.0,1.0,1.0,0.9903749221786811,341.2895601365608,1.0,0.6842064053640453,0.4892736077308655,0.0014819507487118244,0.5057743191719055,0.0034700792748481035,0.8314220183486238,1.0,0.0,0.43924477842043747,0.5
100.0,0.6795604526996613,0.854771414571857,0.36294585819734426,0.8165137614678899,0.44989669434726237,1.0,0.0,0.0,0.0,0.0,0.0,1.0,1.0,1.0,1.0,1.0,0.02581857785883256,1.0,0.0,0.15491146715299536,0.0,0.0,1.0,0.0,0.0,0.15491146715299536,0.0,1.0,0.0,0.0,0.0,0.0,1.0,1.0,1.0,1.0,1.0,1.0022667643705887,527885019779.2053,1.0,0.6814387314910189,0.5278850197792053,0.00044569410965777934,0.47166937589645386,0.0,0.8165137614678899,1.0,0.0,0.44989669434726237,0.5
150.0,0.5310566127300262,0.8804733552094315,0.30800168055359656,0.8772935779816514,0.3050594346767122,1.0,0.0,0.0,0.0,0.0,0.0,1.0,1.0,1.0,1.0,1.0,0.046535313285134744,1.0,0.0,0.27921187971080846,0.0,0.0,1.0,0.0,0.0,0.27921187971080846,0.0,1.0,0.0,0.0,0.0,0.0,1.0,1.0,1.0,1.0,1.0,0.9616235494613647,554323792457.5806,1.0,0.6742227247001928,0.41595908999443054,0.0,0.5543237924575806,0.029717057943344116,0.8772935779816514,1.0,0.0,0.3050594346767122,0.5
