step,train_step_loss,train_acc,train_loss,val_acc,val_loss,alignment_reward,l_conflict,l_conflict_e0,l_conflict_e1,l_conflict_e2,l_conflict_e3,router_conflict_grad_l2,router_entropy,router_load_e0,router_load_e1,router_load_e2,router_load_e3
30.0,0.5983636577924094,0.658282121623274,0.6042437309558008,0.6390409841482042,0.6193738132535095,0.1910296380519867,-0.1910296380519867,-0.0,-0.04796527698636055,-0.0,-0.14306436479091644,0.0,0.6129240345347811,0.00016747467452660203,0.31649380922317505,0.0004663486615754664,0.6828722953796387
50.0,0.6619195640087128,0.6426249987044438,0.6696144726485748,0.6342243109537566,0.688083026303425,0.4387795925140381,-0.4387795925140381,-0.010705161839723587,-0.06100302189588547,-0.03252226859331131,-0.3345491290092468,0.0,0.4941163127207094,0.0035494090989232063,0.14009015262126923,0.05626962333917618,0.8000907897949219
