step,train_step_loss,train_acc,train_loss,val_acc,val_loss,alignment_reward,l_conflict,l_conflict_e0,l_conflict_e1,l_conflict_e2,l_conflict_e3,router_conflict_grad_l2,router_entropy,router_load_e0,router_load_e1,router_load_e2,router_load_e3
30.0,0.6931697229544322,0.6152810511714204,0.6696415877599636,0.6070921851162386,0.6661721142245148,0.6032547950744629,-0.6032547950744629,-0.2143481969833374,-0.2244916409254074,-0.03846973553299904,-0.12594518065452576,0.0,0.6833839664856592,0.31016242504119873,0.5294135212898254,0.1412338763475418,0.019190344959497452
50.0,0.6113576789697012,0.6326369077212463,0.6414504911560464,0.6202569184580284,0.651166578938919,0.11868151277303696,-0.11868151277303696,-0.025852534919977188,-0.035959772765636444,-0.05170725658535957,-0.005161949899047613,0.0,0.6743561902807819,0.5291888117790222,0.1126304641366005,0.34170687198638916,0.01647360809147358
