step,train_step_loss,train_acc,train_loss,val_acc,val_loss,avg_intra_expert_coherence,expert_diversity_e0,expert_diversity_e1,expert_diversity_e2,expert_diversity_e3,expert_diversity_mean,expert_purity_e0,expert_purity_e1,expert_purity_e2,expert_purity_e3,expert_purity_mean,inter_expert_similarity,inter_expert_similarity_e0_e0,inter_expert_similarity_e0_e1,inter_expert_similarity_e0_e2,inter_expert_similarity_e0_e3,inter_expert_similarity_e1_e0,inter_expert_similarity_e1_e1,inter_expert_similarity_e1_e2,inter_expert_similarity_e1_e3,inter_expert_similarity_e2_e0,inter_expert_similarity_e2_e1,inter_expert_similarity_e2_e2,inter_expert_similarity_e2_e3,inter_expert_similarity_e3_e0,inter_expert_similarity_e3_e1,inter_expert_similarity_e3_e2,inter_expert_similarity_e3_e3,intra_expert_coherence_e0,intra_expert_coherence_e1,intra_expert_coherence_e2,intra_expert_coherence_e3,load_cv,load_max_min_ratio,overall_task_conflict_cos,router_entropy,router_load_e0,router_load_e1,router_load_e2,router_load_e3,task_acc__glue_mrpc,task_conflict_t0_t0,task_grad_norm_cv,task_loss__glue_mrpc,utilization_ratio
50.0,0.4330725073814392,0.7584514721919302,0.46775735146973446,0.7720588235294118,0.45521457894490314,1.0,0.0,0.0,0.0,0.0,0.0,1.0,1.0,1.0,1.0,1.0,0.0014792220021790342,1.0,0.0,0.0,0.008875332013074205,0.0,1.0,0.0,0.0,0.0,0.0,1.0,0.0,0.008875332013074205,0.0,0.0,1.0,1.0,1.0,1.0,1.0,1.2808263301849365,784212231636.0474,1.0,0.441489811037101,0.7842122316360474,0.003352043917402625,0.0,0.21243572235107422,0.7720588235294118,1.0,0.0,0.45521457894490314,0.5
100.0,0.5234322845935822,0.8375136314067612,0.3819693862905969,0.8333333333333334,0.3758990719484595,1.0,0.0,0.0,0.0,0.0,0.0,1.0,1.0,1.0,1.0,1.0,0.006846109686450139,1.0,0.0,0.0,0.041076658118700836,0.0,1.0,0.0,0.0,0.0,0.0,1.0,0.0,0.041076658118700836,0.0,0.0,1.0,1.0,1.0,1.0,1.0,1.3639198541641235,828173995018.0054,1.0,0.326806941745328,0.8281739950180054,0.0009569339454174042,0.0,0.17086908221244812,0.8333333333333334,1.0,0.0,0.3758990719484595,0.5
150.0,0.5605279058218002,0.8527808069792803,0.3621867582849834,0.8382352941176471,0.3781307384085197,1.0,0.0,0.0,0.0,0.0,0.0,1.0,1.0,1.0,1.0,1.0,0.007400125010371641,1.0,0.0,0.0,0.04440075006222984,0.0,1.0,0.0,0.0,0.0,0.0,1.0,0.0,0.04440075006222984,0.0,0.0,1.0,1.0,1.0,1.0,1.0,1.3544135093688965,822962045669.5557,1.0,0.3852444261896844,0.8229620456695557,0.0,0.0,0.17703798413276672,0.8382352941176471,1.0,0.0,0.3781307384085197,0.5
