step,train_step_loss,train_acc,train_loss,val_acc,val_loss,avg_intra_expert_coherence,expert_diversity_e0,expert_diversity_e1,expert_diversity_e2,expert_diversity_e3,expert_diversity_mean,expert_purity_e0,expert_purity_e1,expert_purity_e2,expert_purity_e3,expert_purity_mean,inter_expert_similarity,inter_expert_similarity_e0_e0,inter_expert_similarity_e0_e1,inter_expert_similarity_e0_e2,inter_expert_similarity_e0_e3,inter_expert_similarity_e1_e0,inter_expert_similarity_e1_e1,inter_expert_similarity_e1_e2,inter_expert_similarity_e1_e3,inter_expert_similarity_e2_e0,inter_expert_similarity_e2_e1,inter_expert_similarity_e2_e2,inter_expert_similarity_e2_e3,inter_expert_similarity_e3_e0,inter_expert_similarity_e3_e1,inter_expert_similarity_e3_e2,inter_expert_similarity_e3_e3,intra_expert_coherence_e0,intra_expert_coherence_e1,intra_expert_coherence_e2,intra_expert_coherence_e3,load_cv,load_max_min_ratio,overall_task_conflict_cos,router_entropy,router_load_e0,router_load_e1,router_load_e2,router_load_e3,task_acc__amazon_polarity,task_acc__glue_sst2,task_acc__yelp_polarity,task_conflict_t0_t0,task_conflict_t0_t1,task_conflict_t0_t2,task_conflict_t1_t0,task_conflict_t1_t1,task_conflict_t1_t2,task_conflict_t2_t0,task_conflict_t2_t1,task_conflict_t2_t2,task_grad_norm_cv,task_loss__amazon_polarity,task_loss__glue_sst2,task_loss__yelp_polarity,utilization_ratio
1.0,0.7086370587348938,0.5625,0.690607812255621,0.5104166666666666,0.6970397979021072,0.020647409061950034,0.9973821126001917,0.9474955478769786,0.9999495433291506,0.9977386730741936,0.9856414692201286,0.36044690012931824,0.47630077600479126,0.33656057715415955,0.3547331988811493,0.3820103630423546,0.0643657493658248,1.0,0.05724412836127552,0.0559277310716242,0.07780928141991249,0.05724412836127552,1.0,0.0419375928075413,0.06219430337333818,0.0559277310716242,0.0419375928075413,1.0,0.09108145916125716,0.07780928141991249,0.06219430337333818,0.09108145916125716,1.0,0.012508902423814453,0.018981711939862162,-0.03602559163751725,0.08712461352164076,0.4013008177280426,3.376658521385937,0.07774031692421086,1.2884138872226079,0.11603113263845444,0.21310274302959442,0.27906861901283264,0.3917975127696991,0.53125,0.5625,0.4375,1.0,-0.21503941496340687,-0.21864104064185075,-0.21503941496340687,1.0,0.6669014063778902,-0.21864104064185075,0.6669014063778902,1.0,0.03582933802762365,0.6916832625865936,0.686977818608284,0.7124583125114441,0.75
