step,train_step_loss,train_acc,train_loss,val_acc,val_loss,avg_intra_expert_coherence,expert_diversity_e0,expert_diversity_e1,expert_diversity_e2,expert_diversity_e3,expert_diversity_mean,expert_purity_e0,expert_purity_e1,expert_purity_e2,expert_purity_e3,expert_purity_mean,inter_expert_similarity,inter_expert_similarity_e0_e0,inter_expert_similarity_e0_e1,inter_expert_similarity_e0_e2,inter_expert_similarity_e0_e3,inter_expert_similarity_e1_e0,inter_expert_similarity_e1_e1,inter_expert_similarity_e1_e2,inter_expert_similarity_e1_e3,inter_expert_similarity_e2_e0,inter_expert_similarity_e2_e1,inter_expert_similarity_e2_e2,inter_expert_similarity_e2_e3,inter_expert_similarity_e3_e0,inter_expert_similarity_e3_e1,inter_expert_similarity_e3_e2,inter_expert_similarity_e3_e3,intra_expert_coherence_e0,intra_expert_coherence_e1,intra_expert_coherence_e2,intra_expert_coherence_e3,load_cv,load_max_min_ratio,overall_task_conflict_cos,router_entropy,router_load_e0,router_load_e1,router_load_e2,router_load_e3,task_acc__glue_mrpc,task_conflict_t0_t0,task_grad_norm_cv,task_loss__glue_mrpc,utilization_ratio
50.0,0.5644444823265076,0.6744820065430752,0.6331556083067603,0.6838235294117647,0.62907958145325,1.0,0.0,0.0,0.0,0.0,0.0,1.0,1.0,1.0,1.0,1.0,0.030057823655510546,1.0,0.0,0.0,0.0,0.0,1.0,0.0,0.0,0.0,0.0,1.0,0.18034694193306328,0.0,0.0,0.18034694193306328,1.0,1.0,1.0,1.0,1.0,1.3052624363645684,796586573123.9319,1.0,0.5050979256629944,0.0,0.0,0.7965865731239319,0.20341309905052185,0.6838235294117647,1.0,0.0,0.62907958145325,0.5
100.0,0.6616064310073853,0.6744820065430752,0.6822716114313706,0.6838235294117647,0.6816386534617498,1.0,0.0,0.0,0.0,0.0,0.0,1.0,1.0,1.0,1.0,1.0,0.015012823685457241,1.0,0.0,0.09007694211274345,0.0,0.0,1.0,0.0,0.0,0.09007694211274345,0.0,1.0,0.0,0.0,0.0,0.0,1.0,1.0,1.0,1.0,1.0,1.5413659089542247,914699614048.0042,1.0,0.29152658581733704,0.08529996126890182,0.0,0.9146996140480042,0.0,0.6838235294117647,1.0,0.0,0.6816386534617498,0.25
150.0,0.6219060122966766,0.6744820065430752,0.6308267919265705,0.6838235294117647,0.6248503527962245,1.0,0.0,0.0,0.0,0.0,0.0,1.0,1.0,1.0,1.0,1.0,0.01868415415033672,1.0,0.0,0.0,0.0,0.0,1.0,0.0,0.0,0.0,0.0,1.0,0.11210492490202031,0.0,0.0,0.11210492490202031,1.0,1.0,1.0,1.0,1.0,1.3291018808958672,809538424015.0452,1.0,0.4868917301589367,0.0,0.0,0.8095384240150452,0.19046172499656677,0.6838235294117647,1.0,0.0,0.6248503527962245,0.5
