step,train_step_loss,train_acc,train_loss,val_acc,val_loss,avg_intra_expert_coherence,expert_diversity_e0,expert_diversity_e1,expert_diversity_e2,expert_diversity_e3,expert_diversity_mean,expert_purity_e0,expert_purity_e1,expert_purity_e2,expert_purity_e3,expert_purity_mean,inter_expert_similarity,inter_expert_similarity_e0_e0,inter_expert_similarity_e0_e1,inter_expert_similarity_e0_e2,inter_expert_similarity_e0_e3,inter_expert_similarity_e1_e0,inter_expert_similarity_e1_e1,inter_expert_similarity_e1_e2,inter_expert_similarity_e1_e3,inter_expert_similarity_e2_e0,inter_expert_similarity_e2_e1,inter_expert_similarity_e2_e2,inter_expert_similarity_e2_e3,inter_expert_similarity_e3_e0,inter_expert_similarity_e3_e1,inter_expert_similarity_e3_e2,inter_expert_similarity_e3_e3,intra_expert_coherence_e0,intra_expert_coherence_e1,intra_expert_coherence_e2,intra_expert_coherence_e3,load_cv,load_max_min_ratio,overall_task_conflict_cos,router_entropy,router_load_e0,router_load_e1,router_load_e2,router_load_e3,task_acc__glue_cola,task_acc__glue_mrpc,task_acc__glue_rte,task_conflict_t0_t0,task_conflict_t0_t1,task_conflict_t0_t2,task_conflict_t1_t0,task_conflict_t1_t1,task_conflict_t1_t2,task_conflict_t2_t0,task_conflict_t2_t1,task_conflict_t2_t2,task_grad_norm_cv,task_loss__glue_cola,task_loss__glue_mrpc,task_loss__glue_rte,utilization_ratio
1.0,4.662294268608093,0.39175044711688195,2.5291217921281537,0.40974978657176536,2.481995794923733,0.9313545093307992,0.6383440532961335,0.7468829713401769,0.40871997611066524,0.031117456293672147,0.45626611426016195,0.7685086131095886,0.6505573987960815,0.8793805241584778,0.9951263070106506,0.8233932107686996,0.03730648789602941,1.0,-0.0960627253540297,-0.20338939250662927,0.11117134659569783,-0.0960627253540297,1.0,0.055069226213940156,0.2150201292033211,-0.20338939250662927,0.055069226213940156,1.0,0.1420303432238763,0.11117134659569783,0.2150201292033211,0.1420303432238763,1.0,0.9784647689557682,0.989336135980432,0.981185852990276,0.7764312793967206,1.5830888748168945,55.43717348686883,0.8535613777214798,0.14389169245152045,0.016874372959136963,0.935467541217804,0.020463598892092705,0.027194486930966377,0.3087248322147651,0.39705882352941174,0.5234657039711191,1.0,0.7924237500791307,0.9465361418523759,0.7924237500791307,1.0,0.8217242412329326,0.9465361418523759,0.8217242412329326,1.0,0.6542632171026084,3.81279261307862,1.4794279827791101,2.1537667889134693,0.25
