step,train_step_loss,train_acc,train_loss,val_acc,val_loss,avg_intra_expert_coherence,expert_diversity_e0,expert_diversity_e1,expert_diversity_e2,expert_diversity_e3,expert_diversity_mean,expert_purity_e0,expert_purity_e1,expert_purity_e2,expert_purity_e3,expert_purity_mean,inter_expert_similarity,inter_expert_similarity_e0_e0,inter_expert_similarity_e0_e1,inter_expert_similarity_e0_e2,inter_expert_similarity_e0_e3,inter_expert_similarity_e1_e0,inter_expert_similarity_e1_e1,inter_expert_similarity_e1_e2,inter_expert_similarity_e1_e3,inter_expert_similarity_e2_e0,inter_expert_similarity_e2_e1,inter_expert_similarity_e2_e2,inter_expert_similarity_e2_e3,inter_expert_similarity_e3_e0,inter_expert_similarity_e3_e1,inter_expert_similarity_e3_e2,inter_expert_similarity_e3_e3,intra_expert_coherence_e0,intra_expert_coherence_e1,intra_expert_coherence_e2,intra_expert_coherence_e3,load_cv,load_max_min_ratio,overall_task_conflict_cos,router_entropy,router_load_e0,router_load_e1,router_load_e2,router_load_e3,task_acc__glue_cola,task_acc__glue_mrpc,task_acc__glue_rte,task_conflict_t0_t0,task_conflict_t0_t1,task_conflict_t0_t2,task_conflict_t1_t0,task_conflict_t1_t1,task_conflict_t1_t2,task_conflict_t2_t0,task_conflict_t2_t1,task_conflict_t2_t2,task_grad_norm_cv,task_loss__glue_cola,task_loss__glue_mrpc,task_loss__glue_rte,utilization_ratio
1.0,0.8968849123921245,0.6208076149587517,1.496062214515445,0.6062037067389163,1.56521510924439,0.9834265186355923,0.5245624701329061,0.6221923846669013,0.07145734761976895,0.9386396968346198,0.539212974813549,0.7597373127937317,0.6452024579048157,0.9848717451095581,0.4338698089122772,0.7059203311800957,-0.059965455869267804,1.0,0.05552695165904666,0.015349400785060011,-0.08090830928391886,0.05552695165904666,1.0,-0.22140806168838117,-0.012210241214122505,0.015349400785060011,-0.22140806168838117,1.0,-0.11614247547329098,-0.08090830928391886,-0.012210241214122505,-0.11614247547329098,1.0,0.979602210119217,0.9876692040581752,0.9823564102870649,0.984078250077912,1.6718657817680576,139.30859019642975,0.9751373326231247,0.06985617779853917,0.010568191297352314,0.00850481353700161,0.006991210393607616,0.9739356637001038,0.6912751677852349,0.6544117647058824,0.4729241877256318,1.0,0.972252965992407,0.9938966289620355,0.972252965992407,1.0,0.9592624029149318,0.9938966289620355,0.9592624029149318,1.0,0.336539143566452,1.4659662790750225,1.0380552922941597,2.191623756363988,0.25
