method,val_acc_last_mean,val_acc_last_std,val_loss_last_mean,val_loss_last_std
baseline,0.40974978657176536,0.0,2.481995794923733,0.0
cagrad,0.6062037067389163,0.0,1.56521510924439,0.0
ours,0.6070207002029686,0.0,1.8942947049143886,0.0
