step,train_step_loss,train_acc,train_loss,val_acc,val_loss,router_entropy,router_load_e0,router_load_e1,router_load_e2,router_load_e3
30.0,0.6294915874799093,0.6371647336753438,0.6320896884676688,0.6236584624077303,0.6411526156259572,0.6894225051833524,0.2801346480846405,0.22587339580059052,0.0,0.4939919710159302
50.0,0.6793465614318848,0.6268763533218374,0.6648791918251876,0.6163272192311616,0.679677583243483,0.6904451219296014,0.4725903868675232,0.07026626169681549,0.0,0.4571433365345001
