step,train_step_loss,train_acc,train_loss,val_acc,val_loss,avg_intra_expert_coherence,expert_diversity_e0,expert_diversity_e1,expert_diversity_e2,expert_diversity_e3,expert_diversity_mean,expert_purity_e0,expert_purity_e1,expert_purity_e2,expert_purity_e3,expert_purity_mean,inter_expert_similarity,inter_expert_similarity_e0_e0,inter_expert_similarity_e0_e1,inter_expert_similarity_e0_e2,inter_expert_similarity_e0_e3,inter_expert_similarity_e1_e0,inter_expert_similarity_e1_e1,inter_expert_similarity_e1_e2,inter_expert_similarity_e1_e3,inter_expert_similarity_e2_e0,inter_expert_similarity_e2_e1,inter_expert_similarity_e2_e2,inter_expert_similarity_e2_e3,inter_expert_similarity_e3_e0,inter_expert_similarity_e3_e1,inter_expert_similarity_e3_e2,inter_expert_similarity_e3_e3,intra_expert_coherence_e0,intra_expert_coherence_e1,intra_expert_coherence_e2,intra_expert_coherence_e3,load_cv,load_max_min_ratio,overall_task_conflict_cos,router_entropy,router_load_e0,router_load_e1,router_load_e2,router_load_e3,task_acc__glue_mrpc,task_conflict_t0_t0,task_grad_norm_cv,task_loss__glue_mrpc,utilization_ratio
50.0,0.3741362616419792,0.6744820065430752,1.0936573325291923,0.6838235294117647,1.0678161555328047,1.0,0.0,0.0,0.0,0.0,0.0,1.0,1.0,1.0,1.0,1.0,-0.0571394003897632,1.0,-8.566067146613563e-10,6.515717437054754e-10,-0.17980460972485868,-8.566067146613563e-10,1.0,-3.05718159191678e-09,-0.23891605127509327,6.515717437054754e-10,-3.05718159191678e-09,1.0,0.07588426192358928,-0.17980460972485868,-0.23891605127509327,0.07588426192358928,1.0,1.0,1.0,1.0,1.0,1.7320507764816284,294134332388.3904,1.0,4.76892469958301e-10,3.3998071285318288e-12,9.356707249275065e-12,5.7773122223714335e-12,1.0,0.6838235294117647,1.0,0.0,1.0678161555328047,0.25
100.0,0.6569392085075378,0.6744820065430752,0.6359492979619814,0.6838235294117647,0.6290428804663512,1.0,0.0,0.0,0.0,0.0,0.0,1.0,1.0,1.0,1.0,1.0,-0.06897412294339873,1.0,-0.12581025371361274,0.14546828823121935,-0.3826861344350743,-0.12581025371361274,1.0,-0.356211625037553,0.4876108881940313,0.14546828823121935,-0.356211625037553,1.0,-0.18221590089940304,-0.3826861344350743,0.4876108881940313,-0.18221590089940304,1.0,1.0,1.0,1.0,1.0,1.7320352387638323,991568.8216854811,1.0,9.333323168011346e-05,3.876004029734759e-06,1.008495473797666e-06,1.8512150745664258e-06,0.9999926686286926,0.6838235294117647,1.0,0.0,0.6290428804663512,0.25
