step,train_step_loss,train_acc,train_loss,val_acc,val_loss,avg_intra_expert_coherence,expert_diversity_e0,expert_diversity_e1,expert_diversity_e2,expert_diversity_e3,expert_diversity_mean,expert_purity_e0,expert_purity_e1,expert_purity_e2,expert_purity_e3,expert_purity_mean,inter_expert_similarity,inter_expert_similarity_e0_e0,inter_expert_similarity_e0_e1,inter_expert_similarity_e0_e2,inter_expert_similarity_e0_e3,inter_expert_similarity_e1_e0,inter_expert_similarity_e1_e1,inter_expert_similarity_e1_e2,inter_expert_similarity_e1_e3,inter_expert_similarity_e2_e0,inter_expert_similarity_e2_e1,inter_expert_similarity_e2_e2,inter_expert_similarity_e2_e3,inter_expert_similarity_e3_e0,inter_expert_similarity_e3_e1,inter_expert_similarity_e3_e2,inter_expert_similarity_e3_e3,intra_expert_coherence_e0,intra_expert_coherence_e1,intra_expert_coherence_e2,intra_expert_coherence_e3,load_cv,load_max_min_ratio,overall_task_conflict_cos,router_entropy,router_load_e0,router_load_e1,router_load_e2,router_load_e3,task_acc__glue_mrpc,task_conflict_t0_t0,task_grad_norm_cv,task_loss__glue_mrpc,utilization_ratio
50.0,0.828959584236145,0.3255179934569248,0.7932461353747741,0.3161764705882353,0.7963626636908605,1.0,0.0,0.0,0.0,0.0,0.0,1.0,1.0,1.0,1.0,1.0,-0.04852584723096398,1.0,0.005514156111021762,-2.637067922840997e-06,-0.15766707619420706,0.005514156111021762,1.0,-0.00020472278115368087,-0.18659784170973193,-2.637067922840997e-06,-0.00020472278115368087,1.0,0.047803038256209865,-0.15766707619420706,-0.18659784170973193,0.047803038256209865,1.0,1.0,1.0,1.0,1.0,1.732040620312469,108973250636.4647,1.0,5.879877419062598e-05,3.786697178043141e-09,4.403988896228839e-06,9.176526725995782e-12,0.9999959468841553,0.3161764705882353,1.0,0.0,0.7963626636908605,0.25
100.0,0.6704827547073364,0.6744820065430752,0.6346509362692418,0.6838235294117647,0.6292084312209716,1.0,0.0,0.0,0.0,0.0,0.0,1.0,1.0,1.0,1.0,1.0,-0.01581558108451613,1.0,-0.03582214661656657,-0.5387159688000379,0.49308721337274425,-0.03582214661656657,1.0,-0.0954591850174548,0.3545421471769162,-0.5387159688000379,-0.0954591850174548,1.0,-0.2725255466226979,0.49308721337274425,0.3545421471769162,-0.2725255466226979,1.0,1.0,1.0,1.0,1.0,1.730166625410311,1996487.6321256193,1.0,0.006705765128500906,1.6982783563435078e-05,0.000798601598944515,5.004707759326266e-07,0.999183714389801,0.6838235294117647,1.0,0.0,0.6292084312209716,0.25
