step,train_step_loss,train_acc,train_loss,val_acc,val_loss,avg_intra_expert_coherence,expert_diversity_e0,expert_diversity_e1,expert_diversity_e2,expert_diversity_e3,expert_diversity_mean,expert_purity_e0,expert_purity_e1,expert_purity_e2,expert_purity_e3,expert_purity_mean,inter_expert_similarity,inter_expert_similarity_e0_e0,inter_expert_similarity_e0_e1,inter_expert_similarity_e0_e2,inter_expert_similarity_e0_e3,inter_expert_similarity_e1_e0,inter_expert_similarity_e1_e1,inter_expert_similarity_e1_e2,inter_expert_similarity_e1_e3,inter_expert_similarity_e2_e0,inter_expert_similarity_e2_e1,inter_expert_similarity_e2_e2,inter_expert_similarity_e2_e3,inter_expert_similarity_e3_e0,inter_expert_similarity_e3_e1,inter_expert_similarity_e3_e2,inter_expert_similarity_e3_e3,intra_expert_coherence_e0,intra_expert_coherence_e1,intra_expert_coherence_e2,intra_expert_coherence_e3,load_cv,load_max_min_ratio,overall_task_conflict_cos,router_entropy,router_load_e0,router_load_e1,router_load_e2,router_load_e3,task_acc__glue_rte,task_conflict_t0_t0,task_grad_norm_cv,task_loss__glue_rte,utilization_ratio
50.0,0.6418451368808746,0.5016064257028112,0.6975876885346878,0.5270758122743683,0.690386586719089,1.0,0.0,0.0,0.0,0.0,0.0,1.0,1.0,1.0,1.0,1.0,0.01029141364625048,1.0,0.0,0.0,0.06174848187750288,0.0,1.0,0.0,0.0,0.0,0.0,1.0,0.0,0.06174848187750288,0.0,0.0,1.0,1.0,1.0,1.0,1.0,1.0012537242476611,517709314823.15063,1.0,0.692421710878503,0.4822905957698822,0.0,0.0,0.5177093148231506,0.5270758122743683,1.0,0.0,0.690386586719089,0.5
100.0,0.7010317146778107,0.4983935742971888,0.6931875900198252,0.4729241877256318,0.6962571558025148,1.0,0.0,0.0,0.0,0.0,0.0,1.0,1.0,1.0,1.0,1.0,0.00989933049028747,1.0,0.0,0.0,0.05939598294172482,0.0,1.0,0.0,0.0,0.0,0.0,1.0,0.0,0.05939598294172482,0.0,0.0,1.0,1.0,1.0,1.0,1.0,1.0008556842803955,514629304409.0271,1.0,0.6926803692153215,0.4853706657886505,0.0,0.0,0.5146293044090271,0.4729241877256318,1.0,0.0,0.6962571558025148,0.5
150.0,0.6887763142585754,0.4983935742971888,0.6929773897696764,0.4729241877256318,0.6944252484374576,1.0,0.0,0.0,0.0,0.0,0.0,1.0,1.0,1.0,1.0,1.0,0.00987275346280879,1.0,0.0,0.0,0.059236520776852736,0.0,1.0,0.0,0.0,0.0,0.0,1.0,0.0,0.059236520776852736,0.0,0.0,1.0,1.0,1.0,1.0,1.0,1.0028254985809326,526596605777.7405,1.0,0.6917079562314581,0.4734034240245819,0.0,0.0,0.5265966057777405,0.4729241877256318,1.0,0.0,0.6944252484374576,0.5
