step,train_step_loss,train_acc,train_loss,val_acc,val_loss,avg_intra_expert_coherence,expert_diversity_e0,expert_diversity_e1,expert_diversity_e2,expert_diversity_e3,expert_diversity_mean,expert_purity_e0,expert_purity_e1,expert_purity_e2,expert_purity_e3,expert_purity_mean,inter_expert_similarity,inter_expert_similarity_e0_e0,inter_expert_similarity_e0_e1,inter_expert_similarity_e0_e2,inter_expert_similarity_e0_e3,inter_expert_similarity_e1_e0,inter_expert_similarity_e1_e1,inter_expert_similarity_e1_e2,inter_expert_similarity_e1_e3,inter_expert_similarity_e2_e0,inter_expert_similarity_e2_e1,inter_expert_similarity_e2_e2,inter_expert_similarity_e2_e3,inter_expert_similarity_e3_e0,inter_expert_similarity_e3_e1,inter_expert_similarity_e3_e2,inter_expert_similarity_e3_e3,intra_expert_coherence_e0,intra_expert_coherence_e1,intra_expert_coherence_e2,intra_expert_coherence_e3,load_cv,load_max_min_ratio,overall_task_conflict_cos,router_entropy,router_load_e0,router_load_e1,router_load_e2,router_load_e3,task_acc__glue_rte,task_conflict_t0_t0,task_grad_norm_cv,task_loss__glue_rte,utilization_ratio
50.0,0.6149637401103973,0.6526104417670683,0.6458375355754143,0.6173285198555957,0.6568258851766586,1.0,0.0,0.0,0.0,0.0,0.0,1.0,1.0,1.0,1.0,1.0,0.008845163286685288,1.0,0.05307097972011173,0.0,0.0,0.05307097972011173,1.0,0.0,0.0,0.0,0.0,1.0,0.0,0.0,0.0,0.0,1.0,1.0,1.0,1.0,1.0,1.0013530254364014,518397867679.59595,1.0,0.691373036656569,0.48160213232040405,0.518397867679596,0.0,0.0,0.6173285198555957,1.0,0.0,0.6568258851766586,0.5
100.0,0.6523178517818451,0.7004016064257028,0.6088121302425861,0.6353790613718412,0.6459148526191711,1.0,0.0,0.0,0.0,0.0,0.0,1.0,1.0,1.0,1.0,1.0,-0.03489104812200033,1.0,-0.20934628873200195,0.0,0.0,-0.20934628873200195,1.0,0.0,0.0,0.0,0.0,1.0,0.0,0.0,0.0,0.0,1.0,1.0,1.0,1.0,1.0,1.0004926324184318,511099576950.07324,1.0,0.6910458730015944,0.5110995769500732,0.488900363445282,0.0,0.0,0.6353790613718412,1.0,0.0,0.6459148526191711,0.5
150.0,0.7035059928894043,0.7461847389558233,0.586658728772249,0.6678700361010831,0.6360652380519443,1.0,0.0,0.0,0.0,0.0,0.0,1.0,1.0,1.0,1.0,1.0,-0.08313899071752863,1.0,0.1817533215449948,-0.024498931338439913,0.0,0.1817533215449948,1.0,-0.6560883345117267,0.0,-0.024498931338439913,-0.6560883345117267,1.0,0.0,0.0,0.0,0.0,1.0,1.0,1.0,1.0,1.0,0.9694057684782605,523824870586.39526,1.0,0.6909524611187325,0.45851099491119385,0.5238248705863953,0.017664099112153053,0.0,0.6678700361010831,1.0,0.0,0.6360652380519443,0.5
