step,train_step_loss,train_acc,train_loss,val_acc,val_loss,avg_intra_expert_coherence,expert_diversity_e0,expert_diversity_e1,expert_diversity_e2,expert_diversity_e3,expert_diversity_mean,expert_purity_e0,expert_purity_e1,expert_purity_e2,expert_purity_e3,expert_purity_mean,inter_expert_similarity,inter_expert_similarity_e0_e0,inter_expert_similarity_e0_e1,inter_expert_similarity_e0_e2,inter_expert_similarity_e0_e3,inter_expert_similarity_e1_e0,inter_expert_similarity_e1_e1,inter_expert_similarity_e1_e2,inter_expert_similarity_e1_e3,inter_expert_similarity_e2_e0,inter_expert_similarity_e2_e1,inter_expert_similarity_e2_e2,inter_expert_similarity_e2_e3,inter_expert_similarity_e3_e0,inter_expert_similarity_e3_e1,inter_expert_similarity_e3_e2,inter_expert_similarity_e3_e3,intra_expert_coherence_e0,intra_expert_coherence_e1,intra_expert_coherence_e2,intra_expert_coherence_e3,load_cv,load_max_min_ratio,overall_task_conflict_cos,router_entropy,router_load_e0,router_load_e1,router_load_e2,router_load_e3,task_acc__glue_mrpc,task_conflict_t0_t0,task_grad_norm_cv,task_loss__glue_mrpc,utilization_ratio
50.0,0.3653089851140976,0.7663576881134133,0.5139966577615427,0.7573529411764706,0.5149729509766285,1.0,0.0,0.0,0.0,0.0,0.0,1.0,1.0,1.0,1.0,1.0,0.005716749114929306,1.0,0.0,0.0,0.0,0.0,1.0,0.0,0.034300494689575835,0.0,0.0,1.0,0.0,0.0,0.034300494689575835,0.0,1.0,1.0,1.0,1.0,1.0,1.3494774907515938,820368766784.668,1.0,0.4579760964010276,0.0,0.820368766784668,0.0,0.17963118851184845,0.7573529411764706,1.0,0.0,0.5149729509766285,0.5
100.0,0.41851842403411865,0.8350599781897492,0.3769516998335071,0.8504901960784313,0.36764553604790795,1.0,0.0,0.0,0.0,0.0,0.0,1.0,1.0,1.0,1.0,1.0,0.003585270874412056,1.0,0.0,0.0,0.0,0.0,1.0,0.0,0.021511625246472335,0.0,0.0,1.0,0.0,0.0,0.021511625246472335,0.0,1.0,1.0,1.0,1.0,1.0,1.3980668424407745,845605611801.1475,1.0,0.37713832130619124,0.0007773595862090588,0.8456056118011475,0.0,0.15361696481704712,0.8504901960784313,1.0,0.0,0.36764553604790795,0.5
150.0,0.471909299492836,0.8685932388222465,0.3388368878351605,0.8651960784313726,0.3518862735766631,1.0,0.0,0.0,0.0,0.0,0.0,1.0,1.0,1.0,1.0,1.0,-0.001553448224394749,1.0,0.0,0.0,0.0,0.0,1.0,0.0,-0.009320689346368493,0.0,0.0,1.0,0.0,0.0,-0.009320689346368493,0.0,1.0,1.0,1.0,1.0,1.0,1.4336950441417124,863228797912.5977,1.0,0.36388474556745265,0.0,0.8632287979125977,0.0,0.13677114248275757,0.8651960784313726,1.0,0.0,0.3518862735766631,0.5
