step,train_step_loss,train_acc,train_loss,val_acc,val_loss,avg_intra_expert_coherence,expert_diversity_e0,expert_diversity_e1,expert_diversity_e2,expert_diversity_e3,expert_diversity_mean,expert_purity_e0,expert_purity_e1,expert_purity_e2,expert_purity_e3,expert_purity_mean,inter_expert_similarity,inter_expert_similarity_e0_e0,inter_expert_similarity_e0_e1,inter_expert_similarity_e0_e2,inter_expert_similarity_e0_e3,inter_expert_similarity_e1_e0,inter_expert_similarity_e1_e1,inter_expert_similarity_e1_e2,inter_expert_similarity_e1_e3,inter_expert_similarity_e2_e0,inter_expert_similarity_e2_e1,inter_expert_similarity_e2_e2,inter_expert_similarity_e2_e3,inter_expert_similarity_e3_e0,inter_expert_similarity_e3_e1,inter_expert_similarity_e3_e2,inter_expert_similarity_e3_e3,intra_expert_coherence_e0,intra_expert_coherence_e1,intra_expert_coherence_e2,intra_expert_coherence_e3,load_cv,load_max_min_ratio,overall_task_conflict_cos,router_entropy,router_load_e0,router_load_e1,router_load_e2,router_load_e3,task_acc__glue_rte,task_conflict_t0_t0,task_grad_norm_cv,task_loss__glue_rte,utilization_ratio
50.0,0.6389506459236145,0.6485943775100401,0.6637053234454913,0.628158844765343,0.6669982605510287,1.0,0.0,0.0,0.0,0.0,0.0,1.0,1.0,1.0,1.0,1.0,0.0062370379879715665,1.0,0.0,0.0,0.0,0.0,1.0,0.0,0.0,0.0,0.0,1.0,0.0374222279278294,0.0,0.0,0.0374222279278294,1.0,1.0,1.0,1.0,1.0,1.0079923868179321,544789433479.3091,1.0,0.6889547681980615,0.0,0.0,0.4552105665206909,0.5447894334793091,0.628158844765343,1.0,0.0,0.6669982605510287,0.5
100.0,0.6534724533557892,0.6751004016064257,0.6324094627912228,0.6498194945848376,0.6565050184726715,1.0,0.0,0.0,0.0,0.0,0.0,1.0,1.0,1.0,1.0,1.0,0.030088898414832227,1.0,0.0,0.0,0.0,0.0,1.0,0.0,0.0,0.0,0.0,1.0,0.18053339048899336,0.0,0.0,0.18053339048899336,1.0,1.0,1.0,1.0,1.0,1.0093802213668823,548539161682.1289,1.0,0.6882027607101826,0.0,0.0,0.45146089792251587,0.5485391616821289,0.6498194945848376,1.0,0.0,0.6565050184726715,0.5
150.0,0.6677410900592804,0.736144578313253,0.6022438644980773,0.6931407942238267,0.6289311142431365,1.0,0.0,0.0,0.0,0.0,0.0,1.0,1.0,1.0,1.0,1.0,-0.061157848371300096,1.0,0.0,0.0,0.0,0.0,1.0,0.0,0.0,0.0,0.0,1.0,-0.3669470902278006,0.0,0.0,-0.3669470902278006,1.0,1.0,1.0,1.0,1.0,1.0075490483700094,543524324893.9514,1.0,0.6891267342687944,0.0,0.0,0.4564755856990814,0.5435243248939514,0.6931407942238267,1.0,0.0,0.6289311142431365,0.5
