step,train_step_loss,train_acc,train_loss,val_acc,val_loss,avg_intra_expert_coherence,expert_diversity_e0,expert_diversity_e1,expert_diversity_e2,expert_diversity_e3,expert_diversity_mean,expert_purity_e0,expert_purity_e1,expert_purity_e2,expert_purity_e3,expert_purity_mean,inter_expert_similarity,inter_expert_similarity_e0_e0,inter_expert_similarity_e0_e1,inter_expert_similarity_e0_e2,inter_expert_similarity_e0_e3,inter_expert_similarity_e1_e0,inter_expert_similarity_e1_e1,inter_expert_similarity_e1_e2,inter_expert_similarity_e1_e3,inter_expert_similarity_e2_e0,inter_expert_similarity_e2_e1,inter_expert_similarity_e2_e2,inter_expert_similarity_e2_e3,inter_expert_similarity_e3_e0,inter_expert_similarity_e3_e1,inter_expert_similarity_e3_e2,inter_expert_similarity_e3_e3,intra_expert_coherence_e0,intra_expert_coherence_e1,intra_expert_coherence_e2,intra_expert_coherence_e3,load_cv,load_max_min_ratio,overall_task_conflict_cos,router_entropy,router_load_e0,router_load_e1,router_load_e2,router_load_e3,task_acc__glue_cola,task_acc__glue_mrpc,task_acc__glue_rte,task_conflict_t0_t0,task_conflict_t0_t1,task_conflict_t0_t2,task_conflict_t1_t0,task_conflict_t1_t1,task_conflict_t1_t2,task_conflict_t2_t0,task_conflict_t2_t1,task_conflict_t2_t2,task_grad_norm_cv,task_loss__glue_cola,task_loss__glue_mrpc,task_loss__glue_rte,utilization_ratio
1.0,0.8653193712234497,0.5249236261558049,0.6998118677839763,0.5139272174032472,0.6991381615737845,-0.1631764565082763,0.9345994738617084,0.9368239077378614,0.9701298678751383,0.9497183541185882,0.9478179008983241,0.4307962656021118,0.5052378177642822,0.4176751673221588,0.4669976532459259,0.4551767259836197,0.022069491469234565,1.0,0.4578644024280816,0.5912274309445733,-0.20995594187071095,0.4578644024280816,1.0,-0.12361541349263308,-0.2717993861294027,0.5912274309445733,-0.12361541349263308,1.0,-0.31130414306450077,-0.20995594187071095,-0.2717993861294027,-0.31130414306450077,1.0,-0.20586843397859453,-0.15681715066252322,-0.251476997104293,-0.038543244287694366,0.1749349683523178,1.6617765512119926,-0.1450701357386932,1.3474520860860746,0.30090585350990295,0.18107479810714722,0.25046205520629883,0.267557293176651,0.43815915627996166,0.6740196078431373,0.4296028880866426,1.0,0.7391870577159505,-0.681164086911698,0.7391870577159505,1.0,-0.49323337802033207,-0.681164086911698,-0.49323337802033207,1.0,0.2590348776987551,0.728459075662016,0.6251468594167747,0.7438085496425628,1.0
