step,train_step_loss,train_acc,train_loss,val_acc,val_loss,avg_intra_expert_coherence,expert_diversity_e0,expert_diversity_e1,expert_diversity_e2,expert_diversity_e3,expert_diversity_mean,expert_purity_e0,expert_purity_e1,expert_purity_e2,expert_purity_e3,expert_purity_mean,inter_expert_similarity,inter_expert_similarity_e0_e0,inter_expert_similarity_e0_e1,inter_expert_similarity_e0_e2,inter_expert_similarity_e0_e3,inter_expert_similarity_e1_e0,inter_expert_similarity_e1_e1,inter_expert_similarity_e1_e2,inter_expert_similarity_e1_e3,inter_expert_similarity_e2_e0,inter_expert_similarity_e2_e1,inter_expert_similarity_e2_e2,inter_expert_similarity_e2_e3,inter_expert_similarity_e3_e0,inter_expert_similarity_e3_e1,inter_expert_similarity_e3_e2,inter_expert_similarity_e3_e3,intra_expert_coherence_e0,intra_expert_coherence_e1,intra_expert_coherence_e2,intra_expert_coherence_e3,load_cv,load_max_min_ratio,overall_task_conflict_cos,router_entropy,router_load_e0,router_load_e1,router_load_e2,router_load_e3,task_acc__glue_cola,task_acc__glue_mrpc,task_acc__glue_rte,task_conflict_t0_t0,task_conflict_t0_t1,task_conflict_t0_t2,task_conflict_t1_t0,task_conflict_t1_t1,task_conflict_t1_t2,task_conflict_t2_t0,task_conflict_t2_t1,task_conflict_t2_t2,task_grad_norm_cv,task_loss__glue_cola,task_loss__glue_mrpc,task_loss__glue_rte,utilization_ratio
1.0,1.3153085211912792,0.5030606574074968,0.7484388251113335,0.516960760673001,0.7409362610469635,-0.27757222619136873,0.4388843845609966,0.9098536235702316,0.9411857512965737,0.5209973536832502,0.702730278277763,0.8513758182525635,0.44989386200904846,0.505096971988678,0.8287806510925293,0.6587868258357048,0.06872731785165763,1.0,-0.000323580600963205,0.07467741353430563,0.260067347088854,-0.000323580600963205,1.0,-0.008235336402467366,0.00479069227221645,0.07467741353430563,-0.008235336402467366,1.0,0.08138737121800027,0.260067347088854,0.00479069227221645,0.08138737121800027,1.0,-0.26035236235264175,-0.3242779878304723,-0.2926769129846364,-0.23298164159772458,0.5730328559875488,20.522243716228378,-0.15621951561453273,1.0160602599520374,0.41482946276664734,0.020213650539517403,0.28487029671669006,0.28008657693862915,0.4046021093000959,0.6372549019607843,0.5090252707581228,1.0,0.377150201164317,-0.7821580594227685,0.377150201164317,1.0,-0.06365068858514672,-0.7821580594227685,-0.06365068858514672,1.0,1.1378626230175706,0.8204657872214572,0.6769900362865597,0.7253529596328736,0.75
