step,train_step_loss,train_acc,train_loss,val_acc,val_loss,avg_intra_expert_coherence,expert_diversity_e0,expert_diversity_e1,expert_diversity_e2,expert_diversity_e3,expert_diversity_mean,expert_purity_e0,expert_purity_e1,expert_purity_e2,expert_purity_e3,expert_purity_mean,inter_expert_similarity,inter_expert_similarity_e0_e0,inter_expert_similarity_e0_e1,inter_expert_similarity_e0_e2,inter_expert_similarity_e0_e3,inter_expert_similarity_e1_e0,inter_expert_similarity_e1_e1,inter_expert_similarity_e1_e2,inter_expert_similarity_e1_e3,inter_expert_similarity_e2_e0,inter_expert_similarity_e2_e1,inter_expert_similarity_e2_e2,inter_expert_similarity_e2_e3,inter_expert_similarity_e3_e0,inter_expert_similarity_e3_e1,inter_expert_similarity_e3_e2,inter_expert_similarity_e3_e3,intra_expert_coherence_e0,intra_expert_coherence_e1,intra_expert_coherence_e2,intra_expert_coherence_e3,load_cv,load_max_min_ratio,overall_task_conflict_cos,router_entropy,router_load_e0,router_load_e1,router_load_e2,router_load_e3,task_acc__glue_rte,task_conflict_t0_t0,task_grad_norm_cv,task_loss__glue_rte,utilization_ratio
50.0,0.6824666559696198,0.608433734939759,0.6689933103628648,0.5487364620938628,0.6945226258701749,1.0,0.0,0.0,0.0,0.0,0.0,1.0,1.0,1.0,1.0,1.0,0.04215302233394635,1.0,0.0,0.0,0.0,0.0,1.0,0.0,0.2529181340036781,0.0,0.0,1.0,0.0,0.0,0.2529181340036781,0.0,1.0,1.0,1.0,1.0,1.0,1.0141053199768066,573863863945.0073,1.0,0.6808937886992086,0.004517534747719765,0.5738638639450073,0.0,0.42161864042282104,0.5487364620938628,1.0,0.0,0.6945226258701749,0.5
100.0,0.7047940194606781,0.6983935742971887,0.5937779259032164,0.6570397111913358,0.648837900824017,1.0,0.0,0.0,0.0,0.0,0.0,1.0,1.0,1.0,1.0,1.0,0.052155014559261,1.0,0.0,0.0,0.0,0.0,1.0,0.0,0.312930087355566,0.0,0.0,1.0,0.0,0.0,0.312930087355566,0.0,1.0,1.0,1.0,1.0,1.0,1.0056918859481812,141.58472473837014,1.0,0.6775324155277294,0.00407460518181324,0.5769018530845642,0.006741776596754789,0.41228175163269043,0.6570397111913358,1.0,0.0,0.648837900824017,0.5
150.0,0.5574703365564346,0.7405622489959839,0.546476764518481,0.6534296028880866,0.6045983309547106,1.0,0.0,0.0,0.0,0.0,0.0,1.0,1.0,1.0,1.0,1.0,-0.05353093270605607,1.0,0.0,0.0,0.0,0.0,1.0,0.0,-0.3211855962363364,0.0,0.0,1.0,0.0,0.0,-0.3211855962363364,0.0,1.0,1.0,1.0,1.0,1.0,0.9577754139900208,126.61556041470965,1.0,0.6805925403691371,0.004507074132561684,0.570665717124939,0.034348081797361374,0.390479177236557,0.6534296028880866,1.0,0.0,0.6045983309547106,0.5
