step,train_step_loss,train_acc,train_loss,val_acc,val_loss,avg_intra_expert_coherence,expert_diversity_e0,expert_diversity_e1,expert_diversity_e2,expert_diversity_e3,expert_diversity_mean,expert_purity_e0,expert_purity_e1,expert_purity_e2,expert_purity_e3,expert_purity_mean,inter_expert_similarity,inter_expert_similarity_e0_e0,inter_expert_similarity_e0_e1,inter_expert_similarity_e0_e2,inter_expert_similarity_e0_e3,inter_expert_similarity_e1_e0,inter_expert_similarity_e1_e1,inter_expert_similarity_e1_e2,inter_expert_similarity_e1_e3,inter_expert_similarity_e2_e0,inter_expert_similarity_e2_e1,inter_expert_similarity_e2_e2,inter_expert_similarity_e2_e3,inter_expert_similarity_e3_e0,inter_expert_similarity_e3_e1,inter_expert_similarity_e3_e2,inter_expert_similarity_e3_e3,intra_expert_coherence_e0,intra_expert_coherence_e1,intra_expert_coherence_e2,intra_expert_coherence_e3,load_cv,load_max_min_ratio,overall_task_conflict_cos,router_entropy,router_load_e0,router_load_e1,router_load_e2,router_load_e3,task_acc__glue_rte,task_conflict_t0_t0,task_grad_norm_cv,task_loss__glue_rte,utilization_ratio
50.0,0.6876271069049835,0.4983935742971888,0.6977001790816967,0.4729241877256318,0.7043980442815356,1.0,0.0,0.0,0.0,0.0,0.0,1.0,1.0,1.0,1.0,1.0,0.005846884417031152,1.0,0.0,0.0,0.0,0.0,1.0,0.0,0.0,0.0,0.0,1.0,0.03508130650218691,0.0,0.0,0.03508130650218691,1.0,1.0,1.0,1.0,1.0,1.004733920097351,534442603588.10425,1.0,0.6907718577539878,0.0,0.0,0.46555739641189575,0.5344426035881042,0.4729241877256318,1.0,0.0,0.7043980442815356,0.5
100.0,0.7378585338592529,0.4983935742971888,0.6957661104890016,0.4729241877256318,0.7006803850332896,1.0,0.0,0.0,0.0,0.0,0.0,1.0,1.0,1.0,1.0,1.0,0.004135754270470869,1.0,0.0,0.0,0.024814525622825215,0.0,1.0,0.0,0.0,0.0,0.0,1.0,0.0,0.024814525622825215,0.0,0.0,1.0,1.0,1.0,1.0,1.0,1.0015232563018799,519522190093.99414,1.0,0.6923846423841126,0.48047778010368347,0.0,0.0,0.5195221900939941,0.4729241877256318,1.0,0.0,0.7006803850332896,0.5
150.0,0.7358766198158264,0.4983935742971888,0.7005515948320047,0.4729241877256318,0.708976772096422,1.0,0.0,0.0,0.0,0.0,0.0,1.0,1.0,1.0,1.0,1.0,0.005862493898194452,1.0,0.0,0.0,0.0,0.0,1.0,0.0,0.0,0.0,0.0,1.0,0.03517496338916671,0.0,0.0,0.03517496338916671,1.0,1.0,1.0,1.0,1.0,1.0000789165496826,504441320896.1487,1.0,0.6931077108486464,0.0,0.0,0.5044413208961487,0.4955587089061737,0.4729241877256318,1.0,0.0,0.708976772096422,0.5
