{
  "best_lr_by_method_mean": {
    "baseline_avg": {
      "best_mean": 0.3458116319444444,
      "final_mean": 0.3435329861111111,
      "lr": 2.0000000000000003e-06,
      "score_mean": 0.34467230902777773
    },
    "baseline_cagrad": {
      "best_mean": 0.3463541666666667,
      "final_mean": 0.3430989583333333,
      "lr": 4.4721359549995795e-05,
      "score_mean": 0.3447265625
    },
    "ours": {
      "best_mean": 0.3486328125,
      "final_mean": 0.33810763888888884,
      "lr": 2.0565711885957796e-05,
      "score_mean": 0.3433702256944444
    }
  },
  "best_lr_by_method_seed": {
    "baseline_avg": {
      "2": {
        "best_val_acc": 0.3460286458333333,
        "final_val_acc": 0.3460286458333333,
        "lr": 2.0000000000000003e-06,
        "score_05_05": 0.3460286458333333
      },
      "3": {
        "best_val_acc": 0.3548177083333333,
        "final_val_acc": 0.3548177083333333,
        "lr": 9.45741609003176e-06,
        "score_05_05": 0.3548177083333333
      },
      "5": {
        "best_val_acc": 0.3525390625,
        "final_val_acc": 0.349609375,
        "lr": 2.0000000000000003e-06,
        "score_05_05": 0.35107421875
      }
    },
    "baseline_cagrad": {
      "2": {
        "best_val_acc": 0.3473307291666667,
        "final_val_acc": 0.3382161458333333,
        "lr": 2.0565711885957796e-05,
        "score_05_05": 0.3427734375
      },
      "3": {
        "best_val_acc": 0.3541666666666667,
        "final_val_acc": 0.3541666666666667,
        "lr": 4.4721359549995795e-05,
        "score_05_05": 0.3541666666666667
      },
      "5": {
        "best_val_acc": 0.34375,
        "final_val_acc": 0.34375,
        "lr": 0.00021147425268811283,
        "score_05_05": 0.34375
      }
    },
    "ours": {
      "2": {
        "best_val_acc": 0.34375,
        "final_val_acc": 0.3349609375,
        "lr": 2.0565711885957796e-05,
        "score_05_05": 0.33935546875
      },
      "3": {
        "best_val_acc": 0.3522135416666667,
        "final_val_acc": 0.3522135416666667,
        "lr": 9.45741609003176e-06,
        "score_05_05": 0.3522135416666667
      },
      "5": {
        "best_val_acc": 0.3590494791666667,
        "final_val_acc": 0.3430989583333333,
        "lr": 2.0565711885957796e-05,
        "score_05_05": 0.35107421875
      }
    }
  },
  "config": "configs/base.yaml",
  "lambda_align": 0.001,
  "lrs": [
    2.0000000000000003e-06,
    4.349118552081964e-06,
    9.45741609003176e-06,
    2.0565711885957796e-05,
    4.4721359549995795e-05,
    9.72492472466073e-05,
    0.00021147425268811283,
    0.00045986329782677027,
    0.001
  ],
  "methods": [
    "baseline_avg",
    "baseline_cagrad",
    "ours"
  ],
  "ours_eps": 1e-08,
  "ours_micro_batch_size": 8,
  "seeds": [
    2,
    3,
    5
  ],
  "steps": 100,
  "warmup_ratio": 0.1
}