step,train_step_loss,train_acc,train_loss,val_acc,val_loss,avg_intra_expert_coherence,expert_diversity_e0,expert_diversity_e1,expert_diversity_e2,expert_diversity_e3,expert_diversity_mean,expert_purity_e0,expert_purity_e1,expert_purity_e2,expert_purity_e3,expert_purity_mean,inter_expert_similarity,inter_expert_similarity_e0_e0,inter_expert_similarity_e0_e1,inter_expert_similarity_e0_e2,inter_expert_similarity_e0_e3,inter_expert_similarity_e1_e0,inter_expert_similarity_e1_e1,inter_expert_similarity_e1_e2,inter_expert_similarity_e1_e3,inter_expert_similarity_e2_e0,inter_expert_similarity_e2_e1,inter_expert_similarity_e2_e2,inter_expert_similarity_e2_e3,inter_expert_similarity_e3_e0,inter_expert_similarity_e3_e1,inter_expert_similarity_e3_e2,inter_expert_similarity_e3_e3,intra_expert_coherence_e0,intra_expert_coherence_e1,intra_expert_coherence_e2,intra_expert_coherence_e3,load_cv,load_max_min_ratio,overall_task_conflict_cos,router_entropy,router_load_e0,router_load_e1,router_load_e2,router_load_e3,task_acc__glue_cola,task_acc__glue_mrpc,task_acc__glue_rte,task_conflict_t0_t0,task_conflict_t0_t1,task_conflict_t0_t2,task_conflict_t1_t0,task_conflict_t1_t1,task_conflict_t1_t2,task_conflict_t2_t0,task_conflict_t2_t1,task_conflict_t2_t2,task_grad_norm_cv,task_loss__glue_cola,task_loss__glue_mrpc,task_loss__glue_rte,utilization_ratio
1.0,3.4363545576731362,0.3889809285678663,2.094743272245516,0.40360021482971115,2.059103206115513,0.9125519759939806,0.7165648599344518,0.9588058718109757,0.997388840156305,0.8333513819919383,0.8765277384734176,0.6910886764526367,0.4558631181716919,0.3646438717842102,0.48038792610168457,0.49799589812755585,0.05457023370022455,1.0,-0.03965296733146401,0.09063606144768911,0.02967134496011826,-0.03965296733146401,1.0,-0.05861271737567613,0.1242470596504146,0.09063606144768911,-0.05861271737567613,1.0,0.18113262085026544,0.02967134496011826,0.1242470596504146,0.18113262085026544,1.0,0.9858169775064584,0.9869341815279468,0.9876988049394854,0.6897579400020319,1.2514528036117554,33.04461912762576,0.9471515891184751,0.578961328982755,0.7865334749221802,0.14144672453403473,0.02380216494202614,0.04821765422821045,0.3087248322147651,0.375,0.5270758122743683,1.0,0.9281188424441006,0.9872457417217313,0.9281188424441006,1.0,0.9260901831895934,0.9872457417217313,0.9260901831895934,1.0,0.6628446382260225,3.2449933636279504,1.2616193618844538,1.6706968928341355,0.5
