step,train_step_loss,train_acc,train_loss,val_acc,val_loss,avg_intra_expert_coherence,expert_diversity_e0,expert_diversity_e1,expert_diversity_e2,expert_diversity_e3,expert_diversity_mean,expert_purity_e0,expert_purity_e1,expert_purity_e2,expert_purity_e3,expert_purity_mean,inter_expert_similarity,inter_expert_similarity_e0_e0,inter_expert_similarity_e0_e1,inter_expert_similarity_e0_e2,inter_expert_similarity_e0_e3,inter_expert_similarity_e1_e0,inter_expert_similarity_e1_e1,inter_expert_similarity_e1_e2,inter_expert_similarity_e1_e3,inter_expert_similarity_e2_e0,inter_expert_similarity_e2_e1,inter_expert_similarity_e2_e2,inter_expert_similarity_e2_e3,inter_expert_similarity_e3_e0,inter_expert_similarity_e3_e1,inter_expert_similarity_e3_e2,inter_expert_similarity_e3_e3,intra_expert_coherence_e0,intra_expert_coherence_e1,intra_expert_coherence_e2,intra_expert_coherence_e3,load_cv,load_max_min_ratio,overall_task_conflict_cos,router_entropy,router_load_e0,router_load_e1,router_load_e2,router_load_e3,task_acc__glue_rte,task_conflict_t0_t0,task_grad_norm_cv,task_loss__glue_rte,utilization_ratio
50.0,0.6669073104858398,0.5016064257028112,0.6925312249706342,0.5270758122743683,0.6893244733413061,1.0,0.0,0.0,0.0,0.0,0.0,1.0,1.0,1.0,1.0,1.0,0.005582019333265551,1.0,0.0,0.0,0.03349211599959331,0.0,1.0,0.0,0.0,0.0,0.0,1.0,0.0,0.03349211599959331,0.0,0.0,1.0,1.0,1.0,1.0,1.0,1.0086253881454468,546536564826.96533,1.0,0.6884183539380235,0.5465365648269653,0.0,0.0,0.45346346497535706,0.5270758122743683,1.0,0.0,0.6893244733413061,0.5
100.0,0.6833246648311615,0.563855421686747,0.6886189523797769,0.5523465703971119,0.6881288670831256,1.0,0.0,0.0,0.0,0.0,0.0,1.0,1.0,1.0,1.0,1.0,0.0058088819195011255,1.0,0.0,0.0,0.03485329151700675,0.0,1.0,0.0,0.0,0.0,0.0,1.0,0.0,0.03485329151700675,0.0,0.0,1.0,1.0,1.0,1.0,1.0,1.0058451883977426,538282811641.6931,1.0,0.6896448772306477,0.5382828116416931,0.0,0.0,0.46171727776527405,0.5523465703971119,1.0,0.0,0.6881288670831256,0.5
150.0,0.6931462585926056,0.5855421686746988,0.6820296406363829,0.5523465703971119,0.687568411231041,1.0,0.0,0.0,0.0,0.0,0.0,1.0,1.0,1.0,1.0,1.0,0.006182644513924502,1.0,0.0,0.0,0.037095867083547014,0.0,1.0,0.0,0.0,0.0,0.0,1.0,0.0,0.037095867083547014,0.0,0.0,1.0,1.0,1.0,1.0,1.0,1.008431077003479,546007156372.0703,1.0,0.6880411395957754,0.5460071563720703,0.0,0.0,0.4539928436279297,0.5523465703971119,1.0,0.0,0.687568411231041,0.5
