step,train_step_loss,train_acc,train_loss,val_acc,val_loss,avg_intra_expert_coherence,expert_diversity_e0,expert_diversity_e1,expert_diversity_e2,expert_diversity_e3,expert_diversity_mean,expert_purity_e0,expert_purity_e1,expert_purity_e2,expert_purity_e3,expert_purity_mean,inter_expert_similarity,inter_expert_similarity_e0_e0,inter_expert_similarity_e0_e1,inter_expert_similarity_e0_e2,inter_expert_similarity_e0_e3,inter_expert_similarity_e1_e0,inter_expert_similarity_e1_e1,inter_expert_similarity_e1_e2,inter_expert_similarity_e1_e3,inter_expert_similarity_e2_e0,inter_expert_similarity_e2_e1,inter_expert_similarity_e2_e2,inter_expert_similarity_e2_e3,inter_expert_similarity_e3_e0,inter_expert_similarity_e3_e1,inter_expert_similarity_e3_e2,inter_expert_similarity_e3_e3,intra_expert_coherence_e0,intra_expert_coherence_e1,intra_expert_coherence_e2,intra_expert_coherence_e3,load_cv,load_max_min_ratio,overall_task_conflict_cos,router_entropy,router_load_e0,router_load_e1,router_load_e2,router_load_e3,task_acc__glue_rte,task_conflict_t0_t0,task_grad_norm_cv,task_loss__glue_rte,utilization_ratio
50.0,0.6327175796031952,0.5116465863453815,0.6878163598286801,0.5379061371841155,0.6802382005585564,1.0,0.0,0.0,0.0,0.0,0.0,1.0,1.0,1.0,1.0,1.0,0.01113303689346634,1.0,0.06679822136079804,0.0,0.0,0.06679822136079804,1.0,0.0,0.0,0.0,0.0,1.0,0.0,0.0,0.0,0.0,1.0,1.0,1.0,1.0,1.0,1.0000044107437134,501056909561.1572,1.0,0.6926220745816558,0.4989430606365204,0.5010569095611572,0.0,0.0,0.5379061371841155,1.0,0.0,0.6802382005585564,0.5
100.0,0.6832410395145416,0.6228915662650603,0.667098012757607,0.6353790613718412,0.6685378170675702,1.0,0.0,0.0,0.0,0.0,0.0,1.0,1.0,1.0,1.0,1.0,0.004554325266224357,1.0,0.027325951597346146,0.0,0.0,0.027325951597346146,1.0,0.0,0.0,0.0,0.0,1.0,0.0,0.0,0.0,0.0,1.0,1.0,1.0,1.0,1.0,0.99651038646698,503939747810.3638,1.0,0.6923328737059224,0.4942668676376343,0.5039397478103638,0.001793376635760069,0.0,0.6353790613718412,1.0,0.0,0.6685378170675702,0.5
150.0,0.6300741732120514,0.6767068273092369,0.6324478447628328,0.6389891696750902,0.647130184703403,1.0,0.0,0.0,0.0,0.0,0.0,1.0,1.0,1.0,1.0,1.0,-0.001981051184295961,1.0,-0.011886307105775767,0.0,0.0,-0.011886307105775767,1.0,0.0,0.0,0.0,0.0,1.0,0.0,0.0,0.0,0.0,1.0,1.0,1.0,1.0,1.0,0.9942877292633057,319.77368427850445,1.0,0.6920279208503475,0.4836712181568146,0.5130387544631958,0.0016043807845562696,0.0016856600996106863,0.6389891696750902,1.0,0.0,0.647130184703403,0.5
