step,train_step_loss,train_acc,train_loss,val_acc,val_loss,avg_intra_expert_coherence,expert_diversity_e0,expert_diversity_e1,expert_diversity_e2,expert_diversity_e3,expert_diversity_mean,expert_purity_e0,expert_purity_e1,expert_purity_e2,expert_purity_e3,expert_purity_mean,inter_expert_similarity,inter_expert_similarity_e0_e0,inter_expert_similarity_e0_e1,inter_expert_similarity_e0_e2,inter_expert_similarity_e0_e3,inter_expert_similarity_e1_e0,inter_expert_similarity_e1_e1,inter_expert_similarity_e1_e2,inter_expert_similarity_e1_e3,inter_expert_similarity_e2_e0,inter_expert_similarity_e2_e1,inter_expert_similarity_e2_e2,inter_expert_similarity_e2_e3,inter_expert_similarity_e3_e0,inter_expert_similarity_e3_e1,inter_expert_similarity_e3_e2,inter_expert_similarity_e3_e3,intra_expert_coherence_e0,intra_expert_coherence_e1,intra_expert_coherence_e2,intra_expert_coherence_e3,load_cv,load_max_min_ratio,overall_task_conflict_cos,router_entropy,router_load_e0,router_load_e1,router_load_e2,router_load_e3,task_acc__glue_rte,task_conflict_t0_t0,task_grad_norm_cv,task_loss__glue_rte,utilization_ratio
50.0,0.5603471100330353,0.548995983935743,0.6704919882500783,0.5415162454873647,0.6664642178350024,1.0,0.0,0.0,0.0,0.0,0.0,1.0,1.0,1.0,1.0,1.0,0.002246614939625968,1.0,0.0,0.0,0.013479689637755808,0.0,1.0,0.0,0.0,0.0,0.0,1.0,0.0,0.013479689637755808,0.0,0.0,1.0,1.0,1.0,1.0,1.0,1.0488829045821968,648.2740696082749,1.0,0.6500710494251458,0.3770357668399811,0.0009544821223244071,0.00324369128793478,0.6187660098075867,0.5415162454873647,1.0,0.0,0.6664642178350024,0.5
100.0,0.6625848710536957,0.6742971887550201,0.6510114711064559,0.6028880866425993,0.6659458412064446,1.0,0.0,0.0,0.0,0.0,0.0,1.0,1.0,1.0,1.0,1.0,0.005544961880506329,1.0,0.0,0.0,0.03326977128303797,0.0,1.0,0.0,0.0,0.0,0.0,1.0,0.0,0.03326977128303797,0.0,0.0,1.0,1.0,1.0,1.0,1.0,1.018881381683432,569028198719.0247,1.0,0.6776617993516613,0.43097174167633057,0.0,0.0,0.5690281987190247,0.6028880866425993,1.0,0.0,0.6659458412064446,0.5
150.0,0.6348624229431152,0.7522088353413655,0.5772287358076145,0.6931407942238267,0.6165062362949053,1.0,0.0,0.0,0.0,0.0,0.0,1.0,1.0,1.0,1.0,1.0,0.0037431815506183395,1.0,0.0,0.0,0.022459089303710038,0.0,1.0,0.0,0.0,0.0,0.0,1.0,0.0,0.022459089303710038,0.0,0.0,1.0,1.0,1.0,1.0,1.0,1.0008376836776733,514473915100.09766,1.0,0.6889863289650597,0.5144739151000977,0.0,0.0,0.48552608489990234,0.6931407942238267,1.0,0.0,0.6165062362949053,0.5
