step,train_step_loss,train_acc,train_loss,val_acc,val_loss,avg_intra_expert_coherence,expert_diversity_e0,expert_diversity_e1,expert_diversity_e2,expert_diversity_e3,expert_diversity_mean,expert_purity_e0,expert_purity_e1,expert_purity_e2,expert_purity_e3,expert_purity_mean,inter_expert_similarity,inter_expert_similarity_e0_e0,inter_expert_similarity_e0_e1,inter_expert_similarity_e0_e2,inter_expert_similarity_e0_e3,inter_expert_similarity_e1_e0,inter_expert_similarity_e1_e1,inter_expert_similarity_e1_e2,inter_expert_similarity_e1_e3,inter_expert_similarity_e2_e0,inter_expert_similarity_e2_e1,inter_expert_similarity_e2_e2,inter_expert_similarity_e2_e3,inter_expert_similarity_e3_e0,inter_expert_similarity_e3_e1,inter_expert_similarity_e3_e2,inter_expert_similarity_e3_e3,intra_expert_coherence_e0,intra_expert_coherence_e1,intra_expert_coherence_e2,intra_expert_coherence_e3,load_cv,load_max_min_ratio,overall_task_conflict_cos,router_entropy,router_load_e0,router_load_e1,router_load_e2,router_load_e3,task_acc__glue_sst2,task_conflict_t0_t0,task_grad_norm_cv,task_loss__glue_sst2,utilization_ratio
50.0,0.6230502426624298,0.5578256544269403,0.8636693160281895,0.5091743119266054,0.9365367642857811,1.0,0.0,0.0,0.0,0.0,0.0,1.0,1.0,1.0,1.0,1.0,0.05777948319192974,1.0,0.0,0.0,0.0,0.0,1.0,0.0,0.34667689915157845,0.0,0.0,1.0,0.0,0.0,0.34667689915157845,0.0,1.0,1.0,1.0,1.0,1.0,1.7320507764816284,1000000000000.0,1.0,2.241208435230006e-07,0.0,1.0,0.0,1.2302169949407471e-08,0.5091743119266054,1.0,0.0,0.9365367642857811,0.25
100.0,0.7886443436145782,0.5578256544269403,0.6880111962910785,0.5091743119266054,0.7047847839919004,1.0,0.0,0.0,0.0,0.0,0.0,1.0,1.0,1.0,1.0,1.0,-0.047929800818538565,1.0,0.0,0.0,0.0,0.0,1.0,0.0,-0.2875788049112314,0.0,0.0,1.0,0.0,0.0,-0.2875788049112314,0.0,1.0,1.0,1.0,1.0,1.0,1.731938347391077,999952137470.2454,1.0,0.0005324186400484739,0.0,0.9999521374702454,0.0,4.870905831921846e-05,0.5091743119266054,1.0,0.0,0.7047847839919004,0.25
150.0,0.747678816318512,0.44217434557305973,0.7572312361412546,0.4908256880733945,0.731744296984239,1.0,0.0,0.0,0.0,0.0,0.0,1.0,1.0,1.0,1.0,1.0,-0.03932406066207104,1.0,0.0,0.0,0.0,0.0,1.0,-0.2359443639724262,0.0,0.0,-0.2359443639724262,1.0,0.0,0.0,0.0,0.0,1.0,1.0,1.0,1.0,1.0,1.729643525247501,998956620693.2068,1.0,0.008201541344917148,0.0,0.9989566206932068,0.0010427404195070267,0.0,0.4908256880733945,1.0,0.0,0.731744296984239,0.25
