step,train_step_loss,train_acc,train_loss,val_acc,val_loss,avg_intra_expert_coherence,expert_diversity_e0,expert_diversity_e1,expert_diversity_e2,expert_diversity_e3,expert_diversity_mean,expert_purity_e0,expert_purity_e1,expert_purity_e2,expert_purity_e3,expert_purity_mean,inter_expert_similarity,inter_expert_similarity_e0_e0,inter_expert_similarity_e0_e1,inter_expert_similarity_e0_e2,inter_expert_similarity_e0_e3,inter_expert_similarity_e1_e0,inter_expert_similarity_e1_e1,inter_expert_similarity_e1_e2,inter_expert_similarity_e1_e3,inter_expert_similarity_e2_e0,inter_expert_similarity_e2_e1,inter_expert_similarity_e2_e2,inter_expert_similarity_e2_e3,inter_expert_similarity_e3_e0,inter_expert_similarity_e3_e1,inter_expert_similarity_e3_e2,inter_expert_similarity_e3_e3,intra_expert_coherence_e0,intra_expert_coherence_e1,intra_expert_coherence_e2,intra_expert_coherence_e3,load_cv,load_max_min_ratio,overall_task_conflict_cos,router_entropy,router_load_e0,router_load_e1,router_load_e2,router_load_e3,task_acc__glue_rte,task_conflict_t0_t0,task_grad_norm_cv,task_loss__glue_rte,utilization_ratio
50.0,0.5782897770404816,0.5016064257028112,0.6976068871907699,0.5270758122743683,0.6897269421153598,1.0,0.0,0.0,0.0,0.0,0.0,1.0,1.0,1.0,1.0,1.0,0.05287732415803891,1.0,0.0,0.0,0.0,0.0,1.0,0.31726394494823346,0.0,0.0,0.31726394494823346,1.0,0.0,0.0,0.0,0.0,1.0,1.0,1.0,1.0,1.0,1.0025702120405562,525365114212.03613,1.0,0.6915619571286419,0.0,0.4746348261833191,0.5253651142120361,0.0,0.5270758122743683,1.0,0.0,0.6897269421153598,0.5
100.0,0.6910927891731262,0.5506024096385542,0.6718770974721664,0.5090252707581228,0.6942411810159683,1.0,0.0,0.0,0.0,0.0,0.0,1.0,1.0,1.0,1.0,1.0,0.05099581762145328,1.0,0.0,0.0,0.0,0.0,1.0,0.30597490572871966,0.0,0.0,0.30597490572871966,1.0,0.0,0.0,0.0,0.0,1.0,1.0,1.0,1.0,1.0,1.0054910189498685,537101447582.2449,1.0,0.6900449547956997,0.0,0.4628984332084656,0.5371014475822449,0.0,0.5090252707581228,1.0,0.0,0.6942411810159683,0.5
150.0,0.6530289351940155,0.6742971887550201,0.6271011385780115,0.6209386281588448,0.6517485015922122,1.0,0.0,0.0,0.0,0.0,0.0,1.0,1.0,1.0,1.0,1.0,-0.002864811150575366,1.0,0.0,0.0,0.0,0.0,1.0,-0.017188866903452196,0.0,0.0,-0.017188866903452196,1.0,0.0,0.0,0.0,0.0,1.0,1.0,1.0,1.0,1.0,1.0049946308135986,535380423069.00024,1.0,0.6902130166546102,0.0,0.46461954712867737,0.5353804230690002,0.0,0.6209386281588448,1.0,0.0,0.6517485015922122,0.5
