ts_epoch,event,phase,completed_jobs,total_jobs,failed_jobs,percent,eta_sec,elapsed_sec
1774353039.9224093,init,,0,0,0,0.0,,1.621246337890625e-05
1774353039.9226842,pipeline_start,,0,0,0,0.0,,0.00030684471130371094
1774353039.923285,lock_wait,,0,0,0,0.0,,0.0005390644073486328
1774353039.9235067,lock_acquired,,0,0,0,0.0,,0.0011663436889648438
1774353039.9237466,method_start,,0,0,0,0.0,,0.0013537406921386719
1774353039.9239795,lock_wait,,0,0,0,0.0,,0.0016350746154785156
1774353039.9241762,lock_acquired,,0,0,0,0.0,,0.0018355846405029297
1774353039.9243789,lock_released,,0,0,0,0.0,,0.0020284652709960938
1774353039.9255896,lock_wait,,0,0,0,0.0,,0.0032355785369873047
1774353039.9257996,lock_acquired,,0,0,0,0.0,,0.0034568309783935547
1774353039.9259837,plan_add,,0,64,0,0.0,,0.003642559051513672
1774353039.9261713,phase_start,baseline:coord:train.lr,0,64,0,0.0,,0.0038309097290039062
1774353051.9927106,group_slots,baseline:coord:train.lr,0,64,0,0.0,,12.070193767547607
1774353052.0070126,group_start,baseline:coord:train.lr,0,64,0,0.0,,12.070583581924438
1774353191.047109,job_done,baseline:coord:train.lr,1,64,0,1.5625,9520.852664709091,151.12464547157288
1774353191.937811,job_done,baseline:coord:train.lr,2,64,0,3.125,4712.461980342865,152.01490259170532
1774353193.3616989,job_done,baseline:coord:train.lr,3,64,0,4.6875,3119.930131832759,153.43918681144714
1774353193.4189234,job_done,baseline:coord:train.lr,4,64,0,6.25,2302.447407245636,153.49649381637573
1774353193.8355865,job_done,baseline:coord:train.lr,5,64,0,7.8125,1816.175390291214,153.91316866874695
1774353193.8896403,job_done,baseline:coord:train.lr,6,64,0,9.375,1488.3501742680867,153.96725940704346
1774353320.0546985,job_done,baseline:coord:train.lr,7,64,0,10.9375,2281.075841188431,280.132120847702
1774353322.0226467,job_done,baseline:coord:train.lr,8,64,0,12.5,1974.7002964019775,282.10004234313965
1774353327.7049422,job_done,baseline:coord:train.lr,9,64,0,14.0625,1758.670320643319,287.7824161052704
1774353327.9990387,job_done,baseline:coord:train.lr,10,64,0,15.625,1555.6132477283477,288.07652735710144
1774353328.1396947,job_done,baseline:coord:train.lr,11,64,0,17.1875,1388.6829108324919,288.21720790863037
1774353328.271354,job_done,baseline:coord:train.lr,12,64,0,18.75,1249.5118228594463,288.34888219833374
1774353443.5719028,job_done,baseline:coord:train.lr,13,64,0,20.3125,1583.5471747288339,403.64927983283997
1774353446.364039,job_done,baseline:coord:train.lr,14,64,0,21.875,1451.5767506190707,406.44149017333984
1774353460.1377418,job_done,baseline:coord:train.lr,15,64,0,23.4375,1372.7028961499532,420.215172290802
1774353461.2346888,job_done,baseline:coord:train.lr,16,64,0,25.0,1263.936601638794,421.31220054626465
1774353461.8493955,job_done,baseline:coord:train.lr,17,64,0,26.5625,1166.5036865262425,421.9268653392792
1774353461.939674,job_done,baseline:coord:train.lr,18,64,0,28.125,1078.488241566552,422.017138004303
1774353566.3898609,job_done,baseline:coord:train.lr,19,64,0,29.6875,1246.8964021456868,526.4673697948456
1774353569.9950218,job_done,baseline:coord:train.lr,20,64,0,31.25,1166.159379863739,530.0724453926086
1774353592.0615463,job_done,baseline:coord:train.lr,21,64,0,32.8125,1130.5703707990192,552.1390182971954
1774353593.7770205,job_done,baseline:coord:train.lr,22,64,0,34.375,1057.3583657091315,553.8543820381165
1774353595.3175058,job_done,baseline:coord:train.lr,23,64,0,35.9375,990.0519543627034,555.3949987888336
1774353595.3797998,job_done,baseline:coord:train.lr,24,64,0,37.5,925.7622428735098,555.4573457241058
1774353689.250402,job_done,baseline:coord:train.lr,25,64,0,39.0625,1012.9509700870514,649.327544927597
1774353691.1296017,job_done,baseline:coord:train.lr,26,64,0,40.625,951.7640957648937,651.2070128917694
1774353722.9952252,job_done,baseline:coord:train.lr,27,64,0,42.1875,936.0623520480262,683.0725271701813
1774353725.4604933,job_done,baseline:coord:train.lr,28,64,0,43.75,881.4059277943203,685.5379438400269
1774353728.0928185,job_done,baseline:coord:train.lr,29,64,0,45.3125,830.5334552403153,688.1562914848328
1774353728.3079214,job_done,baseline:coord:train.lr,30,64,0,46.875,780.1700908819835,688.3853743076324
1774353816.6725886,job_done,baseline:coord:train.lr,31,64,0,48.4375,826.8630367248289,776.7501254081726
1774353817.9349656,job_done,baseline:coord:train.lr,32,64,0,50.0,778.0124840736389,778.0124840736389
1774353850.255202,job_done,baseline:coord:train.lr,33,64,0,51.5625,761.221601305586,810.3326723575592
1774353856.5088515,job_done,baseline:coord:train.lr,34,64,0,53.125,720.5173377429737,816.5863161087036
1774353859.2305093,job_done,baseline:coord:train.lr,35,64,0,54.6875,678.8551643167223,819.3079569339752
1774353859.560554,job_done,baseline:coord:train.lr,36,64,0,56.25,637.4962786038716,819.6380724906921
1774353947.075994,job_done,baseline:coord:train.lr,37,64,0,57.8125,661.9769003584579,907.1535301208496
1774353948.3866675,job_done,baseline:coord:train.lr,38,64,0,59.375,621.5804963362843,908.4638023376465
1774353975.769738,job_done,baseline:coord:train.lr,39,64,0,60.9375,599.9020574948727,935.8472096920013
1774353986.7901726,job_done,baseline:coord:train.lr,40,64,0,62.5,568.1205998897552,946.8676664829254
1774353990.0446,job_done,baseline:coord:train.lr,41,64,0,64.0625,532.9953465229128,950.1221394538879
1774353990.3787239,job_done,baseline:coord:train.lr,42,64,0,65.625,497.8580325671604,950.4562439918518
1774354077.984705,job_done,baseline:coord:train.lr,43,64,0,67.1875,506.96057219283523,1038.0621240139008
1774354078.8492446,job_done,baseline:coord:train.lr,44,64,0,68.75,472.2394544428045,1038.92679977417
1774354099.6093817,job_done,baseline:coord:train.lr,45,64,0,70.3125,447.4233347839779,1059.6868455410004
1774354116.8475351,job_done,baseline:coord:train.lr,46,64,0,71.875,421.40545902044875,1076.9250619411469
1774354121.7417545,job_done,baseline:coord:train.lr,47,64,0,73.4375,391.29628147470186,1081.8191311359406
1774354121.80591,job_done,baseline:coord:train.lr,48,64,0,75.0,360.6278004646301,1081.8834013938904
1774354208.761255,job_done,baseline:coord:train.lr,49,64,0,76.5625,357.80778918947493,1168.8387780189514
1774354209.2286835,job_done,baseline:coord:train.lr,50,64,0,78.125,327.4057667827606,1169.3063099384308
1774354221.1804144,job_done,baseline:coord:train.lr,51,64,0,79.6875,301.1049546587701,1181.2578990459442
1774354245.1604526,job_done,baseline:coord:train.lr,52,64,0,81.25,278.13182555712183,1205.237910747528
1774354253.4821653,job_done,baseline:coord:train.lr,53,64,0,82.8125,251.87087554301854,1213.5596730709076
1774354253.5492017,job_done,baseline:coord:train.lr,54,64,0,84.375,224.74568375834713,1213.6266922950745
1774354339.5254676,job_done,baseline:coord:train.lr,55,64,0,85.9375,212.662303499742,1299.6029658317566
1774354340.358957,job_done,baseline:coord:train.lr,56,64,0,87.5,185.77664075578963,1300.4364852905273
1774354345.8038924,job_done,baseline:coord:train.lr,57,64,0,89.0625,160.3713993398767,1305.88139462471
1774354371.7387714,job_done,baseline:coord:train.lr,58,64,0,90.625,137.77408975568312,1331.8162009716034
1774354384.6995463,job_done,baseline:coord:train.lr,59,64,0,92.1875,113.96415532645531,1344.7770328521729
1774354385.304801,job_done,baseline:coord:train.lr,60,64,0,93.75,89.69213466644287,1345.382019996643
1774354443.8918912,job_done,baseline:coord:train.lr,61,64,0,95.3125,69.04767668442648,1403.9694259166718
1774354444.826234,job_done,baseline:coord:train.lr,62,64,0,96.875,45.3194760891699,1404.903758764267
1774354446.0811942,job_done,baseline:coord:train.lr,63,64,0,98.4375,22.319978929701303,1406.1586725711823
1774354452.1442273,job_done,baseline:coord:train.lr,64,64,0,100.0,,1412.2217075824738
1774354452.1586149,group_end,baseline:coord:train.lr,64,64,0,100.0,,1412.2227461338043
1774354452.158976,phase_end,,64,64,0,100.0,,1412.2365102767944
1774354453.0660107,lock_released,,64,64,0,100.0,,1413.1435079574585
1774354453.0700185,lock_wait,,64,64,0,100.0,,1413.14755153656
1774354453.0704508,lock_acquired,,64,64,0,100.0,,1413.1479828357697
1774354453.0708082,plan_add,,64,128,0,50.0,1413.1483528614044,1413.1483528614044
1774354453.0711603,phase_start,baseline:coord:train.weight_decay,64,128,0,50.0,1413.148710489273,1413.148710489273
1774354465.0931768,group_slots,baseline:coord:train.weight_decay,64,128,0,50.0,1425.1706094741821,1425.1706094741821
1774354465.09373,group_start,baseline:coord:train.weight_decay,64,128,0,50.0,1425.1710922718048,1425.1710922718048
1774354598.7055418,job_done,baseline:coord:train.weight_decay,65,128,0,50.78125,1510.8204743385315,1558.7830290794373
1774354601.3384476,job_done,baseline:coord:train.weight_decay,66,128,0,51.5625,1466.7845177578204,1561.4157769680023
1774354603.7640553,job_done,baseline:coord:train.weight_decay,67,128,0,52.34375,1423.7959100915425,1563.841409444809
1774354604.247796,job_done,baseline:coord:train.weight_decay,68,128,0,53.125,1380.2870335999658,1564.3253047466278
1774354604.3870747,job_done,baseline:coord:train.weight_decay,69,128,0,53.90625,1337.7306449240532,1564.4646525382996
1774354604.3889935,job_done,baseline:coord:train.weight_decay,70,128,0,54.6875,1296.2716757365636,1564.4658155441284
1774354723.578834,job_done,baseline:coord:train.weight_decay,71,128,0,55.46875,1351.6677738612805,1683.6563498973846
1774354730.2738101,job_done,baseline:coord:train.weight_decay,72,128,0,56.25,1314.717663500044,1690.3512816429138
1774354736.1449482,job_done,baseline:coord:train.weight_decay,73,128,0,57.03125,1277.9757705453326,1696.2223863601685
1774354737.67988,job_done,baseline:coord:train.weight_decay,74,128,0,57.8125,1238.903971949139,1697.7572948932648
1774354737.940613,job_done,baseline:coord:train.weight_decay,75,128,0,58.59375,1199.9327863025665,1698.0180938243866
1774354738.008053,job_done,baseline:coord:train.weight_decay,76,128,0,59.375,1161.8480500296544,1698.0856115818024
1774354845.4189243,job_done,baseline:coord:train.weight_decay,77,128,0,60.15625,1195.848293437586,1805.4964430332184
1774354855.5263417,job_done,baseline:coord:train.weight_decay,78,128,0,60.9375,1163.8486010906024,1815.6038177013397
1774354867.5392985,job_done,baseline:coord:train.weight_decay,79,128,0,61.71875,1133.5851059110857,1827.616803407669
1774354870.8750896,job_done,baseline:coord:train.weight_decay,80,128,0,62.5,1098.5715527057648,1830.9525878429413
1774354871.3938262,job_done,baseline:coord:train.weight_decay,81,128,0,63.28125,1062.7056156911967,1831.4713802337646
1774354871.4689124,job_done,baseline:coord:train.weight_decay,82,128,0,64.0625,1027.4528969613518,1831.5464684963226
1774354966.2206063,job_done,baseline:coord:train.weight_decay,83,128,0,64.84375,1044.378521945103,1926.2981626987457
1774354978.8228395,job_done,baseline:coord:train.weight_decay,84,128,0,65.625,1015.614451862517,1938.9003171920776
1774354997.6223004,job_done,baseline:coord:train.weight_decay,85,128,0,66.40625,990.3657861288856,1957.6998097896576
1774355003.5352178,job_done,baseline:coord:train.weight_decay,86,128,0,67.1875,958.9736150697221,1963.6126403808594
1774355004.8838377,job_done,baseline:coord:train.weight_decay,87,128,0,67.96875,926.016258486386,1964.9613289833069
1774355005.0024054,job_done,baseline:coord:train.weight_decay,88,128,0,68.75,893.2180944356052,1965.0798077583313
1774355093.871517,job_done,baseline:coord:train.weight_decay,89,128,0,69.53125,900.0450485583101,2053.9489569664
1774355101.2887,job_done,baseline:coord:train.weight_decay,90,128,0,70.3125,870.3546275297801,2061.3662230968475
1774355125.1881485,job_done,baseline:coord:train.weight_decay,91,128,0,71.09375,847.8552613913357,2085.2656428813934
1774355134.4040558,job_done,baseline:coord:train.weight_decay,92,128,0,71.875,819.5797473969667,2094.481576681137
1774355137.146639,job_done,baseline:coord:train.weight_decay,93,128,0,72.65625,789.2778810378044,2097.2240839004517
1774355137.2828622,job_done,baseline:coord:train.weight_decay,94,128,0,73.4375,758.619692056737,2097.3603250980377
1774355223.2001674,job_done,baseline:coord:train.weight_decay,95,128,0,74.21875,758.4016952163295,2183.2776074409485
1774355227.927963,job_done,baseline:coord:train.weight_decay,96,128,0,75.0,729.3351607322693,2188.005482196808
1774355250.7093694,job_done,baseline:coord:train.weight_decay,97,128,0,75.78125,706.540115882441,2210.786814212799
1774355263.5876021,job_done,baseline:coord:train.weight_decay,98,128,0,76.5625,680.7137739658356,2223.664994955063
1774355269.5967844,job_done,baseline:coord:train.weight_decay,99,128,0,77.34375,653.1369176151776,2229.674304962158
1774355269.668933,job_done,baseline:coord:train.weight_decay,100,128,0,78.125,624.3290284156799,2229.7465300559998
1774355353.8570292,job_done,baseline:coord:train.weight_decay,101,128,0,78.90625,618.5765465675014,2313.9344890117645
1774355355.9518576,job_done,baseline:coord:train.weight_decay,102,128,0,79.6875,590.3604181233575,2316.029332637787
1774355375.1471546,job_done,baseline:coord:train.weight_decay,103,128,0,80.46875,566.8021019222666,2335.2246599197388
1774355392.1612778,job_done,baseline:coord:train.weight_decay,104,128,0,81.25,542.824330329895,2352.2387647628784
1774355401.018133,job_done,baseline:coord:train.weight_decay,105,128,0,82.03125,517.1923573834556,2361.095544576645
1774355401.3053024,job_done,baseline:coord:train.weight_decay,106,128,0,82.8125,490.09823411815574,2361.382400751114
1774355484.4755194,job_done,baseline:coord:train.weight_decay,107,128,0,83.59375,479.77208939445353,2444.5530269145966
1774355486.70675,job_done,baseline:coord:train.weight_decay,108,128,0,84.375,453.10819396266226,2446.7842473983765
1774355499.389565,job_done,baseline:coord:train.weight_decay,109,128,0,85.15625,428.71442259123563,2459.4669506549835
1774355519.841592,job_done,baseline:coord:train.weight_decay,110,128,0,85.9375,405.80494044477285,2479.9190804958344
1774355532.8787851,job_done,baseline:coord:train.weight_decay,111,128,0,86.71875,381.80411645098854,2492.956289768219
1774355532.9620602,job_done,baseline:coord:train.weight_decay,112,128,0,87.5,356.1484981264387,2493.039486885071
1774355614.571511,job_done,baseline:coord:train.weight_decay,113,128,0,88.28125,341.7675648431862,2574.6489884853363
1774355617.1085563,job_done,baseline:coord:train.weight_decay,114,128,0,89.0625,316.4965264462588,2577.186001062393
1774355624.5016801,job_done,baseline:coord:train.weight_decay,115,128,0,89.84375,292.1698193778163,2584.5791714191437
1774355647.667307,job_done,baseline:coord:train.weight_decay,116,128,0,90.625,269.76670644201084,2607.744828939438
1774355663.7411642,job_done,baseline:coord:train.weight_decay,117,128,0,91.40625,246.6837937628102,2623.8185336589813
1774355664.070479,job_done,baseline:coord:train.weight_decay,118,128,0,92.1875,222.38541003000938,2624.1478383541107
1774355743.04891,job_done,baseline:coord:train.weight_decay,119,128,0,92.96875,204.43813190339992,2703.1264107227325
1774355747.1570702,job_done,baseline:coord:train.weight_decay,120,128,0,93.75,180.48230516115825,2707.2345774173737
1774355753.6407087,job_done,baseline:coord:train.weight_decay,121,128,0,94.53125,156.99196096097143,2713.718182325363
1774355774.394146,job_done,baseline:coord:train.weight_decay,122,128,0,95.3125,134.48221404826054,2734.4716856479645
1774355795.3600686,job_done,baseline:coord:train.weight_decay,123,128,0,96.09375,112.00965579932299,2755.4375326633453
1774355795.467758,job_done,baseline:coord:train.weight_decay,124,128,0,96.875,88.88855625737098,2755.5452439785004
1774355847.575619,job_done,baseline:coord:train.weight_decay,125,128,0,97.65625,67.38367477798462,2807.653115749359
1774355851.3962522,job_done,baseline:coord:train.weight_decay,126,128,0,98.4375,44.62656766270835,2811.4737627506256
1774355853.6943884,job_done,baseline:coord:train.weight_decay,127,128,0,99.21875,22.155682653892697,2813.7716970443726
1774355858.211474,job_done,baseline:coord:train.weight_decay,128,128,0,100.0,,2818.2889308929443
1774355858.2122872,group_end,baseline:coord:train.weight_decay,128,128,0,100.0,,2818.289789199829
1774355858.2126503,phase_end,,128,128,0,100.0,,2818.290201187134
1774355859.0444856,lock_released,,128,128,0,100.0,,2819.121971130371
1774355859.0484428,lock_wait,,128,128,0,100.0,,2819.125960111618
1774355859.0488582,lock_acquired,,128,128,0,100.0,,2819.1264123916626
1774355859.049247,plan_add,,128,192,0,66.66666666666667,1409.5633846521378,2819.1267693042755
1774355859.0496533,phase_start,baseline:coord:train.grad_clip,128,192,0,66.66666666666667,1409.5635892152786,2819.1271784305573
1774355870.9752436,group_slots,baseline:coord:train.grad_clip,128,192,0,66.66666666666667,1415.5263637304306,2831.052727460861
1774355870.9755163,group_start,baseline:coord:train.grad_clip,128,192,0,66.66666666666667,1415.526567697525,2831.05313539505
1774356008.139654,job_done,baseline:coord:train.grad_clip,129,192,0,67.1875,1449.5943596695745,2968.2170221805573
1774356011.1409621,job_done,baseline:coord:train.grad_clip,130,192,0,67.70833333333333,1417.0426282479214,2971.218414068222
1774356011.7189913,job_done,baseline:coord:train.grad_clip,131,192,0,68.22916666666667,1383.8136121880916,2971.7964458465576
1774356011.8906655,job_done,baseline:coord:train.grad_clip,132,192,0,68.75,1350.894672979008,2971.9682805538177
1774356012.2291274,job_done,baseline:coord:train.grad_clip,133,192,0,69.27083333333333,1318.5420785936196,2972.3067195415497
1774356012.230629,job_done,baseline:coord:train.grad_clip,134,192,0,69.79166666666667,1286.5211349957026,2972.3074498176575
1774356136.0486581,job_done,baseline:coord:train.grad_clip,135,192,0,70.3125,1307.25327073733,3096.126167535782
1774356143.4943802,job_done,baseline:coord:train.grad_clip,136,192,0,70.83333333333333,1277.9413319615758,3103.571806192398
1774356145.865684,job_done,baseline:coord:train.grad_clip,137,192,0,71.35416666666667,1246.9114862741346,3105.9431567192078
1774356146.1713853,job_done,baseline:coord:train.grad_clip,138,192,0,71.875,1215.4886672289476,3106.2488162517548
1774356146.675481,job_done,baseline:coord:train.grad_clip,139,192,0,72.39583333333333,1184.589257207706,3106.7529575824738
1774356146.7404451,job_done,baseline:coord:train.grad_clip,140,192,0,72.91666666666667,1153.9609251431057,3106.8178753852844
1774356254.6899102,job_done,baseline:coord:train.grad_clip,141,192,0,73.4375,1162.788228268319,3214.767454624176
1774356272.4292288,job_done,baseline:coord:train.grad_clip,142,192,0,73.95833333333333,1138.2065860318467,3232.5067043304443
1774356278.4043007,job_done,baseline:coord:train.grad_clip,143,192,0,74.47916666666667,1109.6895828097015,3238.4818437099457
1774356280.053191,job_done,baseline:coord:train.grad_clip,144,192,0,75.0,1080.0435349146524,3240.1306047439575
1774356280.8819125,job_done,baseline:coord:train.grad_clip,145,192,0,75.52083333333333,1050.5178739218877,3240.9593982696533
1774356280.951822,job_done,baseline:coord:train.grad_clip,146,192,0,76.04166666666667,1021.1462263636394,3241.0293271541595
1774356374.8632221,job_done,baseline:coord:train.grad_clip,147,192,0,76.5625,1020.9002098501945,3334.9406855106354
1774356397.2223032,job_done,baseline:coord:train.grad_clip,148,192,0,77.08333333333333,998.1161467384649,3357.2997663021088
1774356409.1532996,job_done,baseline:coord:train.grad_clip,149,192,0,77.60416666666667,972.3242911044384,3369.2167296409607
1774356411.225742,job_done,baseline:coord:train.grad_clip,150,192,0,78.125,943.9649087524414,3371.3032455444336
1774356414.0069041,job_done,baseline:coord:train.grad_clip,151,192,0,78.64583333333333,916.1421255275902,3374.0844135284424
1774356414.0749094,job_done,baseline:coord:train.grad_clip,152,192,0,79.16666666666667,887.9348781861756,3374.1525371074677
1774356501.5242546,job_done,baseline:coord:train.grad_clip,153,192,0,79.6875,882.3690617738986,3461.6017038822174
1774356521.3222926,job_done,baseline:coord:train.grad_clip,154,192,0,80.20833333333333,859.0467022053607,3481.3997931480408
1774356538.0469496,job_done,baseline:coord:train.grad_clip,155,192,0,80.72916666666667,835.0361652851105,3498.1244761943817
1774356542.5708988,job_done,baseline:coord:train.grad_clip,156,192,0,81.25,808.3002407917609,3502.6343767642975
1774356546.16214,job_done,baseline:coord:train.grad_clip,157,192,0,81.77083333333333,781.6457597920848,3506.2395510673523
1774356546.414348,job_done,baseline:coord:train.grad_clip,158,192,0,82.29166666666667,754.5615279312375,3506.491806268692
1774356630.600714,job_done,baseline:coord:train.grad_clip,159,192,0,82.8125,745.2350672370983,3590.6780512332916
1774356645.0471103,job_done,baseline:coord:train.grad_clip,160,192,0,83.33333333333333,721.0249201774596,3605.1246008872986
1774356666.142353,job_done,baseline:coord:train.grad_clip,161,192,0,83.85416666666667,698.2135556218046,3626.2058856487274
1774356673.7129524,job_done,baseline:coord:train.grad_clip,162,192,0,84.375,672.924157248603,3633.790449142456
1774356677.798472,job_done,baseline:coord:train.grad_clip,163,192,0,84.89583333333333,647.2294619449077,3637.8759412765503
1774356678.0546868,job_done,baseline:coord:train.grad_clip,164,192,0,85.41666666666667,621.1444713546009,3638.1319036483765
1774356760.6307116,job_done,baseline:coord:train.grad_clip,165,192,0,85.9375,608.843158162724,3720.7081887722015
1774356770.1492634,job_done,baseline:coord:train.grad_clip,166,192,0,86.45833333333333,584.2523717592998,3730.2266812324524
1774356794.0289426,job_done,baseline:coord:train.grad_clip,167,192,0,86.97916666666667,561.991962201581,3754.1063075065613
1774356804.1466928,job_done,baseline:coord:train.grad_clip,168,192,0,87.5,537.7462972232274,3764.2240805625916
1774356808.6888227,job_done,baseline:coord:train.grad_clip,169,192,0,88.02083333333333,512.9090206383248,3768.766282081604
1774356809.1958358,job_done,baseline:coord:train.grad_clip,170,192,0,88.54166666666667,487.7883145556731,3769.2733397483826
1774356889.5567498,job_done,baseline:coord:train.grad_clip,171,192,0,89.0625,472.7620789670108,3849.6340715885162
1774356897.8184717,job_done,baseline:coord:train.grad_clip,172,192,0,89.58333333333333,448.59255369319476,3857.8959617614746
1774356922.3364146,job_done,baseline:coord:train.grad_clip,173,192,0,90.10416666666667,426.39227336266134,3882.413857460022
1774356934.0587099,job_done,baseline:coord:train.grad_clip,174,192,0,90.625,402.84167363725857,3894.1361784934998
1774356939.4141543,job_done,baseline:coord:train.grad_clip,175,192,0,91.14583333333333,378.80776471955437,3899.4916956424713
1774356939.882623,job_done,baseline:coord:train.grad_clip,176,192,0,91.66666666666667,354.5418293042616,3899.960122346878
1774357017.902735,job_done,baseline:coord:train.grad_clip,177,192,0,92.1875,337.1169670355522,3977.980211019516
1774357026.2614844,job_done,baseline:coord:train.grad_clip,178,192,0,92.70833333333333,313.5322800914893,3986.3389897346497
1774357050.4975004,job_done,baseline:coord:train.grad_clip,179,192,0,93.22916666666667,291.2708036180315,4010.5749113559723
1774357063.4240685,job_done,baseline:coord:train.grad_clip,180,192,0,93.75,268.2334361553192,4023.501542329788
1774357070.0757992,job_done,baseline:coord:train.grad_clip,181,192,0,94.27083333333333,244.92644472148535,4030.1533176898956
1774357070.589659,job_done,baseline:coord:train.grad_clip,182,192,0,94.79166666666667,221.46522694891627,4030.667130470276
1774357146.4708319,job_done,baseline:coord:train.grad_clip,183,192,0,95.3125,201.9613881814675,4106.548226356506
1774357154.9860382,job_done,baseline:coord:train.grad_clip,184,192,0,95.83333333333333,178.91580850145093,4115.063595533371
1774357178.4083078,job_done,baseline:coord:train.grad_clip,185,192,0,96.35416666666667,156.59135328756798,4138.485765457153
1774357192.692154,job_done,baseline:coord:train.grad_clip,186,192,0,96.875,133.9603112051564,4152.769647359848
1774357200.9757261,job_done,baseline:coord:train.grad_clip,187,192,0,97.39583333333333,111.25810787639516,4161.053234577179
1774357201.3831394,job_done,baseline:coord:train.grad_clip,188,192,0,97.91666666666667,88.54171509945645,4161.460609674454
1774357252.4922779,job_done,baseline:coord:train.grad_clip,189,192,0,98.4375,66.86618538886782,4212.5696794986725
1774357257.1999688,job_done,baseline:coord:train.grad_clip,190,192,0,98.95833333333333,44.39224774712011,4217.26353597641
1774357265.6129117,job_done,baseline:coord:train.grad_clip,191,192,0,99.47916666666667,22.124032934298693,4225.69029045105
1774357269.1674154,job_done,baseline:coord:train.grad_clip,192,192,0,100.0,,4229.24488568306
1774357269.1819015,group_end,baseline:coord:train.grad_clip,192,192,0,100.0,,4229.245606422424
1774357269.1822813,phase_end,,192,192,0,100.0,,4229.259811639786
1774357269.965774,lock_released,,192,192,0,100.0,,4230.042649507523
1774357269.9701993,lock_wait,,192,192,0,100.0,,4230.047693729401
1774357269.9706335,lock_acquired,,192,192,0,100.0,,4230.04816865921
1774357269.971,plan_add,,192,246,0,78.04878048780488,1189.7011529132724,4230.048543691635
1774357269.9714303,phase_start,baseline:local_var_topk,192,246,0,78.04878048780488,1189.7012588605285,4230.04892039299
1774357282.0270228,group_slots,baseline:local_var_topk,192,246,0,78.04878048780488,1193.0918938592076,4242.104511499405
1774357282.027289,group_start,baseline:local_var_topk,192,246,0,78.04878048780488,1193.0920059084892,4242.104909896851
1774357412.912547,job_done,baseline:local_var_topk,193,246,0,78.45528455284553,1200.8729027355273,4372.990004301071
1774357417.502975,job_done,baseline:local_var_topk,194,246,0,78.86178861788618,1173.3720484025698,4377.5803344249725
1774357420.1012611,job_done,baseline:local_var_topk,195,246,0,79.26829268292683,1145.5852156015542,4380.178765535355
1774357420.1978598,job_done,baseline:local_var_topk,196,246,0,79.67479674796748,1117.417205657278,4380.275446176529
1774357420.4522688,job_done,baseline:local_var_topk,197,246,0,80.08130081300813,1089.5734173743253,4380.529861688614
1774357420.6245806,job_done,baseline:local_var_topk,198,246,0,80.48780487804878,1061.988403262514,4380.7021634578705
1774357532.6989107,job_done,baseline:local_var_topk,199,246,0,80.89430894308943,1061.1080059849437,4492.776450872421
1774357545.1428952,job_done,baseline:local_var_topk,200,246,0,81.30081300813008,1036.2006636714934,4505.220276832581
1774357554.808351,job_done,baseline:local_var_topk,201,246,0,81.70731707317073,1010.7953344174285,4514.885827064514
1774357555.1958046,job_done,baseline:local_var_topk,202,246,0,82.11382113821138,983.5248629834393,4515.273234605789
1774357555.2900078,job_done,baseline:local_var_topk,203,246,0,82.52032520325203,956.4571460961121,4515.367457151413
1774357555.3550692,job_done,baseline:local_var_topk,204,246,0,82.92682926829268,929.647882643868,4515.432572841644
1774357650.2418826,job_done,baseline:local_var_topk,205,246,0,83.33333333333333,922.0638695716858,4610.319347858429
1774357665.5351462,job_done,baseline:local_var_topk,206,246,0,83.73983739837398,898.1772082523236,4625.612622499466
1774357687.7512298,job_done,baseline:local_var_topk,207,246,0,84.14634146341463,875.6778731829878,4647.828711509705
1774357689.9766273,job_done,baseline:local_var_topk,208,246,0,84.55284552845528,849.5291220958417,4650.054141998291
1774357690.4503946,job_done,baseline:local_var_topk,209,246,0,84.95934959349593,823.299195156143,4650.5278861522675
1774357690.5143142,job_done,baseline:local_var_topk,210,246,0,85.36585365853658,797.2443088122777,4650.591801404953
1774357776.0764525,job_done,baseline:local_var_topk,211,246,0,85.77235772357723,785.617945996506,4736.153903007507
1774357783.0945437,job_done,baseline:local_var_topk,212,246,0,86.17886178861788,760.6951613426208,4743.158064842224
1774357817.5649898,job_done,baseline:local_var_topk,213,246,0,86.58536585365853,740.1981389623293,4777.642533302307
1774357822.8152287,job_done,baseline:local_var_topk,214,246,0,86.99186991869918,715.1989112212278,4782.892718791962
1774357824.0388575,job_done,baseline:local_var_topk,215,246,0,87.39837398373983,689.8028204862461,4784.116335630417
1774357824.1650014,job_done,baseline:local_var_topk,216,246,0,87.8048780487805,664.4781191481484,4784.242457866669
1774357905.9259155,job_done,baseline:local_var_topk,217,246,0,88.21138211382114,650.2935314793741,4865.989528656006
1774357908.3415525,job_done,baseline:local_var_topk,218,246,0,88.6178861788618,625.3015122676114,4868.418916940689
1774357944.6582408,job_done,baseline:local_var_topk,219,246,0,89.02439024390245,604.6934431872955,4904.7357058525085
1774357954.360969,job_done,baseline:local_var_topk,220,246,0,89.4308943089431,580.7971766731955,4914.437648773193
1774357955.659111,job_done,baseline:local_var_topk,221,246,0,89.83739837398375,556.078794261449,4915.73654127121
1774357955.7256825,job_done,baseline:local_var_topk,222,246,0,90.2439024390244,531.4381675462465,4915.80304980278
1774358033.9794095,job_done,baseline:local_var_topk,223,246,0,90.65040650406505,515.0820870912663,4994.056757450104
1774358037.790351,job_done,baseline:local_var_topk,224,246,0,91.0569105691057,490.86200846093044,4997.8677225112915
1774358071.8802252,job_done,baseline:local_var_topk,225,246,0,91.46341463414635,469.64938473383586,5031.957693576813
1774358084.6719582,job_done,baseline:local_var_topk,226,246,0,91.869918699187,446.4379952439165,5044.749346256256
1774358086.6540797,job_done,baseline:local_var_topk,227,246,0,92.27642276422765,422.4136468586943,5046.731465101242
1774358086.8071198,job_done,baseline:local_var_topk,228,246,0,92.6829268292683,398.4382591686751,5046.884616136551
1774358161.6910431,job_done,baseline:local_var_topk,229,246,0,93.08943089430895,380.21862781724553,5121.768574714661
1774358166.9521987,job_done,baseline:local_var_topk,230,246,0,93.4959349593496,356.66293343253756,5127.029668092728
1774358199.5146074,job_done,baseline:local_var_topk,231,246,0,93.90243902439025,335.03843850903695,5159.591953039169
1774358215.2704067,job_done,baseline:local_var_topk,232,246,0,94.3089430894309,312.30547562549856,5175.347881793976
1774358217.3682125,job_done,baseline:local_var_topk,233,246,0,94.71544715447155,288.87036062105534,5177.445694208145
1774358217.5142972,job_done,baseline:local_var_topk,234,246,0,95.1219512195122,265.51752849725574,5177.591805696487
1774358289.473167,job_done,baseline:local_var_topk,235,246,0,95.52845528455285,245.72365071114075,5249.550719738007
1774358295.387604,job_done,baseline:local_var_topk,236,246,0,95.9349593495935,222.68919751805774,5255.465061426163
1774358327.52949,job_done,baseline:local_var_topk,237,246,0,96.34146341463415,200.79520021812826,5287.606939077377
1774358345.2351878,job_done,baseline:local_var_topk,238,246,0,96.7479674796748,178.3298369415668,5305.312649011612
1774358348.173402,job_done,baseline:local_var_topk,239,246,0,97.15447154471545,155.47178309632145,5308.2508800029755
1774358348.514864,job_done,baseline:local_var_topk,240,246,0,97.5609756097561,132.71480931639672,5308.5923726558685
1774358417.5599017,job_done,baseline:local_var_topk,241,246,0,97.96747967479675,111.5692409093944,5377.637411832809
1774358423.5117936,job_done,baseline:local_var_topk,242,246,0,98.3739837398374,88.98494269237045,5383.5890328884125
1774358444.457029,job_done,baseline:local_var_topk,243,246,0,98.78048780487805,66.72247619982119,5404.520572185516
1774358456.0582912,job_done,baseline:local_var_topk,244,246,0,99.1869918699187,44.39455578757114,5416.135806083679
1774358457.9361043,job_done,baseline:local_var_topk,245,246,0,99.59349593495935,22.114341222996615,5418.0135996341705
1774358458.060186,job_done,baseline:local_var_topk,246,246,0,100.0,,5418.137678861618
1774358458.060929,group_end,baseline:local_var_topk,246,246,0,100.0,,5418.138434648514
1774358458.061251,phase_end,,246,246,0,100.0,,5418.138815164566
1774358458.8192,lock_released,,246,246,0,100.0,,5418.896693468094
1774358458.8348386,method_done,,246,246,0,100.0,,5418.912389278412
1774358458.8352065,method_start,,246,246,0,100.0,,5418.912754535675
1774358458.8356712,lock_wait,,246,246,0,100.0,,5418.91322016716
1774358458.8360584,lock_acquired,,246,246,0,100.0,,5418.91361784935
1774358458.8364284,lock_released,,246,246,0,100.0,,5418.91397023201
1774358458.8381026,lock_wait,,246,246,0,100.0,,5418.915638446808
1774358458.8385005,lock_acquired,,246,246,0,100.0,,5418.916032552719
1774358458.8388503,plan_add,,246,286,0,86.01398601398601,881.1246186930958,5418.91640496254
1774358458.8391979,phase_start,cagrad:coord:train.lr,246,286,0,86.01398601398601,881.1246758360204,5418.916756391525
1774358471.9371536,group_slots,cagrad:coord:train.lr,246,286,0,86.01398601398601,883.2544153104953,5432.014654159546
1774358471.937432,group_start,cagrad:coord:train.lr,246,286,0,86.01398601398601,883.2544772993259,5432.015035390854
1774358672.590245,job_done,cagrad:coord:train.lr,247,286,0,86.36363636363636,889.3685842940681,5632.6677005290985
1774358678.6822493,job_done,cagrad:coord:train.lr,248,286,0,86.7132867132867,864.0035006019377,5638.759688138962
1774358678.9766572,job_done,cagrad:coord:train.lr,249,286,0,87.06293706293707,837.9317477697349,5639.054194450378
1774358679.1225681,job_done,cagrad:coord:train.lr,250,286,0,87.41258741258741,812.0448229064942,5639.200159072876
1774358679.6039734,job_done,cagrad:coord:train.lr,251,286,0,87.76223776223776,786.4097676524128,5639.681476593018
1774358679.6610112,job_done,cagrad:coord:train.lr,252,286,0,88.1118881118881,760.9171042404478,5639.738537311554
1774358840.2200687,job_done,cagrad:coord:train.lr,253,286,0,88.46153846153847,756.5605454548545,5800.297515153885
1774358867.3516319,job_done,cagrad:coord:train.lr,254,286,0,88.81118881118881,734.1642916221318,5827.429064750671
1774358878.290965,job_done,cagrad:coord:train.lr,255,286,0,89.16083916083916,709.7624257069008,5838.3683404922485
1774358878.3729968,job_done,cagrad:coord:train.lr,256,286,0,89.5104895104895,684.1934158746153,5838.450482130051
1774358878.539865,job_done,cagrad:coord:train.lr,257,286,0,89.86013986013987,658.8322854969753,5838.617150783539
1774358878.8046446,job_done,cagrad:coord:train.lr,258,286,0,90.20979020979021,633.6771345693012,5838.882168531418
1774359016.204796,job_done,cagrad:coord:train.lr,259,286,0,90.55944055944056,623.0101197870541,5976.28226017952
1774359036.1019297,job_done,cagrad:coord:train.lr,260,286,0,90.9090909090909,599.6179374933242,5996.179374933243
1774359065.6538253,job_done,cagrad:coord:train.lr,261,286,0,91.25874125874125,577.1773280083448,6025.73130440712
1774359075.2190876,job_done,cagrad:coord:train.lr,262,286,0,91.60839160839161,552.8515947502078,6035.296576023102
1774359075.9455693,job_done,cagrad:coord:train.lr,263,286,0,91.95804195804196,527.8651338856483,6036.023052692413
1774359076.052745,job_done,cagrad:coord:train.lr,264,286,0,92.3076923076923,503.01085501909256,6036.130260229111
1774359190.0514815,job_done,cagrad:coord:train.lr,265,286,0,92.65734265734265,487.36870999156304,6150.128959417343
1774359207.407471,job_done,cagrad:coord:train.lr,266,286,0,93.00699300699301,463.7206685453429,6167.484891653061
1774359233.2989001,job_done,cagrad:coord:train.lr,267,286,0,93.35664335664336,440.72714947225444,6193.3762583732605
1774359263.1692426,job_done,cagrad:coord:train.lr,268,286,0,93.7062937062937,417.9792561655614,6223.24670290947
1774359267.5821557,job_done,cagrad:coord:train.lr,269,286,0,94.05594405594405,393.56868616887624,6227.645681142807
1774359267.6308794,job_done,cagrad:coord:train.lr,270,286,0,94.4055944055944,369.049371210734,6227.708139181137
1774359361.95448,job_done,cagrad:coord:train.lr,271,286,0,94.75524475524476,349.92796632636515,6322.031924962997
1774359392.7354279,job_done,cagrad:coord:train.lr,272,286,0,95.1048951048951,326.98301659612093,6352.812893867493
1774359401.6820226,job_done,cagrad:coord:train.lr,273,286,0,95.45454545454545,302.9409270400093,6361.759467840195
1774359441.0534737,job_done,cagrad:coord:train.lr,274,286,0,95.8041958041958,280.3414980860522,6401.130872964859
1774359455.2478764,job_done,cagrad:coord:train.lr,275,286,0,96.15384615384616,256.613013086319,6415.325327157974
1774359456.1652272,job_done,cagrad:coord:train.lr,276,286,0,96.5034965034965,232.47256291949228,6416.242736577988
1774359530.215115,job_done,cagrad:coord:train.lr,277,286,0,96.85314685314685,210.87593358518416,6490.292622566223
1774359572.0338273,job_done,cagrad:coord:train.lr,278,286,0,97.2027972027972,187.9744256040175,6532.111289739609
1774359586.0475678,job_done,cagrad:coord:train.lr,279,286,0,97.55244755244755,164.23969559173855,6546.12501001358
1774359610.1593852,job_done,cagrad:coord:train.lr,280,286,0,97.9020979020979,140.79078846829276,6570.2367951869965
1774359643.572098,job_done,cagrad:coord:train.lr,281,286,0,98.25174825174825,117.50266148102241,6603.6495752334595
1774359645.0974483,job_done,cagrad:coord:train.lr,282,286,0,98.6013986013986,93.69042390458128,6605.17488527298
1774359699.9369628,job_done,cagrad:coord:train.lr,283,286,0,98.95104895104895,70.60086039519562,6660.014497280121
1774359727.4178717,job_done,cagrad:coord:train.lr,284,286,0,99.3006993006993,47.09503751573428,6687.495327234268
1774359744.464648,job_done,cagrad:coord:train.lr,285,286,0,99.65034965034965,23.524709166978536,6704.542112588882
1774359757.1530735,job_done,cagrad:coord:train.lr,286,286,0,100.0,,6717.230553627014
1774359757.1675823,group_end,cagrad:coord:train.lr,286,286,0,100.0,,6717.231316804886
1774359757.1679454,phase_end,,286,286,0,100.0,,6717.24548125267
1774359758.0484505,lock_released,,286,286,0,100.0,,6718.125913143158
1774359758.0512931,lock_wait,,286,286,0,100.0,,6718.128825426102
1774359758.0517235,lock_acquired,,286,286,0,100.0,,6718.12926530838
1774359758.0520842,plan_add,,286,324,0,88.27160493827161,892.6186224964115,6718.129632472992
1774359758.0524642,phase_start,cagrad:coord:train.weight_decay,286,324,0,88.27160493827161,892.6186706152829,6718.129994630814
1774359771.23262,group_slots,cagrad:coord:train.weight_decay,286,324,0,88.27160493827161,894.3698740705744,6731.310104846954
1774359771.232876,group_start,cagrad:coord:train.weight_decay,286,324,0,88.27160493827161,894.3699266560428,6731.310500621796
1774359962.266285,job_done,cagrad:coord:train.weight_decay,287,324,0,88.58024691358025,892.4275945371037,6922.343773841858
1774359974.9194047,job_done,cagrad:coord:train.weight_decay,288,324,0,88.88888888888889,866.8745968043804,6934.996774435043
1774359976.6909947,job_done,cagrad:coord:train.weight_decay,289,324,0,89.19753086419753,840.0930444097024,6936.768280982971
1774359977.092793,job_done,cagrad:coord:train.weight_decay,290,324,0,89.50617283950618,813.3234086414864,6937.170250177383
1774359977.1774642,job_done,cagrad:coord:train.weight_decay,291,324,0,89.81481481481481,786.6990218752438,6937.255011081696
1774359977.2342687,job_done,cagrad:coord:train.weight_decay,292,324,0,90.12345679012346,760.2533513683163,6937.311831235886
1774360131.5575435,job_done,cagrad:coord:train.weight_decay,293,324,0,90.4320987654321,750.3094919509042,7091.634875535965
1774360154.5699072,job_done,cagrad:coord:train.weight_decay,294,324,0,90.74074074074075,725.9844266881748,7114.647381544113
1774360170.9600658,job_done,cagrad:coord:train.weight_decay,295,324,0,91.04938271604938,701.0172499721333,7131.037542819977
1774360173.9281902,job_done,cagrad:coord:train.weight_decay,296,324,0,91.35802469135803,674.8383725494951,7134.005652666092
1774360174.2491992,job_done,cagrad:coord:train.weight_decay,297,324,0,91.66666666666667,648.5751530257138,7134.326683282852
1774360174.3186965,job_done,cagrad:coord:train.weight_decay,298,324,0,91.9753086419753,622.4640842108118,7134.396042108536
1774360305.5937533,job_done,cagrad:coord:train.weight_decay,299,324,0,92.28395061728395,607.4975926142473,7265.671207666397
1774360320.4291131,job_done,cagrad:coord:train.weight_decay,300,324,0,92.5925925925926,582.4405258560181,7280.506573200226
1774360340.3559117,job_done,cagrad:coord:train.weight_decay,301,324,0,92.90123456790124,557.8404192575981,7300.433312892914
1774360362.8225968,job_done,cagrad:coord:train.weight_decay,302,324,0,93.20987654320987,533.4562945586956,7322.900043487549
1774360363.8501475,job_done,cagrad:coord:train.weight_decay,303,324,0,93.51851851851852,507.5989335787179,7323.927470207214
1774360364.1296122,job_done,cagrad:coord:train.weight_decay,304,324,0,93.82716049382717,481.85573155942717,7324.207119703293
1774360486.250438,job_done,cagrad:coord:train.weight_decay,305,324,0,94.1358024691358,463.8696080692479,7446.327919006348
1774360498.2522764,job_done,cagrad:coord:train.weight_decay,306,324,0,94.44444444444444,438.7252794574289,7458.329750776291
1774360507.5176075,job_done,cagrad:coord:train.weight_decay,307,324,0,94.75308641975309,413.5150321391972,7467.594992160797
1774360557.7224135,job_done,cagrad:coord:train.weight_decay,308,324,0,95.06172839506173,390.53505621327986,7517.799832105637
1774360559.910643,job_done,cagrad:coord:train.weight_decay,309,324,0,95.37037037037037,365.04796750337175,7519.988130569458
1774360559.9802618,job_done,cagrad:coord:train.weight_decay,310,324,0,95.67901234567901,339.6155121618702,7520.0577692985535
1774360661.0773954,job_done,cagrad:coord:train.weight_decay,311,324,0,95.98765432098766,318.5691704658067,7621.154770374298
1774360681.0197124,job_done,cagrad:coord:train.weight_decay,312,324,0,96.29629629629629,293.8883526783723,7641.09716963768
1774360693.994692,job_done,cagrad:coord:train.weight_decay,313,324,0,96.60493827160494,268.9929527680333,7654.072201490402
1774360753.251684,job_done,cagrad:coord:train.weight_decay,314,324,0,96.91358024691358,245.6474254313548,7713.32915854454
1774360756.9724767,job_done,cagrad:coord:train.weight_decay,315,324,0,97.22222222222223,220.48714092799594,7717.049932479858
1774360757.7061012,job_done,cagrad:coord:train.weight_decay,316,324,0,97.53086419753086,195.38692606551737,7717.783579587936
1774360834.2364943,job_done,cagrad:coord:train.weight_decay,317,324,0,97.8395061728395,172.11418726090753,7794.313908815384
1774360861.6139765,job_done,cagrad:coord:train.weight_decay,318,324,0,98.14814814814815,147.57908401399288,7821.691452741623
1774360884.7631516,job_done,cagrad:coord:train.weight_decay,319,324,0,98.45679012345678,122.95988358300309,7844.840572595596
1774360934.7189267,job_done,cagrad:coord:train.weight_decay,320,324,0,98.76543209876543,98.6849548459053,7894.796387672424
1774360942.4176226,job_done,cagrad:coord:train.weight_decay,321,324,0,99.07407407407408,73.85509478043173,7902.495141506195
1774360942.6749687,job_done,cagrad:coord:train.weight_decay,322,324,0,99.38271604938272,49.085418933667015,7902.752448320389
1774360987.2125812,job_done,cagrad:coord:train.weight_decay,323,324,0,99.69135802469135,24.604613062767054,7947.290019273758
1774361006.4854894,job_done,cagrad:coord:train.weight_decay,324,324,0,100.0,,7966.562948703766
1774361006.4865685,group_end,cagrad:coord:train.weight_decay,324,324,0,100.0,,7966.564002275467
1774361006.4869623,phase_end,,324,324,0,100.0,,7966.564478635788
1774361007.2565444,lock_released,,324,324,0,100.0,,7967.333978652954
1774361007.2597098,lock_wait,,324,324,0,100.0,,7967.337208509445
1774361007.2601755,lock_acquired,,324,324,0,100.0,,7967.337696790695
1774361007.2606072,plan_add,,324,362,0,89.50276243093923,934.4408898044516,7967.338113069534
1774361007.2610047,phase_start,cagrad:coord:train.grad_clip,324,362,0,89.50276243093923,934.4409388509797,7967.338531255722
1774361020.2967906,group_slots,cagrad:coord:train.grad_clip,324,362,0,89.50276243093923,935.969824190493,7980.374290466309
1774361020.2970495,group_start,cagrad:coord:train.grad_clip,324,362,0,89.50276243093923,935.9698685113294,7980.3746683597565
1774361230.6449287,job_done,cagrad:coord:train.grad_clip,325,362,0,89.77900552486187,932.4822315172049,8190.72230386734
1774361232.3862417,job_done,cagrad:coord:train.grad_clip,326,362,0,90.05524861878453,904.6892519553015,8192.46378159523
1774361233.5265832,job_done,cagrad:coord:train.grad_clip,327,362,0,90.33149171270718,876.9912657752315,8193.604111671448
1774361233.7567608,job_done,cagrad:coord:train.grad_clip,328,362,0,90.60773480662984,849.3608726641027,8193.834300994873
1774361233.8316538,job_done,cagrad:coord:train.grad_clip,329,362,0,90.88397790055248,821.8814755478891,8193.909256219864
1774361233.9979575,job_done,cagrad:coord:train.grad_clip,330,362,0,91.16022099447514,794.577017142556,8194.075489282608
1774361407.5068083,job_done,cagrad:coord:train.grad_clip,331,362,0,91.43646408839778,783.6710383920871,8367.58431315422
1774361426.0290325,job_done,cagrad:coord:train.grad_clip,332,362,0,91.71270718232044,757.780712175082,8386.106548070908
1774361433.5797517,job_done,cagrad:coord:train.grad_clip,333,362,0,91.98895027624309,730.979156789121,8393.657214164734
1774361434.2099538,job_done,cagrad:coord:train.grad_clip,334,362,0,92.26519337016575,703.7127241431596,8394.287495136261
1774361434.9291995,job_done,cagrad:coord:train.grad_clip,335,362,0,92.54143646408839,676.6124720580542,8395.00659775734
1774361434.9952204,job_done,cagrad:coord:train.grad_clip,336,362,0,92.81767955801105,649.6187312957786,8395.072835206985
1774361575.7381732,job_done,cagrad:coord:train.grad_clip,337,362,0,93.0939226519337,633.2207391099334,8535.815563201904
1774361593.9850307,job_done,cagrad:coord:train.grad_clip,338,362,0,93.37016574585635,607.3890548965635,8554.062523126602
1774361627.0682385,job_done,cagrad:coord:train.grad_clip,339,362,0,93.646408839779,582.6087095139653,8587.145761966705
1774361629.713829,job_done,cagrad:coord:train.grad_clip,340,362,0,93.92265193370166,555.8100283833111,8589.79134774208
1774361629.9952788,job_done,cagrad:coord:train.grad_clip,341,362,0,94.1988950276243,529.0074137753406,8590.072766542435
1774361630.139634,job_done,cagrad:coord:train.grad_clip,342,362,0,94.47513812154696,502.35188178848796,8590.217178583145
1774361759.2299452,job_done,cagrad:coord:train.grad_clip,343,362,0,94.7513812154696,482.99370531020986,8719.307416915894
1774361765.7336497,job_done,cagrad:coord:train.grad_clip,344,362,0,95.02762430939227,456.58314068788707,8725.811133146286
1774361806.1146798,job_done,cagrad:coord:train.grad_clip,345,362,0,95.30386740331491,431.9572961510092,8766.19218659401
1774361825.1255786,job_done,cagrad:coord:train.grad_clip,346,362,0,95.58011049723757,406.2521645981452,8785.20305943489
1774361826.171953,job_done,cagrad:coord:train.grad_clip,347,362,0,95.85635359116021,379.80905430117673,8786.249456167221
1774361826.279794,job_done,cagrad:coord:train.grad_clip,348,362,0,96.13259668508287,353.47413956433877,8786.35718345642
1774361944.3142111,job_done,cagrad:coord:train.grad_clip,349,362,0,96.40883977900552,331.6822119756551,8904.391690731049
1774361953.4989133,job_done,cagrad:coord:train.grad_clip,350,362,0,96.68508287292818,305.6083212253026,8913.576035737991
1774361972.3718145,job_done,cagrad:coord:train.grad_clip,351,362,0,96.96132596685082,279.9343097216723,8932.449337482452
1774362020.9031525,job_done,cagrad:coord:train.grad_clip,352,362,0,97.23756906077348,255.1414963399822,8980.980671167374
1774362021.8670487,job_done,cagrad:coord:train.grad_clip,353,362,0,97.51381215469613,229.00141822920307,8981.944514989853
1774362022.147704,job_done,cagrad:coord:train.grad_clip,354,362,0,97.79005524861878,202.98814132388702,8982.225253582
1774362117.1683505,job_done,cagrad:coord:train.grad_clip,355,362,0,98.06629834254143,178.9879461234724,9077.245839118958
1774362134.6111166,job_done,cagrad:coord:train.grad_clip,356,362,0,98.34254143646409,153.28126915519158,9094.688636541367
1774362154.4437134,job_done,cagrad:coord:train.grad_clip,357,362,0,98.61878453038673,127.6541634968349,9114.507273674011
1774362205.1846783,job_done,cagrad:coord:train.grad_clip,358,362,0,98.89502762430939,102.40516397007352,9165.262175321579
1774362208.6822255,job_done,cagrad:coord:train.grad_clip,359,362,0,99.17127071823204,76.61916190468834,9168.759707927704
1774362208.852982,job_done,cagrad:coord:train.grad_clip,360,362,0,99.4475138121547,50.938503216372595,9168.930578947067
1774362264.505606,job_done,cagrad:coord:train.grad_clip,361,362,0,99.72375690607734,25.55286193686509,9224.583159208298
1774362278.2106419,job_done,cagrad:coord:train.grad_clip,362,362,0,100.0,,9238.288091421127
1774362278.2116036,group_end,cagrad:coord:train.grad_clip,362,362,0,100.0,,9238.289131879807
1774362278.2119458,phase_end,,362,362,0,100.0,,9238.289499998093
1774362279.1552873,lock_released,,362,362,0,100.0,,9239.232788324356
1774362279.1579823,lock_wait,,362,362,0,100.0,,9239.235510349274
1774362279.1584105,lock_acquired,,362,362,0,100.0,,9239.235949993134
1774362279.1587703,plan_add,,362,400,0,90.5,969.8645855036889,9239.236314535141
1774362279.1591203,phase_start,cagrad:coord:method.baseline_cagrad.c,362,400,0,90.5,969.8646233200368,9239.236674785614
1774362292.1188533,group_slots,cagrad:coord:method.baseline_cagrad.c,362,400,0,90.5,971.2250300994893,9252.19633936882
1774362292.119105,group_start,cagrad:coord:method.baseline_cagrad.c,362,400,0,90.5,971.2250704686285,9252.196723937988
1774362496.4909468,job_done,cagrad:coord:method.baseline_cagrad.c,363,400,0,90.75,963.8926469925021,9456.568401575089
1774362502.3460355,job_done,cagrad:coord:method.baseline_cagrad.c,364,400,0,91.0,935.8440840977888,9462.423516988754
1774362502.9098027,job_done,cagrad:coord:method.baseline_cagrad.c,365,400,0,91.25,907.409736744345,9462.987254619598
1774362504.0216944,job_done,cagrad:coord:method.baseline_cagrad.c,366,400,0,91.5,879.1786149616449,9464.099208116531
1774362504.0882256,job_done,cagrad:coord:method.baseline_cagrad.c,367,400,0,91.75,851.0012753230675,9464.165698289871
1774362504.314314,job_done,cagrad:coord:method.baseline_cagrad.c,368,400,0,92.0,822.9905920650648,9464.391808748245
1774362665.2464957,job_done,cagrad:coord:method.baseline_cagrad.c,369,400,0,92.25,808.6315520404154,9625.323958158493
1774362692.3338284,job_done,cagrad:coord:method.baseline_cagrad.c,370,400,0,92.5,782.6279455004512,9652.411327838898
1774362697.9425106,job_done,cagrad:coord:method.baseline_cagrad.c,371,400,0,92.75,754.939565488913,9658.019958496094
1774362700.7065504,job_done,cagrad:coord:method.baseline_cagrad.c,372,400,0,93.0,727.1557858195356,9660.784011602402
1774362701.2494442,job_done,cagrad:coord:method.baseline_cagrad.c,373,400,0,93.25,699.3453804257728,9661.326922178268
1774362701.320697,job_done,cagrad:coord:method.baseline_cagrad.c,374,400,0,93.5,671.6480016529879,9661.398177623749
1774362837.1341202,job_done,cagrad:coord:method.baseline_cagrad.c,375,400,0,93.75,653.1464864253998,9797.197296380997
1774362863.819524,job_done,cagrad:coord:method.baseline_cagrad.c,376,400,0,94.0,627.057250773653,9823.896928787231
1774362886.3875556,job_done,cagrad:coord:method.baseline_cagrad.c,377,400,0,94.25,600.7127178385657,9846.464983701706
1774362895.1263394,job_done,cagrad:coord:method.baseline_cagrad.c,378,400,0,94.5,573.5832920402446,9855.203835964203
1774362895.6117988,job_done,cagrad:coord:method.baseline_cagrad.c,379,400,0,94.75,546.0936003039569,9855.689262628555
1774362895.9831142,job_done,cagrad:coord:method.baseline_cagrad.c,380,400,0,95.0,518.7400249932941,9856.06047487259
1774363018.6527133,job_done,cagrad:coord:method.baseline_cagrad.c,381,400,0,95.25,497.62696715227264,9978.730236053467
1774363034.7693484,job_done,cagrad:coord:method.baseline_cagrad.c,382,400,0,95.5,470.96136625150115,9994.846772670746
1774363057.0327802,job_done,cagrad:coord:method.baseline_cagrad.c,383,400,0,95.75,444.62369498198086,10017.11030459404
1774363089.4877493,job_done,cagrad:coord:method.baseline_cagrad.c,384,400,0,96.0,418.7318848570188,10049.565236568451
1774363090.1173055,job_done,cagrad:coord:method.baseline_cagrad.c,385,400,0,96.25,391.5660302731898,10050.194777011871
1774363090.698609,job_done,cagrad:coord:method.baseline_cagrad.c,386,400,0,96.5,364.535919875061,10050.776076555252
1774363195.4488416,job_done,cagrad:coord:method.baseline_cagrad.c,387,400,0,96.75,341.14171012612275,10155.526293754578
1774363220.3851454,job_done,cagrad:coord:method.baseline_cagrad.c,388,400,0,97.0,314.8596695968785,10180.462650299072
1774363231.1539612,job_done,cagrad:coord:method.baseline_cagrad.c,389,400,0,97.25,288.1839239866997,10191.231493711472
1774363285.806741,job_done,cagrad:coord:method.baseline_cagrad.c,390,400,0,97.5,262.7149788049551,10245.88417339325
1774363288.285111,job_done,cagrad:coord:method.baseline_cagrad.c,391,400,0,97.75,235.89580975286185,10248.362401485443
1774363288.4018795,job_done,cagrad:coord:method.baseline_cagrad.c,392,400,0,98.0,209.1526397101733,10248.479345798492
1774363363.5778801,job_done,cagrad:coord:method.baseline_cagrad.c,393,400,0,98.25,183.88190173799453,10323.65534043312
1774363403.5651293,job_done,cagrad:coord:method.baseline_cagrad.c,394,400,0,98.5,157.82196760298638,10363.642539262772
1774363416.1817257,job_done,cagrad:coord:method.baseline_cagrad.c,395,400,0,98.75,131.34504973133906,10376.258928775787
1774363473.7361233,job_done,cagrad:coord:method.baseline_cagrad.c,396,400,0,99.0,105.39205621228074,10433.813565015793
1774363475.0667763,job_done,cagrad:coord:method.baseline_cagrad.c,397,400,0,99.25,78.85499419673565,10435.144232034683
1774363475.4161844,job_done,cagrad:coord:method.baseline_cagrad.c,398,400,0,99.5,52.43966669173696,10435.493671655655
1774363519.8259757,job_done,cagrad:coord:method.baseline_cagrad.c,399,400,0,99.75,26.265422140446525,10479.903434038162
1774363547.818143,job_done,cagrad:coord:method.baseline_cagrad.c,400,400,0,100.0,,10507.895664691925
1774363547.8324819,group_end,cagrad:coord:method.baseline_cagrad.c,400,400,0,100.0,,10507.896646022797
1774363547.8327224,phase_end,,400,400,0,100.0,,10507.9103307724
1774363548.648296,lock_released,,400,400,0,100.0,,10508.725803852081
1774363548.6511345,lock_wait,,400,400,0,100.0,,10508.728659629822
1774363548.6515691,lock_acquired,,400,400,0,100.0,,10508.72911810875
1774363548.6519225,plan_add,,400,438,0,91.32420091324201,998.3293002629281,10508.729476451874
1774363548.652278,phase_start,cagrad:coord:method.baseline_cagrad.inner_lr,400,438,0,91.32420091324201,998.329334011078,10508.729831695557
1774363561.5870628,group_slots,cagrad:coord:method.baseline_cagrad.inner_lr,400,438,0,91.32420091324201,999.558131531477,10521.6645424366
1774363561.5873477,group_start,cagrad:coord:method.baseline_cagrad.inner_lr,400,438,0,91.32420091324201,999.5581696510314,10521.664943695068
1774363763.5300322,job_done,cagrad:coord:method.baseline_cagrad.inner_lr,401,438,0,91.55251141552512,989.4600472997251,10723.607539653778
1774363769.168201,job_done,cagrad:coord:method.baseline_cagrad.inner_lr,402,438,0,91.78082191780823,960.8279679568845,10729.245642185211
1774363769.547797,job_done,cagrad:coord:method.baseline_cagrad.inner_lr,403,438,0,92.00913242009132,931.8533098934307,10729.625253915787
1774363769.633696,job_done,cagrad:coord:method.baseline_cagrad.inner_lr,404,438,0,92.23744292237443,902.9954982736324,10729.711214780807
1774363769.9457693,job_done,cagrad:coord:method.baseline_cagrad.inner_lr,405,438,0,92.46575342465754,874.298183522401,10730.023161411285
1774363770.0117872,job_done,cagrad:coord:method.baseline_cagrad.inner_lr,406,438,0,92.69406392694064,845.7213198281274,10730.089245319366
1774363927.9382489,job_done,cagrad:coord:method.baseline_cagrad.inner_lr,407,438,0,92.92237442922375,829.3083221185998,10888.015712976456
1774363963.0368886,job_done,cagrad:coord:method.baseline_cagrad.inner_lr,408,438,0,93.15068493150685,803.1701722390512,10923.114342451096
1774363968.3138201,job_done,cagrad:coord:method.baseline_cagrad.inner_lr,409,438,0,93.37899543378995,774.8737138320299,10928.391343355179
1774363968.6871386,job_done,cagrad:coord:method.baseline_cagrad.inner_lr,410,438,0,93.60730593607306,746.3546607412943,10928.76467514038
1774363968.7545679,job_done,cagrad:coord:method.baseline_cagrad.inner_lr,411,438,0,93.83561643835617,717.9524776326479,10928.832159519196
1774363969.0179286,job_done,cagrad:coord:method.baseline_cagrad.inner_lr,412,438,0,94.06392694063926,689.7001960995127,10929.095415115356
1774364106.5395365,job_done,cagrad:coord:method.baseline_cagrad.inner_lr,413,438,0,94.29223744292237,669.8920676985318,11066.616958379745
1774364132.4079237,job_done,cagrad:coord:method.baseline_cagrad.inner_lr,414,438,0,94.52054794520548,643.0426250540692,11092.485282182693
1774364166.844872,job_done,cagrad:coord:method.baseline_cagrad.inner_lr,415,438,0,94.74885844748859,616.6728011700045,11126.922281980515
1774364167.3590095,job_done,cagrad:coord:method.baseline_cagrad.inner_lr,416,438,0,94.9771689497717,588.4702011621915,11127.436531066895
1774364168.2762988,job_done,cagrad:coord:method.baseline_cagrad.inner_lr,417,438,0,95.20547945205479,560.4206942105465,11128.353785037994
1774364168.3391545,job_done,cagrad:coord:method.baseline_cagrad.inner_lr,418,438,0,95.4337899543379,532.4601306185198,11128.416729927063
1774364285.9110575,job_done,cagrad:coord:method.baseline_cagrad.inner_lr,419,438,0,95.662100456621,509.9612891679732,11245.988429546356
1774364303.7588267,job_done,cagrad:coord:method.baseline_cagrad.inner_lr,420,438,0,95.89041095890411,482.73584439754484,11263.836369276047
1774364358.9379268,job_done,cagrad:coord:method.baseline_cagrad.inner_lr,421,438,0,96.11872146118722,457.06237883805665,11319.01538181305
1774364361.9488406,job_done,cagrad:coord:method.baseline_cagrad.inner_lr,422,438,0,96.34703196347031,429.2711419290841,11322.026368379593
1774364362.098918,job_done,cagrad:coord:method.baseline_cagrad.inner_lr,423,438,0,96.57534246575342,401.49561698555107,11322.176398992538
1774364362.2562475,job_done,cagrad:coord:method.baseline_cagrad.inner_lr,424,438,0,96.80365296803653,373.85064199623076,11322.333729028702
1774364455.7409413,job_done,cagrad:coord:method.baseline_cagrad.inner_lr,425,438,0,97.03196347031964,349.18973886826456,11415.81838607788
1774364486.9908178,job_done,cagrad:coord:method.baseline_cagrad.inner_lr,426,438,0,97.26027397260275,322.4526299557216,11447.068363428116
1774364546.0018644,job_done,cagrad:coord:method.baseline_cagrad.inner_lr,427,438,0,97.48858447488584,296.40953916241466,11506.079383850098
1774364558.4415953,job_done,cagrad:coord:method.baseline_cagrad.inner_lr,428,438,0,97.71689497716895,269.12427857657457,11518.519123077393
1774364558.7038765,job_done,cagrad:coord:method.baseline_cagrad.inner_lr,429,438,0,97.94520547945206,241.65275591236727,11518.781365156174
1774364558.8149457,job_done,cagrad:coord:method.baseline_cagrad.inner_lr,430,438,0,98.17351598173516,214.30497621935464,11518.892471790314
1774364630.5662825,job_done,cagrad:coord:method.baseline_cagrad.inner_lr,431,438,0,98.40182648401826,188.24711439227835,11590.64375758171
1774364668.5948071,job_done,cagrad:coord:method.baseline_cagrad.inner_lr,432,438,0,98.63013698630137,161.5093333721161,11628.672002792358
1774364719.3875895,job_done,cagrad:coord:method.baseline_cagrad.inner_lr,433,438,0,98.85844748858447,134.8667990060106,11679.464793920517
1774364746.4731114,job_done,cagrad:coord:method.baseline_cagrad.inner_lr,434,438,0,99.08675799086758,107.89447545346027,11706.55058670044
1774364748.8815458,job_done,cagrad:coord:method.baseline_cagrad.inner_lr,435,438,0,99.31506849315069,80.75144136856343,11708.958998441696
1774364749.3090494,job_done,cagrad:coord:method.baseline_cagrad.inner_lr,436,438,0,99.54337899543378,53.71278255904487,11709.38659787178
1774364792.4023693,job_done,cagrad:coord:method.baseline_cagrad.inner_lr,437,438,0,99.77168949771689,26.893545987676976,11752.479596614838
1774364815.8624144,job_done,cagrad:coord:method.baseline_cagrad.inner_lr,438,438,0,100.0,,11775.939840316772
1774364815.8767662,group_end,cagrad:coord:method.baseline_cagrad.inner_lr,438,438,0,100.0,,11775.941042900085
1774364815.8770654,phase_end,,438,438,0,100.0,,11775.954640865326
1774364816.8571377,lock_released,,438,438,0,100.0,,11776.934633255005
1774364816.86099,lock_wait,,438,438,0,100.0,,11776.938521623611
1774364816.8614197,lock_acquired,,438,438,0,100.0,,11776.938955783844
1774364816.861783,plan_add,,438,492,0,89.02439024390245,1451.951423406601,11776.939323186874
1774364816.8621426,phase_start,cagrad:local_var_topk,438,492,0,89.02439024390245,1451.9514684089245,11776.939688205719
1774364829.7328358,group_slots,cagrad:local_var_topk,438,492,0,89.02439024390245,1453.538259176359,11789.810324430466
1774364829.733092,group_start,cagrad:local_var_topk,438,492,0,89.02439024390245,1453.5383070299072,11789.810712575912
1774365037.2061076,job_done,cagrad:local_var_topk,439,492,0,89.22764227642277,1448.4191930245158,11997.283504486084
1774365037.5191886,job_done,cagrad:local_var_topk,440,492,0,89.4308943089431,1417.8977886004882,11997.596672773361
1774365038.0247521,job_done,cagrad:local_var_topk,441,492,0,89.63414634146342,1387.5356366261333,11998.102269649506
1774365038.2440398,job_done,cagrad:local_var_topk,442,492,0,89.83739837398375,1357.2761888417722,11998.321509361267
1774365038.5827482,job_done,cagrad:local_var_topk,443,492,0,90.04065040650407,1327.1655846761525,11998.660285949707
1774365038.730392,job_done,cagrad:local_var_topk,444,492,0,90.2439024390244,1297.168420533876,11998.807889938354
1774365234.3750732,job_done,cagrad:local_var_topk,445,492,0,90.44715447154472,1287.9534139509951,12194.452536344528
1774365243.4654315,job_done,cagrad:local_var_topk,446,492,0,90.65040650406505,1258.6613706238065,12203.542854309082
1774365243.9139109,job_done,cagrad:local_var_topk,447,492,0,90.85365853658537,1228.5897417356505,12203.991434574127
1774365244.3377728,job_done,cagrad:local_var_topk,448,492,0,91.0569105691057,1198.647924940501,12204.415235757828
1774365244.5001044,job_done,cagrad:local_var_topk,449,492,0,91.26016260162602,1168.812516925595,12204.577211618423
1774365244.6019344,job_done,cagrad:local_var_topk,450,492,0,91.46341463414635,1139.1034084828696,12204.679376602173
1774365400.7870803,job_done,cagrad:local_var_topk,451,492,0,91.66666666666667,1123.7149498462677,12360.864448308945
1774365436.9413884,job_done,cagrad:local_var_topk,452,492,0,91.869918699187,1097.0813171209486,12397.01888346672
1774365442.6940608,job_done,cagrad:local_var_topk,453,492,0,92.07317073170732,1067.7882337917556,12402.771023273468
1774365444.2071705,job_done,cagrad:local_var_topk,454,492,0,92.27642276422765,1038.244090014092,12404.284654378891
1774365444.2706878,job_done,cagrad:local_var_topk,455,492,0,92.47967479674797,1008.7052423393333,12404.3482503891
1774365444.3678143,job_done,cagrad:local_var_topk,456,492,0,92.6829268292683,979.2983151987979,12404.44532585144
1774365579.4124227,job_done,cagrad:local_var_topk,457,492,0,92.88617886178862,960.3548023006848,12539.489847183228
1774365602.4582293,job_done,cagrad:local_var_topk,458,492,0,93.08943089430895,932.5899900088665,12562.535747766495
1774365628.5232515,job_done,cagrad:local_var_topk,459,492,0,93.29268292682927,905.0627961719738,12588.600710391998
1774365637.682784,job_done,cagrad:local_var_topk,460,492,0,93.4959349593496,876.3659312372623,12597.760261535645
1774365637.9721363,job_done,cagrad:local_var_topk,461,492,0,93.69918699186992,847.1573533996326,12598.049674749374
1774365638.5568478,job_done,cagrad:local_var_topk,462,492,0,93.90243902439025,818.0931374933813,12598.634317398071
1774365761.0497258,job_done,cagrad:local_var_topk,463,492,0,94.10569105691057,796.7876516315387,12721.126989841461
1774365773.3789046,job_done,cagrad:local_var_topk,464,492,0,94.3089430894309,768.3982282671434,12733.456354141235
1774365796.7531302,job_done,cagrad:local_var_topk,465,492,0,94.51219512195122,740.7191801686441,12756.830325126648
1774365832.1258175,job_done,cagrad:local_var_topk,466,492,0,94.71544715447155,713.7280828850464,12792.203331708908
1774365832.2018275,job_done,cagrad:local_var_topk,467,492,0,94.91869918699187,684.8115295235555,12792.279371500015
1774365832.2698972,job_done,cagrad:local_var_topk,468,492,0,95.1219512195122,656.0178101246173,12792.347297430038
1774365938.7067187,job_done,cagrad:local_var_topk,469,492,0,95.32520325203252,632.5629453186287,12898.78353714943
1774365958.382922,job_done,cagrad:local_var_topk,470,492,0,95.52845528455285,604.693890812042,12918.460394620895
1774365968.7342365,job_done,cagrad:local_var_topk,471,492,0,95.73170731707317,576.4438357505069,12928.811744689941
1774366023.7089128,job_done,cagrad:local_var_topk,472,492,0,95.9349593495935,550.1604417825149,12983.786426067352
1774366025.4146717,job_done,cagrad:local_var_topk,473,492,0,96.13821138211382,521.6159660624652,12985.49220776558
1774366026.3937798,job_done,cagrad:local_var_topk,474,492,0,96.34146341463415,493.1571371555329,12986.471278429031
1774366104.6785624,job_done,cagrad:local_var_topk,475,492,0,96.54471544715447,467.58074079814713,13064.755992889404
1774366138.8131287,job_done,cagrad:local_var_topk,476,492,0,96.7479674796748,440.2988380464185,13098.890431880951
1774366156.502122,job_done,cagrad:local_var_topk,477,492,0,96.95121951219512,412.47105601448686,13116.579581260681
1774366215.7922235,job_done,cagrad:local_var_topk,478,492,0,97.15447154471545,385.9041339742589,13175.869717121124
1774366219.057884,job_done,cagrad:local_var_topk,479,492,0,97.35772357723577,357.68008258049076,13179.135350465775
1774366220.1040573,job_done,cagrad:local_var_topk,480,492,0,97.5609756097561,329.50453822612764,13180.181529045105
1774366288.385484,job_done,cagrad:local_var_topk,481,492,0,97.76422764227642,302.9794029297303,13248.462982654572
1774366308.4648025,job_done,cagrad:local_var_topk,482,492,0,97.96747967479675,275.2809605756736,13268.542299747467
1774366348.1928167,job_done,cagrad:local_var_topk,483,492,0,98.17073170731707,247.98019179053927,13308.270292758942
1774366395.3326843,job_done,cagrad:local_var_topk,484,492,0,98.3739837398374,220.750581201443,13355.410162687302
1774366411.5899801,job_done,cagrad:local_var_topk,485,492,0,98.57723577235772,192.99313789200536,13371.667411088943
1774366413.0195172,job_done,cagrad:local_var_topk,486,492,0,98.78048780487805,165.09996189011468,13373.096913099289
1774366475.030684,job_done,cagrad:local_var_topk,487,492,0,98.98373983739837,137.93745524829419,13435.108141183853
1774366482.751535,job_done,cagrad:local_var_topk,488,492,0,99.1869918699187,110.1871230504552,13442.829012155533
1774366526.9192472,job_done,cagrad:local_var_topk,489,492,0,99.39024390243902,82.74231096279402,13486.996686935425
1774366552.9920065,job_done,cagrad:local_var_topk,490,492,0,99.59349593495935,55.155385544835305,13513.06945848465
1774366577.1466916,job_done,cagrad:local_var_topk,491,492,0,99.79674796747967,27.570721395632397,13537.224205255508
1774366577.8015044,job_done,cagrad:local_var_topk,492,492,0,100.0,,13537.879085063934
1774366577.8021288,group_end,cagrad:local_var_topk,492,492,0,100.0,,13537.879724264145
1774366577.8023279,phase_end,,492,492,0,100.0,,13537.879971981049
1774366578.6060333,lock_released,,492,492,0,100.0,,13538.683533906937
1774366578.6223664,method_done,,492,492,0,100.0,,13538.699890375137
1774366578.6227567,method_start,,492,492,0,100.0,,13538.700287818909
1774366578.623224,lock_wait,,492,492,0,100.0,,13538.70075917244
1774366578.623635,lock_acquired,,492,492,0,100.0,,13538.701172113419
1774366578.6240032,lock_released,,492,492,0,100.0,,13538.701545715332
1774366578.6258478,lock_wait,,492,492,0,100.0,,13538.703373908997
1774366578.6262417,lock_acquired,,492,492,0,100.0,,13538.703780412674
1774366578.6266336,plan_add,,492,540,0,91.11111111111111,1320.8491865483727,13538.70416212082
1774366578.627013,phase_start,ours:coord:train.lr,492,540,0,91.11111111111111,1320.8492239975349,13538.704545974731
1774366591.04907,group_slots,ours:coord:train.lr,492,540,0,91.11111111111111,1322.0611194052346,13551.126473903656
1774366591.0494936,group_start,ours:coord:train.lr,492,540,0,91.11111111111111,1322.0611697406305,13551.126989841461
1774366781.3632326,job_done,ours:coord:train.lr,493,540,0,91.29629629629629,1310.0359293311894,13741.440705537796
1774366785.277064,job_done,ours:coord:train.lr,494,540,0,91.48148148148148,1279.9317970835727,13745.354516506195
1774366785.7427528,job_done,ours:coord:train.lr,495,540,0,91.66666666666667,1249.6200015544891,13745.82001709938
1774366785.962776,job_done,ours:coord:train.lr,496,540,0,91.85185185185185,1219.4067978359037,13746.040266513824
1774366786.2502382,job_done,ours:coord:train.lr,497,540,0,92.03703703703704,1189.3201071400517,13746.327749967575
1774366786.304973,job_done,ours:coord:train.lr,498,540,0,92.22222222222223,1159.3334598282734,13746.382452249527
1774366958.653061,job_done,ours:coord:train.lr,499,540,0,92.4074074074074,1143.6231500944775,13918.73053407669
1774366971.1174746,job_done,ours:coord:train.lr,500,540,0,92.5925925925926,1114.4955971336365,13931.194964170456
1774366976.3455322,job_done,ours:coord:train.lr,501,540,0,92.77777777777777,1084.8712476998746,13936.422951221466
1774366976.9807534,job_done,ours:coord:train.lr,502,540,0,92.96296296296296,1054.996429103304,13937.058089733124
1774366977.2897522,job_done,ours:coord:train.lr,503,540,0,93.14814814814815,1025.2138924371177,13937.367240428925
1774366977.3524997,job_done,ours:coord:train.lr,504,540,0,93.33333333333333,995.5307104417255,13937.429946184158
1774367132.0239294,job_done,ours:coord:train.lr,505,540,0,93.51851851851852,976.6802885650409,14092.101306438446
1774367146.3791409,job_done,ours:coord:train.lr,506,540,0,93.70370370370371,947.8637399305939,14106.442717790604
1774367163.5540354,job_done,ours:coord:train.lr,507,540,0,93.88888888888889,919.2896192482943,14123.631422996521
1774367165.7053862,job_done,ours:coord:train.lr,508,540,0,94.07407407407408,889.8130915634276,14125.782828569412
1774367166.1411521,job_done,ours:coord:train.lr,509,540,0,94.25925925925925,860.3394483644039,14126.21868443489
1774367166.5017977,job_done,ours:coord:train.lr,510,540,0,94.44444444444444,830.9752529508928,14126.579300165176
1774367311.1622088,job_done,ours:coord:train.lr,511,540,0,94.62962962962963,809.913798227702,14271.239686012268
1774367324.9388845,job_done,ours:coord:train.lr,512,540,0,94.81481481481481,781.2118310816586,14285.0163397789
1774367346.963293,job_done,ours:coord:train.lr,513,540,0,95.0,753.0021481890427,14307.040815591812
1774367351.6291573,job_done,ours:coord:train.lr,514,540,0,95.18518518518519,723.9384573776898,14311.706426620483
1774367352.7597198,job_done,ours:coord:train.lr,515,540,0,95.37037037037037,694.797921099709,14312.837174654007
1774367352.826806,job_done,ours:coord:train.lr,516,540,0,95.55555555555556,665.7164818519769,14312.904359817505
1774367491.0003877,job_done,ours:coord:train.lr,517,540,0,95.74074074074075,642.8912787778696,14451.07787513733
1774367501.7519624,job_done,ours:coord:train.lr,518,540,0,95.92592592592592,614.2089673883667,14461.82932305336
1774367529.008343,job_done,ours:coord:train.lr,519,540,0,96.11111111111111,586.2635888433181,14489.08583855629
1774367537.998039,job_done,ours:coord:train.lr,520,540,0,96.29629629629629,557.6182733682485,14498.075107574463
1774367539.34162,job_done,ours:coord:train.lr,521,540,0,96.48148148148148,528.7695999580244,14499.419030427933
1774367540.273346,job_done,ours:coord:train.lr,522,540,0,96.66666666666667,500.01209803285275,14500.350842952728
1774367671.6226788,job_done,ours:coord:train.lr,523,540,0,96.85185185185185,475.6001978399193,14631.700204133987
1774367681.8599536,job_done,ours:coord:train.lr,524,540,0,97.03703703703704,447.08205746512374,14641.937381982803
1774367709.2163801,job_done,ours:coord:train.lr,525,540,0,97.22222222222223,419.12267957414895,14669.293785095215
1774367723.243893,job_done,ours:coord:train.lr,526,540,0,97.4074074074074,390.8108334169642,14683.32131266594
1774367725.1373734,job_done,ours:coord:train.lr,527,540,0,97.5925925925926,362.25387560122374,14685.214803218842
1774367726.5014603,job_done,ours:coord:train.lr,528,540,0,97.77777777777777,333.7858844724568,14686.578916788101
1774367855.0347242,job_done,ours:coord:train.lr,529,540,0,97.96296296296296,308.0647156382779,14815.112233877182
1774367861.299541,job_done,ours:coord:train.lr,530,540,0,98.14814814814815,279.6486215231554,14821.376940727234
1774367886.9138625,job_done,ours:coord:train.lr,531,540,0,98.33333333333333,251.64392069234685,14846.991320848465
1774367907.140008,job_done,ours:coord:train.lr,532,540,0,98.51851851851852,223.5671814473948,14867.217566251755
1774367912.3095753,job_done,ours:coord:train.lr,533,540,0,98.70370370370371,195.32215462750835,14872.38691663742
1774367912.8776298,job_done,ours:coord:train.lr,534,540,0,98.88888888888889,167.11185493362083,14872.955089092255
1774368036.6778333,job_done,ours:coord:train.lr,535,540,0,99.07407407407408,140.1565920905532,14996.755353689194
1774368041.8271122,job_done,ours:coord:train.lr,536,540,0,99.25925925925925,111.95451192001798,15001.90459728241
1774368060.7138186,job_done,ours:coord:train.lr,537,540,0,99.44444444444444,83.91503450857194,15020.791177034378
1774368072.1138322,job_done,ours:coord:train.lr,538,540,0,99.62962962962963,55.88175187412248,15032.191254138947
1774368076.184128,job_done,ours:coord:train.lr,539,540,0,99.81481481481481,27.896589191592472,15036.261574268341
1774368076.5616403,job_done,ours:coord:train.lr,540,540,0,100.0,,15036.639238357544
1774368076.5622683,group_end,ours:coord:train.lr,540,540,0,100.0,,15036.639752149582
1774368076.562481,phase_end,,540,540,0,100.0,,15036.640126943588
1774368077.4286525,lock_released,,540,540,0,100.0,,15037.506042718887
1774368077.4319112,lock_wait,,540,540,0,100.0,,15037.509444952011
1774368077.4323397,lock_acquired,,540,540,0,100.0,,15037.50987792015
1774368077.4327147,plan_add,,540,588,0,91.83673469387755,1336.6675784428915,15037.510257482529
1774368077.433068,phase_start,ours:coord:train.weight_decay,540,588,0,91.83673469387755,1336.6676105075414,15037.510618209839
1774368089.7280471,group_slots,ours:coord:train.weight_decay,540,588,0,91.83673469387755,1337.7604915406969,15049.80552983284
1774368089.7283382,group_start,ours:coord:train.weight_decay,540,588,0,91.83673469387755,1337.7605277167427,15049.805936813354
1774368281.7556133,job_done,ours:coord:train.weight_decay,541,588,0,92.00680272108843,1324.1518429608088,15241.832915782928
1774368284.2474961,job_done,ours:coord:train.weight_decay,542,588,0,92.17687074829932,1293.798794408566,15244.324925422668
1774368285.1012185,job_done,ours:coord:train.weight_decay,543,588,0,92.34693877551021,1263.4125920356307,15245.178610563278
1774368285.497713,job_done,ours:coord:train.weight_decay,544,588,0,92.51700680272108,1233.0979951269487,15245.575212478638
1774368285.659912,job_done,ours:coord:train.weight_decay,545,588,0,92.68707482993197,1202.8746889079382,15245.737336158752
1774368286.0900156,job_done,ours:coord:train.weight_decay,546,588,0,92.85714285714286,1172.782099393698,15246.167292118073
1774368460.7779953,job_done,ours:coord:train.weight_decay,547,588,0,93.02721088435374,1155.8593672511781,15420.855460643768
1774368470.558772,job_done,ours:coord:train.weight_decay,548,588,0,93.19727891156462,1126.3237910027053,15430.63593673706
1774368474.029663,job_done,ours:coord:train.weight_decay,549,588,0,93.36734693877551,1096.4119815266197,15434.107124567032
1774368475.654732,job_done,ours:coord:train.weight_decay,550,588,0,93.5374149659864,1066.4687706531179,15435.732206821442
1774368475.9128153,job_done,ours:coord:train.weight_decay,551,588,0,93.70748299319727,1036.5365555576318,15435.990327358246
1774368475.9739397,job_done,ours:coord:train.weight_decay,552,588,0,93.87755102040816,1006.6990102063054,15436.051489830017
1774368635.4419177,job_done,ours:coord:train.weight_decay,553,588,0,94.04761904761905,987.0581807516797,15595.519255876541
1774368652.641105,job_done,ours:coord:train.weight_decay,554,588,0,94.21768707482993,958.181284752133,15612.718580961227
1774368660.5108933,job_done,ours:coord:train.weight_decay,555,588,0,94.38775510204081,928.7917353101678,15620.588275671005
1774368663.7812648,job_done,ours:coord:train.weight_decay,556,588,0,94.5578231292517,899.2148796740196,15623.85853433609
1774368664.3407233,job_done,ours:coord:train.weight_decay,557,588,0,94.72789115646259,869.581624560981,15624.418221950531
1774368664.4787853,job_done,ours:coord:train.weight_decay,558,588,0,94.89795918367346,840.0299089057471,15624.556305646896
1774368813.4386158,job_done,ours:coord:train.weight_decay,559,588,0,95.06802721088435,818.303338503795,15773.50228357315
1774368827.1341045,job_done,ours:coord:train.weight_decay,560,588,0,95.23809523809524,789.3605817079543,15787.211634159088
1774368843.6705627,job_done,ours:coord:train.weight_decay,561,588,0,95.40816326530613,760.6081919580859,15803.747988462448
1774368850.1452594,job_done,ours:coord:train.weight_decay,562,588,0,95.578231292517,731.433774745337,15810.222361803055
1774368851.3704445,job_done,ours:coord:train.weight_decay,563,588,0,95.74829931972789,702.1069262527446,15811.447979211807
1774368851.842201,job_done,ours:coord:train.weight_decay,564,588,0,95.91836734693878,672.8476492293338,15811.919756889343
1774368990.089694,job_done,ours:coord:train.weight_decay,565,588,0,96.08843537414965,649.298841569698,15950.16719508171
1774369010.7275586,job_done,ours:coord:train.weight_decay,566,588,0,96.25850340136054,620.773335499814,15970.804904222488
1774369021.9405644,job_done,ours:coord:train.weight_decay,567,588,0,96.42857142857143,591.9265900452932,15982.017931222916
1774369031.7692041,job_done,ours:coord:train.weight_decay,568,588,0,96.59863945578232,563.0931894460194,15991.846580266953
1774369038.9957514,job_done,ours:coord:train.weight_decay,569,588,0,96.7687074829932,534.2397037742427,15999.073234081268
1774369039.0655077,job_done,ours:coord:train.weight_decay,570,588,0,96.93877551020408,505.2360912850029,15999.142890691757
1774369170.4903355,job_done,ours:coord:train.weight_decay,571,588,0,97.10884353741497,480.24457259395285,16130.567703008652
1774369192.1496518,job_done,ours:coord:train.weight_decay,572,588,0,97.27891156462584,451.81054551451354,16152.22700214386
1774369203.140816,job_done,ours:coord:train.weight_decay,573,588,0,97.44897959183673,423.1208950249937,16163.218189954758
1774369212.665685,job_done,ours:coord:train.weight_decay,574,588,0,97.61904761904762,394.4571475168554,16172.74304819107
1774369223.5470285,job_done,ours:coord:train.weight_decay,575,588,0,97.78911564625851,365.890615471135,16183.623376607895
1774369224.7518315,job_done,ours:coord:train.weight_decay,576,588,0,97.95918367346938,337.18394310275715,16184.829268932343
1774369354.4795554,job_done,ours:coord:train.weight_decay,577,588,0,98.12925170068027,311.0227513362878,16314.557047367096
1774369371.9069521,job_done,ours:coord:train.weight_decay,578,588,0,98.29931972789116,282.5602816751671,16331.984280824661
1774369384.3824003,job_done,ours:coord:train.weight_decay,579,588,0,98.46938775510205,254.05874563745886,16344.445969343185
1774369393.450199,job_done,ours:coord:train.weight_decay,580,588,0,98.63945578231292,225.56589818494075,16353.527618408203
1774369409.1702821,job_done,ours:coord:train.weight_decay,581,588,0,98.80952380952381,197.21985206259302,16369.247721195221
1774369409.8412118,job_done,ours:coord:train.weight_decay,582,588,0,98.9795918367347,168.7620476054162,16369.918617725372
1774369539.6137543,job_done,ours:coord:train.weight_decay,583,588,0,99.14965986394557,141.50678379866926,16499.690990924835
1774369550.3634522,job_done,ours:coord:train.weight_decay,584,588,0,99.31972789115646,113.08521132273218,16510.440853118896
1774369560.0356371,job_done,ours:coord:train.weight_decay,585,588,0,99.48979591836735,84.71852798461914,16520.112957000732
1774369565.7400074,job_done,ours:coord:train.weight_decay,586,588,0,99.65986394557824,56.40210725992613,16525.817427158356
1774369574.6725125,job_done,ours:coord:train.weight_decay,587,588,0,99.82993197278911,28.168228278980546,16534.74999976158
1774369574.9309955,job_done,ours:coord:train.weight_decay,588,588,0,100.0,,16535.00862145424
1774369574.931581,group_end,ours:coord:train.weight_decay,588,588,0,100.0,,16535.009130239487
1774369574.9317622,phase_end,,588,588,0,100.0,,16535.00941824913
1774369575.693598,lock_released,,588,588,0,100.0,,16535.771067857742
1774369575.696824,lock_wait,,588,588,0,100.0,,16535.77435874939
1774369575.6972399,lock_acquired,,588,588,0,100.0,,16535.774785280228
1774369575.6976235,plan_add,,588,636,0,92.45283018867924,1349.8591968186047,16535.77516102791
1774369575.6979809,phase_start,ours:coord:train.grad_clip,588,636,0,92.45283018867924,1349.8592269858536,16535.775530576706
1774369588.2710073,group_slots,ours:coord:train.grad_clip,588,636,0,92.45283018867924,1350.8855915653462,16548.34849667549
1774369588.2712586,group_start,ours:coord:train.grad_clip,588,636,0,92.45283018867924,1350.8856229782104,16548.348881483078
1774369775.9445655,job_done,ours:coord:train.grad_clip,589,636,0,92.61006289308176,1335.4720436348775,16736.021993637085
1774369778.22768,job_done,ours:coord:train.grad_clip,590,636,0,92.76729559748428,1305.0204051155156,16738.30519604683
1774369782.1761386,job_done,ours:coord:train.grad_clip,591,636,0,92.9245283018868,1274.7908836028296,16742.253604650497
1774369782.7962334,job_done,ours:coord:train.grad_clip,592,636,0,93.08176100628931,1244.4027688793235,16742.87361764908
1774369783.124672,job_done,ours:coord:train.grad_clip,593,636,0,93.23899371069183,1214.0938730384607,16743.201551437378
1774369783.1263185,job_done,ours:coord:train.grad_clip,594,636,0,93.39622641509433,1183.8628242449327,16743.202800035477
1774369955.3692226,job_done,ours:coord:train.grad_clip,595,636,0,93.55345911949685,1165.602212527219,16915.446742773056
1774369960.0804386,job_done,ours:coord:train.grad_clip,596,636,0,93.71069182389937,1135.5801264071624,16920.14388346672
1774369967.5402708,job_done,ours:coord:train.grad_clip,597,636,0,93.86792452830188,1105.8242684081572,16927.61764717102
1774369968.9914708,job_done,ours:coord:train.grad_clip,598,636,0,94.0251572327044,1075.760229868235,16929.068880558014
1774369970.7000377,job_done,ours:coord:train.grad_clip,599,636,0,94.18238993710692,1045.8076189296671,16930.777398347855
1774369970.861506,job_done,ours:coord:train.grad_clip,600,636,0,94.33962264150944,1015.8563342285155,16930.938903808594
1774370133.394944,job_done,ours:coord:train.grad_clip,601,636,0,94.49685534591195,995.4601235278633,17093.472406864166
1774370133.5189466,job_done,ours:coord:train.grad_clip,602,636,0,94.65408805031447,965.4190647047619,17093.59638094902
1774370150.9110212,job_done,ours:coord:train.grad_clip,603,636,0,94.81132075471699,936.4222523632334,17110.988429546356
1774370156.545161,job_done,ours:coord:train.grad_clip,604,636,0,94.96855345911949,906.8409177009634,17116.622321605682
1774370157.7749927,job_done,ours:coord:train.grad_clip,605,636,0,95.12578616352201,877.1130964870295,17117.852366924286
1774370158.0883915,job_done,ours:coord:train.grad_clip,606,636,0,95.28301886792453,847.4339482099704,17118.1657538414
1774370319.2381256,job_done,ours:coord:train.grad_clip,607,636,0,95.44025157232704,825.5356745488168,17279.315670728683
1774370319.5553057,job_done,ours:coord:train.grad_clip,608,636,0,95.59748427672956,795.7725657867758,17279.632857084274
1774370329.6886368,job_done,ours:coord:train.grad_clip,609,636,0,95.75471698113208,766.540743094947,17289.752316474915
1774370339.2581196,job_done,ours:coord:train.grad_clip,610,636,0,95.9119496855346,737.3487303249171,17299.335596084595
1774370340.0256739,job_done,ours:coord:train.grad_clip,611,636,0,96.06918238993711,707.8601898226137,17300.10303926468
1774370342.443588,job_done,ours:coord:train.grad_clip,612,636,0,96.22641509433963,678.5302338974149,17302.52096438408
1774370501.606612,job_done,ours:coord:train.grad_clip,613,636,0,96.38364779874213,655.1692144143445,17461.683845043182
1774370502.529643,job_done,ours:coord:train.grad_clip,614,636,0,96.54088050314465,625.696018571574,17462.607063770294
1774370508.5834012,job_done,ours:coord:train.grad_clip,615,636,0,96.69811320754717,596.4908584734288,17468.660855293274
1774370523.1857164,job_done,ours:coord:train.grad_clip,616,636,0,96.85534591194968,567.6384075431081,17483.26295232773
1774370524.498251,job_done,ours:coord:train.grad_clip,617,636,0,97.0125786163522,538.4229161592511,17484.575751066208
1774370527.256124,job_done,ours:coord:train.grad_clip,618,636,0,97.16981132075472,509.3398089061663,17487.33343911171
1774370683.046921,job_done,ours:coord:train.grad_clip,619,636,0,97.32704402515724,484.54460925431937,17643.12430167198
1774370685.629952,job_done,ours:coord:train.grad_clip,620,636,0,97.48427672955975,455.37309519860054,17645.70743894577
1774370689.7534344,job_done,ours:coord:train.grad_clip,621,636,0,97.64150943396227,426.3244162435117,17649.830832481384
1774370706.7231364,job_done,ours:coord:train.grad_clip,622,636,0,97.79874213836477,397.645029883676,17666.80061340332
1774370709.2414246,job_done,ours:coord:train.grad_clip,623,636,0,97.95597484276729,368.7016780307549,17669.31887793541
1774370711.8480673,job_done,ours:coord:train.grad_clip,624,636,0,98.11320754716981,339.84472304582596,17671.92559838295
1774370865.6931157,job_done,ours:coord:train.grad_clip,625,636,0,98.27044025157232,313.73356273345945,17825.770609855652
1774370869.6048832,job_done,ours:coord:train.grad_clip,626,636,0,98.42767295597484,284.81920443403834,17829.6821975708
1774370872.6027114,job_done,ours:coord:train.grad_clip,627,636,0,98.58490566037736,255.9714858315208,17832.680179595947
1774370888.4817824,job_done,ours:coord:train.grad_clip,628,636,0,98.74213836477988,227.3701803760164,17848.55915951729
1774370893.4180095,job_done,ours:coord:train.grad_clip,629,636,0,98.8993710691824,198.68739407240682,17853.481553077698
1774370895.6699913,job_done,ours:coord:train.grad_clip,630,636,0,99.05660377358491,170.0547384171259,17855.747533798218
1774371048.2522137,job_done,ours:coord:train.grad_clip,631,636,0,99.21383647798743,142.69674779495986,18008.329571723938
1774371054.0490172,job_done,ours:coord:train.grad_clip,632,636,0,99.37106918238993,114.0134581780132,18014.126392126083
1774371055.8304443,job_done,ours:coord:train.grad_clip,633,636,0,99.52830188679245,85.38344968212725,18015.90788292885
1774371065.575183,job_done,ours:coord:train.grad_clip,634,636,0,99.68553459119497,56.863213568455784,18025.638701200485
1774371068.0814803,job_done,ours:coord:train.grad_clip,635,636,0,99.84276729559748,28.390801486818813,18028.158944129944
1774371068.5166461,job_done,ours:coord:train.grad_clip,636,636,0,100.0,,18028.594256162643
1774371068.5178418,group_end,ours:coord:train.grad_clip,636,636,0,100.0,,18028.59547472
1774371068.5205154,phase_end,,636,636,0,100.0,,18028.595676660538
1774371069.3699467,lock_released,,636,636,0,100.0,,18029.447554826736
1774371069.3718345,lock_wait,,636,636,0,100.0,,18029.449486255646
1774371069.372238,lock_acquired,,636,636,0,100.0,,18029.449774742126
1774371069.372616,plan_add,,636,684,0,92.98245614035088,1360.71321955267,18029.450159072876
1774371069.3729796,phase_start,ours:coord:method.ours.lambda_align,636,684,0,92.98245614035088,1360.7132473891636,18029.450527906418
1774371081.5776527,group_slots,ours:coord:method.ours.lambda_align,636,684,0,92.98245614035088,1361.6343494991086,18041.65513086319
1774371081.577913,group_start,ours:coord:method.ours.lambda_align,636,684,0,92.98245614035088,1361.6343799806991,18041.655534744263
1774371269.234347,job_done,ours:coord:method.ours.lambda_align,637,684,0,93.12865497076024,1345.0198651954556,18229.31178998947
1774371269.6281781,job_done,ours:coord:method.ours.lambda_align,638,684,0,93.27485380116958,1314.3674952617632,18229.705695152283
1774371272.2258763,job_done,ours:coord:method.ours.lambda_align,639,684,0,93.42105263157895,1283.9650171239612,18232.303243160248
1774371273.7291179,job_done,ours:coord:method.ours.lambda_align,640,684,0,93.5672514619883,1253.5742048874497,18233.806616544724
1774371274.0450864,job_done,ours:coord:method.ours.lambda_align,641,684,0,93.71345029239767,1223.1938663142705,18234.122518777847
1774371274.102771,job_done,ours:coord:method.ours.lambda_align,642,684,0,93.85964912280701,1192.8902961160536,18234.180240631104
1774371454.5177236,job_done,ours:coord:method.ours.lambda_align,643,684,0,94.00584795321637,1174.1810167792426,18414.594970464706
1774371455.387569,job_done,ours:coord:method.ours.lambda_align,644,684,0,94.15204678362574,1143.8177037683333,18415.465030670166
1774371455.4524636,job_done,ours:coord:method.ours.lambda_align,645,684,0,94.29824561403508,1113.497167387674,18415.530076026917
1774371459.8226714,job_done,ours:coord:method.ours.lambda_align,646,684,0,94.44444444444444,1083.5235068096833,18419.899615764618
1774371461.008673,job_done,ours:coord:method.ours.lambda_align,647,684,0,94.5906432748538,1053.4469657113784,18421.086130142212
1774371461.0812004,job_done,ours:coord:method.ours.lambda_align,648,684,0,94.73684210526316,1023.3977016475467,18421.158629655838
1774371632.0771048,job_done,ours:coord:method.ours.lambda_align,649,684,0,94.88304093567251,1002.6585695262316,18592.154617786407
1774371639.4479015,job_done,ours:coord:method.ours.lambda_align,650,684,0,95.02923976608187,972.8982282176385,18599.52495121956
1774371639.85372,job_done,ours:coord:method.ours.lambda_align,651,684,0,95.17543859649123,942.8536561469328,18599.931216716766
1774371645.6139212,job_done,ours:coord:method.ours.lambda_align,652,684,0,95.32163742690058,913.1627615244112,18605.691266059875
1774371647.3802748,job_done,ours:coord:method.ours.lambda_align,653,684,0,95.46783625730994,883.3555724748608,18607.45770406723
1774371647.9064593,job_done,ours:coord:method.ours.lambda_align,654,684,0,95.6140350877193,853.5772454191784,18607.983950138092
1774371812.2042077,job_done,ours:coord:method.ours.lambda_align,655,684,0,95.76023391812865,831.1391864729292,18772.281625509262
1774371823.2898295,job_done,ours:coord:method.ours.lambda_align,656,684,0,95.90643274853801,801.7290958805783,18783.367389202118
1774371824.5795588,job_done,ours:coord:method.ours.lambda_align,657,684,0,96.05263157894737,771.9722077846527,18784.657056093216
1774371830.4379275,job_done,ours:coord:method.ours.lambda_align,658,684,0,96.19883040935673,742.4823683076354,18790.51532101631
1774371831.209492,job_done,ours:coord:method.ours.lambda_align,659,684,0,96.34502923976608,712.8712801180769,18791.286943912506
1774371832.2653546,job_done,ours:coord:method.ours.lambda_align,660,684,0,96.49122807017544,683.3579175255516,18792.342731952667
1774371989.7280242,job_done,ours:coord:method.ours.lambda_align,661,684,0,96.6374269005848,659.3729595203804,18949.805488824844
1774372004.7004423,job_done,ours:coord:method.ours.lambda_align,662,684,0,96.78362573099415,630.2494162274271,18964.777888298035
1774372006.424748,job_done,ours:coord:method.ours.lambda_align,663,684,0,96.9298245614035,600.7489336097941,18966.5020468235
1774372017.4794667,job_done,ours:coord:method.ours.lambda_align,664,684,0,97.07602339181287,571.613160896014,18977.556941747665
1774372017.6257362,job_done,ours:coord:method.ours.lambda_align,665,684,0,97.22222222222223,542.2200906957898,18977.703174352646
1774372018.2291803,job_done,ours:coord:method.ours.lambda_align,666,684,0,97.36842105263158,512.9272072895153,18978.306669712067
1774372166.2390745,job_done,ours:coord:method.ours.lambda_align,667,684,0,97.51461988304094,487.4773304844904,19126.316437244415
1774372185.2881293,job_done,ours:coord:method.ours.lambda_align,668,684,0,97.6608187134503,458.5716181258242,19145.36505675316
1774372187.1876423,job_done,ours:coord:method.ours.lambda_align,669,684,0,97.80701754385964,429.3108744685425,19147.265001296997
1774372205.0269382,job_done,ours:coord:method.ours.lambda_align,670,684,0,97.953216374269,400.46486640403515,19165.10432076454
1774372205.6174593,job_done,ours:coord:method.ours.lambda_align,671,684,0,98.09941520467837,371.31748614225944,19165.694861650467
1774372205.6820884,job_done,ours:coord:method.ours.lambda_align,672,684,0,98.24561403508773,342.24570682644844,19165.759582281113
1774372344.3327775,job_done,ours:coord:method.ours.lambda_align,673,684,0,98.39181286549707,315.52527759829746,19304.410165786743
1774372364.0099692,job_done,ours:coord:method.ours.lambda_align,674,684,0,98.53801169590643,286.7075285465852,19324.08742403984
1774372366.5634966,job_done,ours:coord:method.ours.lambda_align,675,684,0,98.6842105263158,257.68854613939925,19326.64096045494
1774372390.7900686,job_done,ours:coord:method.ours.lambda_align,676,684,0,98.83040935672514,229.00434834576217,19350.867435216904
1774372391.3805022,job_done,ours:coord:method.ours.lambda_align,677,684,0,98.9766081871345,200.0889301983257,19351.457963466644
1774372392.149403,job_done,ours:coord:method.ours.lambda_align,678,684,0,99.12280701754386,171.25864439727985,19352.226816892624
1774372522.7925534,job_done,ours:coord:method.ours.lambda_align,679,684,0,99.26900584795321,143.46737833718313,19482.86997818947
1774372542.623393,job_done,ours:coord:method.ours.lambda_align,680,684,0,99.41520467836257,114.72176906641792,19502.700741291046
1774372545.2939463,job_done,ours:coord:method.ours.lambda_align,681,684,0,99.56140350877193,85.92674633269793,19505.37141752243
1774372560.5406926,job_done,ours:coord:method.ours.lambda_align,682,684,0,99.70760233918129,57.24521453010022,19520.618154764175
1774372561.8032343,job_done,ours:coord:method.ours.lambda_align,683,684,0,99.85380116959064,28.582548619712952,19521.880707263947
1774372561.9915044,job_done,ours:coord:method.ours.lambda_align,684,684,0,100.0,,19522.069111824036
1774372561.9921505,group_end,ours:coord:method.ours.lambda_align,684,684,0,100.0,,19522.069618463516
1774372561.9923913,phase_end,,684,684,0,100.0,,19522.070005893707
1774372562.7266104,lock_released,,684,684,0,100.0,,19522.80411338806
1774372562.7305462,lock_wait,,684,684,0,100.0,,19522.808070659637
1774372562.7309527,lock_acquired,,684,684,0,100.0,,19522.808509349823
1774372562.7313147,plan_add,,684,738,0,92.6829268292683,1541.2743843291935,19522.808868169785
1774372562.7316778,phase_start,ours:local_var_topk,684,738,0,92.6829268292683,1541.2744129958908,19522.80923128128
1774372575.0149896,group_slots,ours:local_var_topk,684,738,0,92.6829268292683,1542.2441433605395,19535.092482566833
1774372575.0155811,group_start,ours:local_var_topk,684,738,0,92.6829268292683,1542.2441738718435,19535.09286904335
1774372767.866084,job_done,ours:local_var_topk,685,738,0,92.81842818428184,1526.3956264596786,19727.943474054337
1774372769.4008543,job_done,ours:local_var_topk,686,738,0,92.95392953929539,1495.5289488658962,19729.478056192398
1774372770.6759288,job_done,ours:local_var_topk,687,738,0,93.08943089430895,1464.7284169488598,19730.75338125229
1774372770.7991357,job_done,ours:local_var_topk,688,738,0,93.22493224932249,1433.9299865240273,19730.876614570618
1774372771.088745,job_done,ours:local_var_topk,689,738,0,93.36043360433604,1403.2324313300787,19731.166228294373
1774372771.2335742,job_done,ours:local_var_topk,690,738,0,93.4959349593496,1372.6129505655042,19731.31116437912
1774372952.001127,job_done,ours:local_var_topk,691,738,0,93.63143631436314,1354.367140904177,19912.07860350609
1774372954.2639475,job_done,ours:local_var_topk,692,738,0,93.76693766937669,1323.78570252967,19914.34143805504
1774372956.1820824,job_done,ours:local_var_topk,693,738,0,93.90243902439025,1293.2636026902633,19916.259481430054
1774372960.3043036,job_done,ours:local_var_topk,694,738,0,94.03794037940379,1262.9636894179353,19920.381828546524
1774372960.4088228,job_done,ours:local_var_topk,695,738,0,94.17344173441734,1232.4905138811619,19920.486212730408
1774372960.5577335,job_done,ours:local_var_topk,696,738,0,94.3089430894309,1202.1072888127687,19920.635071754456
1774373130.8197868,job_done,ours:local_var_topk,697,738,0,94.44444444444444,1181.8174862440894,20090.89726614952
1774373134.1931443,job_done,ours:local_var_topk,698,738,0,94.57994579945799,1151.5341333673473,20094.270627260208
1774373139.5129678,job_done,ours:local_var_topk,699,738,0,94.71544715447155,1121.436376229888,20099.590435504913
1774373148.0330312,job_done,ours:local_var_topk,700,738,0,94.8509485094851,1091.583142559869,20108.11052083969
1774373148.4396362,job_done,ours:local_var_topk,701,738,0,94.98644986449864,1061.3625325081862,20108.517169952393
1774373148.6608908,job_done,ours:local_var_topk,702,738,0,95.1219512195122,1031.2173544932634,20108.738412618637
1774373312.3320665,job_done,ours:local_var_topk,703,738,0,95.25745257452574,1009.2949274627446,20272.409543037415
1774373316.188586,job_done,ours:local_var_topk,704,738,0,95.39295392953929,979.251486571675,20276.26607489586
1774373321.164915,job_done,ours:local_var_topk,705,738,0,95.52845528455285,949.3347496306642,20281.242378473282
1774373332.2711406,job_done,ours:local_var_topk,706,738,0,95.6639566395664,919.7665087129847,20292.348598480225
1774373334.8905365,job_done,ours:local_var_topk,707,738,0,95.79945799457994,889.8783695734879,20294.967977046967
1774373335.0479836,job_done,ours:local_var_topk,708,738,0,95.9349593495935,859.9629444490045,20295.125488996506
1774373492.5585294,job_done,ours:local_var_topk,709,738,0,96.07046070460704,836.5676219214505,20452.635998010635
1774373498.2287855,job_done,ours:local_var_topk,710,738,0,96.2059620596206,806.806447116422,20458.306337594986
1774373503.0074575,job_done,ours:local_var_topk,711,738,0,96.34146341463415,777.0791730428044,20463.084890127182
1774373515.6436737,job_done,ours:local_var_topk,712,738,0,96.4769647696477,747.7089182479997,20475.7211458683
1774373520.049709,job_done,ours:local_var_topk,713,738,0,96.61246612466125,718.0965362140206,20480.113212823868
1774373520.3579535,job_done,ours:local_var_topk,714,738,0,96.7479674796748,688.4179976166797,20480.435429096222
1774373673.9188356,job_done,ours:local_var_topk,715,738,0,96.88346883468834,663.7509269921096,20633.996208667755
1774373680.0537908,job_done,ours:local_var_topk,716,738,0,97.0189701897019,634.193978776479,20640.13130927086
1774373684.5815554,job_done,ours:local_var_topk,717,738,0,97.15447154471545,604.6552846072608,20644.659003019333
1774373697.9140797,job_done,ours:local_var_topk,718,738,0,97.289972899729,575.4315187672055,20657.991523742676
1774373704.881899,job_done,ours:local_var_topk,719,738,0,97.42547425474255,546.0837643524536,20664.95929312706
1774373706.1012464,job_done,ours:local_var_topk,720,738,0,97.5609756097561,516.6544689536095,20666.17875814438
1774373854.9077532,job_done,ours:local_var_topk,721,738,0,97.69647696476964,490.78328603845034,20814.98524904251
1774373860.8660681,job_done,ours:local_var_topk,722,738,0,97.8319783197832,461.4059527600571,20820.943618297577
1774373866.5938213,job_done,ours:local_var_topk,723,738,0,97.96747967479675,432.0886151770833,20826.671251535416
1774373878.9570637,job_done,ours:local_var_topk,724,738,0,98.1029810298103,402.96475456827915,20839.034450531006
1774373890.7514145,job_done,ours:local_var_topk,725,738,0,98.23848238482385,373.87693076199497,20850.828830957413
1774373891.439129,job_done,ours:local_var_topk,726,738,0,98.3739837398374,344.65316753151,20851.516635656357
1774374037.0233817,job_done,ours:local_var_topk,727,738,0,98.50948509485094,317.7002860935715,20997.100726366043
1774374043.7666838,job_done,ours:local_var_topk,728,738,0,98.6449864498645,288.5143438178104,21003.8442299366
1774374050.0586555,job_done,ours:local_var_topk,729,738,0,98.78048780487805,259.38439750377046,21010.136197805405
1774374061.3910375,job_done,ours:local_var_topk,730,738,0,98.9159891598916,230.37225770558396,21021.468515634537
1774374070.5411112,job_done,ours:local_var_topk,731,738,0,99.05149051490515,201.38759279218482,21030.61861872673
1774374074.2347984,job_done,ours:local_var_topk,732,738,0,99.1869918699187,172.41239605770735,21034.3123190403
1774374219.786356,job_done,ours:local_var_topk,733,738,0,99.32249322493224,144.4738322211808,21179.863803625107
1774374228.10714,job_done,ours:local_var_topk,734,738,0,99.4579945799458,115.46694575213607,21188.184545516968
1774374229.8207672,job_done,ours:local_var_topk,735,738,0,99.59349593495935,86.48938062045039,21189.898252010345
1774374237.5217862,job_done,ours:local_var_topk,736,738,0,99.7289972899729,57.60217198859091,21197.599291801453
1774374242.9681098,job_done,ours:local_var_topk,737,738,0,99.86449864498645,28.769396989607586,21203.04558134079
1774374243.9050992,job_done,ours:local_var_topk,738,738,0,100.0,,21203.982538461685
1774374243.9065635,group_end,ours:local_var_topk,738,738,0,100.0,,21203.9840798378
1774374243.9069066,phase_end,,738,738,0,100.0,,21203.984456539154
1774374244.7169204,lock_released,,738,738,0,100.0,,21204.79432296753
1774374244.73247,method_done,,738,738,0,100.0,,21204.81000995636
1774374245.1749725,method_start,,738,738,0,100.0,,21205.252569437027
1774374245.175564,lock_wait,,738,738,0,100.0,,21205.252922296524
1774374245.1757736,lock_acquired,,738,738,0,100.0,,21205.253435611725
1774374245.1761036,plan_add,,738,743,0,99.32705248990578,143.6670299484155,21205.253620386124
1774374245.1762996,phase_start,final:baseline,738,743,0,99.32705248990578,143.6670322001465,21205.253952741623
1774374257.2108612,group_slots,final:baseline,738,743,0,99.32705248990578,143.74856609477584,21217.288355588913
1774374257.2111344,group_start,final:baseline,738,743,0,99.32705248990578,143.74856879717615,21217.288754463196
1774374982.4757743,job_done,final:baseline,739,743,0,99.46164199192464,118.76889407295981,21942.553179979324
1774374984.251408,job_done,final:baseline,740,743,0,99.59623149394348,88.96349526160472,21944.32883119583
1774374984.7909644,job_done,final:baseline,741,743,0,99.73082099596232,59.23041429532523,21944.868496418
1774374985.7865992,job_done,final:baseline,742,743,0,99.86541049798116,29.576636201287858,21945.86406135559
1774374985.8734565,job_done,final:baseline,743,743,0,100.0,,21945.95106101036
1774374985.8739393,group_end,final:baseline,743,743,0,100.0,,21945.951580762863
1774374985.874116,phase_end,,743,743,0,100.0,,21945.95177412033
1774374986.6290183,lock_released,,743,743,0,100.0,,21946.706515789032
1774374986.629676,method_done,,743,743,0,100.0,,21946.706942796707
1774374986.6299856,method_start,,743,743,0,100.0,,21946.707555770874
1774374986.6305218,lock_wait,,743,743,0,100.0,,21946.708044052124
1774374986.6309116,lock_acquired,,743,743,0,100.0,,21946.708468675613
1774374986.6312678,plan_add,,743,748,0,99.33155080213903,147.68983050599232,21946.70881319046
1774374986.6316335,phase_start,final:cagrad,743,748,0,99.33155080213903,147.6898329896529,21946.70918226242
1774375000.0385926,group_slots,final:cagrad,743,748,0,99.33155080213903,147.78005438248852,21960.116081237793
1774375000.0388641,group_start,final:cagrad,743,748,0,99.33155080213903,147.780057103605,21960.116485595703
1774376100.6498337,job_done,final:cagrad,744,748,0,99.46524064171123,123.98240483063525,23060.727298498154
1774376102.1492302,job_done,final:cagrad,745,748,0,99.59893048128342,92.86802701086006,23062.226707696915
1774376105.8815088,job_done,final:cagrad,746,748,0,99.73262032085562,61.83903203317371,23065.958948373795
1774376131.0992002,job_done,final:cagrad,747,748,0,99.8663101604278,30.911883095341675,23091.17667222023
1774376140.5601683,job_done,final:cagrad,748,748,0,100.0,,23100.637522935867
1774376140.5746133,group_end,final:cagrad,748,748,0,100.0,,23100.63866853714
1774376140.575016,phase_end,,748,748,0,100.0,,23100.652527570724
1774376141.3510857,lock_released,,748,748,0,100.0,,23101.42850446701
1774376141.3517423,method_done,,748,748,0,100.0,,23101.429016828537
1774376141.3520555,method_start,,748,748,0,100.0,,23101.42962384224
1774376141.3526187,lock_wait,,748,748,0,100.0,,23101.430161476135
1774376141.3530197,lock_acquired,,748,748,0,100.0,,23101.43057179451
1774376141.3533971,plan_add,,748,753,0,99.33598937583001,154.42132971503517,23101.430925369263
1774376141.3538015,phase_start,final:ours,748,753,0,99.33598937583001,154.42133248489807,23101.431339740753
1774376153.5242732,group_slots,final:ours,748,753,0,99.33598937583001,154.50268566289688,23113.601775169373
1774376153.5245569,group_start,final:ours,748,753,0,99.33598937583001,154.50268831163805,23113.60217142105
1774377168.019527,job_done,final:ours,749,753,0,99.46879150066401,128.85498935867534,24128.096757411957
1774377183.3111126,job_done,final:ours,750,753,0,99.60159362549801,96.57355394077301,24143.388485193253
1774377188.151852,job_done,final:ours,751,753,0,99.734395750332,64.30953146709741,24148.22906589508
1774377191.218081,job_done,final:ours,752,753,0,99.867197875166,32.116084534120056,24151.29556965828
1774377191.3093114,job_done,final:ours,753,753,0,100.0,,24151.38691329956
1774377191.3098252,group_end,final:ours,753,753,0,100.0,,24151.38743519783
1774377191.3125505,phase_end,,753,753,0,100.0,,24151.387670755386
1774377192.1754315,lock_released,,753,753,0,100.0,,24152.252908945084
1774377192.1760619,method_done,,753,753,0,100.0,,24152.25333714485
1774377196.0310955,pipeline_done,,753,753,0,100.0,,24156.10871052742
1774377196.7323184,lock_released,,753,753,0,100.0,,24156.809930324554
