step,train_step_loss,train_acc,train_loss,val_acc,val_loss,avg_intra_expert_coherence,expert_diversity_e0,expert_diversity_e1,expert_diversity_e2,expert_diversity_e3,expert_diversity_mean,expert_purity_e0,expert_purity_e1,expert_purity_e2,expert_purity_e3,expert_purity_mean,inter_expert_similarity,inter_expert_similarity_e0_e0,inter_expert_similarity_e0_e1,inter_expert_similarity_e0_e2,inter_expert_similarity_e0_e3,inter_expert_similarity_e1_e0,inter_expert_similarity_e1_e1,inter_expert_similarity_e1_e2,inter_expert_similarity_e1_e3,inter_expert_similarity_e2_e0,inter_expert_similarity_e2_e1,inter_expert_similarity_e2_e2,inter_expert_similarity_e2_e3,inter_expert_similarity_e3_e0,inter_expert_similarity_e3_e1,inter_expert_similarity_e3_e2,inter_expert_similarity_e3_e3,intra_expert_coherence_e0,intra_expert_coherence_e1,intra_expert_coherence_e2,intra_expert_coherence_e3,load_cv,load_max_min_ratio,overall_task_conflict_cos,router_entropy,router_load_e0,router_load_e1,router_load_e2,router_load_e3,task_acc__glue_sst2,task_conflict_t0_t0,task_grad_norm_cv,task_loss__glue_sst2,utilization_ratio
50.0,0.2473732978105545,0.7896331051685994,0.6604676136471035,0.716743119266055,0.8745448171753775,1.0,0.0,0.0,0.0,0.0,0.0,1.0,1.0,1.0,1.0,1.0,0.06410104640270918,1.0,0.3846062784162551,0.0,0.0,0.3846062784162551,1.0,0.0,0.0,0.0,0.0,1.0,0.0,0.0,0.0,0.0,1.0,1.0,1.0,1.0,1.0,1.0793630982204558,644576549530.0293,1.0,0.6488757341279896,0.3546501398086548,0.6445765495300293,0.0,0.0007733762031421065,0.716743119266055,1.0,0.0,0.8745448171753775,0.5
100.0,0.8518643230199814,0.8607551708265898,0.4296724240288953,0.8600917431192661,0.4429389489306645,1.0,0.0,0.0,0.0,0.0,0.0,1.0,1.0,1.0,1.0,1.0,-0.011352983821325435,1.0,-0.06811790292795261,0.0,0.0,-0.06811790292795261,1.0,0.0,0.0,0.0,0.0,1.0,0.0,0.0,0.0,0.0,1.0,1.0,1.0,1.0,1.0,0.9768264266045602,586365163326.2634,1.0,0.6751419743266674,0.37882956862449646,0.5863651633262634,0.03480515629053116,0.0,0.8600917431192661,1.0,0.0,0.4429389489306645,0.5
150.0,0.7590802907943726,0.8183640440095621,0.4418602127223464,0.8428899082568807,0.38375102423808793,1.0,0.0,0.0,0.0,0.0,0.0,1.0,1.0,1.0,1.0,1.0,0.02840881732132777,1.0,0.1704529039279666,0.0,0.0,0.1704529039279666,1.0,0.0,0.0,0.0,0.0,1.0,0.0,0.0,0.0,0.0,1.0,1.0,1.0,1.0,1.0,1.0711601887750402,635731458663.9404,1.0,0.6503644476243116,0.3642686605453491,0.6357314586639404,0.0,0.0,0.8428899082568807,1.0,0.0,0.38375102423808793,0.5
