step,train_step_loss,train_acc,train_loss,val_acc,val_loss,router_entropy,router_load_e0,router_load_e1,router_load_e2,router_load_e3
30.0,0.5371037746469179,0.6617989673112837,0.5916113287297495,0.6393892436920495,0.6037197628793529,0.6809261416395506,0.4431003928184509,0.07807549834251404,0.1735105812549591,0.30531346797943115
50.0,0.7198698967695236,0.6934349463309838,0.5715780088198416,0.6713530359203502,0.5931866584773678,0.6783044234746032,0.4575492739677429,0.12617827951908112,0.14445769786834717,0.2718146741390228
