{
  "best_val_acc": 0.6589379793623488,
  "final_val_acc": 0.6589379793623488,
  "method": "ours",
  "num_eval_points": 5
}