{
  "best_val_acc": 0.6674898559234709,
  "final_val_acc": 0.6674898559234709,
  "method": "ours",
  "num_eval_points": 5
}