step,train_step_loss,train_acc,train_loss,val_acc,val_loss,router_entropy,router_load_e0,router_load_e1,router_load_e2,router_load_e3
10.0,0.46462604403495783,0.6417929449701912,0.644889741234194,0.6234498980541828,0.655226496130774,1.0869666628401589,0.15692102909088135,0.5786359310150146,0.0799567699432373,0.18448635935783386
20.0,0.5800563097000123,0.6139490344541926,0.6539276375745326,0.6068747526631616,0.6579276988591191,1.1427069117349606,0.18257278203964233,0.5304571986198425,0.08973406255245209,0.19723622500896454
30.0,0.6994773795207342,0.6534656832359312,0.6064367795702165,0.656573929533855,0.6134632734377147,1.0998391946432766,0.17050296068191528,0.5617337822914124,0.08342694491147995,0.18433628976345062
40.0,0.6738123496373495,0.6721736133916242,0.5972851925576056,0.6681038304240198,0.6013956179008774,1.0940709653551932,0.16925296187400818,0.561453640460968,0.08395031094551086,0.18534301221370697
50.0,0.7214653293291728,0.6628935329376425,0.5924242165980607,0.6531641763708448,0.6088376348235239,1.064121681506987,0.15851494669914246,0.5841096639633179,0.07577210664749146,0.18160314857959747
