{
  "best_val_acc": 0.6681038304240198,
  "final_val_acc": 0.6531641763708448,
  "method": "ours",
  "num_eval_points": 5
}