step,train_step_loss,train_acc,train_loss,val_acc,val_loss,avg_intra_expert_coherence,expert_diversity_e0,expert_diversity_e1,expert_diversity_e2,expert_diversity_e3,expert_diversity_mean,expert_purity_e0,expert_purity_e1,expert_purity_e2,expert_purity_e3,expert_purity_mean,inter_expert_similarity,inter_expert_similarity_e0_e0,inter_expert_similarity_e0_e1,inter_expert_similarity_e0_e2,inter_expert_similarity_e0_e3,inter_expert_similarity_e1_e0,inter_expert_similarity_e1_e1,inter_expert_similarity_e1_e2,inter_expert_similarity_e1_e3,inter_expert_similarity_e2_e0,inter_expert_similarity_e2_e1,inter_expert_similarity_e2_e2,inter_expert_similarity_e2_e3,inter_expert_similarity_e3_e0,inter_expert_similarity_e3_e1,inter_expert_similarity_e3_e2,inter_expert_similarity_e3_e3,intra_expert_coherence_e0,intra_expert_coherence_e1,intra_expert_coherence_e2,intra_expert_coherence_e3,load_cv,load_max_min_ratio,overall_task_conflict_cos,router_entropy,router_load_e0,router_load_e1,router_load_e2,router_load_e3,task_acc__glue_rte,task_conflict_t0_t0,task_grad_norm_cv,task_loss__glue_rte,utilization_ratio
50.0,0.6596182882785797,0.6224899598393574,0.6622078504317847,0.6028880866425993,0.6702241202195486,1.0,0.0,0.0,0.0,0.0,0.0,1.0,1.0,1.0,1.0,1.0,0.015254496718048736,1.0,0.0,0.0,0.0,0.0,1.0,0.03107497697937181,0.031716652833612954,0.0,0.03107497697937181,1.0,0.028735350495307652,0.0,0.031716652833612954,0.028735350495307652,1.0,1.0,1.0,1.0,1.0,0.9499127268791199,565013468265.5334,1.0,0.6731552423552916,0.0,0.04179937765002251,0.5650134682655334,0.39318716526031494,0.6028880866425993,1.0,0.0,0.6702241202195486,0.5
100.0,0.580763190984726,0.6991967871485943,0.6069402722785106,0.6462093862815884,0.6232030755943723,1.0,0.0,0.0,0.0,0.0,0.0,1.0,1.0,1.0,1.0,1.0,0.00929084483840079,1.0,0.0,0.0,0.0,0.0,1.0,0.055745069030404736,0.0,0.0,0.055745069030404736,1.0,0.0,0.0,0.0,0.0,1.0,1.0,1.0,1.0,1.0,1.100003069639389,662021100521.0876,1.0,0.6155974030064332,0.0,0.3379788398742676,0.6620211005210876,0.0,0.6462093862815884,1.0,0.0,0.6232030755943723,0.5
150.0,0.5518822371959686,0.6674698795180722,0.6103804723956646,0.6425992779783394,0.6514208507206705,1.0,0.0,0.0,0.0,0.0,0.0,1.0,1.0,1.0,1.0,1.0,0.0077146912314301425,1.0,0.0,0.0,0.0,0.0,1.0,0.04628814738858086,0.0,0.0,0.04628814738858086,1.0,0.0,0.0,0.0,0.0,1.0,1.0,1.0,1.0,1.0,1.1095889806747437,669995486736.2976,1.0,0.6312313165905673,0.0,0.33000448346138,0.6699954867362976,0.0,0.6425992779783394,1.0,0.0,0.6514208507206705,0.5
