step,train_step_loss,train_acc,train_loss,val_acc,val_loss,avg_intra_expert_coherence,expert_diversity_e0,expert_diversity_e1,expert_diversity_e2,expert_diversity_e3,expert_diversity_mean,expert_purity_e0,expert_purity_e1,expert_purity_e2,expert_purity_e3,expert_purity_mean,inter_expert_similarity,inter_expert_similarity_e0_e0,inter_expert_similarity_e0_e1,inter_expert_similarity_e0_e2,inter_expert_similarity_e0_e3,inter_expert_similarity_e1_e0,inter_expert_similarity_e1_e1,inter_expert_similarity_e1_e2,inter_expert_similarity_e1_e3,inter_expert_similarity_e2_e0,inter_expert_similarity_e2_e1,inter_expert_similarity_e2_e2,inter_expert_similarity_e2_e3,inter_expert_similarity_e3_e0,inter_expert_similarity_e3_e1,inter_expert_similarity_e3_e2,inter_expert_similarity_e3_e3,intra_expert_coherence_e0,intra_expert_coherence_e1,intra_expert_coherence_e2,intra_expert_coherence_e3,load_cv,load_max_min_ratio,overall_task_conflict_cos,router_entropy,router_load_e0,router_load_e1,router_load_e2,router_load_e3,task_acc__glue_mrpc,task_conflict_t0_t0,task_grad_norm_cv,task_loss__glue_mrpc,utilization_ratio
50.0,0.4619898945093155,0.7887131952017448,0.44490035250782967,0.7965686274509803,0.4407769375695632,1.0,0.0,0.0,0.0,0.0,0.0,1.0,1.0,1.0,1.0,1.0,-0.050321071263379875,1.0,-0.17763524244486797,0.37704310203672425,-0.07386544300042402,-0.17763524244486797,1.0,-0.08579129865961135,-0.23403925408579968,0.37704310203672425,-0.08579129865961135,1.0,-0.10763829142630048,-0.07386544300042402,-0.23403925408579968,-0.10763829142630048,1.0,1.0,1.0,1.0,1.0,0.24535459280014038,1.8231912929491059,1.0,1.336421197535945,0.33676353096961975,0.2781766355037689,0.1847110241651535,0.2003488540649414,0.7965686274509803,1.0,0.0,0.4407769375695632,1.0
100.0,0.1661420240998268,0.886041439476554,0.26670949650199516,0.8627450980392157,0.3235017330779766,1.0,0.0,0.0,0.0,0.0,0.0,1.0,1.0,1.0,1.0,1.0,-0.04936904039878354,1.0,-0.22096525020969376,-0.4855148288025668,0.19022746886191116,-0.22096525020969376,1.0,0.13422606571510096,0.08518449470697578,-0.4855148288025668,0.13422606571510096,1.0,0.0006278073355713417,0.19022746886191116,0.08518449470697578,0.0006278073355713417,1.0,1.0,1.0,1.0,1.0,0.25999727845191956,2.104488875256484,1.0,1.3133687786027497,0.3398386538028717,0.2716158330440521,0.22706279158592224,0.16148275136947632,0.8627450980392157,1.0,0.0,0.3235017330779766,1.0
