step,train_step_loss,train_acc,train_loss,val_acc,val_loss,avg_intra_expert_coherence,expert_diversity_e0,expert_diversity_e1,expert_diversity_e2,expert_diversity_e3,expert_diversity_mean,expert_purity_e0,expert_purity_e1,expert_purity_e2,expert_purity_e3,expert_purity_mean,inter_expert_similarity,inter_expert_similarity_e0_e0,inter_expert_similarity_e0_e1,inter_expert_similarity_e0_e2,inter_expert_similarity_e0_e3,inter_expert_similarity_e1_e0,inter_expert_similarity_e1_e1,inter_expert_similarity_e1_e2,inter_expert_similarity_e1_e3,inter_expert_similarity_e2_e0,inter_expert_similarity_e2_e1,inter_expert_similarity_e2_e2,inter_expert_similarity_e2_e3,inter_expert_similarity_e3_e0,inter_expert_similarity_e3_e1,inter_expert_similarity_e3_e2,inter_expert_similarity_e3_e3,intra_expert_coherence_e0,intra_expert_coherence_e1,intra_expert_coherence_e2,intra_expert_coherence_e3,load_cv,load_max_min_ratio,overall_task_conflict_cos,router_entropy,router_load_e0,router_load_e1,router_load_e2,router_load_e3,task_acc__glue_mrpc,task_conflict_t0_t0,task_grad_norm_cv,task_loss__glue_mrpc,utilization_ratio
50.0,0.24948234856128693,0.802071973827699,0.4230519482218053,0.8063725490196079,0.45265161933807224,1.0,0.0,0.0,0.0,0.0,0.0,1.0,1.0,1.0,1.0,1.0,-0.148936821772904,1.0,0.32936536553334156,-0.2860150725339105,-0.10782858090819435,0.32936536553334156,1.0,-0.3595275206364634,-0.4940993363675164,-0.2860150725339105,-0.3595275206364634,1.0,0.024484214275319133,-0.10782858090819435,-0.4940993363675164,0.024484214275319133,1.0,1.0,1.0,1.0,1.0,0.1759807704710042,1.531968646673051,1.0,1.3521288539849075,0.2671184539794922,0.21371451020240784,0.3141222596168518,0.20504483580589294,0.8063725490196079,1.0,0.0,0.45265161933807224,1.0
100.0,0.4013843983411789,0.8844056706652127,0.29350373003145924,0.8529411764705882,0.33022180887369007,1.0,0.0,0.0,0.0,0.0,0.0,1.0,1.0,1.0,1.0,1.0,0.01342068305760135,1.0,0.3016419922905661,-0.023735783422523637,-0.0055056547535721,0.3016419922905661,1.0,0.29130021021081726,-0.3897851272043855,-0.023735783422523637,0.29130021021081726,1.0,-0.09339153877529398,-0.0055056547535721,-0.3897851272043855,-0.09339153877529398,1.0,1.0,1.0,1.0,1.0,0.18356551229953766,1.5090336856228852,1.0,1.3513760940701354,0.29381296038627625,0.19703982770442963,0.2973397374153137,0.2118074893951416,0.8529411764705882,1.0,0.0,0.33022180887369007,1.0
