step,train_step_loss,train_acc,train_loss,val_acc,val_loss,avg_intra_expert_coherence,expert_diversity_e0,expert_diversity_e1,expert_diversity_e2,expert_diversity_e3,expert_diversity_mean,expert_purity_e0,expert_purity_e1,expert_purity_e2,expert_purity_e3,expert_purity_mean,inter_expert_similarity,inter_expert_similarity_e0_e0,inter_expert_similarity_e0_e1,inter_expert_similarity_e0_e2,inter_expert_similarity_e0_e3,inter_expert_similarity_e1_e0,inter_expert_similarity_e1_e1,inter_expert_similarity_e1_e2,inter_expert_similarity_e1_e3,inter_expert_similarity_e2_e0,inter_expert_similarity_e2_e1,inter_expert_similarity_e2_e2,inter_expert_similarity_e2_e3,inter_expert_similarity_e3_e0,inter_expert_similarity_e3_e1,inter_expert_similarity_e3_e2,inter_expert_similarity_e3_e3,intra_expert_coherence_e0,intra_expert_coherence_e1,intra_expert_coherence_e2,intra_expert_coherence_e3,load_cv,load_max_min_ratio,overall_task_conflict_cos,router_entropy,router_load_e0,router_load_e1,router_load_e2,router_load_e3,task_acc__glue_rte,task_conflict_t0_t0,task_grad_norm_cv,task_loss__glue_rte,utilization_ratio
50.0,0.5957243740558624,0.6493975903614457,0.6473313276393292,0.6137184115523465,0.6545278115404977,1.0,0.0,0.0,0.0,0.0,0.0,1.0,1.0,1.0,1.0,1.0,0.08162759959445319,1.0,0.0,0.4897655975667191,0.0,0.0,1.0,0.0,0.0,0.4897655975667191,0.0,1.0,0.0,0.0,0.0,0.0,1.0,1.0,1.0,1.0,1.0,1.0009924173355103,515754878520.9656,1.0,0.691923446173272,0.5157548785209656,0.0,0.4842451214790344,0.0,0.6137184115523465,1.0,0.0,0.6545278115404977,0.5
100.0,0.6028567552566528,0.7032128514056225,0.5968671966821719,0.6678700361010831,0.6289518177509308,1.0,0.0,0.0,0.0,0.0,0.0,1.0,1.0,1.0,1.0,1.0,-0.004931789361588131,1.0,0.0,-0.029590736169528783,0.0,0.0,1.0,0.0,0.0,-0.029590736169528783,0.0,1.0,0.0,0.0,0.0,0.0,1.0,1.0,1.0,1.0,1.0,1.0008463859558105,514549732208.25195,1.0,0.6915425712020818,0.514549732208252,0.0,0.48545026779174805,0.0,0.6678700361010831,1.0,0.0,0.6289518177509308,0.5
150.0,0.6471940577030182,0.6742971887550201,0.6089980813555228,0.6425992779783394,0.6364568264947997,1.0,0.0,0.0,0.0,0.0,0.0,1.0,1.0,1.0,1.0,1.0,0.004960337531383211,1.0,0.0,0.029762025188299266,0.0,0.0,1.0,0.0,0.0,0.029762025188299266,0.0,1.0,0.0,0.0,0.0,0.0,1.0,1.0,1.0,1.0,1.0,1.0000770092010498,504386484622.9553,1.0,0.6923251238110263,0.5043864846229553,0.0,0.4956135153770447,0.0,0.6425992779783394,1.0,0.0,0.6364568264947997,0.5
