step,train_step_loss,train_acc,train_loss,val_acc,val_loss,avg_intra_expert_coherence,expert_diversity_e0,expert_diversity_e1,expert_diversity_e2,expert_diversity_e3,expert_diversity_mean,expert_purity_e0,expert_purity_e1,expert_purity_e2,expert_purity_e3,expert_purity_mean,inter_expert_similarity,inter_expert_similarity_e0_e0,inter_expert_similarity_e0_e1,inter_expert_similarity_e0_e2,inter_expert_similarity_e0_e3,inter_expert_similarity_e1_e0,inter_expert_similarity_e1_e1,inter_expert_similarity_e1_e2,inter_expert_similarity_e1_e3,inter_expert_similarity_e2_e0,inter_expert_similarity_e2_e1,inter_expert_similarity_e2_e2,inter_expert_similarity_e2_e3,inter_expert_similarity_e3_e0,inter_expert_similarity_e3_e1,inter_expert_similarity_e3_e2,inter_expert_similarity_e3_e3,intra_expert_coherence_e0,intra_expert_coherence_e1,intra_expert_coherence_e2,intra_expert_coherence_e3,load_cv,load_max_min_ratio,overall_task_conflict_cos,router_entropy,router_load_e0,router_load_e1,router_load_e2,router_load_e3,task_acc__glue_rte,task_conflict_t0_t0,task_grad_norm_cv,task_loss__glue_rte,utilization_ratio
50.0,0.6945787668228149,0.4983935742971888,0.7184399190812538,0.4729241877256318,0.7344233476453357,1.0,0.0,0.0,0.0,0.0,0.0,1.0,1.0,1.0,1.0,1.0,0.1321939417713624,1.0,0.0,0.0,0.0,0.0,1.0,0.0,0.7931636506281744,0.0,0.0,1.0,0.0,0.0,0.7931636506281744,0.0,1.0,1.0,1.0,1.0,1.0,1.571455214706374,928583562374.115,1.0,0.25728716833066423,0.0,0.928583562374115,0.0,0.07141635566949844,0.4729241877256318,1.0,0.0,0.7344233476453357,0.25
100.0,0.7136521935462952,0.4983935742971888,0.6931932842120145,0.4729241877256318,0.69366345471806,1.0,0.0,0.0,0.0,0.0,0.0,1.0,1.0,1.0,1.0,1.0,0.02782757056358637,1.0,0.0,0.0,0.0,0.0,1.0,0.0,0.16696542338151824,0.0,0.0,1.0,0.0,0.0,0.16696542338151824,0.0,1.0,1.0,1.0,1.0,1.0,1.1761109409067771,718871414661.4075,1.0,0.5940163135528564,0.0,0.7188714146614075,0.0,0.281128853559494,0.4729241877256318,1.0,0.0,0.69366345471806,0.5
150.0,0.6809801459312439,0.5016064257028112,0.7030503863325486,0.5270758122743683,0.692729264497757,1.0,0.0,0.0,0.0,0.0,0.0,1.0,1.0,1.0,1.0,1.0,-0.02998635486509758,1.0,-0.17991812919058547,0.0,0.0,-0.17991812919058547,1.0,0.0,0.0,0.0,0.0,1.0,0.0,0.0,0.0,0.0,1.0,1.0,1.0,1.0,1.0,1.1320383233932678,687587082386.0168,1.0,0.6210178726416633,0.31241318583488464,0.6875870823860168,0.0,0.0,0.5270758122743683,1.0,0.0,0.692729264497757,0.5
