step,train_step_loss,train_acc,train_loss,val_acc,val_loss,avg_intra_expert_coherence,expert_diversity_e0,expert_diversity_e1,expert_diversity_e2,expert_diversity_e3,expert_diversity_mean,expert_purity_e0,expert_purity_e1,expert_purity_e2,expert_purity_e3,expert_purity_mean,inter_expert_similarity,inter_expert_similarity_e0_e0,inter_expert_similarity_e0_e1,inter_expert_similarity_e0_e2,inter_expert_similarity_e0_e3,inter_expert_similarity_e1_e0,inter_expert_similarity_e1_e1,inter_expert_similarity_e1_e2,inter_expert_similarity_e1_e3,inter_expert_similarity_e2_e0,inter_expert_similarity_e2_e1,inter_expert_similarity_e2_e2,inter_expert_similarity_e2_e3,inter_expert_similarity_e3_e0,inter_expert_similarity_e3_e1,inter_expert_similarity_e3_e2,inter_expert_similarity_e3_e3,intra_expert_coherence_e0,intra_expert_coherence_e1,intra_expert_coherence_e2,intra_expert_coherence_e3,load_cv,load_max_min_ratio,overall_task_conflict_cos,router_entropy,router_load_e0,router_load_e1,router_load_e2,router_load_e3,task_acc__glue_rte,task_conflict_t0_t0,task_grad_norm_cv,task_loss__glue_rte,utilization_ratio
50.0,0.7496943473815918,0.4983935742971888,0.6999250202606886,0.4729241877256318,0.7078035490380393,1.0,0.0,0.0,0.0,0.0,0.0,1.0,1.0,1.0,1.0,1.0,-0.01980744485698035,1.0,0.0,0.0,0.0,0.0,1.0,-0.1188446691418821,0.0,0.0,-0.1188446691418821,1.0,0.0,0.0,0.0,0.0,1.0,1.0,1.0,1.0,1.0,1.6951656988559423,983940243721.0083,1.0,0.08227914776182346,0.0,0.9839402437210083,0.016059555113315582,0.0,0.4729241877256318,1.0,0.0,0.7078035490380393,0.25
100.0,0.7495597004890442,0.5016064257028112,0.6931412433966612,0.5270758122743683,0.6929728753036923,1.0,0.0,0.0,0.0,0.0,0.0,1.0,1.0,1.0,1.0,1.0,0.022314209763928932,1.0,0.0,0.13388525858357359,0.0,0.0,1.0,0.0,0.0,0.13388525858357359,0.0,1.0,0.0,0.0,0.0,0.0,1.0,1.0,1.0,1.0,1.0,1.016992273984958,565453290939.331,1.0,0.684554196436913,0.4345465302467346,0.0,0.565453290939331,0.0,0.5270758122743683,1.0,0.0,0.6929728753036923,0.5
150.0,0.7072696089744568,0.5016064257028112,0.6955636574671819,0.5270758122743683,0.6903346197472678,1.0,0.0,0.0,0.0,0.0,0.0,1.0,1.0,1.0,1.0,1.0,0.013810343857104534,1.0,0.0,0.0,0.0,0.0,1.0,0.0828620631426272,0.0,0.0,0.0828620631426272,1.0,0.0,0.0,0.0,0.0,1.0,1.0,1.0,1.0,1.0,1.1811059713363647,722208023071.2891,1.0,0.5908558368682861,0.0,0.2777920067310333,0.7222080230712891,0.0,0.5270758122743683,1.0,0.0,0.6903346197472678,0.5
