step,train_step_loss,train_acc,train_loss,val_acc,val_loss,avg_intra_expert_coherence,expert_diversity_e0,expert_diversity_e1,expert_diversity_e2,expert_diversity_e3,expert_diversity_mean,expert_purity_e0,expert_purity_e1,expert_purity_e2,expert_purity_e3,expert_purity_mean,inter_expert_similarity,inter_expert_similarity_e0_e0,inter_expert_similarity_e0_e1,inter_expert_similarity_e0_e2,inter_expert_similarity_e0_e3,inter_expert_similarity_e1_e0,inter_expert_similarity_e1_e1,inter_expert_similarity_e1_e2,inter_expert_similarity_e1_e3,inter_expert_similarity_e2_e0,inter_expert_similarity_e2_e1,inter_expert_similarity_e2_e2,inter_expert_similarity_e2_e3,inter_expert_similarity_e3_e0,inter_expert_similarity_e3_e1,inter_expert_similarity_e3_e2,inter_expert_similarity_e3_e3,intra_expert_coherence_e0,intra_expert_coherence_e1,intra_expert_coherence_e2,intra_expert_coherence_e3,load_cv,load_max_min_ratio,overall_task_conflict_cos,router_entropy,router_load_e0,router_load_e1,router_load_e2,router_load_e3,task_acc__glue_mrpc,task_conflict_t0_t0,task_grad_norm_cv,task_loss__glue_mrpc,utilization_ratio
50.0,0.9604182243347168,0.3255179934569248,1.0044512117038602,0.3161764705882353,1.0118726308529193,1.0,0.0,0.0,0.0,0.0,0.0,1.0,1.0,1.0,1.0,1.0,0.010042735676654193,1.0,0.06025641405992516,0.0,0.0,0.06025641405992516,1.0,0.0,0.0,0.0,0.0,1.0,0.0,0.0,0.0,0.0,1.0,1.0,1.0,1.0,1.0,1.7298253130496295,999035775661.4685,1.0,0.0076577621329502734,0.9990357756614685,0.000963979575317353,0.0,0.0,0.3161764705882353,1.0,0.0,1.0118726308529193,0.25
100.0,0.67128124833107,0.6744820065430752,0.6503207919390305,0.6838235294117647,0.6472320029368768,1.0,0.0,0.0,0.0,0.0,0.0,1.0,1.0,1.0,1.0,1.0,-0.0009014337926142761,1.0,-0.005408602755685657,0.0,0.0,-0.005408602755685657,1.0,0.0,0.0,0.0,0.0,1.0,0.0,0.0,0.0,0.0,1.0,1.0,1.0,1.0,1.0,1.7315144770793236,999767363071.4417,1.0,0.0021759301889687777,0.9997673630714417,0.00023228797363117337,0.0,0.0,0.6838235294117647,1.0,0.0,0.6472320029368768,0.25
150.0,0.6592372059822083,0.6744820065430752,0.6420741907280424,0.6838235294117647,0.6336546225043443,1.0,0.0,0.0,0.0,0.0,0.0,1.0,1.0,1.0,1.0,1.0,0.0004393917698274576,1.0,0.0,0.0026363506189647458,0.0,0.0,1.0,0.0,0.0,0.0026363506189647458,0.0,1.0,0.0,0.0,0.0,0.0,1.0,1.0,1.0,1.0,1.0,1.7320001752377705,999977409839.6301,1.0,0.00025745240090341835,0.9999774098396301,0.0,2.1956790078547783e-05,0.0,0.6838235294117647,1.0,0.0,0.6336546225043443,0.25
