step,train_step_loss,train_acc,train_loss,val_acc,val_loss,avg_intra_expert_coherence,expert_diversity_e0,expert_diversity_e1,expert_diversity_e2,expert_diversity_e3,expert_diversity_mean,expert_purity_e0,expert_purity_e1,expert_purity_e2,expert_purity_e3,expert_purity_mean,inter_expert_similarity,inter_expert_similarity_e0_e0,inter_expert_similarity_e0_e1,inter_expert_similarity_e0_e2,inter_expert_similarity_e0_e3,inter_expert_similarity_e1_e0,inter_expert_similarity_e1_e1,inter_expert_similarity_e1_e2,inter_expert_similarity_e1_e3,inter_expert_similarity_e2_e0,inter_expert_similarity_e2_e1,inter_expert_similarity_e2_e2,inter_expert_similarity_e2_e3,inter_expert_similarity_e3_e0,inter_expert_similarity_e3_e1,inter_expert_similarity_e3_e2,inter_expert_similarity_e3_e3,intra_expert_coherence_e0,intra_expert_coherence_e1,intra_expert_coherence_e2,intra_expert_coherence_e3,load_cv,load_max_min_ratio,overall_task_conflict_cos,router_entropy,router_load_e0,router_load_e1,router_load_e2,router_load_e3,task_acc__glue_mrpc,task_conflict_t0_t0,task_grad_norm_cv,task_loss__glue_mrpc,utilization_ratio
50.0,0.5848295986652374,0.6744820065430752,0.6338898963254431,0.6838235294117647,0.6267241422946637,1.0,0.0,0.0,0.0,0.0,0.0,1.0,1.0,1.0,1.0,1.0,0.002995097842983936,1.0,0.0,0.017970587057903616,0.0,0.0,1.0,0.0,0.0,0.017970587057903616,0.0,1.0,0.0,0.0,0.0,0.0,1.0,1.0,1.0,1.0,1.0,1.729511000092864,998900175094.6045,1.0,0.008594691388162911,0.0011002242099493742,0.0,0.9989001750946045,0.0,0.6838235294117647,1.0,0.0,0.6267241422946637,0.25
100.0,0.7113129496574402,0.6744820065430752,0.6392981067299843,0.6838235294117647,0.6360859355101218,1.0,0.0,0.0,0.0,0.0,0.0,1.0,1.0,1.0,1.0,1.0,-0.00068125712170077,1.0,0.0,-0.00408754273020462,0.0,0.0,1.0,0.0,0.0,-0.00408754273020462,0.0,1.0,0.0,0.0,0.0,0.0,1.0,1.0,1.0,1.0,1.0,1.7260688755758555,997407138347.6257,1.0,0.01802796786468403,0.002592528471723199,0.0,0.9974071383476257,0.0,0.6838235294117647,1.0,0.0,0.6360859355101218,0.25
150.0,0.7133525013923645,0.6744820065430752,0.6454892262168552,0.6838235294117647,0.6351184059794133,1.0,0.0,0.0,0.0,0.0,0.0,1.0,1.0,1.0,1.0,1.0,0.0009475834650185658,1.0,0.0,0.005685500790111394,0.0,0.0,1.0,0.0,0.0,0.005685500790111394,0.0,1.0,0.0,0.0,0.0,0.0,1.0,1.0,1.0,1.0,1.0,1.7305692526963936,999358832836.1511,1.0,0.005358664328049796,0.0006416742689907551,0.0,0.9993588328361511,0.0,0.6838235294117647,1.0,0.0,0.6351184059794133,0.25
