step,train_step_loss,train_acc,train_loss,val_acc,val_loss,avg_intra_expert_coherence,expert_diversity_e0,expert_diversity_e1,expert_diversity_e2,expert_diversity_e3,expert_diversity_mean,expert_purity_e0,expert_purity_e1,expert_purity_e2,expert_purity_e3,expert_purity_mean,inter_expert_similarity,inter_expert_similarity_e0_e0,inter_expert_similarity_e0_e1,inter_expert_similarity_e0_e2,inter_expert_similarity_e0_e3,inter_expert_similarity_e1_e0,inter_expert_similarity_e1_e1,inter_expert_similarity_e1_e2,inter_expert_similarity_e1_e3,inter_expert_similarity_e2_e0,inter_expert_similarity_e2_e1,inter_expert_similarity_e2_e2,inter_expert_similarity_e2_e3,inter_expert_similarity_e3_e0,inter_expert_similarity_e3_e1,inter_expert_similarity_e3_e2,inter_expert_similarity_e3_e3,intra_expert_coherence_e0,intra_expert_coherence_e1,intra_expert_coherence_e2,intra_expert_coherence_e3,load_cv,load_max_min_ratio,overall_task_conflict_cos,router_entropy,router_load_e0,router_load_e1,router_load_e2,router_load_e3,task_acc__glue_mrpc,task_conflict_t0_t0,task_grad_norm_cv,task_loss__glue_mrpc,utilization_ratio
50.0,0.5837852358818054,0.6744820065430752,0.6311429685872534,0.6838235294117647,0.6265657446705378,1.0,0.0,0.0,0.0,0.0,0.0,1.0,1.0,1.0,1.0,1.0,0.27073686409742065,1.0,0.14271978040928773,0.1672286167642193,0.15859774130387233,0.14271978040928773,1.0,0.2421618037800955,0.6256356096465029,0.1672286167642193,0.2421618037800955,1.0,0.288077632680546,0.15859774130387233,0.6256356096465029,0.288077632680546,1.0,1.0,1.0,1.0,1.0,0.3244984834788422,2.1743859114791055,1.0,1.3355751972572476,0.37553083896636963,0.18447397649288177,0.17270661890506744,0.267288476228714,0.6838235294117647,1.0,0.0,0.6265657446705378,1.0
100.0,0.6649357676506042,0.6744820065430752,0.6321898950182874,0.6838235294117647,0.6256949643676097,1.0,0.0,0.0,0.0,0.0,0.0,1.0,1.0,1.0,1.0,1.0,0.02217352541719737,1.0,-0.24155507132237683,-0.2799128924265453,-0.16598294003881217,-0.24155507132237683,1.0,0.18395165240095251,0.5323390992004793,-0.2799128924265453,0.18395165240095251,1.0,0.10420130468948668,-0.16598294003881217,0.5323390992004793,0.10420130468948668,1.0,1.0,1.0,1.0,1.0,0.44535666329542956,4.905280602636535,1.0,1.2660789723489798,0.2398490160703659,0.07220171391963959,0.33378005027770996,0.35416966676712036,0.6838235294117647,1.0,0.0,0.6256949643676097,0.75
