step,train_step_loss,train_acc,train_loss,val_acc,val_loss,avg_intra_expert_coherence,expert_diversity_e0,expert_diversity_e1,expert_diversity_e2,expert_diversity_e3,expert_diversity_mean,expert_purity_e0,expert_purity_e1,expert_purity_e2,expert_purity_e3,expert_purity_mean,inter_expert_similarity,inter_expert_similarity_e0_e0,inter_expert_similarity_e0_e1,inter_expert_similarity_e0_e2,inter_expert_similarity_e0_e3,inter_expert_similarity_e1_e0,inter_expert_similarity_e1_e1,inter_expert_similarity_e1_e2,inter_expert_similarity_e1_e3,inter_expert_similarity_e2_e0,inter_expert_similarity_e2_e1,inter_expert_similarity_e2_e2,inter_expert_similarity_e2_e3,inter_expert_similarity_e3_e0,inter_expert_similarity_e3_e1,inter_expert_similarity_e3_e2,inter_expert_similarity_e3_e3,intra_expert_coherence_e0,intra_expert_coherence_e1,intra_expert_coherence_e2,intra_expert_coherence_e3,load_cv,load_max_min_ratio,overall_task_conflict_cos,router_entropy,router_load_e0,router_load_e1,router_load_e2,router_load_e3,task_acc__glue_mrpc,task_conflict_t0_t0,task_grad_norm_cv,task_loss__glue_mrpc,utilization_ratio
50.0,0.4765152782201767,0.6744820065430752,0.6520116130295007,0.6838235294117647,0.6425926226835984,1.0,0.0,0.0,0.0,0.0,0.0,1.0,1.0,1.0,1.0,1.0,-0.04421513042224592,1.0,-0.22900473152886233,0.2031018698427548,0.39672311285595785,-0.22900473152886233,1.0,-0.18830758005839707,-0.43443016024795683,0.2031018698427548,-0.18830758005839707,1.0,-0.01337329339697188,0.39672311285595785,-0.43443016024795683,-0.01337329339697188,1.0,1.0,1.0,1.0,1.0,0.38230863213539124,3.0639558111039586,1.0,1.311380856177386,0.2811059057712555,0.20761524140834808,0.12580819427967072,0.38547074794769287,0.6838235294117647,1.0,0.0,0.6425926226835984,1.0
100.0,0.6964280307292938,0.6744820065430752,0.6355684371746104,0.6838235294117647,0.6287187423843604,1.0,0.0,0.0,0.0,0.0,0.0,1.0,1.0,1.0,1.0,1.0,-0.08089304482414494,1.0,-0.16601062058502888,0.053284362944097816,-0.29569910175014985,-0.16601062058502888,1.0,-0.37352771180763344,0.41180205894173677,0.053284362944097816,-0.37352771180763344,1.0,-0.11520725668789203,-0.29569910175014985,0.41180205894173677,-0.11520725668789203,1.0,1.0,1.0,1.0,1.0,0.5111491693436109,5.406765246223306,1.0,1.236004252059787,0.3669845759868622,0.06913799047470093,0.1900644451379776,0.37381288409233093,0.6838235294117647,1.0,0.0,0.6287187423843604,0.75
