step,train_step_loss,train_acc,train_loss,val_acc,val_loss,avg_intra_expert_coherence,expert_diversity_e0,expert_diversity_e1,expert_diversity_e2,expert_diversity_e3,expert_diversity_mean,expert_purity_e0,expert_purity_e1,expert_purity_e2,expert_purity_e3,expert_purity_mean,inter_expert_similarity,inter_expert_similarity_e0_e0,inter_expert_similarity_e0_e1,inter_expert_similarity_e0_e2,inter_expert_similarity_e0_e3,inter_expert_similarity_e1_e0,inter_expert_similarity_e1_e1,inter_expert_similarity_e1_e2,inter_expert_similarity_e1_e3,inter_expert_similarity_e2_e0,inter_expert_similarity_e2_e1,inter_expert_similarity_e2_e2,inter_expert_similarity_e2_e3,inter_expert_similarity_e3_e0,inter_expert_similarity_e3_e1,inter_expert_similarity_e3_e2,inter_expert_similarity_e3_e3,intra_expert_coherence_e0,intra_expert_coherence_e1,intra_expert_coherence_e2,intra_expert_coherence_e3,load_cv,load_max_min_ratio,overall_task_conflict_cos,router_entropy,router_load_e0,router_load_e1,router_load_e2,router_load_e3,task_acc__glue_rte,task_conflict_t0_t0,task_grad_norm_cv,task_loss__glue_rte,utilization_ratio
50.0,0.6644794046878815,0.5016064257028112,0.6886249871208118,0.5270758122743683,0.6872005760669708,1.0,0.0,0.0,0.0,0.0,0.0,1.0,1.0,1.0,1.0,1.0,0.005917537417670337,1.0,0.035505224506022025,0.0,0.0,0.035505224506022025,1.0,0.0,0.0,0.0,0.0,1.0,0.0,0.0,0.0,0.0,1.0,1.0,1.0,1.0,1.0,1.0056711435317993,537706851959.2285,1.0,0.6897772606529484,0.4622931182384491,0.5377068519592285,0.0,0.0,0.5270758122743683,1.0,0.0,0.6872005760669708,0.5
100.0,0.6361005902290344,0.6590361445783133,0.6555393110483121,0.6028880866425993,0.6686157153712379,1.0,0.0,0.0,0.0,0.0,0.0,1.0,1.0,1.0,1.0,1.0,0.007562229864331205,1.0,0.04537337918598723,0.0,0.0,0.04537337918598723,1.0,0.0,0.0,0.0,0.0,1.0,0.0,0.0,0.0,0.0,1.0,1.0,1.0,1.0,1.0,1.0001490712254686,506104230880.7373,1.0,0.6896927485827504,0.5061042308807373,0.4938957095146179,0.0,0.0,0.6028880866425993,1.0,0.0,0.6686157153712379,0.5
150.0,0.6329556107521057,0.6895582329317269,0.6195068342181352,0.6534296028880866,0.6383787211444643,1.0,0.0,0.0,0.0,0.0,0.0,1.0,1.0,1.0,1.0,1.0,0.0032979757625992453,1.0,0.01978785457559547,0.0,0.0,0.01978785457559547,1.0,0.0,0.0,0.0,0.0,1.0,0.0,0.0,0.0,0.0,1.0,1.0,1.0,1.0,1.0,1.0100948798543359,555041015148.1628,1.0,0.6735085494251458,0.44384825229644775,0.5550410151481628,0.0,0.0011108166072517633,0.6534296028880866,1.0,0.0,0.6383787211444643,0.5
