step,train_step_loss,train_acc,train_loss,val_acc,val_loss,avg_intra_expert_coherence,expert_diversity_e0,expert_diversity_e1,expert_diversity_e2,expert_diversity_e3,expert_diversity_mean,expert_purity_e0,expert_purity_e1,expert_purity_e2,expert_purity_e3,expert_purity_mean,inter_expert_similarity,inter_expert_similarity_e0_e0,inter_expert_similarity_e0_e1,inter_expert_similarity_e0_e2,inter_expert_similarity_e0_e3,inter_expert_similarity_e1_e0,inter_expert_similarity_e1_e1,inter_expert_similarity_e1_e2,inter_expert_similarity_e1_e3,inter_expert_similarity_e2_e0,inter_expert_similarity_e2_e1,inter_expert_similarity_e2_e2,inter_expert_similarity_e2_e3,inter_expert_similarity_e3_e0,inter_expert_similarity_e3_e1,inter_expert_similarity_e3_e2,inter_expert_similarity_e3_e3,intra_expert_coherence_e0,intra_expert_coherence_e1,intra_expert_coherence_e2,intra_expert_coherence_e3,load_cv,load_max_min_ratio,overall_task_conflict_cos,router_entropy,router_load_e0,router_load_e1,router_load_e2,router_load_e3,task_acc__glue_mrpc,task_conflict_t0_t0,task_grad_norm_cv,task_loss__glue_mrpc,utilization_ratio
50.0,0.5387900173664093,0.72546346782988,0.5282562621261763,0.7230392156862745,0.5281756583314675,1.0,0.0,0.0,0.0,0.0,0.0,1.0,1.0,1.0,1.0,1.0,0.028706359927267073,1.0,0.0,0.17223815956360244,0.0,0.0,1.0,0.0,0.0,0.17223815956360244,0.0,1.0,0.0,0.0,0.0,0.0,1.0,1.0,1.0,1.0,1.0,1.0073481798171997,542939186096.1914,1.0,0.688111776230382,0.457060843706131,0.0,0.5429391860961914,0.0,0.7230392156862745,1.0,0.0,0.5281756583314675,0.5
100.0,0.5244919806718826,0.8345147219193021,0.38704211342593897,0.8112745098039216,0.40763755400593465,1.0,0.0,0.0,0.0,0.0,0.0,1.0,1.0,1.0,1.0,1.0,-0.012270142866509294,1.0,0.0,-0.07362085719905577,0.0,0.0,1.0,0.0,0.0,-0.07362085719905577,0.0,1.0,0.0,0.0,0.0,0.0,1.0,1.0,1.0,1.0,1.0,1.03728449344635,597441673278.8086,1.0,0.666634667153452,0.402558296918869,0.0,0.5974416732788086,0.0,0.8112745098039216,1.0,0.0,0.40763755400593465,0.5
150.0,0.8814176619052887,0.8486913849509269,0.3958364977784779,0.8431372549019608,0.41834994663412756,1.0,0.0,0.0,0.0,0.0,0.0,1.0,1.0,1.0,1.0,1.0,0.01113546876286526,1.0,0.0,0.06681281257719156,0.0,0.0,1.0,0.0,0.0,0.06681281257719156,0.0,1.0,0.0,0.0,0.0,0.0,1.0,1.0,1.0,1.0,1.0,1.0793413567150447,646531641483.3069,1.0,0.6429099943123612,0.3510489761829376,0.002419337397441268,0.6465316414833069,0.0,0.8431372549019608,1.0,0.0,0.41834994663412756,0.5
