step,train_step_loss,train_acc,train_loss,val_acc,val_loss,avg_intra_expert_coherence,expert_diversity_e0,expert_diversity_e1,expert_diversity_e2,expert_diversity_e3,expert_diversity_mean,expert_purity_e0,expert_purity_e1,expert_purity_e2,expert_purity_e3,expert_purity_mean,inter_expert_similarity,inter_expert_similarity_e0_e0,inter_expert_similarity_e0_e1,inter_expert_similarity_e0_e2,inter_expert_similarity_e0_e3,inter_expert_similarity_e1_e0,inter_expert_similarity_e1_e1,inter_expert_similarity_e1_e2,inter_expert_similarity_e1_e3,inter_expert_similarity_e2_e0,inter_expert_similarity_e2_e1,inter_expert_similarity_e2_e2,inter_expert_similarity_e2_e3,inter_expert_similarity_e3_e0,inter_expert_similarity_e3_e1,inter_expert_similarity_e3_e2,inter_expert_similarity_e3_e3,intra_expert_coherence_e0,intra_expert_coherence_e1,intra_expert_coherence_e2,intra_expert_coherence_e3,load_cv,load_max_min_ratio,overall_task_conflict_cos,router_entropy,router_load_e0,router_load_e1,router_load_e2,router_load_e3,task_acc__glue_mrpc,task_conflict_t0_t0,task_grad_norm_cv,task_loss__glue_mrpc,utilization_ratio
50.0,0.44704997539520264,0.7442748091603053,0.5155080340964638,0.7377450980392157,0.5061710151628807,1.0,0.0,0.0,0.0,0.0,0.0,1.0,1.0,1.0,1.0,1.0,0.054714864447798994,1.0,0.0,0.0,0.32828918668679397,0.0,1.0,0.0,0.0,0.0,0.0,1.0,0.0,0.32828918668679397,0.0,0.0,1.0,1.0,1.0,1.0,1.0,0.9984861016273499,513208627700.80566,1.0,0.6894061156347686,0.4856534004211426,0.0,0.0011379808420315385,0.5132086277008057,0.7377450980392157,1.0,0.0,0.5061710151628807,0.5
100.0,0.4793681204319,0.8380588876772083,0.38230982543495684,0.8186274509803921,0.39932793077941126,1.0,0.0,0.0,0.0,0.0,0.0,1.0,1.0,1.0,1.0,1.0,0.0566362483522495,1.0,0.0,0.0,0.339817490113497,0.0,1.0,0.0,0.0,0.0,0.0,1.0,0.0,0.339817490113497,0.0,0.0,1.0,1.0,1.0,1.0,1.0,0.9993948936462402,548495352268.219,1.0,0.679892009379817,0.4458911120891571,0.0,0.005613530520349741,0.548495352268219,0.8186274509803921,1.0,0.0,0.39932793077941126,0.5
150.0,0.4269266575574875,0.839422028353326,0.3669795492744964,0.8357843137254902,0.37889621041428584,1.0,0.0,0.0,0.0,0.0,0.0,1.0,1.0,1.0,1.0,1.0,0.02776013027068244,1.0,0.0,0.0,0.16656078162409463,0.0,1.0,0.0,0.0,0.0,0.0,1.0,0.0,0.16656078162409463,0.0,0.0,1.0,1.0,1.0,1.0,1.0,0.9885150790214539,545907258987.42676,1.0,0.6804258519527959,0.4428885281085968,0.0,0.011204210110008717,0.5459072589874268,0.8357843137254902,1.0,0.0,0.37889621041428584,0.5
