step,train_step_loss,train_acc,train_loss,val_acc,val_loss,avg_intra_expert_coherence,expert_diversity_e0,expert_diversity_e1,expert_diversity_e2,expert_diversity_e3,expert_diversity_mean,expert_purity_e0,expert_purity_e1,expert_purity_e2,expert_purity_e3,expert_purity_mean,inter_expert_similarity,inter_expert_similarity_e0_e0,inter_expert_similarity_e0_e1,inter_expert_similarity_e0_e2,inter_expert_similarity_e0_e3,inter_expert_similarity_e1_e0,inter_expert_similarity_e1_e1,inter_expert_similarity_e1_e2,inter_expert_similarity_e1_e3,inter_expert_similarity_e2_e0,inter_expert_similarity_e2_e1,inter_expert_similarity_e2_e2,inter_expert_similarity_e2_e3,inter_expert_similarity_e3_e0,inter_expert_similarity_e3_e1,inter_expert_similarity_e3_e2,inter_expert_similarity_e3_e3,intra_expert_coherence_e0,intra_expert_coherence_e1,intra_expert_coherence_e2,intra_expert_coherence_e3,load_cv,load_max_min_ratio,overall_task_conflict_cos,router_entropy,router_load_e0,router_load_e1,router_load_e2,router_load_e3,task_acc__glue_sst2,task_conflict_t0_t0,task_grad_norm_cv,task_loss__glue_sst2,utilization_ratio
50.0,0.5267387181520462,0.8798497379322633,0.31608613983345285,0.8635321100917431,0.3378860424865376,1.0,0.0,0.0,0.0,0.0,0.0,1.0,1.0,1.0,1.0,1.0,-0.06354514707174097,1.0,0.0,0.0,-0.3812708824304458,0.0,1.0,0.0,0.0,0.0,0.0,1.0,0.0,-0.3812708824304458,0.0,0.0,1.0,1.0,1.0,1.0,1.0,1.0074772825864216,543316364288.3301,1.0,0.6858936384183552,0.5433163642883301,0.0,0.0,0.4566837549209595,0.8635321100917431,1.0,0.0,0.3378860424865376,0.5
100.0,0.7619754076004028,0.8227293649497395,0.454559067635401,0.7775229357798165,0.5412626032802191,1.0,0.0,0.0,0.0,0.0,0.0,1.0,1.0,1.0,1.0,1.0,-0.01716270061844457,1.0,0.0,0.0,-0.10297620371066742,0.0,1.0,0.0,0.0,0.0,0.0,1.0,0.0,-0.10297620371066742,0.0,0.0,1.0,1.0,1.0,1.0,1.0,1.0051031112670898,535763740539.5508,1.0,0.685913627847619,0.5357637405395508,0.0,0.0,0.46423622965812683,0.7775229357798165,1.0,0.0,0.5412626032802191,0.5
150.0,0.35069701075553894,0.8825223834058412,0.28995425922800555,0.8876146788990825,0.2752258086069064,1.0,0.0,0.0,0.0,0.0,0.0,1.0,1.0,1.0,1.0,1.0,0.05320545611586789,1.0,0.0,0.0,0.31923273669520735,0.0,1.0,0.0,0.0,0.0,0.0,1.0,0.0,0.31923273669520735,0.0,0.0,1.0,1.0,1.0,1.0,1.0,1.0092092752456665,549870669841.7664,1.0,0.6819242496009267,0.5498706698417664,0.0,0.00038728475919924676,0.44974204897880554,0.8876146788990825,1.0,0.0,0.2752258086069064,0.5
