step,train_step_loss,train_acc,train_loss,val_acc,val_loss,avg_intra_expert_coherence,expert_diversity_e0,expert_diversity_e1,expert_diversity_e2,expert_diversity_e3,expert_diversity_mean,expert_purity_e0,expert_purity_e1,expert_purity_e2,expert_purity_e3,expert_purity_mean,inter_expert_similarity,inter_expert_similarity_e0_e0,inter_expert_similarity_e0_e1,inter_expert_similarity_e0_e2,inter_expert_similarity_e0_e3,inter_expert_similarity_e1_e0,inter_expert_similarity_e1_e1,inter_expert_similarity_e1_e2,inter_expert_similarity_e1_e3,inter_expert_similarity_e2_e0,inter_expert_similarity_e2_e1,inter_expert_similarity_e2_e2,inter_expert_similarity_e2_e3,inter_expert_similarity_e3_e0,inter_expert_similarity_e3_e1,inter_expert_similarity_e3_e2,inter_expert_similarity_e3_e3,intra_expert_coherence_e0,intra_expert_coherence_e1,intra_expert_coherence_e2,intra_expert_coherence_e3,load_cv,load_max_min_ratio,overall_task_conflict_cos,router_entropy,router_load_e0,router_load_e1,router_load_e2,router_load_e3,task_acc__glue_cola,task_acc__glue_mrpc,task_acc__glue_rte,task_conflict_t0_t0,task_conflict_t0_t1,task_conflict_t0_t2,task_conflict_t1_t0,task_conflict_t1_t1,task_conflict_t1_t2,task_conflict_t2_t0,task_conflict_t2_t1,task_conflict_t2_t2,task_grad_norm_cv,task_loss__glue_cola,task_loss__glue_mrpc,task_loss__glue_rte,utilization_ratio
1.0,1.334071397781372,0.4290017382085953,0.8357016752554115,0.43864075969027083,0.8273785968930172,-0.17881170283545283,0.6002702632905041,0.8462249946505078,0.5351258725748788,0.6636979878530719,0.6613297795922406,0.7877442836761475,0.6039490699768066,0.817046046257019,0.7525020241737366,0.7403103560209274,-0.09994320358889643,1.0,0.10387476203307192,0.07192008005545351,-0.03303785741327306,0.10387476203307192,1.0,-0.49124112864397934,-0.6515468725412492,0.07192008005545351,-0.49124112864397934,1.0,0.4003717949765976,-0.03303785741327306,-0.6515468725412492,0.4003717949765976,1.0,-0.1239981607263841,-0.2539708201973535,-0.08711428420128615,-0.25016354621678755,0.02186773158609867,1.0571492416585657,-0.05010607790929563,1.3675743315230917,0.2502737045288086,0.2409973442554474,0.2539588212966919,0.2547701597213745,0.31255992329817833,0.5196078431372549,0.48375451263537905,1.0,-0.30532786026265113,-0.29684543737576435,-0.30532786026265113,1.0,0.45185506391052865,-0.29684543737576435,0.45185506391052865,1.0,0.7869527352094435,0.9896408516259594,0.719038216214554,0.7734567228385381,1.0
