step,train_step_loss,train_acc,train_loss,val_acc,val_loss,avg_intra_expert_coherence,expert_diversity_e0,expert_diversity_e1,expert_diversity_e2,expert_diversity_e3,expert_diversity_mean,expert_purity_e0,expert_purity_e1,expert_purity_e2,expert_purity_e3,expert_purity_mean,inter_expert_similarity,inter_expert_similarity_e0_e0,inter_expert_similarity_e0_e1,inter_expert_similarity_e0_e2,inter_expert_similarity_e0_e3,inter_expert_similarity_e1_e0,inter_expert_similarity_e1_e1,inter_expert_similarity_e1_e2,inter_expert_similarity_e1_e3,inter_expert_similarity_e2_e0,inter_expert_similarity_e2_e1,inter_expert_similarity_e2_e2,inter_expert_similarity_e2_e3,inter_expert_similarity_e3_e0,inter_expert_similarity_e3_e1,inter_expert_similarity_e3_e2,inter_expert_similarity_e3_e3,intra_expert_coherence_e0,intra_expert_coherence_e1,intra_expert_coherence_e2,intra_expert_coherence_e3,load_cv,load_max_min_ratio,overall_task_conflict_cos,router_entropy,router_load_e0,router_load_e1,router_load_e2,router_load_e3,task_acc__glue_rte,task_conflict_t0_t0,task_grad_norm_cv,task_loss__glue_rte,utilization_ratio
50.0,0.5666215121746063,0.5795180722891566,0.663988607434126,0.5740072202166066,0.663018513056967,1.0,0.0,0.0,0.0,0.0,0.0,1.0,1.0,1.0,1.0,1.0,0.04541210082963137,1.0,0.0,0.0,0.2724726049777882,0.0,1.0,0.0,0.0,0.0,0.0,1.0,0.0,0.2724726049777882,0.0,0.0,1.0,1.0,1.0,1.0,1.0,0.9909647703170776,513332664966.58325,1.0,0.6921657878999675,0.5133326649665833,0.005037808325141668,0.0,0.48162952065467834,0.5740072202166066,1.0,0.0,0.663018513056967,0.5
100.0,0.681008905172348,0.6759036144578313,0.6146791151891916,0.6353790613718412,0.6484334733751085,1.0,0.0,0.0,0.0,0.0,0.0,1.0,1.0,1.0,1.0,1.0,0.1137199795157443,1.0,0.390485218514474,0.0,0.23237122658381232,0.390485218514474,1.0,0.0,0.05946343199617939,0.0,0.0,1.0,0.0,0.23237122658381232,0.05946343199617939,0.0,1.0,1.0,1.0,1.0,1.0,0.9741731286048889,510238945484.1614,1.0,0.6920251915170827,0.5102389454841614,0.013605174608528614,0.0,0.4761559069156647,0.6353790613718412,1.0,0.0,0.6484334733751085,0.5
150.0,0.589113712310791,0.7562248995983936,0.5710410227951331,0.7292418772563177,0.5995880083905326,1.0,0.0,0.0,0.0,0.0,0.0,1.0,1.0,1.0,1.0,1.0,0.036139849246261346,1.0,0.0,0.0,0.21683909547756808,0.0,1.0,0.0,0.0,0.0,0.0,1.0,0.0,0.21683909547756808,0.0,0.0,1.0,1.0,1.0,1.0,1.0,1.000645399093628,512705087661.74316,1.0,0.6921531301973529,0.5127050876617432,0.0,0.0,0.48729488253593445,0.7292418772563177,1.0,0.0,0.5995880083905326,0.5
