step,train_step_loss,train_acc,train_loss,val_acc,val_loss,avg_intra_expert_coherence,expert_diversity_e0,expert_diversity_e1,expert_diversity_e2,expert_diversity_e3,expert_diversity_mean,expert_purity_e0,expert_purity_e1,expert_purity_e2,expert_purity_e3,expert_purity_mean,inter_expert_similarity,inter_expert_similarity_e0_e0,inter_expert_similarity_e0_e1,inter_expert_similarity_e0_e2,inter_expert_similarity_e0_e3,inter_expert_similarity_e1_e0,inter_expert_similarity_e1_e1,inter_expert_similarity_e1_e2,inter_expert_similarity_e1_e3,inter_expert_similarity_e2_e0,inter_expert_similarity_e2_e1,inter_expert_similarity_e2_e2,inter_expert_similarity_e2_e3,inter_expert_similarity_e3_e0,inter_expert_similarity_e3_e1,inter_expert_similarity_e3_e2,inter_expert_similarity_e3_e3,intra_expert_coherence_e0,intra_expert_coherence_e1,intra_expert_coherence_e2,intra_expert_coherence_e3,load_cv,load_max_min_ratio,overall_task_conflict_cos,router_entropy,router_load_e0,router_load_e1,router_load_e2,router_load_e3,task_acc__glue_rte,task_conflict_t0_t0,task_grad_norm_cv,task_loss__glue_rte,utilization_ratio
50.0,0.614412397146225,0.6626506024096386,0.6120662309611455,0.6462093862815884,0.6528533606065644,1.0,0.0,0.0,0.0,0.0,0.0,1.0,1.0,1.0,1.0,1.0,-0.013157515284432528,1.0,0.0,0.0,0.0,0.0,1.0,0.0,0.0,0.0,0.0,1.0,-0.07894509170659517,0.0,0.0,-0.07894509170659517,1.0,1.0,1.0,1.0,1.0,0.9809851050376892,497052133083.3435,1.0,0.6914375628805333,0.009560870938003063,0.0,0.49338698387145996,0.4970521330833435,0.6462093862815884,1.0,0.0,0.6528533606065644,0.5
100.0,0.6667558550834656,0.7742971887550201,0.5301768198227271,0.6967509025270758,0.5815772828128603,1.0,0.0,0.0,0.0,0.0,0.0,1.0,1.0,1.0,1.0,1.0,-0.03682978442545676,1.0,0.0,0.0,0.0,0.0,1.0,0.0,0.0,0.0,0.0,1.0,-0.22097870655274054,0.0,0.0,-0.22097870655274054,1.0,1.0,1.0,1.0,1.0,1.0014337301254272,518939316272.7356,1.0,0.6912947269122953,0.0,0.0,0.481060653924942,0.5189393162727356,0.6967509025270758,1.0,0.0,0.5815772828128603,0.5
150.0,0.5085499435663223,0.765863453815261,0.5045872759551574,0.7220216606498195,0.5823477846052911,1.0,0.0,0.0,0.0,0.0,0.0,1.0,1.0,1.0,1.0,1.0,0.010722764638296571,1.0,0.0,0.0,0.0,0.0,1.0,0.0,0.0,0.0,0.0,1.0,0.06433658782977943,0.0,0.0,0.06433658782977943,1.0,1.0,1.0,1.0,1.0,1.0024912360300107,524971723556.51855,1.0,0.6910469488977095,0.0,0.0,0.4750281870365143,0.5249717235565186,0.7220216606498195,1.0,0.0,0.5823477846052911,0.5
