step,train_step_loss,train_acc,train_loss,val_acc,val_loss,avg_intra_expert_coherence,expert_diversity_e0,expert_diversity_e1,expert_diversity_e2,expert_diversity_e3,expert_diversity_mean,expert_purity_e0,expert_purity_e1,expert_purity_e2,expert_purity_e3,expert_purity_mean,inter_expert_similarity,inter_expert_similarity_e0_e0,inter_expert_similarity_e0_e1,inter_expert_similarity_e0_e2,inter_expert_similarity_e0_e3,inter_expert_similarity_e1_e0,inter_expert_similarity_e1_e1,inter_expert_similarity_e1_e2,inter_expert_similarity_e1_e3,inter_expert_similarity_e2_e0,inter_expert_similarity_e2_e1,inter_expert_similarity_e2_e2,inter_expert_similarity_e2_e3,inter_expert_similarity_e3_e0,inter_expert_similarity_e3_e1,inter_expert_similarity_e3_e2,inter_expert_similarity_e3_e3,intra_expert_coherence_e0,intra_expert_coherence_e1,intra_expert_coherence_e2,intra_expert_coherence_e3,load_cv,load_max_min_ratio,overall_task_conflict_cos,router_entropy,router_load_e0,router_load_e1,router_load_e2,router_load_e3,task_acc__glue_rte,task_conflict_t0_t0,task_grad_norm_cv,task_loss__glue_rte,utilization_ratio
50.0,0.6792475581169128,0.5493975903614458,0.6801797594015415,0.5126353790613718,0.6945713808139166,1.0,0.0,0.0,0.0,0.0,0.0,1.0,1.0,1.0,1.0,1.0,0.0045294533914081525,1.0,0.0,0.0,0.0,0.0,1.0,0.027176720348448917,0.0,0.0,0.027176720348448917,1.0,0.0,0.0,0.0,0.0,1.0,1.0,1.0,1.0,1.0,1.0035638215281857,529875278472.9004,1.0,0.6911426287695819,0.0,0.47012466192245483,0.5298752784729004,0.0,0.5126353790613718,1.0,0.0,0.6945713808139166,0.5
100.0,0.7398439049720764,0.4983935742971888,0.6958156743492836,0.4729241877256318,0.7008038113514582,1.0,0.0,0.0,0.0,0.0,0.0,1.0,1.0,1.0,1.0,1.0,0.003596448395368603,1.0,0.0,0.0,0.0,0.0,1.0,0.021578690372211617,0.0,0.0,0.021578690372211617,1.0,0.0,0.0,0.0,0.0,1.0,1.0,1.0,1.0,1.0,1.0070254802703857,541982591152.19116,1.0,0.6896179436776613,0.0,0.45801740884780884,0.5419825911521912,0.0,0.4729241877256318,1.0,0.0,0.7008038113514582,0.5
150.0,0.7174695134162903,0.4983935742971888,0.6954338438617877,0.4729241877256318,0.7000201112694211,1.0,0.0,0.0,0.0,0.0,0.0,1.0,1.0,1.0,1.0,1.0,0.0045296675255101105,1.0,0.0,0.0,0.0,0.0,1.0,0.027178005153060663,0.0,0.0,0.027178005153060663,1.0,0.0,0.0,0.0,0.0,1.0,1.0,1.0,1.0,1.0,1.0000020265579224,500693082809.44824,1.0,0.693146206411644,0.0,0.5006930828094482,0.49930697679519653,0.0,0.4729241877256318,1.0,0.0,0.7000201112694211,0.5
