step,train_step_loss,train_acc,train_loss,val_acc,val_loss,avg_intra_expert_coherence,expert_diversity_e0,expert_diversity_e1,expert_diversity_e2,expert_diversity_e3,expert_diversity_mean,expert_purity_e0,expert_purity_e1,expert_purity_e2,expert_purity_e3,expert_purity_mean,inter_expert_similarity,inter_expert_similarity_e0_e0,inter_expert_similarity_e0_e1,inter_expert_similarity_e0_e2,inter_expert_similarity_e0_e3,inter_expert_similarity_e1_e0,inter_expert_similarity_e1_e1,inter_expert_similarity_e1_e2,inter_expert_similarity_e1_e3,inter_expert_similarity_e2_e0,inter_expert_similarity_e2_e1,inter_expert_similarity_e2_e2,inter_expert_similarity_e2_e3,inter_expert_similarity_e3_e0,inter_expert_similarity_e3_e1,inter_expert_similarity_e3_e2,inter_expert_similarity_e3_e3,intra_expert_coherence_e0,intra_expert_coherence_e1,intra_expert_coherence_e2,intra_expert_coherence_e3,load_cv,load_max_min_ratio,overall_task_conflict_cos,router_entropy,router_load_e0,router_load_e1,router_load_e2,router_load_e3,task_acc__glue_rte,task_conflict_t0_t0,task_grad_norm_cv,task_loss__glue_rte,utilization_ratio
50.0,0.6417872607707977,0.5016064257028112,0.6943122242887815,0.5270758122743683,0.6881570153766208,1.0,0.0,0.0,0.0,0.0,0.0,1.0,1.0,1.0,1.0,1.0,0.009113927928503502,1.0,0.05468356757102102,0.0,0.0,0.05468356757102102,1.0,0.0,0.0,0.0,0.0,1.0,0.0,0.0,0.0,0.0,1.0,1.0,1.0,1.0,1.0,1.075333833694458,639795720577.24,1.0,0.6533761282690165,0.63979572057724,0.36020427942276,0.0,0.0,0.5270758122743683,1.0,0.0,0.6881570153766208,0.5
100.0,0.7152526676654816,0.519277108433735,0.6894854466884563,0.48736462093862815,0.7014442715379927,1.0,0.0,0.0,0.0,0.0,0.0,1.0,1.0,1.0,1.0,1.0,-0.007603635494682965,1.0,0.06313110513215354,-0.07077548866641335,0.0,0.06313110513215354,1.0,-0.03797742943383798,0.0,-0.07077548866641335,-0.03797742943383798,1.0,0.0,0.0,0.0,0.0,1.0,1.0,1.0,1.0,1.0,0.9046675676503697,556815743446.3501,1.0,0.6864249491089087,0.5568157434463501,0.37383541464805603,0.06934895366430283,0.0,0.48736462093862815,1.0,0.0,0.7014442715379927,0.5
150.0,0.7131306231021881,0.5016064257028112,0.6959309012844012,0.5270758122743683,0.6903585112757153,1.0,0.0,0.0,0.0,0.0,0.0,1.0,1.0,1.0,1.0,1.0,0.00870032700944628,1.0,0.0,0.0,0.052201962056677674,0.0,1.0,0.0,0.0,0.0,0.0,1.0,0.0,0.052201962056677674,0.0,0.0,1.0,1.0,1.0,1.0,1.0,1.0149232149124146,561307668685.9131,1.0,0.685610948486879,0.5613076686859131,0.0,0.0,0.4386923313140869,0.5270758122743683,1.0,0.0,0.6903585112757153,0.5
