{
  "best_mean": 0.6648438885699465,
  "best_std": 0.004183623935307887,
  "final_mean": 0.6598640038855548,
  "final_std": 0.005884976053438482,
  "lambda_align": 0.01,
  "n": 3.0,
  "score_mean": 0.6623539462277507,
  "score_std": 0.003697052941992227
}