step,train_step_loss,train_acc,train_loss,val_acc,val_loss,avg_intra_expert_coherence,expert_diversity_e0,expert_diversity_e1,expert_diversity_e2,expert_diversity_e3,expert_diversity_mean,expert_purity_e0,expert_purity_e1,expert_purity_e2,expert_purity_e3,expert_purity_mean,inter_expert_similarity,inter_expert_similarity_e0_e0,inter_expert_similarity_e0_e1,inter_expert_similarity_e0_e2,inter_expert_similarity_e0_e3,inter_expert_similarity_e1_e0,inter_expert_similarity_e1_e1,inter_expert_similarity_e1_e2,inter_expert_similarity_e1_e3,inter_expert_similarity_e2_e0,inter_expert_similarity_e2_e1,inter_expert_similarity_e2_e2,inter_expert_similarity_e2_e3,inter_expert_similarity_e3_e0,inter_expert_similarity_e3_e1,inter_expert_similarity_e3_e2,inter_expert_similarity_e3_e3,intra_expert_coherence_e0,intra_expert_coherence_e1,intra_expert_coherence_e2,intra_expert_coherence_e3,load_cv,load_max_min_ratio,overall_task_conflict_cos,router_entropy,router_load_e0,router_load_e1,router_load_e2,router_load_e3,task_acc__glue_cola,task_acc__glue_mrpc,task_acc__glue_rte,task_conflict_t0_t0,task_conflict_t0_t1,task_conflict_t0_t2,task_conflict_t1_t0,task_conflict_t1_t1,task_conflict_t1_t2,task_conflict_t2_t0,task_conflict_t2_t1,task_conflict_t2_t2,task_grad_norm_cv,task_loss__glue_cola,task_loss__glue_mrpc,task_loss__glue_rte,utilization_ratio
1.0,0.8331355551878611,0.6185219698949053,0.6718154258680213,0.6023768248688115,0.6845264739383946,0.3136270397556687,0.7201089798984963,0.4970374881128424,0.17384841872048828,0.5185436946088837,0.47738464533517766,0.6847786903381348,0.7703290581703186,0.9528703093528748,0.7606520056724548,0.7921575158834457,0.21972794704750498,1.0,0.2236040584296737,0.22247308656269021,0.25664536085836626,0.2236040584296737,1.0,0.19211144596053575,0.19825731860298565,0.22247308656269021,0.19211144596053575,1.0,0.22527641187077826,0.25664536085836626,0.19825731860298565,0.22527641187077826,1.0,0.8949799770080712,-0.2984695637848756,-0.2898500211109011,0.9478477669103803,1.5914771120657387,91.38717535491834,0.6913269187887788,0.14423588060728637,0.9388397932052612,0.010273211635649204,0.0116563206538558,0.039231132715940475,0.6845637583892618,0.6568627450980392,0.4657039711191336,1.0,0.5773789798742303,0.9754857954972681,0.5773789798742303,1.0,0.521115980994838,0.9754857954972681,0.521115980994838,1.0,0.7020747563500777,0.6237756612191674,0.6778519562646454,0.7519518043313708,0.25
