{
  "completed_jobs": 10,
  "current_phase": "",
  "elapsed_sec": 2793.1010749340057,
  "eta_sec": null,
  "failed_jobs": 0,
  "percent": 100.0,
  "started_at_epoch": 1773803501.8702922,
  "total_jobs": 10,
  "updated_at_epoch": 1773806294.971369
}