step,train_step_loss,train_acc,train_loss,val_acc,val_loss,avg_intra_expert_coherence,expert_diversity_e0,expert_diversity_e1,expert_diversity_e2,expert_diversity_e3,expert_diversity_mean,expert_purity_e0,expert_purity_e1,expert_purity_e2,expert_purity_e3,expert_purity_mean,inter_expert_similarity,inter_expert_similarity_e0_e0,inter_expert_similarity_e0_e1,inter_expert_similarity_e0_e2,inter_expert_similarity_e0_e3,inter_expert_similarity_e1_e0,inter_expert_similarity_e1_e1,inter_expert_similarity_e1_e2,inter_expert_similarity_e1_e3,inter_expert_similarity_e2_e0,inter_expert_similarity_e2_e1,inter_expert_similarity_e2_e2,inter_expert_similarity_e2_e3,inter_expert_similarity_e3_e0,inter_expert_similarity_e3_e1,inter_expert_similarity_e3_e2,inter_expert_similarity_e3_e3,intra_expert_coherence_e0,intra_expert_coherence_e1,intra_expert_coherence_e2,intra_expert_coherence_e3,load_cv,load_max_min_ratio,overall_task_conflict_cos,router_entropy,router_load_e0,router_load_e1,router_load_e2,router_load_e3,task_acc__glue_mrpc,task_conflict_t0_t0,task_grad_norm_cv,task_loss__glue_mrpc,utilization_ratio
50.0,0.582496166229248,0.6744820065430752,0.6375282582381497,0.6838235294117647,0.6341106983331534,1.0,0.0,0.0,0.0,0.0,0.0,1.0,1.0,1.0,1.0,1.0,-0.016204311969107942,1.0,0.0,-0.09722587181464765,0.0,0.0,1.0,0.0,0.0,-0.09722587181464765,0.0,1.0,0.0,0.0,0.0,0.0,1.0,1.0,1.0,1.0,1.0,1.0011506080627441,516965091228.4851,1.0,0.6925714354889065,0.5169650912284851,0.0,0.4830348789691925,0.0,0.6838235294117647,1.0,0.0,0.6341106983331534,0.5
100.0,0.6619865894317627,0.6744820065430752,0.6393941334408263,0.6838235294117647,0.6349245286904849,1.0,0.0,0.0,0.0,0.0,0.0,1.0,1.0,1.0,1.0,1.0,-0.007307652174755711,1.0,0.0,-0.04384591304853427,0.0,0.0,1.0,0.0,0.0,-0.04384591304853427,0.0,1.0,0.0,0.0,0.0,0.0,1.0,1.0,1.0,1.0,1.0,1.001987338066101,522300899028.7781,1.0,0.6921521717426824,0.5223008990287781,0.0,0.4776991307735443,0.0,0.6838235294117647,1.0,0.0,0.6349245286904849,0.5
150.0,0.6208971738815308,0.6744820065430752,0.6307985055057899,0.6838235294117647,0.6250931637791487,1.0,0.0,0.0,0.0,0.0,0.0,1.0,1.0,1.0,1.0,1.0,0.021765586453922663,1.0,0.0,0.13059351872353597,0.0,0.0,1.0,0.0,0.0,0.13059351872353597,0.0,1.0,0.0,0.0,0.0,0.0,1.0,1.0,1.0,1.0,1.0,1.042919397354126,604690492153.1677,1.0,0.6710639689482895,0.6046904921531677,0.0,0.3953094780445099,0.0,0.6838235294117647,1.0,0.0,0.6250931637791487,0.5
