step,train_step_loss,train_acc,train_loss,val_acc,val_loss,avg_intra_expert_coherence,expert_diversity_e0,expert_diversity_e1,expert_diversity_e2,expert_diversity_e3,expert_diversity_mean,expert_purity_e0,expert_purity_e1,expert_purity_e2,expert_purity_e3,expert_purity_mean,inter_expert_similarity,inter_expert_similarity_e0_e0,inter_expert_similarity_e0_e1,inter_expert_similarity_e0_e2,inter_expert_similarity_e0_e3,inter_expert_similarity_e1_e0,inter_expert_similarity_e1_e1,inter_expert_similarity_e1_e2,inter_expert_similarity_e1_e3,inter_expert_similarity_e2_e0,inter_expert_similarity_e2_e1,inter_expert_similarity_e2_e2,inter_expert_similarity_e2_e3,inter_expert_similarity_e3_e0,inter_expert_similarity_e3_e1,inter_expert_similarity_e3_e2,inter_expert_similarity_e3_e3,intra_expert_coherence_e0,intra_expert_coherence_e1,intra_expert_coherence_e2,intra_expert_coherence_e3,load_cv,load_max_min_ratio,overall_task_conflict_cos,router_entropy,router_load_e0,router_load_e1,router_load_e2,router_load_e3,task_acc__glue_mrpc,task_conflict_t0_t0,task_grad_norm_cv,task_loss__glue_mrpc,utilization_ratio
50.0,0.5112192928791046,0.6744820065430752,0.6307773779915726,0.6838235294117647,0.6249259813473775,1.0,0.0,0.0,0.0,0.0,0.0,1.0,1.0,1.0,1.0,1.0,-0.02887055393635739,1.0,0.0,0.0,0.0,0.0,1.0,-0.17322332361814435,0.0,0.0,-0.17322332361814435,1.0,0.0,0.0,0.0,0.0,1.0,1.0,1.0,1.0,1.0,1.0368777513504028,596899092197.4182,1.0,0.6742489618413589,0.0,0.40310096740722656,0.5968990921974182,0.0,0.6838235294117647,1.0,0.0,0.6249259813473775,0.5
100.0,0.7443510293960571,0.6744820065430752,0.6400808318153671,0.6838235294117647,0.6326476553311715,1.0,0.0,0.0,0.0,0.0,0.0,1.0,1.0,1.0,1.0,1.0,0.02845267941392041,1.0,0.0,0.0,0.0,0.0,1.0,0.17071607648352247,0.0,0.0,0.17071607648352247,1.0,0.0,0.0,0.0,0.0,1.0,1.0,1.0,1.0,1.0,1.0702958190793774,634876251220.7031,1.0,0.6563092820784625,0.0,0.3651236593723297,0.6348762512207031,0.0,0.6838235294117647,1.0,0.0,0.6326476553311715,0.5
150.0,0.658867359161377,0.6744820065430752,0.6364506766200065,0.6838235294117647,0.6314381211996078,1.0,0.0,0.0,0.0,0.0,0.0,1.0,1.0,1.0,1.0,1.0,0.01075291467283985,1.0,0.0,0.0,0.0,0.0,1.0,0.0645174880370391,0.0,0.0,0.0645174880370391,1.0,0.0,0.0,0.0,0.0,1.0,1.0,1.0,1.0,1.0,1.0741045651685155,638609349727.6306,1.0,0.6542139988319546,0.0,0.3613903820514679,0.6386093497276306,0.0,0.6838235294117647,1.0,0.0,0.6314381211996078,0.5
