step,train_step_loss,train_acc,train_loss,val_acc,val_loss,alignment_reward,l_conflict,l_conflict_e0,l_conflict_e1,l_conflict_e2,l_conflict_e3,router_conflict_grad_l2,router_entropy,router_load_e0,router_load_e1,router_load_e2,router_load_e3
5.0,0.7406641940275829,0.51328273305306,0.702196529543929,0.5038945378909121,0.7020378617959762,0.4596681296825409,-0.4596681296825409,-0.11308731883764267,-0.06687909364700317,-0.14827823638916016,-0.1314234584569931,0.0,1.3498878396219678,0.2894285023212433,0.20144933462142944,0.27410799264907837,0.23501436412334442
