step,train_step_loss,train_acc,train_loss,val_acc,val_loss,avg_intra_expert_coherence,expert_diversity_e0,expert_diversity_e1,expert_diversity_e2,expert_diversity_e3,expert_diversity_mean,expert_purity_e0,expert_purity_e1,expert_purity_e2,expert_purity_e3,expert_purity_mean,inter_expert_similarity,inter_expert_similarity_e0_e0,inter_expert_similarity_e0_e1,inter_expert_similarity_e0_e2,inter_expert_similarity_e0_e3,inter_expert_similarity_e1_e0,inter_expert_similarity_e1_e1,inter_expert_similarity_e1_e2,inter_expert_similarity_e1_e3,inter_expert_similarity_e2_e0,inter_expert_similarity_e2_e1,inter_expert_similarity_e2_e2,inter_expert_similarity_e2_e3,inter_expert_similarity_e3_e0,inter_expert_similarity_e3_e1,inter_expert_similarity_e3_e2,inter_expert_similarity_e3_e3,intra_expert_coherence_e0,intra_expert_coherence_e1,intra_expert_coherence_e2,intra_expert_coherence_e3,load_cv,load_max_min_ratio,overall_task_conflict_cos,router_entropy,router_load_e0,router_load_e1,router_load_e2,router_load_e3,task_acc__glue_mrpc,task_conflict_t0_t0,task_grad_norm_cv,task_loss__glue_mrpc,utilization_ratio
50.0,0.46343886852264404,0.8271537622682661,0.402304654147314,0.8308823529411765,0.41237791828238046,1.0,0.0,0.0,0.0,0.0,0.0,1.0,1.0,1.0,1.0,1.0,0.04531941919567232,1.0,-0.1406964613785288,0.33146851640032166,0.2742416969988303,-0.1406964613785288,1.0,0.15607534622021388,-0.22573165491885105,0.33146851640032166,0.15607534622021388,1.0,-0.12344092814795204,0.2742416969988303,-0.22573165491885105,-0.12344092814795204,1.0,1.0,1.0,1.0,1.0,0.48312538761647866,4.5325200669250485,1.0,1.2552222177094103,0.2896910607814789,0.42095160484313965,0.09287363290786743,0.19648361206054688,0.8308823529411765,1.0,0.0,0.41237791828238046,0.75
100.0,0.2161823734641075,0.886041439476554,0.27839524333324767,0.8578431372549019,0.3193963812664151,1.0,0.0,0.0,0.0,0.0,0.0,1.0,1.0,1.0,1.0,1.0,0.11090610232781055,1.0,-0.18537589968272195,0.627169233533547,0.33151207658414034,-0.18537589968272195,1.0,0.03039257374189146,-0.2157262641053253,0.627169233533547,0.03039257374189146,1.0,0.07746489389533168,0.33151207658414034,-0.2157262641053253,0.07746489389533168,1.0,1.0,1.0,1.0,1.0,0.42181405425071716,3.5670548440532186,1.0,1.2830315501082177,0.284432590007782,0.3988826274871826,0.11182408034801483,0.20486074686050415,0.8578431372549019,1.0,0.0,0.3193963812664151,0.75
