step,train_step_loss,train_acc,train_loss,val_acc,val_loss,avg_intra_expert_coherence,expert_diversity_e0,expert_diversity_e1,expert_diversity_e2,expert_diversity_e3,expert_diversity_mean,expert_purity_e0,expert_purity_e1,expert_purity_e2,expert_purity_e3,expert_purity_mean,inter_expert_similarity,inter_expert_similarity_e0_e0,inter_expert_similarity_e0_e1,inter_expert_similarity_e0_e2,inter_expert_similarity_e0_e3,inter_expert_similarity_e1_e0,inter_expert_similarity_e1_e1,inter_expert_similarity_e1_e2,inter_expert_similarity_e1_e3,inter_expert_similarity_e2_e0,inter_expert_similarity_e2_e1,inter_expert_similarity_e2_e2,inter_expert_similarity_e2_e3,inter_expert_similarity_e3_e0,inter_expert_similarity_e3_e1,inter_expert_similarity_e3_e2,inter_expert_similarity_e3_e3,intra_expert_coherence_e0,intra_expert_coherence_e1,intra_expert_coherence_e2,intra_expert_coherence_e3,load_cv,load_max_min_ratio,overall_task_conflict_cos,router_entropy,router_load_e0,router_load_e1,router_load_e2,router_load_e3,task_acc__glue_mrpc,task_conflict_t0_t0,task_grad_norm_cv,task_loss__glue_mrpc,utilization_ratio
50.0,0.3511549383401871,0.7982551799345693,0.42542720472683077,0.7867647058823529,0.4220484976585095,1.0,0.0,0.0,0.0,0.0,0.0,1.0,1.0,1.0,1.0,1.0,-0.09416504142580319,1.0,-0.1614742464724288,0.03584837626618625,-0.060168050055012315,-0.1614742464724288,1.0,-0.3902951651855844,0.012137946208045312,0.03584837626618625,-0.3902951651855844,1.0,-0.001039109316025285,-0.060168050055012315,0.012137946208045312,-0.001039109316025285,1.0,1.0,1.0,1.0,1.0,0.7132387586378311,6.883167734542231,1.0,1.1304957492678773,0.26782846450805664,0.12097334116697311,0.5336660742759705,0.07753204554319382,0.7867647058823529,1.0,0.0,0.4220484976585095,0.5
100.0,0.435154065489769,0.8904034896401308,0.27431574049203294,0.8651960784313726,0.3093284126371145,1.0,0.0,0.0,0.0,0.0,0.0,1.0,1.0,1.0,1.0,1.0,-0.12355662971981922,1.0,-0.2666572329098117,-0.47926542639101594,-0.10596874913518724,-0.2666572329098117,1.0,0.707631819467465,-0.2816491165922174,-0.47926542639101594,0.707631819467465,1.0,-0.31543107275814797,-0.10596874913518724,-0.2816491165922174,-0.31543107275814797,1.0,1.0,1.0,1.0,1.0,0.6373969152692658,6.017829714524821,1.0,1.1683492870891796,0.2787148654460907,0.14173288643360138,0.49696946144104004,0.08258283883333206,0.8651960784313726,1.0,0.0,0.3093284126371145,0.75
