step,train_step_loss,train_acc,train_loss,val_acc,val_loss,avg_intra_expert_coherence,expert_diversity_e0,expert_diversity_e1,expert_diversity_e2,expert_diversity_e3,expert_diversity_mean,expert_purity_e0,expert_purity_e1,expert_purity_e2,expert_purity_e3,expert_purity_mean,inter_expert_similarity,inter_expert_similarity_e0_e0,inter_expert_similarity_e0_e1,inter_expert_similarity_e0_e2,inter_expert_similarity_e0_e3,inter_expert_similarity_e1_e0,inter_expert_similarity_e1_e1,inter_expert_similarity_e1_e2,inter_expert_similarity_e1_e3,inter_expert_similarity_e2_e0,inter_expert_similarity_e2_e1,inter_expert_similarity_e2_e2,inter_expert_similarity_e2_e3,inter_expert_similarity_e3_e0,inter_expert_similarity_e3_e1,inter_expert_similarity_e3_e2,inter_expert_similarity_e3_e3,intra_expert_coherence_e0,intra_expert_coherence_e1,intra_expert_coherence_e2,intra_expert_coherence_e3,load_cv,load_max_min_ratio,overall_task_conflict_cos,router_entropy,router_load_e0,router_load_e1,router_load_e2,router_load_e3,task_acc__glue_mrpc,task_conflict_t0_t0,task_grad_norm_cv,task_loss__glue_mrpc,utilization_ratio
50.0,0.5095938146114349,0.7420937840785169,0.5373845983458602,0.7377450980392157,0.5380627891192069,1.0,0.0,0.0,0.0,0.0,0.0,1.0,1.0,1.0,1.0,1.0,0.0031155977326504966,1.0,0.01869358639590298,0.0,0.0,0.01869358639590298,1.0,0.0,0.0,0.0,0.0,1.0,0.0,0.0,0.0,0.0,1.0,1.0,1.0,1.0,1.0,1.002142369874857,539257228374.4812,1.0,0.6895416075108098,0.5392572283744812,0.4585511088371277,0.0021916029509156942,0.0,0.7377450980392157,1.0,0.0,0.5380627891192069,0.5
100.0,0.5449415445327759,0.764721919302072,0.44964700857906237,0.7598039215686274,0.4573433952262768,1.0,0.0,0.0,0.0,0.0,0.0,1.0,1.0,1.0,1.0,1.0,0.011006096367779153,1.0,0.06603657820667491,0.0,0.0,0.06603657820667491,1.0,0.0,0.0,0.0,0.0,1.0,0.0,0.0,0.0,0.0,1.0,1.0,1.0,1.0,1.0,1.0063335887988103,539855003356.9336,1.0,0.6895037819357479,0.5398550033569336,0.46014508605003357,0.0,0.0,0.7598039215686274,1.0,0.0,0.4573433952262768,0.5
150.0,0.6838624179363251,0.8505997818974919,0.34526266062672695,0.8602941176470589,0.38132069886733705,1.0,0.0,0.0,0.0,0.0,0.0,1.0,1.0,1.0,1.0,1.0,0.03226665342195736,1.0,0.19359992053174413,0.0,0.0,0.19359992053174413,1.0,0.0,0.0,0.0,0.0,1.0,0.0,0.0,0.0,0.0,1.0,1.0,1.0,1.0,1.0,1.005334914048607,498.65641398342666,1.0,0.6872902687858132,0.5482680201530457,0.44952675700187683,0.0011057168012484908,0.0010994905605912209,0.8602941176470589,1.0,0.0,0.38132069886733705,0.5
