step,train_step_loss,train_acc,train_loss,val_acc,val_loss,alignment_reward,l_conflict,l_conflict_e0,l_conflict_e1,l_conflict_e2,l_conflict_e3,router_conflict_grad_l2,router_entropy,router_load_e0,router_load_e1,router_load_e2,router_load_e3
30.0,0.6243014335632324,0.6341789153552546,0.6285872389391126,0.6224325494498916,0.636245964819766,0.11693637073040009,-0.11693637073040009,-0.055347468703985214,-0.0,-0.0,-0.06158890575170517,0.0,0.6499320924695995,0.6275618672370911,0.01242479495704174,0.025779103860259056,0.3342343866825104
50.0,0.6242530097564062,0.6502746613745828,0.6140112710022673,0.6316731289548585,0.6203359886629726,0.0757661759853363,-0.0757661759853363,-0.040553707629442215,-0.009912039153277874,-0.011914794333279133,-0.013385635800659657,0.0,0.6516998691691293,0.6265448331832886,0.013349191285669804,0.016701452434062958,0.34340453147888184
