step,train_step_loss,train_acc,train_loss,val_acc,val_loss,alignment_reward,l_conflict,l_conflict_e0,l_conflict_e1,l_conflict_e2,l_conflict_e3,router_conflict_grad_l2,router_entropy,router_load_e0,router_load_e1,router_load_e2,router_load_e3
30.0,0.6449709335962932,0.6257595750734112,0.6376599098901805,0.6186671730532479,0.6444555961740588,0.27330881357192993,-0.27330881357192993,-0.04863261803984642,-0.1736035794019699,-0.0,-0.051072608679533005,0.0,0.6555064694473037,0.2675577700138092,0.5475475788116455,0.0,0.1848946511745453
50.0,0.6047735313574475,0.6397359016756815,0.6237356824262038,0.6198922404875663,0.6277649433446917,0.07664047181606293,-0.07664047181606293,-0.018090568482875824,-0.038462571799755096,-0.0,-0.02008732780814171,0.0,0.6550146944268986,0.24172084033489227,0.5464327931404114,0.0,0.21184635162353516
