step,train_step_loss,train_acc,train_loss,val_acc,val_loss,avg_intra_expert_coherence,expert_diversity_e0,expert_diversity_e1,expert_diversity_e2,expert_diversity_e3,expert_diversity_mean,expert_purity_e0,expert_purity_e1,expert_purity_e2,expert_purity_e3,expert_purity_mean,inter_expert_similarity,inter_expert_similarity_e0_e0,inter_expert_similarity_e0_e1,inter_expert_similarity_e0_e2,inter_expert_similarity_e0_e3,inter_expert_similarity_e1_e0,inter_expert_similarity_e1_e1,inter_expert_similarity_e1_e2,inter_expert_similarity_e1_e3,inter_expert_similarity_e2_e0,inter_expert_similarity_e2_e1,inter_expert_similarity_e2_e2,inter_expert_similarity_e2_e3,inter_expert_similarity_e3_e0,inter_expert_similarity_e3_e1,inter_expert_similarity_e3_e2,inter_expert_similarity_e3_e3,intra_expert_coherence_e0,intra_expert_coherence_e1,intra_expert_coherence_e2,intra_expert_coherence_e3,load_cv,load_max_min_ratio,overall_task_conflict_cos,router_entropy,router_load_e0,router_load_e1,router_load_e2,router_load_e3,task_acc__glue_cola,task_acc__glue_mrpc,task_acc__glue_rte,task_conflict_t0_t0,task_conflict_t0_t1,task_conflict_t0_t2,task_conflict_t1_t0,task_conflict_t1_t1,task_conflict_t1_t2,task_conflict_t2_t0,task_conflict_t2_t1,task_conflict_t2_t2,task_grad_norm_cv,task_loss__glue_cola,task_loss__glue_mrpc,task_loss__glue_rte,utilization_ratio
1.0,2.100515147050222,0.423344350943296,1.1691857724706531,0.4341928054465876,1.1535157555015936,0.02439830627925557,0.22757382733271497,0.6387634404635156,0.8162785807200394,0.6096973598031561,0.5730783020798565,0.9397428035736084,0.7483087182044983,0.6440433859825134,0.7545036673545837,0.771649643778801,-0.026980032973676325,1.0,0.1750118029435959,0.13081174596208156,-0.24211480787664555,0.1750118029435959,1.0,0.12530247642906472,-0.20172028356115349,0.13081174596208156,0.12530247642906472,1.0,-0.14917113173900107,-0.24211480787664555,-0.20172028356115349,-0.14917113173900107,1.0,-0.31429507797100115,-0.2890781139089995,-0.2749401008215387,0.9759065178185616,1.450154185295105,36.098402008444566,0.8188087540171294,0.2897436157735582,0.026574524119496346,0.07206141948699951,0.024296574294567108,0.877067506313324,0.3096836049856184,0.4730392156862745,0.51985559566787,1.0,0.7472935897646302,0.9589065026573035,0.7472935897646302,1.0,0.7502261696294543,0.9589065026573035,0.7502261696294543,1.0,0.8851882245580578,1.74430993108349,0.7893658768312604,0.9268714585900306,0.25
