step,train_step_loss,train_acc,train_loss,val_acc,val_loss,avg_intra_expert_coherence,expert_diversity_e0,expert_diversity_e1,expert_diversity_e2,expert_diversity_e3,expert_diversity_mean,expert_purity_e0,expert_purity_e1,expert_purity_e2,expert_purity_e3,expert_purity_mean,inter_expert_similarity,inter_expert_similarity_e0_e0,inter_expert_similarity_e0_e1,inter_expert_similarity_e0_e2,inter_expert_similarity_e0_e3,inter_expert_similarity_e1_e0,inter_expert_similarity_e1_e1,inter_expert_similarity_e1_e2,inter_expert_similarity_e1_e3,inter_expert_similarity_e2_e0,inter_expert_similarity_e2_e1,inter_expert_similarity_e2_e2,inter_expert_similarity_e2_e3,inter_expert_similarity_e3_e0,inter_expert_similarity_e3_e1,inter_expert_similarity_e3_e2,inter_expert_similarity_e3_e3,intra_expert_coherence_e0,intra_expert_coherence_e1,intra_expert_coherence_e2,intra_expert_coherence_e3,load_cv,load_max_min_ratio,overall_task_conflict_cos,router_entropy,router_load_e0,router_load_e1,router_load_e2,router_load_e3,task_acc__glue_mrpc,task_conflict_t0_t0,task_grad_norm_cv,task_loss__glue_mrpc,utilization_ratio
50.0,0.572881206870079,0.6744820065430752,0.6305167871324913,0.6838235294117647,0.6256672304410201,1.0,0.0,0.0,0.0,0.0,0.0,1.0,1.0,1.0,1.0,1.0,0.006685476158065039,1.0,0.0,0.04011285694839023,0.0,0.0,1.0,0.0,0.0,0.04011285694839023,0.0,1.0,0.0,0.0,0.0,0.0,1.0,1.0,1.0,1.0,1.0,1.0998694896697998,661907732486.7249,1.0,0.6397619855170157,0.6619077324867249,0.0,0.3380923271179199,0.0,0.6838235294117647,1.0,0.0,0.6256672304410201,0.5
100.0,0.6624983549118042,0.6744820065430752,0.6490429410467977,0.6838235294117647,0.645820078941492,1.0,0.0,0.0,0.0,0.0,0.0,1.0,1.0,1.0,1.0,1.0,0.006863025736133107,1.0,0.0,0.0,0.04117815441679864,0.0,1.0,0.0,0.0,0.0,0.0,1.0,0.0,0.04117815441679864,0.0,0.0,1.0,1.0,1.0,1.0,1.0,1.1094225645065308,669859647750.8545,1.0,0.6342779690144109,0.6698596477508545,0.0,0.0,0.3301403522491455,0.6838235294117647,1.0,0.0,0.645820078941492,0.5
150.0,0.628545880317688,0.6744820065430752,0.6363877052846162,0.6838235294117647,0.628750567825941,1.0,0.0,0.0,0.0,0.0,0.0,1.0,1.0,1.0,1.0,1.0,0.006919586662158213,1.0,0.0,0.04151751997294928,0.0,0.0,1.0,0.0,0.0,0.04151751997294928,0.0,1.0,0.0,0.0,0.0,0.0,1.0,1.0,1.0,1.0,1.0,1.0757679848947543,640212774276.7334,1.0,0.6532957203247968,0.35978731513023376,0.0,0.6402127742767334,0.0,0.6838235294117647,1.0,0.0,0.628750567825941,0.5
