step,train_step_loss,train_acc,train_loss,val_acc,val_loss,avg_intra_expert_coherence,expert_diversity_e0,expert_diversity_e1,expert_diversity_e2,expert_diversity_e3,expert_diversity_mean,expert_purity_e0,expert_purity_e1,expert_purity_e2,expert_purity_e3,expert_purity_mean,inter_expert_similarity,inter_expert_similarity_e0_e0,inter_expert_similarity_e0_e1,inter_expert_similarity_e0_e2,inter_expert_similarity_e0_e3,inter_expert_similarity_e1_e0,inter_expert_similarity_e1_e1,inter_expert_similarity_e1_e2,inter_expert_similarity_e1_e3,inter_expert_similarity_e2_e0,inter_expert_similarity_e2_e1,inter_expert_similarity_e2_e2,inter_expert_similarity_e2_e3,inter_expert_similarity_e3_e0,inter_expert_similarity_e3_e1,inter_expert_similarity_e3_e2,inter_expert_similarity_e3_e3,intra_expert_coherence_e0,intra_expert_coherence_e1,intra_expert_coherence_e2,intra_expert_coherence_e3,load_cv,load_max_min_ratio,overall_task_conflict_cos,router_entropy,router_load_e0,router_load_e1,router_load_e2,router_load_e3,task_acc__glue_mrpc,task_conflict_t0_t0,task_grad_norm_cv,task_loss__glue_mrpc,utilization_ratio
50.0,0.5316386520862579,0.6744820065430752,0.6330363865779793,0.6838235294117647,0.6283853048315415,1.0,0.0,0.0,0.0,0.0,0.0,1.0,1.0,1.0,1.0,1.0,0.004399697004159261,1.0,0.026398182024955565,0.0,0.0,0.026398182024955565,1.0,0.0,0.0,0.0,0.0,1.0,0.0,0.0,0.0,0.0,1.0,1.0,1.0,1.0,1.0,1.0035542249679565,529834806919.0979,1.0,0.691365873112398,0.5298348069190979,0.4701652228832245,0.0,0.0,0.6838235294117647,1.0,0.0,0.6283853048315415,0.5
100.0,0.6800251603126526,0.6744820065430752,0.6378271108088286,0.6838235294117647,0.6344460455270914,1.0,0.0,0.0,0.0,0.0,0.0,1.0,1.0,1.0,1.0,1.0,0.007800935059902504,1.0,0.04680561035941502,0.0,0.0,0.04680561035941502,1.0,0.0,0.0,0.0,0.0,1.0,0.0,0.0,0.0,0.0,1.0,1.0,1.0,1.0,1.0,1.0124781131744385,556026518344.8792,1.0,0.6868560314178467,0.44397351145744324,0.5560265183448792,0.0,0.0,0.6838235294117647,1.0,0.0,0.6344460455270914,0.5
150.0,0.6595112681388855,0.6744820065430752,0.6356060001513232,0.6838235294117647,0.6304053732982049,1.0,0.0,0.0,0.0,0.0,0.0,1.0,1.0,1.0,1.0,1.0,0.0073530177475728585,1.0,0.04411810648543715,0.0,0.0,0.04411810648543715,1.0,0.0,0.0,0.0,0.0,1.0,0.0,0.0,0.0,0.0,1.0,1.0,1.0,1.0,1.0,1.000095009803772,504875123500.824,1.0,0.6930995606908611,0.49512484669685364,0.504875123500824,0.0,0.0,0.6838235294117647,1.0,0.0,0.6304053732982049,0.5
