ts_epoch,event,phase,completed_jobs,total_jobs,failed_jobs,percent,eta_sec,elapsed_sec
1774332619.865019,init,,0,0,0,0.0,,1.621246337890625e-05
1774332619.8652856,pipeline_start,,0,0,0,0.0,,0.0002982616424560547
1774332619.8659048,lock_wait,,0,0,0,0.0,,0.0005371570587158203
1774332619.866122,lock_acquired,,0,0,0,0.0,,0.0011615753173828125
1774332619.866311,method_start,,0,0,0,0.0,,0.0013566017150878906
1774332619.866566,lock_wait,,0,0,0,0.0,,0.0016062259674072266
1774332619.8667648,lock_acquired,,0,0,0,0.0,,0.0018112659454345703
1774332619.8669627,lock_released,,0,0,0,0.0,,0.0020084381103515625
1774332619.868169,lock_wait,,0,0,0,0.0,,0.0032062530517578125
1774332619.8683708,lock_acquired,,0,0,0,0.0,,0.0034139156341552734
1774332619.8685608,plan_add,,0,64,0,0.0,,0.00360107421875
1774332619.8687463,phase_start,baseline:coord:train.lr,0,64,0,0.0,,0.003793954849243164
1774332631.688576,group_slots,baseline:coord:train.lr,0,64,0,0.0,,11.823446989059448
1774332631.6891592,group_start,baseline:coord:train.lr,0,64,0,0.0,,11.823832035064697
1774332762.957075,job_done,baseline:coord:train.lr,1,64,0,1.5625,9014.797051906586,143.09201669692993
1774332766.631688,job_done,baseline:coord:train.lr,2,64,0,3.125,4549.759570837021,146.76643776893616
1774332767.2140565,job_done,baseline:coord:train.lr,3,64,0,4.6875,2996.090723911921,147.3487241268158
1774332767.4272983,job_done,baseline:coord:train.lr,4,64,0,6.25,2213.431223630905,147.56208157539368
1774332767.5414302,job_done,baseline:coord:train.lr,5,64,0,7.8125,1742.579305267334,147.67621231079102
1774332767.6008046,job_done,baseline:coord:train.lr,6,64,0,9.375,1428.11118944486,147.7356402873993
1774332886.2909684,job_done,baseline:coord:train.lr,7,64,0,10.9375,2169.4675340652466,266.42583751678467
1774332896.4160948,job_done,baseline:coord:train.lr,8,64,0,12.5,1935.759950876236,276.5371358394623
1774332899.7255385,job_done,baseline:coord:train.lr,9,64,0,14.0625,1710.2571619881526,279.8602628707886
1774332900.0366948,job_done,baseline:coord:train.lr,10,64,0,15.625,1512.9268826007842,280.17164492607117
1774332900.301269,job_done,baseline:coord:train.lr,11,64,0,17.1875,1351.1925914937801,280.4361982345581
1774332900.4006257,job_done,baseline:coord:train.lr,12,64,0,18.75,1215.653922398885,280.53552055358887
1774333003.876535,job_done,baseline:coord:train.lr,13,64,0,20.3125,1506.5061931976907,384.01138257980347
1774333022.2091959,job_done,baseline:coord:train.lr,14,64,0,21.875,1436.943062714168,402.34405755996704
1774333031.3282924,job_done,baseline:coord:train.lr,15,64,0,23.4375,1344.1126086076101,411.4630434513092
1774333032.372081,job_done,baseline:coord:train.lr,16,64,0,25.0,1237.5210757255554,412.5070252418518
1774333032.7935443,job_done,baseline:coord:train.lr,17,64,0,26.5625,1141.6259443900165,412.92853307724
1774333032.8701513,job_done,baseline:coord:train.lr,18,64,0,28.125,1055.4576258659363,413.0051579475403
1774333124.9891458,job_done,baseline:coord:train.lr,19,64,0,29.6875,1196.3464181674153,505.12404322624207
1774333140.7180238,job_done,baseline:coord:train.lr,20,64,0,31.25,1145.8761256694793,520.8527843952179
1774333160.041709,job_done,baseline:coord:train.lr,21,64,0,32.8125,1106.0758927549634,540.1765987873077
1774333164.9502268,job_done,baseline:coord:train.lr,22,64,0,34.375,1040.590496193279,545.0712122917175
1774333165.1947615,job_done,baseline:coord:train.lr,23,64,0,35.9375,972.1093045524929,545.3296098709106
1774333165.2592576,job_done,baseline:coord:train.lr,24,64,0,37.5,908.9902293682098,545.3941376209259
1774333249.7377987,job_done,baseline:coord:train.lr,25,64,0,39.0625,982.6014119625091,629.8726999759674
1774333259.242186,job_done,baseline:coord:train.lr,26,64,0,40.625,934.474210170599,639.3770911693573
1774333286.3091547,job_done,baseline:coord:train.lr,27,64,0,42.1875,913.2751503255631,666.4440286159515
1774333296.0175076,job_done,baseline:coord:train.lr,28,64,0,43.75,869.3383071081978,676.1520166397095
1774333297.0865707,job_done,baseline:coord:train.lr,29,64,0,45.3125,817.3360688521944,677.2213141918182
1774333297.1576557,job_done,baseline:coord:train.lr,30,64,0,46.875,767.5981956005097,677.2925255298615
1774333376.8971312,job_done,baseline:coord:train.lr,31,64,0,48.4375,805.8579200852301,757.0180461406708
1774333383.641185,job_done,baseline:coord:train.lr,32,64,0,50.0,763.7757303714752,763.7757303714752
1774333410.4210386,job_done,baseline:coord:train.lr,33,64,0,51.5625,742.6433330593686,790.5558061599731
1774333424.403941,job_done,baseline:coord:train.lr,34,64,0,53.125,709.8872153899249,804.5388441085815
1774333427.5738204,job_done,baseline:coord:train.lr,35,64,0,54.6875,669.2443509851183,807.708699464798
1774333427.6486583,job_done,baseline:coord:train.lr,36,64,0,56.25,628.2760212156508,807.7834558486938
1774333502.4949234,job_done,baseline:coord:train.lr,37,64,0,57.8125,644.0811861527932,882.6297736167908
1774333511.0756745,job_done,baseline:coord:train.lr,38,64,0,59.375,609.7756807929591,891.2106103897095
1774333535.864704,job_done,baseline:coord:train.lr,39,64,0,60.9375,587.1792334776658,915.9996042251587
1774333552.5644743,job_done,baseline:coord:train.lr,40,64,0,62.5,559.6196411132812,932.6994018554688
1774333557.6842093,job_done,baseline:coord:train.lr,41,64,0,64.0625,526.0936331167454,937.8190851211548
1774333557.755661,job_done,baseline:coord:train.lr,42,64,0,65.625,491.2759778499603,937.8905031681061
1774333628.1005545,job_done,baseline:coord:train.lr,43,64,0,67.1875,492.39403684749163,1008.235408782959
1774333639.352642,job_done,baseline:coord:train.lr,44,64,0,68.75,463.40340885249054,1019.4874994754791
1774333661.1206522,job_done,baseline:coord:train.lr,45,64,0,70.3125,439.64122040536665,1041.2555220127106
1774333680.4134958,job_done,baseline:coord:train.lr,46,64,0,71.875,414.9972031427466,1060.5484080314636
1774333687.120872,job_done,baseline:coord:train.lr,47,64,0,73.4375,386.0286853414901,1067.2557771205902
1774333687.2641225,job_done,baseline:coord:train.lr,48,64,0,75.0,355.79966410001117,1067.3989923000336
1774333753.9739156,job_done,baseline:coord:train.lr,49,64,0,76.5625,347.1761705437485,1134.1088237762451
1774333767.642967,job_done,baseline:coord:train.lr,50,64,0,78.125,321.37387385368345,1147.7638351917267
1774333786.5077105,job_done,baseline:coord:train.lr,51,64,0,79.6875,297.37948446647795,1166.642592906952
1774333808.7584183,job_done,baseline:coord:train.lr,52,64,0,81.25,274.3599905050718,1188.8932921886444
1774333815.999461,job_done,baseline:coord:train.lr,53,64,0,82.8125,248.25429996004644,1196.134354352951
1774333816.224862,job_done,baseline:coord:train.lr,54,64,0,84.375,221.5481193860372,1196.3598446846008
1774333880.4691606,job_done,baseline:coord:train.lr,55,64,0,85.9375,206.28065050298517,1260.6039752960205
1774333895.0082233,job_done,baseline:coord:train.lr,56,64,0,87.5,182.16328934260775,1275.1430253982544
1774333911.9050314,job_done,baseline:coord:train.lr,57,64,0,89.0625,158.67156793360124,1292.0399103164673
1774333936.854143,job_done,baseline:coord:train.lr,58,64,0,90.625,136.2402503161595,1316.9890863895416
1774333945.2289186,job_done,baseline:coord:train.lr,59,64,0,92.1875,112.31896996498108,1325.3638455867767
1774333945.317834,job_done,baseline:coord:train.lr,60,64,0,93.75,88.36350836753846,1325.4526255130768
1774333988.2935119,job_done,baseline:coord:train.lr,61,64,0,95.3125,67.29975227840612,1368.428296327591
1774333996.8342597,job_done,baseline:coord:train.lr,62,64,0,96.875,44.41835539571701,1376.9690172672272
1774334002.0820997,job_done,baseline:coord:train.lr,63,64,0,98.4375,21.939950144480143,1382.2168591022491
1774334008.8231645,job_done,baseline:coord:train.lr,64,64,0,100.0,,1388.9579594135284
1774334008.8242564,group_end,baseline:coord:train.lr,64,64,0,100.0,,1388.9591436386108
1774334008.8246636,phase_end,,64,64,0,100.0,,1388.959571838379
1774334009.6797774,lock_released,,64,64,0,100.0,,1389.8146631717682
1774334009.6839721,lock_wait,,64,64,0,100.0,,1389.8188869953156
1774334009.6844258,lock_acquired,,64,64,0,100.0,,1389.819333076477
1774334009.6848054,plan_add,,64,128,0,50.0,1389.8197236061096,1389.8197236061096
1774334009.6851792,phase_start,baseline:coord:train.weight_decay,64,128,0,50.0,1389.8201036453247,1389.8201036453247
1774334021.5452332,group_slots,baseline:coord:train.weight_decay,64,128,0,50.0,1401.6800165176392,1401.6800165176392
1774334021.5456574,group_start,baseline:coord:train.weight_decay,64,128,0,50.0,1401.6805682182312,1401.6805682182312
1774334157.4305365,job_done,baseline:coord:train.weight_decay,65,128,0,50.78125,1490.2556795597077,1537.5653836727142
1774334159.7686625,job_done,baseline:coord:train.weight_decay,66,128,0,51.5625,1446.576062036283,1539.9035499095917
1774334159.8481677,job_done,baseline:coord:train.weight_decay,67,128,0,52.34375,1402.074214020772,1539.983153104782
1774334160.0154922,job_done,baseline:coord:train.weight_decay,68,128,0,53.125,1358.9562369094174,1540.1504018306732
1774334160.1212025,job_done,baseline:coord:train.weight_decay,69,128,0,53.90625,1317.0305694428043,1540.2560896873474
1774334160.1855679,job_done,baseline:coord:train.weight_decay,70,128,0,54.6875,1276.2655920233046,1540.3205420970917
1774334283.4027827,job_done,baseline:coord:train.weight_decay,71,128,0,55.46875,1335.5161456558067,1663.5376551151276
1774334290.8930366,job_done,baseline:coord:train.weight_decay,72,128,0,56.25,1299.6883953942192,1671.0279369354248
1774334293.8367636,job_done,baseline:coord:train.weight_decay,73,128,0,57.03125,1261.2114949422341,1673.9716205596924
1774334294.0144057,job_done,baseline:coord:train.weight_decay,74,128,0,57.8125,1221.6764907128104,1674.149265050888
1774334294.1124468,job_done,baseline:coord:train.weight_decay,75,128,0,58.59375,1183.1347023296355,1674.2472202777863
1774334294.1853375,job_done,baseline:coord:train.weight_decay,76,128,0,59.375,1145.5874347686768,1674.3200969696045
1774334399.8469722,job_done,baseline:coord:train.weight_decay,77,128,0,60.15625,1178.9490190512174,1779.9818522930145
1774334416.4195366,job_done,baseline:coord:train.weight_decay,78,128,0,60.9375,1151.6374193705046,1796.554374217987
1774334426.5002813,job_done,baseline:coord:train.weight_decay,79,128,0,61.71875,1120.571119568016,1806.635070323944
1774334426.9711726,job_done,baseline:coord:train.weight_decay,80,128,0,62.5,1084.2636530399323,1807.106088399887
1774334427.374772,job_done,baseline:coord:train.weight_decay,81,128,0,63.28125,1048.801883638641,1807.5096292495728
1774334427.4600143,job_done,baseline:coord:train.weight_decay,82,128,0,64.0625,1014.0166920859639,1807.5949728488922
1774334520.909615,job_done,baseline:coord:train.weight_decay,83,128,0,64.84375,1030.6866897876005,1901.044338941574
1774334535.542651,job_done,baseline:coord:train.weight_decay,84,128,0,65.625,1003.4500543617066,1915.6773765087128
1774334555.584072,job_done,baseline:coord:train.weight_decay,85,128,0,66.40625,979.2460660008823,1935.7189676761627
1774334557.4725962,job_done,baseline:coord:train.weight_decay,86,128,0,67.1875,946.2734197904898,1937.6074786186218
1774334559.8802385,job_done,baseline:coord:train.weight_decay,87,128,0,67.96875,914.2599767350603,1940.0150725841522
1774334560.1667287,job_done,baseline:coord:train.weight_decay,88,128,0,68.75,881.9552649151195,1940.301582813263
1774334646.025842,job_done,baseline:coord:train.weight_decay,89,128,0,69.53125,887.868167767364,2026.1606905460358
1774334655.2924476,job_done,baseline:coord:train.weight_decay,90,128,0,70.3125,859.4026484383478,2035.4273252487183
1774334684.2093906,job_done,baseline:coord:train.weight_decay,91,128,0,71.09375,839.34875360688,2064.3442318439484
1774334687.5778663,job_done,baseline:coord:train.weight_decay,92,128,0,71.875,809.1050100119218,2067.7128033638
1774334690.9782941,job_done,baseline:coord:train.weight_decay,93,128,0,72.65625,779.4511869645887,2071.1131539344788
1774334690.9925785,job_done,baseline:coord:train.weight_decay,94,128,0,73.4375,749.1267953527735,2071.1152577400208
1774334772.802463,job_done,baseline:coord:train.weight_decay,95,128,0,74.21875,747.8624278645767,2152.9372923374176
1774334777.9441946,job_done,baseline:coord:train.weight_decay,96,128,0,75.0,719.3596824804941,2158.0790474414825
1774334811.4978914,job_done,baseline:coord:train.weight_decay,97,128,0,75.78125,700.4187270341461,2191.632791042328
1774334816.7839234,job_done,baseline:coord:train.weight_decay,98,128,0,76.5625,672.5261543235,2196.9187707901
1774334820.5683916,job_done,baseline:coord:train.weight_decay,99,128,0,77.34375,644.650443736953,2200.703238964081
1774334820.6898406,job_done,baseline:coord:train.weight_decay,100,128,0,78.125,616.2309022808075,2200.824651002884
1774334899.403279,job_done,baseline:coord:train.weight_decay,101,128,0,78.90625,609.3814541136865,2279.538032054901
1774334905.4451735,job_done,baseline:coord:train.weight_decay,102,128,0,79.6875,582.5988394933588,2285.5800626277924
1774334937.656071,job_done,baseline:coord:train.weight_decay,103,128,0,80.46875,562.5705986347014,2317.7908663749695
1774334945.9007754,job_done,baseline:coord:train.weight_decay,104,128,0,81.25,536.7774316164163,2326.035537004471
1774334949.7519484,job_done,baseline:coord:train.weight_decay,105,128,0,82.03125,510.35613264810473,2329.8866925239563
1774334949.8742313,job_done,baseline:coord:train.weight_decay,106,128,0,82.8125,483.58678735427134,2330.0090663433075
1774335025.9997911,job_done,baseline:coord:train.weight_decay,107,128,0,83.59375,472.2320387898204,2406.134673833847
1774335033.0793512,job_done,baseline:coord:train.weight_decay,108,128,0,84.375,446.8915183897372,2413.2141993045807
1774335064.2462516,job_done,baseline:coord:train.weight_decay,109,128,0,85.15625,426.0847787638323,2444.3810992240906
1774335074.2395816,job_done,baseline:coord:train.weight_decay,110,128,0,85.9375,401.6249125307257,2454.3744654655457
1774335079.0825288,job_done,baseline:coord:train.weight_decay,111,128,0,86.71875,376.63689914694777,2459.2174003124237
1774335079.4491808,job_done,baseline:coord:train.weight_decay,112,128,0,87.5,351.3691524778094,2459.5840673446655
1774335152.473079,job_done,baseline:coord:train.weight_decay,113,128,0,88.28125,336.1868936087178,2532.6079318523407
1774335160.8522487,job_done,baseline:coord:train.weight_decay,114,128,0,89.0625,312.05104539268893,2540.9870839118958
1774335191.2559335,job_done,baseline:coord:train.weight_decay,115,128,0,89.84375,290.6789596764938,2571.390797138214
1774335201.7465954,job_done,baseline:coord:train.weight_decay,116,128,0,90.625,267.0911810726955,2581.8814170360565
1774335208.1699739,job_done,baseline:coord:train.weight_decay,117,128,0,91.40625,243.3448985764104,2588.304830312729
1774335208.4746387,job_done,baseline:coord:train.weight_decay,118,128,0,92.1875,219.3736965373411,2588.609619140625
1774335279.561971,job_done,baseline:coord:train.weight_decay,119,128,0,92.96875,201.15354110012535,2659.6968212127686
1774335288.9082859,job_done,baseline:coord:train.weight_decay,120,128,0,93.75,177.9362093289693,2669.04313993454
1774335318.62473,job_done,baseline:coord:train.weight_decay,121,128,0,94.53125,156.12659021842578,2698.759630918503
1774335329.5976028,job_done,baseline:coord:train.weight_decay,122,128,0,95.3125,133.26552965992786,2709.7324364185333
1774335336.5841577,job_done,baseline:coord:train.weight_decay,123,128,0,96.09375,110.43573538462321,2716.719090461731
1774335336.8317454,job_done,baseline:coord:train.weight_decay,124,128,0,96.875,87.64408806831607,2716.966730117798
1774335385.5545185,job_done,baseline:coord:train.weight_decay,125,128,0,97.65625,66.37654426574707,2765.689344406128
1774335390.5031521,job_done,baseline:coord:train.weight_decay,126,128,0,98.4375,43.978381198550025,2770.6380155086517
1774335401.3757706,job_done,baseline:coord:train.weight_decay,127,128,0,99.21875,21.901658480561625,2781.5106270313263
1774335404.3471372,job_done,baseline:coord:train.weight_decay,128,128,0,100.0,,2784.4679806232452
1774335404.3492527,group_end,baseline:coord:train.weight_decay,128,128,0,100.0,,2784.482898712158
1774335404.3496346,phase_end,,128,128,0,100.0,,2784.484550714493
1774335405.3994453,lock_released,,128,128,0,100.0,,2785.5343105793
1774335405.40355,lock_wait,,128,128,0,100.0,,2785.538451910019
1774335405.4039984,lock_acquired,,128,128,0,100.0,,2785.5389215946198
1774335405.4043963,plan_add,,128,192,0,66.66666666666667,1392.7696505784988,2785.5393011569977
1774335405.4047902,phase_start,baseline:coord:train.grad_clip,128,192,0,66.66666666666667,1392.7698537111282,2785.5397074222565
1774335417.233511,group_slots,baseline:coord:train.grad_clip,128,192,0,66.66666666666667,1398.684186220169,2797.368372440338
1774335417.2337692,group_start,baseline:coord:train.grad_clip,128,192,0,66.66666666666667,1398.6843881607056,2797.368776321411
1774335548.1680715,job_done,baseline:coord:train.grad_clip,129,192,0,67.1875,1430.10138173436,2928.3028292655945
1774335550.021725,job_done,baseline:coord:train.grad_clip,130,192,0,67.70833333333333,1397.4592770906595,2930.1565487384796
1774335551.4384527,job_done,baseline:coord:train.grad_clip,131,192,0,68.22916666666667,1365.083555822154,2931.5728821754456
1774335553.4946249,job_done,baseline:coord:train.grad_clip,132,192,0,68.75,1333.467977588827,2933.6295506954193
1774335553.6086824,job_done,baseline:coord:train.grad_clip,133,192,0,69.27083333333333,1301.4351014822048,2933.743533849716
1774335553.610489,job_done,baseline:coord:train.grad_clip,134,192,0,69.79166666666667,1269.8301237697033,2933.7454583644867
1774335674.063989,job_done,baseline:coord:train.grad_clip,135,192,0,70.3125,1289.5506226009793,3054.1988430023193
1774335678.2797055,job_done,baseline:coord:train.grad_clip,136,192,0,70.83333333333333,1259.3471197661231,3058.4144337177277
1774335681.2273428,job_done,baseline:coord:train.grad_clip,137,192,0,71.35416666666667,1229.0084299205862,3061.348270893097
1774335684.553911,job_done,baseline:coord:train.grad_clip,138,192,0,71.875,1199.2260381242504,3064.6887640953064
1774335685.0451093,job_done,baseline:coord:train.grad_clip,139,192,0,72.39583333333333,1168.7376985944431,3065.180001974106
1774335685.1225908,job_done,baseline:coord:train.grad_clip,140,192,0,72.91666666666667,1138.524237551008,3065.257562637329
1774335797.8290904,job_done,baseline:coord:train.grad_clip,141,192,0,73.4375,1149.4763231734012,3177.9639523029327
1774335804.2175875,job_done,baseline:coord:train.grad_clip,142,192,0,73.95833333333333,1121.250823853721,3184.352339744568
1774335809.5112123,job_done,baseline:coord:train.grad_clip,143,192,0,74.47916666666667,1092.9556123793543,3189.6459708213806
1774335814.756289,job_done,baseline:coord:train.grad_clip,144,192,0,75.0,1064.963736931483,3194.891210794449
1774335815.556454,job_done,baseline:coord:train.grad_clip,145,192,0,75.52083333333333,1035.844749255016,3195.691247701645
1774335815.6318986,job_done,baseline:coord:train.grad_clip,146,192,0,76.04166666666667,1006.8854015690007,3195.7667093276978
1774335922.319181,job_done,baseline:coord:train.grad_clip,147,192,0,76.5625,1010.9552844446532,3302.4539291858673
1774335929.899101,job_done,baseline:coord:train.grad_clip,148,192,0,77.08333333333333,984.0641237207361,3310.0338706970215
1774335936.2420669,job_done,baseline:coord:train.grad_clip,149,192,0,77.60416666666667,957.0752220281819,3316.376932144165
1774335944.092302,job_done,baseline:coord:train.grad_clip,150,192,0,78.125,930.7836144065857,3324.2271943092346
1774335945.9301562,job_done,baseline:coord:train.grad_clip,151,192,0,78.64583333333333,903.1037342279952,3326.0649724006653
1774335945.9962971,job_done,baseline:coord:train.grad_clip,152,192,0,79.16666666666667,875.2976964021984,3326.131246328354
1774336046.5224311,job_done,baseline:coord:train.grad_clip,153,192,0,79.6875,873.4616565003115,3426.657267808914
1774336055.624091,job_done,baseline:coord:train.grad_clip,154,192,0,80.20833333333333,847.7846759139717,3435.7589497566223
1774336062.1476126,job_done,baseline:coord:train.grad_clip,155,192,0,80.72916666666667,821.7061331026016,3442.2824494838715
1774336073.255034,job_done,baseline:coord:train.grad_clip,156,192,0,81.25,796.9361407756805,3453.3899433612823
1774336076.8267188,job_done,baseline:coord:train.grad_clip,157,192,0,81.77083333333333,770.6602309615748,3456.9616074562073
1774336076.8984232,job_done,baseline:coord:train.grad_clip,158,192,0,82.29166666666667,743.9185800673087,3457.033401489258
1774336170.8652472,job_done,baseline:coord:train.grad_clip,159,192,0,82.8125,737.0000115295626,3551.000055551529
1774336181.132402,job_done,baseline:coord:train.grad_clip,160,192,0,83.33333333333333,712.2534342288972,3561.2671711444855
1774336188.1622036,job_done,baseline:coord:train.grad_clip,161,192,0,83.85416666666667,687.0634083821907,3568.2970564365387
1774336202.1123018,job_done,baseline:coord:train.grad_clip,162,192,0,84.375,663.3791129677384,3582.2472100257874
1774336207.2288435,job_done,baseline:coord:train.grad_clip,163,192,0,84.89583333333333,638.2426232808938,3587.363710165024
1774336207.2970803,job_done,baseline:coord:train.grad_clip,164,192,0,85.41666666666667,612.4883820080175,3587.4319517612457
1774336297.5696099,job_done,baseline:coord:train.grad_clip,165,192,0,85.9375,601.8061818903143,3677.704444885254
1774336305.6691792,job_done,baseline:coord:train.grad_clip,166,192,0,86.45833333333333,577.2946084062737,3685.804038286209
1774336313.3515277,job_done,baseline:coord:train.grad_clip,167,192,0,86.97916666666667,552.9171204138659,3693.486364364624
1774336329.6471844,job_done,baseline:coord:train.grad_clip,168,192,0,87.5,529.9688715934753,3709.7821011543274
1774336337.6262875,job_done,baseline:coord:train.grad_clip,169,192,0,88.02083333333333,505.96749442004597,3717.761154651642
1774336337.696604,job_done,baseline:coord:train.grad_clip,170,192,0,88.54166666666667,481.1311277109034,3717.8314414024353
1774336425.4193769,job_done,baseline:coord:train.grad_clip,171,192,0,89.0625,467.3487480146843,3805.554090976715
1774336430.8595357,job_done,baseline:coord:train.grad_clip,172,192,0,89.58333333333333,443.1372480614241,3810.980333328247
1774336438.2428446,job_done,baseline:coord:train.grad_clip,173,192,0,90.10416666666667,419.3593994882065,3818.377690076828
1774336456.4374964,job_done,baseline:coord:train.grad_clip,174,192,0,90.625,396.8867987764293,3836.5723881721497
1774336467.7717135,job_done,baseline:coord:train.grad_clip,175,192,0,91.14583333333333,373.79663917405264,3847.906579732895
1774336468.0013473,job_done,baseline:coord:train.grad_clip,176,192,0,91.66666666666667,349.83055485378617,3848.1361033916473
1774336553.4631598,job_done,baseline:coord:train.grad_clip,177,192,0,92.1875,333.35576392836487,3933.598014354706
1774336559.309421,job_done,baseline:coord:train.grad_clip,178,192,0,92.70833333333333,309.843922639161,3939.444159269333
1774336562.031756,job_done,baseline:coord:train.grad_clip,179,192,0,93.22916666666667,286.3026060085723,3942.1666519641876
1774336582.1851184,job_done,baseline:coord:train.grad_clip,180,192,0,93.75,264.1546676794688,3962.320015192032
1774336597.997452,job_done,baseline:coord:train.grad_clip,181,192,0,94.27083333333333,241.7649391000442,3978.132179737091
1774336598.5139043,job_done,baseline:coord:train.grad_clip,182,192,0,94.79166666666667,218.6070708652119,3978.6486897468567
1774336681.1462262,job_done,baseline:coord:train.grad_clip,183,192,0,95.3125,199.73513651285015,4061.2811090946198
1774336687.7483742,job_done,baseline:coord:train.grad_clip,184,192,0,95.83333333333333,176.8644827656124,4067.883103609085
1774336689.1502643,job_done,baseline:coord:train.grad_clip,185,192,0,96.35416666666667,153.97295062219774,4069.2851235866547
1774336706.319897,job_done,baseline:coord:train.grad_clip,186,192,0,96.875,131.82112263094996,4086.4548015594482
1774336728.105664,job_done,baseline:coord:train.grad_clip,187,192,0,97.39583333333333,109.84600211209792,4108.240478992462
1774336728.2314038,job_done,baseline:coord:train.grad_clip,188,192,0,97.91666666666667,87.4120486442079,4108.366286277771
1774336782.5237794,job_done,baseline:coord:train.grad_clip,189,192,0,98.4375,66.0739448562501,4162.658525943756
1774336788.5446165,job_done,baseline:coord:train.grad_clip,190,192,0,98.95833333333333,43.8808355482001,4168.67937707901
1774336788.9588156,job_done,baseline:coord:train.grad_clip,191,192,0,99.47916666666667,21.82771621324629,4169.0937967300415
1774336792.273214,job_done,baseline:coord:train.grad_clip,192,192,0,100.0,,4172.408136606216
1774336792.2876687,group_end,baseline:coord:train.grad_clip,192,192,0,100.0,,4172.409082889557
1774336792.2880442,phase_end,,192,192,0,100.0,,4172.422964096069
1774336793.4049118,lock_released,,192,192,0,100.0,,4173.539155006409
1774336793.4090137,lock_wait,,192,192,0,100.0,,4173.543910503387
1774336793.4094403,lock_acquired,,192,192,0,100.0,,4173.544362545013
1774336793.4098008,plan_add,,192,246,0,78.04878048780488,1173.8094569072127,4173.54473567009
1774336793.4101522,phase_start,baseline:local_var_topk,192,246,0,78.04878048780488,1173.8095568194985,4173.545090913773
1774336805.317641,group_slots,baseline:local_var_topk,192,246,0,78.04878048780488,1177.1585186049342,4185.452510595322
1774336805.3179078,group_start,baseline:local_var_topk,192,246,0,78.04878048780488,1177.1586307883263,4185.4529094696045
1774336938.1551108,job_done,baseline:local_var_topk,193,246,0,78.45528455284553,1185.8516590681718,4318.29000377655
1774336940.5837975,job_done,baseline:local_var_topk,194,246,0,78.86178861788618,1158.1307702113672,4320.718642711639
1774336941.8952513,job_done,baseline:local_var_topk,195,246,0,79.26829268292683,1130.3770905091212,4322.03005194664
1774336942.182241,job_done,baseline:local_var_topk,196,246,0,79.67479674796748,1102.6318984980487,4322.3170421123505
1774336942.489487,job_done,baseline:local_var_topk,197,246,0,80.08130081300813,1075.170472740522,4322.6241455078125
1774336942.5455737,job_done,baseline:local_var_topk,198,246,0,80.48780487804878,1047.922540433479,4322.680479288101
1774337063.1340039,job_done,baseline:local_var_topk,199,246,0,80.89430894308943,1049.4152616256445,4443.268873691559
1774337069.5596175,job_done,baseline:local_var_topk,200,246,0,81.30081300813008,1023.4297062039375,4449.694374799728
1774337073.108184,job_done,baseline:local_var_topk,201,246,0,81.70731707317073,996.9946690993522,4453.24285531044
1774337073.5155818,job_done,baseline:local_var_topk,202,246,0,82.11382113821138,970.1020556770928,4453.650346517563
1774337074.3815808,job_done,baseline:local_var_topk,203,246,0,82.52032520325203,943.5675052410277,4454.516361951828
1774337074.4541898,job_done,baseline:local_var_topk,204,246,0,82.92682926829268,917.1213043647655,4454.5891926288605
1774337182.0637364,job_done,baseline:local_var_topk,205,246,0,83.33333333333333,912.4397152423859,4562.198576211929
1774337194.1811242,job_done,baseline:local_var_topk,206,246,0,83.73983739837398,888.2166954614584,4574.315981626511
1774337204.2894118,job_done,baseline:local_var_topk,207,246,0,84.14634146341463,863.732109947481,4584.424275875092
1774337205.1358662,job_done,baseline:local_var_topk,208,246,0,84.55284552845528,837.6936794748673,4585.270666599274
1774337206.013955,job_done,baseline:local_var_topk,209,246,0,84.95934959349593,811.9019136383203,4586.14864730835
1774337206.0961301,job_done,baseline:local_var_topk,210,246,0,85.36585365853658,786.2110391071865,4586.231061458588
1774337298.915615,job_done,baseline:local_var_topk,211,246,0,85.77235772357723,776.1457999622653,4679.0503940582275
1774337314.6690383,job_done,baseline:local_var_topk,212,246,0,86.17886178861788,752.9402533522192,4694.803932666779
1774337335.685575,job_done,baseline:local_var_topk,213,246,0,86.58536585365853,730.6200657763951,4715.820424556732
1774337336.6871676,job_done,baseline:local_var_topk,214,246,0,86.99186991869918,705.3191850608754,4716.8220500946045
1774337337.9859633,job_done,baseline:local_var_topk,215,246,0,87.39837398373983,680.2871966007144,4718.120879650116
1774337338.049344,job_done,baseline:local_var_topk,216,246,0,87.8048780487805,655.3033774760033,4718.184317827225
1774337422.3878667,job_done,baseline:local_var_topk,217,246,0,88.21138211382114,641.8118013269891,4802.522789239883
1774337429.7137601,job_done,baseline:local_var_topk,218,246,0,88.6178861788618,617.7787277982869,4809.84866642952
1774337465.5089498,job_done,baseline:local_var_topk,219,246,0,89.02439024390245,597.40813561335,4845.643766641617
1774337467.3846147,job_done,baseline:local_var_topk,220,246,0,89.4308943089431,572.8886483755979,4847.519332408905
1774337469.513416,job_done,baseline:local_var_topk,221,246,0,89.83739837398375,548.6027373717382,4849.648198366165
1774337469.6038313,job_done,baseline:local_var_topk,222,246,0,90.2439024390244,524.2960746610487,4849.7386906147
1774337547.7469,job_done,baseline:local_var_topk,223,246,0,90.65040650406505,508.2568559464853,4927.881690263748
1774337552.464461,job_done,baseline:local_var_topk,224,246,0,91.0569105691057,484.451724799616,4932.599379777908
1774337595.1429012,job_done,baseline:local_var_topk,225,246,0,91.46341463414635,464.35925684611004,4975.277751922607
1774337597.106643,job_done,baseline:local_var_topk,226,246,0,91.869918699187,440.46384482257133,4977.241446495056
1774337599.3944156,job_done,baseline:local_var_topk,227,246,0,92.27642276422765,416.7887924211141,4979.529256820679
1774337599.6425629,job_done,baseline:local_var_topk,228,246,0,92.6829268292683,393.1403203951685,4979.777391672134
1774337671.9048595,job_done,baseline:local_var_topk,229,246,0,93.08943089430895,375.04225058014214,5052.039728403091
1774337678.4469416,job_done,baseline:local_var_topk,230,246,0,93.4959349593496,351.901346438864,5058.58185505867
1774337723.1888254,job_done,baseline:local_var_topk,231,246,0,93.90243902439025,331.38464899806235,5103.32359457016
1774337727.2125676,job_done,baseline:local_var_topk,232,246,0,94.3089430894309,308.2019948198877,5107.3473427295685
1774337728.720612,job_done,baseline:local_var_topk,233,246,0,94.71544715447155,285.04343864948453,5108.855477333069
1774337728.9952323,job_done,baseline:local_var_topk,234,246,0,95.1219512195122,262.00667229676856,5109.130109786987
1774337795.596032,job_done,baseline:local_var_topk,235,246,0,95.52845528455285,242.26825424863938,5175.730886220932
1774337803.4983997,job_done,baseline:local_var_topk,236,246,0,95.9349593495935,219.64547599776319,5183.633233547211
1774337851.6796765,job_done,baseline:local_var_topk,237,246,0,96.34146341463415,198.67648687543746,5231.81415438652
1774337856.799117,job_done,baseline:local_var_topk,238,246,0,96.7479674796748,176.0309294532327,5236.920151233673
1774337858.3384118,job_done,baseline:local_var_topk,239,246,0,97.15447154471545,153.428088004619,5238.47329044342
1774337858.665147,job_done,baseline:local_var_topk,240,246,0,97.5609756097561,130.9700000345707,5238.800001382828
1774337918.661706,job_done,baseline:local_var_topk,241,246,0,97.96747967479675,109.93353671058084,5298.796469449997
1774337928.0600083,job_done,baseline:local_var_topk,242,246,0,98.3739837398374,87.73875731082002,5308.194817304611
1774337962.4943163,job_done,baseline:local_var_topk,243,246,0,98.78048780487805,65.95838487295457,5342.62917470932
1774337966.8918197,job_done,baseline:local_var_topk,244,246,0,99.1869918699187,43.82808745689079,5347.026669740677
1774337967.7787092,job_done,baseline:local_var_topk,245,246,0,99.59349593495935,21.828218960275457,5347.913645267487
1774337967.8299725,job_done,baseline:local_var_topk,246,246,0,100.0,,5347.964860200882
1774337967.8307407,group_end,baseline:local_var_topk,246,246,0,100.0,,5347.965623378754
1774337967.831086,phase_end,,246,246,0,100.0,,5347.966012954712
1774337968.7968042,lock_released,,246,246,0,100.0,,5348.931694030762
1774337968.812504,method_done,,246,246,0,100.0,,5348.947432518005
1774337968.8129096,method_start,,246,246,0,100.0,,5348.9478323459625
1774337968.813381,lock_wait,,246,246,0,100.0,,5348.948295354843
1774337968.8137844,lock_acquired,,246,246,0,100.0,,5348.948711633682
1774337968.8141541,lock_released,,246,246,0,100.0,,5348.949081897736
1774337968.8158405,lock_wait,,246,246,0,100.0,,5348.950752258301
1774337968.8162417,lock_acquired,,246,246,0,100.0,,5348.951171875
1774337968.8166282,plan_add,,246,286,0,86.01398601398601,869.7482190868719,5348.951547384262
1774337968.8170006,phase_start,cagrad:coord:train.lr,246,286,0,86.01398601398601,869.7482806104955,5348.951925754547
1774337981.7412086,group_slots,cagrad:coord:train.lr,246,286,0,86.01398601398601,871.8497697706146,5361.876084089279
1774337981.7415,group_start,cagrad:coord:train.lr,246,286,0,86.01398601398601,871.8498322634192,5361.876468420029
1774338151.5982814,job_done,cagrad:coord:train.lr,247,286,0,86.36363636363636,873.429362221768,5531.7192940711975
1774338163.6312811,job_done,cagrad:coord:train.lr,248,286,0,86.7132867132867,849.4480281529887,5543.766078472137
1774338163.7145257,job_done,cagrad:coord:train.lr,249,286,0,87.06293706293707,823.7848310882307,5543.8492686748505
1774338164.0087926,job_done,cagrad:coord:train.lr,250,286,0,87.41258741258741,798.3566931266785,5544.1437022686005
1774338164.1069756,job_done,cagrad:coord:train.lr,251,286,0,87.76223776223776,773.1014320954858,5544.241698741913
1774338164.2026074,job_done,cagrad:coord:train.lr,252,286,0,88.1118881118881,748.0455379145486,5544.337516307831
1774338301.7726092,job_done,cagrad:coord:train.lr,253,286,0,88.46153846153847,741.1183303542759,5681.907199382782
1774338337.4441085,job_done,cagrad:coord:train.lr,254,286,0,88.81118881118881,720.324898306779,5717.578880310059
1774338342.334834,job_done,cagrad:coord:train.lr,255,286,0,89.16083916083916,695.6727818535824,5722.4696571826935
1774338343.0850248,job_done,cagrad:coord:train.lr,256,286,0,89.5104895104895,670.6898372713476,5723.2199447155
1774338343.693812,job_done,cagrad:coord:train.lr,257,286,0,89.86013986013987,645.8795013446288,5723.828684329987
1774338343.751723,job_done,cagrad:coord:train.lr,258,286,0,90.20979020979021,621.1970062181931,5723.886700153351
1774338466.2892342,job_done,cagrad:coord:train.lr,259,286,0,90.55944055944056,609.472757837487,5846.423862218857
1774338483.681582,job_done,cagrad:coord:train.lr,260,286,0,90.9090909090909,586.3816375255585,5863.816375255585
1774338512.0732224,job_done,cagrad:coord:train.lr,261,286,0,91.25874125874125,564.3864137231162,5892.194159269333
1774338516.448541,job_done,cagrad:coord:train.lr,262,286,0,91.60839160839161,540.1450351904367,5896.583300828934
1774338516.5036964,job_done,cagrad:coord:train.lr,263,286,0,91.95804195804196,515.6756177700971,5896.638585805893
1774338516.8991451,job_done,cagrad:coord:train.lr,264,286,0,92.3076923076923,491.41950511932373,5897.034061431885
1774338619.2924085,job_done,cagrad:coord:train.lr,265,286,0,92.65734265734265,475.4263056467164,5999.4271903038025
1774338640.9352605,job_done,cagrad:coord:train.lr,266,286,0,93.00699300699301,452.71203917668277,6021.070121049881
1774338673.2763512,job_done,cagrad:coord:train.lr,267,286,0,93.35664335664336,430.76708708898855,6053.411171197891
1774338689.54802,job_done,cagrad:coord:train.lr,268,286,0,93.7062937062937,407.6652739154759,6069.682967185974
1774338691.9278762,job_done,cagrad:coord:train.lr,269,286,0,94.05594405594405,383.736310490002,6072.0627954006195
1774338692.6517286,job_done,cagrad:coord:train.lr,270,286,0,94.4055944055944,359.86882144786694,6072.7863619327545
1774338784.4076602,job_done,cagrad:coord:train.lr,271,286,0,94.75524475524476,341.2108270136632,6164.542274713516
1774338797.367312,job_done,cagrad:coord:train.lr,272,286,0,95.1048951048951,317.95895459722067,6177.488260746002
1774338823.1761808,job_done,cagrad:coord:train.lr,273,286,0,95.45454545454545,295.3957630679721,6203.311024427414
1774338853.3180027,job_done,cagrad:coord:train.lr,274,286,0,95.8041958041958,272.99793947874196,6233.452951431274
1774338856.9571679,job_done,cagrad:coord:train.lr,275,286,0,96.15384615384616,249.48368151664735,6237.0920379161835
1774338857.2425587,job_done,cagrad:coord:train.lr,276,286,0,96.5034965034965,225.99193592002425,6237.37743139267
1774338940.1121044,job_done,cagrad:coord:train.lr,277,286,0,96.85314685314685,205.35098450536762,6320.246967554092
1774338951.126678,job_done,cagrad:coord:train.lr,278,286,0,97.2027972027972,182.19457752584555,6331.261569023132
1774338982.9115338,job_done,cagrad:coord:train.lr,279,286,0,97.55244755244755,159.6463231707132,6363.046309232712
1774339013.348038,job_done,cagrad:coord:train.lr,280,286,0,97.9020979020979,137.0032043337822,6393.482868909836
1774339027.746915,job_done,cagrad:coord:train.lr,281,286,0,98.25174825174825,114.01924519352217,6407.881579875946
1774339028.2896056,job_done,cagrad:coord:train.lr,282,286,0,98.6013986013986,90.8996384498921,6408.424510717392
1774339083.9658844,job_done,cagrad:coord:train.lr,283,286,0,98.95104895104895,68.52403687841058,6464.100812196732
1774339092.0528717,job_done,cagrad:coord:train.lr,284,286,0,99.3006993006993,45.578787054814086,6472.1877617836
1774339114.6693516,job_done,cagrad:coord:train.lr,285,286,0,99.65034965034965,22.788786710772598,6494.80421257019
1774339133.1308684,job_done,cagrad:coord:train.lr,286,286,0,100.0,,6513.265753030777
1774339133.1451418,group_end,cagrad:coord:train.lr,286,286,0,100.0,,6513.266827106476
1774339133.1453342,phase_end,,286,286,0,100.0,,6513.280364751816
1774339133.9602947,lock_released,,286,286,0,100.0,,6514.095285415649
1774339133.9618998,lock_wait,,286,286,0,100.0,,6514.096940279007
1774339133.962112,lock_acquired,,286,286,0,100.0,,6514.097160577774
1774339133.9622962,plan_add,,286,324,0,88.27160493827161,865.5094373042766,6514.097343921661
1774339133.9624872,phase_start,cagrad:coord:train.weight_decay,286,324,0,88.27160493827161,865.5094627417051,6514.09753537178
1774339146.8095872,group_slots,cagrad:coord:train.weight_decay,286,324,0,88.27160493827161,867.2163962967745,6526.944456338882
1774339146.8098414,group_start,cagrad:coord:train.weight_decay,286,324,0,88.27160493827161,867.216448977277,6526.9448528289795
1774339326.56674,job_done,cagrad:coord:train.weight_decay,287,324,0,88.58024691358025,864.6270362259204,6706.701605319977
1774339330.77211,job_done,cagrad:coord:train.weight_decay,288,324,0,88.88888888888889,838.8633681237698,6710.906944990158
1774339331.4374602,job_done,cagrad:coord:train.weight_decay,289,324,0,89.19753086419753,812.8201772473675,6711.572320699692
1774339331.492416,job_done,cagrad:coord:train.weight_decay,290,324,0,89.50617283950618,786.8804459012788,6711.627332687378
1774339331.7373605,job_done,cagrad:coord:train.weight_decay,291,324,0,89.81481481481481,761.1401510976025,6711.87224149704
1774339331.7992237,job_done,cagrad:coord:train.weight_decay,292,324,0,90.12345679012346,735.5544225353084,6711.934105634689
1774339479.8809426,job_done,cagrad:coord:train.weight_decay,293,324,0,90.4320987654321,725.803709565576,6860.015706539154
1774339511.1958873,job_done,cagrad:coord:train.weight_decay,294,324,0,90.74074074074075,703.1969796394816,6891.330400466919
1774339511.5432525,job_done,cagrad:coord:train.weight_decay,295,324,0,91.04938271604938,677.4869990154848,6891.67809343338
1774339511.603043,job_done,cagrad:coord:train.weight_decay,296,324,0,91.35802469135803,651.9211621767765,6891.738000154495
1774339511.6638741,job_done,cagrad:coord:train.weight_decay,297,324,0,91.66666666666667,626.5271634622054,6891.798798084259
1774339511.8872843,job_done,cagrad:coord:train.weight_decay,298,324,0,91.9753086419753,601.3173477233656,6892.021908521652
1774339640.2783875,job_done,cagrad:coord:train.weight_decay,299,324,0,92.28395061728395,586.9910786582475,7020.41330075264
1774339681.196337,job_done,cagrad:coord:train.weight_decay,300,324,0,92.5925925925926,564.9064859771728,7061.331074714661
1774339689.0718014,job_done,cagrad:coord:train.weight_decay,301,324,0,92.90123456790124,540.1719285142779,7069.206542730331
1774339689.9765942,job_done,cagrad:coord:train.weight_decay,302,324,0,93.20987654320987,515.0412307069791,7070.111439704895
1774339690.0591211,job_done,cagrad:coord:train.weight_decay,303,324,0,93.51851851851852,490.01344485094046,7070.193989992142
1774339690.2430775,job_done,cagrad:coord:train.weight_decay,304,324,0,93.82716049382717,465.15644351118493,7070.37794137001
1774339798.0711608,job_done,cagrad:coord:train.weight_decay,305,324,0,94.1358024691358,447.1669324749806,7178.206021308899
1774339841.9500155,job_done,cagrad:coord:train.weight_decay,306,324,0,94.44444444444444,424.82852231754975,7222.084879398346
1774339865.6588247,job_done,cagrad:coord:train.weight_decay,307,324,0,94.75308641975309,401.23287569661096,7245.793696403503
1774339867.6353772,job_done,cagrad:coord:train.weight_decay,308,324,0,95.06172839506173,376.5075420528263,7247.770184516907
1774339868.2169838,job_done,cagrad:coord:train.weight_decay,309,324,0,95.37037037037037,351.8617413229155,7248.35187125206
1774339868.5135818,job_done,cagrad:coord:train.weight_decay,310,324,0,95.67901234567901,327.3583136573915,7248.648373842239
1774339955.8674824,job_done,cagrad:coord:train.weight_decay,311,324,0,95.98765432098766,306.6496089340406,7336.00218296051
1774339993.4593687,job_done,cagrad:coord:train.weight_decay,312,324,0,96.29629629629629,283.5997738838196,7373.594120979309
1774340025.808059,job_done,cagrad:coord:train.weight_decay,313,324,0,96.60493827160494,260.2727541245591,7405.942912817001
1774340041.2758868,job_done,cagrad:coord:train.weight_decay,314,324,0,96.91358024691358,236.35065947368648,7421.410707473755
1774340041.9503982,job_done,cagrad:coord:train.weight_decay,315,324,0,97.22222222222223,212.05957833017624,7422.085241556168
1774340042.019291,job_done,cagrad:coord:train.weight_decay,316,324,0,97.53086419753086,187.90263609342938,7422.15412569046
1774340114.3964305,job_done,cagrad:coord:train.weight_decay,317,324,0,97.8395061728395,165.49438028831963,7494.531221628189
1774340153.8310359,job_done,cagrad:coord:train.weight_decay,318,324,0,98.14814814814815,142.1503004128078,7533.965921878815
1774340174.9100678,job_done,cagrad:coord:train.weight_decay,319,324,0,98.45679012345678,118.41763305813542,7555.044989109039
1774340210.0865984,job_done,cagrad:coord:train.weight_decay,320,324,0,98.76543209876543,94.87776850759984,7590.221480607986
1774340211.7654827,job_done,cagrad:coord:train.weight_decay,321,324,0,99.07407407407408,70.95233908991948,7591.900282621384
1774340211.828758,job_done,cagrad:coord:train.weight_decay,322,324,0,99.38271604938272,47.15505401392161,7591.963696241379
1774340251.8836892,job_done,cagrad:coord:train.weight_decay,323,324,0,99.69135802469135,23.628540368272056,7632.018538951874
1774340278.828276,job_done,cagrad:coord:train.weight_decay,324,324,0,100.0,,7658.9631407260895
1774340278.8290365,group_end,cagrad:coord:train.weight_decay,324,324,0,100.0,,7658.964029788971
1774340278.8315217,phase_end,,324,324,0,100.0,,7658.964269399643
1774340279.6332045,lock_released,,324,324,0,100.0,,7659.768201828003
1774340279.6348522,lock_wait,,324,324,0,100.0,,7659.76989197731
1774340279.635073,lock_acquired,,324,324,0,100.0,,7659.770115852356
1774340279.6352634,plan_add,,324,362,0,89.50276243093923,898.3681219860359,7659.770303249359
1774340279.6354494,phase_start,cagrad:coord:train.grad_clip,324,362,0,89.50276243093923,898.368144635801,7659.770496368408
1774340292.4946465,group_slots,cagrad:coord:train.grad_clip,324,362,0,89.50276243093923,899.8763026999837,7672.629528284073
1774340292.4949095,group_start,cagrad:coord:train.grad_clip,324,362,0,89.50276243093923,899.8763477758125,7672.629912614822
1774340465.9933686,job_done,cagrad:coord:train.grad_clip,325,362,0,89.77900552486187,893.251508198518,7846.12811255455
1774340472.376447,job_done,cagrad:coord:train.grad_clip,326,362,0,90.05524861878453,867.148481333914,7852.511247634888
1774340472.8768823,job_done,cagrad:coord:train.grad_clip,327,362,0,90.33149171270718,840.5364174434534,7853.011671543121
1774340473.0246165,job_done,cagrad:coord:train.grad_clip,328,362,0,90.60773480662984,814.047001335679,7853.159307003021
1774340473.1837678,job_done,cagrad:coord:train.grad_clip,329,362,0,90.88397790055248,787.7188823563712,7853.318554401398
1774340473.2543418,job_done,cagrad:coord:train.grad_clip,330,362,0,91.16022099447514,761.5407726172244,7853.389217615128
1774340616.426221,job_done,cagrad:coord:train.grad_clip,331,362,0,91.43646408839778,748.9226397812547,7996.5610892772675
1774340646.6118608,job_done,cagrad:coord:train.grad_clip,332,362,0,91.71270718232044,725.3084378070142,8026.746711730957
1774340652.391229,job_done,cagrad:coord:train.grad_clip,333,362,0,91.98895027624309,699.5293030037178,8032.526134490967
1774340652.3929813,job_done,cagrad:coord:train.grad_clip,334,362,0,92.26519337016575,673.3855535056064,8032.527673959732
1774340652.5077069,job_done,cagrad:coord:train.grad_clip,335,362,0,92.54143646408839,647.4070132789327,8032.6425721645355
1774340652.6866117,job_done,cagrad:coord:train.grad_clip,336,362,0,92.81767955801105,621.5873785529818,8032.8215074539185
1774340781.7054083,job_done,cagrad:coord:train.grad_clip,337,362,0,93.0939226519337,605.4777654943551,8161.840278863907
1774340798.6699936,job_done,cagrad:coord:train.grad_clip,338,362,0,93.37016574585635,580.7435129549376,8178.804474115372
1774340826.440183,job_done,cagrad:coord:train.grad_clip,339,362,0,93.646408839779,556.7873367848298,8206.561181306839
1774340829.5035481,job_done,cagrad:coord:train.grad_clip,340,362,0,93.92265193370166,531.2118872810812,8209.638257980347
1774340829.8331041,job_done,cagrad:coord:train.grad_clip,341,362,0,94.1988950276243,505.59919529436627,8209.967885494232
1774340829.8975856,job_done,cagrad:coord:train.grad_clip,342,362,0,94.47513812154696,480.11885595600506,8210.032436847687
1774340935.8397295,job_done,cagrad:coord:train.grad_clip,343,362,0,94.7513812154696,460.6516578371254,8315.974665164948
1774340956.515792,job_done,cagrad:coord:train.grad_clip,344,362,0,95.02762430939227,436.22009114193366,8336.65063071251
1774340994.7513638,job_done,cagrad:coord:train.grad_clip,345,362,0,95.30386740331491,412.67554907384124,8374.886142969131
1774341006.5089834,job_done,cagrad:coord:train.grad_clip,346,362,0,95.58011049723757,387.8216751297085,8386.643724679947
1774341007.175276,job_done,cagrad:coord:train.grad_clip,347,362,0,95.85635359116021,362.5638260793274,8387.309843301773
1774341007.5628154,job_done,cagrad:coord:train.grad_clip,348,362,0,96.13259668508287,337.4361143783591,8387.69770026207
1774341098.639468,job_done,cagrad:coord:train.grad_clip,349,362,0,96.40883977900552,315.82826899594085,8478.77429842949
1774341109.4679565,job_done,cagrad:coord:train.grad_clip,350,362,0,96.68508287292818,291.0720975085667,8489.602843999863
1774341149.6548252,job_done,cagrad:coord:train.grad_clip,351,362,0,96.96132596685082,267.31533938731224,8529.789465904236
1774341173.4279697,job_done,cagrad:coord:train.grad_clip,352,362,0,97.23756906077348,242.9989434710958,8553.562810182571
1774341177.7025535,job_done,cagrad:coord:train.grad_clip,353,362,0,97.51381215469613,218.1881332701394,8557.823449373245
1774341178.0499032,job_done,cagrad:coord:train.grad_clip,354,362,0,97.79005524861878,193.40530570078707,8558.184777259827
1774341253.4856915,job_done,cagrad:coord:train.grad_clip,355,362,0,98.06629834254143,170.24040512031235,8633.620545387268
1774341268.9463959,job_done,cagrad:coord:train.grad_clip,356,362,0,98.34254143646409,145.7710316676772,8649.08121228218
1774341302.4109135,job_done,cagrad:coord:train.grad_clip,357,362,0,98.61878453038673,121.60428334351013,8682.545830726624
1774341324.8186631,job_done,cagrad:coord:train.grad_clip,358,362,0,98.89502762430939,97.26205115877715,8704.953578710556
1774341337.363347,job_done,cagrad:coord:train.grad_clip,359,362,0,99.17127071823204,72.84817469950174,8717.498239040375
1774341338.1569552,job_done,cagrad:coord:train.grad_clip,360,362,0,99.4475138121547,48.43495452404022,8718.29181432724
1774341380.5840445,job_done,cagrad:coord:train.grad_clip,361,362,0,99.72375690607734,24.26788127191179,8760.705139160156
1774341392.5734112,job_done,cagrad:coord:train.grad_clip,362,362,0,100.0,,8772.708285093307
1774341392.5744536,group_end,cagrad:coord:train.grad_clip,362,362,0,100.0,,8772.709337949753
1774341392.5772934,phase_end,,362,362,0,100.0,,8772.709740400314
1774341393.4304342,lock_released,,362,362,0,100.0,,8773.565276622772
1774341393.43323,lock_wait,,362,362,0,100.0,,8773.568152189255
1774341393.433657,lock_acquired,,362,362,0,100.0,,8773.56859087944
1774341393.434009,plan_add,,362,400,0,90.5,920.9823754848037,8773.568945407867
1774341393.4343865,phase_start,cagrad:coord:method.baseline_cagrad.c,362,400,0,90.5,920.9824129257412,8773.569302082062
1774341406.2451644,group_slots,cagrad:coord:method.baseline_cagrad.c,362,400,0,90.5,922.327175399875,8786.379934072495
1774341406.245557,group_start,cagrad:coord:method.baseline_cagrad.c,362,400,0,90.5,922.3272306102415,8786.38046002388
1774341576.105435,job_done,cagrad:coord:method.baseline_cagrad.c,363,400,0,90.75,912.8950027762694,8956.24016237259
1774341585.330955,job_done,cagrad:coord:method.baseline_cagrad.c,364,400,0,91.0,886.6944187001867,8965.465789079666
1774341586.0265052,job_done,cagrad:coord:method.baseline_cagrad.c,365,400,0,91.25,859.768894793236,8966.161331415176
1774341586.1615403,job_done,cagrad:coord:method.baseline_cagrad.c,366,400,0,91.5,832.934621646756,8966.296221256256
1774341586.1634843,job_done,cagrad:coord:method.baseline_cagrad.c,367,400,0,91.75,806.2338397710785,8966.297551393509
1774341586.2605882,job_done,cagrad:coord:method.baseline_cagrad.c,368,400,0,92.0,779.6865537270255,8966.395367860794
1774341724.8377328,job_done,cagrad:coord:method.baseline_cagrad.c,369,400,0,92.25,764.9163951053206,9104.97257399559
1774341757.05839,job_done,cagrad:coord:method.baseline_cagrad.c,370,400,0,92.5,740.8535078925056,9137.193264007568
1774341761.5346158,job_done,cagrad:coord:method.baseline_cagrad.c,371,400,0,92.75,714.5779265213527,9141.669335842133
1774341762.0677898,job_done,cagrad:coord:method.baseline_cagrad.c,372,400,0,93.0,688.1227817458491,9142.202671766281
1774341762.3974032,job_done,cagrad:coord:method.baseline_cagrad.c,373,400,0,93.25,661.791877386717,9142.532232046127
1774341762.4612274,job_done,cagrad:coord:method.baseline_cagrad.c,374,400,0,93.5,635.581548092837,9142.596114873886
1774341884.385422,job_done,cagrad:coord:method.baseline_cagrad.c,375,400,0,93.75,617.6346834182739,9264.520251274109
1774341902.333735,job_done,cagrad:coord:method.baseline_cagrad.c,376,400,0,94.0,592.4979935402565,9282.46856546402
1774341931.9239337,job_done,cagrad:coord:method.baseline_cagrad.c,377,400,0,94.25,568.1096741134988,9312.058571338654
1774341932.7528558,job_done,cagrad:coord:method.baseline_cagrad.c,378,400,0,94.5,542.0199178728477,9312.887679815292
1774341933.3268995,job_done,cagrad:coord:method.baseline_cagrad.c,379,400,0,94.75,516.0493344644129,9313.46179819107
1774341933.454458,job_done,cagrad:coord:method.baseline_cagrad.c,380,400,0,95.0,490.18891205285723,9313.589329004288
1774342031.2066398,job_done,cagrad:coord:method.baseline_cagrad.c,381,400,0,95.25,469.33198550116674,9411.341393470764
1774342059.7953017,job_done,cagrad:coord:method.baseline_cagrad.c,382,400,0,95.5,444.8134609716725,9439.930116176605
1774342101.899157,job_done,cagrad:coord:method.baseline_cagrad.c,383,400,0,95.75,420.8735682528573,9482.033920049667
1774342104.3385727,job_done,cagrad:coord:method.baseline_cagrad.c,384,400,0,96.0,395.186381816864,9484.473163604736
1774342105.228101,job_done,cagrad:coord:method.baseline_cagrad.c,385,400,0,96.25,369.5595946962183,9485.36293053627
1774342105.7356737,job_done,cagrad:coord:method.baseline_cagrad.c,386,400,0,96.5,344.04711686885423,9485.870507955551
1774342187.7123723,job_done,cagrad:coord:method.baseline_cagrad.c,387,400,0,96.75,321.4005547383035,9567.847283363342
1774342217.8387997,job_done,cagrad:coord:method.baseline_cagrad.c,388,400,0,97.0,296.8445429334935,9597.973554849625
1774342271.6110928,job_done,cagrad:coord:method.baseline_cagrad.c,389,400,0,97.25,272.92854860631854,9651.7459461689
1774342279.6491807,job_done,cagrad:coord:method.baseline_cagrad.c,390,400,0,97.5,247.6867699806507,9659.784029245377
1774342281.221445,job_done,cagrad:coord:method.baseline_cagrad.c,391,400,0,97.75,222.38415611857343,9661.356115818024
1774342281.5738857,job_done,cagrad:coord:method.baseline_cagrad.c,392,400,0,98.0,197.17772999101754,9661.70876955986
1774342346.4186914,job_done,cagrad:coord:method.baseline_cagrad.c,393,400,0,98.25,173.24650066135496,9726.553537130356
1774342375.2689064,job_done,cagrad:coord:method.baseline_cagrad.c,394,400,0,98.5,148.5594482990691,9755.40377163887
1774342434.2036316,job_done,cagrad:coord:method.baseline_cagrad.c,395,400,0,98.75,124.23213031925732,9814.338295221329
1774342451.8349278,job_done,cagrad:coord:method.baseline_cagrad.c,396,400,0,99.0,99.31282613735007,9831.969787597656
1774342455.7710118,job_done,cagrad:coord:method.baseline_cagrad.c,397,400,0,99.25,74.32674512815115,9835.905938625336
1774342455.916857,job_done,cagrad:coord:method.baseline_cagrad.c,398,400,0,99.5,49.4273952659051,9836.051657915115
1774342490.7722983,job_done,cagrad:coord:method.baseline_cagrad.c,399,400,0,99.75,24.73911570367359,9870.907165765762
1774342506.9089751,job_done,cagrad:coord:method.baseline_cagrad.c,400,400,0,100.0,,9887.043842554092
1774342506.9098756,group_end,cagrad:coord:method.baseline_cagrad.c,400,400,0,100.0,,9887.044826984406
1774342506.9102263,phase_end,,400,400,0,100.0,,9887.045157670975
1774342507.701085,lock_released,,400,400,0,100.0,,9887.835979700089
1774342507.7039454,lock_wait,,400,400,0,100.0,,9887.838858604431
1774342507.7043638,lock_acquired,,400,400,0,100.0,,9887.83929514885
1774342507.704724,plan_add,,400,438,0,91.32420091324201,939.3447673761844,9887.839656591415
1774342507.7050807,phase_start,cagrad:coord:method.baseline_cagrad.inner_lr,400,438,0,91.32420091324201,939.3448017132282,9887.840018033981
1774342520.599761,group_slots,cagrad:coord:method.baseline_cagrad.inner_lr,400,438,0,91.32420091324201,940.5697813212871,9900.734540224075
1774342520.6001241,group_start,cagrad:coord:method.baseline_cagrad.inner_lr,400,438,0,91.32420091324201,940.5698304259777,9900.735057115555
1774342700.5324867,job_done,cagrad:coord:method.baseline_cagrad.inner_lr,401,438,0,91.55251141552512,930.1363725186584,10080.667172431946
1774342701.1894257,job_done,cagrad:coord:method.baseline_cagrad.inner_lr,402,438,0,91.78082191780823,902.8051567575825,10081.324250459671
1774342703.1521935,job_done,cagrad:coord:method.baseline_cagrad.inner_lr,403,438,0,92.00913242009132,875.7197169127595,10083.287026166916
1774342703.2674472,job_done,cagrad:coord:method.baseline_cagrad.inner_lr,404,438,0,92.23744292237443,848.6031608015003,10083.402263641357
1774342703.3745694,job_done,cagrad:coord:method.baseline_cagrad.inner_lr,405,438,0,92.46575342465754,821.6192819295106,10083.509369134903
1774342703.4878592,job_done,cagrad:coord:method.baseline_cagrad.inner_lr,406,438,0,92.69406392694064,794.7682938223402,10083.622727870941
1774342864.1970427,job_done,cagrad:coord:method.baseline_cagrad.inner_lr,407,438,0,92.92237442922375,780.2808104961451,10244.331931352615
1774342870.8473473,job_done,cagrad:coord:method.baseline_cagrad.inner_lr,408,438,0,93.15068493150685,753.7486902405234,10250.982187271118
1774342876.9173534,job_done,cagrad:coord:method.baseline_cagrad.inner_lr,409,438,0,93.37899543378995,727.2726467897373,10257.052156448364
1774342877.1857188,job_done,cagrad:coord:method.baseline_cagrad.inner_lr,410,438,0,93.60730593607306,700.4999390206685,10257.32053565979
1774342877.4755266,job_done,cagrad:coord:method.baseline_cagrad.inner_lr,411,438,0,93.83561643835617,673.8576150723617,10257.610362768173
1774342877.5334487,job_done,cagrad:coord:method.baseline_cagrad.inner_lr,412,438,0,94.06392694063926,647.3285841548327,10257.668333530426
1774343015.350191,job_done,cagrad:coord:method.baseline_cagrad.inner_lr,413,438,0,94.29223744292237,629.2666433942809,10395.48494887352
1774343022.4818618,job_done,cagrad:coord:method.baseline_cagrad.inner_lr,414,438,0,94.52054794520548,603.0494085394818,10402.60229730606
1774343046.9134018,job_done,cagrad:coord:method.baseline_cagrad.inner_lr,415,438,0,94.74885844748859,577.8838411664389,10427.03452539444
1774343050.179392,job_done,cagrad:coord:method.baseline_cagrad.inner_lr,416,438,0,94.9771689497717,551.6031578928232,10430.31425833702
1774343050.7196577,job_done,cagrad:coord:method.baseline_cagrad.inner_lr,417,438,0,95.20547945205479,525.2948315623853,10430.85451245308
1774343050.7741852,job_done,cagrad:coord:method.baseline_cagrad.inner_lr,418,438,0,95.4337899543379,499.08656301680935,10430.909167051315
1774343176.4992301,job_done,cagrad:coord:method.baseline_cagrad.inner_lr,419,438,0,95.662100456621,478.70177114550427,10556.633795261383
1774343178.4424016,job_done,cagrad:coord:method.baseline_cagrad.inner_lr,420,438,0,95.89041095890411,452.51045218195236,10558.577217578888
1774343202.7740736,job_done,cagrad:coord:method.baseline_cagrad.inner_lr,421,438,0,96.11872146118722,427.3383637873407,10582.908891439438
1774343222.22616,job_done,cagrad:coord:method.baseline_cagrad.inner_lr,422,438,0,96.34703196347031,401.98524953290746,10602.360956430435
1774343223.2058432,job_done,cagrad:coord:method.baseline_cagrad.inner_lr,423,438,0,96.57534246575342,376.0049870758192,10603.340635538101
1774343223.2675364,job_done,cagrad:coord:method.baseline_cagrad.inner_lr,424,438,0,96.80365296803653,350.11234591592034,10603.40247631073
1774343348.1630325,job_done,cagrad:coord:method.baseline_cagrad.inner_lr,425,438,0,97.03196347031964,328.1596997182509,10728.297875404358
1774343349.0238612,job_done,cagrad:coord:method.baseline_cagrad.inner_lr,426,438,0,97.26027397260275,302.22982440196296,10729.158766269684
1774343353.6341972,job_done,cagrad:coord:method.baseline_cagrad.inner_lr,427,438,0,97.48858447488584,276.5139568991069,10733.769054174423
1774343394.9296668,job_done,cagrad:coord:method.baseline_cagrad.inner_lr,428,438,0,97.71689497716895,251.75384197836726,10775.064436674118
1774343396.9968185,job_done,cagrad:coord:method.baseline_cagrad.inner_lr,429,438,0,97.94520547945206,226.09365953932274,10777.131104707718
1774343397.3318198,job_done,cagrad:coord:method.baseline_cagrad.inner_lr,430,438,0,98.17351598173516,200.5110091275947,10777.466740608215
1774343525.3345983,job_done,cagrad:coord:method.baseline_cagrad.inner_lr,431,438,0,98.40182648401826,177.11899387144987,10905.46947979927
1774343529.6775331,job_done,cagrad:coord:method.baseline_cagrad.inner_lr,432,438,0,98.63013698630137,151.5251721640428,10909.812395811081
1774343529.8506885,job_done,cagrad:coord:method.baseline_cagrad.inner_lr,433,438,0,98.85844748858447,125.98135732062696,10909.985543966293
1774343562.837947,job_done,cagrad:coord:method.baseline_cagrad.inner_lr,434,438,0,99.08675799086758,100.85689211331204,10942.972794294357
1774343570.0002785,job_done,cagrad:coord:method.baseline_cagrad.inner_lr,435,438,0,99.31506849315069,75.51817357951198,10950.135169029236
1774343570.5604131,job_done,cagrad:coord:method.baseline_cagrad.inner_lr,436,438,0,99.54337899543378,50.23254638418145,10950.695111751556
1774343641.874822,job_done,cagrad:coord:method.baseline_cagrad.inner_lr,437,438,0,99.77168949771689,25.221990104670926,11022.009675741196
1774343645.0035021,job_done,cagrad:coord:method.baseline_cagrad.inner_lr,438,438,0,100.0,,11025.138277053833
1774343645.017942,group_end,cagrad:coord:method.baseline_cagrad.inner_lr,438,438,0,100.0,,11025.139514923096
1774343645.018379,phase_end,,438,438,0,100.0,,11025.153243541718
1774343645.9962237,lock_released,,438,438,0,100.0,,11026.131110191345
1774343646.0000942,lock_wait,,438,438,0,100.0,,11026.135014295578
1774343646.00054,lock_acquired,,438,438,0,100.0,,11026.135451078415
1774343646.0009098,plan_add,,438,492,0,89.02439024390245,1359.3866100507241,11026.135837078094
1774343646.0012782,phase_start,cagrad:local_var_topk,438,492,0,89.02439024390245,1359.3866559054754,11026.136209011078
1774343658.7459536,group_slots,cagrad:local_var_topk,438,492,0,89.02439024390245,1360.9578964742896,11038.880715847015
1774343658.7463431,group_start,cagrad:local_var_topk,438,492,0,89.02439024390245,1360.9579628461029,11038.881254196167
1774343841.783638,job_done,cagrad:local_var_topk,439,492,0,89.22764227642277,1354.8102074967428,11221.918511152267
1774343843.4064727,job_done,cagrad:local_var_topk,440,492,0,89.4308943089431,1326.4185027404264,11223.541177034378
1774343844.263236,job_done,cagrad:local_var_topk,441,492,0,89.63414634146342,1298.0596308610877,11224.3979845047
1774343844.510386,job_done,cagrad:local_var_topk,442,492,0,89.83739837398375,1269.7562385198758,11224.645148515701
1774343844.8211098,job_done,cagrad:local_var_topk,443,492,0,90.04065040650407,1241.586521031894,11224.955690145493
1774343844.82153,job_done,cagrad:local_var_topk,444,492,0,90.2439024390244,1213.508811306309,11224.956504583359
1774343998.0705838,job_done,cagrad:local_var_topk,445,492,0,90.44715447154472,1201.743036882529,11378.205349206924
1774344012.7460501,job_done,cagrad:local_var_topk,446,492,0,90.65040650406505,1175.0505030914273,11392.880964756012
1774344018.5833073,job_done,cagrad:local_var_topk,447,492,0,90.85365853658537,1147.5219636315467,11398.718172073364
1774344018.6882591,job_done,cagrad:local_var_topk,448,492,0,91.0569105691057,1119.5270696048226,11398.821072340012
1774344018.99578,job_done,cagrad:local_var_topk,449,492,0,91.26016260162602,1091.6762067809668,11399.130624294281
1774344019.082738,job_done,cagrad:local_var_topk,450,492,0,91.46341463414635,1063.9269767443338,11399.217607975006
1774344149.0102465,job_done,cagrad:local_var_topk,451,492,0,91.66666666666667,1048.1040996854956,11529.145096540451
1774344162.5123637,job_done,cagrad:local_var_topk,452,492,0,91.869918699187,1021.4732017770277,11542.647180080414
1774344188.8294158,job_done,cagrad:local_var_topk,453,492,0,92.07317073170732,996.0035432932392,11568.964233636856
1774344191.3166728,job_done,cagrad:local_var_topk,454,492,0,92.27642276422765,968.5355928101728,11571.45155620575
1774344191.5995102,job_done,cagrad:local_var_topk,455,492,0,92.47967479674797,940.9981766297267,11571.734334230423
1774344191.741741,job_done,cagrad:local_var_topk,456,492,0,92.6829268292683,913.5692065075824,11571.87661576271
1774344314.3120432,job_done,cagrad:local_var_topk,457,492,0,92.88617886178862,895.6359775269841,11694.44690656662
1774344316.7985103,job_done,cagrad:local_var_topk,458,492,0,93.08943089430895,868.3312977932426,11696.933364391327
1774344345.396359,job_done,cagrad:local_var_topk,459,492,0,93.29268292682927,843.012044739879,11725.53116774559
1774344367.2258198,job_done,cagrad:local_var_topk,460,492,0,93.4959349593496,817.2077015254808,11747.360709428787
1774344367.5173721,job_done,cagrad:local_var_topk,461,492,0,93.69918699186992,789.9722791064587,11747.652279615402
1774344367.689872,job_done,cagrad:local_var_topk,462,492,0,93.90243902439025,762.8457651819502,11747.824783802032
1774344481.9996848,job_done,cagrad:local_var_topk,463,492,0,94.10569105691057,742.9846612011639,11862.134418487549
1774344488.4255524,job_done,cagrad:local_var_topk,464,492,0,94.3089430894309,716.2062302581196,11868.560387134552
1774344496.0762606,job_done,cagrad:local_var_topk,465,492,0,94.51219512195122,689.5864528148405,11876.211131811142
1774344542.9278684,job_done,cagrad:local_var_topk,466,492,0,94.71544715447155,665.2352610013004,11923.062754869461
1774344543.4766686,job_done,cagrad:local_var_topk,467,492,0,94.91869918699187,638.3089738560948,11923.611631631851
1774344543.742767,job_done,cagrad:local_var_topk,468,492,0,95.1219512195122,611.4808991750082,11923.877533912659
1774344645.8375487,job_done,cagrad:local_var_topk,469,492,0,95.32520325203252,589.7598371302396,12025.972331047058
1774344649.7849479,job_done,cagrad:local_var_topk,470,492,0,95.52845528455285,563.1026251772618,12029.919719696045
1774344661.4688728,job_done,cagrad:local_var_topk,471,492,0,95.73170731707317,536.8867913902185,12041.603749752045
1774344726.7157094,job_done,cagrad:local_var_topk,472,492,0,95.9349593495935,513.0021364608053,12106.850420475006
1774344727.467956,job_done,cagrad:local_var_topk,473,492,0,96.13821138211382,486.3519126602761,12107.602878332138
1774344727.5359519,job_done,cagrad:local_var_topk,474,492,0,96.34146341463415,459.7849725469758,12107.67094373703
1774344811.2389026,job_done,cagrad:local_var_topk,475,492,0,96.54471544715447,436.32285021229796,12191.373755931854
1774344820.9045913,job_done,cagrad:local_var_topk,476,492,0,96.7479674796748,410.11897041416967,12201.039369821548
1774344825.4649951,job_done,cagrad:local_var_topk,477,492,0,96.95121951219512,383.82345396767624,12205.585836172104
1774344897.9600623,job_done,cagrad:local_var_topk,478,492,0,97.15447154471545,359.6094749213263,12278.09492945671
1774344899.712181,job_done,cagrad:local_var_topk,479,492,0,97.35772357723577,333.2735104008358,12279.84703707695
1774344900.0778723,job_done,cagrad:local_var_topk,480,492,0,97.5609756097561,307.0053193092346,12280.212772369385
1774344969.7036803,job_done,cagrad:local_var_topk,481,492,0,97.76422764227642,282.4287417083669,12349.838614702225
1774344976.6369598,job_done,cagrad:local_var_topk,482,492,0,97.96747967479675,256.3645601074725,12356.771797180176
1774344980.821764,job_done,cagrad:local_var_topk,483,492,0,98.17073170731707,230.3281251317966,12360.942715406418
1774345059.9261942,job_done,cagrad:local_var_topk,484,492,0,98.3739837398374,205.62084211790855,12440.060948133469
1774345065.900079,job_done,cagrad:local_var_topk,485,492,0,98.57723577235772,179.63349366630476,12446.034918308258
1774345065.9891908,job_done,cagrad:local_var_topk,486,492,0,98.78048780487805,153.65585279170378,12446.124076128006
1774345119.7435594,job_done,cagrad:local_var_topk,487,492,0,98.98373983739837,128.33550704822895,12499.878386497498
1774345137.1860495,job_done,cagrad:local_var_topk,488,492,0,99.1869918699187,102.60099130380348,12517.320939064026
1774345138.3360546,job_done,cagrad:local_var_topk,489,492,0,99.39024390243902,76.8004353397463,12518.470960378647
1774345196.9589322,job_done,cagrad:local_var_topk,490,492,0,99.59349593495935,51.33507659873184,12577.0937666893
1774345207.9570026,job_done,cagrad:local_var_topk,491,492,0,99.79674796747967,25.63766167120147,12588.091880559921
1774345208.1477435,job_done,cagrad:local_var_topk,492,492,0,100.0,,12588.282615661621
1774345208.1484475,group_end,cagrad:local_var_topk,492,492,0,100.0,,12588.283333063126
1774345208.148778,phase_end,,492,492,0,100.0,,12588.283719301224
1774345209.0487928,lock_released,,492,492,0,100.0,,12589.183005809784
1774345209.0663102,method_done,,492,492,0,100.0,,12589.201238632202
1774345209.066689,method_start,,492,492,0,100.0,,12589.201622486115
1774345209.067157,lock_wait,,492,492,0,100.0,,12589.20208287239
1774345209.0675576,lock_acquired,,492,492,0,100.0,,12589.202491998672
1774345209.0679183,lock_released,,492,492,0,100.0,,12589.202858924866
1774345209.0698562,lock_wait,,492,492,0,100.0,,12589.204771757126
1774345209.070247,lock_acquired,,492,492,0,100.0,,12589.205179929733
1774345209.0706255,plan_add,,492,540,0,91.11111111111111,1228.2151755123605,12589.205549001694
1774345209.070987,phase_start,ours:coord:train.lr,492,540,0,91.11111111111111,1228.2152118682861,12589.205921649933
1774345220.767875,group_slots,ours:coord:train.lr,492,540,0,91.11111111111111,1229.3563656690644,12600.90274810791
1774345220.7681413,group_start,ours:coord:train.lr,492,540,0,91.11111111111111,1229.3564042579837,12600.903143644333
1774345352.18993,job_done,ours:coord:train.lr,493,540,0,91.29629629629629,1213.8321785636656,12732.324766635895
1774345352.2541513,job_done,ours:coord:train.lr,494,540,0,91.48148148148148,1185.607079107269,12732.389066934586
1774345356.1264794,job_done,ours:coord:train.lr,495,540,0,91.66666666666667,1157.8419281352649,12736.261209487915
1774345356.265764,job_done,ours:coord:train.lr,496,540,0,91.85185185185185,1129.8419819378082,12736.400523662567
1774345356.4151711,job_done,ours:coord:train.lr,497,540,0,92.03703703703704,1101.9550259895248,12736.549951553345
1774345356.490036,job_done,ours:coord:train.lr,498,540,0,92.22222222222223,1074.1731777708214,12736.62482213974
1774345476.8817415,job_done,ours:coord:train.lr,499,540,0,92.4074074074074,1056.3881389941864,12857.01661849022
1774345477.5495336,job_done,ours:coord:train.lr,500,540,0,92.5925925925926,1028.6147604751586,12857.684505939484
1774345488.8781216,job_done,ours:coord:train.lr,501,540,0,92.77777777777777,1001.7794066503376,12869.012377738953
1774345489.4997468,job_done,ours:coord:train.lr,502,540,0,92.96296296296296,974.1954519900667,12869.634655237198
1774345489.9882295,job_done,ours:coord:train.lr,503,540,0,93.14814814814815,946.7088588786646,12870.123135566711
1774345490.0682397,job_done,ours:coord:train.lr,504,540,0,93.33333333333333,919.3002203873225,12870.203085422516
1774345599.669132,job_done,ours:coord:train.lr,505,540,0,93.51851851851852,899.5894081191262,12979.790031433105
1774345600.5101972,job_done,ours:coord:train.lr,506,540,0,93.70370370370371,872.2172513451029,12980.64497590065
1774345619.2331903,job_done,ours:coord:train.lr,507,540,0,93.88888888888889,846.1127092542027,12999.367987632751
1774345620.6563556,job_done,ours:coord:train.lr,508,540,0,94.07407407407408,818.9474734509084,13000.791141033173
1774345622.0477471,job_done,ours:coord:train.lr,509,540,0,94.25925925925925,791.8814564341412,13002.182623386383
1774345622.1223907,job_done,ours:coord:train.lr,510,540,0,94.44444444444444,764.8386569163379,13002.257167577744
1774345723.5272024,job_done,ours:coord:train.lr,511,540,0,94.62962962962963,743.6520246278983,13103.661537408829
1774345724.579186,job_done,ours:coord:train.lr,512,540,0,94.81481481481481,716.6640448924154,13104.713963747025
1774345748.547933,job_done,ours:coord:train.lr,513,540,0,95.0,690.9832995816281,13128.682692050934
1774345750.9398658,job_done,ours:coord:train.lr,514,540,0,95.18518518518519,664.2177850968179,13131.074674606323
1774345753.8032336,job_done,ours:coord:train.lr,515,540,0,95.37037037037037,637.5698106612973,13133.938099622726
1774345753.9262187,job_done,ours:coord:train.lr,516,540,0,95.55555555555556,610.8865672932114,13134.061196804047
1774345848.1833038,job_done,ours:coord:train.lr,517,540,0,95.74074074074075,588.4937661026156,13228.31639456749
1774345849.2979755,job_done,ours:coord:train.lr,518,540,0,95.92592592592592,561.8678005367633,13229.43275809288
1774345877.1447833,job_done,ours:coord:train.lr,519,540,0,96.11111111111111,536.4217196806318,13257.279643535614
1774345880.8572373,job_done,ours:coord:train.lr,520,540,0,96.29629629629629,510.0381577381721,13260.992101192474
1774345884.327361,job_done,ours:coord:train.lr,521,540,0,96.48148148148148,483.7327820925246,13264.462077379227
1774345884.4637747,job_done,ours:coord:train.lr,522,540,0,96.66666666666667,457.3999539572617,13264.59866476059
1774345977.718854,job_done,ours:coord:train.lr,523,540,0,96.85185185185185,434.1940961349079,13357.853663444519
1774345978.4164963,job_done,ours:coord:train.lr,524,540,0,97.03703703703704,407.89469695637246,13358.551325321198
1774346000.803179,job_done,ours:coord:train.lr,525,540,0,97.22222222222223,382.31251554489137,13380.938044071198
1774346006.8302498,job_done,ours:coord:train.lr,526,540,0,97.4074074074074,356.30705625022773,13386.965113401413
1774346015.2446783,job_done,ours:coord:train.lr,527,540,0,97.5925925925926,330.4363092018938,13395.379611492157
1774346015.7597332,job_done,ours:coord:train.lr,528,540,0,97.77777777777777,304.4521527452902,13395.89472079277
1774346107.7369258,job_done,ours:coord:train.lr,529,540,0,97.96296296296296,280.4661375768694,13487.871525287628
1774346108.7848403,job_done,ours:coord:train.lr,530,540,0,98.14814814814815,254.5079136074714,13488.919421195984
1774346125.976722,job_done,ours:coord:train.lr,531,540,0,98.33333333333333,228.91714342973998,13506.11146235466
1774346131.9538941,job_done,ours:coord:train.lr,532,540,0,98.51851851851852,203.18930446653437,13512.088747024536
1774346145.566362,job_done,ours:coord:train.lr,533,540,0,98.70370370370371,177.635851317454,13525.701250314713
1774346146.5191426,job_done,ours:coord:train.lr,534,540,0,98.88888888888889,151.9848747521304,13526.653852939606
1774346238.0301156,job_done,ours:coord:train.lr,535,540,0,99.07407407407408,127.2725701666324,13618.165007829666
1774346238.982534,job_done,ours:coord:train.lr,536,540,0,99.25925925925925,101.63520465857947,13619.117424249649
1774346249.2687051,job_done,ours:coord:train.lr,537,540,0,99.44444444444444,76.14191934649504,13629.403563022614
1774346253.1259,job_done,ours:coord:train.lr,538,540,0,99.62962962962963,50.68126676428274,13633.260759592056
1774346260.133613,job_done,ours:coord:train.lr,539,540,0,99.81481481481481,25.30662009136575,13640.26822924614
1774346260.3002813,job_done,ours:coord:train.lr,540,540,0,100.0,,13640.435277938843
1774346260.3009121,group_end,ours:coord:train.lr,540,540,0,100.0,,13640.435750484467
1774346260.3011193,phase_end,,540,540,0,100.0,,13640.436145305634
1774346261.0982773,lock_released,,540,540,0,100.0,,13641.23305273056
1774346261.101582,lock_wait,,540,540,0,100.0,,13641.236502170563
1774346261.1020055,lock_acquired,,540,540,0,100.0,,13641.236941099167
1774346261.1023774,plan_add,,540,588,0,91.83673469387755,1212.5544265958997,13641.237299203873
1774346261.102745,phase_start,ours:coord:train.weight_decay,540,588,0,91.83673469387755,1212.5544606314766,13641.23768210411
1774346273.0793927,group_slots,ours:coord:train.weight_decay,540,588,0,91.83673469387755,1213.6190446853636,13653.214252710342
1774346273.0796745,group_start,ours:coord:train.weight_decay,540,588,0,91.83673469387755,1213.6190818998548,13653.214671373367
1774346402.2987585,job_done,ours:coord:train.weight_decay,541,588,0,92.00680272108843,1197.364837299213,13782.433552742004
1774346410.2674,job_done,ours:coord:train.weight_decay,542,588,0,92.17687074829932,1170.403143155179,13790.402251958847
1774346410.4033878,job_done,ours:coord:train.weight_decay,543,588,0,92.34693877551021,1142.8622760298504,13790.538130760193
1774346411.2393203,job_done,ours:coord:train.weight_decay,544,588,0,92.51700680272108,1115.478787304724,13791.374097585678
1774346411.3085074,job_done,ours:coord:train.weight_decay,545,588,0,92.68707482993197,1088.1322255703287,13791.44332408905
1774346411.3836148,job_done,ours:coord:train.weight_decay,546,588,0,92.85714285714286,1060.8860348371359,13791.518452882767
1774346518.5124032,job_done,ours:coord:train.weight_decay,547,588,0,93.02721088435374,1041.7633152021133,13898.647156476974
1774346542.2730334,job_done,ours:coord:train.weight_decay,548,588,0,93.19727891156462,1016.2341543531766,13922.40791463852
1774346542.5502577,job_done,ours:coord:train.weight_decay,549,588,0,93.36734693877551,989.0432027128877,13922.685084342957
1774346544.756804,job_done,ours:coord:train.weight_decay,550,588,0,93.5374149659864,962.0834205350009,13924.891613006592
1774346545.082305,job_done,ours:coord:train.weight_decay,551,588,0,93.70748299319727,935.0871732135433,13925.217092990875
1774346545.2247899,job_done,ours:coord:train.weight_decay,552,588,0,93.87755102040816,908.1756203537401,13925.359512090683
1774346637.0857303,job_done,ours:coord:train.weight_decay,553,588,0,94.04761904761905,887.1658605714387,14017.220597028732
1774346670.2789938,job_done,ours:coord:train.weight_decay,554,588,0,94.21768707482993,862.2997682886433,14050.413871526718
1774346670.942727,job_done,ours:coord:train.weight_decay,555,588,0,94.38775510204081,835.4694847313133,14051.077697753906
1774346677.377807,job_done,ours:coord:train.weight_decay,556,588,0,94.5578231292517,809.0654761774076,14057.512648582458
1774346677.4987054,job_done,ours:coord:train.weight_decay,557,588,0,94.72789115646259,782.3817653497631,14057.63365483284
1774346677.564255,job_done,ours:coord:train.weight_decay,558,588,0,94.89795918367346,755.7902798473194,14057.699205160141
1774346762.1926212,job_done,ours:coord:train.weight_decay,559,588,0,95.06802721088435,733.6806674890739,14142.327349185944
1774346794.8309352,job_done,ours:coord:train.weight_decay,560,588,0,95.23809523809524,708.7482891917228,14174.965783834457
1774346796.6854308,job_done,ours:coord:train.weight_decay,561,588,0,95.40816326530613,682.3068557831056,14176.820225715637
1774346809.4492173,job_done,ours:coord:train.weight_decay,562,588,0,95.578231292517,656.4576229573993,14189.584003925323
1774346809.8517473,job_done,ours:coord:train.weight_decay,563,588,0,95.74829931972789,630.1059777635029,14189.986619234085
1774346810.003708,job_done,ours:coord:train.weight_decay,564,588,0,95.91836734693878,603.8356854256162,14190.138607501984
1774346887.472683,job_done,ours:coord:train.weight_decay,565,588,0,96.08843537414965,580.8052641805294,14267.607576608658
1774346921.2322204,job_done,ours:coord:train.weight_decay,566,588,0,96.25850340136054,555.8835226941867,14301.36699295044
1774346923.0282025,job_done,ours:coord:train.weight_decay,567,588,0,96.42857142857143,529.7467806250961,14303.163076877594
1774346940.4460394,job_done,ours:coord:train.weight_decay,568,588,0,96.59863945578232,504.24580821688744,14320.580953359604
1774346940.86708,job_done,ours:coord:train.weight_decay,569,588,0,96.7687074829932,478.2056923285519,14321.002049207687
1774346941.166827,job_done,ours:coord:train.weight_decay,570,588,0,96.93877551020408,452.25163118964747,14321.301654338837
1774347011.9037125,job_done,ours:coord:train.weight_decay,571,588,0,97.10884353741497,428.4845116192739,14392.03859615326
1774347047.688303,job_done,ours:coord:train.weight_decay,572,588,0,97.27891156462584,403.5754739587957,14427.823194026947
1774347049.4129333,job_done,ours:coord:train.weight_decay,573,588,0,97.44897959183673,377.73685047139674,14429.547688007355
1774347071.9979682,job_done,ours:coord:train.weight_decay,574,588,0,97.61904761904762,352.49104642286534,14452.132903337479
1774347072.1498425,job_done,ours:coord:train.weight_decay,575,588,0,97.78911564625851,326.7473070837104,14452.284736394882
1774347072.41157,job_done,ours:coord:train.weight_decay,576,588,0,97.95918367346938,301.09471976260346,14452.546548604965
1774347136.246095,job_done,ours:coord:train.weight_decay,577,588,0,98.12925170068027,276.7420961513883,14516.380861759186
1774347173.5599387,job_done,ours:coord:train.weight_decay,578,588,0,98.29931972789116,251.79402680545527,14553.694749355316
1774347175.7574644,job_done,ours:coord:train.weight_decay,579,588,0,98.46938775510205,226.2573920358648,14555.892220973969
1774347203.332709,job_done,ours:coord:train.weight_decay,580,588,0,98.63945578231292,201.15127769338676,14583.467632770538
1774347203.6044471,job_done,ours:coord:train.weight_decay,581,588,0,98.80952380952381,175.70770191284547,14583.739258766174
1774347203.669971,job_done,ours:coord:train.weight_decay,582,588,0,98.9795918367347,150.34850369777877,14583.80485868454
1774347261.0382836,job_done,ours:coord:train.weight_decay,583,588,0,99.14965986394557,125.56752263170573,14641.173138856888
1774347293.7323718,job_done,ours:coord:train.weight_decay,584,588,0,99.31972789115646,100.50593951140365,14673.867168664932
1774347296.0376062,job_done,ours:coord:train.weight_decay,585,588,0,99.48979591836735,75.26242236479735,14676.172361135483
1774347314.0120463,job_done,ours:coord:train.weight_decay,586,588,0,99.65986394557824,50.15067221198879,14694.146958112717
1774347314.466899,job_done,ours:coord:train.weight_decay,587,588,0,99.82993197278911,25.033393342409667,14694.601891994476
1774347314.5484998,job_done,ours:coord:train.weight_decay,588,588,0,100.0,,14694.683352708817
1774347314.549209,group_end,ours:coord:train.weight_decay,588,588,0,100.0,,14694.68410563469
1774347314.5495815,phase_end,,588,588,0,100.0,,14694.684502363205
1774347315.2805355,lock_released,,588,588,0,100.0,,14695.415395498276
1774347315.2838366,lock_wait,,588,588,0,100.0,,14695.418758869171
1774347315.284241,lock_acquired,,588,588,0,100.0,,14695.419184446335
1774347315.284616,plan_add,,588,636,0,92.45283018867924,1199.6260858068663,14695.41955113411
1774347315.2849672,phase_start,ours:coord:train.grad_clip,588,636,0,92.45283018867924,1199.626115000978,14695.419908761978
1774347327.0837336,group_slots,ours:coord:train.grad_clip,588,636,0,92.45283018867924,1200.5892739977155,14707.218606472015
1774347327.083995,group_start,ours:coord:train.grad_clip,588,636,0,92.45283018867924,1200.5893061307013,14707.21900010109
1774347463.8066254,job_done,ours:coord:train.grad_clip,589,636,0,92.61006289308176,1184.4910815154758,14843.941425800323
1774347465.2192655,job_done,ours:coord:train.grad_clip,590,636,0,92.76729559748428,1157.4342544369779,14845.352393865585
1774347466.2295563,job_done,ours:coord:train.grad_clip,591,636,0,92.9245283018868,1130.4338298775822,14846.364299058914
1774347466.46123,job_done,ours:coord:train.grad_clip,592,636,0,93.08176100628931,1103.4632320017427,14846.596212387085
1774347466.587017,job_done,ours:coord:train.grad_clip,593,636,0,93.23899371069183,1076.575114863719,14846.721932888031
1774347466.648771,job_done,ours:coord:train.grad_clip,594,636,0,93.39622641509433,1049.772580026376,14846.783631801605
1774347591.6765027,job_done,ours:coord:train.grad_clip,595,636,0,93.55345911949685,1031.6710328290442,14971.811330080032
1774347596.2309608,job_done,ours:coord:train.grad_clip,596,636,0,93.71069182389937,1005.1242867412184,14976.351872444153
1774347598.6374784,job_done,ours:coord:train.grad_clip,597,636,0,93.86792452830188,978.5127633792072,14978.772300958633
1774347599.9628506,job_done,ours:coord:train.grad_clip,598,636,0,94.0251572327044,951.9125632625758,14980.097706079483
1774347600.1028583,job_done,ours:coord:train.grad_clip,599,636,0,94.18238993710692,925.3235294209895,14980.23767900467
1774347600.215542,job_done,ours:coord:train.grad_clip,600,636,0,94.33962264150944,898.8210249710082,14980.350416183472
1774347710.9251728,job_done,ours:coord:train.grad_clip,601,636,0,94.49685534591195,878.8470912515224,15091.060052633286
1774347723.274184,job_done,ours:coord:train.grad_clip,602,636,0,94.65408805031447,853.016457851543,15103.409047842026
1774347729.1674993,job_done,ours:coord:train.grad_clip,603,636,0,94.81132075471699,826.8772372309841,15109.302243947983
1774347732.566511,job_done,ours:coord:train.grad_clip,604,636,0,94.96855345911949,800.6729207323087,15112.701378822327
1774347732.805938,job_done,ours:coord:train.grad_clip,605,636,0,95.12578616352201,774.3820912235038,15112.940812587738
1774347733.06246,job_done,ours:coord:train.grad_clip,606,636,0,95.28301886792453,748.1780835543528,15113.197287797928
1774347833.2375667,job_done,ours:coord:train.grad_clip,607,636,0,95.44025157232704,726.8332763264167,15213.372370004654
1774347846.4556198,job_done,ours:coord:train.grad_clip,608,636,0,95.59748427672956,701.2245561480522,15226.590362071991
1774347857.7032814,job_done,ours:coord:train.grad_clip,609,636,0,95.75471698113208,675.5691787057323,15237.838141918182
1774347864.3799932,job_done,ours:coord:train.grad_clip,610,636,0,95.9119496855346,649.7662089222767,15244.514901638031
1774347865.2342234,job_done,ours:coord:train.grad_clip,611,636,0,96.06918238993711,623.7876031090507,15245.369019985199
1774347865.2366922,job_done,ours:coord:train.grad_clip,612,636,0,96.22641509433963,597.8576761975007,15245.37074303627
1774347958.733955,job_done,ours:coord:train.grad_clip,613,636,0,96.38364779874213,575.5203646279471,15338.86884856224
1774347970.2746003,job_done,ours:coord:train.grad_clip,614,636,0,96.54088050314465,550.0146684227238,15350.409382343292
1774347983.3754575,job_done,ours:coord:train.grad_clip,615,636,0,96.69811320754717,524.6076664331483,15363.510231256485
1774347993.8612874,job_done,ours:coord:train.grad_clip,616,636,0,96.85534591194968,499.1557198530668,15373.996171474457
1774347997.6004522,job_done,ours:coord:train.grad_clip,617,636,0,97.0125786163522,473.5445209094346,15377.735231637955
1774347997.6650999,job_done,ours:coord:train.grad_clip,618,636,0,97.16981132075472,447.897088224448,15377.800029039383
1774348086.5244296,job_done,ours:coord:train.grad_clip,619,636,0,97.32704402515724,424.77092980953336,15466.659150123596
1774348095.7547405,job_done,ours:coord:train.grad_clip,620,636,0,97.48427672955975,399.37779715753373,15475.889639854431
1774348108.764194,job_done,ours:coord:train.grad_clip,621,636,0,97.64150943396227,374.1279956799199,15488.899021148682
1774348122.1548002,job_done,ours:coord:train.grad_clip,622,636,0,97.79874213836477,348.9258214998092,15502.275783777237
1774348128.814458,job_done,ours:coord:train.grad_clip,623,636,0,97.95597484276729,323.6217364457408,15508.94936966896
1774348129.0560007,job_done,ours:coord:train.grad_clip,624,636,0,98.11320754716981,298.2536712976602,15509.190907478333
1774348214.8397582,job_done,ours:coord:train.grad_clip,625,636,0,98.27044025157232,274.4715536453247,15594.974638938904
1774348222.1598473,job_done,ours:coord:train.grad_clip,626,636,0,98.42767295597484,249.2379346518471,15602.294709205627
1774348235.2268105,job_done,ours:coord:train.grad_clip,627,636,0,98.58490566037736,224.14394777585443,15615.361695051193
1774348250.0666134,job_done,ours:coord:train.grad_clip,628,636,0,98.74213836477988,199.1108468140766,15630.201474905014
1774348259.7113934,job_done,ours:coord:train.grad_clip,629,636,0,98.8993710691824,174.0521883016929,15639.832348823547
1774348259.939097,job_done,ours:coord:train.grad_clip,630,636,0,99.05660377358491,148.95308581079755,15640.074010133743
1774348343.2822113,job_done,ours:coord:train.grad_clip,631,636,0,99.21383647798743,124.59126041166,15723.417063951492
1774348350.9084744,job_done,ours:coord:train.grad_clip,632,636,0,99.37106918238993,99.56356457517117,15731.043202877045
1774348358.2044258,job_done,ours:coord:train.grad_clip,633,636,0,99.52830188679245,74.58928580532707,15738.339304924011
1774348366.5491784,job_done,ours:coord:train.grad_clip,634,636,0,99.68553459119497,49.674082127279284,15746.684034347534
1774348372.5433705,job_done,ours:coord:train.grad_clip,635,636,0,99.84276729559748,24.80736740104795,15752.678299665451
1774348372.6697602,job_done,ours:coord:train.grad_clip,636,636,0,100.0,,15752.804771661758
1774348372.6703906,group_end,ours:coord:train.grad_clip,636,636,0,100.0,,15752.80526471138
1774348372.6705685,phase_end,,636,636,0,100.0,,15752.805609464645
1774348373.4994729,lock_released,,636,636,0,100.0,,15753.634336948395
1774348373.5028076,lock_wait,,636,636,0,100.0,,15753.637723207474
1774348373.5032413,lock_acquired,,636,636,0,100.0,,15753.638157844543
1774348373.503624,plan_add,,636,684,0,92.98245614035088,1188.953852455571,15753.638545036316
1774348373.5039806,phase_start,ours:coord:method.ours.lambda_align,636,684,0,92.98245614035088,1188.9538801661079,15753.638912200928
1774348385.395227,group_slots,ours:coord:method.ours.lambda_align,636,684,0,92.98245614035088,1189.8513288138047,15765.530106782913
1774348385.3954995,group_start,ours:coord:method.ours.lambda_align,636,684,0,92.98245614035088,1189.8513588815365,15765.530505180359
1774348515.7864714,job_done,ours:coord:method.ours.lambda_align,637,684,0,93.12865497076024,1172.8544683254308,15895.921198368073
1774348523.883505,job_done,ours:coord:method.ours.lambda_align,638,684,0,93.27485380116958,1146.6846937430691,15904.01814365387
1774348524.0939698,job_done,ours:coord:method.ours.lambda_align,639,684,0,93.42105263157895,1120.0161036974948,15904.228672504425
1774348524.095041,job_done,ours:coord:method.ours.lambda_align,640,684,0,93.5672514619883,1093.4157913401723,15904.229692220688
1774348524.1612723,job_done,ours:coord:method.ours.lambda_align,641,684,0,93.71345029239767,1066.9028688916549,15904.296254873276
1774348524.2328274,job_done,ours:coord:method.ours.lambda_align,642,684,0,93.85964912280701,1040.472662058946,15904.367834329605
1774348629.6894934,job_done,ours:coord:method.ours.lambda_align,643,684,0,94.00584795321637,1020.8441629717547,16009.824311971664
1774348655.3633027,job_done,ours:coord:method.ours.lambda_align,644,684,0,94.15204678362574,995.993678747497,16035.498227834702
1774348658.2606053,job_done,ours:coord:method.ours.lambda_align,645,684,0,94.29824561403508,969.763443081878,16038.395404815674
1774348658.912361,job_done,ours:coord:method.ours.lambda_align,646,684,0,94.44444444444444,943.4733654330759,16039.04721236229
1774348659.019217,job_done,ours:coord:method.ours.lambda_align,647,684,0,94.5906432748538,917.2313833848402,16039.154190540314
1774348659.0935202,job_done,ours:coord:method.ours.lambda_align,648,684,0,94.73684210526316,891.068251185947,16039.228521347046
1774348748.8269675,job_done,ours:coord:method.ours.lambda_align,649,684,0,94.88304093567251,869.8207463744241,16128.961839914322
1774348780.4016995,job_done,ours:coord:method.ours.lambda_align,650,684,0,95.02923976608187,845.3203695832766,16160.536477327347
1774348788.6818902,job_done,ours:coord:method.ours.lambda_align,651,684,0,95.17543859649123,819.6174400907508,16168.816772699356
1774348791.8609633,job_done,ours:coord:method.ours.lambda_align,652,684,0,95.32163742690058,793.7175855461074,16171.995805501938
1774348792.3702502,job_done,ours:coord:method.ours.lambda_align,653,684,0,95.46783625730994,767.7605825744763,16172.50517487526
1774348792.3720436,job_done,ours:coord:method.ours.lambda_align,654,684,0,95.6140350877193,741.8580923496037,16172.50641322136
1774348875.3418782,job_done,ours:coord:method.ours.lambda_align,655,684,0,95.76023391812865,719.7081219600358,16255.476547718048
1774348902.293384,job_done,ours:coord:method.ours.lambda_align,656,684,0,95.90643274853801,694.9816887872976,16282.428137302399
1774348917.3863888,job_done,ours:coord:method.ours.lambda_align,657,684,0,96.05263157894737,669.761141920743,16297.521120071411
1774348922.680299,job_done,ours:coord:method.ours.lambda_align,658,684,0,96.19883040935673,644.1841800872315,16302.815019130707
1774348924.1793566,job_done,ours:coord:method.ours.lambda_align,659,684,0,96.34502923976608,618.5248139414692,16304.314095497131
1774348924.2467208,job_done,ours:coord:method.ours.lambda_align,660,684,0,96.49122807017544,592.8866020115939,16304.381555318832
1774349001.9649835,job_done,ours:coord:method.ours.lambda_align,661,684,0,96.6374269005848,570.0276782206075,16382.099795818329
1774349026.6281302,job_done,ours:coord:method.ours.lambda_align,662,684,0,96.78362573099415,545.2398542428665,16406.76288676262
1774349044.7283914,job_done,ours:coord:method.ours.lambda_align,663,684,0,96.9298245614035,520.2445328677942,16424.863109111786
1774349052.8221889,job_done,ours:coord:method.ours.lambda_align,664,684,0,97.07602339181287,494.9685853145209,16432.957032442093
1774349055.1658657,job_done,ours:coord:method.ours.lambda_align,665,684,0,97.22222222222223,469.58002080917356,16435.300728321075
1774349055.3144755,job_done,ours:coord:method.ours.lambda_align,666,684,0,97.36842105263158,444.2013326851098,16435.44930934906
1774349128.7811513,job_done,ours:coord:method.ours.lambda_align,667,684,0,97.51461988304094,420.766976144539,16508.91606402397
1774349152.214254,job_done,ours:coord:method.ours.lambda_align,668,684,0,97.6608187134503,395.98440783038114,16532.34902691841
1774349170.971207,job_done,ours:coord:method.ours.lambda_align,669,684,0,97.80701754385964,371.1010328322783,16551.10606431961
1774349182.6314402,job_done,ours:coord:method.ours.lambda_align,670,684,0,97.953216374269,346.08765355081704,16562.766277074814
1774349186.1234064,job_done,ours:coord:method.ours.lambda_align,671,684,0,98.09941520467837,320.95582341330595,16566.258270025253
1774349186.3756106,job_done,ours:coord:method.ours.lambda_align,672,684,0,98.24561403508773,295.8305435010365,16566.510436058044
1774349256.191277,job_done,ours:coord:method.ours.lambda_align,673,684,0,98.39181286549707,271.9161764601187,16636.326068878174
1774349278.5760283,job_done,ours:coord:method.ours.lambda_align,674,684,0,98.53801169590643,247.1618814885793,16658.710812330246
1774349297.8176014,job_done,ours:coord:method.ours.lambda_align,675,684,0,98.6842105263158,222.37269801457722,16677.952351093292
1774349311.729702,job_done,ours:coord:method.ours.lambda_align,676,684,0,98.83040935672514,197.53685727768396,16691.864439964294
1774349316.4933007,job_done,ours:coord:method.ours.lambda_align,677,684,0,98.9766081871345,172.63869535377142,16696.62810778618
1774349317.0772626,job_done,ours:coord:method.ours.lambda_align,678,684,0,99.12280701754386,147.76293850367048,16697.212050914764
1774349383.3842654,job_done,ours:coord:method.ours.lambda_align,679,684,0,99.26900584795321,123.4426019521806,16763.505345106125
1774349404.2160032,job_done,ours:coord:method.ours.lambda_align,680,684,0,99.41520467836257,98.73147554958568,16784.350843429565
1774349416.4511647,job_done,ours:coord:method.ours.lambda_align,681,684,0,99.56140350877193,73.9937706823391,16796.585944890976
1774349424.7486198,job_done,ours:coord:method.ours.lambda_align,682,684,0,99.70760233918129,49.2811831805713,16804.883464574814
1774349428.4604733,job_done,ours:coord:method.ours.lambda_align,683,684,0,99.85380116959064,24.6099287444292,16808.581332445145
1774349428.5861907,job_done,ours:coord:method.ours.lambda_align,684,684,0,100.0,,16808.721165180206
1774349428.5868301,group_end,ours:coord:method.ours.lambda_align,684,684,0,100.0,,16808.721710443497
1774349428.5870683,phase_end,,684,684,0,100.0,,16808.72207593918
1774349429.438189,lock_released,,684,684,0,100.0,,16809.572990894318
1774349429.442274,lock_wait,,684,684,0,100.0,,16809.577194690704
1774349429.4427135,lock_acquired,,684,684,0,100.0,,16809.57764315605
1774349429.443076,plan_add,,684,738,0,92.6829268292683,1327.071947994985,16809.578007936478
1774349429.443445,phase_start,ours:local_var_topk,684,738,0,92.6829268292683,1327.071976398167,16809.578367710114
1774349441.3851416,group_slots,ours:local_var_topk,684,738,0,92.6829268292683,1328.014730158605,16821.51991534233
1774349441.3855295,group_start,ours:local_var_topk,684,738,0,92.6829268292683,1328.0147713422775,16821.520437002182
1774349571.955902,job_done,ours:local_var_topk,685,738,0,92.81842818428184,1311.6216128032574,16952.0906560421
1774349577.8557978,job_done,ours:local_var_topk,686,738,0,92.95392953929539,1285.4453546118111,16957.990639686584
1774349578.2716413,job_done,ours:local_var_topk,687,738,0,93.08943089430895,1258.9210083099433,16958.40652370453
1774349579.1755853,job_done,ours:local_var_topk,688,738,0,93.22493224932249,1232.5080206401126,16959.31036400795
1774349579.243135,job_done,ours:local_var_topk,689,738,0,93.36043360433604,1206.1096081155824,16959.377959012985
1774349579.316507,job_done,ours:local_var_topk,690,738,0,93.4959349593496,1179.7879128663437,16959.45124745369
1774349691.547017,job_done,ours:local_var_topk,691,738,0,93.63143631436314,1161.1708306327741,17071.68178653717
1774349709.9598145,job_done,ours:local_var_topk,692,738,0,93.76693766937669,1136.0467550010349,17090.094662189484
1774349710.0677907,job_done,ours:local_var_topk,693,738,0,93.90243902439025,1109.753413958983,17090.202574968338
1774349712.2644527,job_done,ours:local_var_topk,694,738,0,94.03794037940379,1083.6679605475765,17092.3991959095
1774349712.7268965,job_done,ours:local_var_topk,695,738,0,94.17344173441734,1057.543967494004,17092.861800193787
1774349712.7890959,job_done,ours:local_var_topk,696,738,0,94.3089430894309,1031.469552373064,17092.92401075363
1774349808.6811836,job_done,ours:local_var_topk,697,738,0,94.44444444444444,1011.1068261651432,17188.816044807434
1774349841.0428188,job_done,ours:local_var_topk,698,738,0,94.57994579945799,986.8869752392045,17221.177717924118
1774349841.1813998,job_done,ours:local_var_topk,699,738,0,94.71544715447155,960.8459692257157,17221.316217660904
1774349844.1066253,job_done,ours:local_var_topk,700,738,0,94.8509485094851,935.0302501079015,17224.24144935608
1774349845.1621006,job_done,ours:local_var_topk,701,738,0,94.98644986449864,909.1811529294231,17225.296978473663
1774349845.3007436,job_done,ours:local_var_topk,702,738,0,95.1219512195122,883.3556736310323,17225.43563580513
1774349930.7043605,job_done,ours:local_var_topk,703,738,0,95.25745257452574,861.8483202657524,17310.839118480682
1774349969.751396,job_done,ours:local_var_topk,704,738,0,95.39295392953929,837.9206455085765,17349.886307001114
1774349969.9817648,job_done,ours:local_var_topk,705,738,0,95.52845528455285,812.1331245797746,17350.116752386093
1774349975.0606613,job_done,ours:local_var_topk,706,738,0,95.6639566395664,786.6377535271577,17355.195437192917
1774349976.8179958,job_done,ours:local_var_topk,707,738,0,95.79945799457994,761.054509442463,17356.952844381332
1774349976.9467275,job_done,ours:local_var_topk,708,738,0,95.9349593495935,735.4695579157037,17357.081566810608
1774350058.1245482,job_done,ours:local_var_topk,709,738,0,96.07046070460704,713.271540103073,17438.259377002716
1774350096.4691334,job_done,ours:local_var_topk,710,738,0,96.2059620596206,689.2181874234911,17476.604038238525
1774350097.7411118,job_done,ours:local_var_topk,711,738,0,96.34146341463415,663.716810323015,17477.87600517273
1774350105.0645437,job_done,ours:local_var_topk,712,738,0,96.4769647696477,638.5044685695948,17485.199293136597
1774350107.4116096,job_done,ours:local_var_topk,713,738,0,96.61246612466125,613.1678305200575,17487.546526432037
1774350107.4810913,job_done,ours:local_var_topk,714,738,0,96.7479674796748,587.8190261135583,17487.616026878357
1774350184.4394844,job_done,ours:local_var_topk,715,738,0,96.88346883468834,565.0142790270852,17564.57432627678
1774350223.225134,job_done,ours:local_var_topk,716,738,0,97.0189701897019,540.8853651105359,17603.36006450653
1774350225.3593936,job_done,ours:local_var_topk,717,738,0,97.15447154471545,515.6420910198818,17605.494250535965
1774350233.815042,job_done,ours:local_var_topk,718,738,0,97.289972899729,490.63927024187814,17613.949801683426
1774350237.851266,job_done,ours:local_var_topk,719,738,0,97.42547425474255,465.56569783909765,17617.986144542694
1774350237.929157,job_done,ours:local_var_topk,720,738,0,97.5609756097561,440.45160420536996,17618.064168214798
1774350311.2786572,job_done,ours:local_var_topk,721,738,0,97.69647696476964,417.13457368746214,17691.41338992119
1774350350.496033,job_done,ours:local_var_topk,722,738,0,97.8319783197832,392.9225690635618,17730.630928993225
1774350353.432786,job_done,ours:local_var_topk,723,738,0,97.96747967479675,367.9163417924984,17733.567674398422
1774350361.8575566,job_done,ours:local_var_topk,724,738,0,98.1029810298103,343.07720100221053,17741.992394685745
1774350367.9771495,job_done,ours:local_var_topk,725,738,0,98.23848238482385,318.24200713420737,17748.111936330795
1774350368.0967743,job_done,ours:local_var_topk,726,738,0,98.3739837398374,293.35919974461075,17748.23158454895
1774350438.3097048,job_done,ours:local_var_topk,727,738,0,98.50948509485094,269.6050738937425,17818.444429159164
1774350478.0776882,job_done,ours:local_var_topk,728,738,0,98.6449864498645,245.30511596045653,17858.212441921234
1774350481.7124352,job_done,ours:local_var_topk,729,738,0,98.78048780487805,220.51663302492213,17861.847275018692
1774350489.2461975,job_done,ours:local_var_topk,730,738,0,98.9159891598916,195.82883239119022,17869.380955696106
1774350498.0369885,job_done,ours:local_var_topk,731,738,0,99.05149051490515,171.2000029964421,17878.171741485596
1774350498.1250448,job_done,ours:local_var_topk,732,738,0,99.1869918699187,146.54311406026122,17878.259915351868
1774350566.1026807,job_done,ours:local_var_topk,733,738,0,99.32249322493224,122.41635451050118,17946.23757123947
1774350600.4033563,job_done,ours:local_var_topk,734,738,0,99.4579945799458,97.98658378637454,17980.53812479973
1774350603.7460387,job_done,ours:local_var_topk,735,738,0,99.59349593495935,73.40359563827515,17983.88093137741
1774350608.4507525,job_done,ours:local_var_topk,736,738,0,99.7289972899729,48.881988325844645,17988.571703910828
1774350612.9595897,job_done,ours:local_var_topk,737,738,0,99.86449864498645,24.413968097241636,17993.094487667084
1774350613.050119,job_done,ours:local_var_topk,738,738,0,100.0,,17993.185034036636
1774350613.0507162,group_end,ours:local_var_topk,738,738,0,100.0,,17993.185658693314
1774350613.0509171,phase_end,,738,738,0,100.0,,17993.185947179794
1774350613.7536125,lock_released,,738,738,0,100.0,,17993.888585805893
1774350613.7616339,method_done,,738,738,0,100.0,,17993.896680355072
1774350614.201722,method_start,,738,738,0,100.0,,17994.336737155914
1774350614.2023046,lock_wait,,738,738,0,100.0,,17994.337027072906
1774350614.2025373,lock_acquired,,738,738,0,100.0,,17994.33758211136
1774350614.202815,plan_add,,738,743,0,99.32705248990578,121.91285750891781,17994.33776831627
1774350614.2030115,phase_start,final:baseline,738,743,0,99.32705248990578,121.91285943274252,17994.338052272797
1774350626.0106308,group_slots,final:baseline,738,743,0,99.32705248990578,121.99285577467788,18006.145512342453
1774350626.0109134,group_start,final:baseline,738,743,0,99.32705248990578,121.99285848838527,18006.145912885666
1774351338.501391,job_done,final:baseline,739,743,0,99.46164199192464,101.31873457938312,18718.63621354103
1774351339.4800432,job_done,final:baseline,740,743,0,99.59623149394348,75.89033063650132,18719.61489033699
1774351340.8648925,job_done,final:baseline,741,743,0,99.73082099596232,50.529014202586396,18720.999762058258
1774351343.1194992,job_done,final:baseline,742,743,0,99.86541049798116,25.233477721959755,18723.240469694138
1774351343.1901736,job_done,final:baseline,743,743,0,100.0,,18723.325049638748
1774351343.1911266,group_end,final:baseline,743,743,0,100.0,,18723.32600927353
1774351343.1914785,phase_end,,743,743,0,100.0,,18723.326400995255
1774351344.0636935,lock_released,,743,743,0,100.0,,18724.198581933975
1774351344.0643654,method_done,,743,743,0,100.0,,18724.19899582863
1774351344.0646832,method_start,,743,743,0,100.0,,18724.199635505676
1774351344.0652122,lock_wait,,743,743,0,100.0,,18724.200144290924
1774351344.065615,lock_acquired,,743,743,0,100.0,,18724.200555562973
1774351344.0659633,plan_add,,743,748,0,99.33155080213903,126.00404375976059,18724.200902700424
1774351344.0663197,phase_start,final:cagrad,743,748,0,99.33155080213903,126.00404611667103,18724.201252937317
1774351356.884022,group_slots,final:cagrad,743,748,0,99.33155080213903,126.09030153677568,18737.018808364868
1774351356.8843927,group_start,final:cagrad,743,748,0,99.33155080213903,126.09030495742448,18737.01931667328
1774352267.719204,job_done,final:cagrad,744,748,0,99.46524064171123,105.63362407556143,19647.854078054428
1774352267.9834461,job_done,final:cagrad,745,748,0,99.59893048128342,79.11993908082079,19648.118205070496
1774352272.0630095,job_done,final:cagrad,746,748,0,99.73262032085562,52.68685777193739,19652.197948932648
1774352288.0964518,job_done,final:cagrad,747,748,0,99.8663101604278,26.32962689310352,19668.23128914833
1774352296.64471,job_done,final:cagrad,748,748,0,100.0,,19676.779581785202
1774352296.659195,group_end,final:cagrad,748,748,0,100.0,,19676.780602693558
1774352296.659571,phase_end,,748,748,0,100.0,,19676.794475078583
1774352297.5032034,lock_released,,748,748,0,100.0,,19677.638100624084
1774352297.5038626,method_done,,748,748,0,100.0,,19677.638516426086
1774352297.5041723,method_start,,748,748,0,100.0,,19677.639129638672
1774352297.5047045,lock_wait,,748,748,0,100.0,,19677.6396381855
1774352297.5051064,lock_acquired,,748,748,0,100.0,,19677.640046596527
1774352297.505472,plan_add,,748,753,0,99.33598937583001,131.53502936987954,19677.64039373398
1774352297.5058222,phase_start,final:ours,748,753,0,99.33598937583001,131.53503182896955,19677.640761613846
1774352309.3641167,group_slots,final:ours,748,753,0,99.33598937583001,131.61429806667215,19689.498990774155
1774352309.3643956,group_start,final:ours,748,753,0,99.33598937583001,131.6143007122259,19689.499386548996
1774353026.0863843,job_done,final:ours,749,753,0,99.46879150066401,108.97848411300313,20406.221150159836
1774353028.3767223,job_done,final:ours,750,753,0,99.60159362549801,81.63404507350921,20408.511268377304
1774353031.267088,job_done,final:ours,751,753,0,99.734395750332,54.35792794272046,20411.40194249153
1774353032.869378,job_done,final:ours,752,753,0,99.867197875166,27.144952306087983,20413.00413417816
1774353033.1998112,job_done,final:ours,753,753,0,100.0,,20413.33466243744
1774353033.2006087,group_end,final:ours,753,753,0,100.0,,20413.33546590805
1774353033.2009873,phase_end,,753,753,0,100.0,,20413.335899591446
1774353033.973398,lock_released,,753,753,0,100.0,,20414.10825252533
1774353033.9740129,method_done,,753,753,0,100.0,,20414.108694553375
1774353037.8608465,pipeline_done,,753,753,0,100.0,,20417.99584531784
1774353038.5865974,lock_released,,753,753,0,100.0,,20418.721463918686
