{
  "best_mean": 0.7211472960112578,
  "best_std": 0.0037529023276241355,
  "final_mean": 0.7088653542648534,
  "final_std": 0.011244545561580032,
  "lambda_align": 0.001,
  "n": 3.0,
  "score_mean": 0.7150063251380555,
  "score_std": 0.0071649265478120686
}