step,train_step_loss,train_acc,train_loss,val_acc,val_loss,avg_intra_expert_coherence,expert_diversity_e0,expert_diversity_e1,expert_diversity_e2,expert_diversity_e3,expert_diversity_mean,expert_purity_e0,expert_purity_e1,expert_purity_e2,expert_purity_e3,expert_purity_mean,inter_expert_similarity,inter_expert_similarity_e0_e0,inter_expert_similarity_e0_e1,inter_expert_similarity_e0_e2,inter_expert_similarity_e0_e3,inter_expert_similarity_e1_e0,inter_expert_similarity_e1_e1,inter_expert_similarity_e1_e2,inter_expert_similarity_e1_e3,inter_expert_similarity_e2_e0,inter_expert_similarity_e2_e1,inter_expert_similarity_e2_e2,inter_expert_similarity_e2_e3,inter_expert_similarity_e3_e0,inter_expert_similarity_e3_e1,inter_expert_similarity_e3_e2,inter_expert_similarity_e3_e3,intra_expert_coherence_e0,intra_expert_coherence_e1,intra_expert_coherence_e2,intra_expert_coherence_e3,load_cv,load_max_min_ratio,overall_task_conflict_cos,router_entropy,router_load_e0,router_load_e1,router_load_e2,router_load_e3,task_acc__glue_mrpc,task_conflict_t0_t0,task_grad_norm_cv,task_loss__glue_mrpc,utilization_ratio
50.0,0.6440600156784058,0.6744820065430752,0.6641537733699965,0.6838235294117647,0.6634760521925412,1.0,0.0,0.0,0.0,0.0,0.0,1.0,1.0,1.0,1.0,1.0,-0.01762138207099019,1.0,0.0,0.0,0.0,0.0,1.0,-0.0830320859530171,-0.09967806423822566,0.0,-0.0830320859530171,1.0,0.07698185776530161,0.0,-0.09967806423822566,0.07698185776530161,1.0,1.0,1.0,1.0,1.0,0.9393614530563354,513649582862.854,1.0,0.6927206002029718,0.0,0.03282344341278076,0.45352697372436523,0.513649582862854,0.6838235294117647,1.0,0.0,0.6634760521925412,0.5
100.0,0.6673767864704132,0.6744820065430752,0.6701038272484489,0.6838235294117647,0.6686154982218375,1.0,0.0,0.0,0.0,0.0,0.0,1.0,1.0,1.0,1.0,1.0,0.01451383881785758,1.0,0.0,0.0,0.0,0.0,1.0,0.0,0.0,0.0,0.0,1.0,0.08708303290714547,0.0,0.0,0.08708303290714547,1.0,1.0,1.0,1.0,1.0,1.0153615474700928,562208354473.114,1.0,0.6853868949647043,0.0,0.0,0.562208354473114,0.4377916753292084,0.6838235294117647,1.0,0.0,0.6686154982218375,0.5
150.0,0.6241800785064697,0.6744820065430752,0.6319215551018715,0.6838235294117647,0.6252923573438938,1.0,0.0,0.0,0.0,0.0,0.0,1.0,1.0,1.0,1.0,1.0,0.0063090002942519895,1.0,0.0,0.03785400176551194,0.0,0.0,1.0,0.0,0.0,0.03785400176551194,0.0,1.0,0.0,0.0,0.0,0.0,1.0,1.0,1.0,1.0,1.0,1.0433800220489502,605262696743.0115,1.0,0.6708200714167427,0.3947373330593109,0.0,0.6052626967430115,0.0,0.6838235294117647,1.0,0.0,0.6252923573438938,0.5
