step,train_step_loss,train_acc,train_loss,val_acc,val_loss,avg_intra_expert_coherence,expert_diversity_e0,expert_diversity_e1,expert_diversity_e2,expert_diversity_e3,expert_diversity_mean,expert_purity_e0,expert_purity_e1,expert_purity_e2,expert_purity_e3,expert_purity_mean,inter_expert_similarity,inter_expert_similarity_e0_e0,inter_expert_similarity_e0_e1,inter_expert_similarity_e0_e2,inter_expert_similarity_e0_e3,inter_expert_similarity_e1_e0,inter_expert_similarity_e1_e1,inter_expert_similarity_e1_e2,inter_expert_similarity_e1_e3,inter_expert_similarity_e2_e0,inter_expert_similarity_e2_e1,inter_expert_similarity_e2_e2,inter_expert_similarity_e2_e3,inter_expert_similarity_e3_e0,inter_expert_similarity_e3_e1,inter_expert_similarity_e3_e2,inter_expert_similarity_e3_e3,intra_expert_coherence_e0,intra_expert_coherence_e1,intra_expert_coherence_e2,intra_expert_coherence_e3,load_cv,load_max_min_ratio,overall_task_conflict_cos,router_entropy,router_load_e0,router_load_e1,router_load_e2,router_load_e3,task_acc__glue_mrpc,task_conflict_t0_t0,task_grad_norm_cv,task_loss__glue_mrpc,utilization_ratio
50.0,0.3801622688770294,0.770174482006543,0.4887749692020209,0.7941176470588235,0.4659157604552232,1.0,0.0,0.0,0.0,0.0,0.0,1.0,1.0,1.0,1.0,1.0,0.004893485012896281,1.0,0.0,0.0,0.0,0.0,1.0,0.029360910077377685,0.0,0.0,0.029360910077377685,1.0,0.0,0.0,0.0,0.0,1.0,1.0,1.0,1.0,1.0,1.2089367606790635,740189671516.4185,1.0,0.5540566251558416,0.0,0.25981056690216064,0.7401896715164185,0.0,0.7941176470588235,1.0,0.0,0.4659157604552232,0.5
100.0,0.6006827652454376,0.8304252998909487,0.3986932253546041,0.8137254901960784,0.41291269516715634,1.0,0.0,0.0,0.0,0.0,0.0,1.0,1.0,1.0,1.0,1.0,0.00788007263109078,1.0,0.0,0.0,0.0,0.0,1.0,0.04728043578654468,0.0,0.0,0.04728043578654468,1.0,0.0,0.0,0.0,0.0,1.0,1.0,1.0,1.0,1.0,1.2947634947863829,790777683258.0566,1.0,0.4964865796706256,0.0,0.20922249555587769,0.7907776832580566,0.0,0.8137254901960784,1.0,0.0,0.41291269516715634,0.5
150.0,0.5573052763938904,0.8077971646673937,0.4764266272601874,0.7892156862745098,0.5229231670785409,1.0,0.0,0.0,0.0,0.0,0.0,1.0,1.0,1.0,1.0,1.0,0.007076234926719011,1.0,0.0,0.0,0.0,0.0,1.0,0.04245740956031407,0.0,0.0,0.04245740956031407,1.0,0.0,0.0,0.0,0.0,1.0,1.0,1.0,1.0,1.0,1.0517839193344116,615243971347.8088,1.0,0.6651828791580948,0.0,0.3847559988498688,0.6152439713478088,0.0,0.7892156862745098,1.0,0.0,0.5229231670785409,0.5
