step,train_step_loss,train_acc,train_loss,val_acc,val_loss,avg_intra_expert_coherence,expert_diversity_e0,expert_diversity_e1,expert_diversity_e2,expert_diversity_e3,expert_diversity_mean,expert_purity_e0,expert_purity_e1,expert_purity_e2,expert_purity_e3,expert_purity_mean,inter_expert_similarity,inter_expert_similarity_e0_e0,inter_expert_similarity_e0_e1,inter_expert_similarity_e0_e2,inter_expert_similarity_e0_e3,inter_expert_similarity_e1_e0,inter_expert_similarity_e1_e1,inter_expert_similarity_e1_e2,inter_expert_similarity_e1_e3,inter_expert_similarity_e2_e0,inter_expert_similarity_e2_e1,inter_expert_similarity_e2_e2,inter_expert_similarity_e2_e3,inter_expert_similarity_e3_e0,inter_expert_similarity_e3_e1,inter_expert_similarity_e3_e2,inter_expert_similarity_e3_e3,intra_expert_coherence_e0,intra_expert_coherence_e1,intra_expert_coherence_e2,intra_expert_coherence_e3,load_cv,load_max_min_ratio,overall_task_conflict_cos,router_entropy,router_load_e0,router_load_e1,router_load_e2,router_load_e3,task_acc__glue_mrpc,task_conflict_t0_t0,task_grad_norm_cv,task_loss__glue_mrpc,utilization_ratio
50.0,0.41818705201148987,0.6755725190839694,0.5261310727376005,0.6838235294117647,0.5217812542731946,1.0,0.0,0.0,0.0,0.0,0.0,1.0,1.0,1.0,1.0,1.0,0.0010234130715989773,1.0,0.0,0.0,0.0,0.0,1.0,0.0,0.0,0.0,0.0,1.0,0.0061404784295938635,0.0,0.0,0.0061404784295938635,1.0,1.0,1.0,1.0,1.0,1.0564467906951904,620457351207.7332,1.0,0.6543687406708213,0.0,0.0,0.6204573512077332,0.37954267859458923,0.6838235294117647,1.0,0.0,0.5217812542731946,0.5
100.0,0.6111989617347717,0.8017993456924755,0.5086115693916445,0.7671568627450981,0.5234984847215506,1.0,0.0,0.0,0.0,0.0,0.0,1.0,1.0,1.0,1.0,1.0,-0.0067452894313093014,1.0,0.0,0.0,0.0,0.0,1.0,0.0,0.0,0.0,0.0,1.0,-0.04047173658785581,0.0,0.0,-0.04047173658785581,1.0,1.0,1.0,1.0,1.0,1.049466848373413,612572550773.6206,1.0,0.6662794199644351,0.0,0.0,0.387427419424057,0.6125725507736206,0.7671568627450981,1.0,0.0,0.5234984847215506,0.5
150.0,0.5392862856388092,0.7273718647764449,0.5796097151611163,0.7083333333333334,0.5974069593044428,1.0,0.0,0.0,0.0,0.0,0.0,1.0,1.0,1.0,1.0,1.0,-0.005501649059195976,1.0,0.0,0.0,0.0,0.0,1.0,0.0,0.0,0.0,0.0,1.0,-0.03300989435517586,0.0,0.0,-0.03300989435517586,1.0,1.0,1.0,1.0,1.0,1.0238389940453776,577658116817.4744,1.0,0.6808937589327494,0.0,0.0,0.4223420023918152,0.5776581168174744,0.7083333333333334,1.0,0.0,0.5974069593044428,0.5
