step,train_step_loss,train_acc,train_loss,val_acc,val_loss,avg_intra_expert_coherence,expert_diversity_e0,expert_diversity_e1,expert_diversity_e2,expert_diversity_e3,expert_diversity_mean,expert_purity_e0,expert_purity_e1,expert_purity_e2,expert_purity_e3,expert_purity_mean,inter_expert_similarity,inter_expert_similarity_e0_e0,inter_expert_similarity_e0_e1,inter_expert_similarity_e0_e2,inter_expert_similarity_e0_e3,inter_expert_similarity_e1_e0,inter_expert_similarity_e1_e1,inter_expert_similarity_e1_e2,inter_expert_similarity_e1_e3,inter_expert_similarity_e2_e0,inter_expert_similarity_e2_e1,inter_expert_similarity_e2_e2,inter_expert_similarity_e2_e3,inter_expert_similarity_e3_e0,inter_expert_similarity_e3_e1,inter_expert_similarity_e3_e2,inter_expert_similarity_e3_e3,intra_expert_coherence_e0,intra_expert_coherence_e1,intra_expert_coherence_e2,intra_expert_coherence_e3,load_cv,load_max_min_ratio,overall_task_conflict_cos,router_entropy,router_load_e0,router_load_e1,router_load_e2,router_load_e3,task_acc__glue_rte,task_conflict_t0_t0,task_grad_norm_cv,task_loss__glue_rte,utilization_ratio
50.0,0.5647357106208801,0.6080321285140562,0.6621775312874562,0.5884476534296029,0.6740549819336997,1.0,0.0,0.0,0.0,0.0,0.0,1.0,1.0,1.0,1.0,1.0,-0.015755312498987574,1.0,0.0,-0.09453187499392544,0.0,0.0,1.0,0.0,0.0,-0.09453187499392544,0.0,1.0,0.0,0.0,0.0,0.0,1.0,1.0,1.0,1.0,1.0,0.996921181678772,528308391571.0449,1.0,0.6904507432173306,0.5283083915710449,0.0,0.46833962202072144,0.003352042520418763,0.5884476534296029,1.0,0.0,0.6740549819336997,0.5
100.0,0.6280626654624939,0.6847389558232931,0.5992852228765304,0.6389891696750902,0.6354466279347738,1.0,0.0,0.0,0.0,0.0,0.0,1.0,1.0,1.0,1.0,1.0,-0.05174694422753969,1.0,0.0,-0.31048166536523814,0.0,0.0,1.0,0.0,0.0,-0.31048166536523814,0.0,1.0,0.0,0.0,0.0,0.0,1.0,1.0,1.0,1.0,1.0,0.9981565475463867,518791913986.20605,1.0,0.6909835166449151,0.518791913986206,0.0016966859111562371,0.47951140999794006,0.0,0.6389891696750902,1.0,0.0,0.6354466279347738,0.5
150.0,0.6351728439331055,0.7076305220883534,0.595236893533132,0.6606498194945848,0.6290378164913919,1.0,0.0,0.0,0.0,0.0,0.0,1.0,1.0,1.0,1.0,1.0,-0.0643358849850629,1.0,0.0,-0.3860153099103774,0.0,0.0,1.0,0.0,0.0,-0.3860153099103774,0.0,1.0,0.0,0.0,0.0,0.0,1.0,1.0,1.0,1.0,1.0,1.0001232624053955,505551397800.44556,1.0,0.6917999901065758,0.5055513978004456,0.0,0.49444860219955444,0.0,0.6606498194945848,1.0,0.0,0.6290378164913919,0.5
