step,train_step_loss,train_acc,train_loss,val_acc,val_loss,avg_intra_expert_coherence,expert_diversity_e0,expert_diversity_e1,expert_diversity_e2,expert_diversity_e3,expert_diversity_mean,expert_purity_e0,expert_purity_e1,expert_purity_e2,expert_purity_e3,expert_purity_mean,inter_expert_similarity,inter_expert_similarity_e0_e0,inter_expert_similarity_e0_e1,inter_expert_similarity_e0_e2,inter_expert_similarity_e0_e3,inter_expert_similarity_e1_e0,inter_expert_similarity_e1_e1,inter_expert_similarity_e1_e2,inter_expert_similarity_e1_e3,inter_expert_similarity_e2_e0,inter_expert_similarity_e2_e1,inter_expert_similarity_e2_e2,inter_expert_similarity_e2_e3,inter_expert_similarity_e3_e0,inter_expert_similarity_e3_e1,inter_expert_similarity_e3_e2,inter_expert_similarity_e3_e3,intra_expert_coherence_e0,intra_expert_coherence_e1,intra_expert_coherence_e2,intra_expert_coherence_e3,load_cv,load_max_min_ratio,overall_task_conflict_cos,router_entropy,router_load_e0,router_load_e1,router_load_e2,router_load_e3,task_acc__amazon_polarity,task_acc__glue_sst2,task_acc__yelp_polarity,task_conflict_t0_t0,task_conflict_t0_t1,task_conflict_t0_t2,task_conflict_t1_t0,task_conflict_t1_t1,task_conflict_t1_t2,task_conflict_t2_t0,task_conflict_t2_t1,task_conflict_t2_t2,task_grad_norm_cv,task_loss__amazon_polarity,task_loss__glue_sst2,task_loss__yelp_polarity,utilization_ratio
1.0,0.9302912652492523,0.5833333333333334,0.7342119129995505,0.40625,0.7519577791293462,0.25151886812045504,0.9388028943248506,0.8027061702974492,0.9684950717396201,0.958387895260198,0.9170980079055294,0.4914763867855072,0.637399435043335,0.4097386598587036,0.43794193863868713,0.4941391050815582,-0.09231295550703111,1.0,0.1269225317889354,0.10292272642839585,-0.21763260989455688,0.1269225317889354,1.0,0.05424121062288228,-0.337733713697634,0.10292272642839585,0.05424121062288228,1.0,-0.2825978782902094,-0.21763260989455688,-0.337733713697634,-0.2825978782902094,1.0,0.6785441510003313,0.21762270516056295,-0.005678422539607948,0.1155870388605339,0.4574068784713745,3.144705007968649,0.2364287208305933,1.2774941126505535,0.4376867115497589,0.13918212056159973,0.1812015324831009,0.24192963540554047,0.40625,0.4375,0.375,1.0,0.12866004986104834,0.3782738016531711,0.12866004986104834,1.0,0.2023523109775604,0.3782738016531711,0.2023523109775604,1.0,0.321903760840317,0.6910435482859612,0.8391747400164604,0.7256550490856171,1.0
