{
  "completed_jobs": 12,
  "current_phase": "",
  "elapsed_sec": 3431.151929140091,
  "eta_sec": null,
  "failed_jobs": 0,
  "percent": 100.0,
  "started_at_epoch": 1773656602.917846,
  "total_jobs": 12,
  "updated_at_epoch": 1773660034.0697846
}