{
  "completed_jobs": 12,
  "current_phase": "",
  "elapsed_sec": 636.5182249546051,
  "eta_sec": null,
  "failed_jobs": 0,
  "percent": 100.0,
  "started_at_epoch": 1773653228.3878124,
  "total_jobs": 12,
  "updated_at_epoch": 1773653864.9060423
}