step,train_step_loss,train_acc,train_loss,val_acc,val_loss,avg_intra_expert_coherence,expert_diversity_e0,expert_diversity_e1,expert_diversity_e2,expert_diversity_e3,expert_diversity_mean,expert_purity_e0,expert_purity_e1,expert_purity_e2,expert_purity_e3,expert_purity_mean,inter_expert_similarity,inter_expert_similarity_e0_e0,inter_expert_similarity_e0_e1,inter_expert_similarity_e0_e2,inter_expert_similarity_e0_e3,inter_expert_similarity_e1_e0,inter_expert_similarity_e1_e1,inter_expert_similarity_e1_e2,inter_expert_similarity_e1_e3,inter_expert_similarity_e2_e0,inter_expert_similarity_e2_e1,inter_expert_similarity_e2_e2,inter_expert_similarity_e2_e3,inter_expert_similarity_e3_e0,inter_expert_similarity_e3_e1,inter_expert_similarity_e3_e2,inter_expert_similarity_e3_e3,intra_expert_coherence_e0,intra_expert_coherence_e1,intra_expert_coherence_e2,intra_expert_coherence_e3,load_cv,load_max_min_ratio,overall_task_conflict_cos,router_entropy,router_load_e0,router_load_e1,router_load_e2,router_load_e3,task_acc__glue_sst2,task_conflict_t0_t0,task_grad_norm_cv,task_loss__glue_sst2,utilization_ratio
50.0,0.7787297964096069,0.44217434557305973,0.6941592315242863,0.4908256880733945,0.693336403911764,1.0,0.0,0.0,0.0,0.0,0.0,1.0,1.0,1.0,1.0,1.0,-0.03870548929326639,1.0,0.0,0.0,0.0,0.0,1.0,0.0,0.0,0.0,0.0,1.0,-0.23223293575959836,0.0,0.0,-0.23223293575959836,1.0,1.0,1.0,1.0,1.0,1.2116339206695557,741882383823.3948,1.0,0.5710787177085876,0.0,0.0,0.2581176459789276,0.7418823838233948,0.4908256880733945,1.0,0.0,0.693336403911764,0.5
100.0,0.7433778047561646,0.5578256544269403,0.6897906202176971,0.5091743119266054,0.7091198801994324,1.0,0.0,0.0,0.0,0.0,0.0,1.0,1.0,1.0,1.0,1.0,0.013072474592488862,1.0,0.0,0.0,0.0,0.0,1.0,0.0,0.07843484755493317,0.0,0.0,1.0,0.0,0.0,0.07843484755493317,0.0,1.0,1.0,1.0,1.0,1.0,1.5968031421646394,940139651298.523,1.0,0.22658445036739383,0.0,0.05986081436276436,0.0,0.940139651298523,0.5091743119266054,1.0,0.0,0.7091198801994324,0.25
150.0,0.7002351582050323,0.44217434557305973,0.697386799494331,0.4908256880733945,0.694250610741702,1.0,0.0,0.0,0.0,0.0,0.0,1.0,1.0,1.0,1.0,1.0,0.0657152606820816,1.0,0.0,0.0,0.0,0.0,1.0,0.0,0.0,0.0,0.0,1.0,0.39429156409248955,0.0,0.0,0.39429156409248955,1.0,1.0,1.0,1.0,1.0,1.649955099783623,963997006416.3208,1.0,0.15502372220021868,0.0,0.0,0.03600216284394264,0.9639970064163208,0.4908256880733945,1.0,0.0,0.694250610741702,0.25
