step,train_step_loss,train_acc,train_loss,val_acc,val_loss,avg_intra_expert_coherence,expert_diversity_e0,expert_diversity_e1,expert_diversity_e2,expert_diversity_e3,expert_diversity_mean,expert_purity_e0,expert_purity_e1,expert_purity_e2,expert_purity_e3,expert_purity_mean,inter_expert_similarity,inter_expert_similarity_e0_e0,inter_expert_similarity_e0_e1,inter_expert_similarity_e0_e2,inter_expert_similarity_e0_e3,inter_expert_similarity_e1_e0,inter_expert_similarity_e1_e1,inter_expert_similarity_e1_e2,inter_expert_similarity_e1_e3,inter_expert_similarity_e2_e0,inter_expert_similarity_e2_e1,inter_expert_similarity_e2_e2,inter_expert_similarity_e2_e3,inter_expert_similarity_e3_e0,inter_expert_similarity_e3_e1,inter_expert_similarity_e3_e2,inter_expert_similarity_e3_e3,intra_expert_coherence_e0,intra_expert_coherence_e1,intra_expert_coherence_e2,intra_expert_coherence_e3,load_cv,load_max_min_ratio,overall_task_conflict_cos,router_entropy,router_load_e0,router_load_e1,router_load_e2,router_load_e3,task_acc__glue_sst2,task_conflict_t0_t0,task_grad_norm_cv,task_loss__glue_sst2,utilization_ratio
50.0,0.7373397946357727,0.5578256544269403,0.6865330379323552,0.5091743119266054,0.6991052215749567,1.0,0.0,0.0,0.0,0.0,0.0,1.0,1.0,1.0,1.0,1.0,-0.011158049565957453,1.0,-0.06694829739574472,0.0,0.0,-0.06694829739574472,1.0,0.0,0.0,0.0,0.0,1.0,0.0,0.0,0.0,0.0,1.0,1.0,1.0,1.0,1.0,1.1338236810530475,688929677009.5825,1.0,0.6199543476104736,0.6889296770095825,0.31106993556022644,0.0,0.0,0.5091743119266054,1.0,0.0,0.6991052215749567,0.5
100.0,0.6671854257583618,0.5578256544269403,0.6867839373347312,0.5091743119266054,0.6955177106640555,1.0,0.0,0.0,0.0,0.0,0.0,1.0,1.0,1.0,1.0,1.0,0.036524077132640345,1.0,0.21914446279584207,0.0,0.0,0.21914446279584207,1.0,0.0,0.0,0.0,0.0,1.0,0.0,0.0,0.0,0.0,1.0,1.0,1.0,1.0,1.0,1.0367109775543213,596675753593.4448,1.0,0.6743366718292236,0.5966757535934448,0.4033242464065552,0.0,0.0,0.5091743119266054,1.0,0.0,0.6955177106640555,0.5
150.0,0.6925308108329773,0.5578256544269403,0.6872062383524878,0.5091743119266054,0.6947032202373852,1.0,0.0,0.0,0.0,0.0,0.0,1.0,1.0,1.0,1.0,1.0,0.04560449783476112,1.0,0.27362698700856675,0.0,0.0,0.27362698700856675,1.0,0.0,0.0,0.0,0.0,1.0,0.0,0.0,0.0,0.0,1.0,1.0,1.0,1.0,1.0,1.1336567401885986,688804686069.4885,1.0,0.620053609576794,0.6888046860694885,0.31119534373283386,0.0,0.0,0.5091743119266054,1.0,0.0,0.6947032202373852,0.5
