step,train_step_loss,train_acc,train_loss,val_acc,val_loss,avg_intra_expert_coherence,expert_diversity_e0,expert_diversity_e1,expert_diversity_e2,expert_diversity_e3,expert_diversity_mean,expert_purity_e0,expert_purity_e1,expert_purity_e2,expert_purity_e3,expert_purity_mean,inter_expert_similarity,inter_expert_similarity_e0_e0,inter_expert_similarity_e0_e1,inter_expert_similarity_e0_e2,inter_expert_similarity_e0_e3,inter_expert_similarity_e1_e0,inter_expert_similarity_e1_e1,inter_expert_similarity_e1_e2,inter_expert_similarity_e1_e3,inter_expert_similarity_e2_e0,inter_expert_similarity_e2_e1,inter_expert_similarity_e2_e2,inter_expert_similarity_e2_e3,inter_expert_similarity_e3_e0,inter_expert_similarity_e3_e1,inter_expert_similarity_e3_e2,inter_expert_similarity_e3_e3,intra_expert_coherence_e0,intra_expert_coherence_e1,intra_expert_coherence_e2,intra_expert_coherence_e3,load_cv,load_max_min_ratio,overall_task_conflict_cos,router_entropy,router_load_e0,router_load_e1,router_load_e2,router_load_e3,task_acc__glue_sst2,task_conflict_t0_t0,task_grad_norm_cv,task_loss__glue_sst2,utilization_ratio
50.0,1.0681572556495667,0.44217434557305973,0.7847007189503475,0.4908256880733945,0.7525716107000004,1.0,0.0,0.0,0.0,0.0,0.0,1.0,1.0,1.0,1.0,1.0,-0.02812341488851652,1.0,0.0,0.0,0.0,0.0,1.0,-0.1687404893310991,0.0,0.0,-0.1687404893310991,1.0,0.0,0.0,0.0,0.0,1.0,1.0,1.0,1.0,1.0,1.0061455965042114,539257287979.126,1.0,0.690061628818512,0.0,0.460742712020874,0.539257287979126,0.0,0.4908256880733945,1.0,0.0,0.7525716107000004,0.5
100.0,0.7035788297653198,0.5578256544269403,0.6867956385051835,0.5091743119266054,0.7006426160985774,1.0,0.0,0.0,0.0,0.0,0.0,1.0,1.0,1.0,1.0,1.0,0.01839499702061263,1.0,0.0,0.0,0.0,0.0,1.0,0.0,0.11036998212367578,0.0,0.0,1.0,0.0,0.0,0.11036998212367578,0.0,1.0,1.0,1.0,1.0,1.0,1.0583180258653195,622493267059.3262,1.0,0.6628304123878479,0.0,0.6224932670593262,0.0,0.3775066137313843,0.5091743119266054,1.0,0.0,0.7006426160985774,0.5
150.0,0.6952317357063293,0.5578256544269403,0.6927186148537593,0.5091743119266054,0.6930857208642093,1.0,0.0,0.0,0.0,0.0,0.0,1.0,1.0,1.0,1.0,1.0,0.059919698638318974,1.0,0.0,0.0,0.0,0.0,1.0,0.0,0.0,0.0,0.0,1.0,0.35951819182991385,0.0,0.0,0.35951819182991385,1.0,1.0,1.0,1.0,1.0,1.1186375335127035,677253484725.9521,1.0,0.6289228791490608,0.0,0.0,0.3227466940879822,0.6772534847259521,0.5091743119266054,1.0,0.0,0.6930857208642093,0.5
