step,train_step_loss,train_acc,train_loss,val_acc,val_loss,avg_intra_expert_coherence,expert_diversity_e0,expert_diversity_e1,expert_diversity_e2,expert_diversity_e3,expert_diversity_mean,expert_purity_e0,expert_purity_e1,expert_purity_e2,expert_purity_e3,expert_purity_mean,inter_expert_similarity,inter_expert_similarity_e0_e0,inter_expert_similarity_e0_e1,inter_expert_similarity_e0_e2,inter_expert_similarity_e0_e3,inter_expert_similarity_e1_e0,inter_expert_similarity_e1_e1,inter_expert_similarity_e1_e2,inter_expert_similarity_e1_e3,inter_expert_similarity_e2_e0,inter_expert_similarity_e2_e1,inter_expert_similarity_e2_e2,inter_expert_similarity_e2_e3,inter_expert_similarity_e3_e0,inter_expert_similarity_e3_e1,inter_expert_similarity_e3_e2,inter_expert_similarity_e3_e3,intra_expert_coherence_e0,intra_expert_coherence_e1,intra_expert_coherence_e2,intra_expert_coherence_e3,load_cv,load_max_min_ratio,overall_task_conflict_cos,router_entropy,router_load_e0,router_load_e1,router_load_e2,router_load_e3,task_acc__glue_sst2,task_conflict_t0_t0,task_grad_norm_cv,task_loss__glue_sst2,utilization_ratio
50.0,0.7632857263088226,0.5578256544269403,0.6908111779820041,0.5091743119266054,0.7113222230564464,1.0,0.0,0.0,0.0,0.0,0.0,1.0,1.0,1.0,1.0,1.0,0.0015942830388713648,1.0,0.0,0.0,0.0,0.0,1.0,0.0,0.0,0.0,0.0,1.0,0.00956569823322819,0.0,0.0,0.00956569823322819,1.0,1.0,1.0,1.0,1.0,1.0860105855477555,649757623672.4854,1.0,0.6475962996482849,0.0,0.0,0.6497576236724854,0.3502422273159027,0.5091743119266054,1.0,0.0,0.7113222230564464,0.5
100.0,0.6586287915706635,0.5578256544269403,0.6870610827080145,0.5091743119266054,0.7019181397828189,1.0,0.0,0.0,0.0,0.0,0.0,1.0,1.0,1.0,1.0,1.0,0.04222832391295239,1.0,0.0,0.0,0.0,0.0,1.0,0.25336994347771435,0.0,0.0,0.25336994347771435,1.0,0.0,0.0,0.0,0.0,1.0,1.0,1.0,1.0,1.0,1.250218361485981,765294134616.8518,1.0,0.5449008115934669,0.0,0.23470641672611237,0.7652941346168518,0.0,0.5091743119266054,1.0,0.0,0.7019181397828189,0.5
150.0,0.7001827955245972,0.5578256544269403,0.68687492602653,0.5091743119266054,0.6953195230527358,1.0,0.0,0.0,0.0,0.0,0.0,1.0,1.0,1.0,1.0,1.0,-0.017570956297282978,1.0,0.0,0.0,0.0,0.0,1.0,0.0,0.0,0.0,0.0,1.0,-0.10542573778369786,0.0,0.0,-0.10542573778369786,1.0,1.0,1.0,1.0,1.0,1.1830769659922367,723515391349.7925,1.0,0.5896028876304626,0.0,0.0,0.7235153913497925,0.2764853239059448,0.5091743119266054,1.0,0.0,0.6953195230527358,0.5
